Device_id,Model ID,Task ID,Stream ID,Op Name,OP Type,OP State,Task Type,Task Start Time(us),Task Duration(us),Task Wait Time(us),Block Dim,Mix Block Dim,HF32 Eligible,Input Shapes,Input Data Types,Input Formats,Output Shapes,Output Data Types,Output Formats,Context ID,aicore_time(us),aic_total_cycles,aic_mac_time(us),aic_mac_ratio,aic_scalar_time(us),aic_scalar_ratio,aic_mte1_time(us),aic_mte1_ratio,aic_mte2_time(us),aic_mte2_ratio,aic_fixpipe_time(us),aic_fixpipe_ratio,aic_icache_miss_rate,aiv_time(us),aiv_total_cycles,aiv_vec_time(us),aiv_vec_ratio,aiv_scalar_time(us),aiv_scalar_ratio,aiv_mte2_time(us),aiv_mte2_ratio,aiv_mte3_time(us),aiv_mte3_ratio,aiv_icache_miss_rate,cube_utilization(%)
0,4294967295,0,47,aclnnMul_MulAiCore_Mul,Mul,dynamic,AI_VECTOR_CORE,1785697684492931.815	,260.025,0,40,0,NO,"""4096,4096;4096,4096""",FLOAT;FLOAT,ND;ND,"""4096,4096""",FLOAT,ND,N/A,0.0,0,0.0,0.0,0.0,0.0,0.0,0.0,0.0,0.0,0.0,0.0,0.0,256.698,16942067,6.784,0.026,3.132,0.012,251.526,0.98,78.815,0.307,0.01,0.000
0,4294967295,1,47,Concat,Concat,dynamic,AI_VECTOR_CORE,1785697686560546.186	,63.081,2067354.475000,40,0,NO,"""1024,16;1024,16;1024,16;1024,16;1024,16;1024,16;1024,16;1024,16;1024,16;1024,16;1024,16;1024,16;1024,16;1024,16;1024,16;1024,16;1024,16;1024,16;1024,16;1024,16;1024,16;1024,16;1024,16;1024,16;1024,16;1024,16;1024,16;1024,16;1024,16;1024,16;1024,16;1024,16;1024,16;1024,16;1024,16;1024,16;1024,16;1024,16;1024,16;1024,16;1024,16;1024,16;1024,16;1024,16;1024,16;1024,16;1024,16;1024,16;1024,16;1024,16;1024,16;1024,16;1024,16;1024,16;1024,16;1024,16;1024,16;1024,16;1024,16;1024,16;1024,16;1024,16;1024,16;1024,16""",FLOAT16;FLOAT16;FLOAT16;FLOAT16;FLOAT16;FLOAT16;FLOAT16;FLOAT16;FLOAT16;FLOAT16;FLOAT16;FLOAT16;FLOAT16;FLOAT16;FLOAT16;FLOAT16;FLOAT16;FLOAT16;FLOAT16;FLOAT16;FLOAT16;FLOAT16;FLOAT16;FLOAT16;FLOAT16;FLOAT16;FLOAT16;FLOAT16;FLOAT16;FLOAT16;FLOAT16;FLOAT16;FLOAT16;FLOAT16;FLOAT16;FLOAT16;FLOAT16;FLOAT16;FLOAT16;FLOAT16;FLOAT16;FLOAT16;FLOAT16;FLOAT16;FLOAT16;FLOAT16;FLOAT16;FLOAT16;FLOAT16;FLOAT16;FLOAT16;FLOAT16;FLOAT16;FLOAT16;FLOAT16;FLOAT16;FLOAT16;FLOAT16;FLOAT16;FLOAT16;FLOAT16;FLOAT16;FLOAT16;FLOAT16,ND;ND;ND;ND;ND;ND;ND;ND;ND;ND;ND;ND;ND;ND;ND;ND;ND;ND;ND;ND;ND;ND;ND;ND;ND;ND;ND;ND;ND;ND;ND;ND;ND;ND;ND;ND;ND;ND;ND;ND;ND;ND;ND;ND;ND;ND;ND;ND;ND;ND;ND;ND;ND;ND;ND;ND;ND;ND;ND;ND;ND;ND;ND;ND,"""1024,1024""",FLOAT16,ND,N/A,0.0,0,0.0,0.0,0.0,0.0,0.0,0.0,0.0,0.0,0.0,0.0,0.0,51.128,1636080,0.035,0.001,6.733,0.132,29.129,0.57,12.656,0.248,0.189,0.000
0,4294967295,2,47,aclnnMul_MulAiCore_Mul,Mul,dynamic,AI_VECTOR_CORE,1785697686560667.109	,329.586,57.669000,40,0,NO,"""4096,4096;4096,4096""",FLOAT;FLOAT,ND;ND,"""4096,4096""",FLOAT,ND,N/A,0.0,0,0.0,0.0,0.0,0.0,0.0,0.0,0.0,0.0,0.0,0.0,0.0,470.604,15059329,13.993,0.03,5.472,0.012,468.117,0.995,159.059,0.338,0.0,0.000
0,4294967295,3,47,Concat,Concat,dynamic,AI_VECTOR_CORE,1785697686560996.715	,55.061,0.164000,40,0,NO,"""1024,16;1024,16;1024,16;1024,16;1024,16;1024,16;1024,16;1024,16;1024,16;1024,16;1024,16;1024,16;1024,16;1024,16;1024,16;1024,16;1024,16;1024,16;1024,16;1024,16;1024,16;1024,16;1024,16;1024,16;1024,16;1024,16;1024,16;1024,16;1024,16;1024,16;1024,16;1024,16;1024,16;1024,16;1024,16;1024,16;1024,16;1024,16;1024,16;1024,16;1024,16;1024,16;1024,16;1024,16;1024,16;1024,16;1024,16;1024,16;1024,16;1024,16;1024,16;1024,16;1024,16;1024,16;1024,16;1024,16;1024,16;1024,16;1024,16;1024,16;1024,16;1024,16;1024,16;1024,16""",FLOAT16;FLOAT16;FLOAT16;FLOAT16;FLOAT16;FLOAT16;FLOAT16;FLOAT16;FLOAT16;FLOAT16;FLOAT16;FLOAT16;FLOAT16;FLOAT16;FLOAT16;FLOAT16;FLOAT16;FLOAT16;FLOAT16;FLOAT16;FLOAT16;FLOAT16;FLOAT16;FLOAT16;FLOAT16;FLOAT16;FLOAT16;FLOAT16;FLOAT16;FLOAT16;FLOAT16;FLOAT16;FLOAT16;FLOAT16;FLOAT16;FLOAT16;FLOAT16;FLOAT16;FLOAT16;FLOAT16;FLOAT16;FLOAT16;FLOAT16;FLOAT16;FLOAT16;FLOAT16;FLOAT16;FLOAT16;FLOAT16;FLOAT16;FLOAT16;FLOAT16;FLOAT16;FLOAT16;FLOAT16;FLOAT16;FLOAT16;FLOAT16;FLOAT16;FLOAT16;FLOAT16;FLOAT16;FLOAT16;FLOAT16,ND;ND;ND;ND;ND;ND;ND;ND;ND;ND;ND;ND;ND;ND;ND;ND;ND;ND;ND;ND;ND;ND;ND;ND;ND;ND;ND;ND;ND;ND;ND;ND;ND;ND;ND;ND;ND;ND;ND;ND;ND;ND;ND;ND;ND;ND;ND;ND;ND;ND;ND;ND;ND;ND;ND;ND;ND;ND;ND;ND;ND;ND;ND;ND,"""1024,1024""",FLOAT16,ND,N/A,0.0,0,0.0,0.0,0.0,0.0,0.0,0.0,0.0,0.0,0.0,0.0,0.0,45.169,2981130,0.017,0.0,4.151,0.092,30.98,0.686,10.698,0.237,0.001,0.000
0,4294967295,4,47,aclnnMul_MulAiCore_Mul,Mul,dynamic,AI_VECTOR_CORE,1785697686561051.796	,329.007,0.000000,40,0,NO,"""4096,4096;4096,4096""",FLOAT;FLOAT,ND;ND,"""4096,4096""",FLOAT,ND,N/A,0.0,0,0.0,0.0,0.0,0.0,0.0,0.0,0.0,0.0,0.0,0.0,0.0,326.483,21547886,6.784,0.021,2.944,0.009,325.022,0.996,110.705,0.339,0.0,0.000
0,4294967295,5,47,Concat,Concat,dynamic,AI_VECTOR_CORE,1785697686561380.843	,55.401,0.000000,40,0,NO,"""1024,16;1024,16;1024,16;1024,16;1024,16;1024,16;1024,16;1024,16;1024,16;1024,16;1024,16;1024,16;1024,16;1024,16;1024,16;1024,16;1024,16;1024,16;1024,16;1024,16;1024,16;1024,16;1024,16;1024,16;1024,16;1024,16;1024,16;1024,16;1024,16;1024,16;1024,16;1024,16;1024,16;1024,16;1024,16;1024,16;1024,16;1024,16;1024,16;1024,16;1024,16;1024,16;1024,16;1024,16;1024,16;1024,16;1024,16;1024,16;1024,16;1024,16;1024,16;1024,16;1024,16;1024,16;1024,16;1024,16;1024,16;1024,16;1024,16;1024,16;1024,16;1024,16;1024,16;1024,16""",FLOAT16;FLOAT16;FLOAT16;FLOAT16;FLOAT16;FLOAT16;FLOAT16;FLOAT16;FLOAT16;FLOAT16;FLOAT16;FLOAT16;FLOAT16;FLOAT16;FLOAT16;FLOAT16;FLOAT16;FLOAT16;FLOAT16;FLOAT16;FLOAT16;FLOAT16;FLOAT16;FLOAT16;FLOAT16;FLOAT16;FLOAT16;FLOAT16;FLOAT16;FLOAT16;FLOAT16;FLOAT16;FLOAT16;FLOAT16;FLOAT16;FLOAT16;FLOAT16;FLOAT16;FLOAT16;FLOAT16;FLOAT16;FLOAT16;FLOAT16;FLOAT16;FLOAT16;FLOAT16;FLOAT16;FLOAT16;FLOAT16;FLOAT16;FLOAT16;FLOAT16;FLOAT16;FLOAT16;FLOAT16;FLOAT16;FLOAT16;FLOAT16;FLOAT16;FLOAT16;FLOAT16;FLOAT16;FLOAT16;FLOAT16,ND;ND;ND;ND;ND;ND;ND;ND;ND;ND;ND;ND;ND;ND;ND;ND;ND;ND;ND;ND;ND;ND;ND;ND;ND;ND;ND;ND;ND;ND;ND;ND;ND;ND;ND;ND;ND;ND;ND;ND;ND;ND;ND;ND;ND;ND;ND;ND;ND;ND;ND;ND;ND;ND;ND;ND;ND;ND;ND;ND;ND;ND;ND;ND,"""1024,1024""",FLOAT16,ND,N/A,0.0,0,0.0,0.0,0.0,0.0,0.0,0.0,0.0,0.0,0.0,0.0,0.0,44.509,2937622,0.017,0.0,3.943,0.089,30.945,0.695,10.066,0.226,0.0,0.000
0,4294967295,6,47,aclnnMul_MulAiCore_Mul,Mul,dynamic,AI_VECTOR_CORE,1785697686561436.264	,329.747,0.099000,40,0,NO,"""4096,4096;4096,4096""",FLOAT;FLOAT,ND;ND,"""4096,4096""",FLOAT,ND,N/A,0.0,0,0.0,0.0,0.0,0.0,0.0,0.0,0.0,0.0,0.0,0.0,0.0,327.811,21635556,6.784,0.021,3.028,0.009,326.269,0.995,110.181,0.336,0.0,0.000
0,4294967295,7,47,Concat,Concat,dynamic,AI_VECTOR_CORE,1785697686561766.031	,55.181,0.003000,40,0,NO,"""1024,16;1024,16;1024,16;1024,16;1024,16;1024,16;1024,16;1024,16;1024,16;1024,16;1024,16;1024,16;1024,16;1024,16;1024,16;1024,16;1024,16;1024,16;1024,16;1024,16;1024,16;1024,16;1024,16;1024,16;1024,16;1024,16;1024,16;1024,16;1024,16;1024,16;1024,16;1024,16;1024,16;1024,16;1024,16;1024,16;1024,16;1024,16;1024,16;1024,16;1024,16;1024,16;1024,16;1024,16;1024,16;1024,16;1024,16;1024,16;1024,16;1024,16;1024,16;1024,16;1024,16;1024,16;1024,16;1024,16;1024,16;1024,16;1024,16;1024,16;1024,16;1024,16;1024,16;1024,16""",FLOAT16;FLOAT16;FLOAT16;FLOAT16;FLOAT16;FLOAT16;FLOAT16;FLOAT16;FLOAT16;FLOAT16;FLOAT16;FLOAT16;FLOAT16;FLOAT16;FLOAT16;FLOAT16;FLOAT16;FLOAT16;FLOAT16;FLOAT16;FLOAT16;FLOAT16;FLOAT16;FLOAT16;FLOAT16;FLOAT16;FLOAT16;FLOAT16;FLOAT16;FLOAT16;FLOAT16;FLOAT16;FLOAT16;FLOAT16;FLOAT16;FLOAT16;FLOAT16;FLOAT16;FLOAT16;FLOAT16;FLOAT16;FLOAT16;FLOAT16;FLOAT16;FLOAT16;FLOAT16;FLOAT16;FLOAT16;FLOAT16;FLOAT16;FLOAT16;FLOAT16;FLOAT16;FLOAT16;FLOAT16;FLOAT16;FLOAT16;FLOAT16;FLOAT16;FLOAT16;FLOAT16;FLOAT16;FLOAT16;FLOAT16,ND;ND;ND;ND;ND;ND;ND;ND;ND;ND;ND;ND;ND;ND;ND;ND;ND;ND;ND;ND;ND;ND;ND;ND;ND;ND;ND;ND;ND;ND;ND;ND;ND;ND;ND;ND;ND;ND;ND;ND;ND;ND;ND;ND;ND;ND;ND;ND;ND;ND;ND;ND;ND;ND;ND;ND;ND;ND;ND;ND;ND;ND;ND;ND,"""1024,1024""",FLOAT16,ND,N/A,0.0,0,0.0,0.0,0.0,0.0,0.0,0.0,0.0,0.0,0.0,0.0,0.0,44.451,2933786,0.017,0.0,4.339,0.098,30.751,0.692,10.088,0.227,0.0,0.000
0,4294967295,8,47,aclnnMul_MulAiCore_Mul,Mul,dynamic,AI_VECTOR_CORE,1785697686561821.232	,328.846,0.069000,40,0,NO,"""4096,4096;4096,4096""",FLOAT;FLOAT,ND;ND,"""4096,4096""",FLOAT,ND,N/A,0.0,0,0.0,0.0,0.0,0.0,0.0,0.0,0.0,0.0,0.0,0.0,0.0,327.083,21587508,6.784,0.021,3.036,0.009,325.53,0.995,110.405,0.338,0.0,0.000
0,4294967295,9,47,Concat,Concat,dynamic,AI_VECTOR_CORE,1785697686562150.098	,56.401,0.000000,40,0,NO,"""1024,16;1024,16;1024,16;1024,16;1024,16;1024,16;1024,16;1024,16;1024,16;1024,16;1024,16;1024,16;1024,16;1024,16;1024,16;1024,16;1024,16;1024,16;1024,16;1024,16;1024,16;1024,16;1024,16;1024,16;1024,16;1024,16;1024,16;1024,16;1024,16;1024,16;1024,16;1024,16;1024,16;1024,16;1024,16;1024,16;1024,16;1024,16;1024,16;1024,16;1024,16;1024,16;1024,16;1024,16;1024,16;1024,16;1024,16;1024,16;1024,16;1024,16;1024,16;1024,16;1024,16;1024,16;1024,16;1024,16;1024,16;1024,16;1024,16;1024,16;1024,16;1024,16;1024,16;1024,16""",FLOAT16;FLOAT16;FLOAT16;FLOAT16;FLOAT16;FLOAT16;FLOAT16;FLOAT16;FLOAT16;FLOAT16;FLOAT16;FLOAT16;FLOAT16;FLOAT16;FLOAT16;FLOAT16;FLOAT16;FLOAT16;FLOAT16;FLOAT16;FLOAT16;FLOAT16;FLOAT16;FLOAT16;FLOAT16;FLOAT16;FLOAT16;FLOAT16;FLOAT16;FLOAT16;FLOAT16;FLOAT16;FLOAT16;FLOAT16;FLOAT16;FLOAT16;FLOAT16;FLOAT16;FLOAT16;FLOAT16;FLOAT16;FLOAT16;FLOAT16;FLOAT16;FLOAT16;FLOAT16;FLOAT16;FLOAT16;FLOAT16;FLOAT16;FLOAT16;FLOAT16;FLOAT16;FLOAT16;FLOAT16;FLOAT16;FLOAT16;FLOAT16;FLOAT16;FLOAT16;FLOAT16;FLOAT16;FLOAT16;FLOAT16,ND;ND;ND;ND;ND;ND;ND;ND;ND;ND;ND;ND;ND;ND;ND;ND;ND;ND;ND;ND;ND;ND;ND;ND;ND;ND;ND;ND;ND;ND;ND;ND;ND;ND;ND;ND;ND;ND;ND;ND;ND;ND;ND;ND;ND;ND;ND;ND;ND;ND;ND;ND;ND;ND;ND;ND;ND;ND;ND;ND;ND;ND;ND;ND,"""1024,1024""",FLOAT16,ND,N/A,0.0,0,0.0,0.0,0.0,0.0,0.0,0.0,0.0,0.0,0.0,0.0,0.0,45.793,3022309,0.017,0.0,3.804,0.083,31.816,0.695,10.536,0.23,0.0,0.000
0,4294967295,10,47,aclnnMul_MulAiCore_Mul,Mul,dynamic,AI_VECTOR_CORE,1785697686562206.519	,329.727,0.099000,40,0,NO,"""4096,4096;4096,4096""",FLOAT;FLOAT,ND;ND,"""4096,4096""",FLOAT,ND,N/A,0.0,0,0.0,0.0,0.0,0.0,0.0,0.0,0.0,0.0,0.0,0.0,0.0,327.154,21592132,6.784,0.021,3.686,0.011,324.899,0.993,110.434,0.338,0.0,0.000
0,4294967295,11,47,Concat,Concat,dynamic,AI_VECTOR_CORE,1785697686562536.286	,56.661,0.023000,40,0,NO,"""1024,16;1024,16;1024,16;1024,16;1024,16;1024,16;1024,16;1024,16;1024,16;1024,16;1024,16;1024,16;1024,16;1024,16;1024,16;1024,16;1024,16;1024,16;1024,16;1024,16;1024,16;1024,16;1024,16;1024,16;1024,16;1024,16;1024,16;1024,16;1024,16;1024,16;1024,16;1024,16;1024,16;1024,16;1024,16;1024,16;1024,16;1024,16;1024,16;1024,16;1024,16;1024,16;1024,16;1024,16;1024,16;1024,16;1024,16;1024,16;1024,16;1024,16;1024,16;1024,16;1024,16;1024,16;1024,16;1024,16;1024,16;1024,16;1024,16;1024,16;1024,16;1024,16;1024,16;1024,16""",FLOAT16;FLOAT16;FLOAT16;FLOAT16;FLOAT16;FLOAT16;FLOAT16;FLOAT16;FLOAT16;FLOAT16;FLOAT16;FLOAT16;FLOAT16;FLOAT16;FLOAT16;FLOAT16;FLOAT16;FLOAT16;FLOAT16;FLOAT16;FLOAT16;FLOAT16;FLOAT16;FLOAT16;FLOAT16;FLOAT16;FLOAT16;FLOAT16;FLOAT16;FLOAT16;FLOAT16;FLOAT16;FLOAT16;FLOAT16;FLOAT16;FLOAT16;FLOAT16;FLOAT16;FLOAT16;FLOAT16;FLOAT16;FLOAT16;FLOAT16;FLOAT16;FLOAT16;FLOAT16;FLOAT16;FLOAT16;FLOAT16;FLOAT16;FLOAT16;FLOAT16;FLOAT16;FLOAT16;FLOAT16;FLOAT16;FLOAT16;FLOAT16;FLOAT16;FLOAT16;FLOAT16;FLOAT16;FLOAT16;FLOAT16,ND;ND;ND;ND;ND;ND;ND;ND;ND;ND;ND;ND;ND;ND;ND;ND;ND;ND;ND;ND;ND;ND;ND;ND;ND;ND;ND;ND;ND;ND;ND;ND;ND;ND;ND;ND;ND;ND;ND;ND;ND;ND;ND;ND;ND;ND;ND;ND;ND;ND;ND;ND;ND;ND;ND;ND;ND;ND;ND;ND;ND;ND;ND;ND,"""1024,1024""",FLOAT16,ND,N/A,0.0,0,0.0,0.0,0.0,0.0,0.0,0.0,0.0,0.0,0.0,0.0,0.0,46.215,3050191,0.017,0.0,5.044,0.109,31.667,0.685,9.991,0.216,0.0,0.000
0,4294967295,12,47,aclnnMul_MulAiCore_Mul,Mul,dynamic,AI_VECTOR_CORE,1785697686562592.967	,329.247,0.089000,40,0,NO,"""4096,4096;4096,4096""",FLOAT;FLOAT,ND;ND,"""4096,4096""",FLOAT,ND,N/A,0.0,0,0.0,0.0,0.0,0.0,0.0,0.0,0.0,0.0,0.0,0.0,0.0,326.865,21573119,6.784,0.021,3.016,0.009,325.312,0.995,110.071,0.337,0.0,0.000
0,4294967295,13,47,Concat,Concat,dynamic,AI_VECTOR_CORE,1785697686562922.234	,54.581,0.003000,40,0,NO,"""1024,16;1024,16;1024,16;1024,16;1024,16;1024,16;1024,16;1024,16;1024,16;1024,16;1024,16;1024,16;1024,16;1024,16;1024,16;1024,16;1024,16;1024,16;1024,16;1024,16;1024,16;1024,16;1024,16;1024,16;1024,16;1024,16;1024,16;1024,16;1024,16;1024,16;1024,16;1024,16;1024,16;1024,16;1024,16;1024,16;1024,16;1024,16;1024,16;1024,16;1024,16;1024,16;1024,16;1024,16;1024,16;1024,16;1024,16;1024,16;1024,16;1024,16;1024,16;1024,16;1024,16;1024,16;1024,16;1024,16;1024,16;1024,16;1024,16;1024,16;1024,16;1024,16;1024,16;1024,16""",FLOAT16;FLOAT16;FLOAT16;FLOAT16;FLOAT16;FLOAT16;FLOAT16;FLOAT16;FLOAT16;FLOAT16;FLOAT16;FLOAT16;FLOAT16;FLOAT16;FLOAT16;FLOAT16;FLOAT16;FLOAT16;FLOAT16;FLOAT16;FLOAT16;FLOAT16;FLOAT16;FLOAT16;FLOAT16;FLOAT16;FLOAT16;FLOAT16;FLOAT16;FLOAT16;FLOAT16;FLOAT16;FLOAT16;FLOAT16;FLOAT16;FLOAT16;FLOAT16;FLOAT16;FLOAT16;FLOAT16;FLOAT16;FLOAT16;FLOAT16;FLOAT16;FLOAT16;FLOAT16;FLOAT16;FLOAT16;FLOAT16;FLOAT16;FLOAT16;FLOAT16;FLOAT16;FLOAT16;FLOAT16;FLOAT16;FLOAT16;FLOAT16;FLOAT16;FLOAT16;FLOAT16;FLOAT16;FLOAT16;FLOAT16,ND;ND;ND;ND;ND;ND;ND;ND;ND;ND;ND;ND;ND;ND;ND;ND;ND;ND;ND;ND;ND;ND;ND;ND;ND;ND;ND;ND;ND;ND;ND;ND;ND;ND;ND;ND;ND;ND;ND;ND;ND;ND;ND;ND;ND;ND;ND;ND;ND;ND;ND;ND;ND;ND;ND;ND;ND;ND;ND;ND;ND;ND;ND;ND,"""1024,1024""",FLOAT16,ND,N/A,0.0,0,0.0,0.0,0.0,0.0,0.0,0.0,0.0,0.0,0.0,0.0,0.0,44.396,2930168,0.017,0.0,4.154,0.094,30.311,0.683,10.4,0.234,0.0,0.000
0,4294967295,14,47,aclnnMul_MulAiCore_Mul,Mul,dynamic,AI_VECTOR_CORE,1785697686562976.855	,329.346,0.000000,40,0,NO,"""4096,4096;4096,4096""",FLOAT;FLOAT,ND;ND,"""4096,4096""",FLOAT,ND,N/A,0.0,0,0.0,0.0,0.0,0.0,0.0,0.0,0.0,0.0,0.0,0.0,0.0,327.214,21596104,6.784,0.021,3.134,0.01,325.523,0.995,110.453,0.338,0.0,0.000
0,4294967295,15,47,Concat,Concat,dynamic,AI_VECTOR_CORE,1785697686563306.221	,54.641,0.154000,40,0,NO,"""1024,16;1024,16;1024,16;1024,16;1024,16;1024,16;1024,16;1024,16;1024,16;1024,16;1024,16;1024,16;1024,16;1024,16;1024,16;1024,16;1024,16;1024,16;1024,16;1024,16;1024,16;1024,16;1024,16;1024,16;1024,16;1024,16;1024,16;1024,16;1024,16;1024,16;1024,16;1024,16;1024,16;1024,16;1024,16;1024,16;1024,16;1024,16;1024,16;1024,16;1024,16;1024,16;1024,16;1024,16;1024,16;1024,16;1024,16;1024,16;1024,16;1024,16;1024,16;1024,16;1024,16;1024,16;1024,16;1024,16;1024,16;1024,16;1024,16;1024,16;1024,16;1024,16;1024,16;1024,16""",FLOAT16;FLOAT16;FLOAT16;FLOAT16;FLOAT16;FLOAT16;FLOAT16;FLOAT16;FLOAT16;FLOAT16;FLOAT16;FLOAT16;FLOAT16;FLOAT16;FLOAT16;FLOAT16;FLOAT16;FLOAT16;FLOAT16;FLOAT16;FLOAT16;FLOAT16;FLOAT16;FLOAT16;FLOAT16;FLOAT16;FLOAT16;FLOAT16;FLOAT16;FLOAT16;FLOAT16;FLOAT16;FLOAT16;FLOAT16;FLOAT16;FLOAT16;FLOAT16;FLOAT16;FLOAT16;FLOAT16;FLOAT16;FLOAT16;FLOAT16;FLOAT16;FLOAT16;FLOAT16;FLOAT16;FLOAT16;FLOAT16;FLOAT16;FLOAT16;FLOAT16;FLOAT16;FLOAT16;FLOAT16;FLOAT16;FLOAT16;FLOAT16;FLOAT16;FLOAT16;FLOAT16;FLOAT16;FLOAT16;FLOAT16,ND;ND;ND;ND;ND;ND;ND;ND;ND;ND;ND;ND;ND;ND;ND;ND;ND;ND;ND;ND;ND;ND;ND;ND;ND;ND;ND;ND;ND;ND;ND;ND;ND;ND;ND;ND;ND;ND;ND;ND;ND;ND;ND;ND;ND;ND;ND;ND;ND;ND;ND;ND;ND;ND;ND;ND;ND;ND;ND;ND;ND;ND;ND;ND,"""1024,1024""",FLOAT16,ND,N/A,0.0,0,0.0,0.0,0.0,0.0,0.0,0.0,0.0,0.0,0.0,0.0,0.0,43.132,2846738,0.017,0.0,4.041,0.094,30.042,0.696,9.433,0.219,0.0,0.000
0,4294967295,16,47,aclnnMul_MulAiCore_Mul,Mul,dynamic,AI_VECTOR_CORE,1785697686563360.882	,330.467,0.109000,40,0,NO,"""4096,4096;4096,4096""",FLOAT;FLOAT,ND;ND,"""4096,4096""",FLOAT,ND,N/A,0.0,0,0.0,0.0,0.0,0.0,0.0,0.0,0.0,0.0,0.0,0.0,0.0,327.812,21635619,6.784,0.021,3.01,0.009,326.218,0.995,112.428,0.343,0.0,0.000
0,4294967295,17,47,Concat,Concat,dynamic,AI_VECTOR_CORE,1785697686563691.369	,55.621,0.000000,40,0,NO,"""1024,16;1024,16;1024,16;1024,16;1024,16;1024,16;1024,16;1024,16;1024,16;1024,16;1024,16;1024,16;1024,16;1024,16;1024,16;1024,16;1024,16;1024,16;1024,16;1024,16;1024,16;1024,16;1024,16;1024,16;1024,16;1024,16;1024,16;1024,16;1024,16;1024,16;1024,16;1024,16;1024,16;1024,16;1024,16;1024,16;1024,16;1024,16;1024,16;1024,16;1024,16;1024,16;1024,16;1024,16;1024,16;1024,16;1024,16;1024,16;1024,16;1024,16;1024,16;1024,16;1024,16;1024,16;1024,16;1024,16;1024,16;1024,16;1024,16;1024,16;1024,16;1024,16;1024,16;1024,16""",FLOAT16;FLOAT16;FLOAT16;FLOAT16;FLOAT16;FLOAT16;FLOAT16;FLOAT16;FLOAT16;FLOAT16;FLOAT16;FLOAT16;FLOAT16;FLOAT16;FLOAT16;FLOAT16;FLOAT16;FLOAT16;FLOAT16;FLOAT16;FLOAT16;FLOAT16;FLOAT16;FLOAT16;FLOAT16;FLOAT16;FLOAT16;FLOAT16;FLOAT16;FLOAT16;FLOAT16;FLOAT16;FLOAT16;FLOAT16;FLOAT16;FLOAT16;FLOAT16;FLOAT16;FLOAT16;FLOAT16;FLOAT16;FLOAT16;FLOAT16;FLOAT16;FLOAT16;FLOAT16;FLOAT16;FLOAT16;FLOAT16;FLOAT16;FLOAT16;FLOAT16;FLOAT16;FLOAT16;FLOAT16;FLOAT16;FLOAT16;FLOAT16;FLOAT16;FLOAT16;FLOAT16;FLOAT16;FLOAT16;FLOAT16,ND;ND;ND;ND;ND;ND;ND;ND;ND;ND;ND;ND;ND;ND;ND;ND;ND;ND;ND;ND;ND;ND;ND;ND;ND;ND;ND;ND;ND;ND;ND;ND;ND;ND;ND;ND;ND;ND;ND;ND;ND;ND;ND;ND;ND;ND;ND;ND;ND;ND;ND;ND;ND;ND;ND;ND;ND;ND;ND;ND;ND;ND;ND;ND,"""1024,1024""",FLOAT16,ND,N/A,0.0,0,0.0,0.0,0.0,0.0,0.0,0.0,0.0,0.0,0.0,0.0,0.0,45.204,2983453,0.017,0.0,3.883,0.086,31.364,0.694,10.311,0.228,0.0,0.000
0,4294967295,18,47,aclnnMul_MulAiCore_Mul,Mul,dynamic,AI_VECTOR_CORE,1785697686563747.010	,329.147,0.129000,40,0,NO,"""4096,4096;4096,4096""",FLOAT;FLOAT,ND;ND,"""4096,4096""",FLOAT,ND,N/A,0.0,0,0.0,0.0,0.0,0.0,0.0,0.0,0.0,0.0,0.0,0.0,0.0,327.135,21590893,6.784,0.021,2.919,0.009,325.71,0.996,110.484,0.338,0.0,0.000
0,4294967295,19,47,Concat,Concat,dynamic,AI_VECTOR_CORE,1785697686564076.177	,58.141,0.103000,40,0,NO,"""1024,16;1024,16;1024,16;1024,16;1024,16;1024,16;1024,16;1024,16;1024,16;1024,16;1024,16;1024,16;1024,16;1024,16;1024,16;1024,16;1024,16;1024,16;1024,16;1024,16;1024,16;1024,16;1024,16;1024,16;1024,16;1024,16;1024,16;1024,16;1024,16;1024,16;1024,16;1024,16;1024,16;1024,16;1024,16;1024,16;1024,16;1024,16;1024,16;1024,16;1024,16;1024,16;1024,16;1024,16;1024,16;1024,16;1024,16;1024,16;1024,16;1024,16;1024,16;1024,16;1024,16;1024,16;1024,16;1024,16;1024,16;1024,16;1024,16;1024,16;1024,16;1024,16;1024,16;1024,16""",FLOAT16;FLOAT16;FLOAT16;FLOAT16;FLOAT16;FLOAT16;FLOAT16;FLOAT16;FLOAT16;FLOAT16;FLOAT16;FLOAT16;FLOAT16;FLOAT16;FLOAT16;FLOAT16;FLOAT16;FLOAT16;FLOAT16;FLOAT16;FLOAT16;FLOAT16;FLOAT16;FLOAT16;FLOAT16;FLOAT16;FLOAT16;FLOAT16;FLOAT16;FLOAT16;FLOAT16;FLOAT16;FLOAT16;FLOAT16;FLOAT16;FLOAT16;FLOAT16;FLOAT16;FLOAT16;FLOAT16;FLOAT16;FLOAT16;FLOAT16;FLOAT16;FLOAT16;FLOAT16;FLOAT16;FLOAT16;FLOAT16;FLOAT16;FLOAT16;FLOAT16;FLOAT16;FLOAT16;FLOAT16;FLOAT16;FLOAT16;FLOAT16;FLOAT16;FLOAT16;FLOAT16;FLOAT16;FLOAT16;FLOAT16,ND;ND;ND;ND;ND;ND;ND;ND;ND;ND;ND;ND;ND;ND;ND;ND;ND;ND;ND;ND;ND;ND;ND;ND;ND;ND;ND;ND;ND;ND;ND;ND;ND;ND;ND;ND;ND;ND;ND;ND;ND;ND;ND;ND;ND;ND;ND;ND;ND;ND;ND;ND;ND;ND;ND;ND;ND;ND;ND;ND;ND;ND;ND;ND,"""1024,1024""",FLOAT16,ND,N/A,0.0,0,0.0,0.0,0.0,0.0,0.0,0.0,0.0,0.0,0.0,0.0,0.0,46.388,3061579,0.017,0.0,3.888,0.084,31.892,0.688,10.906,0.235,0.0,0.000
0,4294967295,20,47,aclnnMul_MulAiCore_Mul,Mul,dynamic,AI_VECTOR_CORE,1785697686564134.338	,329.706,0.000000,40,0,NO,"""4096,4096;4096,4096""",FLOAT;FLOAT,ND;ND,"""4096,4096""",FLOAT,ND,N/A,0.0,0,0.0,0.0,0.0,0.0,0.0,0.0,0.0,0.0,0.0,0.0,0.0,327.269,21599783,6.784,0.021,3.082,0.009,325.662,0.995,110.001,0.336,0.0,0.000
0,4294967295,21,47,Concat,Concat,dynamic,AI_VECTOR_CORE,1785697686564464.064	,54.822,0.044000,40,0,NO,"""1024,16;1024,16;1024,16;1024,16;1024,16;1024,16;1024,16;1024,16;1024,16;1024,16;1024,16;1024,16;1024,16;1024,16;1024,16;1024,16;1024,16;1024,16;1024,16;1024,16;1024,16;1024,16;1024,16;1024,16;1024,16;1024,16;1024,16;1024,16;1024,16;1024,16;1024,16;1024,16;1024,16;1024,16;1024,16;1024,16;1024,16;1024,16;1024,16;1024,16;1024,16;1024,16;1024,16;1024,16;1024,16;1024,16;1024,16;1024,16;1024,16;1024,16;1024,16;1024,16;1024,16;1024,16;1024,16;1024,16;1024,16;1024,16;1024,16;1024,16;1024,16;1024,16;1024,16;1024,16""",FLOAT16;FLOAT16;FLOAT16;FLOAT16;FLOAT16;FLOAT16;FLOAT16;FLOAT16;FLOAT16;FLOAT16;FLOAT16;FLOAT16;FLOAT16;FLOAT16;FLOAT16;FLOAT16;FLOAT16;FLOAT16;FLOAT16;FLOAT16;FLOAT16;FLOAT16;FLOAT16;FLOAT16;FLOAT16;FLOAT16;FLOAT16;FLOAT16;FLOAT16;FLOAT16;FLOAT16;FLOAT16;FLOAT16;FLOAT16;FLOAT16;FLOAT16;FLOAT16;FLOAT16;FLOAT16;FLOAT16;FLOAT16;FLOAT16;FLOAT16;FLOAT16;FLOAT16;FLOAT16;FLOAT16;FLOAT16;FLOAT16;FLOAT16;FLOAT16;FLOAT16;FLOAT16;FLOAT16;FLOAT16;FLOAT16;FLOAT16;FLOAT16;FLOAT16;FLOAT16;FLOAT16;FLOAT16;FLOAT16;FLOAT16,ND;ND;ND;ND;ND;ND;ND;ND;ND;ND;ND;ND;ND;ND;ND;ND;ND;ND;ND;ND;ND;ND;ND;ND;ND;ND;ND;ND;ND;ND;ND;ND;ND;ND;ND;ND;ND;ND;ND;ND;ND;ND;ND;ND;ND;ND;ND;ND;ND;ND;ND;ND;ND;ND;ND;ND;ND;ND;ND;ND;ND;ND;ND;ND,"""1024,1024""",FLOAT16,ND,N/A,0.0,0,0.0,0.0,0.0,0.0,0.0,0.0,0.0,0.0,0.0,0.0,0.0,44.53,2939007,0.017,0.0,4.095,0.092,30.821,0.692,10.269,0.231,0.0,0.000
0,4294967295,22,47,aclnnMul_MulAiCore_Mul,Mul,dynamic,AI_VECTOR_CORE,1785697686564518.906	,329.686,0.178000,40,0,NO,"""4096,4096;4096,4096""",FLOAT;FLOAT,ND;ND,"""4096,4096""",FLOAT,ND,N/A,0.0,0,0.0,0.0,0.0,0.0,0.0,0.0,0.0,0.0,0.0,0.0,0.0,327.353,21605292,6.784,0.021,2.91,0.009,325.907,0.996,111.305,0.34,0.0,0.000
0,4294967295,23,47,Concat,Concat,dynamic,AI_VECTOR_CORE,1785697686564848.612	,54.901,0.000000,40,0,NO,"""1024,16;1024,16;1024,16;1024,16;1024,16;1024,16;1024,16;1024,16;1024,16;1024,16;1024,16;1024,16;1024,16;1024,16;1024,16;1024,16;1024,16;1024,16;1024,16;1024,16;1024,16;1024,16;1024,16;1024,16;1024,16;1024,16;1024,16;1024,16;1024,16;1024,16;1024,16;1024,16;1024,16;1024,16;1024,16;1024,16;1024,16;1024,16;1024,16;1024,16;1024,16;1024,16;1024,16;1024,16;1024,16;1024,16;1024,16;1024,16;1024,16;1024,16;1024,16;1024,16;1024,16;1024,16;1024,16;1024,16;1024,16;1024,16;1024,16;1024,16;1024,16;1024,16;1024,16;1024,16""",FLOAT16;FLOAT16;FLOAT16;FLOAT16;FLOAT16;FLOAT16;FLOAT16;FLOAT16;FLOAT16;FLOAT16;FLOAT16;FLOAT16;FLOAT16;FLOAT16;FLOAT16;FLOAT16;FLOAT16;FLOAT16;FLOAT16;FLOAT16;FLOAT16;FLOAT16;FLOAT16;FLOAT16;FLOAT16;FLOAT16;FLOAT16;FLOAT16;FLOAT16;FLOAT16;FLOAT16;FLOAT16;FLOAT16;FLOAT16;FLOAT16;FLOAT16;FLOAT16;FLOAT16;FLOAT16;FLOAT16;FLOAT16;FLOAT16;FLOAT16;FLOAT16;FLOAT16;FLOAT16;FLOAT16;FLOAT16;FLOAT16;FLOAT16;FLOAT16;FLOAT16;FLOAT16;FLOAT16;FLOAT16;FLOAT16;FLOAT16;FLOAT16;FLOAT16;FLOAT16;FLOAT16;FLOAT16;FLOAT16;FLOAT16,ND;ND;ND;ND;ND;ND;ND;ND;ND;ND;ND;ND;ND;ND;ND;ND;ND;ND;ND;ND;ND;ND;ND;ND;ND;ND;ND;ND;ND;ND;ND;ND;ND;ND;ND;ND;ND;ND;ND;ND;ND;ND;ND;ND;ND;ND;ND;ND;ND;ND;ND;ND;ND;ND;ND;ND;ND;ND;ND;ND;ND;ND;ND;ND,"""1024,1024""",FLOAT16,ND,N/A,0.0,0,0.0,0.0,0.0,0.0,0.0,0.0,0.0,0.0,0.0,0.0,0.0,44.336,2926189,0.017,0.0,3.673,0.083,30.845,0.696,10.122,0.228,0.0,0.000
0,4294967295,24,47,aclnnMul_MulAiCore_Mul,Mul,dynamic,AI_VECTOR_CORE,1785697686564903.553	,330.287,0.099000,40,0,NO,"""4096,4096;4096,4096""",FLOAT;FLOAT,ND;ND,"""4096,4096""",FLOAT,ND,N/A,0.0,0,0.0,0.0,0.0,0.0,0.0,0.0,0.0,0.0,0.0,0.0,0.0,327.635,21623933,6.784,0.021,3.1,0.009,326.025,0.995,111.299,0.34,0.0,0.000
0,4294967295,25,47,Concat,Concat,dynamic,AI_VECTOR_CORE,1785697686565233.860	,57.461,0.000000,40,0,NO,"""1024,16;1024,16;1024,16;1024,16;1024,16;1024,16;1024,16;1024,16;1024,16;1024,16;1024,16;1024,16;1024,16;1024,16;1024,16;1024,16;1024,16;1024,16;1024,16;1024,16;1024,16;1024,16;1024,16;1024,16;1024,16;1024,16;1024,16;1024,16;1024,16;1024,16;1024,16;1024,16;1024,16;1024,16;1024,16;1024,16;1024,16;1024,16;1024,16;1024,16;1024,16;1024,16;1024,16;1024,16;1024,16;1024,16;1024,16;1024,16;1024,16;1024,16;1024,16;1024,16;1024,16;1024,16;1024,16;1024,16;1024,16;1024,16;1024,16;1024,16;1024,16;1024,16;1024,16;1024,16""",FLOAT16;FLOAT16;FLOAT16;FLOAT16;FLOAT16;FLOAT16;FLOAT16;FLOAT16;FLOAT16;FLOAT16;FLOAT16;FLOAT16;FLOAT16;FLOAT16;FLOAT16;FLOAT16;FLOAT16;FLOAT16;FLOAT16;FLOAT16;FLOAT16;FLOAT16;FLOAT16;FLOAT16;FLOAT16;FLOAT16;FLOAT16;FLOAT16;FLOAT16;FLOAT16;FLOAT16;FLOAT16;FLOAT16;FLOAT16;FLOAT16;FLOAT16;FLOAT16;FLOAT16;FLOAT16;FLOAT16;FLOAT16;FLOAT16;FLOAT16;FLOAT16;FLOAT16;FLOAT16;FLOAT16;FLOAT16;FLOAT16;FLOAT16;FLOAT16;FLOAT16;FLOAT16;FLOAT16;FLOAT16;FLOAT16;FLOAT16;FLOAT16;FLOAT16;FLOAT16;FLOAT16;FLOAT16;FLOAT16;FLOAT16,ND;ND;ND;ND;ND;ND;ND;ND;ND;ND;ND;ND;ND;ND;ND;ND;ND;ND;ND;ND;ND;ND;ND;ND;ND;ND;ND;ND;ND;ND;ND;ND;ND;ND;ND;ND;ND;ND;ND;ND;ND;ND;ND;ND;ND;ND;ND;ND;ND;ND;ND;ND;ND;ND;ND;ND;ND;ND;ND;ND;ND;ND;ND;ND,"""1024,1024""",FLOAT16,ND,N/A,0.0,0,0.0,0.0,0.0,0.0,0.0,0.0,0.0,0.0,0.0,0.0,0.0,46.988,3101212,0.017,0.0,5.334,0.114,31.912,0.679,10.541,0.224,0.0,0.000
0,4294967295,26,47,aclnnMul_MulAiCore_Mul,Mul,dynamic,AI_VECTOR_CORE,1785697686565291.341	,330.247,0.039000,40,0,NO,"""4096,4096;4096,4096""",FLOAT;FLOAT,ND;ND,"""4096,4096""",FLOAT,ND,N/A,0.0,0,0.0,0.0,0.0,0.0,0.0,0.0,0.0,0.0,0.0,0.0,0.0,328.158,21658436,6.784,0.021,3.003,0.009,326.634,0.995,110.522,0.337,0.0,0.000
0,4294967295,27,47,Concat,Concat,dynamic,AI_VECTOR_CORE,1785697686565621.608	,56.181,0.003000,40,0,NO,"""1024,16;1024,16;1024,16;1024,16;1024,16;1024,16;1024,16;1024,16;1024,16;1024,16;1024,16;1024,16;1024,16;1024,16;1024,16;1024,16;1024,16;1024,16;1024,16;1024,16;1024,16;1024,16;1024,16;1024,16;1024,16;1024,16;1024,16;1024,16;1024,16;1024,16;1024,16;1024,16;1024,16;1024,16;1024,16;1024,16;1024,16;1024,16;1024,16;1024,16;1024,16;1024,16;1024,16;1024,16;1024,16;1024,16;1024,16;1024,16;1024,16;1024,16;1024,16;1024,16;1024,16;1024,16;1024,16;1024,16;1024,16;1024,16;1024,16;1024,16;1024,16;1024,16;1024,16;1024,16""",FLOAT16;FLOAT16;FLOAT16;FLOAT16;FLOAT16;FLOAT16;FLOAT16;FLOAT16;FLOAT16;FLOAT16;FLOAT16;FLOAT16;FLOAT16;FLOAT16;FLOAT16;FLOAT16;FLOAT16;FLOAT16;FLOAT16;FLOAT16;FLOAT16;FLOAT16;FLOAT16;FLOAT16;FLOAT16;FLOAT16;FLOAT16;FLOAT16;FLOAT16;FLOAT16;FLOAT16;FLOAT16;FLOAT16;FLOAT16;FLOAT16;FLOAT16;FLOAT16;FLOAT16;FLOAT16;FLOAT16;FLOAT16;FLOAT16;FLOAT16;FLOAT16;FLOAT16;FLOAT16;FLOAT16;FLOAT16;FLOAT16;FLOAT16;FLOAT16;FLOAT16;FLOAT16;FLOAT16;FLOAT16;FLOAT16;FLOAT16;FLOAT16;FLOAT16;FLOAT16;FLOAT16;FLOAT16;FLOAT16;FLOAT16,ND;ND;ND;ND;ND;ND;ND;ND;ND;ND;ND;ND;ND;ND;ND;ND;ND;ND;ND;ND;ND;ND;ND;ND;ND;ND;ND;ND;ND;ND;ND;ND;ND;ND;ND;ND;ND;ND;ND;ND;ND;ND;ND;ND;ND;ND;ND;ND;ND;ND;ND;ND;ND;ND;ND;ND;ND;ND;ND;ND;ND;ND;ND;ND,"""1024,1024""",FLOAT16,ND,N/A,0.0,0,0.0,0.0,0.0,0.0,0.0,0.0,0.0,0.0,0.0,0.0,0.0,45.816,3023837,0.017,0.0,4.598,0.1,31.735,0.693,10.116,0.221,0.0,0.000
0,4294967295,28,47,aclnnMul_MulAiCore_Mul,Mul,dynamic,AI_VECTOR_CORE,1785697686565677.809	,330.366,0.069000,40,0,NO,"""4096,4096;4096,4096""",FLOAT;FLOAT,ND;ND,"""4096,4096""",FLOAT,ND,N/A,0.0,0,0.0,0.0,0.0,0.0,0.0,0.0,0.0,0.0,0.0,0.0,0.0,327.961,21645425,6.784,0.021,3.128,0.01,326.282,0.995,110.946,0.338,0.0,0.000
0,4294967295,29,47,Concat,Concat,dynamic,AI_VECTOR_CORE,1785697686566008.195	,54.201,0.134000,40,0,NO,"""1024,16;1024,16;1024,16;1024,16;1024,16;1024,16;1024,16;1024,16;1024,16;1024,16;1024,16;1024,16;1024,16;1024,16;1024,16;1024,16;1024,16;1024,16;1024,16;1024,16;1024,16;1024,16;1024,16;1024,16;1024,16;1024,16;1024,16;1024,16;1024,16;1024,16;1024,16;1024,16;1024,16;1024,16;1024,16;1024,16;1024,16;1024,16;1024,16;1024,16;1024,16;1024,16;1024,16;1024,16;1024,16;1024,16;1024,16;1024,16;1024,16;1024,16;1024,16;1024,16;1024,16;1024,16;1024,16;1024,16;1024,16;1024,16;1024,16;1024,16;1024,16;1024,16;1024,16;1024,16""",FLOAT16;FLOAT16;FLOAT16;FLOAT16;FLOAT16;FLOAT16;FLOAT16;FLOAT16;FLOAT16;FLOAT16;FLOAT16;FLOAT16;FLOAT16;FLOAT16;FLOAT16;FLOAT16;FLOAT16;FLOAT16;FLOAT16;FLOAT16;FLOAT16;FLOAT16;FLOAT16;FLOAT16;FLOAT16;FLOAT16;FLOAT16;FLOAT16;FLOAT16;FLOAT16;FLOAT16;FLOAT16;FLOAT16;FLOAT16;FLOAT16;FLOAT16;FLOAT16;FLOAT16;FLOAT16;FLOAT16;FLOAT16;FLOAT16;FLOAT16;FLOAT16;FLOAT16;FLOAT16;FLOAT16;FLOAT16;FLOAT16;FLOAT16;FLOAT16;FLOAT16;FLOAT16;FLOAT16;FLOAT16;FLOAT16;FLOAT16;FLOAT16;FLOAT16;FLOAT16;FLOAT16;FLOAT16;FLOAT16;FLOAT16,ND;ND;ND;ND;ND;ND;ND;ND;ND;ND;ND;ND;ND;ND;ND;ND;ND;ND;ND;ND;ND;ND;ND;ND;ND;ND;ND;ND;ND;ND;ND;ND;ND;ND;ND;ND;ND;ND;ND;ND;ND;ND;ND;ND;ND;ND;ND;ND;ND;ND;ND;ND;ND;ND;ND;ND;ND;ND;ND;ND;ND;ND;ND;ND,"""1024,1024""",FLOAT16,ND,N/A,0.0,0,0.0,0.0,0.0,0.0,0.0,0.0,0.0,0.0,0.0,0.0,0.0,44.078,2909180,0.017,0.0,4.029,0.091,30.27,0.687,10.333,0.234,0.0,0.000
0,4294967295,30,47,aclnnMul_MulAiCore_Mul,Mul,dynamic,AI_VECTOR_CORE,1785697686566062.416	,330.467,0.049000,40,0,NO,"""4096,4096;4096,4096""",FLOAT;FLOAT,ND;ND,"""4096,4096""",FLOAT,ND,N/A,0.0,0,0.0,0.0,0.0,0.0,0.0,0.0,0.0,0.0,0.0,0.0,0.0,327.927,21643205,6.784,0.021,3.016,0.009,326.422,0.995,109.509,0.334,0.0,0.000
0,4294967295,31,47,Concat,Concat,dynamic,AI_VECTOR_CORE,1785697686566392.923	,54.281,0.033000,40,0,NO,"""1024,16;1024,16;1024,16;1024,16;1024,16;1024,16;1024,16;1024,16;1024,16;1024,16;1024,16;1024,16;1024,16;1024,16;1024,16;1024,16;1024,16;1024,16;1024,16;1024,16;1024,16;1024,16;1024,16;1024,16;1024,16;1024,16;1024,16;1024,16;1024,16;1024,16;1024,16;1024,16;1024,16;1024,16;1024,16;1024,16;1024,16;1024,16;1024,16;1024,16;1024,16;1024,16;1024,16;1024,16;1024,16;1024,16;1024,16;1024,16;1024,16;1024,16;1024,16;1024,16;1024,16;1024,16;1024,16;1024,16;1024,16;1024,16;1024,16;1024,16;1024,16;1024,16;1024,16;1024,16""",FLOAT16;FLOAT16;FLOAT16;FLOAT16;FLOAT16;FLOAT16;FLOAT16;FLOAT16;FLOAT16;FLOAT16;FLOAT16;FLOAT16;FLOAT16;FLOAT16;FLOAT16;FLOAT16;FLOAT16;FLOAT16;FLOAT16;FLOAT16;FLOAT16;FLOAT16;FLOAT16;FLOAT16;FLOAT16;FLOAT16;FLOAT16;FLOAT16;FLOAT16;FLOAT16;FLOAT16;FLOAT16;FLOAT16;FLOAT16;FLOAT16;FLOAT16;FLOAT16;FLOAT16;FLOAT16;FLOAT16;FLOAT16;FLOAT16;FLOAT16;FLOAT16;FLOAT16;FLOAT16;FLOAT16;FLOAT16;FLOAT16;FLOAT16;FLOAT16;FLOAT16;FLOAT16;FLOAT16;FLOAT16;FLOAT16;FLOAT16;FLOAT16;FLOAT16;FLOAT16;FLOAT16;FLOAT16;FLOAT16;FLOAT16,ND;ND;ND;ND;ND;ND;ND;ND;ND;ND;ND;ND;ND;ND;ND;ND;ND;ND;ND;ND;ND;ND;ND;ND;ND;ND;ND;ND;ND;ND;ND;ND;ND;ND;ND;ND;ND;ND;ND;ND;ND;ND;ND;ND;ND;ND;ND;ND;ND;ND;ND;ND;ND;ND;ND;ND;ND;ND;ND;ND;ND;ND;ND;ND,"""1024,1024""",FLOAT16,ND,N/A,0.0,0,0.0,0.0,0.0,0.0,0.0,0.0,0.0,0.0,0.0,0.0,0.0,43.827,2892568,0.017,0.0,3.881,0.089,30.422,0.694,9.991,0.228,0.0,0.000
0,4294967295,32,47,aclnnMul_MulAiCore_Mul,Mul,dynamic,AI_VECTOR_CORE,1785697686566447.224	,329.847,0.000000,40,0,NO,"""4096,4096;4096,4096""",FLOAT;FLOAT,ND;ND,"""4096,4096""",FLOAT,ND,N/A,0.0,0,0.0,0.0,0.0,0.0,0.0,0.0,0.0,0.0,0.0,0.0,0.0,327.822,21636258,6.784,0.021,3.027,0.009,326.26,0.995,110.47,0.337,0.0,0.000
0,4294967295,33,47,Concat,Concat,dynamic,AI_VECTOR_CORE,1785697686566777.091	,55.521,0.000000,40,0,NO,"""1024,16;1024,16;1024,16;1024,16;1024,16;1024,16;1024,16;1024,16;1024,16;1024,16;1024,16;1024,16;1024,16;1024,16;1024,16;1024,16;1024,16;1024,16;1024,16;1024,16;1024,16;1024,16;1024,16;1024,16;1024,16;1024,16;1024,16;1024,16;1024,16;1024,16;1024,16;1024,16;1024,16;1024,16;1024,16;1024,16;1024,16;1024,16;1024,16;1024,16;1024,16;1024,16;1024,16;1024,16;1024,16;1024,16;1024,16;1024,16;1024,16;1024,16;1024,16;1024,16;1024,16;1024,16;1024,16;1024,16;1024,16;1024,16;1024,16;1024,16;1024,16;1024,16;1024,16;1024,16""",FLOAT16;FLOAT16;FLOAT16;FLOAT16;FLOAT16;FLOAT16;FLOAT16;FLOAT16;FLOAT16;FLOAT16;FLOAT16;FLOAT16;FLOAT16;FLOAT16;FLOAT16;FLOAT16;FLOAT16;FLOAT16;FLOAT16;FLOAT16;FLOAT16;FLOAT16;FLOAT16;FLOAT16;FLOAT16;FLOAT16;FLOAT16;FLOAT16;FLOAT16;FLOAT16;FLOAT16;FLOAT16;FLOAT16;FLOAT16;FLOAT16;FLOAT16;FLOAT16;FLOAT16;FLOAT16;FLOAT16;FLOAT16;FLOAT16;FLOAT16;FLOAT16;FLOAT16;FLOAT16;FLOAT16;FLOAT16;FLOAT16;FLOAT16;FLOAT16;FLOAT16;FLOAT16;FLOAT16;FLOAT16;FLOAT16;FLOAT16;FLOAT16;FLOAT16;FLOAT16;FLOAT16;FLOAT16;FLOAT16;FLOAT16,ND;ND;ND;ND;ND;ND;ND;ND;ND;ND;ND;ND;ND;ND;ND;ND;ND;ND;ND;ND;ND;ND;ND;ND;ND;ND;ND;ND;ND;ND;ND;ND;ND;ND;ND;ND;ND;ND;ND;ND;ND;ND;ND;ND;ND;ND;ND;ND;ND;ND;ND;ND;ND;ND;ND;ND;ND;ND;ND;ND;ND;ND;ND;ND,"""1024,1024""",FLOAT16,ND,N/A,0.0,0,0.0,0.0,0.0,0.0,0.0,0.0,0.0,0.0,0.0,0.0,0.0,45.095,2976302,0.017,0.0,3.697,0.082,31.101,0.69,10.687,0.237,0.0,0.000
0,4294967295,34,47,aclnnMul_MulAiCore_Mul,Mul,dynamic,AI_VECTOR_CORE,1785697686566832.632	,328.786,0.229000,40,0,NO,"""4096,4096;4096,4096""",FLOAT;FLOAT,ND;ND,"""4096,4096""",FLOAT,ND,N/A,0.0,0,0.0,0.0,0.0,0.0,0.0,0.0,0.0,0.0,0.0,0.0,0.0,326.706,21562582,6.784,0.021,2.962,0.009,325.173,0.995,108.621,0.332,0.0,0.000
0,4294967295,35,47,Concat,Concat,dynamic,AI_VECTOR_CORE,1785697686567161.458	,56.241,0.000000,40,0,NO,"""1024,16;1024,16;1024,16;1024,16;1024,16;1024,16;1024,16;1024,16;1024,16;1024,16;1024,16;1024,16;1024,16;1024,16;1024,16;1024,16;1024,16;1024,16;1024,16;1024,16;1024,16;1024,16;1024,16;1024,16;1024,16;1024,16;1024,16;1024,16;1024,16;1024,16;1024,16;1024,16;1024,16;1024,16;1024,16;1024,16;1024,16;1024,16;1024,16;1024,16;1024,16;1024,16;1024,16;1024,16;1024,16;1024,16;1024,16;1024,16;1024,16;1024,16;1024,16;1024,16;1024,16;1024,16;1024,16;1024,16;1024,16;1024,16;1024,16;1024,16;1024,16;1024,16;1024,16;1024,16""",FLOAT16;FLOAT16;FLOAT16;FLOAT16;FLOAT16;FLOAT16;FLOAT16;FLOAT16;FLOAT16;FLOAT16;FLOAT16;FLOAT16;FLOAT16;FLOAT16;FLOAT16;FLOAT16;FLOAT16;FLOAT16;FLOAT16;FLOAT16;FLOAT16;FLOAT16;FLOAT16;FLOAT16;FLOAT16;FLOAT16;FLOAT16;FLOAT16;FLOAT16;FLOAT16;FLOAT16;FLOAT16;FLOAT16;FLOAT16;FLOAT16;FLOAT16;FLOAT16;FLOAT16;FLOAT16;FLOAT16;FLOAT16;FLOAT16;FLOAT16;FLOAT16;FLOAT16;FLOAT16;FLOAT16;FLOAT16;FLOAT16;FLOAT16;FLOAT16;FLOAT16;FLOAT16;FLOAT16;FLOAT16;FLOAT16;FLOAT16;FLOAT16;FLOAT16;FLOAT16;FLOAT16;FLOAT16;FLOAT16;FLOAT16,ND;ND;ND;ND;ND;ND;ND;ND;ND;ND;ND;ND;ND;ND;ND;ND;ND;ND;ND;ND;ND;ND;ND;ND;ND;ND;ND;ND;ND;ND;ND;ND;ND;ND;ND;ND;ND;ND;ND;ND;ND;ND;ND;ND;ND;ND;ND;ND;ND;ND;ND;ND;ND;ND;ND;ND;ND;ND;ND;ND;ND;ND;ND;ND,"""1024,1024""",FLOAT16,ND,N/A,0.0,0,0.0,0.0,0.0,0.0,0.0,0.0,0.0,0.0,0.0,0.0,0.0,44.954,2966969,0.017,0.0,4.175,0.093,30.96,0.689,10.387,0.231,0.0,0.000
0,4294967295,36,47,aclnnMul_MulAiCore_Mul,Mul,dynamic,AI_VECTOR_CORE,1785697686567217.719	,328.407,0.009000,40,0,NO,"""4096,4096;4096,4096""",FLOAT;FLOAT,ND;ND,"""4096,4096""",FLOAT,ND,N/A,0.0,0,0.0,0.0,0.0,0.0,0.0,0.0,0.0,0.0,0.0,0.0,0.0,326.253,21532688,6.784,0.021,3.01,0.009,324.748,0.995,109.804,0.337,0.0,0.000
0,4294967295,37,47,Concat,Concat,dynamic,AI_VECTOR_CORE,1785697686567546.146	,55.521,0.093000,40,0,NO,"""1024,16;1024,16;1024,16;1024,16;1024,16;1024,16;1024,16;1024,16;1024,16;1024,16;1024,16;1024,16;1024,16;1024,16;1024,16;1024,16;1024,16;1024,16;1024,16;1024,16;1024,16;1024,16;1024,16;1024,16;1024,16;1024,16;1024,16;1024,16;1024,16;1024,16;1024,16;1024,16;1024,16;1024,16;1024,16;1024,16;1024,16;1024,16;1024,16;1024,16;1024,16;1024,16;1024,16;1024,16;1024,16;1024,16;1024,16;1024,16;1024,16;1024,16;1024,16;1024,16;1024,16;1024,16;1024,16;1024,16;1024,16;1024,16;1024,16;1024,16;1024,16;1024,16;1024,16;1024,16""",FLOAT16;FLOAT16;FLOAT16;FLOAT16;FLOAT16;FLOAT16;FLOAT16;FLOAT16;FLOAT16;FLOAT16;FLOAT16;FLOAT16;FLOAT16;FLOAT16;FLOAT16;FLOAT16;FLOAT16;FLOAT16;FLOAT16;FLOAT16;FLOAT16;FLOAT16;FLOAT16;FLOAT16;FLOAT16;FLOAT16;FLOAT16;FLOAT16;FLOAT16;FLOAT16;FLOAT16;FLOAT16;FLOAT16;FLOAT16;FLOAT16;FLOAT16;FLOAT16;FLOAT16;FLOAT16;FLOAT16;FLOAT16;FLOAT16;FLOAT16;FLOAT16;FLOAT16;FLOAT16;FLOAT16;FLOAT16;FLOAT16;FLOAT16;FLOAT16;FLOAT16;FLOAT16;FLOAT16;FLOAT16;FLOAT16;FLOAT16;FLOAT16;FLOAT16;FLOAT16;FLOAT16;FLOAT16;FLOAT16;FLOAT16,ND;ND;ND;ND;ND;ND;ND;ND;ND;ND;ND;ND;ND;ND;ND;ND;ND;ND;ND;ND;ND;ND;ND;ND;ND;ND;ND;ND;ND;ND;ND;ND;ND;ND;ND;ND;ND;ND;ND;ND;ND;ND;ND;ND;ND;ND;ND;ND;ND;ND;ND;ND;ND;ND;ND;ND;ND;ND;ND;ND;ND;ND;ND;ND,"""1024,1024""",FLOAT16,ND,N/A,0.0,0,0.0,0.0,0.0,0.0,0.0,0.0,0.0,0.0,0.0,0.0,0.0,44.415,2931390,0.017,0.0,4.16,0.094,30.009,0.676,10.562,0.238,0.0,0.000
0,4294967295,38,47,aclnnMul_MulAiCore_Mul,Mul,dynamic,AI_VECTOR_CORE,1785697686567601.687	,331.087,0.000000,40,0,NO,"""4096,4096;4096,4096""",FLOAT;FLOAT,ND;ND,"""4096,4096""",FLOAT,ND,N/A,0.0,0,0.0,0.0,0.0,0.0,0.0,0.0,0.0,0.0,0.0,0.0,0.0,328.219,21662476,6.784,0.021,3.013,0.009,326.676,0.995,111.747,0.34,0.0,0.000
0,4294967295,39,47,Concat,Concat,dynamic,AI_VECTOR_CORE,1785697686567932.794	,54.741,0.000000,40,0,NO,"""1024,16;1024,16;1024,16;1024,16;1024,16;1024,16;1024,16;1024,16;1024,16;1024,16;1024,16;1024,16;1024,16;1024,16;1024,16;1024,16;1024,16;1024,16;1024,16;1024,16;1024,16;1024,16;1024,16;1024,16;1024,16;1024,16;1024,16;1024,16;1024,16;1024,16;1024,16;1024,16;1024,16;1024,16;1024,16;1024,16;1024,16;1024,16;1024,16;1024,16;1024,16;1024,16;1024,16;1024,16;1024,16;1024,16;1024,16;1024,16;1024,16;1024,16;1024,16;1024,16;1024,16;1024,16;1024,16;1024,16;1024,16;1024,16;1024,16;1024,16;1024,16;1024,16;1024,16;1024,16""",FLOAT16;FLOAT16;FLOAT16;FLOAT16;FLOAT16;FLOAT16;FLOAT16;FLOAT16;FLOAT16;FLOAT16;FLOAT16;FLOAT16;FLOAT16;FLOAT16;FLOAT16;FLOAT16;FLOAT16;FLOAT16;FLOAT16;FLOAT16;FLOAT16;FLOAT16;FLOAT16;FLOAT16;FLOAT16;FLOAT16;FLOAT16;FLOAT16;FLOAT16;FLOAT16;FLOAT16;FLOAT16;FLOAT16;FLOAT16;FLOAT16;FLOAT16;FLOAT16;FLOAT16;FLOAT16;FLOAT16;FLOAT16;FLOAT16;FLOAT16;FLOAT16;FLOAT16;FLOAT16;FLOAT16;FLOAT16;FLOAT16;FLOAT16;FLOAT16;FLOAT16;FLOAT16;FLOAT16;FLOAT16;FLOAT16;FLOAT16;FLOAT16;FLOAT16;FLOAT16;FLOAT16;FLOAT16;FLOAT16;FLOAT16,ND;ND;ND;ND;ND;ND;ND;ND;ND;ND;ND;ND;ND;ND;ND;ND;ND;ND;ND;ND;ND;ND;ND;ND;ND;ND;ND;ND;ND;ND;ND;ND;ND;ND;ND;ND;ND;ND;ND;ND;ND;ND;ND;ND;ND;ND;ND;ND;ND;ND;ND;ND;ND;ND;ND;ND;ND;ND;ND;ND;ND;ND;ND;ND,"""1024,1024""",FLOAT16,ND,N/A,0.0,0,0.0,0.0,0.0,0.0,0.0,0.0,0.0,0.0,0.0,0.0,0.0,44.457,2934169,0.017,0.0,3.741,0.084,31.112,0.7,10.068,0.226,0.0,0.000
0,4294967295,40,47,aclnnMul_MulAiCore_Mul,Mul,dynamic,AI_VECTOR_CORE,1785697686567987.555	,329.706,0.009000,40,0,NO,"""4096,4096;4096,4096""",FLOAT;FLOAT,ND;ND,"""4096,4096""",FLOAT,ND,N/A,0.0,0,0.0,0.0,0.0,0.0,0.0,0.0,0.0,0.0,0.0,0.0,0.0,327.198,21595082,6.784,0.021,3.139,0.01,325.53,0.995,108.629,0.332,0.0,0.000
0,4294967295,41,47,Concat,Concat,dynamic,AI_VECTOR_CORE,1785697686568317.281	,56.142,0.044000,40,0,NO,"""1024,16;1024,16;1024,16;1024,16;1024,16;1024,16;1024,16;1024,16;1024,16;1024,16;1024,16;1024,16;1024,16;1024,16;1024,16;1024,16;1024,16;1024,16;1024,16;1024,16;1024,16;1024,16;1024,16;1024,16;1024,16;1024,16;1024,16;1024,16;1024,16;1024,16;1024,16;1024,16;1024,16;1024,16;1024,16;1024,16;1024,16;1024,16;1024,16;1024,16;1024,16;1024,16;1024,16;1024,16;1024,16;1024,16;1024,16;1024,16;1024,16;1024,16;1024,16;1024,16;1024,16;1024,16;1024,16;1024,16;1024,16;1024,16;1024,16;1024,16;1024,16;1024,16;1024,16;1024,16""",FLOAT16;FLOAT16;FLOAT16;FLOAT16;FLOAT16;FLOAT16;FLOAT16;FLOAT16;FLOAT16;FLOAT16;FLOAT16;FLOAT16;FLOAT16;FLOAT16;FLOAT16;FLOAT16;FLOAT16;FLOAT16;FLOAT16;FLOAT16;FLOAT16;FLOAT16;FLOAT16;FLOAT16;FLOAT16;FLOAT16;FLOAT16;FLOAT16;FLOAT16;FLOAT16;FLOAT16;FLOAT16;FLOAT16;FLOAT16;FLOAT16;FLOAT16;FLOAT16;FLOAT16;FLOAT16;FLOAT16;FLOAT16;FLOAT16;FLOAT16;FLOAT16;FLOAT16;FLOAT16;FLOAT16;FLOAT16;FLOAT16;FLOAT16;FLOAT16;FLOAT16;FLOAT16;FLOAT16;FLOAT16;FLOAT16;FLOAT16;FLOAT16;FLOAT16;FLOAT16;FLOAT16;FLOAT16;FLOAT16;FLOAT16,ND;ND;ND;ND;ND;ND;ND;ND;ND;ND;ND;ND;ND;ND;ND;ND;ND;ND;ND;ND;ND;ND;ND;ND;ND;ND;ND;ND;ND;ND;ND;ND;ND;ND;ND;ND;ND;ND;ND;ND;ND;ND;ND;ND;ND;ND;ND;ND;ND;ND;ND;ND;ND;ND;ND;ND;ND;ND;ND;ND;ND;ND;ND;ND,"""1024,1024""",FLOAT16,ND,N/A,0.0,0,0.0,0.0,0.0,0.0,0.0,0.0,0.0,0.0,0.0,0.0,0.0,46.201,3049278,0.017,0.0,4.715,0.102,32.008,0.693,9.877,0.214,0.0,0.000
0,4294967295,42,47,aclnnMul_MulAiCore_Mul,Mul,dynamic,AI_VECTOR_CORE,1785697686568373.443	,329.306,0.108000,40,0,NO,"""4096,4096;4096,4096""",FLOAT;FLOAT,ND;ND,"""4096,4096""",FLOAT,ND,N/A,0.0,0,0.0,0.0,0.0,0.0,0.0,0.0,0.0,0.0,0.0,0.0,0.0,327.069,21586565,6.784,0.021,3.086,0.009,325.464,0.995,108.618,0.332,0.0,0.000
0,4294967295,43,47,Concat,Concat,dynamic,AI_VECTOR_CORE,1785697686568702.769	,55.841,0.000000,40,0,NO,"""1024,16;1024,16;1024,16;1024,16;1024,16;1024,16;1024,16;1024,16;1024,16;1024,16;1024,16;1024,16;1024,16;1024,16;1024,16;1024,16;1024,16;1024,16;1024,16;1024,16;1024,16;1024,16;1024,16;1024,16;1024,16;1024,16;1024,16;1024,16;1024,16;1024,16;1024,16;1024,16;1024,16;1024,16;1024,16;1024,16;1024,16;1024,16;1024,16;1024,16;1024,16;1024,16;1024,16;1024,16;1024,16;1024,16;1024,16;1024,16;1024,16;1024,16;1024,16;1024,16;1024,16;1024,16;1024,16;1024,16;1024,16;1024,16;1024,16;1024,16;1024,16;1024,16;1024,16;1024,16""",FLOAT16;FLOAT16;FLOAT16;FLOAT16;FLOAT16;FLOAT16;FLOAT16;FLOAT16;FLOAT16;FLOAT16;FLOAT16;FLOAT16;FLOAT16;FLOAT16;FLOAT16;FLOAT16;FLOAT16;FLOAT16;FLOAT16;FLOAT16;FLOAT16;FLOAT16;FLOAT16;FLOAT16;FLOAT16;FLOAT16;FLOAT16;FLOAT16;FLOAT16;FLOAT16;FLOAT16;FLOAT16;FLOAT16;FLOAT16;FLOAT16;FLOAT16;FLOAT16;FLOAT16;FLOAT16;FLOAT16;FLOAT16;FLOAT16;FLOAT16;FLOAT16;FLOAT16;FLOAT16;FLOAT16;FLOAT16;FLOAT16;FLOAT16;FLOAT16;FLOAT16;FLOAT16;FLOAT16;FLOAT16;FLOAT16;FLOAT16;FLOAT16;FLOAT16;FLOAT16;FLOAT16;FLOAT16;FLOAT16;FLOAT16,ND;ND;ND;ND;ND;ND;ND;ND;ND;ND;ND;ND;ND;ND;ND;ND;ND;ND;ND;ND;ND;ND;ND;ND;ND;ND;ND;ND;ND;ND;ND;ND;ND;ND;ND;ND;ND;ND;ND;ND;ND;ND;ND;ND;ND;ND;ND;ND;ND;ND;ND;ND;ND;ND;ND;ND;ND;ND;ND;ND;ND;ND;ND;ND,"""1024,1024""",FLOAT16,ND,N/A,0.0,0,0.0,0.0,0.0,0.0,0.0,0.0,0.0,0.0,0.0,0.0,0.0,44.565,2941273,0.017,0.0,5.064,0.114,30.053,0.674,9.8,0.22,0.0,0.000
0,4294967295,44,47,aclnnMul_MulAiCore_Mul,Mul,dynamic,AI_VECTOR_CORE,1785697686568758.630	,330.047,0.159000,40,0,NO,"""4096,4096;4096,4096""",FLOAT;FLOAT,ND;ND,"""4096,4096""",FLOAT,ND,N/A,0.0,0,0.0,0.0,0.0,0.0,0.0,0.0,0.0,0.0,0.0,0.0,0.0,327.197,21595015,6.784,0.021,3.307,0.01,325.323,0.994,110.908,0.339,0.0,0.000
0,4294967295,45,47,Concat,Concat,dynamic,AI_VECTOR_CORE,1785697686569088.717	,56.301,0.000000,40,0,NO,"""1024,16;1024,16;1024,16;1024,16;1024,16;1024,16;1024,16;1024,16;1024,16;1024,16;1024,16;1024,16;1024,16;1024,16;1024,16;1024,16;1024,16;1024,16;1024,16;1024,16;1024,16;1024,16;1024,16;1024,16;1024,16;1024,16;1024,16;1024,16;1024,16;1024,16;1024,16;1024,16;1024,16;1024,16;1024,16;1024,16;1024,16;1024,16;1024,16;1024,16;1024,16;1024,16;1024,16;1024,16;1024,16;1024,16;1024,16;1024,16;1024,16;1024,16;1024,16;1024,16;1024,16;1024,16;1024,16;1024,16;1024,16;1024,16;1024,16;1024,16;1024,16;1024,16;1024,16;1024,16""",FLOAT16;FLOAT16;FLOAT16;FLOAT16;FLOAT16;FLOAT16;FLOAT16;FLOAT16;FLOAT16;FLOAT16;FLOAT16;FLOAT16;FLOAT16;FLOAT16;FLOAT16;FLOAT16;FLOAT16;FLOAT16;FLOAT16;FLOAT16;FLOAT16;FLOAT16;FLOAT16;FLOAT16;FLOAT16;FLOAT16;FLOAT16;FLOAT16;FLOAT16;FLOAT16;FLOAT16;FLOAT16;FLOAT16;FLOAT16;FLOAT16;FLOAT16;FLOAT16;FLOAT16;FLOAT16;FLOAT16;FLOAT16;FLOAT16;FLOAT16;FLOAT16;FLOAT16;FLOAT16;FLOAT16;FLOAT16;FLOAT16;FLOAT16;FLOAT16;FLOAT16;FLOAT16;FLOAT16;FLOAT16;FLOAT16;FLOAT16;FLOAT16;FLOAT16;FLOAT16;FLOAT16;FLOAT16;FLOAT16;FLOAT16,ND;ND;ND;ND;ND;ND;ND;ND;ND;ND;ND;ND;ND;ND;ND;ND;ND;ND;ND;ND;ND;ND;ND;ND;ND;ND;ND;ND;ND;ND;ND;ND;ND;ND;ND;ND;ND;ND;ND;ND;ND;ND;ND;ND;ND;ND;ND;ND;ND;ND;ND;ND;ND;ND;ND;ND;ND;ND;ND;ND;ND;ND;ND;ND,"""1024,1024""",FLOAT16,ND,N/A,0.0,0,0.0,0.0,0.0,0.0,0.0,0.0,0.0,0.0,0.0,0.0,0.0,43.326,2859526,0.017,0.0,4.6,0.106,29.464,0.68,9.603,0.222,0.0,0.000
0,4294967295,46,47,aclnnMul_MulAiCore_Mul,Mul,dynamic,AI_VECTOR_CORE,1785697686569145.038	,330.207,0.000000,40,0,NO,"""4096,4096;4096,4096""",FLOAT;FLOAT,ND;ND,"""4096,4096""",FLOAT,ND,N/A,0.0,0,0.0,0.0,0.0,0.0,0.0,0.0,0.0,0.0,0.0,0.0,0.0,327.275,21600177,6.784,0.021,3.027,0.009,325.744,0.995,111.498,0.341,0.0,0.000
0,4294967295,47,47,Concat,Concat,dynamic,AI_VECTOR_CORE,1785697686569475.265	,53.921,0.043000,40,0,NO,"""1024,16;1024,16;1024,16;1024,16;1024,16;1024,16;1024,16;1024,16;1024,16;1024,16;1024,16;1024,16;1024,16;1024,16;1024,16;1024,16;1024,16;1024,16;1024,16;1024,16;1024,16;1024,16;1024,16;1024,16;1024,16;1024,16;1024,16;1024,16;1024,16;1024,16;1024,16;1024,16;1024,16;1024,16;1024,16;1024,16;1024,16;1024,16;1024,16;1024,16;1024,16;1024,16;1024,16;1024,16;1024,16;1024,16;1024,16;1024,16;1024,16;1024,16;1024,16;1024,16;1024,16;1024,16;1024,16;1024,16;1024,16;1024,16;1024,16;1024,16;1024,16;1024,16;1024,16;1024,16""",FLOAT16;FLOAT16;FLOAT16;FLOAT16;FLOAT16;FLOAT16;FLOAT16;FLOAT16;FLOAT16;FLOAT16;FLOAT16;FLOAT16;FLOAT16;FLOAT16;FLOAT16;FLOAT16;FLOAT16;FLOAT16;FLOAT16;FLOAT16;FLOAT16;FLOAT16;FLOAT16;FLOAT16;FLOAT16;FLOAT16;FLOAT16;FLOAT16;FLOAT16;FLOAT16;FLOAT16;FLOAT16;FLOAT16;FLOAT16;FLOAT16;FLOAT16;FLOAT16;FLOAT16;FLOAT16;FLOAT16;FLOAT16;FLOAT16;FLOAT16;FLOAT16;FLOAT16;FLOAT16;FLOAT16;FLOAT16;FLOAT16;FLOAT16;FLOAT16;FLOAT16;FLOAT16;FLOAT16;FLOAT16;FLOAT16;FLOAT16;FLOAT16;FLOAT16;FLOAT16;FLOAT16;FLOAT16;FLOAT16;FLOAT16,ND;ND;ND;ND;ND;ND;ND;ND;ND;ND;ND;ND;ND;ND;ND;ND;ND;ND;ND;ND;ND;ND;ND;ND;ND;ND;ND;ND;ND;ND;ND;ND;ND;ND;ND;ND;ND;ND;ND;ND;ND;ND;ND;ND;ND;ND;ND;ND;ND;ND;ND;ND;ND;ND;ND;ND;ND;ND;ND;ND;ND;ND;ND;ND,"""1024,1024""",FLOAT16,ND,N/A,0.0,0,0.0,0.0,0.0,0.0,0.0,0.0,0.0,0.0,0.0,0.0,0.0,43.076,2843006,0.017,0.0,3.713,0.086,30.037,0.697,9.678,0.225,0.0,0.000
0,4294967295,48,47,aclnnMul_MulAiCore_Mul,Mul,dynamic,AI_VECTOR_CORE,1785697686569529.226	,330.246,0.079000,40,0,NO,"""4096,4096;4096,4096""",FLOAT;FLOAT,ND;ND,"""4096,4096""",FLOAT,ND,N/A,0.0,0,0.0,0.0,0.0,0.0,0.0,0.0,0.0,0.0,0.0,0.0,0.0,328.094,21654215,6.784,0.021,2.944,0.009,326.614,0.995,111.79,0.341,0.0,0.000
0,4294967295,49,47,Concat,Concat,dynamic,AI_VECTOR_CORE,1785697686569859.492	,56.901,0.004000,40,0,NO,"""1024,16;1024,16;1024,16;1024,16;1024,16;1024,16;1024,16;1024,16;1024,16;1024,16;1024,16;1024,16;1024,16;1024,16;1024,16;1024,16;1024,16;1024,16;1024,16;1024,16;1024,16;1024,16;1024,16;1024,16;1024,16;1024,16;1024,16;1024,16;1024,16;1024,16;1024,16;1024,16;1024,16;1024,16;1024,16;1024,16;1024,16;1024,16;1024,16;1024,16;1024,16;1024,16;1024,16;1024,16;1024,16;1024,16;1024,16;1024,16;1024,16;1024,16;1024,16;1024,16;1024,16;1024,16;1024,16;1024,16;1024,16;1024,16;1024,16;1024,16;1024,16;1024,16;1024,16;1024,16""",FLOAT16;FLOAT16;FLOAT16;FLOAT16;FLOAT16;FLOAT16;FLOAT16;FLOAT16;FLOAT16;FLOAT16;FLOAT16;FLOAT16;FLOAT16;FLOAT16;FLOAT16;FLOAT16;FLOAT16;FLOAT16;FLOAT16;FLOAT16;FLOAT16;FLOAT16;FLOAT16;FLOAT16;FLOAT16;FLOAT16;FLOAT16;FLOAT16;FLOAT16;FLOAT16;FLOAT16;FLOAT16;FLOAT16;FLOAT16;FLOAT16;FLOAT16;FLOAT16;FLOAT16;FLOAT16;FLOAT16;FLOAT16;FLOAT16;FLOAT16;FLOAT16;FLOAT16;FLOAT16;FLOAT16;FLOAT16;FLOAT16;FLOAT16;FLOAT16;FLOAT16;FLOAT16;FLOAT16;FLOAT16;FLOAT16;FLOAT16;FLOAT16;FLOAT16;FLOAT16;FLOAT16;FLOAT16;FLOAT16;FLOAT16,ND;ND;ND;ND;ND;ND;ND;ND;ND;ND;ND;ND;ND;ND;ND;ND;ND;ND;ND;ND;ND;ND;ND;ND;ND;ND;ND;ND;ND;ND;ND;ND;ND;ND;ND;ND;ND;ND;ND;ND;ND;ND;ND;ND;ND;ND;ND;ND;ND;ND;ND;ND;ND;ND;ND;ND;ND;ND;ND;ND;ND;ND;ND;ND,"""1024,1024""",FLOAT16,ND,N/A,0.0,0,0.0,0.0,0.0,0.0,0.0,0.0,0.0,0.0,0.0,0.0,0.0,46.288,3054986,0.017,0.0,3.781,0.082,32.328,0.698,10.491,0.227,0.0,0.000
0,4294967295,50,47,aclnnMul_MulAiCore_Mul,Mul,dynamic,AI_VECTOR_CORE,1785697686569916.413	,330.247,0.099000,40,0,NO,"""4096,4096;4096,4096""",FLOAT;FLOAT,ND;ND,"""4096,4096""",FLOAT,ND,N/A,0.0,0,0.0,0.0,0.0,0.0,0.0,0.0,0.0,0.0,0.0,0.0,0.0,327.468,21612915,6.784,0.021,3.039,0.009,325.88,0.995,109.288,0.334,0.0,0.000
0,4294967295,51,47,Concat,Concat,dynamic,AI_VECTOR_CORE,1785697686570246.680	,55.261,0.003000,40,0,NO,"""1024,16;1024,16;1024,16;1024,16;1024,16;1024,16;1024,16;1024,16;1024,16;1024,16;1024,16;1024,16;1024,16;1024,16;1024,16;1024,16;1024,16;1024,16;1024,16;1024,16;1024,16;1024,16;1024,16;1024,16;1024,16;1024,16;1024,16;1024,16;1024,16;1024,16;1024,16;1024,16;1024,16;1024,16;1024,16;1024,16;1024,16;1024,16;1024,16;1024,16;1024,16;1024,16;1024,16;1024,16;1024,16;1024,16;1024,16;1024,16;1024,16;1024,16;1024,16;1024,16;1024,16;1024,16;1024,16;1024,16;1024,16;1024,16;1024,16;1024,16;1024,16;1024,16;1024,16;1024,16""",FLOAT16;FLOAT16;FLOAT16;FLOAT16;FLOAT16;FLOAT16;FLOAT16;FLOAT16;FLOAT16;FLOAT16;FLOAT16;FLOAT16;FLOAT16;FLOAT16;FLOAT16;FLOAT16;FLOAT16;FLOAT16;FLOAT16;FLOAT16;FLOAT16;FLOAT16;FLOAT16;FLOAT16;FLOAT16;FLOAT16;FLOAT16;FLOAT16;FLOAT16;FLOAT16;FLOAT16;FLOAT16;FLOAT16;FLOAT16;FLOAT16;FLOAT16;FLOAT16;FLOAT16;FLOAT16;FLOAT16;FLOAT16;FLOAT16;FLOAT16;FLOAT16;FLOAT16;FLOAT16;FLOAT16;FLOAT16;FLOAT16;FLOAT16;FLOAT16;FLOAT16;FLOAT16;FLOAT16;FLOAT16;FLOAT16;FLOAT16;FLOAT16;FLOAT16;FLOAT16;FLOAT16;FLOAT16;FLOAT16;FLOAT16,ND;ND;ND;ND;ND;ND;ND;ND;ND;ND;ND;ND;ND;ND;ND;ND;ND;ND;ND;ND;ND;ND;ND;ND;ND;ND;ND;ND;ND;ND;ND;ND;ND;ND;ND;ND;ND;ND;ND;ND;ND;ND;ND;ND;ND;ND;ND;ND;ND;ND;ND;ND;ND;ND;ND;ND;ND;ND;ND;ND;ND;ND;ND;ND,"""1024,1024""",FLOAT16,ND,N/A,0.0,0,0.0,0.0,0.0,0.0,0.0,0.0,0.0,0.0,0.0,0.0,0.0,44.948,2966584,0.017,0.0,3.689,0.082,31.448,0.7,10.14,0.226,0.0,0.000
0,4294967295,52,47,aclnnMul_MulAiCore_Mul,Mul,dynamic,AI_VECTOR_CORE,1785697686570301.961	,329.367,0.000000,40,0,NO,"""4096,4096;4096,4096""",FLOAT;FLOAT,ND;ND,"""4096,4096""",FLOAT,ND,N/A,0.0,0,0.0,0.0,0.0,0.0,0.0,0.0,0.0,0.0,0.0,0.0,0.0,326.7,21562200,6.784,0.021,2.903,0.009,325.273,0.996,109.406,0.335,0.0,0.000
0,4294967295,53,47,Concat,Concat,dynamic,AI_VECTOR_CORE,1785697686570631.368	,55.021,0.000000,40,0,NO,"""1024,16;1024,16;1024,16;1024,16;1024,16;1024,16;1024,16;1024,16;1024,16;1024,16;1024,16;1024,16;1024,16;1024,16;1024,16;1024,16;1024,16;1024,16;1024,16;1024,16;1024,16;1024,16;1024,16;1024,16;1024,16;1024,16;1024,16;1024,16;1024,16;1024,16;1024,16;1024,16;1024,16;1024,16;1024,16;1024,16;1024,16;1024,16;1024,16;1024,16;1024,16;1024,16;1024,16;1024,16;1024,16;1024,16;1024,16;1024,16;1024,16;1024,16;1024,16;1024,16;1024,16;1024,16;1024,16;1024,16;1024,16;1024,16;1024,16;1024,16;1024,16;1024,16;1024,16;1024,16""",FLOAT16;FLOAT16;FLOAT16;FLOAT16;FLOAT16;FLOAT16;FLOAT16;FLOAT16;FLOAT16;FLOAT16;FLOAT16;FLOAT16;FLOAT16;FLOAT16;FLOAT16;FLOAT16;FLOAT16;FLOAT16;FLOAT16;FLOAT16;FLOAT16;FLOAT16;FLOAT16;FLOAT16;FLOAT16;FLOAT16;FLOAT16;FLOAT16;FLOAT16;FLOAT16;FLOAT16;FLOAT16;FLOAT16;FLOAT16;FLOAT16;FLOAT16;FLOAT16;FLOAT16;FLOAT16;FLOAT16;FLOAT16;FLOAT16;FLOAT16;FLOAT16;FLOAT16;FLOAT16;FLOAT16;FLOAT16;FLOAT16;FLOAT16;FLOAT16;FLOAT16;FLOAT16;FLOAT16;FLOAT16;FLOAT16;FLOAT16;FLOAT16;FLOAT16;FLOAT16;FLOAT16;FLOAT16;FLOAT16;FLOAT16,ND;ND;ND;ND;ND;ND;ND;ND;ND;ND;ND;ND;ND;ND;ND;ND;ND;ND;ND;ND;ND;ND;ND;ND;ND;ND;ND;ND;ND;ND;ND;ND;ND;ND;ND;ND;ND;ND;ND;ND;ND;ND;ND;ND;ND;ND;ND;ND;ND;ND;ND;ND;ND;ND;ND;ND;ND;ND;ND;ND;ND;ND;ND;ND,"""1024,1024""",FLOAT16,ND,N/A,0.0,0,0.0,0.0,0.0,0.0,0.0,0.0,0.0,0.0,0.0,0.0,0.0,44.22,2918552,0.017,0.0,4.135,0.094,30.59,0.692,10.065,0.228,0.0,0.000
0,4294967295,54,47,aclnnMul_MulAiCore_Mul,Mul,dynamic,AI_VECTOR_CORE,1785697686570686.409	,329.806,0.229000,40,0,NO,"""4096,4096;4096,4096""",FLOAT;FLOAT,ND;ND,"""4096,4096""",FLOAT,ND,N/A,0.0,0,0.0,0.0,0.0,0.0,0.0,0.0,0.0,0.0,0.0,0.0,0.0,326.904,21575685,6.784,0.021,3.465,0.011,324.837,0.994,109.682,0.336,0.0,0.000
0,4294967295,55,47,Concat,Concat,dynamic,AI_VECTOR_CORE,1785697686571016.255	,55.641,0.000000,40,0,NO,"""1024,16;1024,16;1024,16;1024,16;1024,16;1024,16;1024,16;1024,16;1024,16;1024,16;1024,16;1024,16;1024,16;1024,16;1024,16;1024,16;1024,16;1024,16;1024,16;1024,16;1024,16;1024,16;1024,16;1024,16;1024,16;1024,16;1024,16;1024,16;1024,16;1024,16;1024,16;1024,16;1024,16;1024,16;1024,16;1024,16;1024,16;1024,16;1024,16;1024,16;1024,16;1024,16;1024,16;1024,16;1024,16;1024,16;1024,16;1024,16;1024,16;1024,16;1024,16;1024,16;1024,16;1024,16;1024,16;1024,16;1024,16;1024,16;1024,16;1024,16;1024,16;1024,16;1024,16;1024,16""",FLOAT16;FLOAT16;FLOAT16;FLOAT16;FLOAT16;FLOAT16;FLOAT16;FLOAT16;FLOAT16;FLOAT16;FLOAT16;FLOAT16;FLOAT16;FLOAT16;FLOAT16;FLOAT16;FLOAT16;FLOAT16;FLOAT16;FLOAT16;FLOAT16;FLOAT16;FLOAT16;FLOAT16;FLOAT16;FLOAT16;FLOAT16;FLOAT16;FLOAT16;FLOAT16;FLOAT16;FLOAT16;FLOAT16;FLOAT16;FLOAT16;FLOAT16;FLOAT16;FLOAT16;FLOAT16;FLOAT16;FLOAT16;FLOAT16;FLOAT16;FLOAT16;FLOAT16;FLOAT16;FLOAT16;FLOAT16;FLOAT16;FLOAT16;FLOAT16;FLOAT16;FLOAT16;FLOAT16;FLOAT16;FLOAT16;FLOAT16;FLOAT16;FLOAT16;FLOAT16;FLOAT16;FLOAT16;FLOAT16;FLOAT16,ND;ND;ND;ND;ND;ND;ND;ND;ND;ND;ND;ND;ND;ND;ND;ND;ND;ND;ND;ND;ND;ND;ND;ND;ND;ND;ND;ND;ND;ND;ND;ND;ND;ND;ND;ND;ND;ND;ND;ND;ND;ND;ND;ND;ND;ND;ND;ND;ND;ND;ND;ND;ND;ND;ND;ND;ND;ND;ND;ND;ND;ND;ND;ND,"""1024,1024""",FLOAT16,ND,N/A,0.0,0,0.0,0.0,0.0,0.0,0.0,0.0,0.0,0.0,0.0,0.0,0.0,44.981,2968777,0.017,0.0,3.994,0.089,31.168,0.693,10.268,0.228,0.0,0.000
0,4294967295,56,47,aclnnMul_MulAiCore_Mul,Mul,dynamic,AI_VECTOR_CORE,1785697686571071.916	,328.607,0.109000,40,0,NO,"""4096,4096;4096,4096""",FLOAT;FLOAT,ND;ND,"""4096,4096""",FLOAT,ND,N/A,0.0,0,0.0,0.0,0.0,0.0,0.0,0.0,0.0,0.0,0.0,0.0,0.0,326.948,21578544,6.784,0.021,3.086,0.009,325.363,0.995,109.519,0.335,0.0,0.000
0,4294967295,57,47,Concat,Concat,dynamic,AI_VECTOR_CORE,1785697686571400.563	,55.161,0.000000,40,0,NO,"""1024,16;1024,16;1024,16;1024,16;1024,16;1024,16;1024,16;1024,16;1024,16;1024,16;1024,16;1024,16;1024,16;1024,16;1024,16;1024,16;1024,16;1024,16;1024,16;1024,16;1024,16;1024,16;1024,16;1024,16;1024,16;1024,16;1024,16;1024,16;1024,16;1024,16;1024,16;1024,16;1024,16;1024,16;1024,16;1024,16;1024,16;1024,16;1024,16;1024,16;1024,16;1024,16;1024,16;1024,16;1024,16;1024,16;1024,16;1024,16;1024,16;1024,16;1024,16;1024,16;1024,16;1024,16;1024,16;1024,16;1024,16;1024,16;1024,16;1024,16;1024,16;1024,16;1024,16;1024,16""",FLOAT16;FLOAT16;FLOAT16;FLOAT16;FLOAT16;FLOAT16;FLOAT16;FLOAT16;FLOAT16;FLOAT16;FLOAT16;FLOAT16;FLOAT16;FLOAT16;FLOAT16;FLOAT16;FLOAT16;FLOAT16;FLOAT16;FLOAT16;FLOAT16;FLOAT16;FLOAT16;FLOAT16;FLOAT16;FLOAT16;FLOAT16;FLOAT16;FLOAT16;FLOAT16;FLOAT16;FLOAT16;FLOAT16;FLOAT16;FLOAT16;FLOAT16;FLOAT16;FLOAT16;FLOAT16;FLOAT16;FLOAT16;FLOAT16;FLOAT16;FLOAT16;FLOAT16;FLOAT16;FLOAT16;FLOAT16;FLOAT16;FLOAT16;FLOAT16;FLOAT16;FLOAT16;FLOAT16;FLOAT16;FLOAT16;FLOAT16;FLOAT16;FLOAT16;FLOAT16;FLOAT16;FLOAT16;FLOAT16;FLOAT16,ND;ND;ND;ND;ND;ND;ND;ND;ND;ND;ND;ND;ND;ND;ND;ND;ND;ND;ND;ND;ND;ND;ND;ND;ND;ND;ND;ND;ND;ND;ND;ND;ND;ND;ND;ND;ND;ND;ND;ND;ND;ND;ND;ND;ND;ND;ND;ND;ND;ND;ND;ND;ND;ND;ND;ND;ND;ND;ND;ND;ND;ND;ND;ND,"""1024,1024""",FLOAT16,ND,N/A,0.0,0,0.0,0.0,0.0,0.0,0.0,0.0,0.0,0.0,0.0,0.0,0.0,44.989,2969300,0.017,0.0,3.849,0.086,31.569,0.702,10.011,0.223,0.0,0.000
0,4294967295,58,47,aclnnMul_MulAiCore_Mul,Mul,dynamic,AI_VECTOR_CORE,1785697686571455.744	,330.467,0.089000,40,0,NO,"""4096,4096;4096,4096""",FLOAT;FLOAT,ND;ND,"""4096,4096""",FLOAT,ND,N/A,0.0,0,0.0,0.0,0.0,0.0,0.0,0.0,0.0,0.0,0.0,0.0,0.0,327.873,21639615,6.784,0.021,3.126,0.01,326.209,0.995,110.585,0.337,0.0,0.000
0,4294967295,59,47,Concat,Concat,dynamic,AI_VECTOR_CORE,1785697686571786.231	,56.281,0.033000,40,0,NO,"""1024,16;1024,16;1024,16;1024,16;1024,16;1024,16;1024,16;1024,16;1024,16;1024,16;1024,16;1024,16;1024,16;1024,16;1024,16;1024,16;1024,16;1024,16;1024,16;1024,16;1024,16;1024,16;1024,16;1024,16;1024,16;1024,16;1024,16;1024,16;1024,16;1024,16;1024,16;1024,16;1024,16;1024,16;1024,16;1024,16;1024,16;1024,16;1024,16;1024,16;1024,16;1024,16;1024,16;1024,16;1024,16;1024,16;1024,16;1024,16;1024,16;1024,16;1024,16;1024,16;1024,16;1024,16;1024,16;1024,16;1024,16;1024,16;1024,16;1024,16;1024,16;1024,16;1024,16;1024,16""",FLOAT16;FLOAT16;FLOAT16;FLOAT16;FLOAT16;FLOAT16;FLOAT16;FLOAT16;FLOAT16;FLOAT16;FLOAT16;FLOAT16;FLOAT16;FLOAT16;FLOAT16;FLOAT16;FLOAT16;FLOAT16;FLOAT16;FLOAT16;FLOAT16;FLOAT16;FLOAT16;FLOAT16;FLOAT16;FLOAT16;FLOAT16;FLOAT16;FLOAT16;FLOAT16;FLOAT16;FLOAT16;FLOAT16;FLOAT16;FLOAT16;FLOAT16;FLOAT16;FLOAT16;FLOAT16;FLOAT16;FLOAT16;FLOAT16;FLOAT16;FLOAT16;FLOAT16;FLOAT16;FLOAT16;FLOAT16;FLOAT16;FLOAT16;FLOAT16;FLOAT16;FLOAT16;FLOAT16;FLOAT16;FLOAT16;FLOAT16;FLOAT16;FLOAT16;FLOAT16;FLOAT16;FLOAT16;FLOAT16;FLOAT16,ND;ND;ND;ND;ND;ND;ND;ND;ND;ND;ND;ND;ND;ND;ND;ND;ND;ND;ND;ND;ND;ND;ND;ND;ND;ND;ND;ND;ND;ND;ND;ND;ND;ND;ND;ND;ND;ND;ND;ND;ND;ND;ND;ND;ND;ND;ND;ND;ND;ND;ND;ND;ND;ND;ND;ND;ND;ND;ND;ND;ND;ND;ND;ND,"""1024,1024""",FLOAT16,ND,N/A,0.0,0,0.0,0.0,0.0,0.0,0.0,0.0,0.0,0.0,0.0,0.0,0.0,45.158,2980443,0.017,0.0,4.467,0.099,31.485,0.697,9.74,0.216,0.0,0.000
0,4294967295,60,47,aclnnMul_MulAiCore_Mul,Mul,dynamic,AI_VECTOR_CORE,1785697686571842.532	,328.566,0.000000,40,0,NO,"""4096,4096;4096,4096""",FLOAT;FLOAT,ND;ND,"""4096,4096""",FLOAT,ND,N/A,0.0,0,0.0,0.0,0.0,0.0,0.0,0.0,0.0,0.0,0.0,0.0,0.0,326.481,21547741,6.784,0.021,2.973,0.009,324.978,0.995,110.38,0.338,0.0,0.000
0,4294967295,61,47,Concat,Concat,dynamic,AI_VECTOR_CORE,1785697686572171.118	,54.242,0.000000,40,0,NO,"""1024,16;1024,16;1024,16;1024,16;1024,16;1024,16;1024,16;1024,16;1024,16;1024,16;1024,16;1024,16;1024,16;1024,16;1024,16;1024,16;1024,16;1024,16;1024,16;1024,16;1024,16;1024,16;1024,16;1024,16;1024,16;1024,16;1024,16;1024,16;1024,16;1024,16;1024,16;1024,16;1024,16;1024,16;1024,16;1024,16;1024,16;1024,16;1024,16;1024,16;1024,16;1024,16;1024,16;1024,16;1024,16;1024,16;1024,16;1024,16;1024,16;1024,16;1024,16;1024,16;1024,16;1024,16;1024,16;1024,16;1024,16;1024,16;1024,16;1024,16;1024,16;1024,16;1024,16;1024,16""",FLOAT16;FLOAT16;FLOAT16;FLOAT16;FLOAT16;FLOAT16;FLOAT16;FLOAT16;FLOAT16;FLOAT16;FLOAT16;FLOAT16;FLOAT16;FLOAT16;FLOAT16;FLOAT16;FLOAT16;FLOAT16;FLOAT16;FLOAT16;FLOAT16;FLOAT16;FLOAT16;FLOAT16;FLOAT16;FLOAT16;FLOAT16;FLOAT16;FLOAT16;FLOAT16;FLOAT16;FLOAT16;FLOAT16;FLOAT16;FLOAT16;FLOAT16;FLOAT16;FLOAT16;FLOAT16;FLOAT16;FLOAT16;FLOAT16;FLOAT16;FLOAT16;FLOAT16;FLOAT16;FLOAT16;FLOAT16;FLOAT16;FLOAT16;FLOAT16;FLOAT16;FLOAT16;FLOAT16;FLOAT16;FLOAT16;FLOAT16;FLOAT16;FLOAT16;FLOAT16;FLOAT16;FLOAT16;FLOAT16;FLOAT16,ND;ND;ND;ND;ND;ND;ND;ND;ND;ND;ND;ND;ND;ND;ND;ND;ND;ND;ND;ND;ND;ND;ND;ND;ND;ND;ND;ND;ND;ND;ND;ND;ND;ND;ND;ND;ND;ND;ND;ND;ND;ND;ND;ND;ND;ND;ND;ND;ND;ND;ND;ND;ND;ND;ND;ND;ND;ND;ND;ND;ND;ND;ND;ND,"""1024,1024""",FLOAT16,ND,N/A,0.0,0,0.0,0.0,0.0,0.0,0.0,0.0,0.0,0.0,0.0,0.0,0.0,44.025,2905681,0.017,0.0,3.699,0.084,30.567,0.694,10.146,0.23,0.0,0.000
0,4294967295,62,47,aclnnMul_MulAiCore_Mul,Mul,dynamic,AI_VECTOR_CORE,1785697686572225.380	,330.606,0.258000,40,0,NO,"""4096,4096;4096,4096""",FLOAT;FLOAT,ND;ND,"""4096,4096""",FLOAT,ND,N/A,0.0,0,0.0,0.0,0.0,0.0,0.0,0.0,0.0,0.0,0.0,0.0,0.0,328.046,21651044,6.784,0.021,3.103,0.009,326.426,0.995,111.311,0.339,0.0,0.000
0,4294967295,63,47,Concat,Concat,dynamic,AI_VECTOR_CORE,1785697686572556.006	,54.581,0.000000,40,0,NO,"""1024,16;1024,16;1024,16;1024,16;1024,16;1024,16;1024,16;1024,16;1024,16;1024,16;1024,16;1024,16;1024,16;1024,16;1024,16;1024,16;1024,16;1024,16;1024,16;1024,16;1024,16;1024,16;1024,16;1024,16;1024,16;1024,16;1024,16;1024,16;1024,16;1024,16;1024,16;1024,16;1024,16;1024,16;1024,16;1024,16;1024,16;1024,16;1024,16;1024,16;1024,16;1024,16;1024,16;1024,16;1024,16;1024,16;1024,16;1024,16;1024,16;1024,16;1024,16;1024,16;1024,16;1024,16;1024,16;1024,16;1024,16;1024,16;1024,16;1024,16;1024,16;1024,16;1024,16;1024,16""",FLOAT16;FLOAT16;FLOAT16;FLOAT16;FLOAT16;FLOAT16;FLOAT16;FLOAT16;FLOAT16;FLOAT16;FLOAT16;FLOAT16;FLOAT16;FLOAT16;FLOAT16;FLOAT16;FLOAT16;FLOAT16;FLOAT16;FLOAT16;FLOAT16;FLOAT16;FLOAT16;FLOAT16;FLOAT16;FLOAT16;FLOAT16;FLOAT16;FLOAT16;FLOAT16;FLOAT16;FLOAT16;FLOAT16;FLOAT16;FLOAT16;FLOAT16;FLOAT16;FLOAT16;FLOAT16;FLOAT16;FLOAT16;FLOAT16;FLOAT16;FLOAT16;FLOAT16;FLOAT16;FLOAT16;FLOAT16;FLOAT16;FLOAT16;FLOAT16;FLOAT16;FLOAT16;FLOAT16;FLOAT16;FLOAT16;FLOAT16;FLOAT16;FLOAT16;FLOAT16;FLOAT16;FLOAT16;FLOAT16;FLOAT16,ND;ND;ND;ND;ND;ND;ND;ND;ND;ND;ND;ND;ND;ND;ND;ND;ND;ND;ND;ND;ND;ND;ND;ND;ND;ND;ND;ND;ND;ND;ND;ND;ND;ND;ND;ND;ND;ND;ND;ND;ND;ND;ND;ND;ND;ND;ND;ND;ND;ND;ND;ND;ND;ND;ND;ND;ND;ND;ND;ND;ND;ND;ND;ND,"""1024,1024""",FLOAT16,ND,N/A,0.0,0,0.0,0.0,0.0,0.0,0.0,0.0,0.0,0.0,0.0,0.0,0.0,44.129,2912497,0.017,0.0,3.646,0.083,30.568,0.693,10.335,0.234,0.0,0.000
0,4294967295,64,47,aclnnMul_MulAiCore_Mul,Mul,dynamic,AI_VECTOR_CORE,1785697686572610.607	,328.527,0.000000,40,0,NO,"""4096,4096;4096,4096""",FLOAT;FLOAT,ND;ND,"""4096,4096""",FLOAT,ND,N/A,0.0,0,0.0,0.0,0.0,0.0,0.0,0.0,0.0,0.0,0.0,0.0,0.0,325.949,21512628,6.784,0.021,3.036,0.009,324.399,0.995,111.494,0.342,0.0,0.000
0,4294967295,65,47,Concat,Concat,dynamic,AI_VECTOR_CORE,1785697686572939.154	,56.321,0.223000,40,0,NO,"""1024,16;1024,16;1024,16;1024,16;1024,16;1024,16;1024,16;1024,16;1024,16;1024,16;1024,16;1024,16;1024,16;1024,16;1024,16;1024,16;1024,16;1024,16;1024,16;1024,16;1024,16;1024,16;1024,16;1024,16;1024,16;1024,16;1024,16;1024,16;1024,16;1024,16;1024,16;1024,16;1024,16;1024,16;1024,16;1024,16;1024,16;1024,16;1024,16;1024,16;1024,16;1024,16;1024,16;1024,16;1024,16;1024,16;1024,16;1024,16;1024,16;1024,16;1024,16;1024,16;1024,16;1024,16;1024,16;1024,16;1024,16;1024,16;1024,16;1024,16;1024,16;1024,16;1024,16;1024,16""",FLOAT16;FLOAT16;FLOAT16;FLOAT16;FLOAT16;FLOAT16;FLOAT16;FLOAT16;FLOAT16;FLOAT16;FLOAT16;FLOAT16;FLOAT16;FLOAT16;FLOAT16;FLOAT16;FLOAT16;FLOAT16;FLOAT16;FLOAT16;FLOAT16;FLOAT16;FLOAT16;FLOAT16;FLOAT16;FLOAT16;FLOAT16;FLOAT16;FLOAT16;FLOAT16;FLOAT16;FLOAT16;FLOAT16;FLOAT16;FLOAT16;FLOAT16;FLOAT16;FLOAT16;FLOAT16;FLOAT16;FLOAT16;FLOAT16;FLOAT16;FLOAT16;FLOAT16;FLOAT16;FLOAT16;FLOAT16;FLOAT16;FLOAT16;FLOAT16;FLOAT16;FLOAT16;FLOAT16;FLOAT16;FLOAT16;FLOAT16;FLOAT16;FLOAT16;FLOAT16;FLOAT16;FLOAT16;FLOAT16;FLOAT16,ND;ND;ND;ND;ND;ND;ND;ND;ND;ND;ND;ND;ND;ND;ND;ND;ND;ND;ND;ND;ND;ND;ND;ND;ND;ND;ND;ND;ND;ND;ND;ND;ND;ND;ND;ND;ND;ND;ND;ND;ND;ND;ND;ND;ND;ND;ND;ND;ND;ND;ND;ND;ND;ND;ND;ND;ND;ND;ND;ND;ND;ND;ND;ND,"""1024,1024""",FLOAT16,ND,N/A,0.0,0,0.0,0.0,0.0,0.0,0.0,0.0,0.0,0.0,0.0,0.0,0.0,45.322,2991264,0.017,0.0,3.979,0.088,31.626,0.698,10.331,0.228,0.0,0.000
0,4294967295,66,47,aclnnMul_MulAiCore_Mul,Mul,dynamic,AI_VECTOR_CORE,1785697686572995.495	,328.926,0.000000,40,0,NO,"""4096,4096;4096,4096""",FLOAT;FLOAT,ND;ND,"""4096,4096""",FLOAT,ND,N/A,0.0,0,0.0,0.0,0.0,0.0,0.0,0.0,0.0,0.0,0.0,0.0,0.0,326.913,21576225,6.784,0.021,3.081,0.009,325.307,0.995,110.205,0.337,0.0,0.000
0,4294967295,67,47,Concat,Concat,dynamic,AI_VECTOR_CORE,1785697686573324.441	,56.702,0.074000,40,0,NO,"""1024,16;1024,16;1024,16;1024,16;1024,16;1024,16;1024,16;1024,16;1024,16;1024,16;1024,16;1024,16;1024,16;1024,16;1024,16;1024,16;1024,16;1024,16;1024,16;1024,16;1024,16;1024,16;1024,16;1024,16;1024,16;1024,16;1024,16;1024,16;1024,16;1024,16;1024,16;1024,16;1024,16;1024,16;1024,16;1024,16;1024,16;1024,16;1024,16;1024,16;1024,16;1024,16;1024,16;1024,16;1024,16;1024,16;1024,16;1024,16;1024,16;1024,16;1024,16;1024,16;1024,16;1024,16;1024,16;1024,16;1024,16;1024,16;1024,16;1024,16;1024,16;1024,16;1024,16;1024,16""",FLOAT16;FLOAT16;FLOAT16;FLOAT16;FLOAT16;FLOAT16;FLOAT16;FLOAT16;FLOAT16;FLOAT16;FLOAT16;FLOAT16;FLOAT16;FLOAT16;FLOAT16;FLOAT16;FLOAT16;FLOAT16;FLOAT16;FLOAT16;FLOAT16;FLOAT16;FLOAT16;FLOAT16;FLOAT16;FLOAT16;FLOAT16;FLOAT16;FLOAT16;FLOAT16;FLOAT16;FLOAT16;FLOAT16;FLOAT16;FLOAT16;FLOAT16;FLOAT16;FLOAT16;FLOAT16;FLOAT16;FLOAT16;FLOAT16;FLOAT16;FLOAT16;FLOAT16;FLOAT16;FLOAT16;FLOAT16;FLOAT16;FLOAT16;FLOAT16;FLOAT16;FLOAT16;FLOAT16;FLOAT16;FLOAT16;FLOAT16;FLOAT16;FLOAT16;FLOAT16;FLOAT16;FLOAT16;FLOAT16;FLOAT16,ND;ND;ND;ND;ND;ND;ND;ND;ND;ND;ND;ND;ND;ND;ND;ND;ND;ND;ND;ND;ND;ND;ND;ND;ND;ND;ND;ND;ND;ND;ND;ND;ND;ND;ND;ND;ND;ND;ND;ND;ND;ND;ND;ND;ND;ND;ND;ND;ND;ND;ND;ND;ND;ND;ND;ND;ND;ND;ND;ND;ND;ND;ND;ND,"""1024,1024""",FLOAT16,ND,N/A,0.0,0,0.0,0.0,0.0,0.0,0.0,0.0,0.0,0.0,0.0,0.0,0.0,45.873,3027641,0.017,0.0,4.132,0.09,31.969,0.697,10.42,0.227,0.0,0.000
0,4294967295,68,47,aclnnMul_MulAiCore_Mul,Mul,dynamic,AI_VECTOR_CORE,1785697686573381.163	,327.626,0.048000,40,0,NO,"""4096,4096;4096,4096""",FLOAT;FLOAT,ND;ND,"""4096,4096""",FLOAT,ND,N/A,0.0,0,0.0,0.0,0.0,0.0,0.0,0.0,0.0,0.0,0.0,0.0,0.0,325.744,21499074,6.784,0.021,3.053,0.009,324.187,0.995,108.107,0.332,0.0,0.000
0,4294967295,69,47,Concat,Concat,dynamic,AI_VECTOR_CORE,1785697686573708.809	,56.321,0.000000,40,0,NO,"""1024,16;1024,16;1024,16;1024,16;1024,16;1024,16;1024,16;1024,16;1024,16;1024,16;1024,16;1024,16;1024,16;1024,16;1024,16;1024,16;1024,16;1024,16;1024,16;1024,16;1024,16;1024,16;1024,16;1024,16;1024,16;1024,16;1024,16;1024,16;1024,16;1024,16;1024,16;1024,16;1024,16;1024,16;1024,16;1024,16;1024,16;1024,16;1024,16;1024,16;1024,16;1024,16;1024,16;1024,16;1024,16;1024,16;1024,16;1024,16;1024,16;1024,16;1024,16;1024,16;1024,16;1024,16;1024,16;1024,16;1024,16;1024,16;1024,16;1024,16;1024,16;1024,16;1024,16;1024,16""",FLOAT16;FLOAT16;FLOAT16;FLOAT16;FLOAT16;FLOAT16;FLOAT16;FLOAT16;FLOAT16;FLOAT16;FLOAT16;FLOAT16;FLOAT16;FLOAT16;FLOAT16;FLOAT16;FLOAT16;FLOAT16;FLOAT16;FLOAT16;FLOAT16;FLOAT16;FLOAT16;FLOAT16;FLOAT16;FLOAT16;FLOAT16;FLOAT16;FLOAT16;FLOAT16;FLOAT16;FLOAT16;FLOAT16;FLOAT16;FLOAT16;FLOAT16;FLOAT16;FLOAT16;FLOAT16;FLOAT16;FLOAT16;FLOAT16;FLOAT16;FLOAT16;FLOAT16;FLOAT16;FLOAT16;FLOAT16;FLOAT16;FLOAT16;FLOAT16;FLOAT16;FLOAT16;FLOAT16;FLOAT16;FLOAT16;FLOAT16;FLOAT16;FLOAT16;FLOAT16;FLOAT16;FLOAT16;FLOAT16;FLOAT16,ND;ND;ND;ND;ND;ND;ND;ND;ND;ND;ND;ND;ND;ND;ND;ND;ND;ND;ND;ND;ND;ND;ND;ND;ND;ND;ND;ND;ND;ND;ND;ND;ND;ND;ND;ND;ND;ND;ND;ND;ND;ND;ND;ND;ND;ND;ND;ND;ND;ND;ND;ND;ND;ND;ND;ND;ND;ND;ND;ND;ND;ND;ND;ND,"""1024,1024""",FLOAT16,ND,N/A,0.0,0,0.0,0.0,0.0,0.0,0.0,0.0,0.0,0.0,0.0,0.0,0.0,44.67,2948240,0.017,0.0,3.88,0.087,31.064,0.695,10.14,0.227,0.0,0.000
0,4294967295,70,47,aclnnMul_MulAiCore_Mul,Mul,dynamic,AI_VECTOR_CORE,1785697686573765.150	,330.827,0.179000,40,0,NO,"""4096,4096;4096,4096""",FLOAT;FLOAT,ND;ND,"""4096,4096""",FLOAT,ND,N/A,0.0,0,0.0,0.0,0.0,0.0,0.0,0.0,0.0,0.0,0.0,0.0,0.0,328.46,21678337,6.784,0.021,3.137,0.01,326.821,0.995,111.524,0.34,0.0,0.000
0,4294967295,71,47,Concat,Concat,dynamic,AI_VECTOR_CORE,1785697686574096.017	,55.141,0.000000,40,0,NO,"""1024,16;1024,16;1024,16;1024,16;1024,16;1024,16;1024,16;1024,16;1024,16;1024,16;1024,16;1024,16;1024,16;1024,16;1024,16;1024,16;1024,16;1024,16;1024,16;1024,16;1024,16;1024,16;1024,16;1024,16;1024,16;1024,16;1024,16;1024,16;1024,16;1024,16;1024,16;1024,16;1024,16;1024,16;1024,16;1024,16;1024,16;1024,16;1024,16;1024,16;1024,16;1024,16;1024,16;1024,16;1024,16;1024,16;1024,16;1024,16;1024,16;1024,16;1024,16;1024,16;1024,16;1024,16;1024,16;1024,16;1024,16;1024,16;1024,16;1024,16;1024,16;1024,16;1024,16;1024,16""",FLOAT16;FLOAT16;FLOAT16;FLOAT16;FLOAT16;FLOAT16;FLOAT16;FLOAT16;FLOAT16;FLOAT16;FLOAT16;FLOAT16;FLOAT16;FLOAT16;FLOAT16;FLOAT16;FLOAT16;FLOAT16;FLOAT16;FLOAT16;FLOAT16;FLOAT16;FLOAT16;FLOAT16;FLOAT16;FLOAT16;FLOAT16;FLOAT16;FLOAT16;FLOAT16;FLOAT16;FLOAT16;FLOAT16;FLOAT16;FLOAT16;FLOAT16;FLOAT16;FLOAT16;FLOAT16;FLOAT16;FLOAT16;FLOAT16;FLOAT16;FLOAT16;FLOAT16;FLOAT16;FLOAT16;FLOAT16;FLOAT16;FLOAT16;FLOAT16;FLOAT16;FLOAT16;FLOAT16;FLOAT16;FLOAT16;FLOAT16;FLOAT16;FLOAT16;FLOAT16;FLOAT16;FLOAT16;FLOAT16;FLOAT16,ND;ND;ND;ND;ND;ND;ND;ND;ND;ND;ND;ND;ND;ND;ND;ND;ND;ND;ND;ND;ND;ND;ND;ND;ND;ND;ND;ND;ND;ND;ND;ND;ND;ND;ND;ND;ND;ND;ND;ND;ND;ND;ND;ND;ND;ND;ND;ND;ND;ND;ND;ND;ND;ND;ND;ND;ND;ND;ND;ND;ND;ND;ND;ND,"""1024,1024""",FLOAT16,ND,N/A,0.0,0,0.0,0.0,0.0,0.0,0.0,0.0,0.0,0.0,0.0,0.0,0.0,45.009,2970575,0.017,0.0,4.179,0.093,30.96,0.688,10.478,0.233,0.0,0.000
0,4294967295,72,47,aclnnMul_MulAiCore_Mul,Mul,dynamic,AI_VECTOR_CORE,1785697686574151.178	,329.767,0.109000,40,0,NO,"""4096,4096;4096,4096""",FLOAT;FLOAT,ND;ND,"""4096,4096""",FLOAT,ND,N/A,0.0,0,0.0,0.0,0.0,0.0,0.0,0.0,0.0,0.0,0.0,0.0,0.0,326.81,21569468,6.784,0.021,2.941,0.009,325.345,0.996,110.309,0.338,0.0,0.000
0,4294967295,73,47,Concat,Concat,dynamic,AI_VECTOR_CORE,1785697686574480.985	,55.361,0.000000,40,0,NO,"""1024,16;1024,16;1024,16;1024,16;1024,16;1024,16;1024,16;1024,16;1024,16;1024,16;1024,16;1024,16;1024,16;1024,16;1024,16;1024,16;1024,16;1024,16;1024,16;1024,16;1024,16;1024,16;1024,16;1024,16;1024,16;1024,16;1024,16;1024,16;1024,16;1024,16;1024,16;1024,16;1024,16;1024,16;1024,16;1024,16;1024,16;1024,16;1024,16;1024,16;1024,16;1024,16;1024,16;1024,16;1024,16;1024,16;1024,16;1024,16;1024,16;1024,16;1024,16;1024,16;1024,16;1024,16;1024,16;1024,16;1024,16;1024,16;1024,16;1024,16;1024,16;1024,16;1024,16;1024,16""",FLOAT16;FLOAT16;FLOAT16;FLOAT16;FLOAT16;FLOAT16;FLOAT16;FLOAT16;FLOAT16;FLOAT16;FLOAT16;FLOAT16;FLOAT16;FLOAT16;FLOAT16;FLOAT16;FLOAT16;FLOAT16;FLOAT16;FLOAT16;FLOAT16;FLOAT16;FLOAT16;FLOAT16;FLOAT16;FLOAT16;FLOAT16;FLOAT16;FLOAT16;FLOAT16;FLOAT16;FLOAT16;FLOAT16;FLOAT16;FLOAT16;FLOAT16;FLOAT16;FLOAT16;FLOAT16;FLOAT16;FLOAT16;FLOAT16;FLOAT16;FLOAT16;FLOAT16;FLOAT16;FLOAT16;FLOAT16;FLOAT16;FLOAT16;FLOAT16;FLOAT16;FLOAT16;FLOAT16;FLOAT16;FLOAT16;FLOAT16;FLOAT16;FLOAT16;FLOAT16;FLOAT16;FLOAT16;FLOAT16;FLOAT16,ND;ND;ND;ND;ND;ND;ND;ND;ND;ND;ND;ND;ND;ND;ND;ND;ND;ND;ND;ND;ND;ND;ND;ND;ND;ND;ND;ND;ND;ND;ND;ND;ND;ND;ND;ND;ND;ND;ND;ND;ND;ND;ND;ND;ND;ND;ND;ND;ND;ND;ND;ND;ND;ND;ND;ND;ND;ND;ND;ND;ND;ND;ND;ND,"""1024,1024""",FLOAT16,ND,N/A,0.0,0,0.0,0.0,0.0,0.0,0.0,0.0,0.0,0.0,0.0,0.0,0.0,45.463,3000557,0.017,0.0,3.734,0.082,31.716,0.698,10.352,0.228,0.0,0.000
0,4294967295,74,47,aclnnMul_MulAiCore_Mul,Mul,dynamic,AI_VECTOR_CORE,1785697686574536.366	,329.066,0.000000,40,0,NO,"""4096,4096;4096,4096""",FLOAT;FLOAT,ND;ND,"""4096,4096""",FLOAT,ND,N/A,0.0,0,0.0,0.0,0.0,0.0,0.0,0.0,0.0,0.0,0.0,0.0,0.0,326.572,21553769,6.784,0.021,3.032,0.009,325.023,0.995,107.088,0.328,0.0,0.000
0,4294967295,75,47,Concat,Concat,dynamic,AI_VECTOR_CORE,1785697686574865.452	,57.481,0.184000,40,0,NO,"""1024,16;1024,16;1024,16;1024,16;1024,16;1024,16;1024,16;1024,16;1024,16;1024,16;1024,16;1024,16;1024,16;1024,16;1024,16;1024,16;1024,16;1024,16;1024,16;1024,16;1024,16;1024,16;1024,16;1024,16;1024,16;1024,16;1024,16;1024,16;1024,16;1024,16;1024,16;1024,16;1024,16;1024,16;1024,16;1024,16;1024,16;1024,16;1024,16;1024,16;1024,16;1024,16;1024,16;1024,16;1024,16;1024,16;1024,16;1024,16;1024,16;1024,16;1024,16;1024,16;1024,16;1024,16;1024,16;1024,16;1024,16;1024,16;1024,16;1024,16;1024,16;1024,16;1024,16;1024,16""",FLOAT16;FLOAT16;FLOAT16;FLOAT16;FLOAT16;FLOAT16;FLOAT16;FLOAT16;FLOAT16;FLOAT16;FLOAT16;FLOAT16;FLOAT16;FLOAT16;FLOAT16;FLOAT16;FLOAT16;FLOAT16;FLOAT16;FLOAT16;FLOAT16;FLOAT16;FLOAT16;FLOAT16;FLOAT16;FLOAT16;FLOAT16;FLOAT16;FLOAT16;FLOAT16;FLOAT16;FLOAT16;FLOAT16;FLOAT16;FLOAT16;FLOAT16;FLOAT16;FLOAT16;FLOAT16;FLOAT16;FLOAT16;FLOAT16;FLOAT16;FLOAT16;FLOAT16;FLOAT16;FLOAT16;FLOAT16;FLOAT16;FLOAT16;FLOAT16;FLOAT16;FLOAT16;FLOAT16;FLOAT16;FLOAT16;FLOAT16;FLOAT16;FLOAT16;FLOAT16;FLOAT16;FLOAT16;FLOAT16;FLOAT16,ND;ND;ND;ND;ND;ND;ND;ND;ND;ND;ND;ND;ND;ND;ND;ND;ND;ND;ND;ND;ND;ND;ND;ND;ND;ND;ND;ND;ND;ND;ND;ND;ND;ND;ND;ND;ND;ND;ND;ND;ND;ND;ND;ND;ND;ND;ND;ND;ND;ND;ND;ND;ND;ND;ND;ND;ND;ND;ND;ND;ND;ND;ND;ND,"""1024,1024""",FLOAT16,ND,N/A,0.0,0,0.0,0.0,0.0,0.0,0.0,0.0,0.0,0.0,0.0,0.0,0.0,46.503,3069188,0.017,0.0,5.129,0.11,31.959,0.687,10.006,0.215,0.0,0.000
0,4294967295,76,47,aclnnMul_MulAiCore_Mul,Mul,dynamic,AI_VECTOR_CORE,1785697686574922.953	,327.787,0.019000,40,0,NO,"""4096,4096;4096,4096""",FLOAT;FLOAT,ND;ND,"""4096,4096""",FLOAT,ND,N/A,0.0,0,0.0,0.0,0.0,0.0,0.0,0.0,0.0,0.0,0.0,0.0,0.0,325.888,21508585,6.784,0.021,2.99,0.009,324.402,0.995,109.463,0.336,0.0,0.000
0,4294967295,77,47,Concat,Concat,dynamic,AI_VECTOR_CORE,1785697686575250.760	,54.261,0.000000,40,0,NO,"""1024,16;1024,16;1024,16;1024,16;1024,16;1024,16;1024,16;1024,16;1024,16;1024,16;1024,16;1024,16;1024,16;1024,16;1024,16;1024,16;1024,16;1024,16;1024,16;1024,16;1024,16;1024,16;1024,16;1024,16;1024,16;1024,16;1024,16;1024,16;1024,16;1024,16;1024,16;1024,16;1024,16;1024,16;1024,16;1024,16;1024,16;1024,16;1024,16;1024,16;1024,16;1024,16;1024,16;1024,16;1024,16;1024,16;1024,16;1024,16;1024,16;1024,16;1024,16;1024,16;1024,16;1024,16;1024,16;1024,16;1024,16;1024,16;1024,16;1024,16;1024,16;1024,16;1024,16;1024,16""",FLOAT16;FLOAT16;FLOAT16;FLOAT16;FLOAT16;FLOAT16;FLOAT16;FLOAT16;FLOAT16;FLOAT16;FLOAT16;FLOAT16;FLOAT16;FLOAT16;FLOAT16;FLOAT16;FLOAT16;FLOAT16;FLOAT16;FLOAT16;FLOAT16;FLOAT16;FLOAT16;FLOAT16;FLOAT16;FLOAT16;FLOAT16;FLOAT16;FLOAT16;FLOAT16;FLOAT16;FLOAT16;FLOAT16;FLOAT16;FLOAT16;FLOAT16;FLOAT16;FLOAT16;FLOAT16;FLOAT16;FLOAT16;FLOAT16;FLOAT16;FLOAT16;FLOAT16;FLOAT16;FLOAT16;FLOAT16;FLOAT16;FLOAT16;FLOAT16;FLOAT16;FLOAT16;FLOAT16;FLOAT16;FLOAT16;FLOAT16;FLOAT16;FLOAT16;FLOAT16;FLOAT16;FLOAT16;FLOAT16;FLOAT16,ND;ND;ND;ND;ND;ND;ND;ND;ND;ND;ND;ND;ND;ND;ND;ND;ND;ND;ND;ND;ND;ND;ND;ND;ND;ND;ND;ND;ND;ND;ND;ND;ND;ND;ND;ND;ND;ND;ND;ND;ND;ND;ND;ND;ND;ND;ND;ND;ND;ND;ND;ND;ND;ND;ND;ND;ND;ND;ND;ND;ND;ND;ND;ND,"""1024,1024""",FLOAT16,ND,N/A,0.0,0,0.0,0.0,0.0,0.0,0.0,0.0,0.0,0.0,0.0,0.0,0.0,44.262,2921323,0.017,0.0,3.892,0.088,30.419,0.687,10.385,0.235,0.0,0.000
0,4294967295,78,47,aclnnMul_MulAiCore_Mul,Mul,dynamic,AI_VECTOR_CORE,1785697686575305.041	,330.627,0.000000,40,0,NO,"""4096,4096;4096,4096""",FLOAT;FLOAT,ND;ND,"""4096,4096""",FLOAT,ND,N/A,0.0,0,0.0,0.0,0.0,0.0,0.0,0.0,0.0,0.0,0.0,0.0,0.0,327.269,21599786,6.784,0.021,3.042,0.009,325.711,0.995,110.811,0.339,0.0,0.000
0,4294967295,79,47,Concat,Concat,dynamic,AI_VECTOR_CORE,1785697686575635.688	,53.981,0.123000,40,0,NO,"""1024,16;1024,16;1024,16;1024,16;1024,16;1024,16;1024,16;1024,16;1024,16;1024,16;1024,16;1024,16;1024,16;1024,16;1024,16;1024,16;1024,16;1024,16;1024,16;1024,16;1024,16;1024,16;1024,16;1024,16;1024,16;1024,16;1024,16;1024,16;1024,16;1024,16;1024,16;1024,16;1024,16;1024,16;1024,16;1024,16;1024,16;1024,16;1024,16;1024,16;1024,16;1024,16;1024,16;1024,16;1024,16;1024,16;1024,16;1024,16;1024,16;1024,16;1024,16;1024,16;1024,16;1024,16;1024,16;1024,16;1024,16;1024,16;1024,16;1024,16;1024,16;1024,16;1024,16;1024,16""",FLOAT16;FLOAT16;FLOAT16;FLOAT16;FLOAT16;FLOAT16;FLOAT16;FLOAT16;FLOAT16;FLOAT16;FLOAT16;FLOAT16;FLOAT16;FLOAT16;FLOAT16;FLOAT16;FLOAT16;FLOAT16;FLOAT16;FLOAT16;FLOAT16;FLOAT16;FLOAT16;FLOAT16;FLOAT16;FLOAT16;FLOAT16;FLOAT16;FLOAT16;FLOAT16;FLOAT16;FLOAT16;FLOAT16;FLOAT16;FLOAT16;FLOAT16;FLOAT16;FLOAT16;FLOAT16;FLOAT16;FLOAT16;FLOAT16;FLOAT16;FLOAT16;FLOAT16;FLOAT16;FLOAT16;FLOAT16;FLOAT16;FLOAT16;FLOAT16;FLOAT16;FLOAT16;FLOAT16;FLOAT16;FLOAT16;FLOAT16;FLOAT16;FLOAT16;FLOAT16;FLOAT16;FLOAT16;FLOAT16;FLOAT16,ND;ND;ND;ND;ND;ND;ND;ND;ND;ND;ND;ND;ND;ND;ND;ND;ND;ND;ND;ND;ND;ND;ND;ND;ND;ND;ND;ND;ND;ND;ND;ND;ND;ND;ND;ND;ND;ND;ND;ND;ND;ND;ND;ND;ND;ND;ND;ND;ND;ND;ND;ND;ND;ND;ND;ND;ND;ND;ND;ND;ND;ND;ND;ND,"""1024,1024""",FLOAT16,ND,N/A,0.0,0,0.0,0.0,0.0,0.0,0.0,0.0,0.0,0.0,0.0,0.0,0.0,43.635,2879921,0.017,0.0,3.349,0.077,30.218,0.693,10.359,0.237,0.0,0.000
0,4294967295,80,47,aclnnMul_MulAiCore_Mul,Mul,dynamic,AI_VECTOR_CORE,1785697686575689.689	,328.586,0.019000,40,0,NO,"""4096,4096;4096,4096""",FLOAT;FLOAT,ND;ND,"""4096,4096""",FLOAT,ND,N/A,0.0,0,0.0,0.0,0.0,0.0,0.0,0.0,0.0,0.0,0.0,0.0,0.0,326.44,21545020,6.784,0.021,3.094,0.009,324.821,0.995,109.32,0.335,0.0,0.000
0,4294967295,81,47,Concat,Concat,dynamic,AI_VECTOR_CORE,1785697686576018.295	,54.741,0.000000,40,0,NO,"""1024,16;1024,16;1024,16;1024,16;1024,16;1024,16;1024,16;1024,16;1024,16;1024,16;1024,16;1024,16;1024,16;1024,16;1024,16;1024,16;1024,16;1024,16;1024,16;1024,16;1024,16;1024,16;1024,16;1024,16;1024,16;1024,16;1024,16;1024,16;1024,16;1024,16;1024,16;1024,16;1024,16;1024,16;1024,16;1024,16;1024,16;1024,16;1024,16;1024,16;1024,16;1024,16;1024,16;1024,16;1024,16;1024,16;1024,16;1024,16;1024,16;1024,16;1024,16;1024,16;1024,16;1024,16;1024,16;1024,16;1024,16;1024,16;1024,16;1024,16;1024,16;1024,16;1024,16;1024,16""",FLOAT16;FLOAT16;FLOAT16;FLOAT16;FLOAT16;FLOAT16;FLOAT16;FLOAT16;FLOAT16;FLOAT16;FLOAT16;FLOAT16;FLOAT16;FLOAT16;FLOAT16;FLOAT16;FLOAT16;FLOAT16;FLOAT16;FLOAT16;FLOAT16;FLOAT16;FLOAT16;FLOAT16;FLOAT16;FLOAT16;FLOAT16;FLOAT16;FLOAT16;FLOAT16;FLOAT16;FLOAT16;FLOAT16;FLOAT16;FLOAT16;FLOAT16;FLOAT16;FLOAT16;FLOAT16;FLOAT16;FLOAT16;FLOAT16;FLOAT16;FLOAT16;FLOAT16;FLOAT16;FLOAT16;FLOAT16;FLOAT16;FLOAT16;FLOAT16;FLOAT16;FLOAT16;FLOAT16;FLOAT16;FLOAT16;FLOAT16;FLOAT16;FLOAT16;FLOAT16;FLOAT16;FLOAT16;FLOAT16;FLOAT16,ND;ND;ND;ND;ND;ND;ND;ND;ND;ND;ND;ND;ND;ND;ND;ND;ND;ND;ND;ND;ND;ND;ND;ND;ND;ND;ND;ND;ND;ND;ND;ND;ND;ND;ND;ND;ND;ND;ND;ND;ND;ND;ND;ND;ND;ND;ND;ND;ND;ND;ND;ND;ND;ND;ND;ND;ND;ND;ND;ND;ND;ND;ND;ND,"""1024,1024""",FLOAT16,ND,N/A,0.0,0,0.0,0.0,0.0,0.0,0.0,0.0,0.0,0.0,0.0,0.0,0.0,44.635,2945934,0.017,0.0,4.084,0.091,30.811,0.69,10.439,0.234,0.0,0.000
0,4294967295,82,47,aclnnMul_MulAiCore_Mul,Mul,dynamic,AI_VECTOR_CORE,1785697686576073.056	,330.027,0.009000,40,0,NO,"""4096,4096;4096,4096""",FLOAT;FLOAT,ND;ND,"""4096,4096""",FLOAT,ND,N/A,0.0,0,0.0,0.0,0.0,0.0,0.0,0.0,0.0,0.0,0.0,0.0,0.0,327.631,21623652,6.784,0.021,2.984,0.009,326.117,0.995,111.616,0.341,0.0,0.000
0,4294967295,83,47,Concat,Concat,dynamic,AI_VECTOR_CORE,1785697686576403.103	,56.561,0.000000,40,0,NO,"""1024,16;1024,16;1024,16;1024,16;1024,16;1024,16;1024,16;1024,16;1024,16;1024,16;1024,16;1024,16;1024,16;1024,16;1024,16;1024,16;1024,16;1024,16;1024,16;1024,16;1024,16;1024,16;1024,16;1024,16;1024,16;1024,16;1024,16;1024,16;1024,16;1024,16;1024,16;1024,16;1024,16;1024,16;1024,16;1024,16;1024,16;1024,16;1024,16;1024,16;1024,16;1024,16;1024,16;1024,16;1024,16;1024,16;1024,16;1024,16;1024,16;1024,16;1024,16;1024,16;1024,16;1024,16;1024,16;1024,16;1024,16;1024,16;1024,16;1024,16;1024,16;1024,16;1024,16;1024,16""",FLOAT16;FLOAT16;FLOAT16;FLOAT16;FLOAT16;FLOAT16;FLOAT16;FLOAT16;FLOAT16;FLOAT16;FLOAT16;FLOAT16;FLOAT16;FLOAT16;FLOAT16;FLOAT16;FLOAT16;FLOAT16;FLOAT16;FLOAT16;FLOAT16;FLOAT16;FLOAT16;FLOAT16;FLOAT16;FLOAT16;FLOAT16;FLOAT16;FLOAT16;FLOAT16;FLOAT16;FLOAT16;FLOAT16;FLOAT16;FLOAT16;FLOAT16;FLOAT16;FLOAT16;FLOAT16;FLOAT16;FLOAT16;FLOAT16;FLOAT16;FLOAT16;FLOAT16;FLOAT16;FLOAT16;FLOAT16;FLOAT16;FLOAT16;FLOAT16;FLOAT16;FLOAT16;FLOAT16;FLOAT16;FLOAT16;FLOAT16;FLOAT16;FLOAT16;FLOAT16;FLOAT16;FLOAT16;FLOAT16;FLOAT16,ND;ND;ND;ND;ND;ND;ND;ND;ND;ND;ND;ND;ND;ND;ND;ND;ND;ND;ND;ND;ND;ND;ND;ND;ND;ND;ND;ND;ND;ND;ND;ND;ND;ND;ND;ND;ND;ND;ND;ND;ND;ND;ND;ND;ND;ND;ND;ND;ND;ND;ND;ND;ND;ND;ND;ND;ND;ND;ND;ND;ND;ND;ND;ND,"""1024,1024""",FLOAT16,ND,N/A,0.0,0,0.0,0.0,0.0,0.0,0.0,0.0,0.0,0.0,0.0,0.0,0.0,45.903,3029614,0.017,0.0,3.662,0.08,32.229,0.702,10.331,0.225,0.0,0.000
0,4294967295,84,47,aclnnMul_MulAiCore_Mul,Mul,dynamic,AI_VECTOR_CORE,1785697686576459.684	,328.247,0.189000,40,0,NO,"""4096,4096;4096,4096""",FLOAT;FLOAT,ND;ND,"""4096,4096""",FLOAT,ND,N/A,0.0,0,0.0,0.0,0.0,0.0,0.0,0.0,0.0,0.0,0.0,0.0,0.0,326.174,21527471,6.784,0.021,3.159,0.01,324.521,0.995,109.471,0.336,0.0,0.000
0,4294967295,85,47,Concat,Concat,dynamic,AI_VECTOR_CORE,1785697686576787.951	,55.661,0.003000,40,0,NO,"""1024,16;1024,16;1024,16;1024,16;1024,16;1024,16;1024,16;1024,16;1024,16;1024,16;1024,16;1024,16;1024,16;1024,16;1024,16;1024,16;1024,16;1024,16;1024,16;1024,16;1024,16;1024,16;1024,16;1024,16;1024,16;1024,16;1024,16;1024,16;1024,16;1024,16;1024,16;1024,16;1024,16;1024,16;1024,16;1024,16;1024,16;1024,16;1024,16;1024,16;1024,16;1024,16;1024,16;1024,16;1024,16;1024,16;1024,16;1024,16;1024,16;1024,16;1024,16;1024,16;1024,16;1024,16;1024,16;1024,16;1024,16;1024,16;1024,16;1024,16;1024,16;1024,16;1024,16;1024,16""",FLOAT16;FLOAT16;FLOAT16;FLOAT16;FLOAT16;FLOAT16;FLOAT16;FLOAT16;FLOAT16;FLOAT16;FLOAT16;FLOAT16;FLOAT16;FLOAT16;FLOAT16;FLOAT16;FLOAT16;FLOAT16;FLOAT16;FLOAT16;FLOAT16;FLOAT16;FLOAT16;FLOAT16;FLOAT16;FLOAT16;FLOAT16;FLOAT16;FLOAT16;FLOAT16;FLOAT16;FLOAT16;FLOAT16;FLOAT16;FLOAT16;FLOAT16;FLOAT16;FLOAT16;FLOAT16;FLOAT16;FLOAT16;FLOAT16;FLOAT16;FLOAT16;FLOAT16;FLOAT16;FLOAT16;FLOAT16;FLOAT16;FLOAT16;FLOAT16;FLOAT16;FLOAT16;FLOAT16;FLOAT16;FLOAT16;FLOAT16;FLOAT16;FLOAT16;FLOAT16;FLOAT16;FLOAT16;FLOAT16;FLOAT16,ND;ND;ND;ND;ND;ND;ND;ND;ND;ND;ND;ND;ND;ND;ND;ND;ND;ND;ND;ND;ND;ND;ND;ND;ND;ND;ND;ND;ND;ND;ND;ND;ND;ND;ND;ND;ND;ND;ND;ND;ND;ND;ND;ND;ND;ND;ND;ND;ND;ND;ND;ND;ND;ND;ND;ND;ND;ND;ND;ND;ND;ND;ND;ND,"""1024,1024""",FLOAT16,ND,N/A,0.0,0,0.0,0.0,0.0,0.0,0.0,0.0,0.0,0.0,0.0,0.0,0.0,44.826,2958523,0.017,0.0,3.794,0.085,31.041,0.692,10.316,0.23,0.0,0.000
0,4294967295,86,47,aclnnMul_MulAiCore_Mul,Mul,dynamic,AI_VECTOR_CORE,1785697686576843.632	,329.526,0.089000,40,0,NO,"""4096,4096;4096,4096""",FLOAT;FLOAT,ND;ND,"""4096,4096""",FLOAT,ND,N/A,0.0,0,0.0,0.0,0.0,0.0,0.0,0.0,0.0,0.0,0.0,0.0,0.0,327.41,21609079,6.784,0.021,3.038,0.009,325.86,0.995,111.69,0.341,0.0,0.000
0,4294967295,87,47,Concat,Concat,dynamic,AI_VECTOR_CORE,1785697686577173.178	,54.541,0.000000,40,0,NO,"""1024,16;1024,16;1024,16;1024,16;1024,16;1024,16;1024,16;1024,16;1024,16;1024,16;1024,16;1024,16;1024,16;1024,16;1024,16;1024,16;1024,16;1024,16;1024,16;1024,16;1024,16;1024,16;1024,16;1024,16;1024,16;1024,16;1024,16;1024,16;1024,16;1024,16;1024,16;1024,16;1024,16;1024,16;1024,16;1024,16;1024,16;1024,16;1024,16;1024,16;1024,16;1024,16;1024,16;1024,16;1024,16;1024,16;1024,16;1024,16;1024,16;1024,16;1024,16;1024,16;1024,16;1024,16;1024,16;1024,16;1024,16;1024,16;1024,16;1024,16;1024,16;1024,16;1024,16;1024,16""",FLOAT16;FLOAT16;FLOAT16;FLOAT16;FLOAT16;FLOAT16;FLOAT16;FLOAT16;FLOAT16;FLOAT16;FLOAT16;FLOAT16;FLOAT16;FLOAT16;FLOAT16;FLOAT16;FLOAT16;FLOAT16;FLOAT16;FLOAT16;FLOAT16;FLOAT16;FLOAT16;FLOAT16;FLOAT16;FLOAT16;FLOAT16;FLOAT16;FLOAT16;FLOAT16;FLOAT16;FLOAT16;FLOAT16;FLOAT16;FLOAT16;FLOAT16;FLOAT16;FLOAT16;FLOAT16;FLOAT16;FLOAT16;FLOAT16;FLOAT16;FLOAT16;FLOAT16;FLOAT16;FLOAT16;FLOAT16;FLOAT16;FLOAT16;FLOAT16;FLOAT16;FLOAT16;FLOAT16;FLOAT16;FLOAT16;FLOAT16;FLOAT16;FLOAT16;FLOAT16;FLOAT16;FLOAT16;FLOAT16;FLOAT16,ND;ND;ND;ND;ND;ND;ND;ND;ND;ND;ND;ND;ND;ND;ND;ND;ND;ND;ND;ND;ND;ND;ND;ND;ND;ND;ND;ND;ND;ND;ND;ND;ND;ND;ND;ND;ND;ND;ND;ND;ND;ND;ND;ND;ND;ND;ND;ND;ND;ND;ND;ND;ND;ND;ND;ND;ND;ND;ND;ND;ND;ND;ND;ND,"""1024,1024""",FLOAT16,ND,N/A,0.0,0,0.0,0.0,0.0,0.0,0.0,0.0,0.0,0.0,0.0,0.0,0.0,44.439,2932960,0.017,0.0,4.022,0.091,30.598,0.689,10.443,0.235,0.0,0.000
0,4294967295,88,47,aclnnMul_MulAiCore_Mul,Mul,dynamic,AI_VECTOR_CORE,1785697686577227.739	,330.327,0.000000,40,0,NO,"""4096,4096;4096,4096""",FLOAT;FLOAT,ND;ND,"""4096,4096""",FLOAT,ND,N/A,0.0,0,0.0,0.0,0.0,0.0,0.0,0.0,0.0,0.0,0.0,0.0,0.0,327.724,21629751,6.784,0.021,3.014,0.009,326.151,0.995,111.875,0.341,0.0,0.000
0,4294967295,89,47,Concat,Concat,dynamic,AI_VECTOR_CORE,1785697686577558.086	,57.061,0.000000,40,0,NO,"""1024,16;1024,16;1024,16;1024,16;1024,16;1024,16;1024,16;1024,16;1024,16;1024,16;1024,16;1024,16;1024,16;1024,16;1024,16;1024,16;1024,16;1024,16;1024,16;1024,16;1024,16;1024,16;1024,16;1024,16;1024,16;1024,16;1024,16;1024,16;1024,16;1024,16;1024,16;1024,16;1024,16;1024,16;1024,16;1024,16;1024,16;1024,16;1024,16;1024,16;1024,16;1024,16;1024,16;1024,16;1024,16;1024,16;1024,16;1024,16;1024,16;1024,16;1024,16;1024,16;1024,16;1024,16;1024,16;1024,16;1024,16;1024,16;1024,16;1024,16;1024,16;1024,16;1024,16;1024,16""",FLOAT16;FLOAT16;FLOAT16;FLOAT16;FLOAT16;FLOAT16;FLOAT16;FLOAT16;FLOAT16;FLOAT16;FLOAT16;FLOAT16;FLOAT16;FLOAT16;FLOAT16;FLOAT16;FLOAT16;FLOAT16;FLOAT16;FLOAT16;FLOAT16;FLOAT16;FLOAT16;FLOAT16;FLOAT16;FLOAT16;FLOAT16;FLOAT16;FLOAT16;FLOAT16;FLOAT16;FLOAT16;FLOAT16;FLOAT16;FLOAT16;FLOAT16;FLOAT16;FLOAT16;FLOAT16;FLOAT16;FLOAT16;FLOAT16;FLOAT16;FLOAT16;FLOAT16;FLOAT16;FLOAT16;FLOAT16;FLOAT16;FLOAT16;FLOAT16;FLOAT16;FLOAT16;FLOAT16;FLOAT16;FLOAT16;FLOAT16;FLOAT16;FLOAT16;FLOAT16;FLOAT16;FLOAT16;FLOAT16;FLOAT16,ND;ND;ND;ND;ND;ND;ND;ND;ND;ND;ND;ND;ND;ND;ND;ND;ND;ND;ND;ND;ND;ND;ND;ND;ND;ND;ND;ND;ND;ND;ND;ND;ND;ND;ND;ND;ND;ND;ND;ND;ND;ND;ND;ND;ND;ND;ND;ND;ND;ND;ND;ND;ND;ND;ND;ND;ND;ND;ND;ND;ND;ND;ND;ND,"""1024,1024""",FLOAT16,ND,N/A,0.0,0,0.0,0.0,0.0,0.0,0.0,0.0,0.0,0.0,0.0,0.0,0.0,46.827,3090603,0.017,0.0,4.952,0.106,32.228,0.688,10.193,0.218,0.0,0.000
0,4294967295,90,47,aclnnMul_MulAiCore_Mul,Mul,dynamic,AI_VECTOR_CORE,1785697686577615.187	,330.587,0.189000,40,0,NO,"""4096,4096;4096,4096""",FLOAT;FLOAT,ND;ND,"""4096,4096""",FLOAT,ND,N/A,0.0,0,0.0,0.0,0.0,0.0,0.0,0.0,0.0,0.0,0.0,0.0,0.0,328.074,21652887,6.784,0.021,2.961,0.009,326.571,0.995,109.943,0.335,0.0,0.000
0,4294967295,91,47,Concat,Concat,dynamic,AI_VECTOR_CORE,1785697686577945.794	,55.141,0.000000,40,0,NO,"""1024,16;1024,16;1024,16;1024,16;1024,16;1024,16;1024,16;1024,16;1024,16;1024,16;1024,16;1024,16;1024,16;1024,16;1024,16;1024,16;1024,16;1024,16;1024,16;1024,16;1024,16;1024,16;1024,16;1024,16;1024,16;1024,16;1024,16;1024,16;1024,16;1024,16;1024,16;1024,16;1024,16;1024,16;1024,16;1024,16;1024,16;1024,16;1024,16;1024,16;1024,16;1024,16;1024,16;1024,16;1024,16;1024,16;1024,16;1024,16;1024,16;1024,16;1024,16;1024,16;1024,16;1024,16;1024,16;1024,16;1024,16;1024,16;1024,16;1024,16;1024,16;1024,16;1024,16;1024,16""",FLOAT16;FLOAT16;FLOAT16;FLOAT16;FLOAT16;FLOAT16;FLOAT16;FLOAT16;FLOAT16;FLOAT16;FLOAT16;FLOAT16;FLOAT16;FLOAT16;FLOAT16;FLOAT16;FLOAT16;FLOAT16;FLOAT16;FLOAT16;FLOAT16;FLOAT16;FLOAT16;FLOAT16;FLOAT16;FLOAT16;FLOAT16;FLOAT16;FLOAT16;FLOAT16;FLOAT16;FLOAT16;FLOAT16;FLOAT16;FLOAT16;FLOAT16;FLOAT16;FLOAT16;FLOAT16;FLOAT16;FLOAT16;FLOAT16;FLOAT16;FLOAT16;FLOAT16;FLOAT16;FLOAT16;FLOAT16;FLOAT16;FLOAT16;FLOAT16;FLOAT16;FLOAT16;FLOAT16;FLOAT16;FLOAT16;FLOAT16;FLOAT16;FLOAT16;FLOAT16;FLOAT16;FLOAT16;FLOAT16;FLOAT16,ND;ND;ND;ND;ND;ND;ND;ND;ND;ND;ND;ND;ND;ND;ND;ND;ND;ND;ND;ND;ND;ND;ND;ND;ND;ND;ND;ND;ND;ND;ND;ND;ND;ND;ND;ND;ND;ND;ND;ND;ND;ND;ND;ND;ND;ND;ND;ND;ND;ND;ND;ND;ND;ND;ND;ND;ND;ND;ND;ND;ND;ND;ND;ND,"""1024,1024""",FLOAT16,ND,N/A,0.0,0,0.0,0.0,0.0,0.0,0.0,0.0,0.0,0.0,0.0,0.0,0.0,45.05,2973284,0.017,0.0,3.852,0.086,31.687,0.703,9.984,0.222,0.0,0.000
0,4294967295,92,47,aclnnMul_MulAiCore_Mul,Mul,dynamic,AI_VECTOR_CORE,1785697686578000.975	,329.607,0.109000,40,0,NO,"""4096,4096;4096,4096""",FLOAT;FLOAT,ND;ND,"""4096,4096""",FLOAT,ND,N/A,0.0,0,0.0,0.0,0.0,0.0,0.0,0.0,0.0,0.0,0.0,0.0,0.0,326.955,21579028,6.784,0.021,3.044,0.009,325.374,0.995,110.936,0.339,0.0,0.000
0,4294967295,93,47,Concat,Concat,dynamic,AI_VECTOR_CORE,1785697686578330.602	,56.361,0.000000,40,0,NO,"""1024,16;1024,16;1024,16;1024,16;1024,16;1024,16;1024,16;1024,16;1024,16;1024,16;1024,16;1024,16;1024,16;1024,16;1024,16;1024,16;1024,16;1024,16;1024,16;1024,16;1024,16;1024,16;1024,16;1024,16;1024,16;1024,16;1024,16;1024,16;1024,16;1024,16;1024,16;1024,16;1024,16;1024,16;1024,16;1024,16;1024,16;1024,16;1024,16;1024,16;1024,16;1024,16;1024,16;1024,16;1024,16;1024,16;1024,16;1024,16;1024,16;1024,16;1024,16;1024,16;1024,16;1024,16;1024,16;1024,16;1024,16;1024,16;1024,16;1024,16;1024,16;1024,16;1024,16;1024,16""",FLOAT16;FLOAT16;FLOAT16;FLOAT16;FLOAT16;FLOAT16;FLOAT16;FLOAT16;FLOAT16;FLOAT16;FLOAT16;FLOAT16;FLOAT16;FLOAT16;FLOAT16;FLOAT16;FLOAT16;FLOAT16;FLOAT16;FLOAT16;FLOAT16;FLOAT16;FLOAT16;FLOAT16;FLOAT16;FLOAT16;FLOAT16;FLOAT16;FLOAT16;FLOAT16;FLOAT16;FLOAT16;FLOAT16;FLOAT16;FLOAT16;FLOAT16;FLOAT16;FLOAT16;FLOAT16;FLOAT16;FLOAT16;FLOAT16;FLOAT16;FLOAT16;FLOAT16;FLOAT16;FLOAT16;FLOAT16;FLOAT16;FLOAT16;FLOAT16;FLOAT16;FLOAT16;FLOAT16;FLOAT16;FLOAT16;FLOAT16;FLOAT16;FLOAT16;FLOAT16;FLOAT16;FLOAT16;FLOAT16;FLOAT16,ND;ND;ND;ND;ND;ND;ND;ND;ND;ND;ND;ND;ND;ND;ND;ND;ND;ND;ND;ND;ND;ND;ND;ND;ND;ND;ND;ND;ND;ND;ND;ND;ND;ND;ND;ND;ND;ND;ND;ND;ND;ND;ND;ND;ND;ND;ND;ND;ND;ND;ND;ND;ND;ND;ND;ND;ND;ND;ND;ND;ND;ND;ND;ND,"""1024,1024""",FLOAT16,ND,N/A,0.0,0,0.0,0.0,0.0,0.0,0.0,0.0,0.0,0.0,0.0,0.0,0.0,44.549,2940265,0.017,0.0,3.954,0.089,30.547,0.686,10.574,0.237,0.0,0.000
0,4294967295,94,47,aclnnMul_MulAiCore_Mul,Mul,dynamic,AI_VECTOR_CORE,1785697686578386.983	,330.226,0.139000,40,0,NO,"""4096,4096;4096,4096""",FLOAT;FLOAT,ND;ND,"""4096,4096""",FLOAT,ND,N/A,0.0,0,0.0,0.0,0.0,0.0,0.0,0.0,0.0,0.0,0.0,0.0,0.0,328.104,21654872,6.784,0.021,2.925,0.009,326.627,0.995,111.451,0.34,0.0,0.000
0,4294967295,95,47,Concat,Concat,dynamic,AI_VECTOR_CORE,1785697686578717.229	,54.881,0.024000,40,0,NO,"""1024,16;1024,16;1024,16;1024,16;1024,16;1024,16;1024,16;1024,16;1024,16;1024,16;1024,16;1024,16;1024,16;1024,16;1024,16;1024,16;1024,16;1024,16;1024,16;1024,16;1024,16;1024,16;1024,16;1024,16;1024,16;1024,16;1024,16;1024,16;1024,16;1024,16;1024,16;1024,16;1024,16;1024,16;1024,16;1024,16;1024,16;1024,16;1024,16;1024,16;1024,16;1024,16;1024,16;1024,16;1024,16;1024,16;1024,16;1024,16;1024,16;1024,16;1024,16;1024,16;1024,16;1024,16;1024,16;1024,16;1024,16;1024,16;1024,16;1024,16;1024,16;1024,16;1024,16;1024,16""",FLOAT16;FLOAT16;FLOAT16;FLOAT16;FLOAT16;FLOAT16;FLOAT16;FLOAT16;FLOAT16;FLOAT16;FLOAT16;FLOAT16;FLOAT16;FLOAT16;FLOAT16;FLOAT16;FLOAT16;FLOAT16;FLOAT16;FLOAT16;FLOAT16;FLOAT16;FLOAT16;FLOAT16;FLOAT16;FLOAT16;FLOAT16;FLOAT16;FLOAT16;FLOAT16;FLOAT16;FLOAT16;FLOAT16;FLOAT16;FLOAT16;FLOAT16;FLOAT16;FLOAT16;FLOAT16;FLOAT16;FLOAT16;FLOAT16;FLOAT16;FLOAT16;FLOAT16;FLOAT16;FLOAT16;FLOAT16;FLOAT16;FLOAT16;FLOAT16;FLOAT16;FLOAT16;FLOAT16;FLOAT16;FLOAT16;FLOAT16;FLOAT16;FLOAT16;FLOAT16;FLOAT16;FLOAT16;FLOAT16;FLOAT16,ND;ND;ND;ND;ND;ND;ND;ND;ND;ND;ND;ND;ND;ND;ND;ND;ND;ND;ND;ND;ND;ND;ND;ND;ND;ND;ND;ND;ND;ND;ND;ND;ND;ND;ND;ND;ND;ND;ND;ND;ND;ND;ND;ND;ND;ND;ND;ND;ND;ND;ND;ND;ND;ND;ND;ND;ND;ND;ND;ND;ND;ND;ND;ND,"""1024,1024""",FLOAT16,ND,N/A,0.0,0,0.0,0.0,0.0,0.0,0.0,0.0,0.0,0.0,0.0,0.0,0.0,44.274,2922054,0.017,0.0,3.818,0.086,30.639,0.692,10.18,0.23,0.0,0.000
0,4294967295,96,47,aclnnMul_MulAiCore_Mul,Mul,dynamic,AI_VECTOR_CORE,1785697686578772.130	,328.307,0.119000,40,0,NO,"""4096,4096;4096,4096""",FLOAT;FLOAT,ND;ND,"""4096,4096""",FLOAT,ND,N/A,0.0,0,0.0,0.0,0.0,0.0,0.0,0.0,0.0,0.0,0.0,0.0,0.0,326.031,21518064,6.784,0.021,3.115,0.01,324.369,0.995,109.571,0.336,0.0,0.000
0,4294967295,97,47,Concat,Concat,dynamic,AI_VECTOR_CORE,1785697686579100.457	,55.801,0.000000,40,0,NO,"""1024,16;1024,16;1024,16;1024,16;1024,16;1024,16;1024,16;1024,16;1024,16;1024,16;1024,16;1024,16;1024,16;1024,16;1024,16;1024,16;1024,16;1024,16;1024,16;1024,16;1024,16;1024,16;1024,16;1024,16;1024,16;1024,16;1024,16;1024,16;1024,16;1024,16;1024,16;1024,16;1024,16;1024,16;1024,16;1024,16;1024,16;1024,16;1024,16;1024,16;1024,16;1024,16;1024,16;1024,16;1024,16;1024,16;1024,16;1024,16;1024,16;1024,16;1024,16;1024,16;1024,16;1024,16;1024,16;1024,16;1024,16;1024,16;1024,16;1024,16;1024,16;1024,16;1024,16;1024,16""",FLOAT16;FLOAT16;FLOAT16;FLOAT16;FLOAT16;FLOAT16;FLOAT16;FLOAT16;FLOAT16;FLOAT16;FLOAT16;FLOAT16;FLOAT16;FLOAT16;FLOAT16;FLOAT16;FLOAT16;FLOAT16;FLOAT16;FLOAT16;FLOAT16;FLOAT16;FLOAT16;FLOAT16;FLOAT16;FLOAT16;FLOAT16;FLOAT16;FLOAT16;FLOAT16;FLOAT16;FLOAT16;FLOAT16;FLOAT16;FLOAT16;FLOAT16;FLOAT16;FLOAT16;FLOAT16;FLOAT16;FLOAT16;FLOAT16;FLOAT16;FLOAT16;FLOAT16;FLOAT16;FLOAT16;FLOAT16;FLOAT16;FLOAT16;FLOAT16;FLOAT16;FLOAT16;FLOAT16;FLOAT16;FLOAT16;FLOAT16;FLOAT16;FLOAT16;FLOAT16;FLOAT16;FLOAT16;FLOAT16;FLOAT16,ND;ND;ND;ND;ND;ND;ND;ND;ND;ND;ND;ND;ND;ND;ND;ND;ND;ND;ND;ND;ND;ND;ND;ND;ND;ND;ND;ND;ND;ND;ND;ND;ND;ND;ND;ND;ND;ND;ND;ND;ND;ND;ND;ND;ND;ND;ND;ND;ND;ND;ND;ND;ND;ND;ND;ND;ND;ND;ND;ND;ND;ND;ND;ND,"""1024,1024""",FLOAT16,ND,N/A,0.0,0,0.0,0.0,0.0,0.0,0.0,0.0,0.0,0.0,0.0,0.0,0.0,44.486,2936085,0.017,0.0,3.827,0.086,30.404,0.683,10.601,0.238,0.0,0.000
0,4294967295,98,47,aclnnMul_MulAiCore_Mul,Mul,dynamic,AI_VECTOR_CORE,1785697686579156.298	,328.707,0.000000,40,0,NO,"""4096,4096;4096,4096""",FLOAT;FLOAT,ND;ND,"""4096,4096""",FLOAT,ND,N/A,0.0,0,0.0,0.0,0.0,0.0,0.0,0.0,0.0,0.0,0.0,0.0,0.0,326.441,21545088,6.784,0.021,3.022,0.009,324.901,0.995,110.081,0.337,0.0,0.000
0,4294967295,99,47,Concat,Concat,dynamic,AI_VECTOR_CORE,1785697686579485.025	,56.401,0.043000,40,0,NO,"""1024,16;1024,16;1024,16;1024,16;1024,16;1024,16;1024,16;1024,16;1024,16;1024,16;1024,16;1024,16;1024,16;1024,16;1024,16;1024,16;1024,16;1024,16;1024,16;1024,16;1024,16;1024,16;1024,16;1024,16;1024,16;1024,16;1024,16;1024,16;1024,16;1024,16;1024,16;1024,16;1024,16;1024,16;1024,16;1024,16;1024,16;1024,16;1024,16;1024,16;1024,16;1024,16;1024,16;1024,16;1024,16;1024,16;1024,16;1024,16;1024,16;1024,16;1024,16;1024,16;1024,16;1024,16;1024,16;1024,16;1024,16;1024,16;1024,16;1024,16;1024,16;1024,16;1024,16;1024,16""",FLOAT16;FLOAT16;FLOAT16;FLOAT16;FLOAT16;FLOAT16;FLOAT16;FLOAT16;FLOAT16;FLOAT16;FLOAT16;FLOAT16;FLOAT16;FLOAT16;FLOAT16;FLOAT16;FLOAT16;FLOAT16;FLOAT16;FLOAT16;FLOAT16;FLOAT16;FLOAT16;FLOAT16;FLOAT16;FLOAT16;FLOAT16;FLOAT16;FLOAT16;FLOAT16;FLOAT16;FLOAT16;FLOAT16;FLOAT16;FLOAT16;FLOAT16;FLOAT16;FLOAT16;FLOAT16;FLOAT16;FLOAT16;FLOAT16;FLOAT16;FLOAT16;FLOAT16;FLOAT16;FLOAT16;FLOAT16;FLOAT16;FLOAT16;FLOAT16;FLOAT16;FLOAT16;FLOAT16;FLOAT16;FLOAT16;FLOAT16;FLOAT16;FLOAT16;FLOAT16;FLOAT16;FLOAT16;FLOAT16;FLOAT16,ND;ND;ND;ND;ND;ND;ND;ND;ND;ND;ND;ND;ND;ND;ND;ND;ND;ND;ND;ND;ND;ND;ND;ND;ND;ND;ND;ND;ND;ND;ND;ND;ND;ND;ND;ND;ND;ND;ND;ND;ND;ND;ND;ND;ND;ND;ND;ND;ND;ND;ND;ND;ND;ND;ND;ND;ND;ND;ND;ND;ND;ND;ND;ND,"""1024,1024""",FLOAT16,ND,N/A,0.0,0,0.0,0.0,0.0,0.0,0.0,0.0,0.0,0.0,0.0,0.0,0.0,46.063,3040151,0.017,0.0,4.101,0.089,31.731,0.689,10.894,0.237,0.0,0.000
0,4294967295,100,47,aclnnMul_MulAiCore_Mul,Mul,dynamic,AI_VECTOR_CORE,1785697686579541.446	,327.786,0.099000,40,0,NO,"""4096,4096;4096,4096""",FLOAT;FLOAT,ND;ND,"""4096,4096""",FLOAT,ND,N/A,0.0,0,0.0,0.0,0.0,0.0,0.0,0.0,0.0,0.0,0.0,0.0,0.0,325.958,21513233,6.784,0.021,3.129,0.01,324.323,0.995,109.641,0.336,0.0,0.000
0,4294967295,101,47,Concat,Concat,dynamic,AI_VECTOR_CORE,1785697686579869.252	,55.701,0.000000,40,0,NO,"""1024,16;1024,16;1024,16;1024,16;1024,16;1024,16;1024,16;1024,16;1024,16;1024,16;1024,16;1024,16;1024,16;1024,16;1024,16;1024,16;1024,16;1024,16;1024,16;1024,16;1024,16;1024,16;1024,16;1024,16;1024,16;1024,16;1024,16;1024,16;1024,16;1024,16;1024,16;1024,16;1024,16;1024,16;1024,16;1024,16;1024,16;1024,16;1024,16;1024,16;1024,16;1024,16;1024,16;1024,16;1024,16;1024,16;1024,16;1024,16;1024,16;1024,16;1024,16;1024,16;1024,16;1024,16;1024,16;1024,16;1024,16;1024,16;1024,16;1024,16;1024,16;1024,16;1024,16;1024,16""",FLOAT16;FLOAT16;FLOAT16;FLOAT16;FLOAT16;FLOAT16;FLOAT16;FLOAT16;FLOAT16;FLOAT16;FLOAT16;FLOAT16;FLOAT16;FLOAT16;FLOAT16;FLOAT16;FLOAT16;FLOAT16;FLOAT16;FLOAT16;FLOAT16;FLOAT16;FLOAT16;FLOAT16;FLOAT16;FLOAT16;FLOAT16;FLOAT16;FLOAT16;FLOAT16;FLOAT16;FLOAT16;FLOAT16;FLOAT16;FLOAT16;FLOAT16;FLOAT16;FLOAT16;FLOAT16;FLOAT16;FLOAT16;FLOAT16;FLOAT16;FLOAT16;FLOAT16;FLOAT16;FLOAT16;FLOAT16;FLOAT16;FLOAT16;FLOAT16;FLOAT16;FLOAT16;FLOAT16;FLOAT16;FLOAT16;FLOAT16;FLOAT16;FLOAT16;FLOAT16;FLOAT16;FLOAT16;FLOAT16;FLOAT16,ND;ND;ND;ND;ND;ND;ND;ND;ND;ND;ND;ND;ND;ND;ND;ND;ND;ND;ND;ND;ND;ND;ND;ND;ND;ND;ND;ND;ND;ND;ND;ND;ND;ND;ND;ND;ND;ND;ND;ND;ND;ND;ND;ND;ND;ND;ND;ND;ND;ND;ND;ND;ND;ND;ND;ND;ND;ND;ND;ND;ND;ND;ND;ND,"""1024,1024""",FLOAT16,ND,N/A,0.0,0,0.0,0.0,0.0,0.0,0.0,0.0,0.0,0.0,0.0,0.0,0.0,45.297,2989600,0.017,0.0,4.38,0.097,31.204,0.689,10.416,0.23,0.0,0.000
0,4294967295,102,47,aclnnMul_MulAiCore_Mul,Mul,dynamic,AI_VECTOR_CORE,1785697686579924.973	,329.807,0.049000,40,0,NO,"""4096,4096;4096,4096""",FLOAT;FLOAT,ND;ND,"""4096,4096""",FLOAT,ND,N/A,0.0,0,0.0,0.0,0.0,0.0,0.0,0.0,0.0,0.0,0.0,0.0,0.0,327.5,21614988,6.784,0.021,3.016,0.009,325.997,0.995,111.942,0.342,0.0,0.000
0,4294967295,103,47,Concat,Concat,dynamic,AI_VECTOR_CORE,1785697686580254.800	,55.101,0.000000,40,0,NO,"""1024,16;1024,16;1024,16;1024,16;1024,16;1024,16;1024,16;1024,16;1024,16;1024,16;1024,16;1024,16;1024,16;1024,16;1024,16;1024,16;1024,16;1024,16;1024,16;1024,16;1024,16;1024,16;1024,16;1024,16;1024,16;1024,16;1024,16;1024,16;1024,16;1024,16;1024,16;1024,16;1024,16;1024,16;1024,16;1024,16;1024,16;1024,16;1024,16;1024,16;1024,16;1024,16;1024,16;1024,16;1024,16;1024,16;1024,16;1024,16;1024,16;1024,16;1024,16;1024,16;1024,16;1024,16;1024,16;1024,16;1024,16;1024,16;1024,16;1024,16;1024,16;1024,16;1024,16;1024,16""",FLOAT16;FLOAT16;FLOAT16;FLOAT16;FLOAT16;FLOAT16;FLOAT16;FLOAT16;FLOAT16;FLOAT16;FLOAT16;FLOAT16;FLOAT16;FLOAT16;FLOAT16;FLOAT16;FLOAT16;FLOAT16;FLOAT16;FLOAT16;FLOAT16;FLOAT16;FLOAT16;FLOAT16;FLOAT16;FLOAT16;FLOAT16;FLOAT16;FLOAT16;FLOAT16;FLOAT16;FLOAT16;FLOAT16;FLOAT16;FLOAT16;FLOAT16;FLOAT16;FLOAT16;FLOAT16;FLOAT16;FLOAT16;FLOAT16;FLOAT16;FLOAT16;FLOAT16;FLOAT16;FLOAT16;FLOAT16;FLOAT16;FLOAT16;FLOAT16;FLOAT16;FLOAT16;FLOAT16;FLOAT16;FLOAT16;FLOAT16;FLOAT16;FLOAT16;FLOAT16;FLOAT16;FLOAT16;FLOAT16;FLOAT16,ND;ND;ND;ND;ND;ND;ND;ND;ND;ND;ND;ND;ND;ND;ND;ND;ND;ND;ND;ND;ND;ND;ND;ND;ND;ND;ND;ND;ND;ND;ND;ND;ND;ND;ND;ND;ND;ND;ND;ND;ND;ND;ND;ND;ND;ND;ND;ND;ND;ND;ND;ND;ND;ND;ND;ND;ND;ND;ND;ND;ND;ND;ND;ND,"""1024,1024""",FLOAT16,ND,N/A,0.0,0,0.0,0.0,0.0,0.0,0.0,0.0,0.0,0.0,0.0,0.0,0.0,44.952,2966812,0.017,0.0,3.625,0.081,31.236,0.695,10.384,0.231,0.0,0.000
0,4294967295,104,47,aclnnMul_MulAiCore_Mul,Mul,dynamic,AI_VECTOR_CORE,1785697686580309.921	,329.647,0.149000,40,0,NO,"""4096,4096;4096,4096""",FLOAT;FLOAT,ND;ND,"""4096,4096""",FLOAT,ND,N/A,0.0,0,0.0,0.0,0.0,0.0,0.0,0.0,0.0,0.0,0.0,0.0,0.0,327.305,21602152,6.784,0.021,3.026,0.009,325.783,0.995,110.473,0.338,0.0,0.000
0,4294967295,105,47,Concat,Concat,dynamic,AI_VECTOR_CORE,1785697686580639.588	,56.561,0.000000,40,0,NO,"""1024,16;1024,16;1024,16;1024,16;1024,16;1024,16;1024,16;1024,16;1024,16;1024,16;1024,16;1024,16;1024,16;1024,16;1024,16;1024,16;1024,16;1024,16;1024,16;1024,16;1024,16;1024,16;1024,16;1024,16;1024,16;1024,16;1024,16;1024,16;1024,16;1024,16;1024,16;1024,16;1024,16;1024,16;1024,16;1024,16;1024,16;1024,16;1024,16;1024,16;1024,16;1024,16;1024,16;1024,16;1024,16;1024,16;1024,16;1024,16;1024,16;1024,16;1024,16;1024,16;1024,16;1024,16;1024,16;1024,16;1024,16;1024,16;1024,16;1024,16;1024,16;1024,16;1024,16;1024,16""",FLOAT16;FLOAT16;FLOAT16;FLOAT16;FLOAT16;FLOAT16;FLOAT16;FLOAT16;FLOAT16;FLOAT16;FLOAT16;FLOAT16;FLOAT16;FLOAT16;FLOAT16;FLOAT16;FLOAT16;FLOAT16;FLOAT16;FLOAT16;FLOAT16;FLOAT16;FLOAT16;FLOAT16;FLOAT16;FLOAT16;FLOAT16;FLOAT16;FLOAT16;FLOAT16;FLOAT16;FLOAT16;FLOAT16;FLOAT16;FLOAT16;FLOAT16;FLOAT16;FLOAT16;FLOAT16;FLOAT16;FLOAT16;FLOAT16;FLOAT16;FLOAT16;FLOAT16;FLOAT16;FLOAT16;FLOAT16;FLOAT16;FLOAT16;FLOAT16;FLOAT16;FLOAT16;FLOAT16;FLOAT16;FLOAT16;FLOAT16;FLOAT16;FLOAT16;FLOAT16;FLOAT16;FLOAT16;FLOAT16;FLOAT16,ND;ND;ND;ND;ND;ND;ND;ND;ND;ND;ND;ND;ND;ND;ND;ND;ND;ND;ND;ND;ND;ND;ND;ND;ND;ND;ND;ND;ND;ND;ND;ND;ND;ND;ND;ND;ND;ND;ND;ND;ND;ND;ND;ND;ND;ND;ND;ND;ND;ND;ND;ND;ND;ND;ND;ND;ND;ND;ND;ND;ND;ND;ND;ND,"""1024,1024""",FLOAT16,ND,N/A,0.0,0,0.0,0.0,0.0,0.0,0.0,0.0,0.0,0.0,0.0,0.0,0.0,44.932,2965500,0.017,0.0,3.839,0.085,31.259,0.696,10.275,0.229,0.0,0.000
0,4294967295,106,47,aclnnMul_MulAiCore_Mul,Mul,dynamic,AI_VECTOR_CORE,1785697686580696.169	,329.446,0.189000,40,0,NO,"""4096,4096;4096,4096""",FLOAT;FLOAT,ND;ND,"""4096,4096""",FLOAT,ND,N/A,0.0,0,0.0,0.0,0.0,0.0,0.0,0.0,0.0,0.0,0.0,0.0,0.0,327.483,21613875,6.784,0.021,2.93,0.009,326.048,0.996,111.127,0.339,0.0,0.000
0,4294967295,107,47,Concat,Concat,dynamic,AI_VECTOR_CORE,1785697686581025.635	,56.461,0.054000,40,0,NO,"""1024,16;1024,16;1024,16;1024,16;1024,16;1024,16;1024,16;1024,16;1024,16;1024,16;1024,16;1024,16;1024,16;1024,16;1024,16;1024,16;1024,16;1024,16;1024,16;1024,16;1024,16;1024,16;1024,16;1024,16;1024,16;1024,16;1024,16;1024,16;1024,16;1024,16;1024,16;1024,16;1024,16;1024,16;1024,16;1024,16;1024,16;1024,16;1024,16;1024,16;1024,16;1024,16;1024,16;1024,16;1024,16;1024,16;1024,16;1024,16;1024,16;1024,16;1024,16;1024,16;1024,16;1024,16;1024,16;1024,16;1024,16;1024,16;1024,16;1024,16;1024,16;1024,16;1024,16;1024,16""",FLOAT16;FLOAT16;FLOAT16;FLOAT16;FLOAT16;FLOAT16;FLOAT16;FLOAT16;FLOAT16;FLOAT16;FLOAT16;FLOAT16;FLOAT16;FLOAT16;FLOAT16;FLOAT16;FLOAT16;FLOAT16;FLOAT16;FLOAT16;FLOAT16;FLOAT16;FLOAT16;FLOAT16;FLOAT16;FLOAT16;FLOAT16;FLOAT16;FLOAT16;FLOAT16;FLOAT16;FLOAT16;FLOAT16;FLOAT16;FLOAT16;FLOAT16;FLOAT16;FLOAT16;FLOAT16;FLOAT16;FLOAT16;FLOAT16;FLOAT16;FLOAT16;FLOAT16;FLOAT16;FLOAT16;FLOAT16;FLOAT16;FLOAT16;FLOAT16;FLOAT16;FLOAT16;FLOAT16;FLOAT16;FLOAT16;FLOAT16;FLOAT16;FLOAT16;FLOAT16;FLOAT16;FLOAT16;FLOAT16;FLOAT16,ND;ND;ND;ND;ND;ND;ND;ND;ND;ND;ND;ND;ND;ND;ND;ND;ND;ND;ND;ND;ND;ND;ND;ND;ND;ND;ND;ND;ND;ND;ND;ND;ND;ND;ND;ND;ND;ND;ND;ND;ND;ND;ND;ND;ND;ND;ND;ND;ND;ND;ND;ND;ND;ND;ND;ND;ND;ND;ND;ND;ND;ND;ND;ND,"""1024,1024""",FLOAT16,ND,N/A,0.0,0,0.0,0.0,0.0,0.0,0.0,0.0,0.0,0.0,0.0,0.0,0.0,45.545,3005991,0.017,0.0,4.835,0.106,30.975,0.68,10.379,0.228,0.0,0.000
0,4294967295,108,47,aclnnMul_MulAiCore_Mul,Mul,dynamic,AI_VECTOR_CORE,1785697686581082.116	,329.567,0.000000,40,0,NO,"""4096,4096;4096,4096""",FLOAT;FLOAT,ND;ND,"""4096,4096""",FLOAT,ND,N/A,0.0,0,0.0,0.0,0.0,0.0,0.0,0.0,0.0,0.0,0.0,0.0,0.0,326.684,21561164,6.784,0.021,3.416,0.01,324.74,0.994,109.443,0.335,0.0,0.000
0,4294967295,109,47,Concat,Concat,dynamic,AI_VECTOR_CORE,1785697686581411.703	,53.901,0.183000,40,0,NO,"""1024,16;1024,16;1024,16;1024,16;1024,16;1024,16;1024,16;1024,16;1024,16;1024,16;1024,16;1024,16;1024,16;1024,16;1024,16;1024,16;1024,16;1024,16;1024,16;1024,16;1024,16;1024,16;1024,16;1024,16;1024,16;1024,16;1024,16;1024,16;1024,16;1024,16;1024,16;1024,16;1024,16;1024,16;1024,16;1024,16;1024,16;1024,16;1024,16;1024,16;1024,16;1024,16;1024,16;1024,16;1024,16;1024,16;1024,16;1024,16;1024,16;1024,16;1024,16;1024,16;1024,16;1024,16;1024,16;1024,16;1024,16;1024,16;1024,16;1024,16;1024,16;1024,16;1024,16;1024,16""",FLOAT16;FLOAT16;FLOAT16;FLOAT16;FLOAT16;FLOAT16;FLOAT16;FLOAT16;FLOAT16;FLOAT16;FLOAT16;FLOAT16;FLOAT16;FLOAT16;FLOAT16;FLOAT16;FLOAT16;FLOAT16;FLOAT16;FLOAT16;FLOAT16;FLOAT16;FLOAT16;FLOAT16;FLOAT16;FLOAT16;FLOAT16;FLOAT16;FLOAT16;FLOAT16;FLOAT16;FLOAT16;FLOAT16;FLOAT16;FLOAT16;FLOAT16;FLOAT16;FLOAT16;FLOAT16;FLOAT16;FLOAT16;FLOAT16;FLOAT16;FLOAT16;FLOAT16;FLOAT16;FLOAT16;FLOAT16;FLOAT16;FLOAT16;FLOAT16;FLOAT16;FLOAT16;FLOAT16;FLOAT16;FLOAT16;FLOAT16;FLOAT16;FLOAT16;FLOAT16;FLOAT16;FLOAT16;FLOAT16;FLOAT16,ND;ND;ND;ND;ND;ND;ND;ND;ND;ND;ND;ND;ND;ND;ND;ND;ND;ND;ND;ND;ND;ND;ND;ND;ND;ND;ND;ND;ND;ND;ND;ND;ND;ND;ND;ND;ND;ND;ND;ND;ND;ND;ND;ND;ND;ND;ND;ND;ND;ND;ND;ND;ND;ND;ND;ND;ND;ND;ND;ND;ND;ND;ND;ND,"""1024,1024""",FLOAT16,ND,N/A,0.0,0,0.0,0.0,0.0,0.0,0.0,0.0,0.0,0.0,0.0,0.0,0.0,43.861,2894794,0.017,0.0,3.581,0.082,30.471,0.695,10.17,0.232,0.0,0.000
0,4294967295,110,47,aclnnMul_MulAiCore_Mul,Mul,dynamic,AI_VECTOR_CORE,1785697686581465.624	,329.267,0.000000,40,0,NO,"""4096,4096;4096,4096""",FLOAT;FLOAT,ND;ND,"""4096,4096""",FLOAT,ND,N/A,0.0,0,0.0,0.0,0.0,0.0,0.0,0.0,0.0,0.0,0.0,0.0,0.0,327.054,21585533,6.784,0.021,2.93,0.009,325.597,0.996,111.126,0.34,0.0,0.000
0,4294967295,111,47,Concat,Concat,dynamic,AI_VECTOR_CORE,1785697686581794.911	,54.441,0.233000,40,0,NO,"""1024,16;1024,16;1024,16;1024,16;1024,16;1024,16;1024,16;1024,16;1024,16;1024,16;1024,16;1024,16;1024,16;1024,16;1024,16;1024,16;1024,16;1024,16;1024,16;1024,16;1024,16;1024,16;1024,16;1024,16;1024,16;1024,16;1024,16;1024,16;1024,16;1024,16;1024,16;1024,16;1024,16;1024,16;1024,16;1024,16;1024,16;1024,16;1024,16;1024,16;1024,16;1024,16;1024,16;1024,16;1024,16;1024,16;1024,16;1024,16;1024,16;1024,16;1024,16;1024,16;1024,16;1024,16;1024,16;1024,16;1024,16;1024,16;1024,16;1024,16;1024,16;1024,16;1024,16;1024,16""",FLOAT16;FLOAT16;FLOAT16;FLOAT16;FLOAT16;FLOAT16;FLOAT16;FLOAT16;FLOAT16;FLOAT16;FLOAT16;FLOAT16;FLOAT16;FLOAT16;FLOAT16;FLOAT16;FLOAT16;FLOAT16;FLOAT16;FLOAT16;FLOAT16;FLOAT16;FLOAT16;FLOAT16;FLOAT16;FLOAT16;FLOAT16;FLOAT16;FLOAT16;FLOAT16;FLOAT16;FLOAT16;FLOAT16;FLOAT16;FLOAT16;FLOAT16;FLOAT16;FLOAT16;FLOAT16;FLOAT16;FLOAT16;FLOAT16;FLOAT16;FLOAT16;FLOAT16;FLOAT16;FLOAT16;FLOAT16;FLOAT16;FLOAT16;FLOAT16;FLOAT16;FLOAT16;FLOAT16;FLOAT16;FLOAT16;FLOAT16;FLOAT16;FLOAT16;FLOAT16;FLOAT16;FLOAT16;FLOAT16;FLOAT16,ND;ND;ND;ND;ND;ND;ND;ND;ND;ND;ND;ND;ND;ND;ND;ND;ND;ND;ND;ND;ND;ND;ND;ND;ND;ND;ND;ND;ND;ND;ND;ND;ND;ND;ND;ND;ND;ND;ND;ND;ND;ND;ND;ND;ND;ND;ND;ND;ND;ND;ND;ND;ND;ND;ND;ND;ND;ND;ND;ND;ND;ND;ND;ND,"""1024,1024""",FLOAT16,ND,N/A,0.0,0,0.0,0.0,0.0,0.0,0.0,0.0,0.0,0.0,0.0,0.0,0.0,44.021,2905404,0.017,0.0,3.664,0.083,30.625,0.696,10.188,0.231,0.0,0.000
0,4294967295,112,47,aclnnMul_MulAiCore_Mul,Mul,dynamic,AI_VECTOR_CORE,1785697686581849.372	,329.226,0.000000,40,0,NO,"""4096,4096;4096,4096""",FLOAT;FLOAT,ND;ND,"""4096,4096""",FLOAT,ND,N/A,0.0,0,0.0,0.0,0.0,0.0,0.0,0.0,0.0,0.0,0.0,0.0,0.0,326.533,21551197,6.784,0.021,3.045,0.009,324.935,0.995,110.111,0.337,0.0,0.000
0,4294967295,113,47,Concat,Concat,dynamic,AI_VECTOR_CORE,1785697686582178.618	,55.541,0.024000,40,0,NO,"""1024,16;1024,16;1024,16;1024,16;1024,16;1024,16;1024,16;1024,16;1024,16;1024,16;1024,16;1024,16;1024,16;1024,16;1024,16;1024,16;1024,16;1024,16;1024,16;1024,16;1024,16;1024,16;1024,16;1024,16;1024,16;1024,16;1024,16;1024,16;1024,16;1024,16;1024,16;1024,16;1024,16;1024,16;1024,16;1024,16;1024,16;1024,16;1024,16;1024,16;1024,16;1024,16;1024,16;1024,16;1024,16;1024,16;1024,16;1024,16;1024,16;1024,16;1024,16;1024,16;1024,16;1024,16;1024,16;1024,16;1024,16;1024,16;1024,16;1024,16;1024,16;1024,16;1024,16;1024,16""",FLOAT16;FLOAT16;FLOAT16;FLOAT16;FLOAT16;FLOAT16;FLOAT16;FLOAT16;FLOAT16;FLOAT16;FLOAT16;FLOAT16;FLOAT16;FLOAT16;FLOAT16;FLOAT16;FLOAT16;FLOAT16;FLOAT16;FLOAT16;FLOAT16;FLOAT16;FLOAT16;FLOAT16;FLOAT16;FLOAT16;FLOAT16;FLOAT16;FLOAT16;FLOAT16;FLOAT16;FLOAT16;FLOAT16;FLOAT16;FLOAT16;FLOAT16;FLOAT16;FLOAT16;FLOAT16;FLOAT16;FLOAT16;FLOAT16;FLOAT16;FLOAT16;FLOAT16;FLOAT16;FLOAT16;FLOAT16;FLOAT16;FLOAT16;FLOAT16;FLOAT16;FLOAT16;FLOAT16;FLOAT16;FLOAT16;FLOAT16;FLOAT16;FLOAT16;FLOAT16;FLOAT16;FLOAT16;FLOAT16;FLOAT16,ND;ND;ND;ND;ND;ND;ND;ND;ND;ND;ND;ND;ND;ND;ND;ND;ND;ND;ND;ND;ND;ND;ND;ND;ND;ND;ND;ND;ND;ND;ND;ND;ND;ND;ND;ND;ND;ND;ND;ND;ND;ND;ND;ND;ND;ND;ND;ND;ND;ND;ND;ND;ND;ND;ND;ND;ND;ND;ND;ND;ND;ND;ND;ND,"""1024,1024""",FLOAT16,ND,N/A,0.0,0,0.0,0.0,0.0,0.0,0.0,0.0,0.0,0.0,0.0,0.0,0.0,45.403,2996588,0.017,0.0,4.131,0.091,31.581,0.696,10.283,0.226,0.0,0.000
0,4294967295,114,47,aclnnMul_MulAiCore_Mul,Mul,dynamic,AI_VECTOR_CORE,1785697686582234.179	,328.787,0.209000,40,0,NO,"""4096,4096;4096,4096""",FLOAT;FLOAT,ND;ND,"""4096,4096""",FLOAT,ND,N/A,0.0,0,0.0,0.0,0.0,0.0,0.0,0.0,0.0,0.0,0.0,0.0,0.0,326.28,21534511,6.784,0.021,3.126,0.01,324.639,0.995,109.454,0.335,0.0,0.000
0,4294967295,115,47,Concat,Concat,dynamic,AI_VECTOR_CORE,1785697686582562.986	,55.761,0.000000,40,0,NO,"""1024,16;1024,16;1024,16;1024,16;1024,16;1024,16;1024,16;1024,16;1024,16;1024,16;1024,16;1024,16;1024,16;1024,16;1024,16;1024,16;1024,16;1024,16;1024,16;1024,16;1024,16;1024,16;1024,16;1024,16;1024,16;1024,16;1024,16;1024,16;1024,16;1024,16;1024,16;1024,16;1024,16;1024,16;1024,16;1024,16;1024,16;1024,16;1024,16;1024,16;1024,16;1024,16;1024,16;1024,16;1024,16;1024,16;1024,16;1024,16;1024,16;1024,16;1024,16;1024,16;1024,16;1024,16;1024,16;1024,16;1024,16;1024,16;1024,16;1024,16;1024,16;1024,16;1024,16;1024,16""",FLOAT16;FLOAT16;FLOAT16;FLOAT16;FLOAT16;FLOAT16;FLOAT16;FLOAT16;FLOAT16;FLOAT16;FLOAT16;FLOAT16;FLOAT16;FLOAT16;FLOAT16;FLOAT16;FLOAT16;FLOAT16;FLOAT16;FLOAT16;FLOAT16;FLOAT16;FLOAT16;FLOAT16;FLOAT16;FLOAT16;FLOAT16;FLOAT16;FLOAT16;FLOAT16;FLOAT16;FLOAT16;FLOAT16;FLOAT16;FLOAT16;FLOAT16;FLOAT16;FLOAT16;FLOAT16;FLOAT16;FLOAT16;FLOAT16;FLOAT16;FLOAT16;FLOAT16;FLOAT16;FLOAT16;FLOAT16;FLOAT16;FLOAT16;FLOAT16;FLOAT16;FLOAT16;FLOAT16;FLOAT16;FLOAT16;FLOAT16;FLOAT16;FLOAT16;FLOAT16;FLOAT16;FLOAT16;FLOAT16;FLOAT16,ND;ND;ND;ND;ND;ND;ND;ND;ND;ND;ND;ND;ND;ND;ND;ND;ND;ND;ND;ND;ND;ND;ND;ND;ND;ND;ND;ND;ND;ND;ND;ND;ND;ND;ND;ND;ND;ND;ND;ND;ND;ND;ND;ND;ND;ND;ND;ND;ND;ND;ND;ND;ND;ND;ND;ND;ND;ND;ND;ND;ND;ND;ND;ND,"""1024,1024""",FLOAT16,ND,N/A,0.0,0,0.0,0.0,0.0,0.0,0.0,0.0,0.0,0.0,0.0,0.0,0.0,45.114,2977552,0.017,0.0,3.738,0.083,31.037,0.688,10.637,0.236,0.0,0.000
0,4294967295,116,47,aclnnMul_MulAiCore_Mul,Mul,dynamic,AI_VECTOR_CORE,1785697686582618.767	,329.067,0.000000,40,0,NO,"""4096,4096;4096,4096""",FLOAT;FLOAT,ND;ND,"""4096,4096""",FLOAT,ND,N/A,0.0,0,0.0,0.0,0.0,0.0,0.0,0.0,0.0,0.0,0.0,0.0,0.0,326.95,21578732,6.784,0.021,3.003,0.009,325.438,0.995,111.832,0.342,0.0,0.000
0,4294967295,117,47,Concat,Concat,dynamic,AI_VECTOR_CORE,1785697686582947.854	,55.181,0.000000,40,0,NO,"""1024,16;1024,16;1024,16;1024,16;1024,16;1024,16;1024,16;1024,16;1024,16;1024,16;1024,16;1024,16;1024,16;1024,16;1024,16;1024,16;1024,16;1024,16;1024,16;1024,16;1024,16;1024,16;1024,16;1024,16;1024,16;1024,16;1024,16;1024,16;1024,16;1024,16;1024,16;1024,16;1024,16;1024,16;1024,16;1024,16;1024,16;1024,16;1024,16;1024,16;1024,16;1024,16;1024,16;1024,16;1024,16;1024,16;1024,16;1024,16;1024,16;1024,16;1024,16;1024,16;1024,16;1024,16;1024,16;1024,16;1024,16;1024,16;1024,16;1024,16;1024,16;1024,16;1024,16;1024,16""",FLOAT16;FLOAT16;FLOAT16;FLOAT16;FLOAT16;FLOAT16;FLOAT16;FLOAT16;FLOAT16;FLOAT16;FLOAT16;FLOAT16;FLOAT16;FLOAT16;FLOAT16;FLOAT16;FLOAT16;FLOAT16;FLOAT16;FLOAT16;FLOAT16;FLOAT16;FLOAT16;FLOAT16;FLOAT16;FLOAT16;FLOAT16;FLOAT16;FLOAT16;FLOAT16;FLOAT16;FLOAT16;FLOAT16;FLOAT16;FLOAT16;FLOAT16;FLOAT16;FLOAT16;FLOAT16;FLOAT16;FLOAT16;FLOAT16;FLOAT16;FLOAT16;FLOAT16;FLOAT16;FLOAT16;FLOAT16;FLOAT16;FLOAT16;FLOAT16;FLOAT16;FLOAT16;FLOAT16;FLOAT16;FLOAT16;FLOAT16;FLOAT16;FLOAT16;FLOAT16;FLOAT16;FLOAT16;FLOAT16;FLOAT16,ND;ND;ND;ND;ND;ND;ND;ND;ND;ND;ND;ND;ND;ND;ND;ND;ND;ND;ND;ND;ND;ND;ND;ND;ND;ND;ND;ND;ND;ND;ND;ND;ND;ND;ND;ND;ND;ND;ND;ND;ND;ND;ND;ND;ND;ND;ND;ND;ND;ND;ND;ND;ND;ND;ND;ND;ND;ND;ND;ND;ND;ND;ND;ND,"""1024,1024""",FLOAT16,ND,N/A,0.0,0,0.0,0.0,0.0,0.0,0.0,0.0,0.0,0.0,0.0,0.0,0.0,44.754,2953781,0.017,0.0,3.798,0.085,31.022,0.693,10.368,0.232,0.0,0.000
0,4294967295,118,47,aclnnMul_MulAiCore_Mul,Mul,dynamic,AI_VECTOR_CORE,1785697686583003.055	,330.106,0.069000,40,0,NO,"""4096,4096;4096,4096""",FLOAT;FLOAT,ND;ND,"""4096,4096""",FLOAT,ND,N/A,0.0,0,0.0,0.0,0.0,0.0,0.0,0.0,0.0,0.0,0.0,0.0,0.0,327.789,21634077,6.784,0.021,3.093,0.009,326.168,0.995,111.386,0.34,0.0,0.000
0,4294967295,119,47,Concat,Concat,dynamic,AI_VECTOR_CORE,1785697686583333.181	,54.662,0.144000,40,0,NO,"""1024,16;1024,16;1024,16;1024,16;1024,16;1024,16;1024,16;1024,16;1024,16;1024,16;1024,16;1024,16;1024,16;1024,16;1024,16;1024,16;1024,16;1024,16;1024,16;1024,16;1024,16;1024,16;1024,16;1024,16;1024,16;1024,16;1024,16;1024,16;1024,16;1024,16;1024,16;1024,16;1024,16;1024,16;1024,16;1024,16;1024,16;1024,16;1024,16;1024,16;1024,16;1024,16;1024,16;1024,16;1024,16;1024,16;1024,16;1024,16;1024,16;1024,16;1024,16;1024,16;1024,16;1024,16;1024,16;1024,16;1024,16;1024,16;1024,16;1024,16;1024,16;1024,16;1024,16;1024,16""",FLOAT16;FLOAT16;FLOAT16;FLOAT16;FLOAT16;FLOAT16;FLOAT16;FLOAT16;FLOAT16;FLOAT16;FLOAT16;FLOAT16;FLOAT16;FLOAT16;FLOAT16;FLOAT16;FLOAT16;FLOAT16;FLOAT16;FLOAT16;FLOAT16;FLOAT16;FLOAT16;FLOAT16;FLOAT16;FLOAT16;FLOAT16;FLOAT16;FLOAT16;FLOAT16;FLOAT16;FLOAT16;FLOAT16;FLOAT16;FLOAT16;FLOAT16;FLOAT16;FLOAT16;FLOAT16;FLOAT16;FLOAT16;FLOAT16;FLOAT16;FLOAT16;FLOAT16;FLOAT16;FLOAT16;FLOAT16;FLOAT16;FLOAT16;FLOAT16;FLOAT16;FLOAT16;FLOAT16;FLOAT16;FLOAT16;FLOAT16;FLOAT16;FLOAT16;FLOAT16;FLOAT16;FLOAT16;FLOAT16;FLOAT16,ND;ND;ND;ND;ND;ND;ND;ND;ND;ND;ND;ND;ND;ND;ND;ND;ND;ND;ND;ND;ND;ND;ND;ND;ND;ND;ND;ND;ND;ND;ND;ND;ND;ND;ND;ND;ND;ND;ND;ND;ND;ND;ND;ND;ND;ND;ND;ND;ND;ND;ND;ND;ND;ND;ND;ND;ND;ND;ND;ND;ND;ND;ND;ND,"""1024,1024""",FLOAT16,ND,N/A,0.0,0,0.0,0.0,0.0,0.0,0.0,0.0,0.0,0.0,0.0,0.0,0.0,44.228,2919072,0.017,0.0,3.968,0.09,30.839,0.697,10.021,0.227,0.0,0.000
0,4294967295,120,47,aclnnMul_MulAiCore_Mul,Mul,dynamic,AI_VECTOR_CORE,1785697686583387.863	,328.126,0.000000,40,0,NO,"""4096,4096;4096,4096""",FLOAT;FLOAT,ND;ND,"""4096,4096""",FLOAT,ND,N/A,0.0,0,0.0,0.0,0.0,0.0,0.0,0.0,0.0,0.0,0.0,0.0,0.0,326.044,21518933,6.784,0.021,2.922,0.009,324.588,0.996,109.793,0.337,0.0,0.000
0,4294967295,121,47,Concat,Concat,dynamic,AI_VECTOR_CORE,1785697686583716.009	,56.341,0.124000,40,0,NO,"""1024,16;1024,16;1024,16;1024,16;1024,16;1024,16;1024,16;1024,16;1024,16;1024,16;1024,16;1024,16;1024,16;1024,16;1024,16;1024,16;1024,16;1024,16;1024,16;1024,16;1024,16;1024,16;1024,16;1024,16;1024,16;1024,16;1024,16;1024,16;1024,16;1024,16;1024,16;1024,16;1024,16;1024,16;1024,16;1024,16;1024,16;1024,16;1024,16;1024,16;1024,16;1024,16;1024,16;1024,16;1024,16;1024,16;1024,16;1024,16;1024,16;1024,16;1024,16;1024,16;1024,16;1024,16;1024,16;1024,16;1024,16;1024,16;1024,16;1024,16;1024,16;1024,16;1024,16;1024,16""",FLOAT16;FLOAT16;FLOAT16;FLOAT16;FLOAT16;FLOAT16;FLOAT16;FLOAT16;FLOAT16;FLOAT16;FLOAT16;FLOAT16;FLOAT16;FLOAT16;FLOAT16;FLOAT16;FLOAT16;FLOAT16;FLOAT16;FLOAT16;FLOAT16;FLOAT16;FLOAT16;FLOAT16;FLOAT16;FLOAT16;FLOAT16;FLOAT16;FLOAT16;FLOAT16;FLOAT16;FLOAT16;FLOAT16;FLOAT16;FLOAT16;FLOAT16;FLOAT16;FLOAT16;FLOAT16;FLOAT16;FLOAT16;FLOAT16;FLOAT16;FLOAT16;FLOAT16;FLOAT16;FLOAT16;FLOAT16;FLOAT16;FLOAT16;FLOAT16;FLOAT16;FLOAT16;FLOAT16;FLOAT16;FLOAT16;FLOAT16;FLOAT16;FLOAT16;FLOAT16;FLOAT16;FLOAT16;FLOAT16;FLOAT16,ND;ND;ND;ND;ND;ND;ND;ND;ND;ND;ND;ND;ND;ND;ND;ND;ND;ND;ND;ND;ND;ND;ND;ND;ND;ND;ND;ND;ND;ND;ND;ND;ND;ND;ND;ND;ND;ND;ND;ND;ND;ND;ND;ND;ND;ND;ND;ND;ND;ND;ND;ND;ND;ND;ND;ND;ND;ND;ND;ND;ND;ND;ND;ND,"""1024,1024""",FLOAT16,ND,N/A,0.0,0,0.0,0.0,0.0,0.0,0.0,0.0,0.0,0.0,0.0,0.0,0.0,45.594,3009175,0.017,0.0,3.801,0.083,31.595,0.693,10.533,0.231,0.0,0.000
0,4294967295,122,47,aclnnMul_MulAiCore_Mul,Mul,dynamic,AI_VECTOR_CORE,1785697686583772.370	,329.627,0.000000,40,0,NO,"""4096,4096;4096,4096""",FLOAT;FLOAT,ND;ND,"""4096,4096""",FLOAT,ND,N/A,0.0,0,0.0,0.0,0.0,0.0,0.0,0.0,0.0,0.0,0.0,0.0,0.0,327.177,21593650,6.784,0.021,3.077,0.009,325.589,0.995,109.121,0.334,0.0,0.000
0,4294967295,123,47,Concat,Concat,dynamic,AI_VECTOR_CORE,1785697686584102.037	,56.301,0.123000,40,0,NO,"""1024,16;1024,16;1024,16;1024,16;1024,16;1024,16;1024,16;1024,16;1024,16;1024,16;1024,16;1024,16;1024,16;1024,16;1024,16;1024,16;1024,16;1024,16;1024,16;1024,16;1024,16;1024,16;1024,16;1024,16;1024,16;1024,16;1024,16;1024,16;1024,16;1024,16;1024,16;1024,16;1024,16;1024,16;1024,16;1024,16;1024,16;1024,16;1024,16;1024,16;1024,16;1024,16;1024,16;1024,16;1024,16;1024,16;1024,16;1024,16;1024,16;1024,16;1024,16;1024,16;1024,16;1024,16;1024,16;1024,16;1024,16;1024,16;1024,16;1024,16;1024,16;1024,16;1024,16;1024,16""",FLOAT16;FLOAT16;FLOAT16;FLOAT16;FLOAT16;FLOAT16;FLOAT16;FLOAT16;FLOAT16;FLOAT16;FLOAT16;FLOAT16;FLOAT16;FLOAT16;FLOAT16;FLOAT16;FLOAT16;FLOAT16;FLOAT16;FLOAT16;FLOAT16;FLOAT16;FLOAT16;FLOAT16;FLOAT16;FLOAT16;FLOAT16;FLOAT16;FLOAT16;FLOAT16;FLOAT16;FLOAT16;FLOAT16;FLOAT16;FLOAT16;FLOAT16;FLOAT16;FLOAT16;FLOAT16;FLOAT16;FLOAT16;FLOAT16;FLOAT16;FLOAT16;FLOAT16;FLOAT16;FLOAT16;FLOAT16;FLOAT16;FLOAT16;FLOAT16;FLOAT16;FLOAT16;FLOAT16;FLOAT16;FLOAT16;FLOAT16;FLOAT16;FLOAT16;FLOAT16;FLOAT16;FLOAT16;FLOAT16;FLOAT16,ND;ND;ND;ND;ND;ND;ND;ND;ND;ND;ND;ND;ND;ND;ND;ND;ND;ND;ND;ND;ND;ND;ND;ND;ND;ND;ND;ND;ND;ND;ND;ND;ND;ND;ND;ND;ND;ND;ND;ND;ND;ND;ND;ND;ND;ND;ND;ND;ND;ND;ND;ND;ND;ND;ND;ND;ND;ND;ND;ND;ND;ND;ND;ND,"""1024,1024""",FLOAT16,ND,N/A,0.0,0,0.0,0.0,0.0,0.0,0.0,0.0,0.0,0.0,0.0,0.0,0.0,45.842,3025582,0.017,0.0,4.564,0.1,31.879,0.695,9.973,0.218,0.0,0.000
0,4294967295,124,47,aclnnMul_MulAiCore_Mul,Mul,dynamic,AI_VECTOR_CORE,1785697686584158.358	,329.267,0.000000,40,0,NO,"""4096,4096;4096,4096""",FLOAT;FLOAT,ND;ND,"""4096,4096""",FLOAT,ND,N/A,0.0,0,0.0,0.0,0.0,0.0,0.0,0.0,0.0,0.0,0.0,0.0,0.0,326.813,21569669,6.784,0.021,2.942,0.009,325.346,0.996,108.813,0.333,0.0,0.000
0,4294967295,125,47,Concat,Concat,dynamic,AI_VECTOR_CORE,1785697686584487.645	,53.921,0.233000,40,0,NO,"""1024,16;1024,16;1024,16;1024,16;1024,16;1024,16;1024,16;1024,16;1024,16;1024,16;1024,16;1024,16;1024,16;1024,16;1024,16;1024,16;1024,16;1024,16;1024,16;1024,16;1024,16;1024,16;1024,16;1024,16;1024,16;1024,16;1024,16;1024,16;1024,16;1024,16;1024,16;1024,16;1024,16;1024,16;1024,16;1024,16;1024,16;1024,16;1024,16;1024,16;1024,16;1024,16;1024,16;1024,16;1024,16;1024,16;1024,16;1024,16;1024,16;1024,16;1024,16;1024,16;1024,16;1024,16;1024,16;1024,16;1024,16;1024,16;1024,16;1024,16;1024,16;1024,16;1024,16;1024,16""",FLOAT16;FLOAT16;FLOAT16;FLOAT16;FLOAT16;FLOAT16;FLOAT16;FLOAT16;FLOAT16;FLOAT16;FLOAT16;FLOAT16;FLOAT16;FLOAT16;FLOAT16;FLOAT16;FLOAT16;FLOAT16;FLOAT16;FLOAT16;FLOAT16;FLOAT16;FLOAT16;FLOAT16;FLOAT16;FLOAT16;FLOAT16;FLOAT16;FLOAT16;FLOAT16;FLOAT16;FLOAT16;FLOAT16;FLOAT16;FLOAT16;FLOAT16;FLOAT16;FLOAT16;FLOAT16;FLOAT16;FLOAT16;FLOAT16;FLOAT16;FLOAT16;FLOAT16;FLOAT16;FLOAT16;FLOAT16;FLOAT16;FLOAT16;FLOAT16;FLOAT16;FLOAT16;FLOAT16;FLOAT16;FLOAT16;FLOAT16;FLOAT16;FLOAT16;FLOAT16;FLOAT16;FLOAT16;FLOAT16;FLOAT16,ND;ND;ND;ND;ND;ND;ND;ND;ND;ND;ND;ND;ND;ND;ND;ND;ND;ND;ND;ND;ND;ND;ND;ND;ND;ND;ND;ND;ND;ND;ND;ND;ND;ND;ND;ND;ND;ND;ND;ND;ND;ND;ND;ND;ND;ND;ND;ND;ND;ND;ND;ND;ND;ND;ND;ND;ND;ND;ND;ND;ND;ND;ND;ND,"""1024,1024""",FLOAT16,ND,N/A,0.0,0,0.0,0.0,0.0,0.0,0.0,0.0,0.0,0.0,0.0,0.0,0.0,43.559,2874914,0.017,0.0,4.293,0.099,29.815,0.684,10.092,0.232,0.0,0.000
0,4294967295,126,47,aclnnMul_MulAiCore_Mul,Mul,dynamic,AI_VECTOR_CORE,1785697686584541.586	,330.866,0.000000,40,0,NO,"""4096,4096;4096,4096""",FLOAT;FLOAT,ND;ND,"""4096,4096""",FLOAT,ND,N/A,0.0,0,0.0,0.0,0.0,0.0,0.0,0.0,0.0,0.0,0.0,0.0,0.0,327.963,21645529,6.784,0.021,3.015,0.009,326.449,0.995,111.46,0.34,0.0,0.000
0,4294967295,127,47,Concat,Concat,dynamic,AI_VECTOR_CORE,1785697686584872.472	,54.741,0.134000,40,0,NO,"""1024,16;1024,16;1024,16;1024,16;1024,16;1024,16;1024,16;1024,16;1024,16;1024,16;1024,16;1024,16;1024,16;1024,16;1024,16;1024,16;1024,16;1024,16;1024,16;1024,16;1024,16;1024,16;1024,16;1024,16;1024,16;1024,16;1024,16;1024,16;1024,16;1024,16;1024,16;1024,16;1024,16;1024,16;1024,16;1024,16;1024,16;1024,16;1024,16;1024,16;1024,16;1024,16;1024,16;1024,16;1024,16;1024,16;1024,16;1024,16;1024,16;1024,16;1024,16;1024,16;1024,16;1024,16;1024,16;1024,16;1024,16;1024,16;1024,16;1024,16;1024,16;1024,16;1024,16;1024,16""",FLOAT16;FLOAT16;FLOAT16;FLOAT16;FLOAT16;FLOAT16;FLOAT16;FLOAT16;FLOAT16;FLOAT16;FLOAT16;FLOAT16;FLOAT16;FLOAT16;FLOAT16;FLOAT16;FLOAT16;FLOAT16;FLOAT16;FLOAT16;FLOAT16;FLOAT16;FLOAT16;FLOAT16;FLOAT16;FLOAT16;FLOAT16;FLOAT16;FLOAT16;FLOAT16;FLOAT16;FLOAT16;FLOAT16;FLOAT16;FLOAT16;FLOAT16;FLOAT16;FLOAT16;FLOAT16;FLOAT16;FLOAT16;FLOAT16;FLOAT16;FLOAT16;FLOAT16;FLOAT16;FLOAT16;FLOAT16;FLOAT16;FLOAT16;FLOAT16;FLOAT16;FLOAT16;FLOAT16;FLOAT16;FLOAT16;FLOAT16;FLOAT16;FLOAT16;FLOAT16;FLOAT16;FLOAT16;FLOAT16;FLOAT16,ND;ND;ND;ND;ND;ND;ND;ND;ND;ND;ND;ND;ND;ND;ND;ND;ND;ND;ND;ND;ND;ND;ND;ND;ND;ND;ND;ND;ND;ND;ND;ND;ND;ND;ND;ND;ND;ND;ND;ND;ND;ND;ND;ND;ND;ND;ND;ND;ND;ND;ND;ND;ND;ND;ND;ND;ND;ND;ND;ND;ND;ND;ND;ND,"""1024,1024""",FLOAT16,ND,N/A,0.0,0,0.0,0.0,0.0,0.0,0.0,0.0,0.0,0.0,0.0,0.0,0.0,44.036,2906343,0.017,0.0,3.735,0.085,30.543,0.694,10.056,0.228,0.0,0.000
0,4294967295,128,47,aclnnMul_MulAiCore_Mul,Mul,dynamic,AI_VECTOR_CORE,1785697686584927.253	,329.947,0.009000,40,0,NO,"""4096,4096;4096,4096""",FLOAT;FLOAT,ND;ND,"""4096,4096""",FLOAT,ND,N/A,0.0,0,0.0,0.0,0.0,0.0,0.0,0.0,0.0,0.0,0.0,0.0,0.0,327.905,21641731,6.784,0.021,2.932,0.009,326.456,0.996,110.238,0.336,0.0,0.000
0,4294967295,129,47,Concat,Concat,dynamic,AI_VECTOR_CORE,1785697686585257.220	,55.901,0.053000,40,0,NO,"""1024,16;1024,16;1024,16;1024,16;1024,16;1024,16;1024,16;1024,16;1024,16;1024,16;1024,16;1024,16;1024,16;1024,16;1024,16;1024,16;1024,16;1024,16;1024,16;1024,16;1024,16;1024,16;1024,16;1024,16;1024,16;1024,16;1024,16;1024,16;1024,16;1024,16;1024,16;1024,16;1024,16;1024,16;1024,16;1024,16;1024,16;1024,16;1024,16;1024,16;1024,16;1024,16;1024,16;1024,16;1024,16;1024,16;1024,16;1024,16;1024,16;1024,16;1024,16;1024,16;1024,16;1024,16;1024,16;1024,16;1024,16;1024,16;1024,16;1024,16;1024,16;1024,16;1024,16;1024,16""",FLOAT16;FLOAT16;FLOAT16;FLOAT16;FLOAT16;FLOAT16;FLOAT16;FLOAT16;FLOAT16;FLOAT16;FLOAT16;FLOAT16;FLOAT16;FLOAT16;FLOAT16;FLOAT16;FLOAT16;FLOAT16;FLOAT16;FLOAT16;FLOAT16;FLOAT16;FLOAT16;FLOAT16;FLOAT16;FLOAT16;FLOAT16;FLOAT16;FLOAT16;FLOAT16;FLOAT16;FLOAT16;FLOAT16;FLOAT16;FLOAT16;FLOAT16;FLOAT16;FLOAT16;FLOAT16;FLOAT16;FLOAT16;FLOAT16;FLOAT16;FLOAT16;FLOAT16;FLOAT16;FLOAT16;FLOAT16;FLOAT16;FLOAT16;FLOAT16;FLOAT16;FLOAT16;FLOAT16;FLOAT16;FLOAT16;FLOAT16;FLOAT16;FLOAT16;FLOAT16;FLOAT16;FLOAT16;FLOAT16;FLOAT16,ND;ND;ND;ND;ND;ND;ND;ND;ND;ND;ND;ND;ND;ND;ND;ND;ND;ND;ND;ND;ND;ND;ND;ND;ND;ND;ND;ND;ND;ND;ND;ND;ND;ND;ND;ND;ND;ND;ND;ND;ND;ND;ND;ND;ND;ND;ND;ND;ND;ND;ND;ND;ND;ND;ND;ND;ND;ND;ND;ND;ND;ND;ND;ND,"""1024,1024""",FLOAT16,ND,N/A,0.0,0,0.0,0.0,0.0,0.0,0.0,0.0,0.0,0.0,0.0,0.0,0.0,44.964,2967599,0.017,0.0,3.669,0.082,31.237,0.695,10.358,0.23,0.0,0.000
0,4294967295,130,47,aclnnMul_MulAiCore_Mul,Mul,dynamic,AI_VECTOR_CORE,1785697686585313.141	,329.407,0.099000,40,0,NO,"""4096,4096;4096,4096""",FLOAT;FLOAT,ND;ND,"""4096,4096""",FLOAT,ND,N/A,0.0,0,0.0,0.0,0.0,0.0,0.0,0.0,0.0,0.0,0.0,0.0,0.0,327.021,21583369,6.784,0.021,3.004,0.009,325.484,0.995,110.839,0.339,0.0,0.000
0,4294967295,131,47,Concat,Concat,dynamic,AI_VECTOR_CORE,1785697686585642.568	,56.721,0.000000,40,0,NO,"""1024,16;1024,16;1024,16;1024,16;1024,16;1024,16;1024,16;1024,16;1024,16;1024,16;1024,16;1024,16;1024,16;1024,16;1024,16;1024,16;1024,16;1024,16;1024,16;1024,16;1024,16;1024,16;1024,16;1024,16;1024,16;1024,16;1024,16;1024,16;1024,16;1024,16;1024,16;1024,16;1024,16;1024,16;1024,16;1024,16;1024,16;1024,16;1024,16;1024,16;1024,16;1024,16;1024,16;1024,16;1024,16;1024,16;1024,16;1024,16;1024,16;1024,16;1024,16;1024,16;1024,16;1024,16;1024,16;1024,16;1024,16;1024,16;1024,16;1024,16;1024,16;1024,16;1024,16;1024,16""",FLOAT16;FLOAT16;FLOAT16;FLOAT16;FLOAT16;FLOAT16;FLOAT16;FLOAT16;FLOAT16;FLOAT16;FLOAT16;FLOAT16;FLOAT16;FLOAT16;FLOAT16;FLOAT16;FLOAT16;FLOAT16;FLOAT16;FLOAT16;FLOAT16;FLOAT16;FLOAT16;FLOAT16;FLOAT16;FLOAT16;FLOAT16;FLOAT16;FLOAT16;FLOAT16;FLOAT16;FLOAT16;FLOAT16;FLOAT16;FLOAT16;FLOAT16;FLOAT16;FLOAT16;FLOAT16;FLOAT16;FLOAT16;FLOAT16;FLOAT16;FLOAT16;FLOAT16;FLOAT16;FLOAT16;FLOAT16;FLOAT16;FLOAT16;FLOAT16;FLOAT16;FLOAT16;FLOAT16;FLOAT16;FLOAT16;FLOAT16;FLOAT16;FLOAT16;FLOAT16;FLOAT16;FLOAT16;FLOAT16;FLOAT16,ND;ND;ND;ND;ND;ND;ND;ND;ND;ND;ND;ND;ND;ND;ND;ND;ND;ND;ND;ND;ND;ND;ND;ND;ND;ND;ND;ND;ND;ND;ND;ND;ND;ND;ND;ND;ND;ND;ND;ND;ND;ND;ND;ND;ND;ND;ND;ND;ND;ND;ND;ND;ND;ND;ND;ND;ND;ND;ND;ND;ND;ND;ND;ND,"""1024,1024""",FLOAT16,ND,N/A,0.0,0,0.0,0.0,0.0,0.0,0.0,0.0,0.0,0.0,0.0,0.0,0.0,45.882,3028238,0.017,0.0,3.772,0.082,31.57,0.688,10.826,0.236,0.0,0.000
0,4294967295,132,47,aclnnMul_MulAiCore_Mul,Mul,dynamic,AI_VECTOR_CORE,1785697686585699.329	,329.326,0.029000,40,0,NO,"""4096,4096;4096,4096""",FLOAT;FLOAT,ND;ND,"""4096,4096""",FLOAT,ND,N/A,0.0,0,0.0,0.0,0.0,0.0,0.0,0.0,0.0,0.0,0.0,0.0,0.0,327.088,21587785,6.784,0.021,2.943,0.009,325.632,0.996,109.938,0.336,0.0,0.000
0,4294967295,133,47,Concat,Concat,dynamic,AI_VECTOR_CORE,1785697686586028.675	,55.121,0.174000,40,0,NO,"""1024,16;1024,16;1024,16;1024,16;1024,16;1024,16;1024,16;1024,16;1024,16;1024,16;1024,16;1024,16;1024,16;1024,16;1024,16;1024,16;1024,16;1024,16;1024,16;1024,16;1024,16;1024,16;1024,16;1024,16;1024,16;1024,16;1024,16;1024,16;1024,16;1024,16;1024,16;1024,16;1024,16;1024,16;1024,16;1024,16;1024,16;1024,16;1024,16;1024,16;1024,16;1024,16;1024,16;1024,16;1024,16;1024,16;1024,16;1024,16;1024,16;1024,16;1024,16;1024,16;1024,16;1024,16;1024,16;1024,16;1024,16;1024,16;1024,16;1024,16;1024,16;1024,16;1024,16;1024,16""",FLOAT16;FLOAT16;FLOAT16;FLOAT16;FLOAT16;FLOAT16;FLOAT16;FLOAT16;FLOAT16;FLOAT16;FLOAT16;FLOAT16;FLOAT16;FLOAT16;FLOAT16;FLOAT16;FLOAT16;FLOAT16;FLOAT16;FLOAT16;FLOAT16;FLOAT16;FLOAT16;FLOAT16;FLOAT16;FLOAT16;FLOAT16;FLOAT16;FLOAT16;FLOAT16;FLOAT16;FLOAT16;FLOAT16;FLOAT16;FLOAT16;FLOAT16;FLOAT16;FLOAT16;FLOAT16;FLOAT16;FLOAT16;FLOAT16;FLOAT16;FLOAT16;FLOAT16;FLOAT16;FLOAT16;FLOAT16;FLOAT16;FLOAT16;FLOAT16;FLOAT16;FLOAT16;FLOAT16;FLOAT16;FLOAT16;FLOAT16;FLOAT16;FLOAT16;FLOAT16;FLOAT16;FLOAT16;FLOAT16;FLOAT16,ND;ND;ND;ND;ND;ND;ND;ND;ND;ND;ND;ND;ND;ND;ND;ND;ND;ND;ND;ND;ND;ND;ND;ND;ND;ND;ND;ND;ND;ND;ND;ND;ND;ND;ND;ND;ND;ND;ND;ND;ND;ND;ND;ND;ND;ND;ND;ND;ND;ND;ND;ND;ND;ND;ND;ND;ND;ND;ND;ND;ND;ND;ND;ND,"""1024,1024""",FLOAT16,ND,N/A,0.0,0,0.0,0.0,0.0,0.0,0.0,0.0,0.0,0.0,0.0,0.0,0.0,44.383,2929264,0.017,0.0,4.099,0.092,30.574,0.689,10.364,0.234,0.0,0.000
0,4294967295,134,47,aclnnMul_MulAiCore_Mul,Mul,dynamic,AI_VECTOR_CORE,1785697686586083.816	,329.367,0.000000,40,0,NO,"""4096,4096;4096,4096""",FLOAT;FLOAT,ND;ND,"""4096,4096""",FLOAT,ND,N/A,0.0,0,0.0,0.0,0.0,0.0,0.0,0.0,0.0,0.0,0.0,0.0,0.0,327.18,21593870,6.784,0.021,3.036,0.009,325.641,0.995,110.202,0.337,0.0,0.000
0,4294967295,135,47,Concat,Concat,dynamic,AI_VECTOR_CORE,1785697686586413.203	,53.941,0.133000,40,0,NO,"""1024,16;1024,16;1024,16;1024,16;1024,16;1024,16;1024,16;1024,16;1024,16;1024,16;1024,16;1024,16;1024,16;1024,16;1024,16;1024,16;1024,16;1024,16;1024,16;1024,16;1024,16;1024,16;1024,16;1024,16;1024,16;1024,16;1024,16;1024,16;1024,16;1024,16;1024,16;1024,16;1024,16;1024,16;1024,16;1024,16;1024,16;1024,16;1024,16;1024,16;1024,16;1024,16;1024,16;1024,16;1024,16;1024,16;1024,16;1024,16;1024,16;1024,16;1024,16;1024,16;1024,16;1024,16;1024,16;1024,16;1024,16;1024,16;1024,16;1024,16;1024,16;1024,16;1024,16;1024,16""",FLOAT16;FLOAT16;FLOAT16;FLOAT16;FLOAT16;FLOAT16;FLOAT16;FLOAT16;FLOAT16;FLOAT16;FLOAT16;FLOAT16;FLOAT16;FLOAT16;FLOAT16;FLOAT16;FLOAT16;FLOAT16;FLOAT16;FLOAT16;FLOAT16;FLOAT16;FLOAT16;FLOAT16;FLOAT16;FLOAT16;FLOAT16;FLOAT16;FLOAT16;FLOAT16;FLOAT16;FLOAT16;FLOAT16;FLOAT16;FLOAT16;FLOAT16;FLOAT16;FLOAT16;FLOAT16;FLOAT16;FLOAT16;FLOAT16;FLOAT16;FLOAT16;FLOAT16;FLOAT16;FLOAT16;FLOAT16;FLOAT16;FLOAT16;FLOAT16;FLOAT16;FLOAT16;FLOAT16;FLOAT16;FLOAT16;FLOAT16;FLOAT16;FLOAT16;FLOAT16;FLOAT16;FLOAT16;FLOAT16;FLOAT16,ND;ND;ND;ND;ND;ND;ND;ND;ND;ND;ND;ND;ND;ND;ND;ND;ND;ND;ND;ND;ND;ND;ND;ND;ND;ND;ND;ND;ND;ND;ND;ND;ND;ND;ND;ND;ND;ND;ND;ND;ND;ND;ND;ND;ND;ND;ND;ND;ND;ND;ND;ND;ND;ND;ND;ND;ND;ND;ND;ND;ND;ND;ND;ND,"""1024,1024""",FLOAT16,ND,N/A,0.0,0,0.0,0.0,0.0,0.0,0.0,0.0,0.0,0.0,0.0,0.0,0.0,44.15,2913894,0.017,0.0,3.773,0.085,30.552,0.692,10.208,0.231,0.0,0.000
0,4294967295,136,47,aclnnMul_MulAiCore_Mul,Mul,dynamic,AI_VECTOR_CORE,1785697686586467.164	,329.367,0.059000,40,0,NO,"""4096,4096;4096,4096""",FLOAT;FLOAT,ND;ND,"""4096,4096""",FLOAT,ND,N/A,0.0,0,0.0,0.0,0.0,0.0,0.0,0.0,0.0,0.0,0.0,0.0,0.0,326.253,21532726,6.784,0.021,3.049,0.009,324.67,0.995,109.618,0.336,0.0,0.000
0,4294967295,137,47,Concat,Concat,dynamic,AI_VECTOR_CORE,1785697686586796.571	,56.881,0.000000,40,0,NO,"""1024,16;1024,16;1024,16;1024,16;1024,16;1024,16;1024,16;1024,16;1024,16;1024,16;1024,16;1024,16;1024,16;1024,16;1024,16;1024,16;1024,16;1024,16;1024,16;1024,16;1024,16;1024,16;1024,16;1024,16;1024,16;1024,16;1024,16;1024,16;1024,16;1024,16;1024,16;1024,16;1024,16;1024,16;1024,16;1024,16;1024,16;1024,16;1024,16;1024,16;1024,16;1024,16;1024,16;1024,16;1024,16;1024,16;1024,16;1024,16;1024,16;1024,16;1024,16;1024,16;1024,16;1024,16;1024,16;1024,16;1024,16;1024,16;1024,16;1024,16;1024,16;1024,16;1024,16;1024,16""",FLOAT16;FLOAT16;FLOAT16;FLOAT16;FLOAT16;FLOAT16;FLOAT16;FLOAT16;FLOAT16;FLOAT16;FLOAT16;FLOAT16;FLOAT16;FLOAT16;FLOAT16;FLOAT16;FLOAT16;FLOAT16;FLOAT16;FLOAT16;FLOAT16;FLOAT16;FLOAT16;FLOAT16;FLOAT16;FLOAT16;FLOAT16;FLOAT16;FLOAT16;FLOAT16;FLOAT16;FLOAT16;FLOAT16;FLOAT16;FLOAT16;FLOAT16;FLOAT16;FLOAT16;FLOAT16;FLOAT16;FLOAT16;FLOAT16;FLOAT16;FLOAT16;FLOAT16;FLOAT16;FLOAT16;FLOAT16;FLOAT16;FLOAT16;FLOAT16;FLOAT16;FLOAT16;FLOAT16;FLOAT16;FLOAT16;FLOAT16;FLOAT16;FLOAT16;FLOAT16;FLOAT16;FLOAT16;FLOAT16;FLOAT16,ND;ND;ND;ND;ND;ND;ND;ND;ND;ND;ND;ND;ND;ND;ND;ND;ND;ND;ND;ND;ND;ND;ND;ND;ND;ND;ND;ND;ND;ND;ND;ND;ND;ND;ND;ND;ND;ND;ND;ND;ND;ND;ND;ND;ND;ND;ND;ND;ND;ND;ND;ND;ND;ND;ND;ND;ND;ND;ND;ND;ND;ND;ND;ND,"""1024,1024""",FLOAT16,ND,N/A,0.0,0,0.0,0.0,0.0,0.0,0.0,0.0,0.0,0.0,0.0,0.0,0.0,46.851,3092196,0.017,0.0,5.47,0.117,31.984,0.683,10.224,0.218,0.0,0.000
0,4294967295,138,47,aclnnMul_MulAiCore_Mul,Mul,dynamic,AI_VECTOR_CORE,1785697686586853.472	,330.206,0.119000,40,0,NO,"""4096,4096;4096,4096""",FLOAT;FLOAT,ND;ND,"""4096,4096""",FLOAT,ND,N/A,0.0,0,0.0,0.0,0.0,0.0,0.0,0.0,0.0,0.0,0.0,0.0,0.0,327.542,21617796,6.784,0.021,3.084,0.009,325.942,0.995,111.06,0.339,0.0,0.000
0,4294967295,139,47,Concat,Concat,dynamic,AI_VECTOR_CORE,1785697686587183.718	,55.361,0.044000,40,0,NO,"""1024,16;1024,16;1024,16;1024,16;1024,16;1024,16;1024,16;1024,16;1024,16;1024,16;1024,16;1024,16;1024,16;1024,16;1024,16;1024,16;1024,16;1024,16;1024,16;1024,16;1024,16;1024,16;1024,16;1024,16;1024,16;1024,16;1024,16;1024,16;1024,16;1024,16;1024,16;1024,16;1024,16;1024,16;1024,16;1024,16;1024,16;1024,16;1024,16;1024,16;1024,16;1024,16;1024,16;1024,16;1024,16;1024,16;1024,16;1024,16;1024,16;1024,16;1024,16;1024,16;1024,16;1024,16;1024,16;1024,16;1024,16;1024,16;1024,16;1024,16;1024,16;1024,16;1024,16;1024,16""",FLOAT16;FLOAT16;FLOAT16;FLOAT16;FLOAT16;FLOAT16;FLOAT16;FLOAT16;FLOAT16;FLOAT16;FLOAT16;FLOAT16;FLOAT16;FLOAT16;FLOAT16;FLOAT16;FLOAT16;FLOAT16;FLOAT16;FLOAT16;FLOAT16;FLOAT16;FLOAT16;FLOAT16;FLOAT16;FLOAT16;FLOAT16;FLOAT16;FLOAT16;FLOAT16;FLOAT16;FLOAT16;FLOAT16;FLOAT16;FLOAT16;FLOAT16;FLOAT16;FLOAT16;FLOAT16;FLOAT16;FLOAT16;FLOAT16;FLOAT16;FLOAT16;FLOAT16;FLOAT16;FLOAT16;FLOAT16;FLOAT16;FLOAT16;FLOAT16;FLOAT16;FLOAT16;FLOAT16;FLOAT16;FLOAT16;FLOAT16;FLOAT16;FLOAT16;FLOAT16;FLOAT16;FLOAT16;FLOAT16;FLOAT16,ND;ND;ND;ND;ND;ND;ND;ND;ND;ND;ND;ND;ND;ND;ND;ND;ND;ND;ND;ND;ND;ND;ND;ND;ND;ND;ND;ND;ND;ND;ND;ND;ND;ND;ND;ND;ND;ND;ND;ND;ND;ND;ND;ND;ND;ND;ND;ND;ND;ND;ND;ND;ND;ND;ND;ND;ND;ND;ND;ND;ND;ND;ND;ND,"""1024,1024""",FLOAT16,ND,N/A,0.0,0,0.0,0.0,0.0,0.0,0.0,0.0,0.0,0.0,0.0,0.0,0.0,45.64,3012258,0.017,0.0,4.429,0.097,32.045,0.702,9.784,0.214,0.0,0.000
0,4294967295,140,47,aclnnMul_MulAiCore_Mul,Mul,dynamic,AI_VECTOR_CORE,1785697686587239.099	,329.127,0.000000,40,0,NO,"""4096,4096;4096,4096""",FLOAT;FLOAT,ND;ND,"""4096,4096""",FLOAT,ND,N/A,0.0,0,0.0,0.0,0.0,0.0,0.0,0.0,0.0,0.0,0.0,0.0,0.0,326.82,21570093,6.784,0.021,3.048,0.009,325.251,0.995,110.964,0.34,0.0,0.000
0,4294967295,141,47,Concat,Concat,dynamic,AI_VECTOR_CORE,1785697686587568.266	,55.541,0.123000,40,0,NO,"""1024,16;1024,16;1024,16;1024,16;1024,16;1024,16;1024,16;1024,16;1024,16;1024,16;1024,16;1024,16;1024,16;1024,16;1024,16;1024,16;1024,16;1024,16;1024,16;1024,16;1024,16;1024,16;1024,16;1024,16;1024,16;1024,16;1024,16;1024,16;1024,16;1024,16;1024,16;1024,16;1024,16;1024,16;1024,16;1024,16;1024,16;1024,16;1024,16;1024,16;1024,16;1024,16;1024,16;1024,16;1024,16;1024,16;1024,16;1024,16;1024,16;1024,16;1024,16;1024,16;1024,16;1024,16;1024,16;1024,16;1024,16;1024,16;1024,16;1024,16;1024,16;1024,16;1024,16;1024,16""",FLOAT16;FLOAT16;FLOAT16;FLOAT16;FLOAT16;FLOAT16;FLOAT16;FLOAT16;FLOAT16;FLOAT16;FLOAT16;FLOAT16;FLOAT16;FLOAT16;FLOAT16;FLOAT16;FLOAT16;FLOAT16;FLOAT16;FLOAT16;FLOAT16;FLOAT16;FLOAT16;FLOAT16;FLOAT16;FLOAT16;FLOAT16;FLOAT16;FLOAT16;FLOAT16;FLOAT16;FLOAT16;FLOAT16;FLOAT16;FLOAT16;FLOAT16;FLOAT16;FLOAT16;FLOAT16;FLOAT16;FLOAT16;FLOAT16;FLOAT16;FLOAT16;FLOAT16;FLOAT16;FLOAT16;FLOAT16;FLOAT16;FLOAT16;FLOAT16;FLOAT16;FLOAT16;FLOAT16;FLOAT16;FLOAT16;FLOAT16;FLOAT16;FLOAT16;FLOAT16;FLOAT16;FLOAT16;FLOAT16;FLOAT16,ND;ND;ND;ND;ND;ND;ND;ND;ND;ND;ND;ND;ND;ND;ND;ND;ND;ND;ND;ND;ND;ND;ND;ND;ND;ND;ND;ND;ND;ND;ND;ND;ND;ND;ND;ND;ND;ND;ND;ND;ND;ND;ND;ND;ND;ND;ND;ND;ND;ND;ND;ND;ND;ND;ND;ND;ND;ND;ND;ND;ND;ND;ND;ND,"""1024,1024""",FLOAT16,ND,N/A,0.0,0,0.0,0.0,0.0,0.0,0.0,0.0,0.0,0.0,0.0,0.0,0.0,44.287,2922925,0.017,0.0,3.978,0.09,30.455,0.688,10.378,0.234,0.0,0.000
0,4294967295,142,47,aclnnMul_MulAiCore_Mul,Mul,dynamic,AI_VECTOR_CORE,1785697686587623.827	,329.747,0.000000,40,0,NO,"""4096,4096;4096,4096""",FLOAT;FLOAT,ND;ND,"""4096,4096""",FLOAT,ND,N/A,0.0,0,0.0,0.0,0.0,0.0,0.0,0.0,0.0,0.0,0.0,0.0,0.0,327.498,21614887,6.784,0.021,3.298,0.01,325.669,0.994,111.387,0.34,0.0,0.000
0,4294967295,143,47,Concat,Concat,dynamic,AI_VECTOR_CORE,1785697686587953.594	,55.581,0.003000,40,0,NO,"""1024,16;1024,16;1024,16;1024,16;1024,16;1024,16;1024,16;1024,16;1024,16;1024,16;1024,16;1024,16;1024,16;1024,16;1024,16;1024,16;1024,16;1024,16;1024,16;1024,16;1024,16;1024,16;1024,16;1024,16;1024,16;1024,16;1024,16;1024,16;1024,16;1024,16;1024,16;1024,16;1024,16;1024,16;1024,16;1024,16;1024,16;1024,16;1024,16;1024,16;1024,16;1024,16;1024,16;1024,16;1024,16;1024,16;1024,16;1024,16;1024,16;1024,16;1024,16;1024,16;1024,16;1024,16;1024,16;1024,16;1024,16;1024,16;1024,16;1024,16;1024,16;1024,16;1024,16;1024,16""",FLOAT16;FLOAT16;FLOAT16;FLOAT16;FLOAT16;FLOAT16;FLOAT16;FLOAT16;FLOAT16;FLOAT16;FLOAT16;FLOAT16;FLOAT16;FLOAT16;FLOAT16;FLOAT16;FLOAT16;FLOAT16;FLOAT16;FLOAT16;FLOAT16;FLOAT16;FLOAT16;FLOAT16;FLOAT16;FLOAT16;FLOAT16;FLOAT16;FLOAT16;FLOAT16;FLOAT16;FLOAT16;FLOAT16;FLOAT16;FLOAT16;FLOAT16;FLOAT16;FLOAT16;FLOAT16;FLOAT16;FLOAT16;FLOAT16;FLOAT16;FLOAT16;FLOAT16;FLOAT16;FLOAT16;FLOAT16;FLOAT16;FLOAT16;FLOAT16;FLOAT16;FLOAT16;FLOAT16;FLOAT16;FLOAT16;FLOAT16;FLOAT16;FLOAT16;FLOAT16;FLOAT16;FLOAT16;FLOAT16;FLOAT16,ND;ND;ND;ND;ND;ND;ND;ND;ND;ND;ND;ND;ND;ND;ND;ND;ND;ND;ND;ND;ND;ND;ND;ND;ND;ND;ND;ND;ND;ND;ND;ND;ND;ND;ND;ND;ND;ND;ND;ND;ND;ND;ND;ND;ND;ND;ND;ND;ND;ND;ND;ND;ND;ND;ND;ND;ND;ND;ND;ND;ND;ND;ND;ND,"""1024,1024""",FLOAT16,ND,N/A,0.0,0,0.0,0.0,0.0,0.0,0.0,0.0,0.0,0.0,0.0,0.0,0.0,45.088,2975800,0.017,0.0,3.55,0.079,31.477,0.698,10.354,0.23,0.0,0.000
0,4294967295,144,47,aclnnMul_MulAiCore_Mul,Mul,dynamic,AI_VECTOR_CORE,1785697686588009.195	,329.366,0.169000,40,0,NO,"""4096,4096;4096,4096""",FLOAT;FLOAT,ND;ND,"""4096,4096""",FLOAT,ND,N/A,0.0,0,0.0,0.0,0.0,0.0,0.0,0.0,0.0,0.0,0.0,0.0,0.0,327.175,21593566,6.784,0.021,3.011,0.009,325.639,0.995,108.715,0.332,0.0,0.000
0,4294967295,145,47,Concat,Concat,dynamic,AI_VECTOR_CORE,1785697686588338.581	,55.862,0.000000,40,0,NO,"""1024,16;1024,16;1024,16;1024,16;1024,16;1024,16;1024,16;1024,16;1024,16;1024,16;1024,16;1024,16;1024,16;1024,16;1024,16;1024,16;1024,16;1024,16;1024,16;1024,16;1024,16;1024,16;1024,16;1024,16;1024,16;1024,16;1024,16;1024,16;1024,16;1024,16;1024,16;1024,16;1024,16;1024,16;1024,16;1024,16;1024,16;1024,16;1024,16;1024,16;1024,16;1024,16;1024,16;1024,16;1024,16;1024,16;1024,16;1024,16;1024,16;1024,16;1024,16;1024,16;1024,16;1024,16;1024,16;1024,16;1024,16;1024,16;1024,16;1024,16;1024,16;1024,16;1024,16;1024,16""",FLOAT16;FLOAT16;FLOAT16;FLOAT16;FLOAT16;FLOAT16;FLOAT16;FLOAT16;FLOAT16;FLOAT16;FLOAT16;FLOAT16;FLOAT16;FLOAT16;FLOAT16;FLOAT16;FLOAT16;FLOAT16;FLOAT16;FLOAT16;FLOAT16;FLOAT16;FLOAT16;FLOAT16;FLOAT16;FLOAT16;FLOAT16;FLOAT16;FLOAT16;FLOAT16;FLOAT16;FLOAT16;FLOAT16;FLOAT16;FLOAT16;FLOAT16;FLOAT16;FLOAT16;FLOAT16;FLOAT16;FLOAT16;FLOAT16;FLOAT16;FLOAT16;FLOAT16;FLOAT16;FLOAT16;FLOAT16;FLOAT16;FLOAT16;FLOAT16;FLOAT16;FLOAT16;FLOAT16;FLOAT16;FLOAT16;FLOAT16;FLOAT16;FLOAT16;FLOAT16;FLOAT16;FLOAT16;FLOAT16;FLOAT16,ND;ND;ND;ND;ND;ND;ND;ND;ND;ND;ND;ND;ND;ND;ND;ND;ND;ND;ND;ND;ND;ND;ND;ND;ND;ND;ND;ND;ND;ND;ND;ND;ND;ND;ND;ND;ND;ND;ND;ND;ND;ND;ND;ND;ND;ND;ND;ND;ND;ND;ND;ND;ND;ND;ND;ND;ND;ND;ND;ND;ND;ND;ND;ND,"""1024,1024""",FLOAT16,ND,N/A,0.0,0,0.0,0.0,0.0,0.0,0.0,0.0,0.0,0.0,0.0,0.0,0.0,44.963,2967558,0.017,0.0,4.353,0.097,30.872,0.687,10.427,0.232,0.0,0.000
0,4294967295,146,47,aclnnMul_MulAiCore_Mul,Mul,dynamic,AI_VECTOR_CORE,1785697686588394.463	,329.346,0.138000,40,0,NO,"""4096,4096;4096,4096""",FLOAT;FLOAT,ND;ND,"""4096,4096""",FLOAT,ND,N/A,0.0,0,0.0,0.0,0.0,0.0,0.0,0.0,0.0,0.0,0.0,0.0,0.0,327.137,21591030,6.784,0.021,2.913,0.009,325.694,0.996,109.929,0.336,0.0,0.000
0,4294967295,147,47,Concat,Concat,dynamic,AI_VECTOR_CORE,1785697686588723.849	,55.401,0.000000,40,0,NO,"""1024,16;1024,16;1024,16;1024,16;1024,16;1024,16;1024,16;1024,16;1024,16;1024,16;1024,16;1024,16;1024,16;1024,16;1024,16;1024,16;1024,16;1024,16;1024,16;1024,16;1024,16;1024,16;1024,16;1024,16;1024,16;1024,16;1024,16;1024,16;1024,16;1024,16;1024,16;1024,16;1024,16;1024,16;1024,16;1024,16;1024,16;1024,16;1024,16;1024,16;1024,16;1024,16;1024,16;1024,16;1024,16;1024,16;1024,16;1024,16;1024,16;1024,16;1024,16;1024,16;1024,16;1024,16;1024,16;1024,16;1024,16;1024,16;1024,16;1024,16;1024,16;1024,16;1024,16;1024,16""",FLOAT16;FLOAT16;FLOAT16;FLOAT16;FLOAT16;FLOAT16;FLOAT16;FLOAT16;FLOAT16;FLOAT16;FLOAT16;FLOAT16;FLOAT16;FLOAT16;FLOAT16;FLOAT16;FLOAT16;FLOAT16;FLOAT16;FLOAT16;FLOAT16;FLOAT16;FLOAT16;FLOAT16;FLOAT16;FLOAT16;FLOAT16;FLOAT16;FLOAT16;FLOAT16;FLOAT16;FLOAT16;FLOAT16;FLOAT16;FLOAT16;FLOAT16;FLOAT16;FLOAT16;FLOAT16;FLOAT16;FLOAT16;FLOAT16;FLOAT16;FLOAT16;FLOAT16;FLOAT16;FLOAT16;FLOAT16;FLOAT16;FLOAT16;FLOAT16;FLOAT16;FLOAT16;FLOAT16;FLOAT16;FLOAT16;FLOAT16;FLOAT16;FLOAT16;FLOAT16;FLOAT16;FLOAT16;FLOAT16;FLOAT16,ND;ND;ND;ND;ND;ND;ND;ND;ND;ND;ND;ND;ND;ND;ND;ND;ND;ND;ND;ND;ND;ND;ND;ND;ND;ND;ND;ND;ND;ND;ND;ND;ND;ND;ND;ND;ND;ND;ND;ND;ND;ND;ND;ND;ND;ND;ND;ND;ND;ND;ND;ND;ND;ND;ND;ND;ND;ND;ND;ND;ND;ND;ND;ND,"""1024,1024""",FLOAT16,ND,N/A,0.0,0,0.0,0.0,0.0,0.0,0.0,0.0,0.0,0.0,0.0,0.0,0.0,44.722,2951651,0.017,0.0,3.837,0.086,31.2,0.698,10.139,0.227,0.0,0.000
0,4294967295,148,47,aclnnMul_MulAiCore_Mul,Mul,dynamic,AI_VECTOR_CORE,1785697686588779.270	,329.047,0.099000,40,0,NO,"""4096,4096;4096,4096""",FLOAT;FLOAT,ND;ND,"""4096,4096""",FLOAT,ND,N/A,0.0,0,0.0,0.0,0.0,0.0,0.0,0.0,0.0,0.0,0.0,0.0,0.0,326.735,21564482,6.784,0.021,3.146,0.01,325.092,0.995,111.006,0.34,0.0,0.000
0,4294967295,149,47,Concat,Concat,dynamic,AI_VECTOR_CORE,1785697686589108.357	,55.021,0.000000,40,0,NO,"""1024,16;1024,16;1024,16;1024,16;1024,16;1024,16;1024,16;1024,16;1024,16;1024,16;1024,16;1024,16;1024,16;1024,16;1024,16;1024,16;1024,16;1024,16;1024,16;1024,16;1024,16;1024,16;1024,16;1024,16;1024,16;1024,16;1024,16;1024,16;1024,16;1024,16;1024,16;1024,16;1024,16;1024,16;1024,16;1024,16;1024,16;1024,16;1024,16;1024,16;1024,16;1024,16;1024,16;1024,16;1024,16;1024,16;1024,16;1024,16;1024,16;1024,16;1024,16;1024,16;1024,16;1024,16;1024,16;1024,16;1024,16;1024,16;1024,16;1024,16;1024,16;1024,16;1024,16;1024,16""",FLOAT16;FLOAT16;FLOAT16;FLOAT16;FLOAT16;FLOAT16;FLOAT16;FLOAT16;FLOAT16;FLOAT16;FLOAT16;FLOAT16;FLOAT16;FLOAT16;FLOAT16;FLOAT16;FLOAT16;FLOAT16;FLOAT16;FLOAT16;FLOAT16;FLOAT16;FLOAT16;FLOAT16;FLOAT16;FLOAT16;FLOAT16;FLOAT16;FLOAT16;FLOAT16;FLOAT16;FLOAT16;FLOAT16;FLOAT16;FLOAT16;FLOAT16;FLOAT16;FLOAT16;FLOAT16;FLOAT16;FLOAT16;FLOAT16;FLOAT16;FLOAT16;FLOAT16;FLOAT16;FLOAT16;FLOAT16;FLOAT16;FLOAT16;FLOAT16;FLOAT16;FLOAT16;FLOAT16;FLOAT16;FLOAT16;FLOAT16;FLOAT16;FLOAT16;FLOAT16;FLOAT16;FLOAT16;FLOAT16;FLOAT16,ND;ND;ND;ND;ND;ND;ND;ND;ND;ND;ND;ND;ND;ND;ND;ND;ND;ND;ND;ND;ND;ND;ND;ND;ND;ND;ND;ND;ND;ND;ND;ND;ND;ND;ND;ND;ND;ND;ND;ND;ND;ND;ND;ND;ND;ND;ND;ND;ND;ND;ND;ND;ND;ND;ND;ND;ND;ND;ND;ND;ND;ND;ND;ND,"""1024,1024""",FLOAT16,ND,N/A,0.0,0,0.0,0.0,0.0,0.0,0.0,0.0,0.0,0.0,0.0,0.0,0.0,44.806,2957166,0.017,0.0,3.589,0.08,31.063,0.693,10.469,0.234,0.0,0.000
0,4294967295,150,47,aclnnMul_MulAiCore_Mul,Mul,dynamic,AI_VECTOR_CORE,1785697686589163.398	,330.267,0.229000,40,0,NO,"""4096,4096;4096,4096""",FLOAT;FLOAT,ND;ND,"""4096,4096""",FLOAT,ND,N/A,0.0,0,0.0,0.0,0.0,0.0,0.0,0.0,0.0,0.0,0.0,0.0,0.0,327.739,21630780,6.784,0.021,2.93,0.009,326.276,0.996,109.864,0.335,0.0,0.000
0,4294967295,151,47,Concat,Concat,dynamic,AI_VECTOR_CORE,1785697686589493.685	,57.421,0.000000,40,0,NO,"""1024,16;1024,16;1024,16;1024,16;1024,16;1024,16;1024,16;1024,16;1024,16;1024,16;1024,16;1024,16;1024,16;1024,16;1024,16;1024,16;1024,16;1024,16;1024,16;1024,16;1024,16;1024,16;1024,16;1024,16;1024,16;1024,16;1024,16;1024,16;1024,16;1024,16;1024,16;1024,16;1024,16;1024,16;1024,16;1024,16;1024,16;1024,16;1024,16;1024,16;1024,16;1024,16;1024,16;1024,16;1024,16;1024,16;1024,16;1024,16;1024,16;1024,16;1024,16;1024,16;1024,16;1024,16;1024,16;1024,16;1024,16;1024,16;1024,16;1024,16;1024,16;1024,16;1024,16;1024,16""",FLOAT16;FLOAT16;FLOAT16;FLOAT16;FLOAT16;FLOAT16;FLOAT16;FLOAT16;FLOAT16;FLOAT16;FLOAT16;FLOAT16;FLOAT16;FLOAT16;FLOAT16;FLOAT16;FLOAT16;FLOAT16;FLOAT16;FLOAT16;FLOAT16;FLOAT16;FLOAT16;FLOAT16;FLOAT16;FLOAT16;FLOAT16;FLOAT16;FLOAT16;FLOAT16;FLOAT16;FLOAT16;FLOAT16;FLOAT16;FLOAT16;FLOAT16;FLOAT16;FLOAT16;FLOAT16;FLOAT16;FLOAT16;FLOAT16;FLOAT16;FLOAT16;FLOAT16;FLOAT16;FLOAT16;FLOAT16;FLOAT16;FLOAT16;FLOAT16;FLOAT16;FLOAT16;FLOAT16;FLOAT16;FLOAT16;FLOAT16;FLOAT16;FLOAT16;FLOAT16;FLOAT16;FLOAT16;FLOAT16;FLOAT16,ND;ND;ND;ND;ND;ND;ND;ND;ND;ND;ND;ND;ND;ND;ND;ND;ND;ND;ND;ND;ND;ND;ND;ND;ND;ND;ND;ND;ND;ND;ND;ND;ND;ND;ND;ND;ND;ND;ND;ND;ND;ND;ND;ND;ND;ND;ND;ND;ND;ND;ND;ND;ND;ND;ND;ND;ND;ND;ND;ND;ND;ND;ND;ND,"""1024,1024""",FLOAT16,ND,N/A,0.0,0,0.0,0.0,0.0,0.0,0.0,0.0,0.0,0.0,0.0,0.0,0.0,46.689,3081443,0.017,0.0,5.009,0.107,32.295,0.692,10.047,0.215,0.0,0.000
0,4294967295,152,47,aclnnMul_MulAiCore_Mul,Mul,dynamic,AI_VECTOR_CORE,1785697686589551.126	,329.286,0.079000,40,0,NO,"""4096,4096;4096,4096""",FLOAT;FLOAT,ND;ND,"""4096,4096""",FLOAT,ND,N/A,0.0,0,0.0,0.0,0.0,0.0,0.0,0.0,0.0,0.0,0.0,0.0,0.0,327.221,21596556,6.784,0.021,3.125,0.01,325.577,0.995,111.193,0.34,0.0,0.000
0,4294967295,153,47,Concat,Concat,dynamic,AI_VECTOR_CORE,1785697686589880.432	,57.841,0.000000,40,0,NO,"""1024,16;1024,16;1024,16;1024,16;1024,16;1024,16;1024,16;1024,16;1024,16;1024,16;1024,16;1024,16;1024,16;1024,16;1024,16;1024,16;1024,16;1024,16;1024,16;1024,16;1024,16;1024,16;1024,16;1024,16;1024,16;1024,16;1024,16;1024,16;1024,16;1024,16;1024,16;1024,16;1024,16;1024,16;1024,16;1024,16;1024,16;1024,16;1024,16;1024,16;1024,16;1024,16;1024,16;1024,16;1024,16;1024,16;1024,16;1024,16;1024,16;1024,16;1024,16;1024,16;1024,16;1024,16;1024,16;1024,16;1024,16;1024,16;1024,16;1024,16;1024,16;1024,16;1024,16;1024,16""",FLOAT16;FLOAT16;FLOAT16;FLOAT16;FLOAT16;FLOAT16;FLOAT16;FLOAT16;FLOAT16;FLOAT16;FLOAT16;FLOAT16;FLOAT16;FLOAT16;FLOAT16;FLOAT16;FLOAT16;FLOAT16;FLOAT16;FLOAT16;FLOAT16;FLOAT16;FLOAT16;FLOAT16;FLOAT16;FLOAT16;FLOAT16;FLOAT16;FLOAT16;FLOAT16;FLOAT16;FLOAT16;FLOAT16;FLOAT16;FLOAT16;FLOAT16;FLOAT16;FLOAT16;FLOAT16;FLOAT16;FLOAT16;FLOAT16;FLOAT16;FLOAT16;FLOAT16;FLOAT16;FLOAT16;FLOAT16;FLOAT16;FLOAT16;FLOAT16;FLOAT16;FLOAT16;FLOAT16;FLOAT16;FLOAT16;FLOAT16;FLOAT16;FLOAT16;FLOAT16;FLOAT16;FLOAT16;FLOAT16;FLOAT16,ND;ND;ND;ND;ND;ND;ND;ND;ND;ND;ND;ND;ND;ND;ND;ND;ND;ND;ND;ND;ND;ND;ND;ND;ND;ND;ND;ND;ND;ND;ND;ND;ND;ND;ND;ND;ND;ND;ND;ND;ND;ND;ND;ND;ND;ND;ND;ND;ND;ND;ND;ND;ND;ND;ND;ND;ND;ND;ND;ND;ND;ND;ND;ND,"""1024,1024""",FLOAT16,ND,N/A,0.0,0,0.0,0.0,0.0,0.0,0.0,0.0,0.0,0.0,0.0,0.0,0.0,45.883,3028255,0.017,0.0,4.431,0.097,32.017,0.698,9.806,0.214,0.0,0.000
0,4294967295,154,47,aclnnMul_MulAiCore_Mul,Mul,dynamic,AI_VECTOR_CORE,1785697686589938.293	,330.587,0.000000,40,0,NO,"""4096,4096;4096,4096""",FLOAT;FLOAT,ND;ND,"""4096,4096""",FLOAT,ND,N/A,0.0,0,0.0,0.0,0.0,0.0,0.0,0.0,0.0,0.0,0.0,0.0,0.0,328.024,21649569,6.784,0.021,3.042,0.009,326.468,0.995,110.107,0.336,0.0,0.000
0,4294967295,155,47,Concat,Concat,dynamic,AI_VECTOR_CORE,1785697686590268.900	,54.961,0.163000,40,0,NO,"""1024,16;1024,16;1024,16;1024,16;1024,16;1024,16;1024,16;1024,16;1024,16;1024,16;1024,16;1024,16;1024,16;1024,16;1024,16;1024,16;1024,16;1024,16;1024,16;1024,16;1024,16;1024,16;1024,16;1024,16;1024,16;1024,16;1024,16;1024,16;1024,16;1024,16;1024,16;1024,16;1024,16;1024,16;1024,16;1024,16;1024,16;1024,16;1024,16;1024,16;1024,16;1024,16;1024,16;1024,16;1024,16;1024,16;1024,16;1024,16;1024,16;1024,16;1024,16;1024,16;1024,16;1024,16;1024,16;1024,16;1024,16;1024,16;1024,16;1024,16;1024,16;1024,16;1024,16;1024,16""",FLOAT16;FLOAT16;FLOAT16;FLOAT16;FLOAT16;FLOAT16;FLOAT16;FLOAT16;FLOAT16;FLOAT16;FLOAT16;FLOAT16;FLOAT16;FLOAT16;FLOAT16;FLOAT16;FLOAT16;FLOAT16;FLOAT16;FLOAT16;FLOAT16;FLOAT16;FLOAT16;FLOAT16;FLOAT16;FLOAT16;FLOAT16;FLOAT16;FLOAT16;FLOAT16;FLOAT16;FLOAT16;FLOAT16;FLOAT16;FLOAT16;FLOAT16;FLOAT16;FLOAT16;FLOAT16;FLOAT16;FLOAT16;FLOAT16;FLOAT16;FLOAT16;FLOAT16;FLOAT16;FLOAT16;FLOAT16;FLOAT16;FLOAT16;FLOAT16;FLOAT16;FLOAT16;FLOAT16;FLOAT16;FLOAT16;FLOAT16;FLOAT16;FLOAT16;FLOAT16;FLOAT16;FLOAT16;FLOAT16;FLOAT16,ND;ND;ND;ND;ND;ND;ND;ND;ND;ND;ND;ND;ND;ND;ND;ND;ND;ND;ND;ND;ND;ND;ND;ND;ND;ND;ND;ND;ND;ND;ND;ND;ND;ND;ND;ND;ND;ND;ND;ND;ND;ND;ND;ND;ND;ND;ND;ND;ND;ND;ND;ND;ND;ND;ND;ND;ND;ND;ND;ND;ND;ND;ND;ND,"""1024,1024""",FLOAT16,ND,N/A,0.0,0,0.0,0.0,0.0,0.0,0.0,0.0,0.0,0.0,0.0,0.0,0.0,43.949,2900663,0.017,0.0,4.057,0.092,30.281,0.689,10.131,0.231,0.0,0.000
0,4294967295,156,47,aclnnMul_MulAiCore_Mul,Mul,dynamic,AI_VECTOR_CORE,1785697686590323.881	,328.367,0.039000,40,0,NO,"""4096,4096;4096,4096""",FLOAT;FLOAT,ND;ND,"""4096,4096""",FLOAT,ND,N/A,0.0,0,0.0,0.0,0.0,0.0,0.0,0.0,0.0,0.0,0.0,0.0,0.0,326.359,21539698,6.784,0.021,3.141,0.01,324.662,0.995,109.987,0.337,0.0,0.000
0,4294967295,157,47,Concat,Concat,dynamic,AI_VECTOR_CORE,1785697686590652.268	,54.501,0.000000,40,0,NO,"""1024,16;1024,16;1024,16;1024,16;1024,16;1024,16;1024,16;1024,16;1024,16;1024,16;1024,16;1024,16;1024,16;1024,16;1024,16;1024,16;1024,16;1024,16;1024,16;1024,16;1024,16;1024,16;1024,16;1024,16;1024,16;1024,16;1024,16;1024,16;1024,16;1024,16;1024,16;1024,16;1024,16;1024,16;1024,16;1024,16;1024,16;1024,16;1024,16;1024,16;1024,16;1024,16;1024,16;1024,16;1024,16;1024,16;1024,16;1024,16;1024,16;1024,16;1024,16;1024,16;1024,16;1024,16;1024,16;1024,16;1024,16;1024,16;1024,16;1024,16;1024,16;1024,16;1024,16;1024,16""",FLOAT16;FLOAT16;FLOAT16;FLOAT16;FLOAT16;FLOAT16;FLOAT16;FLOAT16;FLOAT16;FLOAT16;FLOAT16;FLOAT16;FLOAT16;FLOAT16;FLOAT16;FLOAT16;FLOAT16;FLOAT16;FLOAT16;FLOAT16;FLOAT16;FLOAT16;FLOAT16;FLOAT16;FLOAT16;FLOAT16;FLOAT16;FLOAT16;FLOAT16;FLOAT16;FLOAT16;FLOAT16;FLOAT16;FLOAT16;FLOAT16;FLOAT16;FLOAT16;FLOAT16;FLOAT16;FLOAT16;FLOAT16;FLOAT16;FLOAT16;FLOAT16;FLOAT16;FLOAT16;FLOAT16;FLOAT16;FLOAT16;FLOAT16;FLOAT16;FLOAT16;FLOAT16;FLOAT16;FLOAT16;FLOAT16;FLOAT16;FLOAT16;FLOAT16;FLOAT16;FLOAT16;FLOAT16;FLOAT16;FLOAT16,ND;ND;ND;ND;ND;ND;ND;ND;ND;ND;ND;ND;ND;ND;ND;ND;ND;ND;ND;ND;ND;ND;ND;ND;ND;ND;ND;ND;ND;ND;ND;ND;ND;ND;ND;ND;ND;ND;ND;ND;ND;ND;ND;ND;ND;ND;ND;ND;ND;ND;ND;ND;ND;ND;ND;ND;ND;ND;ND;ND;ND;ND;ND;ND,"""1024,1024""",FLOAT16,ND,N/A,0.0,0,0.0,0.0,0.0,0.0,0.0,0.0,0.0,0.0,0.0,0.0,0.0,43.952,2900828,0.017,0.0,3.624,0.082,30.384,0.691,10.367,0.236,0.0,0.000
0,4294967295,158,47,aclnnMul_MulAiCore_Mul,Mul,dynamic,AI_VECTOR_CORE,1785697686590706.789	,329.606,0.000000,40,0,NO,"""4096,4096;4096,4096""",FLOAT;FLOAT,ND;ND,"""4096,4096""",FLOAT,ND,N/A,0.0,0,0.0,0.0,0.0,0.0,0.0,0.0,0.0,0.0,0.0,0.0,0.0,327.709,21628821,6.784,0.021,3.034,0.009,326.141,0.995,108.741,0.332,0.0,0.000
0,4294967295,159,47,Concat,Concat,dynamic,AI_VECTOR_CORE,1785697686591036.415	,56.121,0.144000,40,0,NO,"""1024,16;1024,16;1024,16;1024,16;1024,16;1024,16;1024,16;1024,16;1024,16;1024,16;1024,16;1024,16;1024,16;1024,16;1024,16;1024,16;1024,16;1024,16;1024,16;1024,16;1024,16;1024,16;1024,16;1024,16;1024,16;1024,16;1024,16;1024,16;1024,16;1024,16;1024,16;1024,16;1024,16;1024,16;1024,16;1024,16;1024,16;1024,16;1024,16;1024,16;1024,16;1024,16;1024,16;1024,16;1024,16;1024,16;1024,16;1024,16;1024,16;1024,16;1024,16;1024,16;1024,16;1024,16;1024,16;1024,16;1024,16;1024,16;1024,16;1024,16;1024,16;1024,16;1024,16;1024,16""",FLOAT16;FLOAT16;FLOAT16;FLOAT16;FLOAT16;FLOAT16;FLOAT16;FLOAT16;FLOAT16;FLOAT16;FLOAT16;FLOAT16;FLOAT16;FLOAT16;FLOAT16;FLOAT16;FLOAT16;FLOAT16;FLOAT16;FLOAT16;FLOAT16;FLOAT16;FLOAT16;FLOAT16;FLOAT16;FLOAT16;FLOAT16;FLOAT16;FLOAT16;FLOAT16;FLOAT16;FLOAT16;FLOAT16;FLOAT16;FLOAT16;FLOAT16;FLOAT16;FLOAT16;FLOAT16;FLOAT16;FLOAT16;FLOAT16;FLOAT16;FLOAT16;FLOAT16;FLOAT16;FLOAT16;FLOAT16;FLOAT16;FLOAT16;FLOAT16;FLOAT16;FLOAT16;FLOAT16;FLOAT16;FLOAT16;FLOAT16;FLOAT16;FLOAT16;FLOAT16;FLOAT16;FLOAT16;FLOAT16;FLOAT16,ND;ND;ND;ND;ND;ND;ND;ND;ND;ND;ND;ND;ND;ND;ND;ND;ND;ND;ND;ND;ND;ND;ND;ND;ND;ND;ND;ND;ND;ND;ND;ND;ND;ND;ND;ND;ND;ND;ND;ND;ND;ND;ND;ND;ND;ND;ND;ND;ND;ND;ND;ND;ND;ND;ND;ND;ND;ND;ND;ND;ND;ND;ND;ND,"""1024,1024""",FLOAT16,ND,N/A,0.0,0,0.0,0.0,0.0,0.0,0.0,0.0,0.0,0.0,0.0,0.0,0.0,45.476,3001401,0.017,0.0,4.059,0.089,31.694,0.697,10.356,0.228,0.0,0.000
0,4294967295,160,47,aclnnMul_MulAiCore_Mul,Mul,dynamic,AI_VECTOR_CORE,1785697686591092.556	,330.087,0.000000,40,0,NO,"""4096,4096;4096,4096""",FLOAT;FLOAT,ND;ND,"""4096,4096""",FLOAT,ND,N/A,0.0,0,0.0,0.0,0.0,0.0,0.0,0.0,0.0,0.0,0.0,0.0,0.0,327.683,21627076,6.784,0.021,3.037,0.009,326.105,0.995,111.377,0.34,0.0,0.000
0,4294967295,161,47,Concat,Concat,dynamic,AI_VECTOR_CORE,1785697686591422.663	,54.561,0.163000,40,0,NO,"""1024,16;1024,16;1024,16;1024,16;1024,16;1024,16;1024,16;1024,16;1024,16;1024,16;1024,16;1024,16;1024,16;1024,16;1024,16;1024,16;1024,16;1024,16;1024,16;1024,16;1024,16;1024,16;1024,16;1024,16;1024,16;1024,16;1024,16;1024,16;1024,16;1024,16;1024,16;1024,16;1024,16;1024,16;1024,16;1024,16;1024,16;1024,16;1024,16;1024,16;1024,16;1024,16;1024,16;1024,16;1024,16;1024,16;1024,16;1024,16;1024,16;1024,16;1024,16;1024,16;1024,16;1024,16;1024,16;1024,16;1024,16;1024,16;1024,16;1024,16;1024,16;1024,16;1024,16;1024,16""",FLOAT16;FLOAT16;FLOAT16;FLOAT16;FLOAT16;FLOAT16;FLOAT16;FLOAT16;FLOAT16;FLOAT16;FLOAT16;FLOAT16;FLOAT16;FLOAT16;FLOAT16;FLOAT16;FLOAT16;FLOAT16;FLOAT16;FLOAT16;FLOAT16;FLOAT16;FLOAT16;FLOAT16;FLOAT16;FLOAT16;FLOAT16;FLOAT16;FLOAT16;FLOAT16;FLOAT16;FLOAT16;FLOAT16;FLOAT16;FLOAT16;FLOAT16;FLOAT16;FLOAT16;FLOAT16;FLOAT16;FLOAT16;FLOAT16;FLOAT16;FLOAT16;FLOAT16;FLOAT16;FLOAT16;FLOAT16;FLOAT16;FLOAT16;FLOAT16;FLOAT16;FLOAT16;FLOAT16;FLOAT16;FLOAT16;FLOAT16;FLOAT16;FLOAT16;FLOAT16;FLOAT16;FLOAT16;FLOAT16;FLOAT16,ND;ND;ND;ND;ND;ND;ND;ND;ND;ND;ND;ND;ND;ND;ND;ND;ND;ND;ND;ND;ND;ND;ND;ND;ND;ND;ND;ND;ND;ND;ND;ND;ND;ND;ND;ND;ND;ND;ND;ND;ND;ND;ND;ND;ND;ND;ND;ND;ND;ND;ND;ND;ND;ND;ND;ND;ND;ND;ND;ND;ND;ND;ND;ND,"""1024,1024""",FLOAT16,ND,N/A,0.0,0,0.0,0.0,0.0,0.0,0.0,0.0,0.0,0.0,0.0,0.0,0.0,44.699,2950104,0.017,0.0,3.777,0.085,30.887,0.691,10.348,0.232,0.0,0.000
0,4294967295,162,47,aclnnMul_MulAiCore_Mul,Mul,dynamic,AI_VECTOR_CORE,1785697686591477.244	,328.627,0.000000,40,0,NO,"""4096,4096;4096,4096""",FLOAT;FLOAT,ND;ND,"""4096,4096""",FLOAT,ND,N/A,0.0,0,0.0,0.0,0.0,0.0,0.0,0.0,0.0,0.0,0.0,0.0,0.0,326.726,21563937,6.784,0.021,3.013,0.009,325.195,0.995,109.507,0.335,0.0,0.000
0,4294967295,163,47,Concat,Concat,dynamic,AI_VECTOR_CORE,1785697686591805.891	,54.781,0.123000,40,0,NO,"""1024,16;1024,16;1024,16;1024,16;1024,16;1024,16;1024,16;1024,16;1024,16;1024,16;1024,16;1024,16;1024,16;1024,16;1024,16;1024,16;1024,16;1024,16;1024,16;1024,16;1024,16;1024,16;1024,16;1024,16;1024,16;1024,16;1024,16;1024,16;1024,16;1024,16;1024,16;1024,16;1024,16;1024,16;1024,16;1024,16;1024,16;1024,16;1024,16;1024,16;1024,16;1024,16;1024,16;1024,16;1024,16;1024,16;1024,16;1024,16;1024,16;1024,16;1024,16;1024,16;1024,16;1024,16;1024,16;1024,16;1024,16;1024,16;1024,16;1024,16;1024,16;1024,16;1024,16;1024,16""",FLOAT16;FLOAT16;FLOAT16;FLOAT16;FLOAT16;FLOAT16;FLOAT16;FLOAT16;FLOAT16;FLOAT16;FLOAT16;FLOAT16;FLOAT16;FLOAT16;FLOAT16;FLOAT16;FLOAT16;FLOAT16;FLOAT16;FLOAT16;FLOAT16;FLOAT16;FLOAT16;FLOAT16;FLOAT16;FLOAT16;FLOAT16;FLOAT16;FLOAT16;FLOAT16;FLOAT16;FLOAT16;FLOAT16;FLOAT16;FLOAT16;FLOAT16;FLOAT16;FLOAT16;FLOAT16;FLOAT16;FLOAT16;FLOAT16;FLOAT16;FLOAT16;FLOAT16;FLOAT16;FLOAT16;FLOAT16;FLOAT16;FLOAT16;FLOAT16;FLOAT16;FLOAT16;FLOAT16;FLOAT16;FLOAT16;FLOAT16;FLOAT16;FLOAT16;FLOAT16;FLOAT16;FLOAT16;FLOAT16;FLOAT16,ND;ND;ND;ND;ND;ND;ND;ND;ND;ND;ND;ND;ND;ND;ND;ND;ND;ND;ND;ND;ND;ND;ND;ND;ND;ND;ND;ND;ND;ND;ND;ND;ND;ND;ND;ND;ND;ND;ND;ND;ND;ND;ND;ND;ND;ND;ND;ND;ND;ND;ND;ND;ND;ND;ND;ND;ND;ND;ND;ND;ND;ND;ND;ND,"""1024,1024""",FLOAT16,ND,N/A,0.0,0,0.0,0.0,0.0,0.0,0.0,0.0,0.0,0.0,0.0,0.0,0.0,44.499,2936918,0.017,0.0,4.37,0.098,30.443,0.684,10.301,0.231,0.0,0.000
0,4294967295,164,47,aclnnMul_MulAiCore_Mul,Mul,dynamic,AI_VECTOR_CORE,1785697686591860.692	,331.266,0.000000,40,0,NO,"""4096,4096;4096,4096""",FLOAT;FLOAT,ND;ND,"""4096,4096""",FLOAT,ND,N/A,0.0,0,0.0,0.0,0.0,0.0,0.0,0.0,0.0,0.0,0.0,0.0,0.0,328.287,21666914,6.784,0.021,3.024,0.009,326.72,0.995,111.442,0.339,0.0,0.000
0,4294967295,165,47,Concat,Concat,dynamic,AI_VECTOR_CORE,1785697686592191.998	,55.002,0.000000,40,0,NO,"""1024,16;1024,16;1024,16;1024,16;1024,16;1024,16;1024,16;1024,16;1024,16;1024,16;1024,16;1024,16;1024,16;1024,16;1024,16;1024,16;1024,16;1024,16;1024,16;1024,16;1024,16;1024,16;1024,16;1024,16;1024,16;1024,16;1024,16;1024,16;1024,16;1024,16;1024,16;1024,16;1024,16;1024,16;1024,16;1024,16;1024,16;1024,16;1024,16;1024,16;1024,16;1024,16;1024,16;1024,16;1024,16;1024,16;1024,16;1024,16;1024,16;1024,16;1024,16;1024,16;1024,16;1024,16;1024,16;1024,16;1024,16;1024,16;1024,16;1024,16;1024,16;1024,16;1024,16;1024,16""",FLOAT16;FLOAT16;FLOAT16;FLOAT16;FLOAT16;FLOAT16;FLOAT16;FLOAT16;FLOAT16;FLOAT16;FLOAT16;FLOAT16;FLOAT16;FLOAT16;FLOAT16;FLOAT16;FLOAT16;FLOAT16;FLOAT16;FLOAT16;FLOAT16;FLOAT16;FLOAT16;FLOAT16;FLOAT16;FLOAT16;FLOAT16;FLOAT16;FLOAT16;FLOAT16;FLOAT16;FLOAT16;FLOAT16;FLOAT16;FLOAT16;FLOAT16;FLOAT16;FLOAT16;FLOAT16;FLOAT16;FLOAT16;FLOAT16;FLOAT16;FLOAT16;FLOAT16;FLOAT16;FLOAT16;FLOAT16;FLOAT16;FLOAT16;FLOAT16;FLOAT16;FLOAT16;FLOAT16;FLOAT16;FLOAT16;FLOAT16;FLOAT16;FLOAT16;FLOAT16;FLOAT16;FLOAT16;FLOAT16;FLOAT16,ND;ND;ND;ND;ND;ND;ND;ND;ND;ND;ND;ND;ND;ND;ND;ND;ND;ND;ND;ND;ND;ND;ND;ND;ND;ND;ND;ND;ND;ND;ND;ND;ND;ND;ND;ND;ND;ND;ND;ND;ND;ND;ND;ND;ND;ND;ND;ND;ND;ND;ND;ND;ND;ND;ND;ND;ND;ND;ND;ND;ND;ND;ND;ND,"""1024,1024""",FLOAT16,ND,N/A,0.0,0,0.0,0.0,0.0,0.0,0.0,0.0,0.0,0.0,0.0,0.0,0.0,44.259,2921085,0.017,0.0,3.808,0.086,30.801,0.696,10.085,0.228,0.0,0.000
0,4294967295,166,47,aclnnMul_MulAiCore_Mul,Mul,dynamic,AI_VECTOR_CORE,1785697686592247.020	,330.266,0.000000,40,0,NO,"""4096,4096;4096,4096""",FLOAT;FLOAT,ND;ND,"""4096,4096""",FLOAT,ND,N/A,0.0,0,0.0,0.0,0.0,0.0,0.0,0.0,0.0,0.0,0.0,0.0,0.0,328.158,21658437,6.784,0.021,2.926,0.009,326.708,0.996,108.716,0.331,0.0,0.000
0,4294967295,167,47,Concat,Concat,dynamic,AI_VECTOR_CORE,1785697686592577.306	,54.881,0.000000,40,0,NO,"""1024,16;1024,16;1024,16;1024,16;1024,16;1024,16;1024,16;1024,16;1024,16;1024,16;1024,16;1024,16;1024,16;1024,16;1024,16;1024,16;1024,16;1024,16;1024,16;1024,16;1024,16;1024,16;1024,16;1024,16;1024,16;1024,16;1024,16;1024,16;1024,16;1024,16;1024,16;1024,16;1024,16;1024,16;1024,16;1024,16;1024,16;1024,16;1024,16;1024,16;1024,16;1024,16;1024,16;1024,16;1024,16;1024,16;1024,16;1024,16;1024,16;1024,16;1024,16;1024,16;1024,16;1024,16;1024,16;1024,16;1024,16;1024,16;1024,16;1024,16;1024,16;1024,16;1024,16;1024,16""",FLOAT16;FLOAT16;FLOAT16;FLOAT16;FLOAT16;FLOAT16;FLOAT16;FLOAT16;FLOAT16;FLOAT16;FLOAT16;FLOAT16;FLOAT16;FLOAT16;FLOAT16;FLOAT16;FLOAT16;FLOAT16;FLOAT16;FLOAT16;FLOAT16;FLOAT16;FLOAT16;FLOAT16;FLOAT16;FLOAT16;FLOAT16;FLOAT16;FLOAT16;FLOAT16;FLOAT16;FLOAT16;FLOAT16;FLOAT16;FLOAT16;FLOAT16;FLOAT16;FLOAT16;FLOAT16;FLOAT16;FLOAT16;FLOAT16;FLOAT16;FLOAT16;FLOAT16;FLOAT16;FLOAT16;FLOAT16;FLOAT16;FLOAT16;FLOAT16;FLOAT16;FLOAT16;FLOAT16;FLOAT16;FLOAT16;FLOAT16;FLOAT16;FLOAT16;FLOAT16;FLOAT16;FLOAT16;FLOAT16;FLOAT16,ND;ND;ND;ND;ND;ND;ND;ND;ND;ND;ND;ND;ND;ND;ND;ND;ND;ND;ND;ND;ND;ND;ND;ND;ND;ND;ND;ND;ND;ND;ND;ND;ND;ND;ND;ND;ND;ND;ND;ND;ND;ND;ND;ND;ND;ND;ND;ND;ND;ND;ND;ND;ND;ND;ND;ND;ND;ND;ND;ND;ND;ND;ND;ND,"""1024,1024""",FLOAT16,ND,N/A,0.0,0,0.0,0.0,0.0,0.0,0.0,0.0,0.0,0.0,0.0,0.0,0.0,45.089,2975853,0.017,0.0,3.901,0.087,31.441,0.697,10.148,0.225,0.0,0.000
0,4294967295,168,47,aclnnMul_MulAiCore_Mul,Mul,dynamic,AI_VECTOR_CORE,1785697686592632.207	,329.647,0.119000,40,0,NO,"""4096,4096;4096,4096""",FLOAT;FLOAT,ND;ND,"""4096,4096""",FLOAT,ND,N/A,0.0,0,0.0,0.0,0.0,0.0,0.0,0.0,0.0,0.0,0.0,0.0,0.0,327.315,21602777,6.784,0.021,3.143,0.01,325.661,0.995,110.776,0.338,0.0,0.000
0,4294967295,169,47,Concat,Concat,dynamic,AI_VECTOR_CORE,1785697686592961.874	,56.981,0.000000,40,0,NO,"""1024,16;1024,16;1024,16;1024,16;1024,16;1024,16;1024,16;1024,16;1024,16;1024,16;1024,16;1024,16;1024,16;1024,16;1024,16;1024,16;1024,16;1024,16;1024,16;1024,16;1024,16;1024,16;1024,16;1024,16;1024,16;1024,16;1024,16;1024,16;1024,16;1024,16;1024,16;1024,16;1024,16;1024,16;1024,16;1024,16;1024,16;1024,16;1024,16;1024,16;1024,16;1024,16;1024,16;1024,16;1024,16;1024,16;1024,16;1024,16;1024,16;1024,16;1024,16;1024,16;1024,16;1024,16;1024,16;1024,16;1024,16;1024,16;1024,16;1024,16;1024,16;1024,16;1024,16;1024,16""",FLOAT16;FLOAT16;FLOAT16;FLOAT16;FLOAT16;FLOAT16;FLOAT16;FLOAT16;FLOAT16;FLOAT16;FLOAT16;FLOAT16;FLOAT16;FLOAT16;FLOAT16;FLOAT16;FLOAT16;FLOAT16;FLOAT16;FLOAT16;FLOAT16;FLOAT16;FLOAT16;FLOAT16;FLOAT16;FLOAT16;FLOAT16;FLOAT16;FLOAT16;FLOAT16;FLOAT16;FLOAT16;FLOAT16;FLOAT16;FLOAT16;FLOAT16;FLOAT16;FLOAT16;FLOAT16;FLOAT16;FLOAT16;FLOAT16;FLOAT16;FLOAT16;FLOAT16;FLOAT16;FLOAT16;FLOAT16;FLOAT16;FLOAT16;FLOAT16;FLOAT16;FLOAT16;FLOAT16;FLOAT16;FLOAT16;FLOAT16;FLOAT16;FLOAT16;FLOAT16;FLOAT16;FLOAT16;FLOAT16;FLOAT16,ND;ND;ND;ND;ND;ND;ND;ND;ND;ND;ND;ND;ND;ND;ND;ND;ND;ND;ND;ND;ND;ND;ND;ND;ND;ND;ND;ND;ND;ND;ND;ND;ND;ND;ND;ND;ND;ND;ND;ND;ND;ND;ND;ND;ND;ND;ND;ND;ND;ND;ND;ND;ND;ND;ND;ND;ND;ND;ND;ND;ND;ND;ND;ND,"""1024,1024""",FLOAT16,ND,N/A,0.0,0,0.0,0.0,0.0,0.0,0.0,0.0,0.0,0.0,0.0,0.0,0.0,46.804,3089047,0.017,0.0,5.402,0.115,32.088,0.686,10.196,0.218,0.0,0.000
0,4294967295,170,47,aclnnMul_MulAiCore_Mul,Mul,dynamic,AI_VECTOR_CORE,1785697686593018.875	,329.207,0.269000,40,0,NO,"""4096,4096;4096,4096""",FLOAT;FLOAT,ND;ND,"""4096,4096""",FLOAT,ND,N/A,0.0,0,0.0,0.0,0.0,0.0,0.0,0.0,0.0,0.0,0.0,0.0,0.0,326.803,21568983,6.784,0.021,3.062,0.009,325.219,0.995,110.068,0.337,0.0,0.000
0,4294967295,171,47,Concat,Concat,dynamic,AI_VECTOR_CORE,1785697686593348.102	,54.781,0.000000,40,0,NO,"""1024,16;1024,16;1024,16;1024,16;1024,16;1024,16;1024,16;1024,16;1024,16;1024,16;1024,16;1024,16;1024,16;1024,16;1024,16;1024,16;1024,16;1024,16;1024,16;1024,16;1024,16;1024,16;1024,16;1024,16;1024,16;1024,16;1024,16;1024,16;1024,16;1024,16;1024,16;1024,16;1024,16;1024,16;1024,16;1024,16;1024,16;1024,16;1024,16;1024,16;1024,16;1024,16;1024,16;1024,16;1024,16;1024,16;1024,16;1024,16;1024,16;1024,16;1024,16;1024,16;1024,16;1024,16;1024,16;1024,16;1024,16;1024,16;1024,16;1024,16;1024,16;1024,16;1024,16;1024,16""",FLOAT16;FLOAT16;FLOAT16;FLOAT16;FLOAT16;FLOAT16;FLOAT16;FLOAT16;FLOAT16;FLOAT16;FLOAT16;FLOAT16;FLOAT16;FLOAT16;FLOAT16;FLOAT16;FLOAT16;FLOAT16;FLOAT16;FLOAT16;FLOAT16;FLOAT16;FLOAT16;FLOAT16;FLOAT16;FLOAT16;FLOAT16;FLOAT16;FLOAT16;FLOAT16;FLOAT16;FLOAT16;FLOAT16;FLOAT16;FLOAT16;FLOAT16;FLOAT16;FLOAT16;FLOAT16;FLOAT16;FLOAT16;FLOAT16;FLOAT16;FLOAT16;FLOAT16;FLOAT16;FLOAT16;FLOAT16;FLOAT16;FLOAT16;FLOAT16;FLOAT16;FLOAT16;FLOAT16;FLOAT16;FLOAT16;FLOAT16;FLOAT16;FLOAT16;FLOAT16;FLOAT16;FLOAT16;FLOAT16;FLOAT16,ND;ND;ND;ND;ND;ND;ND;ND;ND;ND;ND;ND;ND;ND;ND;ND;ND;ND;ND;ND;ND;ND;ND;ND;ND;ND;ND;ND;ND;ND;ND;ND;ND;ND;ND;ND;ND;ND;ND;ND;ND;ND;ND;ND;ND;ND;ND;ND;ND;ND;ND;ND;ND;ND;ND;ND;ND;ND;ND;ND;ND;ND;ND;ND,"""1024,1024""",FLOAT16,ND,N/A,0.0,0,0.0,0.0,0.0,0.0,0.0,0.0,0.0,0.0,0.0,0.0,0.0,44.454,2933989,0.017,0.0,3.993,0.09,30.507,0.686,10.366,0.233,0.0,0.000
0,4294967295,172,47,aclnnMul_MulAiCore_Mul,Mul,dynamic,AI_VECTOR_CORE,1785697686593402.903	,329.766,0.219000,40,0,NO,"""4096,4096;4096,4096""",FLOAT;FLOAT,ND;ND,"""4096,4096""",FLOAT,ND,N/A,0.0,0,0.0,0.0,0.0,0.0,0.0,0.0,0.0,0.0,0.0,0.0,0.0,327.198,21595064,6.784,0.021,3.07,0.009,325.598,0.995,109.683,0.335,0.0,0.000
0,4294967295,173,47,Concat,Concat,dynamic,AI_VECTOR_CORE,1785697686593732.689	,55.241,0.000000,40,0,NO,"""1024,16;1024,16;1024,16;1024,16;1024,16;1024,16;1024,16;1024,16;1024,16;1024,16;1024,16;1024,16;1024,16;1024,16;1024,16;1024,16;1024,16;1024,16;1024,16;1024,16;1024,16;1024,16;1024,16;1024,16;1024,16;1024,16;1024,16;1024,16;1024,16;1024,16;1024,16;1024,16;1024,16;1024,16;1024,16;1024,16;1024,16;1024,16;1024,16;1024,16;1024,16;1024,16;1024,16;1024,16;1024,16;1024,16;1024,16;1024,16;1024,16;1024,16;1024,16;1024,16;1024,16;1024,16;1024,16;1024,16;1024,16;1024,16;1024,16;1024,16;1024,16;1024,16;1024,16;1024,16""",FLOAT16;FLOAT16;FLOAT16;FLOAT16;FLOAT16;FLOAT16;FLOAT16;FLOAT16;FLOAT16;FLOAT16;FLOAT16;FLOAT16;FLOAT16;FLOAT16;FLOAT16;FLOAT16;FLOAT16;FLOAT16;FLOAT16;FLOAT16;FLOAT16;FLOAT16;FLOAT16;FLOAT16;FLOAT16;FLOAT16;FLOAT16;FLOAT16;FLOAT16;FLOAT16;FLOAT16;FLOAT16;FLOAT16;FLOAT16;FLOAT16;FLOAT16;FLOAT16;FLOAT16;FLOAT16;FLOAT16;FLOAT16;FLOAT16;FLOAT16;FLOAT16;FLOAT16;FLOAT16;FLOAT16;FLOAT16;FLOAT16;FLOAT16;FLOAT16;FLOAT16;FLOAT16;FLOAT16;FLOAT16;FLOAT16;FLOAT16;FLOAT16;FLOAT16;FLOAT16;FLOAT16;FLOAT16;FLOAT16;FLOAT16,ND;ND;ND;ND;ND;ND;ND;ND;ND;ND;ND;ND;ND;ND;ND;ND;ND;ND;ND;ND;ND;ND;ND;ND;ND;ND;ND;ND;ND;ND;ND;ND;ND;ND;ND;ND;ND;ND;ND;ND;ND;ND;ND;ND;ND;ND;ND;ND;ND;ND;ND;ND;ND;ND;ND;ND;ND;ND;ND;ND;ND;ND;ND;ND,"""1024,1024""",FLOAT16,ND,N/A,0.0,0,0.0,0.0,0.0,0.0,0.0,0.0,0.0,0.0,0.0,0.0,0.0,43.877,2895851,0.017,0.0,3.632,0.083,30.232,0.689,10.429,0.238,0.0,0.000
0,4294967295,174,47,aclnnMul_MulAiCore_Mul,Mul,dynamic,AI_VECTOR_CORE,1785697686593787.970	,329.207,0.009000,40,0,NO,"""4096,4096;4096,4096""",FLOAT;FLOAT,ND;ND,"""4096,4096""",FLOAT,ND,N/A,0.0,0,0.0,0.0,0.0,0.0,0.0,0.0,0.0,0.0,0.0,0.0,0.0,327.106,21589003,6.784,0.021,2.991,0.009,325.577,0.995,109.143,0.334,0.0,0.000
0,4294967295,175,47,Concat,Concat,dynamic,AI_VECTOR_CORE,1785697686594117.217	,55.061,0.043000,40,0,NO,"""1024,16;1024,16;1024,16;1024,16;1024,16;1024,16;1024,16;1024,16;1024,16;1024,16;1024,16;1024,16;1024,16;1024,16;1024,16;1024,16;1024,16;1024,16;1024,16;1024,16;1024,16;1024,16;1024,16;1024,16;1024,16;1024,16;1024,16;1024,16;1024,16;1024,16;1024,16;1024,16;1024,16;1024,16;1024,16;1024,16;1024,16;1024,16;1024,16;1024,16;1024,16;1024,16;1024,16;1024,16;1024,16;1024,16;1024,16;1024,16;1024,16;1024,16;1024,16;1024,16;1024,16;1024,16;1024,16;1024,16;1024,16;1024,16;1024,16;1024,16;1024,16;1024,16;1024,16;1024,16""",FLOAT16;FLOAT16;FLOAT16;FLOAT16;FLOAT16;FLOAT16;FLOAT16;FLOAT16;FLOAT16;FLOAT16;FLOAT16;FLOAT16;FLOAT16;FLOAT16;FLOAT16;FLOAT16;FLOAT16;FLOAT16;FLOAT16;FLOAT16;FLOAT16;FLOAT16;FLOAT16;FLOAT16;FLOAT16;FLOAT16;FLOAT16;FLOAT16;FLOAT16;FLOAT16;FLOAT16;FLOAT16;FLOAT16;FLOAT16;FLOAT16;FLOAT16;FLOAT16;FLOAT16;FLOAT16;FLOAT16;FLOAT16;FLOAT16;FLOAT16;FLOAT16;FLOAT16;FLOAT16;FLOAT16;FLOAT16;FLOAT16;FLOAT16;FLOAT16;FLOAT16;FLOAT16;FLOAT16;FLOAT16;FLOAT16;FLOAT16;FLOAT16;FLOAT16;FLOAT16;FLOAT16;FLOAT16;FLOAT16;FLOAT16,ND;ND;ND;ND;ND;ND;ND;ND;ND;ND;ND;ND;ND;ND;ND;ND;ND;ND;ND;ND;ND;ND;ND;ND;ND;ND;ND;ND;ND;ND;ND;ND;ND;ND;ND;ND;ND;ND;ND;ND;ND;ND;ND;ND;ND;ND;ND;ND;ND;ND;ND;ND;ND;ND;ND;ND;ND;ND;ND;ND;ND;ND;ND;ND,"""1024,1024""",FLOAT16,ND,N/A,0.0,0,0.0,0.0,0.0,0.0,0.0,0.0,0.0,0.0,0.0,0.0,0.0,44.895,2963064,0.017,0.0,3.76,0.084,31.321,0.698,10.122,0.225,0.0,0.000
0,4294967295,176,47,aclnnMul_MulAiCore_Mul,Mul,dynamic,AI_VECTOR_CORE,1785697686594172.298	,329.547,0.000000,40,0,NO,"""4096,4096;4096,4096""",FLOAT;FLOAT,ND;ND,"""4096,4096""",FLOAT,ND,N/A,0.0,0,0.0,0.0,0.0,0.0,0.0,0.0,0.0,0.0,0.0,0.0,0.0,327.39,21607762,6.784,0.021,2.95,0.009,325.913,0.995,110.83,0.339,0.0,0.000
0,4294967295,177,47,Concat,Concat,dynamic,AI_VECTOR_CORE,1785697686594501.865	,55.441,0.000000,40,0,NO,"""1024,16;1024,16;1024,16;1024,16;1024,16;1024,16;1024,16;1024,16;1024,16;1024,16;1024,16;1024,16;1024,16;1024,16;1024,16;1024,16;1024,16;1024,16;1024,16;1024,16;1024,16;1024,16;1024,16;1024,16;1024,16;1024,16;1024,16;1024,16;1024,16;1024,16;1024,16;1024,16;1024,16;1024,16;1024,16;1024,16;1024,16;1024,16;1024,16;1024,16;1024,16;1024,16;1024,16;1024,16;1024,16;1024,16;1024,16;1024,16;1024,16;1024,16;1024,16;1024,16;1024,16;1024,16;1024,16;1024,16;1024,16;1024,16;1024,16;1024,16;1024,16;1024,16;1024,16;1024,16""",FLOAT16;FLOAT16;FLOAT16;FLOAT16;FLOAT16;FLOAT16;FLOAT16;FLOAT16;FLOAT16;FLOAT16;FLOAT16;FLOAT16;FLOAT16;FLOAT16;FLOAT16;FLOAT16;FLOAT16;FLOAT16;FLOAT16;FLOAT16;FLOAT16;FLOAT16;FLOAT16;FLOAT16;FLOAT16;FLOAT16;FLOAT16;FLOAT16;FLOAT16;FLOAT16;FLOAT16;FLOAT16;FLOAT16;FLOAT16;FLOAT16;FLOAT16;FLOAT16;FLOAT16;FLOAT16;FLOAT16;FLOAT16;FLOAT16;FLOAT16;FLOAT16;FLOAT16;FLOAT16;FLOAT16;FLOAT16;FLOAT16;FLOAT16;FLOAT16;FLOAT16;FLOAT16;FLOAT16;FLOAT16;FLOAT16;FLOAT16;FLOAT16;FLOAT16;FLOAT16;FLOAT16;FLOAT16;FLOAT16;FLOAT16,ND;ND;ND;ND;ND;ND;ND;ND;ND;ND;ND;ND;ND;ND;ND;ND;ND;ND;ND;ND;ND;ND;ND;ND;ND;ND;ND;ND;ND;ND;ND;ND;ND;ND;ND;ND;ND;ND;ND;ND;ND;ND;ND;ND;ND;ND;ND;ND;ND;ND;ND;ND;ND;ND;ND;ND;ND;ND;ND;ND;ND;ND;ND;ND,"""1024,1024""",FLOAT16,ND,N/A,0.0,0,0.0,0.0,0.0,0.0,0.0,0.0,0.0,0.0,0.0,0.0,0.0,44.857,2960542,0.017,0.0,3.961,0.088,31.103,0.693,10.388,0.232,0.0,0.000
0,4294967295,178,47,aclnnMul_MulAiCore_Mul,Mul,dynamic,AI_VECTOR_CORE,1785697686594557.346	,330.066,0.059000,40,0,NO,"""4096,4096;4096,4096""",FLOAT;FLOAT,ND;ND,"""4096,4096""",FLOAT,ND,N/A,0.0,0,0.0,0.0,0.0,0.0,0.0,0.0,0.0,0.0,0.0,0.0,0.0,327.309,21602406,6.784,0.021,3.047,0.009,325.723,0.995,110.812,0.339,0.0,0.000
0,4294967295,179,47,Concat,Concat,dynamic,AI_VECTOR_CORE,1785697686594887.432	,56.061,0.184000,40,0,NO,"""1024,16;1024,16;1024,16;1024,16;1024,16;1024,16;1024,16;1024,16;1024,16;1024,16;1024,16;1024,16;1024,16;1024,16;1024,16;1024,16;1024,16;1024,16;1024,16;1024,16;1024,16;1024,16;1024,16;1024,16;1024,16;1024,16;1024,16;1024,16;1024,16;1024,16;1024,16;1024,16;1024,16;1024,16;1024,16;1024,16;1024,16;1024,16;1024,16;1024,16;1024,16;1024,16;1024,16;1024,16;1024,16;1024,16;1024,16;1024,16;1024,16;1024,16;1024,16;1024,16;1024,16;1024,16;1024,16;1024,16;1024,16;1024,16;1024,16;1024,16;1024,16;1024,16;1024,16;1024,16""",FLOAT16;FLOAT16;FLOAT16;FLOAT16;FLOAT16;FLOAT16;FLOAT16;FLOAT16;FLOAT16;FLOAT16;FLOAT16;FLOAT16;FLOAT16;FLOAT16;FLOAT16;FLOAT16;FLOAT16;FLOAT16;FLOAT16;FLOAT16;FLOAT16;FLOAT16;FLOAT16;FLOAT16;FLOAT16;FLOAT16;FLOAT16;FLOAT16;FLOAT16;FLOAT16;FLOAT16;FLOAT16;FLOAT16;FLOAT16;FLOAT16;FLOAT16;FLOAT16;FLOAT16;FLOAT16;FLOAT16;FLOAT16;FLOAT16;FLOAT16;FLOAT16;FLOAT16;FLOAT16;FLOAT16;FLOAT16;FLOAT16;FLOAT16;FLOAT16;FLOAT16;FLOAT16;FLOAT16;FLOAT16;FLOAT16;FLOAT16;FLOAT16;FLOAT16;FLOAT16;FLOAT16;FLOAT16;FLOAT16;FLOAT16,ND;ND;ND;ND;ND;ND;ND;ND;ND;ND;ND;ND;ND;ND;ND;ND;ND;ND;ND;ND;ND;ND;ND;ND;ND;ND;ND;ND;ND;ND;ND;ND;ND;ND;ND;ND;ND;ND;ND;ND;ND;ND;ND;ND;ND;ND;ND;ND;ND;ND;ND;ND;ND;ND;ND;ND;ND;ND;ND;ND;ND;ND;ND;ND,"""1024,1024""",FLOAT16,ND,N/A,0.0,0,0.0,0.0,0.0,0.0,0.0,0.0,0.0,0.0,0.0,0.0,0.0,44.814,2957695,0.017,0.0,3.744,0.084,31.202,0.696,10.235,0.228,0.0,0.000
0,4294967295,180,47,aclnnMul_MulAiCore_Mul,Mul,dynamic,AI_VECTOR_CORE,1785697686594943.513	,329.407,0.000000,40,0,NO,"""4096,4096;4096,4096""",FLOAT;FLOAT,ND;ND,"""4096,4096""",FLOAT,ND,N/A,0.0,0,0.0,0.0,0.0,0.0,0.0,0.0,0.0,0.0,0.0,0.0,0.0,327.212,21596000,6.784,0.021,2.951,0.009,325.733,0.995,109.722,0.335,0.0,0.000
0,4294967295,181,47,Concat,Concat,dynamic,AI_VECTOR_CORE,1785697686595272.960	,55.941,0.093000,40,0,NO,"""1024,16;1024,16;1024,16;1024,16;1024,16;1024,16;1024,16;1024,16;1024,16;1024,16;1024,16;1024,16;1024,16;1024,16;1024,16;1024,16;1024,16;1024,16;1024,16;1024,16;1024,16;1024,16;1024,16;1024,16;1024,16;1024,16;1024,16;1024,16;1024,16;1024,16;1024,16;1024,16;1024,16;1024,16;1024,16;1024,16;1024,16;1024,16;1024,16;1024,16;1024,16;1024,16;1024,16;1024,16;1024,16;1024,16;1024,16;1024,16;1024,16;1024,16;1024,16;1024,16;1024,16;1024,16;1024,16;1024,16;1024,16;1024,16;1024,16;1024,16;1024,16;1024,16;1024,16;1024,16""",FLOAT16;FLOAT16;FLOAT16;FLOAT16;FLOAT16;FLOAT16;FLOAT16;FLOAT16;FLOAT16;FLOAT16;FLOAT16;FLOAT16;FLOAT16;FLOAT16;FLOAT16;FLOAT16;FLOAT16;FLOAT16;FLOAT16;FLOAT16;FLOAT16;FLOAT16;FLOAT16;FLOAT16;FLOAT16;FLOAT16;FLOAT16;FLOAT16;FLOAT16;FLOAT16;FLOAT16;FLOAT16;FLOAT16;FLOAT16;FLOAT16;FLOAT16;FLOAT16;FLOAT16;FLOAT16;FLOAT16;FLOAT16;FLOAT16;FLOAT16;FLOAT16;FLOAT16;FLOAT16;FLOAT16;FLOAT16;FLOAT16;FLOAT16;FLOAT16;FLOAT16;FLOAT16;FLOAT16;FLOAT16;FLOAT16;FLOAT16;FLOAT16;FLOAT16;FLOAT16;FLOAT16;FLOAT16;FLOAT16;FLOAT16,ND;ND;ND;ND;ND;ND;ND;ND;ND;ND;ND;ND;ND;ND;ND;ND;ND;ND;ND;ND;ND;ND;ND;ND;ND;ND;ND;ND;ND;ND;ND;ND;ND;ND;ND;ND;ND;ND;ND;ND;ND;ND;ND;ND;ND;ND;ND;ND;ND;ND;ND;ND;ND;ND;ND;ND;ND;ND;ND;ND;ND;ND;ND;ND,"""1024,1024""",FLOAT16,ND,N/A,0.0,0,0.0,0.0,0.0,0.0,0.0,0.0,0.0,0.0,0.0,0.0,0.0,44.772,2954927,0.017,0.0,3.997,0.089,30.614,0.684,10.577,0.236,0.0,0.000
0,4294967295,182,47,aclnnMul_MulAiCore_Mul,Mul,dynamic,AI_VECTOR_CORE,1785697686595328.921	,330.807,0.059000,40,0,NO,"""4096,4096;4096,4096""",FLOAT;FLOAT,ND;ND,"""4096,4096""",FLOAT,ND,N/A,0.0,0,0.0,0.0,0.0,0.0,0.0,0.0,0.0,0.0,0.0,0.0,0.0,328.144,21657527,6.784,0.021,3.031,0.009,326.588,0.995,110.352,0.336,0.0,0.000
0,4294967295,183,47,Concat,Concat,dynamic,AI_VECTOR_CORE,1785697686595659.748	,57.321,0.000000,40,0,NO,"""1024,16;1024,16;1024,16;1024,16;1024,16;1024,16;1024,16;1024,16;1024,16;1024,16;1024,16;1024,16;1024,16;1024,16;1024,16;1024,16;1024,16;1024,16;1024,16;1024,16;1024,16;1024,16;1024,16;1024,16;1024,16;1024,16;1024,16;1024,16;1024,16;1024,16;1024,16;1024,16;1024,16;1024,16;1024,16;1024,16;1024,16;1024,16;1024,16;1024,16;1024,16;1024,16;1024,16;1024,16;1024,16;1024,16;1024,16;1024,16;1024,16;1024,16;1024,16;1024,16;1024,16;1024,16;1024,16;1024,16;1024,16;1024,16;1024,16;1024,16;1024,16;1024,16;1024,16;1024,16""",FLOAT16;FLOAT16;FLOAT16;FLOAT16;FLOAT16;FLOAT16;FLOAT16;FLOAT16;FLOAT16;FLOAT16;FLOAT16;FLOAT16;FLOAT16;FLOAT16;FLOAT16;FLOAT16;FLOAT16;FLOAT16;FLOAT16;FLOAT16;FLOAT16;FLOAT16;FLOAT16;FLOAT16;FLOAT16;FLOAT16;FLOAT16;FLOAT16;FLOAT16;FLOAT16;FLOAT16;FLOAT16;FLOAT16;FLOAT16;FLOAT16;FLOAT16;FLOAT16;FLOAT16;FLOAT16;FLOAT16;FLOAT16;FLOAT16;FLOAT16;FLOAT16;FLOAT16;FLOAT16;FLOAT16;FLOAT16;FLOAT16;FLOAT16;FLOAT16;FLOAT16;FLOAT16;FLOAT16;FLOAT16;FLOAT16;FLOAT16;FLOAT16;FLOAT16;FLOAT16;FLOAT16;FLOAT16;FLOAT16;FLOAT16,ND;ND;ND;ND;ND;ND;ND;ND;ND;ND;ND;ND;ND;ND;ND;ND;ND;ND;ND;ND;ND;ND;ND;ND;ND;ND;ND;ND;ND;ND;ND;ND;ND;ND;ND;ND;ND;ND;ND;ND;ND;ND;ND;ND;ND;ND;ND;ND;ND;ND;ND;ND;ND;ND;ND;ND;ND;ND;ND;ND;ND;ND;ND;ND,"""1024,1024""",FLOAT16,ND,N/A,0.0,0,0.0,0.0,0.0,0.0,0.0,0.0,0.0,0.0,0.0,0.0,0.0,46.88,3094072,0.017,0.0,5.071,0.108,32.442,0.692,10.026,0.214,0.0,0.000
0,4294967295,184,47,aclnnMul_MulAiCore_Mul,Mul,dynamic,AI_VECTOR_CORE,1785697686595717.089	,328.466,0.000000,40,0,NO,"""4096,4096;4096,4096""",FLOAT;FLOAT,ND;ND,"""4096,4096""",FLOAT,ND,N/A,0.0,0,0.0,0.0,0.0,0.0,0.0,0.0,0.0,0.0,0.0,0.0,0.0,325.691,21495588,6.784,0.021,3.061,0.009,324.098,0.995,110.186,0.338,0.0,0.000
0,4294967295,185,47,Concat,Concat,dynamic,AI_VECTOR_CORE,1785697686596045.575	,56.622,0.034000,40,0,NO,"""1024,16;1024,16;1024,16;1024,16;1024,16;1024,16;1024,16;1024,16;1024,16;1024,16;1024,16;1024,16;1024,16;1024,16;1024,16;1024,16;1024,16;1024,16;1024,16;1024,16;1024,16;1024,16;1024,16;1024,16;1024,16;1024,16;1024,16;1024,16;1024,16;1024,16;1024,16;1024,16;1024,16;1024,16;1024,16;1024,16;1024,16;1024,16;1024,16;1024,16;1024,16;1024,16;1024,16;1024,16;1024,16;1024,16;1024,16;1024,16;1024,16;1024,16;1024,16;1024,16;1024,16;1024,16;1024,16;1024,16;1024,16;1024,16;1024,16;1024,16;1024,16;1024,16;1024,16;1024,16""",FLOAT16;FLOAT16;FLOAT16;FLOAT16;FLOAT16;FLOAT16;FLOAT16;FLOAT16;FLOAT16;FLOAT16;FLOAT16;FLOAT16;FLOAT16;FLOAT16;FLOAT16;FLOAT16;FLOAT16;FLOAT16;FLOAT16;FLOAT16;FLOAT16;FLOAT16;FLOAT16;FLOAT16;FLOAT16;FLOAT16;FLOAT16;FLOAT16;FLOAT16;FLOAT16;FLOAT16;FLOAT16;FLOAT16;FLOAT16;FLOAT16;FLOAT16;FLOAT16;FLOAT16;FLOAT16;FLOAT16;FLOAT16;FLOAT16;FLOAT16;FLOAT16;FLOAT16;FLOAT16;FLOAT16;FLOAT16;FLOAT16;FLOAT16;FLOAT16;FLOAT16;FLOAT16;FLOAT16;FLOAT16;FLOAT16;FLOAT16;FLOAT16;FLOAT16;FLOAT16;FLOAT16;FLOAT16;FLOAT16;FLOAT16,ND;ND;ND;ND;ND;ND;ND;ND;ND;ND;ND;ND;ND;ND;ND;ND;ND;ND;ND;ND;ND;ND;ND;ND;ND;ND;ND;ND;ND;ND;ND;ND;ND;ND;ND;ND;ND;ND;ND;ND;ND;ND;ND;ND;ND;ND;ND;ND;ND;ND;ND;ND;ND;ND;ND;ND;ND;ND;ND;ND;ND;ND;ND;ND,"""1024,1024""",FLOAT16,ND,N/A,0.0,0,0.0,0.0,0.0,0.0,0.0,0.0,0.0,0.0,0.0,0.0,0.0,45.741,3018897,0.017,0.0,4.413,0.096,31.772,0.695,9.907,0.217,0.0,0.000
0,4294967295,186,47,aclnnMul_MulAiCore_Mul,Mul,dynamic,AI_VECTOR_CORE,1785697686596102.237	,329.126,0.128000,40,0,NO,"""4096,4096;4096,4096""",FLOAT;FLOAT,ND;ND,"""4096,4096""",FLOAT,ND,N/A,0.0,0,0.0,0.0,0.0,0.0,0.0,0.0,0.0,0.0,0.0,0.0,0.0,326.801,21568898,6.784,0.021,3.116,0.01,325.129,0.995,108.87,0.333,0.0,0.000
0,4294967295,187,47,Concat,Concat,dynamic,AI_VECTOR_CORE,1785697686596431.383	,54.501,0.124000,40,0,NO,"""1024,16;1024,16;1024,16;1024,16;1024,16;1024,16;1024,16;1024,16;1024,16;1024,16;1024,16;1024,16;1024,16;1024,16;1024,16;1024,16;1024,16;1024,16;1024,16;1024,16;1024,16;1024,16;1024,16;1024,16;1024,16;1024,16;1024,16;1024,16;1024,16;1024,16;1024,16;1024,16;1024,16;1024,16;1024,16;1024,16;1024,16;1024,16;1024,16;1024,16;1024,16;1024,16;1024,16;1024,16;1024,16;1024,16;1024,16;1024,16;1024,16;1024,16;1024,16;1024,16;1024,16;1024,16;1024,16;1024,16;1024,16;1024,16;1024,16;1024,16;1024,16;1024,16;1024,16;1024,16""",FLOAT16;FLOAT16;FLOAT16;FLOAT16;FLOAT16;FLOAT16;FLOAT16;FLOAT16;FLOAT16;FLOAT16;FLOAT16;FLOAT16;FLOAT16;FLOAT16;FLOAT16;FLOAT16;FLOAT16;FLOAT16;FLOAT16;FLOAT16;FLOAT16;FLOAT16;FLOAT16;FLOAT16;FLOAT16;FLOAT16;FLOAT16;FLOAT16;FLOAT16;FLOAT16;FLOAT16;FLOAT16;FLOAT16;FLOAT16;FLOAT16;FLOAT16;FLOAT16;FLOAT16;FLOAT16;FLOAT16;FLOAT16;FLOAT16;FLOAT16;FLOAT16;FLOAT16;FLOAT16;FLOAT16;FLOAT16;FLOAT16;FLOAT16;FLOAT16;FLOAT16;FLOAT16;FLOAT16;FLOAT16;FLOAT16;FLOAT16;FLOAT16;FLOAT16;FLOAT16;FLOAT16;FLOAT16;FLOAT16;FLOAT16,ND;ND;ND;ND;ND;ND;ND;ND;ND;ND;ND;ND;ND;ND;ND;ND;ND;ND;ND;ND;ND;ND;ND;ND;ND;ND;ND;ND;ND;ND;ND;ND;ND;ND;ND;ND;ND;ND;ND;ND;ND;ND;ND;ND;ND;ND;ND;ND;ND;ND;ND;ND;ND;ND;ND;ND;ND;ND;ND;ND;ND;ND;ND;ND,"""1024,1024""",FLOAT16,ND,N/A,0.0,0,0.0,0.0,0.0,0.0,0.0,0.0,0.0,0.0,0.0,0.0,0.0,43.902,2897558,0.017,0.0,4.22,0.096,30.221,0.688,10.054,0.229,0.0,0.000
0,4294967295,188,47,aclnnMul_MulAiCore_Mul,Mul,dynamic,AI_VECTOR_CORE,1785697686596485.904	,328.407,0.000000,40,0,NO,"""4096,4096;4096,4096""",FLOAT;FLOAT,ND;ND,"""4096,4096""",FLOAT,ND,N/A,0.0,0,0.0,0.0,0.0,0.0,0.0,0.0,0.0,0.0,0.0,0.0,0.0,325.957,21513139,6.784,0.021,3.018,0.009,324.424,0.995,108.941,0.334,0.0,0.000
0,4294967295,189,47,Concat,Concat,dynamic,AI_VECTOR_CORE,1785697686596814.331	,53.701,0.000000,40,0,NO,"""1024,16;1024,16;1024,16;1024,16;1024,16;1024,16;1024,16;1024,16;1024,16;1024,16;1024,16;1024,16;1024,16;1024,16;1024,16;1024,16;1024,16;1024,16;1024,16;1024,16;1024,16;1024,16;1024,16;1024,16;1024,16;1024,16;1024,16;1024,16;1024,16;1024,16;1024,16;1024,16;1024,16;1024,16;1024,16;1024,16;1024,16;1024,16;1024,16;1024,16;1024,16;1024,16;1024,16;1024,16;1024,16;1024,16;1024,16;1024,16;1024,16;1024,16;1024,16;1024,16;1024,16;1024,16;1024,16;1024,16;1024,16;1024,16;1024,16;1024,16;1024,16;1024,16;1024,16;1024,16""",FLOAT16;FLOAT16;FLOAT16;FLOAT16;FLOAT16;FLOAT16;FLOAT16;FLOAT16;FLOAT16;FLOAT16;FLOAT16;FLOAT16;FLOAT16;FLOAT16;FLOAT16;FLOAT16;FLOAT16;FLOAT16;FLOAT16;FLOAT16;FLOAT16;FLOAT16;FLOAT16;FLOAT16;FLOAT16;FLOAT16;FLOAT16;FLOAT16;FLOAT16;FLOAT16;FLOAT16;FLOAT16;FLOAT16;FLOAT16;FLOAT16;FLOAT16;FLOAT16;FLOAT16;FLOAT16;FLOAT16;FLOAT16;FLOAT16;FLOAT16;FLOAT16;FLOAT16;FLOAT16;FLOAT16;FLOAT16;FLOAT16;FLOAT16;FLOAT16;FLOAT16;FLOAT16;FLOAT16;FLOAT16;FLOAT16;FLOAT16;FLOAT16;FLOAT16;FLOAT16;FLOAT16;FLOAT16;FLOAT16;FLOAT16,ND;ND;ND;ND;ND;ND;ND;ND;ND;ND;ND;ND;ND;ND;ND;ND;ND;ND;ND;ND;ND;ND;ND;ND;ND;ND;ND;ND;ND;ND;ND;ND;ND;ND;ND;ND;ND;ND;ND;ND;ND;ND;ND;ND;ND;ND;ND;ND;ND;ND;ND;ND;ND;ND;ND;ND;ND;ND;ND;ND;ND;ND;ND;ND,"""1024,1024""",FLOAT16,ND,N/A,0.0,0,0.0,0.0,0.0,0.0,0.0,0.0,0.0,0.0,0.0,0.0,0.0,43.641,2880287,0.017,0.0,3.607,0.083,30.341,0.695,10.088,0.231,0.0,0.000
0,4294967295,190,47,aclnnMul_MulAiCore_Mul,Mul,dynamic,AI_VECTOR_CORE,1785697686596868.052	,329.966,0.049000,40,0,NO,"""4096,4096;4096,4096""",FLOAT;FLOAT,ND;ND,"""4096,4096""",FLOAT,ND,N/A,0.0,0,0.0,0.0,0.0,0.0,0.0,0.0,0.0,0.0,0.0,0.0,0.0,327.688,21627396,6.784,0.021,3.126,0.01,326.045,0.995,108.783,0.332,0.0,0.000
0,4294967295,191,47,Concat,Concat,dynamic,AI_VECTOR_CORE,1785697686597198.038	,55.762,0.034000,40,0,NO,"""1024,16;1024,16;1024,16;1024,16;1024,16;1024,16;1024,16;1024,16;1024,16;1024,16;1024,16;1024,16;1024,16;1024,16;1024,16;1024,16;1024,16;1024,16;1024,16;1024,16;1024,16;1024,16;1024,16;1024,16;1024,16;1024,16;1024,16;1024,16;1024,16;1024,16;1024,16;1024,16;1024,16;1024,16;1024,16;1024,16;1024,16;1024,16;1024,16;1024,16;1024,16;1024,16;1024,16;1024,16;1024,16;1024,16;1024,16;1024,16;1024,16;1024,16;1024,16;1024,16;1024,16;1024,16;1024,16;1024,16;1024,16;1024,16;1024,16;1024,16;1024,16;1024,16;1024,16;1024,16""",FLOAT16;FLOAT16;FLOAT16;FLOAT16;FLOAT16;FLOAT16;FLOAT16;FLOAT16;FLOAT16;FLOAT16;FLOAT16;FLOAT16;FLOAT16;FLOAT16;FLOAT16;FLOAT16;FLOAT16;FLOAT16;FLOAT16;FLOAT16;FLOAT16;FLOAT16;FLOAT16;FLOAT16;FLOAT16;FLOAT16;FLOAT16;FLOAT16;FLOAT16;FLOAT16;FLOAT16;FLOAT16;FLOAT16;FLOAT16;FLOAT16;FLOAT16;FLOAT16;FLOAT16;FLOAT16;FLOAT16;FLOAT16;FLOAT16;FLOAT16;FLOAT16;FLOAT16;FLOAT16;FLOAT16;FLOAT16;FLOAT16;FLOAT16;FLOAT16;FLOAT16;FLOAT16;FLOAT16;FLOAT16;FLOAT16;FLOAT16;FLOAT16;FLOAT16;FLOAT16;FLOAT16;FLOAT16;FLOAT16;FLOAT16,ND;ND;ND;ND;ND;ND;ND;ND;ND;ND;ND;ND;ND;ND;ND;ND;ND;ND;ND;ND;ND;ND;ND;ND;ND;ND;ND;ND;ND;ND;ND;ND;ND;ND;ND;ND;ND;ND;ND;ND;ND;ND;ND;ND;ND;ND;ND;ND;ND;ND;ND;ND;ND;ND;ND;ND;ND;ND;ND;ND;ND;ND;ND;ND,"""1024,1024""",FLOAT16,ND,N/A,0.0,0,0.0,0.0,0.0,0.0,0.0,0.0,0.0,0.0,0.0,0.0,0.0,45.047,2973085,0.017,0.0,3.794,0.084,31.012,0.688,10.659,0.237,0.0,0.000
0,4294967295,192,47,aclnnMul_MulAiCore_Mul,Mul,dynamic,AI_VECTOR_CORE,1785697686597253.820	,329.326,0.000000,40,0,NO,"""4096,4096;4096,4096""",FLOAT;FLOAT,ND;ND,"""4096,4096""",FLOAT,ND,N/A,0.0,0,0.0,0.0,0.0,0.0,0.0,0.0,0.0,0.0,0.0,0.0,0.0,326.803,21569022,6.784,0.021,3.017,0.009,325.262,0.995,110.216,0.337,0.0,0.000
0,4294967295,193,47,Concat,Concat,dynamic,AI_VECTOR_CORE,1785697686597583.166	,55.741,0.174000,40,0,NO,"""1024,16;1024,16;1024,16;1024,16;1024,16;1024,16;1024,16;1024,16;1024,16;1024,16;1024,16;1024,16;1024,16;1024,16;1024,16;1024,16;1024,16;1024,16;1024,16;1024,16;1024,16;1024,16;1024,16;1024,16;1024,16;1024,16;1024,16;1024,16;1024,16;1024,16;1024,16;1024,16;1024,16;1024,16;1024,16;1024,16;1024,16;1024,16;1024,16;1024,16;1024,16;1024,16;1024,16;1024,16;1024,16;1024,16;1024,16;1024,16;1024,16;1024,16;1024,16;1024,16;1024,16;1024,16;1024,16;1024,16;1024,16;1024,16;1024,16;1024,16;1024,16;1024,16;1024,16;1024,16""",FLOAT16;FLOAT16;FLOAT16;FLOAT16;FLOAT16;FLOAT16;FLOAT16;FLOAT16;FLOAT16;FLOAT16;FLOAT16;FLOAT16;FLOAT16;FLOAT16;FLOAT16;FLOAT16;FLOAT16;FLOAT16;FLOAT16;FLOAT16;FLOAT16;FLOAT16;FLOAT16;FLOAT16;FLOAT16;FLOAT16;FLOAT16;FLOAT16;FLOAT16;FLOAT16;FLOAT16;FLOAT16;FLOAT16;FLOAT16;FLOAT16;FLOAT16;FLOAT16;FLOAT16;FLOAT16;FLOAT16;FLOAT16;FLOAT16;FLOAT16;FLOAT16;FLOAT16;FLOAT16;FLOAT16;FLOAT16;FLOAT16;FLOAT16;FLOAT16;FLOAT16;FLOAT16;FLOAT16;FLOAT16;FLOAT16;FLOAT16;FLOAT16;FLOAT16;FLOAT16;FLOAT16;FLOAT16;FLOAT16;FLOAT16,ND;ND;ND;ND;ND;ND;ND;ND;ND;ND;ND;ND;ND;ND;ND;ND;ND;ND;ND;ND;ND;ND;ND;ND;ND;ND;ND;ND;ND;ND;ND;ND;ND;ND;ND;ND;ND;ND;ND;ND;ND;ND;ND;ND;ND;ND;ND;ND;ND;ND;ND;ND;ND;ND;ND;ND;ND;ND;ND;ND;ND;ND;ND;ND,"""1024,1024""",FLOAT16,ND,N/A,0.0,0,0.0,0.0,0.0,0.0,0.0,0.0,0.0,0.0,0.0,0.0,0.0,45.472,3001121,0.017,0.0,3.924,0.086,31.384,0.69,10.491,0.231,0.0,0.000
0,4294967295,194,47,aclnnMul_MulAiCore_Mul,Mul,dynamic,AI_VECTOR_CORE,1785697686597638.927	,329.327,0.009000,40,0,NO,"""4096,4096;4096,4096""",FLOAT;FLOAT,ND;ND,"""4096,4096""",FLOAT,ND,N/A,0.0,0,0.0,0.0,0.0,0.0,0.0,0.0,0.0,0.0,0.0,0.0,0.0,326.738,21564691,6.784,0.021,3.477,0.011,324.68,0.994,109.075,0.334,0.0,0.000
0,4294967295,195,47,Concat,Concat,dynamic,AI_VECTOR_CORE,1785697686597968.274	,54.941,0.000000,40,0,NO,"""1024,16;1024,16;1024,16;1024,16;1024,16;1024,16;1024,16;1024,16;1024,16;1024,16;1024,16;1024,16;1024,16;1024,16;1024,16;1024,16;1024,16;1024,16;1024,16;1024,16;1024,16;1024,16;1024,16;1024,16;1024,16;1024,16;1024,16;1024,16;1024,16;1024,16;1024,16;1024,16;1024,16;1024,16;1024,16;1024,16;1024,16;1024,16;1024,16;1024,16;1024,16;1024,16;1024,16;1024,16;1024,16;1024,16;1024,16;1024,16;1024,16;1024,16;1024,16;1024,16;1024,16;1024,16;1024,16;1024,16;1024,16;1024,16;1024,16;1024,16;1024,16;1024,16;1024,16;1024,16""",FLOAT16;FLOAT16;FLOAT16;FLOAT16;FLOAT16;FLOAT16;FLOAT16;FLOAT16;FLOAT16;FLOAT16;FLOAT16;FLOAT16;FLOAT16;FLOAT16;FLOAT16;FLOAT16;FLOAT16;FLOAT16;FLOAT16;FLOAT16;FLOAT16;FLOAT16;FLOAT16;FLOAT16;FLOAT16;FLOAT16;FLOAT16;FLOAT16;FLOAT16;FLOAT16;FLOAT16;FLOAT16;FLOAT16;FLOAT16;FLOAT16;FLOAT16;FLOAT16;FLOAT16;FLOAT16;FLOAT16;FLOAT16;FLOAT16;FLOAT16;FLOAT16;FLOAT16;FLOAT16;FLOAT16;FLOAT16;FLOAT16;FLOAT16;FLOAT16;FLOAT16;FLOAT16;FLOAT16;FLOAT16;FLOAT16;FLOAT16;FLOAT16;FLOAT16;FLOAT16;FLOAT16;FLOAT16;FLOAT16;FLOAT16,ND;ND;ND;ND;ND;ND;ND;ND;ND;ND;ND;ND;ND;ND;ND;ND;ND;ND;ND;ND;ND;ND;ND;ND;ND;ND;ND;ND;ND;ND;ND;ND;ND;ND;ND;ND;ND;ND;ND;ND;ND;ND;ND;ND;ND;ND;ND;ND;ND;ND;ND;ND;ND;ND;ND;ND;ND;ND;ND;ND;ND;ND;ND;ND,"""1024,1024""",FLOAT16,ND,N/A,0.0,0,0.0,0.0,0.0,0.0,0.0,0.0,0.0,0.0,0.0,0.0,0.0,44.925,2965041,0.017,0.0,4.003,0.089,31.211,0.695,10.343,0.23,0.0,0.000
0,4294967295,196,47,aclnnMul_MulAiCore_Mul,Mul,dynamic,AI_VECTOR_CORE,1785697686598023.235	,328.247,0.059000,40,0,NO,"""4096,4096;4096,4096""",FLOAT;FLOAT,ND;ND,"""4096,4096""",FLOAT,ND,N/A,0.0,0,0.0,0.0,0.0,0.0,0.0,0.0,0.0,0.0,0.0,0.0,0.0,326.541,21551711,6.784,0.021,3.022,0.009,324.995,0.995,108.82,0.333,0.0,0.000
0,4294967295,197,47,Concat,Concat,dynamic,AI_VECTOR_CORE,1785697686598351.502	,56.001,0.003000,40,0,NO,"""1024,16;1024,16;1024,16;1024,16;1024,16;1024,16;1024,16;1024,16;1024,16;1024,16;1024,16;1024,16;1024,16;1024,16;1024,16;1024,16;1024,16;1024,16;1024,16;1024,16;1024,16;1024,16;1024,16;1024,16;1024,16;1024,16;1024,16;1024,16;1024,16;1024,16;1024,16;1024,16;1024,16;1024,16;1024,16;1024,16;1024,16;1024,16;1024,16;1024,16;1024,16;1024,16;1024,16;1024,16;1024,16;1024,16;1024,16;1024,16;1024,16;1024,16;1024,16;1024,16;1024,16;1024,16;1024,16;1024,16;1024,16;1024,16;1024,16;1024,16;1024,16;1024,16;1024,16;1024,16""",FLOAT16;FLOAT16;FLOAT16;FLOAT16;FLOAT16;FLOAT16;FLOAT16;FLOAT16;FLOAT16;FLOAT16;FLOAT16;FLOAT16;FLOAT16;FLOAT16;FLOAT16;FLOAT16;FLOAT16;FLOAT16;FLOAT16;FLOAT16;FLOAT16;FLOAT16;FLOAT16;FLOAT16;FLOAT16;FLOAT16;FLOAT16;FLOAT16;FLOAT16;FLOAT16;FLOAT16;FLOAT16;FLOAT16;FLOAT16;FLOAT16;FLOAT16;FLOAT16;FLOAT16;FLOAT16;FLOAT16;FLOAT16;FLOAT16;FLOAT16;FLOAT16;FLOAT16;FLOAT16;FLOAT16;FLOAT16;FLOAT16;FLOAT16;FLOAT16;FLOAT16;FLOAT16;FLOAT16;FLOAT16;FLOAT16;FLOAT16;FLOAT16;FLOAT16;FLOAT16;FLOAT16;FLOAT16;FLOAT16;FLOAT16,ND;ND;ND;ND;ND;ND;ND;ND;ND;ND;ND;ND;ND;ND;ND;ND;ND;ND;ND;ND;ND;ND;ND;ND;ND;ND;ND;ND;ND;ND;ND;ND;ND;ND;ND;ND;ND;ND;ND;ND;ND;ND;ND;ND;ND;ND;ND;ND;ND;ND;ND;ND;ND;ND;ND;ND;ND;ND;ND;ND;ND;ND;ND;ND,"""1024,1024""",FLOAT16,ND,N/A,0.0,0,0.0,0.0,0.0,0.0,0.0,0.0,0.0,0.0,0.0,0.0,0.0,45.017,2971111,0.017,0.0,4.279,0.095,31.105,0.691,10.288,0.229,0.0,0.000
0,4294967295,198,47,aclnnMul_MulAiCore_Mul,Mul,dynamic,AI_VECTOR_CORE,1785697686598407.523	,329.566,0.000000,40,0,NO,"""4096,4096;4096,4096""",FLOAT;FLOAT,ND;ND,"""4096,4096""",FLOAT,ND,N/A,0.0,0,0.0,0.0,0.0,0.0,0.0,0.0,0.0,0.0,0.0,0.0,0.0,327.443,21611263,6.784,0.021,3.107,0.009,325.803,0.995,109.978,0.336,0.0,0.000
0,4294967295,199,47,Concat,Concat,dynamic,AI_VECTOR_CORE,1785697686598737.109	,58.681,0.000000,40,0,NO,"""1024,16;1024,16;1024,16;1024,16;1024,16;1024,16;1024,16;1024,16;1024,16;1024,16;1024,16;1024,16;1024,16;1024,16;1024,16;1024,16;1024,16;1024,16;1024,16;1024,16;1024,16;1024,16;1024,16;1024,16;1024,16;1024,16;1024,16;1024,16;1024,16;1024,16;1024,16;1024,16;1024,16;1024,16;1024,16;1024,16;1024,16;1024,16;1024,16;1024,16;1024,16;1024,16;1024,16;1024,16;1024,16;1024,16;1024,16;1024,16;1024,16;1024,16;1024,16;1024,16;1024,16;1024,16;1024,16;1024,16;1024,16;1024,16;1024,16;1024,16;1024,16;1024,16;1024,16;1024,16""",FLOAT16;FLOAT16;FLOAT16;FLOAT16;FLOAT16;FLOAT16;FLOAT16;FLOAT16;FLOAT16;FLOAT16;FLOAT16;FLOAT16;FLOAT16;FLOAT16;FLOAT16;FLOAT16;FLOAT16;FLOAT16;FLOAT16;FLOAT16;FLOAT16;FLOAT16;FLOAT16;FLOAT16;FLOAT16;FLOAT16;FLOAT16;FLOAT16;FLOAT16;FLOAT16;FLOAT16;FLOAT16;FLOAT16;FLOAT16;FLOAT16;FLOAT16;FLOAT16;FLOAT16;FLOAT16;FLOAT16;FLOAT16;FLOAT16;FLOAT16;FLOAT16;FLOAT16;FLOAT16;FLOAT16;FLOAT16;FLOAT16;FLOAT16;FLOAT16;FLOAT16;FLOAT16;FLOAT16;FLOAT16;FLOAT16;FLOAT16;FLOAT16;FLOAT16;FLOAT16;FLOAT16;FLOAT16;FLOAT16;FLOAT16,ND;ND;ND;ND;ND;ND;ND;ND;ND;ND;ND;ND;ND;ND;ND;ND;ND;ND;ND;ND;ND;ND;ND;ND;ND;ND;ND;ND;ND;ND;ND;ND;ND;ND;ND;ND;ND;ND;ND;ND;ND;ND;ND;ND;ND;ND;ND;ND;ND;ND;ND;ND;ND;ND;ND;ND;ND;ND;ND;ND;ND;ND;ND;ND,"""1024,1024""",FLOAT16,ND,N/A,0.0,0,0.0,0.0,0.0,0.0,0.0,0.0,0.0,0.0,0.0,0.0,0.0,46.995,3101647,0.017,0.0,4.907,0.104,32.268,0.687,10.344,0.22,0.0,0.000
0,4294967295,200,47,aclnnMul_MulAiCore_Mul,Mul,dynamic,AI_VECTOR_CORE,1785697686598795.810	,329.687,0.069000,40,0,NO,"""4096,4096;4096,4096""",FLOAT;FLOAT,ND;ND,"""4096,4096""",FLOAT,ND,N/A,0.0,0,0.0,0.0,0.0,0.0,0.0,0.0,0.0,0.0,0.0,0.0,0.0,327.076,21587002,6.784,0.021,2.939,0.009,325.583,0.995,110.06,0.336,0.0,0.000
0,4294967295,201,47,Concat,Concat,dynamic,AI_VECTOR_CORE,1785697686599125.517	,56.961,0.063000,40,0,NO,"""1024,16;1024,16;1024,16;1024,16;1024,16;1024,16;1024,16;1024,16;1024,16;1024,16;1024,16;1024,16;1024,16;1024,16;1024,16;1024,16;1024,16;1024,16;1024,16;1024,16;1024,16;1024,16;1024,16;1024,16;1024,16;1024,16;1024,16;1024,16;1024,16;1024,16;1024,16;1024,16;1024,16;1024,16;1024,16;1024,16;1024,16;1024,16;1024,16;1024,16;1024,16;1024,16;1024,16;1024,16;1024,16;1024,16;1024,16;1024,16;1024,16;1024,16;1024,16;1024,16;1024,16;1024,16;1024,16;1024,16;1024,16;1024,16;1024,16;1024,16;1024,16;1024,16;1024,16;1024,16""",FLOAT16;FLOAT16;FLOAT16;FLOAT16;FLOAT16;FLOAT16;FLOAT16;FLOAT16;FLOAT16;FLOAT16;FLOAT16;FLOAT16;FLOAT16;FLOAT16;FLOAT16;FLOAT16;FLOAT16;FLOAT16;FLOAT16;FLOAT16;FLOAT16;FLOAT16;FLOAT16;FLOAT16;FLOAT16;FLOAT16;FLOAT16;FLOAT16;FLOAT16;FLOAT16;FLOAT16;FLOAT16;FLOAT16;FLOAT16;FLOAT16;FLOAT16;FLOAT16;FLOAT16;FLOAT16;FLOAT16;FLOAT16;FLOAT16;FLOAT16;FLOAT16;FLOAT16;FLOAT16;FLOAT16;FLOAT16;FLOAT16;FLOAT16;FLOAT16;FLOAT16;FLOAT16;FLOAT16;FLOAT16;FLOAT16;FLOAT16;FLOAT16;FLOAT16;FLOAT16;FLOAT16;FLOAT16;FLOAT16;FLOAT16,ND;ND;ND;ND;ND;ND;ND;ND;ND;ND;ND;ND;ND;ND;ND;ND;ND;ND;ND;ND;ND;ND;ND;ND;ND;ND;ND;ND;ND;ND;ND;ND;ND;ND;ND;ND;ND;ND;ND;ND;ND;ND;ND;ND;ND;ND;ND;ND;ND;ND;ND;ND;ND;ND;ND;ND;ND;ND;ND;ND;ND;ND;ND;ND,"""1024,1024""",FLOAT16,ND,N/A,0.0,0,0.0,0.0,0.0,0.0,0.0,0.0,0.0,0.0,0.0,0.0,0.0,44.92,2964718,0.017,0.0,4.033,0.09,31.769,0.707,9.802,0.218,0.0,0.000
0,4294967295,202,47,aclnnMul_MulAiCore_Mul,Mul,dynamic,AI_VECTOR_CORE,1785697686599182.498	,329.687,0.039000,40,0,NO,"""4096,4096;4096,4096""",FLOAT;FLOAT,ND;ND,"""4096,4096""",FLOAT,ND,N/A,0.0,0,0.0,0.0,0.0,0.0,0.0,0.0,0.0,0.0,0.0,0.0,0.0,327.617,21622728,6.784,0.021,3.513,0.011,325.532,0.994,110.473,0.337,0.0,0.000
0,4294967295,203,47,Concat,Concat,dynamic,AI_VECTOR_CORE,1785697686599512.205	,54.821,0.063000,40,0,NO,"""1024,16;1024,16;1024,16;1024,16;1024,16;1024,16;1024,16;1024,16;1024,16;1024,16;1024,16;1024,16;1024,16;1024,16;1024,16;1024,16;1024,16;1024,16;1024,16;1024,16;1024,16;1024,16;1024,16;1024,16;1024,16;1024,16;1024,16;1024,16;1024,16;1024,16;1024,16;1024,16;1024,16;1024,16;1024,16;1024,16;1024,16;1024,16;1024,16;1024,16;1024,16;1024,16;1024,16;1024,16;1024,16;1024,16;1024,16;1024,16;1024,16;1024,16;1024,16;1024,16;1024,16;1024,16;1024,16;1024,16;1024,16;1024,16;1024,16;1024,16;1024,16;1024,16;1024,16;1024,16""",FLOAT16;FLOAT16;FLOAT16;FLOAT16;FLOAT16;FLOAT16;FLOAT16;FLOAT16;FLOAT16;FLOAT16;FLOAT16;FLOAT16;FLOAT16;FLOAT16;FLOAT16;FLOAT16;FLOAT16;FLOAT16;FLOAT16;FLOAT16;FLOAT16;FLOAT16;FLOAT16;FLOAT16;FLOAT16;FLOAT16;FLOAT16;FLOAT16;FLOAT16;FLOAT16;FLOAT16;FLOAT16;FLOAT16;FLOAT16;FLOAT16;FLOAT16;FLOAT16;FLOAT16;FLOAT16;FLOAT16;FLOAT16;FLOAT16;FLOAT16;FLOAT16;FLOAT16;FLOAT16;FLOAT16;FLOAT16;FLOAT16;FLOAT16;FLOAT16;FLOAT16;FLOAT16;FLOAT16;FLOAT16;FLOAT16;FLOAT16;FLOAT16;FLOAT16;FLOAT16;FLOAT16;FLOAT16;FLOAT16;FLOAT16,ND;ND;ND;ND;ND;ND;ND;ND;ND;ND;ND;ND;ND;ND;ND;ND;ND;ND;ND;ND;ND;ND;ND;ND;ND;ND;ND;ND;ND;ND;ND;ND;ND;ND;ND;ND;ND;ND;ND;ND;ND;ND;ND;ND;ND;ND;ND;ND;ND;ND;ND;ND;ND;ND;ND;ND;ND;ND;ND;ND;ND;ND;ND;ND,"""1024,1024""",FLOAT16,ND,N/A,0.0,0,0.0,0.0,0.0,0.0,0.0,0.0,0.0,0.0,0.0,0.0,0.0,44.138,2913091,0.017,0.0,3.82,0.087,30.088,0.682,10.591,0.24,0.0,0.000
0,4294967295,204,47,aclnnMul_MulAiCore_Mul,Mul,dynamic,AI_VECTOR_CORE,1785697686599567.046	,328.166,0.000000,40,0,NO,"""4096,4096;4096,4096""",FLOAT;FLOAT,ND;ND,"""4096,4096""",FLOAT,ND,N/A,0.0,0,0.0,0.0,0.0,0.0,0.0,0.0,0.0,0.0,0.0,0.0,0.0,326.056,21519713,6.784,0.021,2.935,0.009,324.598,0.996,110.379,0.339,0.0,0.000
0,4294967295,205,47,Concat,Concat,dynamic,AI_VECTOR_CORE,1785697686599895.232	,54.061,0.084000,40,0,NO,"""1024,16;1024,16;1024,16;1024,16;1024,16;1024,16;1024,16;1024,16;1024,16;1024,16;1024,16;1024,16;1024,16;1024,16;1024,16;1024,16;1024,16;1024,16;1024,16;1024,16;1024,16;1024,16;1024,16;1024,16;1024,16;1024,16;1024,16;1024,16;1024,16;1024,16;1024,16;1024,16;1024,16;1024,16;1024,16;1024,16;1024,16;1024,16;1024,16;1024,16;1024,16;1024,16;1024,16;1024,16;1024,16;1024,16;1024,16;1024,16;1024,16;1024,16;1024,16;1024,16;1024,16;1024,16;1024,16;1024,16;1024,16;1024,16;1024,16;1024,16;1024,16;1024,16;1024,16;1024,16""",FLOAT16;FLOAT16;FLOAT16;FLOAT16;FLOAT16;FLOAT16;FLOAT16;FLOAT16;FLOAT16;FLOAT16;FLOAT16;FLOAT16;FLOAT16;FLOAT16;FLOAT16;FLOAT16;FLOAT16;FLOAT16;FLOAT16;FLOAT16;FLOAT16;FLOAT16;FLOAT16;FLOAT16;FLOAT16;FLOAT16;FLOAT16;FLOAT16;FLOAT16;FLOAT16;FLOAT16;FLOAT16;FLOAT16;FLOAT16;FLOAT16;FLOAT16;FLOAT16;FLOAT16;FLOAT16;FLOAT16;FLOAT16;FLOAT16;FLOAT16;FLOAT16;FLOAT16;FLOAT16;FLOAT16;FLOAT16;FLOAT16;FLOAT16;FLOAT16;FLOAT16;FLOAT16;FLOAT16;FLOAT16;FLOAT16;FLOAT16;FLOAT16;FLOAT16;FLOAT16;FLOAT16;FLOAT16;FLOAT16;FLOAT16,ND;ND;ND;ND;ND;ND;ND;ND;ND;ND;ND;ND;ND;ND;ND;ND;ND;ND;ND;ND;ND;ND;ND;ND;ND;ND;ND;ND;ND;ND;ND;ND;ND;ND;ND;ND;ND;ND;ND;ND;ND;ND;ND;ND;ND;ND;ND;ND;ND;ND;ND;ND;ND;ND;ND;ND;ND;ND;ND;ND;ND;ND;ND;ND,"""1024,1024""",FLOAT16,ND,N/A,0.0,0,0.0,0.0,0.0,0.0,0.0,0.0,0.0,0.0,0.0,0.0,0.0,43.937,2899845,0.017,0.0,3.575,0.081,30.646,0.697,10.018,0.228,0.0,0.000
0,4294967295,206,47,aclnnMul_MulAiCore_Mul,Mul,dynamic,AI_VECTOR_CORE,1785697686599949.313	,329.307,0.000000,40,0,NO,"""4096,4096;4096,4096""",FLOAT;FLOAT,ND;ND,"""4096,4096""",FLOAT,ND,N/A,0.0,0,0.0,0.0,0.0,0.0,0.0,0.0,0.0,0.0,0.0,0.0,0.0,327.326,21603527,6.784,0.021,3.028,0.009,325.806,0.995,109.953,0.336,0.0,0.000
0,4294967295,207,47,Concat,Concat,dynamic,AI_VECTOR_CORE,1785697686600278.640	,55.361,0.193000,40,0,NO,"""1024,16;1024,16;1024,16;1024,16;1024,16;1024,16;1024,16;1024,16;1024,16;1024,16;1024,16;1024,16;1024,16;1024,16;1024,16;1024,16;1024,16;1024,16;1024,16;1024,16;1024,16;1024,16;1024,16;1024,16;1024,16;1024,16;1024,16;1024,16;1024,16;1024,16;1024,16;1024,16;1024,16;1024,16;1024,16;1024,16;1024,16;1024,16;1024,16;1024,16;1024,16;1024,16;1024,16;1024,16;1024,16;1024,16;1024,16;1024,16;1024,16;1024,16;1024,16;1024,16;1024,16;1024,16;1024,16;1024,16;1024,16;1024,16;1024,16;1024,16;1024,16;1024,16;1024,16;1024,16""",FLOAT16;FLOAT16;FLOAT16;FLOAT16;FLOAT16;FLOAT16;FLOAT16;FLOAT16;FLOAT16;FLOAT16;FLOAT16;FLOAT16;FLOAT16;FLOAT16;FLOAT16;FLOAT16;FLOAT16;FLOAT16;FLOAT16;FLOAT16;FLOAT16;FLOAT16;FLOAT16;FLOAT16;FLOAT16;FLOAT16;FLOAT16;FLOAT16;FLOAT16;FLOAT16;FLOAT16;FLOAT16;FLOAT16;FLOAT16;FLOAT16;FLOAT16;FLOAT16;FLOAT16;FLOAT16;FLOAT16;FLOAT16;FLOAT16;FLOAT16;FLOAT16;FLOAT16;FLOAT16;FLOAT16;FLOAT16;FLOAT16;FLOAT16;FLOAT16;FLOAT16;FLOAT16;FLOAT16;FLOAT16;FLOAT16;FLOAT16;FLOAT16;FLOAT16;FLOAT16;FLOAT16;FLOAT16;FLOAT16;FLOAT16,ND;ND;ND;ND;ND;ND;ND;ND;ND;ND;ND;ND;ND;ND;ND;ND;ND;ND;ND;ND;ND;ND;ND;ND;ND;ND;ND;ND;ND;ND;ND;ND;ND;ND;ND;ND;ND;ND;ND;ND;ND;ND;ND;ND;ND;ND;ND;ND;ND;ND;ND;ND;ND;ND;ND;ND;ND;ND;ND;ND;ND;ND;ND;ND,"""1024,1024""",FLOAT16,ND,N/A,0.0,0,0.0,0.0,0.0,0.0,0.0,0.0,0.0,0.0,0.0,0.0,0.0,45.235,2985485,0.017,0.0,4.038,0.089,30.833,0.682,10.757,0.238,0.0,0.000
0,4294967295,208,47,aclnnMul_MulAiCore_Mul,Mul,dynamic,AI_VECTOR_CORE,1785697686600334.021	,327.847,0.000000,40,0,NO,"""4096,4096;4096,4096""",FLOAT;FLOAT,ND;ND,"""4096,4096""",FLOAT,ND,N/A,0.0,0,0.0,0.0,0.0,0.0,0.0,0.0,0.0,0.0,0.0,0.0,0.0,325.827,21504604,6.784,0.021,3.125,0.01,324.193,0.995,108.688,0.334,0.0,0.000
0,4294967295,209,47,Concat,Concat,dynamic,AI_VECTOR_CORE,1785697686600661.908	,55.701,0.153000,40,0,NO,"""1024,16;1024,16;1024,16;1024,16;1024,16;1024,16;1024,16;1024,16;1024,16;1024,16;1024,16;1024,16;1024,16;1024,16;1024,16;1024,16;1024,16;1024,16;1024,16;1024,16;1024,16;1024,16;1024,16;1024,16;1024,16;1024,16;1024,16;1024,16;1024,16;1024,16;1024,16;1024,16;1024,16;1024,16;1024,16;1024,16;1024,16;1024,16;1024,16;1024,16;1024,16;1024,16;1024,16;1024,16;1024,16;1024,16;1024,16;1024,16;1024,16;1024,16;1024,16;1024,16;1024,16;1024,16;1024,16;1024,16;1024,16;1024,16;1024,16;1024,16;1024,16;1024,16;1024,16;1024,16""",FLOAT16;FLOAT16;FLOAT16;FLOAT16;FLOAT16;FLOAT16;FLOAT16;FLOAT16;FLOAT16;FLOAT16;FLOAT16;FLOAT16;FLOAT16;FLOAT16;FLOAT16;FLOAT16;FLOAT16;FLOAT16;FLOAT16;FLOAT16;FLOAT16;FLOAT16;FLOAT16;FLOAT16;FLOAT16;FLOAT16;FLOAT16;FLOAT16;FLOAT16;FLOAT16;FLOAT16;FLOAT16;FLOAT16;FLOAT16;FLOAT16;FLOAT16;FLOAT16;FLOAT16;FLOAT16;FLOAT16;FLOAT16;FLOAT16;FLOAT16;FLOAT16;FLOAT16;FLOAT16;FLOAT16;FLOAT16;FLOAT16;FLOAT16;FLOAT16;FLOAT16;FLOAT16;FLOAT16;FLOAT16;FLOAT16;FLOAT16;FLOAT16;FLOAT16;FLOAT16;FLOAT16;FLOAT16;FLOAT16;FLOAT16,ND;ND;ND;ND;ND;ND;ND;ND;ND;ND;ND;ND;ND;ND;ND;ND;ND;ND;ND;ND;ND;ND;ND;ND;ND;ND;ND;ND;ND;ND;ND;ND;ND;ND;ND;ND;ND;ND;ND;ND;ND;ND;ND;ND;ND;ND;ND;ND;ND;ND;ND;ND;ND;ND;ND;ND;ND;ND;ND;ND;ND;ND;ND;ND,"""1024,1024""",FLOAT16,ND,N/A,0.0,0,0.0,0.0,0.0,0.0,0.0,0.0,0.0,0.0,0.0,0.0,0.0,45.385,2995397,0.017,0.0,4.403,0.097,31.039,0.684,10.58,0.233,0.0,0.000
0,4294967295,210,47,aclnnMul_MulAiCore_Mul,Mul,dynamic,AI_VECTOR_CORE,1785697686600717.629	,330.326,0.049000,40,0,NO,"""4096,4096;4096,4096""",FLOAT;FLOAT,ND;ND,"""4096,4096""",FLOAT,ND,N/A,0.0,0,0.0,0.0,0.0,0.0,0.0,0.0,0.0,0.0,0.0,0.0,0.0,327.928,21643268,6.784,0.021,2.986,0.009,326.425,0.995,111.521,0.34,0.0,0.000
0,4294967295,211,47,Concat,Concat,dynamic,AI_VECTOR_CORE,1785697686601047.975	,54.561,0.000000,40,0,NO,"""1024,16;1024,16;1024,16;1024,16;1024,16;1024,16;1024,16;1024,16;1024,16;1024,16;1024,16;1024,16;1024,16;1024,16;1024,16;1024,16;1024,16;1024,16;1024,16;1024,16;1024,16;1024,16;1024,16;1024,16;1024,16;1024,16;1024,16;1024,16;1024,16;1024,16;1024,16;1024,16;1024,16;1024,16;1024,16;1024,16;1024,16;1024,16;1024,16;1024,16;1024,16;1024,16;1024,16;1024,16;1024,16;1024,16;1024,16;1024,16;1024,16;1024,16;1024,16;1024,16;1024,16;1024,16;1024,16;1024,16;1024,16;1024,16;1024,16;1024,16;1024,16;1024,16;1024,16;1024,16""",FLOAT16;FLOAT16;FLOAT16;FLOAT16;FLOAT16;FLOAT16;FLOAT16;FLOAT16;FLOAT16;FLOAT16;FLOAT16;FLOAT16;FLOAT16;FLOAT16;FLOAT16;FLOAT16;FLOAT16;FLOAT16;FLOAT16;FLOAT16;FLOAT16;FLOAT16;FLOAT16;FLOAT16;FLOAT16;FLOAT16;FLOAT16;FLOAT16;FLOAT16;FLOAT16;FLOAT16;FLOAT16;FLOAT16;FLOAT16;FLOAT16;FLOAT16;FLOAT16;FLOAT16;FLOAT16;FLOAT16;FLOAT16;FLOAT16;FLOAT16;FLOAT16;FLOAT16;FLOAT16;FLOAT16;FLOAT16;FLOAT16;FLOAT16;FLOAT16;FLOAT16;FLOAT16;FLOAT16;FLOAT16;FLOAT16;FLOAT16;FLOAT16;FLOAT16;FLOAT16;FLOAT16;FLOAT16;FLOAT16;FLOAT16,ND;ND;ND;ND;ND;ND;ND;ND;ND;ND;ND;ND;ND;ND;ND;ND;ND;ND;ND;ND;ND;ND;ND;ND;ND;ND;ND;ND;ND;ND;ND;ND;ND;ND;ND;ND;ND;ND;ND;ND;ND;ND;ND;ND;ND;ND;ND;ND;ND;ND;ND;ND;ND;ND;ND;ND;ND;ND;ND;ND;ND;ND;ND;ND,"""1024,1024""",FLOAT16,ND,N/A,0.0,0,0.0,0.0,0.0,0.0,0.0,0.0,0.0,0.0,0.0,0.0,0.0,44.451,2933750,0.017,0.0,3.475,0.078,31.04,0.698,10.229,0.23,0.0,0.000
0,4294967295,212,47,aclnnMul_MulAiCore_Mul,Mul,dynamic,AI_VECTOR_CORE,1785697686601102.556	,328.567,0.000000,40,0,NO,"""4096,4096;4096,4096""",FLOAT;FLOAT,ND;ND,"""4096,4096""",FLOAT,ND,N/A,0.0,0,0.0,0.0,0.0,0.0,0.0,0.0,0.0,0.0,0.0,0.0,0.0,326.274,21534090,6.784,0.021,3.123,0.01,324.621,0.995,109.139,0.335,0.0,0.000
0,4294967295,213,47,Concat,Concat,dynamic,AI_VECTOR_CORE,1785697686601431.143	,56.781,0.183000,40,0,NO,"""1024,16;1024,16;1024,16;1024,16;1024,16;1024,16;1024,16;1024,16;1024,16;1024,16;1024,16;1024,16;1024,16;1024,16;1024,16;1024,16;1024,16;1024,16;1024,16;1024,16;1024,16;1024,16;1024,16;1024,16;1024,16;1024,16;1024,16;1024,16;1024,16;1024,16;1024,16;1024,16;1024,16;1024,16;1024,16;1024,16;1024,16;1024,16;1024,16;1024,16;1024,16;1024,16;1024,16;1024,16;1024,16;1024,16;1024,16;1024,16;1024,16;1024,16;1024,16;1024,16;1024,16;1024,16;1024,16;1024,16;1024,16;1024,16;1024,16;1024,16;1024,16;1024,16;1024,16;1024,16""",FLOAT16;FLOAT16;FLOAT16;FLOAT16;FLOAT16;FLOAT16;FLOAT16;FLOAT16;FLOAT16;FLOAT16;FLOAT16;FLOAT16;FLOAT16;FLOAT16;FLOAT16;FLOAT16;FLOAT16;FLOAT16;FLOAT16;FLOAT16;FLOAT16;FLOAT16;FLOAT16;FLOAT16;FLOAT16;FLOAT16;FLOAT16;FLOAT16;FLOAT16;FLOAT16;FLOAT16;FLOAT16;FLOAT16;FLOAT16;FLOAT16;FLOAT16;FLOAT16;FLOAT16;FLOAT16;FLOAT16;FLOAT16;FLOAT16;FLOAT16;FLOAT16;FLOAT16;FLOAT16;FLOAT16;FLOAT16;FLOAT16;FLOAT16;FLOAT16;FLOAT16;FLOAT16;FLOAT16;FLOAT16;FLOAT16;FLOAT16;FLOAT16;FLOAT16;FLOAT16;FLOAT16;FLOAT16;FLOAT16;FLOAT16,ND;ND;ND;ND;ND;ND;ND;ND;ND;ND;ND;ND;ND;ND;ND;ND;ND;ND;ND;ND;ND;ND;ND;ND;ND;ND;ND;ND;ND;ND;ND;ND;ND;ND;ND;ND;ND;ND;ND;ND;ND;ND;ND;ND;ND;ND;ND;ND;ND;ND;ND;ND;ND;ND;ND;ND;ND;ND;ND;ND;ND;ND;ND;ND,"""1024,1024""",FLOAT16,ND,N/A,0.0,0,0.0,0.0,0.0,0.0,0.0,0.0,0.0,0.0,0.0,0.0,0.0,45.299,2989733,0.017,0.0,4.055,0.09,31.452,0.694,10.324,0.228,0.0,0.000
0,4294967295,214,47,aclnnMul_MulAiCore_Mul,Mul,dynamic,AI_VECTOR_CORE,1785697686601487.944	,329.187,0.000000,40,0,NO,"""4096,4096;4096,4096""",FLOAT;FLOAT,ND;ND,"""4096,4096""",FLOAT,ND,N/A,0.0,0,0.0,0.0,0.0,0.0,0.0,0.0,0.0,0.0,0.0,0.0,0.0,326.648,21558736,6.784,0.021,3.323,0.01,324.774,0.994,109.438,0.335,0.0,0.000
0,4294967295,215,47,Concat,Concat,dynamic,AI_VECTOR_CORE,1785697686601817.151	,56.961,0.063000,40,0,NO,"""1024,16;1024,16;1024,16;1024,16;1024,16;1024,16;1024,16;1024,16;1024,16;1024,16;1024,16;1024,16;1024,16;1024,16;1024,16;1024,16;1024,16;1024,16;1024,16;1024,16;1024,16;1024,16;1024,16;1024,16;1024,16;1024,16;1024,16;1024,16;1024,16;1024,16;1024,16;1024,16;1024,16;1024,16;1024,16;1024,16;1024,16;1024,16;1024,16;1024,16;1024,16;1024,16;1024,16;1024,16;1024,16;1024,16;1024,16;1024,16;1024,16;1024,16;1024,16;1024,16;1024,16;1024,16;1024,16;1024,16;1024,16;1024,16;1024,16;1024,16;1024,16;1024,16;1024,16;1024,16""",FLOAT16;FLOAT16;FLOAT16;FLOAT16;FLOAT16;FLOAT16;FLOAT16;FLOAT16;FLOAT16;FLOAT16;FLOAT16;FLOAT16;FLOAT16;FLOAT16;FLOAT16;FLOAT16;FLOAT16;FLOAT16;FLOAT16;FLOAT16;FLOAT16;FLOAT16;FLOAT16;FLOAT16;FLOAT16;FLOAT16;FLOAT16;FLOAT16;FLOAT16;FLOAT16;FLOAT16;FLOAT16;FLOAT16;FLOAT16;FLOAT16;FLOAT16;FLOAT16;FLOAT16;FLOAT16;FLOAT16;FLOAT16;FLOAT16;FLOAT16;FLOAT16;FLOAT16;FLOAT16;FLOAT16;FLOAT16;FLOAT16;FLOAT16;FLOAT16;FLOAT16;FLOAT16;FLOAT16;FLOAT16;FLOAT16;FLOAT16;FLOAT16;FLOAT16;FLOAT16;FLOAT16;FLOAT16;FLOAT16;FLOAT16,ND;ND;ND;ND;ND;ND;ND;ND;ND;ND;ND;ND;ND;ND;ND;ND;ND;ND;ND;ND;ND;ND;ND;ND;ND;ND;ND;ND;ND;ND;ND;ND;ND;ND;ND;ND;ND;ND;ND;ND;ND;ND;ND;ND;ND;ND;ND;ND;ND;ND;ND;ND;ND;ND;ND;ND;ND;ND;ND;ND;ND;ND;ND;ND,"""1024,1024""",FLOAT16,ND,N/A,0.0,0,0.0,0.0,0.0,0.0,0.0,0.0,0.0,0.0,0.0,0.0,0.0,46.098,3042435,0.017,0.0,4.602,0.1,31.83,0.69,10.26,0.223,0.0,0.000
0,4294967295,216,47,aclnnMul_MulAiCore_Mul,Mul,dynamic,AI_VECTOR_CORE,1785697686601874.132	,328.606,0.039000,40,0,NO,"""4096,4096;4096,4096""",FLOAT;FLOAT,ND;ND,"""4096,4096""",FLOAT,ND,N/A,0.0,0,0.0,0.0,0.0,0.0,0.0,0.0,0.0,0.0,0.0,0.0,0.0,326.827,21570593,6.784,0.021,3.026,0.009,325.304,0.995,110.406,0.338,0.0,0.000
0,4294967295,217,47,Concat,Concat,dynamic,AI_VECTOR_CORE,1785697686602202.758	,57.302,0.000000,40,0,NO,"""1024,16;1024,16;1024,16;1024,16;1024,16;1024,16;1024,16;1024,16;1024,16;1024,16;1024,16;1024,16;1024,16;1024,16;1024,16;1024,16;1024,16;1024,16;1024,16;1024,16;1024,16;1024,16;1024,16;1024,16;1024,16;1024,16;1024,16;1024,16;1024,16;1024,16;1024,16;1024,16;1024,16;1024,16;1024,16;1024,16;1024,16;1024,16;1024,16;1024,16;1024,16;1024,16;1024,16;1024,16;1024,16;1024,16;1024,16;1024,16;1024,16;1024,16;1024,16;1024,16;1024,16;1024,16;1024,16;1024,16;1024,16;1024,16;1024,16;1024,16;1024,16;1024,16;1024,16;1024,16""",FLOAT16;FLOAT16;FLOAT16;FLOAT16;FLOAT16;FLOAT16;FLOAT16;FLOAT16;FLOAT16;FLOAT16;FLOAT16;FLOAT16;FLOAT16;FLOAT16;FLOAT16;FLOAT16;FLOAT16;FLOAT16;FLOAT16;FLOAT16;FLOAT16;FLOAT16;FLOAT16;FLOAT16;FLOAT16;FLOAT16;FLOAT16;FLOAT16;FLOAT16;FLOAT16;FLOAT16;FLOAT16;FLOAT16;FLOAT16;FLOAT16;FLOAT16;FLOAT16;FLOAT16;FLOAT16;FLOAT16;FLOAT16;FLOAT16;FLOAT16;FLOAT16;FLOAT16;FLOAT16;FLOAT16;FLOAT16;FLOAT16;FLOAT16;FLOAT16;FLOAT16;FLOAT16;FLOAT16;FLOAT16;FLOAT16;FLOAT16;FLOAT16;FLOAT16;FLOAT16;FLOAT16;FLOAT16;FLOAT16;FLOAT16,ND;ND;ND;ND;ND;ND;ND;ND;ND;ND;ND;ND;ND;ND;ND;ND;ND;ND;ND;ND;ND;ND;ND;ND;ND;ND;ND;ND;ND;ND;ND;ND;ND;ND;ND;ND;ND;ND;ND;ND;ND;ND;ND;ND;ND;ND;ND;ND;ND;ND;ND;ND;ND;ND;ND;ND;ND;ND;ND;ND;ND;ND;ND;ND,"""1024,1024""",FLOAT16,ND,N/A,0.0,0,0.0,0.0,0.0,0.0,0.0,0.0,0.0,0.0,0.0,0.0,0.0,45.573,3007822,0.017,0.0,4.014,0.088,31.835,0.699,10.19,0.224,0.0,0.000
0,4294967295,218,47,aclnnMul_MulAiCore_Mul,Mul,dynamic,AI_VECTOR_CORE,1785697686602260.100	,329.006,0.000000,40,0,NO,"""4096,4096;4096,4096""",FLOAT;FLOAT,ND;ND,"""4096,4096""",FLOAT,ND,N/A,0.0,0,0.0,0.0,0.0,0.0,0.0,0.0,0.0,0.0,0.0,0.0,0.0,327.322,21603265,6.784,0.021,2.956,0.009,325.854,0.996,110.41,0.337,0.0,0.000
0,4294967295,219,47,Concat,Concat,dynamic,AI_VECTOR_CORE,1785697686602589.126	,53.581,0.244000,40,0,NO,"""1024,16;1024,16;1024,16;1024,16;1024,16;1024,16;1024,16;1024,16;1024,16;1024,16;1024,16;1024,16;1024,16;1024,16;1024,16;1024,16;1024,16;1024,16;1024,16;1024,16;1024,16;1024,16;1024,16;1024,16;1024,16;1024,16;1024,16;1024,16;1024,16;1024,16;1024,16;1024,16;1024,16;1024,16;1024,16;1024,16;1024,16;1024,16;1024,16;1024,16;1024,16;1024,16;1024,16;1024,16;1024,16;1024,16;1024,16;1024,16;1024,16;1024,16;1024,16;1024,16;1024,16;1024,16;1024,16;1024,16;1024,16;1024,16;1024,16;1024,16;1024,16;1024,16;1024,16;1024,16""",FLOAT16;FLOAT16;FLOAT16;FLOAT16;FLOAT16;FLOAT16;FLOAT16;FLOAT16;FLOAT16;FLOAT16;FLOAT16;FLOAT16;FLOAT16;FLOAT16;FLOAT16;FLOAT16;FLOAT16;FLOAT16;FLOAT16;FLOAT16;FLOAT16;FLOAT16;FLOAT16;FLOAT16;FLOAT16;FLOAT16;FLOAT16;FLOAT16;FLOAT16;FLOAT16;FLOAT16;FLOAT16;FLOAT16;FLOAT16;FLOAT16;FLOAT16;FLOAT16;FLOAT16;FLOAT16;FLOAT16;FLOAT16;FLOAT16;FLOAT16;FLOAT16;FLOAT16;FLOAT16;FLOAT16;FLOAT16;FLOAT16;FLOAT16;FLOAT16;FLOAT16;FLOAT16;FLOAT16;FLOAT16;FLOAT16;FLOAT16;FLOAT16;FLOAT16;FLOAT16;FLOAT16;FLOAT16;FLOAT16;FLOAT16,ND;ND;ND;ND;ND;ND;ND;ND;ND;ND;ND;ND;ND;ND;ND;ND;ND;ND;ND;ND;ND;ND;ND;ND;ND;ND;ND;ND;ND;ND;ND;ND;ND;ND;ND;ND;ND;ND;ND;ND;ND;ND;ND;ND;ND;ND;ND;ND;ND;ND;ND;ND;ND;ND;ND;ND;ND;ND;ND;ND;ND;ND;ND;ND,"""1024,1024""",FLOAT16,ND,N/A,0.0,0,0.0,0.0,0.0,0.0,0.0,0.0,0.0,0.0,0.0,0.0,0.0,43.623,2879125,0.017,0.0,3.726,0.085,30.262,0.694,10.109,0.232,0.0,0.000
0,4294967295,220,47,aclnnMul_MulAiCore_Mul,Mul,dynamic,AI_VECTOR_CORE,1785697686602642.727	,328.427,0.000000,40,0,NO,"""4096,4096;4096,4096""",FLOAT;FLOAT,ND;ND,"""4096,4096""",FLOAT,ND,N/A,0.0,0,0.0,0.0,0.0,0.0,0.0,0.0,0.0,0.0,0.0,0.0,0.0,326.432,21544489,6.784,0.021,3.058,0.009,324.839,0.995,110.087,0.337,0.0,0.000
0,4294967295,221,47,Concat,Concat,dynamic,AI_VECTOR_CORE,1785697686602971.174	,54.861,0.073000,40,0,NO,"""1024,16;1024,16;1024,16;1024,16;1024,16;1024,16;1024,16;1024,16;1024,16;1024,16;1024,16;1024,16;1024,16;1024,16;1024,16;1024,16;1024,16;1024,16;1024,16;1024,16;1024,16;1024,16;1024,16;1024,16;1024,16;1024,16;1024,16;1024,16;1024,16;1024,16;1024,16;1024,16;1024,16;1024,16;1024,16;1024,16;1024,16;1024,16;1024,16;1024,16;1024,16;1024,16;1024,16;1024,16;1024,16;1024,16;1024,16;1024,16;1024,16;1024,16;1024,16;1024,16;1024,16;1024,16;1024,16;1024,16;1024,16;1024,16;1024,16;1024,16;1024,16;1024,16;1024,16;1024,16""",FLOAT16;FLOAT16;FLOAT16;FLOAT16;FLOAT16;FLOAT16;FLOAT16;FLOAT16;FLOAT16;FLOAT16;FLOAT16;FLOAT16;FLOAT16;FLOAT16;FLOAT16;FLOAT16;FLOAT16;FLOAT16;FLOAT16;FLOAT16;FLOAT16;FLOAT16;FLOAT16;FLOAT16;FLOAT16;FLOAT16;FLOAT16;FLOAT16;FLOAT16;FLOAT16;FLOAT16;FLOAT16;FLOAT16;FLOAT16;FLOAT16;FLOAT16;FLOAT16;FLOAT16;FLOAT16;FLOAT16;FLOAT16;FLOAT16;FLOAT16;FLOAT16;FLOAT16;FLOAT16;FLOAT16;FLOAT16;FLOAT16;FLOAT16;FLOAT16;FLOAT16;FLOAT16;FLOAT16;FLOAT16;FLOAT16;FLOAT16;FLOAT16;FLOAT16;FLOAT16;FLOAT16;FLOAT16;FLOAT16;FLOAT16,ND;ND;ND;ND;ND;ND;ND;ND;ND;ND;ND;ND;ND;ND;ND;ND;ND;ND;ND;ND;ND;ND;ND;ND;ND;ND;ND;ND;ND;ND;ND;ND;ND;ND;ND;ND;ND;ND;ND;ND;ND;ND;ND;ND;ND;ND;ND;ND;ND;ND;ND;ND;ND;ND;ND;ND;ND;ND;ND;ND;ND;ND;ND;ND,"""1024,1024""",FLOAT16,ND,N/A,0.0,0,0.0,0.0,0.0,0.0,0.0,0.0,0.0,0.0,0.0,0.0,0.0,44.212,2917968,0.017,0.0,3.855,0.087,30.49,0.69,10.338,0.234,0.0,0.000
0,4294967295,222,47,aclnnMul_MulAiCore_Mul,Mul,dynamic,AI_VECTOR_CORE,1785697686603026.055	,330.067,0.000000,40,0,NO,"""4096,4096;4096,4096""",FLOAT;FLOAT,ND;ND,"""4096,4096""",FLOAT,ND,N/A,0.0,0,0.0,0.0,0.0,0.0,0.0,0.0,0.0,0.0,0.0,0.0,0.0,327.947,21644491,6.784,0.021,2.933,0.009,326.509,0.996,110.22,0.336,0.0,0.000
0,4294967295,223,47,Concat,Concat,dynamic,AI_VECTOR_CORE,1785697686603356.162	,56.361,0.183000,40,0,NO,"""1024,16;1024,16;1024,16;1024,16;1024,16;1024,16;1024,16;1024,16;1024,16;1024,16;1024,16;1024,16;1024,16;1024,16;1024,16;1024,16;1024,16;1024,16;1024,16;1024,16;1024,16;1024,16;1024,16;1024,16;1024,16;1024,16;1024,16;1024,16;1024,16;1024,16;1024,16;1024,16;1024,16;1024,16;1024,16;1024,16;1024,16;1024,16;1024,16;1024,16;1024,16;1024,16;1024,16;1024,16;1024,16;1024,16;1024,16;1024,16;1024,16;1024,16;1024,16;1024,16;1024,16;1024,16;1024,16;1024,16;1024,16;1024,16;1024,16;1024,16;1024,16;1024,16;1024,16;1024,16""",FLOAT16;FLOAT16;FLOAT16;FLOAT16;FLOAT16;FLOAT16;FLOAT16;FLOAT16;FLOAT16;FLOAT16;FLOAT16;FLOAT16;FLOAT16;FLOAT16;FLOAT16;FLOAT16;FLOAT16;FLOAT16;FLOAT16;FLOAT16;FLOAT16;FLOAT16;FLOAT16;FLOAT16;FLOAT16;FLOAT16;FLOAT16;FLOAT16;FLOAT16;FLOAT16;FLOAT16;FLOAT16;FLOAT16;FLOAT16;FLOAT16;FLOAT16;FLOAT16;FLOAT16;FLOAT16;FLOAT16;FLOAT16;FLOAT16;FLOAT16;FLOAT16;FLOAT16;FLOAT16;FLOAT16;FLOAT16;FLOAT16;FLOAT16;FLOAT16;FLOAT16;FLOAT16;FLOAT16;FLOAT16;FLOAT16;FLOAT16;FLOAT16;FLOAT16;FLOAT16;FLOAT16;FLOAT16;FLOAT16;FLOAT16,ND;ND;ND;ND;ND;ND;ND;ND;ND;ND;ND;ND;ND;ND;ND;ND;ND;ND;ND;ND;ND;ND;ND;ND;ND;ND;ND;ND;ND;ND;ND;ND;ND;ND;ND;ND;ND;ND;ND;ND;ND;ND;ND;ND;ND;ND;ND;ND;ND;ND;ND;ND;ND;ND;ND;ND;ND;ND;ND;ND;ND;ND;ND;ND,"""1024,1024""",FLOAT16,ND,N/A,0.0,0,0.0,0.0,0.0,0.0,0.0,0.0,0.0,0.0,0.0,0.0,0.0,44.099,2910533,0.017,0.0,5.355,0.121,29.381,0.666,9.793,0.222,0.0,0.000
0,4294967295,224,47,aclnnMul_MulAiCore_Mul,Mul,dynamic,AI_VECTOR_CORE,1785697686603412.543	,329.026,0.000000,40,0,NO,"""4096,4096;4096,4096""",FLOAT;FLOAT,ND;ND,"""4096,4096""",FLOAT,ND,N/A,0.0,0,0.0,0.0,0.0,0.0,0.0,0.0,0.0,0.0,0.0,0.0,0.0,326.969,21579927,6.784,0.021,3.121,0.01,325.353,0.995,110.187,0.337,0.0,0.000
0,4294967295,225,47,Concat,Concat,dynamic,AI_VECTOR_CORE,1785697686603741.589	,54.921,0.000000,40,0,NO,"""1024,16;1024,16;1024,16;1024,16;1024,16;1024,16;1024,16;1024,16;1024,16;1024,16;1024,16;1024,16;1024,16;1024,16;1024,16;1024,16;1024,16;1024,16;1024,16;1024,16;1024,16;1024,16;1024,16;1024,16;1024,16;1024,16;1024,16;1024,16;1024,16;1024,16;1024,16;1024,16;1024,16;1024,16;1024,16;1024,16;1024,16;1024,16;1024,16;1024,16;1024,16;1024,16;1024,16;1024,16;1024,16;1024,16;1024,16;1024,16;1024,16;1024,16;1024,16;1024,16;1024,16;1024,16;1024,16;1024,16;1024,16;1024,16;1024,16;1024,16;1024,16;1024,16;1024,16;1024,16""",FLOAT16;FLOAT16;FLOAT16;FLOAT16;FLOAT16;FLOAT16;FLOAT16;FLOAT16;FLOAT16;FLOAT16;FLOAT16;FLOAT16;FLOAT16;FLOAT16;FLOAT16;FLOAT16;FLOAT16;FLOAT16;FLOAT16;FLOAT16;FLOAT16;FLOAT16;FLOAT16;FLOAT16;FLOAT16;FLOAT16;FLOAT16;FLOAT16;FLOAT16;FLOAT16;FLOAT16;FLOAT16;FLOAT16;FLOAT16;FLOAT16;FLOAT16;FLOAT16;FLOAT16;FLOAT16;FLOAT16;FLOAT16;FLOAT16;FLOAT16;FLOAT16;FLOAT16;FLOAT16;FLOAT16;FLOAT16;FLOAT16;FLOAT16;FLOAT16;FLOAT16;FLOAT16;FLOAT16;FLOAT16;FLOAT16;FLOAT16;FLOAT16;FLOAT16;FLOAT16;FLOAT16;FLOAT16;FLOAT16;FLOAT16,ND;ND;ND;ND;ND;ND;ND;ND;ND;ND;ND;ND;ND;ND;ND;ND;ND;ND;ND;ND;ND;ND;ND;ND;ND;ND;ND;ND;ND;ND;ND;ND;ND;ND;ND;ND;ND;ND;ND;ND;ND;ND;ND;ND;ND;ND;ND;ND;ND;ND;ND;ND;ND;ND;ND;ND;ND;ND;ND;ND;ND;ND;ND;ND,"""1024,1024""",FLOAT16,ND,N/A,0.0,0,0.0,0.0,0.0,0.0,0.0,0.0,0.0,0.0,0.0,0.0,0.0,44.911,2964115,0.017,0.0,3.709,0.083,31.388,0.699,10.213,0.227,0.0,0.000
0,4294967295,226,47,aclnnMul_MulAiCore_Mul,Mul,dynamic,AI_VECTOR_CORE,1785697686603796.530	,330.387,0.079000,40,0,NO,"""4096,4096;4096,4096""",FLOAT;FLOAT,ND;ND,"""4096,4096""",FLOAT,ND,N/A,0.0,0,0.0,0.0,0.0,0.0,0.0,0.0,0.0,0.0,0.0,0.0,0.0,328.127,21656375,6.784,0.021,3.43,0.01,326.181,0.994,109.866,0.335,0.0,0.000
0,4294967295,227,47,Concat,Concat,dynamic,AI_VECTOR_CORE,1785697686604126.937	,55.001,0.113000,40,0,NO,"""1024,16;1024,16;1024,16;1024,16;1024,16;1024,16;1024,16;1024,16;1024,16;1024,16;1024,16;1024,16;1024,16;1024,16;1024,16;1024,16;1024,16;1024,16;1024,16;1024,16;1024,16;1024,16;1024,16;1024,16;1024,16;1024,16;1024,16;1024,16;1024,16;1024,16;1024,16;1024,16;1024,16;1024,16;1024,16;1024,16;1024,16;1024,16;1024,16;1024,16;1024,16;1024,16;1024,16;1024,16;1024,16;1024,16;1024,16;1024,16;1024,16;1024,16;1024,16;1024,16;1024,16;1024,16;1024,16;1024,16;1024,16;1024,16;1024,16;1024,16;1024,16;1024,16;1024,16;1024,16""",FLOAT16;FLOAT16;FLOAT16;FLOAT16;FLOAT16;FLOAT16;FLOAT16;FLOAT16;FLOAT16;FLOAT16;FLOAT16;FLOAT16;FLOAT16;FLOAT16;FLOAT16;FLOAT16;FLOAT16;FLOAT16;FLOAT16;FLOAT16;FLOAT16;FLOAT16;FLOAT16;FLOAT16;FLOAT16;FLOAT16;FLOAT16;FLOAT16;FLOAT16;FLOAT16;FLOAT16;FLOAT16;FLOAT16;FLOAT16;FLOAT16;FLOAT16;FLOAT16;FLOAT16;FLOAT16;FLOAT16;FLOAT16;FLOAT16;FLOAT16;FLOAT16;FLOAT16;FLOAT16;FLOAT16;FLOAT16;FLOAT16;FLOAT16;FLOAT16;FLOAT16;FLOAT16;FLOAT16;FLOAT16;FLOAT16;FLOAT16;FLOAT16;FLOAT16;FLOAT16;FLOAT16;FLOAT16;FLOAT16;FLOAT16,ND;ND;ND;ND;ND;ND;ND;ND;ND;ND;ND;ND;ND;ND;ND;ND;ND;ND;ND;ND;ND;ND;ND;ND;ND;ND;ND;ND;ND;ND;ND;ND;ND;ND;ND;ND;ND;ND;ND;ND;ND;ND;ND;ND;ND;ND;ND;ND;ND;ND;ND;ND;ND;ND;ND;ND;ND;ND;ND;ND;ND;ND;ND;ND,"""1024,1024""",FLOAT16,ND,N/A,0.0,0,0.0,0.0,0.0,0.0,0.0,0.0,0.0,0.0,0.0,0.0,0.0,44.779,2955392,0.017,0.0,4.089,0.091,30.985,0.692,10.301,0.23,0.0,0.000
0,4294967295,228,47,aclnnMul_MulAiCore_Mul,Mul,dynamic,AI_VECTOR_CORE,1785697686604181.958	,329.567,0.000000,40,0,NO,"""4096,4096;4096,4096""",FLOAT;FLOAT,ND;ND,"""4096,4096""",FLOAT,ND,N/A,0.0,0,0.0,0.0,0.0,0.0,0.0,0.0,0.0,0.0,0.0,0.0,0.0,326.977,21580451,6.784,0.021,3.099,0.009,325.351,0.995,109.249,0.334,0.0,0.000
0,4294967295,229,47,Concat,Concat,dynamic,AI_VECTOR_CORE,1785697686604511.545	,56.301,0.000000,40,0,NO,"""1024,16;1024,16;1024,16;1024,16;1024,16;1024,16;1024,16;1024,16;1024,16;1024,16;1024,16;1024,16;1024,16;1024,16;1024,16;1024,16;1024,16;1024,16;1024,16;1024,16;1024,16;1024,16;1024,16;1024,16;1024,16;1024,16;1024,16;1024,16;1024,16;1024,16;1024,16;1024,16;1024,16;1024,16;1024,16;1024,16;1024,16;1024,16;1024,16;1024,16;1024,16;1024,16;1024,16;1024,16;1024,16;1024,16;1024,16;1024,16;1024,16;1024,16;1024,16;1024,16;1024,16;1024,16;1024,16;1024,16;1024,16;1024,16;1024,16;1024,16;1024,16;1024,16;1024,16;1024,16""",FLOAT16;FLOAT16;FLOAT16;FLOAT16;FLOAT16;FLOAT16;FLOAT16;FLOAT16;FLOAT16;FLOAT16;FLOAT16;FLOAT16;FLOAT16;FLOAT16;FLOAT16;FLOAT16;FLOAT16;FLOAT16;FLOAT16;FLOAT16;FLOAT16;FLOAT16;FLOAT16;FLOAT16;FLOAT16;FLOAT16;FLOAT16;FLOAT16;FLOAT16;FLOAT16;FLOAT16;FLOAT16;FLOAT16;FLOAT16;FLOAT16;FLOAT16;FLOAT16;FLOAT16;FLOAT16;FLOAT16;FLOAT16;FLOAT16;FLOAT16;FLOAT16;FLOAT16;FLOAT16;FLOAT16;FLOAT16;FLOAT16;FLOAT16;FLOAT16;FLOAT16;FLOAT16;FLOAT16;FLOAT16;FLOAT16;FLOAT16;FLOAT16;FLOAT16;FLOAT16;FLOAT16;FLOAT16;FLOAT16;FLOAT16,ND;ND;ND;ND;ND;ND;ND;ND;ND;ND;ND;ND;ND;ND;ND;ND;ND;ND;ND;ND;ND;ND;ND;ND;ND;ND;ND;ND;ND;ND;ND;ND;ND;ND;ND;ND;ND;ND;ND;ND;ND;ND;ND;ND;ND;ND;ND;ND;ND;ND;ND;ND;ND;ND;ND;ND;ND;ND;ND;ND;ND;ND;ND;ND,"""1024,1024""",FLOAT16,ND,N/A,0.0,0,0.0,0.0,0.0,0.0,0.0,0.0,0.0,0.0,0.0,0.0,0.0,44.803,2956967,0.017,0.0,3.601,0.08,31.05,0.693,10.468,0.234,0.0,0.000
0,4294967295,230,47,aclnnMul_MulAiCore_Mul,Mul,dynamic,AI_VECTOR_CORE,1785697686604567.866	,329.486,0.000000,40,0,NO,"""4096,4096;4096,4096""",FLOAT;FLOAT,ND;ND,"""4096,4096""",FLOAT,ND,N/A,0.0,0,0.0,0.0,0.0,0.0,0.0,0.0,0.0,0.0,0.0,0.0,0.0,326.966,21579785,6.784,0.021,2.981,0.009,325.465,0.995,110.078,0.337,0.0,0.000
0,4294967295,231,47,Concat,Concat,dynamic,AI_VECTOR_CORE,1785697686604897.392	,56.961,0.264000,40,0,NO,"""1024,16;1024,16;1024,16;1024,16;1024,16;1024,16;1024,16;1024,16;1024,16;1024,16;1024,16;1024,16;1024,16;1024,16;1024,16;1024,16;1024,16;1024,16;1024,16;1024,16;1024,16;1024,16;1024,16;1024,16;1024,16;1024,16;1024,16;1024,16;1024,16;1024,16;1024,16;1024,16;1024,16;1024,16;1024,16;1024,16;1024,16;1024,16;1024,16;1024,16;1024,16;1024,16;1024,16;1024,16;1024,16;1024,16;1024,16;1024,16;1024,16;1024,16;1024,16;1024,16;1024,16;1024,16;1024,16;1024,16;1024,16;1024,16;1024,16;1024,16;1024,16;1024,16;1024,16;1024,16""",FLOAT16;FLOAT16;FLOAT16;FLOAT16;FLOAT16;FLOAT16;FLOAT16;FLOAT16;FLOAT16;FLOAT16;FLOAT16;FLOAT16;FLOAT16;FLOAT16;FLOAT16;FLOAT16;FLOAT16;FLOAT16;FLOAT16;FLOAT16;FLOAT16;FLOAT16;FLOAT16;FLOAT16;FLOAT16;FLOAT16;FLOAT16;FLOAT16;FLOAT16;FLOAT16;FLOAT16;FLOAT16;FLOAT16;FLOAT16;FLOAT16;FLOAT16;FLOAT16;FLOAT16;FLOAT16;FLOAT16;FLOAT16;FLOAT16;FLOAT16;FLOAT16;FLOAT16;FLOAT16;FLOAT16;FLOAT16;FLOAT16;FLOAT16;FLOAT16;FLOAT16;FLOAT16;FLOAT16;FLOAT16;FLOAT16;FLOAT16;FLOAT16;FLOAT16;FLOAT16;FLOAT16;FLOAT16;FLOAT16;FLOAT16,ND;ND;ND;ND;ND;ND;ND;ND;ND;ND;ND;ND;ND;ND;ND;ND;ND;ND;ND;ND;ND;ND;ND;ND;ND;ND;ND;ND;ND;ND;ND;ND;ND;ND;ND;ND;ND;ND;ND;ND;ND;ND;ND;ND;ND;ND;ND;ND;ND;ND;ND;ND;ND;ND;ND;ND;ND;ND;ND;ND;ND;ND;ND;ND,"""1024,1024""",FLOAT16,ND,N/A,0.0,0,0.0,0.0,0.0,0.0,0.0,0.0,0.0,0.0,0.0,0.0,0.0,46.123,3044099,0.017,0.0,5.33,0.116,31.292,0.678,10.148,0.22,0.0,0.000
0,4294967295,232,47,aclnnMul_MulAiCore_Mul,Mul,dynamic,AI_VECTOR_CORE,1785697686604954.393	,329.167,0.039000,40,0,NO,"""4096,4096;4096,4096""",FLOAT;FLOAT,ND;ND,"""4096,4096""",FLOAT,ND,N/A,0.0,0,0.0,0.0,0.0,0.0,0.0,0.0,0.0,0.0,0.0,0.0,0.0,326.433,21544564,6.784,0.021,3.102,0.01,324.822,0.995,110.033,0.337,0.0,0.000
0,4294967295,233,47,Concat,Concat,dynamic,AI_VECTOR_CORE,1785697686605283.580	,56.941,0.000000,40,0,NO,"""1024,16;1024,16;1024,16;1024,16;1024,16;1024,16;1024,16;1024,16;1024,16;1024,16;1024,16;1024,16;1024,16;1024,16;1024,16;1024,16;1024,16;1024,16;1024,16;1024,16;1024,16;1024,16;1024,16;1024,16;1024,16;1024,16;1024,16;1024,16;1024,16;1024,16;1024,16;1024,16;1024,16;1024,16;1024,16;1024,16;1024,16;1024,16;1024,16;1024,16;1024,16;1024,16;1024,16;1024,16;1024,16;1024,16;1024,16;1024,16;1024,16;1024,16;1024,16;1024,16;1024,16;1024,16;1024,16;1024,16;1024,16;1024,16;1024,16;1024,16;1024,16;1024,16;1024,16;1024,16""",FLOAT16;FLOAT16;FLOAT16;FLOAT16;FLOAT16;FLOAT16;FLOAT16;FLOAT16;FLOAT16;FLOAT16;FLOAT16;FLOAT16;FLOAT16;FLOAT16;FLOAT16;FLOAT16;FLOAT16;FLOAT16;FLOAT16;FLOAT16;FLOAT16;FLOAT16;FLOAT16;FLOAT16;FLOAT16;FLOAT16;FLOAT16;FLOAT16;FLOAT16;FLOAT16;FLOAT16;FLOAT16;FLOAT16;FLOAT16;FLOAT16;FLOAT16;FLOAT16;FLOAT16;FLOAT16;FLOAT16;FLOAT16;FLOAT16;FLOAT16;FLOAT16;FLOAT16;FLOAT16;FLOAT16;FLOAT16;FLOAT16;FLOAT16;FLOAT16;FLOAT16;FLOAT16;FLOAT16;FLOAT16;FLOAT16;FLOAT16;FLOAT16;FLOAT16;FLOAT16;FLOAT16;FLOAT16;FLOAT16;FLOAT16,ND;ND;ND;ND;ND;ND;ND;ND;ND;ND;ND;ND;ND;ND;ND;ND;ND;ND;ND;ND;ND;ND;ND;ND;ND;ND;ND;ND;ND;ND;ND;ND;ND;ND;ND;ND;ND;ND;ND;ND;ND;ND;ND;ND;ND;ND;ND;ND;ND;ND;ND;ND;ND;ND;ND;ND;ND;ND;ND;ND;ND;ND;ND;ND,"""1024,1024""",FLOAT16,ND,N/A,0.0,0,0.0,0.0,0.0,0.0,0.0,0.0,0.0,0.0,0.0,0.0,0.0,45.687,3015346,0.017,0.0,4.688,0.103,31.515,0.69,10.16,0.222,0.0,0.000
0,4294967295,234,47,aclnnMul_MulAiCore_Mul,Mul,dynamic,AI_VECTOR_CORE,1785697686605340.561	,330.527,0.059000,40,0,NO,"""4096,4096;4096,4096""",FLOAT;FLOAT,ND;ND,"""4096,4096""",FLOAT,ND,N/A,0.0,0,0.0,0.0,0.0,0.0,0.0,0.0,0.0,0.0,0.0,0.0,0.0,328.302,21667962,6.784,0.021,2.989,0.009,326.785,0.995,110.955,0.338,0.0,0.000
0,4294967295,235,47,Concat,Concat,dynamic,AI_VECTOR_CORE,1785697686605671.128	,54.201,0.223000,40,0,NO,"""1024,16;1024,16;1024,16;1024,16;1024,16;1024,16;1024,16;1024,16;1024,16;1024,16;1024,16;1024,16;1024,16;1024,16;1024,16;1024,16;1024,16;1024,16;1024,16;1024,16;1024,16;1024,16;1024,16;1024,16;1024,16;1024,16;1024,16;1024,16;1024,16;1024,16;1024,16;1024,16;1024,16;1024,16;1024,16;1024,16;1024,16;1024,16;1024,16;1024,16;1024,16;1024,16;1024,16;1024,16;1024,16;1024,16;1024,16;1024,16;1024,16;1024,16;1024,16;1024,16;1024,16;1024,16;1024,16;1024,16;1024,16;1024,16;1024,16;1024,16;1024,16;1024,16;1024,16;1024,16""",FLOAT16;FLOAT16;FLOAT16;FLOAT16;FLOAT16;FLOAT16;FLOAT16;FLOAT16;FLOAT16;FLOAT16;FLOAT16;FLOAT16;FLOAT16;FLOAT16;FLOAT16;FLOAT16;FLOAT16;FLOAT16;FLOAT16;FLOAT16;FLOAT16;FLOAT16;FLOAT16;FLOAT16;FLOAT16;FLOAT16;FLOAT16;FLOAT16;FLOAT16;FLOAT16;FLOAT16;FLOAT16;FLOAT16;FLOAT16;FLOAT16;FLOAT16;FLOAT16;FLOAT16;FLOAT16;FLOAT16;FLOAT16;FLOAT16;FLOAT16;FLOAT16;FLOAT16;FLOAT16;FLOAT16;FLOAT16;FLOAT16;FLOAT16;FLOAT16;FLOAT16;FLOAT16;FLOAT16;FLOAT16;FLOAT16;FLOAT16;FLOAT16;FLOAT16;FLOAT16;FLOAT16;FLOAT16;FLOAT16;FLOAT16,ND;ND;ND;ND;ND;ND;ND;ND;ND;ND;ND;ND;ND;ND;ND;ND;ND;ND;ND;ND;ND;ND;ND;ND;ND;ND;ND;ND;ND;ND;ND;ND;ND;ND;ND;ND;ND;ND;ND;ND;ND;ND;ND;ND;ND;ND;ND;ND;ND;ND;ND;ND;ND;ND;ND;ND;ND;ND;ND;ND;ND;ND;ND;ND,"""1024,1024""",FLOAT16,ND,N/A,0.0,0,0.0,0.0,0.0,0.0,0.0,0.0,0.0,0.0,0.0,0.0,0.0,43.145,2847582,0.017,0.0,3.715,0.086,29.806,0.691,10.054,0.233,0.0,0.000
0,4294967295,236,47,aclnnMul_MulAiCore_Mul,Mul,dynamic,AI_VECTOR_CORE,1785697686605725.349	,328.626,0.000000,40,0,NO,"""4096,4096;4096,4096""",FLOAT;FLOAT,ND;ND,"""4096,4096""",FLOAT,ND,N/A,0.0,0,0.0,0.0,0.0,0.0,0.0,0.0,0.0,0.0,0.0,0.0,0.0,326.128,21524433,6.784,0.021,3.004,0.009,324.588,0.995,109.549,0.336,0.0,0.000
0,4294967295,237,47,Concat,Concat,dynamic,AI_VECTOR_CORE,1785697686606053.995	,53.761,0.124000,40,0,NO,"""1024,16;1024,16;1024,16;1024,16;1024,16;1024,16;1024,16;1024,16;1024,16;1024,16;1024,16;1024,16;1024,16;1024,16;1024,16;1024,16;1024,16;1024,16;1024,16;1024,16;1024,16;1024,16;1024,16;1024,16;1024,16;1024,16;1024,16;1024,16;1024,16;1024,16;1024,16;1024,16;1024,16;1024,16;1024,16;1024,16;1024,16;1024,16;1024,16;1024,16;1024,16;1024,16;1024,16;1024,16;1024,16;1024,16;1024,16;1024,16;1024,16;1024,16;1024,16;1024,16;1024,16;1024,16;1024,16;1024,16;1024,16;1024,16;1024,16;1024,16;1024,16;1024,16;1024,16;1024,16""",FLOAT16;FLOAT16;FLOAT16;FLOAT16;FLOAT16;FLOAT16;FLOAT16;FLOAT16;FLOAT16;FLOAT16;FLOAT16;FLOAT16;FLOAT16;FLOAT16;FLOAT16;FLOAT16;FLOAT16;FLOAT16;FLOAT16;FLOAT16;FLOAT16;FLOAT16;FLOAT16;FLOAT16;FLOAT16;FLOAT16;FLOAT16;FLOAT16;FLOAT16;FLOAT16;FLOAT16;FLOAT16;FLOAT16;FLOAT16;FLOAT16;FLOAT16;FLOAT16;FLOAT16;FLOAT16;FLOAT16;FLOAT16;FLOAT16;FLOAT16;FLOAT16;FLOAT16;FLOAT16;FLOAT16;FLOAT16;FLOAT16;FLOAT16;FLOAT16;FLOAT16;FLOAT16;FLOAT16;FLOAT16;FLOAT16;FLOAT16;FLOAT16;FLOAT16;FLOAT16;FLOAT16;FLOAT16;FLOAT16;FLOAT16,ND;ND;ND;ND;ND;ND;ND;ND;ND;ND;ND;ND;ND;ND;ND;ND;ND;ND;ND;ND;ND;ND;ND;ND;ND;ND;ND;ND;ND;ND;ND;ND;ND;ND;ND;ND;ND;ND;ND;ND;ND;ND;ND;ND;ND;ND;ND;ND;ND;ND;ND;ND;ND;ND;ND;ND;ND;ND;ND;ND;ND;ND;ND;ND,"""1024,1024""",FLOAT16,ND,N/A,0.0,0,0.0,0.0,0.0,0.0,0.0,0.0,0.0,0.0,0.0,0.0,0.0,43.803,2891014,0.017,0.0,3.724,0.085,30.091,0.687,10.425,0.238,0.0,0.000
0,4294967295,238,47,aclnnMul_MulAiCore_Mul,Mul,dynamic,AI_VECTOR_CORE,1785697686606107.796	,329.527,0.000000,40,0,NO,"""4096,4096;4096,4096""",FLOAT;FLOAT,ND;ND,"""4096,4096""",FLOAT,ND,N/A,0.0,0,0.0,0.0,0.0,0.0,0.0,0.0,0.0,0.0,0.0,0.0,0.0,327.24,21597844,6.784,0.021,2.909,0.009,325.822,0.996,109.189,0.334,0.0,0.000
0,4294967295,239,47,Concat,Concat,dynamic,AI_VECTOR_CORE,1785697686606437.363	,55.621,0.000000,40,0,NO,"""1024,16;1024,16;1024,16;1024,16;1024,16;1024,16;1024,16;1024,16;1024,16;1024,16;1024,16;1024,16;1024,16;1024,16;1024,16;1024,16;1024,16;1024,16;1024,16;1024,16;1024,16;1024,16;1024,16;1024,16;1024,16;1024,16;1024,16;1024,16;1024,16;1024,16;1024,16;1024,16;1024,16;1024,16;1024,16;1024,16;1024,16;1024,16;1024,16;1024,16;1024,16;1024,16;1024,16;1024,16;1024,16;1024,16;1024,16;1024,16;1024,16;1024,16;1024,16;1024,16;1024,16;1024,16;1024,16;1024,16;1024,16;1024,16;1024,16;1024,16;1024,16;1024,16;1024,16;1024,16""",FLOAT16;FLOAT16;FLOAT16;FLOAT16;FLOAT16;FLOAT16;FLOAT16;FLOAT16;FLOAT16;FLOAT16;FLOAT16;FLOAT16;FLOAT16;FLOAT16;FLOAT16;FLOAT16;FLOAT16;FLOAT16;FLOAT16;FLOAT16;FLOAT16;FLOAT16;FLOAT16;FLOAT16;FLOAT16;FLOAT16;FLOAT16;FLOAT16;FLOAT16;FLOAT16;FLOAT16;FLOAT16;FLOAT16;FLOAT16;FLOAT16;FLOAT16;FLOAT16;FLOAT16;FLOAT16;FLOAT16;FLOAT16;FLOAT16;FLOAT16;FLOAT16;FLOAT16;FLOAT16;FLOAT16;FLOAT16;FLOAT16;FLOAT16;FLOAT16;FLOAT16;FLOAT16;FLOAT16;FLOAT16;FLOAT16;FLOAT16;FLOAT16;FLOAT16;FLOAT16;FLOAT16;FLOAT16;FLOAT16;FLOAT16,ND;ND;ND;ND;ND;ND;ND;ND;ND;ND;ND;ND;ND;ND;ND;ND;ND;ND;ND;ND;ND;ND;ND;ND;ND;ND;ND;ND;ND;ND;ND;ND;ND;ND;ND;ND;ND;ND;ND;ND;ND;ND;ND;ND;ND;ND;ND;ND;ND;ND;ND;ND;ND;ND;ND;ND;ND;ND;ND;ND;ND;ND;ND;ND,"""1024,1024""",FLOAT16,ND,N/A,0.0,0,0.0,0.0,0.0,0.0,0.0,0.0,0.0,0.0,0.0,0.0,0.0,45.939,3031952,0.017,0.0,3.796,0.083,31.628,0.688,10.804,0.235,0.0,0.000
0,4294967295,240,47,aclnnMul_MulAiCore_Mul,Mul,dynamic,AI_VECTOR_CORE,1785697686606493.004	,328.907,0.129000,40,0,NO,"""4096,4096;4096,4096""",FLOAT;FLOAT,ND;ND,"""4096,4096""",FLOAT,ND,N/A,0.0,0,0.0,0.0,0.0,0.0,0.0,0.0,0.0,0.0,0.0,0.0,0.0,326.55,21552320,6.784,0.021,3.017,0.009,325.018,0.995,109.416,0.335,0.0,0.000
0,4294967295,241,47,Concat,Concat,dynamic,AI_VECTOR_CORE,1785697686606821.931	,55.661,0.093000,40,0,NO,"""1024,16;1024,16;1024,16;1024,16;1024,16;1024,16;1024,16;1024,16;1024,16;1024,16;1024,16;1024,16;1024,16;1024,16;1024,16;1024,16;1024,16;1024,16;1024,16;1024,16;1024,16;1024,16;1024,16;1024,16;1024,16;1024,16;1024,16;1024,16;1024,16;1024,16;1024,16;1024,16;1024,16;1024,16;1024,16;1024,16;1024,16;1024,16;1024,16;1024,16;1024,16;1024,16;1024,16;1024,16;1024,16;1024,16;1024,16;1024,16;1024,16;1024,16;1024,16;1024,16;1024,16;1024,16;1024,16;1024,16;1024,16;1024,16;1024,16;1024,16;1024,16;1024,16;1024,16;1024,16""",FLOAT16;FLOAT16;FLOAT16;FLOAT16;FLOAT16;FLOAT16;FLOAT16;FLOAT16;FLOAT16;FLOAT16;FLOAT16;FLOAT16;FLOAT16;FLOAT16;FLOAT16;FLOAT16;FLOAT16;FLOAT16;FLOAT16;FLOAT16;FLOAT16;FLOAT16;FLOAT16;FLOAT16;FLOAT16;FLOAT16;FLOAT16;FLOAT16;FLOAT16;FLOAT16;FLOAT16;FLOAT16;FLOAT16;FLOAT16;FLOAT16;FLOAT16;FLOAT16;FLOAT16;FLOAT16;FLOAT16;FLOAT16;FLOAT16;FLOAT16;FLOAT16;FLOAT16;FLOAT16;FLOAT16;FLOAT16;FLOAT16;FLOAT16;FLOAT16;FLOAT16;FLOAT16;FLOAT16;FLOAT16;FLOAT16;FLOAT16;FLOAT16;FLOAT16;FLOAT16;FLOAT16;FLOAT16;FLOAT16;FLOAT16,ND;ND;ND;ND;ND;ND;ND;ND;ND;ND;ND;ND;ND;ND;ND;ND;ND;ND;ND;ND;ND;ND;ND;ND;ND;ND;ND;ND;ND;ND;ND;ND;ND;ND;ND;ND;ND;ND;ND;ND;ND;ND;ND;ND;ND;ND;ND;ND;ND;ND;ND;ND;ND;ND;ND;ND;ND;ND;ND;ND;ND;ND;ND;ND,"""1024,1024""",FLOAT16,ND,N/A,0.0,0,0.0,0.0,0.0,0.0,0.0,0.0,0.0,0.0,0.0,0.0,0.0,44.913,2964237,0.017,0.0,4.134,0.092,31.248,0.696,10.225,0.228,0.0,0.000
0,4294967295,242,47,aclnnMul_MulAiCore_Mul,Mul,dynamic,AI_VECTOR_CORE,1785697686606877.612	,330.826,0.000000,40,0,NO,"""4096,4096;4096,4096""",FLOAT;FLOAT,ND;ND,"""4096,4096""",FLOAT,ND,N/A,0.0,0,0.0,0.0,0.0,0.0,0.0,0.0,0.0,0.0,0.0,0.0,0.0,328.873,21705594,6.784,0.021,3.128,0.01,327.199,0.995,110.85,0.337,0.0,0.000
0,4294967295,243,47,Concat,Concat,dynamic,AI_VECTOR_CORE,1785697686607208.458	,56.122,0.174000,40,0,NO,"""1024,16;1024,16;1024,16;1024,16;1024,16;1024,16;1024,16;1024,16;1024,16;1024,16;1024,16;1024,16;1024,16;1024,16;1024,16;1024,16;1024,16;1024,16;1024,16;1024,16;1024,16;1024,16;1024,16;1024,16;1024,16;1024,16;1024,16;1024,16;1024,16;1024,16;1024,16;1024,16;1024,16;1024,16;1024,16;1024,16;1024,16;1024,16;1024,16;1024,16;1024,16;1024,16;1024,16;1024,16;1024,16;1024,16;1024,16;1024,16;1024,16;1024,16;1024,16;1024,16;1024,16;1024,16;1024,16;1024,16;1024,16;1024,16;1024,16;1024,16;1024,16;1024,16;1024,16;1024,16""",FLOAT16;FLOAT16;FLOAT16;FLOAT16;FLOAT16;FLOAT16;FLOAT16;FLOAT16;FLOAT16;FLOAT16;FLOAT16;FLOAT16;FLOAT16;FLOAT16;FLOAT16;FLOAT16;FLOAT16;FLOAT16;FLOAT16;FLOAT16;FLOAT16;FLOAT16;FLOAT16;FLOAT16;FLOAT16;FLOAT16;FLOAT16;FLOAT16;FLOAT16;FLOAT16;FLOAT16;FLOAT16;FLOAT16;FLOAT16;FLOAT16;FLOAT16;FLOAT16;FLOAT16;FLOAT16;FLOAT16;FLOAT16;FLOAT16;FLOAT16;FLOAT16;FLOAT16;FLOAT16;FLOAT16;FLOAT16;FLOAT16;FLOAT16;FLOAT16;FLOAT16;FLOAT16;FLOAT16;FLOAT16;FLOAT16;FLOAT16;FLOAT16;FLOAT16;FLOAT16;FLOAT16;FLOAT16;FLOAT16;FLOAT16,ND;ND;ND;ND;ND;ND;ND;ND;ND;ND;ND;ND;ND;ND;ND;ND;ND;ND;ND;ND;ND;ND;ND;ND;ND;ND;ND;ND;ND;ND;ND;ND;ND;ND;ND;ND;ND;ND;ND;ND;ND;ND;ND;ND;ND;ND;ND;ND;ND;ND;ND;ND;ND;ND;ND;ND;ND;ND;ND;ND;ND;ND;ND;ND,"""1024,1024""",FLOAT16,ND,N/A,0.0,0,0.0,0.0,0.0,0.0,0.0,0.0,0.0,0.0,0.0,0.0,0.0,44.236,2919562,0.017,0.0,4.351,0.098,30.217,0.683,9.991,0.226,0.0,0.000
0,4294967295,244,47,aclnnMul_MulAiCore_Mul,Mul,dynamic,AI_VECTOR_CORE,1785697686607264.620	,329.566,0.000000,40,0,NO,"""4096,4096;4096,4096""",FLOAT;FLOAT,ND;ND,"""4096,4096""",FLOAT,ND,N/A,0.0,0,0.0,0.0,0.0,0.0,0.0,0.0,0.0,0.0,0.0,0.0,0.0,327.201,21595294,6.784,0.021,2.989,0.009,325.692,0.995,111.18,0.34,0.0,0.000
0,4294967295,245,47,Concat,Concat,dynamic,AI_VECTOR_CORE,1785697686607594.226	,55.561,0.184000,40,0,NO,"""1024,16;1024,16;1024,16;1024,16;1024,16;1024,16;1024,16;1024,16;1024,16;1024,16;1024,16;1024,16;1024,16;1024,16;1024,16;1024,16;1024,16;1024,16;1024,16;1024,16;1024,16;1024,16;1024,16;1024,16;1024,16;1024,16;1024,16;1024,16;1024,16;1024,16;1024,16;1024,16;1024,16;1024,16;1024,16;1024,16;1024,16;1024,16;1024,16;1024,16;1024,16;1024,16;1024,16;1024,16;1024,16;1024,16;1024,16;1024,16;1024,16;1024,16;1024,16;1024,16;1024,16;1024,16;1024,16;1024,16;1024,16;1024,16;1024,16;1024,16;1024,16;1024,16;1024,16;1024,16""",FLOAT16;FLOAT16;FLOAT16;FLOAT16;FLOAT16;FLOAT16;FLOAT16;FLOAT16;FLOAT16;FLOAT16;FLOAT16;FLOAT16;FLOAT16;FLOAT16;FLOAT16;FLOAT16;FLOAT16;FLOAT16;FLOAT16;FLOAT16;FLOAT16;FLOAT16;FLOAT16;FLOAT16;FLOAT16;FLOAT16;FLOAT16;FLOAT16;FLOAT16;FLOAT16;FLOAT16;FLOAT16;FLOAT16;FLOAT16;FLOAT16;FLOAT16;FLOAT16;FLOAT16;FLOAT16;FLOAT16;FLOAT16;FLOAT16;FLOAT16;FLOAT16;FLOAT16;FLOAT16;FLOAT16;FLOAT16;FLOAT16;FLOAT16;FLOAT16;FLOAT16;FLOAT16;FLOAT16;FLOAT16;FLOAT16;FLOAT16;FLOAT16;FLOAT16;FLOAT16;FLOAT16;FLOAT16;FLOAT16;FLOAT16,ND;ND;ND;ND;ND;ND;ND;ND;ND;ND;ND;ND;ND;ND;ND;ND;ND;ND;ND;ND;ND;ND;ND;ND;ND;ND;ND;ND;ND;ND;ND;ND;ND;ND;ND;ND;ND;ND;ND;ND;ND;ND;ND;ND;ND;ND;ND;ND;ND;ND;ND;ND;ND;ND;ND;ND;ND;ND;ND;ND;ND;ND;ND;ND,"""1024,1024""",FLOAT16,ND,N/A,0.0,0,0.0,0.0,0.0,0.0,0.0,0.0,0.0,0.0,0.0,0.0,0.0,45.047,2973080,0.017,0.0,4.041,0.09,31.044,0.689,10.535,0.234,0.0,0.000
0,4294967295,246,47,aclnnMul_MulAiCore_Mul,Mul,dynamic,AI_VECTOR_CORE,1785697686607649.807	,329.767,0.000000,40,0,NO,"""4096,4096;4096,4096""",FLOAT;FLOAT,ND;ND,"""4096,4096""",FLOAT,ND,N/A,0.0,0,0.0,0.0,0.0,0.0,0.0,0.0,0.0,0.0,0.0,0.0,0.0,327.025,21583658,6.784,0.021,3.142,0.01,325.336,0.995,110.427,0.338,0.0,0.000
0,4294967295,247,47,Concat,Concat,dynamic,AI_VECTOR_CORE,1785697686607979.614	,56.481,0.000000,40,0,NO,"""1024,16;1024,16;1024,16;1024,16;1024,16;1024,16;1024,16;1024,16;1024,16;1024,16;1024,16;1024,16;1024,16;1024,16;1024,16;1024,16;1024,16;1024,16;1024,16;1024,16;1024,16;1024,16;1024,16;1024,16;1024,16;1024,16;1024,16;1024,16;1024,16;1024,16;1024,16;1024,16;1024,16;1024,16;1024,16;1024,16;1024,16;1024,16;1024,16;1024,16;1024,16;1024,16;1024,16;1024,16;1024,16;1024,16;1024,16;1024,16;1024,16;1024,16;1024,16;1024,16;1024,16;1024,16;1024,16;1024,16;1024,16;1024,16;1024,16;1024,16;1024,16;1024,16;1024,16;1024,16""",FLOAT16;FLOAT16;FLOAT16;FLOAT16;FLOAT16;FLOAT16;FLOAT16;FLOAT16;FLOAT16;FLOAT16;FLOAT16;FLOAT16;FLOAT16;FLOAT16;FLOAT16;FLOAT16;FLOAT16;FLOAT16;FLOAT16;FLOAT16;FLOAT16;FLOAT16;FLOAT16;FLOAT16;FLOAT16;FLOAT16;FLOAT16;FLOAT16;FLOAT16;FLOAT16;FLOAT16;FLOAT16;FLOAT16;FLOAT16;FLOAT16;FLOAT16;FLOAT16;FLOAT16;FLOAT16;FLOAT16;FLOAT16;FLOAT16;FLOAT16;FLOAT16;FLOAT16;FLOAT16;FLOAT16;FLOAT16;FLOAT16;FLOAT16;FLOAT16;FLOAT16;FLOAT16;FLOAT16;FLOAT16;FLOAT16;FLOAT16;FLOAT16;FLOAT16;FLOAT16;FLOAT16;FLOAT16;FLOAT16;FLOAT16,ND;ND;ND;ND;ND;ND;ND;ND;ND;ND;ND;ND;ND;ND;ND;ND;ND;ND;ND;ND;ND;ND;ND;ND;ND;ND;ND;ND;ND;ND;ND;ND;ND;ND;ND;ND;ND;ND;ND;ND;ND;ND;ND;ND;ND;ND;ND;ND;ND;ND;ND;ND;ND;ND;ND;ND;ND;ND;ND;ND;ND;ND;ND;ND,"""1024,1024""",FLOAT16,ND,N/A,0.0,0,0.0,0.0,0.0,0.0,0.0,0.0,0.0,0.0,0.0,0.0,0.0,45.98,3034664,0.017,0.0,4.517,0.098,32.014,0.696,10.102,0.22,0.0,0.000
0,4294967295,248,47,aclnnMul_MulAiCore_Mul,Mul,dynamic,AI_VECTOR_CORE,1785697686608036.115	,328.407,0.019000,40,0,NO,"""4096,4096;4096,4096""",FLOAT;FLOAT,ND;ND,"""4096,4096""",FLOAT,ND,N/A,0.0,0,0.0,0.0,0.0,0.0,0.0,0.0,0.0,0.0,0.0,0.0,0.0,326.522,21550458,6.784,0.021,2.953,0.009,325.043,0.995,109.926,0.337,0.0,0.000
0,4294967295,249,47,Concat,Concat,dynamic,AI_VECTOR_CORE,1785697686608364.562	,56.381,0.093000,40,0,NO,"""1024,16;1024,16;1024,16;1024,16;1024,16;1024,16;1024,16;1024,16;1024,16;1024,16;1024,16;1024,16;1024,16;1024,16;1024,16;1024,16;1024,16;1024,16;1024,16;1024,16;1024,16;1024,16;1024,16;1024,16;1024,16;1024,16;1024,16;1024,16;1024,16;1024,16;1024,16;1024,16;1024,16;1024,16;1024,16;1024,16;1024,16;1024,16;1024,16;1024,16;1024,16;1024,16;1024,16;1024,16;1024,16;1024,16;1024,16;1024,16;1024,16;1024,16;1024,16;1024,16;1024,16;1024,16;1024,16;1024,16;1024,16;1024,16;1024,16;1024,16;1024,16;1024,16;1024,16;1024,16""",FLOAT16;FLOAT16;FLOAT16;FLOAT16;FLOAT16;FLOAT16;FLOAT16;FLOAT16;FLOAT16;FLOAT16;FLOAT16;FLOAT16;FLOAT16;FLOAT16;FLOAT16;FLOAT16;FLOAT16;FLOAT16;FLOAT16;FLOAT16;FLOAT16;FLOAT16;FLOAT16;FLOAT16;FLOAT16;FLOAT16;FLOAT16;FLOAT16;FLOAT16;FLOAT16;FLOAT16;FLOAT16;FLOAT16;FLOAT16;FLOAT16;FLOAT16;FLOAT16;FLOAT16;FLOAT16;FLOAT16;FLOAT16;FLOAT16;FLOAT16;FLOAT16;FLOAT16;FLOAT16;FLOAT16;FLOAT16;FLOAT16;FLOAT16;FLOAT16;FLOAT16;FLOAT16;FLOAT16;FLOAT16;FLOAT16;FLOAT16;FLOAT16;FLOAT16;FLOAT16;FLOAT16;FLOAT16;FLOAT16;FLOAT16,ND;ND;ND;ND;ND;ND;ND;ND;ND;ND;ND;ND;ND;ND;ND;ND;ND;ND;ND;ND;ND;ND;ND;ND;ND;ND;ND;ND;ND;ND;ND;ND;ND;ND;ND;ND;ND;ND;ND;ND;ND;ND;ND;ND;ND;ND;ND;ND;ND;ND;ND;ND;ND;ND;ND;ND;ND;ND;ND;ND;ND;ND;ND;ND,"""1024,1024""",FLOAT16,ND,N/A,0.0,0,0.0,0.0,0.0,0.0,0.0,0.0,0.0,0.0,0.0,0.0,0.0,45.788,3022017,0.017,0.0,4.324,0.094,31.542,0.689,10.443,0.228,0.0,0.000
0,4294967295,250,47,aclnnMul_MulAiCore_Mul,Mul,dynamic,AI_VECTOR_CORE,1785697686608420.963	,329.966,0.119000,40,0,NO,"""4096,4096;4096,4096""",FLOAT;FLOAT,ND;ND,"""4096,4096""",FLOAT,ND,N/A,0.0,0,0.0,0.0,0.0,0.0,0.0,0.0,0.0,0.0,0.0,0.0,0.0,327.217,21596294,6.784,0.021,3.067,0.009,325.633,0.995,108.848,0.333,0.0,0.000
0,4294967295,251,47,Concat,Concat,dynamic,AI_VECTOR_CORE,1785697686608750.949	,54.901,0.034000,40,0,NO,"""1024,16;1024,16;1024,16;1024,16;1024,16;1024,16;1024,16;1024,16;1024,16;1024,16;1024,16;1024,16;1024,16;1024,16;1024,16;1024,16;1024,16;1024,16;1024,16;1024,16;1024,16;1024,16;1024,16;1024,16;1024,16;1024,16;1024,16;1024,16;1024,16;1024,16;1024,16;1024,16;1024,16;1024,16;1024,16;1024,16;1024,16;1024,16;1024,16;1024,16;1024,16;1024,16;1024,16;1024,16;1024,16;1024,16;1024,16;1024,16;1024,16;1024,16;1024,16;1024,16;1024,16;1024,16;1024,16;1024,16;1024,16;1024,16;1024,16;1024,16;1024,16;1024,16;1024,16;1024,16""",FLOAT16;FLOAT16;FLOAT16;FLOAT16;FLOAT16;FLOAT16;FLOAT16;FLOAT16;FLOAT16;FLOAT16;FLOAT16;FLOAT16;FLOAT16;FLOAT16;FLOAT16;FLOAT16;FLOAT16;FLOAT16;FLOAT16;FLOAT16;FLOAT16;FLOAT16;FLOAT16;FLOAT16;FLOAT16;FLOAT16;FLOAT16;FLOAT16;FLOAT16;FLOAT16;FLOAT16;FLOAT16;FLOAT16;FLOAT16;FLOAT16;FLOAT16;FLOAT16;FLOAT16;FLOAT16;FLOAT16;FLOAT16;FLOAT16;FLOAT16;FLOAT16;FLOAT16;FLOAT16;FLOAT16;FLOAT16;FLOAT16;FLOAT16;FLOAT16;FLOAT16;FLOAT16;FLOAT16;FLOAT16;FLOAT16;FLOAT16;FLOAT16;FLOAT16;FLOAT16;FLOAT16;FLOAT16;FLOAT16;FLOAT16,ND;ND;ND;ND;ND;ND;ND;ND;ND;ND;ND;ND;ND;ND;ND;ND;ND;ND;ND;ND;ND;ND;ND;ND;ND;ND;ND;ND;ND;ND;ND;ND;ND;ND;ND;ND;ND;ND;ND;ND;ND;ND;ND;ND;ND;ND;ND;ND;ND;ND;ND;ND;ND;ND;ND;ND;ND;ND;ND;ND;ND;ND;ND;ND,"""1024,1024""",FLOAT16,ND,N/A,0.0,0,0.0,0.0,0.0,0.0,0.0,0.0,0.0,0.0,0.0,0.0,0.0,43.986,2903057,0.017,0.0,4.064,0.092,30.249,0.688,10.215,0.232,0.0,0.000
0,4294967295,252,47,aclnnMul_MulAiCore_Mul,Mul,dynamic,AI_VECTOR_CORE,1785697686608805.870	,328.827,0.000000,40,0,NO,"""4096,4096;4096,4096""",FLOAT;FLOAT,ND;ND,"""4096,4096""",FLOAT,ND,N/A,0.0,0,0.0,0.0,0.0,0.0,0.0,0.0,0.0,0.0,0.0,0.0,0.0,326.412,21543159,6.784,0.021,2.925,0.009,324.969,0.996,109.169,0.334,0.0,0.000
0,4294967295,253,47,Concat,Concat,dynamic,AI_VECTOR_CORE,1785697686609134.737	,54.741,0.173000,40,0,NO,"""1024,16;1024,16;1024,16;1024,16;1024,16;1024,16;1024,16;1024,16;1024,16;1024,16;1024,16;1024,16;1024,16;1024,16;1024,16;1024,16;1024,16;1024,16;1024,16;1024,16;1024,16;1024,16;1024,16;1024,16;1024,16;1024,16;1024,16;1024,16;1024,16;1024,16;1024,16;1024,16;1024,16;1024,16;1024,16;1024,16;1024,16;1024,16;1024,16;1024,16;1024,16;1024,16;1024,16;1024,16;1024,16;1024,16;1024,16;1024,16;1024,16;1024,16;1024,16;1024,16;1024,16;1024,16;1024,16;1024,16;1024,16;1024,16;1024,16;1024,16;1024,16;1024,16;1024,16;1024,16""",FLOAT16;FLOAT16;FLOAT16;FLOAT16;FLOAT16;FLOAT16;FLOAT16;FLOAT16;FLOAT16;FLOAT16;FLOAT16;FLOAT16;FLOAT16;FLOAT16;FLOAT16;FLOAT16;FLOAT16;FLOAT16;FLOAT16;FLOAT16;FLOAT16;FLOAT16;FLOAT16;FLOAT16;FLOAT16;FLOAT16;FLOAT16;FLOAT16;FLOAT16;FLOAT16;FLOAT16;FLOAT16;FLOAT16;FLOAT16;FLOAT16;FLOAT16;FLOAT16;FLOAT16;FLOAT16;FLOAT16;FLOAT16;FLOAT16;FLOAT16;FLOAT16;FLOAT16;FLOAT16;FLOAT16;FLOAT16;FLOAT16;FLOAT16;FLOAT16;FLOAT16;FLOAT16;FLOAT16;FLOAT16;FLOAT16;FLOAT16;FLOAT16;FLOAT16;FLOAT16;FLOAT16;FLOAT16;FLOAT16;FLOAT16,ND;ND;ND;ND;ND;ND;ND;ND;ND;ND;ND;ND;ND;ND;ND;ND;ND;ND;ND;ND;ND;ND;ND;ND;ND;ND;ND;ND;ND;ND;ND;ND;ND;ND;ND;ND;ND;ND;ND;ND;ND;ND;ND;ND;ND;ND;ND;ND;ND;ND;ND;ND;ND;ND;ND;ND;ND;ND;ND;ND;ND;ND;ND;ND,"""1024,1024""",FLOAT16,ND,N/A,0.0,0,0.0,0.0,0.0,0.0,0.0,0.0,0.0,0.0,0.0,0.0,0.0,44.423,2931897,0.017,0.0,3.438,0.077,31.026,0.698,10.262,0.231,0.0,0.000
0,4294967295,254,47,aclnnMul_MulAiCore_Mul,Mul,dynamic,AI_VECTOR_CORE,1785697686609189.498	,330.487,0.009000,40,0,NO,"""4096,4096;4096,4096""",FLOAT;FLOAT,ND;ND,"""4096,4096""",FLOAT,ND,N/A,0.0,0,0.0,0.0,0.0,0.0,0.0,0.0,0.0,0.0,0.0,0.0,0.0,327.786,21633895,6.784,0.021,3.021,0.009,326.232,0.995,111.255,0.339,0.0,0.000
0,4294967295,255,47,Concat,Concat,dynamic,AI_VECTOR_CORE,1785697686609520.005	,56.801,0.013000,40,0,NO,"""1024,16;1024,16;1024,16;1024,16;1024,16;1024,16;1024,16;1024,16;1024,16;1024,16;1024,16;1024,16;1024,16;1024,16;1024,16;1024,16;1024,16;1024,16;1024,16;1024,16;1024,16;1024,16;1024,16;1024,16;1024,16;1024,16;1024,16;1024,16;1024,16;1024,16;1024,16;1024,16;1024,16;1024,16;1024,16;1024,16;1024,16;1024,16;1024,16;1024,16;1024,16;1024,16;1024,16;1024,16;1024,16;1024,16;1024,16;1024,16;1024,16;1024,16;1024,16;1024,16;1024,16;1024,16;1024,16;1024,16;1024,16;1024,16;1024,16;1024,16;1024,16;1024,16;1024,16;1024,16""",FLOAT16;FLOAT16;FLOAT16;FLOAT16;FLOAT16;FLOAT16;FLOAT16;FLOAT16;FLOAT16;FLOAT16;FLOAT16;FLOAT16;FLOAT16;FLOAT16;FLOAT16;FLOAT16;FLOAT16;FLOAT16;FLOAT16;FLOAT16;FLOAT16;FLOAT16;FLOAT16;FLOAT16;FLOAT16;FLOAT16;FLOAT16;FLOAT16;FLOAT16;FLOAT16;FLOAT16;FLOAT16;FLOAT16;FLOAT16;FLOAT16;FLOAT16;FLOAT16;FLOAT16;FLOAT16;FLOAT16;FLOAT16;FLOAT16;FLOAT16;FLOAT16;FLOAT16;FLOAT16;FLOAT16;FLOAT16;FLOAT16;FLOAT16;FLOAT16;FLOAT16;FLOAT16;FLOAT16;FLOAT16;FLOAT16;FLOAT16;FLOAT16;FLOAT16;FLOAT16;FLOAT16;FLOAT16;FLOAT16;FLOAT16,ND;ND;ND;ND;ND;ND;ND;ND;ND;ND;ND;ND;ND;ND;ND;ND;ND;ND;ND;ND;ND;ND;ND;ND;ND;ND;ND;ND;ND;ND;ND;ND;ND;ND;ND;ND;ND;ND;ND;ND;ND;ND;ND;ND;ND;ND;ND;ND;ND;ND;ND;ND;ND;ND;ND;ND;ND;ND;ND;ND;ND;ND;ND;ND,"""1024,1024""",FLOAT16,ND,N/A,0.0,0,0.0,0.0,0.0,0.0,0.0,0.0,0.0,0.0,0.0,0.0,0.0,44.48,2935696,0.017,0.0,5.329,0.12,29.937,0.673,9.637,0.217,0.0,0.000
0,4294967295,256,47,aclnnMul_MulAiCore_Mul,Mul,dynamic,AI_VECTOR_CORE,1785697686609576.826	,329.046,0.000000,40,0,NO,"""4096,4096;4096,4096""",FLOAT;FLOAT,ND;ND,"""4096,4096""",FLOAT,ND,N/A,0.0,0,0.0,0.0,0.0,0.0,0.0,0.0,0.0,0.0,0.0,0.0,0.0,326.925,21577026,6.784,0.021,2.953,0.009,325.454,0.996,110.863,0.339,0.0,0.000
0,4294967295,257,47,Concat,Concat,dynamic,AI_VECTOR_CORE,1785697686609905.892	,56.402,0.204000,40,0,NO,"""1024,16;1024,16;1024,16;1024,16;1024,16;1024,16;1024,16;1024,16;1024,16;1024,16;1024,16;1024,16;1024,16;1024,16;1024,16;1024,16;1024,16;1024,16;1024,16;1024,16;1024,16;1024,16;1024,16;1024,16;1024,16;1024,16;1024,16;1024,16;1024,16;1024,16;1024,16;1024,16;1024,16;1024,16;1024,16;1024,16;1024,16;1024,16;1024,16;1024,16;1024,16;1024,16;1024,16;1024,16;1024,16;1024,16;1024,16;1024,16;1024,16;1024,16;1024,16;1024,16;1024,16;1024,16;1024,16;1024,16;1024,16;1024,16;1024,16;1024,16;1024,16;1024,16;1024,16;1024,16""",FLOAT16;FLOAT16;FLOAT16;FLOAT16;FLOAT16;FLOAT16;FLOAT16;FLOAT16;FLOAT16;FLOAT16;FLOAT16;FLOAT16;FLOAT16;FLOAT16;FLOAT16;FLOAT16;FLOAT16;FLOAT16;FLOAT16;FLOAT16;FLOAT16;FLOAT16;FLOAT16;FLOAT16;FLOAT16;FLOAT16;FLOAT16;FLOAT16;FLOAT16;FLOAT16;FLOAT16;FLOAT16;FLOAT16;FLOAT16;FLOAT16;FLOAT16;FLOAT16;FLOAT16;FLOAT16;FLOAT16;FLOAT16;FLOAT16;FLOAT16;FLOAT16;FLOAT16;FLOAT16;FLOAT16;FLOAT16;FLOAT16;FLOAT16;FLOAT16;FLOAT16;FLOAT16;FLOAT16;FLOAT16;FLOAT16;FLOAT16;FLOAT16;FLOAT16;FLOAT16;FLOAT16;FLOAT16;FLOAT16;FLOAT16,ND;ND;ND;ND;ND;ND;ND;ND;ND;ND;ND;ND;ND;ND;ND;ND;ND;ND;ND;ND;ND;ND;ND;ND;ND;ND;ND;ND;ND;ND;ND;ND;ND;ND;ND;ND;ND;ND;ND;ND;ND;ND;ND;ND;ND;ND;ND;ND;ND;ND;ND;ND;ND;ND;ND;ND;ND;ND;ND;ND;ND;ND;ND;ND,"""1024,1024""",FLOAT16,ND,N/A,0.0,0,0.0,0.0,0.0,0.0,0.0,0.0,0.0,0.0,0.0,0.0,0.0,45.666,3013927,0.017,0.0,4.237,0.093,30.755,0.673,11.013,0.241,0.0,0.000
0,4294967295,258,47,aclnnMul_MulAiCore_Mul,Mul,dynamic,AI_VECTOR_CORE,1785697686609962.314	,329.746,0.000000,40,0,NO,"""4096,4096;4096,4096""",FLOAT;FLOAT,ND;ND,"""4096,4096""",FLOAT,ND,N/A,0.0,0,0.0,0.0,0.0,0.0,0.0,0.0,0.0,0.0,0.0,0.0,0.0,327.82,21636139,6.784,0.021,3.025,0.009,326.3,0.995,109.869,0.335,0.0,0.000
0,4294967295,259,47,Concat,Concat,dynamic,AI_VECTOR_CORE,1785697686610292.080	,55.181,0.004000,40,0,NO,"""1024,16;1024,16;1024,16;1024,16;1024,16;1024,16;1024,16;1024,16;1024,16;1024,16;1024,16;1024,16;1024,16;1024,16;1024,16;1024,16;1024,16;1024,16;1024,16;1024,16;1024,16;1024,16;1024,16;1024,16;1024,16;1024,16;1024,16;1024,16;1024,16;1024,16;1024,16;1024,16;1024,16;1024,16;1024,16;1024,16;1024,16;1024,16;1024,16;1024,16;1024,16;1024,16;1024,16;1024,16;1024,16;1024,16;1024,16;1024,16;1024,16;1024,16;1024,16;1024,16;1024,16;1024,16;1024,16;1024,16;1024,16;1024,16;1024,16;1024,16;1024,16;1024,16;1024,16;1024,16""",FLOAT16;FLOAT16;FLOAT16;FLOAT16;FLOAT16;FLOAT16;FLOAT16;FLOAT16;FLOAT16;FLOAT16;FLOAT16;FLOAT16;FLOAT16;FLOAT16;FLOAT16;FLOAT16;FLOAT16;FLOAT16;FLOAT16;FLOAT16;FLOAT16;FLOAT16;FLOAT16;FLOAT16;FLOAT16;FLOAT16;FLOAT16;FLOAT16;FLOAT16;FLOAT16;FLOAT16;FLOAT16;FLOAT16;FLOAT16;FLOAT16;FLOAT16;FLOAT16;FLOAT16;FLOAT16;FLOAT16;FLOAT16;FLOAT16;FLOAT16;FLOAT16;FLOAT16;FLOAT16;FLOAT16;FLOAT16;FLOAT16;FLOAT16;FLOAT16;FLOAT16;FLOAT16;FLOAT16;FLOAT16;FLOAT16;FLOAT16;FLOAT16;FLOAT16;FLOAT16;FLOAT16;FLOAT16;FLOAT16;FLOAT16,ND;ND;ND;ND;ND;ND;ND;ND;ND;ND;ND;ND;ND;ND;ND;ND;ND;ND;ND;ND;ND;ND;ND;ND;ND;ND;ND;ND;ND;ND;ND;ND;ND;ND;ND;ND;ND;ND;ND;ND;ND;ND;ND;ND;ND;ND;ND;ND;ND;ND;ND;ND;ND;ND;ND;ND;ND;ND;ND;ND;ND;ND;ND;ND,"""1024,1024""",FLOAT16,ND,N/A,0.0,0,0.0,0.0,0.0,0.0,0.0,0.0,0.0,0.0,0.0,0.0,0.0,43.879,2896034,0.017,0.0,4.415,0.101,30.194,0.688,9.679,0.221,0.0,0.000
0,4294967295,260,47,aclnnMul_MulAiCore_Mul,Mul,dynamic,AI_VECTOR_CORE,1785697686610347.301	,329.327,0.069000,40,0,NO,"""4096,4096;4096,4096""",FLOAT;FLOAT,ND;ND,"""4096,4096""",FLOAT,ND,N/A,0.0,0,0.0,0.0,0.0,0.0,0.0,0.0,0.0,0.0,0.0,0.0,0.0,327.385,21607388,6.784,0.021,2.913,0.009,325.963,0.996,109.605,0.335,0.0,0.000
0,4294967295,261,47,Concat,Concat,dynamic,AI_VECTOR_CORE,1785697686610676.648	,54.781,0.173000,40,0,NO,"""1024,16;1024,16;1024,16;1024,16;1024,16;1024,16;1024,16;1024,16;1024,16;1024,16;1024,16;1024,16;1024,16;1024,16;1024,16;1024,16;1024,16;1024,16;1024,16;1024,16;1024,16;1024,16;1024,16;1024,16;1024,16;1024,16;1024,16;1024,16;1024,16;1024,16;1024,16;1024,16;1024,16;1024,16;1024,16;1024,16;1024,16;1024,16;1024,16;1024,16;1024,16;1024,16;1024,16;1024,16;1024,16;1024,16;1024,16;1024,16;1024,16;1024,16;1024,16;1024,16;1024,16;1024,16;1024,16;1024,16;1024,16;1024,16;1024,16;1024,16;1024,16;1024,16;1024,16;1024,16""",FLOAT16;FLOAT16;FLOAT16;FLOAT16;FLOAT16;FLOAT16;FLOAT16;FLOAT16;FLOAT16;FLOAT16;FLOAT16;FLOAT16;FLOAT16;FLOAT16;FLOAT16;FLOAT16;FLOAT16;FLOAT16;FLOAT16;FLOAT16;FLOAT16;FLOAT16;FLOAT16;FLOAT16;FLOAT16;FLOAT16;FLOAT16;FLOAT16;FLOAT16;FLOAT16;FLOAT16;FLOAT16;FLOAT16;FLOAT16;FLOAT16;FLOAT16;FLOAT16;FLOAT16;FLOAT16;FLOAT16;FLOAT16;FLOAT16;FLOAT16;FLOAT16;FLOAT16;FLOAT16;FLOAT16;FLOAT16;FLOAT16;FLOAT16;FLOAT16;FLOAT16;FLOAT16;FLOAT16;FLOAT16;FLOAT16;FLOAT16;FLOAT16;FLOAT16;FLOAT16;FLOAT16;FLOAT16;FLOAT16;FLOAT16,ND;ND;ND;ND;ND;ND;ND;ND;ND;ND;ND;ND;ND;ND;ND;ND;ND;ND;ND;ND;ND;ND;ND;ND;ND;ND;ND;ND;ND;ND;ND;ND;ND;ND;ND;ND;ND;ND;ND;ND;ND;ND;ND;ND;ND;ND;ND;ND;ND;ND;ND;ND;ND;ND;ND;ND;ND;ND;ND;ND;ND;ND;ND;ND,"""1024,1024""",FLOAT16,ND,N/A,0.0,0,0.0,0.0,0.0,0.0,0.0,0.0,0.0,0.0,0.0,0.0,0.0,44.705,2950559,0.017,0.0,3.652,0.082,31.325,0.701,10.036,0.224,0.0,0.000
0,4294967295,262,47,aclnnMul_MulAiCore_Mul,Mul,dynamic,AI_VECTOR_CORE,1785697686610731.449	,330.306,0.000000,40,0,NO,"""4096,4096;4096,4096""",FLOAT;FLOAT,ND;ND,"""4096,4096""",FLOAT,ND,N/A,0.0,0,0.0,0.0,0.0,0.0,0.0,0.0,0.0,0.0,0.0,0.0,0.0,328.178,21659736,6.784,0.021,3.012,0.009,326.65,0.995,110.987,0.338,0.0,0.000
0,4294967295,263,47,Concat,Concat,dynamic,AI_VECTOR_CORE,1785697686611061.775	,56.322,0.000000,40,0,NO,"""1024,16;1024,16;1024,16;1024,16;1024,16;1024,16;1024,16;1024,16;1024,16;1024,16;1024,16;1024,16;1024,16;1024,16;1024,16;1024,16;1024,16;1024,16;1024,16;1024,16;1024,16;1024,16;1024,16;1024,16;1024,16;1024,16;1024,16;1024,16;1024,16;1024,16;1024,16;1024,16;1024,16;1024,16;1024,16;1024,16;1024,16;1024,16;1024,16;1024,16;1024,16;1024,16;1024,16;1024,16;1024,16;1024,16;1024,16;1024,16;1024,16;1024,16;1024,16;1024,16;1024,16;1024,16;1024,16;1024,16;1024,16;1024,16;1024,16;1024,16;1024,16;1024,16;1024,16;1024,16""",FLOAT16;FLOAT16;FLOAT16;FLOAT16;FLOAT16;FLOAT16;FLOAT16;FLOAT16;FLOAT16;FLOAT16;FLOAT16;FLOAT16;FLOAT16;FLOAT16;FLOAT16;FLOAT16;FLOAT16;FLOAT16;FLOAT16;FLOAT16;FLOAT16;FLOAT16;FLOAT16;FLOAT16;FLOAT16;FLOAT16;FLOAT16;FLOAT16;FLOAT16;FLOAT16;FLOAT16;FLOAT16;FLOAT16;FLOAT16;FLOAT16;FLOAT16;FLOAT16;FLOAT16;FLOAT16;FLOAT16;FLOAT16;FLOAT16;FLOAT16;FLOAT16;FLOAT16;FLOAT16;FLOAT16;FLOAT16;FLOAT16;FLOAT16;FLOAT16;FLOAT16;FLOAT16;FLOAT16;FLOAT16;FLOAT16;FLOAT16;FLOAT16;FLOAT16;FLOAT16;FLOAT16;FLOAT16;FLOAT16;FLOAT16,ND;ND;ND;ND;ND;ND;ND;ND;ND;ND;ND;ND;ND;ND;ND;ND;ND;ND;ND;ND;ND;ND;ND;ND;ND;ND;ND;ND;ND;ND;ND;ND;ND;ND;ND;ND;ND;ND;ND;ND;ND;ND;ND;ND;ND;ND;ND;ND;ND;ND;ND;ND;ND;ND;ND;ND;ND;ND;ND;ND;ND;ND;ND;ND,"""1024,1024""",FLOAT16,ND,N/A,0.0,0,0.0,0.0,0.0,0.0,0.0,0.0,0.0,0.0,0.0,0.0,0.0,45.722,3017655,0.017,0.0,4.444,0.097,31.607,0.691,10.17,0.222,0.0,0.000
0,4294967295,264,47,aclnnMul_MulAiCore_Mul,Mul,dynamic,AI_VECTOR_CORE,1785697686611118.117	,328.826,0.000000,40,0,NO,"""4096,4096;4096,4096""",FLOAT;FLOAT,ND;ND,"""4096,4096""",FLOAT,ND,N/A,0.0,0,0.0,0.0,0.0,0.0,0.0,0.0,0.0,0.0,0.0,0.0,0.0,326.745,21565198,6.784,0.021,3.06,0.009,325.161,0.995,109.524,0.335,0.0,0.000
0,4294967295,265,47,Concat,Concat,dynamic,AI_VECTOR_CORE,1785697686611446.963	,56.701,0.174000,40,0,NO,"""1024,16;1024,16;1024,16;1024,16;1024,16;1024,16;1024,16;1024,16;1024,16;1024,16;1024,16;1024,16;1024,16;1024,16;1024,16;1024,16;1024,16;1024,16;1024,16;1024,16;1024,16;1024,16;1024,16;1024,16;1024,16;1024,16;1024,16;1024,16;1024,16;1024,16;1024,16;1024,16;1024,16;1024,16;1024,16;1024,16;1024,16;1024,16;1024,16;1024,16;1024,16;1024,16;1024,16;1024,16;1024,16;1024,16;1024,16;1024,16;1024,16;1024,16;1024,16;1024,16;1024,16;1024,16;1024,16;1024,16;1024,16;1024,16;1024,16;1024,16;1024,16;1024,16;1024,16;1024,16""",FLOAT16;FLOAT16;FLOAT16;FLOAT16;FLOAT16;FLOAT16;FLOAT16;FLOAT16;FLOAT16;FLOAT16;FLOAT16;FLOAT16;FLOAT16;FLOAT16;FLOAT16;FLOAT16;FLOAT16;FLOAT16;FLOAT16;FLOAT16;FLOAT16;FLOAT16;FLOAT16;FLOAT16;FLOAT16;FLOAT16;FLOAT16;FLOAT16;FLOAT16;FLOAT16;FLOAT16;FLOAT16;FLOAT16;FLOAT16;FLOAT16;FLOAT16;FLOAT16;FLOAT16;FLOAT16;FLOAT16;FLOAT16;FLOAT16;FLOAT16;FLOAT16;FLOAT16;FLOAT16;FLOAT16;FLOAT16;FLOAT16;FLOAT16;FLOAT16;FLOAT16;FLOAT16;FLOAT16;FLOAT16;FLOAT16;FLOAT16;FLOAT16;FLOAT16;FLOAT16;FLOAT16;FLOAT16;FLOAT16;FLOAT16,ND;ND;ND;ND;ND;ND;ND;ND;ND;ND;ND;ND;ND;ND;ND;ND;ND;ND;ND;ND;ND;ND;ND;ND;ND;ND;ND;ND;ND;ND;ND;ND;ND;ND;ND;ND;ND;ND;ND;ND;ND;ND;ND;ND;ND;ND;ND;ND;ND;ND;ND;ND;ND;ND;ND;ND;ND;ND;ND;ND;ND;ND;ND;ND,"""1024,1024""",FLOAT16,ND,N/A,0.0,0,0.0,0.0,0.0,0.0,0.0,0.0,0.0,0.0,0.0,0.0,0.0,46.286,3054880,0.017,0.0,5.179,0.112,31.857,0.688,10.022,0.217,0.0,0.000
0,4294967295,266,47,aclnnMul_MulAiCore_Mul,Mul,dynamic,AI_VECTOR_CORE,1785697686611503.704	,329.027,0.049000,40,0,NO,"""4096,4096;4096,4096""",FLOAT;FLOAT,ND;ND,"""4096,4096""",FLOAT,ND,N/A,0.0,0,0.0,0.0,0.0,0.0,0.0,0.0,0.0,0.0,0.0,0.0,0.0,327.084,21587524,6.784,0.021,3.141,0.01,325.418,0.995,109.323,0.334,0.0,0.000
0,4294967295,267,47,Concat,Concat,dynamic,AI_VECTOR_CORE,1785697686611832.751	,53.681,0.000000,40,0,NO,"""1024,16;1024,16;1024,16;1024,16;1024,16;1024,16;1024,16;1024,16;1024,16;1024,16;1024,16;1024,16;1024,16;1024,16;1024,16;1024,16;1024,16;1024,16;1024,16;1024,16;1024,16;1024,16;1024,16;1024,16;1024,16;1024,16;1024,16;1024,16;1024,16;1024,16;1024,16;1024,16;1024,16;1024,16;1024,16;1024,16;1024,16;1024,16;1024,16;1024,16;1024,16;1024,16;1024,16;1024,16;1024,16;1024,16;1024,16;1024,16;1024,16;1024,16;1024,16;1024,16;1024,16;1024,16;1024,16;1024,16;1024,16;1024,16;1024,16;1024,16;1024,16;1024,16;1024,16;1024,16""",FLOAT16;FLOAT16;FLOAT16;FLOAT16;FLOAT16;FLOAT16;FLOAT16;FLOAT16;FLOAT16;FLOAT16;FLOAT16;FLOAT16;FLOAT16;FLOAT16;FLOAT16;FLOAT16;FLOAT16;FLOAT16;FLOAT16;FLOAT16;FLOAT16;FLOAT16;FLOAT16;FLOAT16;FLOAT16;FLOAT16;FLOAT16;FLOAT16;FLOAT16;FLOAT16;FLOAT16;FLOAT16;FLOAT16;FLOAT16;FLOAT16;FLOAT16;FLOAT16;FLOAT16;FLOAT16;FLOAT16;FLOAT16;FLOAT16;FLOAT16;FLOAT16;FLOAT16;FLOAT16;FLOAT16;FLOAT16;FLOAT16;FLOAT16;FLOAT16;FLOAT16;FLOAT16;FLOAT16;FLOAT16;FLOAT16;FLOAT16;FLOAT16;FLOAT16;FLOAT16;FLOAT16;FLOAT16;FLOAT16;FLOAT16,ND;ND;ND;ND;ND;ND;ND;ND;ND;ND;ND;ND;ND;ND;ND;ND;ND;ND;ND;ND;ND;ND;ND;ND;ND;ND;ND;ND;ND;ND;ND;ND;ND;ND;ND;ND;ND;ND;ND;ND;ND;ND;ND;ND;ND;ND;ND;ND;ND;ND;ND;ND;ND;ND;ND;ND;ND;ND;ND;ND;ND;ND;ND;ND,"""1024,1024""",FLOAT16,ND,N/A,0.0,0,0.0,0.0,0.0,0.0,0.0,0.0,0.0,0.0,0.0,0.0,0.0,43.601,2877660,0.017,0.0,3.701,0.085,30.09,0.69,10.199,0.234,0.0,0.000
0,4294967295,268,47,aclnnMul_MulAiCore_Mul,Mul,dynamic,AI_VECTOR_CORE,1785697686611886.452	,329.767,0.069000,40,0,NO,"""4096,4096;4096,4096""",FLOAT;FLOAT,ND;ND,"""4096,4096""",FLOAT,ND,N/A,0.0,0,0.0,0.0,0.0,0.0,0.0,0.0,0.0,0.0,0.0,0.0,0.0,327.181,21593944,6.784,0.021,3.039,0.009,325.616,0.995,110.401,0.337,0.0,0.000
0,4294967295,269,47,Concat,Concat,dynamic,AI_VECTOR_CORE,1785697686612216.239	,55.281,0.000000,40,0,NO,"""1024,16;1024,16;1024,16;1024,16;1024,16;1024,16;1024,16;1024,16;1024,16;1024,16;1024,16;1024,16;1024,16;1024,16;1024,16;1024,16;1024,16;1024,16;1024,16;1024,16;1024,16;1024,16;1024,16;1024,16;1024,16;1024,16;1024,16;1024,16;1024,16;1024,16;1024,16;1024,16;1024,16;1024,16;1024,16;1024,16;1024,16;1024,16;1024,16;1024,16;1024,16;1024,16;1024,16;1024,16;1024,16;1024,16;1024,16;1024,16;1024,16;1024,16;1024,16;1024,16;1024,16;1024,16;1024,16;1024,16;1024,16;1024,16;1024,16;1024,16;1024,16;1024,16;1024,16;1024,16""",FLOAT16;FLOAT16;FLOAT16;FLOAT16;FLOAT16;FLOAT16;FLOAT16;FLOAT16;FLOAT16;FLOAT16;FLOAT16;FLOAT16;FLOAT16;FLOAT16;FLOAT16;FLOAT16;FLOAT16;FLOAT16;FLOAT16;FLOAT16;FLOAT16;FLOAT16;FLOAT16;FLOAT16;FLOAT16;FLOAT16;FLOAT16;FLOAT16;FLOAT16;FLOAT16;FLOAT16;FLOAT16;FLOAT16;FLOAT16;FLOAT16;FLOAT16;FLOAT16;FLOAT16;FLOAT16;FLOAT16;FLOAT16;FLOAT16;FLOAT16;FLOAT16;FLOAT16;FLOAT16;FLOAT16;FLOAT16;FLOAT16;FLOAT16;FLOAT16;FLOAT16;FLOAT16;FLOAT16;FLOAT16;FLOAT16;FLOAT16;FLOAT16;FLOAT16;FLOAT16;FLOAT16;FLOAT16;FLOAT16;FLOAT16,ND;ND;ND;ND;ND;ND;ND;ND;ND;ND;ND;ND;ND;ND;ND;ND;ND;ND;ND;ND;ND;ND;ND;ND;ND;ND;ND;ND;ND;ND;ND;ND;ND;ND;ND;ND;ND;ND;ND;ND;ND;ND;ND;ND;ND;ND;ND;ND;ND;ND;ND;ND;ND;ND;ND;ND;ND;ND;ND;ND;ND;ND;ND;ND,"""1024,1024""",FLOAT16,ND,N/A,0.0,0,0.0,0.0,0.0,0.0,0.0,0.0,0.0,0.0,0.0,0.0,0.0,44.032,2906114,0.017,0.0,4.039,0.092,30.43,0.691,10.035,0.228,0.0,0.000
0,4294967295,270,47,aclnnMul_MulAiCore_Mul,Mul,dynamic,AI_VECTOR_CORE,1785697686612271.540	,329.066,0.000000,40,0,NO,"""4096,4096;4096,4096""",FLOAT;FLOAT,ND;ND,"""4096,4096""",FLOAT,ND,N/A,0.0,0,0.0,0.0,0.0,0.0,0.0,0.0,0.0,0.0,0.0,0.0,0.0,326.824,21570416,6.784,0.021,3.102,0.009,325.199,0.995,110.151,0.337,0.0,0.000
0,4294967295,271,47,Concat,Concat,dynamic,AI_VECTOR_CORE,1785697686612600.626	,55.141,0.184000,40,0,NO,"""1024,16;1024,16;1024,16;1024,16;1024,16;1024,16;1024,16;1024,16;1024,16;1024,16;1024,16;1024,16;1024,16;1024,16;1024,16;1024,16;1024,16;1024,16;1024,16;1024,16;1024,16;1024,16;1024,16;1024,16;1024,16;1024,16;1024,16;1024,16;1024,16;1024,16;1024,16;1024,16;1024,16;1024,16;1024,16;1024,16;1024,16;1024,16;1024,16;1024,16;1024,16;1024,16;1024,16;1024,16;1024,16;1024,16;1024,16;1024,16;1024,16;1024,16;1024,16;1024,16;1024,16;1024,16;1024,16;1024,16;1024,16;1024,16;1024,16;1024,16;1024,16;1024,16;1024,16;1024,16""",FLOAT16;FLOAT16;FLOAT16;FLOAT16;FLOAT16;FLOAT16;FLOAT16;FLOAT16;FLOAT16;FLOAT16;FLOAT16;FLOAT16;FLOAT16;FLOAT16;FLOAT16;FLOAT16;FLOAT16;FLOAT16;FLOAT16;FLOAT16;FLOAT16;FLOAT16;FLOAT16;FLOAT16;FLOAT16;FLOAT16;FLOAT16;FLOAT16;FLOAT16;FLOAT16;FLOAT16;FLOAT16;FLOAT16;FLOAT16;FLOAT16;FLOAT16;FLOAT16;FLOAT16;FLOAT16;FLOAT16;FLOAT16;FLOAT16;FLOAT16;FLOAT16;FLOAT16;FLOAT16;FLOAT16;FLOAT16;FLOAT16;FLOAT16;FLOAT16;FLOAT16;FLOAT16;FLOAT16;FLOAT16;FLOAT16;FLOAT16;FLOAT16;FLOAT16;FLOAT16;FLOAT16;FLOAT16;FLOAT16;FLOAT16,ND;ND;ND;ND;ND;ND;ND;ND;ND;ND;ND;ND;ND;ND;ND;ND;ND;ND;ND;ND;ND;ND;ND;ND;ND;ND;ND;ND;ND;ND;ND;ND;ND;ND;ND;ND;ND;ND;ND;ND;ND;ND;ND;ND;ND;ND;ND;ND;ND;ND;ND;ND;ND;ND;ND;ND;ND;ND;ND;ND;ND;ND;ND;ND,"""1024,1024""",FLOAT16,ND,N/A,0.0,0,0.0,0.0,0.0,0.0,0.0,0.0,0.0,0.0,0.0,0.0,0.0,44.511,2937699,0.017,0.0,3.715,0.083,31.047,0.698,10.071,0.226,0.0,0.000
0,4294967295,272,47,aclnnMul_MulAiCore_Mul,Mul,dynamic,AI_VECTOR_CORE,1785697686612655.787	,329.107,0.000000,40,0,NO,"""4096,4096;4096,4096""",FLOAT;FLOAT,ND;ND,"""4096,4096""",FLOAT,ND,N/A,0.0,0,0.0,0.0,0.0,0.0,0.0,0.0,0.0,0.0,0.0,0.0,0.0,326.468,21546901,6.784,0.021,3.28,0.01,324.663,0.994,109.269,0.335,0.0,0.000
0,4294967295,273,47,Concat,Concat,dynamic,AI_VECTOR_CORE,1785697686612984.914	,56.681,0.143000,40,0,NO,"""1024,16;1024,16;1024,16;1024,16;1024,16;1024,16;1024,16;1024,16;1024,16;1024,16;1024,16;1024,16;1024,16;1024,16;1024,16;1024,16;1024,16;1024,16;1024,16;1024,16;1024,16;1024,16;1024,16;1024,16;1024,16;1024,16;1024,16;1024,16;1024,16;1024,16;1024,16;1024,16;1024,16;1024,16;1024,16;1024,16;1024,16;1024,16;1024,16;1024,16;1024,16;1024,16;1024,16;1024,16;1024,16;1024,16;1024,16;1024,16;1024,16;1024,16;1024,16;1024,16;1024,16;1024,16;1024,16;1024,16;1024,16;1024,16;1024,16;1024,16;1024,16;1024,16;1024,16;1024,16""",FLOAT16;FLOAT16;FLOAT16;FLOAT16;FLOAT16;FLOAT16;FLOAT16;FLOAT16;FLOAT16;FLOAT16;FLOAT16;FLOAT16;FLOAT16;FLOAT16;FLOAT16;FLOAT16;FLOAT16;FLOAT16;FLOAT16;FLOAT16;FLOAT16;FLOAT16;FLOAT16;FLOAT16;FLOAT16;FLOAT16;FLOAT16;FLOAT16;FLOAT16;FLOAT16;FLOAT16;FLOAT16;FLOAT16;FLOAT16;FLOAT16;FLOAT16;FLOAT16;FLOAT16;FLOAT16;FLOAT16;FLOAT16;FLOAT16;FLOAT16;FLOAT16;FLOAT16;FLOAT16;FLOAT16;FLOAT16;FLOAT16;FLOAT16;FLOAT16;FLOAT16;FLOAT16;FLOAT16;FLOAT16;FLOAT16;FLOAT16;FLOAT16;FLOAT16;FLOAT16;FLOAT16;FLOAT16;FLOAT16;FLOAT16,ND;ND;ND;ND;ND;ND;ND;ND;ND;ND;ND;ND;ND;ND;ND;ND;ND;ND;ND;ND;ND;ND;ND;ND;ND;ND;ND;ND;ND;ND;ND;ND;ND;ND;ND;ND;ND;ND;ND;ND;ND;ND;ND;ND;ND;ND;ND;ND;ND;ND;ND;ND;ND;ND;ND;ND;ND;ND;ND;ND;ND;ND;ND;ND,"""1024,1024""",FLOAT16,ND,N/A,0.0,0,0.0,0.0,0.0,0.0,0.0,0.0,0.0,0.0,0.0,0.0,0.0,45.666,3013925,0.017,0.0,4.123,0.09,31.268,0.685,10.844,0.237,0.0,0.000
0,4294967295,274,47,aclnnMul_MulAiCore_Mul,Mul,dynamic,AI_VECTOR_CORE,1785697686613041.615	,330.367,0.000000,40,0,NO,"""4096,4096;4096,4096""",FLOAT;FLOAT,ND;ND,"""4096,4096""",FLOAT,ND,N/A,0.0,0,0.0,0.0,0.0,0.0,0.0,0.0,0.0,0.0,0.0,0.0,0.0,327.701,21628267,6.784,0.021,2.945,0.009,326.247,0.996,110.602,0.338,0.0,0.000
0,4294967295,275,47,Concat,Concat,dynamic,AI_VECTOR_CORE,1785697686613372.002	,55.721,0.133000,40,0,NO,"""1024,16;1024,16;1024,16;1024,16;1024,16;1024,16;1024,16;1024,16;1024,16;1024,16;1024,16;1024,16;1024,16;1024,16;1024,16;1024,16;1024,16;1024,16;1024,16;1024,16;1024,16;1024,16;1024,16;1024,16;1024,16;1024,16;1024,16;1024,16;1024,16;1024,16;1024,16;1024,16;1024,16;1024,16;1024,16;1024,16;1024,16;1024,16;1024,16;1024,16;1024,16;1024,16;1024,16;1024,16;1024,16;1024,16;1024,16;1024,16;1024,16;1024,16;1024,16;1024,16;1024,16;1024,16;1024,16;1024,16;1024,16;1024,16;1024,16;1024,16;1024,16;1024,16;1024,16;1024,16""",FLOAT16;FLOAT16;FLOAT16;FLOAT16;FLOAT16;FLOAT16;FLOAT16;FLOAT16;FLOAT16;FLOAT16;FLOAT16;FLOAT16;FLOAT16;FLOAT16;FLOAT16;FLOAT16;FLOAT16;FLOAT16;FLOAT16;FLOAT16;FLOAT16;FLOAT16;FLOAT16;FLOAT16;FLOAT16;FLOAT16;FLOAT16;FLOAT16;FLOAT16;FLOAT16;FLOAT16;FLOAT16;FLOAT16;FLOAT16;FLOAT16;FLOAT16;FLOAT16;FLOAT16;FLOAT16;FLOAT16;FLOAT16;FLOAT16;FLOAT16;FLOAT16;FLOAT16;FLOAT16;FLOAT16;FLOAT16;FLOAT16;FLOAT16;FLOAT16;FLOAT16;FLOAT16;FLOAT16;FLOAT16;FLOAT16;FLOAT16;FLOAT16;FLOAT16;FLOAT16;FLOAT16;FLOAT16;FLOAT16;FLOAT16,ND;ND;ND;ND;ND;ND;ND;ND;ND;ND;ND;ND;ND;ND;ND;ND;ND;ND;ND;ND;ND;ND;ND;ND;ND;ND;ND;ND;ND;ND;ND;ND;ND;ND;ND;ND;ND;ND;ND;ND;ND;ND;ND;ND;ND;ND;ND;ND;ND;ND;ND;ND;ND;ND;ND;ND;ND;ND;ND;ND;ND;ND;ND;ND,"""1024,1024""",FLOAT16,ND,N/A,0.0,0,0.0,0.0,0.0,0.0,0.0,0.0,0.0,0.0,0.0,0.0,0.0,44.99,2969338,0.017,0.0,4.039,0.09,31.046,0.69,10.367,0.23,0.0,0.000
0,4294967295,276,47,aclnnMul_MulAiCore_Mul,Mul,dynamic,AI_VECTOR_CORE,1785697686613427.743	,329.066,0.029000,40,0,NO,"""4096,4096;4096,4096""",FLOAT;FLOAT,ND;ND,"""4096,4096""",FLOAT,ND,N/A,0.0,0,0.0,0.0,0.0,0.0,0.0,0.0,0.0,0.0,0.0,0.0,0.0,326.747,21565313,6.784,0.021,3.032,0.009,325.143,0.995,109.137,0.334,0.0,0.000
0,4294967295,277,47,Concat,Concat,dynamic,AI_VECTOR_CORE,1785697686613756.829	,54.641,0.000000,40,0,NO,"""1024,16;1024,16;1024,16;1024,16;1024,16;1024,16;1024,16;1024,16;1024,16;1024,16;1024,16;1024,16;1024,16;1024,16;1024,16;1024,16;1024,16;1024,16;1024,16;1024,16;1024,16;1024,16;1024,16;1024,16;1024,16;1024,16;1024,16;1024,16;1024,16;1024,16;1024,16;1024,16;1024,16;1024,16;1024,16;1024,16;1024,16;1024,16;1024,16;1024,16;1024,16;1024,16;1024,16;1024,16;1024,16;1024,16;1024,16;1024,16;1024,16;1024,16;1024,16;1024,16;1024,16;1024,16;1024,16;1024,16;1024,16;1024,16;1024,16;1024,16;1024,16;1024,16;1024,16;1024,16""",FLOAT16;FLOAT16;FLOAT16;FLOAT16;FLOAT16;FLOAT16;FLOAT16;FLOAT16;FLOAT16;FLOAT16;FLOAT16;FLOAT16;FLOAT16;FLOAT16;FLOAT16;FLOAT16;FLOAT16;FLOAT16;FLOAT16;FLOAT16;FLOAT16;FLOAT16;FLOAT16;FLOAT16;FLOAT16;FLOAT16;FLOAT16;FLOAT16;FLOAT16;FLOAT16;FLOAT16;FLOAT16;FLOAT16;FLOAT16;FLOAT16;FLOAT16;FLOAT16;FLOAT16;FLOAT16;FLOAT16;FLOAT16;FLOAT16;FLOAT16;FLOAT16;FLOAT16;FLOAT16;FLOAT16;FLOAT16;FLOAT16;FLOAT16;FLOAT16;FLOAT16;FLOAT16;FLOAT16;FLOAT16;FLOAT16;FLOAT16;FLOAT16;FLOAT16;FLOAT16;FLOAT16;FLOAT16;FLOAT16;FLOAT16,ND;ND;ND;ND;ND;ND;ND;ND;ND;ND;ND;ND;ND;ND;ND;ND;ND;ND;ND;ND;ND;ND;ND;ND;ND;ND;ND;ND;ND;ND;ND;ND;ND;ND;ND;ND;ND;ND;ND;ND;ND;ND;ND;ND;ND;ND;ND;ND;ND;ND;ND;ND;ND;ND;ND;ND;ND;ND;ND;ND;ND;ND;ND;ND,"""1024,1024""",FLOAT16,ND,N/A,0.0,0,0.0,0.0,0.0,0.0,0.0,0.0,0.0,0.0,0.0,0.0,0.0,44.302,2923932,0.017,0.0,3.574,0.081,30.898,0.697,10.199,0.23,0.0,0.000
0,4294967295,278,47,aclnnMul_MulAiCore_Mul,Mul,dynamic,AI_VECTOR_CORE,1785697686613811.490	,329.527,0.109000,40,0,NO,"""4096,4096;4096,4096""",FLOAT;FLOAT,ND;ND,"""4096,4096""",FLOAT,ND,N/A,0.0,0,0.0,0.0,0.0,0.0,0.0,0.0,0.0,0.0,0.0,0.0,0.0,327.067,21586411,6.784,0.021,2.952,0.009,325.556,0.995,110.199,0.337,0.0,0.000
0,4294967295,279,47,Concat,Concat,dynamic,AI_VECTOR_CORE,1785697686614141.037	,57.361,0.000000,40,0,NO,"""1024,16;1024,16;1024,16;1024,16;1024,16;1024,16;1024,16;1024,16;1024,16;1024,16;1024,16;1024,16;1024,16;1024,16;1024,16;1024,16;1024,16;1024,16;1024,16;1024,16;1024,16;1024,16;1024,16;1024,16;1024,16;1024,16;1024,16;1024,16;1024,16;1024,16;1024,16;1024,16;1024,16;1024,16;1024,16;1024,16;1024,16;1024,16;1024,16;1024,16;1024,16;1024,16;1024,16;1024,16;1024,16;1024,16;1024,16;1024,16;1024,16;1024,16;1024,16;1024,16;1024,16;1024,16;1024,16;1024,16;1024,16;1024,16;1024,16;1024,16;1024,16;1024,16;1024,16;1024,16""",FLOAT16;FLOAT16;FLOAT16;FLOAT16;FLOAT16;FLOAT16;FLOAT16;FLOAT16;FLOAT16;FLOAT16;FLOAT16;FLOAT16;FLOAT16;FLOAT16;FLOAT16;FLOAT16;FLOAT16;FLOAT16;FLOAT16;FLOAT16;FLOAT16;FLOAT16;FLOAT16;FLOAT16;FLOAT16;FLOAT16;FLOAT16;FLOAT16;FLOAT16;FLOAT16;FLOAT16;FLOAT16;FLOAT16;FLOAT16;FLOAT16;FLOAT16;FLOAT16;FLOAT16;FLOAT16;FLOAT16;FLOAT16;FLOAT16;FLOAT16;FLOAT16;FLOAT16;FLOAT16;FLOAT16;FLOAT16;FLOAT16;FLOAT16;FLOAT16;FLOAT16;FLOAT16;FLOAT16;FLOAT16;FLOAT16;FLOAT16;FLOAT16;FLOAT16;FLOAT16;FLOAT16;FLOAT16;FLOAT16;FLOAT16,ND;ND;ND;ND;ND;ND;ND;ND;ND;ND;ND;ND;ND;ND;ND;ND;ND;ND;ND;ND;ND;ND;ND;ND;ND;ND;ND;ND;ND;ND;ND;ND;ND;ND;ND;ND;ND;ND;ND;ND;ND;ND;ND;ND;ND;ND;ND;ND;ND;ND;ND;ND;ND;ND;ND;ND;ND;ND;ND;ND;ND;ND;ND;ND,"""1024,1024""",FLOAT16,ND,N/A,0.0,0,0.0,0.0,0.0,0.0,0.0,0.0,0.0,0.0,0.0,0.0,0.0,45.903,3029595,0.017,0.0,4.435,0.097,31.999,0.697,10.034,0.219,0.0,0.000
0,4294967295,280,47,aclnnMul_MulAiCore_Mul,Mul,dynamic,AI_VECTOR_CORE,1785697686614198.438	,328.907,0.139000,40,0,NO,"""4096,4096;4096,4096""",FLOAT;FLOAT,ND;ND,"""4096,4096""",FLOAT,ND,N/A,0.0,0,0.0,0.0,0.0,0.0,0.0,0.0,0.0,0.0,0.0,0.0,0.0,326.689,21561470,6.784,0.021,3.119,0.01,325.056,0.995,110.507,0.338,0.0,0.000
0,4294967295,281,47,Concat,Concat,dynamic,AI_VECTOR_CORE,1785697686614527.365	,57.341,0.000000,40,0,NO,"""1024,16;1024,16;1024,16;1024,16;1024,16;1024,16;1024,16;1024,16;1024,16;1024,16;1024,16;1024,16;1024,16;1024,16;1024,16;1024,16;1024,16;1024,16;1024,16;1024,16;1024,16;1024,16;1024,16;1024,16;1024,16;1024,16;1024,16;1024,16;1024,16;1024,16;1024,16;1024,16;1024,16;1024,16;1024,16;1024,16;1024,16;1024,16;1024,16;1024,16;1024,16;1024,16;1024,16;1024,16;1024,16;1024,16;1024,16;1024,16;1024,16;1024,16;1024,16;1024,16;1024,16;1024,16;1024,16;1024,16;1024,16;1024,16;1024,16;1024,16;1024,16;1024,16;1024,16;1024,16""",FLOAT16;FLOAT16;FLOAT16;FLOAT16;FLOAT16;FLOAT16;FLOAT16;FLOAT16;FLOAT16;FLOAT16;FLOAT16;FLOAT16;FLOAT16;FLOAT16;FLOAT16;FLOAT16;FLOAT16;FLOAT16;FLOAT16;FLOAT16;FLOAT16;FLOAT16;FLOAT16;FLOAT16;FLOAT16;FLOAT16;FLOAT16;FLOAT16;FLOAT16;FLOAT16;FLOAT16;FLOAT16;FLOAT16;FLOAT16;FLOAT16;FLOAT16;FLOAT16;FLOAT16;FLOAT16;FLOAT16;FLOAT16;FLOAT16;FLOAT16;FLOAT16;FLOAT16;FLOAT16;FLOAT16;FLOAT16;FLOAT16;FLOAT16;FLOAT16;FLOAT16;FLOAT16;FLOAT16;FLOAT16;FLOAT16;FLOAT16;FLOAT16;FLOAT16;FLOAT16;FLOAT16;FLOAT16;FLOAT16;FLOAT16,ND;ND;ND;ND;ND;ND;ND;ND;ND;ND;ND;ND;ND;ND;ND;ND;ND;ND;ND;ND;ND;ND;ND;ND;ND;ND;ND;ND;ND;ND;ND;ND;ND;ND;ND;ND;ND;ND;ND;ND;ND;ND;ND;ND;ND;ND;ND;ND;ND;ND;ND;ND;ND;ND;ND;ND;ND;ND;ND;ND;ND;ND;ND;ND,"""1024,1024""",FLOAT16,ND,N/A,0.0,0,0.0,0.0,0.0,0.0,0.0,0.0,0.0,0.0,0.0,0.0,0.0,46.513,3069880,0.017,0.0,4.932,0.106,32.255,0.693,9.754,0.21,0.0,0.000
0,4294967295,282,47,aclnnMul_MulAiCore_Mul,Mul,dynamic,AI_VECTOR_CORE,1785697686614584.726	,331.126,0.159000,40,0,NO,"""4096,4096;4096,4096""",FLOAT;FLOAT,ND;ND,"""4096,4096""",FLOAT,ND,N/A,0.0,0,0.0,0.0,0.0,0.0,0.0,0.0,0.0,0.0,0.0,0.0,0.0,328.416,21675452,6.784,0.021,3.035,0.009,326.863,0.995,112.149,0.341,0.0,0.000
0,4294967295,283,47,Concat,Concat,dynamic,AI_VECTOR_CORE,1785697686614915.872	,54.222,0.000000,40,0,NO,"""1024,16;1024,16;1024,16;1024,16;1024,16;1024,16;1024,16;1024,16;1024,16;1024,16;1024,16;1024,16;1024,16;1024,16;1024,16;1024,16;1024,16;1024,16;1024,16;1024,16;1024,16;1024,16;1024,16;1024,16;1024,16;1024,16;1024,16;1024,16;1024,16;1024,16;1024,16;1024,16;1024,16;1024,16;1024,16;1024,16;1024,16;1024,16;1024,16;1024,16;1024,16;1024,16;1024,16;1024,16;1024,16;1024,16;1024,16;1024,16;1024,16;1024,16;1024,16;1024,16;1024,16;1024,16;1024,16;1024,16;1024,16;1024,16;1024,16;1024,16;1024,16;1024,16;1024,16;1024,16""",FLOAT16;FLOAT16;FLOAT16;FLOAT16;FLOAT16;FLOAT16;FLOAT16;FLOAT16;FLOAT16;FLOAT16;FLOAT16;FLOAT16;FLOAT16;FLOAT16;FLOAT16;FLOAT16;FLOAT16;FLOAT16;FLOAT16;FLOAT16;FLOAT16;FLOAT16;FLOAT16;FLOAT16;FLOAT16;FLOAT16;FLOAT16;FLOAT16;FLOAT16;FLOAT16;FLOAT16;FLOAT16;FLOAT16;FLOAT16;FLOAT16;FLOAT16;FLOAT16;FLOAT16;FLOAT16;FLOAT16;FLOAT16;FLOAT16;FLOAT16;FLOAT16;FLOAT16;FLOAT16;FLOAT16;FLOAT16;FLOAT16;FLOAT16;FLOAT16;FLOAT16;FLOAT16;FLOAT16;FLOAT16;FLOAT16;FLOAT16;FLOAT16;FLOAT16;FLOAT16;FLOAT16;FLOAT16;FLOAT16;FLOAT16,ND;ND;ND;ND;ND;ND;ND;ND;ND;ND;ND;ND;ND;ND;ND;ND;ND;ND;ND;ND;ND;ND;ND;ND;ND;ND;ND;ND;ND;ND;ND;ND;ND;ND;ND;ND;ND;ND;ND;ND;ND;ND;ND;ND;ND;ND;ND;ND;ND;ND;ND;ND;ND;ND;ND;ND;ND;ND;ND;ND;ND;ND;ND;ND,"""1024,1024""",FLOAT16,ND,N/A,0.0,0,0.0,0.0,0.0,0.0,0.0,0.0,0.0,0.0,0.0,0.0,0.0,44.022,2905445,0.017,0.0,3.868,0.088,30.491,0.693,10.166,0.231,0.0,0.000
0,4294967295,284,47,aclnnMul_MulAiCore_Mul,Mul,dynamic,AI_VECTOR_CORE,1785697686614970.114	,329.226,0.028000,40,0,NO,"""4096,4096;4096,4096""",FLOAT;FLOAT,ND;ND,"""4096,4096""",FLOAT,ND,N/A,0.0,0,0.0,0.0,0.0,0.0,0.0,0.0,0.0,0.0,0.0,0.0,0.0,327.303,21601967,6.784,0.021,3.101,0.009,325.686,0.995,110.128,0.336,0.0,0.000
0,4294967295,285,47,Concat,Concat,dynamic,AI_VECTOR_CORE,1785697686615299.360	,54.521,0.024000,40,0,NO,"""1024,16;1024,16;1024,16;1024,16;1024,16;1024,16;1024,16;1024,16;1024,16;1024,16;1024,16;1024,16;1024,16;1024,16;1024,16;1024,16;1024,16;1024,16;1024,16;1024,16;1024,16;1024,16;1024,16;1024,16;1024,16;1024,16;1024,16;1024,16;1024,16;1024,16;1024,16;1024,16;1024,16;1024,16;1024,16;1024,16;1024,16;1024,16;1024,16;1024,16;1024,16;1024,16;1024,16;1024,16;1024,16;1024,16;1024,16;1024,16;1024,16;1024,16;1024,16;1024,16;1024,16;1024,16;1024,16;1024,16;1024,16;1024,16;1024,16;1024,16;1024,16;1024,16;1024,16;1024,16""",FLOAT16;FLOAT16;FLOAT16;FLOAT16;FLOAT16;FLOAT16;FLOAT16;FLOAT16;FLOAT16;FLOAT16;FLOAT16;FLOAT16;FLOAT16;FLOAT16;FLOAT16;FLOAT16;FLOAT16;FLOAT16;FLOAT16;FLOAT16;FLOAT16;FLOAT16;FLOAT16;FLOAT16;FLOAT16;FLOAT16;FLOAT16;FLOAT16;FLOAT16;FLOAT16;FLOAT16;FLOAT16;FLOAT16;FLOAT16;FLOAT16;FLOAT16;FLOAT16;FLOAT16;FLOAT16;FLOAT16;FLOAT16;FLOAT16;FLOAT16;FLOAT16;FLOAT16;FLOAT16;FLOAT16;FLOAT16;FLOAT16;FLOAT16;FLOAT16;FLOAT16;FLOAT16;FLOAT16;FLOAT16;FLOAT16;FLOAT16;FLOAT16;FLOAT16;FLOAT16;FLOAT16;FLOAT16;FLOAT16;FLOAT16,ND;ND;ND;ND;ND;ND;ND;ND;ND;ND;ND;ND;ND;ND;ND;ND;ND;ND;ND;ND;ND;ND;ND;ND;ND;ND;ND;ND;ND;ND;ND;ND;ND;ND;ND;ND;ND;ND;ND;ND;ND;ND;ND;ND;ND;ND;ND;ND;ND;ND;ND;ND;ND;ND;ND;ND;ND;ND;ND;ND;ND;ND;ND;ND,"""1024,1024""",FLOAT16,ND,N/A,0.0,0,0.0,0.0,0.0,0.0,0.0,0.0,0.0,0.0,0.0,0.0,0.0,43.548,2874162,0.017,0.0,3.572,0.082,30.038,0.69,10.327,0.237,0.0,0.000
0,4294967295,286,47,aclnnMul_MulAiCore_Mul,Mul,dynamic,AI_VECTOR_CORE,1785697686615353.901	,329.467,0.229000,40,0,NO,"""4096,4096;4096,4096""",FLOAT;FLOAT,ND;ND,"""4096,4096""",FLOAT,ND,N/A,0.0,0,0.0,0.0,0.0,0.0,0.0,0.0,0.0,0.0,0.0,0.0,0.0,327.137,21591053,6.784,0.021,2.984,0.009,325.593,0.995,109.65,0.335,0.0,0.000
0,4294967295,287,47,Concat,Concat,dynamic,AI_VECTOR_CORE,1785697686615683.388	,55.301,0.033000,40,0,NO,"""1024,16;1024,16;1024,16;1024,16;1024,16;1024,16;1024,16;1024,16;1024,16;1024,16;1024,16;1024,16;1024,16;1024,16;1024,16;1024,16;1024,16;1024,16;1024,16;1024,16;1024,16;1024,16;1024,16;1024,16;1024,16;1024,16;1024,16;1024,16;1024,16;1024,16;1024,16;1024,16;1024,16;1024,16;1024,16;1024,16;1024,16;1024,16;1024,16;1024,16;1024,16;1024,16;1024,16;1024,16;1024,16;1024,16;1024,16;1024,16;1024,16;1024,16;1024,16;1024,16;1024,16;1024,16;1024,16;1024,16;1024,16;1024,16;1024,16;1024,16;1024,16;1024,16;1024,16;1024,16""",FLOAT16;FLOAT16;FLOAT16;FLOAT16;FLOAT16;FLOAT16;FLOAT16;FLOAT16;FLOAT16;FLOAT16;FLOAT16;FLOAT16;FLOAT16;FLOAT16;FLOAT16;FLOAT16;FLOAT16;FLOAT16;FLOAT16;FLOAT16;FLOAT16;FLOAT16;FLOAT16;FLOAT16;FLOAT16;FLOAT16;FLOAT16;FLOAT16;FLOAT16;FLOAT16;FLOAT16;FLOAT16;FLOAT16;FLOAT16;FLOAT16;FLOAT16;FLOAT16;FLOAT16;FLOAT16;FLOAT16;FLOAT16;FLOAT16;FLOAT16;FLOAT16;FLOAT16;FLOAT16;FLOAT16;FLOAT16;FLOAT16;FLOAT16;FLOAT16;FLOAT16;FLOAT16;FLOAT16;FLOAT16;FLOAT16;FLOAT16;FLOAT16;FLOAT16;FLOAT16;FLOAT16;FLOAT16;FLOAT16;FLOAT16,ND;ND;ND;ND;ND;ND;ND;ND;ND;ND;ND;ND;ND;ND;ND;ND;ND;ND;ND;ND;ND;ND;ND;ND;ND;ND;ND;ND;ND;ND;ND;ND;ND;ND;ND;ND;ND;ND;ND;ND;ND;ND;ND;ND;ND;ND;ND;ND;ND;ND;ND;ND;ND;ND;ND;ND;ND;ND;ND;ND;ND;ND;ND;ND,"""1024,1024""",FLOAT16,ND,N/A,0.0,0,0.0,0.0,0.0,0.0,0.0,0.0,0.0,0.0,0.0,0.0,0.0,45.242,2985950,0.017,0.0,4.081,0.09,31.425,0.695,10.176,0.225,0.0,0.000
0,4294967295,288,47,aclnnMul_MulAiCore_Mul,Mul,dynamic,AI_VECTOR_CORE,1785697686615738.709	,329.487,0.000000,40,0,NO,"""4096,4096;4096,4096""",FLOAT;FLOAT,ND;ND,"""4096,4096""",FLOAT,ND,N/A,0.0,0,0.0,0.0,0.0,0.0,0.0,0.0,0.0,0.0,0.0,0.0,0.0,327.197,21594995,6.784,0.021,3.009,0.009,325.679,0.995,110.881,0.339,0.0,0.000
0,4294967295,289,47,Concat,Concat,dynamic,AI_VECTOR_CORE,1785697686616068.216	,56.341,0.013000,40,0,NO,"""1024,16;1024,16;1024,16;1024,16;1024,16;1024,16;1024,16;1024,16;1024,16;1024,16;1024,16;1024,16;1024,16;1024,16;1024,16;1024,16;1024,16;1024,16;1024,16;1024,16;1024,16;1024,16;1024,16;1024,16;1024,16;1024,16;1024,16;1024,16;1024,16;1024,16;1024,16;1024,16;1024,16;1024,16;1024,16;1024,16;1024,16;1024,16;1024,16;1024,16;1024,16;1024,16;1024,16;1024,16;1024,16;1024,16;1024,16;1024,16;1024,16;1024,16;1024,16;1024,16;1024,16;1024,16;1024,16;1024,16;1024,16;1024,16;1024,16;1024,16;1024,16;1024,16;1024,16;1024,16""",FLOAT16;FLOAT16;FLOAT16;FLOAT16;FLOAT16;FLOAT16;FLOAT16;FLOAT16;FLOAT16;FLOAT16;FLOAT16;FLOAT16;FLOAT16;FLOAT16;FLOAT16;FLOAT16;FLOAT16;FLOAT16;FLOAT16;FLOAT16;FLOAT16;FLOAT16;FLOAT16;FLOAT16;FLOAT16;FLOAT16;FLOAT16;FLOAT16;FLOAT16;FLOAT16;FLOAT16;FLOAT16;FLOAT16;FLOAT16;FLOAT16;FLOAT16;FLOAT16;FLOAT16;FLOAT16;FLOAT16;FLOAT16;FLOAT16;FLOAT16;FLOAT16;FLOAT16;FLOAT16;FLOAT16;FLOAT16;FLOAT16;FLOAT16;FLOAT16;FLOAT16;FLOAT16;FLOAT16;FLOAT16;FLOAT16;FLOAT16;FLOAT16;FLOAT16;FLOAT16;FLOAT16;FLOAT16;FLOAT16;FLOAT16,ND;ND;ND;ND;ND;ND;ND;ND;ND;ND;ND;ND;ND;ND;ND;ND;ND;ND;ND;ND;ND;ND;ND;ND;ND;ND;ND;ND;ND;ND;ND;ND;ND;ND;ND;ND;ND;ND;ND;ND;ND;ND;ND;ND;ND;ND;ND;ND;ND;ND;ND;ND;ND;ND;ND;ND;ND;ND;ND;ND;ND;ND;ND;ND,"""1024,1024""",FLOAT16,ND,N/A,0.0,0,0.0,0.0,0.0,0.0,0.0,0.0,0.0,0.0,0.0,0.0,0.0,45.66,3013583,0.017,0.0,3.75,0.082,31.492,0.69,10.724,0.235,0.0,0.000
0,4294967295,290,47,aclnnMul_MulAiCore_Mul,Mul,dynamic,AI_VECTOR_CORE,1785697686616124.597	,330.526,0.000000,40,0,NO,"""4096,4096;4096,4096""",FLOAT;FLOAT,ND;ND,"""4096,4096""",FLOAT,ND,N/A,0.0,0,0.0,0.0,0.0,0.0,0.0,0.0,0.0,0.0,0.0,0.0,0.0,327.909,21641978,6.784,0.021,2.946,0.009,326.448,0.996,110.707,0.338,0.0,0.000
0,4294967295,291,47,Concat,Concat,dynamic,AI_VECTOR_CORE,1785697686616455.143	,55.541,0.224000,40,0,NO,"""1024,16;1024,16;1024,16;1024,16;1024,16;1024,16;1024,16;1024,16;1024,16;1024,16;1024,16;1024,16;1024,16;1024,16;1024,16;1024,16;1024,16;1024,16;1024,16;1024,16;1024,16;1024,16;1024,16;1024,16;1024,16;1024,16;1024,16;1024,16;1024,16;1024,16;1024,16;1024,16;1024,16;1024,16;1024,16;1024,16;1024,16;1024,16;1024,16;1024,16;1024,16;1024,16;1024,16;1024,16;1024,16;1024,16;1024,16;1024,16;1024,16;1024,16;1024,16;1024,16;1024,16;1024,16;1024,16;1024,16;1024,16;1024,16;1024,16;1024,16;1024,16;1024,16;1024,16;1024,16""",FLOAT16;FLOAT16;FLOAT16;FLOAT16;FLOAT16;FLOAT16;FLOAT16;FLOAT16;FLOAT16;FLOAT16;FLOAT16;FLOAT16;FLOAT16;FLOAT16;FLOAT16;FLOAT16;FLOAT16;FLOAT16;FLOAT16;FLOAT16;FLOAT16;FLOAT16;FLOAT16;FLOAT16;FLOAT16;FLOAT16;FLOAT16;FLOAT16;FLOAT16;FLOAT16;FLOAT16;FLOAT16;FLOAT16;FLOAT16;FLOAT16;FLOAT16;FLOAT16;FLOAT16;FLOAT16;FLOAT16;FLOAT16;FLOAT16;FLOAT16;FLOAT16;FLOAT16;FLOAT16;FLOAT16;FLOAT16;FLOAT16;FLOAT16;FLOAT16;FLOAT16;FLOAT16;FLOAT16;FLOAT16;FLOAT16;FLOAT16;FLOAT16;FLOAT16;FLOAT16;FLOAT16;FLOAT16;FLOAT16;FLOAT16,ND;ND;ND;ND;ND;ND;ND;ND;ND;ND;ND;ND;ND;ND;ND;ND;ND;ND;ND;ND;ND;ND;ND;ND;ND;ND;ND;ND;ND;ND;ND;ND;ND;ND;ND;ND;ND;ND;ND;ND;ND;ND;ND;ND;ND;ND;ND;ND;ND;ND;ND;ND;ND;ND;ND;ND;ND;ND;ND;ND;ND;ND;ND;ND,"""1024,1024""",FLOAT16,ND,N/A,0.0,0,0.0,0.0,0.0,0.0,0.0,0.0,0.0,0.0,0.0,0.0,0.0,44.554,2940541,0.017,0.0,3.795,0.085,30.95,0.695,10.364,0.233,0.0,0.000
0,4294967295,292,47,aclnnMul_MulAiCore_Mul,Mul,dynamic,AI_VECTOR_CORE,1785697686616510.704	,329.127,0.000000,40,0,NO,"""4096,4096;4096,4096""",FLOAT;FLOAT,ND;ND,"""4096,4096""",FLOAT,ND,N/A,0.0,0,0.0,0.0,0.0,0.0,0.0,0.0,0.0,0.0,0.0,0.0,0.0,326.82,21570105,6.784,0.021,3.019,0.009,325.28,0.995,109.063,0.334,0.0,0.000
0,4294967295,293,47,Concat,Concat,dynamic,AI_VECTOR_CORE,1785697686616839.871	,55.941,0.000000,40,0,NO,"""1024,16;1024,16;1024,16;1024,16;1024,16;1024,16;1024,16;1024,16;1024,16;1024,16;1024,16;1024,16;1024,16;1024,16;1024,16;1024,16;1024,16;1024,16;1024,16;1024,16;1024,16;1024,16;1024,16;1024,16;1024,16;1024,16;1024,16;1024,16;1024,16;1024,16;1024,16;1024,16;1024,16;1024,16;1024,16;1024,16;1024,16;1024,16;1024,16;1024,16;1024,16;1024,16;1024,16;1024,16;1024,16;1024,16;1024,16;1024,16;1024,16;1024,16;1024,16;1024,16;1024,16;1024,16;1024,16;1024,16;1024,16;1024,16;1024,16;1024,16;1024,16;1024,16;1024,16;1024,16""",FLOAT16;FLOAT16;FLOAT16;FLOAT16;FLOAT16;FLOAT16;FLOAT16;FLOAT16;FLOAT16;FLOAT16;FLOAT16;FLOAT16;FLOAT16;FLOAT16;FLOAT16;FLOAT16;FLOAT16;FLOAT16;FLOAT16;FLOAT16;FLOAT16;FLOAT16;FLOAT16;FLOAT16;FLOAT16;FLOAT16;FLOAT16;FLOAT16;FLOAT16;FLOAT16;FLOAT16;FLOAT16;FLOAT16;FLOAT16;FLOAT16;FLOAT16;FLOAT16;FLOAT16;FLOAT16;FLOAT16;FLOAT16;FLOAT16;FLOAT16;FLOAT16;FLOAT16;FLOAT16;FLOAT16;FLOAT16;FLOAT16;FLOAT16;FLOAT16;FLOAT16;FLOAT16;FLOAT16;FLOAT16;FLOAT16;FLOAT16;FLOAT16;FLOAT16;FLOAT16;FLOAT16;FLOAT16;FLOAT16;FLOAT16,ND;ND;ND;ND;ND;ND;ND;ND;ND;ND;ND;ND;ND;ND;ND;ND;ND;ND;ND;ND;ND;ND;ND;ND;ND;ND;ND;ND;ND;ND;ND;ND;ND;ND;ND;ND;ND;ND;ND;ND;ND;ND;ND;ND;ND;ND;ND;ND;ND;ND;ND;ND;ND;ND;ND;ND;ND;ND;ND;ND;ND;ND;ND;ND,"""1024,1024""",FLOAT16,ND,N/A,0.0,0,0.0,0.0,0.0,0.0,0.0,0.0,0.0,0.0,0.0,0.0,0.0,44.763,2954366,0.017,0.0,3.908,0.087,30.756,0.687,10.41,0.233,0.0,0.000
0,4294967295,294,47,aclnnMul_MulAiCore_Mul,Mul,dynamic,AI_VECTOR_CORE,1785697686616895.832	,328.627,0.059000,40,0,NO,"""4096,4096;4096,4096""",FLOAT;FLOAT,ND;ND,"""4096,4096""",FLOAT,ND,N/A,0.0,0,0.0,0.0,0.0,0.0,0.0,0.0,0.0,0.0,0.0,0.0,0.0,326.828,21570621,6.784,0.021,2.982,0.009,325.32,0.995,111.001,0.34,0.0,0.000
0,4294967295,295,47,Concat,Concat,dynamic,AI_VECTOR_CORE,1785697686617224.479	,54.841,0.123000,40,0,NO,"""1024,16;1024,16;1024,16;1024,16;1024,16;1024,16;1024,16;1024,16;1024,16;1024,16;1024,16;1024,16;1024,16;1024,16;1024,16;1024,16;1024,16;1024,16;1024,16;1024,16;1024,16;1024,16;1024,16;1024,16;1024,16;1024,16;1024,16;1024,16;1024,16;1024,16;1024,16;1024,16;1024,16;1024,16;1024,16;1024,16;1024,16;1024,16;1024,16;1024,16;1024,16;1024,16;1024,16;1024,16;1024,16;1024,16;1024,16;1024,16;1024,16;1024,16;1024,16;1024,16;1024,16;1024,16;1024,16;1024,16;1024,16;1024,16;1024,16;1024,16;1024,16;1024,16;1024,16;1024,16""",FLOAT16;FLOAT16;FLOAT16;FLOAT16;FLOAT16;FLOAT16;FLOAT16;FLOAT16;FLOAT16;FLOAT16;FLOAT16;FLOAT16;FLOAT16;FLOAT16;FLOAT16;FLOAT16;FLOAT16;FLOAT16;FLOAT16;FLOAT16;FLOAT16;FLOAT16;FLOAT16;FLOAT16;FLOAT16;FLOAT16;FLOAT16;FLOAT16;FLOAT16;FLOAT16;FLOAT16;FLOAT16;FLOAT16;FLOAT16;FLOAT16;FLOAT16;FLOAT16;FLOAT16;FLOAT16;FLOAT16;FLOAT16;FLOAT16;FLOAT16;FLOAT16;FLOAT16;FLOAT16;FLOAT16;FLOAT16;FLOAT16;FLOAT16;FLOAT16;FLOAT16;FLOAT16;FLOAT16;FLOAT16;FLOAT16;FLOAT16;FLOAT16;FLOAT16;FLOAT16;FLOAT16;FLOAT16;FLOAT16;FLOAT16,ND;ND;ND;ND;ND;ND;ND;ND;ND;ND;ND;ND;ND;ND;ND;ND;ND;ND;ND;ND;ND;ND;ND;ND;ND;ND;ND;ND;ND;ND;ND;ND;ND;ND;ND;ND;ND;ND;ND;ND;ND;ND;ND;ND;ND;ND;ND;ND;ND;ND;ND;ND;ND;ND;ND;ND;ND;ND;ND;ND;ND;ND;ND;ND,"""1024,1024""",FLOAT16,ND,N/A,0.0,0,0.0,0.0,0.0,0.0,0.0,0.0,0.0,0.0,0.0,0.0,0.0,44.852,2960204,0.017,0.0,4.398,0.098,31.32,0.698,9.843,0.219,0.0,0.000
0,4294967295,296,47,aclnnMul_MulAiCore_Mul,Mul,dynamic,AI_VECTOR_CORE,1785697686617279.340	,328.126,0.000000,40,0,NO,"""4096,4096;4096,4096""",FLOAT;FLOAT,ND;ND,"""4096,4096""",FLOAT,ND,N/A,0.0,0,0.0,0.0,0.0,0.0,0.0,0.0,0.0,0.0,0.0,0.0,0.0,325.791,21502232,6.784,0.021,3.726,0.011,323.527,0.993,108.41,0.333,0.0,0.000
0,4294967295,297,47,Concat,Concat,dynamic,AI_VECTOR_CORE,1785697686617607.486	,57.401,0.124000,40,0,NO,"""1024,16;1024,16;1024,16;1024,16;1024,16;1024,16;1024,16;1024,16;1024,16;1024,16;1024,16;1024,16;1024,16;1024,16;1024,16;1024,16;1024,16;1024,16;1024,16;1024,16;1024,16;1024,16;1024,16;1024,16;1024,16;1024,16;1024,16;1024,16;1024,16;1024,16;1024,16;1024,16;1024,16;1024,16;1024,16;1024,16;1024,16;1024,16;1024,16;1024,16;1024,16;1024,16;1024,16;1024,16;1024,16;1024,16;1024,16;1024,16;1024,16;1024,16;1024,16;1024,16;1024,16;1024,16;1024,16;1024,16;1024,16;1024,16;1024,16;1024,16;1024,16;1024,16;1024,16;1024,16""",FLOAT16;FLOAT16;FLOAT16;FLOAT16;FLOAT16;FLOAT16;FLOAT16;FLOAT16;FLOAT16;FLOAT16;FLOAT16;FLOAT16;FLOAT16;FLOAT16;FLOAT16;FLOAT16;FLOAT16;FLOAT16;FLOAT16;FLOAT16;FLOAT16;FLOAT16;FLOAT16;FLOAT16;FLOAT16;FLOAT16;FLOAT16;FLOAT16;FLOAT16;FLOAT16;FLOAT16;FLOAT16;FLOAT16;FLOAT16;FLOAT16;FLOAT16;FLOAT16;FLOAT16;FLOAT16;FLOAT16;FLOAT16;FLOAT16;FLOAT16;FLOAT16;FLOAT16;FLOAT16;FLOAT16;FLOAT16;FLOAT16;FLOAT16;FLOAT16;FLOAT16;FLOAT16;FLOAT16;FLOAT16;FLOAT16;FLOAT16;FLOAT16;FLOAT16;FLOAT16;FLOAT16;FLOAT16;FLOAT16;FLOAT16,ND;ND;ND;ND;ND;ND;ND;ND;ND;ND;ND;ND;ND;ND;ND;ND;ND;ND;ND;ND;ND;ND;ND;ND;ND;ND;ND;ND;ND;ND;ND;ND;ND;ND;ND;ND;ND;ND;ND;ND;ND;ND;ND;ND;ND;ND;ND;ND;ND;ND;ND;ND;ND;ND;ND;ND;ND;ND;ND;ND;ND;ND;ND;ND,"""1024,1024""",FLOAT16,ND,N/A,0.0,0,0.0,0.0,0.0,0.0,0.0,0.0,0.0,0.0,0.0,0.0,0.0,46.402,3062532,0.017,0.0,5.193,0.112,31.884,0.687,9.919,0.214,0.0,0.000
0,4294967295,298,47,aclnnMul_MulAiCore_Mul,Mul,dynamic,AI_VECTOR_CORE,1785697686617664.907	,330.047,0.099000,40,0,NO,"""4096,4096;4096,4096""",FLOAT;FLOAT,ND;ND,"""4096,4096""",FLOAT,ND,N/A,0.0,0,0.0,0.0,0.0,0.0,0.0,0.0,0.0,0.0,0.0,0.0,0.0,327.299,21601724,6.784,0.021,3.008,0.009,325.771,0.995,109.922,0.336,0.0,0.000
0,4294967295,299,47,Concat,Concat,dynamic,AI_VECTOR_CORE,1785697686617994.974	,53.861,0.000000,40,0,NO,"""1024,16;1024,16;1024,16;1024,16;1024,16;1024,16;1024,16;1024,16;1024,16;1024,16;1024,16;1024,16;1024,16;1024,16;1024,16;1024,16;1024,16;1024,16;1024,16;1024,16;1024,16;1024,16;1024,16;1024,16;1024,16;1024,16;1024,16;1024,16;1024,16;1024,16;1024,16;1024,16;1024,16;1024,16;1024,16;1024,16;1024,16;1024,16;1024,16;1024,16;1024,16;1024,16;1024,16;1024,16;1024,16;1024,16;1024,16;1024,16;1024,16;1024,16;1024,16;1024,16;1024,16;1024,16;1024,16;1024,16;1024,16;1024,16;1024,16;1024,16;1024,16;1024,16;1024,16;1024,16""",FLOAT16;FLOAT16;FLOAT16;FLOAT16;FLOAT16;FLOAT16;FLOAT16;FLOAT16;FLOAT16;FLOAT16;FLOAT16;FLOAT16;FLOAT16;FLOAT16;FLOAT16;FLOAT16;FLOAT16;FLOAT16;FLOAT16;FLOAT16;FLOAT16;FLOAT16;FLOAT16;FLOAT16;FLOAT16;FLOAT16;FLOAT16;FLOAT16;FLOAT16;FLOAT16;FLOAT16;FLOAT16;FLOAT16;FLOAT16;FLOAT16;FLOAT16;FLOAT16;FLOAT16;FLOAT16;FLOAT16;FLOAT16;FLOAT16;FLOAT16;FLOAT16;FLOAT16;FLOAT16;FLOAT16;FLOAT16;FLOAT16;FLOAT16;FLOAT16;FLOAT16;FLOAT16;FLOAT16;FLOAT16;FLOAT16;FLOAT16;FLOAT16;FLOAT16;FLOAT16;FLOAT16;FLOAT16;FLOAT16;FLOAT16,ND;ND;ND;ND;ND;ND;ND;ND;ND;ND;ND;ND;ND;ND;ND;ND;ND;ND;ND;ND;ND;ND;ND;ND;ND;ND;ND;ND;ND;ND;ND;ND;ND;ND;ND;ND;ND;ND;ND;ND;ND;ND;ND;ND;ND;ND;ND;ND;ND;ND;ND;ND;ND;ND;ND;ND;ND;ND;ND;ND;ND;ND;ND;ND,"""1024,1024""",FLOAT16,ND,N/A,0.0,0,0.0,0.0,0.0,0.0,0.0,0.0,0.0,0.0,0.0,0.0,0.0,43.477,2869496,0.017,0.0,3.702,0.085,30.076,0.692,10.016,0.23,0.0,0.000
