Device_id,Model ID,Task ID,Stream ID,Op Name,OP Type,OP State,Task Type,Task Start Time(us),Task Duration(us),Task Wait Time(us),Block Dim,Mix Block Dim,HF32 Eligible,Input Shapes,Input Data Types,Input Formats,Output Shapes,Output Data Types,Output Formats,Context ID,aicore_time(us),aic_total_cycles,aic_mac_time(us),aic_mac_ratio,aic_scalar_time(us),aic_scalar_ratio,aic_mte1_time(us),aic_mte1_ratio,aic_mte2_time(us),aic_mte2_ratio,aic_fixpipe_time(us),aic_fixpipe_ratio,aic_icache_miss_rate,aiv_time(us),aiv_total_cycles,aiv_vec_time(us),aiv_vec_ratio,aiv_scalar_time(us),aiv_scalar_ratio,aiv_mte2_time(us),aiv_mte2_ratio,aiv_mte3_time(us),aiv_mte3_ratio,aiv_icache_miss_rate,cube_utilization(%)
0,4294967295,0,47,aclnnMul_MulAiCore_Mul,Mul,dynamic,AI_VECTOR_CORE,1785699088140305.746	,260.006,0,40,0,NO,"""4096,4096;4096,4096""",FLOAT;FLOAT,ND;ND,"""4096,4096""",FLOAT,ND,N/A,0.0,0,0.0,0.0,0.0,0.0,0.0,0.0,0.0,0.0,0.0,0.0,0.0,257.79,17014162,6.784,0.026,3.058,0.012,252.517,0.98,80.188,0.311,0.011,0.000
0,4294967295,1,47,Concat,Concat,dynamic,AI_VECTOR_CORE,1785699090280611.450	,60.361,2140045.744000,40,0,NO,"""512,16;512,16;512,16;512,16;512,16;512,16;512,16;512,16;512,16;512,16;512,16;512,16;512,16;512,16;512,16;512,16;512,16;512,16;512,16;512,16;512,16;512,16;512,16;512,16;512,16;512,16;512,16;512,16;512,16;512,16;512,16;512,16;512,16;512,16;512,16;512,16;512,16;512,16;512,16;512,16;512,16;512,16;512,16;512,16;512,16;512,16;512,16;512,16;512,16;512,16;512,16;512,16;512,16;512,16;512,16;512,16;512,16;512,16;512,16;512,16;512,16;512,16;512,16;512,16;512,16;512,16;512,16;512,16;512,16;512,16;512,16;512,16;512,16;512,16;512,16;512,16;512,16;512,16;512,16;512,16;512,16;512,16;512,16;512,16;512,16;512,16;512,16;512,16;512,16;512,16;512,16;512,16;512,16;512,16;512,16;512,16;512,16;512,16;512,16;512,16;512,16;512,16;512,16;512,16;512,16;512,16;512,16;512,16;512,16;512,16;512,16;512,16;512,16;512,16;512,16;512,16;512,16;512,16;512,16;512,16;512,16;512,16;512,16;512,16;512,16;512,16;512,16;512,16""",FLOAT16;FLOAT16;FLOAT16;FLOAT16;FLOAT16;FLOAT16;FLOAT16;FLOAT16;FLOAT16;FLOAT16;FLOAT16;FLOAT16;FLOAT16;FLOAT16;FLOAT16;FLOAT16;FLOAT16;FLOAT16;FLOAT16;FLOAT16;FLOAT16;FLOAT16;FLOAT16;FLOAT16;FLOAT16;FLOAT16;FLOAT16;FLOAT16;FLOAT16;FLOAT16;FLOAT16;FLOAT16;FLOAT16;FLOAT16;FLOAT16;FLOAT16;FLOAT16;FLOAT16;FLOAT16;FLOAT16;FLOAT16;FLOAT16;FLOAT16;FLOAT16;FLOAT16;FLOAT16;FLOAT16;FLOAT16;FLOAT16;FLOAT16;FLOAT16;FLOAT16;FLOAT16;FLOAT16;FLOAT16;FLOAT16;FLOAT16;FLOAT16;FLOAT16;FLOAT16;FLOAT16;FLOAT16;FLOAT16;FLOAT16;FLOAT16;FLOAT16;FLOAT16;FLOAT16;FLOAT16;FLOAT16;FLOAT16;FLOAT16;FLOAT16;FLOAT16;FLOAT16;FLOAT16;FLOAT16;FLOAT16;FLOAT16;FLOAT16;FLOAT16;FLOAT16;FLOAT16;FLOAT16;FLOAT16;FLOAT16;FLOAT16;FLOAT16;FLOAT16;FLOAT16;FLOAT16;FLOAT16;FLOAT16;FLOAT16;FLOAT16;FLOAT16;FLOAT16;FLOAT16;FLOAT16;FLOAT16;FLOAT16;FLOAT16;FLOAT16;FLOAT16;FLOAT16;FLOAT16;FLOAT16;FLOAT16;FLOAT16;FLOAT16;FLOAT16;FLOAT16;FLOAT16;FLOAT16;FLOAT16;FLOAT16;FLOAT16;FLOAT16;FLOAT16;FLOAT16;FLOAT16;FLOAT16;FLOAT16;FLOAT16;FLOAT16;FLOAT16;FLOAT16;FLOAT16,ND;ND;ND;ND;ND;ND;ND;ND;ND;ND;ND;ND;ND;ND;ND;ND;ND;ND;ND;ND;ND;ND;ND;ND;ND;ND;ND;ND;ND;ND;ND;ND;ND;ND;ND;ND;ND;ND;ND;ND;ND;ND;ND;ND;ND;ND;ND;ND;ND;ND;ND;ND;ND;ND;ND;ND;ND;ND;ND;ND;ND;ND;ND;ND;ND;ND;ND;ND;ND;ND;ND;ND;ND;ND;ND;ND;ND;ND;ND;ND;ND;ND;ND;ND;ND;ND;ND;ND;ND;ND;ND;ND;ND;ND;ND;ND;ND;ND;ND;ND;ND;ND;ND;ND;ND;ND;ND;ND;ND;ND;ND;ND;ND;ND;ND;ND;ND;ND;ND;ND;ND;ND;ND;ND;ND;ND;ND;ND,"""512,2048""",FLOAT16,ND,N/A,0.0,0,0.0,0.0,0.0,0.0,0.0,0.0,0.0,0.0,0.0,0.0,0.0,53.027,1696848,0.035,0.001,6.945,0.131,27.5,0.519,16.257,0.307,0.165,0.000
0,4294967295,2,47,aclnnMul_MulAiCore_Mul,Mul,dynamic,AI_VECTOR_CORE,1785699090280779.073	,329.447,107.139000,40,0,NO,"""4096,4096;4096,4096""",FLOAT;FLOAT,ND;ND,"""4096,4096""",FLOAT,ND,N/A,0.0,0,0.0,0.0,0.0,0.0,0.0,0.0,0.0,0.0,0.0,0.0,0.0,252.005,16632359,6.784,0.027,2.65,0.011,250.682,0.995,84.072,0.334,0.0,0.000
0,4294967295,3,47,Concat,Concat,dynamic,AI_VECTOR_CORE,1785699090281108.540	,56.441,0.053000,40,0,NO,"""512,16;512,16;512,16;512,16;512,16;512,16;512,16;512,16;512,16;512,16;512,16;512,16;512,16;512,16;512,16;512,16;512,16;512,16;512,16;512,16;512,16;512,16;512,16;512,16;512,16;512,16;512,16;512,16;512,16;512,16;512,16;512,16;512,16;512,16;512,16;512,16;512,16;512,16;512,16;512,16;512,16;512,16;512,16;512,16;512,16;512,16;512,16;512,16;512,16;512,16;512,16;512,16;512,16;512,16;512,16;512,16;512,16;512,16;512,16;512,16;512,16;512,16;512,16;512,16;512,16;512,16;512,16;512,16;512,16;512,16;512,16;512,16;512,16;512,16;512,16;512,16;512,16;512,16;512,16;512,16;512,16;512,16;512,16;512,16;512,16;512,16;512,16;512,16;512,16;512,16;512,16;512,16;512,16;512,16;512,16;512,16;512,16;512,16;512,16;512,16;512,16;512,16;512,16;512,16;512,16;512,16;512,16;512,16;512,16;512,16;512,16;512,16;512,16;512,16;512,16;512,16;512,16;512,16;512,16;512,16;512,16;512,16;512,16;512,16;512,16;512,16;512,16;512,16""",FLOAT16;FLOAT16;FLOAT16;FLOAT16;FLOAT16;FLOAT16;FLOAT16;FLOAT16;FLOAT16;FLOAT16;FLOAT16;FLOAT16;FLOAT16;FLOAT16;FLOAT16;FLOAT16;FLOAT16;FLOAT16;FLOAT16;FLOAT16;FLOAT16;FLOAT16;FLOAT16;FLOAT16;FLOAT16;FLOAT16;FLOAT16;FLOAT16;FLOAT16;FLOAT16;FLOAT16;FLOAT16;FLOAT16;FLOAT16;FLOAT16;FLOAT16;FLOAT16;FLOAT16;FLOAT16;FLOAT16;FLOAT16;FLOAT16;FLOAT16;FLOAT16;FLOAT16;FLOAT16;FLOAT16;FLOAT16;FLOAT16;FLOAT16;FLOAT16;FLOAT16;FLOAT16;FLOAT16;FLOAT16;FLOAT16;FLOAT16;FLOAT16;FLOAT16;FLOAT16;FLOAT16;FLOAT16;FLOAT16;FLOAT16;FLOAT16;FLOAT16;FLOAT16;FLOAT16;FLOAT16;FLOAT16;FLOAT16;FLOAT16;FLOAT16;FLOAT16;FLOAT16;FLOAT16;FLOAT16;FLOAT16;FLOAT16;FLOAT16;FLOAT16;FLOAT16;FLOAT16;FLOAT16;FLOAT16;FLOAT16;FLOAT16;FLOAT16;FLOAT16;FLOAT16;FLOAT16;FLOAT16;FLOAT16;FLOAT16;FLOAT16;FLOAT16;FLOAT16;FLOAT16;FLOAT16;FLOAT16;FLOAT16;FLOAT16;FLOAT16;FLOAT16;FLOAT16;FLOAT16;FLOAT16;FLOAT16;FLOAT16;FLOAT16;FLOAT16;FLOAT16;FLOAT16;FLOAT16;FLOAT16;FLOAT16;FLOAT16;FLOAT16;FLOAT16;FLOAT16;FLOAT16;FLOAT16;FLOAT16;FLOAT16;FLOAT16;FLOAT16;FLOAT16;FLOAT16,ND;ND;ND;ND;ND;ND;ND;ND;ND;ND;ND;ND;ND;ND;ND;ND;ND;ND;ND;ND;ND;ND;ND;ND;ND;ND;ND;ND;ND;ND;ND;ND;ND;ND;ND;ND;ND;ND;ND;ND;ND;ND;ND;ND;ND;ND;ND;ND;ND;ND;ND;ND;ND;ND;ND;ND;ND;ND;ND;ND;ND;ND;ND;ND;ND;ND;ND;ND;ND;ND;ND;ND;ND;ND;ND;ND;ND;ND;ND;ND;ND;ND;ND;ND;ND;ND;ND;ND;ND;ND;ND;ND;ND;ND;ND;ND;ND;ND;ND;ND;ND;ND;ND;ND;ND;ND;ND;ND;ND;ND;ND;ND;ND;ND;ND;ND;ND;ND;ND;ND;ND;ND;ND;ND;ND;ND;ND;ND,"""512,2048""",FLOAT16,ND,N/A,0.0,0,0.0,0.0,0.0,0.0,0.0,0.0,0.0,0.0,0.0,0.0,0.0,48.451,3197787,0.017,0.0,4.601,0.095,29.585,0.611,15.324,0.316,0.0,0.000
0,4294967295,4,47,aclnnMul_MulAiCore_Mul,Mul,dynamic,AI_VECTOR_CORE,1785699090281165.001	,329.006,0.059000,40,0,NO,"""4096,4096;4096,4096""",FLOAT;FLOAT,ND;ND,"""4096,4096""",FLOAT,ND,N/A,0.0,0,0.0,0.0,0.0,0.0,0.0,0.0,0.0,0.0,0.0,0.0,0.0,325.959,21513303,6.784,0.021,2.888,0.009,324.522,0.996,109.876,0.337,0.0,0.000
0,4294967295,5,47,Concat,Concat,dynamic,AI_VECTOR_CORE,1785699090281494.047	,55.621,0.000000,40,0,NO,"""512,16;512,16;512,16;512,16;512,16;512,16;512,16;512,16;512,16;512,16;512,16;512,16;512,16;512,16;512,16;512,16;512,16;512,16;512,16;512,16;512,16;512,16;512,16;512,16;512,16;512,16;512,16;512,16;512,16;512,16;512,16;512,16;512,16;512,16;512,16;512,16;512,16;512,16;512,16;512,16;512,16;512,16;512,16;512,16;512,16;512,16;512,16;512,16;512,16;512,16;512,16;512,16;512,16;512,16;512,16;512,16;512,16;512,16;512,16;512,16;512,16;512,16;512,16;512,16;512,16;512,16;512,16;512,16;512,16;512,16;512,16;512,16;512,16;512,16;512,16;512,16;512,16;512,16;512,16;512,16;512,16;512,16;512,16;512,16;512,16;512,16;512,16;512,16;512,16;512,16;512,16;512,16;512,16;512,16;512,16;512,16;512,16;512,16;512,16;512,16;512,16;512,16;512,16;512,16;512,16;512,16;512,16;512,16;512,16;512,16;512,16;512,16;512,16;512,16;512,16;512,16;512,16;512,16;512,16;512,16;512,16;512,16;512,16;512,16;512,16;512,16;512,16;512,16""",FLOAT16;FLOAT16;FLOAT16;FLOAT16;FLOAT16;FLOAT16;FLOAT16;FLOAT16;FLOAT16;FLOAT16;FLOAT16;FLOAT16;FLOAT16;FLOAT16;FLOAT16;FLOAT16;FLOAT16;FLOAT16;FLOAT16;FLOAT16;FLOAT16;FLOAT16;FLOAT16;FLOAT16;FLOAT16;FLOAT16;FLOAT16;FLOAT16;FLOAT16;FLOAT16;FLOAT16;FLOAT16;FLOAT16;FLOAT16;FLOAT16;FLOAT16;FLOAT16;FLOAT16;FLOAT16;FLOAT16;FLOAT16;FLOAT16;FLOAT16;FLOAT16;FLOAT16;FLOAT16;FLOAT16;FLOAT16;FLOAT16;FLOAT16;FLOAT16;FLOAT16;FLOAT16;FLOAT16;FLOAT16;FLOAT16;FLOAT16;FLOAT16;FLOAT16;FLOAT16;FLOAT16;FLOAT16;FLOAT16;FLOAT16;FLOAT16;FLOAT16;FLOAT16;FLOAT16;FLOAT16;FLOAT16;FLOAT16;FLOAT16;FLOAT16;FLOAT16;FLOAT16;FLOAT16;FLOAT16;FLOAT16;FLOAT16;FLOAT16;FLOAT16;FLOAT16;FLOAT16;FLOAT16;FLOAT16;FLOAT16;FLOAT16;FLOAT16;FLOAT16;FLOAT16;FLOAT16;FLOAT16;FLOAT16;FLOAT16;FLOAT16;FLOAT16;FLOAT16;FLOAT16;FLOAT16;FLOAT16;FLOAT16;FLOAT16;FLOAT16;FLOAT16;FLOAT16;FLOAT16;FLOAT16;FLOAT16;FLOAT16;FLOAT16;FLOAT16;FLOAT16;FLOAT16;FLOAT16;FLOAT16;FLOAT16;FLOAT16;FLOAT16;FLOAT16;FLOAT16;FLOAT16;FLOAT16;FLOAT16;FLOAT16;FLOAT16;FLOAT16;FLOAT16;FLOAT16,ND;ND;ND;ND;ND;ND;ND;ND;ND;ND;ND;ND;ND;ND;ND;ND;ND;ND;ND;ND;ND;ND;ND;ND;ND;ND;ND;ND;ND;ND;ND;ND;ND;ND;ND;ND;ND;ND;ND;ND;ND;ND;ND;ND;ND;ND;ND;ND;ND;ND;ND;ND;ND;ND;ND;ND;ND;ND;ND;ND;ND;ND;ND;ND;ND;ND;ND;ND;ND;ND;ND;ND;ND;ND;ND;ND;ND;ND;ND;ND;ND;ND;ND;ND;ND;ND;ND;ND;ND;ND;ND;ND;ND;ND;ND;ND;ND;ND;ND;ND;ND;ND;ND;ND;ND;ND;ND;ND;ND;ND;ND;ND;ND;ND;ND;ND;ND;ND;ND;ND;ND;ND;ND;ND;ND;ND;ND;ND,"""512,2048""",FLOAT16,ND,N/A,0.0,0,0.0,0.0,0.0,0.0,0.0,0.0,0.0,0.0,0.0,0.0,0.0,46.748,3085363,0.017,0.0,4.03,0.086,29.476,0.631,14.113,0.302,0.0,0.000
0,4294967295,6,47,aclnnMul_MulAiCore_Mul,Mul,dynamic,AI_VECTOR_CORE,1785699090281549.688	,329.367,0.129000,40,0,NO,"""4096,4096;4096,4096""",FLOAT;FLOAT,ND;ND,"""4096,4096""",FLOAT,ND,N/A,0.0,0,0.0,0.0,0.0,0.0,0.0,0.0,0.0,0.0,0.0,0.0,0.0,327.284,21600711,6.784,0.021,3.014,0.009,325.697,0.995,110.4,0.337,0.0,0.000
0,4294967295,7,47,Concat,Concat,dynamic,AI_VECTOR_CORE,1785699090281879.075	,55.881,0.000000,40,0,NO,"""512,16;512,16;512,16;512,16;512,16;512,16;512,16;512,16;512,16;512,16;512,16;512,16;512,16;512,16;512,16;512,16;512,16;512,16;512,16;512,16;512,16;512,16;512,16;512,16;512,16;512,16;512,16;512,16;512,16;512,16;512,16;512,16;512,16;512,16;512,16;512,16;512,16;512,16;512,16;512,16;512,16;512,16;512,16;512,16;512,16;512,16;512,16;512,16;512,16;512,16;512,16;512,16;512,16;512,16;512,16;512,16;512,16;512,16;512,16;512,16;512,16;512,16;512,16;512,16;512,16;512,16;512,16;512,16;512,16;512,16;512,16;512,16;512,16;512,16;512,16;512,16;512,16;512,16;512,16;512,16;512,16;512,16;512,16;512,16;512,16;512,16;512,16;512,16;512,16;512,16;512,16;512,16;512,16;512,16;512,16;512,16;512,16;512,16;512,16;512,16;512,16;512,16;512,16;512,16;512,16;512,16;512,16;512,16;512,16;512,16;512,16;512,16;512,16;512,16;512,16;512,16;512,16;512,16;512,16;512,16;512,16;512,16;512,16;512,16;512,16;512,16;512,16;512,16""",FLOAT16;FLOAT16;FLOAT16;FLOAT16;FLOAT16;FLOAT16;FLOAT16;FLOAT16;FLOAT16;FLOAT16;FLOAT16;FLOAT16;FLOAT16;FLOAT16;FLOAT16;FLOAT16;FLOAT16;FLOAT16;FLOAT16;FLOAT16;FLOAT16;FLOAT16;FLOAT16;FLOAT16;FLOAT16;FLOAT16;FLOAT16;FLOAT16;FLOAT16;FLOAT16;FLOAT16;FLOAT16;FLOAT16;FLOAT16;FLOAT16;FLOAT16;FLOAT16;FLOAT16;FLOAT16;FLOAT16;FLOAT16;FLOAT16;FLOAT16;FLOAT16;FLOAT16;FLOAT16;FLOAT16;FLOAT16;FLOAT16;FLOAT16;FLOAT16;FLOAT16;FLOAT16;FLOAT16;FLOAT16;FLOAT16;FLOAT16;FLOAT16;FLOAT16;FLOAT16;FLOAT16;FLOAT16;FLOAT16;FLOAT16;FLOAT16;FLOAT16;FLOAT16;FLOAT16;FLOAT16;FLOAT16;FLOAT16;FLOAT16;FLOAT16;FLOAT16;FLOAT16;FLOAT16;FLOAT16;FLOAT16;FLOAT16;FLOAT16;FLOAT16;FLOAT16;FLOAT16;FLOAT16;FLOAT16;FLOAT16;FLOAT16;FLOAT16;FLOAT16;FLOAT16;FLOAT16;FLOAT16;FLOAT16;FLOAT16;FLOAT16;FLOAT16;FLOAT16;FLOAT16;FLOAT16;FLOAT16;FLOAT16;FLOAT16;FLOAT16;FLOAT16;FLOAT16;FLOAT16;FLOAT16;FLOAT16;FLOAT16;FLOAT16;FLOAT16;FLOAT16;FLOAT16;FLOAT16;FLOAT16;FLOAT16;FLOAT16;FLOAT16;FLOAT16;FLOAT16;FLOAT16;FLOAT16;FLOAT16;FLOAT16;FLOAT16;FLOAT16;FLOAT16;FLOAT16,ND;ND;ND;ND;ND;ND;ND;ND;ND;ND;ND;ND;ND;ND;ND;ND;ND;ND;ND;ND;ND;ND;ND;ND;ND;ND;ND;ND;ND;ND;ND;ND;ND;ND;ND;ND;ND;ND;ND;ND;ND;ND;ND;ND;ND;ND;ND;ND;ND;ND;ND;ND;ND;ND;ND;ND;ND;ND;ND;ND;ND;ND;ND;ND;ND;ND;ND;ND;ND;ND;ND;ND;ND;ND;ND;ND;ND;ND;ND;ND;ND;ND;ND;ND;ND;ND;ND;ND;ND;ND;ND;ND;ND;ND;ND;ND;ND;ND;ND;ND;ND;ND;ND;ND;ND;ND;ND;ND;ND;ND;ND;ND;ND;ND;ND;ND;ND;ND;ND;ND;ND;ND;ND;ND;ND;ND;ND;ND,"""512,2048""",FLOAT16,ND,N/A,0.0,0,0.0,0.0,0.0,0.0,0.0,0.0,0.0,0.0,0.0,0.0,0.0,47.158,3112407,0.017,0.0,4.46,0.095,30.122,0.639,13.62,0.289,0.0,0.000
0,4294967295,8,47,aclnnMul_MulAiCore_Mul,Mul,dynamic,AI_VECTOR_CORE,1785699090281934.976	,327.847,0.119000,40,0,NO,"""4096,4096;4096,4096""",FLOAT;FLOAT,ND;ND,"""4096,4096""",FLOAT,ND,N/A,0.0,0,0.0,0.0,0.0,0.0,0.0,0.0,0.0,0.0,0.0,0.0,0.0,325.59,21488914,6.784,0.021,3.013,0.009,324.027,0.995,109.637,0.337,0.0,0.000
0,4294967295,9,47,Concat,Concat,dynamic,AI_VECTOR_CORE,1785699090282262.843	,56.421,0.000000,40,0,NO,"""512,16;512,16;512,16;512,16;512,16;512,16;512,16;512,16;512,16;512,16;512,16;512,16;512,16;512,16;512,16;512,16;512,16;512,16;512,16;512,16;512,16;512,16;512,16;512,16;512,16;512,16;512,16;512,16;512,16;512,16;512,16;512,16;512,16;512,16;512,16;512,16;512,16;512,16;512,16;512,16;512,16;512,16;512,16;512,16;512,16;512,16;512,16;512,16;512,16;512,16;512,16;512,16;512,16;512,16;512,16;512,16;512,16;512,16;512,16;512,16;512,16;512,16;512,16;512,16;512,16;512,16;512,16;512,16;512,16;512,16;512,16;512,16;512,16;512,16;512,16;512,16;512,16;512,16;512,16;512,16;512,16;512,16;512,16;512,16;512,16;512,16;512,16;512,16;512,16;512,16;512,16;512,16;512,16;512,16;512,16;512,16;512,16;512,16;512,16;512,16;512,16;512,16;512,16;512,16;512,16;512,16;512,16;512,16;512,16;512,16;512,16;512,16;512,16;512,16;512,16;512,16;512,16;512,16;512,16;512,16;512,16;512,16;512,16;512,16;512,16;512,16;512,16;512,16""",FLOAT16;FLOAT16;FLOAT16;FLOAT16;FLOAT16;FLOAT16;FLOAT16;FLOAT16;FLOAT16;FLOAT16;FLOAT16;FLOAT16;FLOAT16;FLOAT16;FLOAT16;FLOAT16;FLOAT16;FLOAT16;FLOAT16;FLOAT16;FLOAT16;FLOAT16;FLOAT16;FLOAT16;FLOAT16;FLOAT16;FLOAT16;FLOAT16;FLOAT16;FLOAT16;FLOAT16;FLOAT16;FLOAT16;FLOAT16;FLOAT16;FLOAT16;FLOAT16;FLOAT16;FLOAT16;FLOAT16;FLOAT16;FLOAT16;FLOAT16;FLOAT16;FLOAT16;FLOAT16;FLOAT16;FLOAT16;FLOAT16;FLOAT16;FLOAT16;FLOAT16;FLOAT16;FLOAT16;FLOAT16;FLOAT16;FLOAT16;FLOAT16;FLOAT16;FLOAT16;FLOAT16;FLOAT16;FLOAT16;FLOAT16;FLOAT16;FLOAT16;FLOAT16;FLOAT16;FLOAT16;FLOAT16;FLOAT16;FLOAT16;FLOAT16;FLOAT16;FLOAT16;FLOAT16;FLOAT16;FLOAT16;FLOAT16;FLOAT16;FLOAT16;FLOAT16;FLOAT16;FLOAT16;FLOAT16;FLOAT16;FLOAT16;FLOAT16;FLOAT16;FLOAT16;FLOAT16;FLOAT16;FLOAT16;FLOAT16;FLOAT16;FLOAT16;FLOAT16;FLOAT16;FLOAT16;FLOAT16;FLOAT16;FLOAT16;FLOAT16;FLOAT16;FLOAT16;FLOAT16;FLOAT16;FLOAT16;FLOAT16;FLOAT16;FLOAT16;FLOAT16;FLOAT16;FLOAT16;FLOAT16;FLOAT16;FLOAT16;FLOAT16;FLOAT16;FLOAT16;FLOAT16;FLOAT16;FLOAT16;FLOAT16;FLOAT16;FLOAT16;FLOAT16;FLOAT16,ND;ND;ND;ND;ND;ND;ND;ND;ND;ND;ND;ND;ND;ND;ND;ND;ND;ND;ND;ND;ND;ND;ND;ND;ND;ND;ND;ND;ND;ND;ND;ND;ND;ND;ND;ND;ND;ND;ND;ND;ND;ND;ND;ND;ND;ND;ND;ND;ND;ND;ND;ND;ND;ND;ND;ND;ND;ND;ND;ND;ND;ND;ND;ND;ND;ND;ND;ND;ND;ND;ND;ND;ND;ND;ND;ND;ND;ND;ND;ND;ND;ND;ND;ND;ND;ND;ND;ND;ND;ND;ND;ND;ND;ND;ND;ND;ND;ND;ND;ND;ND;ND;ND;ND;ND;ND;ND;ND;ND;ND;ND;ND;ND;ND;ND;ND;ND;ND;ND;ND;ND;ND;ND;ND;ND;ND;ND;ND,"""512,2048""",FLOAT16,ND,N/A,0.0,0,0.0,0.0,0.0,0.0,0.0,0.0,0.0,0.0,0.0,0.0,0.0,48.156,3178294,0.017,0.0,5.412,0.112,30.474,0.633,13.821,0.287,0.0,0.000
0,4294967295,10,47,aclnnMul_MulAiCore_Mul,Mul,dynamic,AI_VECTOR_CORE,1785699090282319.284	,328.306,0.079000,40,0,NO,"""4096,4096;4096,4096""",FLOAT;FLOAT,ND;ND,"""4096,4096""",FLOAT,ND,N/A,0.0,0,0.0,0.0,0.0,0.0,0.0,0.0,0.0,0.0,0.0,0.0,0.0,325.404,21476643,6.784,0.021,3.166,0.01,323.699,0.995,108.336,0.333,0.0,0.000
0,4294967295,11,47,Concat,Concat,dynamic,AI_VECTOR_CORE,1785699090282647.610	,56.441,0.000000,40,0,NO,"""512,16;512,16;512,16;512,16;512,16;512,16;512,16;512,16;512,16;512,16;512,16;512,16;512,16;512,16;512,16;512,16;512,16;512,16;512,16;512,16;512,16;512,16;512,16;512,16;512,16;512,16;512,16;512,16;512,16;512,16;512,16;512,16;512,16;512,16;512,16;512,16;512,16;512,16;512,16;512,16;512,16;512,16;512,16;512,16;512,16;512,16;512,16;512,16;512,16;512,16;512,16;512,16;512,16;512,16;512,16;512,16;512,16;512,16;512,16;512,16;512,16;512,16;512,16;512,16;512,16;512,16;512,16;512,16;512,16;512,16;512,16;512,16;512,16;512,16;512,16;512,16;512,16;512,16;512,16;512,16;512,16;512,16;512,16;512,16;512,16;512,16;512,16;512,16;512,16;512,16;512,16;512,16;512,16;512,16;512,16;512,16;512,16;512,16;512,16;512,16;512,16;512,16;512,16;512,16;512,16;512,16;512,16;512,16;512,16;512,16;512,16;512,16;512,16;512,16;512,16;512,16;512,16;512,16;512,16;512,16;512,16;512,16;512,16;512,16;512,16;512,16;512,16;512,16""",FLOAT16;FLOAT16;FLOAT16;FLOAT16;FLOAT16;FLOAT16;FLOAT16;FLOAT16;FLOAT16;FLOAT16;FLOAT16;FLOAT16;FLOAT16;FLOAT16;FLOAT16;FLOAT16;FLOAT16;FLOAT16;FLOAT16;FLOAT16;FLOAT16;FLOAT16;FLOAT16;FLOAT16;FLOAT16;FLOAT16;FLOAT16;FLOAT16;FLOAT16;FLOAT16;FLOAT16;FLOAT16;FLOAT16;FLOAT16;FLOAT16;FLOAT16;FLOAT16;FLOAT16;FLOAT16;FLOAT16;FLOAT16;FLOAT16;FLOAT16;FLOAT16;FLOAT16;FLOAT16;FLOAT16;FLOAT16;FLOAT16;FLOAT16;FLOAT16;FLOAT16;FLOAT16;FLOAT16;FLOAT16;FLOAT16;FLOAT16;FLOAT16;FLOAT16;FLOAT16;FLOAT16;FLOAT16;FLOAT16;FLOAT16;FLOAT16;FLOAT16;FLOAT16;FLOAT16;FLOAT16;FLOAT16;FLOAT16;FLOAT16;FLOAT16;FLOAT16;FLOAT16;FLOAT16;FLOAT16;FLOAT16;FLOAT16;FLOAT16;FLOAT16;FLOAT16;FLOAT16;FLOAT16;FLOAT16;FLOAT16;FLOAT16;FLOAT16;FLOAT16;FLOAT16;FLOAT16;FLOAT16;FLOAT16;FLOAT16;FLOAT16;FLOAT16;FLOAT16;FLOAT16;FLOAT16;FLOAT16;FLOAT16;FLOAT16;FLOAT16;FLOAT16;FLOAT16;FLOAT16;FLOAT16;FLOAT16;FLOAT16;FLOAT16;FLOAT16;FLOAT16;FLOAT16;FLOAT16;FLOAT16;FLOAT16;FLOAT16;FLOAT16;FLOAT16;FLOAT16;FLOAT16;FLOAT16;FLOAT16;FLOAT16;FLOAT16;FLOAT16;FLOAT16;FLOAT16,ND;ND;ND;ND;ND;ND;ND;ND;ND;ND;ND;ND;ND;ND;ND;ND;ND;ND;ND;ND;ND;ND;ND;ND;ND;ND;ND;ND;ND;ND;ND;ND;ND;ND;ND;ND;ND;ND;ND;ND;ND;ND;ND;ND;ND;ND;ND;ND;ND;ND;ND;ND;ND;ND;ND;ND;ND;ND;ND;ND;ND;ND;ND;ND;ND;ND;ND;ND;ND;ND;ND;ND;ND;ND;ND;ND;ND;ND;ND;ND;ND;ND;ND;ND;ND;ND;ND;ND;ND;ND;ND;ND;ND;ND;ND;ND;ND;ND;ND;ND;ND;ND;ND;ND;ND;ND;ND;ND;ND;ND;ND;ND;ND;ND;ND;ND;ND;ND;ND;ND;ND;ND;ND;ND;ND;ND;ND;ND,"""512,2048""",FLOAT16,ND,N/A,0.0,0,0.0,0.0,0.0,0.0,0.0,0.0,0.0,0.0,0.0,0.0,0.0,47.831,3156853,0.017,0.0,4.319,0.09,30.208,0.632,13.965,0.292,0.0,0.000
0,4294967295,12,47,aclnnMul_MulAiCore_Mul,Mul,dynamic,AI_VECTOR_CORE,1785699090282704.071	,329.067,0.059000,40,0,NO,"""4096,4096;4096,4096""",FLOAT;FLOAT,ND;ND,"""4096,4096""",FLOAT,ND,N/A,0.0,0,0.0,0.0,0.0,0.0,0.0,0.0,0.0,0.0,0.0,0.0,0.0,325.932,21511492,6.784,0.021,2.96,0.009,324.364,0.995,109.246,0.335,0.0,0.000
0,4294967295,13,47,Concat,Concat,dynamic,AI_VECTOR_CORE,1785699090283033.158	,55.181,0.183000,40,0,NO,"""512,16;512,16;512,16;512,16;512,16;512,16;512,16;512,16;512,16;512,16;512,16;512,16;512,16;512,16;512,16;512,16;512,16;512,16;512,16;512,16;512,16;512,16;512,16;512,16;512,16;512,16;512,16;512,16;512,16;512,16;512,16;512,16;512,16;512,16;512,16;512,16;512,16;512,16;512,16;512,16;512,16;512,16;512,16;512,16;512,16;512,16;512,16;512,16;512,16;512,16;512,16;512,16;512,16;512,16;512,16;512,16;512,16;512,16;512,16;512,16;512,16;512,16;512,16;512,16;512,16;512,16;512,16;512,16;512,16;512,16;512,16;512,16;512,16;512,16;512,16;512,16;512,16;512,16;512,16;512,16;512,16;512,16;512,16;512,16;512,16;512,16;512,16;512,16;512,16;512,16;512,16;512,16;512,16;512,16;512,16;512,16;512,16;512,16;512,16;512,16;512,16;512,16;512,16;512,16;512,16;512,16;512,16;512,16;512,16;512,16;512,16;512,16;512,16;512,16;512,16;512,16;512,16;512,16;512,16;512,16;512,16;512,16;512,16;512,16;512,16;512,16;512,16;512,16""",FLOAT16;FLOAT16;FLOAT16;FLOAT16;FLOAT16;FLOAT16;FLOAT16;FLOAT16;FLOAT16;FLOAT16;FLOAT16;FLOAT16;FLOAT16;FLOAT16;FLOAT16;FLOAT16;FLOAT16;FLOAT16;FLOAT16;FLOAT16;FLOAT16;FLOAT16;FLOAT16;FLOAT16;FLOAT16;FLOAT16;FLOAT16;FLOAT16;FLOAT16;FLOAT16;FLOAT16;FLOAT16;FLOAT16;FLOAT16;FLOAT16;FLOAT16;FLOAT16;FLOAT16;FLOAT16;FLOAT16;FLOAT16;FLOAT16;FLOAT16;FLOAT16;FLOAT16;FLOAT16;FLOAT16;FLOAT16;FLOAT16;FLOAT16;FLOAT16;FLOAT16;FLOAT16;FLOAT16;FLOAT16;FLOAT16;FLOAT16;FLOAT16;FLOAT16;FLOAT16;FLOAT16;FLOAT16;FLOAT16;FLOAT16;FLOAT16;FLOAT16;FLOAT16;FLOAT16;FLOAT16;FLOAT16;FLOAT16;FLOAT16;FLOAT16;FLOAT16;FLOAT16;FLOAT16;FLOAT16;FLOAT16;FLOAT16;FLOAT16;FLOAT16;FLOAT16;FLOAT16;FLOAT16;FLOAT16;FLOAT16;FLOAT16;FLOAT16;FLOAT16;FLOAT16;FLOAT16;FLOAT16;FLOAT16;FLOAT16;FLOAT16;FLOAT16;FLOAT16;FLOAT16;FLOAT16;FLOAT16;FLOAT16;FLOAT16;FLOAT16;FLOAT16;FLOAT16;FLOAT16;FLOAT16;FLOAT16;FLOAT16;FLOAT16;FLOAT16;FLOAT16;FLOAT16;FLOAT16;FLOAT16;FLOAT16;FLOAT16;FLOAT16;FLOAT16;FLOAT16;FLOAT16;FLOAT16;FLOAT16;FLOAT16;FLOAT16;FLOAT16;FLOAT16;FLOAT16,ND;ND;ND;ND;ND;ND;ND;ND;ND;ND;ND;ND;ND;ND;ND;ND;ND;ND;ND;ND;ND;ND;ND;ND;ND;ND;ND;ND;ND;ND;ND;ND;ND;ND;ND;ND;ND;ND;ND;ND;ND;ND;ND;ND;ND;ND;ND;ND;ND;ND;ND;ND;ND;ND;ND;ND;ND;ND;ND;ND;ND;ND;ND;ND;ND;ND;ND;ND;ND;ND;ND;ND;ND;ND;ND;ND;ND;ND;ND;ND;ND;ND;ND;ND;ND;ND;ND;ND;ND;ND;ND;ND;ND;ND;ND;ND;ND;ND;ND;ND;ND;ND;ND;ND;ND;ND;ND;ND;ND;ND;ND;ND;ND;ND;ND;ND;ND;ND;ND;ND;ND;ND;ND;ND;ND;ND;ND;ND,"""512,2048""",FLOAT16,ND,N/A,0.0,0,0.0,0.0,0.0,0.0,0.0,0.0,0.0,0.0,0.0,0.0,0.0,46.6,3075609,0.017,0.0,4.426,0.095,30.279,0.65,13.014,0.279,0.0,0.000
0,4294967295,14,47,aclnnMul_MulAiCore_Mul,Mul,dynamic,AI_VECTOR_CORE,1785699090283088.359	,327.887,0.000000,40,0,NO,"""4096,4096;4096,4096""",FLOAT;FLOAT,ND;ND,"""4096,4096""",FLOAT,ND,N/A,0.0,0,0.0,0.0,0.0,0.0,0.0,0.0,0.0,0.0,0.0,0.0,0.0,325.632,21491726,6.784,0.021,3.074,0.009,324.038,0.995,109.021,0.335,0.0,0.000
0,4294967295,15,47,Concat,Concat,dynamic,AI_VECTOR_CORE,1785699090283416.266	,54.961,0.113000,40,0,NO,"""512,16;512,16;512,16;512,16;512,16;512,16;512,16;512,16;512,16;512,16;512,16;512,16;512,16;512,16;512,16;512,16;512,16;512,16;512,16;512,16;512,16;512,16;512,16;512,16;512,16;512,16;512,16;512,16;512,16;512,16;512,16;512,16;512,16;512,16;512,16;512,16;512,16;512,16;512,16;512,16;512,16;512,16;512,16;512,16;512,16;512,16;512,16;512,16;512,16;512,16;512,16;512,16;512,16;512,16;512,16;512,16;512,16;512,16;512,16;512,16;512,16;512,16;512,16;512,16;512,16;512,16;512,16;512,16;512,16;512,16;512,16;512,16;512,16;512,16;512,16;512,16;512,16;512,16;512,16;512,16;512,16;512,16;512,16;512,16;512,16;512,16;512,16;512,16;512,16;512,16;512,16;512,16;512,16;512,16;512,16;512,16;512,16;512,16;512,16;512,16;512,16;512,16;512,16;512,16;512,16;512,16;512,16;512,16;512,16;512,16;512,16;512,16;512,16;512,16;512,16;512,16;512,16;512,16;512,16;512,16;512,16;512,16;512,16;512,16;512,16;512,16;512,16;512,16""",FLOAT16;FLOAT16;FLOAT16;FLOAT16;FLOAT16;FLOAT16;FLOAT16;FLOAT16;FLOAT16;FLOAT16;FLOAT16;FLOAT16;FLOAT16;FLOAT16;FLOAT16;FLOAT16;FLOAT16;FLOAT16;FLOAT16;FLOAT16;FLOAT16;FLOAT16;FLOAT16;FLOAT16;FLOAT16;FLOAT16;FLOAT16;FLOAT16;FLOAT16;FLOAT16;FLOAT16;FLOAT16;FLOAT16;FLOAT16;FLOAT16;FLOAT16;FLOAT16;FLOAT16;FLOAT16;FLOAT16;FLOAT16;FLOAT16;FLOAT16;FLOAT16;FLOAT16;FLOAT16;FLOAT16;FLOAT16;FLOAT16;FLOAT16;FLOAT16;FLOAT16;FLOAT16;FLOAT16;FLOAT16;FLOAT16;FLOAT16;FLOAT16;FLOAT16;FLOAT16;FLOAT16;FLOAT16;FLOAT16;FLOAT16;FLOAT16;FLOAT16;FLOAT16;FLOAT16;FLOAT16;FLOAT16;FLOAT16;FLOAT16;FLOAT16;FLOAT16;FLOAT16;FLOAT16;FLOAT16;FLOAT16;FLOAT16;FLOAT16;FLOAT16;FLOAT16;FLOAT16;FLOAT16;FLOAT16;FLOAT16;FLOAT16;FLOAT16;FLOAT16;FLOAT16;FLOAT16;FLOAT16;FLOAT16;FLOAT16;FLOAT16;FLOAT16;FLOAT16;FLOAT16;FLOAT16;FLOAT16;FLOAT16;FLOAT16;FLOAT16;FLOAT16;FLOAT16;FLOAT16;FLOAT16;FLOAT16;FLOAT16;FLOAT16;FLOAT16;FLOAT16;FLOAT16;FLOAT16;FLOAT16;FLOAT16;FLOAT16;FLOAT16;FLOAT16;FLOAT16;FLOAT16;FLOAT16;FLOAT16;FLOAT16;FLOAT16;FLOAT16;FLOAT16;FLOAT16,ND;ND;ND;ND;ND;ND;ND;ND;ND;ND;ND;ND;ND;ND;ND;ND;ND;ND;ND;ND;ND;ND;ND;ND;ND;ND;ND;ND;ND;ND;ND;ND;ND;ND;ND;ND;ND;ND;ND;ND;ND;ND;ND;ND;ND;ND;ND;ND;ND;ND;ND;ND;ND;ND;ND;ND;ND;ND;ND;ND;ND;ND;ND;ND;ND;ND;ND;ND;ND;ND;ND;ND;ND;ND;ND;ND;ND;ND;ND;ND;ND;ND;ND;ND;ND;ND;ND;ND;ND;ND;ND;ND;ND;ND;ND;ND;ND;ND;ND;ND;ND;ND;ND;ND;ND;ND;ND;ND;ND;ND;ND;ND;ND;ND;ND;ND;ND;ND;ND;ND;ND;ND;ND;ND;ND;ND;ND;ND,"""512,2048""",FLOAT16,ND,N/A,0.0,0,0.0,0.0,0.0,0.0,0.0,0.0,0.0,0.0,0.0,0.0,0.0,46.202,3049357,0.017,0.0,4.423,0.096,29.166,0.631,13.697,0.296,0.0,0.000
0,4294967295,16,47,aclnnMul_MulAiCore_Mul,Mul,dynamic,AI_VECTOR_CORE,1785699090283471.267	,328.066,0.039000,40,0,NO,"""4096,4096;4096,4096""",FLOAT;FLOAT,ND;ND,"""4096,4096""",FLOAT,ND,N/A,0.0,0,0.0,0.0,0.0,0.0,0.0,0.0,0.0,0.0,0.0,0.0,0.0,326.028,21517859,6.784,0.021,2.995,0.009,324.492,0.995,110.427,0.339,0.0,0.000
0,4294967295,17,47,Concat,Concat,dynamic,AI_VECTOR_CORE,1785699090283799.353	,58.002,0.000000,40,0,NO,"""512,16;512,16;512,16;512,16;512,16;512,16;512,16;512,16;512,16;512,16;512,16;512,16;512,16;512,16;512,16;512,16;512,16;512,16;512,16;512,16;512,16;512,16;512,16;512,16;512,16;512,16;512,16;512,16;512,16;512,16;512,16;512,16;512,16;512,16;512,16;512,16;512,16;512,16;512,16;512,16;512,16;512,16;512,16;512,16;512,16;512,16;512,16;512,16;512,16;512,16;512,16;512,16;512,16;512,16;512,16;512,16;512,16;512,16;512,16;512,16;512,16;512,16;512,16;512,16;512,16;512,16;512,16;512,16;512,16;512,16;512,16;512,16;512,16;512,16;512,16;512,16;512,16;512,16;512,16;512,16;512,16;512,16;512,16;512,16;512,16;512,16;512,16;512,16;512,16;512,16;512,16;512,16;512,16;512,16;512,16;512,16;512,16;512,16;512,16;512,16;512,16;512,16;512,16;512,16;512,16;512,16;512,16;512,16;512,16;512,16;512,16;512,16;512,16;512,16;512,16;512,16;512,16;512,16;512,16;512,16;512,16;512,16;512,16;512,16;512,16;512,16;512,16;512,16""",FLOAT16;FLOAT16;FLOAT16;FLOAT16;FLOAT16;FLOAT16;FLOAT16;FLOAT16;FLOAT16;FLOAT16;FLOAT16;FLOAT16;FLOAT16;FLOAT16;FLOAT16;FLOAT16;FLOAT16;FLOAT16;FLOAT16;FLOAT16;FLOAT16;FLOAT16;FLOAT16;FLOAT16;FLOAT16;FLOAT16;FLOAT16;FLOAT16;FLOAT16;FLOAT16;FLOAT16;FLOAT16;FLOAT16;FLOAT16;FLOAT16;FLOAT16;FLOAT16;FLOAT16;FLOAT16;FLOAT16;FLOAT16;FLOAT16;FLOAT16;FLOAT16;FLOAT16;FLOAT16;FLOAT16;FLOAT16;FLOAT16;FLOAT16;FLOAT16;FLOAT16;FLOAT16;FLOAT16;FLOAT16;FLOAT16;FLOAT16;FLOAT16;FLOAT16;FLOAT16;FLOAT16;FLOAT16;FLOAT16;FLOAT16;FLOAT16;FLOAT16;FLOAT16;FLOAT16;FLOAT16;FLOAT16;FLOAT16;FLOAT16;FLOAT16;FLOAT16;FLOAT16;FLOAT16;FLOAT16;FLOAT16;FLOAT16;FLOAT16;FLOAT16;FLOAT16;FLOAT16;FLOAT16;FLOAT16;FLOAT16;FLOAT16;FLOAT16;FLOAT16;FLOAT16;FLOAT16;FLOAT16;FLOAT16;FLOAT16;FLOAT16;FLOAT16;FLOAT16;FLOAT16;FLOAT16;FLOAT16;FLOAT16;FLOAT16;FLOAT16;FLOAT16;FLOAT16;FLOAT16;FLOAT16;FLOAT16;FLOAT16;FLOAT16;FLOAT16;FLOAT16;FLOAT16;FLOAT16;FLOAT16;FLOAT16;FLOAT16;FLOAT16;FLOAT16;FLOAT16;FLOAT16;FLOAT16;FLOAT16;FLOAT16;FLOAT16;FLOAT16;FLOAT16;FLOAT16,ND;ND;ND;ND;ND;ND;ND;ND;ND;ND;ND;ND;ND;ND;ND;ND;ND;ND;ND;ND;ND;ND;ND;ND;ND;ND;ND;ND;ND;ND;ND;ND;ND;ND;ND;ND;ND;ND;ND;ND;ND;ND;ND;ND;ND;ND;ND;ND;ND;ND;ND;ND;ND;ND;ND;ND;ND;ND;ND;ND;ND;ND;ND;ND;ND;ND;ND;ND;ND;ND;ND;ND;ND;ND;ND;ND;ND;ND;ND;ND;ND;ND;ND;ND;ND;ND;ND;ND;ND;ND;ND;ND;ND;ND;ND;ND;ND;ND;ND;ND;ND;ND;ND;ND;ND;ND;ND;ND;ND;ND;ND;ND;ND;ND;ND;ND;ND;ND;ND;ND;ND;ND;ND;ND;ND;ND;ND;ND,"""512,2048""",FLOAT16,ND,N/A,0.0,0,0.0,0.0,0.0,0.0,0.0,0.0,0.0,0.0,0.0,0.0,0.0,48.533,3203160,0.017,0.0,4.446,0.092,30.022,0.619,14.933,0.308,0.0,0.000
0,4294967295,18,47,aclnnMul_MulAiCore_Mul,Mul,dynamic,AI_VECTOR_CORE,1785699090283857.375	,329.246,0.248000,40,0,NO,"""4096,4096;4096,4096""",FLOAT;FLOAT,ND;ND,"""4096,4096""",FLOAT,ND,N/A,0.0,0,0.0,0.0,0.0,0.0,0.0,0.0,0.0,0.0,0.0,0.0,0.0,326.801,21568873,6.784,0.021,2.941,0.009,325.346,0.996,109.925,0.336,0.0,0.000
0,4294967295,19,47,Concat,Concat,dynamic,AI_VECTOR_CORE,1785699090284186.641	,56.041,0.004000,40,0,NO,"""512,16;512,16;512,16;512,16;512,16;512,16;512,16;512,16;512,16;512,16;512,16;512,16;512,16;512,16;512,16;512,16;512,16;512,16;512,16;512,16;512,16;512,16;512,16;512,16;512,16;512,16;512,16;512,16;512,16;512,16;512,16;512,16;512,16;512,16;512,16;512,16;512,16;512,16;512,16;512,16;512,16;512,16;512,16;512,16;512,16;512,16;512,16;512,16;512,16;512,16;512,16;512,16;512,16;512,16;512,16;512,16;512,16;512,16;512,16;512,16;512,16;512,16;512,16;512,16;512,16;512,16;512,16;512,16;512,16;512,16;512,16;512,16;512,16;512,16;512,16;512,16;512,16;512,16;512,16;512,16;512,16;512,16;512,16;512,16;512,16;512,16;512,16;512,16;512,16;512,16;512,16;512,16;512,16;512,16;512,16;512,16;512,16;512,16;512,16;512,16;512,16;512,16;512,16;512,16;512,16;512,16;512,16;512,16;512,16;512,16;512,16;512,16;512,16;512,16;512,16;512,16;512,16;512,16;512,16;512,16;512,16;512,16;512,16;512,16;512,16;512,16;512,16;512,16""",FLOAT16;FLOAT16;FLOAT16;FLOAT16;FLOAT16;FLOAT16;FLOAT16;FLOAT16;FLOAT16;FLOAT16;FLOAT16;FLOAT16;FLOAT16;FLOAT16;FLOAT16;FLOAT16;FLOAT16;FLOAT16;FLOAT16;FLOAT16;FLOAT16;FLOAT16;FLOAT16;FLOAT16;FLOAT16;FLOAT16;FLOAT16;FLOAT16;FLOAT16;FLOAT16;FLOAT16;FLOAT16;FLOAT16;FLOAT16;FLOAT16;FLOAT16;FLOAT16;FLOAT16;FLOAT16;FLOAT16;FLOAT16;FLOAT16;FLOAT16;FLOAT16;FLOAT16;FLOAT16;FLOAT16;FLOAT16;FLOAT16;FLOAT16;FLOAT16;FLOAT16;FLOAT16;FLOAT16;FLOAT16;FLOAT16;FLOAT16;FLOAT16;FLOAT16;FLOAT16;FLOAT16;FLOAT16;FLOAT16;FLOAT16;FLOAT16;FLOAT16;FLOAT16;FLOAT16;FLOAT16;FLOAT16;FLOAT16;FLOAT16;FLOAT16;FLOAT16;FLOAT16;FLOAT16;FLOAT16;FLOAT16;FLOAT16;FLOAT16;FLOAT16;FLOAT16;FLOAT16;FLOAT16;FLOAT16;FLOAT16;FLOAT16;FLOAT16;FLOAT16;FLOAT16;FLOAT16;FLOAT16;FLOAT16;FLOAT16;FLOAT16;FLOAT16;FLOAT16;FLOAT16;FLOAT16;FLOAT16;FLOAT16;FLOAT16;FLOAT16;FLOAT16;FLOAT16;FLOAT16;FLOAT16;FLOAT16;FLOAT16;FLOAT16;FLOAT16;FLOAT16;FLOAT16;FLOAT16;FLOAT16;FLOAT16;FLOAT16;FLOAT16;FLOAT16;FLOAT16;FLOAT16;FLOAT16;FLOAT16;FLOAT16;FLOAT16;FLOAT16;FLOAT16;FLOAT16,ND;ND;ND;ND;ND;ND;ND;ND;ND;ND;ND;ND;ND;ND;ND;ND;ND;ND;ND;ND;ND;ND;ND;ND;ND;ND;ND;ND;ND;ND;ND;ND;ND;ND;ND;ND;ND;ND;ND;ND;ND;ND;ND;ND;ND;ND;ND;ND;ND;ND;ND;ND;ND;ND;ND;ND;ND;ND;ND;ND;ND;ND;ND;ND;ND;ND;ND;ND;ND;ND;ND;ND;ND;ND;ND;ND;ND;ND;ND;ND;ND;ND;ND;ND;ND;ND;ND;ND;ND;ND;ND;ND;ND;ND;ND;ND;ND;ND;ND;ND;ND;ND;ND;ND;ND;ND;ND;ND;ND;ND;ND;ND;ND;ND;ND;ND;ND;ND;ND;ND;ND;ND;ND;ND;ND;ND;ND;ND,"""512,2048""",FLOAT16,ND,N/A,0.0,0,0.0,0.0,0.0,0.0,0.0,0.0,0.0,0.0,0.0,0.0,0.0,48.086,3173678,0.017,0.0,4.427,0.092,29.744,0.619,14.77,0.307,0.0,0.000
0,4294967295,20,47,aclnnMul_MulAiCore_Mul,Mul,dynamic,AI_VECTOR_CORE,1785699090284242.702	,327.767,0.000000,40,0,NO,"""4096,4096;4096,4096""",FLOAT;FLOAT,ND;ND,"""4096,4096""",FLOAT,ND,N/A,0.0,0,0.0,0.0,0.0,0.0,0.0,0.0,0.0,0.0,0.0,0.0,0.0,325.822,21504250,6.784,0.021,3.034,0.009,324.273,0.995,109.201,0.335,0.0,0.000
0,4294967295,21,47,Concat,Concat,dynamic,AI_VECTOR_CORE,1785699090284570.489	,55.261,0.000000,40,0,NO,"""512,16;512,16;512,16;512,16;512,16;512,16;512,16;512,16;512,16;512,16;512,16;512,16;512,16;512,16;512,16;512,16;512,16;512,16;512,16;512,16;512,16;512,16;512,16;512,16;512,16;512,16;512,16;512,16;512,16;512,16;512,16;512,16;512,16;512,16;512,16;512,16;512,16;512,16;512,16;512,16;512,16;512,16;512,16;512,16;512,16;512,16;512,16;512,16;512,16;512,16;512,16;512,16;512,16;512,16;512,16;512,16;512,16;512,16;512,16;512,16;512,16;512,16;512,16;512,16;512,16;512,16;512,16;512,16;512,16;512,16;512,16;512,16;512,16;512,16;512,16;512,16;512,16;512,16;512,16;512,16;512,16;512,16;512,16;512,16;512,16;512,16;512,16;512,16;512,16;512,16;512,16;512,16;512,16;512,16;512,16;512,16;512,16;512,16;512,16;512,16;512,16;512,16;512,16;512,16;512,16;512,16;512,16;512,16;512,16;512,16;512,16;512,16;512,16;512,16;512,16;512,16;512,16;512,16;512,16;512,16;512,16;512,16;512,16;512,16;512,16;512,16;512,16;512,16""",FLOAT16;FLOAT16;FLOAT16;FLOAT16;FLOAT16;FLOAT16;FLOAT16;FLOAT16;FLOAT16;FLOAT16;FLOAT16;FLOAT16;FLOAT16;FLOAT16;FLOAT16;FLOAT16;FLOAT16;FLOAT16;FLOAT16;FLOAT16;FLOAT16;FLOAT16;FLOAT16;FLOAT16;FLOAT16;FLOAT16;FLOAT16;FLOAT16;FLOAT16;FLOAT16;FLOAT16;FLOAT16;FLOAT16;FLOAT16;FLOAT16;FLOAT16;FLOAT16;FLOAT16;FLOAT16;FLOAT16;FLOAT16;FLOAT16;FLOAT16;FLOAT16;FLOAT16;FLOAT16;FLOAT16;FLOAT16;FLOAT16;FLOAT16;FLOAT16;FLOAT16;FLOAT16;FLOAT16;FLOAT16;FLOAT16;FLOAT16;FLOAT16;FLOAT16;FLOAT16;FLOAT16;FLOAT16;FLOAT16;FLOAT16;FLOAT16;FLOAT16;FLOAT16;FLOAT16;FLOAT16;FLOAT16;FLOAT16;FLOAT16;FLOAT16;FLOAT16;FLOAT16;FLOAT16;FLOAT16;FLOAT16;FLOAT16;FLOAT16;FLOAT16;FLOAT16;FLOAT16;FLOAT16;FLOAT16;FLOAT16;FLOAT16;FLOAT16;FLOAT16;FLOAT16;FLOAT16;FLOAT16;FLOAT16;FLOAT16;FLOAT16;FLOAT16;FLOAT16;FLOAT16;FLOAT16;FLOAT16;FLOAT16;FLOAT16;FLOAT16;FLOAT16;FLOAT16;FLOAT16;FLOAT16;FLOAT16;FLOAT16;FLOAT16;FLOAT16;FLOAT16;FLOAT16;FLOAT16;FLOAT16;FLOAT16;FLOAT16;FLOAT16;FLOAT16;FLOAT16;FLOAT16;FLOAT16;FLOAT16;FLOAT16;FLOAT16;FLOAT16;FLOAT16;FLOAT16,ND;ND;ND;ND;ND;ND;ND;ND;ND;ND;ND;ND;ND;ND;ND;ND;ND;ND;ND;ND;ND;ND;ND;ND;ND;ND;ND;ND;ND;ND;ND;ND;ND;ND;ND;ND;ND;ND;ND;ND;ND;ND;ND;ND;ND;ND;ND;ND;ND;ND;ND;ND;ND;ND;ND;ND;ND;ND;ND;ND;ND;ND;ND;ND;ND;ND;ND;ND;ND;ND;ND;ND;ND;ND;ND;ND;ND;ND;ND;ND;ND;ND;ND;ND;ND;ND;ND;ND;ND;ND;ND;ND;ND;ND;ND;ND;ND;ND;ND;ND;ND;ND;ND;ND;ND;ND;ND;ND;ND;ND;ND;ND;ND;ND;ND;ND;ND;ND;ND;ND;ND;ND;ND;ND;ND;ND;ND;ND,"""512,2048""",FLOAT16,ND,N/A,0.0,0,0.0,0.0,0.0,0.0,0.0,0.0,0.0,0.0,0.0,0.0,0.0,46.789,3088083,0.017,0.0,4.24,0.091,29.51,0.631,13.957,0.298,0.0,0.000
0,4294967295,22,47,aclnnMul_MulAiCore_Mul,Mul,dynamic,AI_VECTOR_CORE,1785699090284625.770	,328.226,0.000000,40,0,NO,"""4096,4096;4096,4096""",FLOAT;FLOAT,ND;ND,"""4096,4096""",FLOAT,ND,N/A,0.0,0,0.0,0.0,0.0,0.0,0.0,0.0,0.0,0.0,0.0,0.0,0.0,325.389,21475696,6.784,0.021,2.936,0.009,323.913,0.995,109.788,0.337,0.0,0.000
0,4294967295,23,47,Concat,Concat,dynamic,AI_VECTOR_CORE,1785699090284954.016	,54.402,0.024000,40,0,NO,"""512,16;512,16;512,16;512,16;512,16;512,16;512,16;512,16;512,16;512,16;512,16;512,16;512,16;512,16;512,16;512,16;512,16;512,16;512,16;512,16;512,16;512,16;512,16;512,16;512,16;512,16;512,16;512,16;512,16;512,16;512,16;512,16;512,16;512,16;512,16;512,16;512,16;512,16;512,16;512,16;512,16;512,16;512,16;512,16;512,16;512,16;512,16;512,16;512,16;512,16;512,16;512,16;512,16;512,16;512,16;512,16;512,16;512,16;512,16;512,16;512,16;512,16;512,16;512,16;512,16;512,16;512,16;512,16;512,16;512,16;512,16;512,16;512,16;512,16;512,16;512,16;512,16;512,16;512,16;512,16;512,16;512,16;512,16;512,16;512,16;512,16;512,16;512,16;512,16;512,16;512,16;512,16;512,16;512,16;512,16;512,16;512,16;512,16;512,16;512,16;512,16;512,16;512,16;512,16;512,16;512,16;512,16;512,16;512,16;512,16;512,16;512,16;512,16;512,16;512,16;512,16;512,16;512,16;512,16;512,16;512,16;512,16;512,16;512,16;512,16;512,16;512,16;512,16""",FLOAT16;FLOAT16;FLOAT16;FLOAT16;FLOAT16;FLOAT16;FLOAT16;FLOAT16;FLOAT16;FLOAT16;FLOAT16;FLOAT16;FLOAT16;FLOAT16;FLOAT16;FLOAT16;FLOAT16;FLOAT16;FLOAT16;FLOAT16;FLOAT16;FLOAT16;FLOAT16;FLOAT16;FLOAT16;FLOAT16;FLOAT16;FLOAT16;FLOAT16;FLOAT16;FLOAT16;FLOAT16;FLOAT16;FLOAT16;FLOAT16;FLOAT16;FLOAT16;FLOAT16;FLOAT16;FLOAT16;FLOAT16;FLOAT16;FLOAT16;FLOAT16;FLOAT16;FLOAT16;FLOAT16;FLOAT16;FLOAT16;FLOAT16;FLOAT16;FLOAT16;FLOAT16;FLOAT16;FLOAT16;FLOAT16;FLOAT16;FLOAT16;FLOAT16;FLOAT16;FLOAT16;FLOAT16;FLOAT16;FLOAT16;FLOAT16;FLOAT16;FLOAT16;FLOAT16;FLOAT16;FLOAT16;FLOAT16;FLOAT16;FLOAT16;FLOAT16;FLOAT16;FLOAT16;FLOAT16;FLOAT16;FLOAT16;FLOAT16;FLOAT16;FLOAT16;FLOAT16;FLOAT16;FLOAT16;FLOAT16;FLOAT16;FLOAT16;FLOAT16;FLOAT16;FLOAT16;FLOAT16;FLOAT16;FLOAT16;FLOAT16;FLOAT16;FLOAT16;FLOAT16;FLOAT16;FLOAT16;FLOAT16;FLOAT16;FLOAT16;FLOAT16;FLOAT16;FLOAT16;FLOAT16;FLOAT16;FLOAT16;FLOAT16;FLOAT16;FLOAT16;FLOAT16;FLOAT16;FLOAT16;FLOAT16;FLOAT16;FLOAT16;FLOAT16;FLOAT16;FLOAT16;FLOAT16;FLOAT16;FLOAT16;FLOAT16;FLOAT16;FLOAT16;FLOAT16,ND;ND;ND;ND;ND;ND;ND;ND;ND;ND;ND;ND;ND;ND;ND;ND;ND;ND;ND;ND;ND;ND;ND;ND;ND;ND;ND;ND;ND;ND;ND;ND;ND;ND;ND;ND;ND;ND;ND;ND;ND;ND;ND;ND;ND;ND;ND;ND;ND;ND;ND;ND;ND;ND;ND;ND;ND;ND;ND;ND;ND;ND;ND;ND;ND;ND;ND;ND;ND;ND;ND;ND;ND;ND;ND;ND;ND;ND;ND;ND;ND;ND;ND;ND;ND;ND;ND;ND;ND;ND;ND;ND;ND;ND;ND;ND;ND;ND;ND;ND;ND;ND;ND;ND;ND;ND;ND;ND;ND;ND;ND;ND;ND;ND;ND;ND;ND;ND;ND;ND;ND;ND;ND;ND;ND;ND;ND;ND,"""512,2048""",FLOAT16,ND,N/A,0.0,0,0.0,0.0,0.0,0.0,0.0,0.0,0.0,0.0,0.0,0.0,0.0,46.193,3048739,0.017,0.0,4.293,0.093,29.576,0.64,13.398,0.29,0.0,0.000
0,4294967295,24,47,aclnnMul_MulAiCore_Mul,Mul,dynamic,AI_VECTOR_CORE,1785699090285008.438	,328.306,0.098000,40,0,NO,"""4096,4096;4096,4096""",FLOAT;FLOAT,ND;ND,"""4096,4096""",FLOAT,ND,N/A,0.0,0,0.0,0.0,0.0,0.0,0.0,0.0,0.0,0.0,0.0,0.0,0.0,325.459,21480317,6.784,0.021,3.1,0.01,323.814,0.995,109.858,0.338,0.0,0.000
0,4294967295,25,47,Concat,Concat,dynamic,AI_VECTOR_CORE,1785699090285336.764	,57.461,0.000000,40,0,NO,"""512,16;512,16;512,16;512,16;512,16;512,16;512,16;512,16;512,16;512,16;512,16;512,16;512,16;512,16;512,16;512,16;512,16;512,16;512,16;512,16;512,16;512,16;512,16;512,16;512,16;512,16;512,16;512,16;512,16;512,16;512,16;512,16;512,16;512,16;512,16;512,16;512,16;512,16;512,16;512,16;512,16;512,16;512,16;512,16;512,16;512,16;512,16;512,16;512,16;512,16;512,16;512,16;512,16;512,16;512,16;512,16;512,16;512,16;512,16;512,16;512,16;512,16;512,16;512,16;512,16;512,16;512,16;512,16;512,16;512,16;512,16;512,16;512,16;512,16;512,16;512,16;512,16;512,16;512,16;512,16;512,16;512,16;512,16;512,16;512,16;512,16;512,16;512,16;512,16;512,16;512,16;512,16;512,16;512,16;512,16;512,16;512,16;512,16;512,16;512,16;512,16;512,16;512,16;512,16;512,16;512,16;512,16;512,16;512,16;512,16;512,16;512,16;512,16;512,16;512,16;512,16;512,16;512,16;512,16;512,16;512,16;512,16;512,16;512,16;512,16;512,16;512,16;512,16""",FLOAT16;FLOAT16;FLOAT16;FLOAT16;FLOAT16;FLOAT16;FLOAT16;FLOAT16;FLOAT16;FLOAT16;FLOAT16;FLOAT16;FLOAT16;FLOAT16;FLOAT16;FLOAT16;FLOAT16;FLOAT16;FLOAT16;FLOAT16;FLOAT16;FLOAT16;FLOAT16;FLOAT16;FLOAT16;FLOAT16;FLOAT16;FLOAT16;FLOAT16;FLOAT16;FLOAT16;FLOAT16;FLOAT16;FLOAT16;FLOAT16;FLOAT16;FLOAT16;FLOAT16;FLOAT16;FLOAT16;FLOAT16;FLOAT16;FLOAT16;FLOAT16;FLOAT16;FLOAT16;FLOAT16;FLOAT16;FLOAT16;FLOAT16;FLOAT16;FLOAT16;FLOAT16;FLOAT16;FLOAT16;FLOAT16;FLOAT16;FLOAT16;FLOAT16;FLOAT16;FLOAT16;FLOAT16;FLOAT16;FLOAT16;FLOAT16;FLOAT16;FLOAT16;FLOAT16;FLOAT16;FLOAT16;FLOAT16;FLOAT16;FLOAT16;FLOAT16;FLOAT16;FLOAT16;FLOAT16;FLOAT16;FLOAT16;FLOAT16;FLOAT16;FLOAT16;FLOAT16;FLOAT16;FLOAT16;FLOAT16;FLOAT16;FLOAT16;FLOAT16;FLOAT16;FLOAT16;FLOAT16;FLOAT16;FLOAT16;FLOAT16;FLOAT16;FLOAT16;FLOAT16;FLOAT16;FLOAT16;FLOAT16;FLOAT16;FLOAT16;FLOAT16;FLOAT16;FLOAT16;FLOAT16;FLOAT16;FLOAT16;FLOAT16;FLOAT16;FLOAT16;FLOAT16;FLOAT16;FLOAT16;FLOAT16;FLOAT16;FLOAT16;FLOAT16;FLOAT16;FLOAT16;FLOAT16;FLOAT16;FLOAT16;FLOAT16;FLOAT16;FLOAT16;FLOAT16,ND;ND;ND;ND;ND;ND;ND;ND;ND;ND;ND;ND;ND;ND;ND;ND;ND;ND;ND;ND;ND;ND;ND;ND;ND;ND;ND;ND;ND;ND;ND;ND;ND;ND;ND;ND;ND;ND;ND;ND;ND;ND;ND;ND;ND;ND;ND;ND;ND;ND;ND;ND;ND;ND;ND;ND;ND;ND;ND;ND;ND;ND;ND;ND;ND;ND;ND;ND;ND;ND;ND;ND;ND;ND;ND;ND;ND;ND;ND;ND;ND;ND;ND;ND;ND;ND;ND;ND;ND;ND;ND;ND;ND;ND;ND;ND;ND;ND;ND;ND;ND;ND;ND;ND;ND;ND;ND;ND;ND;ND;ND;ND;ND;ND;ND;ND;ND;ND;ND;ND;ND;ND;ND;ND;ND;ND;ND;ND,"""512,2048""",FLOAT16,ND,N/A,0.0,0,0.0,0.0,0.0,0.0,0.0,0.0,0.0,0.0,0.0,0.0,0.0,48.244,3184077,0.017,0.0,5.027,0.104,30.106,0.624,14.134,0.293,0.0,0.000
0,4294967295,26,47,aclnnMul_MulAiCore_Mul,Mul,dynamic,AI_VECTOR_CORE,1785699090285394.265	,328.107,0.039000,40,0,NO,"""4096,4096;4096,4096""",FLOAT;FLOAT,ND;ND,"""4096,4096""",FLOAT,ND,N/A,0.0,0,0.0,0.0,0.0,0.0,0.0,0.0,0.0,0.0,0.0,0.0,0.0,325.821,21504158,6.784,0.021,3.005,0.009,324.282,0.995,110.256,0.338,0.0,0.000
0,4294967295,27,47,Concat,Concat,dynamic,AI_VECTOR_CORE,1785699090285722.412	,57.701,0.143000,40,0,NO,"""512,16;512,16;512,16;512,16;512,16;512,16;512,16;512,16;512,16;512,16;512,16;512,16;512,16;512,16;512,16;512,16;512,16;512,16;512,16;512,16;512,16;512,16;512,16;512,16;512,16;512,16;512,16;512,16;512,16;512,16;512,16;512,16;512,16;512,16;512,16;512,16;512,16;512,16;512,16;512,16;512,16;512,16;512,16;512,16;512,16;512,16;512,16;512,16;512,16;512,16;512,16;512,16;512,16;512,16;512,16;512,16;512,16;512,16;512,16;512,16;512,16;512,16;512,16;512,16;512,16;512,16;512,16;512,16;512,16;512,16;512,16;512,16;512,16;512,16;512,16;512,16;512,16;512,16;512,16;512,16;512,16;512,16;512,16;512,16;512,16;512,16;512,16;512,16;512,16;512,16;512,16;512,16;512,16;512,16;512,16;512,16;512,16;512,16;512,16;512,16;512,16;512,16;512,16;512,16;512,16;512,16;512,16;512,16;512,16;512,16;512,16;512,16;512,16;512,16;512,16;512,16;512,16;512,16;512,16;512,16;512,16;512,16;512,16;512,16;512,16;512,16;512,16;512,16""",FLOAT16;FLOAT16;FLOAT16;FLOAT16;FLOAT16;FLOAT16;FLOAT16;FLOAT16;FLOAT16;FLOAT16;FLOAT16;FLOAT16;FLOAT16;FLOAT16;FLOAT16;FLOAT16;FLOAT16;FLOAT16;FLOAT16;FLOAT16;FLOAT16;FLOAT16;FLOAT16;FLOAT16;FLOAT16;FLOAT16;FLOAT16;FLOAT16;FLOAT16;FLOAT16;FLOAT16;FLOAT16;FLOAT16;FLOAT16;FLOAT16;FLOAT16;FLOAT16;FLOAT16;FLOAT16;FLOAT16;FLOAT16;FLOAT16;FLOAT16;FLOAT16;FLOAT16;FLOAT16;FLOAT16;FLOAT16;FLOAT16;FLOAT16;FLOAT16;FLOAT16;FLOAT16;FLOAT16;FLOAT16;FLOAT16;FLOAT16;FLOAT16;FLOAT16;FLOAT16;FLOAT16;FLOAT16;FLOAT16;FLOAT16;FLOAT16;FLOAT16;FLOAT16;FLOAT16;FLOAT16;FLOAT16;FLOAT16;FLOAT16;FLOAT16;FLOAT16;FLOAT16;FLOAT16;FLOAT16;FLOAT16;FLOAT16;FLOAT16;FLOAT16;FLOAT16;FLOAT16;FLOAT16;FLOAT16;FLOAT16;FLOAT16;FLOAT16;FLOAT16;FLOAT16;FLOAT16;FLOAT16;FLOAT16;FLOAT16;FLOAT16;FLOAT16;FLOAT16;FLOAT16;FLOAT16;FLOAT16;FLOAT16;FLOAT16;FLOAT16;FLOAT16;FLOAT16;FLOAT16;FLOAT16;FLOAT16;FLOAT16;FLOAT16;FLOAT16;FLOAT16;FLOAT16;FLOAT16;FLOAT16;FLOAT16;FLOAT16;FLOAT16;FLOAT16;FLOAT16;FLOAT16;FLOAT16;FLOAT16;FLOAT16;FLOAT16;FLOAT16;FLOAT16;FLOAT16,ND;ND;ND;ND;ND;ND;ND;ND;ND;ND;ND;ND;ND;ND;ND;ND;ND;ND;ND;ND;ND;ND;ND;ND;ND;ND;ND;ND;ND;ND;ND;ND;ND;ND;ND;ND;ND;ND;ND;ND;ND;ND;ND;ND;ND;ND;ND;ND;ND;ND;ND;ND;ND;ND;ND;ND;ND;ND;ND;ND;ND;ND;ND;ND;ND;ND;ND;ND;ND;ND;ND;ND;ND;ND;ND;ND;ND;ND;ND;ND;ND;ND;ND;ND;ND;ND;ND;ND;ND;ND;ND;ND;ND;ND;ND;ND;ND;ND;ND;ND;ND;ND;ND;ND;ND;ND;ND;ND;ND;ND;ND;ND;ND;ND;ND;ND;ND;ND;ND;ND;ND;ND;ND;ND;ND;ND;ND;ND,"""512,2048""",FLOAT16,ND,N/A,0.0,0,0.0,0.0,0.0,0.0,0.0,0.0,0.0,0.0,0.0,0.0,0.0,48.741,3216892,0.017,0.0,4.981,0.102,31.235,0.641,13.527,0.278,0.0,0.000
0,4294967295,28,47,aclnnMul_MulAiCore_Mul,Mul,dynamic,AI_VECTOR_CORE,1785699090285780.133	,328.006,0.049000,40,0,NO,"""4096,4096;4096,4096""",FLOAT;FLOAT,ND;ND,"""4096,4096""",FLOAT,ND,N/A,0.0,0,0.0,0.0,0.0,0.0,0.0,0.0,0.0,0.0,0.0,0.0,0.0,325.89,21508715,6.784,0.021,3.168,0.01,324.199,0.995,108.292,0.332,0.0,0.000
0,4294967295,29,47,Concat,Concat,dynamic,AI_VECTOR_CORE,1785699090286108.179	,54.602,0.000000,40,0,NO,"""512,16;512,16;512,16;512,16;512,16;512,16;512,16;512,16;512,16;512,16;512,16;512,16;512,16;512,16;512,16;512,16;512,16;512,16;512,16;512,16;512,16;512,16;512,16;512,16;512,16;512,16;512,16;512,16;512,16;512,16;512,16;512,16;512,16;512,16;512,16;512,16;512,16;512,16;512,16;512,16;512,16;512,16;512,16;512,16;512,16;512,16;512,16;512,16;512,16;512,16;512,16;512,16;512,16;512,16;512,16;512,16;512,16;512,16;512,16;512,16;512,16;512,16;512,16;512,16;512,16;512,16;512,16;512,16;512,16;512,16;512,16;512,16;512,16;512,16;512,16;512,16;512,16;512,16;512,16;512,16;512,16;512,16;512,16;512,16;512,16;512,16;512,16;512,16;512,16;512,16;512,16;512,16;512,16;512,16;512,16;512,16;512,16;512,16;512,16;512,16;512,16;512,16;512,16;512,16;512,16;512,16;512,16;512,16;512,16;512,16;512,16;512,16;512,16;512,16;512,16;512,16;512,16;512,16;512,16;512,16;512,16;512,16;512,16;512,16;512,16;512,16;512,16;512,16""",FLOAT16;FLOAT16;FLOAT16;FLOAT16;FLOAT16;FLOAT16;FLOAT16;FLOAT16;FLOAT16;FLOAT16;FLOAT16;FLOAT16;FLOAT16;FLOAT16;FLOAT16;FLOAT16;FLOAT16;FLOAT16;FLOAT16;FLOAT16;FLOAT16;FLOAT16;FLOAT16;FLOAT16;FLOAT16;FLOAT16;FLOAT16;FLOAT16;FLOAT16;FLOAT16;FLOAT16;FLOAT16;FLOAT16;FLOAT16;FLOAT16;FLOAT16;FLOAT16;FLOAT16;FLOAT16;FLOAT16;FLOAT16;FLOAT16;FLOAT16;FLOAT16;FLOAT16;FLOAT16;FLOAT16;FLOAT16;FLOAT16;FLOAT16;FLOAT16;FLOAT16;FLOAT16;FLOAT16;FLOAT16;FLOAT16;FLOAT16;FLOAT16;FLOAT16;FLOAT16;FLOAT16;FLOAT16;FLOAT16;FLOAT16;FLOAT16;FLOAT16;FLOAT16;FLOAT16;FLOAT16;FLOAT16;FLOAT16;FLOAT16;FLOAT16;FLOAT16;FLOAT16;FLOAT16;FLOAT16;FLOAT16;FLOAT16;FLOAT16;FLOAT16;FLOAT16;FLOAT16;FLOAT16;FLOAT16;FLOAT16;FLOAT16;FLOAT16;FLOAT16;FLOAT16;FLOAT16;FLOAT16;FLOAT16;FLOAT16;FLOAT16;FLOAT16;FLOAT16;FLOAT16;FLOAT16;FLOAT16;FLOAT16;FLOAT16;FLOAT16;FLOAT16;FLOAT16;FLOAT16;FLOAT16;FLOAT16;FLOAT16;FLOAT16;FLOAT16;FLOAT16;FLOAT16;FLOAT16;FLOAT16;FLOAT16;FLOAT16;FLOAT16;FLOAT16;FLOAT16;FLOAT16;FLOAT16;FLOAT16;FLOAT16;FLOAT16;FLOAT16;FLOAT16;FLOAT16,ND;ND;ND;ND;ND;ND;ND;ND;ND;ND;ND;ND;ND;ND;ND;ND;ND;ND;ND;ND;ND;ND;ND;ND;ND;ND;ND;ND;ND;ND;ND;ND;ND;ND;ND;ND;ND;ND;ND;ND;ND;ND;ND;ND;ND;ND;ND;ND;ND;ND;ND;ND;ND;ND;ND;ND;ND;ND;ND;ND;ND;ND;ND;ND;ND;ND;ND;ND;ND;ND;ND;ND;ND;ND;ND;ND;ND;ND;ND;ND;ND;ND;ND;ND;ND;ND;ND;ND;ND;ND;ND;ND;ND;ND;ND;ND;ND;ND;ND;ND;ND;ND;ND;ND;ND;ND;ND;ND;ND;ND;ND;ND;ND;ND;ND;ND;ND;ND;ND;ND;ND;ND;ND;ND;ND;ND;ND;ND,"""512,2048""",FLOAT16,ND,N/A,0.0,0,0.0,0.0,0.0,0.0,0.0,0.0,0.0,0.0,0.0,0.0,0.0,46.111,3043358,0.017,0.0,4.342,0.094,29.101,0.631,13.437,0.291,0.0,0.000
0,4294967295,30,47,aclnnMul_MulAiCore_Mul,Mul,dynamic,AI_VECTOR_CORE,1785699090286162.821	,328.386,0.000000,40,0,NO,"""4096,4096;4096,4096""",FLOAT;FLOAT,ND;ND,"""4096,4096""",FLOAT,ND,N/A,0.0,0,0.0,0.0,0.0,0.0,0.0,0.0,0.0,0.0,0.0,0.0,0.0,325.779,21501417,6.784,0.021,2.966,0.009,324.237,0.995,108.424,0.333,0.0,0.000
0,4294967295,31,47,Concat,Concat,dynamic,AI_VECTOR_CORE,1785699090286491.227	,54.441,0.114000,40,0,NO,"""512,16;512,16;512,16;512,16;512,16;512,16;512,16;512,16;512,16;512,16;512,16;512,16;512,16;512,16;512,16;512,16;512,16;512,16;512,16;512,16;512,16;512,16;512,16;512,16;512,16;512,16;512,16;512,16;512,16;512,16;512,16;512,16;512,16;512,16;512,16;512,16;512,16;512,16;512,16;512,16;512,16;512,16;512,16;512,16;512,16;512,16;512,16;512,16;512,16;512,16;512,16;512,16;512,16;512,16;512,16;512,16;512,16;512,16;512,16;512,16;512,16;512,16;512,16;512,16;512,16;512,16;512,16;512,16;512,16;512,16;512,16;512,16;512,16;512,16;512,16;512,16;512,16;512,16;512,16;512,16;512,16;512,16;512,16;512,16;512,16;512,16;512,16;512,16;512,16;512,16;512,16;512,16;512,16;512,16;512,16;512,16;512,16;512,16;512,16;512,16;512,16;512,16;512,16;512,16;512,16;512,16;512,16;512,16;512,16;512,16;512,16;512,16;512,16;512,16;512,16;512,16;512,16;512,16;512,16;512,16;512,16;512,16;512,16;512,16;512,16;512,16;512,16;512,16""",FLOAT16;FLOAT16;FLOAT16;FLOAT16;FLOAT16;FLOAT16;FLOAT16;FLOAT16;FLOAT16;FLOAT16;FLOAT16;FLOAT16;FLOAT16;FLOAT16;FLOAT16;FLOAT16;FLOAT16;FLOAT16;FLOAT16;FLOAT16;FLOAT16;FLOAT16;FLOAT16;FLOAT16;FLOAT16;FLOAT16;FLOAT16;FLOAT16;FLOAT16;FLOAT16;FLOAT16;FLOAT16;FLOAT16;FLOAT16;FLOAT16;FLOAT16;FLOAT16;FLOAT16;FLOAT16;FLOAT16;FLOAT16;FLOAT16;FLOAT16;FLOAT16;FLOAT16;FLOAT16;FLOAT16;FLOAT16;FLOAT16;FLOAT16;FLOAT16;FLOAT16;FLOAT16;FLOAT16;FLOAT16;FLOAT16;FLOAT16;FLOAT16;FLOAT16;FLOAT16;FLOAT16;FLOAT16;FLOAT16;FLOAT16;FLOAT16;FLOAT16;FLOAT16;FLOAT16;FLOAT16;FLOAT16;FLOAT16;FLOAT16;FLOAT16;FLOAT16;FLOAT16;FLOAT16;FLOAT16;FLOAT16;FLOAT16;FLOAT16;FLOAT16;FLOAT16;FLOAT16;FLOAT16;FLOAT16;FLOAT16;FLOAT16;FLOAT16;FLOAT16;FLOAT16;FLOAT16;FLOAT16;FLOAT16;FLOAT16;FLOAT16;FLOAT16;FLOAT16;FLOAT16;FLOAT16;FLOAT16;FLOAT16;FLOAT16;FLOAT16;FLOAT16;FLOAT16;FLOAT16;FLOAT16;FLOAT16;FLOAT16;FLOAT16;FLOAT16;FLOAT16;FLOAT16;FLOAT16;FLOAT16;FLOAT16;FLOAT16;FLOAT16;FLOAT16;FLOAT16;FLOAT16;FLOAT16;FLOAT16;FLOAT16;FLOAT16;FLOAT16;FLOAT16;FLOAT16,ND;ND;ND;ND;ND;ND;ND;ND;ND;ND;ND;ND;ND;ND;ND;ND;ND;ND;ND;ND;ND;ND;ND;ND;ND;ND;ND;ND;ND;ND;ND;ND;ND;ND;ND;ND;ND;ND;ND;ND;ND;ND;ND;ND;ND;ND;ND;ND;ND;ND;ND;ND;ND;ND;ND;ND;ND;ND;ND;ND;ND;ND;ND;ND;ND;ND;ND;ND;ND;ND;ND;ND;ND;ND;ND;ND;ND;ND;ND;ND;ND;ND;ND;ND;ND;ND;ND;ND;ND;ND;ND;ND;ND;ND;ND;ND;ND;ND;ND;ND;ND;ND;ND;ND;ND;ND;ND;ND;ND;ND;ND;ND;ND;ND;ND;ND;ND;ND;ND;ND;ND;ND;ND;ND;ND;ND;ND;ND,"""512,2048""",FLOAT16,ND,N/A,0.0,0,0.0,0.0,0.0,0.0,0.0,0.0,0.0,0.0,0.0,0.0,0.0,46.254,3052740,0.017,0.0,4.092,0.088,29.073,0.629,13.849,0.299,0.0,0.000
0,4294967295,32,47,aclnnMul_MulAiCore_Mul,Mul,dynamic,AI_VECTOR_CORE,1785699090286545.688	,327.587,0.059000,40,0,NO,"""4096,4096;4096,4096""",FLOAT;FLOAT,ND;ND,"""4096,4096""",FLOAT,ND,N/A,0.0,0,0.0,0.0,0.0,0.0,0.0,0.0,0.0,0.0,0.0,0.0,0.0,325.197,21463006,6.784,0.021,3.008,0.009,323.647,0.995,108.361,0.333,0.0,0.000
0,4294967295,33,47,Concat,Concat,dynamic,AI_VECTOR_CORE,1785699090286873.295	,59.601,0.000000,40,0,NO,"""512,16;512,16;512,16;512,16;512,16;512,16;512,16;512,16;512,16;512,16;512,16;512,16;512,16;512,16;512,16;512,16;512,16;512,16;512,16;512,16;512,16;512,16;512,16;512,16;512,16;512,16;512,16;512,16;512,16;512,16;512,16;512,16;512,16;512,16;512,16;512,16;512,16;512,16;512,16;512,16;512,16;512,16;512,16;512,16;512,16;512,16;512,16;512,16;512,16;512,16;512,16;512,16;512,16;512,16;512,16;512,16;512,16;512,16;512,16;512,16;512,16;512,16;512,16;512,16;512,16;512,16;512,16;512,16;512,16;512,16;512,16;512,16;512,16;512,16;512,16;512,16;512,16;512,16;512,16;512,16;512,16;512,16;512,16;512,16;512,16;512,16;512,16;512,16;512,16;512,16;512,16;512,16;512,16;512,16;512,16;512,16;512,16;512,16;512,16;512,16;512,16;512,16;512,16;512,16;512,16;512,16;512,16;512,16;512,16;512,16;512,16;512,16;512,16;512,16;512,16;512,16;512,16;512,16;512,16;512,16;512,16;512,16;512,16;512,16;512,16;512,16;512,16;512,16""",FLOAT16;FLOAT16;FLOAT16;FLOAT16;FLOAT16;FLOAT16;FLOAT16;FLOAT16;FLOAT16;FLOAT16;FLOAT16;FLOAT16;FLOAT16;FLOAT16;FLOAT16;FLOAT16;FLOAT16;FLOAT16;FLOAT16;FLOAT16;FLOAT16;FLOAT16;FLOAT16;FLOAT16;FLOAT16;FLOAT16;FLOAT16;FLOAT16;FLOAT16;FLOAT16;FLOAT16;FLOAT16;FLOAT16;FLOAT16;FLOAT16;FLOAT16;FLOAT16;FLOAT16;FLOAT16;FLOAT16;FLOAT16;FLOAT16;FLOAT16;FLOAT16;FLOAT16;FLOAT16;FLOAT16;FLOAT16;FLOAT16;FLOAT16;FLOAT16;FLOAT16;FLOAT16;FLOAT16;FLOAT16;FLOAT16;FLOAT16;FLOAT16;FLOAT16;FLOAT16;FLOAT16;FLOAT16;FLOAT16;FLOAT16;FLOAT16;FLOAT16;FLOAT16;FLOAT16;FLOAT16;FLOAT16;FLOAT16;FLOAT16;FLOAT16;FLOAT16;FLOAT16;FLOAT16;FLOAT16;FLOAT16;FLOAT16;FLOAT16;FLOAT16;FLOAT16;FLOAT16;FLOAT16;FLOAT16;FLOAT16;FLOAT16;FLOAT16;FLOAT16;FLOAT16;FLOAT16;FLOAT16;FLOAT16;FLOAT16;FLOAT16;FLOAT16;FLOAT16;FLOAT16;FLOAT16;FLOAT16;FLOAT16;FLOAT16;FLOAT16;FLOAT16;FLOAT16;FLOAT16;FLOAT16;FLOAT16;FLOAT16;FLOAT16;FLOAT16;FLOAT16;FLOAT16;FLOAT16;FLOAT16;FLOAT16;FLOAT16;FLOAT16;FLOAT16;FLOAT16;FLOAT16;FLOAT16;FLOAT16;FLOAT16;FLOAT16;FLOAT16;FLOAT16;FLOAT16,ND;ND;ND;ND;ND;ND;ND;ND;ND;ND;ND;ND;ND;ND;ND;ND;ND;ND;ND;ND;ND;ND;ND;ND;ND;ND;ND;ND;ND;ND;ND;ND;ND;ND;ND;ND;ND;ND;ND;ND;ND;ND;ND;ND;ND;ND;ND;ND;ND;ND;ND;ND;ND;ND;ND;ND;ND;ND;ND;ND;ND;ND;ND;ND;ND;ND;ND;ND;ND;ND;ND;ND;ND;ND;ND;ND;ND;ND;ND;ND;ND;ND;ND;ND;ND;ND;ND;ND;ND;ND;ND;ND;ND;ND;ND;ND;ND;ND;ND;ND;ND;ND;ND;ND;ND;ND;ND;ND;ND;ND;ND;ND;ND;ND;ND;ND;ND;ND;ND;ND;ND;ND;ND;ND;ND;ND;ND;ND,"""512,2048""",FLOAT16,ND,N/A,0.0,0,0.0,0.0,0.0,0.0,0.0,0.0,0.0,0.0,0.0,0.0,0.0,46.987,3101170,0.017,0.0,4.368,0.093,28.857,0.614,14.538,0.309,0.0,0.000
0,4294967295,34,47,aclnnMul_MulAiCore_Mul,Mul,dynamic,AI_VECTOR_CORE,1785699090286932.916	,329.527,0.149000,40,0,NO,"""4096,4096;4096,4096""",FLOAT;FLOAT,ND;ND,"""4096,4096""",FLOAT,ND,N/A,0.0,0,0.0,0.0,0.0,0.0,0.0,0.0,0.0,0.0,0.0,0.0,0.0,327.372,21606566,6.784,0.021,2.897,0.009,325.95,0.996,109.711,0.335,0.0,0.000
0,4294967295,35,47,Concat,Concat,dynamic,AI_VECTOR_CORE,1785699090287262.463	,55.321,0.000000,40,0,NO,"""512,16;512,16;512,16;512,16;512,16;512,16;512,16;512,16;512,16;512,16;512,16;512,16;512,16;512,16;512,16;512,16;512,16;512,16;512,16;512,16;512,16;512,16;512,16;512,16;512,16;512,16;512,16;512,16;512,16;512,16;512,16;512,16;512,16;512,16;512,16;512,16;512,16;512,16;512,16;512,16;512,16;512,16;512,16;512,16;512,16;512,16;512,16;512,16;512,16;512,16;512,16;512,16;512,16;512,16;512,16;512,16;512,16;512,16;512,16;512,16;512,16;512,16;512,16;512,16;512,16;512,16;512,16;512,16;512,16;512,16;512,16;512,16;512,16;512,16;512,16;512,16;512,16;512,16;512,16;512,16;512,16;512,16;512,16;512,16;512,16;512,16;512,16;512,16;512,16;512,16;512,16;512,16;512,16;512,16;512,16;512,16;512,16;512,16;512,16;512,16;512,16;512,16;512,16;512,16;512,16;512,16;512,16;512,16;512,16;512,16;512,16;512,16;512,16;512,16;512,16;512,16;512,16;512,16;512,16;512,16;512,16;512,16;512,16;512,16;512,16;512,16;512,16;512,16""",FLOAT16;FLOAT16;FLOAT16;FLOAT16;FLOAT16;FLOAT16;FLOAT16;FLOAT16;FLOAT16;FLOAT16;FLOAT16;FLOAT16;FLOAT16;FLOAT16;FLOAT16;FLOAT16;FLOAT16;FLOAT16;FLOAT16;FLOAT16;FLOAT16;FLOAT16;FLOAT16;FLOAT16;FLOAT16;FLOAT16;FLOAT16;FLOAT16;FLOAT16;FLOAT16;FLOAT16;FLOAT16;FLOAT16;FLOAT16;FLOAT16;FLOAT16;FLOAT16;FLOAT16;FLOAT16;FLOAT16;FLOAT16;FLOAT16;FLOAT16;FLOAT16;FLOAT16;FLOAT16;FLOAT16;FLOAT16;FLOAT16;FLOAT16;FLOAT16;FLOAT16;FLOAT16;FLOAT16;FLOAT16;FLOAT16;FLOAT16;FLOAT16;FLOAT16;FLOAT16;FLOAT16;FLOAT16;FLOAT16;FLOAT16;FLOAT16;FLOAT16;FLOAT16;FLOAT16;FLOAT16;FLOAT16;FLOAT16;FLOAT16;FLOAT16;FLOAT16;FLOAT16;FLOAT16;FLOAT16;FLOAT16;FLOAT16;FLOAT16;FLOAT16;FLOAT16;FLOAT16;FLOAT16;FLOAT16;FLOAT16;FLOAT16;FLOAT16;FLOAT16;FLOAT16;FLOAT16;FLOAT16;FLOAT16;FLOAT16;FLOAT16;FLOAT16;FLOAT16;FLOAT16;FLOAT16;FLOAT16;FLOAT16;FLOAT16;FLOAT16;FLOAT16;FLOAT16;FLOAT16;FLOAT16;FLOAT16;FLOAT16;FLOAT16;FLOAT16;FLOAT16;FLOAT16;FLOAT16;FLOAT16;FLOAT16;FLOAT16;FLOAT16;FLOAT16;FLOAT16;FLOAT16;FLOAT16;FLOAT16;FLOAT16;FLOAT16;FLOAT16;FLOAT16;FLOAT16,ND;ND;ND;ND;ND;ND;ND;ND;ND;ND;ND;ND;ND;ND;ND;ND;ND;ND;ND;ND;ND;ND;ND;ND;ND;ND;ND;ND;ND;ND;ND;ND;ND;ND;ND;ND;ND;ND;ND;ND;ND;ND;ND;ND;ND;ND;ND;ND;ND;ND;ND;ND;ND;ND;ND;ND;ND;ND;ND;ND;ND;ND;ND;ND;ND;ND;ND;ND;ND;ND;ND;ND;ND;ND;ND;ND;ND;ND;ND;ND;ND;ND;ND;ND;ND;ND;ND;ND;ND;ND;ND;ND;ND;ND;ND;ND;ND;ND;ND;ND;ND;ND;ND;ND;ND;ND;ND;ND;ND;ND;ND;ND;ND;ND;ND;ND;ND;ND;ND;ND;ND;ND;ND;ND;ND;ND;ND;ND,"""512,2048""",FLOAT16,ND,N/A,0.0,0,0.0,0.0,0.0,0.0,0.0,0.0,0.0,0.0,0.0,0.0,0.0,46.37,3060415,0.017,0.0,4.428,0.095,28.883,0.623,14.116,0.304,0.0,0.000
0,4294967295,36,47,aclnnMul_MulAiCore_Mul,Mul,dynamic,AI_VECTOR_CORE,1785699090287317.804	,327.606,0.000000,40,0,NO,"""4096,4096;4096,4096""",FLOAT;FLOAT,ND;ND,"""4096,4096""",FLOAT,ND,N/A,0.0,0,0.0,0.0,0.0,0.0,0.0,0.0,0.0,0.0,0.0,0.0,0.0,325.306,21470225,6.784,0.021,3.029,0.009,323.736,0.995,112.068,0.344,0.0,0.000
0,4294967295,37,47,Concat,Concat,dynamic,AI_VECTOR_CORE,1785699090287645.430	,56.221,0.144000,40,0,NO,"""512,16;512,16;512,16;512,16;512,16;512,16;512,16;512,16;512,16;512,16;512,16;512,16;512,16;512,16;512,16;512,16;512,16;512,16;512,16;512,16;512,16;512,16;512,16;512,16;512,16;512,16;512,16;512,16;512,16;512,16;512,16;512,16;512,16;512,16;512,16;512,16;512,16;512,16;512,16;512,16;512,16;512,16;512,16;512,16;512,16;512,16;512,16;512,16;512,16;512,16;512,16;512,16;512,16;512,16;512,16;512,16;512,16;512,16;512,16;512,16;512,16;512,16;512,16;512,16;512,16;512,16;512,16;512,16;512,16;512,16;512,16;512,16;512,16;512,16;512,16;512,16;512,16;512,16;512,16;512,16;512,16;512,16;512,16;512,16;512,16;512,16;512,16;512,16;512,16;512,16;512,16;512,16;512,16;512,16;512,16;512,16;512,16;512,16;512,16;512,16;512,16;512,16;512,16;512,16;512,16;512,16;512,16;512,16;512,16;512,16;512,16;512,16;512,16;512,16;512,16;512,16;512,16;512,16;512,16;512,16;512,16;512,16;512,16;512,16;512,16;512,16;512,16;512,16""",FLOAT16;FLOAT16;FLOAT16;FLOAT16;FLOAT16;FLOAT16;FLOAT16;FLOAT16;FLOAT16;FLOAT16;FLOAT16;FLOAT16;FLOAT16;FLOAT16;FLOAT16;FLOAT16;FLOAT16;FLOAT16;FLOAT16;FLOAT16;FLOAT16;FLOAT16;FLOAT16;FLOAT16;FLOAT16;FLOAT16;FLOAT16;FLOAT16;FLOAT16;FLOAT16;FLOAT16;FLOAT16;FLOAT16;FLOAT16;FLOAT16;FLOAT16;FLOAT16;FLOAT16;FLOAT16;FLOAT16;FLOAT16;FLOAT16;FLOAT16;FLOAT16;FLOAT16;FLOAT16;FLOAT16;FLOAT16;FLOAT16;FLOAT16;FLOAT16;FLOAT16;FLOAT16;FLOAT16;FLOAT16;FLOAT16;FLOAT16;FLOAT16;FLOAT16;FLOAT16;FLOAT16;FLOAT16;FLOAT16;FLOAT16;FLOAT16;FLOAT16;FLOAT16;FLOAT16;FLOAT16;FLOAT16;FLOAT16;FLOAT16;FLOAT16;FLOAT16;FLOAT16;FLOAT16;FLOAT16;FLOAT16;FLOAT16;FLOAT16;FLOAT16;FLOAT16;FLOAT16;FLOAT16;FLOAT16;FLOAT16;FLOAT16;FLOAT16;FLOAT16;FLOAT16;FLOAT16;FLOAT16;FLOAT16;FLOAT16;FLOAT16;FLOAT16;FLOAT16;FLOAT16;FLOAT16;FLOAT16;FLOAT16;FLOAT16;FLOAT16;FLOAT16;FLOAT16;FLOAT16;FLOAT16;FLOAT16;FLOAT16;FLOAT16;FLOAT16;FLOAT16;FLOAT16;FLOAT16;FLOAT16;FLOAT16;FLOAT16;FLOAT16;FLOAT16;FLOAT16;FLOAT16;FLOAT16;FLOAT16;FLOAT16;FLOAT16;FLOAT16;FLOAT16;FLOAT16,ND;ND;ND;ND;ND;ND;ND;ND;ND;ND;ND;ND;ND;ND;ND;ND;ND;ND;ND;ND;ND;ND;ND;ND;ND;ND;ND;ND;ND;ND;ND;ND;ND;ND;ND;ND;ND;ND;ND;ND;ND;ND;ND;ND;ND;ND;ND;ND;ND;ND;ND;ND;ND;ND;ND;ND;ND;ND;ND;ND;ND;ND;ND;ND;ND;ND;ND;ND;ND;ND;ND;ND;ND;ND;ND;ND;ND;ND;ND;ND;ND;ND;ND;ND;ND;ND;ND;ND;ND;ND;ND;ND;ND;ND;ND;ND;ND;ND;ND;ND;ND;ND;ND;ND;ND;ND;ND;ND;ND;ND;ND;ND;ND;ND;ND;ND;ND;ND;ND;ND;ND;ND;ND;ND;ND;ND;ND;ND,"""512,2048""",FLOAT16,ND,N/A,0.0,0,0.0,0.0,0.0,0.0,0.0,0.0,0.0,0.0,0.0,0.0,0.0,47.154,3112191,0.017,0.0,4.701,0.1,29.528,0.626,14.109,0.299,0.0,0.000
0,4294967295,38,47,aclnnMul_MulAiCore_Mul,Mul,dynamic,AI_VECTOR_CORE,1785699090287701.671	,328.567,0.029000,40,0,NO,"""4096,4096;4096,4096""",FLOAT;FLOAT,ND;ND,"""4096,4096""",FLOAT,ND,N/A,0.0,0,0.0,0.0,0.0,0.0,0.0,0.0,0.0,0.0,0.0,0.0,0.0,326.129,21524540,6.784,0.021,2.901,0.009,324.603,0.995,107.863,0.331,0.0,0.000
0,4294967295,39,47,Concat,Concat,dynamic,AI_VECTOR_CORE,1785699090288030.258	,55.021,0.000000,40,0,NO,"""512,16;512,16;512,16;512,16;512,16;512,16;512,16;512,16;512,16;512,16;512,16;512,16;512,16;512,16;512,16;512,16;512,16;512,16;512,16;512,16;512,16;512,16;512,16;512,16;512,16;512,16;512,16;512,16;512,16;512,16;512,16;512,16;512,16;512,16;512,16;512,16;512,16;512,16;512,16;512,16;512,16;512,16;512,16;512,16;512,16;512,16;512,16;512,16;512,16;512,16;512,16;512,16;512,16;512,16;512,16;512,16;512,16;512,16;512,16;512,16;512,16;512,16;512,16;512,16;512,16;512,16;512,16;512,16;512,16;512,16;512,16;512,16;512,16;512,16;512,16;512,16;512,16;512,16;512,16;512,16;512,16;512,16;512,16;512,16;512,16;512,16;512,16;512,16;512,16;512,16;512,16;512,16;512,16;512,16;512,16;512,16;512,16;512,16;512,16;512,16;512,16;512,16;512,16;512,16;512,16;512,16;512,16;512,16;512,16;512,16;512,16;512,16;512,16;512,16;512,16;512,16;512,16;512,16;512,16;512,16;512,16;512,16;512,16;512,16;512,16;512,16;512,16;512,16""",FLOAT16;FLOAT16;FLOAT16;FLOAT16;FLOAT16;FLOAT16;FLOAT16;FLOAT16;FLOAT16;FLOAT16;FLOAT16;FLOAT16;FLOAT16;FLOAT16;FLOAT16;FLOAT16;FLOAT16;FLOAT16;FLOAT16;FLOAT16;FLOAT16;FLOAT16;FLOAT16;FLOAT16;FLOAT16;FLOAT16;FLOAT16;FLOAT16;FLOAT16;FLOAT16;FLOAT16;FLOAT16;FLOAT16;FLOAT16;FLOAT16;FLOAT16;FLOAT16;FLOAT16;FLOAT16;FLOAT16;FLOAT16;FLOAT16;FLOAT16;FLOAT16;FLOAT16;FLOAT16;FLOAT16;FLOAT16;FLOAT16;FLOAT16;FLOAT16;FLOAT16;FLOAT16;FLOAT16;FLOAT16;FLOAT16;FLOAT16;FLOAT16;FLOAT16;FLOAT16;FLOAT16;FLOAT16;FLOAT16;FLOAT16;FLOAT16;FLOAT16;FLOAT16;FLOAT16;FLOAT16;FLOAT16;FLOAT16;FLOAT16;FLOAT16;FLOAT16;FLOAT16;FLOAT16;FLOAT16;FLOAT16;FLOAT16;FLOAT16;FLOAT16;FLOAT16;FLOAT16;FLOAT16;FLOAT16;FLOAT16;FLOAT16;FLOAT16;FLOAT16;FLOAT16;FLOAT16;FLOAT16;FLOAT16;FLOAT16;FLOAT16;FLOAT16;FLOAT16;FLOAT16;FLOAT16;FLOAT16;FLOAT16;FLOAT16;FLOAT16;FLOAT16;FLOAT16;FLOAT16;FLOAT16;FLOAT16;FLOAT16;FLOAT16;FLOAT16;FLOAT16;FLOAT16;FLOAT16;FLOAT16;FLOAT16;FLOAT16;FLOAT16;FLOAT16;FLOAT16;FLOAT16;FLOAT16;FLOAT16;FLOAT16;FLOAT16;FLOAT16;FLOAT16;FLOAT16,ND;ND;ND;ND;ND;ND;ND;ND;ND;ND;ND;ND;ND;ND;ND;ND;ND;ND;ND;ND;ND;ND;ND;ND;ND;ND;ND;ND;ND;ND;ND;ND;ND;ND;ND;ND;ND;ND;ND;ND;ND;ND;ND;ND;ND;ND;ND;ND;ND;ND;ND;ND;ND;ND;ND;ND;ND;ND;ND;ND;ND;ND;ND;ND;ND;ND;ND;ND;ND;ND;ND;ND;ND;ND;ND;ND;ND;ND;ND;ND;ND;ND;ND;ND;ND;ND;ND;ND;ND;ND;ND;ND;ND;ND;ND;ND;ND;ND;ND;ND;ND;ND;ND;ND;ND;ND;ND;ND;ND;ND;ND;ND;ND;ND;ND;ND;ND;ND;ND;ND;ND;ND;ND;ND;ND;ND;ND;ND,"""512,2048""",FLOAT16,ND,N/A,0.0,0,0.0,0.0,0.0,0.0,0.0,0.0,0.0,0.0,0.0,0.0,0.0,46.967,3099812,0.017,0.0,4.252,0.091,29.454,0.627,14.131,0.301,0.0,0.000
0,4294967295,40,47,aclnnMul_MulAiCore_Mul,Mul,dynamic,AI_VECTOR_CORE,1785699090288085.299	,327.447,0.000000,40,0,NO,"""4096,4096;4096,4096""",FLOAT;FLOAT,ND;ND,"""4096,4096""",FLOAT,ND,N/A,0.0,0,0.0,0.0,0.0,0.0,0.0,0.0,0.0,0.0,0.0,0.0,0.0,325.07,21454617,6.784,0.021,3.083,0.009,323.43,0.995,109.062,0.336,0.0,0.000
0,4294967295,41,47,Concat,Concat,dynamic,AI_VECTOR_CORE,1785699090288412.766	,56.281,0.053000,40,0,NO,"""512,16;512,16;512,16;512,16;512,16;512,16;512,16;512,16;512,16;512,16;512,16;512,16;512,16;512,16;512,16;512,16;512,16;512,16;512,16;512,16;512,16;512,16;512,16;512,16;512,16;512,16;512,16;512,16;512,16;512,16;512,16;512,16;512,16;512,16;512,16;512,16;512,16;512,16;512,16;512,16;512,16;512,16;512,16;512,16;512,16;512,16;512,16;512,16;512,16;512,16;512,16;512,16;512,16;512,16;512,16;512,16;512,16;512,16;512,16;512,16;512,16;512,16;512,16;512,16;512,16;512,16;512,16;512,16;512,16;512,16;512,16;512,16;512,16;512,16;512,16;512,16;512,16;512,16;512,16;512,16;512,16;512,16;512,16;512,16;512,16;512,16;512,16;512,16;512,16;512,16;512,16;512,16;512,16;512,16;512,16;512,16;512,16;512,16;512,16;512,16;512,16;512,16;512,16;512,16;512,16;512,16;512,16;512,16;512,16;512,16;512,16;512,16;512,16;512,16;512,16;512,16;512,16;512,16;512,16;512,16;512,16;512,16;512,16;512,16;512,16;512,16;512,16;512,16""",FLOAT16;FLOAT16;FLOAT16;FLOAT16;FLOAT16;FLOAT16;FLOAT16;FLOAT16;FLOAT16;FLOAT16;FLOAT16;FLOAT16;FLOAT16;FLOAT16;FLOAT16;FLOAT16;FLOAT16;FLOAT16;FLOAT16;FLOAT16;FLOAT16;FLOAT16;FLOAT16;FLOAT16;FLOAT16;FLOAT16;FLOAT16;FLOAT16;FLOAT16;FLOAT16;FLOAT16;FLOAT16;FLOAT16;FLOAT16;FLOAT16;FLOAT16;FLOAT16;FLOAT16;FLOAT16;FLOAT16;FLOAT16;FLOAT16;FLOAT16;FLOAT16;FLOAT16;FLOAT16;FLOAT16;FLOAT16;FLOAT16;FLOAT16;FLOAT16;FLOAT16;FLOAT16;FLOAT16;FLOAT16;FLOAT16;FLOAT16;FLOAT16;FLOAT16;FLOAT16;FLOAT16;FLOAT16;FLOAT16;FLOAT16;FLOAT16;FLOAT16;FLOAT16;FLOAT16;FLOAT16;FLOAT16;FLOAT16;FLOAT16;FLOAT16;FLOAT16;FLOAT16;FLOAT16;FLOAT16;FLOAT16;FLOAT16;FLOAT16;FLOAT16;FLOAT16;FLOAT16;FLOAT16;FLOAT16;FLOAT16;FLOAT16;FLOAT16;FLOAT16;FLOAT16;FLOAT16;FLOAT16;FLOAT16;FLOAT16;FLOAT16;FLOAT16;FLOAT16;FLOAT16;FLOAT16;FLOAT16;FLOAT16;FLOAT16;FLOAT16;FLOAT16;FLOAT16;FLOAT16;FLOAT16;FLOAT16;FLOAT16;FLOAT16;FLOAT16;FLOAT16;FLOAT16;FLOAT16;FLOAT16;FLOAT16;FLOAT16;FLOAT16;FLOAT16;FLOAT16;FLOAT16;FLOAT16;FLOAT16;FLOAT16;FLOAT16;FLOAT16;FLOAT16;FLOAT16,ND;ND;ND;ND;ND;ND;ND;ND;ND;ND;ND;ND;ND;ND;ND;ND;ND;ND;ND;ND;ND;ND;ND;ND;ND;ND;ND;ND;ND;ND;ND;ND;ND;ND;ND;ND;ND;ND;ND;ND;ND;ND;ND;ND;ND;ND;ND;ND;ND;ND;ND;ND;ND;ND;ND;ND;ND;ND;ND;ND;ND;ND;ND;ND;ND;ND;ND;ND;ND;ND;ND;ND;ND;ND;ND;ND;ND;ND;ND;ND;ND;ND;ND;ND;ND;ND;ND;ND;ND;ND;ND;ND;ND;ND;ND;ND;ND;ND;ND;ND;ND;ND;ND;ND;ND;ND;ND;ND;ND;ND;ND;ND;ND;ND;ND;ND;ND;ND;ND;ND;ND;ND;ND;ND;ND;ND;ND;ND,"""512,2048""",FLOAT16,ND,N/A,0.0,0,0.0,0.0,0.0,0.0,0.0,0.0,0.0,0.0,0.0,0.0,0.0,48.011,3168754,0.017,0.0,5.187,0.108,30.73,0.64,13.315,0.277,0.0,0.000
0,4294967295,42,47,aclnnMul_MulAiCore_Mul,Mul,dynamic,AI_VECTOR_CORE,1785699090288469.067	,328.626,0.000000,40,0,NO,"""4096,4096;4096,4096""",FLOAT;FLOAT,ND;ND,"""4096,4096""",FLOAT,ND,N/A,0.0,0,0.0,0.0,0.0,0.0,0.0,0.0,0.0,0.0,0.0,0.0,0.0,325.953,21512899,6.784,0.021,2.997,0.009,324.384,0.995,109.071,0.335,0.0,0.000
0,4294967295,43,47,Concat,Concat,dynamic,AI_VECTOR_CORE,1785699090288797.733	,56.981,0.124000,40,0,NO,"""512,16;512,16;512,16;512,16;512,16;512,16;512,16;512,16;512,16;512,16;512,16;512,16;512,16;512,16;512,16;512,16;512,16;512,16;512,16;512,16;512,16;512,16;512,16;512,16;512,16;512,16;512,16;512,16;512,16;512,16;512,16;512,16;512,16;512,16;512,16;512,16;512,16;512,16;512,16;512,16;512,16;512,16;512,16;512,16;512,16;512,16;512,16;512,16;512,16;512,16;512,16;512,16;512,16;512,16;512,16;512,16;512,16;512,16;512,16;512,16;512,16;512,16;512,16;512,16;512,16;512,16;512,16;512,16;512,16;512,16;512,16;512,16;512,16;512,16;512,16;512,16;512,16;512,16;512,16;512,16;512,16;512,16;512,16;512,16;512,16;512,16;512,16;512,16;512,16;512,16;512,16;512,16;512,16;512,16;512,16;512,16;512,16;512,16;512,16;512,16;512,16;512,16;512,16;512,16;512,16;512,16;512,16;512,16;512,16;512,16;512,16;512,16;512,16;512,16;512,16;512,16;512,16;512,16;512,16;512,16;512,16;512,16;512,16;512,16;512,16;512,16;512,16;512,16""",FLOAT16;FLOAT16;FLOAT16;FLOAT16;FLOAT16;FLOAT16;FLOAT16;FLOAT16;FLOAT16;FLOAT16;FLOAT16;FLOAT16;FLOAT16;FLOAT16;FLOAT16;FLOAT16;FLOAT16;FLOAT16;FLOAT16;FLOAT16;FLOAT16;FLOAT16;FLOAT16;FLOAT16;FLOAT16;FLOAT16;FLOAT16;FLOAT16;FLOAT16;FLOAT16;FLOAT16;FLOAT16;FLOAT16;FLOAT16;FLOAT16;FLOAT16;FLOAT16;FLOAT16;FLOAT16;FLOAT16;FLOAT16;FLOAT16;FLOAT16;FLOAT16;FLOAT16;FLOAT16;FLOAT16;FLOAT16;FLOAT16;FLOAT16;FLOAT16;FLOAT16;FLOAT16;FLOAT16;FLOAT16;FLOAT16;FLOAT16;FLOAT16;FLOAT16;FLOAT16;FLOAT16;FLOAT16;FLOAT16;FLOAT16;FLOAT16;FLOAT16;FLOAT16;FLOAT16;FLOAT16;FLOAT16;FLOAT16;FLOAT16;FLOAT16;FLOAT16;FLOAT16;FLOAT16;FLOAT16;FLOAT16;FLOAT16;FLOAT16;FLOAT16;FLOAT16;FLOAT16;FLOAT16;FLOAT16;FLOAT16;FLOAT16;FLOAT16;FLOAT16;FLOAT16;FLOAT16;FLOAT16;FLOAT16;FLOAT16;FLOAT16;FLOAT16;FLOAT16;FLOAT16;FLOAT16;FLOAT16;FLOAT16;FLOAT16;FLOAT16;FLOAT16;FLOAT16;FLOAT16;FLOAT16;FLOAT16;FLOAT16;FLOAT16;FLOAT16;FLOAT16;FLOAT16;FLOAT16;FLOAT16;FLOAT16;FLOAT16;FLOAT16;FLOAT16;FLOAT16;FLOAT16;FLOAT16;FLOAT16;FLOAT16;FLOAT16;FLOAT16;FLOAT16;FLOAT16,ND;ND;ND;ND;ND;ND;ND;ND;ND;ND;ND;ND;ND;ND;ND;ND;ND;ND;ND;ND;ND;ND;ND;ND;ND;ND;ND;ND;ND;ND;ND;ND;ND;ND;ND;ND;ND;ND;ND;ND;ND;ND;ND;ND;ND;ND;ND;ND;ND;ND;ND;ND;ND;ND;ND;ND;ND;ND;ND;ND;ND;ND;ND;ND;ND;ND;ND;ND;ND;ND;ND;ND;ND;ND;ND;ND;ND;ND;ND;ND;ND;ND;ND;ND;ND;ND;ND;ND;ND;ND;ND;ND;ND;ND;ND;ND;ND;ND;ND;ND;ND;ND;ND;ND;ND;ND;ND;ND;ND;ND;ND;ND;ND;ND;ND;ND;ND;ND;ND;ND;ND;ND;ND;ND;ND;ND;ND;ND,"""512,2048""",FLOAT16,ND,N/A,0.0,0,0.0,0.0,0.0,0.0,0.0,0.0,0.0,0.0,0.0,0.0,0.0,48.629,3209483,0.017,0.0,6.011,0.124,30.835,0.634,13.305,0.274,0.0,0.000
0,4294967295,44,47,aclnnMul_MulAiCore_Mul,Mul,dynamic,AI_VECTOR_CORE,1785699090288854.734	,327.787,0.019000,40,0,NO,"""4096,4096;4096,4096""",FLOAT;FLOAT,ND;ND,"""4096,4096""",FLOAT,ND,N/A,0.0,0,0.0,0.0,0.0,0.0,0.0,0.0,0.0,0.0,0.0,0.0,0.0,325.703,21496379,6.784,0.021,3.148,0.01,324.02,0.995,110.201,0.338,0.0,0.000
0,4294967295,45,47,Concat,Concat,dynamic,AI_VECTOR_CORE,1785699090289182.541	,55.161,0.000000,40,0,NO,"""512,16;512,16;512,16;512,16;512,16;512,16;512,16;512,16;512,16;512,16;512,16;512,16;512,16;512,16;512,16;512,16;512,16;512,16;512,16;512,16;512,16;512,16;512,16;512,16;512,16;512,16;512,16;512,16;512,16;512,16;512,16;512,16;512,16;512,16;512,16;512,16;512,16;512,16;512,16;512,16;512,16;512,16;512,16;512,16;512,16;512,16;512,16;512,16;512,16;512,16;512,16;512,16;512,16;512,16;512,16;512,16;512,16;512,16;512,16;512,16;512,16;512,16;512,16;512,16;512,16;512,16;512,16;512,16;512,16;512,16;512,16;512,16;512,16;512,16;512,16;512,16;512,16;512,16;512,16;512,16;512,16;512,16;512,16;512,16;512,16;512,16;512,16;512,16;512,16;512,16;512,16;512,16;512,16;512,16;512,16;512,16;512,16;512,16;512,16;512,16;512,16;512,16;512,16;512,16;512,16;512,16;512,16;512,16;512,16;512,16;512,16;512,16;512,16;512,16;512,16;512,16;512,16;512,16;512,16;512,16;512,16;512,16;512,16;512,16;512,16;512,16;512,16;512,16""",FLOAT16;FLOAT16;FLOAT16;FLOAT16;FLOAT16;FLOAT16;FLOAT16;FLOAT16;FLOAT16;FLOAT16;FLOAT16;FLOAT16;FLOAT16;FLOAT16;FLOAT16;FLOAT16;FLOAT16;FLOAT16;FLOAT16;FLOAT16;FLOAT16;FLOAT16;FLOAT16;FLOAT16;FLOAT16;FLOAT16;FLOAT16;FLOAT16;FLOAT16;FLOAT16;FLOAT16;FLOAT16;FLOAT16;FLOAT16;FLOAT16;FLOAT16;FLOAT16;FLOAT16;FLOAT16;FLOAT16;FLOAT16;FLOAT16;FLOAT16;FLOAT16;FLOAT16;FLOAT16;FLOAT16;FLOAT16;FLOAT16;FLOAT16;FLOAT16;FLOAT16;FLOAT16;FLOAT16;FLOAT16;FLOAT16;FLOAT16;FLOAT16;FLOAT16;FLOAT16;FLOAT16;FLOAT16;FLOAT16;FLOAT16;FLOAT16;FLOAT16;FLOAT16;FLOAT16;FLOAT16;FLOAT16;FLOAT16;FLOAT16;FLOAT16;FLOAT16;FLOAT16;FLOAT16;FLOAT16;FLOAT16;FLOAT16;FLOAT16;FLOAT16;FLOAT16;FLOAT16;FLOAT16;FLOAT16;FLOAT16;FLOAT16;FLOAT16;FLOAT16;FLOAT16;FLOAT16;FLOAT16;FLOAT16;FLOAT16;FLOAT16;FLOAT16;FLOAT16;FLOAT16;FLOAT16;FLOAT16;FLOAT16;FLOAT16;FLOAT16;FLOAT16;FLOAT16;FLOAT16;FLOAT16;FLOAT16;FLOAT16;FLOAT16;FLOAT16;FLOAT16;FLOAT16;FLOAT16;FLOAT16;FLOAT16;FLOAT16;FLOAT16;FLOAT16;FLOAT16;FLOAT16;FLOAT16;FLOAT16;FLOAT16;FLOAT16;FLOAT16;FLOAT16;FLOAT16,ND;ND;ND;ND;ND;ND;ND;ND;ND;ND;ND;ND;ND;ND;ND;ND;ND;ND;ND;ND;ND;ND;ND;ND;ND;ND;ND;ND;ND;ND;ND;ND;ND;ND;ND;ND;ND;ND;ND;ND;ND;ND;ND;ND;ND;ND;ND;ND;ND;ND;ND;ND;ND;ND;ND;ND;ND;ND;ND;ND;ND;ND;ND;ND;ND;ND;ND;ND;ND;ND;ND;ND;ND;ND;ND;ND;ND;ND;ND;ND;ND;ND;ND;ND;ND;ND;ND;ND;ND;ND;ND;ND;ND;ND;ND;ND;ND;ND;ND;ND;ND;ND;ND;ND;ND;ND;ND;ND;ND;ND;ND;ND;ND;ND;ND;ND;ND;ND;ND;ND;ND;ND;ND;ND;ND;ND;ND;ND,"""512,2048""",FLOAT16,ND,N/A,0.0,0,0.0,0.0,0.0,0.0,0.0,0.0,0.0,0.0,0.0,0.0,0.0,46.681,3080978,0.017,0.0,4.44,0.095,28.87,0.618,14.445,0.309,0.0,0.000
0,4294967295,46,47,aclnnMul_MulAiCore_Mul,Mul,dynamic,AI_VECTOR_CORE,1785699090289237.722	,328.067,0.089000,40,0,NO,"""4096,4096;4096,4096""",FLOAT;FLOAT,ND;ND,"""4096,4096""",FLOAT,ND,N/A,0.0,0,0.0,0.0,0.0,0.0,0.0,0.0,0.0,0.0,0.0,0.0,0.0,325.708,21496760,6.784,0.021,3.001,0.009,324.193,0.995,108.724,0.334,0.0,0.000
0,4294967295,47,47,Concat,Concat,dynamic,AI_VECTOR_CORE,1785699090289565.829	,54.541,0.000000,40,0,NO,"""512,16;512,16;512,16;512,16;512,16;512,16;512,16;512,16;512,16;512,16;512,16;512,16;512,16;512,16;512,16;512,16;512,16;512,16;512,16;512,16;512,16;512,16;512,16;512,16;512,16;512,16;512,16;512,16;512,16;512,16;512,16;512,16;512,16;512,16;512,16;512,16;512,16;512,16;512,16;512,16;512,16;512,16;512,16;512,16;512,16;512,16;512,16;512,16;512,16;512,16;512,16;512,16;512,16;512,16;512,16;512,16;512,16;512,16;512,16;512,16;512,16;512,16;512,16;512,16;512,16;512,16;512,16;512,16;512,16;512,16;512,16;512,16;512,16;512,16;512,16;512,16;512,16;512,16;512,16;512,16;512,16;512,16;512,16;512,16;512,16;512,16;512,16;512,16;512,16;512,16;512,16;512,16;512,16;512,16;512,16;512,16;512,16;512,16;512,16;512,16;512,16;512,16;512,16;512,16;512,16;512,16;512,16;512,16;512,16;512,16;512,16;512,16;512,16;512,16;512,16;512,16;512,16;512,16;512,16;512,16;512,16;512,16;512,16;512,16;512,16;512,16;512,16;512,16""",FLOAT16;FLOAT16;FLOAT16;FLOAT16;FLOAT16;FLOAT16;FLOAT16;FLOAT16;FLOAT16;FLOAT16;FLOAT16;FLOAT16;FLOAT16;FLOAT16;FLOAT16;FLOAT16;FLOAT16;FLOAT16;FLOAT16;FLOAT16;FLOAT16;FLOAT16;FLOAT16;FLOAT16;FLOAT16;FLOAT16;FLOAT16;FLOAT16;FLOAT16;FLOAT16;FLOAT16;FLOAT16;FLOAT16;FLOAT16;FLOAT16;FLOAT16;FLOAT16;FLOAT16;FLOAT16;FLOAT16;FLOAT16;FLOAT16;FLOAT16;FLOAT16;FLOAT16;FLOAT16;FLOAT16;FLOAT16;FLOAT16;FLOAT16;FLOAT16;FLOAT16;FLOAT16;FLOAT16;FLOAT16;FLOAT16;FLOAT16;FLOAT16;FLOAT16;FLOAT16;FLOAT16;FLOAT16;FLOAT16;FLOAT16;FLOAT16;FLOAT16;FLOAT16;FLOAT16;FLOAT16;FLOAT16;FLOAT16;FLOAT16;FLOAT16;FLOAT16;FLOAT16;FLOAT16;FLOAT16;FLOAT16;FLOAT16;FLOAT16;FLOAT16;FLOAT16;FLOAT16;FLOAT16;FLOAT16;FLOAT16;FLOAT16;FLOAT16;FLOAT16;FLOAT16;FLOAT16;FLOAT16;FLOAT16;FLOAT16;FLOAT16;FLOAT16;FLOAT16;FLOAT16;FLOAT16;FLOAT16;FLOAT16;FLOAT16;FLOAT16;FLOAT16;FLOAT16;FLOAT16;FLOAT16;FLOAT16;FLOAT16;FLOAT16;FLOAT16;FLOAT16;FLOAT16;FLOAT16;FLOAT16;FLOAT16;FLOAT16;FLOAT16;FLOAT16;FLOAT16;FLOAT16;FLOAT16;FLOAT16;FLOAT16;FLOAT16;FLOAT16;FLOAT16;FLOAT16,ND;ND;ND;ND;ND;ND;ND;ND;ND;ND;ND;ND;ND;ND;ND;ND;ND;ND;ND;ND;ND;ND;ND;ND;ND;ND;ND;ND;ND;ND;ND;ND;ND;ND;ND;ND;ND;ND;ND;ND;ND;ND;ND;ND;ND;ND;ND;ND;ND;ND;ND;ND;ND;ND;ND;ND;ND;ND;ND;ND;ND;ND;ND;ND;ND;ND;ND;ND;ND;ND;ND;ND;ND;ND;ND;ND;ND;ND;ND;ND;ND;ND;ND;ND;ND;ND;ND;ND;ND;ND;ND;ND;ND;ND;ND;ND;ND;ND;ND;ND;ND;ND;ND;ND;ND;ND;ND;ND;ND;ND;ND;ND;ND;ND;ND;ND;ND;ND;ND;ND;ND;ND;ND;ND;ND;ND;ND;ND,"""512,2048""",FLOAT16,ND,N/A,0.0,0,0.0,0.0,0.0,0.0,0.0,0.0,0.0,0.0,0.0,0.0,0.0,46.541,3071687,0.017,0.0,4.094,0.088,29.162,0.627,14.187,0.305,0.0,0.000
0,4294967295,48,47,aclnnMul_MulAiCore_Mul,Mul,dynamic,AI_VECTOR_CORE,1785699090289620.390	,329.546,0.209000,40,0,NO,"""4096,4096;4096,4096""",FLOAT;FLOAT,ND;ND,"""4096,4096""",FLOAT,ND,N/A,0.0,0,0.0,0.0,0.0,0.0,0.0,0.0,0.0,0.0,0.0,0.0,0.0,326.836,21571188,6.784,0.021,2.901,0.009,325.401,0.996,110.308,0.338,0.0,0.000
0,4294967295,49,47,Concat,Concat,dynamic,AI_VECTOR_CORE,1785699090289949.976	,56.421,0.000000,40,0,NO,"""512,16;512,16;512,16;512,16;512,16;512,16;512,16;512,16;512,16;512,16;512,16;512,16;512,16;512,16;512,16;512,16;512,16;512,16;512,16;512,16;512,16;512,16;512,16;512,16;512,16;512,16;512,16;512,16;512,16;512,16;512,16;512,16;512,16;512,16;512,16;512,16;512,16;512,16;512,16;512,16;512,16;512,16;512,16;512,16;512,16;512,16;512,16;512,16;512,16;512,16;512,16;512,16;512,16;512,16;512,16;512,16;512,16;512,16;512,16;512,16;512,16;512,16;512,16;512,16;512,16;512,16;512,16;512,16;512,16;512,16;512,16;512,16;512,16;512,16;512,16;512,16;512,16;512,16;512,16;512,16;512,16;512,16;512,16;512,16;512,16;512,16;512,16;512,16;512,16;512,16;512,16;512,16;512,16;512,16;512,16;512,16;512,16;512,16;512,16;512,16;512,16;512,16;512,16;512,16;512,16;512,16;512,16;512,16;512,16;512,16;512,16;512,16;512,16;512,16;512,16;512,16;512,16;512,16;512,16;512,16;512,16;512,16;512,16;512,16;512,16;512,16;512,16;512,16""",FLOAT16;FLOAT16;FLOAT16;FLOAT16;FLOAT16;FLOAT16;FLOAT16;FLOAT16;FLOAT16;FLOAT16;FLOAT16;FLOAT16;FLOAT16;FLOAT16;FLOAT16;FLOAT16;FLOAT16;FLOAT16;FLOAT16;FLOAT16;FLOAT16;FLOAT16;FLOAT16;FLOAT16;FLOAT16;FLOAT16;FLOAT16;FLOAT16;FLOAT16;FLOAT16;FLOAT16;FLOAT16;FLOAT16;FLOAT16;FLOAT16;FLOAT16;FLOAT16;FLOAT16;FLOAT16;FLOAT16;FLOAT16;FLOAT16;FLOAT16;FLOAT16;FLOAT16;FLOAT16;FLOAT16;FLOAT16;FLOAT16;FLOAT16;FLOAT16;FLOAT16;FLOAT16;FLOAT16;FLOAT16;FLOAT16;FLOAT16;FLOAT16;FLOAT16;FLOAT16;FLOAT16;FLOAT16;FLOAT16;FLOAT16;FLOAT16;FLOAT16;FLOAT16;FLOAT16;FLOAT16;FLOAT16;FLOAT16;FLOAT16;FLOAT16;FLOAT16;FLOAT16;FLOAT16;FLOAT16;FLOAT16;FLOAT16;FLOAT16;FLOAT16;FLOAT16;FLOAT16;FLOAT16;FLOAT16;FLOAT16;FLOAT16;FLOAT16;FLOAT16;FLOAT16;FLOAT16;FLOAT16;FLOAT16;FLOAT16;FLOAT16;FLOAT16;FLOAT16;FLOAT16;FLOAT16;FLOAT16;FLOAT16;FLOAT16;FLOAT16;FLOAT16;FLOAT16;FLOAT16;FLOAT16;FLOAT16;FLOAT16;FLOAT16;FLOAT16;FLOAT16;FLOAT16;FLOAT16;FLOAT16;FLOAT16;FLOAT16;FLOAT16;FLOAT16;FLOAT16;FLOAT16;FLOAT16;FLOAT16;FLOAT16;FLOAT16;FLOAT16;FLOAT16;FLOAT16,ND;ND;ND;ND;ND;ND;ND;ND;ND;ND;ND;ND;ND;ND;ND;ND;ND;ND;ND;ND;ND;ND;ND;ND;ND;ND;ND;ND;ND;ND;ND;ND;ND;ND;ND;ND;ND;ND;ND;ND;ND;ND;ND;ND;ND;ND;ND;ND;ND;ND;ND;ND;ND;ND;ND;ND;ND;ND;ND;ND;ND;ND;ND;ND;ND;ND;ND;ND;ND;ND;ND;ND;ND;ND;ND;ND;ND;ND;ND;ND;ND;ND;ND;ND;ND;ND;ND;ND;ND;ND;ND;ND;ND;ND;ND;ND;ND;ND;ND;ND;ND;ND;ND;ND;ND;ND;ND;ND;ND;ND;ND;ND;ND;ND;ND;ND;ND;ND;ND;ND;ND;ND;ND;ND;ND;ND;ND;ND,"""512,2048""",FLOAT16,ND,N/A,0.0,0,0.0,0.0,0.0,0.0,0.0,0.0,0.0,0.0,0.0,0.0,0.0,47.948,3164573,0.017,0.0,4.643,0.097,29.774,0.621,14.73,0.307,0.0,0.000
0,4294967295,50,47,aclnnMul_MulAiCore_Mul,Mul,dynamic,AI_VECTOR_CORE,1785699090290006.437	,329.007,0.079000,40,0,NO,"""4096,4096;4096,4096""",FLOAT;FLOAT,ND;ND,"""4096,4096""",FLOAT,ND,N/A,0.0,0,0.0,0.0,0.0,0.0,0.0,0.0,0.0,0.0,0.0,0.0,0.0,326.431,21544435,6.784,0.021,3.274,0.01,324.608,0.994,109.341,0.335,0.0,0.000
0,4294967295,51,47,Concat,Concat,dynamic,AI_VECTOR_CORE,1785699090290335.464	,54.861,0.000000,40,0,NO,"""512,16;512,16;512,16;512,16;512,16;512,16;512,16;512,16;512,16;512,16;512,16;512,16;512,16;512,16;512,16;512,16;512,16;512,16;512,16;512,16;512,16;512,16;512,16;512,16;512,16;512,16;512,16;512,16;512,16;512,16;512,16;512,16;512,16;512,16;512,16;512,16;512,16;512,16;512,16;512,16;512,16;512,16;512,16;512,16;512,16;512,16;512,16;512,16;512,16;512,16;512,16;512,16;512,16;512,16;512,16;512,16;512,16;512,16;512,16;512,16;512,16;512,16;512,16;512,16;512,16;512,16;512,16;512,16;512,16;512,16;512,16;512,16;512,16;512,16;512,16;512,16;512,16;512,16;512,16;512,16;512,16;512,16;512,16;512,16;512,16;512,16;512,16;512,16;512,16;512,16;512,16;512,16;512,16;512,16;512,16;512,16;512,16;512,16;512,16;512,16;512,16;512,16;512,16;512,16;512,16;512,16;512,16;512,16;512,16;512,16;512,16;512,16;512,16;512,16;512,16;512,16;512,16;512,16;512,16;512,16;512,16;512,16;512,16;512,16;512,16;512,16;512,16;512,16""",FLOAT16;FLOAT16;FLOAT16;FLOAT16;FLOAT16;FLOAT16;FLOAT16;FLOAT16;FLOAT16;FLOAT16;FLOAT16;FLOAT16;FLOAT16;FLOAT16;FLOAT16;FLOAT16;FLOAT16;FLOAT16;FLOAT16;FLOAT16;FLOAT16;FLOAT16;FLOAT16;FLOAT16;FLOAT16;FLOAT16;FLOAT16;FLOAT16;FLOAT16;FLOAT16;FLOAT16;FLOAT16;FLOAT16;FLOAT16;FLOAT16;FLOAT16;FLOAT16;FLOAT16;FLOAT16;FLOAT16;FLOAT16;FLOAT16;FLOAT16;FLOAT16;FLOAT16;FLOAT16;FLOAT16;FLOAT16;FLOAT16;FLOAT16;FLOAT16;FLOAT16;FLOAT16;FLOAT16;FLOAT16;FLOAT16;FLOAT16;FLOAT16;FLOAT16;FLOAT16;FLOAT16;FLOAT16;FLOAT16;FLOAT16;FLOAT16;FLOAT16;FLOAT16;FLOAT16;FLOAT16;FLOAT16;FLOAT16;FLOAT16;FLOAT16;FLOAT16;FLOAT16;FLOAT16;FLOAT16;FLOAT16;FLOAT16;FLOAT16;FLOAT16;FLOAT16;FLOAT16;FLOAT16;FLOAT16;FLOAT16;FLOAT16;FLOAT16;FLOAT16;FLOAT16;FLOAT16;FLOAT16;FLOAT16;FLOAT16;FLOAT16;FLOAT16;FLOAT16;FLOAT16;FLOAT16;FLOAT16;FLOAT16;FLOAT16;FLOAT16;FLOAT16;FLOAT16;FLOAT16;FLOAT16;FLOAT16;FLOAT16;FLOAT16;FLOAT16;FLOAT16;FLOAT16;FLOAT16;FLOAT16;FLOAT16;FLOAT16;FLOAT16;FLOAT16;FLOAT16;FLOAT16;FLOAT16;FLOAT16;FLOAT16;FLOAT16;FLOAT16;FLOAT16;FLOAT16,ND;ND;ND;ND;ND;ND;ND;ND;ND;ND;ND;ND;ND;ND;ND;ND;ND;ND;ND;ND;ND;ND;ND;ND;ND;ND;ND;ND;ND;ND;ND;ND;ND;ND;ND;ND;ND;ND;ND;ND;ND;ND;ND;ND;ND;ND;ND;ND;ND;ND;ND;ND;ND;ND;ND;ND;ND;ND;ND;ND;ND;ND;ND;ND;ND;ND;ND;ND;ND;ND;ND;ND;ND;ND;ND;ND;ND;ND;ND;ND;ND;ND;ND;ND;ND;ND;ND;ND;ND;ND;ND;ND;ND;ND;ND;ND;ND;ND;ND;ND;ND;ND;ND;ND;ND;ND;ND;ND;ND;ND;ND;ND;ND;ND;ND;ND;ND;ND;ND;ND;ND;ND;ND;ND;ND;ND;ND;ND,"""512,2048""",FLOAT16,ND,N/A,0.0,0,0.0,0.0,0.0,0.0,0.0,0.0,0.0,0.0,0.0,0.0,0.0,46.746,3085239,0.017,0.0,4.136,0.088,29.033,0.621,14.341,0.307,0.0,0.000
0,4294967295,52,47,aclnnMul_MulAiCore_Mul,Mul,dynamic,AI_VECTOR_CORE,1785699090290390.345	,329.007,0.000000,40,0,NO,"""4096,4096;4096,4096""",FLOAT;FLOAT,ND;ND,"""4096,4096""",FLOAT,ND,N/A,0.0,0,0.0,0.0,0.0,0.0,0.0,0.0,0.0,0.0,0.0,0.0,0.0,326.701,21562283,6.784,0.021,2.922,0.009,325.233,0.996,110.982,0.34,0.0,0.000
0,4294967295,53,47,Concat,Concat,dynamic,AI_VECTOR_CORE,1785699090290719.372	,55.181,0.000000,40,0,NO,"""512,16;512,16;512,16;512,16;512,16;512,16;512,16;512,16;512,16;512,16;512,16;512,16;512,16;512,16;512,16;512,16;512,16;512,16;512,16;512,16;512,16;512,16;512,16;512,16;512,16;512,16;512,16;512,16;512,16;512,16;512,16;512,16;512,16;512,16;512,16;512,16;512,16;512,16;512,16;512,16;512,16;512,16;512,16;512,16;512,16;512,16;512,16;512,16;512,16;512,16;512,16;512,16;512,16;512,16;512,16;512,16;512,16;512,16;512,16;512,16;512,16;512,16;512,16;512,16;512,16;512,16;512,16;512,16;512,16;512,16;512,16;512,16;512,16;512,16;512,16;512,16;512,16;512,16;512,16;512,16;512,16;512,16;512,16;512,16;512,16;512,16;512,16;512,16;512,16;512,16;512,16;512,16;512,16;512,16;512,16;512,16;512,16;512,16;512,16;512,16;512,16;512,16;512,16;512,16;512,16;512,16;512,16;512,16;512,16;512,16;512,16;512,16;512,16;512,16;512,16;512,16;512,16;512,16;512,16;512,16;512,16;512,16;512,16;512,16;512,16;512,16;512,16;512,16""",FLOAT16;FLOAT16;FLOAT16;FLOAT16;FLOAT16;FLOAT16;FLOAT16;FLOAT16;FLOAT16;FLOAT16;FLOAT16;FLOAT16;FLOAT16;FLOAT16;FLOAT16;FLOAT16;FLOAT16;FLOAT16;FLOAT16;FLOAT16;FLOAT16;FLOAT16;FLOAT16;FLOAT16;FLOAT16;FLOAT16;FLOAT16;FLOAT16;FLOAT16;FLOAT16;FLOAT16;FLOAT16;FLOAT16;FLOAT16;FLOAT16;FLOAT16;FLOAT16;FLOAT16;FLOAT16;FLOAT16;FLOAT16;FLOAT16;FLOAT16;FLOAT16;FLOAT16;FLOAT16;FLOAT16;FLOAT16;FLOAT16;FLOAT16;FLOAT16;FLOAT16;FLOAT16;FLOAT16;FLOAT16;FLOAT16;FLOAT16;FLOAT16;FLOAT16;FLOAT16;FLOAT16;FLOAT16;FLOAT16;FLOAT16;FLOAT16;FLOAT16;FLOAT16;FLOAT16;FLOAT16;FLOAT16;FLOAT16;FLOAT16;FLOAT16;FLOAT16;FLOAT16;FLOAT16;FLOAT16;FLOAT16;FLOAT16;FLOAT16;FLOAT16;FLOAT16;FLOAT16;FLOAT16;FLOAT16;FLOAT16;FLOAT16;FLOAT16;FLOAT16;FLOAT16;FLOAT16;FLOAT16;FLOAT16;FLOAT16;FLOAT16;FLOAT16;FLOAT16;FLOAT16;FLOAT16;FLOAT16;FLOAT16;FLOAT16;FLOAT16;FLOAT16;FLOAT16;FLOAT16;FLOAT16;FLOAT16;FLOAT16;FLOAT16;FLOAT16;FLOAT16;FLOAT16;FLOAT16;FLOAT16;FLOAT16;FLOAT16;FLOAT16;FLOAT16;FLOAT16;FLOAT16;FLOAT16;FLOAT16;FLOAT16;FLOAT16;FLOAT16;FLOAT16;FLOAT16,ND;ND;ND;ND;ND;ND;ND;ND;ND;ND;ND;ND;ND;ND;ND;ND;ND;ND;ND;ND;ND;ND;ND;ND;ND;ND;ND;ND;ND;ND;ND;ND;ND;ND;ND;ND;ND;ND;ND;ND;ND;ND;ND;ND;ND;ND;ND;ND;ND;ND;ND;ND;ND;ND;ND;ND;ND;ND;ND;ND;ND;ND;ND;ND;ND;ND;ND;ND;ND;ND;ND;ND;ND;ND;ND;ND;ND;ND;ND;ND;ND;ND;ND;ND;ND;ND;ND;ND;ND;ND;ND;ND;ND;ND;ND;ND;ND;ND;ND;ND;ND;ND;ND;ND;ND;ND;ND;ND;ND;ND;ND;ND;ND;ND;ND;ND;ND;ND;ND;ND;ND;ND;ND;ND;ND;ND;ND;ND,"""512,2048""",FLOAT16,ND,N/A,0.0,0,0.0,0.0,0.0,0.0,0.0,0.0,0.0,0.0,0.0,0.0,0.0,47.329,3123685,0.017,0.0,4.07,0.086,29.937,0.633,13.943,0.295,0.0,0.000
0,4294967295,54,47,aclnnMul_MulAiCore_Mul,Mul,dynamic,AI_VECTOR_CORE,1785699090290774.573	,328.286,0.069000,40,0,NO,"""4096,4096;4096,4096""",FLOAT;FLOAT,ND;ND,"""4096,4096""",FLOAT,ND,N/A,0.0,0,0.0,0.0,0.0,0.0,0.0,0.0,0.0,0.0,0.0,0.0,0.0,325.874,21507708,6.784,0.021,3.01,0.009,324.357,0.995,110.019,0.338,0.0,0.000
0,4294967295,55,47,Concat,Concat,dynamic,AI_VECTOR_CORE,1785699090291102.879	,54.921,0.214000,40,0,NO,"""512,16;512,16;512,16;512,16;512,16;512,16;512,16;512,16;512,16;512,16;512,16;512,16;512,16;512,16;512,16;512,16;512,16;512,16;512,16;512,16;512,16;512,16;512,16;512,16;512,16;512,16;512,16;512,16;512,16;512,16;512,16;512,16;512,16;512,16;512,16;512,16;512,16;512,16;512,16;512,16;512,16;512,16;512,16;512,16;512,16;512,16;512,16;512,16;512,16;512,16;512,16;512,16;512,16;512,16;512,16;512,16;512,16;512,16;512,16;512,16;512,16;512,16;512,16;512,16;512,16;512,16;512,16;512,16;512,16;512,16;512,16;512,16;512,16;512,16;512,16;512,16;512,16;512,16;512,16;512,16;512,16;512,16;512,16;512,16;512,16;512,16;512,16;512,16;512,16;512,16;512,16;512,16;512,16;512,16;512,16;512,16;512,16;512,16;512,16;512,16;512,16;512,16;512,16;512,16;512,16;512,16;512,16;512,16;512,16;512,16;512,16;512,16;512,16;512,16;512,16;512,16;512,16;512,16;512,16;512,16;512,16;512,16;512,16;512,16;512,16;512,16;512,16;512,16""",FLOAT16;FLOAT16;FLOAT16;FLOAT16;FLOAT16;FLOAT16;FLOAT16;FLOAT16;FLOAT16;FLOAT16;FLOAT16;FLOAT16;FLOAT16;FLOAT16;FLOAT16;FLOAT16;FLOAT16;FLOAT16;FLOAT16;FLOAT16;FLOAT16;FLOAT16;FLOAT16;FLOAT16;FLOAT16;FLOAT16;FLOAT16;FLOAT16;FLOAT16;FLOAT16;FLOAT16;FLOAT16;FLOAT16;FLOAT16;FLOAT16;FLOAT16;FLOAT16;FLOAT16;FLOAT16;FLOAT16;FLOAT16;FLOAT16;FLOAT16;FLOAT16;FLOAT16;FLOAT16;FLOAT16;FLOAT16;FLOAT16;FLOAT16;FLOAT16;FLOAT16;FLOAT16;FLOAT16;FLOAT16;FLOAT16;FLOAT16;FLOAT16;FLOAT16;FLOAT16;FLOAT16;FLOAT16;FLOAT16;FLOAT16;FLOAT16;FLOAT16;FLOAT16;FLOAT16;FLOAT16;FLOAT16;FLOAT16;FLOAT16;FLOAT16;FLOAT16;FLOAT16;FLOAT16;FLOAT16;FLOAT16;FLOAT16;FLOAT16;FLOAT16;FLOAT16;FLOAT16;FLOAT16;FLOAT16;FLOAT16;FLOAT16;FLOAT16;FLOAT16;FLOAT16;FLOAT16;FLOAT16;FLOAT16;FLOAT16;FLOAT16;FLOAT16;FLOAT16;FLOAT16;FLOAT16;FLOAT16;FLOAT16;FLOAT16;FLOAT16;FLOAT16;FLOAT16;FLOAT16;FLOAT16;FLOAT16;FLOAT16;FLOAT16;FLOAT16;FLOAT16;FLOAT16;FLOAT16;FLOAT16;FLOAT16;FLOAT16;FLOAT16;FLOAT16;FLOAT16;FLOAT16;FLOAT16;FLOAT16;FLOAT16;FLOAT16;FLOAT16;FLOAT16;FLOAT16,ND;ND;ND;ND;ND;ND;ND;ND;ND;ND;ND;ND;ND;ND;ND;ND;ND;ND;ND;ND;ND;ND;ND;ND;ND;ND;ND;ND;ND;ND;ND;ND;ND;ND;ND;ND;ND;ND;ND;ND;ND;ND;ND;ND;ND;ND;ND;ND;ND;ND;ND;ND;ND;ND;ND;ND;ND;ND;ND;ND;ND;ND;ND;ND;ND;ND;ND;ND;ND;ND;ND;ND;ND;ND;ND;ND;ND;ND;ND;ND;ND;ND;ND;ND;ND;ND;ND;ND;ND;ND;ND;ND;ND;ND;ND;ND;ND;ND;ND;ND;ND;ND;ND;ND;ND;ND;ND;ND;ND;ND;ND;ND;ND;ND;ND;ND;ND;ND;ND;ND;ND;ND;ND;ND;ND;ND;ND;ND,"""512,2048""",FLOAT16,ND,N/A,0.0,0,0.0,0.0,0.0,0.0,0.0,0.0,0.0,0.0,0.0,0.0,0.0,46.964,3099591,0.017,0.0,4.521,0.096,29.2,0.622,14.256,0.304,0.0,0.000
0,4294967295,56,47,aclnnMul_MulAiCore_Mul,Mul,dynamic,AI_VECTOR_CORE,1785699090291157.840	,328.187,0.000000,40,0,NO,"""4096,4096;4096,4096""",FLOAT;FLOAT,ND;ND,"""4096,4096""",FLOAT,ND,N/A,0.0,0,0.0,0.0,0.0,0.0,0.0,0.0,0.0,0.0,0.0,0.0,0.0,325.732,21498309,6.784,0.021,2.98,0.009,324.217,0.995,110.122,0.338,0.0,0.000
0,4294967295,57,47,Concat,Concat,dynamic,AI_VECTOR_CORE,1785699090291486.047	,56.141,0.063000,40,0,NO,"""512,16;512,16;512,16;512,16;512,16;512,16;512,16;512,16;512,16;512,16;512,16;512,16;512,16;512,16;512,16;512,16;512,16;512,16;512,16;512,16;512,16;512,16;512,16;512,16;512,16;512,16;512,16;512,16;512,16;512,16;512,16;512,16;512,16;512,16;512,16;512,16;512,16;512,16;512,16;512,16;512,16;512,16;512,16;512,16;512,16;512,16;512,16;512,16;512,16;512,16;512,16;512,16;512,16;512,16;512,16;512,16;512,16;512,16;512,16;512,16;512,16;512,16;512,16;512,16;512,16;512,16;512,16;512,16;512,16;512,16;512,16;512,16;512,16;512,16;512,16;512,16;512,16;512,16;512,16;512,16;512,16;512,16;512,16;512,16;512,16;512,16;512,16;512,16;512,16;512,16;512,16;512,16;512,16;512,16;512,16;512,16;512,16;512,16;512,16;512,16;512,16;512,16;512,16;512,16;512,16;512,16;512,16;512,16;512,16;512,16;512,16;512,16;512,16;512,16;512,16;512,16;512,16;512,16;512,16;512,16;512,16;512,16;512,16;512,16;512,16;512,16;512,16;512,16""",FLOAT16;FLOAT16;FLOAT16;FLOAT16;FLOAT16;FLOAT16;FLOAT16;FLOAT16;FLOAT16;FLOAT16;FLOAT16;FLOAT16;FLOAT16;FLOAT16;FLOAT16;FLOAT16;FLOAT16;FLOAT16;FLOAT16;FLOAT16;FLOAT16;FLOAT16;FLOAT16;FLOAT16;FLOAT16;FLOAT16;FLOAT16;FLOAT16;FLOAT16;FLOAT16;FLOAT16;FLOAT16;FLOAT16;FLOAT16;FLOAT16;FLOAT16;FLOAT16;FLOAT16;FLOAT16;FLOAT16;FLOAT16;FLOAT16;FLOAT16;FLOAT16;FLOAT16;FLOAT16;FLOAT16;FLOAT16;FLOAT16;FLOAT16;FLOAT16;FLOAT16;FLOAT16;FLOAT16;FLOAT16;FLOAT16;FLOAT16;FLOAT16;FLOAT16;FLOAT16;FLOAT16;FLOAT16;FLOAT16;FLOAT16;FLOAT16;FLOAT16;FLOAT16;FLOAT16;FLOAT16;FLOAT16;FLOAT16;FLOAT16;FLOAT16;FLOAT16;FLOAT16;FLOAT16;FLOAT16;FLOAT16;FLOAT16;FLOAT16;FLOAT16;FLOAT16;FLOAT16;FLOAT16;FLOAT16;FLOAT16;FLOAT16;FLOAT16;FLOAT16;FLOAT16;FLOAT16;FLOAT16;FLOAT16;FLOAT16;FLOAT16;FLOAT16;FLOAT16;FLOAT16;FLOAT16;FLOAT16;FLOAT16;FLOAT16;FLOAT16;FLOAT16;FLOAT16;FLOAT16;FLOAT16;FLOAT16;FLOAT16;FLOAT16;FLOAT16;FLOAT16;FLOAT16;FLOAT16;FLOAT16;FLOAT16;FLOAT16;FLOAT16;FLOAT16;FLOAT16;FLOAT16;FLOAT16;FLOAT16;FLOAT16;FLOAT16;FLOAT16;FLOAT16;FLOAT16,ND;ND;ND;ND;ND;ND;ND;ND;ND;ND;ND;ND;ND;ND;ND;ND;ND;ND;ND;ND;ND;ND;ND;ND;ND;ND;ND;ND;ND;ND;ND;ND;ND;ND;ND;ND;ND;ND;ND;ND;ND;ND;ND;ND;ND;ND;ND;ND;ND;ND;ND;ND;ND;ND;ND;ND;ND;ND;ND;ND;ND;ND;ND;ND;ND;ND;ND;ND;ND;ND;ND;ND;ND;ND;ND;ND;ND;ND;ND;ND;ND;ND;ND;ND;ND;ND;ND;ND;ND;ND;ND;ND;ND;ND;ND;ND;ND;ND;ND;ND;ND;ND;ND;ND;ND;ND;ND;ND;ND;ND;ND;ND;ND;ND;ND;ND;ND;ND;ND;ND;ND;ND;ND;ND;ND;ND;ND;ND,"""512,2048""",FLOAT16,ND,N/A,0.0,0,0.0,0.0,0.0,0.0,0.0,0.0,0.0,0.0,0.0,0.0,0.0,47.907,3161852,0.017,0.0,4.981,0.104,30.241,0.631,13.872,0.29,0.0,0.000
0,4294967295,58,47,aclnnMul_MulAiCore_Mul,Mul,dynamic,AI_VECTOR_CORE,1785699090291542.208	,328.727,0.109000,40,0,NO,"""4096,4096;4096,4096""",FLOAT;FLOAT,ND;ND,"""4096,4096""",FLOAT,ND,N/A,0.0,0,0.0,0.0,0.0,0.0,0.0,0.0,0.0,0.0,0.0,0.0,0.0,325.845,21505748,6.784,0.021,3.053,0.009,324.256,0.995,108.91,0.334,0.0,0.000
0,4294967295,59,47,Concat,Concat,dynamic,AI_VECTOR_CORE,1785699090291870.955	,57.841,0.023000,40,0,NO,"""512,16;512,16;512,16;512,16;512,16;512,16;512,16;512,16;512,16;512,16;512,16;512,16;512,16;512,16;512,16;512,16;512,16;512,16;512,16;512,16;512,16;512,16;512,16;512,16;512,16;512,16;512,16;512,16;512,16;512,16;512,16;512,16;512,16;512,16;512,16;512,16;512,16;512,16;512,16;512,16;512,16;512,16;512,16;512,16;512,16;512,16;512,16;512,16;512,16;512,16;512,16;512,16;512,16;512,16;512,16;512,16;512,16;512,16;512,16;512,16;512,16;512,16;512,16;512,16;512,16;512,16;512,16;512,16;512,16;512,16;512,16;512,16;512,16;512,16;512,16;512,16;512,16;512,16;512,16;512,16;512,16;512,16;512,16;512,16;512,16;512,16;512,16;512,16;512,16;512,16;512,16;512,16;512,16;512,16;512,16;512,16;512,16;512,16;512,16;512,16;512,16;512,16;512,16;512,16;512,16;512,16;512,16;512,16;512,16;512,16;512,16;512,16;512,16;512,16;512,16;512,16;512,16;512,16;512,16;512,16;512,16;512,16;512,16;512,16;512,16;512,16;512,16;512,16""",FLOAT16;FLOAT16;FLOAT16;FLOAT16;FLOAT16;FLOAT16;FLOAT16;FLOAT16;FLOAT16;FLOAT16;FLOAT16;FLOAT16;FLOAT16;FLOAT16;FLOAT16;FLOAT16;FLOAT16;FLOAT16;FLOAT16;FLOAT16;FLOAT16;FLOAT16;FLOAT16;FLOAT16;FLOAT16;FLOAT16;FLOAT16;FLOAT16;FLOAT16;FLOAT16;FLOAT16;FLOAT16;FLOAT16;FLOAT16;FLOAT16;FLOAT16;FLOAT16;FLOAT16;FLOAT16;FLOAT16;FLOAT16;FLOAT16;FLOAT16;FLOAT16;FLOAT16;FLOAT16;FLOAT16;FLOAT16;FLOAT16;FLOAT16;FLOAT16;FLOAT16;FLOAT16;FLOAT16;FLOAT16;FLOAT16;FLOAT16;FLOAT16;FLOAT16;FLOAT16;FLOAT16;FLOAT16;FLOAT16;FLOAT16;FLOAT16;FLOAT16;FLOAT16;FLOAT16;FLOAT16;FLOAT16;FLOAT16;FLOAT16;FLOAT16;FLOAT16;FLOAT16;FLOAT16;FLOAT16;FLOAT16;FLOAT16;FLOAT16;FLOAT16;FLOAT16;FLOAT16;FLOAT16;FLOAT16;FLOAT16;FLOAT16;FLOAT16;FLOAT16;FLOAT16;FLOAT16;FLOAT16;FLOAT16;FLOAT16;FLOAT16;FLOAT16;FLOAT16;FLOAT16;FLOAT16;FLOAT16;FLOAT16;FLOAT16;FLOAT16;FLOAT16;FLOAT16;FLOAT16;FLOAT16;FLOAT16;FLOAT16;FLOAT16;FLOAT16;FLOAT16;FLOAT16;FLOAT16;FLOAT16;FLOAT16;FLOAT16;FLOAT16;FLOAT16;FLOAT16;FLOAT16;FLOAT16;FLOAT16;FLOAT16;FLOAT16;FLOAT16;FLOAT16;FLOAT16,ND;ND;ND;ND;ND;ND;ND;ND;ND;ND;ND;ND;ND;ND;ND;ND;ND;ND;ND;ND;ND;ND;ND;ND;ND;ND;ND;ND;ND;ND;ND;ND;ND;ND;ND;ND;ND;ND;ND;ND;ND;ND;ND;ND;ND;ND;ND;ND;ND;ND;ND;ND;ND;ND;ND;ND;ND;ND;ND;ND;ND;ND;ND;ND;ND;ND;ND;ND;ND;ND;ND;ND;ND;ND;ND;ND;ND;ND;ND;ND;ND;ND;ND;ND;ND;ND;ND;ND;ND;ND;ND;ND;ND;ND;ND;ND;ND;ND;ND;ND;ND;ND;ND;ND;ND;ND;ND;ND;ND;ND;ND;ND;ND;ND;ND;ND;ND;ND;ND;ND;ND;ND;ND;ND;ND;ND;ND;ND,"""512,2048""",FLOAT16,ND,N/A,0.0,0,0.0,0.0,0.0,0.0,0.0,0.0,0.0,0.0,0.0,0.0,0.0,48.84,3223454,0.017,0.0,5.915,0.121,30.854,0.632,13.399,0.274,0.0,0.000
0,4294967295,60,47,aclnnMul_MulAiCore_Mul,Mul,dynamic,AI_VECTOR_CORE,1785699090291928.816	,328.566,0.000000,40,0,NO,"""4096,4096;4096,4096""",FLOAT;FLOAT,ND;ND,"""4096,4096""",FLOAT,ND,N/A,0.0,0,0.0,0.0,0.0,0.0,0.0,0.0,0.0,0.0,0.0,0.0,0.0,326.192,21528648,6.784,0.021,3.039,0.009,324.593,0.995,110.327,0.338,0.0,0.000
0,4294967295,61,47,Concat,Concat,dynamic,AI_VECTOR_CORE,1785699090292257.402	,53.981,0.184000,40,0,NO,"""512,16;512,16;512,16;512,16;512,16;512,16;512,16;512,16;512,16;512,16;512,16;512,16;512,16;512,16;512,16;512,16;512,16;512,16;512,16;512,16;512,16;512,16;512,16;512,16;512,16;512,16;512,16;512,16;512,16;512,16;512,16;512,16;512,16;512,16;512,16;512,16;512,16;512,16;512,16;512,16;512,16;512,16;512,16;512,16;512,16;512,16;512,16;512,16;512,16;512,16;512,16;512,16;512,16;512,16;512,16;512,16;512,16;512,16;512,16;512,16;512,16;512,16;512,16;512,16;512,16;512,16;512,16;512,16;512,16;512,16;512,16;512,16;512,16;512,16;512,16;512,16;512,16;512,16;512,16;512,16;512,16;512,16;512,16;512,16;512,16;512,16;512,16;512,16;512,16;512,16;512,16;512,16;512,16;512,16;512,16;512,16;512,16;512,16;512,16;512,16;512,16;512,16;512,16;512,16;512,16;512,16;512,16;512,16;512,16;512,16;512,16;512,16;512,16;512,16;512,16;512,16;512,16;512,16;512,16;512,16;512,16;512,16;512,16;512,16;512,16;512,16;512,16;512,16""",FLOAT16;FLOAT16;FLOAT16;FLOAT16;FLOAT16;FLOAT16;FLOAT16;FLOAT16;FLOAT16;FLOAT16;FLOAT16;FLOAT16;FLOAT16;FLOAT16;FLOAT16;FLOAT16;FLOAT16;FLOAT16;FLOAT16;FLOAT16;FLOAT16;FLOAT16;FLOAT16;FLOAT16;FLOAT16;FLOAT16;FLOAT16;FLOAT16;FLOAT16;FLOAT16;FLOAT16;FLOAT16;FLOAT16;FLOAT16;FLOAT16;FLOAT16;FLOAT16;FLOAT16;FLOAT16;FLOAT16;FLOAT16;FLOAT16;FLOAT16;FLOAT16;FLOAT16;FLOAT16;FLOAT16;FLOAT16;FLOAT16;FLOAT16;FLOAT16;FLOAT16;FLOAT16;FLOAT16;FLOAT16;FLOAT16;FLOAT16;FLOAT16;FLOAT16;FLOAT16;FLOAT16;FLOAT16;FLOAT16;FLOAT16;FLOAT16;FLOAT16;FLOAT16;FLOAT16;FLOAT16;FLOAT16;FLOAT16;FLOAT16;FLOAT16;FLOAT16;FLOAT16;FLOAT16;FLOAT16;FLOAT16;FLOAT16;FLOAT16;FLOAT16;FLOAT16;FLOAT16;FLOAT16;FLOAT16;FLOAT16;FLOAT16;FLOAT16;FLOAT16;FLOAT16;FLOAT16;FLOAT16;FLOAT16;FLOAT16;FLOAT16;FLOAT16;FLOAT16;FLOAT16;FLOAT16;FLOAT16;FLOAT16;FLOAT16;FLOAT16;FLOAT16;FLOAT16;FLOAT16;FLOAT16;FLOAT16;FLOAT16;FLOAT16;FLOAT16;FLOAT16;FLOAT16;FLOAT16;FLOAT16;FLOAT16;FLOAT16;FLOAT16;FLOAT16;FLOAT16;FLOAT16;FLOAT16;FLOAT16;FLOAT16;FLOAT16;FLOAT16;FLOAT16;FLOAT16,ND;ND;ND;ND;ND;ND;ND;ND;ND;ND;ND;ND;ND;ND;ND;ND;ND;ND;ND;ND;ND;ND;ND;ND;ND;ND;ND;ND;ND;ND;ND;ND;ND;ND;ND;ND;ND;ND;ND;ND;ND;ND;ND;ND;ND;ND;ND;ND;ND;ND;ND;ND;ND;ND;ND;ND;ND;ND;ND;ND;ND;ND;ND;ND;ND;ND;ND;ND;ND;ND;ND;ND;ND;ND;ND;ND;ND;ND;ND;ND;ND;ND;ND;ND;ND;ND;ND;ND;ND;ND;ND;ND;ND;ND;ND;ND;ND;ND;ND;ND;ND;ND;ND;ND;ND;ND;ND;ND;ND;ND;ND;ND;ND;ND;ND;ND;ND;ND;ND;ND;ND;ND;ND;ND;ND;ND;ND;ND,"""512,2048""",FLOAT16,ND,N/A,0.0,0,0.0,0.0,0.0,0.0,0.0,0.0,0.0,0.0,0.0,0.0,0.0,46.103,3042820,0.017,0.0,4.111,0.089,29.61,0.642,13.307,0.289,0.0,0.000
0,4294967295,62,47,aclnnMul_MulAiCore_Mul,Mul,dynamic,AI_VECTOR_CORE,1785699090292311.403	,327.367,0.019000,40,0,NO,"""4096,4096;4096,4096""",FLOAT;FLOAT,ND;ND,"""4096,4096""",FLOAT,ND,N/A,0.0,0,0.0,0.0,0.0,0.0,0.0,0.0,0.0,0.0,0.0,0.0,0.0,325.325,21471456,6.784,0.021,3.126,0.01,323.687,0.995,109.204,0.336,0.0,0.000
0,4294967295,63,47,Concat,Concat,dynamic,AI_VECTOR_CORE,1785699090292638.790	,54.141,0.000000,40,0,NO,"""512,16;512,16;512,16;512,16;512,16;512,16;512,16;512,16;512,16;512,16;512,16;512,16;512,16;512,16;512,16;512,16;512,16;512,16;512,16;512,16;512,16;512,16;512,16;512,16;512,16;512,16;512,16;512,16;512,16;512,16;512,16;512,16;512,16;512,16;512,16;512,16;512,16;512,16;512,16;512,16;512,16;512,16;512,16;512,16;512,16;512,16;512,16;512,16;512,16;512,16;512,16;512,16;512,16;512,16;512,16;512,16;512,16;512,16;512,16;512,16;512,16;512,16;512,16;512,16;512,16;512,16;512,16;512,16;512,16;512,16;512,16;512,16;512,16;512,16;512,16;512,16;512,16;512,16;512,16;512,16;512,16;512,16;512,16;512,16;512,16;512,16;512,16;512,16;512,16;512,16;512,16;512,16;512,16;512,16;512,16;512,16;512,16;512,16;512,16;512,16;512,16;512,16;512,16;512,16;512,16;512,16;512,16;512,16;512,16;512,16;512,16;512,16;512,16;512,16;512,16;512,16;512,16;512,16;512,16;512,16;512,16;512,16;512,16;512,16;512,16;512,16;512,16;512,16""",FLOAT16;FLOAT16;FLOAT16;FLOAT16;FLOAT16;FLOAT16;FLOAT16;FLOAT16;FLOAT16;FLOAT16;FLOAT16;FLOAT16;FLOAT16;FLOAT16;FLOAT16;FLOAT16;FLOAT16;FLOAT16;FLOAT16;FLOAT16;FLOAT16;FLOAT16;FLOAT16;FLOAT16;FLOAT16;FLOAT16;FLOAT16;FLOAT16;FLOAT16;FLOAT16;FLOAT16;FLOAT16;FLOAT16;FLOAT16;FLOAT16;FLOAT16;FLOAT16;FLOAT16;FLOAT16;FLOAT16;FLOAT16;FLOAT16;FLOAT16;FLOAT16;FLOAT16;FLOAT16;FLOAT16;FLOAT16;FLOAT16;FLOAT16;FLOAT16;FLOAT16;FLOAT16;FLOAT16;FLOAT16;FLOAT16;FLOAT16;FLOAT16;FLOAT16;FLOAT16;FLOAT16;FLOAT16;FLOAT16;FLOAT16;FLOAT16;FLOAT16;FLOAT16;FLOAT16;FLOAT16;FLOAT16;FLOAT16;FLOAT16;FLOAT16;FLOAT16;FLOAT16;FLOAT16;FLOAT16;FLOAT16;FLOAT16;FLOAT16;FLOAT16;FLOAT16;FLOAT16;FLOAT16;FLOAT16;FLOAT16;FLOAT16;FLOAT16;FLOAT16;FLOAT16;FLOAT16;FLOAT16;FLOAT16;FLOAT16;FLOAT16;FLOAT16;FLOAT16;FLOAT16;FLOAT16;FLOAT16;FLOAT16;FLOAT16;FLOAT16;FLOAT16;FLOAT16;FLOAT16;FLOAT16;FLOAT16;FLOAT16;FLOAT16;FLOAT16;FLOAT16;FLOAT16;FLOAT16;FLOAT16;FLOAT16;FLOAT16;FLOAT16;FLOAT16;FLOAT16;FLOAT16;FLOAT16;FLOAT16;FLOAT16;FLOAT16;FLOAT16;FLOAT16;FLOAT16,ND;ND;ND;ND;ND;ND;ND;ND;ND;ND;ND;ND;ND;ND;ND;ND;ND;ND;ND;ND;ND;ND;ND;ND;ND;ND;ND;ND;ND;ND;ND;ND;ND;ND;ND;ND;ND;ND;ND;ND;ND;ND;ND;ND;ND;ND;ND;ND;ND;ND;ND;ND;ND;ND;ND;ND;ND;ND;ND;ND;ND;ND;ND;ND;ND;ND;ND;ND;ND;ND;ND;ND;ND;ND;ND;ND;ND;ND;ND;ND;ND;ND;ND;ND;ND;ND;ND;ND;ND;ND;ND;ND;ND;ND;ND;ND;ND;ND;ND;ND;ND;ND;ND;ND;ND;ND;ND;ND;ND;ND;ND;ND;ND;ND;ND;ND;ND;ND;ND;ND;ND;ND;ND;ND;ND;ND;ND;ND,"""512,2048""",FLOAT16,ND,N/A,0.0,0,0.0,0.0,0.0,0.0,0.0,0.0,0.0,0.0,0.0,0.0,0.0,45.885,3028432,0.017,0.0,4.277,0.093,29.216,0.637,13.386,0.292,0.0,0.000
0,4294967295,64,47,aclnnMul_MulAiCore_Mul,Mul,dynamic,AI_VECTOR_CORE,1785699090292692.951	,329.187,0.109000,40,0,NO,"""4096,4096;4096,4096""",FLOAT;FLOAT,ND;ND,"""4096,4096""",FLOAT,ND,N/A,0.0,0,0.0,0.0,0.0,0.0,0.0,0.0,0.0,0.0,0.0,0.0,0.0,326.902,21575555,6.784,0.021,2.99,0.009,325.397,0.995,110.06,0.337,0.0,0.000
0,4294967295,65,47,Concat,Concat,dynamic,AI_VECTOR_CORE,1785699090293022.158	,55.961,0.063000,40,0,NO,"""512,16;512,16;512,16;512,16;512,16;512,16;512,16;512,16;512,16;512,16;512,16;512,16;512,16;512,16;512,16;512,16;512,16;512,16;512,16;512,16;512,16;512,16;512,16;512,16;512,16;512,16;512,16;512,16;512,16;512,16;512,16;512,16;512,16;512,16;512,16;512,16;512,16;512,16;512,16;512,16;512,16;512,16;512,16;512,16;512,16;512,16;512,16;512,16;512,16;512,16;512,16;512,16;512,16;512,16;512,16;512,16;512,16;512,16;512,16;512,16;512,16;512,16;512,16;512,16;512,16;512,16;512,16;512,16;512,16;512,16;512,16;512,16;512,16;512,16;512,16;512,16;512,16;512,16;512,16;512,16;512,16;512,16;512,16;512,16;512,16;512,16;512,16;512,16;512,16;512,16;512,16;512,16;512,16;512,16;512,16;512,16;512,16;512,16;512,16;512,16;512,16;512,16;512,16;512,16;512,16;512,16;512,16;512,16;512,16;512,16;512,16;512,16;512,16;512,16;512,16;512,16;512,16;512,16;512,16;512,16;512,16;512,16;512,16;512,16;512,16;512,16;512,16;512,16""",FLOAT16;FLOAT16;FLOAT16;FLOAT16;FLOAT16;FLOAT16;FLOAT16;FLOAT16;FLOAT16;FLOAT16;FLOAT16;FLOAT16;FLOAT16;FLOAT16;FLOAT16;FLOAT16;FLOAT16;FLOAT16;FLOAT16;FLOAT16;FLOAT16;FLOAT16;FLOAT16;FLOAT16;FLOAT16;FLOAT16;FLOAT16;FLOAT16;FLOAT16;FLOAT16;FLOAT16;FLOAT16;FLOAT16;FLOAT16;FLOAT16;FLOAT16;FLOAT16;FLOAT16;FLOAT16;FLOAT16;FLOAT16;FLOAT16;FLOAT16;FLOAT16;FLOAT16;FLOAT16;FLOAT16;FLOAT16;FLOAT16;FLOAT16;FLOAT16;FLOAT16;FLOAT16;FLOAT16;FLOAT16;FLOAT16;FLOAT16;FLOAT16;FLOAT16;FLOAT16;FLOAT16;FLOAT16;FLOAT16;FLOAT16;FLOAT16;FLOAT16;FLOAT16;FLOAT16;FLOAT16;FLOAT16;FLOAT16;FLOAT16;FLOAT16;FLOAT16;FLOAT16;FLOAT16;FLOAT16;FLOAT16;FLOAT16;FLOAT16;FLOAT16;FLOAT16;FLOAT16;FLOAT16;FLOAT16;FLOAT16;FLOAT16;FLOAT16;FLOAT16;FLOAT16;FLOAT16;FLOAT16;FLOAT16;FLOAT16;FLOAT16;FLOAT16;FLOAT16;FLOAT16;FLOAT16;FLOAT16;FLOAT16;FLOAT16;FLOAT16;FLOAT16;FLOAT16;FLOAT16;FLOAT16;FLOAT16;FLOAT16;FLOAT16;FLOAT16;FLOAT16;FLOAT16;FLOAT16;FLOAT16;FLOAT16;FLOAT16;FLOAT16;FLOAT16;FLOAT16;FLOAT16;FLOAT16;FLOAT16;FLOAT16;FLOAT16;FLOAT16;FLOAT16;FLOAT16,ND;ND;ND;ND;ND;ND;ND;ND;ND;ND;ND;ND;ND;ND;ND;ND;ND;ND;ND;ND;ND;ND;ND;ND;ND;ND;ND;ND;ND;ND;ND;ND;ND;ND;ND;ND;ND;ND;ND;ND;ND;ND;ND;ND;ND;ND;ND;ND;ND;ND;ND;ND;ND;ND;ND;ND;ND;ND;ND;ND;ND;ND;ND;ND;ND;ND;ND;ND;ND;ND;ND;ND;ND;ND;ND;ND;ND;ND;ND;ND;ND;ND;ND;ND;ND;ND;ND;ND;ND;ND;ND;ND;ND;ND;ND;ND;ND;ND;ND;ND;ND;ND;ND;ND;ND;ND;ND;ND;ND;ND;ND;ND;ND;ND;ND;ND;ND;ND;ND;ND;ND;ND;ND;ND;ND;ND;ND;ND,"""512,2048""",FLOAT16,ND,N/A,0.0,0,0.0,0.0,0.0,0.0,0.0,0.0,0.0,0.0,0.0,0.0,0.0,47.708,3148751,0.017,0.0,4.223,0.089,29.361,0.615,14.787,0.31,0.0,0.000
0,4294967295,66,47,aclnnMul_MulAiCore_Mul,Mul,dynamic,AI_VECTOR_CORE,1785699090293078.139	,328.606,0.039000,40,0,NO,"""4096,4096;4096,4096""",FLOAT;FLOAT,ND;ND,"""4096,4096""",FLOAT,ND,N/A,0.0,0,0.0,0.0,0.0,0.0,0.0,0.0,0.0,0.0,0.0,0.0,0.0,326.662,21559678,6.784,0.021,3.145,0.01,324.988,0.995,110.533,0.338,0.0,0.000
0,4294967295,67,47,Concat,Concat,dynamic,AI_VECTOR_CORE,1785699090293406.765	,55.221,0.000000,40,0,NO,"""512,16;512,16;512,16;512,16;512,16;512,16;512,16;512,16;512,16;512,16;512,16;512,16;512,16;512,16;512,16;512,16;512,16;512,16;512,16;512,16;512,16;512,16;512,16;512,16;512,16;512,16;512,16;512,16;512,16;512,16;512,16;512,16;512,16;512,16;512,16;512,16;512,16;512,16;512,16;512,16;512,16;512,16;512,16;512,16;512,16;512,16;512,16;512,16;512,16;512,16;512,16;512,16;512,16;512,16;512,16;512,16;512,16;512,16;512,16;512,16;512,16;512,16;512,16;512,16;512,16;512,16;512,16;512,16;512,16;512,16;512,16;512,16;512,16;512,16;512,16;512,16;512,16;512,16;512,16;512,16;512,16;512,16;512,16;512,16;512,16;512,16;512,16;512,16;512,16;512,16;512,16;512,16;512,16;512,16;512,16;512,16;512,16;512,16;512,16;512,16;512,16;512,16;512,16;512,16;512,16;512,16;512,16;512,16;512,16;512,16;512,16;512,16;512,16;512,16;512,16;512,16;512,16;512,16;512,16;512,16;512,16;512,16;512,16;512,16;512,16;512,16;512,16;512,16""",FLOAT16;FLOAT16;FLOAT16;FLOAT16;FLOAT16;FLOAT16;FLOAT16;FLOAT16;FLOAT16;FLOAT16;FLOAT16;FLOAT16;FLOAT16;FLOAT16;FLOAT16;FLOAT16;FLOAT16;FLOAT16;FLOAT16;FLOAT16;FLOAT16;FLOAT16;FLOAT16;FLOAT16;FLOAT16;FLOAT16;FLOAT16;FLOAT16;FLOAT16;FLOAT16;FLOAT16;FLOAT16;FLOAT16;FLOAT16;FLOAT16;FLOAT16;FLOAT16;FLOAT16;FLOAT16;FLOAT16;FLOAT16;FLOAT16;FLOAT16;FLOAT16;FLOAT16;FLOAT16;FLOAT16;FLOAT16;FLOAT16;FLOAT16;FLOAT16;FLOAT16;FLOAT16;FLOAT16;FLOAT16;FLOAT16;FLOAT16;FLOAT16;FLOAT16;FLOAT16;FLOAT16;FLOAT16;FLOAT16;FLOAT16;FLOAT16;FLOAT16;FLOAT16;FLOAT16;FLOAT16;FLOAT16;FLOAT16;FLOAT16;FLOAT16;FLOAT16;FLOAT16;FLOAT16;FLOAT16;FLOAT16;FLOAT16;FLOAT16;FLOAT16;FLOAT16;FLOAT16;FLOAT16;FLOAT16;FLOAT16;FLOAT16;FLOAT16;FLOAT16;FLOAT16;FLOAT16;FLOAT16;FLOAT16;FLOAT16;FLOAT16;FLOAT16;FLOAT16;FLOAT16;FLOAT16;FLOAT16;FLOAT16;FLOAT16;FLOAT16;FLOAT16;FLOAT16;FLOAT16;FLOAT16;FLOAT16;FLOAT16;FLOAT16;FLOAT16;FLOAT16;FLOAT16;FLOAT16;FLOAT16;FLOAT16;FLOAT16;FLOAT16;FLOAT16;FLOAT16;FLOAT16;FLOAT16;FLOAT16;FLOAT16;FLOAT16;FLOAT16;FLOAT16;FLOAT16,ND;ND;ND;ND;ND;ND;ND;ND;ND;ND;ND;ND;ND;ND;ND;ND;ND;ND;ND;ND;ND;ND;ND;ND;ND;ND;ND;ND;ND;ND;ND;ND;ND;ND;ND;ND;ND;ND;ND;ND;ND;ND;ND;ND;ND;ND;ND;ND;ND;ND;ND;ND;ND;ND;ND;ND;ND;ND;ND;ND;ND;ND;ND;ND;ND;ND;ND;ND;ND;ND;ND;ND;ND;ND;ND;ND;ND;ND;ND;ND;ND;ND;ND;ND;ND;ND;ND;ND;ND;ND;ND;ND;ND;ND;ND;ND;ND;ND;ND;ND;ND;ND;ND;ND;ND;ND;ND;ND;ND;ND;ND;ND;ND;ND;ND;ND;ND;ND;ND;ND;ND;ND;ND;ND;ND;ND;ND;ND,"""512,2048""",FLOAT16,ND,N/A,0.0,0,0.0,0.0,0.0,0.0,0.0,0.0,0.0,0.0,0.0,0.0,0.0,47.542,3137780,0.017,0.0,4.314,0.091,29.021,0.61,15.054,0.317,0.0,0.000
0,4294967295,68,47,aclnnMul_MulAiCore_Mul,Mul,dynamic,AI_VECTOR_CORE,1785699090293462.026	,328.647,0.029000,40,0,NO,"""4096,4096;4096,4096""",FLOAT;FLOAT,ND;ND,"""4096,4096""",FLOAT,ND,N/A,0.0,0,0.0,0.0,0.0,0.0,0.0,0.0,0.0,0.0,0.0,0.0,0.0,326.531,21551078,6.784,0.021,2.958,0.009,325.011,0.995,110.784,0.339,0.0,0.000
0,4294967295,69,47,Concat,Concat,dynamic,AI_VECTOR_CORE,1785699090293790.693	,58.341,0.103000,40,0,NO,"""512,16;512,16;512,16;512,16;512,16;512,16;512,16;512,16;512,16;512,16;512,16;512,16;512,16;512,16;512,16;512,16;512,16;512,16;512,16;512,16;512,16;512,16;512,16;512,16;512,16;512,16;512,16;512,16;512,16;512,16;512,16;512,16;512,16;512,16;512,16;512,16;512,16;512,16;512,16;512,16;512,16;512,16;512,16;512,16;512,16;512,16;512,16;512,16;512,16;512,16;512,16;512,16;512,16;512,16;512,16;512,16;512,16;512,16;512,16;512,16;512,16;512,16;512,16;512,16;512,16;512,16;512,16;512,16;512,16;512,16;512,16;512,16;512,16;512,16;512,16;512,16;512,16;512,16;512,16;512,16;512,16;512,16;512,16;512,16;512,16;512,16;512,16;512,16;512,16;512,16;512,16;512,16;512,16;512,16;512,16;512,16;512,16;512,16;512,16;512,16;512,16;512,16;512,16;512,16;512,16;512,16;512,16;512,16;512,16;512,16;512,16;512,16;512,16;512,16;512,16;512,16;512,16;512,16;512,16;512,16;512,16;512,16;512,16;512,16;512,16;512,16;512,16;512,16""",FLOAT16;FLOAT16;FLOAT16;FLOAT16;FLOAT16;FLOAT16;FLOAT16;FLOAT16;FLOAT16;FLOAT16;FLOAT16;FLOAT16;FLOAT16;FLOAT16;FLOAT16;FLOAT16;FLOAT16;FLOAT16;FLOAT16;FLOAT16;FLOAT16;FLOAT16;FLOAT16;FLOAT16;FLOAT16;FLOAT16;FLOAT16;FLOAT16;FLOAT16;FLOAT16;FLOAT16;FLOAT16;FLOAT16;FLOAT16;FLOAT16;FLOAT16;FLOAT16;FLOAT16;FLOAT16;FLOAT16;FLOAT16;FLOAT16;FLOAT16;FLOAT16;FLOAT16;FLOAT16;FLOAT16;FLOAT16;FLOAT16;FLOAT16;FLOAT16;FLOAT16;FLOAT16;FLOAT16;FLOAT16;FLOAT16;FLOAT16;FLOAT16;FLOAT16;FLOAT16;FLOAT16;FLOAT16;FLOAT16;FLOAT16;FLOAT16;FLOAT16;FLOAT16;FLOAT16;FLOAT16;FLOAT16;FLOAT16;FLOAT16;FLOAT16;FLOAT16;FLOAT16;FLOAT16;FLOAT16;FLOAT16;FLOAT16;FLOAT16;FLOAT16;FLOAT16;FLOAT16;FLOAT16;FLOAT16;FLOAT16;FLOAT16;FLOAT16;FLOAT16;FLOAT16;FLOAT16;FLOAT16;FLOAT16;FLOAT16;FLOAT16;FLOAT16;FLOAT16;FLOAT16;FLOAT16;FLOAT16;FLOAT16;FLOAT16;FLOAT16;FLOAT16;FLOAT16;FLOAT16;FLOAT16;FLOAT16;FLOAT16;FLOAT16;FLOAT16;FLOAT16;FLOAT16;FLOAT16;FLOAT16;FLOAT16;FLOAT16;FLOAT16;FLOAT16;FLOAT16;FLOAT16;FLOAT16;FLOAT16;FLOAT16;FLOAT16;FLOAT16;FLOAT16;FLOAT16,ND;ND;ND;ND;ND;ND;ND;ND;ND;ND;ND;ND;ND;ND;ND;ND;ND;ND;ND;ND;ND;ND;ND;ND;ND;ND;ND;ND;ND;ND;ND;ND;ND;ND;ND;ND;ND;ND;ND;ND;ND;ND;ND;ND;ND;ND;ND;ND;ND;ND;ND;ND;ND;ND;ND;ND;ND;ND;ND;ND;ND;ND;ND;ND;ND;ND;ND;ND;ND;ND;ND;ND;ND;ND;ND;ND;ND;ND;ND;ND;ND;ND;ND;ND;ND;ND;ND;ND;ND;ND;ND;ND;ND;ND;ND;ND;ND;ND;ND;ND;ND;ND;ND;ND;ND;ND;ND;ND;ND;ND;ND;ND;ND;ND;ND;ND;ND;ND;ND;ND;ND;ND;ND;ND;ND;ND;ND;ND,"""512,2048""",FLOAT16,ND,N/A,0.0,0,0.0,0.0,0.0,0.0,0.0,0.0,0.0,0.0,0.0,0.0,0.0,47.623,3143135,0.017,0.0,4.996,0.105,29.0,0.609,14.51,0.305,0.0,0.000
0,4294967295,70,47,aclnnMul_MulAiCore_Mul,Mul,dynamic,AI_VECTOR_CORE,1785699090293849.054	,328.647,0.000000,40,0,NO,"""4096,4096;4096,4096""",FLOAT;FLOAT,ND;ND,"""4096,4096""",FLOAT,ND,N/A,0.0,0,0.0,0.0,0.0,0.0,0.0,0.0,0.0,0.0,0.0,0.0,0.0,326.243,21532020,6.784,0.021,3.075,0.009,324.637,0.995,108.761,0.333,0.0,0.000
0,4294967295,71,47,Concat,Concat,dynamic,AI_VECTOR_CORE,1785699090294177.721	,54.521,0.103000,40,0,NO,"""512,16;512,16;512,16;512,16;512,16;512,16;512,16;512,16;512,16;512,16;512,16;512,16;512,16;512,16;512,16;512,16;512,16;512,16;512,16;512,16;512,16;512,16;512,16;512,16;512,16;512,16;512,16;512,16;512,16;512,16;512,16;512,16;512,16;512,16;512,16;512,16;512,16;512,16;512,16;512,16;512,16;512,16;512,16;512,16;512,16;512,16;512,16;512,16;512,16;512,16;512,16;512,16;512,16;512,16;512,16;512,16;512,16;512,16;512,16;512,16;512,16;512,16;512,16;512,16;512,16;512,16;512,16;512,16;512,16;512,16;512,16;512,16;512,16;512,16;512,16;512,16;512,16;512,16;512,16;512,16;512,16;512,16;512,16;512,16;512,16;512,16;512,16;512,16;512,16;512,16;512,16;512,16;512,16;512,16;512,16;512,16;512,16;512,16;512,16;512,16;512,16;512,16;512,16;512,16;512,16;512,16;512,16;512,16;512,16;512,16;512,16;512,16;512,16;512,16;512,16;512,16;512,16;512,16;512,16;512,16;512,16;512,16;512,16;512,16;512,16;512,16;512,16;512,16""",FLOAT16;FLOAT16;FLOAT16;FLOAT16;FLOAT16;FLOAT16;FLOAT16;FLOAT16;FLOAT16;FLOAT16;FLOAT16;FLOAT16;FLOAT16;FLOAT16;FLOAT16;FLOAT16;FLOAT16;FLOAT16;FLOAT16;FLOAT16;FLOAT16;FLOAT16;FLOAT16;FLOAT16;FLOAT16;FLOAT16;FLOAT16;FLOAT16;FLOAT16;FLOAT16;FLOAT16;FLOAT16;FLOAT16;FLOAT16;FLOAT16;FLOAT16;FLOAT16;FLOAT16;FLOAT16;FLOAT16;FLOAT16;FLOAT16;FLOAT16;FLOAT16;FLOAT16;FLOAT16;FLOAT16;FLOAT16;FLOAT16;FLOAT16;FLOAT16;FLOAT16;FLOAT16;FLOAT16;FLOAT16;FLOAT16;FLOAT16;FLOAT16;FLOAT16;FLOAT16;FLOAT16;FLOAT16;FLOAT16;FLOAT16;FLOAT16;FLOAT16;FLOAT16;FLOAT16;FLOAT16;FLOAT16;FLOAT16;FLOAT16;FLOAT16;FLOAT16;FLOAT16;FLOAT16;FLOAT16;FLOAT16;FLOAT16;FLOAT16;FLOAT16;FLOAT16;FLOAT16;FLOAT16;FLOAT16;FLOAT16;FLOAT16;FLOAT16;FLOAT16;FLOAT16;FLOAT16;FLOAT16;FLOAT16;FLOAT16;FLOAT16;FLOAT16;FLOAT16;FLOAT16;FLOAT16;FLOAT16;FLOAT16;FLOAT16;FLOAT16;FLOAT16;FLOAT16;FLOAT16;FLOAT16;FLOAT16;FLOAT16;FLOAT16;FLOAT16;FLOAT16;FLOAT16;FLOAT16;FLOAT16;FLOAT16;FLOAT16;FLOAT16;FLOAT16;FLOAT16;FLOAT16;FLOAT16;FLOAT16;FLOAT16;FLOAT16;FLOAT16;FLOAT16;FLOAT16,ND;ND;ND;ND;ND;ND;ND;ND;ND;ND;ND;ND;ND;ND;ND;ND;ND;ND;ND;ND;ND;ND;ND;ND;ND;ND;ND;ND;ND;ND;ND;ND;ND;ND;ND;ND;ND;ND;ND;ND;ND;ND;ND;ND;ND;ND;ND;ND;ND;ND;ND;ND;ND;ND;ND;ND;ND;ND;ND;ND;ND;ND;ND;ND;ND;ND;ND;ND;ND;ND;ND;ND;ND;ND;ND;ND;ND;ND;ND;ND;ND;ND;ND;ND;ND;ND;ND;ND;ND;ND;ND;ND;ND;ND;ND;ND;ND;ND;ND;ND;ND;ND;ND;ND;ND;ND;ND;ND;ND;ND;ND;ND;ND;ND;ND;ND;ND;ND;ND;ND;ND;ND;ND;ND;ND;ND;ND;ND,"""512,2048""",FLOAT16,ND,N/A,0.0,0,0.0,0.0,0.0,0.0,0.0,0.0,0.0,0.0,0.0,0.0,0.0,46.528,3070826,0.017,0.0,4.318,0.093,28.835,0.62,14.499,0.312,0.0,0.000
0,4294967295,72,47,aclnnMul_MulAiCore_Mul,Mul,dynamic,AI_VECTOR_CORE,1785699090294232.262	,327.826,0.000000,40,0,NO,"""4096,4096;4096,4096""",FLOAT;FLOAT,ND;ND,"""4096,4096""",FLOAT,ND,N/A,0.0,0,0.0,0.0,0.0,0.0,0.0,0.0,0.0,0.0,0.0,0.0,0.0,325.645,21492574,6.784,0.021,2.889,0.009,324.225,0.996,110.598,0.34,0.0,0.000
0,4294967295,73,47,Concat,Concat,dynamic,AI_VECTOR_CORE,1785699090294560.108	,54.381,0.000000,40,0,NO,"""512,16;512,16;512,16;512,16;512,16;512,16;512,16;512,16;512,16;512,16;512,16;512,16;512,16;512,16;512,16;512,16;512,16;512,16;512,16;512,16;512,16;512,16;512,16;512,16;512,16;512,16;512,16;512,16;512,16;512,16;512,16;512,16;512,16;512,16;512,16;512,16;512,16;512,16;512,16;512,16;512,16;512,16;512,16;512,16;512,16;512,16;512,16;512,16;512,16;512,16;512,16;512,16;512,16;512,16;512,16;512,16;512,16;512,16;512,16;512,16;512,16;512,16;512,16;512,16;512,16;512,16;512,16;512,16;512,16;512,16;512,16;512,16;512,16;512,16;512,16;512,16;512,16;512,16;512,16;512,16;512,16;512,16;512,16;512,16;512,16;512,16;512,16;512,16;512,16;512,16;512,16;512,16;512,16;512,16;512,16;512,16;512,16;512,16;512,16;512,16;512,16;512,16;512,16;512,16;512,16;512,16;512,16;512,16;512,16;512,16;512,16;512,16;512,16;512,16;512,16;512,16;512,16;512,16;512,16;512,16;512,16;512,16;512,16;512,16;512,16;512,16;512,16;512,16""",FLOAT16;FLOAT16;FLOAT16;FLOAT16;FLOAT16;FLOAT16;FLOAT16;FLOAT16;FLOAT16;FLOAT16;FLOAT16;FLOAT16;FLOAT16;FLOAT16;FLOAT16;FLOAT16;FLOAT16;FLOAT16;FLOAT16;FLOAT16;FLOAT16;FLOAT16;FLOAT16;FLOAT16;FLOAT16;FLOAT16;FLOAT16;FLOAT16;FLOAT16;FLOAT16;FLOAT16;FLOAT16;FLOAT16;FLOAT16;FLOAT16;FLOAT16;FLOAT16;FLOAT16;FLOAT16;FLOAT16;FLOAT16;FLOAT16;FLOAT16;FLOAT16;FLOAT16;FLOAT16;FLOAT16;FLOAT16;FLOAT16;FLOAT16;FLOAT16;FLOAT16;FLOAT16;FLOAT16;FLOAT16;FLOAT16;FLOAT16;FLOAT16;FLOAT16;FLOAT16;FLOAT16;FLOAT16;FLOAT16;FLOAT16;FLOAT16;FLOAT16;FLOAT16;FLOAT16;FLOAT16;FLOAT16;FLOAT16;FLOAT16;FLOAT16;FLOAT16;FLOAT16;FLOAT16;FLOAT16;FLOAT16;FLOAT16;FLOAT16;FLOAT16;FLOAT16;FLOAT16;FLOAT16;FLOAT16;FLOAT16;FLOAT16;FLOAT16;FLOAT16;FLOAT16;FLOAT16;FLOAT16;FLOAT16;FLOAT16;FLOAT16;FLOAT16;FLOAT16;FLOAT16;FLOAT16;FLOAT16;FLOAT16;FLOAT16;FLOAT16;FLOAT16;FLOAT16;FLOAT16;FLOAT16;FLOAT16;FLOAT16;FLOAT16;FLOAT16;FLOAT16;FLOAT16;FLOAT16;FLOAT16;FLOAT16;FLOAT16;FLOAT16;FLOAT16;FLOAT16;FLOAT16;FLOAT16;FLOAT16;FLOAT16;FLOAT16;FLOAT16;FLOAT16;FLOAT16,ND;ND;ND;ND;ND;ND;ND;ND;ND;ND;ND;ND;ND;ND;ND;ND;ND;ND;ND;ND;ND;ND;ND;ND;ND;ND;ND;ND;ND;ND;ND;ND;ND;ND;ND;ND;ND;ND;ND;ND;ND;ND;ND;ND;ND;ND;ND;ND;ND;ND;ND;ND;ND;ND;ND;ND;ND;ND;ND;ND;ND;ND;ND;ND;ND;ND;ND;ND;ND;ND;ND;ND;ND;ND;ND;ND;ND;ND;ND;ND;ND;ND;ND;ND;ND;ND;ND;ND;ND;ND;ND;ND;ND;ND;ND;ND;ND;ND;ND;ND;ND;ND;ND;ND;ND;ND;ND;ND;ND;ND;ND;ND;ND;ND;ND;ND;ND;ND;ND;ND;ND;ND;ND;ND;ND;ND;ND;ND,"""512,2048""",FLOAT16,ND,N/A,0.0,0,0.0,0.0,0.0,0.0,0.0,0.0,0.0,0.0,0.0,0.0,0.0,46.557,3072793,0.017,0.0,4.587,0.099,28.586,0.614,14.451,0.31,0.0,0.000
0,4294967295,74,47,aclnnMul_MulAiCore_Mul,Mul,dynamic,AI_VECTOR_CORE,1785699090294614.509	,328.047,0.119000,40,0,NO,"""4096,4096;4096,4096""",FLOAT;FLOAT,ND;ND,"""4096,4096""",FLOAT,ND,N/A,0.0,0,0.0,0.0,0.0,0.0,0.0,0.0,0.0,0.0,0.0,0.0,0.0,325.604,21489865,6.784,0.021,3.017,0.009,324.055,0.995,108.355,0.333,0.0,0.000
0,4294967295,75,47,Concat,Concat,dynamic,AI_VECTOR_CORE,1785699090294942.576	,56.241,0.000000,40,0,NO,"""512,16;512,16;512,16;512,16;512,16;512,16;512,16;512,16;512,16;512,16;512,16;512,16;512,16;512,16;512,16;512,16;512,16;512,16;512,16;512,16;512,16;512,16;512,16;512,16;512,16;512,16;512,16;512,16;512,16;512,16;512,16;512,16;512,16;512,16;512,16;512,16;512,16;512,16;512,16;512,16;512,16;512,16;512,16;512,16;512,16;512,16;512,16;512,16;512,16;512,16;512,16;512,16;512,16;512,16;512,16;512,16;512,16;512,16;512,16;512,16;512,16;512,16;512,16;512,16;512,16;512,16;512,16;512,16;512,16;512,16;512,16;512,16;512,16;512,16;512,16;512,16;512,16;512,16;512,16;512,16;512,16;512,16;512,16;512,16;512,16;512,16;512,16;512,16;512,16;512,16;512,16;512,16;512,16;512,16;512,16;512,16;512,16;512,16;512,16;512,16;512,16;512,16;512,16;512,16;512,16;512,16;512,16;512,16;512,16;512,16;512,16;512,16;512,16;512,16;512,16;512,16;512,16;512,16;512,16;512,16;512,16;512,16;512,16;512,16;512,16;512,16;512,16;512,16""",FLOAT16;FLOAT16;FLOAT16;FLOAT16;FLOAT16;FLOAT16;FLOAT16;FLOAT16;FLOAT16;FLOAT16;FLOAT16;FLOAT16;FLOAT16;FLOAT16;FLOAT16;FLOAT16;FLOAT16;FLOAT16;FLOAT16;FLOAT16;FLOAT16;FLOAT16;FLOAT16;FLOAT16;FLOAT16;FLOAT16;FLOAT16;FLOAT16;FLOAT16;FLOAT16;FLOAT16;FLOAT16;FLOAT16;FLOAT16;FLOAT16;FLOAT16;FLOAT16;FLOAT16;FLOAT16;FLOAT16;FLOAT16;FLOAT16;FLOAT16;FLOAT16;FLOAT16;FLOAT16;FLOAT16;FLOAT16;FLOAT16;FLOAT16;FLOAT16;FLOAT16;FLOAT16;FLOAT16;FLOAT16;FLOAT16;FLOAT16;FLOAT16;FLOAT16;FLOAT16;FLOAT16;FLOAT16;FLOAT16;FLOAT16;FLOAT16;FLOAT16;FLOAT16;FLOAT16;FLOAT16;FLOAT16;FLOAT16;FLOAT16;FLOAT16;FLOAT16;FLOAT16;FLOAT16;FLOAT16;FLOAT16;FLOAT16;FLOAT16;FLOAT16;FLOAT16;FLOAT16;FLOAT16;FLOAT16;FLOAT16;FLOAT16;FLOAT16;FLOAT16;FLOAT16;FLOAT16;FLOAT16;FLOAT16;FLOAT16;FLOAT16;FLOAT16;FLOAT16;FLOAT16;FLOAT16;FLOAT16;FLOAT16;FLOAT16;FLOAT16;FLOAT16;FLOAT16;FLOAT16;FLOAT16;FLOAT16;FLOAT16;FLOAT16;FLOAT16;FLOAT16;FLOAT16;FLOAT16;FLOAT16;FLOAT16;FLOAT16;FLOAT16;FLOAT16;FLOAT16;FLOAT16;FLOAT16;FLOAT16;FLOAT16;FLOAT16;FLOAT16;FLOAT16;FLOAT16,ND;ND;ND;ND;ND;ND;ND;ND;ND;ND;ND;ND;ND;ND;ND;ND;ND;ND;ND;ND;ND;ND;ND;ND;ND;ND;ND;ND;ND;ND;ND;ND;ND;ND;ND;ND;ND;ND;ND;ND;ND;ND;ND;ND;ND;ND;ND;ND;ND;ND;ND;ND;ND;ND;ND;ND;ND;ND;ND;ND;ND;ND;ND;ND;ND;ND;ND;ND;ND;ND;ND;ND;ND;ND;ND;ND;ND;ND;ND;ND;ND;ND;ND;ND;ND;ND;ND;ND;ND;ND;ND;ND;ND;ND;ND;ND;ND;ND;ND;ND;ND;ND;ND;ND;ND;ND;ND;ND;ND;ND;ND;ND;ND;ND;ND;ND;ND;ND;ND;ND;ND;ND;ND;ND;ND;ND;ND;ND,"""512,2048""",FLOAT16,ND,N/A,0.0,0,0.0,0.0,0.0,0.0,0.0,0.0,0.0,0.0,0.0,0.0,0.0,47.753,3151703,0.017,0.0,5.55,0.116,30.516,0.639,13.417,0.281,0.0,0.000
0,4294967295,76,47,aclnnMul_MulAiCore_Mul,Mul,dynamic,AI_VECTOR_CORE,1785699090294998.837	,328.267,0.009000,40,0,NO,"""4096,4096;4096,4096""",FLOAT;FLOAT,ND;ND,"""4096,4096""",FLOAT,ND,N/A,0.0,0,0.0,0.0,0.0,0.0,0.0,0.0,0.0,0.0,0.0,0.0,0.0,326.228,21531022,6.784,0.021,2.911,0.009,324.778,0.996,109.894,0.337,0.0,0.000
0,4294967295,77,47,Concat,Concat,dynamic,AI_VECTOR_CORE,1785699090295327.144	,55.821,0.233000,40,0,NO,"""512,16;512,16;512,16;512,16;512,16;512,16;512,16;512,16;512,16;512,16;512,16;512,16;512,16;512,16;512,16;512,16;512,16;512,16;512,16;512,16;512,16;512,16;512,16;512,16;512,16;512,16;512,16;512,16;512,16;512,16;512,16;512,16;512,16;512,16;512,16;512,16;512,16;512,16;512,16;512,16;512,16;512,16;512,16;512,16;512,16;512,16;512,16;512,16;512,16;512,16;512,16;512,16;512,16;512,16;512,16;512,16;512,16;512,16;512,16;512,16;512,16;512,16;512,16;512,16;512,16;512,16;512,16;512,16;512,16;512,16;512,16;512,16;512,16;512,16;512,16;512,16;512,16;512,16;512,16;512,16;512,16;512,16;512,16;512,16;512,16;512,16;512,16;512,16;512,16;512,16;512,16;512,16;512,16;512,16;512,16;512,16;512,16;512,16;512,16;512,16;512,16;512,16;512,16;512,16;512,16;512,16;512,16;512,16;512,16;512,16;512,16;512,16;512,16;512,16;512,16;512,16;512,16;512,16;512,16;512,16;512,16;512,16;512,16;512,16;512,16;512,16;512,16;512,16""",FLOAT16;FLOAT16;FLOAT16;FLOAT16;FLOAT16;FLOAT16;FLOAT16;FLOAT16;FLOAT16;FLOAT16;FLOAT16;FLOAT16;FLOAT16;FLOAT16;FLOAT16;FLOAT16;FLOAT16;FLOAT16;FLOAT16;FLOAT16;FLOAT16;FLOAT16;FLOAT16;FLOAT16;FLOAT16;FLOAT16;FLOAT16;FLOAT16;FLOAT16;FLOAT16;FLOAT16;FLOAT16;FLOAT16;FLOAT16;FLOAT16;FLOAT16;FLOAT16;FLOAT16;FLOAT16;FLOAT16;FLOAT16;FLOAT16;FLOAT16;FLOAT16;FLOAT16;FLOAT16;FLOAT16;FLOAT16;FLOAT16;FLOAT16;FLOAT16;FLOAT16;FLOAT16;FLOAT16;FLOAT16;FLOAT16;FLOAT16;FLOAT16;FLOAT16;FLOAT16;FLOAT16;FLOAT16;FLOAT16;FLOAT16;FLOAT16;FLOAT16;FLOAT16;FLOAT16;FLOAT16;FLOAT16;FLOAT16;FLOAT16;FLOAT16;FLOAT16;FLOAT16;FLOAT16;FLOAT16;FLOAT16;FLOAT16;FLOAT16;FLOAT16;FLOAT16;FLOAT16;FLOAT16;FLOAT16;FLOAT16;FLOAT16;FLOAT16;FLOAT16;FLOAT16;FLOAT16;FLOAT16;FLOAT16;FLOAT16;FLOAT16;FLOAT16;FLOAT16;FLOAT16;FLOAT16;FLOAT16;FLOAT16;FLOAT16;FLOAT16;FLOAT16;FLOAT16;FLOAT16;FLOAT16;FLOAT16;FLOAT16;FLOAT16;FLOAT16;FLOAT16;FLOAT16;FLOAT16;FLOAT16;FLOAT16;FLOAT16;FLOAT16;FLOAT16;FLOAT16;FLOAT16;FLOAT16;FLOAT16;FLOAT16;FLOAT16;FLOAT16;FLOAT16;FLOAT16,ND;ND;ND;ND;ND;ND;ND;ND;ND;ND;ND;ND;ND;ND;ND;ND;ND;ND;ND;ND;ND;ND;ND;ND;ND;ND;ND;ND;ND;ND;ND;ND;ND;ND;ND;ND;ND;ND;ND;ND;ND;ND;ND;ND;ND;ND;ND;ND;ND;ND;ND;ND;ND;ND;ND;ND;ND;ND;ND;ND;ND;ND;ND;ND;ND;ND;ND;ND;ND;ND;ND;ND;ND;ND;ND;ND;ND;ND;ND;ND;ND;ND;ND;ND;ND;ND;ND;ND;ND;ND;ND;ND;ND;ND;ND;ND;ND;ND;ND;ND;ND;ND;ND;ND;ND;ND;ND;ND;ND;ND;ND;ND;ND;ND;ND;ND;ND;ND;ND;ND;ND;ND;ND;ND;ND;ND;ND;ND,"""512,2048""",FLOAT16,ND,N/A,0.0,0,0.0,0.0,0.0,0.0,0.0,0.0,0.0,0.0,0.0,0.0,0.0,47.377,3126850,0.017,0.0,4.258,0.09,30.192,0.637,13.717,0.29,0.0,0.000
0,4294967295,78,47,aclnnMul_MulAiCore_Mul,Mul,dynamic,AI_VECTOR_CORE,1785699090295382.985	,328.226,0.000000,40,0,NO,"""4096,4096;4096,4096""",FLOAT;FLOAT,ND;ND,"""4096,4096""",FLOAT,ND,N/A,0.0,0,0.0,0.0,0.0,0.0,0.0,0.0,0.0,0.0,0.0,0.0,0.0,325.967,21513839,6.784,0.021,3.277,0.01,324.133,0.994,110.165,0.338,0.0,0.000
0,4294967295,79,47,Concat,Concat,dynamic,AI_VECTOR_CORE,1785699090295711.231	,55.201,0.024000,40,0,NO,"""512,16;512,16;512,16;512,16;512,16;512,16;512,16;512,16;512,16;512,16;512,16;512,16;512,16;512,16;512,16;512,16;512,16;512,16;512,16;512,16;512,16;512,16;512,16;512,16;512,16;512,16;512,16;512,16;512,16;512,16;512,16;512,16;512,16;512,16;512,16;512,16;512,16;512,16;512,16;512,16;512,16;512,16;512,16;512,16;512,16;512,16;512,16;512,16;512,16;512,16;512,16;512,16;512,16;512,16;512,16;512,16;512,16;512,16;512,16;512,16;512,16;512,16;512,16;512,16;512,16;512,16;512,16;512,16;512,16;512,16;512,16;512,16;512,16;512,16;512,16;512,16;512,16;512,16;512,16;512,16;512,16;512,16;512,16;512,16;512,16;512,16;512,16;512,16;512,16;512,16;512,16;512,16;512,16;512,16;512,16;512,16;512,16;512,16;512,16;512,16;512,16;512,16;512,16;512,16;512,16;512,16;512,16;512,16;512,16;512,16;512,16;512,16;512,16;512,16;512,16;512,16;512,16;512,16;512,16;512,16;512,16;512,16;512,16;512,16;512,16;512,16;512,16;512,16""",FLOAT16;FLOAT16;FLOAT16;FLOAT16;FLOAT16;FLOAT16;FLOAT16;FLOAT16;FLOAT16;FLOAT16;FLOAT16;FLOAT16;FLOAT16;FLOAT16;FLOAT16;FLOAT16;FLOAT16;FLOAT16;FLOAT16;FLOAT16;FLOAT16;FLOAT16;FLOAT16;FLOAT16;FLOAT16;FLOAT16;FLOAT16;FLOAT16;FLOAT16;FLOAT16;FLOAT16;FLOAT16;FLOAT16;FLOAT16;FLOAT16;FLOAT16;FLOAT16;FLOAT16;FLOAT16;FLOAT16;FLOAT16;FLOAT16;FLOAT16;FLOAT16;FLOAT16;FLOAT16;FLOAT16;FLOAT16;FLOAT16;FLOAT16;FLOAT16;FLOAT16;FLOAT16;FLOAT16;FLOAT16;FLOAT16;FLOAT16;FLOAT16;FLOAT16;FLOAT16;FLOAT16;FLOAT16;FLOAT16;FLOAT16;FLOAT16;FLOAT16;FLOAT16;FLOAT16;FLOAT16;FLOAT16;FLOAT16;FLOAT16;FLOAT16;FLOAT16;FLOAT16;FLOAT16;FLOAT16;FLOAT16;FLOAT16;FLOAT16;FLOAT16;FLOAT16;FLOAT16;FLOAT16;FLOAT16;FLOAT16;FLOAT16;FLOAT16;FLOAT16;FLOAT16;FLOAT16;FLOAT16;FLOAT16;FLOAT16;FLOAT16;FLOAT16;FLOAT16;FLOAT16;FLOAT16;FLOAT16;FLOAT16;FLOAT16;FLOAT16;FLOAT16;FLOAT16;FLOAT16;FLOAT16;FLOAT16;FLOAT16;FLOAT16;FLOAT16;FLOAT16;FLOAT16;FLOAT16;FLOAT16;FLOAT16;FLOAT16;FLOAT16;FLOAT16;FLOAT16;FLOAT16;FLOAT16;FLOAT16;FLOAT16;FLOAT16;FLOAT16;FLOAT16;FLOAT16,ND;ND;ND;ND;ND;ND;ND;ND;ND;ND;ND;ND;ND;ND;ND;ND;ND;ND;ND;ND;ND;ND;ND;ND;ND;ND;ND;ND;ND;ND;ND;ND;ND;ND;ND;ND;ND;ND;ND;ND;ND;ND;ND;ND;ND;ND;ND;ND;ND;ND;ND;ND;ND;ND;ND;ND;ND;ND;ND;ND;ND;ND;ND;ND;ND;ND;ND;ND;ND;ND;ND;ND;ND;ND;ND;ND;ND;ND;ND;ND;ND;ND;ND;ND;ND;ND;ND;ND;ND;ND;ND;ND;ND;ND;ND;ND;ND;ND;ND;ND;ND;ND;ND;ND;ND;ND;ND;ND;ND;ND;ND;ND;ND;ND;ND;ND;ND;ND;ND;ND;ND;ND;ND;ND;ND;ND;ND;ND,"""512,2048""",FLOAT16,ND,N/A,0.0,0,0.0,0.0,0.0,0.0,0.0,0.0,0.0,0.0,0.0,0.0,0.0,46.228,3051029,0.017,0.0,4.103,0.089,29.489,0.638,13.524,0.293,0.0,0.000
0,4294967295,80,47,aclnnMul_MulAiCore_Mul,Mul,dynamic,AI_VECTOR_CORE,1785699090295766.452	,328.887,0.049000,40,0,NO,"""4096,4096;4096,4096""",FLOAT;FLOAT,ND;ND,"""4096,4096""",FLOAT,ND,N/A,0.0,0,0.0,0.0,0.0,0.0,0.0,0.0,0.0,0.0,0.0,0.0,0.0,326.513,21549838,6.784,0.021,3.098,0.009,324.86,0.995,110.581,0.339,0.0,0.000
0,4294967295,81,47,Concat,Concat,dynamic,AI_VECTOR_CORE,1785699090296095.379	,54.661,0.113000,40,0,NO,"""512,16;512,16;512,16;512,16;512,16;512,16;512,16;512,16;512,16;512,16;512,16;512,16;512,16;512,16;512,16;512,16;512,16;512,16;512,16;512,16;512,16;512,16;512,16;512,16;512,16;512,16;512,16;512,16;512,16;512,16;512,16;512,16;512,16;512,16;512,16;512,16;512,16;512,16;512,16;512,16;512,16;512,16;512,16;512,16;512,16;512,16;512,16;512,16;512,16;512,16;512,16;512,16;512,16;512,16;512,16;512,16;512,16;512,16;512,16;512,16;512,16;512,16;512,16;512,16;512,16;512,16;512,16;512,16;512,16;512,16;512,16;512,16;512,16;512,16;512,16;512,16;512,16;512,16;512,16;512,16;512,16;512,16;512,16;512,16;512,16;512,16;512,16;512,16;512,16;512,16;512,16;512,16;512,16;512,16;512,16;512,16;512,16;512,16;512,16;512,16;512,16;512,16;512,16;512,16;512,16;512,16;512,16;512,16;512,16;512,16;512,16;512,16;512,16;512,16;512,16;512,16;512,16;512,16;512,16;512,16;512,16;512,16;512,16;512,16;512,16;512,16;512,16;512,16""",FLOAT16;FLOAT16;FLOAT16;FLOAT16;FLOAT16;FLOAT16;FLOAT16;FLOAT16;FLOAT16;FLOAT16;FLOAT16;FLOAT16;FLOAT16;FLOAT16;FLOAT16;FLOAT16;FLOAT16;FLOAT16;FLOAT16;FLOAT16;FLOAT16;FLOAT16;FLOAT16;FLOAT16;FLOAT16;FLOAT16;FLOAT16;FLOAT16;FLOAT16;FLOAT16;FLOAT16;FLOAT16;FLOAT16;FLOAT16;FLOAT16;FLOAT16;FLOAT16;FLOAT16;FLOAT16;FLOAT16;FLOAT16;FLOAT16;FLOAT16;FLOAT16;FLOAT16;FLOAT16;FLOAT16;FLOAT16;FLOAT16;FLOAT16;FLOAT16;FLOAT16;FLOAT16;FLOAT16;FLOAT16;FLOAT16;FLOAT16;FLOAT16;FLOAT16;FLOAT16;FLOAT16;FLOAT16;FLOAT16;FLOAT16;FLOAT16;FLOAT16;FLOAT16;FLOAT16;FLOAT16;FLOAT16;FLOAT16;FLOAT16;FLOAT16;FLOAT16;FLOAT16;FLOAT16;FLOAT16;FLOAT16;FLOAT16;FLOAT16;FLOAT16;FLOAT16;FLOAT16;FLOAT16;FLOAT16;FLOAT16;FLOAT16;FLOAT16;FLOAT16;FLOAT16;FLOAT16;FLOAT16;FLOAT16;FLOAT16;FLOAT16;FLOAT16;FLOAT16;FLOAT16;FLOAT16;FLOAT16;FLOAT16;FLOAT16;FLOAT16;FLOAT16;FLOAT16;FLOAT16;FLOAT16;FLOAT16;FLOAT16;FLOAT16;FLOAT16;FLOAT16;FLOAT16;FLOAT16;FLOAT16;FLOAT16;FLOAT16;FLOAT16;FLOAT16;FLOAT16;FLOAT16;FLOAT16;FLOAT16;FLOAT16;FLOAT16;FLOAT16;FLOAT16;FLOAT16,ND;ND;ND;ND;ND;ND;ND;ND;ND;ND;ND;ND;ND;ND;ND;ND;ND;ND;ND;ND;ND;ND;ND;ND;ND;ND;ND;ND;ND;ND;ND;ND;ND;ND;ND;ND;ND;ND;ND;ND;ND;ND;ND;ND;ND;ND;ND;ND;ND;ND;ND;ND;ND;ND;ND;ND;ND;ND;ND;ND;ND;ND;ND;ND;ND;ND;ND;ND;ND;ND;ND;ND;ND;ND;ND;ND;ND;ND;ND;ND;ND;ND;ND;ND;ND;ND;ND;ND;ND;ND;ND;ND;ND;ND;ND;ND;ND;ND;ND;ND;ND;ND;ND;ND;ND;ND;ND;ND;ND;ND;ND;ND;ND;ND;ND;ND;ND;ND;ND;ND;ND;ND;ND;ND;ND;ND;ND;ND,"""512,2048""",FLOAT16,ND,N/A,0.0,0,0.0,0.0,0.0,0.0,0.0,0.0,0.0,0.0,0.0,0.0,0.0,46.557,3072781,0.017,0.0,4.782,0.103,29.96,0.644,13.23,0.284,0.0,0.000
0,4294967295,82,47,aclnnMul_MulAiCore_Mul,Mul,dynamic,AI_VECTOR_CORE,1785699090296150.060	,327.927,0.000000,40,0,NO,"""4096,4096;4096,4096""",FLOAT;FLOAT,ND;ND,"""4096,4096""",FLOAT,ND,N/A,0.0,0,0.0,0.0,0.0,0.0,0.0,0.0,0.0,0.0,0.0,0.0,0.0,325.282,21468594,6.784,0.021,3.013,0.009,323.706,0.995,109.089,0.335,0.0,0.000
0,4294967295,83,47,Concat,Concat,dynamic,AI_VECTOR_CORE,1785699090296478.027	,57.541,0.073000,40,0,NO,"""512,16;512,16;512,16;512,16;512,16;512,16;512,16;512,16;512,16;512,16;512,16;512,16;512,16;512,16;512,16;512,16;512,16;512,16;512,16;512,16;512,16;512,16;512,16;512,16;512,16;512,16;512,16;512,16;512,16;512,16;512,16;512,16;512,16;512,16;512,16;512,16;512,16;512,16;512,16;512,16;512,16;512,16;512,16;512,16;512,16;512,16;512,16;512,16;512,16;512,16;512,16;512,16;512,16;512,16;512,16;512,16;512,16;512,16;512,16;512,16;512,16;512,16;512,16;512,16;512,16;512,16;512,16;512,16;512,16;512,16;512,16;512,16;512,16;512,16;512,16;512,16;512,16;512,16;512,16;512,16;512,16;512,16;512,16;512,16;512,16;512,16;512,16;512,16;512,16;512,16;512,16;512,16;512,16;512,16;512,16;512,16;512,16;512,16;512,16;512,16;512,16;512,16;512,16;512,16;512,16;512,16;512,16;512,16;512,16;512,16;512,16;512,16;512,16;512,16;512,16;512,16;512,16;512,16;512,16;512,16;512,16;512,16;512,16;512,16;512,16;512,16;512,16;512,16""",FLOAT16;FLOAT16;FLOAT16;FLOAT16;FLOAT16;FLOAT16;FLOAT16;FLOAT16;FLOAT16;FLOAT16;FLOAT16;FLOAT16;FLOAT16;FLOAT16;FLOAT16;FLOAT16;FLOAT16;FLOAT16;FLOAT16;FLOAT16;FLOAT16;FLOAT16;FLOAT16;FLOAT16;FLOAT16;FLOAT16;FLOAT16;FLOAT16;FLOAT16;FLOAT16;FLOAT16;FLOAT16;FLOAT16;FLOAT16;FLOAT16;FLOAT16;FLOAT16;FLOAT16;FLOAT16;FLOAT16;FLOAT16;FLOAT16;FLOAT16;FLOAT16;FLOAT16;FLOAT16;FLOAT16;FLOAT16;FLOAT16;FLOAT16;FLOAT16;FLOAT16;FLOAT16;FLOAT16;FLOAT16;FLOAT16;FLOAT16;FLOAT16;FLOAT16;FLOAT16;FLOAT16;FLOAT16;FLOAT16;FLOAT16;FLOAT16;FLOAT16;FLOAT16;FLOAT16;FLOAT16;FLOAT16;FLOAT16;FLOAT16;FLOAT16;FLOAT16;FLOAT16;FLOAT16;FLOAT16;FLOAT16;FLOAT16;FLOAT16;FLOAT16;FLOAT16;FLOAT16;FLOAT16;FLOAT16;FLOAT16;FLOAT16;FLOAT16;FLOAT16;FLOAT16;FLOAT16;FLOAT16;FLOAT16;FLOAT16;FLOAT16;FLOAT16;FLOAT16;FLOAT16;FLOAT16;FLOAT16;FLOAT16;FLOAT16;FLOAT16;FLOAT16;FLOAT16;FLOAT16;FLOAT16;FLOAT16;FLOAT16;FLOAT16;FLOAT16;FLOAT16;FLOAT16;FLOAT16;FLOAT16;FLOAT16;FLOAT16;FLOAT16;FLOAT16;FLOAT16;FLOAT16;FLOAT16;FLOAT16;FLOAT16;FLOAT16;FLOAT16;FLOAT16;FLOAT16,ND;ND;ND;ND;ND;ND;ND;ND;ND;ND;ND;ND;ND;ND;ND;ND;ND;ND;ND;ND;ND;ND;ND;ND;ND;ND;ND;ND;ND;ND;ND;ND;ND;ND;ND;ND;ND;ND;ND;ND;ND;ND;ND;ND;ND;ND;ND;ND;ND;ND;ND;ND;ND;ND;ND;ND;ND;ND;ND;ND;ND;ND;ND;ND;ND;ND;ND;ND;ND;ND;ND;ND;ND;ND;ND;ND;ND;ND;ND;ND;ND;ND;ND;ND;ND;ND;ND;ND;ND;ND;ND;ND;ND;ND;ND;ND;ND;ND;ND;ND;ND;ND;ND;ND;ND;ND;ND;ND;ND;ND;ND;ND;ND;ND;ND;ND;ND;ND;ND;ND;ND;ND;ND;ND;ND;ND;ND;ND,"""512,2048""",FLOAT16,ND,N/A,0.0,0,0.0,0.0,0.0,0.0,0.0,0.0,0.0,0.0,0.0,0.0,0.0,48.282,3186619,0.017,0.0,4.402,0.091,30.141,0.624,14.604,0.302,0.0,0.000
0,4294967295,84,47,aclnnMul_MulAiCore_Mul,Mul,dynamic,AI_VECTOR_CORE,1785699090296535.588	,327.286,0.000000,40,0,NO,"""4096,4096;4096,4096""",FLOAT;FLOAT,ND;ND,"""4096,4096""",FLOAT,ND,N/A,0.0,0,0.0,0.0,0.0,0.0,0.0,0.0,0.0,0.0,0.0,0.0,0.0,325.533,21485165,6.784,0.021,3.105,0.01,323.878,0.995,108.267,0.333,0.0,0.000
0,4294967295,85,47,Concat,Concat,dynamic,AI_VECTOR_CORE,1785699090296862.894	,58.142,0.214000,40,0,NO,"""512,16;512,16;512,16;512,16;512,16;512,16;512,16;512,16;512,16;512,16;512,16;512,16;512,16;512,16;512,16;512,16;512,16;512,16;512,16;512,16;512,16;512,16;512,16;512,16;512,16;512,16;512,16;512,16;512,16;512,16;512,16;512,16;512,16;512,16;512,16;512,16;512,16;512,16;512,16;512,16;512,16;512,16;512,16;512,16;512,16;512,16;512,16;512,16;512,16;512,16;512,16;512,16;512,16;512,16;512,16;512,16;512,16;512,16;512,16;512,16;512,16;512,16;512,16;512,16;512,16;512,16;512,16;512,16;512,16;512,16;512,16;512,16;512,16;512,16;512,16;512,16;512,16;512,16;512,16;512,16;512,16;512,16;512,16;512,16;512,16;512,16;512,16;512,16;512,16;512,16;512,16;512,16;512,16;512,16;512,16;512,16;512,16;512,16;512,16;512,16;512,16;512,16;512,16;512,16;512,16;512,16;512,16;512,16;512,16;512,16;512,16;512,16;512,16;512,16;512,16;512,16;512,16;512,16;512,16;512,16;512,16;512,16;512,16;512,16;512,16;512,16;512,16;512,16""",FLOAT16;FLOAT16;FLOAT16;FLOAT16;FLOAT16;FLOAT16;FLOAT16;FLOAT16;FLOAT16;FLOAT16;FLOAT16;FLOAT16;FLOAT16;FLOAT16;FLOAT16;FLOAT16;FLOAT16;FLOAT16;FLOAT16;FLOAT16;FLOAT16;FLOAT16;FLOAT16;FLOAT16;FLOAT16;FLOAT16;FLOAT16;FLOAT16;FLOAT16;FLOAT16;FLOAT16;FLOAT16;FLOAT16;FLOAT16;FLOAT16;FLOAT16;FLOAT16;FLOAT16;FLOAT16;FLOAT16;FLOAT16;FLOAT16;FLOAT16;FLOAT16;FLOAT16;FLOAT16;FLOAT16;FLOAT16;FLOAT16;FLOAT16;FLOAT16;FLOAT16;FLOAT16;FLOAT16;FLOAT16;FLOAT16;FLOAT16;FLOAT16;FLOAT16;FLOAT16;FLOAT16;FLOAT16;FLOAT16;FLOAT16;FLOAT16;FLOAT16;FLOAT16;FLOAT16;FLOAT16;FLOAT16;FLOAT16;FLOAT16;FLOAT16;FLOAT16;FLOAT16;FLOAT16;FLOAT16;FLOAT16;FLOAT16;FLOAT16;FLOAT16;FLOAT16;FLOAT16;FLOAT16;FLOAT16;FLOAT16;FLOAT16;FLOAT16;FLOAT16;FLOAT16;FLOAT16;FLOAT16;FLOAT16;FLOAT16;FLOAT16;FLOAT16;FLOAT16;FLOAT16;FLOAT16;FLOAT16;FLOAT16;FLOAT16;FLOAT16;FLOAT16;FLOAT16;FLOAT16;FLOAT16;FLOAT16;FLOAT16;FLOAT16;FLOAT16;FLOAT16;FLOAT16;FLOAT16;FLOAT16;FLOAT16;FLOAT16;FLOAT16;FLOAT16;FLOAT16;FLOAT16;FLOAT16;FLOAT16;FLOAT16;FLOAT16;FLOAT16;FLOAT16;FLOAT16,ND;ND;ND;ND;ND;ND;ND;ND;ND;ND;ND;ND;ND;ND;ND;ND;ND;ND;ND;ND;ND;ND;ND;ND;ND;ND;ND;ND;ND;ND;ND;ND;ND;ND;ND;ND;ND;ND;ND;ND;ND;ND;ND;ND;ND;ND;ND;ND;ND;ND;ND;ND;ND;ND;ND;ND;ND;ND;ND;ND;ND;ND;ND;ND;ND;ND;ND;ND;ND;ND;ND;ND;ND;ND;ND;ND;ND;ND;ND;ND;ND;ND;ND;ND;ND;ND;ND;ND;ND;ND;ND;ND;ND;ND;ND;ND;ND;ND;ND;ND;ND;ND;ND;ND;ND;ND;ND;ND;ND;ND;ND;ND;ND;ND;ND;ND;ND;ND;ND;ND;ND;ND;ND;ND;ND;ND;ND;ND,"""512,2048""",FLOAT16,ND,N/A,0.0,0,0.0,0.0,0.0,0.0,0.0,0.0,0.0,0.0,0.0,0.0,0.0,48.254,3184765,0.017,0.0,4.262,0.088,29.901,0.62,14.721,0.305,0.0,0.000
0,4294967295,86,47,aclnnMul_MulAiCore_Mul,Mul,dynamic,AI_VECTOR_CORE,1785699090296921.076	,327.526,0.000000,40,0,NO,"""4096,4096;4096,4096""",FLOAT;FLOAT,ND;ND,"""4096,4096""",FLOAT,ND,N/A,0.0,0,0.0,0.0,0.0,0.0,0.0,0.0,0.0,0.0,0.0,0.0,0.0,325.539,21485595,6.784,0.021,2.965,0.009,324.031,0.995,110.326,0.339,0.0,0.000
0,4294967295,87,47,Concat,Concat,dynamic,AI_VECTOR_CORE,1785699090297248.622	,55.661,0.000000,40,0,NO,"""512,16;512,16;512,16;512,16;512,16;512,16;512,16;512,16;512,16;512,16;512,16;512,16;512,16;512,16;512,16;512,16;512,16;512,16;512,16;512,16;512,16;512,16;512,16;512,16;512,16;512,16;512,16;512,16;512,16;512,16;512,16;512,16;512,16;512,16;512,16;512,16;512,16;512,16;512,16;512,16;512,16;512,16;512,16;512,16;512,16;512,16;512,16;512,16;512,16;512,16;512,16;512,16;512,16;512,16;512,16;512,16;512,16;512,16;512,16;512,16;512,16;512,16;512,16;512,16;512,16;512,16;512,16;512,16;512,16;512,16;512,16;512,16;512,16;512,16;512,16;512,16;512,16;512,16;512,16;512,16;512,16;512,16;512,16;512,16;512,16;512,16;512,16;512,16;512,16;512,16;512,16;512,16;512,16;512,16;512,16;512,16;512,16;512,16;512,16;512,16;512,16;512,16;512,16;512,16;512,16;512,16;512,16;512,16;512,16;512,16;512,16;512,16;512,16;512,16;512,16;512,16;512,16;512,16;512,16;512,16;512,16;512,16;512,16;512,16;512,16;512,16;512,16;512,16""",FLOAT16;FLOAT16;FLOAT16;FLOAT16;FLOAT16;FLOAT16;FLOAT16;FLOAT16;FLOAT16;FLOAT16;FLOAT16;FLOAT16;FLOAT16;FLOAT16;FLOAT16;FLOAT16;FLOAT16;FLOAT16;FLOAT16;FLOAT16;FLOAT16;FLOAT16;FLOAT16;FLOAT16;FLOAT16;FLOAT16;FLOAT16;FLOAT16;FLOAT16;FLOAT16;FLOAT16;FLOAT16;FLOAT16;FLOAT16;FLOAT16;FLOAT16;FLOAT16;FLOAT16;FLOAT16;FLOAT16;FLOAT16;FLOAT16;FLOAT16;FLOAT16;FLOAT16;FLOAT16;FLOAT16;FLOAT16;FLOAT16;FLOAT16;FLOAT16;FLOAT16;FLOAT16;FLOAT16;FLOAT16;FLOAT16;FLOAT16;FLOAT16;FLOAT16;FLOAT16;FLOAT16;FLOAT16;FLOAT16;FLOAT16;FLOAT16;FLOAT16;FLOAT16;FLOAT16;FLOAT16;FLOAT16;FLOAT16;FLOAT16;FLOAT16;FLOAT16;FLOAT16;FLOAT16;FLOAT16;FLOAT16;FLOAT16;FLOAT16;FLOAT16;FLOAT16;FLOAT16;FLOAT16;FLOAT16;FLOAT16;FLOAT16;FLOAT16;FLOAT16;FLOAT16;FLOAT16;FLOAT16;FLOAT16;FLOAT16;FLOAT16;FLOAT16;FLOAT16;FLOAT16;FLOAT16;FLOAT16;FLOAT16;FLOAT16;FLOAT16;FLOAT16;FLOAT16;FLOAT16;FLOAT16;FLOAT16;FLOAT16;FLOAT16;FLOAT16;FLOAT16;FLOAT16;FLOAT16;FLOAT16;FLOAT16;FLOAT16;FLOAT16;FLOAT16;FLOAT16;FLOAT16;FLOAT16;FLOAT16;FLOAT16;FLOAT16;FLOAT16;FLOAT16;FLOAT16,ND;ND;ND;ND;ND;ND;ND;ND;ND;ND;ND;ND;ND;ND;ND;ND;ND;ND;ND;ND;ND;ND;ND;ND;ND;ND;ND;ND;ND;ND;ND;ND;ND;ND;ND;ND;ND;ND;ND;ND;ND;ND;ND;ND;ND;ND;ND;ND;ND;ND;ND;ND;ND;ND;ND;ND;ND;ND;ND;ND;ND;ND;ND;ND;ND;ND;ND;ND;ND;ND;ND;ND;ND;ND;ND;ND;ND;ND;ND;ND;ND;ND;ND;ND;ND;ND;ND;ND;ND;ND;ND;ND;ND;ND;ND;ND;ND;ND;ND;ND;ND;ND;ND;ND;ND;ND;ND;ND;ND;ND;ND;ND;ND;ND;ND;ND;ND;ND;ND;ND;ND;ND;ND;ND;ND;ND;ND;ND,"""512,2048""",FLOAT16,ND,N/A,0.0,0,0.0,0.0,0.0,0.0,0.0,0.0,0.0,0.0,0.0,0.0,0.0,47.399,3128328,0.017,0.0,4.444,0.094,29.693,0.626,14.364,0.303,0.0,0.000
0,4294967295,88,47,aclnnMul_MulAiCore_Mul,Mul,dynamic,AI_VECTOR_CORE,1785699090297304.323	,327.667,0.089000,40,0,NO,"""4096,4096;4096,4096""",FLOAT;FLOAT,ND;ND,"""4096,4096""",FLOAT,ND,N/A,0.0,0,0.0,0.0,0.0,0.0,0.0,0.0,0.0,0.0,0.0,0.0,0.0,325.769,21500721,6.784,0.021,3.035,0.009,324.199,0.995,109.957,0.338,0.0,0.000
0,4294967295,89,47,Concat,Concat,dynamic,AI_VECTOR_CORE,1785699090297632.030	,55.321,0.083000,40,0,NO,"""512,16;512,16;512,16;512,16;512,16;512,16;512,16;512,16;512,16;512,16;512,16;512,16;512,16;512,16;512,16;512,16;512,16;512,16;512,16;512,16;512,16;512,16;512,16;512,16;512,16;512,16;512,16;512,16;512,16;512,16;512,16;512,16;512,16;512,16;512,16;512,16;512,16;512,16;512,16;512,16;512,16;512,16;512,16;512,16;512,16;512,16;512,16;512,16;512,16;512,16;512,16;512,16;512,16;512,16;512,16;512,16;512,16;512,16;512,16;512,16;512,16;512,16;512,16;512,16;512,16;512,16;512,16;512,16;512,16;512,16;512,16;512,16;512,16;512,16;512,16;512,16;512,16;512,16;512,16;512,16;512,16;512,16;512,16;512,16;512,16;512,16;512,16;512,16;512,16;512,16;512,16;512,16;512,16;512,16;512,16;512,16;512,16;512,16;512,16;512,16;512,16;512,16;512,16;512,16;512,16;512,16;512,16;512,16;512,16;512,16;512,16;512,16;512,16;512,16;512,16;512,16;512,16;512,16;512,16;512,16;512,16;512,16;512,16;512,16;512,16;512,16;512,16;512,16""",FLOAT16;FLOAT16;FLOAT16;FLOAT16;FLOAT16;FLOAT16;FLOAT16;FLOAT16;FLOAT16;FLOAT16;FLOAT16;FLOAT16;FLOAT16;FLOAT16;FLOAT16;FLOAT16;FLOAT16;FLOAT16;FLOAT16;FLOAT16;FLOAT16;FLOAT16;FLOAT16;FLOAT16;FLOAT16;FLOAT16;FLOAT16;FLOAT16;FLOAT16;FLOAT16;FLOAT16;FLOAT16;FLOAT16;FLOAT16;FLOAT16;FLOAT16;FLOAT16;FLOAT16;FLOAT16;FLOAT16;FLOAT16;FLOAT16;FLOAT16;FLOAT16;FLOAT16;FLOAT16;FLOAT16;FLOAT16;FLOAT16;FLOAT16;FLOAT16;FLOAT16;FLOAT16;FLOAT16;FLOAT16;FLOAT16;FLOAT16;FLOAT16;FLOAT16;FLOAT16;FLOAT16;FLOAT16;FLOAT16;FLOAT16;FLOAT16;FLOAT16;FLOAT16;FLOAT16;FLOAT16;FLOAT16;FLOAT16;FLOAT16;FLOAT16;FLOAT16;FLOAT16;FLOAT16;FLOAT16;FLOAT16;FLOAT16;FLOAT16;FLOAT16;FLOAT16;FLOAT16;FLOAT16;FLOAT16;FLOAT16;FLOAT16;FLOAT16;FLOAT16;FLOAT16;FLOAT16;FLOAT16;FLOAT16;FLOAT16;FLOAT16;FLOAT16;FLOAT16;FLOAT16;FLOAT16;FLOAT16;FLOAT16;FLOAT16;FLOAT16;FLOAT16;FLOAT16;FLOAT16;FLOAT16;FLOAT16;FLOAT16;FLOAT16;FLOAT16;FLOAT16;FLOAT16;FLOAT16;FLOAT16;FLOAT16;FLOAT16;FLOAT16;FLOAT16;FLOAT16;FLOAT16;FLOAT16;FLOAT16;FLOAT16;FLOAT16;FLOAT16;FLOAT16;FLOAT16,ND;ND;ND;ND;ND;ND;ND;ND;ND;ND;ND;ND;ND;ND;ND;ND;ND;ND;ND;ND;ND;ND;ND;ND;ND;ND;ND;ND;ND;ND;ND;ND;ND;ND;ND;ND;ND;ND;ND;ND;ND;ND;ND;ND;ND;ND;ND;ND;ND;ND;ND;ND;ND;ND;ND;ND;ND;ND;ND;ND;ND;ND;ND;ND;ND;ND;ND;ND;ND;ND;ND;ND;ND;ND;ND;ND;ND;ND;ND;ND;ND;ND;ND;ND;ND;ND;ND;ND;ND;ND;ND;ND;ND;ND;ND;ND;ND;ND;ND;ND;ND;ND;ND;ND;ND;ND;ND;ND;ND;ND;ND;ND;ND;ND;ND;ND;ND;ND;ND;ND;ND;ND;ND;ND;ND;ND;ND;ND,"""512,2048""",FLOAT16,ND,N/A,0.0,0,0.0,0.0,0.0,0.0,0.0,0.0,0.0,0.0,0.0,0.0,0.0,47.21,3115833,0.017,0.0,4.145,0.088,29.865,0.633,13.952,0.296,0.0,0.000
0,4294967295,90,47,aclnnMul_MulAiCore_Mul,Mul,dynamic,AI_VECTOR_CORE,1785699090297687.391	,328.866,0.179000,40,0,NO,"""4096,4096;4096,4096""",FLOAT;FLOAT,ND;ND,"""4096,4096""",FLOAT,ND,N/A,0.0,0,0.0,0.0,0.0,0.0,0.0,0.0,0.0,0.0,0.0,0.0,0.0,326.224,21530809,6.784,0.021,2.913,0.009,324.777,0.996,109.638,0.336,0.0,0.000
0,4294967295,91,47,Concat,Concat,dynamic,AI_VECTOR_CORE,1785699090298016.277	,58.062,0.000000,40,0,NO,"""512,16;512,16;512,16;512,16;512,16;512,16;512,16;512,16;512,16;512,16;512,16;512,16;512,16;512,16;512,16;512,16;512,16;512,16;512,16;512,16;512,16;512,16;512,16;512,16;512,16;512,16;512,16;512,16;512,16;512,16;512,16;512,16;512,16;512,16;512,16;512,16;512,16;512,16;512,16;512,16;512,16;512,16;512,16;512,16;512,16;512,16;512,16;512,16;512,16;512,16;512,16;512,16;512,16;512,16;512,16;512,16;512,16;512,16;512,16;512,16;512,16;512,16;512,16;512,16;512,16;512,16;512,16;512,16;512,16;512,16;512,16;512,16;512,16;512,16;512,16;512,16;512,16;512,16;512,16;512,16;512,16;512,16;512,16;512,16;512,16;512,16;512,16;512,16;512,16;512,16;512,16;512,16;512,16;512,16;512,16;512,16;512,16;512,16;512,16;512,16;512,16;512,16;512,16;512,16;512,16;512,16;512,16;512,16;512,16;512,16;512,16;512,16;512,16;512,16;512,16;512,16;512,16;512,16;512,16;512,16;512,16;512,16;512,16;512,16;512,16;512,16;512,16;512,16""",FLOAT16;FLOAT16;FLOAT16;FLOAT16;FLOAT16;FLOAT16;FLOAT16;FLOAT16;FLOAT16;FLOAT16;FLOAT16;FLOAT16;FLOAT16;FLOAT16;FLOAT16;FLOAT16;FLOAT16;FLOAT16;FLOAT16;FLOAT16;FLOAT16;FLOAT16;FLOAT16;FLOAT16;FLOAT16;FLOAT16;FLOAT16;FLOAT16;FLOAT16;FLOAT16;FLOAT16;FLOAT16;FLOAT16;FLOAT16;FLOAT16;FLOAT16;FLOAT16;FLOAT16;FLOAT16;FLOAT16;FLOAT16;FLOAT16;FLOAT16;FLOAT16;FLOAT16;FLOAT16;FLOAT16;FLOAT16;FLOAT16;FLOAT16;FLOAT16;FLOAT16;FLOAT16;FLOAT16;FLOAT16;FLOAT16;FLOAT16;FLOAT16;FLOAT16;FLOAT16;FLOAT16;FLOAT16;FLOAT16;FLOAT16;FLOAT16;FLOAT16;FLOAT16;FLOAT16;FLOAT16;FLOAT16;FLOAT16;FLOAT16;FLOAT16;FLOAT16;FLOAT16;FLOAT16;FLOAT16;FLOAT16;FLOAT16;FLOAT16;FLOAT16;FLOAT16;FLOAT16;FLOAT16;FLOAT16;FLOAT16;FLOAT16;FLOAT16;FLOAT16;FLOAT16;FLOAT16;FLOAT16;FLOAT16;FLOAT16;FLOAT16;FLOAT16;FLOAT16;FLOAT16;FLOAT16;FLOAT16;FLOAT16;FLOAT16;FLOAT16;FLOAT16;FLOAT16;FLOAT16;FLOAT16;FLOAT16;FLOAT16;FLOAT16;FLOAT16;FLOAT16;FLOAT16;FLOAT16;FLOAT16;FLOAT16;FLOAT16;FLOAT16;FLOAT16;FLOAT16;FLOAT16;FLOAT16;FLOAT16;FLOAT16;FLOAT16;FLOAT16;FLOAT16;FLOAT16,ND;ND;ND;ND;ND;ND;ND;ND;ND;ND;ND;ND;ND;ND;ND;ND;ND;ND;ND;ND;ND;ND;ND;ND;ND;ND;ND;ND;ND;ND;ND;ND;ND;ND;ND;ND;ND;ND;ND;ND;ND;ND;ND;ND;ND;ND;ND;ND;ND;ND;ND;ND;ND;ND;ND;ND;ND;ND;ND;ND;ND;ND;ND;ND;ND;ND;ND;ND;ND;ND;ND;ND;ND;ND;ND;ND;ND;ND;ND;ND;ND;ND;ND;ND;ND;ND;ND;ND;ND;ND;ND;ND;ND;ND;ND;ND;ND;ND;ND;ND;ND;ND;ND;ND;ND;ND;ND;ND;ND;ND;ND;ND;ND;ND;ND;ND;ND;ND;ND;ND;ND;ND;ND;ND;ND;ND;ND;ND,"""512,2048""",FLOAT16,ND,N/A,0.0,0,0.0,0.0,0.0,0.0,0.0,0.0,0.0,0.0,0.0,0.0,0.0,48.758,3218053,0.017,0.0,6.483,0.133,30.542,0.626,13.566,0.278,0.0,0.000
0,4294967295,92,47,aclnnMul_MulAiCore_Mul,Mul,dynamic,AI_VECTOR_CORE,1785699090298074.359	,327.526,0.000000,40,0,NO,"""4096,4096;4096,4096""",FLOAT;FLOAT,ND;ND,"""4096,4096""",FLOAT,ND,N/A,0.0,0,0.0,0.0,0.0,0.0,0.0,0.0,0.0,0.0,0.0,0.0,0.0,325.377,21474885,6.784,0.021,3.002,0.009,323.823,0.995,109.199,0.336,0.0,0.000
0,4294967295,93,47,Concat,Concat,dynamic,AI_VECTOR_CORE,1785699090298401.905	,56.081,0.224000,40,0,NO,"""512,16;512,16;512,16;512,16;512,16;512,16;512,16;512,16;512,16;512,16;512,16;512,16;512,16;512,16;512,16;512,16;512,16;512,16;512,16;512,16;512,16;512,16;512,16;512,16;512,16;512,16;512,16;512,16;512,16;512,16;512,16;512,16;512,16;512,16;512,16;512,16;512,16;512,16;512,16;512,16;512,16;512,16;512,16;512,16;512,16;512,16;512,16;512,16;512,16;512,16;512,16;512,16;512,16;512,16;512,16;512,16;512,16;512,16;512,16;512,16;512,16;512,16;512,16;512,16;512,16;512,16;512,16;512,16;512,16;512,16;512,16;512,16;512,16;512,16;512,16;512,16;512,16;512,16;512,16;512,16;512,16;512,16;512,16;512,16;512,16;512,16;512,16;512,16;512,16;512,16;512,16;512,16;512,16;512,16;512,16;512,16;512,16;512,16;512,16;512,16;512,16;512,16;512,16;512,16;512,16;512,16;512,16;512,16;512,16;512,16;512,16;512,16;512,16;512,16;512,16;512,16;512,16;512,16;512,16;512,16;512,16;512,16;512,16;512,16;512,16;512,16;512,16;512,16""",FLOAT16;FLOAT16;FLOAT16;FLOAT16;FLOAT16;FLOAT16;FLOAT16;FLOAT16;FLOAT16;FLOAT16;FLOAT16;FLOAT16;FLOAT16;FLOAT16;FLOAT16;FLOAT16;FLOAT16;FLOAT16;FLOAT16;FLOAT16;FLOAT16;FLOAT16;FLOAT16;FLOAT16;FLOAT16;FLOAT16;FLOAT16;FLOAT16;FLOAT16;FLOAT16;FLOAT16;FLOAT16;FLOAT16;FLOAT16;FLOAT16;FLOAT16;FLOAT16;FLOAT16;FLOAT16;FLOAT16;FLOAT16;FLOAT16;FLOAT16;FLOAT16;FLOAT16;FLOAT16;FLOAT16;FLOAT16;FLOAT16;FLOAT16;FLOAT16;FLOAT16;FLOAT16;FLOAT16;FLOAT16;FLOAT16;FLOAT16;FLOAT16;FLOAT16;FLOAT16;FLOAT16;FLOAT16;FLOAT16;FLOAT16;FLOAT16;FLOAT16;FLOAT16;FLOAT16;FLOAT16;FLOAT16;FLOAT16;FLOAT16;FLOAT16;FLOAT16;FLOAT16;FLOAT16;FLOAT16;FLOAT16;FLOAT16;FLOAT16;FLOAT16;FLOAT16;FLOAT16;FLOAT16;FLOAT16;FLOAT16;FLOAT16;FLOAT16;FLOAT16;FLOAT16;FLOAT16;FLOAT16;FLOAT16;FLOAT16;FLOAT16;FLOAT16;FLOAT16;FLOAT16;FLOAT16;FLOAT16;FLOAT16;FLOAT16;FLOAT16;FLOAT16;FLOAT16;FLOAT16;FLOAT16;FLOAT16;FLOAT16;FLOAT16;FLOAT16;FLOAT16;FLOAT16;FLOAT16;FLOAT16;FLOAT16;FLOAT16;FLOAT16;FLOAT16;FLOAT16;FLOAT16;FLOAT16;FLOAT16;FLOAT16;FLOAT16;FLOAT16;FLOAT16;FLOAT16,ND;ND;ND;ND;ND;ND;ND;ND;ND;ND;ND;ND;ND;ND;ND;ND;ND;ND;ND;ND;ND;ND;ND;ND;ND;ND;ND;ND;ND;ND;ND;ND;ND;ND;ND;ND;ND;ND;ND;ND;ND;ND;ND;ND;ND;ND;ND;ND;ND;ND;ND;ND;ND;ND;ND;ND;ND;ND;ND;ND;ND;ND;ND;ND;ND;ND;ND;ND;ND;ND;ND;ND;ND;ND;ND;ND;ND;ND;ND;ND;ND;ND;ND;ND;ND;ND;ND;ND;ND;ND;ND;ND;ND;ND;ND;ND;ND;ND;ND;ND;ND;ND;ND;ND;ND;ND;ND;ND;ND;ND;ND;ND;ND;ND;ND;ND;ND;ND;ND;ND;ND;ND;ND;ND;ND;ND;ND;ND,"""512,2048""",FLOAT16,ND,N/A,0.0,0,0.0,0.0,0.0,0.0,0.0,0.0,0.0,0.0,0.0,0.0,0.0,47.467,3132797,0.017,0.0,5.059,0.107,30.441,0.641,13.009,0.274,0.0,0.000
0,4294967295,94,47,aclnnMul_MulAiCore_Mul,Mul,dynamic,AI_VECTOR_CORE,1785699090298458.026	,328.107,0.000000,40,0,NO,"""4096,4096;4096,4096""",FLOAT;FLOAT,ND;ND,"""4096,4096""",FLOAT,ND,N/A,0.0,0,0.0,0.0,0.0,0.0,0.0,0.0,0.0,0.0,0.0,0.0,0.0,325.998,21515889,6.784,0.021,2.931,0.009,324.521,0.995,109.7,0.337,0.0,0.000
0,4294967295,95,47,Concat,Concat,dynamic,AI_VECTOR_CORE,1785699090298786.153	,53.561,0.143000,40,0,NO,"""512,16;512,16;512,16;512,16;512,16;512,16;512,16;512,16;512,16;512,16;512,16;512,16;512,16;512,16;512,16;512,16;512,16;512,16;512,16;512,16;512,16;512,16;512,16;512,16;512,16;512,16;512,16;512,16;512,16;512,16;512,16;512,16;512,16;512,16;512,16;512,16;512,16;512,16;512,16;512,16;512,16;512,16;512,16;512,16;512,16;512,16;512,16;512,16;512,16;512,16;512,16;512,16;512,16;512,16;512,16;512,16;512,16;512,16;512,16;512,16;512,16;512,16;512,16;512,16;512,16;512,16;512,16;512,16;512,16;512,16;512,16;512,16;512,16;512,16;512,16;512,16;512,16;512,16;512,16;512,16;512,16;512,16;512,16;512,16;512,16;512,16;512,16;512,16;512,16;512,16;512,16;512,16;512,16;512,16;512,16;512,16;512,16;512,16;512,16;512,16;512,16;512,16;512,16;512,16;512,16;512,16;512,16;512,16;512,16;512,16;512,16;512,16;512,16;512,16;512,16;512,16;512,16;512,16;512,16;512,16;512,16;512,16;512,16;512,16;512,16;512,16;512,16;512,16""",FLOAT16;FLOAT16;FLOAT16;FLOAT16;FLOAT16;FLOAT16;FLOAT16;FLOAT16;FLOAT16;FLOAT16;FLOAT16;FLOAT16;FLOAT16;FLOAT16;FLOAT16;FLOAT16;FLOAT16;FLOAT16;FLOAT16;FLOAT16;FLOAT16;FLOAT16;FLOAT16;FLOAT16;FLOAT16;FLOAT16;FLOAT16;FLOAT16;FLOAT16;FLOAT16;FLOAT16;FLOAT16;FLOAT16;FLOAT16;FLOAT16;FLOAT16;FLOAT16;FLOAT16;FLOAT16;FLOAT16;FLOAT16;FLOAT16;FLOAT16;FLOAT16;FLOAT16;FLOAT16;FLOAT16;FLOAT16;FLOAT16;FLOAT16;FLOAT16;FLOAT16;FLOAT16;FLOAT16;FLOAT16;FLOAT16;FLOAT16;FLOAT16;FLOAT16;FLOAT16;FLOAT16;FLOAT16;FLOAT16;FLOAT16;FLOAT16;FLOAT16;FLOAT16;FLOAT16;FLOAT16;FLOAT16;FLOAT16;FLOAT16;FLOAT16;FLOAT16;FLOAT16;FLOAT16;FLOAT16;FLOAT16;FLOAT16;FLOAT16;FLOAT16;FLOAT16;FLOAT16;FLOAT16;FLOAT16;FLOAT16;FLOAT16;FLOAT16;FLOAT16;FLOAT16;FLOAT16;FLOAT16;FLOAT16;FLOAT16;FLOAT16;FLOAT16;FLOAT16;FLOAT16;FLOAT16;FLOAT16;FLOAT16;FLOAT16;FLOAT16;FLOAT16;FLOAT16;FLOAT16;FLOAT16;FLOAT16;FLOAT16;FLOAT16;FLOAT16;FLOAT16;FLOAT16;FLOAT16;FLOAT16;FLOAT16;FLOAT16;FLOAT16;FLOAT16;FLOAT16;FLOAT16;FLOAT16;FLOAT16;FLOAT16;FLOAT16;FLOAT16;FLOAT16;FLOAT16,ND;ND;ND;ND;ND;ND;ND;ND;ND;ND;ND;ND;ND;ND;ND;ND;ND;ND;ND;ND;ND;ND;ND;ND;ND;ND;ND;ND;ND;ND;ND;ND;ND;ND;ND;ND;ND;ND;ND;ND;ND;ND;ND;ND;ND;ND;ND;ND;ND;ND;ND;ND;ND;ND;ND;ND;ND;ND;ND;ND;ND;ND;ND;ND;ND;ND;ND;ND;ND;ND;ND;ND;ND;ND;ND;ND;ND;ND;ND;ND;ND;ND;ND;ND;ND;ND;ND;ND;ND;ND;ND;ND;ND;ND;ND;ND;ND;ND;ND;ND;ND;ND;ND;ND;ND;ND;ND;ND;ND;ND;ND;ND;ND;ND;ND;ND;ND;ND;ND;ND;ND;ND;ND;ND;ND;ND;ND;ND,"""512,2048""",FLOAT16,ND,N/A,0.0,0,0.0,0.0,0.0,0.0,0.0,0.0,0.0,0.0,0.0,0.0,0.0,45.883,3028271,0.017,0.0,4.269,0.093,28.452,0.62,13.915,0.303,0.0,0.000
0,4294967295,96,47,aclnnMul_MulAiCore_Mul,Mul,dynamic,AI_VECTOR_CORE,1785699090298839.754	,328.286,0.000000,40,0,NO,"""4096,4096;4096,4096""",FLOAT;FLOAT,ND;ND,"""4096,4096""",FLOAT,ND,N/A,0.0,0,0.0,0.0,0.0,0.0,0.0,0.0,0.0,0.0,0.0,0.0,0.0,325.987,21515143,6.784,0.021,3.1,0.01,324.364,0.995,110.661,0.339,0.0,0.000
0,4294967295,97,47,Concat,Concat,dynamic,AI_VECTOR_CORE,1785699090299168.060	,55.962,0.000000,40,0,NO,"""512,16;512,16;512,16;512,16;512,16;512,16;512,16;512,16;512,16;512,16;512,16;512,16;512,16;512,16;512,16;512,16;512,16;512,16;512,16;512,16;512,16;512,16;512,16;512,16;512,16;512,16;512,16;512,16;512,16;512,16;512,16;512,16;512,16;512,16;512,16;512,16;512,16;512,16;512,16;512,16;512,16;512,16;512,16;512,16;512,16;512,16;512,16;512,16;512,16;512,16;512,16;512,16;512,16;512,16;512,16;512,16;512,16;512,16;512,16;512,16;512,16;512,16;512,16;512,16;512,16;512,16;512,16;512,16;512,16;512,16;512,16;512,16;512,16;512,16;512,16;512,16;512,16;512,16;512,16;512,16;512,16;512,16;512,16;512,16;512,16;512,16;512,16;512,16;512,16;512,16;512,16;512,16;512,16;512,16;512,16;512,16;512,16;512,16;512,16;512,16;512,16;512,16;512,16;512,16;512,16;512,16;512,16;512,16;512,16;512,16;512,16;512,16;512,16;512,16;512,16;512,16;512,16;512,16;512,16;512,16;512,16;512,16;512,16;512,16;512,16;512,16;512,16;512,16""",FLOAT16;FLOAT16;FLOAT16;FLOAT16;FLOAT16;FLOAT16;FLOAT16;FLOAT16;FLOAT16;FLOAT16;FLOAT16;FLOAT16;FLOAT16;FLOAT16;FLOAT16;FLOAT16;FLOAT16;FLOAT16;FLOAT16;FLOAT16;FLOAT16;FLOAT16;FLOAT16;FLOAT16;FLOAT16;FLOAT16;FLOAT16;FLOAT16;FLOAT16;FLOAT16;FLOAT16;FLOAT16;FLOAT16;FLOAT16;FLOAT16;FLOAT16;FLOAT16;FLOAT16;FLOAT16;FLOAT16;FLOAT16;FLOAT16;FLOAT16;FLOAT16;FLOAT16;FLOAT16;FLOAT16;FLOAT16;FLOAT16;FLOAT16;FLOAT16;FLOAT16;FLOAT16;FLOAT16;FLOAT16;FLOAT16;FLOAT16;FLOAT16;FLOAT16;FLOAT16;FLOAT16;FLOAT16;FLOAT16;FLOAT16;FLOAT16;FLOAT16;FLOAT16;FLOAT16;FLOAT16;FLOAT16;FLOAT16;FLOAT16;FLOAT16;FLOAT16;FLOAT16;FLOAT16;FLOAT16;FLOAT16;FLOAT16;FLOAT16;FLOAT16;FLOAT16;FLOAT16;FLOAT16;FLOAT16;FLOAT16;FLOAT16;FLOAT16;FLOAT16;FLOAT16;FLOAT16;FLOAT16;FLOAT16;FLOAT16;FLOAT16;FLOAT16;FLOAT16;FLOAT16;FLOAT16;FLOAT16;FLOAT16;FLOAT16;FLOAT16;FLOAT16;FLOAT16;FLOAT16;FLOAT16;FLOAT16;FLOAT16;FLOAT16;FLOAT16;FLOAT16;FLOAT16;FLOAT16;FLOAT16;FLOAT16;FLOAT16;FLOAT16;FLOAT16;FLOAT16;FLOAT16;FLOAT16;FLOAT16;FLOAT16;FLOAT16;FLOAT16;FLOAT16;FLOAT16,ND;ND;ND;ND;ND;ND;ND;ND;ND;ND;ND;ND;ND;ND;ND;ND;ND;ND;ND;ND;ND;ND;ND;ND;ND;ND;ND;ND;ND;ND;ND;ND;ND;ND;ND;ND;ND;ND;ND;ND;ND;ND;ND;ND;ND;ND;ND;ND;ND;ND;ND;ND;ND;ND;ND;ND;ND;ND;ND;ND;ND;ND;ND;ND;ND;ND;ND;ND;ND;ND;ND;ND;ND;ND;ND;ND;ND;ND;ND;ND;ND;ND;ND;ND;ND;ND;ND;ND;ND;ND;ND;ND;ND;ND;ND;ND;ND;ND;ND;ND;ND;ND;ND;ND;ND;ND;ND;ND;ND;ND;ND;ND;ND;ND;ND;ND;ND;ND;ND;ND;ND;ND;ND;ND;ND;ND;ND;ND,"""512,2048""",FLOAT16,ND,N/A,0.0,0,0.0,0.0,0.0,0.0,0.0,0.0,0.0,0.0,0.0,0.0,0.0,46.89,3094750,0.017,0.0,4.23,0.09,29.377,0.627,14.002,0.299,0.0,0.000
0,4294967295,98,47,aclnnMul_MulAiCore_Mul,Mul,dynamic,AI_VECTOR_CORE,1785699090299224.062	,328.666,0.038000,40,0,NO,"""4096,4096;4096,4096""",FLOAT;FLOAT,ND;ND,"""4096,4096""",FLOAT,ND,N/A,0.0,0,0.0,0.0,0.0,0.0,0.0,0.0,0.0,0.0,0.0,0.0,0.0,326.55,21552295,6.784,0.021,2.957,0.009,325.035,0.995,109.479,0.335,0.0,0.000
0,4294967295,99,47,Concat,Concat,dynamic,AI_VECTOR_CORE,1785699090299552.748	,55.641,0.084000,40,0,NO,"""512,16;512,16;512,16;512,16;512,16;512,16;512,16;512,16;512,16;512,16;512,16;512,16;512,16;512,16;512,16;512,16;512,16;512,16;512,16;512,16;512,16;512,16;512,16;512,16;512,16;512,16;512,16;512,16;512,16;512,16;512,16;512,16;512,16;512,16;512,16;512,16;512,16;512,16;512,16;512,16;512,16;512,16;512,16;512,16;512,16;512,16;512,16;512,16;512,16;512,16;512,16;512,16;512,16;512,16;512,16;512,16;512,16;512,16;512,16;512,16;512,16;512,16;512,16;512,16;512,16;512,16;512,16;512,16;512,16;512,16;512,16;512,16;512,16;512,16;512,16;512,16;512,16;512,16;512,16;512,16;512,16;512,16;512,16;512,16;512,16;512,16;512,16;512,16;512,16;512,16;512,16;512,16;512,16;512,16;512,16;512,16;512,16;512,16;512,16;512,16;512,16;512,16;512,16;512,16;512,16;512,16;512,16;512,16;512,16;512,16;512,16;512,16;512,16;512,16;512,16;512,16;512,16;512,16;512,16;512,16;512,16;512,16;512,16;512,16;512,16;512,16;512,16;512,16""",FLOAT16;FLOAT16;FLOAT16;FLOAT16;FLOAT16;FLOAT16;FLOAT16;FLOAT16;FLOAT16;FLOAT16;FLOAT16;FLOAT16;FLOAT16;FLOAT16;FLOAT16;FLOAT16;FLOAT16;FLOAT16;FLOAT16;FLOAT16;FLOAT16;FLOAT16;FLOAT16;FLOAT16;FLOAT16;FLOAT16;FLOAT16;FLOAT16;FLOAT16;FLOAT16;FLOAT16;FLOAT16;FLOAT16;FLOAT16;FLOAT16;FLOAT16;FLOAT16;FLOAT16;FLOAT16;FLOAT16;FLOAT16;FLOAT16;FLOAT16;FLOAT16;FLOAT16;FLOAT16;FLOAT16;FLOAT16;FLOAT16;FLOAT16;FLOAT16;FLOAT16;FLOAT16;FLOAT16;FLOAT16;FLOAT16;FLOAT16;FLOAT16;FLOAT16;FLOAT16;FLOAT16;FLOAT16;FLOAT16;FLOAT16;FLOAT16;FLOAT16;FLOAT16;FLOAT16;FLOAT16;FLOAT16;FLOAT16;FLOAT16;FLOAT16;FLOAT16;FLOAT16;FLOAT16;FLOAT16;FLOAT16;FLOAT16;FLOAT16;FLOAT16;FLOAT16;FLOAT16;FLOAT16;FLOAT16;FLOAT16;FLOAT16;FLOAT16;FLOAT16;FLOAT16;FLOAT16;FLOAT16;FLOAT16;FLOAT16;FLOAT16;FLOAT16;FLOAT16;FLOAT16;FLOAT16;FLOAT16;FLOAT16;FLOAT16;FLOAT16;FLOAT16;FLOAT16;FLOAT16;FLOAT16;FLOAT16;FLOAT16;FLOAT16;FLOAT16;FLOAT16;FLOAT16;FLOAT16;FLOAT16;FLOAT16;FLOAT16;FLOAT16;FLOAT16;FLOAT16;FLOAT16;FLOAT16;FLOAT16;FLOAT16;FLOAT16;FLOAT16;FLOAT16;FLOAT16,ND;ND;ND;ND;ND;ND;ND;ND;ND;ND;ND;ND;ND;ND;ND;ND;ND;ND;ND;ND;ND;ND;ND;ND;ND;ND;ND;ND;ND;ND;ND;ND;ND;ND;ND;ND;ND;ND;ND;ND;ND;ND;ND;ND;ND;ND;ND;ND;ND;ND;ND;ND;ND;ND;ND;ND;ND;ND;ND;ND;ND;ND;ND;ND;ND;ND;ND;ND;ND;ND;ND;ND;ND;ND;ND;ND;ND;ND;ND;ND;ND;ND;ND;ND;ND;ND;ND;ND;ND;ND;ND;ND;ND;ND;ND;ND;ND;ND;ND;ND;ND;ND;ND;ND;ND;ND;ND;ND;ND;ND;ND;ND;ND;ND;ND;ND;ND;ND;ND;ND;ND;ND;ND;ND;ND;ND;ND;ND,"""512,2048""",FLOAT16,ND,N/A,0.0,0,0.0,0.0,0.0,0.0,0.0,0.0,0.0,0.0,0.0,0.0,0.0,47.562,3139097,0.017,0.0,4.515,0.095,29.671,0.624,14.422,0.303,0.0,0.000
0,4294967295,100,47,aclnnMul_MulAiCore_Mul,Mul,dynamic,AI_VECTOR_CORE,1785699090299608.409	,327.607,0.109000,40,0,NO,"""4096,4096;4096,4096""",FLOAT;FLOAT,ND;ND,"""4096,4096""",FLOAT,ND,N/A,0.0,0,0.0,0.0,0.0,0.0,0.0,0.0,0.0,0.0,0.0,0.0,0.0,325.326,21471487,6.784,0.021,3.107,0.01,323.674,0.995,110.646,0.34,0.0,0.000
0,4294967295,101,47,Concat,Concat,dynamic,AI_VECTOR_CORE,1785699090299936.056	,56.281,0.000000,40,0,NO,"""512,16;512,16;512,16;512,16;512,16;512,16;512,16;512,16;512,16;512,16;512,16;512,16;512,16;512,16;512,16;512,16;512,16;512,16;512,16;512,16;512,16;512,16;512,16;512,16;512,16;512,16;512,16;512,16;512,16;512,16;512,16;512,16;512,16;512,16;512,16;512,16;512,16;512,16;512,16;512,16;512,16;512,16;512,16;512,16;512,16;512,16;512,16;512,16;512,16;512,16;512,16;512,16;512,16;512,16;512,16;512,16;512,16;512,16;512,16;512,16;512,16;512,16;512,16;512,16;512,16;512,16;512,16;512,16;512,16;512,16;512,16;512,16;512,16;512,16;512,16;512,16;512,16;512,16;512,16;512,16;512,16;512,16;512,16;512,16;512,16;512,16;512,16;512,16;512,16;512,16;512,16;512,16;512,16;512,16;512,16;512,16;512,16;512,16;512,16;512,16;512,16;512,16;512,16;512,16;512,16;512,16;512,16;512,16;512,16;512,16;512,16;512,16;512,16;512,16;512,16;512,16;512,16;512,16;512,16;512,16;512,16;512,16;512,16;512,16;512,16;512,16;512,16;512,16""",FLOAT16;FLOAT16;FLOAT16;FLOAT16;FLOAT16;FLOAT16;FLOAT16;FLOAT16;FLOAT16;FLOAT16;FLOAT16;FLOAT16;FLOAT16;FLOAT16;FLOAT16;FLOAT16;FLOAT16;FLOAT16;FLOAT16;FLOAT16;FLOAT16;FLOAT16;FLOAT16;FLOAT16;FLOAT16;FLOAT16;FLOAT16;FLOAT16;FLOAT16;FLOAT16;FLOAT16;FLOAT16;FLOAT16;FLOAT16;FLOAT16;FLOAT16;FLOAT16;FLOAT16;FLOAT16;FLOAT16;FLOAT16;FLOAT16;FLOAT16;FLOAT16;FLOAT16;FLOAT16;FLOAT16;FLOAT16;FLOAT16;FLOAT16;FLOAT16;FLOAT16;FLOAT16;FLOAT16;FLOAT16;FLOAT16;FLOAT16;FLOAT16;FLOAT16;FLOAT16;FLOAT16;FLOAT16;FLOAT16;FLOAT16;FLOAT16;FLOAT16;FLOAT16;FLOAT16;FLOAT16;FLOAT16;FLOAT16;FLOAT16;FLOAT16;FLOAT16;FLOAT16;FLOAT16;FLOAT16;FLOAT16;FLOAT16;FLOAT16;FLOAT16;FLOAT16;FLOAT16;FLOAT16;FLOAT16;FLOAT16;FLOAT16;FLOAT16;FLOAT16;FLOAT16;FLOAT16;FLOAT16;FLOAT16;FLOAT16;FLOAT16;FLOAT16;FLOAT16;FLOAT16;FLOAT16;FLOAT16;FLOAT16;FLOAT16;FLOAT16;FLOAT16;FLOAT16;FLOAT16;FLOAT16;FLOAT16;FLOAT16;FLOAT16;FLOAT16;FLOAT16;FLOAT16;FLOAT16;FLOAT16;FLOAT16;FLOAT16;FLOAT16;FLOAT16;FLOAT16;FLOAT16;FLOAT16;FLOAT16;FLOAT16;FLOAT16;FLOAT16;FLOAT16;FLOAT16,ND;ND;ND;ND;ND;ND;ND;ND;ND;ND;ND;ND;ND;ND;ND;ND;ND;ND;ND;ND;ND;ND;ND;ND;ND;ND;ND;ND;ND;ND;ND;ND;ND;ND;ND;ND;ND;ND;ND;ND;ND;ND;ND;ND;ND;ND;ND;ND;ND;ND;ND;ND;ND;ND;ND;ND;ND;ND;ND;ND;ND;ND;ND;ND;ND;ND;ND;ND;ND;ND;ND;ND;ND;ND;ND;ND;ND;ND;ND;ND;ND;ND;ND;ND;ND;ND;ND;ND;ND;ND;ND;ND;ND;ND;ND;ND;ND;ND;ND;ND;ND;ND;ND;ND;ND;ND;ND;ND;ND;ND;ND;ND;ND;ND;ND;ND;ND;ND;ND;ND;ND;ND;ND;ND;ND;ND;ND;ND,"""512,2048""",FLOAT16,ND,N/A,0.0,0,0.0,0.0,0.0,0.0,0.0,0.0,0.0,0.0,0.0,0.0,0.0,47.154,3112143,0.017,0.0,4.497,0.095,29.816,0.632,13.994,0.297,0.0,0.000
0,4294967295,102,47,aclnnMul_MulAiCore_Mul,Mul,dynamic,AI_VECTOR_CORE,1785699090299992.377	,327.666,0.219000,40,0,NO,"""4096,4096;4096,4096""",FLOAT;FLOAT,ND;ND,"""4096,4096""",FLOAT,ND,N/A,0.0,0,0.0,0.0,0.0,0.0,0.0,0.0,0.0,0.0,0.0,0.0,0.0,325.272,21467971,6.784,0.021,3.013,0.009,323.703,0.995,108.404,0.333,0.0,0.000
0,4294967295,103,47,Concat,Concat,dynamic,AI_VECTOR_CORE,1785699090300320.063	,55.222,0.000000,40,0,NO,"""512,16;512,16;512,16;512,16;512,16;512,16;512,16;512,16;512,16;512,16;512,16;512,16;512,16;512,16;512,16;512,16;512,16;512,16;512,16;512,16;512,16;512,16;512,16;512,16;512,16;512,16;512,16;512,16;512,16;512,16;512,16;512,16;512,16;512,16;512,16;512,16;512,16;512,16;512,16;512,16;512,16;512,16;512,16;512,16;512,16;512,16;512,16;512,16;512,16;512,16;512,16;512,16;512,16;512,16;512,16;512,16;512,16;512,16;512,16;512,16;512,16;512,16;512,16;512,16;512,16;512,16;512,16;512,16;512,16;512,16;512,16;512,16;512,16;512,16;512,16;512,16;512,16;512,16;512,16;512,16;512,16;512,16;512,16;512,16;512,16;512,16;512,16;512,16;512,16;512,16;512,16;512,16;512,16;512,16;512,16;512,16;512,16;512,16;512,16;512,16;512,16;512,16;512,16;512,16;512,16;512,16;512,16;512,16;512,16;512,16;512,16;512,16;512,16;512,16;512,16;512,16;512,16;512,16;512,16;512,16;512,16;512,16;512,16;512,16;512,16;512,16;512,16;512,16""",FLOAT16;FLOAT16;FLOAT16;FLOAT16;FLOAT16;FLOAT16;FLOAT16;FLOAT16;FLOAT16;FLOAT16;FLOAT16;FLOAT16;FLOAT16;FLOAT16;FLOAT16;FLOAT16;FLOAT16;FLOAT16;FLOAT16;FLOAT16;FLOAT16;FLOAT16;FLOAT16;FLOAT16;FLOAT16;FLOAT16;FLOAT16;FLOAT16;FLOAT16;FLOAT16;FLOAT16;FLOAT16;FLOAT16;FLOAT16;FLOAT16;FLOAT16;FLOAT16;FLOAT16;FLOAT16;FLOAT16;FLOAT16;FLOAT16;FLOAT16;FLOAT16;FLOAT16;FLOAT16;FLOAT16;FLOAT16;FLOAT16;FLOAT16;FLOAT16;FLOAT16;FLOAT16;FLOAT16;FLOAT16;FLOAT16;FLOAT16;FLOAT16;FLOAT16;FLOAT16;FLOAT16;FLOAT16;FLOAT16;FLOAT16;FLOAT16;FLOAT16;FLOAT16;FLOAT16;FLOAT16;FLOAT16;FLOAT16;FLOAT16;FLOAT16;FLOAT16;FLOAT16;FLOAT16;FLOAT16;FLOAT16;FLOAT16;FLOAT16;FLOAT16;FLOAT16;FLOAT16;FLOAT16;FLOAT16;FLOAT16;FLOAT16;FLOAT16;FLOAT16;FLOAT16;FLOAT16;FLOAT16;FLOAT16;FLOAT16;FLOAT16;FLOAT16;FLOAT16;FLOAT16;FLOAT16;FLOAT16;FLOAT16;FLOAT16;FLOAT16;FLOAT16;FLOAT16;FLOAT16;FLOAT16;FLOAT16;FLOAT16;FLOAT16;FLOAT16;FLOAT16;FLOAT16;FLOAT16;FLOAT16;FLOAT16;FLOAT16;FLOAT16;FLOAT16;FLOAT16;FLOAT16;FLOAT16;FLOAT16;FLOAT16;FLOAT16;FLOAT16;FLOAT16;FLOAT16,ND;ND;ND;ND;ND;ND;ND;ND;ND;ND;ND;ND;ND;ND;ND;ND;ND;ND;ND;ND;ND;ND;ND;ND;ND;ND;ND;ND;ND;ND;ND;ND;ND;ND;ND;ND;ND;ND;ND;ND;ND;ND;ND;ND;ND;ND;ND;ND;ND;ND;ND;ND;ND;ND;ND;ND;ND;ND;ND;ND;ND;ND;ND;ND;ND;ND;ND;ND;ND;ND;ND;ND;ND;ND;ND;ND;ND;ND;ND;ND;ND;ND;ND;ND;ND;ND;ND;ND;ND;ND;ND;ND;ND;ND;ND;ND;ND;ND;ND;ND;ND;ND;ND;ND;ND;ND;ND;ND;ND;ND;ND;ND;ND;ND;ND;ND;ND;ND;ND;ND;ND;ND;ND;ND;ND;ND;ND;ND,"""512,2048""",FLOAT16,ND,N/A,0.0,0,0.0,0.0,0.0,0.0,0.0,0.0,0.0,0.0,0.0,0.0,0.0,46.938,3097885,0.017,0.0,4.351,0.093,29.328,0.625,14.239,0.303,0.0,0.000
0,4294967295,104,47,aclnnMul_MulAiCore_Mul,Mul,dynamic,AI_VECTOR_CORE,1785699090300375.305	,328.206,0.028000,40,0,NO,"""4096,4096;4096,4096""",FLOAT;FLOAT,ND;ND,"""4096,4096""",FLOAT,ND,N/A,0.0,0,0.0,0.0,0.0,0.0,0.0,0.0,0.0,0.0,0.0,0.0,0.0,325.592,21489060,6.784,0.021,3.013,0.009,324.06,0.995,110.56,0.34,0.0,0.000
0,4294967295,105,47,Concat,Concat,dynamic,AI_VECTOR_CORE,1785699090300703.551	,55.221,0.044000,40,0,NO,"""512,16;512,16;512,16;512,16;512,16;512,16;512,16;512,16;512,16;512,16;512,16;512,16;512,16;512,16;512,16;512,16;512,16;512,16;512,16;512,16;512,16;512,16;512,16;512,16;512,16;512,16;512,16;512,16;512,16;512,16;512,16;512,16;512,16;512,16;512,16;512,16;512,16;512,16;512,16;512,16;512,16;512,16;512,16;512,16;512,16;512,16;512,16;512,16;512,16;512,16;512,16;512,16;512,16;512,16;512,16;512,16;512,16;512,16;512,16;512,16;512,16;512,16;512,16;512,16;512,16;512,16;512,16;512,16;512,16;512,16;512,16;512,16;512,16;512,16;512,16;512,16;512,16;512,16;512,16;512,16;512,16;512,16;512,16;512,16;512,16;512,16;512,16;512,16;512,16;512,16;512,16;512,16;512,16;512,16;512,16;512,16;512,16;512,16;512,16;512,16;512,16;512,16;512,16;512,16;512,16;512,16;512,16;512,16;512,16;512,16;512,16;512,16;512,16;512,16;512,16;512,16;512,16;512,16;512,16;512,16;512,16;512,16;512,16;512,16;512,16;512,16;512,16;512,16""",FLOAT16;FLOAT16;FLOAT16;FLOAT16;FLOAT16;FLOAT16;FLOAT16;FLOAT16;FLOAT16;FLOAT16;FLOAT16;FLOAT16;FLOAT16;FLOAT16;FLOAT16;FLOAT16;FLOAT16;FLOAT16;FLOAT16;FLOAT16;FLOAT16;FLOAT16;FLOAT16;FLOAT16;FLOAT16;FLOAT16;FLOAT16;FLOAT16;FLOAT16;FLOAT16;FLOAT16;FLOAT16;FLOAT16;FLOAT16;FLOAT16;FLOAT16;FLOAT16;FLOAT16;FLOAT16;FLOAT16;FLOAT16;FLOAT16;FLOAT16;FLOAT16;FLOAT16;FLOAT16;FLOAT16;FLOAT16;FLOAT16;FLOAT16;FLOAT16;FLOAT16;FLOAT16;FLOAT16;FLOAT16;FLOAT16;FLOAT16;FLOAT16;FLOAT16;FLOAT16;FLOAT16;FLOAT16;FLOAT16;FLOAT16;FLOAT16;FLOAT16;FLOAT16;FLOAT16;FLOAT16;FLOAT16;FLOAT16;FLOAT16;FLOAT16;FLOAT16;FLOAT16;FLOAT16;FLOAT16;FLOAT16;FLOAT16;FLOAT16;FLOAT16;FLOAT16;FLOAT16;FLOAT16;FLOAT16;FLOAT16;FLOAT16;FLOAT16;FLOAT16;FLOAT16;FLOAT16;FLOAT16;FLOAT16;FLOAT16;FLOAT16;FLOAT16;FLOAT16;FLOAT16;FLOAT16;FLOAT16;FLOAT16;FLOAT16;FLOAT16;FLOAT16;FLOAT16;FLOAT16;FLOAT16;FLOAT16;FLOAT16;FLOAT16;FLOAT16;FLOAT16;FLOAT16;FLOAT16;FLOAT16;FLOAT16;FLOAT16;FLOAT16;FLOAT16;FLOAT16;FLOAT16;FLOAT16;FLOAT16;FLOAT16;FLOAT16;FLOAT16;FLOAT16;FLOAT16,ND;ND;ND;ND;ND;ND;ND;ND;ND;ND;ND;ND;ND;ND;ND;ND;ND;ND;ND;ND;ND;ND;ND;ND;ND;ND;ND;ND;ND;ND;ND;ND;ND;ND;ND;ND;ND;ND;ND;ND;ND;ND;ND;ND;ND;ND;ND;ND;ND;ND;ND;ND;ND;ND;ND;ND;ND;ND;ND;ND;ND;ND;ND;ND;ND;ND;ND;ND;ND;ND;ND;ND;ND;ND;ND;ND;ND;ND;ND;ND;ND;ND;ND;ND;ND;ND;ND;ND;ND;ND;ND;ND;ND;ND;ND;ND;ND;ND;ND;ND;ND;ND;ND;ND;ND;ND;ND;ND;ND;ND;ND;ND;ND;ND;ND;ND;ND;ND;ND;ND;ND;ND;ND;ND;ND;ND;ND;ND,"""512,2048""",FLOAT16,ND,N/A,0.0,0,0.0,0.0,0.0,0.0,0.0,0.0,0.0,0.0,0.0,0.0,0.0,46.776,3087220,0.017,0.0,4.406,0.094,29.07,0.621,14.356,0.307,0.0,0.000
0,4294967295,106,47,aclnnMul_MulAiCore_Mul,Mul,dynamic,AI_VECTOR_CORE,1785699090300758.792	,329.227,0.029000,40,0,NO,"""4096,4096;4096,4096""",FLOAT;FLOAT,ND;ND,"""4096,4096""",FLOAT,ND,N/A,0.0,0,0.0,0.0,0.0,0.0,0.0,0.0,0.0,0.0,0.0,0.0,0.0,326.652,21559036,6.784,0.021,2.896,0.009,325.169,0.995,110.722,0.339,0.0,0.000
0,4294967295,107,47,Concat,Concat,dynamic,AI_VECTOR_CORE,1785699090301088.039	,57.321,0.023000,40,0,NO,"""512,16;512,16;512,16;512,16;512,16;512,16;512,16;512,16;512,16;512,16;512,16;512,16;512,16;512,16;512,16;512,16;512,16;512,16;512,16;512,16;512,16;512,16;512,16;512,16;512,16;512,16;512,16;512,16;512,16;512,16;512,16;512,16;512,16;512,16;512,16;512,16;512,16;512,16;512,16;512,16;512,16;512,16;512,16;512,16;512,16;512,16;512,16;512,16;512,16;512,16;512,16;512,16;512,16;512,16;512,16;512,16;512,16;512,16;512,16;512,16;512,16;512,16;512,16;512,16;512,16;512,16;512,16;512,16;512,16;512,16;512,16;512,16;512,16;512,16;512,16;512,16;512,16;512,16;512,16;512,16;512,16;512,16;512,16;512,16;512,16;512,16;512,16;512,16;512,16;512,16;512,16;512,16;512,16;512,16;512,16;512,16;512,16;512,16;512,16;512,16;512,16;512,16;512,16;512,16;512,16;512,16;512,16;512,16;512,16;512,16;512,16;512,16;512,16;512,16;512,16;512,16;512,16;512,16;512,16;512,16;512,16;512,16;512,16;512,16;512,16;512,16;512,16;512,16""",FLOAT16;FLOAT16;FLOAT16;FLOAT16;FLOAT16;FLOAT16;FLOAT16;FLOAT16;FLOAT16;FLOAT16;FLOAT16;FLOAT16;FLOAT16;FLOAT16;FLOAT16;FLOAT16;FLOAT16;FLOAT16;FLOAT16;FLOAT16;FLOAT16;FLOAT16;FLOAT16;FLOAT16;FLOAT16;FLOAT16;FLOAT16;FLOAT16;FLOAT16;FLOAT16;FLOAT16;FLOAT16;FLOAT16;FLOAT16;FLOAT16;FLOAT16;FLOAT16;FLOAT16;FLOAT16;FLOAT16;FLOAT16;FLOAT16;FLOAT16;FLOAT16;FLOAT16;FLOAT16;FLOAT16;FLOAT16;FLOAT16;FLOAT16;FLOAT16;FLOAT16;FLOAT16;FLOAT16;FLOAT16;FLOAT16;FLOAT16;FLOAT16;FLOAT16;FLOAT16;FLOAT16;FLOAT16;FLOAT16;FLOAT16;FLOAT16;FLOAT16;FLOAT16;FLOAT16;FLOAT16;FLOAT16;FLOAT16;FLOAT16;FLOAT16;FLOAT16;FLOAT16;FLOAT16;FLOAT16;FLOAT16;FLOAT16;FLOAT16;FLOAT16;FLOAT16;FLOAT16;FLOAT16;FLOAT16;FLOAT16;FLOAT16;FLOAT16;FLOAT16;FLOAT16;FLOAT16;FLOAT16;FLOAT16;FLOAT16;FLOAT16;FLOAT16;FLOAT16;FLOAT16;FLOAT16;FLOAT16;FLOAT16;FLOAT16;FLOAT16;FLOAT16;FLOAT16;FLOAT16;FLOAT16;FLOAT16;FLOAT16;FLOAT16;FLOAT16;FLOAT16;FLOAT16;FLOAT16;FLOAT16;FLOAT16;FLOAT16;FLOAT16;FLOAT16;FLOAT16;FLOAT16;FLOAT16;FLOAT16;FLOAT16;FLOAT16;FLOAT16;FLOAT16;FLOAT16,ND;ND;ND;ND;ND;ND;ND;ND;ND;ND;ND;ND;ND;ND;ND;ND;ND;ND;ND;ND;ND;ND;ND;ND;ND;ND;ND;ND;ND;ND;ND;ND;ND;ND;ND;ND;ND;ND;ND;ND;ND;ND;ND;ND;ND;ND;ND;ND;ND;ND;ND;ND;ND;ND;ND;ND;ND;ND;ND;ND;ND;ND;ND;ND;ND;ND;ND;ND;ND;ND;ND;ND;ND;ND;ND;ND;ND;ND;ND;ND;ND;ND;ND;ND;ND;ND;ND;ND;ND;ND;ND;ND;ND;ND;ND;ND;ND;ND;ND;ND;ND;ND;ND;ND;ND;ND;ND;ND;ND;ND;ND;ND;ND;ND;ND;ND;ND;ND;ND;ND;ND;ND;ND;ND;ND;ND;ND;ND,"""512,2048""",FLOAT16,ND,N/A,0.0,0,0.0,0.0,0.0,0.0,0.0,0.0,0.0,0.0,0.0,0.0,0.0,48.062,3172081,0.017,0.0,4.38,0.091,30.732,0.639,13.757,0.286,0.0,0.000
0,4294967295,108,47,aclnnMul_MulAiCore_Mul,Mul,dynamic,AI_VECTOR_CORE,1785699090301145.380	,327.786,0.179000,40,0,NO,"""4096,4096;4096,4096""",FLOAT;FLOAT,ND;ND,"""4096,4096""",FLOAT,ND,N/A,0.0,0,0.0,0.0,0.0,0.0,0.0,0.0,0.0,0.0,0.0,0.0,0.0,325.288,21468980,6.784,0.021,3.002,0.009,323.748,0.995,109.264,0.336,0.0,0.000
0,4294967295,109,47,Concat,Concat,dynamic,AI_VECTOR_CORE,1785699090301473.186	,57.082,0.000000,40,0,NO,"""512,16;512,16;512,16;512,16;512,16;512,16;512,16;512,16;512,16;512,16;512,16;512,16;512,16;512,16;512,16;512,16;512,16;512,16;512,16;512,16;512,16;512,16;512,16;512,16;512,16;512,16;512,16;512,16;512,16;512,16;512,16;512,16;512,16;512,16;512,16;512,16;512,16;512,16;512,16;512,16;512,16;512,16;512,16;512,16;512,16;512,16;512,16;512,16;512,16;512,16;512,16;512,16;512,16;512,16;512,16;512,16;512,16;512,16;512,16;512,16;512,16;512,16;512,16;512,16;512,16;512,16;512,16;512,16;512,16;512,16;512,16;512,16;512,16;512,16;512,16;512,16;512,16;512,16;512,16;512,16;512,16;512,16;512,16;512,16;512,16;512,16;512,16;512,16;512,16;512,16;512,16;512,16;512,16;512,16;512,16;512,16;512,16;512,16;512,16;512,16;512,16;512,16;512,16;512,16;512,16;512,16;512,16;512,16;512,16;512,16;512,16;512,16;512,16;512,16;512,16;512,16;512,16;512,16;512,16;512,16;512,16;512,16;512,16;512,16;512,16;512,16;512,16;512,16""",FLOAT16;FLOAT16;FLOAT16;FLOAT16;FLOAT16;FLOAT16;FLOAT16;FLOAT16;FLOAT16;FLOAT16;FLOAT16;FLOAT16;FLOAT16;FLOAT16;FLOAT16;FLOAT16;FLOAT16;FLOAT16;FLOAT16;FLOAT16;FLOAT16;FLOAT16;FLOAT16;FLOAT16;FLOAT16;FLOAT16;FLOAT16;FLOAT16;FLOAT16;FLOAT16;FLOAT16;FLOAT16;FLOAT16;FLOAT16;FLOAT16;FLOAT16;FLOAT16;FLOAT16;FLOAT16;FLOAT16;FLOAT16;FLOAT16;FLOAT16;FLOAT16;FLOAT16;FLOAT16;FLOAT16;FLOAT16;FLOAT16;FLOAT16;FLOAT16;FLOAT16;FLOAT16;FLOAT16;FLOAT16;FLOAT16;FLOAT16;FLOAT16;FLOAT16;FLOAT16;FLOAT16;FLOAT16;FLOAT16;FLOAT16;FLOAT16;FLOAT16;FLOAT16;FLOAT16;FLOAT16;FLOAT16;FLOAT16;FLOAT16;FLOAT16;FLOAT16;FLOAT16;FLOAT16;FLOAT16;FLOAT16;FLOAT16;FLOAT16;FLOAT16;FLOAT16;FLOAT16;FLOAT16;FLOAT16;FLOAT16;FLOAT16;FLOAT16;FLOAT16;FLOAT16;FLOAT16;FLOAT16;FLOAT16;FLOAT16;FLOAT16;FLOAT16;FLOAT16;FLOAT16;FLOAT16;FLOAT16;FLOAT16;FLOAT16;FLOAT16;FLOAT16;FLOAT16;FLOAT16;FLOAT16;FLOAT16;FLOAT16;FLOAT16;FLOAT16;FLOAT16;FLOAT16;FLOAT16;FLOAT16;FLOAT16;FLOAT16;FLOAT16;FLOAT16;FLOAT16;FLOAT16;FLOAT16;FLOAT16;FLOAT16;FLOAT16;FLOAT16;FLOAT16;FLOAT16,ND;ND;ND;ND;ND;ND;ND;ND;ND;ND;ND;ND;ND;ND;ND;ND;ND;ND;ND;ND;ND;ND;ND;ND;ND;ND;ND;ND;ND;ND;ND;ND;ND;ND;ND;ND;ND;ND;ND;ND;ND;ND;ND;ND;ND;ND;ND;ND;ND;ND;ND;ND;ND;ND;ND;ND;ND;ND;ND;ND;ND;ND;ND;ND;ND;ND;ND;ND;ND;ND;ND;ND;ND;ND;ND;ND;ND;ND;ND;ND;ND;ND;ND;ND;ND;ND;ND;ND;ND;ND;ND;ND;ND;ND;ND;ND;ND;ND;ND;ND;ND;ND;ND;ND;ND;ND;ND;ND;ND;ND;ND;ND;ND;ND;ND;ND;ND;ND;ND;ND;ND;ND;ND;ND;ND;ND;ND;ND,"""512,2048""",FLOAT16,ND,N/A,0.0,0,0.0,0.0,0.0,0.0,0.0,0.0,0.0,0.0,0.0,0.0,0.0,48.219,3182480,0.017,0.0,5.278,0.109,30.474,0.632,13.536,0.281,0.0,0.000
0,4294967295,110,47,aclnnMul_MulAiCore_Mul,Mul,dynamic,AI_VECTOR_CORE,1785699090301530.288	,327.906,0.000000,40,0,NO,"""4096,4096;4096,4096""",FLOAT;FLOAT,ND;ND,"""4096,4096""",FLOAT,ND,N/A,0.0,0,0.0,0.0,0.0,0.0,0.0,0.0,0.0,0.0,0.0,0.0,0.0,325.448,21479539,6.784,0.021,2.904,0.009,323.988,0.996,109.354,0.336,0.0,0.000
0,4294967295,111,47,Concat,Concat,dynamic,AI_VECTOR_CORE,1785699090301858.234	,54.101,0.094000,40,0,NO,"""512,16;512,16;512,16;512,16;512,16;512,16;512,16;512,16;512,16;512,16;512,16;512,16;512,16;512,16;512,16;512,16;512,16;512,16;512,16;512,16;512,16;512,16;512,16;512,16;512,16;512,16;512,16;512,16;512,16;512,16;512,16;512,16;512,16;512,16;512,16;512,16;512,16;512,16;512,16;512,16;512,16;512,16;512,16;512,16;512,16;512,16;512,16;512,16;512,16;512,16;512,16;512,16;512,16;512,16;512,16;512,16;512,16;512,16;512,16;512,16;512,16;512,16;512,16;512,16;512,16;512,16;512,16;512,16;512,16;512,16;512,16;512,16;512,16;512,16;512,16;512,16;512,16;512,16;512,16;512,16;512,16;512,16;512,16;512,16;512,16;512,16;512,16;512,16;512,16;512,16;512,16;512,16;512,16;512,16;512,16;512,16;512,16;512,16;512,16;512,16;512,16;512,16;512,16;512,16;512,16;512,16;512,16;512,16;512,16;512,16;512,16;512,16;512,16;512,16;512,16;512,16;512,16;512,16;512,16;512,16;512,16;512,16;512,16;512,16;512,16;512,16;512,16;512,16""",FLOAT16;FLOAT16;FLOAT16;FLOAT16;FLOAT16;FLOAT16;FLOAT16;FLOAT16;FLOAT16;FLOAT16;FLOAT16;FLOAT16;FLOAT16;FLOAT16;FLOAT16;FLOAT16;FLOAT16;FLOAT16;FLOAT16;FLOAT16;FLOAT16;FLOAT16;FLOAT16;FLOAT16;FLOAT16;FLOAT16;FLOAT16;FLOAT16;FLOAT16;FLOAT16;FLOAT16;FLOAT16;FLOAT16;FLOAT16;FLOAT16;FLOAT16;FLOAT16;FLOAT16;FLOAT16;FLOAT16;FLOAT16;FLOAT16;FLOAT16;FLOAT16;FLOAT16;FLOAT16;FLOAT16;FLOAT16;FLOAT16;FLOAT16;FLOAT16;FLOAT16;FLOAT16;FLOAT16;FLOAT16;FLOAT16;FLOAT16;FLOAT16;FLOAT16;FLOAT16;FLOAT16;FLOAT16;FLOAT16;FLOAT16;FLOAT16;FLOAT16;FLOAT16;FLOAT16;FLOAT16;FLOAT16;FLOAT16;FLOAT16;FLOAT16;FLOAT16;FLOAT16;FLOAT16;FLOAT16;FLOAT16;FLOAT16;FLOAT16;FLOAT16;FLOAT16;FLOAT16;FLOAT16;FLOAT16;FLOAT16;FLOAT16;FLOAT16;FLOAT16;FLOAT16;FLOAT16;FLOAT16;FLOAT16;FLOAT16;FLOAT16;FLOAT16;FLOAT16;FLOAT16;FLOAT16;FLOAT16;FLOAT16;FLOAT16;FLOAT16;FLOAT16;FLOAT16;FLOAT16;FLOAT16;FLOAT16;FLOAT16;FLOAT16;FLOAT16;FLOAT16;FLOAT16;FLOAT16;FLOAT16;FLOAT16;FLOAT16;FLOAT16;FLOAT16;FLOAT16;FLOAT16;FLOAT16;FLOAT16;FLOAT16;FLOAT16;FLOAT16;FLOAT16;FLOAT16,ND;ND;ND;ND;ND;ND;ND;ND;ND;ND;ND;ND;ND;ND;ND;ND;ND;ND;ND;ND;ND;ND;ND;ND;ND;ND;ND;ND;ND;ND;ND;ND;ND;ND;ND;ND;ND;ND;ND;ND;ND;ND;ND;ND;ND;ND;ND;ND;ND;ND;ND;ND;ND;ND;ND;ND;ND;ND;ND;ND;ND;ND;ND;ND;ND;ND;ND;ND;ND;ND;ND;ND;ND;ND;ND;ND;ND;ND;ND;ND;ND;ND;ND;ND;ND;ND;ND;ND;ND;ND;ND;ND;ND;ND;ND;ND;ND;ND;ND;ND;ND;ND;ND;ND;ND;ND;ND;ND;ND;ND;ND;ND;ND;ND;ND;ND;ND;ND;ND;ND;ND;ND;ND;ND;ND;ND;ND;ND,"""512,2048""",FLOAT16,ND,N/A,0.0,0,0.0,0.0,0.0,0.0,0.0,0.0,0.0,0.0,0.0,0.0,0.0,45.926,3031142,0.017,0.0,4.363,0.095,29.265,0.637,13.357,0.291,0.0,0.000
0,4294967295,112,47,aclnnMul_MulAiCore_Mul,Mul,dynamic,AI_VECTOR_CORE,1785699090301912.355	,326.967,0.000000,40,0,NO,"""4096,4096;4096,4096""",FLOAT;FLOAT,ND;ND,"""4096,4096""",FLOAT,ND,N/A,0.0,0,0.0,0.0,0.0,0.0,0.0,0.0,0.0,0.0,0.0,0.0,0.0,325.078,21455162,6.784,0.021,2.969,0.009,323.601,0.995,109.803,0.338,0.0,0.000
0,4294967295,113,47,Concat,Concat,dynamic,AI_VECTOR_CORE,1785699090302239.342	,54.561,0.033000,40,0,NO,"""512,16;512,16;512,16;512,16;512,16;512,16;512,16;512,16;512,16;512,16;512,16;512,16;512,16;512,16;512,16;512,16;512,16;512,16;512,16;512,16;512,16;512,16;512,16;512,16;512,16;512,16;512,16;512,16;512,16;512,16;512,16;512,16;512,16;512,16;512,16;512,16;512,16;512,16;512,16;512,16;512,16;512,16;512,16;512,16;512,16;512,16;512,16;512,16;512,16;512,16;512,16;512,16;512,16;512,16;512,16;512,16;512,16;512,16;512,16;512,16;512,16;512,16;512,16;512,16;512,16;512,16;512,16;512,16;512,16;512,16;512,16;512,16;512,16;512,16;512,16;512,16;512,16;512,16;512,16;512,16;512,16;512,16;512,16;512,16;512,16;512,16;512,16;512,16;512,16;512,16;512,16;512,16;512,16;512,16;512,16;512,16;512,16;512,16;512,16;512,16;512,16;512,16;512,16;512,16;512,16;512,16;512,16;512,16;512,16;512,16;512,16;512,16;512,16;512,16;512,16;512,16;512,16;512,16;512,16;512,16;512,16;512,16;512,16;512,16;512,16;512,16;512,16;512,16""",FLOAT16;FLOAT16;FLOAT16;FLOAT16;FLOAT16;FLOAT16;FLOAT16;FLOAT16;FLOAT16;FLOAT16;FLOAT16;FLOAT16;FLOAT16;FLOAT16;FLOAT16;FLOAT16;FLOAT16;FLOAT16;FLOAT16;FLOAT16;FLOAT16;FLOAT16;FLOAT16;FLOAT16;FLOAT16;FLOAT16;FLOAT16;FLOAT16;FLOAT16;FLOAT16;FLOAT16;FLOAT16;FLOAT16;FLOAT16;FLOAT16;FLOAT16;FLOAT16;FLOAT16;FLOAT16;FLOAT16;FLOAT16;FLOAT16;FLOAT16;FLOAT16;FLOAT16;FLOAT16;FLOAT16;FLOAT16;FLOAT16;FLOAT16;FLOAT16;FLOAT16;FLOAT16;FLOAT16;FLOAT16;FLOAT16;FLOAT16;FLOAT16;FLOAT16;FLOAT16;FLOAT16;FLOAT16;FLOAT16;FLOAT16;FLOAT16;FLOAT16;FLOAT16;FLOAT16;FLOAT16;FLOAT16;FLOAT16;FLOAT16;FLOAT16;FLOAT16;FLOAT16;FLOAT16;FLOAT16;FLOAT16;FLOAT16;FLOAT16;FLOAT16;FLOAT16;FLOAT16;FLOAT16;FLOAT16;FLOAT16;FLOAT16;FLOAT16;FLOAT16;FLOAT16;FLOAT16;FLOAT16;FLOAT16;FLOAT16;FLOAT16;FLOAT16;FLOAT16;FLOAT16;FLOAT16;FLOAT16;FLOAT16;FLOAT16;FLOAT16;FLOAT16;FLOAT16;FLOAT16;FLOAT16;FLOAT16;FLOAT16;FLOAT16;FLOAT16;FLOAT16;FLOAT16;FLOAT16;FLOAT16;FLOAT16;FLOAT16;FLOAT16;FLOAT16;FLOAT16;FLOAT16;FLOAT16;FLOAT16;FLOAT16;FLOAT16;FLOAT16;FLOAT16;FLOAT16,ND;ND;ND;ND;ND;ND;ND;ND;ND;ND;ND;ND;ND;ND;ND;ND;ND;ND;ND;ND;ND;ND;ND;ND;ND;ND;ND;ND;ND;ND;ND;ND;ND;ND;ND;ND;ND;ND;ND;ND;ND;ND;ND;ND;ND;ND;ND;ND;ND;ND;ND;ND;ND;ND;ND;ND;ND;ND;ND;ND;ND;ND;ND;ND;ND;ND;ND;ND;ND;ND;ND;ND;ND;ND;ND;ND;ND;ND;ND;ND;ND;ND;ND;ND;ND;ND;ND;ND;ND;ND;ND;ND;ND;ND;ND;ND;ND;ND;ND;ND;ND;ND;ND;ND;ND;ND;ND;ND;ND;ND;ND;ND;ND;ND;ND;ND;ND;ND;ND;ND;ND;ND;ND;ND;ND;ND;ND;ND,"""512,2048""",FLOAT16,ND,N/A,0.0,0,0.0,0.0,0.0,0.0,0.0,0.0,0.0,0.0,0.0,0.0,0.0,46.536,3071383,0.017,0.0,4.327,0.093,29.163,0.627,14.028,0.301,0.0,0.000
0,4294967295,114,47,aclnnMul_MulAiCore_Mul,Mul,dynamic,AI_VECTOR_CORE,1785699090302293.923	,328.326,0.189000,40,0,NO,"""4096,4096;4096,4096""",FLOAT;FLOAT,ND;ND,"""4096,4096""",FLOAT,ND,N/A,0.0,0,0.0,0.0,0.0,0.0,0.0,0.0,0.0,0.0,0.0,0.0,0.0,325.951,21512738,6.784,0.021,3.058,0.009,324.343,0.995,107.532,0.33,0.0,0.000
0,4294967295,115,47,Concat,Concat,dynamic,AI_VECTOR_CORE,1785699090302622.289	,56.202,0.000000,40,0,NO,"""512,16;512,16;512,16;512,16;512,16;512,16;512,16;512,16;512,16;512,16;512,16;512,16;512,16;512,16;512,16;512,16;512,16;512,16;512,16;512,16;512,16;512,16;512,16;512,16;512,16;512,16;512,16;512,16;512,16;512,16;512,16;512,16;512,16;512,16;512,16;512,16;512,16;512,16;512,16;512,16;512,16;512,16;512,16;512,16;512,16;512,16;512,16;512,16;512,16;512,16;512,16;512,16;512,16;512,16;512,16;512,16;512,16;512,16;512,16;512,16;512,16;512,16;512,16;512,16;512,16;512,16;512,16;512,16;512,16;512,16;512,16;512,16;512,16;512,16;512,16;512,16;512,16;512,16;512,16;512,16;512,16;512,16;512,16;512,16;512,16;512,16;512,16;512,16;512,16;512,16;512,16;512,16;512,16;512,16;512,16;512,16;512,16;512,16;512,16;512,16;512,16;512,16;512,16;512,16;512,16;512,16;512,16;512,16;512,16;512,16;512,16;512,16;512,16;512,16;512,16;512,16;512,16;512,16;512,16;512,16;512,16;512,16;512,16;512,16;512,16;512,16;512,16;512,16""",FLOAT16;FLOAT16;FLOAT16;FLOAT16;FLOAT16;FLOAT16;FLOAT16;FLOAT16;FLOAT16;FLOAT16;FLOAT16;FLOAT16;FLOAT16;FLOAT16;FLOAT16;FLOAT16;FLOAT16;FLOAT16;FLOAT16;FLOAT16;FLOAT16;FLOAT16;FLOAT16;FLOAT16;FLOAT16;FLOAT16;FLOAT16;FLOAT16;FLOAT16;FLOAT16;FLOAT16;FLOAT16;FLOAT16;FLOAT16;FLOAT16;FLOAT16;FLOAT16;FLOAT16;FLOAT16;FLOAT16;FLOAT16;FLOAT16;FLOAT16;FLOAT16;FLOAT16;FLOAT16;FLOAT16;FLOAT16;FLOAT16;FLOAT16;FLOAT16;FLOAT16;FLOAT16;FLOAT16;FLOAT16;FLOAT16;FLOAT16;FLOAT16;FLOAT16;FLOAT16;FLOAT16;FLOAT16;FLOAT16;FLOAT16;FLOAT16;FLOAT16;FLOAT16;FLOAT16;FLOAT16;FLOAT16;FLOAT16;FLOAT16;FLOAT16;FLOAT16;FLOAT16;FLOAT16;FLOAT16;FLOAT16;FLOAT16;FLOAT16;FLOAT16;FLOAT16;FLOAT16;FLOAT16;FLOAT16;FLOAT16;FLOAT16;FLOAT16;FLOAT16;FLOAT16;FLOAT16;FLOAT16;FLOAT16;FLOAT16;FLOAT16;FLOAT16;FLOAT16;FLOAT16;FLOAT16;FLOAT16;FLOAT16;FLOAT16;FLOAT16;FLOAT16;FLOAT16;FLOAT16;FLOAT16;FLOAT16;FLOAT16;FLOAT16;FLOAT16;FLOAT16;FLOAT16;FLOAT16;FLOAT16;FLOAT16;FLOAT16;FLOAT16;FLOAT16;FLOAT16;FLOAT16;FLOAT16;FLOAT16;FLOAT16;FLOAT16;FLOAT16;FLOAT16;FLOAT16,ND;ND;ND;ND;ND;ND;ND;ND;ND;ND;ND;ND;ND;ND;ND;ND;ND;ND;ND;ND;ND;ND;ND;ND;ND;ND;ND;ND;ND;ND;ND;ND;ND;ND;ND;ND;ND;ND;ND;ND;ND;ND;ND;ND;ND;ND;ND;ND;ND;ND;ND;ND;ND;ND;ND;ND;ND;ND;ND;ND;ND;ND;ND;ND;ND;ND;ND;ND;ND;ND;ND;ND;ND;ND;ND;ND;ND;ND;ND;ND;ND;ND;ND;ND;ND;ND;ND;ND;ND;ND;ND;ND;ND;ND;ND;ND;ND;ND;ND;ND;ND;ND;ND;ND;ND;ND;ND;ND;ND;ND;ND;ND;ND;ND;ND;ND;ND;ND;ND;ND;ND;ND;ND;ND;ND;ND;ND;ND,"""512,2048""",FLOAT16,ND,N/A,0.0,0,0.0,0.0,0.0,0.0,0.0,0.0,0.0,0.0,0.0,0.0,0.0,47.916,3162423,0.017,0.0,4.02,0.084,29.973,0.626,14.493,0.302,0.0,0.000
0,4294967295,116,47,aclnnMul_MulAiCore_Mul,Mul,dynamic,AI_VECTOR_CORE,1785699090302678.531	,327.686,0.048000,40,0,NO,"""4096,4096;4096,4096""",FLOAT;FLOAT,ND;ND,"""4096,4096""",FLOAT,ND,N/A,0.0,0,0.0,0.0,0.0,0.0,0.0,0.0,0.0,0.0,0.0,0.0,0.0,325.673,21494385,6.784,0.021,3.0,0.009,324.134,0.995,109.101,0.335,0.0,0.000
0,4294967295,117,47,Concat,Concat,dynamic,AI_VECTOR_CORE,1785699090303006.237	,54.421,0.064000,40,0,NO,"""512,16;512,16;512,16;512,16;512,16;512,16;512,16;512,16;512,16;512,16;512,16;512,16;512,16;512,16;512,16;512,16;512,16;512,16;512,16;512,16;512,16;512,16;512,16;512,16;512,16;512,16;512,16;512,16;512,16;512,16;512,16;512,16;512,16;512,16;512,16;512,16;512,16;512,16;512,16;512,16;512,16;512,16;512,16;512,16;512,16;512,16;512,16;512,16;512,16;512,16;512,16;512,16;512,16;512,16;512,16;512,16;512,16;512,16;512,16;512,16;512,16;512,16;512,16;512,16;512,16;512,16;512,16;512,16;512,16;512,16;512,16;512,16;512,16;512,16;512,16;512,16;512,16;512,16;512,16;512,16;512,16;512,16;512,16;512,16;512,16;512,16;512,16;512,16;512,16;512,16;512,16;512,16;512,16;512,16;512,16;512,16;512,16;512,16;512,16;512,16;512,16;512,16;512,16;512,16;512,16;512,16;512,16;512,16;512,16;512,16;512,16;512,16;512,16;512,16;512,16;512,16;512,16;512,16;512,16;512,16;512,16;512,16;512,16;512,16;512,16;512,16;512,16;512,16""",FLOAT16;FLOAT16;FLOAT16;FLOAT16;FLOAT16;FLOAT16;FLOAT16;FLOAT16;FLOAT16;FLOAT16;FLOAT16;FLOAT16;FLOAT16;FLOAT16;FLOAT16;FLOAT16;FLOAT16;FLOAT16;FLOAT16;FLOAT16;FLOAT16;FLOAT16;FLOAT16;FLOAT16;FLOAT16;FLOAT16;FLOAT16;FLOAT16;FLOAT16;FLOAT16;FLOAT16;FLOAT16;FLOAT16;FLOAT16;FLOAT16;FLOAT16;FLOAT16;FLOAT16;FLOAT16;FLOAT16;FLOAT16;FLOAT16;FLOAT16;FLOAT16;FLOAT16;FLOAT16;FLOAT16;FLOAT16;FLOAT16;FLOAT16;FLOAT16;FLOAT16;FLOAT16;FLOAT16;FLOAT16;FLOAT16;FLOAT16;FLOAT16;FLOAT16;FLOAT16;FLOAT16;FLOAT16;FLOAT16;FLOAT16;FLOAT16;FLOAT16;FLOAT16;FLOAT16;FLOAT16;FLOAT16;FLOAT16;FLOAT16;FLOAT16;FLOAT16;FLOAT16;FLOAT16;FLOAT16;FLOAT16;FLOAT16;FLOAT16;FLOAT16;FLOAT16;FLOAT16;FLOAT16;FLOAT16;FLOAT16;FLOAT16;FLOAT16;FLOAT16;FLOAT16;FLOAT16;FLOAT16;FLOAT16;FLOAT16;FLOAT16;FLOAT16;FLOAT16;FLOAT16;FLOAT16;FLOAT16;FLOAT16;FLOAT16;FLOAT16;FLOAT16;FLOAT16;FLOAT16;FLOAT16;FLOAT16;FLOAT16;FLOAT16;FLOAT16;FLOAT16;FLOAT16;FLOAT16;FLOAT16;FLOAT16;FLOAT16;FLOAT16;FLOAT16;FLOAT16;FLOAT16;FLOAT16;FLOAT16;FLOAT16;FLOAT16;FLOAT16;FLOAT16;FLOAT16,ND;ND;ND;ND;ND;ND;ND;ND;ND;ND;ND;ND;ND;ND;ND;ND;ND;ND;ND;ND;ND;ND;ND;ND;ND;ND;ND;ND;ND;ND;ND;ND;ND;ND;ND;ND;ND;ND;ND;ND;ND;ND;ND;ND;ND;ND;ND;ND;ND;ND;ND;ND;ND;ND;ND;ND;ND;ND;ND;ND;ND;ND;ND;ND;ND;ND;ND;ND;ND;ND;ND;ND;ND;ND;ND;ND;ND;ND;ND;ND;ND;ND;ND;ND;ND;ND;ND;ND;ND;ND;ND;ND;ND;ND;ND;ND;ND;ND;ND;ND;ND;ND;ND;ND;ND;ND;ND;ND;ND;ND;ND;ND;ND;ND;ND;ND;ND;ND;ND;ND;ND;ND;ND;ND;ND;ND;ND;ND,"""512,2048""",FLOAT16,ND,N/A,0.0,0,0.0,0.0,0.0,0.0,0.0,0.0,0.0,0.0,0.0,0.0,0.0,46.842,3091584,0.017,0.0,4.051,0.086,28.793,0.615,14.674,0.313,0.0,0.000
0,4294967295,118,47,aclnnMul_MulAiCore_Mul,Mul,dynamic,AI_VECTOR_CORE,1785699090303060.678	,327.807,0.079000,40,0,NO,"""4096,4096;4096,4096""",FLOAT;FLOAT,ND;ND,"""4096,4096""",FLOAT,ND,N/A,0.0,0,0.0,0.0,0.0,0.0,0.0,0.0,0.0,0.0,0.0,0.0,0.0,325.79,21502122,6.784,0.021,3.106,0.01,324.112,0.995,109.008,0.335,0.0,0.000
0,4294967295,119,47,Concat,Concat,dynamic,AI_VECTOR_CORE,1785699090303388.505	,55.101,0.000000,40,0,NO,"""512,16;512,16;512,16;512,16;512,16;512,16;512,16;512,16;512,16;512,16;512,16;512,16;512,16;512,16;512,16;512,16;512,16;512,16;512,16;512,16;512,16;512,16;512,16;512,16;512,16;512,16;512,16;512,16;512,16;512,16;512,16;512,16;512,16;512,16;512,16;512,16;512,16;512,16;512,16;512,16;512,16;512,16;512,16;512,16;512,16;512,16;512,16;512,16;512,16;512,16;512,16;512,16;512,16;512,16;512,16;512,16;512,16;512,16;512,16;512,16;512,16;512,16;512,16;512,16;512,16;512,16;512,16;512,16;512,16;512,16;512,16;512,16;512,16;512,16;512,16;512,16;512,16;512,16;512,16;512,16;512,16;512,16;512,16;512,16;512,16;512,16;512,16;512,16;512,16;512,16;512,16;512,16;512,16;512,16;512,16;512,16;512,16;512,16;512,16;512,16;512,16;512,16;512,16;512,16;512,16;512,16;512,16;512,16;512,16;512,16;512,16;512,16;512,16;512,16;512,16;512,16;512,16;512,16;512,16;512,16;512,16;512,16;512,16;512,16;512,16;512,16;512,16;512,16""",FLOAT16;FLOAT16;FLOAT16;FLOAT16;FLOAT16;FLOAT16;FLOAT16;FLOAT16;FLOAT16;FLOAT16;FLOAT16;FLOAT16;FLOAT16;FLOAT16;FLOAT16;FLOAT16;FLOAT16;FLOAT16;FLOAT16;FLOAT16;FLOAT16;FLOAT16;FLOAT16;FLOAT16;FLOAT16;FLOAT16;FLOAT16;FLOAT16;FLOAT16;FLOAT16;FLOAT16;FLOAT16;FLOAT16;FLOAT16;FLOAT16;FLOAT16;FLOAT16;FLOAT16;FLOAT16;FLOAT16;FLOAT16;FLOAT16;FLOAT16;FLOAT16;FLOAT16;FLOAT16;FLOAT16;FLOAT16;FLOAT16;FLOAT16;FLOAT16;FLOAT16;FLOAT16;FLOAT16;FLOAT16;FLOAT16;FLOAT16;FLOAT16;FLOAT16;FLOAT16;FLOAT16;FLOAT16;FLOAT16;FLOAT16;FLOAT16;FLOAT16;FLOAT16;FLOAT16;FLOAT16;FLOAT16;FLOAT16;FLOAT16;FLOAT16;FLOAT16;FLOAT16;FLOAT16;FLOAT16;FLOAT16;FLOAT16;FLOAT16;FLOAT16;FLOAT16;FLOAT16;FLOAT16;FLOAT16;FLOAT16;FLOAT16;FLOAT16;FLOAT16;FLOAT16;FLOAT16;FLOAT16;FLOAT16;FLOAT16;FLOAT16;FLOAT16;FLOAT16;FLOAT16;FLOAT16;FLOAT16;FLOAT16;FLOAT16;FLOAT16;FLOAT16;FLOAT16;FLOAT16;FLOAT16;FLOAT16;FLOAT16;FLOAT16;FLOAT16;FLOAT16;FLOAT16;FLOAT16;FLOAT16;FLOAT16;FLOAT16;FLOAT16;FLOAT16;FLOAT16;FLOAT16;FLOAT16;FLOAT16;FLOAT16;FLOAT16;FLOAT16;FLOAT16;FLOAT16,ND;ND;ND;ND;ND;ND;ND;ND;ND;ND;ND;ND;ND;ND;ND;ND;ND;ND;ND;ND;ND;ND;ND;ND;ND;ND;ND;ND;ND;ND;ND;ND;ND;ND;ND;ND;ND;ND;ND;ND;ND;ND;ND;ND;ND;ND;ND;ND;ND;ND;ND;ND;ND;ND;ND;ND;ND;ND;ND;ND;ND;ND;ND;ND;ND;ND;ND;ND;ND;ND;ND;ND;ND;ND;ND;ND;ND;ND;ND;ND;ND;ND;ND;ND;ND;ND;ND;ND;ND;ND;ND;ND;ND;ND;ND;ND;ND;ND;ND;ND;ND;ND;ND;ND;ND;ND;ND;ND;ND;ND;ND;ND;ND;ND;ND;ND;ND;ND;ND;ND;ND;ND;ND;ND;ND;ND;ND;ND,"""512,2048""",FLOAT16,ND,N/A,0.0,0,0.0,0.0,0.0,0.0,0.0,0.0,0.0,0.0,0.0,0.0,0.0,46.913,3096257,0.017,0.0,4.811,0.103,29.425,0.627,14.128,0.301,0.0,0.000
0,4294967295,120,47,aclnnMul_MulAiCore_Mul,Mul,dynamic,AI_VECTOR_CORE,1785699090303443.626	,328.206,0.149000,40,0,NO,"""4096,4096;4096,4096""",FLOAT;FLOAT,ND;ND,"""4096,4096""",FLOAT,ND,N/A,0.0,0,0.0,0.0,0.0,0.0,0.0,0.0,0.0,0.0,0.0,0.0,0.0,326.225,21530821,6.784,0.021,2.957,0.009,324.712,0.995,109.388,0.335,0.0,0.000
0,4294967295,121,47,Concat,Concat,dynamic,AI_VECTOR_CORE,1785699090303771.852	,57.322,0.000000,40,0,NO,"""512,16;512,16;512,16;512,16;512,16;512,16;512,16;512,16;512,16;512,16;512,16;512,16;512,16;512,16;512,16;512,16;512,16;512,16;512,16;512,16;512,16;512,16;512,16;512,16;512,16;512,16;512,16;512,16;512,16;512,16;512,16;512,16;512,16;512,16;512,16;512,16;512,16;512,16;512,16;512,16;512,16;512,16;512,16;512,16;512,16;512,16;512,16;512,16;512,16;512,16;512,16;512,16;512,16;512,16;512,16;512,16;512,16;512,16;512,16;512,16;512,16;512,16;512,16;512,16;512,16;512,16;512,16;512,16;512,16;512,16;512,16;512,16;512,16;512,16;512,16;512,16;512,16;512,16;512,16;512,16;512,16;512,16;512,16;512,16;512,16;512,16;512,16;512,16;512,16;512,16;512,16;512,16;512,16;512,16;512,16;512,16;512,16;512,16;512,16;512,16;512,16;512,16;512,16;512,16;512,16;512,16;512,16;512,16;512,16;512,16;512,16;512,16;512,16;512,16;512,16;512,16;512,16;512,16;512,16;512,16;512,16;512,16;512,16;512,16;512,16;512,16;512,16;512,16""",FLOAT16;FLOAT16;FLOAT16;FLOAT16;FLOAT16;FLOAT16;FLOAT16;FLOAT16;FLOAT16;FLOAT16;FLOAT16;FLOAT16;FLOAT16;FLOAT16;FLOAT16;FLOAT16;FLOAT16;FLOAT16;FLOAT16;FLOAT16;FLOAT16;FLOAT16;FLOAT16;FLOAT16;FLOAT16;FLOAT16;FLOAT16;FLOAT16;FLOAT16;FLOAT16;FLOAT16;FLOAT16;FLOAT16;FLOAT16;FLOAT16;FLOAT16;FLOAT16;FLOAT16;FLOAT16;FLOAT16;FLOAT16;FLOAT16;FLOAT16;FLOAT16;FLOAT16;FLOAT16;FLOAT16;FLOAT16;FLOAT16;FLOAT16;FLOAT16;FLOAT16;FLOAT16;FLOAT16;FLOAT16;FLOAT16;FLOAT16;FLOAT16;FLOAT16;FLOAT16;FLOAT16;FLOAT16;FLOAT16;FLOAT16;FLOAT16;FLOAT16;FLOAT16;FLOAT16;FLOAT16;FLOAT16;FLOAT16;FLOAT16;FLOAT16;FLOAT16;FLOAT16;FLOAT16;FLOAT16;FLOAT16;FLOAT16;FLOAT16;FLOAT16;FLOAT16;FLOAT16;FLOAT16;FLOAT16;FLOAT16;FLOAT16;FLOAT16;FLOAT16;FLOAT16;FLOAT16;FLOAT16;FLOAT16;FLOAT16;FLOAT16;FLOAT16;FLOAT16;FLOAT16;FLOAT16;FLOAT16;FLOAT16;FLOAT16;FLOAT16;FLOAT16;FLOAT16;FLOAT16;FLOAT16;FLOAT16;FLOAT16;FLOAT16;FLOAT16;FLOAT16;FLOAT16;FLOAT16;FLOAT16;FLOAT16;FLOAT16;FLOAT16;FLOAT16;FLOAT16;FLOAT16;FLOAT16;FLOAT16;FLOAT16;FLOAT16;FLOAT16;FLOAT16;FLOAT16,ND;ND;ND;ND;ND;ND;ND;ND;ND;ND;ND;ND;ND;ND;ND;ND;ND;ND;ND;ND;ND;ND;ND;ND;ND;ND;ND;ND;ND;ND;ND;ND;ND;ND;ND;ND;ND;ND;ND;ND;ND;ND;ND;ND;ND;ND;ND;ND;ND;ND;ND;ND;ND;ND;ND;ND;ND;ND;ND;ND;ND;ND;ND;ND;ND;ND;ND;ND;ND;ND;ND;ND;ND;ND;ND;ND;ND;ND;ND;ND;ND;ND;ND;ND;ND;ND;ND;ND;ND;ND;ND;ND;ND;ND;ND;ND;ND;ND;ND;ND;ND;ND;ND;ND;ND;ND;ND;ND;ND;ND;ND;ND;ND;ND;ND;ND;ND;ND;ND;ND;ND;ND;ND;ND;ND;ND;ND;ND,"""512,2048""",FLOAT16,ND,N/A,0.0,0,0.0,0.0,0.0,0.0,0.0,0.0,0.0,0.0,0.0,0.0,0.0,47.633,3143779,0.017,0.0,4.441,0.093,29.37,0.617,14.776,0.31,0.0,0.000
0,4294967295,122,47,aclnnMul_MulAiCore_Mul,Mul,dynamic,AI_VECTOR_CORE,1785699090303829.194	,327.066,0.178000,40,0,NO,"""4096,4096;4096,4096""",FLOAT;FLOAT,ND;ND,"""4096,4096""",FLOAT,ND,N/A,0.0,0,0.0,0.0,0.0,0.0,0.0,0.0,0.0,0.0,0.0,0.0,0.0,324.81,21437452,6.784,0.021,3.009,0.009,323.246,0.995,110.236,0.339,0.0,0.000
0,4294967295,123,47,Concat,Concat,dynamic,AI_VECTOR_CORE,1785699090304156.280	,58.201,0.000000,40,0,NO,"""512,16;512,16;512,16;512,16;512,16;512,16;512,16;512,16;512,16;512,16;512,16;512,16;512,16;512,16;512,16;512,16;512,16;512,16;512,16;512,16;512,16;512,16;512,16;512,16;512,16;512,16;512,16;512,16;512,16;512,16;512,16;512,16;512,16;512,16;512,16;512,16;512,16;512,16;512,16;512,16;512,16;512,16;512,16;512,16;512,16;512,16;512,16;512,16;512,16;512,16;512,16;512,16;512,16;512,16;512,16;512,16;512,16;512,16;512,16;512,16;512,16;512,16;512,16;512,16;512,16;512,16;512,16;512,16;512,16;512,16;512,16;512,16;512,16;512,16;512,16;512,16;512,16;512,16;512,16;512,16;512,16;512,16;512,16;512,16;512,16;512,16;512,16;512,16;512,16;512,16;512,16;512,16;512,16;512,16;512,16;512,16;512,16;512,16;512,16;512,16;512,16;512,16;512,16;512,16;512,16;512,16;512,16;512,16;512,16;512,16;512,16;512,16;512,16;512,16;512,16;512,16;512,16;512,16;512,16;512,16;512,16;512,16;512,16;512,16;512,16;512,16;512,16;512,16""",FLOAT16;FLOAT16;FLOAT16;FLOAT16;FLOAT16;FLOAT16;FLOAT16;FLOAT16;FLOAT16;FLOAT16;FLOAT16;FLOAT16;FLOAT16;FLOAT16;FLOAT16;FLOAT16;FLOAT16;FLOAT16;FLOAT16;FLOAT16;FLOAT16;FLOAT16;FLOAT16;FLOAT16;FLOAT16;FLOAT16;FLOAT16;FLOAT16;FLOAT16;FLOAT16;FLOAT16;FLOAT16;FLOAT16;FLOAT16;FLOAT16;FLOAT16;FLOAT16;FLOAT16;FLOAT16;FLOAT16;FLOAT16;FLOAT16;FLOAT16;FLOAT16;FLOAT16;FLOAT16;FLOAT16;FLOAT16;FLOAT16;FLOAT16;FLOAT16;FLOAT16;FLOAT16;FLOAT16;FLOAT16;FLOAT16;FLOAT16;FLOAT16;FLOAT16;FLOAT16;FLOAT16;FLOAT16;FLOAT16;FLOAT16;FLOAT16;FLOAT16;FLOAT16;FLOAT16;FLOAT16;FLOAT16;FLOAT16;FLOAT16;FLOAT16;FLOAT16;FLOAT16;FLOAT16;FLOAT16;FLOAT16;FLOAT16;FLOAT16;FLOAT16;FLOAT16;FLOAT16;FLOAT16;FLOAT16;FLOAT16;FLOAT16;FLOAT16;FLOAT16;FLOAT16;FLOAT16;FLOAT16;FLOAT16;FLOAT16;FLOAT16;FLOAT16;FLOAT16;FLOAT16;FLOAT16;FLOAT16;FLOAT16;FLOAT16;FLOAT16;FLOAT16;FLOAT16;FLOAT16;FLOAT16;FLOAT16;FLOAT16;FLOAT16;FLOAT16;FLOAT16;FLOAT16;FLOAT16;FLOAT16;FLOAT16;FLOAT16;FLOAT16;FLOAT16;FLOAT16;FLOAT16;FLOAT16;FLOAT16;FLOAT16;FLOAT16;FLOAT16;FLOAT16;FLOAT16,ND;ND;ND;ND;ND;ND;ND;ND;ND;ND;ND;ND;ND;ND;ND;ND;ND;ND;ND;ND;ND;ND;ND;ND;ND;ND;ND;ND;ND;ND;ND;ND;ND;ND;ND;ND;ND;ND;ND;ND;ND;ND;ND;ND;ND;ND;ND;ND;ND;ND;ND;ND;ND;ND;ND;ND;ND;ND;ND;ND;ND;ND;ND;ND;ND;ND;ND;ND;ND;ND;ND;ND;ND;ND;ND;ND;ND;ND;ND;ND;ND;ND;ND;ND;ND;ND;ND;ND;ND;ND;ND;ND;ND;ND;ND;ND;ND;ND;ND;ND;ND;ND;ND;ND;ND;ND;ND;ND;ND;ND;ND;ND;ND;ND;ND;ND;ND;ND;ND;ND;ND;ND;ND;ND;ND;ND;ND;ND,"""512,2048""",FLOAT16,ND,N/A,0.0,0,0.0,0.0,0.0,0.0,0.0,0.0,0.0,0.0,0.0,0.0,0.0,49.209,3247796,0.017,0.0,5.125,0.104,31.385,0.638,13.981,0.284,0.0,0.000
0,4294967295,124,47,aclnnMul_MulAiCore_Mul,Mul,dynamic,AI_VECTOR_CORE,1785699090304214.521	,328.067,0.049000,40,0,NO,"""4096,4096;4096,4096""",FLOAT;FLOAT,ND;ND,"""4096,4096""",FLOAT,ND,N/A,0.0,0,0.0,0.0,0.0,0.0,0.0,0.0,0.0,0.0,0.0,0.0,0.0,325.503,21483211,6.784,0.021,2.933,0.009,324.014,0.995,108.966,0.335,0.0,0.000
0,4294967295,125,47,Concat,Concat,dynamic,AI_VECTOR_CORE,1785699090304542.608	,55.961,0.000000,40,0,NO,"""512,16;512,16;512,16;512,16;512,16;512,16;512,16;512,16;512,16;512,16;512,16;512,16;512,16;512,16;512,16;512,16;512,16;512,16;512,16;512,16;512,16;512,16;512,16;512,16;512,16;512,16;512,16;512,16;512,16;512,16;512,16;512,16;512,16;512,16;512,16;512,16;512,16;512,16;512,16;512,16;512,16;512,16;512,16;512,16;512,16;512,16;512,16;512,16;512,16;512,16;512,16;512,16;512,16;512,16;512,16;512,16;512,16;512,16;512,16;512,16;512,16;512,16;512,16;512,16;512,16;512,16;512,16;512,16;512,16;512,16;512,16;512,16;512,16;512,16;512,16;512,16;512,16;512,16;512,16;512,16;512,16;512,16;512,16;512,16;512,16;512,16;512,16;512,16;512,16;512,16;512,16;512,16;512,16;512,16;512,16;512,16;512,16;512,16;512,16;512,16;512,16;512,16;512,16;512,16;512,16;512,16;512,16;512,16;512,16;512,16;512,16;512,16;512,16;512,16;512,16;512,16;512,16;512,16;512,16;512,16;512,16;512,16;512,16;512,16;512,16;512,16;512,16;512,16""",FLOAT16;FLOAT16;FLOAT16;FLOAT16;FLOAT16;FLOAT16;FLOAT16;FLOAT16;FLOAT16;FLOAT16;FLOAT16;FLOAT16;FLOAT16;FLOAT16;FLOAT16;FLOAT16;FLOAT16;FLOAT16;FLOAT16;FLOAT16;FLOAT16;FLOAT16;FLOAT16;FLOAT16;FLOAT16;FLOAT16;FLOAT16;FLOAT16;FLOAT16;FLOAT16;FLOAT16;FLOAT16;FLOAT16;FLOAT16;FLOAT16;FLOAT16;FLOAT16;FLOAT16;FLOAT16;FLOAT16;FLOAT16;FLOAT16;FLOAT16;FLOAT16;FLOAT16;FLOAT16;FLOAT16;FLOAT16;FLOAT16;FLOAT16;FLOAT16;FLOAT16;FLOAT16;FLOAT16;FLOAT16;FLOAT16;FLOAT16;FLOAT16;FLOAT16;FLOAT16;FLOAT16;FLOAT16;FLOAT16;FLOAT16;FLOAT16;FLOAT16;FLOAT16;FLOAT16;FLOAT16;FLOAT16;FLOAT16;FLOAT16;FLOAT16;FLOAT16;FLOAT16;FLOAT16;FLOAT16;FLOAT16;FLOAT16;FLOAT16;FLOAT16;FLOAT16;FLOAT16;FLOAT16;FLOAT16;FLOAT16;FLOAT16;FLOAT16;FLOAT16;FLOAT16;FLOAT16;FLOAT16;FLOAT16;FLOAT16;FLOAT16;FLOAT16;FLOAT16;FLOAT16;FLOAT16;FLOAT16;FLOAT16;FLOAT16;FLOAT16;FLOAT16;FLOAT16;FLOAT16;FLOAT16;FLOAT16;FLOAT16;FLOAT16;FLOAT16;FLOAT16;FLOAT16;FLOAT16;FLOAT16;FLOAT16;FLOAT16;FLOAT16;FLOAT16;FLOAT16;FLOAT16;FLOAT16;FLOAT16;FLOAT16;FLOAT16;FLOAT16;FLOAT16;FLOAT16,ND;ND;ND;ND;ND;ND;ND;ND;ND;ND;ND;ND;ND;ND;ND;ND;ND;ND;ND;ND;ND;ND;ND;ND;ND;ND;ND;ND;ND;ND;ND;ND;ND;ND;ND;ND;ND;ND;ND;ND;ND;ND;ND;ND;ND;ND;ND;ND;ND;ND;ND;ND;ND;ND;ND;ND;ND;ND;ND;ND;ND;ND;ND;ND;ND;ND;ND;ND;ND;ND;ND;ND;ND;ND;ND;ND;ND;ND;ND;ND;ND;ND;ND;ND;ND;ND;ND;ND;ND;ND;ND;ND;ND;ND;ND;ND;ND;ND;ND;ND;ND;ND;ND;ND;ND;ND;ND;ND;ND;ND;ND;ND;ND;ND;ND;ND;ND;ND;ND;ND;ND;ND;ND;ND;ND;ND;ND;ND,"""512,2048""",FLOAT16,ND,N/A,0.0,0,0.0,0.0,0.0,0.0,0.0,0.0,0.0,0.0,0.0,0.0,0.0,47.234,3117411,0.017,0.0,4.337,0.092,30.983,0.656,12.909,0.273,0.0,0.000
0,4294967295,126,47,aclnnMul_MulAiCore_Mul,Mul,dynamic,AI_VECTOR_CORE,1785699090304598.589	,327.986,0.039000,40,0,NO,"""4096,4096;4096,4096""",FLOAT;FLOAT,ND;ND,"""4096,4096""",FLOAT,ND,N/A,0.0,0,0.0,0.0,0.0,0.0,0.0,0.0,0.0,0.0,0.0,0.0,0.0,325.334,21472062,6.784,0.021,3.02,0.009,323.794,0.995,109.785,0.337,0.0,0.000
0,4294967295,127,47,Concat,Concat,dynamic,AI_VECTOR_CORE,1785699090304926.595	,54.882,0.014000,40,0,NO,"""512,16;512,16;512,16;512,16;512,16;512,16;512,16;512,16;512,16;512,16;512,16;512,16;512,16;512,16;512,16;512,16;512,16;512,16;512,16;512,16;512,16;512,16;512,16;512,16;512,16;512,16;512,16;512,16;512,16;512,16;512,16;512,16;512,16;512,16;512,16;512,16;512,16;512,16;512,16;512,16;512,16;512,16;512,16;512,16;512,16;512,16;512,16;512,16;512,16;512,16;512,16;512,16;512,16;512,16;512,16;512,16;512,16;512,16;512,16;512,16;512,16;512,16;512,16;512,16;512,16;512,16;512,16;512,16;512,16;512,16;512,16;512,16;512,16;512,16;512,16;512,16;512,16;512,16;512,16;512,16;512,16;512,16;512,16;512,16;512,16;512,16;512,16;512,16;512,16;512,16;512,16;512,16;512,16;512,16;512,16;512,16;512,16;512,16;512,16;512,16;512,16;512,16;512,16;512,16;512,16;512,16;512,16;512,16;512,16;512,16;512,16;512,16;512,16;512,16;512,16;512,16;512,16;512,16;512,16;512,16;512,16;512,16;512,16;512,16;512,16;512,16;512,16;512,16""",FLOAT16;FLOAT16;FLOAT16;FLOAT16;FLOAT16;FLOAT16;FLOAT16;FLOAT16;FLOAT16;FLOAT16;FLOAT16;FLOAT16;FLOAT16;FLOAT16;FLOAT16;FLOAT16;FLOAT16;FLOAT16;FLOAT16;FLOAT16;FLOAT16;FLOAT16;FLOAT16;FLOAT16;FLOAT16;FLOAT16;FLOAT16;FLOAT16;FLOAT16;FLOAT16;FLOAT16;FLOAT16;FLOAT16;FLOAT16;FLOAT16;FLOAT16;FLOAT16;FLOAT16;FLOAT16;FLOAT16;FLOAT16;FLOAT16;FLOAT16;FLOAT16;FLOAT16;FLOAT16;FLOAT16;FLOAT16;FLOAT16;FLOAT16;FLOAT16;FLOAT16;FLOAT16;FLOAT16;FLOAT16;FLOAT16;FLOAT16;FLOAT16;FLOAT16;FLOAT16;FLOAT16;FLOAT16;FLOAT16;FLOAT16;FLOAT16;FLOAT16;FLOAT16;FLOAT16;FLOAT16;FLOAT16;FLOAT16;FLOAT16;FLOAT16;FLOAT16;FLOAT16;FLOAT16;FLOAT16;FLOAT16;FLOAT16;FLOAT16;FLOAT16;FLOAT16;FLOAT16;FLOAT16;FLOAT16;FLOAT16;FLOAT16;FLOAT16;FLOAT16;FLOAT16;FLOAT16;FLOAT16;FLOAT16;FLOAT16;FLOAT16;FLOAT16;FLOAT16;FLOAT16;FLOAT16;FLOAT16;FLOAT16;FLOAT16;FLOAT16;FLOAT16;FLOAT16;FLOAT16;FLOAT16;FLOAT16;FLOAT16;FLOAT16;FLOAT16;FLOAT16;FLOAT16;FLOAT16;FLOAT16;FLOAT16;FLOAT16;FLOAT16;FLOAT16;FLOAT16;FLOAT16;FLOAT16;FLOAT16;FLOAT16;FLOAT16;FLOAT16;FLOAT16;FLOAT16,ND;ND;ND;ND;ND;ND;ND;ND;ND;ND;ND;ND;ND;ND;ND;ND;ND;ND;ND;ND;ND;ND;ND;ND;ND;ND;ND;ND;ND;ND;ND;ND;ND;ND;ND;ND;ND;ND;ND;ND;ND;ND;ND;ND;ND;ND;ND;ND;ND;ND;ND;ND;ND;ND;ND;ND;ND;ND;ND;ND;ND;ND;ND;ND;ND;ND;ND;ND;ND;ND;ND;ND;ND;ND;ND;ND;ND;ND;ND;ND;ND;ND;ND;ND;ND;ND;ND;ND;ND;ND;ND;ND;ND;ND;ND;ND;ND;ND;ND;ND;ND;ND;ND;ND;ND;ND;ND;ND;ND;ND;ND;ND;ND;ND;ND;ND;ND;ND;ND;ND;ND;ND;ND;ND;ND;ND;ND;ND,"""512,2048""",FLOAT16,ND,N/A,0.0,0,0.0,0.0,0.0,0.0,0.0,0.0,0.0,0.0,0.0,0.0,0.0,46.512,3069821,0.017,0.0,3.96,0.085,30.249,0.65,13.062,0.281,0.0,0.000
0,4294967295,128,47,aclnnMul_MulAiCore_Mul,Mul,dynamic,AI_VECTOR_CORE,1785699090304981.497	,328.786,0.118000,40,0,NO,"""4096,4096;4096,4096""",FLOAT;FLOAT,ND;ND,"""4096,4096""",FLOAT,ND,N/A,0.0,0,0.0,0.0,0.0,0.0,0.0,0.0,0.0,0.0,0.0,0.0,0.0,325.731,21498213,6.784,0.021,2.896,0.009,324.275,0.996,108.546,0.333,0.0,0.000
0,4294967295,129,47,Concat,Concat,dynamic,AI_VECTOR_CORE,1785699090305310.303	,56.861,0.000000,40,0,NO,"""512,16;512,16;512,16;512,16;512,16;512,16;512,16;512,16;512,16;512,16;512,16;512,16;512,16;512,16;512,16;512,16;512,16;512,16;512,16;512,16;512,16;512,16;512,16;512,16;512,16;512,16;512,16;512,16;512,16;512,16;512,16;512,16;512,16;512,16;512,16;512,16;512,16;512,16;512,16;512,16;512,16;512,16;512,16;512,16;512,16;512,16;512,16;512,16;512,16;512,16;512,16;512,16;512,16;512,16;512,16;512,16;512,16;512,16;512,16;512,16;512,16;512,16;512,16;512,16;512,16;512,16;512,16;512,16;512,16;512,16;512,16;512,16;512,16;512,16;512,16;512,16;512,16;512,16;512,16;512,16;512,16;512,16;512,16;512,16;512,16;512,16;512,16;512,16;512,16;512,16;512,16;512,16;512,16;512,16;512,16;512,16;512,16;512,16;512,16;512,16;512,16;512,16;512,16;512,16;512,16;512,16;512,16;512,16;512,16;512,16;512,16;512,16;512,16;512,16;512,16;512,16;512,16;512,16;512,16;512,16;512,16;512,16;512,16;512,16;512,16;512,16;512,16;512,16""",FLOAT16;FLOAT16;FLOAT16;FLOAT16;FLOAT16;FLOAT16;FLOAT16;FLOAT16;FLOAT16;FLOAT16;FLOAT16;FLOAT16;FLOAT16;FLOAT16;FLOAT16;FLOAT16;FLOAT16;FLOAT16;FLOAT16;FLOAT16;FLOAT16;FLOAT16;FLOAT16;FLOAT16;FLOAT16;FLOAT16;FLOAT16;FLOAT16;FLOAT16;FLOAT16;FLOAT16;FLOAT16;FLOAT16;FLOAT16;FLOAT16;FLOAT16;FLOAT16;FLOAT16;FLOAT16;FLOAT16;FLOAT16;FLOAT16;FLOAT16;FLOAT16;FLOAT16;FLOAT16;FLOAT16;FLOAT16;FLOAT16;FLOAT16;FLOAT16;FLOAT16;FLOAT16;FLOAT16;FLOAT16;FLOAT16;FLOAT16;FLOAT16;FLOAT16;FLOAT16;FLOAT16;FLOAT16;FLOAT16;FLOAT16;FLOAT16;FLOAT16;FLOAT16;FLOAT16;FLOAT16;FLOAT16;FLOAT16;FLOAT16;FLOAT16;FLOAT16;FLOAT16;FLOAT16;FLOAT16;FLOAT16;FLOAT16;FLOAT16;FLOAT16;FLOAT16;FLOAT16;FLOAT16;FLOAT16;FLOAT16;FLOAT16;FLOAT16;FLOAT16;FLOAT16;FLOAT16;FLOAT16;FLOAT16;FLOAT16;FLOAT16;FLOAT16;FLOAT16;FLOAT16;FLOAT16;FLOAT16;FLOAT16;FLOAT16;FLOAT16;FLOAT16;FLOAT16;FLOAT16;FLOAT16;FLOAT16;FLOAT16;FLOAT16;FLOAT16;FLOAT16;FLOAT16;FLOAT16;FLOAT16;FLOAT16;FLOAT16;FLOAT16;FLOAT16;FLOAT16;FLOAT16;FLOAT16;FLOAT16;FLOAT16;FLOAT16;FLOAT16;FLOAT16;FLOAT16,ND;ND;ND;ND;ND;ND;ND;ND;ND;ND;ND;ND;ND;ND;ND;ND;ND;ND;ND;ND;ND;ND;ND;ND;ND;ND;ND;ND;ND;ND;ND;ND;ND;ND;ND;ND;ND;ND;ND;ND;ND;ND;ND;ND;ND;ND;ND;ND;ND;ND;ND;ND;ND;ND;ND;ND;ND;ND;ND;ND;ND;ND;ND;ND;ND;ND;ND;ND;ND;ND;ND;ND;ND;ND;ND;ND;ND;ND;ND;ND;ND;ND;ND;ND;ND;ND;ND;ND;ND;ND;ND;ND;ND;ND;ND;ND;ND;ND;ND;ND;ND;ND;ND;ND;ND;ND;ND;ND;ND;ND;ND;ND;ND;ND;ND;ND;ND;ND;ND;ND;ND;ND;ND;ND;ND;ND;ND;ND,"""512,2048""",FLOAT16,ND,N/A,0.0,0,0.0,0.0,0.0,0.0,0.0,0.0,0.0,0.0,0.0,0.0,0.0,48.705,3214538,0.017,0.0,4.366,0.09,30.225,0.621,14.977,0.308,0.0,0.000
0,4294967295,130,47,aclnnMul_MulAiCore_Mul,Mul,dynamic,AI_VECTOR_CORE,1785699090305367.204	,328.527,0.139000,40,0,NO,"""4096,4096;4096,4096""",FLOAT;FLOAT,ND;ND,"""4096,4096""",FLOAT,ND,N/A,0.0,0,0.0,0.0,0.0,0.0,0.0,0.0,0.0,0.0,0.0,0.0,0.0,325.746,21499227,6.784,0.021,3.028,0.009,324.141,0.995,109.315,0.336,0.0,0.000
0,4294967295,131,47,Concat,Concat,dynamic,AI_VECTOR_CORE,1785699090305695.751	,55.661,0.000000,40,0,NO,"""512,16;512,16;512,16;512,16;512,16;512,16;512,16;512,16;512,16;512,16;512,16;512,16;512,16;512,16;512,16;512,16;512,16;512,16;512,16;512,16;512,16;512,16;512,16;512,16;512,16;512,16;512,16;512,16;512,16;512,16;512,16;512,16;512,16;512,16;512,16;512,16;512,16;512,16;512,16;512,16;512,16;512,16;512,16;512,16;512,16;512,16;512,16;512,16;512,16;512,16;512,16;512,16;512,16;512,16;512,16;512,16;512,16;512,16;512,16;512,16;512,16;512,16;512,16;512,16;512,16;512,16;512,16;512,16;512,16;512,16;512,16;512,16;512,16;512,16;512,16;512,16;512,16;512,16;512,16;512,16;512,16;512,16;512,16;512,16;512,16;512,16;512,16;512,16;512,16;512,16;512,16;512,16;512,16;512,16;512,16;512,16;512,16;512,16;512,16;512,16;512,16;512,16;512,16;512,16;512,16;512,16;512,16;512,16;512,16;512,16;512,16;512,16;512,16;512,16;512,16;512,16;512,16;512,16;512,16;512,16;512,16;512,16;512,16;512,16;512,16;512,16;512,16;512,16""",FLOAT16;FLOAT16;FLOAT16;FLOAT16;FLOAT16;FLOAT16;FLOAT16;FLOAT16;FLOAT16;FLOAT16;FLOAT16;FLOAT16;FLOAT16;FLOAT16;FLOAT16;FLOAT16;FLOAT16;FLOAT16;FLOAT16;FLOAT16;FLOAT16;FLOAT16;FLOAT16;FLOAT16;FLOAT16;FLOAT16;FLOAT16;FLOAT16;FLOAT16;FLOAT16;FLOAT16;FLOAT16;FLOAT16;FLOAT16;FLOAT16;FLOAT16;FLOAT16;FLOAT16;FLOAT16;FLOAT16;FLOAT16;FLOAT16;FLOAT16;FLOAT16;FLOAT16;FLOAT16;FLOAT16;FLOAT16;FLOAT16;FLOAT16;FLOAT16;FLOAT16;FLOAT16;FLOAT16;FLOAT16;FLOAT16;FLOAT16;FLOAT16;FLOAT16;FLOAT16;FLOAT16;FLOAT16;FLOAT16;FLOAT16;FLOAT16;FLOAT16;FLOAT16;FLOAT16;FLOAT16;FLOAT16;FLOAT16;FLOAT16;FLOAT16;FLOAT16;FLOAT16;FLOAT16;FLOAT16;FLOAT16;FLOAT16;FLOAT16;FLOAT16;FLOAT16;FLOAT16;FLOAT16;FLOAT16;FLOAT16;FLOAT16;FLOAT16;FLOAT16;FLOAT16;FLOAT16;FLOAT16;FLOAT16;FLOAT16;FLOAT16;FLOAT16;FLOAT16;FLOAT16;FLOAT16;FLOAT16;FLOAT16;FLOAT16;FLOAT16;FLOAT16;FLOAT16;FLOAT16;FLOAT16;FLOAT16;FLOAT16;FLOAT16;FLOAT16;FLOAT16;FLOAT16;FLOAT16;FLOAT16;FLOAT16;FLOAT16;FLOAT16;FLOAT16;FLOAT16;FLOAT16;FLOAT16;FLOAT16;FLOAT16;FLOAT16;FLOAT16;FLOAT16;FLOAT16,ND;ND;ND;ND;ND;ND;ND;ND;ND;ND;ND;ND;ND;ND;ND;ND;ND;ND;ND;ND;ND;ND;ND;ND;ND;ND;ND;ND;ND;ND;ND;ND;ND;ND;ND;ND;ND;ND;ND;ND;ND;ND;ND;ND;ND;ND;ND;ND;ND;ND;ND;ND;ND;ND;ND;ND;ND;ND;ND;ND;ND;ND;ND;ND;ND;ND;ND;ND;ND;ND;ND;ND;ND;ND;ND;ND;ND;ND;ND;ND;ND;ND;ND;ND;ND;ND;ND;ND;ND;ND;ND;ND;ND;ND;ND;ND;ND;ND;ND;ND;ND;ND;ND;ND;ND;ND;ND;ND;ND;ND;ND;ND;ND;ND;ND;ND;ND;ND;ND;ND;ND;ND;ND;ND;ND;ND;ND;ND,"""512,2048""",FLOAT16,ND,N/A,0.0,0,0.0,0.0,0.0,0.0,0.0,0.0,0.0,0.0,0.0,0.0,0.0,47.346,3124830,0.017,0.0,4.129,0.087,30.149,0.637,13.852,0.293,0.0,0.000
0,4294967295,132,47,aclnnMul_MulAiCore_Mul,Mul,dynamic,AI_VECTOR_CORE,1785699090305751.432	,328.507,0.089000,40,0,NO,"""4096,4096;4096,4096""",FLOAT;FLOAT,ND;ND,"""4096,4096""",FLOAT,ND,N/A,0.0,0,0.0,0.0,0.0,0.0,0.0,0.0,0.0,0.0,0.0,0.0,0.0,325.683,21495067,6.784,0.021,3.406,0.01,323.748,0.994,109.945,0.338,0.0,0.000
0,4294967295,133,47,Concat,Concat,dynamic,AI_VECTOR_CORE,1785699090306079.979	,55.781,0.000000,40,0,NO,"""512,16;512,16;512,16;512,16;512,16;512,16;512,16;512,16;512,16;512,16;512,16;512,16;512,16;512,16;512,16;512,16;512,16;512,16;512,16;512,16;512,16;512,16;512,16;512,16;512,16;512,16;512,16;512,16;512,16;512,16;512,16;512,16;512,16;512,16;512,16;512,16;512,16;512,16;512,16;512,16;512,16;512,16;512,16;512,16;512,16;512,16;512,16;512,16;512,16;512,16;512,16;512,16;512,16;512,16;512,16;512,16;512,16;512,16;512,16;512,16;512,16;512,16;512,16;512,16;512,16;512,16;512,16;512,16;512,16;512,16;512,16;512,16;512,16;512,16;512,16;512,16;512,16;512,16;512,16;512,16;512,16;512,16;512,16;512,16;512,16;512,16;512,16;512,16;512,16;512,16;512,16;512,16;512,16;512,16;512,16;512,16;512,16;512,16;512,16;512,16;512,16;512,16;512,16;512,16;512,16;512,16;512,16;512,16;512,16;512,16;512,16;512,16;512,16;512,16;512,16;512,16;512,16;512,16;512,16;512,16;512,16;512,16;512,16;512,16;512,16;512,16;512,16;512,16""",FLOAT16;FLOAT16;FLOAT16;FLOAT16;FLOAT16;FLOAT16;FLOAT16;FLOAT16;FLOAT16;FLOAT16;FLOAT16;FLOAT16;FLOAT16;FLOAT16;FLOAT16;FLOAT16;FLOAT16;FLOAT16;FLOAT16;FLOAT16;FLOAT16;FLOAT16;FLOAT16;FLOAT16;FLOAT16;FLOAT16;FLOAT16;FLOAT16;FLOAT16;FLOAT16;FLOAT16;FLOAT16;FLOAT16;FLOAT16;FLOAT16;FLOAT16;FLOAT16;FLOAT16;FLOAT16;FLOAT16;FLOAT16;FLOAT16;FLOAT16;FLOAT16;FLOAT16;FLOAT16;FLOAT16;FLOAT16;FLOAT16;FLOAT16;FLOAT16;FLOAT16;FLOAT16;FLOAT16;FLOAT16;FLOAT16;FLOAT16;FLOAT16;FLOAT16;FLOAT16;FLOAT16;FLOAT16;FLOAT16;FLOAT16;FLOAT16;FLOAT16;FLOAT16;FLOAT16;FLOAT16;FLOAT16;FLOAT16;FLOAT16;FLOAT16;FLOAT16;FLOAT16;FLOAT16;FLOAT16;FLOAT16;FLOAT16;FLOAT16;FLOAT16;FLOAT16;FLOAT16;FLOAT16;FLOAT16;FLOAT16;FLOAT16;FLOAT16;FLOAT16;FLOAT16;FLOAT16;FLOAT16;FLOAT16;FLOAT16;FLOAT16;FLOAT16;FLOAT16;FLOAT16;FLOAT16;FLOAT16;FLOAT16;FLOAT16;FLOAT16;FLOAT16;FLOAT16;FLOAT16;FLOAT16;FLOAT16;FLOAT16;FLOAT16;FLOAT16;FLOAT16;FLOAT16;FLOAT16;FLOAT16;FLOAT16;FLOAT16;FLOAT16;FLOAT16;FLOAT16;FLOAT16;FLOAT16;FLOAT16;FLOAT16;FLOAT16;FLOAT16;FLOAT16;FLOAT16,ND;ND;ND;ND;ND;ND;ND;ND;ND;ND;ND;ND;ND;ND;ND;ND;ND;ND;ND;ND;ND;ND;ND;ND;ND;ND;ND;ND;ND;ND;ND;ND;ND;ND;ND;ND;ND;ND;ND;ND;ND;ND;ND;ND;ND;ND;ND;ND;ND;ND;ND;ND;ND;ND;ND;ND;ND;ND;ND;ND;ND;ND;ND;ND;ND;ND;ND;ND;ND;ND;ND;ND;ND;ND;ND;ND;ND;ND;ND;ND;ND;ND;ND;ND;ND;ND;ND;ND;ND;ND;ND;ND;ND;ND;ND;ND;ND;ND;ND;ND;ND;ND;ND;ND;ND;ND;ND;ND;ND;ND;ND;ND;ND;ND;ND;ND;ND;ND;ND;ND;ND;ND;ND;ND;ND;ND;ND;ND,"""512,2048""",FLOAT16,ND,N/A,0.0,0,0.0,0.0,0.0,0.0,0.0,0.0,0.0,0.0,0.0,0.0,0.0,46.992,3101498,0.017,0.0,4.172,0.089,30.075,0.64,13.682,0.291,0.0,0.000
0,4294967295,134,47,aclnnMul_MulAiCore_Mul,Mul,dynamic,AI_VECTOR_CORE,1785699090306135.780	,328.426,0.000000,40,0,NO,"""4096,4096;4096,4096""",FLOAT;FLOAT,ND;ND,"""4096,4096""",FLOAT,ND,N/A,0.0,0,0.0,0.0,0.0,0.0,0.0,0.0,0.0,0.0,0.0,0.0,0.0,325.943,21512209,6.784,0.021,3.02,0.009,324.359,0.995,109.354,0.336,0.0,0.000
0,4294967295,135,47,Concat,Concat,dynamic,AI_VECTOR_CORE,1785699090306464.226	,57.061,0.074000,40,0,NO,"""512,16;512,16;512,16;512,16;512,16;512,16;512,16;512,16;512,16;512,16;512,16;512,16;512,16;512,16;512,16;512,16;512,16;512,16;512,16;512,16;512,16;512,16;512,16;512,16;512,16;512,16;512,16;512,16;512,16;512,16;512,16;512,16;512,16;512,16;512,16;512,16;512,16;512,16;512,16;512,16;512,16;512,16;512,16;512,16;512,16;512,16;512,16;512,16;512,16;512,16;512,16;512,16;512,16;512,16;512,16;512,16;512,16;512,16;512,16;512,16;512,16;512,16;512,16;512,16;512,16;512,16;512,16;512,16;512,16;512,16;512,16;512,16;512,16;512,16;512,16;512,16;512,16;512,16;512,16;512,16;512,16;512,16;512,16;512,16;512,16;512,16;512,16;512,16;512,16;512,16;512,16;512,16;512,16;512,16;512,16;512,16;512,16;512,16;512,16;512,16;512,16;512,16;512,16;512,16;512,16;512,16;512,16;512,16;512,16;512,16;512,16;512,16;512,16;512,16;512,16;512,16;512,16;512,16;512,16;512,16;512,16;512,16;512,16;512,16;512,16;512,16;512,16;512,16""",FLOAT16;FLOAT16;FLOAT16;FLOAT16;FLOAT16;FLOAT16;FLOAT16;FLOAT16;FLOAT16;FLOAT16;FLOAT16;FLOAT16;FLOAT16;FLOAT16;FLOAT16;FLOAT16;FLOAT16;FLOAT16;FLOAT16;FLOAT16;FLOAT16;FLOAT16;FLOAT16;FLOAT16;FLOAT16;FLOAT16;FLOAT16;FLOAT16;FLOAT16;FLOAT16;FLOAT16;FLOAT16;FLOAT16;FLOAT16;FLOAT16;FLOAT16;FLOAT16;FLOAT16;FLOAT16;FLOAT16;FLOAT16;FLOAT16;FLOAT16;FLOAT16;FLOAT16;FLOAT16;FLOAT16;FLOAT16;FLOAT16;FLOAT16;FLOAT16;FLOAT16;FLOAT16;FLOAT16;FLOAT16;FLOAT16;FLOAT16;FLOAT16;FLOAT16;FLOAT16;FLOAT16;FLOAT16;FLOAT16;FLOAT16;FLOAT16;FLOAT16;FLOAT16;FLOAT16;FLOAT16;FLOAT16;FLOAT16;FLOAT16;FLOAT16;FLOAT16;FLOAT16;FLOAT16;FLOAT16;FLOAT16;FLOAT16;FLOAT16;FLOAT16;FLOAT16;FLOAT16;FLOAT16;FLOAT16;FLOAT16;FLOAT16;FLOAT16;FLOAT16;FLOAT16;FLOAT16;FLOAT16;FLOAT16;FLOAT16;FLOAT16;FLOAT16;FLOAT16;FLOAT16;FLOAT16;FLOAT16;FLOAT16;FLOAT16;FLOAT16;FLOAT16;FLOAT16;FLOAT16;FLOAT16;FLOAT16;FLOAT16;FLOAT16;FLOAT16;FLOAT16;FLOAT16;FLOAT16;FLOAT16;FLOAT16;FLOAT16;FLOAT16;FLOAT16;FLOAT16;FLOAT16;FLOAT16;FLOAT16;FLOAT16;FLOAT16;FLOAT16;FLOAT16;FLOAT16,ND;ND;ND;ND;ND;ND;ND;ND;ND;ND;ND;ND;ND;ND;ND;ND;ND;ND;ND;ND;ND;ND;ND;ND;ND;ND;ND;ND;ND;ND;ND;ND;ND;ND;ND;ND;ND;ND;ND;ND;ND;ND;ND;ND;ND;ND;ND;ND;ND;ND;ND;ND;ND;ND;ND;ND;ND;ND;ND;ND;ND;ND;ND;ND;ND;ND;ND;ND;ND;ND;ND;ND;ND;ND;ND;ND;ND;ND;ND;ND;ND;ND;ND;ND;ND;ND;ND;ND;ND;ND;ND;ND;ND;ND;ND;ND;ND;ND;ND;ND;ND;ND;ND;ND;ND;ND;ND;ND;ND;ND;ND;ND;ND;ND;ND;ND;ND;ND;ND;ND;ND;ND;ND;ND;ND;ND;ND;ND,"""512,2048""",FLOAT16,ND,N/A,0.0,0,0.0,0.0,0.0,0.0,0.0,0.0,0.0,0.0,0.0,0.0,0.0,48.029,3169922,0.017,0.0,5.178,0.108,31.153,0.649,12.833,0.267,0.0,0.000
0,4294967295,136,47,aclnnMul_MulAiCore_Mul,Mul,dynamic,AI_VECTOR_CORE,1785699090306521.307	,327.227,0.000000,40,0,NO,"""4096,4096;4096,4096""",FLOAT;FLOAT,ND;ND,"""4096,4096""",FLOAT,ND,N/A,0.0,0,0.0,0.0,0.0,0.0,0.0,0.0,0.0,0.0,0.0,0.0,0.0,324.941,21446108,6.784,0.021,3.004,0.009,323.397,0.995,108.05,0.333,0.0,0.000
0,4294967295,137,47,Concat,Concat,dynamic,AI_VECTOR_CORE,1785699090306848.554	,56.881,0.023000,40,0,NO,"""512,16;512,16;512,16;512,16;512,16;512,16;512,16;512,16;512,16;512,16;512,16;512,16;512,16;512,16;512,16;512,16;512,16;512,16;512,16;512,16;512,16;512,16;512,16;512,16;512,16;512,16;512,16;512,16;512,16;512,16;512,16;512,16;512,16;512,16;512,16;512,16;512,16;512,16;512,16;512,16;512,16;512,16;512,16;512,16;512,16;512,16;512,16;512,16;512,16;512,16;512,16;512,16;512,16;512,16;512,16;512,16;512,16;512,16;512,16;512,16;512,16;512,16;512,16;512,16;512,16;512,16;512,16;512,16;512,16;512,16;512,16;512,16;512,16;512,16;512,16;512,16;512,16;512,16;512,16;512,16;512,16;512,16;512,16;512,16;512,16;512,16;512,16;512,16;512,16;512,16;512,16;512,16;512,16;512,16;512,16;512,16;512,16;512,16;512,16;512,16;512,16;512,16;512,16;512,16;512,16;512,16;512,16;512,16;512,16;512,16;512,16;512,16;512,16;512,16;512,16;512,16;512,16;512,16;512,16;512,16;512,16;512,16;512,16;512,16;512,16;512,16;512,16;512,16""",FLOAT16;FLOAT16;FLOAT16;FLOAT16;FLOAT16;FLOAT16;FLOAT16;FLOAT16;FLOAT16;FLOAT16;FLOAT16;FLOAT16;FLOAT16;FLOAT16;FLOAT16;FLOAT16;FLOAT16;FLOAT16;FLOAT16;FLOAT16;FLOAT16;FLOAT16;FLOAT16;FLOAT16;FLOAT16;FLOAT16;FLOAT16;FLOAT16;FLOAT16;FLOAT16;FLOAT16;FLOAT16;FLOAT16;FLOAT16;FLOAT16;FLOAT16;FLOAT16;FLOAT16;FLOAT16;FLOAT16;FLOAT16;FLOAT16;FLOAT16;FLOAT16;FLOAT16;FLOAT16;FLOAT16;FLOAT16;FLOAT16;FLOAT16;FLOAT16;FLOAT16;FLOAT16;FLOAT16;FLOAT16;FLOAT16;FLOAT16;FLOAT16;FLOAT16;FLOAT16;FLOAT16;FLOAT16;FLOAT16;FLOAT16;FLOAT16;FLOAT16;FLOAT16;FLOAT16;FLOAT16;FLOAT16;FLOAT16;FLOAT16;FLOAT16;FLOAT16;FLOAT16;FLOAT16;FLOAT16;FLOAT16;FLOAT16;FLOAT16;FLOAT16;FLOAT16;FLOAT16;FLOAT16;FLOAT16;FLOAT16;FLOAT16;FLOAT16;FLOAT16;FLOAT16;FLOAT16;FLOAT16;FLOAT16;FLOAT16;FLOAT16;FLOAT16;FLOAT16;FLOAT16;FLOAT16;FLOAT16;FLOAT16;FLOAT16;FLOAT16;FLOAT16;FLOAT16;FLOAT16;FLOAT16;FLOAT16;FLOAT16;FLOAT16;FLOAT16;FLOAT16;FLOAT16;FLOAT16;FLOAT16;FLOAT16;FLOAT16;FLOAT16;FLOAT16;FLOAT16;FLOAT16;FLOAT16;FLOAT16;FLOAT16;FLOAT16;FLOAT16;FLOAT16;FLOAT16,ND;ND;ND;ND;ND;ND;ND;ND;ND;ND;ND;ND;ND;ND;ND;ND;ND;ND;ND;ND;ND;ND;ND;ND;ND;ND;ND;ND;ND;ND;ND;ND;ND;ND;ND;ND;ND;ND;ND;ND;ND;ND;ND;ND;ND;ND;ND;ND;ND;ND;ND;ND;ND;ND;ND;ND;ND;ND;ND;ND;ND;ND;ND;ND;ND;ND;ND;ND;ND;ND;ND;ND;ND;ND;ND;ND;ND;ND;ND;ND;ND;ND;ND;ND;ND;ND;ND;ND;ND;ND;ND;ND;ND;ND;ND;ND;ND;ND;ND;ND;ND;ND;ND;ND;ND;ND;ND;ND;ND;ND;ND;ND;ND;ND;ND;ND;ND;ND;ND;ND;ND;ND;ND;ND;ND;ND;ND;ND,"""512,2048""",FLOAT16,ND,N/A,0.0,0,0.0,0.0,0.0,0.0,0.0,0.0,0.0,0.0,0.0,0.0,0.0,48.185,3180190,0.017,0.0,5.179,0.107,30.483,0.633,13.593,0.282,0.0,0.000
0,4294967295,138,47,aclnnMul_MulAiCore_Mul,Mul,dynamic,AI_VECTOR_CORE,1785699090306905.475	,327.547,0.119000,40,0,NO,"""4096,4096;4096,4096""",FLOAT;FLOAT,ND;ND,"""4096,4096""",FLOAT,ND,N/A,0.0,0,0.0,0.0,0.0,0.0,0.0,0.0,0.0,0.0,0.0,0.0,0.0,325.363,21473966,6.784,0.021,3.117,0.01,323.721,0.995,108.876,0.335,0.0,0.000
0,4294967295,139,47,Concat,Concat,dynamic,AI_VECTOR_CORE,1785699090307233.062	,55.401,0.000000,40,0,NO,"""512,16;512,16;512,16;512,16;512,16;512,16;512,16;512,16;512,16;512,16;512,16;512,16;512,16;512,16;512,16;512,16;512,16;512,16;512,16;512,16;512,16;512,16;512,16;512,16;512,16;512,16;512,16;512,16;512,16;512,16;512,16;512,16;512,16;512,16;512,16;512,16;512,16;512,16;512,16;512,16;512,16;512,16;512,16;512,16;512,16;512,16;512,16;512,16;512,16;512,16;512,16;512,16;512,16;512,16;512,16;512,16;512,16;512,16;512,16;512,16;512,16;512,16;512,16;512,16;512,16;512,16;512,16;512,16;512,16;512,16;512,16;512,16;512,16;512,16;512,16;512,16;512,16;512,16;512,16;512,16;512,16;512,16;512,16;512,16;512,16;512,16;512,16;512,16;512,16;512,16;512,16;512,16;512,16;512,16;512,16;512,16;512,16;512,16;512,16;512,16;512,16;512,16;512,16;512,16;512,16;512,16;512,16;512,16;512,16;512,16;512,16;512,16;512,16;512,16;512,16;512,16;512,16;512,16;512,16;512,16;512,16;512,16;512,16;512,16;512,16;512,16;512,16;512,16""",FLOAT16;FLOAT16;FLOAT16;FLOAT16;FLOAT16;FLOAT16;FLOAT16;FLOAT16;FLOAT16;FLOAT16;FLOAT16;FLOAT16;FLOAT16;FLOAT16;FLOAT16;FLOAT16;FLOAT16;FLOAT16;FLOAT16;FLOAT16;FLOAT16;FLOAT16;FLOAT16;FLOAT16;FLOAT16;FLOAT16;FLOAT16;FLOAT16;FLOAT16;FLOAT16;FLOAT16;FLOAT16;FLOAT16;FLOAT16;FLOAT16;FLOAT16;FLOAT16;FLOAT16;FLOAT16;FLOAT16;FLOAT16;FLOAT16;FLOAT16;FLOAT16;FLOAT16;FLOAT16;FLOAT16;FLOAT16;FLOAT16;FLOAT16;FLOAT16;FLOAT16;FLOAT16;FLOAT16;FLOAT16;FLOAT16;FLOAT16;FLOAT16;FLOAT16;FLOAT16;FLOAT16;FLOAT16;FLOAT16;FLOAT16;FLOAT16;FLOAT16;FLOAT16;FLOAT16;FLOAT16;FLOAT16;FLOAT16;FLOAT16;FLOAT16;FLOAT16;FLOAT16;FLOAT16;FLOAT16;FLOAT16;FLOAT16;FLOAT16;FLOAT16;FLOAT16;FLOAT16;FLOAT16;FLOAT16;FLOAT16;FLOAT16;FLOAT16;FLOAT16;FLOAT16;FLOAT16;FLOAT16;FLOAT16;FLOAT16;FLOAT16;FLOAT16;FLOAT16;FLOAT16;FLOAT16;FLOAT16;FLOAT16;FLOAT16;FLOAT16;FLOAT16;FLOAT16;FLOAT16;FLOAT16;FLOAT16;FLOAT16;FLOAT16;FLOAT16;FLOAT16;FLOAT16;FLOAT16;FLOAT16;FLOAT16;FLOAT16;FLOAT16;FLOAT16;FLOAT16;FLOAT16;FLOAT16;FLOAT16;FLOAT16;FLOAT16;FLOAT16;FLOAT16;FLOAT16,ND;ND;ND;ND;ND;ND;ND;ND;ND;ND;ND;ND;ND;ND;ND;ND;ND;ND;ND;ND;ND;ND;ND;ND;ND;ND;ND;ND;ND;ND;ND;ND;ND;ND;ND;ND;ND;ND;ND;ND;ND;ND;ND;ND;ND;ND;ND;ND;ND;ND;ND;ND;ND;ND;ND;ND;ND;ND;ND;ND;ND;ND;ND;ND;ND;ND;ND;ND;ND;ND;ND;ND;ND;ND;ND;ND;ND;ND;ND;ND;ND;ND;ND;ND;ND;ND;ND;ND;ND;ND;ND;ND;ND;ND;ND;ND;ND;ND;ND;ND;ND;ND;ND;ND;ND;ND;ND;ND;ND;ND;ND;ND;ND;ND;ND;ND;ND;ND;ND;ND;ND;ND;ND;ND;ND;ND;ND;ND,"""512,2048""",FLOAT16,ND,N/A,0.0,0,0.0,0.0,0.0,0.0,0.0,0.0,0.0,0.0,0.0,0.0,0.0,46.449,3065658,0.017,0.0,4.064,0.087,29.357,0.632,13.793,0.297,0.0,0.000
0,4294967295,140,47,aclnnMul_MulAiCore_Mul,Mul,dynamic,AI_VECTOR_CORE,1785699090307288.483	,327.926,0.099000,40,0,NO,"""4096,4096;4096,4096""",FLOAT;FLOAT,ND;ND,"""4096,4096""",FLOAT,ND,N/A,0.0,0,0.0,0.0,0.0,0.0,0.0,0.0,0.0,0.0,0.0,0.0,0.0,325.265,21467466,6.784,0.021,2.96,0.009,323.769,0.995,109.356,0.336,0.0,0.000
0,4294967295,141,47,Concat,Concat,dynamic,AI_VECTOR_CORE,1785699090307616.449	,54.581,0.074000,40,0,NO,"""512,16;512,16;512,16;512,16;512,16;512,16;512,16;512,16;512,16;512,16;512,16;512,16;512,16;512,16;512,16;512,16;512,16;512,16;512,16;512,16;512,16;512,16;512,16;512,16;512,16;512,16;512,16;512,16;512,16;512,16;512,16;512,16;512,16;512,16;512,16;512,16;512,16;512,16;512,16;512,16;512,16;512,16;512,16;512,16;512,16;512,16;512,16;512,16;512,16;512,16;512,16;512,16;512,16;512,16;512,16;512,16;512,16;512,16;512,16;512,16;512,16;512,16;512,16;512,16;512,16;512,16;512,16;512,16;512,16;512,16;512,16;512,16;512,16;512,16;512,16;512,16;512,16;512,16;512,16;512,16;512,16;512,16;512,16;512,16;512,16;512,16;512,16;512,16;512,16;512,16;512,16;512,16;512,16;512,16;512,16;512,16;512,16;512,16;512,16;512,16;512,16;512,16;512,16;512,16;512,16;512,16;512,16;512,16;512,16;512,16;512,16;512,16;512,16;512,16;512,16;512,16;512,16;512,16;512,16;512,16;512,16;512,16;512,16;512,16;512,16;512,16;512,16;512,16""",FLOAT16;FLOAT16;FLOAT16;FLOAT16;FLOAT16;FLOAT16;FLOAT16;FLOAT16;FLOAT16;FLOAT16;FLOAT16;FLOAT16;FLOAT16;FLOAT16;FLOAT16;FLOAT16;FLOAT16;FLOAT16;FLOAT16;FLOAT16;FLOAT16;FLOAT16;FLOAT16;FLOAT16;FLOAT16;FLOAT16;FLOAT16;FLOAT16;FLOAT16;FLOAT16;FLOAT16;FLOAT16;FLOAT16;FLOAT16;FLOAT16;FLOAT16;FLOAT16;FLOAT16;FLOAT16;FLOAT16;FLOAT16;FLOAT16;FLOAT16;FLOAT16;FLOAT16;FLOAT16;FLOAT16;FLOAT16;FLOAT16;FLOAT16;FLOAT16;FLOAT16;FLOAT16;FLOAT16;FLOAT16;FLOAT16;FLOAT16;FLOAT16;FLOAT16;FLOAT16;FLOAT16;FLOAT16;FLOAT16;FLOAT16;FLOAT16;FLOAT16;FLOAT16;FLOAT16;FLOAT16;FLOAT16;FLOAT16;FLOAT16;FLOAT16;FLOAT16;FLOAT16;FLOAT16;FLOAT16;FLOAT16;FLOAT16;FLOAT16;FLOAT16;FLOAT16;FLOAT16;FLOAT16;FLOAT16;FLOAT16;FLOAT16;FLOAT16;FLOAT16;FLOAT16;FLOAT16;FLOAT16;FLOAT16;FLOAT16;FLOAT16;FLOAT16;FLOAT16;FLOAT16;FLOAT16;FLOAT16;FLOAT16;FLOAT16;FLOAT16;FLOAT16;FLOAT16;FLOAT16;FLOAT16;FLOAT16;FLOAT16;FLOAT16;FLOAT16;FLOAT16;FLOAT16;FLOAT16;FLOAT16;FLOAT16;FLOAT16;FLOAT16;FLOAT16;FLOAT16;FLOAT16;FLOAT16;FLOAT16;FLOAT16;FLOAT16;FLOAT16;FLOAT16;FLOAT16,ND;ND;ND;ND;ND;ND;ND;ND;ND;ND;ND;ND;ND;ND;ND;ND;ND;ND;ND;ND;ND;ND;ND;ND;ND;ND;ND;ND;ND;ND;ND;ND;ND;ND;ND;ND;ND;ND;ND;ND;ND;ND;ND;ND;ND;ND;ND;ND;ND;ND;ND;ND;ND;ND;ND;ND;ND;ND;ND;ND;ND;ND;ND;ND;ND;ND;ND;ND;ND;ND;ND;ND;ND;ND;ND;ND;ND;ND;ND;ND;ND;ND;ND;ND;ND;ND;ND;ND;ND;ND;ND;ND;ND;ND;ND;ND;ND;ND;ND;ND;ND;ND;ND;ND;ND;ND;ND;ND;ND;ND;ND;ND;ND;ND;ND;ND;ND;ND;ND;ND;ND;ND;ND;ND;ND;ND;ND;ND,"""512,2048""",FLOAT16,ND,N/A,0.0,0,0.0,0.0,0.0,0.0,0.0,0.0,0.0,0.0,0.0,0.0,0.0,46.227,3050985,0.017,0.0,4.244,0.092,28.676,0.62,14.173,0.307,0.0,0.000
0,4294967295,142,47,aclnnMul_MulAiCore_Mul,Mul,dynamic,AI_VECTOR_CORE,1785699090307671.050	,326.927,0.000000,40,0,NO,"""4096,4096;4096,4096""",FLOAT;FLOAT,ND;ND,"""4096,4096""",FLOAT,ND,N/A,0.0,0,0.0,0.0,0.0,0.0,0.0,0.0,0.0,0.0,0.0,0.0,0.0,324.552,21420410,6.784,0.021,3.058,0.009,322.948,0.995,108.075,0.333,0.0,0.000
0,4294967295,143,47,Concat,Concat,dynamic,AI_VECTOR_CORE,1785699090307998.017	,55.641,0.073000,40,0,NO,"""512,16;512,16;512,16;512,16;512,16;512,16;512,16;512,16;512,16;512,16;512,16;512,16;512,16;512,16;512,16;512,16;512,16;512,16;512,16;512,16;512,16;512,16;512,16;512,16;512,16;512,16;512,16;512,16;512,16;512,16;512,16;512,16;512,16;512,16;512,16;512,16;512,16;512,16;512,16;512,16;512,16;512,16;512,16;512,16;512,16;512,16;512,16;512,16;512,16;512,16;512,16;512,16;512,16;512,16;512,16;512,16;512,16;512,16;512,16;512,16;512,16;512,16;512,16;512,16;512,16;512,16;512,16;512,16;512,16;512,16;512,16;512,16;512,16;512,16;512,16;512,16;512,16;512,16;512,16;512,16;512,16;512,16;512,16;512,16;512,16;512,16;512,16;512,16;512,16;512,16;512,16;512,16;512,16;512,16;512,16;512,16;512,16;512,16;512,16;512,16;512,16;512,16;512,16;512,16;512,16;512,16;512,16;512,16;512,16;512,16;512,16;512,16;512,16;512,16;512,16;512,16;512,16;512,16;512,16;512,16;512,16;512,16;512,16;512,16;512,16;512,16;512,16;512,16""",FLOAT16;FLOAT16;FLOAT16;FLOAT16;FLOAT16;FLOAT16;FLOAT16;FLOAT16;FLOAT16;FLOAT16;FLOAT16;FLOAT16;FLOAT16;FLOAT16;FLOAT16;FLOAT16;FLOAT16;FLOAT16;FLOAT16;FLOAT16;FLOAT16;FLOAT16;FLOAT16;FLOAT16;FLOAT16;FLOAT16;FLOAT16;FLOAT16;FLOAT16;FLOAT16;FLOAT16;FLOAT16;FLOAT16;FLOAT16;FLOAT16;FLOAT16;FLOAT16;FLOAT16;FLOAT16;FLOAT16;FLOAT16;FLOAT16;FLOAT16;FLOAT16;FLOAT16;FLOAT16;FLOAT16;FLOAT16;FLOAT16;FLOAT16;FLOAT16;FLOAT16;FLOAT16;FLOAT16;FLOAT16;FLOAT16;FLOAT16;FLOAT16;FLOAT16;FLOAT16;FLOAT16;FLOAT16;FLOAT16;FLOAT16;FLOAT16;FLOAT16;FLOAT16;FLOAT16;FLOAT16;FLOAT16;FLOAT16;FLOAT16;FLOAT16;FLOAT16;FLOAT16;FLOAT16;FLOAT16;FLOAT16;FLOAT16;FLOAT16;FLOAT16;FLOAT16;FLOAT16;FLOAT16;FLOAT16;FLOAT16;FLOAT16;FLOAT16;FLOAT16;FLOAT16;FLOAT16;FLOAT16;FLOAT16;FLOAT16;FLOAT16;FLOAT16;FLOAT16;FLOAT16;FLOAT16;FLOAT16;FLOAT16;FLOAT16;FLOAT16;FLOAT16;FLOAT16;FLOAT16;FLOAT16;FLOAT16;FLOAT16;FLOAT16;FLOAT16;FLOAT16;FLOAT16;FLOAT16;FLOAT16;FLOAT16;FLOAT16;FLOAT16;FLOAT16;FLOAT16;FLOAT16;FLOAT16;FLOAT16;FLOAT16;FLOAT16;FLOAT16;FLOAT16;FLOAT16,ND;ND;ND;ND;ND;ND;ND;ND;ND;ND;ND;ND;ND;ND;ND;ND;ND;ND;ND;ND;ND;ND;ND;ND;ND;ND;ND;ND;ND;ND;ND;ND;ND;ND;ND;ND;ND;ND;ND;ND;ND;ND;ND;ND;ND;ND;ND;ND;ND;ND;ND;ND;ND;ND;ND;ND;ND;ND;ND;ND;ND;ND;ND;ND;ND;ND;ND;ND;ND;ND;ND;ND;ND;ND;ND;ND;ND;ND;ND;ND;ND;ND;ND;ND;ND;ND;ND;ND;ND;ND;ND;ND;ND;ND;ND;ND;ND;ND;ND;ND;ND;ND;ND;ND;ND;ND;ND;ND;ND;ND;ND;ND;ND;ND;ND;ND;ND;ND;ND;ND;ND;ND;ND;ND;ND;ND;ND;ND,"""512,2048""",FLOAT16,ND,N/A,0.0,0,0.0,0.0,0.0,0.0,0.0,0.0,0.0,0.0,0.0,0.0,0.0,47.299,3121747,0.017,0.0,4.313,0.091,29.694,0.628,14.201,0.3,0.0,0.000
0,4294967295,144,47,aclnnMul_MulAiCore_Mul,Mul,dynamic,AI_VECTOR_CORE,1785699090308053.678	,328.487,0.109000,40,0,NO,"""4096,4096;4096,4096""",FLOAT;FLOAT,ND;ND,"""4096,4096""",FLOAT,ND,N/A,0.0,0,0.0,0.0,0.0,0.0,0.0,0.0,0.0,0.0,0.0,0.0,0.0,326.224,21530783,6.784,0.021,2.996,0.009,324.696,0.995,109.171,0.335,0.0,0.000
0,4294967295,145,47,Concat,Concat,dynamic,AI_VECTOR_CORE,1785699090308382.185	,55.101,0.013000,40,0,NO,"""512,16;512,16;512,16;512,16;512,16;512,16;512,16;512,16;512,16;512,16;512,16;512,16;512,16;512,16;512,16;512,16;512,16;512,16;512,16;512,16;512,16;512,16;512,16;512,16;512,16;512,16;512,16;512,16;512,16;512,16;512,16;512,16;512,16;512,16;512,16;512,16;512,16;512,16;512,16;512,16;512,16;512,16;512,16;512,16;512,16;512,16;512,16;512,16;512,16;512,16;512,16;512,16;512,16;512,16;512,16;512,16;512,16;512,16;512,16;512,16;512,16;512,16;512,16;512,16;512,16;512,16;512,16;512,16;512,16;512,16;512,16;512,16;512,16;512,16;512,16;512,16;512,16;512,16;512,16;512,16;512,16;512,16;512,16;512,16;512,16;512,16;512,16;512,16;512,16;512,16;512,16;512,16;512,16;512,16;512,16;512,16;512,16;512,16;512,16;512,16;512,16;512,16;512,16;512,16;512,16;512,16;512,16;512,16;512,16;512,16;512,16;512,16;512,16;512,16;512,16;512,16;512,16;512,16;512,16;512,16;512,16;512,16;512,16;512,16;512,16;512,16;512,16;512,16""",FLOAT16;FLOAT16;FLOAT16;FLOAT16;FLOAT16;FLOAT16;FLOAT16;FLOAT16;FLOAT16;FLOAT16;FLOAT16;FLOAT16;FLOAT16;FLOAT16;FLOAT16;FLOAT16;FLOAT16;FLOAT16;FLOAT16;FLOAT16;FLOAT16;FLOAT16;FLOAT16;FLOAT16;FLOAT16;FLOAT16;FLOAT16;FLOAT16;FLOAT16;FLOAT16;FLOAT16;FLOAT16;FLOAT16;FLOAT16;FLOAT16;FLOAT16;FLOAT16;FLOAT16;FLOAT16;FLOAT16;FLOAT16;FLOAT16;FLOAT16;FLOAT16;FLOAT16;FLOAT16;FLOAT16;FLOAT16;FLOAT16;FLOAT16;FLOAT16;FLOAT16;FLOAT16;FLOAT16;FLOAT16;FLOAT16;FLOAT16;FLOAT16;FLOAT16;FLOAT16;FLOAT16;FLOAT16;FLOAT16;FLOAT16;FLOAT16;FLOAT16;FLOAT16;FLOAT16;FLOAT16;FLOAT16;FLOAT16;FLOAT16;FLOAT16;FLOAT16;FLOAT16;FLOAT16;FLOAT16;FLOAT16;FLOAT16;FLOAT16;FLOAT16;FLOAT16;FLOAT16;FLOAT16;FLOAT16;FLOAT16;FLOAT16;FLOAT16;FLOAT16;FLOAT16;FLOAT16;FLOAT16;FLOAT16;FLOAT16;FLOAT16;FLOAT16;FLOAT16;FLOAT16;FLOAT16;FLOAT16;FLOAT16;FLOAT16;FLOAT16;FLOAT16;FLOAT16;FLOAT16;FLOAT16;FLOAT16;FLOAT16;FLOAT16;FLOAT16;FLOAT16;FLOAT16;FLOAT16;FLOAT16;FLOAT16;FLOAT16;FLOAT16;FLOAT16;FLOAT16;FLOAT16;FLOAT16;FLOAT16;FLOAT16;FLOAT16;FLOAT16;FLOAT16;FLOAT16,ND;ND;ND;ND;ND;ND;ND;ND;ND;ND;ND;ND;ND;ND;ND;ND;ND;ND;ND;ND;ND;ND;ND;ND;ND;ND;ND;ND;ND;ND;ND;ND;ND;ND;ND;ND;ND;ND;ND;ND;ND;ND;ND;ND;ND;ND;ND;ND;ND;ND;ND;ND;ND;ND;ND;ND;ND;ND;ND;ND;ND;ND;ND;ND;ND;ND;ND;ND;ND;ND;ND;ND;ND;ND;ND;ND;ND;ND;ND;ND;ND;ND;ND;ND;ND;ND;ND;ND;ND;ND;ND;ND;ND;ND;ND;ND;ND;ND;ND;ND;ND;ND;ND;ND;ND;ND;ND;ND;ND;ND;ND;ND;ND;ND;ND;ND;ND;ND;ND;ND;ND;ND;ND;ND;ND;ND;ND;ND,"""512,2048""",FLOAT16,ND,N/A,0.0,0,0.0,0.0,0.0,0.0,0.0,0.0,0.0,0.0,0.0,0.0,0.0,45.966,3033771,0.017,0.0,4.371,0.095,28.948,0.63,13.722,0.299,0.0,0.000
0,4294967295,146,47,aclnnMul_MulAiCore_Mul,Mul,dynamic,AI_VECTOR_CORE,1785699090308437.306	,327.526,0.000000,40,0,NO,"""4096,4096;4096,4096""",FLOAT;FLOAT,ND;ND,"""4096,4096""",FLOAT,ND,N/A,0.0,0,0.0,0.0,0.0,0.0,0.0,0.0,0.0,0.0,0.0,0.0,0.0,325.382,21475237,6.784,0.021,2.936,0.009,323.823,0.995,110.392,0.339,0.0,0.000
0,4294967295,147,47,Concat,Concat,dynamic,AI_VECTOR_CORE,1785699090308764.852	,56.561,0.000000,40,0,NO,"""512,16;512,16;512,16;512,16;512,16;512,16;512,16;512,16;512,16;512,16;512,16;512,16;512,16;512,16;512,16;512,16;512,16;512,16;512,16;512,16;512,16;512,16;512,16;512,16;512,16;512,16;512,16;512,16;512,16;512,16;512,16;512,16;512,16;512,16;512,16;512,16;512,16;512,16;512,16;512,16;512,16;512,16;512,16;512,16;512,16;512,16;512,16;512,16;512,16;512,16;512,16;512,16;512,16;512,16;512,16;512,16;512,16;512,16;512,16;512,16;512,16;512,16;512,16;512,16;512,16;512,16;512,16;512,16;512,16;512,16;512,16;512,16;512,16;512,16;512,16;512,16;512,16;512,16;512,16;512,16;512,16;512,16;512,16;512,16;512,16;512,16;512,16;512,16;512,16;512,16;512,16;512,16;512,16;512,16;512,16;512,16;512,16;512,16;512,16;512,16;512,16;512,16;512,16;512,16;512,16;512,16;512,16;512,16;512,16;512,16;512,16;512,16;512,16;512,16;512,16;512,16;512,16;512,16;512,16;512,16;512,16;512,16;512,16;512,16;512,16;512,16;512,16;512,16""",FLOAT16;FLOAT16;FLOAT16;FLOAT16;FLOAT16;FLOAT16;FLOAT16;FLOAT16;FLOAT16;FLOAT16;FLOAT16;FLOAT16;FLOAT16;FLOAT16;FLOAT16;FLOAT16;FLOAT16;FLOAT16;FLOAT16;FLOAT16;FLOAT16;FLOAT16;FLOAT16;FLOAT16;FLOAT16;FLOAT16;FLOAT16;FLOAT16;FLOAT16;FLOAT16;FLOAT16;FLOAT16;FLOAT16;FLOAT16;FLOAT16;FLOAT16;FLOAT16;FLOAT16;FLOAT16;FLOAT16;FLOAT16;FLOAT16;FLOAT16;FLOAT16;FLOAT16;FLOAT16;FLOAT16;FLOAT16;FLOAT16;FLOAT16;FLOAT16;FLOAT16;FLOAT16;FLOAT16;FLOAT16;FLOAT16;FLOAT16;FLOAT16;FLOAT16;FLOAT16;FLOAT16;FLOAT16;FLOAT16;FLOAT16;FLOAT16;FLOAT16;FLOAT16;FLOAT16;FLOAT16;FLOAT16;FLOAT16;FLOAT16;FLOAT16;FLOAT16;FLOAT16;FLOAT16;FLOAT16;FLOAT16;FLOAT16;FLOAT16;FLOAT16;FLOAT16;FLOAT16;FLOAT16;FLOAT16;FLOAT16;FLOAT16;FLOAT16;FLOAT16;FLOAT16;FLOAT16;FLOAT16;FLOAT16;FLOAT16;FLOAT16;FLOAT16;FLOAT16;FLOAT16;FLOAT16;FLOAT16;FLOAT16;FLOAT16;FLOAT16;FLOAT16;FLOAT16;FLOAT16;FLOAT16;FLOAT16;FLOAT16;FLOAT16;FLOAT16;FLOAT16;FLOAT16;FLOAT16;FLOAT16;FLOAT16;FLOAT16;FLOAT16;FLOAT16;FLOAT16;FLOAT16;FLOAT16;FLOAT16;FLOAT16;FLOAT16;FLOAT16;FLOAT16;FLOAT16,ND;ND;ND;ND;ND;ND;ND;ND;ND;ND;ND;ND;ND;ND;ND;ND;ND;ND;ND;ND;ND;ND;ND;ND;ND;ND;ND;ND;ND;ND;ND;ND;ND;ND;ND;ND;ND;ND;ND;ND;ND;ND;ND;ND;ND;ND;ND;ND;ND;ND;ND;ND;ND;ND;ND;ND;ND;ND;ND;ND;ND;ND;ND;ND;ND;ND;ND;ND;ND;ND;ND;ND;ND;ND;ND;ND;ND;ND;ND;ND;ND;ND;ND;ND;ND;ND;ND;ND;ND;ND;ND;ND;ND;ND;ND;ND;ND;ND;ND;ND;ND;ND;ND;ND;ND;ND;ND;ND;ND;ND;ND;ND;ND;ND;ND;ND;ND;ND;ND;ND;ND;ND;ND;ND;ND;ND;ND;ND,"""512,2048""",FLOAT16,ND,N/A,0.0,0,0.0,0.0,0.0,0.0,0.0,0.0,0.0,0.0,0.0,0.0,0.0,48.02,3169325,0.017,0.0,4.536,0.094,29.352,0.611,15.139,0.315,0.0,0.000
0,4294967295,148,47,aclnnMul_MulAiCore_Mul,Mul,dynamic,AI_VECTOR_CORE,1785699090308821.453	,328.087,0.189000,40,0,NO,"""4096,4096;4096,4096""",FLOAT;FLOAT,ND;ND,"""4096,4096""",FLOAT,ND,N/A,0.0,0,0.0,0.0,0.0,0.0,0.0,0.0,0.0,0.0,0.0,0.0,0.0,325.664,21493845,6.784,0.021,2.985,0.009,324.094,0.995,110.189,0.338,0.0,0.000
0,4294967295,149,47,Concat,Concat,dynamic,AI_VECTOR_CORE,1785699090309149.560	,57.041,0.000000,40,0,NO,"""512,16;512,16;512,16;512,16;512,16;512,16;512,16;512,16;512,16;512,16;512,16;512,16;512,16;512,16;512,16;512,16;512,16;512,16;512,16;512,16;512,16;512,16;512,16;512,16;512,16;512,16;512,16;512,16;512,16;512,16;512,16;512,16;512,16;512,16;512,16;512,16;512,16;512,16;512,16;512,16;512,16;512,16;512,16;512,16;512,16;512,16;512,16;512,16;512,16;512,16;512,16;512,16;512,16;512,16;512,16;512,16;512,16;512,16;512,16;512,16;512,16;512,16;512,16;512,16;512,16;512,16;512,16;512,16;512,16;512,16;512,16;512,16;512,16;512,16;512,16;512,16;512,16;512,16;512,16;512,16;512,16;512,16;512,16;512,16;512,16;512,16;512,16;512,16;512,16;512,16;512,16;512,16;512,16;512,16;512,16;512,16;512,16;512,16;512,16;512,16;512,16;512,16;512,16;512,16;512,16;512,16;512,16;512,16;512,16;512,16;512,16;512,16;512,16;512,16;512,16;512,16;512,16;512,16;512,16;512,16;512,16;512,16;512,16;512,16;512,16;512,16;512,16;512,16""",FLOAT16;FLOAT16;FLOAT16;FLOAT16;FLOAT16;FLOAT16;FLOAT16;FLOAT16;FLOAT16;FLOAT16;FLOAT16;FLOAT16;FLOAT16;FLOAT16;FLOAT16;FLOAT16;FLOAT16;FLOAT16;FLOAT16;FLOAT16;FLOAT16;FLOAT16;FLOAT16;FLOAT16;FLOAT16;FLOAT16;FLOAT16;FLOAT16;FLOAT16;FLOAT16;FLOAT16;FLOAT16;FLOAT16;FLOAT16;FLOAT16;FLOAT16;FLOAT16;FLOAT16;FLOAT16;FLOAT16;FLOAT16;FLOAT16;FLOAT16;FLOAT16;FLOAT16;FLOAT16;FLOAT16;FLOAT16;FLOAT16;FLOAT16;FLOAT16;FLOAT16;FLOAT16;FLOAT16;FLOAT16;FLOAT16;FLOAT16;FLOAT16;FLOAT16;FLOAT16;FLOAT16;FLOAT16;FLOAT16;FLOAT16;FLOAT16;FLOAT16;FLOAT16;FLOAT16;FLOAT16;FLOAT16;FLOAT16;FLOAT16;FLOAT16;FLOAT16;FLOAT16;FLOAT16;FLOAT16;FLOAT16;FLOAT16;FLOAT16;FLOAT16;FLOAT16;FLOAT16;FLOAT16;FLOAT16;FLOAT16;FLOAT16;FLOAT16;FLOAT16;FLOAT16;FLOAT16;FLOAT16;FLOAT16;FLOAT16;FLOAT16;FLOAT16;FLOAT16;FLOAT16;FLOAT16;FLOAT16;FLOAT16;FLOAT16;FLOAT16;FLOAT16;FLOAT16;FLOAT16;FLOAT16;FLOAT16;FLOAT16;FLOAT16;FLOAT16;FLOAT16;FLOAT16;FLOAT16;FLOAT16;FLOAT16;FLOAT16;FLOAT16;FLOAT16;FLOAT16;FLOAT16;FLOAT16;FLOAT16;FLOAT16;FLOAT16;FLOAT16;FLOAT16;FLOAT16,ND;ND;ND;ND;ND;ND;ND;ND;ND;ND;ND;ND;ND;ND;ND;ND;ND;ND;ND;ND;ND;ND;ND;ND;ND;ND;ND;ND;ND;ND;ND;ND;ND;ND;ND;ND;ND;ND;ND;ND;ND;ND;ND;ND;ND;ND;ND;ND;ND;ND;ND;ND;ND;ND;ND;ND;ND;ND;ND;ND;ND;ND;ND;ND;ND;ND;ND;ND;ND;ND;ND;ND;ND;ND;ND;ND;ND;ND;ND;ND;ND;ND;ND;ND;ND;ND;ND;ND;ND;ND;ND;ND;ND;ND;ND;ND;ND;ND;ND;ND;ND;ND;ND;ND;ND;ND;ND;ND;ND;ND;ND;ND;ND;ND;ND;ND;ND;ND;ND;ND;ND;ND;ND;ND;ND;ND;ND;ND,"""512,2048""",FLOAT16,ND,N/A,0.0,0,0.0,0.0,0.0,0.0,0.0,0.0,0.0,0.0,0.0,0.0,0.0,48.369,3192377,0.017,0.0,4.767,0.099,29.223,0.604,15.52,0.321,0.0,0.000
0,4294967295,150,47,aclnnMul_MulAiCore_Mul,Mul,dynamic,AI_VECTOR_CORE,1785699090309206.621	,327.647,0.000000,40,0,NO,"""4096,4096;4096,4096""",FLOAT;FLOAT,ND;ND,"""4096,4096""",FLOAT,ND,N/A,0.0,0,0.0,0.0,0.0,0.0,0.0,0.0,0.0,0.0,0.0,0.0,0.0,325.345,21472755,6.784,0.021,2.888,0.009,323.923,0.996,108.367,0.333,0.0,0.000
0,4294967295,151,47,Concat,Concat,dynamic,AI_VECTOR_CORE,1785699090309534.288	,55.881,0.103000,40,0,NO,"""512,16;512,16;512,16;512,16;512,16;512,16;512,16;512,16;512,16;512,16;512,16;512,16;512,16;512,16;512,16;512,16;512,16;512,16;512,16;512,16;512,16;512,16;512,16;512,16;512,16;512,16;512,16;512,16;512,16;512,16;512,16;512,16;512,16;512,16;512,16;512,16;512,16;512,16;512,16;512,16;512,16;512,16;512,16;512,16;512,16;512,16;512,16;512,16;512,16;512,16;512,16;512,16;512,16;512,16;512,16;512,16;512,16;512,16;512,16;512,16;512,16;512,16;512,16;512,16;512,16;512,16;512,16;512,16;512,16;512,16;512,16;512,16;512,16;512,16;512,16;512,16;512,16;512,16;512,16;512,16;512,16;512,16;512,16;512,16;512,16;512,16;512,16;512,16;512,16;512,16;512,16;512,16;512,16;512,16;512,16;512,16;512,16;512,16;512,16;512,16;512,16;512,16;512,16;512,16;512,16;512,16;512,16;512,16;512,16;512,16;512,16;512,16;512,16;512,16;512,16;512,16;512,16;512,16;512,16;512,16;512,16;512,16;512,16;512,16;512,16;512,16;512,16;512,16""",FLOAT16;FLOAT16;FLOAT16;FLOAT16;FLOAT16;FLOAT16;FLOAT16;FLOAT16;FLOAT16;FLOAT16;FLOAT16;FLOAT16;FLOAT16;FLOAT16;FLOAT16;FLOAT16;FLOAT16;FLOAT16;FLOAT16;FLOAT16;FLOAT16;FLOAT16;FLOAT16;FLOAT16;FLOAT16;FLOAT16;FLOAT16;FLOAT16;FLOAT16;FLOAT16;FLOAT16;FLOAT16;FLOAT16;FLOAT16;FLOAT16;FLOAT16;FLOAT16;FLOAT16;FLOAT16;FLOAT16;FLOAT16;FLOAT16;FLOAT16;FLOAT16;FLOAT16;FLOAT16;FLOAT16;FLOAT16;FLOAT16;FLOAT16;FLOAT16;FLOAT16;FLOAT16;FLOAT16;FLOAT16;FLOAT16;FLOAT16;FLOAT16;FLOAT16;FLOAT16;FLOAT16;FLOAT16;FLOAT16;FLOAT16;FLOAT16;FLOAT16;FLOAT16;FLOAT16;FLOAT16;FLOAT16;FLOAT16;FLOAT16;FLOAT16;FLOAT16;FLOAT16;FLOAT16;FLOAT16;FLOAT16;FLOAT16;FLOAT16;FLOAT16;FLOAT16;FLOAT16;FLOAT16;FLOAT16;FLOAT16;FLOAT16;FLOAT16;FLOAT16;FLOAT16;FLOAT16;FLOAT16;FLOAT16;FLOAT16;FLOAT16;FLOAT16;FLOAT16;FLOAT16;FLOAT16;FLOAT16;FLOAT16;FLOAT16;FLOAT16;FLOAT16;FLOAT16;FLOAT16;FLOAT16;FLOAT16;FLOAT16;FLOAT16;FLOAT16;FLOAT16;FLOAT16;FLOAT16;FLOAT16;FLOAT16;FLOAT16;FLOAT16;FLOAT16;FLOAT16;FLOAT16;FLOAT16;FLOAT16;FLOAT16;FLOAT16;FLOAT16;FLOAT16;FLOAT16,ND;ND;ND;ND;ND;ND;ND;ND;ND;ND;ND;ND;ND;ND;ND;ND;ND;ND;ND;ND;ND;ND;ND;ND;ND;ND;ND;ND;ND;ND;ND;ND;ND;ND;ND;ND;ND;ND;ND;ND;ND;ND;ND;ND;ND;ND;ND;ND;ND;ND;ND;ND;ND;ND;ND;ND;ND;ND;ND;ND;ND;ND;ND;ND;ND;ND;ND;ND;ND;ND;ND;ND;ND;ND;ND;ND;ND;ND;ND;ND;ND;ND;ND;ND;ND;ND;ND;ND;ND;ND;ND;ND;ND;ND;ND;ND;ND;ND;ND;ND;ND;ND;ND;ND;ND;ND;ND;ND;ND;ND;ND;ND;ND;ND;ND;ND;ND;ND;ND;ND;ND;ND;ND;ND;ND;ND;ND;ND,"""512,2048""",FLOAT16,ND,N/A,0.0,0,0.0,0.0,0.0,0.0,0.0,0.0,0.0,0.0,0.0,0.0,0.0,47.368,3126310,0.017,0.0,4.327,0.091,29.655,0.626,14.271,0.301,0.0,0.000
0,4294967295,152,47,aclnnMul_MulAiCore_Mul,Mul,dynamic,AI_VECTOR_CORE,1785699090309590.189	,328.006,0.119000,40,0,NO,"""4096,4096;4096,4096""",FLOAT;FLOAT,ND;ND,"""4096,4096""",FLOAT,ND,N/A,0.0,0,0.0,0.0,0.0,0.0,0.0,0.0,0.0,0.0,0.0,0.0,0.0,325.56,21486958,6.784,0.021,3.098,0.01,323.893,0.995,109.954,0.338,0.0,0.000
0,4294967295,153,47,Concat,Concat,dynamic,AI_VECTOR_CORE,1785699090309918.215	,55.881,0.000000,40,0,NO,"""512,16;512,16;512,16;512,16;512,16;512,16;512,16;512,16;512,16;512,16;512,16;512,16;512,16;512,16;512,16;512,16;512,16;512,16;512,16;512,16;512,16;512,16;512,16;512,16;512,16;512,16;512,16;512,16;512,16;512,16;512,16;512,16;512,16;512,16;512,16;512,16;512,16;512,16;512,16;512,16;512,16;512,16;512,16;512,16;512,16;512,16;512,16;512,16;512,16;512,16;512,16;512,16;512,16;512,16;512,16;512,16;512,16;512,16;512,16;512,16;512,16;512,16;512,16;512,16;512,16;512,16;512,16;512,16;512,16;512,16;512,16;512,16;512,16;512,16;512,16;512,16;512,16;512,16;512,16;512,16;512,16;512,16;512,16;512,16;512,16;512,16;512,16;512,16;512,16;512,16;512,16;512,16;512,16;512,16;512,16;512,16;512,16;512,16;512,16;512,16;512,16;512,16;512,16;512,16;512,16;512,16;512,16;512,16;512,16;512,16;512,16;512,16;512,16;512,16;512,16;512,16;512,16;512,16;512,16;512,16;512,16;512,16;512,16;512,16;512,16;512,16;512,16;512,16""",FLOAT16;FLOAT16;FLOAT16;FLOAT16;FLOAT16;FLOAT16;FLOAT16;FLOAT16;FLOAT16;FLOAT16;FLOAT16;FLOAT16;FLOAT16;FLOAT16;FLOAT16;FLOAT16;FLOAT16;FLOAT16;FLOAT16;FLOAT16;FLOAT16;FLOAT16;FLOAT16;FLOAT16;FLOAT16;FLOAT16;FLOAT16;FLOAT16;FLOAT16;FLOAT16;FLOAT16;FLOAT16;FLOAT16;FLOAT16;FLOAT16;FLOAT16;FLOAT16;FLOAT16;FLOAT16;FLOAT16;FLOAT16;FLOAT16;FLOAT16;FLOAT16;FLOAT16;FLOAT16;FLOAT16;FLOAT16;FLOAT16;FLOAT16;FLOAT16;FLOAT16;FLOAT16;FLOAT16;FLOAT16;FLOAT16;FLOAT16;FLOAT16;FLOAT16;FLOAT16;FLOAT16;FLOAT16;FLOAT16;FLOAT16;FLOAT16;FLOAT16;FLOAT16;FLOAT16;FLOAT16;FLOAT16;FLOAT16;FLOAT16;FLOAT16;FLOAT16;FLOAT16;FLOAT16;FLOAT16;FLOAT16;FLOAT16;FLOAT16;FLOAT16;FLOAT16;FLOAT16;FLOAT16;FLOAT16;FLOAT16;FLOAT16;FLOAT16;FLOAT16;FLOAT16;FLOAT16;FLOAT16;FLOAT16;FLOAT16;FLOAT16;FLOAT16;FLOAT16;FLOAT16;FLOAT16;FLOAT16;FLOAT16;FLOAT16;FLOAT16;FLOAT16;FLOAT16;FLOAT16;FLOAT16;FLOAT16;FLOAT16;FLOAT16;FLOAT16;FLOAT16;FLOAT16;FLOAT16;FLOAT16;FLOAT16;FLOAT16;FLOAT16;FLOAT16;FLOAT16;FLOAT16;FLOAT16;FLOAT16;FLOAT16;FLOAT16;FLOAT16;FLOAT16;FLOAT16,ND;ND;ND;ND;ND;ND;ND;ND;ND;ND;ND;ND;ND;ND;ND;ND;ND;ND;ND;ND;ND;ND;ND;ND;ND;ND;ND;ND;ND;ND;ND;ND;ND;ND;ND;ND;ND;ND;ND;ND;ND;ND;ND;ND;ND;ND;ND;ND;ND;ND;ND;ND;ND;ND;ND;ND;ND;ND;ND;ND;ND;ND;ND;ND;ND;ND;ND;ND;ND;ND;ND;ND;ND;ND;ND;ND;ND;ND;ND;ND;ND;ND;ND;ND;ND;ND;ND;ND;ND;ND;ND;ND;ND;ND;ND;ND;ND;ND;ND;ND;ND;ND;ND;ND;ND;ND;ND;ND;ND;ND;ND;ND;ND;ND;ND;ND;ND;ND;ND;ND;ND;ND;ND;ND;ND;ND;ND;ND,"""512,2048""",FLOAT16,ND,N/A,0.0,0,0.0,0.0,0.0,0.0,0.0,0.0,0.0,0.0,0.0,0.0,0.0,47.056,3105692,0.017,0.0,4.47,0.095,29.346,0.624,14.29,0.304,0.0,0.000
0,4294967295,154,47,aclnnMul_MulAiCore_Mul,Mul,dynamic,AI_VECTOR_CORE,1785699090309974.116	,328.247,0.000000,40,0,NO,"""4096,4096;4096,4096""",FLOAT;FLOAT,ND;ND,"""4096,4096""",FLOAT,ND,N/A,0.0,0,0.0,0.0,0.0,0.0,0.0,0.0,0.0,0.0,0.0,0.0,0.0,326.133,21524772,6.784,0.021,3.165,0.01,324.453,0.995,108.686,0.333,0.0,0.000
0,4294967295,155,47,Concat,Concat,dynamic,AI_VECTOR_CORE,1785699090310302.403	,58.221,0.253000,40,0,NO,"""512,16;512,16;512,16;512,16;512,16;512,16;512,16;512,16;512,16;512,16;512,16;512,16;512,16;512,16;512,16;512,16;512,16;512,16;512,16;512,16;512,16;512,16;512,16;512,16;512,16;512,16;512,16;512,16;512,16;512,16;512,16;512,16;512,16;512,16;512,16;512,16;512,16;512,16;512,16;512,16;512,16;512,16;512,16;512,16;512,16;512,16;512,16;512,16;512,16;512,16;512,16;512,16;512,16;512,16;512,16;512,16;512,16;512,16;512,16;512,16;512,16;512,16;512,16;512,16;512,16;512,16;512,16;512,16;512,16;512,16;512,16;512,16;512,16;512,16;512,16;512,16;512,16;512,16;512,16;512,16;512,16;512,16;512,16;512,16;512,16;512,16;512,16;512,16;512,16;512,16;512,16;512,16;512,16;512,16;512,16;512,16;512,16;512,16;512,16;512,16;512,16;512,16;512,16;512,16;512,16;512,16;512,16;512,16;512,16;512,16;512,16;512,16;512,16;512,16;512,16;512,16;512,16;512,16;512,16;512,16;512,16;512,16;512,16;512,16;512,16;512,16;512,16;512,16""",FLOAT16;FLOAT16;FLOAT16;FLOAT16;FLOAT16;FLOAT16;FLOAT16;FLOAT16;FLOAT16;FLOAT16;FLOAT16;FLOAT16;FLOAT16;FLOAT16;FLOAT16;FLOAT16;FLOAT16;FLOAT16;FLOAT16;FLOAT16;FLOAT16;FLOAT16;FLOAT16;FLOAT16;FLOAT16;FLOAT16;FLOAT16;FLOAT16;FLOAT16;FLOAT16;FLOAT16;FLOAT16;FLOAT16;FLOAT16;FLOAT16;FLOAT16;FLOAT16;FLOAT16;FLOAT16;FLOAT16;FLOAT16;FLOAT16;FLOAT16;FLOAT16;FLOAT16;FLOAT16;FLOAT16;FLOAT16;FLOAT16;FLOAT16;FLOAT16;FLOAT16;FLOAT16;FLOAT16;FLOAT16;FLOAT16;FLOAT16;FLOAT16;FLOAT16;FLOAT16;FLOAT16;FLOAT16;FLOAT16;FLOAT16;FLOAT16;FLOAT16;FLOAT16;FLOAT16;FLOAT16;FLOAT16;FLOAT16;FLOAT16;FLOAT16;FLOAT16;FLOAT16;FLOAT16;FLOAT16;FLOAT16;FLOAT16;FLOAT16;FLOAT16;FLOAT16;FLOAT16;FLOAT16;FLOAT16;FLOAT16;FLOAT16;FLOAT16;FLOAT16;FLOAT16;FLOAT16;FLOAT16;FLOAT16;FLOAT16;FLOAT16;FLOAT16;FLOAT16;FLOAT16;FLOAT16;FLOAT16;FLOAT16;FLOAT16;FLOAT16;FLOAT16;FLOAT16;FLOAT16;FLOAT16;FLOAT16;FLOAT16;FLOAT16;FLOAT16;FLOAT16;FLOAT16;FLOAT16;FLOAT16;FLOAT16;FLOAT16;FLOAT16;FLOAT16;FLOAT16;FLOAT16;FLOAT16;FLOAT16;FLOAT16;FLOAT16;FLOAT16;FLOAT16;FLOAT16,ND;ND;ND;ND;ND;ND;ND;ND;ND;ND;ND;ND;ND;ND;ND;ND;ND;ND;ND;ND;ND;ND;ND;ND;ND;ND;ND;ND;ND;ND;ND;ND;ND;ND;ND;ND;ND;ND;ND;ND;ND;ND;ND;ND;ND;ND;ND;ND;ND;ND;ND;ND;ND;ND;ND;ND;ND;ND;ND;ND;ND;ND;ND;ND;ND;ND;ND;ND;ND;ND;ND;ND;ND;ND;ND;ND;ND;ND;ND;ND;ND;ND;ND;ND;ND;ND;ND;ND;ND;ND;ND;ND;ND;ND;ND;ND;ND;ND;ND;ND;ND;ND;ND;ND;ND;ND;ND;ND;ND;ND;ND;ND;ND;ND;ND;ND;ND;ND;ND;ND;ND;ND;ND;ND;ND;ND;ND;ND,"""512,2048""",FLOAT16,ND,N/A,0.0,0,0.0,0.0,0.0,0.0,0.0,0.0,0.0,0.0,0.0,0.0,0.0,47.962,3165514,0.017,0.0,5.487,0.114,30.503,0.636,13.385,0.279,0.0,0.000
0,4294967295,156,47,aclnnMul_MulAiCore_Mul,Mul,dynamic,AI_VECTOR_CORE,1785699090310360.644	,329.067,0.029000,40,0,NO,"""4096,4096;4096,4096""",FLOAT;FLOAT,ND;ND,"""4096,4096""",FLOAT,ND,N/A,0.0,0,0.0,0.0,0.0,0.0,0.0,0.0,0.0,0.0,0.0,0.0,0.0,326.818,21569999,6.784,0.021,3.055,0.009,325.218,0.995,110.18,0.337,0.0,0.000
0,4294967295,157,47,Concat,Concat,dynamic,AI_VECTOR_CORE,1785699090310689.751	,55.921,0.000000,40,0,NO,"""512,16;512,16;512,16;512,16;512,16;512,16;512,16;512,16;512,16;512,16;512,16;512,16;512,16;512,16;512,16;512,16;512,16;512,16;512,16;512,16;512,16;512,16;512,16;512,16;512,16;512,16;512,16;512,16;512,16;512,16;512,16;512,16;512,16;512,16;512,16;512,16;512,16;512,16;512,16;512,16;512,16;512,16;512,16;512,16;512,16;512,16;512,16;512,16;512,16;512,16;512,16;512,16;512,16;512,16;512,16;512,16;512,16;512,16;512,16;512,16;512,16;512,16;512,16;512,16;512,16;512,16;512,16;512,16;512,16;512,16;512,16;512,16;512,16;512,16;512,16;512,16;512,16;512,16;512,16;512,16;512,16;512,16;512,16;512,16;512,16;512,16;512,16;512,16;512,16;512,16;512,16;512,16;512,16;512,16;512,16;512,16;512,16;512,16;512,16;512,16;512,16;512,16;512,16;512,16;512,16;512,16;512,16;512,16;512,16;512,16;512,16;512,16;512,16;512,16;512,16;512,16;512,16;512,16;512,16;512,16;512,16;512,16;512,16;512,16;512,16;512,16;512,16;512,16""",FLOAT16;FLOAT16;FLOAT16;FLOAT16;FLOAT16;FLOAT16;FLOAT16;FLOAT16;FLOAT16;FLOAT16;FLOAT16;FLOAT16;FLOAT16;FLOAT16;FLOAT16;FLOAT16;FLOAT16;FLOAT16;FLOAT16;FLOAT16;FLOAT16;FLOAT16;FLOAT16;FLOAT16;FLOAT16;FLOAT16;FLOAT16;FLOAT16;FLOAT16;FLOAT16;FLOAT16;FLOAT16;FLOAT16;FLOAT16;FLOAT16;FLOAT16;FLOAT16;FLOAT16;FLOAT16;FLOAT16;FLOAT16;FLOAT16;FLOAT16;FLOAT16;FLOAT16;FLOAT16;FLOAT16;FLOAT16;FLOAT16;FLOAT16;FLOAT16;FLOAT16;FLOAT16;FLOAT16;FLOAT16;FLOAT16;FLOAT16;FLOAT16;FLOAT16;FLOAT16;FLOAT16;FLOAT16;FLOAT16;FLOAT16;FLOAT16;FLOAT16;FLOAT16;FLOAT16;FLOAT16;FLOAT16;FLOAT16;FLOAT16;FLOAT16;FLOAT16;FLOAT16;FLOAT16;FLOAT16;FLOAT16;FLOAT16;FLOAT16;FLOAT16;FLOAT16;FLOAT16;FLOAT16;FLOAT16;FLOAT16;FLOAT16;FLOAT16;FLOAT16;FLOAT16;FLOAT16;FLOAT16;FLOAT16;FLOAT16;FLOAT16;FLOAT16;FLOAT16;FLOAT16;FLOAT16;FLOAT16;FLOAT16;FLOAT16;FLOAT16;FLOAT16;FLOAT16;FLOAT16;FLOAT16;FLOAT16;FLOAT16;FLOAT16;FLOAT16;FLOAT16;FLOAT16;FLOAT16;FLOAT16;FLOAT16;FLOAT16;FLOAT16;FLOAT16;FLOAT16;FLOAT16;FLOAT16;FLOAT16;FLOAT16;FLOAT16;FLOAT16;FLOAT16;FLOAT16,ND;ND;ND;ND;ND;ND;ND;ND;ND;ND;ND;ND;ND;ND;ND;ND;ND;ND;ND;ND;ND;ND;ND;ND;ND;ND;ND;ND;ND;ND;ND;ND;ND;ND;ND;ND;ND;ND;ND;ND;ND;ND;ND;ND;ND;ND;ND;ND;ND;ND;ND;ND;ND;ND;ND;ND;ND;ND;ND;ND;ND;ND;ND;ND;ND;ND;ND;ND;ND;ND;ND;ND;ND;ND;ND;ND;ND;ND;ND;ND;ND;ND;ND;ND;ND;ND;ND;ND;ND;ND;ND;ND;ND;ND;ND;ND;ND;ND;ND;ND;ND;ND;ND;ND;ND;ND;ND;ND;ND;ND;ND;ND;ND;ND;ND;ND;ND;ND;ND;ND;ND;ND;ND;ND;ND;ND;ND;ND,"""512,2048""",FLOAT16,ND,N/A,0.0,0,0.0,0.0,0.0,0.0,0.0,0.0,0.0,0.0,0.0,0.0,0.0,47.434,3130675,0.017,0.0,4.516,0.095,30.197,0.637,13.527,0.285,0.0,0.000
0,4294967295,158,47,aclnnMul_MulAiCore_Mul,Mul,dynamic,AI_VECTOR_CORE,1785699090310745.692	,328.426,0.079000,40,0,NO,"""4096,4096;4096,4096""",FLOAT;FLOAT,ND;ND,"""4096,4096""",FLOAT,ND,N/A,0.0,0,0.0,0.0,0.0,0.0,0.0,0.0,0.0,0.0,0.0,0.0,0.0,325.893,21508949,6.784,0.021,3.019,0.009,324.35,0.995,109.509,0.336,0.0,0.000
0,4294967295,159,47,Concat,Concat,dynamic,AI_VECTOR_CORE,1785699090311074.138	,54.961,0.074000,40,0,NO,"""512,16;512,16;512,16;512,16;512,16;512,16;512,16;512,16;512,16;512,16;512,16;512,16;512,16;512,16;512,16;512,16;512,16;512,16;512,16;512,16;512,16;512,16;512,16;512,16;512,16;512,16;512,16;512,16;512,16;512,16;512,16;512,16;512,16;512,16;512,16;512,16;512,16;512,16;512,16;512,16;512,16;512,16;512,16;512,16;512,16;512,16;512,16;512,16;512,16;512,16;512,16;512,16;512,16;512,16;512,16;512,16;512,16;512,16;512,16;512,16;512,16;512,16;512,16;512,16;512,16;512,16;512,16;512,16;512,16;512,16;512,16;512,16;512,16;512,16;512,16;512,16;512,16;512,16;512,16;512,16;512,16;512,16;512,16;512,16;512,16;512,16;512,16;512,16;512,16;512,16;512,16;512,16;512,16;512,16;512,16;512,16;512,16;512,16;512,16;512,16;512,16;512,16;512,16;512,16;512,16;512,16;512,16;512,16;512,16;512,16;512,16;512,16;512,16;512,16;512,16;512,16;512,16;512,16;512,16;512,16;512,16;512,16;512,16;512,16;512,16;512,16;512,16;512,16""",FLOAT16;FLOAT16;FLOAT16;FLOAT16;FLOAT16;FLOAT16;FLOAT16;FLOAT16;FLOAT16;FLOAT16;FLOAT16;FLOAT16;FLOAT16;FLOAT16;FLOAT16;FLOAT16;FLOAT16;FLOAT16;FLOAT16;FLOAT16;FLOAT16;FLOAT16;FLOAT16;FLOAT16;FLOAT16;FLOAT16;FLOAT16;FLOAT16;FLOAT16;FLOAT16;FLOAT16;FLOAT16;FLOAT16;FLOAT16;FLOAT16;FLOAT16;FLOAT16;FLOAT16;FLOAT16;FLOAT16;FLOAT16;FLOAT16;FLOAT16;FLOAT16;FLOAT16;FLOAT16;FLOAT16;FLOAT16;FLOAT16;FLOAT16;FLOAT16;FLOAT16;FLOAT16;FLOAT16;FLOAT16;FLOAT16;FLOAT16;FLOAT16;FLOAT16;FLOAT16;FLOAT16;FLOAT16;FLOAT16;FLOAT16;FLOAT16;FLOAT16;FLOAT16;FLOAT16;FLOAT16;FLOAT16;FLOAT16;FLOAT16;FLOAT16;FLOAT16;FLOAT16;FLOAT16;FLOAT16;FLOAT16;FLOAT16;FLOAT16;FLOAT16;FLOAT16;FLOAT16;FLOAT16;FLOAT16;FLOAT16;FLOAT16;FLOAT16;FLOAT16;FLOAT16;FLOAT16;FLOAT16;FLOAT16;FLOAT16;FLOAT16;FLOAT16;FLOAT16;FLOAT16;FLOAT16;FLOAT16;FLOAT16;FLOAT16;FLOAT16;FLOAT16;FLOAT16;FLOAT16;FLOAT16;FLOAT16;FLOAT16;FLOAT16;FLOAT16;FLOAT16;FLOAT16;FLOAT16;FLOAT16;FLOAT16;FLOAT16;FLOAT16;FLOAT16;FLOAT16;FLOAT16;FLOAT16;FLOAT16;FLOAT16;FLOAT16;FLOAT16;FLOAT16;FLOAT16,ND;ND;ND;ND;ND;ND;ND;ND;ND;ND;ND;ND;ND;ND;ND;ND;ND;ND;ND;ND;ND;ND;ND;ND;ND;ND;ND;ND;ND;ND;ND;ND;ND;ND;ND;ND;ND;ND;ND;ND;ND;ND;ND;ND;ND;ND;ND;ND;ND;ND;ND;ND;ND;ND;ND;ND;ND;ND;ND;ND;ND;ND;ND;ND;ND;ND;ND;ND;ND;ND;ND;ND;ND;ND;ND;ND;ND;ND;ND;ND;ND;ND;ND;ND;ND;ND;ND;ND;ND;ND;ND;ND;ND;ND;ND;ND;ND;ND;ND;ND;ND;ND;ND;ND;ND;ND;ND;ND;ND;ND;ND;ND;ND;ND;ND;ND;ND;ND;ND;ND;ND;ND;ND;ND;ND;ND;ND;ND,"""512,2048""",FLOAT16,ND,N/A,0.0,0,0.0,0.0,0.0,0.0,0.0,0.0,0.0,0.0,0.0,0.0,0.0,46.214,3050137,0.017,0.0,4.267,0.092,29.062,0.629,13.867,0.3,0.0,0.000
0,4294967295,160,47,aclnnMul_MulAiCore_Mul,Mul,dynamic,AI_VECTOR_CORE,1785699090311129.119	,327.607,0.000000,40,0,NO,"""4096,4096;4096,4096""",FLOAT;FLOAT,ND;ND,"""4096,4096""",FLOAT,ND,N/A,0.0,0,0.0,0.0,0.0,0.0,0.0,0.0,0.0,0.0,0.0,0.0,0.0,325.459,21480316,6.784,0.021,3.033,0.009,323.9,0.995,110.056,0.338,0.0,0.000
0,4294967295,161,47,Concat,Concat,dynamic,AI_VECTOR_CORE,1785699090311456.746	,55.681,0.143000,40,0,NO,"""512,16;512,16;512,16;512,16;512,16;512,16;512,16;512,16;512,16;512,16;512,16;512,16;512,16;512,16;512,16;512,16;512,16;512,16;512,16;512,16;512,16;512,16;512,16;512,16;512,16;512,16;512,16;512,16;512,16;512,16;512,16;512,16;512,16;512,16;512,16;512,16;512,16;512,16;512,16;512,16;512,16;512,16;512,16;512,16;512,16;512,16;512,16;512,16;512,16;512,16;512,16;512,16;512,16;512,16;512,16;512,16;512,16;512,16;512,16;512,16;512,16;512,16;512,16;512,16;512,16;512,16;512,16;512,16;512,16;512,16;512,16;512,16;512,16;512,16;512,16;512,16;512,16;512,16;512,16;512,16;512,16;512,16;512,16;512,16;512,16;512,16;512,16;512,16;512,16;512,16;512,16;512,16;512,16;512,16;512,16;512,16;512,16;512,16;512,16;512,16;512,16;512,16;512,16;512,16;512,16;512,16;512,16;512,16;512,16;512,16;512,16;512,16;512,16;512,16;512,16;512,16;512,16;512,16;512,16;512,16;512,16;512,16;512,16;512,16;512,16;512,16;512,16;512,16""",FLOAT16;FLOAT16;FLOAT16;FLOAT16;FLOAT16;FLOAT16;FLOAT16;FLOAT16;FLOAT16;FLOAT16;FLOAT16;FLOAT16;FLOAT16;FLOAT16;FLOAT16;FLOAT16;FLOAT16;FLOAT16;FLOAT16;FLOAT16;FLOAT16;FLOAT16;FLOAT16;FLOAT16;FLOAT16;FLOAT16;FLOAT16;FLOAT16;FLOAT16;FLOAT16;FLOAT16;FLOAT16;FLOAT16;FLOAT16;FLOAT16;FLOAT16;FLOAT16;FLOAT16;FLOAT16;FLOAT16;FLOAT16;FLOAT16;FLOAT16;FLOAT16;FLOAT16;FLOAT16;FLOAT16;FLOAT16;FLOAT16;FLOAT16;FLOAT16;FLOAT16;FLOAT16;FLOAT16;FLOAT16;FLOAT16;FLOAT16;FLOAT16;FLOAT16;FLOAT16;FLOAT16;FLOAT16;FLOAT16;FLOAT16;FLOAT16;FLOAT16;FLOAT16;FLOAT16;FLOAT16;FLOAT16;FLOAT16;FLOAT16;FLOAT16;FLOAT16;FLOAT16;FLOAT16;FLOAT16;FLOAT16;FLOAT16;FLOAT16;FLOAT16;FLOAT16;FLOAT16;FLOAT16;FLOAT16;FLOAT16;FLOAT16;FLOAT16;FLOAT16;FLOAT16;FLOAT16;FLOAT16;FLOAT16;FLOAT16;FLOAT16;FLOAT16;FLOAT16;FLOAT16;FLOAT16;FLOAT16;FLOAT16;FLOAT16;FLOAT16;FLOAT16;FLOAT16;FLOAT16;FLOAT16;FLOAT16;FLOAT16;FLOAT16;FLOAT16;FLOAT16;FLOAT16;FLOAT16;FLOAT16;FLOAT16;FLOAT16;FLOAT16;FLOAT16;FLOAT16;FLOAT16;FLOAT16;FLOAT16;FLOAT16;FLOAT16;FLOAT16;FLOAT16;FLOAT16,ND;ND;ND;ND;ND;ND;ND;ND;ND;ND;ND;ND;ND;ND;ND;ND;ND;ND;ND;ND;ND;ND;ND;ND;ND;ND;ND;ND;ND;ND;ND;ND;ND;ND;ND;ND;ND;ND;ND;ND;ND;ND;ND;ND;ND;ND;ND;ND;ND;ND;ND;ND;ND;ND;ND;ND;ND;ND;ND;ND;ND;ND;ND;ND;ND;ND;ND;ND;ND;ND;ND;ND;ND;ND;ND;ND;ND;ND;ND;ND;ND;ND;ND;ND;ND;ND;ND;ND;ND;ND;ND;ND;ND;ND;ND;ND;ND;ND;ND;ND;ND;ND;ND;ND;ND;ND;ND;ND;ND;ND;ND;ND;ND;ND;ND;ND;ND;ND;ND;ND;ND;ND;ND;ND;ND;ND;ND;ND,"""512,2048""",FLOAT16,ND,N/A,0.0,0,0.0,0.0,0.0,0.0,0.0,0.0,0.0,0.0,0.0,0.0,0.0,46.999,3101963,0.017,0.0,4.806,0.102,29.079,0.619,14.146,0.301,0.0,0.000
0,4294967295,162,47,aclnnMul_MulAiCore_Mul,Mul,dynamic,AI_VECTOR_CORE,1785699090311512.447	,327.687,0.069000,40,0,NO,"""4096,4096;4096,4096""",FLOAT;FLOAT,ND;ND,"""4096,4096""",FLOAT,ND,N/A,0.0,0,0.0,0.0,0.0,0.0,0.0,0.0,0.0,0.0,0.0,0.0,0.0,325.401,21476487,6.784,0.021,2.93,0.009,323.956,0.996,108.568,0.334,0.0,0.000
0,4294967295,163,47,Concat,Concat,dynamic,AI_VECTOR_CORE,1785699090311840.154	,57.101,0.063000,40,0,NO,"""512,16;512,16;512,16;512,16;512,16;512,16;512,16;512,16;512,16;512,16;512,16;512,16;512,16;512,16;512,16;512,16;512,16;512,16;512,16;512,16;512,16;512,16;512,16;512,16;512,16;512,16;512,16;512,16;512,16;512,16;512,16;512,16;512,16;512,16;512,16;512,16;512,16;512,16;512,16;512,16;512,16;512,16;512,16;512,16;512,16;512,16;512,16;512,16;512,16;512,16;512,16;512,16;512,16;512,16;512,16;512,16;512,16;512,16;512,16;512,16;512,16;512,16;512,16;512,16;512,16;512,16;512,16;512,16;512,16;512,16;512,16;512,16;512,16;512,16;512,16;512,16;512,16;512,16;512,16;512,16;512,16;512,16;512,16;512,16;512,16;512,16;512,16;512,16;512,16;512,16;512,16;512,16;512,16;512,16;512,16;512,16;512,16;512,16;512,16;512,16;512,16;512,16;512,16;512,16;512,16;512,16;512,16;512,16;512,16;512,16;512,16;512,16;512,16;512,16;512,16;512,16;512,16;512,16;512,16;512,16;512,16;512,16;512,16;512,16;512,16;512,16;512,16;512,16""",FLOAT16;FLOAT16;FLOAT16;FLOAT16;FLOAT16;FLOAT16;FLOAT16;FLOAT16;FLOAT16;FLOAT16;FLOAT16;FLOAT16;FLOAT16;FLOAT16;FLOAT16;FLOAT16;FLOAT16;FLOAT16;FLOAT16;FLOAT16;FLOAT16;FLOAT16;FLOAT16;FLOAT16;FLOAT16;FLOAT16;FLOAT16;FLOAT16;FLOAT16;FLOAT16;FLOAT16;FLOAT16;FLOAT16;FLOAT16;FLOAT16;FLOAT16;FLOAT16;FLOAT16;FLOAT16;FLOAT16;FLOAT16;FLOAT16;FLOAT16;FLOAT16;FLOAT16;FLOAT16;FLOAT16;FLOAT16;FLOAT16;FLOAT16;FLOAT16;FLOAT16;FLOAT16;FLOAT16;FLOAT16;FLOAT16;FLOAT16;FLOAT16;FLOAT16;FLOAT16;FLOAT16;FLOAT16;FLOAT16;FLOAT16;FLOAT16;FLOAT16;FLOAT16;FLOAT16;FLOAT16;FLOAT16;FLOAT16;FLOAT16;FLOAT16;FLOAT16;FLOAT16;FLOAT16;FLOAT16;FLOAT16;FLOAT16;FLOAT16;FLOAT16;FLOAT16;FLOAT16;FLOAT16;FLOAT16;FLOAT16;FLOAT16;FLOAT16;FLOAT16;FLOAT16;FLOAT16;FLOAT16;FLOAT16;FLOAT16;FLOAT16;FLOAT16;FLOAT16;FLOAT16;FLOAT16;FLOAT16;FLOAT16;FLOAT16;FLOAT16;FLOAT16;FLOAT16;FLOAT16;FLOAT16;FLOAT16;FLOAT16;FLOAT16;FLOAT16;FLOAT16;FLOAT16;FLOAT16;FLOAT16;FLOAT16;FLOAT16;FLOAT16;FLOAT16;FLOAT16;FLOAT16;FLOAT16;FLOAT16;FLOAT16;FLOAT16;FLOAT16;FLOAT16;FLOAT16,ND;ND;ND;ND;ND;ND;ND;ND;ND;ND;ND;ND;ND;ND;ND;ND;ND;ND;ND;ND;ND;ND;ND;ND;ND;ND;ND;ND;ND;ND;ND;ND;ND;ND;ND;ND;ND;ND;ND;ND;ND;ND;ND;ND;ND;ND;ND;ND;ND;ND;ND;ND;ND;ND;ND;ND;ND;ND;ND;ND;ND;ND;ND;ND;ND;ND;ND;ND;ND;ND;ND;ND;ND;ND;ND;ND;ND;ND;ND;ND;ND;ND;ND;ND;ND;ND;ND;ND;ND;ND;ND;ND;ND;ND;ND;ND;ND;ND;ND;ND;ND;ND;ND;ND;ND;ND;ND;ND;ND;ND;ND;ND;ND;ND;ND;ND;ND;ND;ND;ND;ND;ND;ND;ND;ND;ND;ND;ND,"""512,2048""",FLOAT16,ND,N/A,0.0,0,0.0,0.0,0.0,0.0,0.0,0.0,0.0,0.0,0.0,0.0,0.0,49.661,3277615,0.017,0.0,4.415,0.089,31.649,0.637,14.354,0.289,0.0,0.000
0,4294967295,164,47,aclnnMul_MulAiCore_Mul,Mul,dynamic,AI_VECTOR_CORE,1785699090311897.275	,328.686,0.000000,40,0,NO,"""4096,4096;4096,4096""",FLOAT;FLOAT,ND;ND,"""4096,4096""",FLOAT,ND,N/A,0.0,0,0.0,0.0,0.0,0.0,0.0,0.0,0.0,0.0,0.0,0.0,0.0,325.879,21508040,6.784,0.021,3.033,0.009,324.309,0.995,109.265,0.335,0.0,0.000
0,4294967295,165,47,Concat,Concat,dynamic,AI_VECTOR_CORE,1785699090312225.981	,57.501,0.064000,40,0,NO,"""512,16;512,16;512,16;512,16;512,16;512,16;512,16;512,16;512,16;512,16;512,16;512,16;512,16;512,16;512,16;512,16;512,16;512,16;512,16;512,16;512,16;512,16;512,16;512,16;512,16;512,16;512,16;512,16;512,16;512,16;512,16;512,16;512,16;512,16;512,16;512,16;512,16;512,16;512,16;512,16;512,16;512,16;512,16;512,16;512,16;512,16;512,16;512,16;512,16;512,16;512,16;512,16;512,16;512,16;512,16;512,16;512,16;512,16;512,16;512,16;512,16;512,16;512,16;512,16;512,16;512,16;512,16;512,16;512,16;512,16;512,16;512,16;512,16;512,16;512,16;512,16;512,16;512,16;512,16;512,16;512,16;512,16;512,16;512,16;512,16;512,16;512,16;512,16;512,16;512,16;512,16;512,16;512,16;512,16;512,16;512,16;512,16;512,16;512,16;512,16;512,16;512,16;512,16;512,16;512,16;512,16;512,16;512,16;512,16;512,16;512,16;512,16;512,16;512,16;512,16;512,16;512,16;512,16;512,16;512,16;512,16;512,16;512,16;512,16;512,16;512,16;512,16;512,16""",FLOAT16;FLOAT16;FLOAT16;FLOAT16;FLOAT16;FLOAT16;FLOAT16;FLOAT16;FLOAT16;FLOAT16;FLOAT16;FLOAT16;FLOAT16;FLOAT16;FLOAT16;FLOAT16;FLOAT16;FLOAT16;FLOAT16;FLOAT16;FLOAT16;FLOAT16;FLOAT16;FLOAT16;FLOAT16;FLOAT16;FLOAT16;FLOAT16;FLOAT16;FLOAT16;FLOAT16;FLOAT16;FLOAT16;FLOAT16;FLOAT16;FLOAT16;FLOAT16;FLOAT16;FLOAT16;FLOAT16;FLOAT16;FLOAT16;FLOAT16;FLOAT16;FLOAT16;FLOAT16;FLOAT16;FLOAT16;FLOAT16;FLOAT16;FLOAT16;FLOAT16;FLOAT16;FLOAT16;FLOAT16;FLOAT16;FLOAT16;FLOAT16;FLOAT16;FLOAT16;FLOAT16;FLOAT16;FLOAT16;FLOAT16;FLOAT16;FLOAT16;FLOAT16;FLOAT16;FLOAT16;FLOAT16;FLOAT16;FLOAT16;FLOAT16;FLOAT16;FLOAT16;FLOAT16;FLOAT16;FLOAT16;FLOAT16;FLOAT16;FLOAT16;FLOAT16;FLOAT16;FLOAT16;FLOAT16;FLOAT16;FLOAT16;FLOAT16;FLOAT16;FLOAT16;FLOAT16;FLOAT16;FLOAT16;FLOAT16;FLOAT16;FLOAT16;FLOAT16;FLOAT16;FLOAT16;FLOAT16;FLOAT16;FLOAT16;FLOAT16;FLOAT16;FLOAT16;FLOAT16;FLOAT16;FLOAT16;FLOAT16;FLOAT16;FLOAT16;FLOAT16;FLOAT16;FLOAT16;FLOAT16;FLOAT16;FLOAT16;FLOAT16;FLOAT16;FLOAT16;FLOAT16;FLOAT16;FLOAT16;FLOAT16;FLOAT16;FLOAT16;FLOAT16;FLOAT16,ND;ND;ND;ND;ND;ND;ND;ND;ND;ND;ND;ND;ND;ND;ND;ND;ND;ND;ND;ND;ND;ND;ND;ND;ND;ND;ND;ND;ND;ND;ND;ND;ND;ND;ND;ND;ND;ND;ND;ND;ND;ND;ND;ND;ND;ND;ND;ND;ND;ND;ND;ND;ND;ND;ND;ND;ND;ND;ND;ND;ND;ND;ND;ND;ND;ND;ND;ND;ND;ND;ND;ND;ND;ND;ND;ND;ND;ND;ND;ND;ND;ND;ND;ND;ND;ND;ND;ND;ND;ND;ND;ND;ND;ND;ND;ND;ND;ND;ND;ND;ND;ND;ND;ND;ND;ND;ND;ND;ND;ND;ND;ND;ND;ND;ND;ND;ND;ND;ND;ND;ND;ND;ND;ND;ND;ND;ND;ND,"""512,2048""",FLOAT16,ND,N/A,0.0,0,0.0,0.0,0.0,0.0,0.0,0.0,0.0,0.0,0.0,0.0,0.0,48.844,3223702,0.017,0.0,4.656,0.095,29.93,0.613,15.268,0.313,0.0,0.000
0,4294967295,166,47,aclnnMul_MulAiCore_Mul,Mul,dynamic,AI_VECTOR_CORE,1785699090312283.502	,328.347,0.000000,40,0,NO,"""4096,4096;4096,4096""",FLOAT;FLOAT,ND;ND,"""4096,4096""",FLOAT,ND,N/A,0.0,0,0.0,0.0,0.0,0.0,0.0,0.0,0.0,0.0,0.0,0.0,0.0,325.639,21492148,6.784,0.021,2.904,0.009,324.184,0.996,109.838,0.337,0.0,0.000
0,4294967295,167,47,Concat,Concat,dynamic,AI_VECTOR_CORE,1785699090312611.869	,55.101,0.000000,40,0,NO,"""512,16;512,16;512,16;512,16;512,16;512,16;512,16;512,16;512,16;512,16;512,16;512,16;512,16;512,16;512,16;512,16;512,16;512,16;512,16;512,16;512,16;512,16;512,16;512,16;512,16;512,16;512,16;512,16;512,16;512,16;512,16;512,16;512,16;512,16;512,16;512,16;512,16;512,16;512,16;512,16;512,16;512,16;512,16;512,16;512,16;512,16;512,16;512,16;512,16;512,16;512,16;512,16;512,16;512,16;512,16;512,16;512,16;512,16;512,16;512,16;512,16;512,16;512,16;512,16;512,16;512,16;512,16;512,16;512,16;512,16;512,16;512,16;512,16;512,16;512,16;512,16;512,16;512,16;512,16;512,16;512,16;512,16;512,16;512,16;512,16;512,16;512,16;512,16;512,16;512,16;512,16;512,16;512,16;512,16;512,16;512,16;512,16;512,16;512,16;512,16;512,16;512,16;512,16;512,16;512,16;512,16;512,16;512,16;512,16;512,16;512,16;512,16;512,16;512,16;512,16;512,16;512,16;512,16;512,16;512,16;512,16;512,16;512,16;512,16;512,16;512,16;512,16;512,16""",FLOAT16;FLOAT16;FLOAT16;FLOAT16;FLOAT16;FLOAT16;FLOAT16;FLOAT16;FLOAT16;FLOAT16;FLOAT16;FLOAT16;FLOAT16;FLOAT16;FLOAT16;FLOAT16;FLOAT16;FLOAT16;FLOAT16;FLOAT16;FLOAT16;FLOAT16;FLOAT16;FLOAT16;FLOAT16;FLOAT16;FLOAT16;FLOAT16;FLOAT16;FLOAT16;FLOAT16;FLOAT16;FLOAT16;FLOAT16;FLOAT16;FLOAT16;FLOAT16;FLOAT16;FLOAT16;FLOAT16;FLOAT16;FLOAT16;FLOAT16;FLOAT16;FLOAT16;FLOAT16;FLOAT16;FLOAT16;FLOAT16;FLOAT16;FLOAT16;FLOAT16;FLOAT16;FLOAT16;FLOAT16;FLOAT16;FLOAT16;FLOAT16;FLOAT16;FLOAT16;FLOAT16;FLOAT16;FLOAT16;FLOAT16;FLOAT16;FLOAT16;FLOAT16;FLOAT16;FLOAT16;FLOAT16;FLOAT16;FLOAT16;FLOAT16;FLOAT16;FLOAT16;FLOAT16;FLOAT16;FLOAT16;FLOAT16;FLOAT16;FLOAT16;FLOAT16;FLOAT16;FLOAT16;FLOAT16;FLOAT16;FLOAT16;FLOAT16;FLOAT16;FLOAT16;FLOAT16;FLOAT16;FLOAT16;FLOAT16;FLOAT16;FLOAT16;FLOAT16;FLOAT16;FLOAT16;FLOAT16;FLOAT16;FLOAT16;FLOAT16;FLOAT16;FLOAT16;FLOAT16;FLOAT16;FLOAT16;FLOAT16;FLOAT16;FLOAT16;FLOAT16;FLOAT16;FLOAT16;FLOAT16;FLOAT16;FLOAT16;FLOAT16;FLOAT16;FLOAT16;FLOAT16;FLOAT16;FLOAT16;FLOAT16;FLOAT16;FLOAT16;FLOAT16;FLOAT16,ND;ND;ND;ND;ND;ND;ND;ND;ND;ND;ND;ND;ND;ND;ND;ND;ND;ND;ND;ND;ND;ND;ND;ND;ND;ND;ND;ND;ND;ND;ND;ND;ND;ND;ND;ND;ND;ND;ND;ND;ND;ND;ND;ND;ND;ND;ND;ND;ND;ND;ND;ND;ND;ND;ND;ND;ND;ND;ND;ND;ND;ND;ND;ND;ND;ND;ND;ND;ND;ND;ND;ND;ND;ND;ND;ND;ND;ND;ND;ND;ND;ND;ND;ND;ND;ND;ND;ND;ND;ND;ND;ND;ND;ND;ND;ND;ND;ND;ND;ND;ND;ND;ND;ND;ND;ND;ND;ND;ND;ND;ND;ND;ND;ND;ND;ND;ND;ND;ND;ND;ND;ND;ND;ND;ND;ND;ND;ND,"""512,2048""",FLOAT16,ND,N/A,0.0,0,0.0,0.0,0.0,0.0,0.0,0.0,0.0,0.0,0.0,0.0,0.0,46.795,3088484,0.017,0.0,4.104,0.088,29.334,0.627,14.28,0.305,0.0,0.000
0,4294967295,168,47,aclnnMul_MulAiCore_Mul,Mul,dynamic,AI_VECTOR_CORE,1785699090312666.990	,328.367,0.149000,40,0,NO,"""4096,4096;4096,4096""",FLOAT;FLOAT,ND;ND,"""4096,4096""",FLOAT,ND,N/A,0.0,0,0.0,0.0,0.0,0.0,0.0,0.0,0.0,0.0,0.0,0.0,0.0,326.281,21534543,6.784,0.021,3.11,0.01,324.624,0.995,110.553,0.339,0.0,0.000
0,4294967295,169,47,Concat,Concat,dynamic,AI_VECTOR_CORE,1785699090312995.377	,55.741,0.133000,40,0,NO,"""512,16;512,16;512,16;512,16;512,16;512,16;512,16;512,16;512,16;512,16;512,16;512,16;512,16;512,16;512,16;512,16;512,16;512,16;512,16;512,16;512,16;512,16;512,16;512,16;512,16;512,16;512,16;512,16;512,16;512,16;512,16;512,16;512,16;512,16;512,16;512,16;512,16;512,16;512,16;512,16;512,16;512,16;512,16;512,16;512,16;512,16;512,16;512,16;512,16;512,16;512,16;512,16;512,16;512,16;512,16;512,16;512,16;512,16;512,16;512,16;512,16;512,16;512,16;512,16;512,16;512,16;512,16;512,16;512,16;512,16;512,16;512,16;512,16;512,16;512,16;512,16;512,16;512,16;512,16;512,16;512,16;512,16;512,16;512,16;512,16;512,16;512,16;512,16;512,16;512,16;512,16;512,16;512,16;512,16;512,16;512,16;512,16;512,16;512,16;512,16;512,16;512,16;512,16;512,16;512,16;512,16;512,16;512,16;512,16;512,16;512,16;512,16;512,16;512,16;512,16;512,16;512,16;512,16;512,16;512,16;512,16;512,16;512,16;512,16;512,16;512,16;512,16;512,16""",FLOAT16;FLOAT16;FLOAT16;FLOAT16;FLOAT16;FLOAT16;FLOAT16;FLOAT16;FLOAT16;FLOAT16;FLOAT16;FLOAT16;FLOAT16;FLOAT16;FLOAT16;FLOAT16;FLOAT16;FLOAT16;FLOAT16;FLOAT16;FLOAT16;FLOAT16;FLOAT16;FLOAT16;FLOAT16;FLOAT16;FLOAT16;FLOAT16;FLOAT16;FLOAT16;FLOAT16;FLOAT16;FLOAT16;FLOAT16;FLOAT16;FLOAT16;FLOAT16;FLOAT16;FLOAT16;FLOAT16;FLOAT16;FLOAT16;FLOAT16;FLOAT16;FLOAT16;FLOAT16;FLOAT16;FLOAT16;FLOAT16;FLOAT16;FLOAT16;FLOAT16;FLOAT16;FLOAT16;FLOAT16;FLOAT16;FLOAT16;FLOAT16;FLOAT16;FLOAT16;FLOAT16;FLOAT16;FLOAT16;FLOAT16;FLOAT16;FLOAT16;FLOAT16;FLOAT16;FLOAT16;FLOAT16;FLOAT16;FLOAT16;FLOAT16;FLOAT16;FLOAT16;FLOAT16;FLOAT16;FLOAT16;FLOAT16;FLOAT16;FLOAT16;FLOAT16;FLOAT16;FLOAT16;FLOAT16;FLOAT16;FLOAT16;FLOAT16;FLOAT16;FLOAT16;FLOAT16;FLOAT16;FLOAT16;FLOAT16;FLOAT16;FLOAT16;FLOAT16;FLOAT16;FLOAT16;FLOAT16;FLOAT16;FLOAT16;FLOAT16;FLOAT16;FLOAT16;FLOAT16;FLOAT16;FLOAT16;FLOAT16;FLOAT16;FLOAT16;FLOAT16;FLOAT16;FLOAT16;FLOAT16;FLOAT16;FLOAT16;FLOAT16;FLOAT16;FLOAT16;FLOAT16;FLOAT16;FLOAT16;FLOAT16;FLOAT16;FLOAT16;FLOAT16;FLOAT16,ND;ND;ND;ND;ND;ND;ND;ND;ND;ND;ND;ND;ND;ND;ND;ND;ND;ND;ND;ND;ND;ND;ND;ND;ND;ND;ND;ND;ND;ND;ND;ND;ND;ND;ND;ND;ND;ND;ND;ND;ND;ND;ND;ND;ND;ND;ND;ND;ND;ND;ND;ND;ND;ND;ND;ND;ND;ND;ND;ND;ND;ND;ND;ND;ND;ND;ND;ND;ND;ND;ND;ND;ND;ND;ND;ND;ND;ND;ND;ND;ND;ND;ND;ND;ND;ND;ND;ND;ND;ND;ND;ND;ND;ND;ND;ND;ND;ND;ND;ND;ND;ND;ND;ND;ND;ND;ND;ND;ND;ND;ND;ND;ND;ND;ND;ND;ND;ND;ND;ND;ND;ND;ND;ND;ND;ND;ND;ND,"""512,2048""",FLOAT16,ND,N/A,0.0,0,0.0,0.0,0.0,0.0,0.0,0.0,0.0,0.0,0.0,0.0,0.0,47.323,3123347,0.017,0.0,4.507,0.095,29.935,0.633,13.922,0.294,0.0,0.000
0,4294967295,170,47,aclnnMul_MulAiCore_Mul,Mul,dynamic,AI_VECTOR_CORE,1785699090313051.138	,328.186,0.009000,40,0,NO,"""4096,4096;4096,4096""",FLOAT;FLOAT,ND;ND,"""4096,4096""",FLOAT,ND,N/A,0.0,0,0.0,0.0,0.0,0.0,0.0,0.0,0.0,0.0,0.0,0.0,0.0,325.715,21497160,6.784,0.021,2.976,0.009,324.15,0.995,110.062,0.338,0.0,0.000
0,4294967295,171,47,Concat,Concat,dynamic,AI_VECTOR_CORE,1785699090313379.344	,56.422,0.000000,40,0,NO,"""512,16;512,16;512,16;512,16;512,16;512,16;512,16;512,16;512,16;512,16;512,16;512,16;512,16;512,16;512,16;512,16;512,16;512,16;512,16;512,16;512,16;512,16;512,16;512,16;512,16;512,16;512,16;512,16;512,16;512,16;512,16;512,16;512,16;512,16;512,16;512,16;512,16;512,16;512,16;512,16;512,16;512,16;512,16;512,16;512,16;512,16;512,16;512,16;512,16;512,16;512,16;512,16;512,16;512,16;512,16;512,16;512,16;512,16;512,16;512,16;512,16;512,16;512,16;512,16;512,16;512,16;512,16;512,16;512,16;512,16;512,16;512,16;512,16;512,16;512,16;512,16;512,16;512,16;512,16;512,16;512,16;512,16;512,16;512,16;512,16;512,16;512,16;512,16;512,16;512,16;512,16;512,16;512,16;512,16;512,16;512,16;512,16;512,16;512,16;512,16;512,16;512,16;512,16;512,16;512,16;512,16;512,16;512,16;512,16;512,16;512,16;512,16;512,16;512,16;512,16;512,16;512,16;512,16;512,16;512,16;512,16;512,16;512,16;512,16;512,16;512,16;512,16;512,16""",FLOAT16;FLOAT16;FLOAT16;FLOAT16;FLOAT16;FLOAT16;FLOAT16;FLOAT16;FLOAT16;FLOAT16;FLOAT16;FLOAT16;FLOAT16;FLOAT16;FLOAT16;FLOAT16;FLOAT16;FLOAT16;FLOAT16;FLOAT16;FLOAT16;FLOAT16;FLOAT16;FLOAT16;FLOAT16;FLOAT16;FLOAT16;FLOAT16;FLOAT16;FLOAT16;FLOAT16;FLOAT16;FLOAT16;FLOAT16;FLOAT16;FLOAT16;FLOAT16;FLOAT16;FLOAT16;FLOAT16;FLOAT16;FLOAT16;FLOAT16;FLOAT16;FLOAT16;FLOAT16;FLOAT16;FLOAT16;FLOAT16;FLOAT16;FLOAT16;FLOAT16;FLOAT16;FLOAT16;FLOAT16;FLOAT16;FLOAT16;FLOAT16;FLOAT16;FLOAT16;FLOAT16;FLOAT16;FLOAT16;FLOAT16;FLOAT16;FLOAT16;FLOAT16;FLOAT16;FLOAT16;FLOAT16;FLOAT16;FLOAT16;FLOAT16;FLOAT16;FLOAT16;FLOAT16;FLOAT16;FLOAT16;FLOAT16;FLOAT16;FLOAT16;FLOAT16;FLOAT16;FLOAT16;FLOAT16;FLOAT16;FLOAT16;FLOAT16;FLOAT16;FLOAT16;FLOAT16;FLOAT16;FLOAT16;FLOAT16;FLOAT16;FLOAT16;FLOAT16;FLOAT16;FLOAT16;FLOAT16;FLOAT16;FLOAT16;FLOAT16;FLOAT16;FLOAT16;FLOAT16;FLOAT16;FLOAT16;FLOAT16;FLOAT16;FLOAT16;FLOAT16;FLOAT16;FLOAT16;FLOAT16;FLOAT16;FLOAT16;FLOAT16;FLOAT16;FLOAT16;FLOAT16;FLOAT16;FLOAT16;FLOAT16;FLOAT16;FLOAT16;FLOAT16;FLOAT16,ND;ND;ND;ND;ND;ND;ND;ND;ND;ND;ND;ND;ND;ND;ND;ND;ND;ND;ND;ND;ND;ND;ND;ND;ND;ND;ND;ND;ND;ND;ND;ND;ND;ND;ND;ND;ND;ND;ND;ND;ND;ND;ND;ND;ND;ND;ND;ND;ND;ND;ND;ND;ND;ND;ND;ND;ND;ND;ND;ND;ND;ND;ND;ND;ND;ND;ND;ND;ND;ND;ND;ND;ND;ND;ND;ND;ND;ND;ND;ND;ND;ND;ND;ND;ND;ND;ND;ND;ND;ND;ND;ND;ND;ND;ND;ND;ND;ND;ND;ND;ND;ND;ND;ND;ND;ND;ND;ND;ND;ND;ND;ND;ND;ND;ND;ND;ND;ND;ND;ND;ND;ND;ND;ND;ND;ND;ND;ND,"""512,2048""",FLOAT16,ND,N/A,0.0,0,0.0,0.0,0.0,0.0,0.0,0.0,0.0,0.0,0.0,0.0,0.0,47.827,3156592,0.017,0.0,5.613,0.117,30.473,0.637,13.409,0.28,0.0,0.000
0,4294967295,172,47,aclnnMul_MulAiCore_Mul,Mul,dynamic,AI_VECTOR_CORE,1785699090313435.806	,327.746,0.078000,40,0,NO,"""4096,4096;4096,4096""",FLOAT;FLOAT,ND;ND,"""4096,4096""",FLOAT,ND,N/A,0.0,0,0.0,0.0,0.0,0.0,0.0,0.0,0.0,0.0,0.0,0.0,0.0,325.93,21511349,6.784,0.021,3.115,0.01,324.256,0.995,110.122,0.338,0.0,0.000
0,4294967295,173,47,Concat,Concat,dynamic,AI_VECTOR_CORE,1785699090313763.592	,56.081,0.004000,40,0,NO,"""512,16;512,16;512,16;512,16;512,16;512,16;512,16;512,16;512,16;512,16;512,16;512,16;512,16;512,16;512,16;512,16;512,16;512,16;512,16;512,16;512,16;512,16;512,16;512,16;512,16;512,16;512,16;512,16;512,16;512,16;512,16;512,16;512,16;512,16;512,16;512,16;512,16;512,16;512,16;512,16;512,16;512,16;512,16;512,16;512,16;512,16;512,16;512,16;512,16;512,16;512,16;512,16;512,16;512,16;512,16;512,16;512,16;512,16;512,16;512,16;512,16;512,16;512,16;512,16;512,16;512,16;512,16;512,16;512,16;512,16;512,16;512,16;512,16;512,16;512,16;512,16;512,16;512,16;512,16;512,16;512,16;512,16;512,16;512,16;512,16;512,16;512,16;512,16;512,16;512,16;512,16;512,16;512,16;512,16;512,16;512,16;512,16;512,16;512,16;512,16;512,16;512,16;512,16;512,16;512,16;512,16;512,16;512,16;512,16;512,16;512,16;512,16;512,16;512,16;512,16;512,16;512,16;512,16;512,16;512,16;512,16;512,16;512,16;512,16;512,16;512,16;512,16;512,16""",FLOAT16;FLOAT16;FLOAT16;FLOAT16;FLOAT16;FLOAT16;FLOAT16;FLOAT16;FLOAT16;FLOAT16;FLOAT16;FLOAT16;FLOAT16;FLOAT16;FLOAT16;FLOAT16;FLOAT16;FLOAT16;FLOAT16;FLOAT16;FLOAT16;FLOAT16;FLOAT16;FLOAT16;FLOAT16;FLOAT16;FLOAT16;FLOAT16;FLOAT16;FLOAT16;FLOAT16;FLOAT16;FLOAT16;FLOAT16;FLOAT16;FLOAT16;FLOAT16;FLOAT16;FLOAT16;FLOAT16;FLOAT16;FLOAT16;FLOAT16;FLOAT16;FLOAT16;FLOAT16;FLOAT16;FLOAT16;FLOAT16;FLOAT16;FLOAT16;FLOAT16;FLOAT16;FLOAT16;FLOAT16;FLOAT16;FLOAT16;FLOAT16;FLOAT16;FLOAT16;FLOAT16;FLOAT16;FLOAT16;FLOAT16;FLOAT16;FLOAT16;FLOAT16;FLOAT16;FLOAT16;FLOAT16;FLOAT16;FLOAT16;FLOAT16;FLOAT16;FLOAT16;FLOAT16;FLOAT16;FLOAT16;FLOAT16;FLOAT16;FLOAT16;FLOAT16;FLOAT16;FLOAT16;FLOAT16;FLOAT16;FLOAT16;FLOAT16;FLOAT16;FLOAT16;FLOAT16;FLOAT16;FLOAT16;FLOAT16;FLOAT16;FLOAT16;FLOAT16;FLOAT16;FLOAT16;FLOAT16;FLOAT16;FLOAT16;FLOAT16;FLOAT16;FLOAT16;FLOAT16;FLOAT16;FLOAT16;FLOAT16;FLOAT16;FLOAT16;FLOAT16;FLOAT16;FLOAT16;FLOAT16;FLOAT16;FLOAT16;FLOAT16;FLOAT16;FLOAT16;FLOAT16;FLOAT16;FLOAT16;FLOAT16;FLOAT16;FLOAT16;FLOAT16;FLOAT16,ND;ND;ND;ND;ND;ND;ND;ND;ND;ND;ND;ND;ND;ND;ND;ND;ND;ND;ND;ND;ND;ND;ND;ND;ND;ND;ND;ND;ND;ND;ND;ND;ND;ND;ND;ND;ND;ND;ND;ND;ND;ND;ND;ND;ND;ND;ND;ND;ND;ND;ND;ND;ND;ND;ND;ND;ND;ND;ND;ND;ND;ND;ND;ND;ND;ND;ND;ND;ND;ND;ND;ND;ND;ND;ND;ND;ND;ND;ND;ND;ND;ND;ND;ND;ND;ND;ND;ND;ND;ND;ND;ND;ND;ND;ND;ND;ND;ND;ND;ND;ND;ND;ND;ND;ND;ND;ND;ND;ND;ND;ND;ND;ND;ND;ND;ND;ND;ND;ND;ND;ND;ND;ND;ND;ND;ND;ND;ND,"""512,2048""",FLOAT16,ND,N/A,0.0,0,0.0,0.0,0.0,0.0,0.0,0.0,0.0,0.0,0.0,0.0,0.0,47.545,3137973,0.017,0.0,4.39,0.092,29.666,0.624,14.31,0.301,0.0,0.000
0,4294967295,174,47,aclnnMul_MulAiCore_Mul,Mul,dynamic,AI_VECTOR_CORE,1785699090313819.693	,328.627,0.169000,40,0,NO,"""4096,4096;4096,4096""",FLOAT;FLOAT,ND;ND,"""4096,4096""",FLOAT,ND,N/A,0.0,0,0.0,0.0,0.0,0.0,0.0,0.0,0.0,0.0,0.0,0.0,0.0,326.086,21521705,6.784,0.021,2.994,0.009,324.546,0.995,109.102,0.335,0.0,0.000
0,4294967295,175,47,Concat,Concat,dynamic,AI_VECTOR_CORE,1785699090314148.360	,54.741,0.000000,40,0,NO,"""512,16;512,16;512,16;512,16;512,16;512,16;512,16;512,16;512,16;512,16;512,16;512,16;512,16;512,16;512,16;512,16;512,16;512,16;512,16;512,16;512,16;512,16;512,16;512,16;512,16;512,16;512,16;512,16;512,16;512,16;512,16;512,16;512,16;512,16;512,16;512,16;512,16;512,16;512,16;512,16;512,16;512,16;512,16;512,16;512,16;512,16;512,16;512,16;512,16;512,16;512,16;512,16;512,16;512,16;512,16;512,16;512,16;512,16;512,16;512,16;512,16;512,16;512,16;512,16;512,16;512,16;512,16;512,16;512,16;512,16;512,16;512,16;512,16;512,16;512,16;512,16;512,16;512,16;512,16;512,16;512,16;512,16;512,16;512,16;512,16;512,16;512,16;512,16;512,16;512,16;512,16;512,16;512,16;512,16;512,16;512,16;512,16;512,16;512,16;512,16;512,16;512,16;512,16;512,16;512,16;512,16;512,16;512,16;512,16;512,16;512,16;512,16;512,16;512,16;512,16;512,16;512,16;512,16;512,16;512,16;512,16;512,16;512,16;512,16;512,16;512,16;512,16;512,16""",FLOAT16;FLOAT16;FLOAT16;FLOAT16;FLOAT16;FLOAT16;FLOAT16;FLOAT16;FLOAT16;FLOAT16;FLOAT16;FLOAT16;FLOAT16;FLOAT16;FLOAT16;FLOAT16;FLOAT16;FLOAT16;FLOAT16;FLOAT16;FLOAT16;FLOAT16;FLOAT16;FLOAT16;FLOAT16;FLOAT16;FLOAT16;FLOAT16;FLOAT16;FLOAT16;FLOAT16;FLOAT16;FLOAT16;FLOAT16;FLOAT16;FLOAT16;FLOAT16;FLOAT16;FLOAT16;FLOAT16;FLOAT16;FLOAT16;FLOAT16;FLOAT16;FLOAT16;FLOAT16;FLOAT16;FLOAT16;FLOAT16;FLOAT16;FLOAT16;FLOAT16;FLOAT16;FLOAT16;FLOAT16;FLOAT16;FLOAT16;FLOAT16;FLOAT16;FLOAT16;FLOAT16;FLOAT16;FLOAT16;FLOAT16;FLOAT16;FLOAT16;FLOAT16;FLOAT16;FLOAT16;FLOAT16;FLOAT16;FLOAT16;FLOAT16;FLOAT16;FLOAT16;FLOAT16;FLOAT16;FLOAT16;FLOAT16;FLOAT16;FLOAT16;FLOAT16;FLOAT16;FLOAT16;FLOAT16;FLOAT16;FLOAT16;FLOAT16;FLOAT16;FLOAT16;FLOAT16;FLOAT16;FLOAT16;FLOAT16;FLOAT16;FLOAT16;FLOAT16;FLOAT16;FLOAT16;FLOAT16;FLOAT16;FLOAT16;FLOAT16;FLOAT16;FLOAT16;FLOAT16;FLOAT16;FLOAT16;FLOAT16;FLOAT16;FLOAT16;FLOAT16;FLOAT16;FLOAT16;FLOAT16;FLOAT16;FLOAT16;FLOAT16;FLOAT16;FLOAT16;FLOAT16;FLOAT16;FLOAT16;FLOAT16;FLOAT16;FLOAT16;FLOAT16;FLOAT16,ND;ND;ND;ND;ND;ND;ND;ND;ND;ND;ND;ND;ND;ND;ND;ND;ND;ND;ND;ND;ND;ND;ND;ND;ND;ND;ND;ND;ND;ND;ND;ND;ND;ND;ND;ND;ND;ND;ND;ND;ND;ND;ND;ND;ND;ND;ND;ND;ND;ND;ND;ND;ND;ND;ND;ND;ND;ND;ND;ND;ND;ND;ND;ND;ND;ND;ND;ND;ND;ND;ND;ND;ND;ND;ND;ND;ND;ND;ND;ND;ND;ND;ND;ND;ND;ND;ND;ND;ND;ND;ND;ND;ND;ND;ND;ND;ND;ND;ND;ND;ND;ND;ND;ND;ND;ND;ND;ND;ND;ND;ND;ND;ND;ND;ND;ND;ND;ND;ND;ND;ND;ND;ND;ND;ND;ND;ND;ND,"""512,2048""",FLOAT16,ND,N/A,0.0,0,0.0,0.0,0.0,0.0,0.0,0.0,0.0,0.0,0.0,0.0,0.0,46.306,3056175,0.017,0.0,4.146,0.09,29.575,0.639,13.517,0.292,0.0,0.000
0,4294967295,176,47,aclnnMul_MulAiCore_Mul,Mul,dynamic,AI_VECTOR_CORE,1785699090314203.141	,327.686,0.259000,40,0,NO,"""4096,4096;4096,4096""",FLOAT;FLOAT,ND;ND,"""4096,4096""",FLOAT,ND,N/A,0.0,0,0.0,0.0,0.0,0.0,0.0,0.0,0.0,0.0,0.0,0.0,0.0,325.572,21487729,6.784,0.021,2.947,0.009,324.065,0.995,108.375,0.333,0.0,0.000
0,4294967295,177,47,Concat,Concat,dynamic,AI_VECTOR_CORE,1785699090314530.847	,54.641,0.000000,40,0,NO,"""512,16;512,16;512,16;512,16;512,16;512,16;512,16;512,16;512,16;512,16;512,16;512,16;512,16;512,16;512,16;512,16;512,16;512,16;512,16;512,16;512,16;512,16;512,16;512,16;512,16;512,16;512,16;512,16;512,16;512,16;512,16;512,16;512,16;512,16;512,16;512,16;512,16;512,16;512,16;512,16;512,16;512,16;512,16;512,16;512,16;512,16;512,16;512,16;512,16;512,16;512,16;512,16;512,16;512,16;512,16;512,16;512,16;512,16;512,16;512,16;512,16;512,16;512,16;512,16;512,16;512,16;512,16;512,16;512,16;512,16;512,16;512,16;512,16;512,16;512,16;512,16;512,16;512,16;512,16;512,16;512,16;512,16;512,16;512,16;512,16;512,16;512,16;512,16;512,16;512,16;512,16;512,16;512,16;512,16;512,16;512,16;512,16;512,16;512,16;512,16;512,16;512,16;512,16;512,16;512,16;512,16;512,16;512,16;512,16;512,16;512,16;512,16;512,16;512,16;512,16;512,16;512,16;512,16;512,16;512,16;512,16;512,16;512,16;512,16;512,16;512,16;512,16;512,16""",FLOAT16;FLOAT16;FLOAT16;FLOAT16;FLOAT16;FLOAT16;FLOAT16;FLOAT16;FLOAT16;FLOAT16;FLOAT16;FLOAT16;FLOAT16;FLOAT16;FLOAT16;FLOAT16;FLOAT16;FLOAT16;FLOAT16;FLOAT16;FLOAT16;FLOAT16;FLOAT16;FLOAT16;FLOAT16;FLOAT16;FLOAT16;FLOAT16;FLOAT16;FLOAT16;FLOAT16;FLOAT16;FLOAT16;FLOAT16;FLOAT16;FLOAT16;FLOAT16;FLOAT16;FLOAT16;FLOAT16;FLOAT16;FLOAT16;FLOAT16;FLOAT16;FLOAT16;FLOAT16;FLOAT16;FLOAT16;FLOAT16;FLOAT16;FLOAT16;FLOAT16;FLOAT16;FLOAT16;FLOAT16;FLOAT16;FLOAT16;FLOAT16;FLOAT16;FLOAT16;FLOAT16;FLOAT16;FLOAT16;FLOAT16;FLOAT16;FLOAT16;FLOAT16;FLOAT16;FLOAT16;FLOAT16;FLOAT16;FLOAT16;FLOAT16;FLOAT16;FLOAT16;FLOAT16;FLOAT16;FLOAT16;FLOAT16;FLOAT16;FLOAT16;FLOAT16;FLOAT16;FLOAT16;FLOAT16;FLOAT16;FLOAT16;FLOAT16;FLOAT16;FLOAT16;FLOAT16;FLOAT16;FLOAT16;FLOAT16;FLOAT16;FLOAT16;FLOAT16;FLOAT16;FLOAT16;FLOAT16;FLOAT16;FLOAT16;FLOAT16;FLOAT16;FLOAT16;FLOAT16;FLOAT16;FLOAT16;FLOAT16;FLOAT16;FLOAT16;FLOAT16;FLOAT16;FLOAT16;FLOAT16;FLOAT16;FLOAT16;FLOAT16;FLOAT16;FLOAT16;FLOAT16;FLOAT16;FLOAT16;FLOAT16;FLOAT16;FLOAT16;FLOAT16;FLOAT16,ND;ND;ND;ND;ND;ND;ND;ND;ND;ND;ND;ND;ND;ND;ND;ND;ND;ND;ND;ND;ND;ND;ND;ND;ND;ND;ND;ND;ND;ND;ND;ND;ND;ND;ND;ND;ND;ND;ND;ND;ND;ND;ND;ND;ND;ND;ND;ND;ND;ND;ND;ND;ND;ND;ND;ND;ND;ND;ND;ND;ND;ND;ND;ND;ND;ND;ND;ND;ND;ND;ND;ND;ND;ND;ND;ND;ND;ND;ND;ND;ND;ND;ND;ND;ND;ND;ND;ND;ND;ND;ND;ND;ND;ND;ND;ND;ND;ND;ND;ND;ND;ND;ND;ND;ND;ND;ND;ND;ND;ND;ND;ND;ND;ND;ND;ND;ND;ND;ND;ND;ND;ND;ND;ND;ND;ND;ND;ND,"""512,2048""",FLOAT16,ND,N/A,0.0,0,0.0,0.0,0.0,0.0,0.0,0.0,0.0,0.0,0.0,0.0,0.0,46.32,3057131,0.017,0.0,4.383,0.095,29.219,0.631,13.788,0.298,0.0,0.000
0,4294967295,178,47,aclnnMul_MulAiCore_Mul,Mul,dynamic,AI_VECTOR_CORE,1785699090314585.508	,327.367,0.109000,40,0,NO,"""4096,4096;4096,4096""",FLOAT;FLOAT,ND;ND,"""4096,4096""",FLOAT,ND,N/A,0.0,0,0.0,0.0,0.0,0.0,0.0,0.0,0.0,0.0,0.0,0.0,0.0,325.171,21461306,6.784,0.021,2.992,0.009,323.634,0.995,108.937,0.335,0.0,0.000
0,4294967295,179,47,Concat,Concat,dynamic,AI_VECTOR_CORE,1785699090314912.915	,57.241,0.133000,40,0,NO,"""512,16;512,16;512,16;512,16;512,16;512,16;512,16;512,16;512,16;512,16;512,16;512,16;512,16;512,16;512,16;512,16;512,16;512,16;512,16;512,16;512,16;512,16;512,16;512,16;512,16;512,16;512,16;512,16;512,16;512,16;512,16;512,16;512,16;512,16;512,16;512,16;512,16;512,16;512,16;512,16;512,16;512,16;512,16;512,16;512,16;512,16;512,16;512,16;512,16;512,16;512,16;512,16;512,16;512,16;512,16;512,16;512,16;512,16;512,16;512,16;512,16;512,16;512,16;512,16;512,16;512,16;512,16;512,16;512,16;512,16;512,16;512,16;512,16;512,16;512,16;512,16;512,16;512,16;512,16;512,16;512,16;512,16;512,16;512,16;512,16;512,16;512,16;512,16;512,16;512,16;512,16;512,16;512,16;512,16;512,16;512,16;512,16;512,16;512,16;512,16;512,16;512,16;512,16;512,16;512,16;512,16;512,16;512,16;512,16;512,16;512,16;512,16;512,16;512,16;512,16;512,16;512,16;512,16;512,16;512,16;512,16;512,16;512,16;512,16;512,16;512,16;512,16;512,16""",FLOAT16;FLOAT16;FLOAT16;FLOAT16;FLOAT16;FLOAT16;FLOAT16;FLOAT16;FLOAT16;FLOAT16;FLOAT16;FLOAT16;FLOAT16;FLOAT16;FLOAT16;FLOAT16;FLOAT16;FLOAT16;FLOAT16;FLOAT16;FLOAT16;FLOAT16;FLOAT16;FLOAT16;FLOAT16;FLOAT16;FLOAT16;FLOAT16;FLOAT16;FLOAT16;FLOAT16;FLOAT16;FLOAT16;FLOAT16;FLOAT16;FLOAT16;FLOAT16;FLOAT16;FLOAT16;FLOAT16;FLOAT16;FLOAT16;FLOAT16;FLOAT16;FLOAT16;FLOAT16;FLOAT16;FLOAT16;FLOAT16;FLOAT16;FLOAT16;FLOAT16;FLOAT16;FLOAT16;FLOAT16;FLOAT16;FLOAT16;FLOAT16;FLOAT16;FLOAT16;FLOAT16;FLOAT16;FLOAT16;FLOAT16;FLOAT16;FLOAT16;FLOAT16;FLOAT16;FLOAT16;FLOAT16;FLOAT16;FLOAT16;FLOAT16;FLOAT16;FLOAT16;FLOAT16;FLOAT16;FLOAT16;FLOAT16;FLOAT16;FLOAT16;FLOAT16;FLOAT16;FLOAT16;FLOAT16;FLOAT16;FLOAT16;FLOAT16;FLOAT16;FLOAT16;FLOAT16;FLOAT16;FLOAT16;FLOAT16;FLOAT16;FLOAT16;FLOAT16;FLOAT16;FLOAT16;FLOAT16;FLOAT16;FLOAT16;FLOAT16;FLOAT16;FLOAT16;FLOAT16;FLOAT16;FLOAT16;FLOAT16;FLOAT16;FLOAT16;FLOAT16;FLOAT16;FLOAT16;FLOAT16;FLOAT16;FLOAT16;FLOAT16;FLOAT16;FLOAT16;FLOAT16;FLOAT16;FLOAT16;FLOAT16;FLOAT16;FLOAT16;FLOAT16;FLOAT16,ND;ND;ND;ND;ND;ND;ND;ND;ND;ND;ND;ND;ND;ND;ND;ND;ND;ND;ND;ND;ND;ND;ND;ND;ND;ND;ND;ND;ND;ND;ND;ND;ND;ND;ND;ND;ND;ND;ND;ND;ND;ND;ND;ND;ND;ND;ND;ND;ND;ND;ND;ND;ND;ND;ND;ND;ND;ND;ND;ND;ND;ND;ND;ND;ND;ND;ND;ND;ND;ND;ND;ND;ND;ND;ND;ND;ND;ND;ND;ND;ND;ND;ND;ND;ND;ND;ND;ND;ND;ND;ND;ND;ND;ND;ND;ND;ND;ND;ND;ND;ND;ND;ND;ND;ND;ND;ND;ND;ND;ND;ND;ND;ND;ND;ND;ND;ND;ND;ND;ND;ND;ND;ND;ND;ND;ND;ND;ND,"""512,2048""",FLOAT16,ND,N/A,0.0,0,0.0,0.0,0.0,0.0,0.0,0.0,0.0,0.0,0.0,0.0,0.0,48.455,3197997,0.017,0.0,4.588,0.095,30.35,0.626,14.439,0.298,0.0,0.000
0,4294967295,180,47,aclnnMul_MulAiCore_Mul,Mul,dynamic,AI_VECTOR_CORE,1785699090314970.176	,328.387,0.009000,40,0,NO,"""4096,4096;4096,4096""",FLOAT;FLOAT,ND;ND,"""4096,4096""",FLOAT,ND,N/A,0.0,0,0.0,0.0,0.0,0.0,0.0,0.0,0.0,0.0,0.0,0.0,0.0,326.048,21519196,6.784,0.021,3.074,0.009,324.409,0.995,110.318,0.338,0.0,0.000
0,4294967295,181,47,Concat,Concat,dynamic,AI_VECTOR_CORE,1785699090315298.583	,57.441,0.000000,40,0,NO,"""512,16;512,16;512,16;512,16;512,16;512,16;512,16;512,16;512,16;512,16;512,16;512,16;512,16;512,16;512,16;512,16;512,16;512,16;512,16;512,16;512,16;512,16;512,16;512,16;512,16;512,16;512,16;512,16;512,16;512,16;512,16;512,16;512,16;512,16;512,16;512,16;512,16;512,16;512,16;512,16;512,16;512,16;512,16;512,16;512,16;512,16;512,16;512,16;512,16;512,16;512,16;512,16;512,16;512,16;512,16;512,16;512,16;512,16;512,16;512,16;512,16;512,16;512,16;512,16;512,16;512,16;512,16;512,16;512,16;512,16;512,16;512,16;512,16;512,16;512,16;512,16;512,16;512,16;512,16;512,16;512,16;512,16;512,16;512,16;512,16;512,16;512,16;512,16;512,16;512,16;512,16;512,16;512,16;512,16;512,16;512,16;512,16;512,16;512,16;512,16;512,16;512,16;512,16;512,16;512,16;512,16;512,16;512,16;512,16;512,16;512,16;512,16;512,16;512,16;512,16;512,16;512,16;512,16;512,16;512,16;512,16;512,16;512,16;512,16;512,16;512,16;512,16;512,16""",FLOAT16;FLOAT16;FLOAT16;FLOAT16;FLOAT16;FLOAT16;FLOAT16;FLOAT16;FLOAT16;FLOAT16;FLOAT16;FLOAT16;FLOAT16;FLOAT16;FLOAT16;FLOAT16;FLOAT16;FLOAT16;FLOAT16;FLOAT16;FLOAT16;FLOAT16;FLOAT16;FLOAT16;FLOAT16;FLOAT16;FLOAT16;FLOAT16;FLOAT16;FLOAT16;FLOAT16;FLOAT16;FLOAT16;FLOAT16;FLOAT16;FLOAT16;FLOAT16;FLOAT16;FLOAT16;FLOAT16;FLOAT16;FLOAT16;FLOAT16;FLOAT16;FLOAT16;FLOAT16;FLOAT16;FLOAT16;FLOAT16;FLOAT16;FLOAT16;FLOAT16;FLOAT16;FLOAT16;FLOAT16;FLOAT16;FLOAT16;FLOAT16;FLOAT16;FLOAT16;FLOAT16;FLOAT16;FLOAT16;FLOAT16;FLOAT16;FLOAT16;FLOAT16;FLOAT16;FLOAT16;FLOAT16;FLOAT16;FLOAT16;FLOAT16;FLOAT16;FLOAT16;FLOAT16;FLOAT16;FLOAT16;FLOAT16;FLOAT16;FLOAT16;FLOAT16;FLOAT16;FLOAT16;FLOAT16;FLOAT16;FLOAT16;FLOAT16;FLOAT16;FLOAT16;FLOAT16;FLOAT16;FLOAT16;FLOAT16;FLOAT16;FLOAT16;FLOAT16;FLOAT16;FLOAT16;FLOAT16;FLOAT16;FLOAT16;FLOAT16;FLOAT16;FLOAT16;FLOAT16;FLOAT16;FLOAT16;FLOAT16;FLOAT16;FLOAT16;FLOAT16;FLOAT16;FLOAT16;FLOAT16;FLOAT16;FLOAT16;FLOAT16;FLOAT16;FLOAT16;FLOAT16;FLOAT16;FLOAT16;FLOAT16;FLOAT16;FLOAT16;FLOAT16;FLOAT16,ND;ND;ND;ND;ND;ND;ND;ND;ND;ND;ND;ND;ND;ND;ND;ND;ND;ND;ND;ND;ND;ND;ND;ND;ND;ND;ND;ND;ND;ND;ND;ND;ND;ND;ND;ND;ND;ND;ND;ND;ND;ND;ND;ND;ND;ND;ND;ND;ND;ND;ND;ND;ND;ND;ND;ND;ND;ND;ND;ND;ND;ND;ND;ND;ND;ND;ND;ND;ND;ND;ND;ND;ND;ND;ND;ND;ND;ND;ND;ND;ND;ND;ND;ND;ND;ND;ND;ND;ND;ND;ND;ND;ND;ND;ND;ND;ND;ND;ND;ND;ND;ND;ND;ND;ND;ND;ND;ND;ND;ND;ND;ND;ND;ND;ND;ND;ND;ND;ND;ND;ND;ND;ND;ND;ND;ND;ND;ND,"""512,2048""",FLOAT16,ND,N/A,0.0,0,0.0,0.0,0.0,0.0,0.0,0.0,0.0,0.0,0.0,0.0,0.0,48.694,3213771,0.017,0.0,4.32,0.089,30.447,0.625,14.753,0.303,0.0,0.000
0,4294967295,182,47,aclnnMul_MulAiCore_Mul,Mul,dynamic,AI_VECTOR_CORE,1785699090315356.044	,328.646,0.059000,40,0,NO,"""4096,4096;4096,4096""",FLOAT;FLOAT,ND;ND,"""4096,4096""",FLOAT,ND,N/A,0.0,0,0.0,0.0,0.0,0.0,0.0,0.0,0.0,0.0,0.0,0.0,0.0,325.862,21506914,6.784,0.021,3.005,0.009,324.29,0.995,109.103,0.335,0.0,0.000
0,4294967295,183,47,Concat,Concat,dynamic,AI_VECTOR_CORE,1785699090315684.710	,54.922,0.104000,40,0,NO,"""512,16;512,16;512,16;512,16;512,16;512,16;512,16;512,16;512,16;512,16;512,16;512,16;512,16;512,16;512,16;512,16;512,16;512,16;512,16;512,16;512,16;512,16;512,16;512,16;512,16;512,16;512,16;512,16;512,16;512,16;512,16;512,16;512,16;512,16;512,16;512,16;512,16;512,16;512,16;512,16;512,16;512,16;512,16;512,16;512,16;512,16;512,16;512,16;512,16;512,16;512,16;512,16;512,16;512,16;512,16;512,16;512,16;512,16;512,16;512,16;512,16;512,16;512,16;512,16;512,16;512,16;512,16;512,16;512,16;512,16;512,16;512,16;512,16;512,16;512,16;512,16;512,16;512,16;512,16;512,16;512,16;512,16;512,16;512,16;512,16;512,16;512,16;512,16;512,16;512,16;512,16;512,16;512,16;512,16;512,16;512,16;512,16;512,16;512,16;512,16;512,16;512,16;512,16;512,16;512,16;512,16;512,16;512,16;512,16;512,16;512,16;512,16;512,16;512,16;512,16;512,16;512,16;512,16;512,16;512,16;512,16;512,16;512,16;512,16;512,16;512,16;512,16;512,16""",FLOAT16;FLOAT16;FLOAT16;FLOAT16;FLOAT16;FLOAT16;FLOAT16;FLOAT16;FLOAT16;FLOAT16;FLOAT16;FLOAT16;FLOAT16;FLOAT16;FLOAT16;FLOAT16;FLOAT16;FLOAT16;FLOAT16;FLOAT16;FLOAT16;FLOAT16;FLOAT16;FLOAT16;FLOAT16;FLOAT16;FLOAT16;FLOAT16;FLOAT16;FLOAT16;FLOAT16;FLOAT16;FLOAT16;FLOAT16;FLOAT16;FLOAT16;FLOAT16;FLOAT16;FLOAT16;FLOAT16;FLOAT16;FLOAT16;FLOAT16;FLOAT16;FLOAT16;FLOAT16;FLOAT16;FLOAT16;FLOAT16;FLOAT16;FLOAT16;FLOAT16;FLOAT16;FLOAT16;FLOAT16;FLOAT16;FLOAT16;FLOAT16;FLOAT16;FLOAT16;FLOAT16;FLOAT16;FLOAT16;FLOAT16;FLOAT16;FLOAT16;FLOAT16;FLOAT16;FLOAT16;FLOAT16;FLOAT16;FLOAT16;FLOAT16;FLOAT16;FLOAT16;FLOAT16;FLOAT16;FLOAT16;FLOAT16;FLOAT16;FLOAT16;FLOAT16;FLOAT16;FLOAT16;FLOAT16;FLOAT16;FLOAT16;FLOAT16;FLOAT16;FLOAT16;FLOAT16;FLOAT16;FLOAT16;FLOAT16;FLOAT16;FLOAT16;FLOAT16;FLOAT16;FLOAT16;FLOAT16;FLOAT16;FLOAT16;FLOAT16;FLOAT16;FLOAT16;FLOAT16;FLOAT16;FLOAT16;FLOAT16;FLOAT16;FLOAT16;FLOAT16;FLOAT16;FLOAT16;FLOAT16;FLOAT16;FLOAT16;FLOAT16;FLOAT16;FLOAT16;FLOAT16;FLOAT16;FLOAT16;FLOAT16;FLOAT16;FLOAT16;FLOAT16;FLOAT16,ND;ND;ND;ND;ND;ND;ND;ND;ND;ND;ND;ND;ND;ND;ND;ND;ND;ND;ND;ND;ND;ND;ND;ND;ND;ND;ND;ND;ND;ND;ND;ND;ND;ND;ND;ND;ND;ND;ND;ND;ND;ND;ND;ND;ND;ND;ND;ND;ND;ND;ND;ND;ND;ND;ND;ND;ND;ND;ND;ND;ND;ND;ND;ND;ND;ND;ND;ND;ND;ND;ND;ND;ND;ND;ND;ND;ND;ND;ND;ND;ND;ND;ND;ND;ND;ND;ND;ND;ND;ND;ND;ND;ND;ND;ND;ND;ND;ND;ND;ND;ND;ND;ND;ND;ND;ND;ND;ND;ND;ND;ND;ND;ND;ND;ND;ND;ND;ND;ND;ND;ND;ND;ND;ND;ND;ND;ND;ND,"""512,2048""",FLOAT16,ND,N/A,0.0,0,0.0,0.0,0.0,0.0,0.0,0.0,0.0,0.0,0.0,0.0,0.0,46.684,3081127,0.017,0.0,4.121,0.088,29.427,0.63,13.954,0.299,0.0,0.000
0,4294967295,184,47,aclnnMul_MulAiCore_Mul,Mul,dynamic,AI_VECTOR_CORE,1785699090315739.652	,329.046,0.078000,40,0,NO,"""4096,4096;4096,4096""",FLOAT;FLOAT,ND;ND,"""4096,4096""",FLOAT,ND,N/A,0.0,0,0.0,0.0,0.0,0.0,0.0,0.0,0.0,0.0,0.0,0.0,0.0,326.11,21523234,6.784,0.021,3.002,0.009,324.55,0.995,110.485,0.339,0.0,0.000
0,4294967295,185,47,Concat,Concat,dynamic,AI_VECTOR_CORE,1785699090316068.718	,54.521,0.000000,40,0,NO,"""512,16;512,16;512,16;512,16;512,16;512,16;512,16;512,16;512,16;512,16;512,16;512,16;512,16;512,16;512,16;512,16;512,16;512,16;512,16;512,16;512,16;512,16;512,16;512,16;512,16;512,16;512,16;512,16;512,16;512,16;512,16;512,16;512,16;512,16;512,16;512,16;512,16;512,16;512,16;512,16;512,16;512,16;512,16;512,16;512,16;512,16;512,16;512,16;512,16;512,16;512,16;512,16;512,16;512,16;512,16;512,16;512,16;512,16;512,16;512,16;512,16;512,16;512,16;512,16;512,16;512,16;512,16;512,16;512,16;512,16;512,16;512,16;512,16;512,16;512,16;512,16;512,16;512,16;512,16;512,16;512,16;512,16;512,16;512,16;512,16;512,16;512,16;512,16;512,16;512,16;512,16;512,16;512,16;512,16;512,16;512,16;512,16;512,16;512,16;512,16;512,16;512,16;512,16;512,16;512,16;512,16;512,16;512,16;512,16;512,16;512,16;512,16;512,16;512,16;512,16;512,16;512,16;512,16;512,16;512,16;512,16;512,16;512,16;512,16;512,16;512,16;512,16;512,16""",FLOAT16;FLOAT16;FLOAT16;FLOAT16;FLOAT16;FLOAT16;FLOAT16;FLOAT16;FLOAT16;FLOAT16;FLOAT16;FLOAT16;FLOAT16;FLOAT16;FLOAT16;FLOAT16;FLOAT16;FLOAT16;FLOAT16;FLOAT16;FLOAT16;FLOAT16;FLOAT16;FLOAT16;FLOAT16;FLOAT16;FLOAT16;FLOAT16;FLOAT16;FLOAT16;FLOAT16;FLOAT16;FLOAT16;FLOAT16;FLOAT16;FLOAT16;FLOAT16;FLOAT16;FLOAT16;FLOAT16;FLOAT16;FLOAT16;FLOAT16;FLOAT16;FLOAT16;FLOAT16;FLOAT16;FLOAT16;FLOAT16;FLOAT16;FLOAT16;FLOAT16;FLOAT16;FLOAT16;FLOAT16;FLOAT16;FLOAT16;FLOAT16;FLOAT16;FLOAT16;FLOAT16;FLOAT16;FLOAT16;FLOAT16;FLOAT16;FLOAT16;FLOAT16;FLOAT16;FLOAT16;FLOAT16;FLOAT16;FLOAT16;FLOAT16;FLOAT16;FLOAT16;FLOAT16;FLOAT16;FLOAT16;FLOAT16;FLOAT16;FLOAT16;FLOAT16;FLOAT16;FLOAT16;FLOAT16;FLOAT16;FLOAT16;FLOAT16;FLOAT16;FLOAT16;FLOAT16;FLOAT16;FLOAT16;FLOAT16;FLOAT16;FLOAT16;FLOAT16;FLOAT16;FLOAT16;FLOAT16;FLOAT16;FLOAT16;FLOAT16;FLOAT16;FLOAT16;FLOAT16;FLOAT16;FLOAT16;FLOAT16;FLOAT16;FLOAT16;FLOAT16;FLOAT16;FLOAT16;FLOAT16;FLOAT16;FLOAT16;FLOAT16;FLOAT16;FLOAT16;FLOAT16;FLOAT16;FLOAT16;FLOAT16;FLOAT16;FLOAT16;FLOAT16;FLOAT16,ND;ND;ND;ND;ND;ND;ND;ND;ND;ND;ND;ND;ND;ND;ND;ND;ND;ND;ND;ND;ND;ND;ND;ND;ND;ND;ND;ND;ND;ND;ND;ND;ND;ND;ND;ND;ND;ND;ND;ND;ND;ND;ND;ND;ND;ND;ND;ND;ND;ND;ND;ND;ND;ND;ND;ND;ND;ND;ND;ND;ND;ND;ND;ND;ND;ND;ND;ND;ND;ND;ND;ND;ND;ND;ND;ND;ND;ND;ND;ND;ND;ND;ND;ND;ND;ND;ND;ND;ND;ND;ND;ND;ND;ND;ND;ND;ND;ND;ND;ND;ND;ND;ND;ND;ND;ND;ND;ND;ND;ND;ND;ND;ND;ND;ND;ND;ND;ND;ND;ND;ND;ND;ND;ND;ND;ND;ND;ND,"""512,2048""",FLOAT16,ND,N/A,0.0,0,0.0,0.0,0.0,0.0,0.0,0.0,0.0,0.0,0.0,0.0,0.0,46.547,3072081,0.017,0.0,4.185,0.09,28.821,0.619,14.394,0.309,0.0,0.000
0,4294967295,186,47,aclnnMul_MulAiCore_Mul,Mul,dynamic,AI_VECTOR_CORE,1785699090316123.259	,329.147,0.000000,40,0,NO,"""4096,4096;4096,4096""",FLOAT;FLOAT,ND;ND,"""4096,4096""",FLOAT,ND,N/A,0.0,0,0.0,0.0,0.0,0.0,0.0,0.0,0.0,0.0,0.0,0.0,0.0,325.998,21515866,6.784,0.021,3.078,0.009,324.383,0.995,109.04,0.334,0.0,0.000
0,4294967295,187,47,Concat,Concat,dynamic,AI_VECTOR_CORE,1785699090316452.426	,57.241,0.103000,40,0,NO,"""512,16;512,16;512,16;512,16;512,16;512,16;512,16;512,16;512,16;512,16;512,16;512,16;512,16;512,16;512,16;512,16;512,16;512,16;512,16;512,16;512,16;512,16;512,16;512,16;512,16;512,16;512,16;512,16;512,16;512,16;512,16;512,16;512,16;512,16;512,16;512,16;512,16;512,16;512,16;512,16;512,16;512,16;512,16;512,16;512,16;512,16;512,16;512,16;512,16;512,16;512,16;512,16;512,16;512,16;512,16;512,16;512,16;512,16;512,16;512,16;512,16;512,16;512,16;512,16;512,16;512,16;512,16;512,16;512,16;512,16;512,16;512,16;512,16;512,16;512,16;512,16;512,16;512,16;512,16;512,16;512,16;512,16;512,16;512,16;512,16;512,16;512,16;512,16;512,16;512,16;512,16;512,16;512,16;512,16;512,16;512,16;512,16;512,16;512,16;512,16;512,16;512,16;512,16;512,16;512,16;512,16;512,16;512,16;512,16;512,16;512,16;512,16;512,16;512,16;512,16;512,16;512,16;512,16;512,16;512,16;512,16;512,16;512,16;512,16;512,16;512,16;512,16;512,16""",FLOAT16;FLOAT16;FLOAT16;FLOAT16;FLOAT16;FLOAT16;FLOAT16;FLOAT16;FLOAT16;FLOAT16;FLOAT16;FLOAT16;FLOAT16;FLOAT16;FLOAT16;FLOAT16;FLOAT16;FLOAT16;FLOAT16;FLOAT16;FLOAT16;FLOAT16;FLOAT16;FLOAT16;FLOAT16;FLOAT16;FLOAT16;FLOAT16;FLOAT16;FLOAT16;FLOAT16;FLOAT16;FLOAT16;FLOAT16;FLOAT16;FLOAT16;FLOAT16;FLOAT16;FLOAT16;FLOAT16;FLOAT16;FLOAT16;FLOAT16;FLOAT16;FLOAT16;FLOAT16;FLOAT16;FLOAT16;FLOAT16;FLOAT16;FLOAT16;FLOAT16;FLOAT16;FLOAT16;FLOAT16;FLOAT16;FLOAT16;FLOAT16;FLOAT16;FLOAT16;FLOAT16;FLOAT16;FLOAT16;FLOAT16;FLOAT16;FLOAT16;FLOAT16;FLOAT16;FLOAT16;FLOAT16;FLOAT16;FLOAT16;FLOAT16;FLOAT16;FLOAT16;FLOAT16;FLOAT16;FLOAT16;FLOAT16;FLOAT16;FLOAT16;FLOAT16;FLOAT16;FLOAT16;FLOAT16;FLOAT16;FLOAT16;FLOAT16;FLOAT16;FLOAT16;FLOAT16;FLOAT16;FLOAT16;FLOAT16;FLOAT16;FLOAT16;FLOAT16;FLOAT16;FLOAT16;FLOAT16;FLOAT16;FLOAT16;FLOAT16;FLOAT16;FLOAT16;FLOAT16;FLOAT16;FLOAT16;FLOAT16;FLOAT16;FLOAT16;FLOAT16;FLOAT16;FLOAT16;FLOAT16;FLOAT16;FLOAT16;FLOAT16;FLOAT16;FLOAT16;FLOAT16;FLOAT16;FLOAT16;FLOAT16;FLOAT16;FLOAT16;FLOAT16;FLOAT16,ND;ND;ND;ND;ND;ND;ND;ND;ND;ND;ND;ND;ND;ND;ND;ND;ND;ND;ND;ND;ND;ND;ND;ND;ND;ND;ND;ND;ND;ND;ND;ND;ND;ND;ND;ND;ND;ND;ND;ND;ND;ND;ND;ND;ND;ND;ND;ND;ND;ND;ND;ND;ND;ND;ND;ND;ND;ND;ND;ND;ND;ND;ND;ND;ND;ND;ND;ND;ND;ND;ND;ND;ND;ND;ND;ND;ND;ND;ND;ND;ND;ND;ND;ND;ND;ND;ND;ND;ND;ND;ND;ND;ND;ND;ND;ND;ND;ND;ND;ND;ND;ND;ND;ND;ND;ND;ND;ND;ND;ND;ND;ND;ND;ND;ND;ND;ND;ND;ND;ND;ND;ND;ND;ND;ND;ND;ND;ND,"""512,2048""",FLOAT16,ND,N/A,0.0,0,0.0,0.0,0.0,0.0,0.0,0.0,0.0,0.0,0.0,0.0,0.0,47.973,3166229,0.017,0.0,4.818,0.1,31.106,0.648,12.989,0.271,0.0,0.000
0,4294967295,188,47,aclnnMul_MulAiCore_Mul,Mul,dynamic,AI_VECTOR_CORE,1785699090316509.707	,327.926,0.009000,40,0,NO,"""4096,4096;4096,4096""",FLOAT;FLOAT,ND;ND,"""4096,4096""",FLOAT,ND,N/A,0.0,0,0.0,0.0,0.0,0.0,0.0,0.0,0.0,0.0,0.0,0.0,0.0,325.471,21481065,6.784,0.021,3.041,0.009,323.856,0.995,109.39,0.336,0.0,0.000
0,4294967295,189,47,Concat,Concat,dynamic,AI_VECTOR_CORE,1785699090316837.653	,57.042,0.074000,40,0,NO,"""512,16;512,16;512,16;512,16;512,16;512,16;512,16;512,16;512,16;512,16;512,16;512,16;512,16;512,16;512,16;512,16;512,16;512,16;512,16;512,16;512,16;512,16;512,16;512,16;512,16;512,16;512,16;512,16;512,16;512,16;512,16;512,16;512,16;512,16;512,16;512,16;512,16;512,16;512,16;512,16;512,16;512,16;512,16;512,16;512,16;512,16;512,16;512,16;512,16;512,16;512,16;512,16;512,16;512,16;512,16;512,16;512,16;512,16;512,16;512,16;512,16;512,16;512,16;512,16;512,16;512,16;512,16;512,16;512,16;512,16;512,16;512,16;512,16;512,16;512,16;512,16;512,16;512,16;512,16;512,16;512,16;512,16;512,16;512,16;512,16;512,16;512,16;512,16;512,16;512,16;512,16;512,16;512,16;512,16;512,16;512,16;512,16;512,16;512,16;512,16;512,16;512,16;512,16;512,16;512,16;512,16;512,16;512,16;512,16;512,16;512,16;512,16;512,16;512,16;512,16;512,16;512,16;512,16;512,16;512,16;512,16;512,16;512,16;512,16;512,16;512,16;512,16;512,16""",FLOAT16;FLOAT16;FLOAT16;FLOAT16;FLOAT16;FLOAT16;FLOAT16;FLOAT16;FLOAT16;FLOAT16;FLOAT16;FLOAT16;FLOAT16;FLOAT16;FLOAT16;FLOAT16;FLOAT16;FLOAT16;FLOAT16;FLOAT16;FLOAT16;FLOAT16;FLOAT16;FLOAT16;FLOAT16;FLOAT16;FLOAT16;FLOAT16;FLOAT16;FLOAT16;FLOAT16;FLOAT16;FLOAT16;FLOAT16;FLOAT16;FLOAT16;FLOAT16;FLOAT16;FLOAT16;FLOAT16;FLOAT16;FLOAT16;FLOAT16;FLOAT16;FLOAT16;FLOAT16;FLOAT16;FLOAT16;FLOAT16;FLOAT16;FLOAT16;FLOAT16;FLOAT16;FLOAT16;FLOAT16;FLOAT16;FLOAT16;FLOAT16;FLOAT16;FLOAT16;FLOAT16;FLOAT16;FLOAT16;FLOAT16;FLOAT16;FLOAT16;FLOAT16;FLOAT16;FLOAT16;FLOAT16;FLOAT16;FLOAT16;FLOAT16;FLOAT16;FLOAT16;FLOAT16;FLOAT16;FLOAT16;FLOAT16;FLOAT16;FLOAT16;FLOAT16;FLOAT16;FLOAT16;FLOAT16;FLOAT16;FLOAT16;FLOAT16;FLOAT16;FLOAT16;FLOAT16;FLOAT16;FLOAT16;FLOAT16;FLOAT16;FLOAT16;FLOAT16;FLOAT16;FLOAT16;FLOAT16;FLOAT16;FLOAT16;FLOAT16;FLOAT16;FLOAT16;FLOAT16;FLOAT16;FLOAT16;FLOAT16;FLOAT16;FLOAT16;FLOAT16;FLOAT16;FLOAT16;FLOAT16;FLOAT16;FLOAT16;FLOAT16;FLOAT16;FLOAT16;FLOAT16;FLOAT16;FLOAT16;FLOAT16;FLOAT16;FLOAT16;FLOAT16;FLOAT16,ND;ND;ND;ND;ND;ND;ND;ND;ND;ND;ND;ND;ND;ND;ND;ND;ND;ND;ND;ND;ND;ND;ND;ND;ND;ND;ND;ND;ND;ND;ND;ND;ND;ND;ND;ND;ND;ND;ND;ND;ND;ND;ND;ND;ND;ND;ND;ND;ND;ND;ND;ND;ND;ND;ND;ND;ND;ND;ND;ND;ND;ND;ND;ND;ND;ND;ND;ND;ND;ND;ND;ND;ND;ND;ND;ND;ND;ND;ND;ND;ND;ND;ND;ND;ND;ND;ND;ND;ND;ND;ND;ND;ND;ND;ND;ND;ND;ND;ND;ND;ND;ND;ND;ND;ND;ND;ND;ND;ND;ND;ND;ND;ND;ND;ND;ND;ND;ND;ND;ND;ND;ND;ND;ND;ND;ND;ND;ND,"""512,2048""",FLOAT16,ND,N/A,0.0,0,0.0,0.0,0.0,0.0,0.0,0.0,0.0,0.0,0.0,0.0,0.0,48.196,3180965,0.017,0.0,5.241,0.109,30.767,0.638,13.364,0.277,0.0,0.000
0,4294967295,190,47,aclnnMul_MulAiCore_Mul,Mul,dynamic,AI_VECTOR_CORE,1785699090316894.715	,327.806,0.000000,40,0,NO,"""4096,4096;4096,4096""",FLOAT;FLOAT,ND;ND,"""4096,4096""",FLOAT,ND,N/A,0.0,0,0.0,0.0,0.0,0.0,0.0,0.0,0.0,0.0,0.0,0.0,0.0,325.481,21481717,6.784,0.021,3.099,0.01,323.832,0.995,109.786,0.337,0.0,0.000
0,4294967295,191,47,Concat,Concat,dynamic,AI_VECTOR_CORE,1785699090317222.541	,55.041,0.000000,40,0,NO,"""512,16;512,16;512,16;512,16;512,16;512,16;512,16;512,16;512,16;512,16;512,16;512,16;512,16;512,16;512,16;512,16;512,16;512,16;512,16;512,16;512,16;512,16;512,16;512,16;512,16;512,16;512,16;512,16;512,16;512,16;512,16;512,16;512,16;512,16;512,16;512,16;512,16;512,16;512,16;512,16;512,16;512,16;512,16;512,16;512,16;512,16;512,16;512,16;512,16;512,16;512,16;512,16;512,16;512,16;512,16;512,16;512,16;512,16;512,16;512,16;512,16;512,16;512,16;512,16;512,16;512,16;512,16;512,16;512,16;512,16;512,16;512,16;512,16;512,16;512,16;512,16;512,16;512,16;512,16;512,16;512,16;512,16;512,16;512,16;512,16;512,16;512,16;512,16;512,16;512,16;512,16;512,16;512,16;512,16;512,16;512,16;512,16;512,16;512,16;512,16;512,16;512,16;512,16;512,16;512,16;512,16;512,16;512,16;512,16;512,16;512,16;512,16;512,16;512,16;512,16;512,16;512,16;512,16;512,16;512,16;512,16;512,16;512,16;512,16;512,16;512,16;512,16;512,16""",FLOAT16;FLOAT16;FLOAT16;FLOAT16;FLOAT16;FLOAT16;FLOAT16;FLOAT16;FLOAT16;FLOAT16;FLOAT16;FLOAT16;FLOAT16;FLOAT16;FLOAT16;FLOAT16;FLOAT16;FLOAT16;FLOAT16;FLOAT16;FLOAT16;FLOAT16;FLOAT16;FLOAT16;FLOAT16;FLOAT16;FLOAT16;FLOAT16;FLOAT16;FLOAT16;FLOAT16;FLOAT16;FLOAT16;FLOAT16;FLOAT16;FLOAT16;FLOAT16;FLOAT16;FLOAT16;FLOAT16;FLOAT16;FLOAT16;FLOAT16;FLOAT16;FLOAT16;FLOAT16;FLOAT16;FLOAT16;FLOAT16;FLOAT16;FLOAT16;FLOAT16;FLOAT16;FLOAT16;FLOAT16;FLOAT16;FLOAT16;FLOAT16;FLOAT16;FLOAT16;FLOAT16;FLOAT16;FLOAT16;FLOAT16;FLOAT16;FLOAT16;FLOAT16;FLOAT16;FLOAT16;FLOAT16;FLOAT16;FLOAT16;FLOAT16;FLOAT16;FLOAT16;FLOAT16;FLOAT16;FLOAT16;FLOAT16;FLOAT16;FLOAT16;FLOAT16;FLOAT16;FLOAT16;FLOAT16;FLOAT16;FLOAT16;FLOAT16;FLOAT16;FLOAT16;FLOAT16;FLOAT16;FLOAT16;FLOAT16;FLOAT16;FLOAT16;FLOAT16;FLOAT16;FLOAT16;FLOAT16;FLOAT16;FLOAT16;FLOAT16;FLOAT16;FLOAT16;FLOAT16;FLOAT16;FLOAT16;FLOAT16;FLOAT16;FLOAT16;FLOAT16;FLOAT16;FLOAT16;FLOAT16;FLOAT16;FLOAT16;FLOAT16;FLOAT16;FLOAT16;FLOAT16;FLOAT16;FLOAT16;FLOAT16;FLOAT16;FLOAT16;FLOAT16;FLOAT16,ND;ND;ND;ND;ND;ND;ND;ND;ND;ND;ND;ND;ND;ND;ND;ND;ND;ND;ND;ND;ND;ND;ND;ND;ND;ND;ND;ND;ND;ND;ND;ND;ND;ND;ND;ND;ND;ND;ND;ND;ND;ND;ND;ND;ND;ND;ND;ND;ND;ND;ND;ND;ND;ND;ND;ND;ND;ND;ND;ND;ND;ND;ND;ND;ND;ND;ND;ND;ND;ND;ND;ND;ND;ND;ND;ND;ND;ND;ND;ND;ND;ND;ND;ND;ND;ND;ND;ND;ND;ND;ND;ND;ND;ND;ND;ND;ND;ND;ND;ND;ND;ND;ND;ND;ND;ND;ND;ND;ND;ND;ND;ND;ND;ND;ND;ND;ND;ND;ND;ND;ND;ND;ND;ND;ND;ND;ND;ND,"""512,2048""",FLOAT16,ND,N/A,0.0,0,0.0,0.0,0.0,0.0,0.0,0.0,0.0,0.0,0.0,0.0,0.0,46.756,3085909,0.017,0.0,4.19,0.09,29.555,0.632,13.917,0.298,0.0,0.000
0,4294967295,192,47,aclnnMul_MulAiCore_Mul,Mul,dynamic,AI_VECTOR_CORE,1785699090317277.602	,328.167,0.000000,40,0,NO,"""4096,4096;4096,4096""",FLOAT;FLOAT,ND;ND,"""4096,4096""",FLOAT,ND,N/A,0.0,0,0.0,0.0,0.0,0.0,0.0,0.0,0.0,0.0,0.0,0.0,0.0,326.106,21522964,6.784,0.021,3.031,0.009,324.538,0.995,109.886,0.337,0.0,0.000
0,4294967295,193,47,Concat,Concat,dynamic,AI_VECTOR_CORE,1785699090317605.789	,54.801,0.083000,40,0,NO,"""512,16;512,16;512,16;512,16;512,16;512,16;512,16;512,16;512,16;512,16;512,16;512,16;512,16;512,16;512,16;512,16;512,16;512,16;512,16;512,16;512,16;512,16;512,16;512,16;512,16;512,16;512,16;512,16;512,16;512,16;512,16;512,16;512,16;512,16;512,16;512,16;512,16;512,16;512,16;512,16;512,16;512,16;512,16;512,16;512,16;512,16;512,16;512,16;512,16;512,16;512,16;512,16;512,16;512,16;512,16;512,16;512,16;512,16;512,16;512,16;512,16;512,16;512,16;512,16;512,16;512,16;512,16;512,16;512,16;512,16;512,16;512,16;512,16;512,16;512,16;512,16;512,16;512,16;512,16;512,16;512,16;512,16;512,16;512,16;512,16;512,16;512,16;512,16;512,16;512,16;512,16;512,16;512,16;512,16;512,16;512,16;512,16;512,16;512,16;512,16;512,16;512,16;512,16;512,16;512,16;512,16;512,16;512,16;512,16;512,16;512,16;512,16;512,16;512,16;512,16;512,16;512,16;512,16;512,16;512,16;512,16;512,16;512,16;512,16;512,16;512,16;512,16;512,16""",FLOAT16;FLOAT16;FLOAT16;FLOAT16;FLOAT16;FLOAT16;FLOAT16;FLOAT16;FLOAT16;FLOAT16;FLOAT16;FLOAT16;FLOAT16;FLOAT16;FLOAT16;FLOAT16;FLOAT16;FLOAT16;FLOAT16;FLOAT16;FLOAT16;FLOAT16;FLOAT16;FLOAT16;FLOAT16;FLOAT16;FLOAT16;FLOAT16;FLOAT16;FLOAT16;FLOAT16;FLOAT16;FLOAT16;FLOAT16;FLOAT16;FLOAT16;FLOAT16;FLOAT16;FLOAT16;FLOAT16;FLOAT16;FLOAT16;FLOAT16;FLOAT16;FLOAT16;FLOAT16;FLOAT16;FLOAT16;FLOAT16;FLOAT16;FLOAT16;FLOAT16;FLOAT16;FLOAT16;FLOAT16;FLOAT16;FLOAT16;FLOAT16;FLOAT16;FLOAT16;FLOAT16;FLOAT16;FLOAT16;FLOAT16;FLOAT16;FLOAT16;FLOAT16;FLOAT16;FLOAT16;FLOAT16;FLOAT16;FLOAT16;FLOAT16;FLOAT16;FLOAT16;FLOAT16;FLOAT16;FLOAT16;FLOAT16;FLOAT16;FLOAT16;FLOAT16;FLOAT16;FLOAT16;FLOAT16;FLOAT16;FLOAT16;FLOAT16;FLOAT16;FLOAT16;FLOAT16;FLOAT16;FLOAT16;FLOAT16;FLOAT16;FLOAT16;FLOAT16;FLOAT16;FLOAT16;FLOAT16;FLOAT16;FLOAT16;FLOAT16;FLOAT16;FLOAT16;FLOAT16;FLOAT16;FLOAT16;FLOAT16;FLOAT16;FLOAT16;FLOAT16;FLOAT16;FLOAT16;FLOAT16;FLOAT16;FLOAT16;FLOAT16;FLOAT16;FLOAT16;FLOAT16;FLOAT16;FLOAT16;FLOAT16;FLOAT16;FLOAT16;FLOAT16;FLOAT16,ND;ND;ND;ND;ND;ND;ND;ND;ND;ND;ND;ND;ND;ND;ND;ND;ND;ND;ND;ND;ND;ND;ND;ND;ND;ND;ND;ND;ND;ND;ND;ND;ND;ND;ND;ND;ND;ND;ND;ND;ND;ND;ND;ND;ND;ND;ND;ND;ND;ND;ND;ND;ND;ND;ND;ND;ND;ND;ND;ND;ND;ND;ND;ND;ND;ND;ND;ND;ND;ND;ND;ND;ND;ND;ND;ND;ND;ND;ND;ND;ND;ND;ND;ND;ND;ND;ND;ND;ND;ND;ND;ND;ND;ND;ND;ND;ND;ND;ND;ND;ND;ND;ND;ND;ND;ND;ND;ND;ND;ND;ND;ND;ND;ND;ND;ND;ND;ND;ND;ND;ND;ND;ND;ND;ND;ND;ND;ND,"""512,2048""",FLOAT16,ND,N/A,0.0,0,0.0,0.0,0.0,0.0,0.0,0.0,0.0,0.0,0.0,0.0,0.0,46.695,3081855,0.017,0.0,4.107,0.088,29.177,0.625,14.232,0.305,0.0,0.000
0,4294967295,194,47,aclnnMul_MulAiCore_Mul,Mul,dynamic,AI_VECTOR_CORE,1785699090317660.610	,327.226,0.000000,40,0,NO,"""4096,4096;4096,4096""",FLOAT;FLOAT,ND;ND,"""4096,4096""",FLOAT,ND,N/A,0.0,0,0.0,0.0,0.0,0.0,0.0,0.0,0.0,0.0,0.0,0.0,0.0,325.119,21457856,6.784,0.021,3.121,0.01,323.418,0.995,109.703,0.337,0.0,0.000
0,4294967295,195,47,Concat,Concat,dynamic,AI_VECTOR_CORE,1785699090317987.856	,55.362,0.024000,40,0,NO,"""512,16;512,16;512,16;512,16;512,16;512,16;512,16;512,16;512,16;512,16;512,16;512,16;512,16;512,16;512,16;512,16;512,16;512,16;512,16;512,16;512,16;512,16;512,16;512,16;512,16;512,16;512,16;512,16;512,16;512,16;512,16;512,16;512,16;512,16;512,16;512,16;512,16;512,16;512,16;512,16;512,16;512,16;512,16;512,16;512,16;512,16;512,16;512,16;512,16;512,16;512,16;512,16;512,16;512,16;512,16;512,16;512,16;512,16;512,16;512,16;512,16;512,16;512,16;512,16;512,16;512,16;512,16;512,16;512,16;512,16;512,16;512,16;512,16;512,16;512,16;512,16;512,16;512,16;512,16;512,16;512,16;512,16;512,16;512,16;512,16;512,16;512,16;512,16;512,16;512,16;512,16;512,16;512,16;512,16;512,16;512,16;512,16;512,16;512,16;512,16;512,16;512,16;512,16;512,16;512,16;512,16;512,16;512,16;512,16;512,16;512,16;512,16;512,16;512,16;512,16;512,16;512,16;512,16;512,16;512,16;512,16;512,16;512,16;512,16;512,16;512,16;512,16;512,16""",FLOAT16;FLOAT16;FLOAT16;FLOAT16;FLOAT16;FLOAT16;FLOAT16;FLOAT16;FLOAT16;FLOAT16;FLOAT16;FLOAT16;FLOAT16;FLOAT16;FLOAT16;FLOAT16;FLOAT16;FLOAT16;FLOAT16;FLOAT16;FLOAT16;FLOAT16;FLOAT16;FLOAT16;FLOAT16;FLOAT16;FLOAT16;FLOAT16;FLOAT16;FLOAT16;FLOAT16;FLOAT16;FLOAT16;FLOAT16;FLOAT16;FLOAT16;FLOAT16;FLOAT16;FLOAT16;FLOAT16;FLOAT16;FLOAT16;FLOAT16;FLOAT16;FLOAT16;FLOAT16;FLOAT16;FLOAT16;FLOAT16;FLOAT16;FLOAT16;FLOAT16;FLOAT16;FLOAT16;FLOAT16;FLOAT16;FLOAT16;FLOAT16;FLOAT16;FLOAT16;FLOAT16;FLOAT16;FLOAT16;FLOAT16;FLOAT16;FLOAT16;FLOAT16;FLOAT16;FLOAT16;FLOAT16;FLOAT16;FLOAT16;FLOAT16;FLOAT16;FLOAT16;FLOAT16;FLOAT16;FLOAT16;FLOAT16;FLOAT16;FLOAT16;FLOAT16;FLOAT16;FLOAT16;FLOAT16;FLOAT16;FLOAT16;FLOAT16;FLOAT16;FLOAT16;FLOAT16;FLOAT16;FLOAT16;FLOAT16;FLOAT16;FLOAT16;FLOAT16;FLOAT16;FLOAT16;FLOAT16;FLOAT16;FLOAT16;FLOAT16;FLOAT16;FLOAT16;FLOAT16;FLOAT16;FLOAT16;FLOAT16;FLOAT16;FLOAT16;FLOAT16;FLOAT16;FLOAT16;FLOAT16;FLOAT16;FLOAT16;FLOAT16;FLOAT16;FLOAT16;FLOAT16;FLOAT16;FLOAT16;FLOAT16;FLOAT16;FLOAT16;FLOAT16;FLOAT16,ND;ND;ND;ND;ND;ND;ND;ND;ND;ND;ND;ND;ND;ND;ND;ND;ND;ND;ND;ND;ND;ND;ND;ND;ND;ND;ND;ND;ND;ND;ND;ND;ND;ND;ND;ND;ND;ND;ND;ND;ND;ND;ND;ND;ND;ND;ND;ND;ND;ND;ND;ND;ND;ND;ND;ND;ND;ND;ND;ND;ND;ND;ND;ND;ND;ND;ND;ND;ND;ND;ND;ND;ND;ND;ND;ND;ND;ND;ND;ND;ND;ND;ND;ND;ND;ND;ND;ND;ND;ND;ND;ND;ND;ND;ND;ND;ND;ND;ND;ND;ND;ND;ND;ND;ND;ND;ND;ND;ND;ND;ND;ND;ND;ND;ND;ND;ND;ND;ND;ND;ND;ND;ND;ND;ND;ND;ND;ND,"""512,2048""",FLOAT16,ND,N/A,0.0,0,0.0,0.0,0.0,0.0,0.0,0.0,0.0,0.0,0.0,0.0,0.0,47.373,3126602,0.017,0.0,4.175,0.088,29.189,0.616,14.728,0.311,0.0,0.000
0,4294967295,196,47,aclnnMul_MulAiCore_Mul,Mul,dynamic,AI_VECTOR_CORE,1785699090318043.238	,328.946,0.138000,40,0,NO,"""4096,4096;4096,4096""",FLOAT;FLOAT,ND;ND,"""4096,4096""",FLOAT,ND,N/A,0.0,0,0.0,0.0,0.0,0.0,0.0,0.0,0.0,0.0,0.0,0.0,0.0,326.652,21559044,6.784,0.021,2.956,0.009,325.165,0.995,108.898,0.333,0.0,0.000
0,4294967295,197,47,Concat,Concat,dynamic,AI_VECTOR_CORE,1785699090318372.204	,55.261,0.054000,40,0,NO,"""512,16;512,16;512,16;512,16;512,16;512,16;512,16;512,16;512,16;512,16;512,16;512,16;512,16;512,16;512,16;512,16;512,16;512,16;512,16;512,16;512,16;512,16;512,16;512,16;512,16;512,16;512,16;512,16;512,16;512,16;512,16;512,16;512,16;512,16;512,16;512,16;512,16;512,16;512,16;512,16;512,16;512,16;512,16;512,16;512,16;512,16;512,16;512,16;512,16;512,16;512,16;512,16;512,16;512,16;512,16;512,16;512,16;512,16;512,16;512,16;512,16;512,16;512,16;512,16;512,16;512,16;512,16;512,16;512,16;512,16;512,16;512,16;512,16;512,16;512,16;512,16;512,16;512,16;512,16;512,16;512,16;512,16;512,16;512,16;512,16;512,16;512,16;512,16;512,16;512,16;512,16;512,16;512,16;512,16;512,16;512,16;512,16;512,16;512,16;512,16;512,16;512,16;512,16;512,16;512,16;512,16;512,16;512,16;512,16;512,16;512,16;512,16;512,16;512,16;512,16;512,16;512,16;512,16;512,16;512,16;512,16;512,16;512,16;512,16;512,16;512,16;512,16;512,16""",FLOAT16;FLOAT16;FLOAT16;FLOAT16;FLOAT16;FLOAT16;FLOAT16;FLOAT16;FLOAT16;FLOAT16;FLOAT16;FLOAT16;FLOAT16;FLOAT16;FLOAT16;FLOAT16;FLOAT16;FLOAT16;FLOAT16;FLOAT16;FLOAT16;FLOAT16;FLOAT16;FLOAT16;FLOAT16;FLOAT16;FLOAT16;FLOAT16;FLOAT16;FLOAT16;FLOAT16;FLOAT16;FLOAT16;FLOAT16;FLOAT16;FLOAT16;FLOAT16;FLOAT16;FLOAT16;FLOAT16;FLOAT16;FLOAT16;FLOAT16;FLOAT16;FLOAT16;FLOAT16;FLOAT16;FLOAT16;FLOAT16;FLOAT16;FLOAT16;FLOAT16;FLOAT16;FLOAT16;FLOAT16;FLOAT16;FLOAT16;FLOAT16;FLOAT16;FLOAT16;FLOAT16;FLOAT16;FLOAT16;FLOAT16;FLOAT16;FLOAT16;FLOAT16;FLOAT16;FLOAT16;FLOAT16;FLOAT16;FLOAT16;FLOAT16;FLOAT16;FLOAT16;FLOAT16;FLOAT16;FLOAT16;FLOAT16;FLOAT16;FLOAT16;FLOAT16;FLOAT16;FLOAT16;FLOAT16;FLOAT16;FLOAT16;FLOAT16;FLOAT16;FLOAT16;FLOAT16;FLOAT16;FLOAT16;FLOAT16;FLOAT16;FLOAT16;FLOAT16;FLOAT16;FLOAT16;FLOAT16;FLOAT16;FLOAT16;FLOAT16;FLOAT16;FLOAT16;FLOAT16;FLOAT16;FLOAT16;FLOAT16;FLOAT16;FLOAT16;FLOAT16;FLOAT16;FLOAT16;FLOAT16;FLOAT16;FLOAT16;FLOAT16;FLOAT16;FLOAT16;FLOAT16;FLOAT16;FLOAT16;FLOAT16;FLOAT16;FLOAT16;FLOAT16;FLOAT16,ND;ND;ND;ND;ND;ND;ND;ND;ND;ND;ND;ND;ND;ND;ND;ND;ND;ND;ND;ND;ND;ND;ND;ND;ND;ND;ND;ND;ND;ND;ND;ND;ND;ND;ND;ND;ND;ND;ND;ND;ND;ND;ND;ND;ND;ND;ND;ND;ND;ND;ND;ND;ND;ND;ND;ND;ND;ND;ND;ND;ND;ND;ND;ND;ND;ND;ND;ND;ND;ND;ND;ND;ND;ND;ND;ND;ND;ND;ND;ND;ND;ND;ND;ND;ND;ND;ND;ND;ND;ND;ND;ND;ND;ND;ND;ND;ND;ND;ND;ND;ND;ND;ND;ND;ND;ND;ND;ND;ND;ND;ND;ND;ND;ND;ND;ND;ND;ND;ND;ND;ND;ND;ND;ND;ND;ND;ND;ND,"""512,2048""",FLOAT16,ND,N/A,0.0,0,0.0,0.0,0.0,0.0,0.0,0.0,0.0,0.0,0.0,0.0,0.0,47.342,3124601,0.017,0.0,4.435,0.094,29.482,0.623,14.464,0.306,0.0,0.000
0,4294967295,198,47,aclnnMul_MulAiCore_Mul,Mul,dynamic,AI_VECTOR_CORE,1785699090318427.485	,328.187,0.000000,40,0,NO,"""4096,4096;4096,4096""",FLOAT;FLOAT,ND;ND,"""4096,4096""",FLOAT,ND,N/A,0.0,0,0.0,0.0,0.0,0.0,0.0,0.0,0.0,0.0,0.0,0.0,0.0,326.04,21518651,6.784,0.021,3.074,0.009,324.42,0.995,109.386,0.335,0.0,0.000
0,4294967295,199,47,Concat,Concat,dynamic,AI_VECTOR_CORE,1785699090318755.692	,55.441,0.063000,40,0,NO,"""512,16;512,16;512,16;512,16;512,16;512,16;512,16;512,16;512,16;512,16;512,16;512,16;512,16;512,16;512,16;512,16;512,16;512,16;512,16;512,16;512,16;512,16;512,16;512,16;512,16;512,16;512,16;512,16;512,16;512,16;512,16;512,16;512,16;512,16;512,16;512,16;512,16;512,16;512,16;512,16;512,16;512,16;512,16;512,16;512,16;512,16;512,16;512,16;512,16;512,16;512,16;512,16;512,16;512,16;512,16;512,16;512,16;512,16;512,16;512,16;512,16;512,16;512,16;512,16;512,16;512,16;512,16;512,16;512,16;512,16;512,16;512,16;512,16;512,16;512,16;512,16;512,16;512,16;512,16;512,16;512,16;512,16;512,16;512,16;512,16;512,16;512,16;512,16;512,16;512,16;512,16;512,16;512,16;512,16;512,16;512,16;512,16;512,16;512,16;512,16;512,16;512,16;512,16;512,16;512,16;512,16;512,16;512,16;512,16;512,16;512,16;512,16;512,16;512,16;512,16;512,16;512,16;512,16;512,16;512,16;512,16;512,16;512,16;512,16;512,16;512,16;512,16;512,16""",FLOAT16;FLOAT16;FLOAT16;FLOAT16;FLOAT16;FLOAT16;FLOAT16;FLOAT16;FLOAT16;FLOAT16;FLOAT16;FLOAT16;FLOAT16;FLOAT16;FLOAT16;FLOAT16;FLOAT16;FLOAT16;FLOAT16;FLOAT16;FLOAT16;FLOAT16;FLOAT16;FLOAT16;FLOAT16;FLOAT16;FLOAT16;FLOAT16;FLOAT16;FLOAT16;FLOAT16;FLOAT16;FLOAT16;FLOAT16;FLOAT16;FLOAT16;FLOAT16;FLOAT16;FLOAT16;FLOAT16;FLOAT16;FLOAT16;FLOAT16;FLOAT16;FLOAT16;FLOAT16;FLOAT16;FLOAT16;FLOAT16;FLOAT16;FLOAT16;FLOAT16;FLOAT16;FLOAT16;FLOAT16;FLOAT16;FLOAT16;FLOAT16;FLOAT16;FLOAT16;FLOAT16;FLOAT16;FLOAT16;FLOAT16;FLOAT16;FLOAT16;FLOAT16;FLOAT16;FLOAT16;FLOAT16;FLOAT16;FLOAT16;FLOAT16;FLOAT16;FLOAT16;FLOAT16;FLOAT16;FLOAT16;FLOAT16;FLOAT16;FLOAT16;FLOAT16;FLOAT16;FLOAT16;FLOAT16;FLOAT16;FLOAT16;FLOAT16;FLOAT16;FLOAT16;FLOAT16;FLOAT16;FLOAT16;FLOAT16;FLOAT16;FLOAT16;FLOAT16;FLOAT16;FLOAT16;FLOAT16;FLOAT16;FLOAT16;FLOAT16;FLOAT16;FLOAT16;FLOAT16;FLOAT16;FLOAT16;FLOAT16;FLOAT16;FLOAT16;FLOAT16;FLOAT16;FLOAT16;FLOAT16;FLOAT16;FLOAT16;FLOAT16;FLOAT16;FLOAT16;FLOAT16;FLOAT16;FLOAT16;FLOAT16;FLOAT16;FLOAT16;FLOAT16;FLOAT16,ND;ND;ND;ND;ND;ND;ND;ND;ND;ND;ND;ND;ND;ND;ND;ND;ND;ND;ND;ND;ND;ND;ND;ND;ND;ND;ND;ND;ND;ND;ND;ND;ND;ND;ND;ND;ND;ND;ND;ND;ND;ND;ND;ND;ND;ND;ND;ND;ND;ND;ND;ND;ND;ND;ND;ND;ND;ND;ND;ND;ND;ND;ND;ND;ND;ND;ND;ND;ND;ND;ND;ND;ND;ND;ND;ND;ND;ND;ND;ND;ND;ND;ND;ND;ND;ND;ND;ND;ND;ND;ND;ND;ND;ND;ND;ND;ND;ND;ND;ND;ND;ND;ND;ND;ND;ND;ND;ND;ND;ND;ND;ND;ND;ND;ND;ND;ND;ND;ND;ND;ND;ND;ND;ND;ND;ND;ND;ND,"""512,2048""",FLOAT16,ND,N/A,0.0,0,0.0,0.0,0.0,0.0,0.0,0.0,0.0,0.0,0.0,0.0,0.0,47.429,3130321,0.017,0.0,4.352,0.092,29.71,0.626,14.333,0.302,0.0,0.000
0,4294967295,200,47,aclnnMul_MulAiCore_Mul,Mul,dynamic,AI_VECTOR_CORE,1785699090318811.153	,329.246,0.059000,40,0,NO,"""4096,4096;4096,4096""",FLOAT;FLOAT,ND;ND,"""4096,4096""",FLOAT,ND,N/A,0.0,0,0.0,0.0,0.0,0.0,0.0,0.0,0.0,0.0,0.0,0.0,0.0,326.606,21555970,6.784,0.021,2.922,0.009,325.118,0.995,110.354,0.338,0.0,0.000
0,4294967295,201,47,Concat,Concat,dynamic,AI_VECTOR_CORE,1785699090319140.439	,55.982,0.004000,40,0,NO,"""512,16;512,16;512,16;512,16;512,16;512,16;512,16;512,16;512,16;512,16;512,16;512,16;512,16;512,16;512,16;512,16;512,16;512,16;512,16;512,16;512,16;512,16;512,16;512,16;512,16;512,16;512,16;512,16;512,16;512,16;512,16;512,16;512,16;512,16;512,16;512,16;512,16;512,16;512,16;512,16;512,16;512,16;512,16;512,16;512,16;512,16;512,16;512,16;512,16;512,16;512,16;512,16;512,16;512,16;512,16;512,16;512,16;512,16;512,16;512,16;512,16;512,16;512,16;512,16;512,16;512,16;512,16;512,16;512,16;512,16;512,16;512,16;512,16;512,16;512,16;512,16;512,16;512,16;512,16;512,16;512,16;512,16;512,16;512,16;512,16;512,16;512,16;512,16;512,16;512,16;512,16;512,16;512,16;512,16;512,16;512,16;512,16;512,16;512,16;512,16;512,16;512,16;512,16;512,16;512,16;512,16;512,16;512,16;512,16;512,16;512,16;512,16;512,16;512,16;512,16;512,16;512,16;512,16;512,16;512,16;512,16;512,16;512,16;512,16;512,16;512,16;512,16;512,16""",FLOAT16;FLOAT16;FLOAT16;FLOAT16;FLOAT16;FLOAT16;FLOAT16;FLOAT16;FLOAT16;FLOAT16;FLOAT16;FLOAT16;FLOAT16;FLOAT16;FLOAT16;FLOAT16;FLOAT16;FLOAT16;FLOAT16;FLOAT16;FLOAT16;FLOAT16;FLOAT16;FLOAT16;FLOAT16;FLOAT16;FLOAT16;FLOAT16;FLOAT16;FLOAT16;FLOAT16;FLOAT16;FLOAT16;FLOAT16;FLOAT16;FLOAT16;FLOAT16;FLOAT16;FLOAT16;FLOAT16;FLOAT16;FLOAT16;FLOAT16;FLOAT16;FLOAT16;FLOAT16;FLOAT16;FLOAT16;FLOAT16;FLOAT16;FLOAT16;FLOAT16;FLOAT16;FLOAT16;FLOAT16;FLOAT16;FLOAT16;FLOAT16;FLOAT16;FLOAT16;FLOAT16;FLOAT16;FLOAT16;FLOAT16;FLOAT16;FLOAT16;FLOAT16;FLOAT16;FLOAT16;FLOAT16;FLOAT16;FLOAT16;FLOAT16;FLOAT16;FLOAT16;FLOAT16;FLOAT16;FLOAT16;FLOAT16;FLOAT16;FLOAT16;FLOAT16;FLOAT16;FLOAT16;FLOAT16;FLOAT16;FLOAT16;FLOAT16;FLOAT16;FLOAT16;FLOAT16;FLOAT16;FLOAT16;FLOAT16;FLOAT16;FLOAT16;FLOAT16;FLOAT16;FLOAT16;FLOAT16;FLOAT16;FLOAT16;FLOAT16;FLOAT16;FLOAT16;FLOAT16;FLOAT16;FLOAT16;FLOAT16;FLOAT16;FLOAT16;FLOAT16;FLOAT16;FLOAT16;FLOAT16;FLOAT16;FLOAT16;FLOAT16;FLOAT16;FLOAT16;FLOAT16;FLOAT16;FLOAT16;FLOAT16;FLOAT16;FLOAT16;FLOAT16;FLOAT16,ND;ND;ND;ND;ND;ND;ND;ND;ND;ND;ND;ND;ND;ND;ND;ND;ND;ND;ND;ND;ND;ND;ND;ND;ND;ND;ND;ND;ND;ND;ND;ND;ND;ND;ND;ND;ND;ND;ND;ND;ND;ND;ND;ND;ND;ND;ND;ND;ND;ND;ND;ND;ND;ND;ND;ND;ND;ND;ND;ND;ND;ND;ND;ND;ND;ND;ND;ND;ND;ND;ND;ND;ND;ND;ND;ND;ND;ND;ND;ND;ND;ND;ND;ND;ND;ND;ND;ND;ND;ND;ND;ND;ND;ND;ND;ND;ND;ND;ND;ND;ND;ND;ND;ND;ND;ND;ND;ND;ND;ND;ND;ND;ND;ND;ND;ND;ND;ND;ND;ND;ND;ND;ND;ND;ND;ND;ND;ND,"""512,2048""",FLOAT16,ND,N/A,0.0,0,0.0,0.0,0.0,0.0,0.0,0.0,0.0,0.0,0.0,0.0,0.0,47.494,3134618,0.017,0.0,4.535,0.095,29.548,0.622,14.297,0.301,0.0,0.000
0,4294967295,202,47,aclnnMul_MulAiCore_Mul,Mul,dynamic,AI_VECTOR_CORE,1785699090319196.441	,329.386,0.018000,40,0,NO,"""4096,4096;4096,4096""",FLOAT;FLOAT,ND;ND,"""4096,4096""",FLOAT,ND,N/A,0.0,0,0.0,0.0,0.0,0.0,0.0,0.0,0.0,0.0,0.0,0.0,0.0,326.588,21554825,6.784,0.021,3.062,0.009,324.97,0.995,108.639,0.333,0.0,0.000
0,4294967295,203,47,Concat,Concat,dynamic,AI_VECTOR_CORE,1785699090319525.847	,56.921,0.000000,40,0,NO,"""512,16;512,16;512,16;512,16;512,16;512,16;512,16;512,16;512,16;512,16;512,16;512,16;512,16;512,16;512,16;512,16;512,16;512,16;512,16;512,16;512,16;512,16;512,16;512,16;512,16;512,16;512,16;512,16;512,16;512,16;512,16;512,16;512,16;512,16;512,16;512,16;512,16;512,16;512,16;512,16;512,16;512,16;512,16;512,16;512,16;512,16;512,16;512,16;512,16;512,16;512,16;512,16;512,16;512,16;512,16;512,16;512,16;512,16;512,16;512,16;512,16;512,16;512,16;512,16;512,16;512,16;512,16;512,16;512,16;512,16;512,16;512,16;512,16;512,16;512,16;512,16;512,16;512,16;512,16;512,16;512,16;512,16;512,16;512,16;512,16;512,16;512,16;512,16;512,16;512,16;512,16;512,16;512,16;512,16;512,16;512,16;512,16;512,16;512,16;512,16;512,16;512,16;512,16;512,16;512,16;512,16;512,16;512,16;512,16;512,16;512,16;512,16;512,16;512,16;512,16;512,16;512,16;512,16;512,16;512,16;512,16;512,16;512,16;512,16;512,16;512,16;512,16;512,16""",FLOAT16;FLOAT16;FLOAT16;FLOAT16;FLOAT16;FLOAT16;FLOAT16;FLOAT16;FLOAT16;FLOAT16;FLOAT16;FLOAT16;FLOAT16;FLOAT16;FLOAT16;FLOAT16;FLOAT16;FLOAT16;FLOAT16;FLOAT16;FLOAT16;FLOAT16;FLOAT16;FLOAT16;FLOAT16;FLOAT16;FLOAT16;FLOAT16;FLOAT16;FLOAT16;FLOAT16;FLOAT16;FLOAT16;FLOAT16;FLOAT16;FLOAT16;FLOAT16;FLOAT16;FLOAT16;FLOAT16;FLOAT16;FLOAT16;FLOAT16;FLOAT16;FLOAT16;FLOAT16;FLOAT16;FLOAT16;FLOAT16;FLOAT16;FLOAT16;FLOAT16;FLOAT16;FLOAT16;FLOAT16;FLOAT16;FLOAT16;FLOAT16;FLOAT16;FLOAT16;FLOAT16;FLOAT16;FLOAT16;FLOAT16;FLOAT16;FLOAT16;FLOAT16;FLOAT16;FLOAT16;FLOAT16;FLOAT16;FLOAT16;FLOAT16;FLOAT16;FLOAT16;FLOAT16;FLOAT16;FLOAT16;FLOAT16;FLOAT16;FLOAT16;FLOAT16;FLOAT16;FLOAT16;FLOAT16;FLOAT16;FLOAT16;FLOAT16;FLOAT16;FLOAT16;FLOAT16;FLOAT16;FLOAT16;FLOAT16;FLOAT16;FLOAT16;FLOAT16;FLOAT16;FLOAT16;FLOAT16;FLOAT16;FLOAT16;FLOAT16;FLOAT16;FLOAT16;FLOAT16;FLOAT16;FLOAT16;FLOAT16;FLOAT16;FLOAT16;FLOAT16;FLOAT16;FLOAT16;FLOAT16;FLOAT16;FLOAT16;FLOAT16;FLOAT16;FLOAT16;FLOAT16;FLOAT16;FLOAT16;FLOAT16;FLOAT16;FLOAT16;FLOAT16;FLOAT16,ND;ND;ND;ND;ND;ND;ND;ND;ND;ND;ND;ND;ND;ND;ND;ND;ND;ND;ND;ND;ND;ND;ND;ND;ND;ND;ND;ND;ND;ND;ND;ND;ND;ND;ND;ND;ND;ND;ND;ND;ND;ND;ND;ND;ND;ND;ND;ND;ND;ND;ND;ND;ND;ND;ND;ND;ND;ND;ND;ND;ND;ND;ND;ND;ND;ND;ND;ND;ND;ND;ND;ND;ND;ND;ND;ND;ND;ND;ND;ND;ND;ND;ND;ND;ND;ND;ND;ND;ND;ND;ND;ND;ND;ND;ND;ND;ND;ND;ND;ND;ND;ND;ND;ND;ND;ND;ND;ND;ND;ND;ND;ND;ND;ND;ND;ND;ND;ND;ND;ND;ND;ND;ND;ND;ND;ND;ND;ND,"""512,2048""",FLOAT16,ND,N/A,0.0,0,0.0,0.0,0.0,0.0,0.0,0.0,0.0,0.0,0.0,0.0,0.0,48.098,3174446,0.017,0.0,5.238,0.109,31.514,0.655,12.616,0.262,0.0,0.000
0,4294967295,204,47,aclnnMul_MulAiCore_Mul,Mul,dynamic,AI_VECTOR_CORE,1785699090319582.788	,328.327,0.079000,40,0,NO,"""4096,4096;4096,4096""",FLOAT;FLOAT,ND;ND,"""4096,4096""",FLOAT,ND,N/A,0.0,0,0.0,0.0,0.0,0.0,0.0,0.0,0.0,0.0,0.0,0.0,0.0,325.885,21508382,6.784,0.021,2.902,0.009,324.448,0.996,110.433,0.339,0.0,0.000
0,4294967295,205,47,Concat,Concat,dynamic,AI_VECTOR_CORE,1785699090319911.155	,56.361,0.173000,40,0,NO,"""512,16;512,16;512,16;512,16;512,16;512,16;512,16;512,16;512,16;512,16;512,16;512,16;512,16;512,16;512,16;512,16;512,16;512,16;512,16;512,16;512,16;512,16;512,16;512,16;512,16;512,16;512,16;512,16;512,16;512,16;512,16;512,16;512,16;512,16;512,16;512,16;512,16;512,16;512,16;512,16;512,16;512,16;512,16;512,16;512,16;512,16;512,16;512,16;512,16;512,16;512,16;512,16;512,16;512,16;512,16;512,16;512,16;512,16;512,16;512,16;512,16;512,16;512,16;512,16;512,16;512,16;512,16;512,16;512,16;512,16;512,16;512,16;512,16;512,16;512,16;512,16;512,16;512,16;512,16;512,16;512,16;512,16;512,16;512,16;512,16;512,16;512,16;512,16;512,16;512,16;512,16;512,16;512,16;512,16;512,16;512,16;512,16;512,16;512,16;512,16;512,16;512,16;512,16;512,16;512,16;512,16;512,16;512,16;512,16;512,16;512,16;512,16;512,16;512,16;512,16;512,16;512,16;512,16;512,16;512,16;512,16;512,16;512,16;512,16;512,16;512,16;512,16;512,16""",FLOAT16;FLOAT16;FLOAT16;FLOAT16;FLOAT16;FLOAT16;FLOAT16;FLOAT16;FLOAT16;FLOAT16;FLOAT16;FLOAT16;FLOAT16;FLOAT16;FLOAT16;FLOAT16;FLOAT16;FLOAT16;FLOAT16;FLOAT16;FLOAT16;FLOAT16;FLOAT16;FLOAT16;FLOAT16;FLOAT16;FLOAT16;FLOAT16;FLOAT16;FLOAT16;FLOAT16;FLOAT16;FLOAT16;FLOAT16;FLOAT16;FLOAT16;FLOAT16;FLOAT16;FLOAT16;FLOAT16;FLOAT16;FLOAT16;FLOAT16;FLOAT16;FLOAT16;FLOAT16;FLOAT16;FLOAT16;FLOAT16;FLOAT16;FLOAT16;FLOAT16;FLOAT16;FLOAT16;FLOAT16;FLOAT16;FLOAT16;FLOAT16;FLOAT16;FLOAT16;FLOAT16;FLOAT16;FLOAT16;FLOAT16;FLOAT16;FLOAT16;FLOAT16;FLOAT16;FLOAT16;FLOAT16;FLOAT16;FLOAT16;FLOAT16;FLOAT16;FLOAT16;FLOAT16;FLOAT16;FLOAT16;FLOAT16;FLOAT16;FLOAT16;FLOAT16;FLOAT16;FLOAT16;FLOAT16;FLOAT16;FLOAT16;FLOAT16;FLOAT16;FLOAT16;FLOAT16;FLOAT16;FLOAT16;FLOAT16;FLOAT16;FLOAT16;FLOAT16;FLOAT16;FLOAT16;FLOAT16;FLOAT16;FLOAT16;FLOAT16;FLOAT16;FLOAT16;FLOAT16;FLOAT16;FLOAT16;FLOAT16;FLOAT16;FLOAT16;FLOAT16;FLOAT16;FLOAT16;FLOAT16;FLOAT16;FLOAT16;FLOAT16;FLOAT16;FLOAT16;FLOAT16;FLOAT16;FLOAT16;FLOAT16;FLOAT16;FLOAT16;FLOAT16;FLOAT16,ND;ND;ND;ND;ND;ND;ND;ND;ND;ND;ND;ND;ND;ND;ND;ND;ND;ND;ND;ND;ND;ND;ND;ND;ND;ND;ND;ND;ND;ND;ND;ND;ND;ND;ND;ND;ND;ND;ND;ND;ND;ND;ND;ND;ND;ND;ND;ND;ND;ND;ND;ND;ND;ND;ND;ND;ND;ND;ND;ND;ND;ND;ND;ND;ND;ND;ND;ND;ND;ND;ND;ND;ND;ND;ND;ND;ND;ND;ND;ND;ND;ND;ND;ND;ND;ND;ND;ND;ND;ND;ND;ND;ND;ND;ND;ND;ND;ND;ND;ND;ND;ND;ND;ND;ND;ND;ND;ND;ND;ND;ND;ND;ND;ND;ND;ND;ND;ND;ND;ND;ND;ND;ND;ND;ND;ND;ND;ND,"""512,2048""",FLOAT16,ND,N/A,0.0,0,0.0,0.0,0.0,0.0,0.0,0.0,0.0,0.0,0.0,0.0,0.0,48.285,3186790,0.017,0.0,5.709,0.118,30.3,0.628,13.54,0.28,0.0,0.000
0,4294967295,206,47,aclnnMul_MulAiCore_Mul,Mul,dynamic,AI_VECTOR_CORE,1785699090319967.536	,328.707,0.000000,40,0,NO,"""4096,4096;4096,4096""",FLOAT;FLOAT,ND;ND,"""4096,4096""",FLOAT,ND,N/A,0.0,0,0.0,0.0,0.0,0.0,0.0,0.0,0.0,0.0,0.0,0.0,0.0,326.218,21530370,6.784,0.021,3.013,0.009,324.675,0.995,111.219,0.341,0.0,0.000
0,4294967295,207,47,Concat,Concat,dynamic,AI_VECTOR_CORE,1785699090320296.283	,55.101,0.043000,40,0,NO,"""512,16;512,16;512,16;512,16;512,16;512,16;512,16;512,16;512,16;512,16;512,16;512,16;512,16;512,16;512,16;512,16;512,16;512,16;512,16;512,16;512,16;512,16;512,16;512,16;512,16;512,16;512,16;512,16;512,16;512,16;512,16;512,16;512,16;512,16;512,16;512,16;512,16;512,16;512,16;512,16;512,16;512,16;512,16;512,16;512,16;512,16;512,16;512,16;512,16;512,16;512,16;512,16;512,16;512,16;512,16;512,16;512,16;512,16;512,16;512,16;512,16;512,16;512,16;512,16;512,16;512,16;512,16;512,16;512,16;512,16;512,16;512,16;512,16;512,16;512,16;512,16;512,16;512,16;512,16;512,16;512,16;512,16;512,16;512,16;512,16;512,16;512,16;512,16;512,16;512,16;512,16;512,16;512,16;512,16;512,16;512,16;512,16;512,16;512,16;512,16;512,16;512,16;512,16;512,16;512,16;512,16;512,16;512,16;512,16;512,16;512,16;512,16;512,16;512,16;512,16;512,16;512,16;512,16;512,16;512,16;512,16;512,16;512,16;512,16;512,16;512,16;512,16;512,16""",FLOAT16;FLOAT16;FLOAT16;FLOAT16;FLOAT16;FLOAT16;FLOAT16;FLOAT16;FLOAT16;FLOAT16;FLOAT16;FLOAT16;FLOAT16;FLOAT16;FLOAT16;FLOAT16;FLOAT16;FLOAT16;FLOAT16;FLOAT16;FLOAT16;FLOAT16;FLOAT16;FLOAT16;FLOAT16;FLOAT16;FLOAT16;FLOAT16;FLOAT16;FLOAT16;FLOAT16;FLOAT16;FLOAT16;FLOAT16;FLOAT16;FLOAT16;FLOAT16;FLOAT16;FLOAT16;FLOAT16;FLOAT16;FLOAT16;FLOAT16;FLOAT16;FLOAT16;FLOAT16;FLOAT16;FLOAT16;FLOAT16;FLOAT16;FLOAT16;FLOAT16;FLOAT16;FLOAT16;FLOAT16;FLOAT16;FLOAT16;FLOAT16;FLOAT16;FLOAT16;FLOAT16;FLOAT16;FLOAT16;FLOAT16;FLOAT16;FLOAT16;FLOAT16;FLOAT16;FLOAT16;FLOAT16;FLOAT16;FLOAT16;FLOAT16;FLOAT16;FLOAT16;FLOAT16;FLOAT16;FLOAT16;FLOAT16;FLOAT16;FLOAT16;FLOAT16;FLOAT16;FLOAT16;FLOAT16;FLOAT16;FLOAT16;FLOAT16;FLOAT16;FLOAT16;FLOAT16;FLOAT16;FLOAT16;FLOAT16;FLOAT16;FLOAT16;FLOAT16;FLOAT16;FLOAT16;FLOAT16;FLOAT16;FLOAT16;FLOAT16;FLOAT16;FLOAT16;FLOAT16;FLOAT16;FLOAT16;FLOAT16;FLOAT16;FLOAT16;FLOAT16;FLOAT16;FLOAT16;FLOAT16;FLOAT16;FLOAT16;FLOAT16;FLOAT16;FLOAT16;FLOAT16;FLOAT16;FLOAT16;FLOAT16;FLOAT16;FLOAT16;FLOAT16;FLOAT16,ND;ND;ND;ND;ND;ND;ND;ND;ND;ND;ND;ND;ND;ND;ND;ND;ND;ND;ND;ND;ND;ND;ND;ND;ND;ND;ND;ND;ND;ND;ND;ND;ND;ND;ND;ND;ND;ND;ND;ND;ND;ND;ND;ND;ND;ND;ND;ND;ND;ND;ND;ND;ND;ND;ND;ND;ND;ND;ND;ND;ND;ND;ND;ND;ND;ND;ND;ND;ND;ND;ND;ND;ND;ND;ND;ND;ND;ND;ND;ND;ND;ND;ND;ND;ND;ND;ND;ND;ND;ND;ND;ND;ND;ND;ND;ND;ND;ND;ND;ND;ND;ND;ND;ND;ND;ND;ND;ND;ND;ND;ND;ND;ND;ND;ND;ND;ND;ND;ND;ND;ND;ND;ND;ND;ND;ND;ND;ND,"""512,2048""",FLOAT16,ND,N/A,0.0,0,0.0,0.0,0.0,0.0,0.0,0.0,0.0,0.0,0.0,0.0,0.0,46.313,3056648,0.017,0.0,4.232,0.091,29.204,0.631,13.811,0.298,0.0,0.000
0,4294967295,208,47,aclnnMul_MulAiCore_Mul,Mul,dynamic,AI_VECTOR_CORE,1785699090320351.404	,328.786,0.149000,40,0,NO,"""4096,4096;4096,4096""",FLOAT;FLOAT,ND;ND,"""4096,4096""",FLOAT,ND,N/A,0.0,0,0.0,0.0,0.0,0.0,0.0,0.0,0.0,0.0,0.0,0.0,0.0,326.139,21525163,6.784,0.021,3.61,0.011,323.94,0.993,110.406,0.339,0.0,0.000
0,4294967295,209,47,Concat,Concat,dynamic,AI_VECTOR_CORE,1785699090320680.210	,54.701,0.000000,40,0,NO,"""512,16;512,16;512,16;512,16;512,16;512,16;512,16;512,16;512,16;512,16;512,16;512,16;512,16;512,16;512,16;512,16;512,16;512,16;512,16;512,16;512,16;512,16;512,16;512,16;512,16;512,16;512,16;512,16;512,16;512,16;512,16;512,16;512,16;512,16;512,16;512,16;512,16;512,16;512,16;512,16;512,16;512,16;512,16;512,16;512,16;512,16;512,16;512,16;512,16;512,16;512,16;512,16;512,16;512,16;512,16;512,16;512,16;512,16;512,16;512,16;512,16;512,16;512,16;512,16;512,16;512,16;512,16;512,16;512,16;512,16;512,16;512,16;512,16;512,16;512,16;512,16;512,16;512,16;512,16;512,16;512,16;512,16;512,16;512,16;512,16;512,16;512,16;512,16;512,16;512,16;512,16;512,16;512,16;512,16;512,16;512,16;512,16;512,16;512,16;512,16;512,16;512,16;512,16;512,16;512,16;512,16;512,16;512,16;512,16;512,16;512,16;512,16;512,16;512,16;512,16;512,16;512,16;512,16;512,16;512,16;512,16;512,16;512,16;512,16;512,16;512,16;512,16;512,16""",FLOAT16;FLOAT16;FLOAT16;FLOAT16;FLOAT16;FLOAT16;FLOAT16;FLOAT16;FLOAT16;FLOAT16;FLOAT16;FLOAT16;FLOAT16;FLOAT16;FLOAT16;FLOAT16;FLOAT16;FLOAT16;FLOAT16;FLOAT16;FLOAT16;FLOAT16;FLOAT16;FLOAT16;FLOAT16;FLOAT16;FLOAT16;FLOAT16;FLOAT16;FLOAT16;FLOAT16;FLOAT16;FLOAT16;FLOAT16;FLOAT16;FLOAT16;FLOAT16;FLOAT16;FLOAT16;FLOAT16;FLOAT16;FLOAT16;FLOAT16;FLOAT16;FLOAT16;FLOAT16;FLOAT16;FLOAT16;FLOAT16;FLOAT16;FLOAT16;FLOAT16;FLOAT16;FLOAT16;FLOAT16;FLOAT16;FLOAT16;FLOAT16;FLOAT16;FLOAT16;FLOAT16;FLOAT16;FLOAT16;FLOAT16;FLOAT16;FLOAT16;FLOAT16;FLOAT16;FLOAT16;FLOAT16;FLOAT16;FLOAT16;FLOAT16;FLOAT16;FLOAT16;FLOAT16;FLOAT16;FLOAT16;FLOAT16;FLOAT16;FLOAT16;FLOAT16;FLOAT16;FLOAT16;FLOAT16;FLOAT16;FLOAT16;FLOAT16;FLOAT16;FLOAT16;FLOAT16;FLOAT16;FLOAT16;FLOAT16;FLOAT16;FLOAT16;FLOAT16;FLOAT16;FLOAT16;FLOAT16;FLOAT16;FLOAT16;FLOAT16;FLOAT16;FLOAT16;FLOAT16;FLOAT16;FLOAT16;FLOAT16;FLOAT16;FLOAT16;FLOAT16;FLOAT16;FLOAT16;FLOAT16;FLOAT16;FLOAT16;FLOAT16;FLOAT16;FLOAT16;FLOAT16;FLOAT16;FLOAT16;FLOAT16;FLOAT16;FLOAT16;FLOAT16;FLOAT16,ND;ND;ND;ND;ND;ND;ND;ND;ND;ND;ND;ND;ND;ND;ND;ND;ND;ND;ND;ND;ND;ND;ND;ND;ND;ND;ND;ND;ND;ND;ND;ND;ND;ND;ND;ND;ND;ND;ND;ND;ND;ND;ND;ND;ND;ND;ND;ND;ND;ND;ND;ND;ND;ND;ND;ND;ND;ND;ND;ND;ND;ND;ND;ND;ND;ND;ND;ND;ND;ND;ND;ND;ND;ND;ND;ND;ND;ND;ND;ND;ND;ND;ND;ND;ND;ND;ND;ND;ND;ND;ND;ND;ND;ND;ND;ND;ND;ND;ND;ND;ND;ND;ND;ND;ND;ND;ND;ND;ND;ND;ND;ND;ND;ND;ND;ND;ND;ND;ND;ND;ND;ND;ND;ND;ND;ND;ND;ND,"""512,2048""",FLOAT16,ND,N/A,0.0,0,0.0,0.0,0.0,0.0,0.0,0.0,0.0,0.0,0.0,0.0,0.0,46.249,3052403,0.017,0.0,5.002,0.108,27.815,0.601,14.464,0.313,0.0,0.000
0,4294967295,210,47,aclnnMul_MulAiCore_Mul,Mul,dynamic,AI_VECTOR_CORE,1785699090320734.931	,328.447,0.049000,40,0,NO,"""4096,4096;4096,4096""",FLOAT;FLOAT,ND;ND,"""4096,4096""",FLOAT,ND,N/A,0.0,0,0.0,0.0,0.0,0.0,0.0,0.0,0.0,0.0,0.0,0.0,0.0,326.152,21526005,6.784,0.021,3.015,0.009,324.569,0.995,110.649,0.339,0.0,0.000
0,4294967295,211,47,Concat,Concat,dynamic,AI_VECTOR_CORE,1785699090321063.418	,55.881,0.053000,40,0,NO,"""512,16;512,16;512,16;512,16;512,16;512,16;512,16;512,16;512,16;512,16;512,16;512,16;512,16;512,16;512,16;512,16;512,16;512,16;512,16;512,16;512,16;512,16;512,16;512,16;512,16;512,16;512,16;512,16;512,16;512,16;512,16;512,16;512,16;512,16;512,16;512,16;512,16;512,16;512,16;512,16;512,16;512,16;512,16;512,16;512,16;512,16;512,16;512,16;512,16;512,16;512,16;512,16;512,16;512,16;512,16;512,16;512,16;512,16;512,16;512,16;512,16;512,16;512,16;512,16;512,16;512,16;512,16;512,16;512,16;512,16;512,16;512,16;512,16;512,16;512,16;512,16;512,16;512,16;512,16;512,16;512,16;512,16;512,16;512,16;512,16;512,16;512,16;512,16;512,16;512,16;512,16;512,16;512,16;512,16;512,16;512,16;512,16;512,16;512,16;512,16;512,16;512,16;512,16;512,16;512,16;512,16;512,16;512,16;512,16;512,16;512,16;512,16;512,16;512,16;512,16;512,16;512,16;512,16;512,16;512,16;512,16;512,16;512,16;512,16;512,16;512,16;512,16;512,16""",FLOAT16;FLOAT16;FLOAT16;FLOAT16;FLOAT16;FLOAT16;FLOAT16;FLOAT16;FLOAT16;FLOAT16;FLOAT16;FLOAT16;FLOAT16;FLOAT16;FLOAT16;FLOAT16;FLOAT16;FLOAT16;FLOAT16;FLOAT16;FLOAT16;FLOAT16;FLOAT16;FLOAT16;FLOAT16;FLOAT16;FLOAT16;FLOAT16;FLOAT16;FLOAT16;FLOAT16;FLOAT16;FLOAT16;FLOAT16;FLOAT16;FLOAT16;FLOAT16;FLOAT16;FLOAT16;FLOAT16;FLOAT16;FLOAT16;FLOAT16;FLOAT16;FLOAT16;FLOAT16;FLOAT16;FLOAT16;FLOAT16;FLOAT16;FLOAT16;FLOAT16;FLOAT16;FLOAT16;FLOAT16;FLOAT16;FLOAT16;FLOAT16;FLOAT16;FLOAT16;FLOAT16;FLOAT16;FLOAT16;FLOAT16;FLOAT16;FLOAT16;FLOAT16;FLOAT16;FLOAT16;FLOAT16;FLOAT16;FLOAT16;FLOAT16;FLOAT16;FLOAT16;FLOAT16;FLOAT16;FLOAT16;FLOAT16;FLOAT16;FLOAT16;FLOAT16;FLOAT16;FLOAT16;FLOAT16;FLOAT16;FLOAT16;FLOAT16;FLOAT16;FLOAT16;FLOAT16;FLOAT16;FLOAT16;FLOAT16;FLOAT16;FLOAT16;FLOAT16;FLOAT16;FLOAT16;FLOAT16;FLOAT16;FLOAT16;FLOAT16;FLOAT16;FLOAT16;FLOAT16;FLOAT16;FLOAT16;FLOAT16;FLOAT16;FLOAT16;FLOAT16;FLOAT16;FLOAT16;FLOAT16;FLOAT16;FLOAT16;FLOAT16;FLOAT16;FLOAT16;FLOAT16;FLOAT16;FLOAT16;FLOAT16;FLOAT16;FLOAT16;FLOAT16;FLOAT16,ND;ND;ND;ND;ND;ND;ND;ND;ND;ND;ND;ND;ND;ND;ND;ND;ND;ND;ND;ND;ND;ND;ND;ND;ND;ND;ND;ND;ND;ND;ND;ND;ND;ND;ND;ND;ND;ND;ND;ND;ND;ND;ND;ND;ND;ND;ND;ND;ND;ND;ND;ND;ND;ND;ND;ND;ND;ND;ND;ND;ND;ND;ND;ND;ND;ND;ND;ND;ND;ND;ND;ND;ND;ND;ND;ND;ND;ND;ND;ND;ND;ND;ND;ND;ND;ND;ND;ND;ND;ND;ND;ND;ND;ND;ND;ND;ND;ND;ND;ND;ND;ND;ND;ND;ND;ND;ND;ND;ND;ND;ND;ND;ND;ND;ND;ND;ND;ND;ND;ND;ND;ND;ND;ND;ND;ND;ND;ND,"""512,2048""",FLOAT16,ND,N/A,0.0,0,0.0,0.0,0.0,0.0,0.0,0.0,0.0,0.0,0.0,0.0,0.0,47.621,3142966,0.017,0.0,5.047,0.106,29.739,0.624,14.22,0.299,0.0,0.000
0,4294967295,212,47,aclnnMul_MulAiCore_Mul,Mul,dynamic,AI_VECTOR_CORE,1785699090321119.319	,327.707,0.000000,40,0,NO,"""4096,4096;4096,4096""",FLOAT;FLOAT,ND;ND,"""4096,4096""",FLOAT,ND,N/A,0.0,0,0.0,0.0,0.0,0.0,0.0,0.0,0.0,0.0,0.0,0.0,0.0,325.614,21490491,6.784,0.021,3.056,0.009,324.016,0.995,108.949,0.335,0.0,0.000
0,4294967295,213,47,Concat,Concat,dynamic,AI_VECTOR_CORE,1785699090321447.046	,55.221,0.043000,40,0,NO,"""512,16;512,16;512,16;512,16;512,16;512,16;512,16;512,16;512,16;512,16;512,16;512,16;512,16;512,16;512,16;512,16;512,16;512,16;512,16;512,16;512,16;512,16;512,16;512,16;512,16;512,16;512,16;512,16;512,16;512,16;512,16;512,16;512,16;512,16;512,16;512,16;512,16;512,16;512,16;512,16;512,16;512,16;512,16;512,16;512,16;512,16;512,16;512,16;512,16;512,16;512,16;512,16;512,16;512,16;512,16;512,16;512,16;512,16;512,16;512,16;512,16;512,16;512,16;512,16;512,16;512,16;512,16;512,16;512,16;512,16;512,16;512,16;512,16;512,16;512,16;512,16;512,16;512,16;512,16;512,16;512,16;512,16;512,16;512,16;512,16;512,16;512,16;512,16;512,16;512,16;512,16;512,16;512,16;512,16;512,16;512,16;512,16;512,16;512,16;512,16;512,16;512,16;512,16;512,16;512,16;512,16;512,16;512,16;512,16;512,16;512,16;512,16;512,16;512,16;512,16;512,16;512,16;512,16;512,16;512,16;512,16;512,16;512,16;512,16;512,16;512,16;512,16;512,16""",FLOAT16;FLOAT16;FLOAT16;FLOAT16;FLOAT16;FLOAT16;FLOAT16;FLOAT16;FLOAT16;FLOAT16;FLOAT16;FLOAT16;FLOAT16;FLOAT16;FLOAT16;FLOAT16;FLOAT16;FLOAT16;FLOAT16;FLOAT16;FLOAT16;FLOAT16;FLOAT16;FLOAT16;FLOAT16;FLOAT16;FLOAT16;FLOAT16;FLOAT16;FLOAT16;FLOAT16;FLOAT16;FLOAT16;FLOAT16;FLOAT16;FLOAT16;FLOAT16;FLOAT16;FLOAT16;FLOAT16;FLOAT16;FLOAT16;FLOAT16;FLOAT16;FLOAT16;FLOAT16;FLOAT16;FLOAT16;FLOAT16;FLOAT16;FLOAT16;FLOAT16;FLOAT16;FLOAT16;FLOAT16;FLOAT16;FLOAT16;FLOAT16;FLOAT16;FLOAT16;FLOAT16;FLOAT16;FLOAT16;FLOAT16;FLOAT16;FLOAT16;FLOAT16;FLOAT16;FLOAT16;FLOAT16;FLOAT16;FLOAT16;FLOAT16;FLOAT16;FLOAT16;FLOAT16;FLOAT16;FLOAT16;FLOAT16;FLOAT16;FLOAT16;FLOAT16;FLOAT16;FLOAT16;FLOAT16;FLOAT16;FLOAT16;FLOAT16;FLOAT16;FLOAT16;FLOAT16;FLOAT16;FLOAT16;FLOAT16;FLOAT16;FLOAT16;FLOAT16;FLOAT16;FLOAT16;FLOAT16;FLOAT16;FLOAT16;FLOAT16;FLOAT16;FLOAT16;FLOAT16;FLOAT16;FLOAT16;FLOAT16;FLOAT16;FLOAT16;FLOAT16;FLOAT16;FLOAT16;FLOAT16;FLOAT16;FLOAT16;FLOAT16;FLOAT16;FLOAT16;FLOAT16;FLOAT16;FLOAT16;FLOAT16;FLOAT16;FLOAT16;FLOAT16;FLOAT16,ND;ND;ND;ND;ND;ND;ND;ND;ND;ND;ND;ND;ND;ND;ND;ND;ND;ND;ND;ND;ND;ND;ND;ND;ND;ND;ND;ND;ND;ND;ND;ND;ND;ND;ND;ND;ND;ND;ND;ND;ND;ND;ND;ND;ND;ND;ND;ND;ND;ND;ND;ND;ND;ND;ND;ND;ND;ND;ND;ND;ND;ND;ND;ND;ND;ND;ND;ND;ND;ND;ND;ND;ND;ND;ND;ND;ND;ND;ND;ND;ND;ND;ND;ND;ND;ND;ND;ND;ND;ND;ND;ND;ND;ND;ND;ND;ND;ND;ND;ND;ND;ND;ND;ND;ND;ND;ND;ND;ND;ND;ND;ND;ND;ND;ND;ND;ND;ND;ND;ND;ND;ND;ND;ND;ND;ND;ND;ND,"""512,2048""",FLOAT16,ND,N/A,0.0,0,0.0,0.0,0.0,0.0,0.0,0.0,0.0,0.0,0.0,0.0,0.0,46.789,3088044,0.017,0.0,3.948,0.084,29.495,0.63,13.983,0.299,0.0,0.000
0,4294967295,214,47,aclnnMul_MulAiCore_Mul,Mul,dynamic,AI_VECTOR_CORE,1785699090321502.287	,328.426,0.029000,40,0,NO,"""4096,4096;4096,4096""",FLOAT;FLOAT,ND;ND,"""4096,4096""",FLOAT,ND,N/A,0.0,0,0.0,0.0,0.0,0.0,0.0,0.0,0.0,0.0,0.0,0.0,0.0,325.596,21489339,6.784,0.021,2.973,0.009,324.056,0.995,108.935,0.335,0.0,0.000
0,4294967295,215,47,Concat,Concat,dynamic,AI_VECTOR_CORE,1785699090321830.733	,55.101,0.074000,40,0,NO,"""512,16;512,16;512,16;512,16;512,16;512,16;512,16;512,16;512,16;512,16;512,16;512,16;512,16;512,16;512,16;512,16;512,16;512,16;512,16;512,16;512,16;512,16;512,16;512,16;512,16;512,16;512,16;512,16;512,16;512,16;512,16;512,16;512,16;512,16;512,16;512,16;512,16;512,16;512,16;512,16;512,16;512,16;512,16;512,16;512,16;512,16;512,16;512,16;512,16;512,16;512,16;512,16;512,16;512,16;512,16;512,16;512,16;512,16;512,16;512,16;512,16;512,16;512,16;512,16;512,16;512,16;512,16;512,16;512,16;512,16;512,16;512,16;512,16;512,16;512,16;512,16;512,16;512,16;512,16;512,16;512,16;512,16;512,16;512,16;512,16;512,16;512,16;512,16;512,16;512,16;512,16;512,16;512,16;512,16;512,16;512,16;512,16;512,16;512,16;512,16;512,16;512,16;512,16;512,16;512,16;512,16;512,16;512,16;512,16;512,16;512,16;512,16;512,16;512,16;512,16;512,16;512,16;512,16;512,16;512,16;512,16;512,16;512,16;512,16;512,16;512,16;512,16;512,16""",FLOAT16;FLOAT16;FLOAT16;FLOAT16;FLOAT16;FLOAT16;FLOAT16;FLOAT16;FLOAT16;FLOAT16;FLOAT16;FLOAT16;FLOAT16;FLOAT16;FLOAT16;FLOAT16;FLOAT16;FLOAT16;FLOAT16;FLOAT16;FLOAT16;FLOAT16;FLOAT16;FLOAT16;FLOAT16;FLOAT16;FLOAT16;FLOAT16;FLOAT16;FLOAT16;FLOAT16;FLOAT16;FLOAT16;FLOAT16;FLOAT16;FLOAT16;FLOAT16;FLOAT16;FLOAT16;FLOAT16;FLOAT16;FLOAT16;FLOAT16;FLOAT16;FLOAT16;FLOAT16;FLOAT16;FLOAT16;FLOAT16;FLOAT16;FLOAT16;FLOAT16;FLOAT16;FLOAT16;FLOAT16;FLOAT16;FLOAT16;FLOAT16;FLOAT16;FLOAT16;FLOAT16;FLOAT16;FLOAT16;FLOAT16;FLOAT16;FLOAT16;FLOAT16;FLOAT16;FLOAT16;FLOAT16;FLOAT16;FLOAT16;FLOAT16;FLOAT16;FLOAT16;FLOAT16;FLOAT16;FLOAT16;FLOAT16;FLOAT16;FLOAT16;FLOAT16;FLOAT16;FLOAT16;FLOAT16;FLOAT16;FLOAT16;FLOAT16;FLOAT16;FLOAT16;FLOAT16;FLOAT16;FLOAT16;FLOAT16;FLOAT16;FLOAT16;FLOAT16;FLOAT16;FLOAT16;FLOAT16;FLOAT16;FLOAT16;FLOAT16;FLOAT16;FLOAT16;FLOAT16;FLOAT16;FLOAT16;FLOAT16;FLOAT16;FLOAT16;FLOAT16;FLOAT16;FLOAT16;FLOAT16;FLOAT16;FLOAT16;FLOAT16;FLOAT16;FLOAT16;FLOAT16;FLOAT16;FLOAT16;FLOAT16;FLOAT16;FLOAT16;FLOAT16;FLOAT16,ND;ND;ND;ND;ND;ND;ND;ND;ND;ND;ND;ND;ND;ND;ND;ND;ND;ND;ND;ND;ND;ND;ND;ND;ND;ND;ND;ND;ND;ND;ND;ND;ND;ND;ND;ND;ND;ND;ND;ND;ND;ND;ND;ND;ND;ND;ND;ND;ND;ND;ND;ND;ND;ND;ND;ND;ND;ND;ND;ND;ND;ND;ND;ND;ND;ND;ND;ND;ND;ND;ND;ND;ND;ND;ND;ND;ND;ND;ND;ND;ND;ND;ND;ND;ND;ND;ND;ND;ND;ND;ND;ND;ND;ND;ND;ND;ND;ND;ND;ND;ND;ND;ND;ND;ND;ND;ND;ND;ND;ND;ND;ND;ND;ND;ND;ND;ND;ND;ND;ND;ND;ND;ND;ND;ND;ND;ND;ND,"""512,2048""",FLOAT16,ND,N/A,0.0,0,0.0,0.0,0.0,0.0,0.0,0.0,0.0,0.0,0.0,0.0,0.0,46.697,3081984,0.017,0.0,4.247,0.091,30.028,0.643,13.154,0.282,0.0,0.000
0,4294967295,216,47,aclnnMul_MulAiCore_Mul,Mul,dynamic,AI_VECTOR_CORE,1785699090321885.854	,329.347,0.000000,40,0,NO,"""4096,4096;4096,4096""",FLOAT;FLOAT,ND;ND,"""4096,4096""",FLOAT,ND,N/A,0.0,0,0.0,0.0,0.0,0.0,0.0,0.0,0.0,0.0,0.0,0.0,0.0,326.488,21548215,6.784,0.021,3.002,0.009,324.859,0.995,111.863,0.343,0.0,0.000
0,4294967295,217,47,Concat,Concat,dynamic,AI_VECTOR_CORE,1785699090322215.241	,54.641,0.153000,40,0,NO,"""512,16;512,16;512,16;512,16;512,16;512,16;512,16;512,16;512,16;512,16;512,16;512,16;512,16;512,16;512,16;512,16;512,16;512,16;512,16;512,16;512,16;512,16;512,16;512,16;512,16;512,16;512,16;512,16;512,16;512,16;512,16;512,16;512,16;512,16;512,16;512,16;512,16;512,16;512,16;512,16;512,16;512,16;512,16;512,16;512,16;512,16;512,16;512,16;512,16;512,16;512,16;512,16;512,16;512,16;512,16;512,16;512,16;512,16;512,16;512,16;512,16;512,16;512,16;512,16;512,16;512,16;512,16;512,16;512,16;512,16;512,16;512,16;512,16;512,16;512,16;512,16;512,16;512,16;512,16;512,16;512,16;512,16;512,16;512,16;512,16;512,16;512,16;512,16;512,16;512,16;512,16;512,16;512,16;512,16;512,16;512,16;512,16;512,16;512,16;512,16;512,16;512,16;512,16;512,16;512,16;512,16;512,16;512,16;512,16;512,16;512,16;512,16;512,16;512,16;512,16;512,16;512,16;512,16;512,16;512,16;512,16;512,16;512,16;512,16;512,16;512,16;512,16;512,16""",FLOAT16;FLOAT16;FLOAT16;FLOAT16;FLOAT16;FLOAT16;FLOAT16;FLOAT16;FLOAT16;FLOAT16;FLOAT16;FLOAT16;FLOAT16;FLOAT16;FLOAT16;FLOAT16;FLOAT16;FLOAT16;FLOAT16;FLOAT16;FLOAT16;FLOAT16;FLOAT16;FLOAT16;FLOAT16;FLOAT16;FLOAT16;FLOAT16;FLOAT16;FLOAT16;FLOAT16;FLOAT16;FLOAT16;FLOAT16;FLOAT16;FLOAT16;FLOAT16;FLOAT16;FLOAT16;FLOAT16;FLOAT16;FLOAT16;FLOAT16;FLOAT16;FLOAT16;FLOAT16;FLOAT16;FLOAT16;FLOAT16;FLOAT16;FLOAT16;FLOAT16;FLOAT16;FLOAT16;FLOAT16;FLOAT16;FLOAT16;FLOAT16;FLOAT16;FLOAT16;FLOAT16;FLOAT16;FLOAT16;FLOAT16;FLOAT16;FLOAT16;FLOAT16;FLOAT16;FLOAT16;FLOAT16;FLOAT16;FLOAT16;FLOAT16;FLOAT16;FLOAT16;FLOAT16;FLOAT16;FLOAT16;FLOAT16;FLOAT16;FLOAT16;FLOAT16;FLOAT16;FLOAT16;FLOAT16;FLOAT16;FLOAT16;FLOAT16;FLOAT16;FLOAT16;FLOAT16;FLOAT16;FLOAT16;FLOAT16;FLOAT16;FLOAT16;FLOAT16;FLOAT16;FLOAT16;FLOAT16;FLOAT16;FLOAT16;FLOAT16;FLOAT16;FLOAT16;FLOAT16;FLOAT16;FLOAT16;FLOAT16;FLOAT16;FLOAT16;FLOAT16;FLOAT16;FLOAT16;FLOAT16;FLOAT16;FLOAT16;FLOAT16;FLOAT16;FLOAT16;FLOAT16;FLOAT16;FLOAT16;FLOAT16;FLOAT16;FLOAT16;FLOAT16;FLOAT16,ND;ND;ND;ND;ND;ND;ND;ND;ND;ND;ND;ND;ND;ND;ND;ND;ND;ND;ND;ND;ND;ND;ND;ND;ND;ND;ND;ND;ND;ND;ND;ND;ND;ND;ND;ND;ND;ND;ND;ND;ND;ND;ND;ND;ND;ND;ND;ND;ND;ND;ND;ND;ND;ND;ND;ND;ND;ND;ND;ND;ND;ND;ND;ND;ND;ND;ND;ND;ND;ND;ND;ND;ND;ND;ND;ND;ND;ND;ND;ND;ND;ND;ND;ND;ND;ND;ND;ND;ND;ND;ND;ND;ND;ND;ND;ND;ND;ND;ND;ND;ND;ND;ND;ND;ND;ND;ND;ND;ND;ND;ND;ND;ND;ND;ND;ND;ND;ND;ND;ND;ND;ND;ND;ND;ND;ND;ND;ND,"""512,2048""",FLOAT16,ND,N/A,0.0,0,0.0,0.0,0.0,0.0,0.0,0.0,0.0,0.0,0.0,0.0,0.0,46.702,3082356,0.017,0.0,4.337,0.093,28.941,0.62,14.355,0.307,0.0,0.000
0,4294967295,218,47,aclnnMul_MulAiCore_Mul,Mul,dynamic,AI_VECTOR_CORE,1785699090322269.902	,328.167,0.109000,40,0,NO,"""4096,4096;4096,4096""",FLOAT;FLOAT,ND;ND,"""4096,4096""",FLOAT,ND,N/A,0.0,0,0.0,0.0,0.0,0.0,0.0,0.0,0.0,0.0,0.0,0.0,0.0,325.91,21510082,6.784,0.021,2.968,0.009,324.431,0.995,108.59,0.333,0.0,0.000
0,4294967295,219,47,Concat,Concat,dynamic,AI_VECTOR_CORE,1785699090322598.089	,55.761,0.000000,40,0,NO,"""512,16;512,16;512,16;512,16;512,16;512,16;512,16;512,16;512,16;512,16;512,16;512,16;512,16;512,16;512,16;512,16;512,16;512,16;512,16;512,16;512,16;512,16;512,16;512,16;512,16;512,16;512,16;512,16;512,16;512,16;512,16;512,16;512,16;512,16;512,16;512,16;512,16;512,16;512,16;512,16;512,16;512,16;512,16;512,16;512,16;512,16;512,16;512,16;512,16;512,16;512,16;512,16;512,16;512,16;512,16;512,16;512,16;512,16;512,16;512,16;512,16;512,16;512,16;512,16;512,16;512,16;512,16;512,16;512,16;512,16;512,16;512,16;512,16;512,16;512,16;512,16;512,16;512,16;512,16;512,16;512,16;512,16;512,16;512,16;512,16;512,16;512,16;512,16;512,16;512,16;512,16;512,16;512,16;512,16;512,16;512,16;512,16;512,16;512,16;512,16;512,16;512,16;512,16;512,16;512,16;512,16;512,16;512,16;512,16;512,16;512,16;512,16;512,16;512,16;512,16;512,16;512,16;512,16;512,16;512,16;512,16;512,16;512,16;512,16;512,16;512,16;512,16;512,16""",FLOAT16;FLOAT16;FLOAT16;FLOAT16;FLOAT16;FLOAT16;FLOAT16;FLOAT16;FLOAT16;FLOAT16;FLOAT16;FLOAT16;FLOAT16;FLOAT16;FLOAT16;FLOAT16;FLOAT16;FLOAT16;FLOAT16;FLOAT16;FLOAT16;FLOAT16;FLOAT16;FLOAT16;FLOAT16;FLOAT16;FLOAT16;FLOAT16;FLOAT16;FLOAT16;FLOAT16;FLOAT16;FLOAT16;FLOAT16;FLOAT16;FLOAT16;FLOAT16;FLOAT16;FLOAT16;FLOAT16;FLOAT16;FLOAT16;FLOAT16;FLOAT16;FLOAT16;FLOAT16;FLOAT16;FLOAT16;FLOAT16;FLOAT16;FLOAT16;FLOAT16;FLOAT16;FLOAT16;FLOAT16;FLOAT16;FLOAT16;FLOAT16;FLOAT16;FLOAT16;FLOAT16;FLOAT16;FLOAT16;FLOAT16;FLOAT16;FLOAT16;FLOAT16;FLOAT16;FLOAT16;FLOAT16;FLOAT16;FLOAT16;FLOAT16;FLOAT16;FLOAT16;FLOAT16;FLOAT16;FLOAT16;FLOAT16;FLOAT16;FLOAT16;FLOAT16;FLOAT16;FLOAT16;FLOAT16;FLOAT16;FLOAT16;FLOAT16;FLOAT16;FLOAT16;FLOAT16;FLOAT16;FLOAT16;FLOAT16;FLOAT16;FLOAT16;FLOAT16;FLOAT16;FLOAT16;FLOAT16;FLOAT16;FLOAT16;FLOAT16;FLOAT16;FLOAT16;FLOAT16;FLOAT16;FLOAT16;FLOAT16;FLOAT16;FLOAT16;FLOAT16;FLOAT16;FLOAT16;FLOAT16;FLOAT16;FLOAT16;FLOAT16;FLOAT16;FLOAT16;FLOAT16;FLOAT16;FLOAT16;FLOAT16;FLOAT16;FLOAT16;FLOAT16;FLOAT16,ND;ND;ND;ND;ND;ND;ND;ND;ND;ND;ND;ND;ND;ND;ND;ND;ND;ND;ND;ND;ND;ND;ND;ND;ND;ND;ND;ND;ND;ND;ND;ND;ND;ND;ND;ND;ND;ND;ND;ND;ND;ND;ND;ND;ND;ND;ND;ND;ND;ND;ND;ND;ND;ND;ND;ND;ND;ND;ND;ND;ND;ND;ND;ND;ND;ND;ND;ND;ND;ND;ND;ND;ND;ND;ND;ND;ND;ND;ND;ND;ND;ND;ND;ND;ND;ND;ND;ND;ND;ND;ND;ND;ND;ND;ND;ND;ND;ND;ND;ND;ND;ND;ND;ND;ND;ND;ND;ND;ND;ND;ND;ND;ND;ND;ND;ND;ND;ND;ND;ND;ND;ND;ND;ND;ND;ND;ND;ND,"""512,2048""",FLOAT16,ND,N/A,0.0,0,0.0,0.0,0.0,0.0,0.0,0.0,0.0,0.0,0.0,0.0,0.0,47.547,3138083,0.017,0.0,5.406,0.114,30.115,0.633,13.583,0.286,0.0,0.000
0,4294967295,220,47,aclnnMul_MulAiCore_Mul,Mul,dynamic,AI_VECTOR_CORE,1785699090322653.870	,328.146,0.000000,40,0,NO,"""4096,4096;4096,4096""",FLOAT;FLOAT,ND;ND,"""4096,4096""",FLOAT,ND,N/A,0.0,0,0.0,0.0,0.0,0.0,0.0,0.0,0.0,0.0,0.0,0.0,0.0,325.744,21499122,6.784,0.021,2.991,0.009,324.203,0.995,110.668,0.34,0.0,0.000
0,4294967295,221,47,Concat,Concat,dynamic,AI_VECTOR_CORE,1785699090322982.036	,56.921,0.104000,40,0,NO,"""512,16;512,16;512,16;512,16;512,16;512,16;512,16;512,16;512,16;512,16;512,16;512,16;512,16;512,16;512,16;512,16;512,16;512,16;512,16;512,16;512,16;512,16;512,16;512,16;512,16;512,16;512,16;512,16;512,16;512,16;512,16;512,16;512,16;512,16;512,16;512,16;512,16;512,16;512,16;512,16;512,16;512,16;512,16;512,16;512,16;512,16;512,16;512,16;512,16;512,16;512,16;512,16;512,16;512,16;512,16;512,16;512,16;512,16;512,16;512,16;512,16;512,16;512,16;512,16;512,16;512,16;512,16;512,16;512,16;512,16;512,16;512,16;512,16;512,16;512,16;512,16;512,16;512,16;512,16;512,16;512,16;512,16;512,16;512,16;512,16;512,16;512,16;512,16;512,16;512,16;512,16;512,16;512,16;512,16;512,16;512,16;512,16;512,16;512,16;512,16;512,16;512,16;512,16;512,16;512,16;512,16;512,16;512,16;512,16;512,16;512,16;512,16;512,16;512,16;512,16;512,16;512,16;512,16;512,16;512,16;512,16;512,16;512,16;512,16;512,16;512,16;512,16;512,16""",FLOAT16;FLOAT16;FLOAT16;FLOAT16;FLOAT16;FLOAT16;FLOAT16;FLOAT16;FLOAT16;FLOAT16;FLOAT16;FLOAT16;FLOAT16;FLOAT16;FLOAT16;FLOAT16;FLOAT16;FLOAT16;FLOAT16;FLOAT16;FLOAT16;FLOAT16;FLOAT16;FLOAT16;FLOAT16;FLOAT16;FLOAT16;FLOAT16;FLOAT16;FLOAT16;FLOAT16;FLOAT16;FLOAT16;FLOAT16;FLOAT16;FLOAT16;FLOAT16;FLOAT16;FLOAT16;FLOAT16;FLOAT16;FLOAT16;FLOAT16;FLOAT16;FLOAT16;FLOAT16;FLOAT16;FLOAT16;FLOAT16;FLOAT16;FLOAT16;FLOAT16;FLOAT16;FLOAT16;FLOAT16;FLOAT16;FLOAT16;FLOAT16;FLOAT16;FLOAT16;FLOAT16;FLOAT16;FLOAT16;FLOAT16;FLOAT16;FLOAT16;FLOAT16;FLOAT16;FLOAT16;FLOAT16;FLOAT16;FLOAT16;FLOAT16;FLOAT16;FLOAT16;FLOAT16;FLOAT16;FLOAT16;FLOAT16;FLOAT16;FLOAT16;FLOAT16;FLOAT16;FLOAT16;FLOAT16;FLOAT16;FLOAT16;FLOAT16;FLOAT16;FLOAT16;FLOAT16;FLOAT16;FLOAT16;FLOAT16;FLOAT16;FLOAT16;FLOAT16;FLOAT16;FLOAT16;FLOAT16;FLOAT16;FLOAT16;FLOAT16;FLOAT16;FLOAT16;FLOAT16;FLOAT16;FLOAT16;FLOAT16;FLOAT16;FLOAT16;FLOAT16;FLOAT16;FLOAT16;FLOAT16;FLOAT16;FLOAT16;FLOAT16;FLOAT16;FLOAT16;FLOAT16;FLOAT16;FLOAT16;FLOAT16;FLOAT16;FLOAT16;FLOAT16;FLOAT16,ND;ND;ND;ND;ND;ND;ND;ND;ND;ND;ND;ND;ND;ND;ND;ND;ND;ND;ND;ND;ND;ND;ND;ND;ND;ND;ND;ND;ND;ND;ND;ND;ND;ND;ND;ND;ND;ND;ND;ND;ND;ND;ND;ND;ND;ND;ND;ND;ND;ND;ND;ND;ND;ND;ND;ND;ND;ND;ND;ND;ND;ND;ND;ND;ND;ND;ND;ND;ND;ND;ND;ND;ND;ND;ND;ND;ND;ND;ND;ND;ND;ND;ND;ND;ND;ND;ND;ND;ND;ND;ND;ND;ND;ND;ND;ND;ND;ND;ND;ND;ND;ND;ND;ND;ND;ND;ND;ND;ND;ND;ND;ND;ND;ND;ND;ND;ND;ND;ND;ND;ND;ND;ND;ND;ND;ND;ND;ND,"""512,2048""",FLOAT16,ND,N/A,0.0,0,0.0,0.0,0.0,0.0,0.0,0.0,0.0,0.0,0.0,0.0,0.0,48.736,3216598,0.017,0.0,6.014,0.123,30.775,0.631,13.329,0.273,0.0,0.000
0,4294967295,222,47,aclnnMul_MulAiCore_Mul,Mul,dynamic,AI_VECTOR_CORE,1785699090323038.977	,327.567,0.079000,40,0,NO,"""4096,4096;4096,4096""",FLOAT;FLOAT,ND;ND,"""4096,4096""",FLOAT,ND,N/A,0.0,0,0.0,0.0,0.0,0.0,0.0,0.0,0.0,0.0,0.0,0.0,0.0,325.379,21475007,6.784,0.021,2.905,0.009,323.924,0.996,110.655,0.34,0.0,0.000
0,4294967295,223,47,Concat,Concat,dynamic,AI_VECTOR_CORE,1785699090323366.564	,54.901,0.000000,40,0,NO,"""512,16;512,16;512,16;512,16;512,16;512,16;512,16;512,16;512,16;512,16;512,16;512,16;512,16;512,16;512,16;512,16;512,16;512,16;512,16;512,16;512,16;512,16;512,16;512,16;512,16;512,16;512,16;512,16;512,16;512,16;512,16;512,16;512,16;512,16;512,16;512,16;512,16;512,16;512,16;512,16;512,16;512,16;512,16;512,16;512,16;512,16;512,16;512,16;512,16;512,16;512,16;512,16;512,16;512,16;512,16;512,16;512,16;512,16;512,16;512,16;512,16;512,16;512,16;512,16;512,16;512,16;512,16;512,16;512,16;512,16;512,16;512,16;512,16;512,16;512,16;512,16;512,16;512,16;512,16;512,16;512,16;512,16;512,16;512,16;512,16;512,16;512,16;512,16;512,16;512,16;512,16;512,16;512,16;512,16;512,16;512,16;512,16;512,16;512,16;512,16;512,16;512,16;512,16;512,16;512,16;512,16;512,16;512,16;512,16;512,16;512,16;512,16;512,16;512,16;512,16;512,16;512,16;512,16;512,16;512,16;512,16;512,16;512,16;512,16;512,16;512,16;512,16;512,16""",FLOAT16;FLOAT16;FLOAT16;FLOAT16;FLOAT16;FLOAT16;FLOAT16;FLOAT16;FLOAT16;FLOAT16;FLOAT16;FLOAT16;FLOAT16;FLOAT16;FLOAT16;FLOAT16;FLOAT16;FLOAT16;FLOAT16;FLOAT16;FLOAT16;FLOAT16;FLOAT16;FLOAT16;FLOAT16;FLOAT16;FLOAT16;FLOAT16;FLOAT16;FLOAT16;FLOAT16;FLOAT16;FLOAT16;FLOAT16;FLOAT16;FLOAT16;FLOAT16;FLOAT16;FLOAT16;FLOAT16;FLOAT16;FLOAT16;FLOAT16;FLOAT16;FLOAT16;FLOAT16;FLOAT16;FLOAT16;FLOAT16;FLOAT16;FLOAT16;FLOAT16;FLOAT16;FLOAT16;FLOAT16;FLOAT16;FLOAT16;FLOAT16;FLOAT16;FLOAT16;FLOAT16;FLOAT16;FLOAT16;FLOAT16;FLOAT16;FLOAT16;FLOAT16;FLOAT16;FLOAT16;FLOAT16;FLOAT16;FLOAT16;FLOAT16;FLOAT16;FLOAT16;FLOAT16;FLOAT16;FLOAT16;FLOAT16;FLOAT16;FLOAT16;FLOAT16;FLOAT16;FLOAT16;FLOAT16;FLOAT16;FLOAT16;FLOAT16;FLOAT16;FLOAT16;FLOAT16;FLOAT16;FLOAT16;FLOAT16;FLOAT16;FLOAT16;FLOAT16;FLOAT16;FLOAT16;FLOAT16;FLOAT16;FLOAT16;FLOAT16;FLOAT16;FLOAT16;FLOAT16;FLOAT16;FLOAT16;FLOAT16;FLOAT16;FLOAT16;FLOAT16;FLOAT16;FLOAT16;FLOAT16;FLOAT16;FLOAT16;FLOAT16;FLOAT16;FLOAT16;FLOAT16;FLOAT16;FLOAT16;FLOAT16;FLOAT16;FLOAT16;FLOAT16;FLOAT16,ND;ND;ND;ND;ND;ND;ND;ND;ND;ND;ND;ND;ND;ND;ND;ND;ND;ND;ND;ND;ND;ND;ND;ND;ND;ND;ND;ND;ND;ND;ND;ND;ND;ND;ND;ND;ND;ND;ND;ND;ND;ND;ND;ND;ND;ND;ND;ND;ND;ND;ND;ND;ND;ND;ND;ND;ND;ND;ND;ND;ND;ND;ND;ND;ND;ND;ND;ND;ND;ND;ND;ND;ND;ND;ND;ND;ND;ND;ND;ND;ND;ND;ND;ND;ND;ND;ND;ND;ND;ND;ND;ND;ND;ND;ND;ND;ND;ND;ND;ND;ND;ND;ND;ND;ND;ND;ND;ND;ND;ND;ND;ND;ND;ND;ND;ND;ND;ND;ND;ND;ND;ND;ND;ND;ND;ND;ND;ND,"""512,2048""",FLOAT16,ND,N/A,0.0,0,0.0,0.0,0.0,0.0,0.0,0.0,0.0,0.0,0.0,0.0,0.0,46.641,3078330,0.017,0.0,4.184,0.09,29.438,0.631,13.981,0.3,0.0,0.000
0,4294967295,224,47,aclnnMul_MulAiCore_Mul,Mul,dynamic,AI_VECTOR_CORE,1785699090323421.505	,328.287,0.099000,40,0,NO,"""4096,4096;4096,4096""",FLOAT;FLOAT,ND;ND,"""4096,4096""",FLOAT,ND,N/A,0.0,0,0.0,0.0,0.0,0.0,0.0,0.0,0.0,0.0,0.0,0.0,0.0,326.153,21526110,6.784,0.021,3.078,0.009,324.555,0.995,110.661,0.339,0.0,0.000
0,4294967295,225,47,Concat,Concat,dynamic,AI_VECTOR_CORE,1785699090323749.812	,54.441,0.000000,40,0,NO,"""512,16;512,16;512,16;512,16;512,16;512,16;512,16;512,16;512,16;512,16;512,16;512,16;512,16;512,16;512,16;512,16;512,16;512,16;512,16;512,16;512,16;512,16;512,16;512,16;512,16;512,16;512,16;512,16;512,16;512,16;512,16;512,16;512,16;512,16;512,16;512,16;512,16;512,16;512,16;512,16;512,16;512,16;512,16;512,16;512,16;512,16;512,16;512,16;512,16;512,16;512,16;512,16;512,16;512,16;512,16;512,16;512,16;512,16;512,16;512,16;512,16;512,16;512,16;512,16;512,16;512,16;512,16;512,16;512,16;512,16;512,16;512,16;512,16;512,16;512,16;512,16;512,16;512,16;512,16;512,16;512,16;512,16;512,16;512,16;512,16;512,16;512,16;512,16;512,16;512,16;512,16;512,16;512,16;512,16;512,16;512,16;512,16;512,16;512,16;512,16;512,16;512,16;512,16;512,16;512,16;512,16;512,16;512,16;512,16;512,16;512,16;512,16;512,16;512,16;512,16;512,16;512,16;512,16;512,16;512,16;512,16;512,16;512,16;512,16;512,16;512,16;512,16;512,16""",FLOAT16;FLOAT16;FLOAT16;FLOAT16;FLOAT16;FLOAT16;FLOAT16;FLOAT16;FLOAT16;FLOAT16;FLOAT16;FLOAT16;FLOAT16;FLOAT16;FLOAT16;FLOAT16;FLOAT16;FLOAT16;FLOAT16;FLOAT16;FLOAT16;FLOAT16;FLOAT16;FLOAT16;FLOAT16;FLOAT16;FLOAT16;FLOAT16;FLOAT16;FLOAT16;FLOAT16;FLOAT16;FLOAT16;FLOAT16;FLOAT16;FLOAT16;FLOAT16;FLOAT16;FLOAT16;FLOAT16;FLOAT16;FLOAT16;FLOAT16;FLOAT16;FLOAT16;FLOAT16;FLOAT16;FLOAT16;FLOAT16;FLOAT16;FLOAT16;FLOAT16;FLOAT16;FLOAT16;FLOAT16;FLOAT16;FLOAT16;FLOAT16;FLOAT16;FLOAT16;FLOAT16;FLOAT16;FLOAT16;FLOAT16;FLOAT16;FLOAT16;FLOAT16;FLOAT16;FLOAT16;FLOAT16;FLOAT16;FLOAT16;FLOAT16;FLOAT16;FLOAT16;FLOAT16;FLOAT16;FLOAT16;FLOAT16;FLOAT16;FLOAT16;FLOAT16;FLOAT16;FLOAT16;FLOAT16;FLOAT16;FLOAT16;FLOAT16;FLOAT16;FLOAT16;FLOAT16;FLOAT16;FLOAT16;FLOAT16;FLOAT16;FLOAT16;FLOAT16;FLOAT16;FLOAT16;FLOAT16;FLOAT16;FLOAT16;FLOAT16;FLOAT16;FLOAT16;FLOAT16;FLOAT16;FLOAT16;FLOAT16;FLOAT16;FLOAT16;FLOAT16;FLOAT16;FLOAT16;FLOAT16;FLOAT16;FLOAT16;FLOAT16;FLOAT16;FLOAT16;FLOAT16;FLOAT16;FLOAT16;FLOAT16;FLOAT16;FLOAT16;FLOAT16;FLOAT16,ND;ND;ND;ND;ND;ND;ND;ND;ND;ND;ND;ND;ND;ND;ND;ND;ND;ND;ND;ND;ND;ND;ND;ND;ND;ND;ND;ND;ND;ND;ND;ND;ND;ND;ND;ND;ND;ND;ND;ND;ND;ND;ND;ND;ND;ND;ND;ND;ND;ND;ND;ND;ND;ND;ND;ND;ND;ND;ND;ND;ND;ND;ND;ND;ND;ND;ND;ND;ND;ND;ND;ND;ND;ND;ND;ND;ND;ND;ND;ND;ND;ND;ND;ND;ND;ND;ND;ND;ND;ND;ND;ND;ND;ND;ND;ND;ND;ND;ND;ND;ND;ND;ND;ND;ND;ND;ND;ND;ND;ND;ND;ND;ND;ND;ND;ND;ND;ND;ND;ND;ND;ND;ND;ND;ND;ND;ND;ND,"""512,2048""",FLOAT16,ND,N/A,0.0,0,0.0,0.0,0.0,0.0,0.0,0.0,0.0,0.0,0.0,0.0,0.0,46.119,3043874,0.017,0.0,4.369,0.095,29.031,0.629,13.825,0.3,0.0,0.000
0,4294967295,226,47,aclnnMul_MulAiCore_Mul,Mul,dynamic,AI_VECTOR_CORE,1785699090323804.273	,327.746,0.059000,40,0,NO,"""4096,4096;4096,4096""",FLOAT;FLOAT,ND;ND,"""4096,4096""",FLOAT,ND,N/A,0.0,0,0.0,0.0,0.0,0.0,0.0,0.0,0.0,0.0,0.0,0.0,0.0,325.597,21489380,6.784,0.021,2.963,0.009,324.106,0.995,108.283,0.333,0.0,0.000
0,4294967295,227,47,Concat,Concat,dynamic,AI_VECTOR_CORE,1785699090324132.039	,55.381,0.004000,40,0,NO,"""512,16;512,16;512,16;512,16;512,16;512,16;512,16;512,16;512,16;512,16;512,16;512,16;512,16;512,16;512,16;512,16;512,16;512,16;512,16;512,16;512,16;512,16;512,16;512,16;512,16;512,16;512,16;512,16;512,16;512,16;512,16;512,16;512,16;512,16;512,16;512,16;512,16;512,16;512,16;512,16;512,16;512,16;512,16;512,16;512,16;512,16;512,16;512,16;512,16;512,16;512,16;512,16;512,16;512,16;512,16;512,16;512,16;512,16;512,16;512,16;512,16;512,16;512,16;512,16;512,16;512,16;512,16;512,16;512,16;512,16;512,16;512,16;512,16;512,16;512,16;512,16;512,16;512,16;512,16;512,16;512,16;512,16;512,16;512,16;512,16;512,16;512,16;512,16;512,16;512,16;512,16;512,16;512,16;512,16;512,16;512,16;512,16;512,16;512,16;512,16;512,16;512,16;512,16;512,16;512,16;512,16;512,16;512,16;512,16;512,16;512,16;512,16;512,16;512,16;512,16;512,16;512,16;512,16;512,16;512,16;512,16;512,16;512,16;512,16;512,16;512,16;512,16;512,16""",FLOAT16;FLOAT16;FLOAT16;FLOAT16;FLOAT16;FLOAT16;FLOAT16;FLOAT16;FLOAT16;FLOAT16;FLOAT16;FLOAT16;FLOAT16;FLOAT16;FLOAT16;FLOAT16;FLOAT16;FLOAT16;FLOAT16;FLOAT16;FLOAT16;FLOAT16;FLOAT16;FLOAT16;FLOAT16;FLOAT16;FLOAT16;FLOAT16;FLOAT16;FLOAT16;FLOAT16;FLOAT16;FLOAT16;FLOAT16;FLOAT16;FLOAT16;FLOAT16;FLOAT16;FLOAT16;FLOAT16;FLOAT16;FLOAT16;FLOAT16;FLOAT16;FLOAT16;FLOAT16;FLOAT16;FLOAT16;FLOAT16;FLOAT16;FLOAT16;FLOAT16;FLOAT16;FLOAT16;FLOAT16;FLOAT16;FLOAT16;FLOAT16;FLOAT16;FLOAT16;FLOAT16;FLOAT16;FLOAT16;FLOAT16;FLOAT16;FLOAT16;FLOAT16;FLOAT16;FLOAT16;FLOAT16;FLOAT16;FLOAT16;FLOAT16;FLOAT16;FLOAT16;FLOAT16;FLOAT16;FLOAT16;FLOAT16;FLOAT16;FLOAT16;FLOAT16;FLOAT16;FLOAT16;FLOAT16;FLOAT16;FLOAT16;FLOAT16;FLOAT16;FLOAT16;FLOAT16;FLOAT16;FLOAT16;FLOAT16;FLOAT16;FLOAT16;FLOAT16;FLOAT16;FLOAT16;FLOAT16;FLOAT16;FLOAT16;FLOAT16;FLOAT16;FLOAT16;FLOAT16;FLOAT16;FLOAT16;FLOAT16;FLOAT16;FLOAT16;FLOAT16;FLOAT16;FLOAT16;FLOAT16;FLOAT16;FLOAT16;FLOAT16;FLOAT16;FLOAT16;FLOAT16;FLOAT16;FLOAT16;FLOAT16;FLOAT16;FLOAT16;FLOAT16;FLOAT16,ND;ND;ND;ND;ND;ND;ND;ND;ND;ND;ND;ND;ND;ND;ND;ND;ND;ND;ND;ND;ND;ND;ND;ND;ND;ND;ND;ND;ND;ND;ND;ND;ND;ND;ND;ND;ND;ND;ND;ND;ND;ND;ND;ND;ND;ND;ND;ND;ND;ND;ND;ND;ND;ND;ND;ND;ND;ND;ND;ND;ND;ND;ND;ND;ND;ND;ND;ND;ND;ND;ND;ND;ND;ND;ND;ND;ND;ND;ND;ND;ND;ND;ND;ND;ND;ND;ND;ND;ND;ND;ND;ND;ND;ND;ND;ND;ND;ND;ND;ND;ND;ND;ND;ND;ND;ND;ND;ND;ND;ND;ND;ND;ND;ND;ND;ND;ND;ND;ND;ND;ND;ND;ND;ND;ND;ND;ND;ND,"""512,2048""",FLOAT16,ND,N/A,0.0,0,0.0,0.0,0.0,0.0,0.0,0.0,0.0,0.0,0.0,0.0,0.0,47.394,3128030,0.017,0.0,4.21,0.089,30.074,0.635,13.834,0.292,0.0,0.000
0,4294967295,228,47,aclnnMul_MulAiCore_Mul,Mul,dynamic,AI_VECTOR_CORE,1785699090324187.440	,328.327,0.119000,40,0,NO,"""4096,4096;4096,4096""",FLOAT;FLOAT,ND;ND,"""4096,4096""",FLOAT,ND,N/A,0.0,0,0.0,0.0,0.0,0.0,0.0,0.0,0.0,0.0,0.0,0.0,0.0,325.764,21500391,6.784,0.021,3.111,0.01,324.079,0.995,111.613,0.343,0.0,0.000
0,4294967295,229,47,Concat,Concat,dynamic,AI_VECTOR_CORE,1785699090324515.807	,56.561,0.000000,40,0,NO,"""512,16;512,16;512,16;512,16;512,16;512,16;512,16;512,16;512,16;512,16;512,16;512,16;512,16;512,16;512,16;512,16;512,16;512,16;512,16;512,16;512,16;512,16;512,16;512,16;512,16;512,16;512,16;512,16;512,16;512,16;512,16;512,16;512,16;512,16;512,16;512,16;512,16;512,16;512,16;512,16;512,16;512,16;512,16;512,16;512,16;512,16;512,16;512,16;512,16;512,16;512,16;512,16;512,16;512,16;512,16;512,16;512,16;512,16;512,16;512,16;512,16;512,16;512,16;512,16;512,16;512,16;512,16;512,16;512,16;512,16;512,16;512,16;512,16;512,16;512,16;512,16;512,16;512,16;512,16;512,16;512,16;512,16;512,16;512,16;512,16;512,16;512,16;512,16;512,16;512,16;512,16;512,16;512,16;512,16;512,16;512,16;512,16;512,16;512,16;512,16;512,16;512,16;512,16;512,16;512,16;512,16;512,16;512,16;512,16;512,16;512,16;512,16;512,16;512,16;512,16;512,16;512,16;512,16;512,16;512,16;512,16;512,16;512,16;512,16;512,16;512,16;512,16;512,16""",FLOAT16;FLOAT16;FLOAT16;FLOAT16;FLOAT16;FLOAT16;FLOAT16;FLOAT16;FLOAT16;FLOAT16;FLOAT16;FLOAT16;FLOAT16;FLOAT16;FLOAT16;FLOAT16;FLOAT16;FLOAT16;FLOAT16;FLOAT16;FLOAT16;FLOAT16;FLOAT16;FLOAT16;FLOAT16;FLOAT16;FLOAT16;FLOAT16;FLOAT16;FLOAT16;FLOAT16;FLOAT16;FLOAT16;FLOAT16;FLOAT16;FLOAT16;FLOAT16;FLOAT16;FLOAT16;FLOAT16;FLOAT16;FLOAT16;FLOAT16;FLOAT16;FLOAT16;FLOAT16;FLOAT16;FLOAT16;FLOAT16;FLOAT16;FLOAT16;FLOAT16;FLOAT16;FLOAT16;FLOAT16;FLOAT16;FLOAT16;FLOAT16;FLOAT16;FLOAT16;FLOAT16;FLOAT16;FLOAT16;FLOAT16;FLOAT16;FLOAT16;FLOAT16;FLOAT16;FLOAT16;FLOAT16;FLOAT16;FLOAT16;FLOAT16;FLOAT16;FLOAT16;FLOAT16;FLOAT16;FLOAT16;FLOAT16;FLOAT16;FLOAT16;FLOAT16;FLOAT16;FLOAT16;FLOAT16;FLOAT16;FLOAT16;FLOAT16;FLOAT16;FLOAT16;FLOAT16;FLOAT16;FLOAT16;FLOAT16;FLOAT16;FLOAT16;FLOAT16;FLOAT16;FLOAT16;FLOAT16;FLOAT16;FLOAT16;FLOAT16;FLOAT16;FLOAT16;FLOAT16;FLOAT16;FLOAT16;FLOAT16;FLOAT16;FLOAT16;FLOAT16;FLOAT16;FLOAT16;FLOAT16;FLOAT16;FLOAT16;FLOAT16;FLOAT16;FLOAT16;FLOAT16;FLOAT16;FLOAT16;FLOAT16;FLOAT16;FLOAT16;FLOAT16;FLOAT16,ND;ND;ND;ND;ND;ND;ND;ND;ND;ND;ND;ND;ND;ND;ND;ND;ND;ND;ND;ND;ND;ND;ND;ND;ND;ND;ND;ND;ND;ND;ND;ND;ND;ND;ND;ND;ND;ND;ND;ND;ND;ND;ND;ND;ND;ND;ND;ND;ND;ND;ND;ND;ND;ND;ND;ND;ND;ND;ND;ND;ND;ND;ND;ND;ND;ND;ND;ND;ND;ND;ND;ND;ND;ND;ND;ND;ND;ND;ND;ND;ND;ND;ND;ND;ND;ND;ND;ND;ND;ND;ND;ND;ND;ND;ND;ND;ND;ND;ND;ND;ND;ND;ND;ND;ND;ND;ND;ND;ND;ND;ND;ND;ND;ND;ND;ND;ND;ND;ND;ND;ND;ND;ND;ND;ND;ND;ND;ND,"""512,2048""",FLOAT16,ND,N/A,0.0,0,0.0,0.0,0.0,0.0,0.0,0.0,0.0,0.0,0.0,0.0,0.0,48.52,3202300,0.017,0.0,4.355,0.09,29.653,0.611,15.133,0.312,0.0,0.000
0,4294967295,230,47,aclnnMul_MulAiCore_Mul,Mul,dynamic,AI_VECTOR_CORE,1785699090324572.408	,328.527,0.189000,40,0,NO,"""4096,4096;4096,4096""",FLOAT;FLOAT,ND;ND,"""4096,4096""",FLOAT,ND,N/A,0.0,0,0.0,0.0,0.0,0.0,0.0,0.0,0.0,0.0,0.0,0.0,0.0,326.253,21532693,6.784,0.021,3.002,0.009,324.696,0.995,109.761,0.336,0.0,0.000
0,4294967295,231,47,Concat,Concat,dynamic,AI_VECTOR_CORE,1785699090324900.955	,57.601,0.000000,40,0,NO,"""512,16;512,16;512,16;512,16;512,16;512,16;512,16;512,16;512,16;512,16;512,16;512,16;512,16;512,16;512,16;512,16;512,16;512,16;512,16;512,16;512,16;512,16;512,16;512,16;512,16;512,16;512,16;512,16;512,16;512,16;512,16;512,16;512,16;512,16;512,16;512,16;512,16;512,16;512,16;512,16;512,16;512,16;512,16;512,16;512,16;512,16;512,16;512,16;512,16;512,16;512,16;512,16;512,16;512,16;512,16;512,16;512,16;512,16;512,16;512,16;512,16;512,16;512,16;512,16;512,16;512,16;512,16;512,16;512,16;512,16;512,16;512,16;512,16;512,16;512,16;512,16;512,16;512,16;512,16;512,16;512,16;512,16;512,16;512,16;512,16;512,16;512,16;512,16;512,16;512,16;512,16;512,16;512,16;512,16;512,16;512,16;512,16;512,16;512,16;512,16;512,16;512,16;512,16;512,16;512,16;512,16;512,16;512,16;512,16;512,16;512,16;512,16;512,16;512,16;512,16;512,16;512,16;512,16;512,16;512,16;512,16;512,16;512,16;512,16;512,16;512,16;512,16;512,16""",FLOAT16;FLOAT16;FLOAT16;FLOAT16;FLOAT16;FLOAT16;FLOAT16;FLOAT16;FLOAT16;FLOAT16;FLOAT16;FLOAT16;FLOAT16;FLOAT16;FLOAT16;FLOAT16;FLOAT16;FLOAT16;FLOAT16;FLOAT16;FLOAT16;FLOAT16;FLOAT16;FLOAT16;FLOAT16;FLOAT16;FLOAT16;FLOAT16;FLOAT16;FLOAT16;FLOAT16;FLOAT16;FLOAT16;FLOAT16;FLOAT16;FLOAT16;FLOAT16;FLOAT16;FLOAT16;FLOAT16;FLOAT16;FLOAT16;FLOAT16;FLOAT16;FLOAT16;FLOAT16;FLOAT16;FLOAT16;FLOAT16;FLOAT16;FLOAT16;FLOAT16;FLOAT16;FLOAT16;FLOAT16;FLOAT16;FLOAT16;FLOAT16;FLOAT16;FLOAT16;FLOAT16;FLOAT16;FLOAT16;FLOAT16;FLOAT16;FLOAT16;FLOAT16;FLOAT16;FLOAT16;FLOAT16;FLOAT16;FLOAT16;FLOAT16;FLOAT16;FLOAT16;FLOAT16;FLOAT16;FLOAT16;FLOAT16;FLOAT16;FLOAT16;FLOAT16;FLOAT16;FLOAT16;FLOAT16;FLOAT16;FLOAT16;FLOAT16;FLOAT16;FLOAT16;FLOAT16;FLOAT16;FLOAT16;FLOAT16;FLOAT16;FLOAT16;FLOAT16;FLOAT16;FLOAT16;FLOAT16;FLOAT16;FLOAT16;FLOAT16;FLOAT16;FLOAT16;FLOAT16;FLOAT16;FLOAT16;FLOAT16;FLOAT16;FLOAT16;FLOAT16;FLOAT16;FLOAT16;FLOAT16;FLOAT16;FLOAT16;FLOAT16;FLOAT16;FLOAT16;FLOAT16;FLOAT16;FLOAT16;FLOAT16;FLOAT16;FLOAT16;FLOAT16;FLOAT16,ND;ND;ND;ND;ND;ND;ND;ND;ND;ND;ND;ND;ND;ND;ND;ND;ND;ND;ND;ND;ND;ND;ND;ND;ND;ND;ND;ND;ND;ND;ND;ND;ND;ND;ND;ND;ND;ND;ND;ND;ND;ND;ND;ND;ND;ND;ND;ND;ND;ND;ND;ND;ND;ND;ND;ND;ND;ND;ND;ND;ND;ND;ND;ND;ND;ND;ND;ND;ND;ND;ND;ND;ND;ND;ND;ND;ND;ND;ND;ND;ND;ND;ND;ND;ND;ND;ND;ND;ND;ND;ND;ND;ND;ND;ND;ND;ND;ND;ND;ND;ND;ND;ND;ND;ND;ND;ND;ND;ND;ND;ND;ND;ND;ND;ND;ND;ND;ND;ND;ND;ND;ND;ND;ND;ND;ND;ND;ND,"""512,2048""",FLOAT16,ND,N/A,0.0,0,0.0,0.0,0.0,0.0,0.0,0.0,0.0,0.0,0.0,0.0,0.0,47.31,3122436,0.017,0.0,4.668,0.099,30.121,0.637,13.665,0.289,0.0,0.000
0,4294967295,232,47,aclnnMul_MulAiCore_Mul,Mul,dynamic,AI_VECTOR_CORE,1785699090324958.576	,327.386,0.000000,40,0,NO,"""4096,4096;4096,4096""",FLOAT;FLOAT,ND;ND,"""4096,4096""",FLOAT,ND,N/A,0.0,0,0.0,0.0,0.0,0.0,0.0,0.0,0.0,0.0,0.0,0.0,0.0,325.301,21469882,6.784,0.021,2.989,0.009,323.791,0.995,109.233,0.336,0.0,0.000
0,4294967295,233,47,Concat,Concat,dynamic,AI_VECTOR_CORE,1785699090325286.002	,56.021,0.114000,40,0,NO,"""512,16;512,16;512,16;512,16;512,16;512,16;512,16;512,16;512,16;512,16;512,16;512,16;512,16;512,16;512,16;512,16;512,16;512,16;512,16;512,16;512,16;512,16;512,16;512,16;512,16;512,16;512,16;512,16;512,16;512,16;512,16;512,16;512,16;512,16;512,16;512,16;512,16;512,16;512,16;512,16;512,16;512,16;512,16;512,16;512,16;512,16;512,16;512,16;512,16;512,16;512,16;512,16;512,16;512,16;512,16;512,16;512,16;512,16;512,16;512,16;512,16;512,16;512,16;512,16;512,16;512,16;512,16;512,16;512,16;512,16;512,16;512,16;512,16;512,16;512,16;512,16;512,16;512,16;512,16;512,16;512,16;512,16;512,16;512,16;512,16;512,16;512,16;512,16;512,16;512,16;512,16;512,16;512,16;512,16;512,16;512,16;512,16;512,16;512,16;512,16;512,16;512,16;512,16;512,16;512,16;512,16;512,16;512,16;512,16;512,16;512,16;512,16;512,16;512,16;512,16;512,16;512,16;512,16;512,16;512,16;512,16;512,16;512,16;512,16;512,16;512,16;512,16;512,16""",FLOAT16;FLOAT16;FLOAT16;FLOAT16;FLOAT16;FLOAT16;FLOAT16;FLOAT16;FLOAT16;FLOAT16;FLOAT16;FLOAT16;FLOAT16;FLOAT16;FLOAT16;FLOAT16;FLOAT16;FLOAT16;FLOAT16;FLOAT16;FLOAT16;FLOAT16;FLOAT16;FLOAT16;FLOAT16;FLOAT16;FLOAT16;FLOAT16;FLOAT16;FLOAT16;FLOAT16;FLOAT16;FLOAT16;FLOAT16;FLOAT16;FLOAT16;FLOAT16;FLOAT16;FLOAT16;FLOAT16;FLOAT16;FLOAT16;FLOAT16;FLOAT16;FLOAT16;FLOAT16;FLOAT16;FLOAT16;FLOAT16;FLOAT16;FLOAT16;FLOAT16;FLOAT16;FLOAT16;FLOAT16;FLOAT16;FLOAT16;FLOAT16;FLOAT16;FLOAT16;FLOAT16;FLOAT16;FLOAT16;FLOAT16;FLOAT16;FLOAT16;FLOAT16;FLOAT16;FLOAT16;FLOAT16;FLOAT16;FLOAT16;FLOAT16;FLOAT16;FLOAT16;FLOAT16;FLOAT16;FLOAT16;FLOAT16;FLOAT16;FLOAT16;FLOAT16;FLOAT16;FLOAT16;FLOAT16;FLOAT16;FLOAT16;FLOAT16;FLOAT16;FLOAT16;FLOAT16;FLOAT16;FLOAT16;FLOAT16;FLOAT16;FLOAT16;FLOAT16;FLOAT16;FLOAT16;FLOAT16;FLOAT16;FLOAT16;FLOAT16;FLOAT16;FLOAT16;FLOAT16;FLOAT16;FLOAT16;FLOAT16;FLOAT16;FLOAT16;FLOAT16;FLOAT16;FLOAT16;FLOAT16;FLOAT16;FLOAT16;FLOAT16;FLOAT16;FLOAT16;FLOAT16;FLOAT16;FLOAT16;FLOAT16;FLOAT16;FLOAT16;FLOAT16;FLOAT16,ND;ND;ND;ND;ND;ND;ND;ND;ND;ND;ND;ND;ND;ND;ND;ND;ND;ND;ND;ND;ND;ND;ND;ND;ND;ND;ND;ND;ND;ND;ND;ND;ND;ND;ND;ND;ND;ND;ND;ND;ND;ND;ND;ND;ND;ND;ND;ND;ND;ND;ND;ND;ND;ND;ND;ND;ND;ND;ND;ND;ND;ND;ND;ND;ND;ND;ND;ND;ND;ND;ND;ND;ND;ND;ND;ND;ND;ND;ND;ND;ND;ND;ND;ND;ND;ND;ND;ND;ND;ND;ND;ND;ND;ND;ND;ND;ND;ND;ND;ND;ND;ND;ND;ND;ND;ND;ND;ND;ND;ND;ND;ND;ND;ND;ND;ND;ND;ND;ND;ND;ND;ND;ND;ND;ND;ND;ND;ND,"""512,2048""",FLOAT16,ND,N/A,0.0,0,0.0,0.0,0.0,0.0,0.0,0.0,0.0,0.0,0.0,0.0,0.0,47.51,3135652,0.017,0.0,4.241,0.089,29.501,0.621,14.55,0.306,0.0,0.000
0,4294967295,234,47,aclnnMul_MulAiCore_Mul,Mul,dynamic,AI_VECTOR_CORE,1785699090325342.043	,328.107,0.000000,40,0,NO,"""4096,4096;4096,4096""",FLOAT;FLOAT,ND;ND,"""4096,4096""",FLOAT,ND,N/A,0.0,0,0.0,0.0,0.0,0.0,0.0,0.0,0.0,0.0,0.0,0.0,0.0,325.787,21501932,6.784,0.021,2.9,0.009,324.363,0.996,108.472,0.333,0.0,0.000
0,4294967295,235,47,Concat,Concat,dynamic,AI_VECTOR_CORE,1785699090325670.170	,56.821,0.143000,40,0,NO,"""512,16;512,16;512,16;512,16;512,16;512,16;512,16;512,16;512,16;512,16;512,16;512,16;512,16;512,16;512,16;512,16;512,16;512,16;512,16;512,16;512,16;512,16;512,16;512,16;512,16;512,16;512,16;512,16;512,16;512,16;512,16;512,16;512,16;512,16;512,16;512,16;512,16;512,16;512,16;512,16;512,16;512,16;512,16;512,16;512,16;512,16;512,16;512,16;512,16;512,16;512,16;512,16;512,16;512,16;512,16;512,16;512,16;512,16;512,16;512,16;512,16;512,16;512,16;512,16;512,16;512,16;512,16;512,16;512,16;512,16;512,16;512,16;512,16;512,16;512,16;512,16;512,16;512,16;512,16;512,16;512,16;512,16;512,16;512,16;512,16;512,16;512,16;512,16;512,16;512,16;512,16;512,16;512,16;512,16;512,16;512,16;512,16;512,16;512,16;512,16;512,16;512,16;512,16;512,16;512,16;512,16;512,16;512,16;512,16;512,16;512,16;512,16;512,16;512,16;512,16;512,16;512,16;512,16;512,16;512,16;512,16;512,16;512,16;512,16;512,16;512,16;512,16;512,16""",FLOAT16;FLOAT16;FLOAT16;FLOAT16;FLOAT16;FLOAT16;FLOAT16;FLOAT16;FLOAT16;FLOAT16;FLOAT16;FLOAT16;FLOAT16;FLOAT16;FLOAT16;FLOAT16;FLOAT16;FLOAT16;FLOAT16;FLOAT16;FLOAT16;FLOAT16;FLOAT16;FLOAT16;FLOAT16;FLOAT16;FLOAT16;FLOAT16;FLOAT16;FLOAT16;FLOAT16;FLOAT16;FLOAT16;FLOAT16;FLOAT16;FLOAT16;FLOAT16;FLOAT16;FLOAT16;FLOAT16;FLOAT16;FLOAT16;FLOAT16;FLOAT16;FLOAT16;FLOAT16;FLOAT16;FLOAT16;FLOAT16;FLOAT16;FLOAT16;FLOAT16;FLOAT16;FLOAT16;FLOAT16;FLOAT16;FLOAT16;FLOAT16;FLOAT16;FLOAT16;FLOAT16;FLOAT16;FLOAT16;FLOAT16;FLOAT16;FLOAT16;FLOAT16;FLOAT16;FLOAT16;FLOAT16;FLOAT16;FLOAT16;FLOAT16;FLOAT16;FLOAT16;FLOAT16;FLOAT16;FLOAT16;FLOAT16;FLOAT16;FLOAT16;FLOAT16;FLOAT16;FLOAT16;FLOAT16;FLOAT16;FLOAT16;FLOAT16;FLOAT16;FLOAT16;FLOAT16;FLOAT16;FLOAT16;FLOAT16;FLOAT16;FLOAT16;FLOAT16;FLOAT16;FLOAT16;FLOAT16;FLOAT16;FLOAT16;FLOAT16;FLOAT16;FLOAT16;FLOAT16;FLOAT16;FLOAT16;FLOAT16;FLOAT16;FLOAT16;FLOAT16;FLOAT16;FLOAT16;FLOAT16;FLOAT16;FLOAT16;FLOAT16;FLOAT16;FLOAT16;FLOAT16;FLOAT16;FLOAT16;FLOAT16;FLOAT16;FLOAT16;FLOAT16;FLOAT16,ND;ND;ND;ND;ND;ND;ND;ND;ND;ND;ND;ND;ND;ND;ND;ND;ND;ND;ND;ND;ND;ND;ND;ND;ND;ND;ND;ND;ND;ND;ND;ND;ND;ND;ND;ND;ND;ND;ND;ND;ND;ND;ND;ND;ND;ND;ND;ND;ND;ND;ND;ND;ND;ND;ND;ND;ND;ND;ND;ND;ND;ND;ND;ND;ND;ND;ND;ND;ND;ND;ND;ND;ND;ND;ND;ND;ND;ND;ND;ND;ND;ND;ND;ND;ND;ND;ND;ND;ND;ND;ND;ND;ND;ND;ND;ND;ND;ND;ND;ND;ND;ND;ND;ND;ND;ND;ND;ND;ND;ND;ND;ND;ND;ND;ND;ND;ND;ND;ND;ND;ND;ND;ND;ND;ND;ND;ND;ND,"""512,2048""",FLOAT16,ND,N/A,0.0,0,0.0,0.0,0.0,0.0,0.0,0.0,0.0,0.0,0.0,0.0,0.0,48.424,3196014,0.017,0.0,6.542,0.135,30.291,0.626,13.535,0.28,0.0,0.000
0,4294967295,236,47,aclnnMul_MulAiCore_Mul,Mul,dynamic,AI_VECTOR_CORE,1785699090325727.011	,327.707,0.000000,40,0,NO,"""4096,4096;4096,4096""",FLOAT;FLOAT,ND;ND,"""4096,4096""",FLOAT,ND,N/A,0.0,0,0.0,0.0,0.0,0.0,0.0,0.0,0.0,0.0,0.0,0.0,0.0,325.552,21486452,6.784,0.021,3.031,0.009,323.984,0.995,109.364,0.336,0.0,0.000
0,4294967295,237,47,Concat,Concat,dynamic,AI_VECTOR_CORE,1785699090326054.738	,57.261,0.043000,40,0,NO,"""512,16;512,16;512,16;512,16;512,16;512,16;512,16;512,16;512,16;512,16;512,16;512,16;512,16;512,16;512,16;512,16;512,16;512,16;512,16;512,16;512,16;512,16;512,16;512,16;512,16;512,16;512,16;512,16;512,16;512,16;512,16;512,16;512,16;512,16;512,16;512,16;512,16;512,16;512,16;512,16;512,16;512,16;512,16;512,16;512,16;512,16;512,16;512,16;512,16;512,16;512,16;512,16;512,16;512,16;512,16;512,16;512,16;512,16;512,16;512,16;512,16;512,16;512,16;512,16;512,16;512,16;512,16;512,16;512,16;512,16;512,16;512,16;512,16;512,16;512,16;512,16;512,16;512,16;512,16;512,16;512,16;512,16;512,16;512,16;512,16;512,16;512,16;512,16;512,16;512,16;512,16;512,16;512,16;512,16;512,16;512,16;512,16;512,16;512,16;512,16;512,16;512,16;512,16;512,16;512,16;512,16;512,16;512,16;512,16;512,16;512,16;512,16;512,16;512,16;512,16;512,16;512,16;512,16;512,16;512,16;512,16;512,16;512,16;512,16;512,16;512,16;512,16;512,16""",FLOAT16;FLOAT16;FLOAT16;FLOAT16;FLOAT16;FLOAT16;FLOAT16;FLOAT16;FLOAT16;FLOAT16;FLOAT16;FLOAT16;FLOAT16;FLOAT16;FLOAT16;FLOAT16;FLOAT16;FLOAT16;FLOAT16;FLOAT16;FLOAT16;FLOAT16;FLOAT16;FLOAT16;FLOAT16;FLOAT16;FLOAT16;FLOAT16;FLOAT16;FLOAT16;FLOAT16;FLOAT16;FLOAT16;FLOAT16;FLOAT16;FLOAT16;FLOAT16;FLOAT16;FLOAT16;FLOAT16;FLOAT16;FLOAT16;FLOAT16;FLOAT16;FLOAT16;FLOAT16;FLOAT16;FLOAT16;FLOAT16;FLOAT16;FLOAT16;FLOAT16;FLOAT16;FLOAT16;FLOAT16;FLOAT16;FLOAT16;FLOAT16;FLOAT16;FLOAT16;FLOAT16;FLOAT16;FLOAT16;FLOAT16;FLOAT16;FLOAT16;FLOAT16;FLOAT16;FLOAT16;FLOAT16;FLOAT16;FLOAT16;FLOAT16;FLOAT16;FLOAT16;FLOAT16;FLOAT16;FLOAT16;FLOAT16;FLOAT16;FLOAT16;FLOAT16;FLOAT16;FLOAT16;FLOAT16;FLOAT16;FLOAT16;FLOAT16;FLOAT16;FLOAT16;FLOAT16;FLOAT16;FLOAT16;FLOAT16;FLOAT16;FLOAT16;FLOAT16;FLOAT16;FLOAT16;FLOAT16;FLOAT16;FLOAT16;FLOAT16;FLOAT16;FLOAT16;FLOAT16;FLOAT16;FLOAT16;FLOAT16;FLOAT16;FLOAT16;FLOAT16;FLOAT16;FLOAT16;FLOAT16;FLOAT16;FLOAT16;FLOAT16;FLOAT16;FLOAT16;FLOAT16;FLOAT16;FLOAT16;FLOAT16;FLOAT16;FLOAT16;FLOAT16;FLOAT16,ND;ND;ND;ND;ND;ND;ND;ND;ND;ND;ND;ND;ND;ND;ND;ND;ND;ND;ND;ND;ND;ND;ND;ND;ND;ND;ND;ND;ND;ND;ND;ND;ND;ND;ND;ND;ND;ND;ND;ND;ND;ND;ND;ND;ND;ND;ND;ND;ND;ND;ND;ND;ND;ND;ND;ND;ND;ND;ND;ND;ND;ND;ND;ND;ND;ND;ND;ND;ND;ND;ND;ND;ND;ND;ND;ND;ND;ND;ND;ND;ND;ND;ND;ND;ND;ND;ND;ND;ND;ND;ND;ND;ND;ND;ND;ND;ND;ND;ND;ND;ND;ND;ND;ND;ND;ND;ND;ND;ND;ND;ND;ND;ND;ND;ND;ND;ND;ND;ND;ND;ND;ND;ND;ND;ND;ND;ND;ND,"""512,2048""",FLOAT16,ND,N/A,0.0,0,0.0,0.0,0.0,0.0,0.0,0.0,0.0,0.0,0.0,0.0,0.0,48.303,3188018,0.017,0.0,5.385,0.111,30.781,0.637,13.406,0.278,0.0,0.000
0,4294967295,238,47,aclnnMul_MulAiCore_Mul,Mul,dynamic,AI_VECTOR_CORE,1785699090326112.019	,328.966,0.000000,40,0,NO,"""4096,4096;4096,4096""",FLOAT;FLOAT,ND;ND,"""4096,4096""",FLOAT,ND,N/A,0.0,0,0.0,0.0,0.0,0.0,0.0,0.0,0.0,0.0,0.0,0.0,0.0,326.541,21551706,6.784,0.021,2.908,0.009,325.045,0.995,109.751,0.336,0.0,0.000
0,4294967295,239,47,Concat,Concat,dynamic,AI_VECTOR_CORE,1785699090326441.005	,54.961,0.034000,40,0,NO,"""512,16;512,16;512,16;512,16;512,16;512,16;512,16;512,16;512,16;512,16;512,16;512,16;512,16;512,16;512,16;512,16;512,16;512,16;512,16;512,16;512,16;512,16;512,16;512,16;512,16;512,16;512,16;512,16;512,16;512,16;512,16;512,16;512,16;512,16;512,16;512,16;512,16;512,16;512,16;512,16;512,16;512,16;512,16;512,16;512,16;512,16;512,16;512,16;512,16;512,16;512,16;512,16;512,16;512,16;512,16;512,16;512,16;512,16;512,16;512,16;512,16;512,16;512,16;512,16;512,16;512,16;512,16;512,16;512,16;512,16;512,16;512,16;512,16;512,16;512,16;512,16;512,16;512,16;512,16;512,16;512,16;512,16;512,16;512,16;512,16;512,16;512,16;512,16;512,16;512,16;512,16;512,16;512,16;512,16;512,16;512,16;512,16;512,16;512,16;512,16;512,16;512,16;512,16;512,16;512,16;512,16;512,16;512,16;512,16;512,16;512,16;512,16;512,16;512,16;512,16;512,16;512,16;512,16;512,16;512,16;512,16;512,16;512,16;512,16;512,16;512,16;512,16;512,16""",FLOAT16;FLOAT16;FLOAT16;FLOAT16;FLOAT16;FLOAT16;FLOAT16;FLOAT16;FLOAT16;FLOAT16;FLOAT16;FLOAT16;FLOAT16;FLOAT16;FLOAT16;FLOAT16;FLOAT16;FLOAT16;FLOAT16;FLOAT16;FLOAT16;FLOAT16;FLOAT16;FLOAT16;FLOAT16;FLOAT16;FLOAT16;FLOAT16;FLOAT16;FLOAT16;FLOAT16;FLOAT16;FLOAT16;FLOAT16;FLOAT16;FLOAT16;FLOAT16;FLOAT16;FLOAT16;FLOAT16;FLOAT16;FLOAT16;FLOAT16;FLOAT16;FLOAT16;FLOAT16;FLOAT16;FLOAT16;FLOAT16;FLOAT16;FLOAT16;FLOAT16;FLOAT16;FLOAT16;FLOAT16;FLOAT16;FLOAT16;FLOAT16;FLOAT16;FLOAT16;FLOAT16;FLOAT16;FLOAT16;FLOAT16;FLOAT16;FLOAT16;FLOAT16;FLOAT16;FLOAT16;FLOAT16;FLOAT16;FLOAT16;FLOAT16;FLOAT16;FLOAT16;FLOAT16;FLOAT16;FLOAT16;FLOAT16;FLOAT16;FLOAT16;FLOAT16;FLOAT16;FLOAT16;FLOAT16;FLOAT16;FLOAT16;FLOAT16;FLOAT16;FLOAT16;FLOAT16;FLOAT16;FLOAT16;FLOAT16;FLOAT16;FLOAT16;FLOAT16;FLOAT16;FLOAT16;FLOAT16;FLOAT16;FLOAT16;FLOAT16;FLOAT16;FLOAT16;FLOAT16;FLOAT16;FLOAT16;FLOAT16;FLOAT16;FLOAT16;FLOAT16;FLOAT16;FLOAT16;FLOAT16;FLOAT16;FLOAT16;FLOAT16;FLOAT16;FLOAT16;FLOAT16;FLOAT16;FLOAT16;FLOAT16;FLOAT16;FLOAT16;FLOAT16;FLOAT16,ND;ND;ND;ND;ND;ND;ND;ND;ND;ND;ND;ND;ND;ND;ND;ND;ND;ND;ND;ND;ND;ND;ND;ND;ND;ND;ND;ND;ND;ND;ND;ND;ND;ND;ND;ND;ND;ND;ND;ND;ND;ND;ND;ND;ND;ND;ND;ND;ND;ND;ND;ND;ND;ND;ND;ND;ND;ND;ND;ND;ND;ND;ND;ND;ND;ND;ND;ND;ND;ND;ND;ND;ND;ND;ND;ND;ND;ND;ND;ND;ND;ND;ND;ND;ND;ND;ND;ND;ND;ND;ND;ND;ND;ND;ND;ND;ND;ND;ND;ND;ND;ND;ND;ND;ND;ND;ND;ND;ND;ND;ND;ND;ND;ND;ND;ND;ND;ND;ND;ND;ND;ND;ND;ND;ND;ND;ND;ND,"""512,2048""",FLOAT16,ND,N/A,0.0,0,0.0,0.0,0.0,0.0,0.0,0.0,0.0,0.0,0.0,0.0,0.0,46.499,3068941,0.017,0.0,4.424,0.095,29.061,0.625,14.051,0.302,0.0,0.000
0,4294967295,240,47,aclnnMul_MulAiCore_Mul,Mul,dynamic,AI_VECTOR_CORE,1785699090326495.986	,327.247,0.039000,40,0,NO,"""4096,4096;4096,4096""",FLOAT;FLOAT,ND;ND,"""4096,4096""",FLOAT,ND,N/A,0.0,0,0.0,0.0,0.0,0.0,0.0,0.0,0.0,0.0,0.0,0.0,0.0,324.875,21441759,6.784,0.021,2.973,0.009,323.349,0.995,108.878,0.335,0.0,0.000
0,4294967295,241,47,Concat,Concat,dynamic,AI_VECTOR_CORE,1785699090326823.253	,55.021,0.003000,40,0,NO,"""512,16;512,16;512,16;512,16;512,16;512,16;512,16;512,16;512,16;512,16;512,16;512,16;512,16;512,16;512,16;512,16;512,16;512,16;512,16;512,16;512,16;512,16;512,16;512,16;512,16;512,16;512,16;512,16;512,16;512,16;512,16;512,16;512,16;512,16;512,16;512,16;512,16;512,16;512,16;512,16;512,16;512,16;512,16;512,16;512,16;512,16;512,16;512,16;512,16;512,16;512,16;512,16;512,16;512,16;512,16;512,16;512,16;512,16;512,16;512,16;512,16;512,16;512,16;512,16;512,16;512,16;512,16;512,16;512,16;512,16;512,16;512,16;512,16;512,16;512,16;512,16;512,16;512,16;512,16;512,16;512,16;512,16;512,16;512,16;512,16;512,16;512,16;512,16;512,16;512,16;512,16;512,16;512,16;512,16;512,16;512,16;512,16;512,16;512,16;512,16;512,16;512,16;512,16;512,16;512,16;512,16;512,16;512,16;512,16;512,16;512,16;512,16;512,16;512,16;512,16;512,16;512,16;512,16;512,16;512,16;512,16;512,16;512,16;512,16;512,16;512,16;512,16;512,16""",FLOAT16;FLOAT16;FLOAT16;FLOAT16;FLOAT16;FLOAT16;FLOAT16;FLOAT16;FLOAT16;FLOAT16;FLOAT16;FLOAT16;FLOAT16;FLOAT16;FLOAT16;FLOAT16;FLOAT16;FLOAT16;FLOAT16;FLOAT16;FLOAT16;FLOAT16;FLOAT16;FLOAT16;FLOAT16;FLOAT16;FLOAT16;FLOAT16;FLOAT16;FLOAT16;FLOAT16;FLOAT16;FLOAT16;FLOAT16;FLOAT16;FLOAT16;FLOAT16;FLOAT16;FLOAT16;FLOAT16;FLOAT16;FLOAT16;FLOAT16;FLOAT16;FLOAT16;FLOAT16;FLOAT16;FLOAT16;FLOAT16;FLOAT16;FLOAT16;FLOAT16;FLOAT16;FLOAT16;FLOAT16;FLOAT16;FLOAT16;FLOAT16;FLOAT16;FLOAT16;FLOAT16;FLOAT16;FLOAT16;FLOAT16;FLOAT16;FLOAT16;FLOAT16;FLOAT16;FLOAT16;FLOAT16;FLOAT16;FLOAT16;FLOAT16;FLOAT16;FLOAT16;FLOAT16;FLOAT16;FLOAT16;FLOAT16;FLOAT16;FLOAT16;FLOAT16;FLOAT16;FLOAT16;FLOAT16;FLOAT16;FLOAT16;FLOAT16;FLOAT16;FLOAT16;FLOAT16;FLOAT16;FLOAT16;FLOAT16;FLOAT16;FLOAT16;FLOAT16;FLOAT16;FLOAT16;FLOAT16;FLOAT16;FLOAT16;FLOAT16;FLOAT16;FLOAT16;FLOAT16;FLOAT16;FLOAT16;FLOAT16;FLOAT16;FLOAT16;FLOAT16;FLOAT16;FLOAT16;FLOAT16;FLOAT16;FLOAT16;FLOAT16;FLOAT16;FLOAT16;FLOAT16;FLOAT16;FLOAT16;FLOAT16;FLOAT16;FLOAT16;FLOAT16;FLOAT16,ND;ND;ND;ND;ND;ND;ND;ND;ND;ND;ND;ND;ND;ND;ND;ND;ND;ND;ND;ND;ND;ND;ND;ND;ND;ND;ND;ND;ND;ND;ND;ND;ND;ND;ND;ND;ND;ND;ND;ND;ND;ND;ND;ND;ND;ND;ND;ND;ND;ND;ND;ND;ND;ND;ND;ND;ND;ND;ND;ND;ND;ND;ND;ND;ND;ND;ND;ND;ND;ND;ND;ND;ND;ND;ND;ND;ND;ND;ND;ND;ND;ND;ND;ND;ND;ND;ND;ND;ND;ND;ND;ND;ND;ND;ND;ND;ND;ND;ND;ND;ND;ND;ND;ND;ND;ND;ND;ND;ND;ND;ND;ND;ND;ND;ND;ND;ND;ND;ND;ND;ND;ND;ND;ND;ND;ND;ND;ND,"""512,2048""",FLOAT16,ND,N/A,0.0,0,0.0,0.0,0.0,0.0,0.0,0.0,0.0,0.0,0.0,0.0,0.0,46.867,3093244,0.017,0.0,4.451,0.095,28.864,0.616,14.281,0.305,0.0,0.000
0,4294967295,242,47,aclnnMul_MulAiCore_Mul,Mul,dynamic,AI_VECTOR_CORE,1785699090326878.294	,328.607,0.000000,40,0,NO,"""4096,4096;4096,4096""",FLOAT;FLOAT,ND;ND,"""4096,4096""",FLOAT,ND,N/A,0.0,0,0.0,0.0,0.0,0.0,0.0,0.0,0.0,0.0,0.0,0.0,0.0,325.621,21490987,6.784,0.021,3.051,0.009,324.004,0.995,107.544,0.33,0.0,0.000
0,4294967295,243,47,Concat,Concat,dynamic,AI_VECTOR_CORE,1785699090327206.941	,55.301,0.143000,40,0,NO,"""512,16;512,16;512,16;512,16;512,16;512,16;512,16;512,16;512,16;512,16;512,16;512,16;512,16;512,16;512,16;512,16;512,16;512,16;512,16;512,16;512,16;512,16;512,16;512,16;512,16;512,16;512,16;512,16;512,16;512,16;512,16;512,16;512,16;512,16;512,16;512,16;512,16;512,16;512,16;512,16;512,16;512,16;512,16;512,16;512,16;512,16;512,16;512,16;512,16;512,16;512,16;512,16;512,16;512,16;512,16;512,16;512,16;512,16;512,16;512,16;512,16;512,16;512,16;512,16;512,16;512,16;512,16;512,16;512,16;512,16;512,16;512,16;512,16;512,16;512,16;512,16;512,16;512,16;512,16;512,16;512,16;512,16;512,16;512,16;512,16;512,16;512,16;512,16;512,16;512,16;512,16;512,16;512,16;512,16;512,16;512,16;512,16;512,16;512,16;512,16;512,16;512,16;512,16;512,16;512,16;512,16;512,16;512,16;512,16;512,16;512,16;512,16;512,16;512,16;512,16;512,16;512,16;512,16;512,16;512,16;512,16;512,16;512,16;512,16;512,16;512,16;512,16;512,16""",FLOAT16;FLOAT16;FLOAT16;FLOAT16;FLOAT16;FLOAT16;FLOAT16;FLOAT16;FLOAT16;FLOAT16;FLOAT16;FLOAT16;FLOAT16;FLOAT16;FLOAT16;FLOAT16;FLOAT16;FLOAT16;FLOAT16;FLOAT16;FLOAT16;FLOAT16;FLOAT16;FLOAT16;FLOAT16;FLOAT16;FLOAT16;FLOAT16;FLOAT16;FLOAT16;FLOAT16;FLOAT16;FLOAT16;FLOAT16;FLOAT16;FLOAT16;FLOAT16;FLOAT16;FLOAT16;FLOAT16;FLOAT16;FLOAT16;FLOAT16;FLOAT16;FLOAT16;FLOAT16;FLOAT16;FLOAT16;FLOAT16;FLOAT16;FLOAT16;FLOAT16;FLOAT16;FLOAT16;FLOAT16;FLOAT16;FLOAT16;FLOAT16;FLOAT16;FLOAT16;FLOAT16;FLOAT16;FLOAT16;FLOAT16;FLOAT16;FLOAT16;FLOAT16;FLOAT16;FLOAT16;FLOAT16;FLOAT16;FLOAT16;FLOAT16;FLOAT16;FLOAT16;FLOAT16;FLOAT16;FLOAT16;FLOAT16;FLOAT16;FLOAT16;FLOAT16;FLOAT16;FLOAT16;FLOAT16;FLOAT16;FLOAT16;FLOAT16;FLOAT16;FLOAT16;FLOAT16;FLOAT16;FLOAT16;FLOAT16;FLOAT16;FLOAT16;FLOAT16;FLOAT16;FLOAT16;FLOAT16;FLOAT16;FLOAT16;FLOAT16;FLOAT16;FLOAT16;FLOAT16;FLOAT16;FLOAT16;FLOAT16;FLOAT16;FLOAT16;FLOAT16;FLOAT16;FLOAT16;FLOAT16;FLOAT16;FLOAT16;FLOAT16;FLOAT16;FLOAT16;FLOAT16;FLOAT16;FLOAT16;FLOAT16;FLOAT16;FLOAT16;FLOAT16;FLOAT16,ND;ND;ND;ND;ND;ND;ND;ND;ND;ND;ND;ND;ND;ND;ND;ND;ND;ND;ND;ND;ND;ND;ND;ND;ND;ND;ND;ND;ND;ND;ND;ND;ND;ND;ND;ND;ND;ND;ND;ND;ND;ND;ND;ND;ND;ND;ND;ND;ND;ND;ND;ND;ND;ND;ND;ND;ND;ND;ND;ND;ND;ND;ND;ND;ND;ND;ND;ND;ND;ND;ND;ND;ND;ND;ND;ND;ND;ND;ND;ND;ND;ND;ND;ND;ND;ND;ND;ND;ND;ND;ND;ND;ND;ND;ND;ND;ND;ND;ND;ND;ND;ND;ND;ND;ND;ND;ND;ND;ND;ND;ND;ND;ND;ND;ND;ND;ND;ND;ND;ND;ND;ND;ND;ND;ND;ND;ND;ND,"""512,2048""",FLOAT16,ND,N/A,0.0,0,0.0,0.0,0.0,0.0,0.0,0.0,0.0,0.0,0.0,0.0,0.0,47.352,3125210,0.017,0.0,4.295,0.091,29.677,0.627,14.273,0.301,0.0,0.000
0,4294967295,244,47,aclnnMul_MulAiCore_Mul,Mul,dynamic,AI_VECTOR_CORE,1785699090327262.262	,327.926,0.000000,40,0,NO,"""4096,4096;4096,4096""",FLOAT;FLOAT,ND;ND,"""4096,4096""",FLOAT,ND,N/A,0.0,0,0.0,0.0,0.0,0.0,0.0,0.0,0.0,0.0,0.0,0.0,0.0,325.6,21489587,6.784,0.021,3.051,0.009,324.028,0.995,109.179,0.335,0.0,0.000
0,4294967295,245,47,Concat,Concat,dynamic,AI_VECTOR_CORE,1785699090327590.208	,55.241,0.074000,40,0,NO,"""512,16;512,16;512,16;512,16;512,16;512,16;512,16;512,16;512,16;512,16;512,16;512,16;512,16;512,16;512,16;512,16;512,16;512,16;512,16;512,16;512,16;512,16;512,16;512,16;512,16;512,16;512,16;512,16;512,16;512,16;512,16;512,16;512,16;512,16;512,16;512,16;512,16;512,16;512,16;512,16;512,16;512,16;512,16;512,16;512,16;512,16;512,16;512,16;512,16;512,16;512,16;512,16;512,16;512,16;512,16;512,16;512,16;512,16;512,16;512,16;512,16;512,16;512,16;512,16;512,16;512,16;512,16;512,16;512,16;512,16;512,16;512,16;512,16;512,16;512,16;512,16;512,16;512,16;512,16;512,16;512,16;512,16;512,16;512,16;512,16;512,16;512,16;512,16;512,16;512,16;512,16;512,16;512,16;512,16;512,16;512,16;512,16;512,16;512,16;512,16;512,16;512,16;512,16;512,16;512,16;512,16;512,16;512,16;512,16;512,16;512,16;512,16;512,16;512,16;512,16;512,16;512,16;512,16;512,16;512,16;512,16;512,16;512,16;512,16;512,16;512,16;512,16;512,16""",FLOAT16;FLOAT16;FLOAT16;FLOAT16;FLOAT16;FLOAT16;FLOAT16;FLOAT16;FLOAT16;FLOAT16;FLOAT16;FLOAT16;FLOAT16;FLOAT16;FLOAT16;FLOAT16;FLOAT16;FLOAT16;FLOAT16;FLOAT16;FLOAT16;FLOAT16;FLOAT16;FLOAT16;FLOAT16;FLOAT16;FLOAT16;FLOAT16;FLOAT16;FLOAT16;FLOAT16;FLOAT16;FLOAT16;FLOAT16;FLOAT16;FLOAT16;FLOAT16;FLOAT16;FLOAT16;FLOAT16;FLOAT16;FLOAT16;FLOAT16;FLOAT16;FLOAT16;FLOAT16;FLOAT16;FLOAT16;FLOAT16;FLOAT16;FLOAT16;FLOAT16;FLOAT16;FLOAT16;FLOAT16;FLOAT16;FLOAT16;FLOAT16;FLOAT16;FLOAT16;FLOAT16;FLOAT16;FLOAT16;FLOAT16;FLOAT16;FLOAT16;FLOAT16;FLOAT16;FLOAT16;FLOAT16;FLOAT16;FLOAT16;FLOAT16;FLOAT16;FLOAT16;FLOAT16;FLOAT16;FLOAT16;FLOAT16;FLOAT16;FLOAT16;FLOAT16;FLOAT16;FLOAT16;FLOAT16;FLOAT16;FLOAT16;FLOAT16;FLOAT16;FLOAT16;FLOAT16;FLOAT16;FLOAT16;FLOAT16;FLOAT16;FLOAT16;FLOAT16;FLOAT16;FLOAT16;FLOAT16;FLOAT16;FLOAT16;FLOAT16;FLOAT16;FLOAT16;FLOAT16;FLOAT16;FLOAT16;FLOAT16;FLOAT16;FLOAT16;FLOAT16;FLOAT16;FLOAT16;FLOAT16;FLOAT16;FLOAT16;FLOAT16;FLOAT16;FLOAT16;FLOAT16;FLOAT16;FLOAT16;FLOAT16;FLOAT16;FLOAT16;FLOAT16;FLOAT16,ND;ND;ND;ND;ND;ND;ND;ND;ND;ND;ND;ND;ND;ND;ND;ND;ND;ND;ND;ND;ND;ND;ND;ND;ND;ND;ND;ND;ND;ND;ND;ND;ND;ND;ND;ND;ND;ND;ND;ND;ND;ND;ND;ND;ND;ND;ND;ND;ND;ND;ND;ND;ND;ND;ND;ND;ND;ND;ND;ND;ND;ND;ND;ND;ND;ND;ND;ND;ND;ND;ND;ND;ND;ND;ND;ND;ND;ND;ND;ND;ND;ND;ND;ND;ND;ND;ND;ND;ND;ND;ND;ND;ND;ND;ND;ND;ND;ND;ND;ND;ND;ND;ND;ND;ND;ND;ND;ND;ND;ND;ND;ND;ND;ND;ND;ND;ND;ND;ND;ND;ND;ND;ND;ND;ND;ND;ND;ND,"""512,2048""",FLOAT16,ND,N/A,0.0,0,0.0,0.0,0.0,0.0,0.0,0.0,0.0,0.0,0.0,0.0,0.0,46.987,3101127,0.017,0.0,4.303,0.092,28.898,0.615,14.647,0.312,0.0,0.000
0,4294967295,246,47,aclnnMul_MulAiCore_Mul,Mul,dynamic,AI_VECTOR_CORE,1785699090327645.469	,327.747,0.009000,40,0,NO,"""4096,4096;4096,4096""",FLOAT;FLOAT,ND;ND,"""4096,4096""",FLOAT,ND,N/A,0.0,0,0.0,0.0,0.0,0.0,0.0,0.0,0.0,0.0,0.0,0.0,0.0,325.571,21487668,6.784,0.021,3.083,0.009,323.974,0.995,110.058,0.338,0.0,0.000
0,4294967295,247,47,Concat,Concat,dynamic,AI_VECTOR_CORE,1785699090327973.236	,55.961,0.003000,40,0,NO,"""512,16;512,16;512,16;512,16;512,16;512,16;512,16;512,16;512,16;512,16;512,16;512,16;512,16;512,16;512,16;512,16;512,16;512,16;512,16;512,16;512,16;512,16;512,16;512,16;512,16;512,16;512,16;512,16;512,16;512,16;512,16;512,16;512,16;512,16;512,16;512,16;512,16;512,16;512,16;512,16;512,16;512,16;512,16;512,16;512,16;512,16;512,16;512,16;512,16;512,16;512,16;512,16;512,16;512,16;512,16;512,16;512,16;512,16;512,16;512,16;512,16;512,16;512,16;512,16;512,16;512,16;512,16;512,16;512,16;512,16;512,16;512,16;512,16;512,16;512,16;512,16;512,16;512,16;512,16;512,16;512,16;512,16;512,16;512,16;512,16;512,16;512,16;512,16;512,16;512,16;512,16;512,16;512,16;512,16;512,16;512,16;512,16;512,16;512,16;512,16;512,16;512,16;512,16;512,16;512,16;512,16;512,16;512,16;512,16;512,16;512,16;512,16;512,16;512,16;512,16;512,16;512,16;512,16;512,16;512,16;512,16;512,16;512,16;512,16;512,16;512,16;512,16;512,16""",FLOAT16;FLOAT16;FLOAT16;FLOAT16;FLOAT16;FLOAT16;FLOAT16;FLOAT16;FLOAT16;FLOAT16;FLOAT16;FLOAT16;FLOAT16;FLOAT16;FLOAT16;FLOAT16;FLOAT16;FLOAT16;FLOAT16;FLOAT16;FLOAT16;FLOAT16;FLOAT16;FLOAT16;FLOAT16;FLOAT16;FLOAT16;FLOAT16;FLOAT16;FLOAT16;FLOAT16;FLOAT16;FLOAT16;FLOAT16;FLOAT16;FLOAT16;FLOAT16;FLOAT16;FLOAT16;FLOAT16;FLOAT16;FLOAT16;FLOAT16;FLOAT16;FLOAT16;FLOAT16;FLOAT16;FLOAT16;FLOAT16;FLOAT16;FLOAT16;FLOAT16;FLOAT16;FLOAT16;FLOAT16;FLOAT16;FLOAT16;FLOAT16;FLOAT16;FLOAT16;FLOAT16;FLOAT16;FLOAT16;FLOAT16;FLOAT16;FLOAT16;FLOAT16;FLOAT16;FLOAT16;FLOAT16;FLOAT16;FLOAT16;FLOAT16;FLOAT16;FLOAT16;FLOAT16;FLOAT16;FLOAT16;FLOAT16;FLOAT16;FLOAT16;FLOAT16;FLOAT16;FLOAT16;FLOAT16;FLOAT16;FLOAT16;FLOAT16;FLOAT16;FLOAT16;FLOAT16;FLOAT16;FLOAT16;FLOAT16;FLOAT16;FLOAT16;FLOAT16;FLOAT16;FLOAT16;FLOAT16;FLOAT16;FLOAT16;FLOAT16;FLOAT16;FLOAT16;FLOAT16;FLOAT16;FLOAT16;FLOAT16;FLOAT16;FLOAT16;FLOAT16;FLOAT16;FLOAT16;FLOAT16;FLOAT16;FLOAT16;FLOAT16;FLOAT16;FLOAT16;FLOAT16;FLOAT16;FLOAT16;FLOAT16;FLOAT16;FLOAT16;FLOAT16;FLOAT16,ND;ND;ND;ND;ND;ND;ND;ND;ND;ND;ND;ND;ND;ND;ND;ND;ND;ND;ND;ND;ND;ND;ND;ND;ND;ND;ND;ND;ND;ND;ND;ND;ND;ND;ND;ND;ND;ND;ND;ND;ND;ND;ND;ND;ND;ND;ND;ND;ND;ND;ND;ND;ND;ND;ND;ND;ND;ND;ND;ND;ND;ND;ND;ND;ND;ND;ND;ND;ND;ND;ND;ND;ND;ND;ND;ND;ND;ND;ND;ND;ND;ND;ND;ND;ND;ND;ND;ND;ND;ND;ND;ND;ND;ND;ND;ND;ND;ND;ND;ND;ND;ND;ND;ND;ND;ND;ND;ND;ND;ND;ND;ND;ND;ND;ND;ND;ND;ND;ND;ND;ND;ND;ND;ND;ND;ND;ND;ND,"""512,2048""",FLOAT16,ND,N/A,0.0,0,0.0,0.0,0.0,0.0,0.0,0.0,0.0,0.0,0.0,0.0,0.0,47.308,3122299,0.017,0.0,4.411,0.093,29.866,0.631,13.985,0.296,0.0,0.000
0,4294967295,248,47,aclnnMul_MulAiCore_Mul,Mul,dynamic,AI_VECTOR_CORE,1785699090328029.237	,327.907,0.039000,40,0,NO,"""4096,4096;4096,4096""",FLOAT;FLOAT,ND;ND,"""4096,4096""",FLOAT,ND,N/A,0.0,0,0.0,0.0,0.0,0.0,0.0,0.0,0.0,0.0,0.0,0.0,0.0,326.029,21517911,6.784,0.021,2.907,0.009,324.584,0.996,109.822,0.337,0.0,0.000
0,4294967295,249,47,Concat,Concat,dynamic,AI_VECTOR_CORE,1785699090328357.164	,54.981,0.093000,40,0,NO,"""512,16;512,16;512,16;512,16;512,16;512,16;512,16;512,16;512,16;512,16;512,16;512,16;512,16;512,16;512,16;512,16;512,16;512,16;512,16;512,16;512,16;512,16;512,16;512,16;512,16;512,16;512,16;512,16;512,16;512,16;512,16;512,16;512,16;512,16;512,16;512,16;512,16;512,16;512,16;512,16;512,16;512,16;512,16;512,16;512,16;512,16;512,16;512,16;512,16;512,16;512,16;512,16;512,16;512,16;512,16;512,16;512,16;512,16;512,16;512,16;512,16;512,16;512,16;512,16;512,16;512,16;512,16;512,16;512,16;512,16;512,16;512,16;512,16;512,16;512,16;512,16;512,16;512,16;512,16;512,16;512,16;512,16;512,16;512,16;512,16;512,16;512,16;512,16;512,16;512,16;512,16;512,16;512,16;512,16;512,16;512,16;512,16;512,16;512,16;512,16;512,16;512,16;512,16;512,16;512,16;512,16;512,16;512,16;512,16;512,16;512,16;512,16;512,16;512,16;512,16;512,16;512,16;512,16;512,16;512,16;512,16;512,16;512,16;512,16;512,16;512,16;512,16;512,16""",FLOAT16;FLOAT16;FLOAT16;FLOAT16;FLOAT16;FLOAT16;FLOAT16;FLOAT16;FLOAT16;FLOAT16;FLOAT16;FLOAT16;FLOAT16;FLOAT16;FLOAT16;FLOAT16;FLOAT16;FLOAT16;FLOAT16;FLOAT16;FLOAT16;FLOAT16;FLOAT16;FLOAT16;FLOAT16;FLOAT16;FLOAT16;FLOAT16;FLOAT16;FLOAT16;FLOAT16;FLOAT16;FLOAT16;FLOAT16;FLOAT16;FLOAT16;FLOAT16;FLOAT16;FLOAT16;FLOAT16;FLOAT16;FLOAT16;FLOAT16;FLOAT16;FLOAT16;FLOAT16;FLOAT16;FLOAT16;FLOAT16;FLOAT16;FLOAT16;FLOAT16;FLOAT16;FLOAT16;FLOAT16;FLOAT16;FLOAT16;FLOAT16;FLOAT16;FLOAT16;FLOAT16;FLOAT16;FLOAT16;FLOAT16;FLOAT16;FLOAT16;FLOAT16;FLOAT16;FLOAT16;FLOAT16;FLOAT16;FLOAT16;FLOAT16;FLOAT16;FLOAT16;FLOAT16;FLOAT16;FLOAT16;FLOAT16;FLOAT16;FLOAT16;FLOAT16;FLOAT16;FLOAT16;FLOAT16;FLOAT16;FLOAT16;FLOAT16;FLOAT16;FLOAT16;FLOAT16;FLOAT16;FLOAT16;FLOAT16;FLOAT16;FLOAT16;FLOAT16;FLOAT16;FLOAT16;FLOAT16;FLOAT16;FLOAT16;FLOAT16;FLOAT16;FLOAT16;FLOAT16;FLOAT16;FLOAT16;FLOAT16;FLOAT16;FLOAT16;FLOAT16;FLOAT16;FLOAT16;FLOAT16;FLOAT16;FLOAT16;FLOAT16;FLOAT16;FLOAT16;FLOAT16;FLOAT16;FLOAT16;FLOAT16;FLOAT16;FLOAT16;FLOAT16;FLOAT16,ND;ND;ND;ND;ND;ND;ND;ND;ND;ND;ND;ND;ND;ND;ND;ND;ND;ND;ND;ND;ND;ND;ND;ND;ND;ND;ND;ND;ND;ND;ND;ND;ND;ND;ND;ND;ND;ND;ND;ND;ND;ND;ND;ND;ND;ND;ND;ND;ND;ND;ND;ND;ND;ND;ND;ND;ND;ND;ND;ND;ND;ND;ND;ND;ND;ND;ND;ND;ND;ND;ND;ND;ND;ND;ND;ND;ND;ND;ND;ND;ND;ND;ND;ND;ND;ND;ND;ND;ND;ND;ND;ND;ND;ND;ND;ND;ND;ND;ND;ND;ND;ND;ND;ND;ND;ND;ND;ND;ND;ND;ND;ND;ND;ND;ND;ND;ND;ND;ND;ND;ND;ND;ND;ND;ND;ND;ND;ND,"""512,2048""",FLOAT16,ND,N/A,0.0,0,0.0,0.0,0.0,0.0,0.0,0.0,0.0,0.0,0.0,0.0,0.0,46.496,3068765,0.017,0.0,4.311,0.093,29.149,0.627,13.955,0.3,0.0,0.000
0,4294967295,250,47,aclnnMul_MulAiCore_Mul,Mul,dynamic,AI_VECTOR_CORE,1785699090328412.165	,327.766,0.019000,40,0,NO,"""4096,4096;4096,4096""",FLOAT;FLOAT,ND;ND,"""4096,4096""",FLOAT,ND,N/A,0.0,0,0.0,0.0,0.0,0.0,0.0,0.0,0.0,0.0,0.0,0.0,0.0,325.676,21494630,6.784,0.021,2.99,0.009,324.122,0.995,109.06,0.335,0.0,0.000
0,4294967295,251,47,Concat,Concat,dynamic,AI_VECTOR_CORE,1785699090328739.951	,56.181,0.000000,40,0,NO,"""512,16;512,16;512,16;512,16;512,16;512,16;512,16;512,16;512,16;512,16;512,16;512,16;512,16;512,16;512,16;512,16;512,16;512,16;512,16;512,16;512,16;512,16;512,16;512,16;512,16;512,16;512,16;512,16;512,16;512,16;512,16;512,16;512,16;512,16;512,16;512,16;512,16;512,16;512,16;512,16;512,16;512,16;512,16;512,16;512,16;512,16;512,16;512,16;512,16;512,16;512,16;512,16;512,16;512,16;512,16;512,16;512,16;512,16;512,16;512,16;512,16;512,16;512,16;512,16;512,16;512,16;512,16;512,16;512,16;512,16;512,16;512,16;512,16;512,16;512,16;512,16;512,16;512,16;512,16;512,16;512,16;512,16;512,16;512,16;512,16;512,16;512,16;512,16;512,16;512,16;512,16;512,16;512,16;512,16;512,16;512,16;512,16;512,16;512,16;512,16;512,16;512,16;512,16;512,16;512,16;512,16;512,16;512,16;512,16;512,16;512,16;512,16;512,16;512,16;512,16;512,16;512,16;512,16;512,16;512,16;512,16;512,16;512,16;512,16;512,16;512,16;512,16;512,16""",FLOAT16;FLOAT16;FLOAT16;FLOAT16;FLOAT16;FLOAT16;FLOAT16;FLOAT16;FLOAT16;FLOAT16;FLOAT16;FLOAT16;FLOAT16;FLOAT16;FLOAT16;FLOAT16;FLOAT16;FLOAT16;FLOAT16;FLOAT16;FLOAT16;FLOAT16;FLOAT16;FLOAT16;FLOAT16;FLOAT16;FLOAT16;FLOAT16;FLOAT16;FLOAT16;FLOAT16;FLOAT16;FLOAT16;FLOAT16;FLOAT16;FLOAT16;FLOAT16;FLOAT16;FLOAT16;FLOAT16;FLOAT16;FLOAT16;FLOAT16;FLOAT16;FLOAT16;FLOAT16;FLOAT16;FLOAT16;FLOAT16;FLOAT16;FLOAT16;FLOAT16;FLOAT16;FLOAT16;FLOAT16;FLOAT16;FLOAT16;FLOAT16;FLOAT16;FLOAT16;FLOAT16;FLOAT16;FLOAT16;FLOAT16;FLOAT16;FLOAT16;FLOAT16;FLOAT16;FLOAT16;FLOAT16;FLOAT16;FLOAT16;FLOAT16;FLOAT16;FLOAT16;FLOAT16;FLOAT16;FLOAT16;FLOAT16;FLOAT16;FLOAT16;FLOAT16;FLOAT16;FLOAT16;FLOAT16;FLOAT16;FLOAT16;FLOAT16;FLOAT16;FLOAT16;FLOAT16;FLOAT16;FLOAT16;FLOAT16;FLOAT16;FLOAT16;FLOAT16;FLOAT16;FLOAT16;FLOAT16;FLOAT16;FLOAT16;FLOAT16;FLOAT16;FLOAT16;FLOAT16;FLOAT16;FLOAT16;FLOAT16;FLOAT16;FLOAT16;FLOAT16;FLOAT16;FLOAT16;FLOAT16;FLOAT16;FLOAT16;FLOAT16;FLOAT16;FLOAT16;FLOAT16;FLOAT16;FLOAT16;FLOAT16;FLOAT16;FLOAT16;FLOAT16;FLOAT16,ND;ND;ND;ND;ND;ND;ND;ND;ND;ND;ND;ND;ND;ND;ND;ND;ND;ND;ND;ND;ND;ND;ND;ND;ND;ND;ND;ND;ND;ND;ND;ND;ND;ND;ND;ND;ND;ND;ND;ND;ND;ND;ND;ND;ND;ND;ND;ND;ND;ND;ND;ND;ND;ND;ND;ND;ND;ND;ND;ND;ND;ND;ND;ND;ND;ND;ND;ND;ND;ND;ND;ND;ND;ND;ND;ND;ND;ND;ND;ND;ND;ND;ND;ND;ND;ND;ND;ND;ND;ND;ND;ND;ND;ND;ND;ND;ND;ND;ND;ND;ND;ND;ND;ND;ND;ND;ND;ND;ND;ND;ND;ND;ND;ND;ND;ND;ND;ND;ND;ND;ND;ND;ND;ND;ND;ND;ND;ND,"""512,2048""",FLOAT16,ND,N/A,0.0,0,0.0,0.0,0.0,0.0,0.0,0.0,0.0,0.0,0.0,0.0,0.0,47.676,3146640,0.017,0.0,4.377,0.092,30.407,0.638,13.591,0.285,0.0,0.000
0,4294967295,252,47,aclnnMul_MulAiCore_Mul,Mul,dynamic,AI_VECTOR_CORE,1785699090328796.152	,327.567,0.069000,40,0,NO,"""4096,4096;4096,4096""",FLOAT;FLOAT,ND;ND,"""4096,4096""",FLOAT,ND,N/A,0.0,0,0.0,0.0,0.0,0.0,0.0,0.0,0.0,0.0,0.0,0.0,0.0,325.183,21462091,6.784,0.021,2.901,0.009,323.7,0.995,109.42,0.336,0.0,0.000
0,4294967295,253,47,Concat,Concat,dynamic,AI_VECTOR_CORE,1785699090329123.739	,57.181,0.000000,40,0,NO,"""512,16;512,16;512,16;512,16;512,16;512,16;512,16;512,16;512,16;512,16;512,16;512,16;512,16;512,16;512,16;512,16;512,16;512,16;512,16;512,16;512,16;512,16;512,16;512,16;512,16;512,16;512,16;512,16;512,16;512,16;512,16;512,16;512,16;512,16;512,16;512,16;512,16;512,16;512,16;512,16;512,16;512,16;512,16;512,16;512,16;512,16;512,16;512,16;512,16;512,16;512,16;512,16;512,16;512,16;512,16;512,16;512,16;512,16;512,16;512,16;512,16;512,16;512,16;512,16;512,16;512,16;512,16;512,16;512,16;512,16;512,16;512,16;512,16;512,16;512,16;512,16;512,16;512,16;512,16;512,16;512,16;512,16;512,16;512,16;512,16;512,16;512,16;512,16;512,16;512,16;512,16;512,16;512,16;512,16;512,16;512,16;512,16;512,16;512,16;512,16;512,16;512,16;512,16;512,16;512,16;512,16;512,16;512,16;512,16;512,16;512,16;512,16;512,16;512,16;512,16;512,16;512,16;512,16;512,16;512,16;512,16;512,16;512,16;512,16;512,16;512,16;512,16;512,16""",FLOAT16;FLOAT16;FLOAT16;FLOAT16;FLOAT16;FLOAT16;FLOAT16;FLOAT16;FLOAT16;FLOAT16;FLOAT16;FLOAT16;FLOAT16;FLOAT16;FLOAT16;FLOAT16;FLOAT16;FLOAT16;FLOAT16;FLOAT16;FLOAT16;FLOAT16;FLOAT16;FLOAT16;FLOAT16;FLOAT16;FLOAT16;FLOAT16;FLOAT16;FLOAT16;FLOAT16;FLOAT16;FLOAT16;FLOAT16;FLOAT16;FLOAT16;FLOAT16;FLOAT16;FLOAT16;FLOAT16;FLOAT16;FLOAT16;FLOAT16;FLOAT16;FLOAT16;FLOAT16;FLOAT16;FLOAT16;FLOAT16;FLOAT16;FLOAT16;FLOAT16;FLOAT16;FLOAT16;FLOAT16;FLOAT16;FLOAT16;FLOAT16;FLOAT16;FLOAT16;FLOAT16;FLOAT16;FLOAT16;FLOAT16;FLOAT16;FLOAT16;FLOAT16;FLOAT16;FLOAT16;FLOAT16;FLOAT16;FLOAT16;FLOAT16;FLOAT16;FLOAT16;FLOAT16;FLOAT16;FLOAT16;FLOAT16;FLOAT16;FLOAT16;FLOAT16;FLOAT16;FLOAT16;FLOAT16;FLOAT16;FLOAT16;FLOAT16;FLOAT16;FLOAT16;FLOAT16;FLOAT16;FLOAT16;FLOAT16;FLOAT16;FLOAT16;FLOAT16;FLOAT16;FLOAT16;FLOAT16;FLOAT16;FLOAT16;FLOAT16;FLOAT16;FLOAT16;FLOAT16;FLOAT16;FLOAT16;FLOAT16;FLOAT16;FLOAT16;FLOAT16;FLOAT16;FLOAT16;FLOAT16;FLOAT16;FLOAT16;FLOAT16;FLOAT16;FLOAT16;FLOAT16;FLOAT16;FLOAT16;FLOAT16;FLOAT16;FLOAT16;FLOAT16;FLOAT16,ND;ND;ND;ND;ND;ND;ND;ND;ND;ND;ND;ND;ND;ND;ND;ND;ND;ND;ND;ND;ND;ND;ND;ND;ND;ND;ND;ND;ND;ND;ND;ND;ND;ND;ND;ND;ND;ND;ND;ND;ND;ND;ND;ND;ND;ND;ND;ND;ND;ND;ND;ND;ND;ND;ND;ND;ND;ND;ND;ND;ND;ND;ND;ND;ND;ND;ND;ND;ND;ND;ND;ND;ND;ND;ND;ND;ND;ND;ND;ND;ND;ND;ND;ND;ND;ND;ND;ND;ND;ND;ND;ND;ND;ND;ND;ND;ND;ND;ND;ND;ND;ND;ND;ND;ND;ND;ND;ND;ND;ND;ND;ND;ND;ND;ND;ND;ND;ND;ND;ND;ND;ND;ND;ND;ND;ND;ND;ND,"""512,2048""",FLOAT16,ND,N/A,0.0,0,0.0,0.0,0.0,0.0,0.0,0.0,0.0,0.0,0.0,0.0,0.0,49.022,3235449,0.017,0.0,5.843,0.119,30.814,0.629,13.588,0.277,0.0,0.000
0,4294967295,254,47,aclnnMul_MulAiCore_Mul,Mul,dynamic,AI_VECTOR_CORE,1785699090329180.940	,328.747,0.069000,40,0,NO,"""4096,4096;4096,4096""",FLOAT;FLOAT,ND;ND,"""4096,4096""",FLOAT,ND,N/A,0.0,0,0.0,0.0,0.0,0.0,0.0,0.0,0.0,0.0,0.0,0.0,0.0,326.256,21532892,6.784,0.021,3.013,0.009,324.713,0.995,110.52,0.339,0.0,0.000
0,4294967295,255,47,Concat,Concat,dynamic,AI_VECTOR_CORE,1785699090329509.707	,54.981,0.003000,40,0,NO,"""512,16;512,16;512,16;512,16;512,16;512,16;512,16;512,16;512,16;512,16;512,16;512,16;512,16;512,16;512,16;512,16;512,16;512,16;512,16;512,16;512,16;512,16;512,16;512,16;512,16;512,16;512,16;512,16;512,16;512,16;512,16;512,16;512,16;512,16;512,16;512,16;512,16;512,16;512,16;512,16;512,16;512,16;512,16;512,16;512,16;512,16;512,16;512,16;512,16;512,16;512,16;512,16;512,16;512,16;512,16;512,16;512,16;512,16;512,16;512,16;512,16;512,16;512,16;512,16;512,16;512,16;512,16;512,16;512,16;512,16;512,16;512,16;512,16;512,16;512,16;512,16;512,16;512,16;512,16;512,16;512,16;512,16;512,16;512,16;512,16;512,16;512,16;512,16;512,16;512,16;512,16;512,16;512,16;512,16;512,16;512,16;512,16;512,16;512,16;512,16;512,16;512,16;512,16;512,16;512,16;512,16;512,16;512,16;512,16;512,16;512,16;512,16;512,16;512,16;512,16;512,16;512,16;512,16;512,16;512,16;512,16;512,16;512,16;512,16;512,16;512,16;512,16;512,16""",FLOAT16;FLOAT16;FLOAT16;FLOAT16;FLOAT16;FLOAT16;FLOAT16;FLOAT16;FLOAT16;FLOAT16;FLOAT16;FLOAT16;FLOAT16;FLOAT16;FLOAT16;FLOAT16;FLOAT16;FLOAT16;FLOAT16;FLOAT16;FLOAT16;FLOAT16;FLOAT16;FLOAT16;FLOAT16;FLOAT16;FLOAT16;FLOAT16;FLOAT16;FLOAT16;FLOAT16;FLOAT16;FLOAT16;FLOAT16;FLOAT16;FLOAT16;FLOAT16;FLOAT16;FLOAT16;FLOAT16;FLOAT16;FLOAT16;FLOAT16;FLOAT16;FLOAT16;FLOAT16;FLOAT16;FLOAT16;FLOAT16;FLOAT16;FLOAT16;FLOAT16;FLOAT16;FLOAT16;FLOAT16;FLOAT16;FLOAT16;FLOAT16;FLOAT16;FLOAT16;FLOAT16;FLOAT16;FLOAT16;FLOAT16;FLOAT16;FLOAT16;FLOAT16;FLOAT16;FLOAT16;FLOAT16;FLOAT16;FLOAT16;FLOAT16;FLOAT16;FLOAT16;FLOAT16;FLOAT16;FLOAT16;FLOAT16;FLOAT16;FLOAT16;FLOAT16;FLOAT16;FLOAT16;FLOAT16;FLOAT16;FLOAT16;FLOAT16;FLOAT16;FLOAT16;FLOAT16;FLOAT16;FLOAT16;FLOAT16;FLOAT16;FLOAT16;FLOAT16;FLOAT16;FLOAT16;FLOAT16;FLOAT16;FLOAT16;FLOAT16;FLOAT16;FLOAT16;FLOAT16;FLOAT16;FLOAT16;FLOAT16;FLOAT16;FLOAT16;FLOAT16;FLOAT16;FLOAT16;FLOAT16;FLOAT16;FLOAT16;FLOAT16;FLOAT16;FLOAT16;FLOAT16;FLOAT16;FLOAT16;FLOAT16;FLOAT16;FLOAT16;FLOAT16;FLOAT16,ND;ND;ND;ND;ND;ND;ND;ND;ND;ND;ND;ND;ND;ND;ND;ND;ND;ND;ND;ND;ND;ND;ND;ND;ND;ND;ND;ND;ND;ND;ND;ND;ND;ND;ND;ND;ND;ND;ND;ND;ND;ND;ND;ND;ND;ND;ND;ND;ND;ND;ND;ND;ND;ND;ND;ND;ND;ND;ND;ND;ND;ND;ND;ND;ND;ND;ND;ND;ND;ND;ND;ND;ND;ND;ND;ND;ND;ND;ND;ND;ND;ND;ND;ND;ND;ND;ND;ND;ND;ND;ND;ND;ND;ND;ND;ND;ND;ND;ND;ND;ND;ND;ND;ND;ND;ND;ND;ND;ND;ND;ND;ND;ND;ND;ND;ND;ND;ND;ND;ND;ND;ND;ND;ND;ND;ND;ND;ND,"""512,2048""",FLOAT16,ND,N/A,0.0,0,0.0,0.0,0.0,0.0,0.0,0.0,0.0,0.0,0.0,0.0,0.0,46.212,3049976,0.017,0.0,4.173,0.09,29.178,0.631,13.801,0.299,0.0,0.000
0,4294967295,256,47,aclnnMul_MulAiCore_Mul,Mul,dynamic,AI_VECTOR_CORE,1785699090329564.708	,328.526,0.019000,40,0,NO,"""4096,4096;4096,4096""",FLOAT;FLOAT,ND;ND,"""4096,4096""",FLOAT,ND,N/A,0.0,0,0.0,0.0,0.0,0.0,0.0,0.0,0.0,0.0,0.0,0.0,0.0,326.29,21535108,6.784,0.021,2.884,0.009,324.858,0.996,108.913,0.334,0.0,0.000
0,4294967295,257,47,Concat,Concat,dynamic,AI_VECTOR_CORE,1785699090329893.254	,55.441,0.000000,40,0,NO,"""512,16;512,16;512,16;512,16;512,16;512,16;512,16;512,16;512,16;512,16;512,16;512,16;512,16;512,16;512,16;512,16;512,16;512,16;512,16;512,16;512,16;512,16;512,16;512,16;512,16;512,16;512,16;512,16;512,16;512,16;512,16;512,16;512,16;512,16;512,16;512,16;512,16;512,16;512,16;512,16;512,16;512,16;512,16;512,16;512,16;512,16;512,16;512,16;512,16;512,16;512,16;512,16;512,16;512,16;512,16;512,16;512,16;512,16;512,16;512,16;512,16;512,16;512,16;512,16;512,16;512,16;512,16;512,16;512,16;512,16;512,16;512,16;512,16;512,16;512,16;512,16;512,16;512,16;512,16;512,16;512,16;512,16;512,16;512,16;512,16;512,16;512,16;512,16;512,16;512,16;512,16;512,16;512,16;512,16;512,16;512,16;512,16;512,16;512,16;512,16;512,16;512,16;512,16;512,16;512,16;512,16;512,16;512,16;512,16;512,16;512,16;512,16;512,16;512,16;512,16;512,16;512,16;512,16;512,16;512,16;512,16;512,16;512,16;512,16;512,16;512,16;512,16;512,16""",FLOAT16;FLOAT16;FLOAT16;FLOAT16;FLOAT16;FLOAT16;FLOAT16;FLOAT16;FLOAT16;FLOAT16;FLOAT16;FLOAT16;FLOAT16;FLOAT16;FLOAT16;FLOAT16;FLOAT16;FLOAT16;FLOAT16;FLOAT16;FLOAT16;FLOAT16;FLOAT16;FLOAT16;FLOAT16;FLOAT16;FLOAT16;FLOAT16;FLOAT16;FLOAT16;FLOAT16;FLOAT16;FLOAT16;FLOAT16;FLOAT16;FLOAT16;FLOAT16;FLOAT16;FLOAT16;FLOAT16;FLOAT16;FLOAT16;FLOAT16;FLOAT16;FLOAT16;FLOAT16;FLOAT16;FLOAT16;FLOAT16;FLOAT16;FLOAT16;FLOAT16;FLOAT16;FLOAT16;FLOAT16;FLOAT16;FLOAT16;FLOAT16;FLOAT16;FLOAT16;FLOAT16;FLOAT16;FLOAT16;FLOAT16;FLOAT16;FLOAT16;FLOAT16;FLOAT16;FLOAT16;FLOAT16;FLOAT16;FLOAT16;FLOAT16;FLOAT16;FLOAT16;FLOAT16;FLOAT16;FLOAT16;FLOAT16;FLOAT16;FLOAT16;FLOAT16;FLOAT16;FLOAT16;FLOAT16;FLOAT16;FLOAT16;FLOAT16;FLOAT16;FLOAT16;FLOAT16;FLOAT16;FLOAT16;FLOAT16;FLOAT16;FLOAT16;FLOAT16;FLOAT16;FLOAT16;FLOAT16;FLOAT16;FLOAT16;FLOAT16;FLOAT16;FLOAT16;FLOAT16;FLOAT16;FLOAT16;FLOAT16;FLOAT16;FLOAT16;FLOAT16;FLOAT16;FLOAT16;FLOAT16;FLOAT16;FLOAT16;FLOAT16;FLOAT16;FLOAT16;FLOAT16;FLOAT16;FLOAT16;FLOAT16;FLOAT16;FLOAT16;FLOAT16;FLOAT16,ND;ND;ND;ND;ND;ND;ND;ND;ND;ND;ND;ND;ND;ND;ND;ND;ND;ND;ND;ND;ND;ND;ND;ND;ND;ND;ND;ND;ND;ND;ND;ND;ND;ND;ND;ND;ND;ND;ND;ND;ND;ND;ND;ND;ND;ND;ND;ND;ND;ND;ND;ND;ND;ND;ND;ND;ND;ND;ND;ND;ND;ND;ND;ND;ND;ND;ND;ND;ND;ND;ND;ND;ND;ND;ND;ND;ND;ND;ND;ND;ND;ND;ND;ND;ND;ND;ND;ND;ND;ND;ND;ND;ND;ND;ND;ND;ND;ND;ND;ND;ND;ND;ND;ND;ND;ND;ND;ND;ND;ND;ND;ND;ND;ND;ND;ND;ND;ND;ND;ND;ND;ND;ND;ND;ND;ND;ND;ND,"""512,2048""",FLOAT16,ND,N/A,0.0,0,0.0,0.0,0.0,0.0,0.0,0.0,0.0,0.0,0.0,0.0,0.0,46.175,3047564,0.017,0.0,4.326,0.094,29.038,0.629,13.715,0.297,0.0,0.000
0,4294967295,258,47,aclnnMul_MulAiCore_Mul,Mul,dynamic,AI_VECTOR_CORE,1785699090329948.715	,328.607,0.059000,40,0,NO,"""4096,4096;4096,4096""",FLOAT;FLOAT,ND;ND,"""4096,4096""",FLOAT,ND,N/A,0.0,0,0.0,0.0,0.0,0.0,0.0,0.0,0.0,0.0,0.0,0.0,0.0,325.826,21504500,6.784,0.021,2.99,0.009,324.274,0.995,108.581,0.333,0.0,0.000
0,4294967295,259,47,Concat,Concat,dynamic,AI_VECTOR_CORE,1785699090330277.342	,56.421,0.000000,40,0,NO,"""512,16;512,16;512,16;512,16;512,16;512,16;512,16;512,16;512,16;512,16;512,16;512,16;512,16;512,16;512,16;512,16;512,16;512,16;512,16;512,16;512,16;512,16;512,16;512,16;512,16;512,16;512,16;512,16;512,16;512,16;512,16;512,16;512,16;512,16;512,16;512,16;512,16;512,16;512,16;512,16;512,16;512,16;512,16;512,16;512,16;512,16;512,16;512,16;512,16;512,16;512,16;512,16;512,16;512,16;512,16;512,16;512,16;512,16;512,16;512,16;512,16;512,16;512,16;512,16;512,16;512,16;512,16;512,16;512,16;512,16;512,16;512,16;512,16;512,16;512,16;512,16;512,16;512,16;512,16;512,16;512,16;512,16;512,16;512,16;512,16;512,16;512,16;512,16;512,16;512,16;512,16;512,16;512,16;512,16;512,16;512,16;512,16;512,16;512,16;512,16;512,16;512,16;512,16;512,16;512,16;512,16;512,16;512,16;512,16;512,16;512,16;512,16;512,16;512,16;512,16;512,16;512,16;512,16;512,16;512,16;512,16;512,16;512,16;512,16;512,16;512,16;512,16;512,16""",FLOAT16;FLOAT16;FLOAT16;FLOAT16;FLOAT16;FLOAT16;FLOAT16;FLOAT16;FLOAT16;FLOAT16;FLOAT16;FLOAT16;FLOAT16;FLOAT16;FLOAT16;FLOAT16;FLOAT16;FLOAT16;FLOAT16;FLOAT16;FLOAT16;FLOAT16;FLOAT16;FLOAT16;FLOAT16;FLOAT16;FLOAT16;FLOAT16;FLOAT16;FLOAT16;FLOAT16;FLOAT16;FLOAT16;FLOAT16;FLOAT16;FLOAT16;FLOAT16;FLOAT16;FLOAT16;FLOAT16;FLOAT16;FLOAT16;FLOAT16;FLOAT16;FLOAT16;FLOAT16;FLOAT16;FLOAT16;FLOAT16;FLOAT16;FLOAT16;FLOAT16;FLOAT16;FLOAT16;FLOAT16;FLOAT16;FLOAT16;FLOAT16;FLOAT16;FLOAT16;FLOAT16;FLOAT16;FLOAT16;FLOAT16;FLOAT16;FLOAT16;FLOAT16;FLOAT16;FLOAT16;FLOAT16;FLOAT16;FLOAT16;FLOAT16;FLOAT16;FLOAT16;FLOAT16;FLOAT16;FLOAT16;FLOAT16;FLOAT16;FLOAT16;FLOAT16;FLOAT16;FLOAT16;FLOAT16;FLOAT16;FLOAT16;FLOAT16;FLOAT16;FLOAT16;FLOAT16;FLOAT16;FLOAT16;FLOAT16;FLOAT16;FLOAT16;FLOAT16;FLOAT16;FLOAT16;FLOAT16;FLOAT16;FLOAT16;FLOAT16;FLOAT16;FLOAT16;FLOAT16;FLOAT16;FLOAT16;FLOAT16;FLOAT16;FLOAT16;FLOAT16;FLOAT16;FLOAT16;FLOAT16;FLOAT16;FLOAT16;FLOAT16;FLOAT16;FLOAT16;FLOAT16;FLOAT16;FLOAT16;FLOAT16;FLOAT16;FLOAT16;FLOAT16;FLOAT16,ND;ND;ND;ND;ND;ND;ND;ND;ND;ND;ND;ND;ND;ND;ND;ND;ND;ND;ND;ND;ND;ND;ND;ND;ND;ND;ND;ND;ND;ND;ND;ND;ND;ND;ND;ND;ND;ND;ND;ND;ND;ND;ND;ND;ND;ND;ND;ND;ND;ND;ND;ND;ND;ND;ND;ND;ND;ND;ND;ND;ND;ND;ND;ND;ND;ND;ND;ND;ND;ND;ND;ND;ND;ND;ND;ND;ND;ND;ND;ND;ND;ND;ND;ND;ND;ND;ND;ND;ND;ND;ND;ND;ND;ND;ND;ND;ND;ND;ND;ND;ND;ND;ND;ND;ND;ND;ND;ND;ND;ND;ND;ND;ND;ND;ND;ND;ND;ND;ND;ND;ND;ND;ND;ND;ND;ND;ND;ND,"""512,2048""",FLOAT16,ND,N/A,0.0,0,0.0,0.0,0.0,0.0,0.0,0.0,0.0,0.0,0.0,0.0,0.0,47.497,3134770,0.017,0.0,4.276,0.09,29.122,0.613,14.924,0.314,0.0,0.000
0,4294967295,260,47,aclnnMul_MulAiCore_Mul,Mul,dynamic,AI_VECTOR_CORE,1785699090330333.783	,330.027,0.079000,40,0,NO,"""4096,4096;4096,4096""",FLOAT;FLOAT,ND;ND,"""4096,4096""",FLOAT,ND,N/A,0.0,0,0.0,0.0,0.0,0.0,0.0,0.0,0.0,0.0,0.0,0.0,0.0,326.771,21566901,6.784,0.021,2.924,0.009,325.307,0.996,109.673,0.336,0.0,0.000
0,4294967295,261,47,Concat,Concat,dynamic,AI_VECTOR_CORE,1785699090330663.830	,55.801,0.000000,40,0,NO,"""512,16;512,16;512,16;512,16;512,16;512,16;512,16;512,16;512,16;512,16;512,16;512,16;512,16;512,16;512,16;512,16;512,16;512,16;512,16;512,16;512,16;512,16;512,16;512,16;512,16;512,16;512,16;512,16;512,16;512,16;512,16;512,16;512,16;512,16;512,16;512,16;512,16;512,16;512,16;512,16;512,16;512,16;512,16;512,16;512,16;512,16;512,16;512,16;512,16;512,16;512,16;512,16;512,16;512,16;512,16;512,16;512,16;512,16;512,16;512,16;512,16;512,16;512,16;512,16;512,16;512,16;512,16;512,16;512,16;512,16;512,16;512,16;512,16;512,16;512,16;512,16;512,16;512,16;512,16;512,16;512,16;512,16;512,16;512,16;512,16;512,16;512,16;512,16;512,16;512,16;512,16;512,16;512,16;512,16;512,16;512,16;512,16;512,16;512,16;512,16;512,16;512,16;512,16;512,16;512,16;512,16;512,16;512,16;512,16;512,16;512,16;512,16;512,16;512,16;512,16;512,16;512,16;512,16;512,16;512,16;512,16;512,16;512,16;512,16;512,16;512,16;512,16;512,16""",FLOAT16;FLOAT16;FLOAT16;FLOAT16;FLOAT16;FLOAT16;FLOAT16;FLOAT16;FLOAT16;FLOAT16;FLOAT16;FLOAT16;FLOAT16;FLOAT16;FLOAT16;FLOAT16;FLOAT16;FLOAT16;FLOAT16;FLOAT16;FLOAT16;FLOAT16;FLOAT16;FLOAT16;FLOAT16;FLOAT16;FLOAT16;FLOAT16;FLOAT16;FLOAT16;FLOAT16;FLOAT16;FLOAT16;FLOAT16;FLOAT16;FLOAT16;FLOAT16;FLOAT16;FLOAT16;FLOAT16;FLOAT16;FLOAT16;FLOAT16;FLOAT16;FLOAT16;FLOAT16;FLOAT16;FLOAT16;FLOAT16;FLOAT16;FLOAT16;FLOAT16;FLOAT16;FLOAT16;FLOAT16;FLOAT16;FLOAT16;FLOAT16;FLOAT16;FLOAT16;FLOAT16;FLOAT16;FLOAT16;FLOAT16;FLOAT16;FLOAT16;FLOAT16;FLOAT16;FLOAT16;FLOAT16;FLOAT16;FLOAT16;FLOAT16;FLOAT16;FLOAT16;FLOAT16;FLOAT16;FLOAT16;FLOAT16;FLOAT16;FLOAT16;FLOAT16;FLOAT16;FLOAT16;FLOAT16;FLOAT16;FLOAT16;FLOAT16;FLOAT16;FLOAT16;FLOAT16;FLOAT16;FLOAT16;FLOAT16;FLOAT16;FLOAT16;FLOAT16;FLOAT16;FLOAT16;FLOAT16;FLOAT16;FLOAT16;FLOAT16;FLOAT16;FLOAT16;FLOAT16;FLOAT16;FLOAT16;FLOAT16;FLOAT16;FLOAT16;FLOAT16;FLOAT16;FLOAT16;FLOAT16;FLOAT16;FLOAT16;FLOAT16;FLOAT16;FLOAT16;FLOAT16;FLOAT16;FLOAT16;FLOAT16;FLOAT16;FLOAT16;FLOAT16;FLOAT16,ND;ND;ND;ND;ND;ND;ND;ND;ND;ND;ND;ND;ND;ND;ND;ND;ND;ND;ND;ND;ND;ND;ND;ND;ND;ND;ND;ND;ND;ND;ND;ND;ND;ND;ND;ND;ND;ND;ND;ND;ND;ND;ND;ND;ND;ND;ND;ND;ND;ND;ND;ND;ND;ND;ND;ND;ND;ND;ND;ND;ND;ND;ND;ND;ND;ND;ND;ND;ND;ND;ND;ND;ND;ND;ND;ND;ND;ND;ND;ND;ND;ND;ND;ND;ND;ND;ND;ND;ND;ND;ND;ND;ND;ND;ND;ND;ND;ND;ND;ND;ND;ND;ND;ND;ND;ND;ND;ND;ND;ND;ND;ND;ND;ND;ND;ND;ND;ND;ND;ND;ND;ND;ND;ND;ND;ND;ND;ND,"""512,2048""",FLOAT16,ND,N/A,0.0,0,0.0,0.0,0.0,0.0,0.0,0.0,0.0,0.0,0.0,0.0,0.0,47.171,3113284,0.017,0.0,4.441,0.094,29.268,0.62,14.331,0.304,0.0,0.000
0,4294967295,262,47,aclnnMul_MulAiCore_Mul,Mul,dynamic,AI_VECTOR_CORE,1785699090330719.671	,327.566,0.199000,40,0,NO,"""4096,4096;4096,4096""",FLOAT;FLOAT,ND;ND,"""4096,4096""",FLOAT,ND,N/A,0.0,0,0.0,0.0,0.0,0.0,0.0,0.0,0.0,0.0,0.0,0.0,0.0,324.898,21443275,6.784,0.021,3.026,0.009,323.296,0.995,109.826,0.338,0.0,0.000
0,4294967295,263,47,Concat,Concat,dynamic,AI_VECTOR_CORE,1785699090331047.277	,55.401,0.000000,40,0,NO,"""512,16;512,16;512,16;512,16;512,16;512,16;512,16;512,16;512,16;512,16;512,16;512,16;512,16;512,16;512,16;512,16;512,16;512,16;512,16;512,16;512,16;512,16;512,16;512,16;512,16;512,16;512,16;512,16;512,16;512,16;512,16;512,16;512,16;512,16;512,16;512,16;512,16;512,16;512,16;512,16;512,16;512,16;512,16;512,16;512,16;512,16;512,16;512,16;512,16;512,16;512,16;512,16;512,16;512,16;512,16;512,16;512,16;512,16;512,16;512,16;512,16;512,16;512,16;512,16;512,16;512,16;512,16;512,16;512,16;512,16;512,16;512,16;512,16;512,16;512,16;512,16;512,16;512,16;512,16;512,16;512,16;512,16;512,16;512,16;512,16;512,16;512,16;512,16;512,16;512,16;512,16;512,16;512,16;512,16;512,16;512,16;512,16;512,16;512,16;512,16;512,16;512,16;512,16;512,16;512,16;512,16;512,16;512,16;512,16;512,16;512,16;512,16;512,16;512,16;512,16;512,16;512,16;512,16;512,16;512,16;512,16;512,16;512,16;512,16;512,16;512,16;512,16;512,16""",FLOAT16;FLOAT16;FLOAT16;FLOAT16;FLOAT16;FLOAT16;FLOAT16;FLOAT16;FLOAT16;FLOAT16;FLOAT16;FLOAT16;FLOAT16;FLOAT16;FLOAT16;FLOAT16;FLOAT16;FLOAT16;FLOAT16;FLOAT16;FLOAT16;FLOAT16;FLOAT16;FLOAT16;FLOAT16;FLOAT16;FLOAT16;FLOAT16;FLOAT16;FLOAT16;FLOAT16;FLOAT16;FLOAT16;FLOAT16;FLOAT16;FLOAT16;FLOAT16;FLOAT16;FLOAT16;FLOAT16;FLOAT16;FLOAT16;FLOAT16;FLOAT16;FLOAT16;FLOAT16;FLOAT16;FLOAT16;FLOAT16;FLOAT16;FLOAT16;FLOAT16;FLOAT16;FLOAT16;FLOAT16;FLOAT16;FLOAT16;FLOAT16;FLOAT16;FLOAT16;FLOAT16;FLOAT16;FLOAT16;FLOAT16;FLOAT16;FLOAT16;FLOAT16;FLOAT16;FLOAT16;FLOAT16;FLOAT16;FLOAT16;FLOAT16;FLOAT16;FLOAT16;FLOAT16;FLOAT16;FLOAT16;FLOAT16;FLOAT16;FLOAT16;FLOAT16;FLOAT16;FLOAT16;FLOAT16;FLOAT16;FLOAT16;FLOAT16;FLOAT16;FLOAT16;FLOAT16;FLOAT16;FLOAT16;FLOAT16;FLOAT16;FLOAT16;FLOAT16;FLOAT16;FLOAT16;FLOAT16;FLOAT16;FLOAT16;FLOAT16;FLOAT16;FLOAT16;FLOAT16;FLOAT16;FLOAT16;FLOAT16;FLOAT16;FLOAT16;FLOAT16;FLOAT16;FLOAT16;FLOAT16;FLOAT16;FLOAT16;FLOAT16;FLOAT16;FLOAT16;FLOAT16;FLOAT16;FLOAT16;FLOAT16;FLOAT16;FLOAT16;FLOAT16;FLOAT16,ND;ND;ND;ND;ND;ND;ND;ND;ND;ND;ND;ND;ND;ND;ND;ND;ND;ND;ND;ND;ND;ND;ND;ND;ND;ND;ND;ND;ND;ND;ND;ND;ND;ND;ND;ND;ND;ND;ND;ND;ND;ND;ND;ND;ND;ND;ND;ND;ND;ND;ND;ND;ND;ND;ND;ND;ND;ND;ND;ND;ND;ND;ND;ND;ND;ND;ND;ND;ND;ND;ND;ND;ND;ND;ND;ND;ND;ND;ND;ND;ND;ND;ND;ND;ND;ND;ND;ND;ND;ND;ND;ND;ND;ND;ND;ND;ND;ND;ND;ND;ND;ND;ND;ND;ND;ND;ND;ND;ND;ND;ND;ND;ND;ND;ND;ND;ND;ND;ND;ND;ND;ND;ND;ND;ND;ND;ND;ND,"""512,2048""",FLOAT16,ND,N/A,0.0,0,0.0,0.0,0.0,0.0,0.0,0.0,0.0,0.0,0.0,0.0,0.0,46.875,3093725,0.017,0.0,4.38,0.093,29.272,0.624,14.224,0.303,0.0,0.000
0,4294967295,264,47,aclnnMul_MulAiCore_Mul,Mul,dynamic,AI_VECTOR_CORE,1785699090331102.698	,328.467,0.099000,40,0,NO,"""4096,4096;4096,4096""",FLOAT;FLOAT,ND;ND,"""4096,4096""",FLOAT,ND,N/A,0.0,0,0.0,0.0,0.0,0.0,0.0,0.0,0.0,0.0,0.0,0.0,0.0,326.283,21534695,6.784,0.021,2.962,0.009,324.817,0.996,110.542,0.339,0.0,0.000
0,4294967295,265,47,Concat,Concat,dynamic,AI_VECTOR_CORE,1785699090331431.205	,55.301,0.033000,40,0,NO,"""512,16;512,16;512,16;512,16;512,16;512,16;512,16;512,16;512,16;512,16;512,16;512,16;512,16;512,16;512,16;512,16;512,16;512,16;512,16;512,16;512,16;512,16;512,16;512,16;512,16;512,16;512,16;512,16;512,16;512,16;512,16;512,16;512,16;512,16;512,16;512,16;512,16;512,16;512,16;512,16;512,16;512,16;512,16;512,16;512,16;512,16;512,16;512,16;512,16;512,16;512,16;512,16;512,16;512,16;512,16;512,16;512,16;512,16;512,16;512,16;512,16;512,16;512,16;512,16;512,16;512,16;512,16;512,16;512,16;512,16;512,16;512,16;512,16;512,16;512,16;512,16;512,16;512,16;512,16;512,16;512,16;512,16;512,16;512,16;512,16;512,16;512,16;512,16;512,16;512,16;512,16;512,16;512,16;512,16;512,16;512,16;512,16;512,16;512,16;512,16;512,16;512,16;512,16;512,16;512,16;512,16;512,16;512,16;512,16;512,16;512,16;512,16;512,16;512,16;512,16;512,16;512,16;512,16;512,16;512,16;512,16;512,16;512,16;512,16;512,16;512,16;512,16;512,16""",FLOAT16;FLOAT16;FLOAT16;FLOAT16;FLOAT16;FLOAT16;FLOAT16;FLOAT16;FLOAT16;FLOAT16;FLOAT16;FLOAT16;FLOAT16;FLOAT16;FLOAT16;FLOAT16;FLOAT16;FLOAT16;FLOAT16;FLOAT16;FLOAT16;FLOAT16;FLOAT16;FLOAT16;FLOAT16;FLOAT16;FLOAT16;FLOAT16;FLOAT16;FLOAT16;FLOAT16;FLOAT16;FLOAT16;FLOAT16;FLOAT16;FLOAT16;FLOAT16;FLOAT16;FLOAT16;FLOAT16;FLOAT16;FLOAT16;FLOAT16;FLOAT16;FLOAT16;FLOAT16;FLOAT16;FLOAT16;FLOAT16;FLOAT16;FLOAT16;FLOAT16;FLOAT16;FLOAT16;FLOAT16;FLOAT16;FLOAT16;FLOAT16;FLOAT16;FLOAT16;FLOAT16;FLOAT16;FLOAT16;FLOAT16;FLOAT16;FLOAT16;FLOAT16;FLOAT16;FLOAT16;FLOAT16;FLOAT16;FLOAT16;FLOAT16;FLOAT16;FLOAT16;FLOAT16;FLOAT16;FLOAT16;FLOAT16;FLOAT16;FLOAT16;FLOAT16;FLOAT16;FLOAT16;FLOAT16;FLOAT16;FLOAT16;FLOAT16;FLOAT16;FLOAT16;FLOAT16;FLOAT16;FLOAT16;FLOAT16;FLOAT16;FLOAT16;FLOAT16;FLOAT16;FLOAT16;FLOAT16;FLOAT16;FLOAT16;FLOAT16;FLOAT16;FLOAT16;FLOAT16;FLOAT16;FLOAT16;FLOAT16;FLOAT16;FLOAT16;FLOAT16;FLOAT16;FLOAT16;FLOAT16;FLOAT16;FLOAT16;FLOAT16;FLOAT16;FLOAT16;FLOAT16;FLOAT16;FLOAT16;FLOAT16;FLOAT16;FLOAT16;FLOAT16;FLOAT16,ND;ND;ND;ND;ND;ND;ND;ND;ND;ND;ND;ND;ND;ND;ND;ND;ND;ND;ND;ND;ND;ND;ND;ND;ND;ND;ND;ND;ND;ND;ND;ND;ND;ND;ND;ND;ND;ND;ND;ND;ND;ND;ND;ND;ND;ND;ND;ND;ND;ND;ND;ND;ND;ND;ND;ND;ND;ND;ND;ND;ND;ND;ND;ND;ND;ND;ND;ND;ND;ND;ND;ND;ND;ND;ND;ND;ND;ND;ND;ND;ND;ND;ND;ND;ND;ND;ND;ND;ND;ND;ND;ND;ND;ND;ND;ND;ND;ND;ND;ND;ND;ND;ND;ND;ND;ND;ND;ND;ND;ND;ND;ND;ND;ND;ND;ND;ND;ND;ND;ND;ND;ND;ND;ND;ND;ND;ND;ND,"""512,2048""",FLOAT16,ND,N/A,0.0,0,0.0,0.0,0.0,0.0,0.0,0.0,0.0,0.0,0.0,0.0,0.0,46.933,3097550,0.017,0.0,4.331,0.092,30.283,0.645,13.22,0.282,0.0,0.000
0,4294967295,266,47,aclnnMul_MulAiCore_Mul,Mul,dynamic,AI_VECTOR_CORE,1785699090331486.526	,327.747,0.000000,40,0,NO,"""4096,4096;4096,4096""",FLOAT;FLOAT,ND;ND,"""4096,4096""",FLOAT,ND,N/A,0.0,0,0.0,0.0,0.0,0.0,0.0,0.0,0.0,0.0,0.0,0.0,0.0,325.597,21489425,6.784,0.021,3.061,0.009,323.982,0.995,109.962,0.338,0.0,0.000
0,4294967295,267,47,Concat,Concat,dynamic,AI_VECTOR_CORE,1785699090331814.293	,58.361,0.003000,40,0,NO,"""512,16;512,16;512,16;512,16;512,16;512,16;512,16;512,16;512,16;512,16;512,16;512,16;512,16;512,16;512,16;512,16;512,16;512,16;512,16;512,16;512,16;512,16;512,16;512,16;512,16;512,16;512,16;512,16;512,16;512,16;512,16;512,16;512,16;512,16;512,16;512,16;512,16;512,16;512,16;512,16;512,16;512,16;512,16;512,16;512,16;512,16;512,16;512,16;512,16;512,16;512,16;512,16;512,16;512,16;512,16;512,16;512,16;512,16;512,16;512,16;512,16;512,16;512,16;512,16;512,16;512,16;512,16;512,16;512,16;512,16;512,16;512,16;512,16;512,16;512,16;512,16;512,16;512,16;512,16;512,16;512,16;512,16;512,16;512,16;512,16;512,16;512,16;512,16;512,16;512,16;512,16;512,16;512,16;512,16;512,16;512,16;512,16;512,16;512,16;512,16;512,16;512,16;512,16;512,16;512,16;512,16;512,16;512,16;512,16;512,16;512,16;512,16;512,16;512,16;512,16;512,16;512,16;512,16;512,16;512,16;512,16;512,16;512,16;512,16;512,16;512,16;512,16;512,16""",FLOAT16;FLOAT16;FLOAT16;FLOAT16;FLOAT16;FLOAT16;FLOAT16;FLOAT16;FLOAT16;FLOAT16;FLOAT16;FLOAT16;FLOAT16;FLOAT16;FLOAT16;FLOAT16;FLOAT16;FLOAT16;FLOAT16;FLOAT16;FLOAT16;FLOAT16;FLOAT16;FLOAT16;FLOAT16;FLOAT16;FLOAT16;FLOAT16;FLOAT16;FLOAT16;FLOAT16;FLOAT16;FLOAT16;FLOAT16;FLOAT16;FLOAT16;FLOAT16;FLOAT16;FLOAT16;FLOAT16;FLOAT16;FLOAT16;FLOAT16;FLOAT16;FLOAT16;FLOAT16;FLOAT16;FLOAT16;FLOAT16;FLOAT16;FLOAT16;FLOAT16;FLOAT16;FLOAT16;FLOAT16;FLOAT16;FLOAT16;FLOAT16;FLOAT16;FLOAT16;FLOAT16;FLOAT16;FLOAT16;FLOAT16;FLOAT16;FLOAT16;FLOAT16;FLOAT16;FLOAT16;FLOAT16;FLOAT16;FLOAT16;FLOAT16;FLOAT16;FLOAT16;FLOAT16;FLOAT16;FLOAT16;FLOAT16;FLOAT16;FLOAT16;FLOAT16;FLOAT16;FLOAT16;FLOAT16;FLOAT16;FLOAT16;FLOAT16;FLOAT16;FLOAT16;FLOAT16;FLOAT16;FLOAT16;FLOAT16;FLOAT16;FLOAT16;FLOAT16;FLOAT16;FLOAT16;FLOAT16;FLOAT16;FLOAT16;FLOAT16;FLOAT16;FLOAT16;FLOAT16;FLOAT16;FLOAT16;FLOAT16;FLOAT16;FLOAT16;FLOAT16;FLOAT16;FLOAT16;FLOAT16;FLOAT16;FLOAT16;FLOAT16;FLOAT16;FLOAT16;FLOAT16;FLOAT16;FLOAT16;FLOAT16;FLOAT16;FLOAT16;FLOAT16;FLOAT16,ND;ND;ND;ND;ND;ND;ND;ND;ND;ND;ND;ND;ND;ND;ND;ND;ND;ND;ND;ND;ND;ND;ND;ND;ND;ND;ND;ND;ND;ND;ND;ND;ND;ND;ND;ND;ND;ND;ND;ND;ND;ND;ND;ND;ND;ND;ND;ND;ND;ND;ND;ND;ND;ND;ND;ND;ND;ND;ND;ND;ND;ND;ND;ND;ND;ND;ND;ND;ND;ND;ND;ND;ND;ND;ND;ND;ND;ND;ND;ND;ND;ND;ND;ND;ND;ND;ND;ND;ND;ND;ND;ND;ND;ND;ND;ND;ND;ND;ND;ND;ND;ND;ND;ND;ND;ND;ND;ND;ND;ND;ND;ND;ND;ND;ND;ND;ND;ND;ND;ND;ND;ND;ND;ND;ND;ND;ND;ND,"""512,2048""",FLOAT16,ND,N/A,0.0,0,0.0,0.0,0.0,0.0,0.0,0.0,0.0,0.0,0.0,0.0,0.0,48.056,3171674,0.017,0.0,4.98,0.104,30.555,0.636,13.842,0.288,0.0,0.000
0,4294967295,268,47,aclnnMul_MulAiCore_Mul,Mul,dynamic,AI_VECTOR_CORE,1785699090331872.674	,329.006,0.139000,40,0,NO,"""4096,4096;4096,4096""",FLOAT;FLOAT,ND;ND,"""4096,4096""",FLOAT,ND,N/A,0.0,0,0.0,0.0,0.0,0.0,0.0,0.0,0.0,0.0,0.0,0.0,0.0,326.441,21545090,6.784,0.021,3.01,0.009,324.872,0.995,111.269,0.341,0.0,0.000
0,4294967295,269,47,Concat,Concat,dynamic,AI_VECTOR_CORE,1785699090332201.700	,56.522,0.000000,40,0,NO,"""512,16;512,16;512,16;512,16;512,16;512,16;512,16;512,16;512,16;512,16;512,16;512,16;512,16;512,16;512,16;512,16;512,16;512,16;512,16;512,16;512,16;512,16;512,16;512,16;512,16;512,16;512,16;512,16;512,16;512,16;512,16;512,16;512,16;512,16;512,16;512,16;512,16;512,16;512,16;512,16;512,16;512,16;512,16;512,16;512,16;512,16;512,16;512,16;512,16;512,16;512,16;512,16;512,16;512,16;512,16;512,16;512,16;512,16;512,16;512,16;512,16;512,16;512,16;512,16;512,16;512,16;512,16;512,16;512,16;512,16;512,16;512,16;512,16;512,16;512,16;512,16;512,16;512,16;512,16;512,16;512,16;512,16;512,16;512,16;512,16;512,16;512,16;512,16;512,16;512,16;512,16;512,16;512,16;512,16;512,16;512,16;512,16;512,16;512,16;512,16;512,16;512,16;512,16;512,16;512,16;512,16;512,16;512,16;512,16;512,16;512,16;512,16;512,16;512,16;512,16;512,16;512,16;512,16;512,16;512,16;512,16;512,16;512,16;512,16;512,16;512,16;512,16;512,16""",FLOAT16;FLOAT16;FLOAT16;FLOAT16;FLOAT16;FLOAT16;FLOAT16;FLOAT16;FLOAT16;FLOAT16;FLOAT16;FLOAT16;FLOAT16;FLOAT16;FLOAT16;FLOAT16;FLOAT16;FLOAT16;FLOAT16;FLOAT16;FLOAT16;FLOAT16;FLOAT16;FLOAT16;FLOAT16;FLOAT16;FLOAT16;FLOAT16;FLOAT16;FLOAT16;FLOAT16;FLOAT16;FLOAT16;FLOAT16;FLOAT16;FLOAT16;FLOAT16;FLOAT16;FLOAT16;FLOAT16;FLOAT16;FLOAT16;FLOAT16;FLOAT16;FLOAT16;FLOAT16;FLOAT16;FLOAT16;FLOAT16;FLOAT16;FLOAT16;FLOAT16;FLOAT16;FLOAT16;FLOAT16;FLOAT16;FLOAT16;FLOAT16;FLOAT16;FLOAT16;FLOAT16;FLOAT16;FLOAT16;FLOAT16;FLOAT16;FLOAT16;FLOAT16;FLOAT16;FLOAT16;FLOAT16;FLOAT16;FLOAT16;FLOAT16;FLOAT16;FLOAT16;FLOAT16;FLOAT16;FLOAT16;FLOAT16;FLOAT16;FLOAT16;FLOAT16;FLOAT16;FLOAT16;FLOAT16;FLOAT16;FLOAT16;FLOAT16;FLOAT16;FLOAT16;FLOAT16;FLOAT16;FLOAT16;FLOAT16;FLOAT16;FLOAT16;FLOAT16;FLOAT16;FLOAT16;FLOAT16;FLOAT16;FLOAT16;FLOAT16;FLOAT16;FLOAT16;FLOAT16;FLOAT16;FLOAT16;FLOAT16;FLOAT16;FLOAT16;FLOAT16;FLOAT16;FLOAT16;FLOAT16;FLOAT16;FLOAT16;FLOAT16;FLOAT16;FLOAT16;FLOAT16;FLOAT16;FLOAT16;FLOAT16;FLOAT16;FLOAT16;FLOAT16;FLOAT16,ND;ND;ND;ND;ND;ND;ND;ND;ND;ND;ND;ND;ND;ND;ND;ND;ND;ND;ND;ND;ND;ND;ND;ND;ND;ND;ND;ND;ND;ND;ND;ND;ND;ND;ND;ND;ND;ND;ND;ND;ND;ND;ND;ND;ND;ND;ND;ND;ND;ND;ND;ND;ND;ND;ND;ND;ND;ND;ND;ND;ND;ND;ND;ND;ND;ND;ND;ND;ND;ND;ND;ND;ND;ND;ND;ND;ND;ND;ND;ND;ND;ND;ND;ND;ND;ND;ND;ND;ND;ND;ND;ND;ND;ND;ND;ND;ND;ND;ND;ND;ND;ND;ND;ND;ND;ND;ND;ND;ND;ND;ND;ND;ND;ND;ND;ND;ND;ND;ND;ND;ND;ND;ND;ND;ND;ND;ND;ND,"""512,2048""",FLOAT16,ND,N/A,0.0,0,0.0,0.0,0.0,0.0,0.0,0.0,0.0,0.0,0.0,0.0,0.0,47.882,3160214,0.017,0.0,5.39,0.113,30.516,0.637,13.56,0.283,0.0,0.000
0,4294967295,270,47,aclnnMul_MulAiCore_Mul,Mul,dynamic,AI_VECTOR_CORE,1785699090332258.242	,328.666,0.000000,40,0,NO,"""4096,4096;4096,4096""",FLOAT;FLOAT,ND;ND,"""4096,4096""",FLOAT,ND,N/A,0.0,0,0.0,0.0,0.0,0.0,0.0,0.0,0.0,0.0,0.0,0.0,0.0,325.941,21512089,6.784,0.021,3.14,0.01,324.288,0.995,110.395,0.339,0.0,0.000
0,4294967295,271,47,Concat,Concat,dynamic,AI_VECTOR_CORE,1785699090332586.928	,54.441,0.084000,40,0,NO,"""512,16;512,16;512,16;512,16;512,16;512,16;512,16;512,16;512,16;512,16;512,16;512,16;512,16;512,16;512,16;512,16;512,16;512,16;512,16;512,16;512,16;512,16;512,16;512,16;512,16;512,16;512,16;512,16;512,16;512,16;512,16;512,16;512,16;512,16;512,16;512,16;512,16;512,16;512,16;512,16;512,16;512,16;512,16;512,16;512,16;512,16;512,16;512,16;512,16;512,16;512,16;512,16;512,16;512,16;512,16;512,16;512,16;512,16;512,16;512,16;512,16;512,16;512,16;512,16;512,16;512,16;512,16;512,16;512,16;512,16;512,16;512,16;512,16;512,16;512,16;512,16;512,16;512,16;512,16;512,16;512,16;512,16;512,16;512,16;512,16;512,16;512,16;512,16;512,16;512,16;512,16;512,16;512,16;512,16;512,16;512,16;512,16;512,16;512,16;512,16;512,16;512,16;512,16;512,16;512,16;512,16;512,16;512,16;512,16;512,16;512,16;512,16;512,16;512,16;512,16;512,16;512,16;512,16;512,16;512,16;512,16;512,16;512,16;512,16;512,16;512,16;512,16;512,16""",FLOAT16;FLOAT16;FLOAT16;FLOAT16;FLOAT16;FLOAT16;FLOAT16;FLOAT16;FLOAT16;FLOAT16;FLOAT16;FLOAT16;FLOAT16;FLOAT16;FLOAT16;FLOAT16;FLOAT16;FLOAT16;FLOAT16;FLOAT16;FLOAT16;FLOAT16;FLOAT16;FLOAT16;FLOAT16;FLOAT16;FLOAT16;FLOAT16;FLOAT16;FLOAT16;FLOAT16;FLOAT16;FLOAT16;FLOAT16;FLOAT16;FLOAT16;FLOAT16;FLOAT16;FLOAT16;FLOAT16;FLOAT16;FLOAT16;FLOAT16;FLOAT16;FLOAT16;FLOAT16;FLOAT16;FLOAT16;FLOAT16;FLOAT16;FLOAT16;FLOAT16;FLOAT16;FLOAT16;FLOAT16;FLOAT16;FLOAT16;FLOAT16;FLOAT16;FLOAT16;FLOAT16;FLOAT16;FLOAT16;FLOAT16;FLOAT16;FLOAT16;FLOAT16;FLOAT16;FLOAT16;FLOAT16;FLOAT16;FLOAT16;FLOAT16;FLOAT16;FLOAT16;FLOAT16;FLOAT16;FLOAT16;FLOAT16;FLOAT16;FLOAT16;FLOAT16;FLOAT16;FLOAT16;FLOAT16;FLOAT16;FLOAT16;FLOAT16;FLOAT16;FLOAT16;FLOAT16;FLOAT16;FLOAT16;FLOAT16;FLOAT16;FLOAT16;FLOAT16;FLOAT16;FLOAT16;FLOAT16;FLOAT16;FLOAT16;FLOAT16;FLOAT16;FLOAT16;FLOAT16;FLOAT16;FLOAT16;FLOAT16;FLOAT16;FLOAT16;FLOAT16;FLOAT16;FLOAT16;FLOAT16;FLOAT16;FLOAT16;FLOAT16;FLOAT16;FLOAT16;FLOAT16;FLOAT16;FLOAT16;FLOAT16;FLOAT16;FLOAT16;FLOAT16;FLOAT16,ND;ND;ND;ND;ND;ND;ND;ND;ND;ND;ND;ND;ND;ND;ND;ND;ND;ND;ND;ND;ND;ND;ND;ND;ND;ND;ND;ND;ND;ND;ND;ND;ND;ND;ND;ND;ND;ND;ND;ND;ND;ND;ND;ND;ND;ND;ND;ND;ND;ND;ND;ND;ND;ND;ND;ND;ND;ND;ND;ND;ND;ND;ND;ND;ND;ND;ND;ND;ND;ND;ND;ND;ND;ND;ND;ND;ND;ND;ND;ND;ND;ND;ND;ND;ND;ND;ND;ND;ND;ND;ND;ND;ND;ND;ND;ND;ND;ND;ND;ND;ND;ND;ND;ND;ND;ND;ND;ND;ND;ND;ND;ND;ND;ND;ND;ND;ND;ND;ND;ND;ND;ND;ND;ND;ND;ND;ND;ND,"""512,2048""",FLOAT16,ND,N/A,0.0,0,0.0,0.0,0.0,0.0,0.0,0.0,0.0,0.0,0.0,0.0,0.0,45.772,3020922,0.017,0.0,4.154,0.091,28.598,0.625,13.874,0.303,0.0,0.000
0,4294967295,272,47,aclnnMul_MulAiCore_Mul,Mul,dynamic,AI_VECTOR_CORE,1785699090332641.389	,329.387,0.059000,40,0,NO,"""4096,4096;4096,4096""",FLOAT;FLOAT,ND;ND,"""4096,4096""",FLOAT,ND,N/A,0.0,0,0.0,0.0,0.0,0.0,0.0,0.0,0.0,0.0,0.0,0.0,0.0,326.564,21553232,6.784,0.021,2.971,0.009,325.051,0.995,110.038,0.337,0.0,0.000
0,4294967295,273,47,Concat,Concat,dynamic,AI_VECTOR_CORE,1785699090332970.796	,55.201,0.000000,40,0,NO,"""512,16;512,16;512,16;512,16;512,16;512,16;512,16;512,16;512,16;512,16;512,16;512,16;512,16;512,16;512,16;512,16;512,16;512,16;512,16;512,16;512,16;512,16;512,16;512,16;512,16;512,16;512,16;512,16;512,16;512,16;512,16;512,16;512,16;512,16;512,16;512,16;512,16;512,16;512,16;512,16;512,16;512,16;512,16;512,16;512,16;512,16;512,16;512,16;512,16;512,16;512,16;512,16;512,16;512,16;512,16;512,16;512,16;512,16;512,16;512,16;512,16;512,16;512,16;512,16;512,16;512,16;512,16;512,16;512,16;512,16;512,16;512,16;512,16;512,16;512,16;512,16;512,16;512,16;512,16;512,16;512,16;512,16;512,16;512,16;512,16;512,16;512,16;512,16;512,16;512,16;512,16;512,16;512,16;512,16;512,16;512,16;512,16;512,16;512,16;512,16;512,16;512,16;512,16;512,16;512,16;512,16;512,16;512,16;512,16;512,16;512,16;512,16;512,16;512,16;512,16;512,16;512,16;512,16;512,16;512,16;512,16;512,16;512,16;512,16;512,16;512,16;512,16;512,16""",FLOAT16;FLOAT16;FLOAT16;FLOAT16;FLOAT16;FLOAT16;FLOAT16;FLOAT16;FLOAT16;FLOAT16;FLOAT16;FLOAT16;FLOAT16;FLOAT16;FLOAT16;FLOAT16;FLOAT16;FLOAT16;FLOAT16;FLOAT16;FLOAT16;FLOAT16;FLOAT16;FLOAT16;FLOAT16;FLOAT16;FLOAT16;FLOAT16;FLOAT16;FLOAT16;FLOAT16;FLOAT16;FLOAT16;FLOAT16;FLOAT16;FLOAT16;FLOAT16;FLOAT16;FLOAT16;FLOAT16;FLOAT16;FLOAT16;FLOAT16;FLOAT16;FLOAT16;FLOAT16;FLOAT16;FLOAT16;FLOAT16;FLOAT16;FLOAT16;FLOAT16;FLOAT16;FLOAT16;FLOAT16;FLOAT16;FLOAT16;FLOAT16;FLOAT16;FLOAT16;FLOAT16;FLOAT16;FLOAT16;FLOAT16;FLOAT16;FLOAT16;FLOAT16;FLOAT16;FLOAT16;FLOAT16;FLOAT16;FLOAT16;FLOAT16;FLOAT16;FLOAT16;FLOAT16;FLOAT16;FLOAT16;FLOAT16;FLOAT16;FLOAT16;FLOAT16;FLOAT16;FLOAT16;FLOAT16;FLOAT16;FLOAT16;FLOAT16;FLOAT16;FLOAT16;FLOAT16;FLOAT16;FLOAT16;FLOAT16;FLOAT16;FLOAT16;FLOAT16;FLOAT16;FLOAT16;FLOAT16;FLOAT16;FLOAT16;FLOAT16;FLOAT16;FLOAT16;FLOAT16;FLOAT16;FLOAT16;FLOAT16;FLOAT16;FLOAT16;FLOAT16;FLOAT16;FLOAT16;FLOAT16;FLOAT16;FLOAT16;FLOAT16;FLOAT16;FLOAT16;FLOAT16;FLOAT16;FLOAT16;FLOAT16;FLOAT16;FLOAT16;FLOAT16;FLOAT16,ND;ND;ND;ND;ND;ND;ND;ND;ND;ND;ND;ND;ND;ND;ND;ND;ND;ND;ND;ND;ND;ND;ND;ND;ND;ND;ND;ND;ND;ND;ND;ND;ND;ND;ND;ND;ND;ND;ND;ND;ND;ND;ND;ND;ND;ND;ND;ND;ND;ND;ND;ND;ND;ND;ND;ND;ND;ND;ND;ND;ND;ND;ND;ND;ND;ND;ND;ND;ND;ND;ND;ND;ND;ND;ND;ND;ND;ND;ND;ND;ND;ND;ND;ND;ND;ND;ND;ND;ND;ND;ND;ND;ND;ND;ND;ND;ND;ND;ND;ND;ND;ND;ND;ND;ND;ND;ND;ND;ND;ND;ND;ND;ND;ND;ND;ND;ND;ND;ND;ND;ND;ND;ND;ND;ND;ND;ND;ND,"""512,2048""",FLOAT16,ND,N/A,0.0,0,0.0,0.0,0.0,0.0,0.0,0.0,0.0,0.0,0.0,0.0,0.0,46.812,3089595,0.017,0.0,4.074,0.087,29.696,0.634,13.945,0.298,0.0,0.000
0,4294967295,274,47,aclnnMul_MulAiCore_Mul,Mul,dynamic,AI_VECTOR_CORE,1785699090333026.037	,328.566,0.049000,40,0,NO,"""4096,4096;4096,4096""",FLOAT;FLOAT,ND;ND,"""4096,4096""",FLOAT,ND,N/A,0.0,0,0.0,0.0,0.0,0.0,0.0,0.0,0.0,0.0,0.0,0.0,0.0,325.731,21498218,6.784,0.021,2.929,0.009,324.195,0.995,110.75,0.34,0.0,0.000
0,4294967295,275,47,Concat,Concat,dynamic,AI_VECTOR_CORE,1785699090333354.623	,56.542,0.000000,40,0,NO,"""512,16;512,16;512,16;512,16;512,16;512,16;512,16;512,16;512,16;512,16;512,16;512,16;512,16;512,16;512,16;512,16;512,16;512,16;512,16;512,16;512,16;512,16;512,16;512,16;512,16;512,16;512,16;512,16;512,16;512,16;512,16;512,16;512,16;512,16;512,16;512,16;512,16;512,16;512,16;512,16;512,16;512,16;512,16;512,16;512,16;512,16;512,16;512,16;512,16;512,16;512,16;512,16;512,16;512,16;512,16;512,16;512,16;512,16;512,16;512,16;512,16;512,16;512,16;512,16;512,16;512,16;512,16;512,16;512,16;512,16;512,16;512,16;512,16;512,16;512,16;512,16;512,16;512,16;512,16;512,16;512,16;512,16;512,16;512,16;512,16;512,16;512,16;512,16;512,16;512,16;512,16;512,16;512,16;512,16;512,16;512,16;512,16;512,16;512,16;512,16;512,16;512,16;512,16;512,16;512,16;512,16;512,16;512,16;512,16;512,16;512,16;512,16;512,16;512,16;512,16;512,16;512,16;512,16;512,16;512,16;512,16;512,16;512,16;512,16;512,16;512,16;512,16;512,16""",FLOAT16;FLOAT16;FLOAT16;FLOAT16;FLOAT16;FLOAT16;FLOAT16;FLOAT16;FLOAT16;FLOAT16;FLOAT16;FLOAT16;FLOAT16;FLOAT16;FLOAT16;FLOAT16;FLOAT16;FLOAT16;FLOAT16;FLOAT16;FLOAT16;FLOAT16;FLOAT16;FLOAT16;FLOAT16;FLOAT16;FLOAT16;FLOAT16;FLOAT16;FLOAT16;FLOAT16;FLOAT16;FLOAT16;FLOAT16;FLOAT16;FLOAT16;FLOAT16;FLOAT16;FLOAT16;FLOAT16;FLOAT16;FLOAT16;FLOAT16;FLOAT16;FLOAT16;FLOAT16;FLOAT16;FLOAT16;FLOAT16;FLOAT16;FLOAT16;FLOAT16;FLOAT16;FLOAT16;FLOAT16;FLOAT16;FLOAT16;FLOAT16;FLOAT16;FLOAT16;FLOAT16;FLOAT16;FLOAT16;FLOAT16;FLOAT16;FLOAT16;FLOAT16;FLOAT16;FLOAT16;FLOAT16;FLOAT16;FLOAT16;FLOAT16;FLOAT16;FLOAT16;FLOAT16;FLOAT16;FLOAT16;FLOAT16;FLOAT16;FLOAT16;FLOAT16;FLOAT16;FLOAT16;FLOAT16;FLOAT16;FLOAT16;FLOAT16;FLOAT16;FLOAT16;FLOAT16;FLOAT16;FLOAT16;FLOAT16;FLOAT16;FLOAT16;FLOAT16;FLOAT16;FLOAT16;FLOAT16;FLOAT16;FLOAT16;FLOAT16;FLOAT16;FLOAT16;FLOAT16;FLOAT16;FLOAT16;FLOAT16;FLOAT16;FLOAT16;FLOAT16;FLOAT16;FLOAT16;FLOAT16;FLOAT16;FLOAT16;FLOAT16;FLOAT16;FLOAT16;FLOAT16;FLOAT16;FLOAT16;FLOAT16;FLOAT16;FLOAT16;FLOAT16;FLOAT16,ND;ND;ND;ND;ND;ND;ND;ND;ND;ND;ND;ND;ND;ND;ND;ND;ND;ND;ND;ND;ND;ND;ND;ND;ND;ND;ND;ND;ND;ND;ND;ND;ND;ND;ND;ND;ND;ND;ND;ND;ND;ND;ND;ND;ND;ND;ND;ND;ND;ND;ND;ND;ND;ND;ND;ND;ND;ND;ND;ND;ND;ND;ND;ND;ND;ND;ND;ND;ND;ND;ND;ND;ND;ND;ND;ND;ND;ND;ND;ND;ND;ND;ND;ND;ND;ND;ND;ND;ND;ND;ND;ND;ND;ND;ND;ND;ND;ND;ND;ND;ND;ND;ND;ND;ND;ND;ND;ND;ND;ND;ND;ND;ND;ND;ND;ND;ND;ND;ND;ND;ND;ND;ND;ND;ND;ND;ND;ND,"""512,2048""",FLOAT16,ND,N/A,0.0,0,0.0,0.0,0.0,0.0,0.0,0.0,0.0,0.0,0.0,0.0,0.0,48.671,3212255,0.017,0.0,4.594,0.094,30.022,0.617,15.106,0.31,0.0,0.000
0,4294967295,276,47,aclnnMul_MulAiCore_Mul,Mul,dynamic,AI_VECTOR_CORE,1785699090333411.185	,327.726,0.208000,40,0,NO,"""4096,4096;4096,4096""",FLOAT;FLOAT,ND;ND,"""4096,4096""",FLOAT,ND,N/A,0.0,0,0.0,0.0,0.0,0.0,0.0,0.0,0.0,0.0,0.0,0.0,0.0,325.406,21476822,6.784,0.021,3.006,0.009,323.823,0.995,108.892,0.335,0.0,0.000
0,4294967295,277,47,Concat,Concat,dynamic,AI_VECTOR_CORE,1785699090333738.931	,56.181,0.024000,40,0,NO,"""512,16;512,16;512,16;512,16;512,16;512,16;512,16;512,16;512,16;512,16;512,16;512,16;512,16;512,16;512,16;512,16;512,16;512,16;512,16;512,16;512,16;512,16;512,16;512,16;512,16;512,16;512,16;512,16;512,16;512,16;512,16;512,16;512,16;512,16;512,16;512,16;512,16;512,16;512,16;512,16;512,16;512,16;512,16;512,16;512,16;512,16;512,16;512,16;512,16;512,16;512,16;512,16;512,16;512,16;512,16;512,16;512,16;512,16;512,16;512,16;512,16;512,16;512,16;512,16;512,16;512,16;512,16;512,16;512,16;512,16;512,16;512,16;512,16;512,16;512,16;512,16;512,16;512,16;512,16;512,16;512,16;512,16;512,16;512,16;512,16;512,16;512,16;512,16;512,16;512,16;512,16;512,16;512,16;512,16;512,16;512,16;512,16;512,16;512,16;512,16;512,16;512,16;512,16;512,16;512,16;512,16;512,16;512,16;512,16;512,16;512,16;512,16;512,16;512,16;512,16;512,16;512,16;512,16;512,16;512,16;512,16;512,16;512,16;512,16;512,16;512,16;512,16;512,16""",FLOAT16;FLOAT16;FLOAT16;FLOAT16;FLOAT16;FLOAT16;FLOAT16;FLOAT16;FLOAT16;FLOAT16;FLOAT16;FLOAT16;FLOAT16;FLOAT16;FLOAT16;FLOAT16;FLOAT16;FLOAT16;FLOAT16;FLOAT16;FLOAT16;FLOAT16;FLOAT16;FLOAT16;FLOAT16;FLOAT16;FLOAT16;FLOAT16;FLOAT16;FLOAT16;FLOAT16;FLOAT16;FLOAT16;FLOAT16;FLOAT16;FLOAT16;FLOAT16;FLOAT16;FLOAT16;FLOAT16;FLOAT16;FLOAT16;FLOAT16;FLOAT16;FLOAT16;FLOAT16;FLOAT16;FLOAT16;FLOAT16;FLOAT16;FLOAT16;FLOAT16;FLOAT16;FLOAT16;FLOAT16;FLOAT16;FLOAT16;FLOAT16;FLOAT16;FLOAT16;FLOAT16;FLOAT16;FLOAT16;FLOAT16;FLOAT16;FLOAT16;FLOAT16;FLOAT16;FLOAT16;FLOAT16;FLOAT16;FLOAT16;FLOAT16;FLOAT16;FLOAT16;FLOAT16;FLOAT16;FLOAT16;FLOAT16;FLOAT16;FLOAT16;FLOAT16;FLOAT16;FLOAT16;FLOAT16;FLOAT16;FLOAT16;FLOAT16;FLOAT16;FLOAT16;FLOAT16;FLOAT16;FLOAT16;FLOAT16;FLOAT16;FLOAT16;FLOAT16;FLOAT16;FLOAT16;FLOAT16;FLOAT16;FLOAT16;FLOAT16;FLOAT16;FLOAT16;FLOAT16;FLOAT16;FLOAT16;FLOAT16;FLOAT16;FLOAT16;FLOAT16;FLOAT16;FLOAT16;FLOAT16;FLOAT16;FLOAT16;FLOAT16;FLOAT16;FLOAT16;FLOAT16;FLOAT16;FLOAT16;FLOAT16;FLOAT16;FLOAT16;FLOAT16;FLOAT16,ND;ND;ND;ND;ND;ND;ND;ND;ND;ND;ND;ND;ND;ND;ND;ND;ND;ND;ND;ND;ND;ND;ND;ND;ND;ND;ND;ND;ND;ND;ND;ND;ND;ND;ND;ND;ND;ND;ND;ND;ND;ND;ND;ND;ND;ND;ND;ND;ND;ND;ND;ND;ND;ND;ND;ND;ND;ND;ND;ND;ND;ND;ND;ND;ND;ND;ND;ND;ND;ND;ND;ND;ND;ND;ND;ND;ND;ND;ND;ND;ND;ND;ND;ND;ND;ND;ND;ND;ND;ND;ND;ND;ND;ND;ND;ND;ND;ND;ND;ND;ND;ND;ND;ND;ND;ND;ND;ND;ND;ND;ND;ND;ND;ND;ND;ND;ND;ND;ND;ND;ND;ND;ND;ND;ND;ND;ND;ND,"""512,2048""",FLOAT16,ND,N/A,0.0,0,0.0,0.0,0.0,0.0,0.0,0.0,0.0,0.0,0.0,0.0,0.0,47.95,3164706,0.017,0.0,4.422,0.092,28.937,0.603,15.642,0.326,0.0,0.000
0,4294967295,278,47,aclnnMul_MulAiCore_Mul,Mul,dynamic,AI_VECTOR_CORE,1785699090333795.132	,326.727,0.069000,40,0,NO,"""4096,4096;4096,4096""",FLOAT;FLOAT,ND;ND,"""4096,4096""",FLOAT,ND,N/A,0.0,0,0.0,0.0,0.0,0.0,0.0,0.0,0.0,0.0,0.0,0.0,0.0,324.312,21404620,6.784,0.021,2.978,0.009,322.781,0.995,109.328,0.337,0.0,0.000
0,4294967295,279,47,Concat,Concat,dynamic,AI_VECTOR_CORE,1785699090334121.879	,56.161,0.023000,40,0,NO,"""512,16;512,16;512,16;512,16;512,16;512,16;512,16;512,16;512,16;512,16;512,16;512,16;512,16;512,16;512,16;512,16;512,16;512,16;512,16;512,16;512,16;512,16;512,16;512,16;512,16;512,16;512,16;512,16;512,16;512,16;512,16;512,16;512,16;512,16;512,16;512,16;512,16;512,16;512,16;512,16;512,16;512,16;512,16;512,16;512,16;512,16;512,16;512,16;512,16;512,16;512,16;512,16;512,16;512,16;512,16;512,16;512,16;512,16;512,16;512,16;512,16;512,16;512,16;512,16;512,16;512,16;512,16;512,16;512,16;512,16;512,16;512,16;512,16;512,16;512,16;512,16;512,16;512,16;512,16;512,16;512,16;512,16;512,16;512,16;512,16;512,16;512,16;512,16;512,16;512,16;512,16;512,16;512,16;512,16;512,16;512,16;512,16;512,16;512,16;512,16;512,16;512,16;512,16;512,16;512,16;512,16;512,16;512,16;512,16;512,16;512,16;512,16;512,16;512,16;512,16;512,16;512,16;512,16;512,16;512,16;512,16;512,16;512,16;512,16;512,16;512,16;512,16;512,16""",FLOAT16;FLOAT16;FLOAT16;FLOAT16;FLOAT16;FLOAT16;FLOAT16;FLOAT16;FLOAT16;FLOAT16;FLOAT16;FLOAT16;FLOAT16;FLOAT16;FLOAT16;FLOAT16;FLOAT16;FLOAT16;FLOAT16;FLOAT16;FLOAT16;FLOAT16;FLOAT16;FLOAT16;FLOAT16;FLOAT16;FLOAT16;FLOAT16;FLOAT16;FLOAT16;FLOAT16;FLOAT16;FLOAT16;FLOAT16;FLOAT16;FLOAT16;FLOAT16;FLOAT16;FLOAT16;FLOAT16;FLOAT16;FLOAT16;FLOAT16;FLOAT16;FLOAT16;FLOAT16;FLOAT16;FLOAT16;FLOAT16;FLOAT16;FLOAT16;FLOAT16;FLOAT16;FLOAT16;FLOAT16;FLOAT16;FLOAT16;FLOAT16;FLOAT16;FLOAT16;FLOAT16;FLOAT16;FLOAT16;FLOAT16;FLOAT16;FLOAT16;FLOAT16;FLOAT16;FLOAT16;FLOAT16;FLOAT16;FLOAT16;FLOAT16;FLOAT16;FLOAT16;FLOAT16;FLOAT16;FLOAT16;FLOAT16;FLOAT16;FLOAT16;FLOAT16;FLOAT16;FLOAT16;FLOAT16;FLOAT16;FLOAT16;FLOAT16;FLOAT16;FLOAT16;FLOAT16;FLOAT16;FLOAT16;FLOAT16;FLOAT16;FLOAT16;FLOAT16;FLOAT16;FLOAT16;FLOAT16;FLOAT16;FLOAT16;FLOAT16;FLOAT16;FLOAT16;FLOAT16;FLOAT16;FLOAT16;FLOAT16;FLOAT16;FLOAT16;FLOAT16;FLOAT16;FLOAT16;FLOAT16;FLOAT16;FLOAT16;FLOAT16;FLOAT16;FLOAT16;FLOAT16;FLOAT16;FLOAT16;FLOAT16;FLOAT16;FLOAT16;FLOAT16;FLOAT16,ND;ND;ND;ND;ND;ND;ND;ND;ND;ND;ND;ND;ND;ND;ND;ND;ND;ND;ND;ND;ND;ND;ND;ND;ND;ND;ND;ND;ND;ND;ND;ND;ND;ND;ND;ND;ND;ND;ND;ND;ND;ND;ND;ND;ND;ND;ND;ND;ND;ND;ND;ND;ND;ND;ND;ND;ND;ND;ND;ND;ND;ND;ND;ND;ND;ND;ND;ND;ND;ND;ND;ND;ND;ND;ND;ND;ND;ND;ND;ND;ND;ND;ND;ND;ND;ND;ND;ND;ND;ND;ND;ND;ND;ND;ND;ND;ND;ND;ND;ND;ND;ND;ND;ND;ND;ND;ND;ND;ND;ND;ND;ND;ND;ND;ND;ND;ND;ND;ND;ND;ND;ND;ND;ND;ND;ND;ND;ND,"""512,2048""",FLOAT16,ND,N/A,0.0,0,0.0,0.0,0.0,0.0,0.0,0.0,0.0,0.0,0.0,0.0,0.0,47.528,3136837,0.017,0.0,4.03,0.085,29.576,0.622,14.544,0.306,0.0,0.000
0,4294967295,280,47,aclnnMul_MulAiCore_Mul,Mul,dynamic,AI_VECTOR_CORE,1785699090334178.080	,327.426,0.000000,40,0,NO,"""4096,4096;4096,4096""",FLOAT;FLOAT,ND;ND,"""4096,4096""",FLOAT,ND,N/A,0.0,0,0.0,0.0,0.0,0.0,0.0,0.0,0.0,0.0,0.0,0.0,0.0,325.423,21477916,6.784,0.021,3.078,0.009,323.836,0.995,109.343,0.336,0.0,0.000
0,4294967295,281,47,Concat,Concat,dynamic,AI_VECTOR_CORE,1785699090334505.546	,54.742,0.074000,40,0,NO,"""512,16;512,16;512,16;512,16;512,16;512,16;512,16;512,16;512,16;512,16;512,16;512,16;512,16;512,16;512,16;512,16;512,16;512,16;512,16;512,16;512,16;512,16;512,16;512,16;512,16;512,16;512,16;512,16;512,16;512,16;512,16;512,16;512,16;512,16;512,16;512,16;512,16;512,16;512,16;512,16;512,16;512,16;512,16;512,16;512,16;512,16;512,16;512,16;512,16;512,16;512,16;512,16;512,16;512,16;512,16;512,16;512,16;512,16;512,16;512,16;512,16;512,16;512,16;512,16;512,16;512,16;512,16;512,16;512,16;512,16;512,16;512,16;512,16;512,16;512,16;512,16;512,16;512,16;512,16;512,16;512,16;512,16;512,16;512,16;512,16;512,16;512,16;512,16;512,16;512,16;512,16;512,16;512,16;512,16;512,16;512,16;512,16;512,16;512,16;512,16;512,16;512,16;512,16;512,16;512,16;512,16;512,16;512,16;512,16;512,16;512,16;512,16;512,16;512,16;512,16;512,16;512,16;512,16;512,16;512,16;512,16;512,16;512,16;512,16;512,16;512,16;512,16;512,16""",FLOAT16;FLOAT16;FLOAT16;FLOAT16;FLOAT16;FLOAT16;FLOAT16;FLOAT16;FLOAT16;FLOAT16;FLOAT16;FLOAT16;FLOAT16;FLOAT16;FLOAT16;FLOAT16;FLOAT16;FLOAT16;FLOAT16;FLOAT16;FLOAT16;FLOAT16;FLOAT16;FLOAT16;FLOAT16;FLOAT16;FLOAT16;FLOAT16;FLOAT16;FLOAT16;FLOAT16;FLOAT16;FLOAT16;FLOAT16;FLOAT16;FLOAT16;FLOAT16;FLOAT16;FLOAT16;FLOAT16;FLOAT16;FLOAT16;FLOAT16;FLOAT16;FLOAT16;FLOAT16;FLOAT16;FLOAT16;FLOAT16;FLOAT16;FLOAT16;FLOAT16;FLOAT16;FLOAT16;FLOAT16;FLOAT16;FLOAT16;FLOAT16;FLOAT16;FLOAT16;FLOAT16;FLOAT16;FLOAT16;FLOAT16;FLOAT16;FLOAT16;FLOAT16;FLOAT16;FLOAT16;FLOAT16;FLOAT16;FLOAT16;FLOAT16;FLOAT16;FLOAT16;FLOAT16;FLOAT16;FLOAT16;FLOAT16;FLOAT16;FLOAT16;FLOAT16;FLOAT16;FLOAT16;FLOAT16;FLOAT16;FLOAT16;FLOAT16;FLOAT16;FLOAT16;FLOAT16;FLOAT16;FLOAT16;FLOAT16;FLOAT16;FLOAT16;FLOAT16;FLOAT16;FLOAT16;FLOAT16;FLOAT16;FLOAT16;FLOAT16;FLOAT16;FLOAT16;FLOAT16;FLOAT16;FLOAT16;FLOAT16;FLOAT16;FLOAT16;FLOAT16;FLOAT16;FLOAT16;FLOAT16;FLOAT16;FLOAT16;FLOAT16;FLOAT16;FLOAT16;FLOAT16;FLOAT16;FLOAT16;FLOAT16;FLOAT16;FLOAT16;FLOAT16;FLOAT16,ND;ND;ND;ND;ND;ND;ND;ND;ND;ND;ND;ND;ND;ND;ND;ND;ND;ND;ND;ND;ND;ND;ND;ND;ND;ND;ND;ND;ND;ND;ND;ND;ND;ND;ND;ND;ND;ND;ND;ND;ND;ND;ND;ND;ND;ND;ND;ND;ND;ND;ND;ND;ND;ND;ND;ND;ND;ND;ND;ND;ND;ND;ND;ND;ND;ND;ND;ND;ND;ND;ND;ND;ND;ND;ND;ND;ND;ND;ND;ND;ND;ND;ND;ND;ND;ND;ND;ND;ND;ND;ND;ND;ND;ND;ND;ND;ND;ND;ND;ND;ND;ND;ND;ND;ND;ND;ND;ND;ND;ND;ND;ND;ND;ND;ND;ND;ND;ND;ND;ND;ND;ND;ND;ND;ND;ND;ND;ND,"""512,2048""",FLOAT16,ND,N/A,0.0,0,0.0,0.0,0.0,0.0,0.0,0.0,0.0,0.0,0.0,0.0,0.0,45.995,3035684,0.017,0.0,4.127,0.09,29.503,0.641,13.179,0.287,0.0,0.000
0,4294967295,282,47,aclnnMul_MulAiCore_Mul,Mul,dynamic,AI_VECTOR_CORE,1785699090334560.308	,327.386,0.008000,40,0,NO,"""4096,4096;4096,4096""",FLOAT;FLOAT,ND;ND,"""4096,4096""",FLOAT,ND,N/A,0.0,0,0.0,0.0,0.0,0.0,0.0,0.0,0.0,0.0,0.0,0.0,0.0,325.292,21469288,6.784,0.021,3.003,0.009,323.781,0.995,109.951,0.338,0.0,0.000
0,4294967295,283,47,Concat,Concat,dynamic,AI_VECTOR_CORE,1785699090334887.714	,58.501,0.114000,40,0,NO,"""512,16;512,16;512,16;512,16;512,16;512,16;512,16;512,16;512,16;512,16;512,16;512,16;512,16;512,16;512,16;512,16;512,16;512,16;512,16;512,16;512,16;512,16;512,16;512,16;512,16;512,16;512,16;512,16;512,16;512,16;512,16;512,16;512,16;512,16;512,16;512,16;512,16;512,16;512,16;512,16;512,16;512,16;512,16;512,16;512,16;512,16;512,16;512,16;512,16;512,16;512,16;512,16;512,16;512,16;512,16;512,16;512,16;512,16;512,16;512,16;512,16;512,16;512,16;512,16;512,16;512,16;512,16;512,16;512,16;512,16;512,16;512,16;512,16;512,16;512,16;512,16;512,16;512,16;512,16;512,16;512,16;512,16;512,16;512,16;512,16;512,16;512,16;512,16;512,16;512,16;512,16;512,16;512,16;512,16;512,16;512,16;512,16;512,16;512,16;512,16;512,16;512,16;512,16;512,16;512,16;512,16;512,16;512,16;512,16;512,16;512,16;512,16;512,16;512,16;512,16;512,16;512,16;512,16;512,16;512,16;512,16;512,16;512,16;512,16;512,16;512,16;512,16;512,16""",FLOAT16;FLOAT16;FLOAT16;FLOAT16;FLOAT16;FLOAT16;FLOAT16;FLOAT16;FLOAT16;FLOAT16;FLOAT16;FLOAT16;FLOAT16;FLOAT16;FLOAT16;FLOAT16;FLOAT16;FLOAT16;FLOAT16;FLOAT16;FLOAT16;FLOAT16;FLOAT16;FLOAT16;FLOAT16;FLOAT16;FLOAT16;FLOAT16;FLOAT16;FLOAT16;FLOAT16;FLOAT16;FLOAT16;FLOAT16;FLOAT16;FLOAT16;FLOAT16;FLOAT16;FLOAT16;FLOAT16;FLOAT16;FLOAT16;FLOAT16;FLOAT16;FLOAT16;FLOAT16;FLOAT16;FLOAT16;FLOAT16;FLOAT16;FLOAT16;FLOAT16;FLOAT16;FLOAT16;FLOAT16;FLOAT16;FLOAT16;FLOAT16;FLOAT16;FLOAT16;FLOAT16;FLOAT16;FLOAT16;FLOAT16;FLOAT16;FLOAT16;FLOAT16;FLOAT16;FLOAT16;FLOAT16;FLOAT16;FLOAT16;FLOAT16;FLOAT16;FLOAT16;FLOAT16;FLOAT16;FLOAT16;FLOAT16;FLOAT16;FLOAT16;FLOAT16;FLOAT16;FLOAT16;FLOAT16;FLOAT16;FLOAT16;FLOAT16;FLOAT16;FLOAT16;FLOAT16;FLOAT16;FLOAT16;FLOAT16;FLOAT16;FLOAT16;FLOAT16;FLOAT16;FLOAT16;FLOAT16;FLOAT16;FLOAT16;FLOAT16;FLOAT16;FLOAT16;FLOAT16;FLOAT16;FLOAT16;FLOAT16;FLOAT16;FLOAT16;FLOAT16;FLOAT16;FLOAT16;FLOAT16;FLOAT16;FLOAT16;FLOAT16;FLOAT16;FLOAT16;FLOAT16;FLOAT16;FLOAT16;FLOAT16;FLOAT16;FLOAT16;FLOAT16;FLOAT16,ND;ND;ND;ND;ND;ND;ND;ND;ND;ND;ND;ND;ND;ND;ND;ND;ND;ND;ND;ND;ND;ND;ND;ND;ND;ND;ND;ND;ND;ND;ND;ND;ND;ND;ND;ND;ND;ND;ND;ND;ND;ND;ND;ND;ND;ND;ND;ND;ND;ND;ND;ND;ND;ND;ND;ND;ND;ND;ND;ND;ND;ND;ND;ND;ND;ND;ND;ND;ND;ND;ND;ND;ND;ND;ND;ND;ND;ND;ND;ND;ND;ND;ND;ND;ND;ND;ND;ND;ND;ND;ND;ND;ND;ND;ND;ND;ND;ND;ND;ND;ND;ND;ND;ND;ND;ND;ND;ND;ND;ND;ND;ND;ND;ND;ND;ND;ND;ND;ND;ND;ND;ND;ND;ND;ND;ND;ND;ND,"""512,2048""",FLOAT16,ND,N/A,0.0,0,0.0,0.0,0.0,0.0,0.0,0.0,0.0,0.0,0.0,0.0,0.0,48.907,3227854,0.017,0.0,5.374,0.11,30.267,0.619,14.245,0.291,0.0,0.000
0,4294967295,284,47,aclnnMul_MulAiCore_Mul,Mul,dynamic,AI_VECTOR_CORE,1785699090334946.235	,328.227,0.000000,40,0,NO,"""4096,4096;4096,4096""",FLOAT;FLOAT,ND;ND,"""4096,4096""",FLOAT,ND,N/A,0.0,0,0.0,0.0,0.0,0.0,0.0,0.0,0.0,0.0,0.0,0.0,0.0,326.205,21529530,6.784,0.021,3.099,0.01,324.595,0.995,109.627,0.336,0.0,0.000
0,4294967295,285,47,Concat,Concat,dynamic,AI_VECTOR_CORE,1785699090335274.482	,55.601,0.023000,40,0,NO,"""512,16;512,16;512,16;512,16;512,16;512,16;512,16;512,16;512,16;512,16;512,16;512,16;512,16;512,16;512,16;512,16;512,16;512,16;512,16;512,16;512,16;512,16;512,16;512,16;512,16;512,16;512,16;512,16;512,16;512,16;512,16;512,16;512,16;512,16;512,16;512,16;512,16;512,16;512,16;512,16;512,16;512,16;512,16;512,16;512,16;512,16;512,16;512,16;512,16;512,16;512,16;512,16;512,16;512,16;512,16;512,16;512,16;512,16;512,16;512,16;512,16;512,16;512,16;512,16;512,16;512,16;512,16;512,16;512,16;512,16;512,16;512,16;512,16;512,16;512,16;512,16;512,16;512,16;512,16;512,16;512,16;512,16;512,16;512,16;512,16;512,16;512,16;512,16;512,16;512,16;512,16;512,16;512,16;512,16;512,16;512,16;512,16;512,16;512,16;512,16;512,16;512,16;512,16;512,16;512,16;512,16;512,16;512,16;512,16;512,16;512,16;512,16;512,16;512,16;512,16;512,16;512,16;512,16;512,16;512,16;512,16;512,16;512,16;512,16;512,16;512,16;512,16;512,16""",FLOAT16;FLOAT16;FLOAT16;FLOAT16;FLOAT16;FLOAT16;FLOAT16;FLOAT16;FLOAT16;FLOAT16;FLOAT16;FLOAT16;FLOAT16;FLOAT16;FLOAT16;FLOAT16;FLOAT16;FLOAT16;FLOAT16;FLOAT16;FLOAT16;FLOAT16;FLOAT16;FLOAT16;FLOAT16;FLOAT16;FLOAT16;FLOAT16;FLOAT16;FLOAT16;FLOAT16;FLOAT16;FLOAT16;FLOAT16;FLOAT16;FLOAT16;FLOAT16;FLOAT16;FLOAT16;FLOAT16;FLOAT16;FLOAT16;FLOAT16;FLOAT16;FLOAT16;FLOAT16;FLOAT16;FLOAT16;FLOAT16;FLOAT16;FLOAT16;FLOAT16;FLOAT16;FLOAT16;FLOAT16;FLOAT16;FLOAT16;FLOAT16;FLOAT16;FLOAT16;FLOAT16;FLOAT16;FLOAT16;FLOAT16;FLOAT16;FLOAT16;FLOAT16;FLOAT16;FLOAT16;FLOAT16;FLOAT16;FLOAT16;FLOAT16;FLOAT16;FLOAT16;FLOAT16;FLOAT16;FLOAT16;FLOAT16;FLOAT16;FLOAT16;FLOAT16;FLOAT16;FLOAT16;FLOAT16;FLOAT16;FLOAT16;FLOAT16;FLOAT16;FLOAT16;FLOAT16;FLOAT16;FLOAT16;FLOAT16;FLOAT16;FLOAT16;FLOAT16;FLOAT16;FLOAT16;FLOAT16;FLOAT16;FLOAT16;FLOAT16;FLOAT16;FLOAT16;FLOAT16;FLOAT16;FLOAT16;FLOAT16;FLOAT16;FLOAT16;FLOAT16;FLOAT16;FLOAT16;FLOAT16;FLOAT16;FLOAT16;FLOAT16;FLOAT16;FLOAT16;FLOAT16;FLOAT16;FLOAT16;FLOAT16;FLOAT16;FLOAT16;FLOAT16;FLOAT16,ND;ND;ND;ND;ND;ND;ND;ND;ND;ND;ND;ND;ND;ND;ND;ND;ND;ND;ND;ND;ND;ND;ND;ND;ND;ND;ND;ND;ND;ND;ND;ND;ND;ND;ND;ND;ND;ND;ND;ND;ND;ND;ND;ND;ND;ND;ND;ND;ND;ND;ND;ND;ND;ND;ND;ND;ND;ND;ND;ND;ND;ND;ND;ND;ND;ND;ND;ND;ND;ND;ND;ND;ND;ND;ND;ND;ND;ND;ND;ND;ND;ND;ND;ND;ND;ND;ND;ND;ND;ND;ND;ND;ND;ND;ND;ND;ND;ND;ND;ND;ND;ND;ND;ND;ND;ND;ND;ND;ND;ND;ND;ND;ND;ND;ND;ND;ND;ND;ND;ND;ND;ND;ND;ND;ND;ND;ND;ND,"""512,2048""",FLOAT16,ND,N/A,0.0,0,0.0,0.0,0.0,0.0,0.0,0.0,0.0,0.0,0.0,0.0,0.0,47.457,3132155,0.017,0.0,5.205,0.11,30.146,0.635,13.334,0.281,0.0,0.000
0,4294967295,286,47,aclnnMul_MulAiCore_Mul,Mul,dynamic,AI_VECTOR_CORE,1785699090335330.103	,327.807,0.000000,40,0,NO,"""4096,4096;4096,4096""",FLOAT;FLOAT,ND;ND,"""4096,4096""",FLOAT,ND,N/A,0.0,0,0.0,0.0,0.0,0.0,0.0,0.0,0.0,0.0,0.0,0.0,0.0,325.58,21488255,6.784,0.021,3.024,0.009,323.982,0.995,108.507,0.333,0.0,0.000
0,4294967295,287,47,Concat,Concat,dynamic,AI_VECTOR_CORE,1785699090335657.930	,54.841,0.193000,40,0,NO,"""512,16;512,16;512,16;512,16;512,16;512,16;512,16;512,16;512,16;512,16;512,16;512,16;512,16;512,16;512,16;512,16;512,16;512,16;512,16;512,16;512,16;512,16;512,16;512,16;512,16;512,16;512,16;512,16;512,16;512,16;512,16;512,16;512,16;512,16;512,16;512,16;512,16;512,16;512,16;512,16;512,16;512,16;512,16;512,16;512,16;512,16;512,16;512,16;512,16;512,16;512,16;512,16;512,16;512,16;512,16;512,16;512,16;512,16;512,16;512,16;512,16;512,16;512,16;512,16;512,16;512,16;512,16;512,16;512,16;512,16;512,16;512,16;512,16;512,16;512,16;512,16;512,16;512,16;512,16;512,16;512,16;512,16;512,16;512,16;512,16;512,16;512,16;512,16;512,16;512,16;512,16;512,16;512,16;512,16;512,16;512,16;512,16;512,16;512,16;512,16;512,16;512,16;512,16;512,16;512,16;512,16;512,16;512,16;512,16;512,16;512,16;512,16;512,16;512,16;512,16;512,16;512,16;512,16;512,16;512,16;512,16;512,16;512,16;512,16;512,16;512,16;512,16;512,16""",FLOAT16;FLOAT16;FLOAT16;FLOAT16;FLOAT16;FLOAT16;FLOAT16;FLOAT16;FLOAT16;FLOAT16;FLOAT16;FLOAT16;FLOAT16;FLOAT16;FLOAT16;FLOAT16;FLOAT16;FLOAT16;FLOAT16;FLOAT16;FLOAT16;FLOAT16;FLOAT16;FLOAT16;FLOAT16;FLOAT16;FLOAT16;FLOAT16;FLOAT16;FLOAT16;FLOAT16;FLOAT16;FLOAT16;FLOAT16;FLOAT16;FLOAT16;FLOAT16;FLOAT16;FLOAT16;FLOAT16;FLOAT16;FLOAT16;FLOAT16;FLOAT16;FLOAT16;FLOAT16;FLOAT16;FLOAT16;FLOAT16;FLOAT16;FLOAT16;FLOAT16;FLOAT16;FLOAT16;FLOAT16;FLOAT16;FLOAT16;FLOAT16;FLOAT16;FLOAT16;FLOAT16;FLOAT16;FLOAT16;FLOAT16;FLOAT16;FLOAT16;FLOAT16;FLOAT16;FLOAT16;FLOAT16;FLOAT16;FLOAT16;FLOAT16;FLOAT16;FLOAT16;FLOAT16;FLOAT16;FLOAT16;FLOAT16;FLOAT16;FLOAT16;FLOAT16;FLOAT16;FLOAT16;FLOAT16;FLOAT16;FLOAT16;FLOAT16;FLOAT16;FLOAT16;FLOAT16;FLOAT16;FLOAT16;FLOAT16;FLOAT16;FLOAT16;FLOAT16;FLOAT16;FLOAT16;FLOAT16;FLOAT16;FLOAT16;FLOAT16;FLOAT16;FLOAT16;FLOAT16;FLOAT16;FLOAT16;FLOAT16;FLOAT16;FLOAT16;FLOAT16;FLOAT16;FLOAT16;FLOAT16;FLOAT16;FLOAT16;FLOAT16;FLOAT16;FLOAT16;FLOAT16;FLOAT16;FLOAT16;FLOAT16;FLOAT16;FLOAT16;FLOAT16;FLOAT16,ND;ND;ND;ND;ND;ND;ND;ND;ND;ND;ND;ND;ND;ND;ND;ND;ND;ND;ND;ND;ND;ND;ND;ND;ND;ND;ND;ND;ND;ND;ND;ND;ND;ND;ND;ND;ND;ND;ND;ND;ND;ND;ND;ND;ND;ND;ND;ND;ND;ND;ND;ND;ND;ND;ND;ND;ND;ND;ND;ND;ND;ND;ND;ND;ND;ND;ND;ND;ND;ND;ND;ND;ND;ND;ND;ND;ND;ND;ND;ND;ND;ND;ND;ND;ND;ND;ND;ND;ND;ND;ND;ND;ND;ND;ND;ND;ND;ND;ND;ND;ND;ND;ND;ND;ND;ND;ND;ND;ND;ND;ND;ND;ND;ND;ND;ND;ND;ND;ND;ND;ND;ND;ND;ND;ND;ND;ND;ND,"""512,2048""",FLOAT16,ND,N/A,0.0,0,0.0,0.0,0.0,0.0,0.0,0.0,0.0,0.0,0.0,0.0,0.0,45.902,3029501,0.017,0.0,4.113,0.09,28.671,0.625,13.875,0.302,0.0,0.000
0,4294967295,288,47,aclnnMul_MulAiCore_Mul,Mul,dynamic,AI_VECTOR_CORE,1785699090335712.811	,328.146,0.000000,40,0,NO,"""4096,4096;4096,4096""",FLOAT;FLOAT,ND;ND,"""4096,4096""",FLOAT,ND,N/A,0.0,0,0.0,0.0,0.0,0.0,0.0,0.0,0.0,0.0,0.0,0.0,0.0,325.813,21503638,6.784,0.021,3.047,0.009,324.209,0.995,109.042,0.335,0.0,0.000
0,4294967295,289,47,Concat,Concat,dynamic,AI_VECTOR_CORE,1785699090336040.997	,54.061,0.104000,40,0,NO,"""512,16;512,16;512,16;512,16;512,16;512,16;512,16;512,16;512,16;512,16;512,16;512,16;512,16;512,16;512,16;512,16;512,16;512,16;512,16;512,16;512,16;512,16;512,16;512,16;512,16;512,16;512,16;512,16;512,16;512,16;512,16;512,16;512,16;512,16;512,16;512,16;512,16;512,16;512,16;512,16;512,16;512,16;512,16;512,16;512,16;512,16;512,16;512,16;512,16;512,16;512,16;512,16;512,16;512,16;512,16;512,16;512,16;512,16;512,16;512,16;512,16;512,16;512,16;512,16;512,16;512,16;512,16;512,16;512,16;512,16;512,16;512,16;512,16;512,16;512,16;512,16;512,16;512,16;512,16;512,16;512,16;512,16;512,16;512,16;512,16;512,16;512,16;512,16;512,16;512,16;512,16;512,16;512,16;512,16;512,16;512,16;512,16;512,16;512,16;512,16;512,16;512,16;512,16;512,16;512,16;512,16;512,16;512,16;512,16;512,16;512,16;512,16;512,16;512,16;512,16;512,16;512,16;512,16;512,16;512,16;512,16;512,16;512,16;512,16;512,16;512,16;512,16;512,16""",FLOAT16;FLOAT16;FLOAT16;FLOAT16;FLOAT16;FLOAT16;FLOAT16;FLOAT16;FLOAT16;FLOAT16;FLOAT16;FLOAT16;FLOAT16;FLOAT16;FLOAT16;FLOAT16;FLOAT16;FLOAT16;FLOAT16;FLOAT16;FLOAT16;FLOAT16;FLOAT16;FLOAT16;FLOAT16;FLOAT16;FLOAT16;FLOAT16;FLOAT16;FLOAT16;FLOAT16;FLOAT16;FLOAT16;FLOAT16;FLOAT16;FLOAT16;FLOAT16;FLOAT16;FLOAT16;FLOAT16;FLOAT16;FLOAT16;FLOAT16;FLOAT16;FLOAT16;FLOAT16;FLOAT16;FLOAT16;FLOAT16;FLOAT16;FLOAT16;FLOAT16;FLOAT16;FLOAT16;FLOAT16;FLOAT16;FLOAT16;FLOAT16;FLOAT16;FLOAT16;FLOAT16;FLOAT16;FLOAT16;FLOAT16;FLOAT16;FLOAT16;FLOAT16;FLOAT16;FLOAT16;FLOAT16;FLOAT16;FLOAT16;FLOAT16;FLOAT16;FLOAT16;FLOAT16;FLOAT16;FLOAT16;FLOAT16;FLOAT16;FLOAT16;FLOAT16;FLOAT16;FLOAT16;FLOAT16;FLOAT16;FLOAT16;FLOAT16;FLOAT16;FLOAT16;FLOAT16;FLOAT16;FLOAT16;FLOAT16;FLOAT16;FLOAT16;FLOAT16;FLOAT16;FLOAT16;FLOAT16;FLOAT16;FLOAT16;FLOAT16;FLOAT16;FLOAT16;FLOAT16;FLOAT16;FLOAT16;FLOAT16;FLOAT16;FLOAT16;FLOAT16;FLOAT16;FLOAT16;FLOAT16;FLOAT16;FLOAT16;FLOAT16;FLOAT16;FLOAT16;FLOAT16;FLOAT16;FLOAT16;FLOAT16;FLOAT16;FLOAT16;FLOAT16;FLOAT16,ND;ND;ND;ND;ND;ND;ND;ND;ND;ND;ND;ND;ND;ND;ND;ND;ND;ND;ND;ND;ND;ND;ND;ND;ND;ND;ND;ND;ND;ND;ND;ND;ND;ND;ND;ND;ND;ND;ND;ND;ND;ND;ND;ND;ND;ND;ND;ND;ND;ND;ND;ND;ND;ND;ND;ND;ND;ND;ND;ND;ND;ND;ND;ND;ND;ND;ND;ND;ND;ND;ND;ND;ND;ND;ND;ND;ND;ND;ND;ND;ND;ND;ND;ND;ND;ND;ND;ND;ND;ND;ND;ND;ND;ND;ND;ND;ND;ND;ND;ND;ND;ND;ND;ND;ND;ND;ND;ND;ND;ND;ND;ND;ND;ND;ND;ND;ND;ND;ND;ND;ND;ND;ND;ND;ND;ND;ND;ND,"""512,2048""",FLOAT16,ND,N/A,0.0,0,0.0,0.0,0.0,0.0,0.0,0.0,0.0,0.0,0.0,0.0,0.0,45.897,3029216,0.017,0.0,4.476,0.098,28.336,0.617,14.198,0.309,0.0,0.000
0,4294967295,290,47,aclnnMul_MulAiCore_Mul,Mul,dynamic,AI_VECTOR_CORE,1785699090336095.078	,327.407,0.000000,40,0,NO,"""4096,4096;4096,4096""",FLOAT;FLOAT,ND;ND,"""4096,4096""",FLOAT,ND,N/A,0.0,0,0.0,0.0,0.0,0.0,0.0,0.0,0.0,0.0,0.0,0.0,0.0,325.226,21464898,6.784,0.021,2.918,0.009,323.761,0.995,109.325,0.336,0.0,0.000
0,4294967295,291,47,Concat,Concat,dynamic,AI_VECTOR_CORE,1785699090336422.525	,56.221,0.093000,40,0,NO,"""512,16;512,16;512,16;512,16;512,16;512,16;512,16;512,16;512,16;512,16;512,16;512,16;512,16;512,16;512,16;512,16;512,16;512,16;512,16;512,16;512,16;512,16;512,16;512,16;512,16;512,16;512,16;512,16;512,16;512,16;512,16;512,16;512,16;512,16;512,16;512,16;512,16;512,16;512,16;512,16;512,16;512,16;512,16;512,16;512,16;512,16;512,16;512,16;512,16;512,16;512,16;512,16;512,16;512,16;512,16;512,16;512,16;512,16;512,16;512,16;512,16;512,16;512,16;512,16;512,16;512,16;512,16;512,16;512,16;512,16;512,16;512,16;512,16;512,16;512,16;512,16;512,16;512,16;512,16;512,16;512,16;512,16;512,16;512,16;512,16;512,16;512,16;512,16;512,16;512,16;512,16;512,16;512,16;512,16;512,16;512,16;512,16;512,16;512,16;512,16;512,16;512,16;512,16;512,16;512,16;512,16;512,16;512,16;512,16;512,16;512,16;512,16;512,16;512,16;512,16;512,16;512,16;512,16;512,16;512,16;512,16;512,16;512,16;512,16;512,16;512,16;512,16;512,16""",FLOAT16;FLOAT16;FLOAT16;FLOAT16;FLOAT16;FLOAT16;FLOAT16;FLOAT16;FLOAT16;FLOAT16;FLOAT16;FLOAT16;FLOAT16;FLOAT16;FLOAT16;FLOAT16;FLOAT16;FLOAT16;FLOAT16;FLOAT16;FLOAT16;FLOAT16;FLOAT16;FLOAT16;FLOAT16;FLOAT16;FLOAT16;FLOAT16;FLOAT16;FLOAT16;FLOAT16;FLOAT16;FLOAT16;FLOAT16;FLOAT16;FLOAT16;FLOAT16;FLOAT16;FLOAT16;FLOAT16;FLOAT16;FLOAT16;FLOAT16;FLOAT16;FLOAT16;FLOAT16;FLOAT16;FLOAT16;FLOAT16;FLOAT16;FLOAT16;FLOAT16;FLOAT16;FLOAT16;FLOAT16;FLOAT16;FLOAT16;FLOAT16;FLOAT16;FLOAT16;FLOAT16;FLOAT16;FLOAT16;FLOAT16;FLOAT16;FLOAT16;FLOAT16;FLOAT16;FLOAT16;FLOAT16;FLOAT16;FLOAT16;FLOAT16;FLOAT16;FLOAT16;FLOAT16;FLOAT16;FLOAT16;FLOAT16;FLOAT16;FLOAT16;FLOAT16;FLOAT16;FLOAT16;FLOAT16;FLOAT16;FLOAT16;FLOAT16;FLOAT16;FLOAT16;FLOAT16;FLOAT16;FLOAT16;FLOAT16;FLOAT16;FLOAT16;FLOAT16;FLOAT16;FLOAT16;FLOAT16;FLOAT16;FLOAT16;FLOAT16;FLOAT16;FLOAT16;FLOAT16;FLOAT16;FLOAT16;FLOAT16;FLOAT16;FLOAT16;FLOAT16;FLOAT16;FLOAT16;FLOAT16;FLOAT16;FLOAT16;FLOAT16;FLOAT16;FLOAT16;FLOAT16;FLOAT16;FLOAT16;FLOAT16;FLOAT16;FLOAT16;FLOAT16;FLOAT16,ND;ND;ND;ND;ND;ND;ND;ND;ND;ND;ND;ND;ND;ND;ND;ND;ND;ND;ND;ND;ND;ND;ND;ND;ND;ND;ND;ND;ND;ND;ND;ND;ND;ND;ND;ND;ND;ND;ND;ND;ND;ND;ND;ND;ND;ND;ND;ND;ND;ND;ND;ND;ND;ND;ND;ND;ND;ND;ND;ND;ND;ND;ND;ND;ND;ND;ND;ND;ND;ND;ND;ND;ND;ND;ND;ND;ND;ND;ND;ND;ND;ND;ND;ND;ND;ND;ND;ND;ND;ND;ND;ND;ND;ND;ND;ND;ND;ND;ND;ND;ND;ND;ND;ND;ND;ND;ND;ND;ND;ND;ND;ND;ND;ND;ND;ND;ND;ND;ND;ND;ND;ND;ND;ND;ND;ND;ND;ND,"""512,2048""",FLOAT16,ND,N/A,0.0,0,0.0,0.0,0.0,0.0,0.0,0.0,0.0,0.0,0.0,0.0,0.0,47.774,3153087,0.017,0.0,4.07,0.085,29.389,0.615,14.979,0.314,0.0,0.000
0,4294967295,292,47,aclnnMul_MulAiCore_Mul,Mul,dynamic,AI_VECTOR_CORE,1785699090336478.766	,327.926,0.029000,40,0,NO,"""4096,4096;4096,4096""",FLOAT;FLOAT,ND;ND,"""4096,4096""",FLOAT,ND,N/A,0.0,0,0.0,0.0,0.0,0.0,0.0,0.0,0.0,0.0,0.0,0.0,0.0,325.69,21495547,6.784,0.021,3.001,0.009,324.179,0.995,108.388,0.333,0.0,0.000
0,4294967295,293,47,Concat,Concat,dynamic,AI_VECTOR_CORE,1785699090336806.712	,57.582,0.074000,40,0,NO,"""512,16;512,16;512,16;512,16;512,16;512,16;512,16;512,16;512,16;512,16;512,16;512,16;512,16;512,16;512,16;512,16;512,16;512,16;512,16;512,16;512,16;512,16;512,16;512,16;512,16;512,16;512,16;512,16;512,16;512,16;512,16;512,16;512,16;512,16;512,16;512,16;512,16;512,16;512,16;512,16;512,16;512,16;512,16;512,16;512,16;512,16;512,16;512,16;512,16;512,16;512,16;512,16;512,16;512,16;512,16;512,16;512,16;512,16;512,16;512,16;512,16;512,16;512,16;512,16;512,16;512,16;512,16;512,16;512,16;512,16;512,16;512,16;512,16;512,16;512,16;512,16;512,16;512,16;512,16;512,16;512,16;512,16;512,16;512,16;512,16;512,16;512,16;512,16;512,16;512,16;512,16;512,16;512,16;512,16;512,16;512,16;512,16;512,16;512,16;512,16;512,16;512,16;512,16;512,16;512,16;512,16;512,16;512,16;512,16;512,16;512,16;512,16;512,16;512,16;512,16;512,16;512,16;512,16;512,16;512,16;512,16;512,16;512,16;512,16;512,16;512,16;512,16;512,16""",FLOAT16;FLOAT16;FLOAT16;FLOAT16;FLOAT16;FLOAT16;FLOAT16;FLOAT16;FLOAT16;FLOAT16;FLOAT16;FLOAT16;FLOAT16;FLOAT16;FLOAT16;FLOAT16;FLOAT16;FLOAT16;FLOAT16;FLOAT16;FLOAT16;FLOAT16;FLOAT16;FLOAT16;FLOAT16;FLOAT16;FLOAT16;FLOAT16;FLOAT16;FLOAT16;FLOAT16;FLOAT16;FLOAT16;FLOAT16;FLOAT16;FLOAT16;FLOAT16;FLOAT16;FLOAT16;FLOAT16;FLOAT16;FLOAT16;FLOAT16;FLOAT16;FLOAT16;FLOAT16;FLOAT16;FLOAT16;FLOAT16;FLOAT16;FLOAT16;FLOAT16;FLOAT16;FLOAT16;FLOAT16;FLOAT16;FLOAT16;FLOAT16;FLOAT16;FLOAT16;FLOAT16;FLOAT16;FLOAT16;FLOAT16;FLOAT16;FLOAT16;FLOAT16;FLOAT16;FLOAT16;FLOAT16;FLOAT16;FLOAT16;FLOAT16;FLOAT16;FLOAT16;FLOAT16;FLOAT16;FLOAT16;FLOAT16;FLOAT16;FLOAT16;FLOAT16;FLOAT16;FLOAT16;FLOAT16;FLOAT16;FLOAT16;FLOAT16;FLOAT16;FLOAT16;FLOAT16;FLOAT16;FLOAT16;FLOAT16;FLOAT16;FLOAT16;FLOAT16;FLOAT16;FLOAT16;FLOAT16;FLOAT16;FLOAT16;FLOAT16;FLOAT16;FLOAT16;FLOAT16;FLOAT16;FLOAT16;FLOAT16;FLOAT16;FLOAT16;FLOAT16;FLOAT16;FLOAT16;FLOAT16;FLOAT16;FLOAT16;FLOAT16;FLOAT16;FLOAT16;FLOAT16;FLOAT16;FLOAT16;FLOAT16;FLOAT16;FLOAT16;FLOAT16;FLOAT16,ND;ND;ND;ND;ND;ND;ND;ND;ND;ND;ND;ND;ND;ND;ND;ND;ND;ND;ND;ND;ND;ND;ND;ND;ND;ND;ND;ND;ND;ND;ND;ND;ND;ND;ND;ND;ND;ND;ND;ND;ND;ND;ND;ND;ND;ND;ND;ND;ND;ND;ND;ND;ND;ND;ND;ND;ND;ND;ND;ND;ND;ND;ND;ND;ND;ND;ND;ND;ND;ND;ND;ND;ND;ND;ND;ND;ND;ND;ND;ND;ND;ND;ND;ND;ND;ND;ND;ND;ND;ND;ND;ND;ND;ND;ND;ND;ND;ND;ND;ND;ND;ND;ND;ND;ND;ND;ND;ND;ND;ND;ND;ND;ND;ND;ND;ND;ND;ND;ND;ND;ND;ND;ND;ND;ND;ND;ND;ND,"""512,2048""",FLOAT16,ND,N/A,0.0,0,0.0,0.0,0.0,0.0,0.0,0.0,0.0,0.0,0.0,0.0,0.0,48.525,3202675,0.017,0.0,4.668,0.096,29.88,0.616,15.031,0.31,0.0,0.000
0,4294967295,294,47,aclnnMul_MulAiCore_Mul,Mul,dynamic,AI_VECTOR_CORE,1785699090336864.334	,328.846,0.000000,40,0,NO,"""4096,4096;4096,4096""",FLOAT;FLOAT,ND;ND,"""4096,4096""",FLOAT,ND,N/A,0.0,0,0.0,0.0,0.0,0.0,0.0,0.0,0.0,0.0,0.0,0.0,0.0,326.205,21529552,6.784,0.021,2.869,0.009,324.769,0.996,108.184,0.332,0.0,0.000
0,4294967295,295,47,Concat,Concat,dynamic,AI_VECTOR_CORE,1785699090337193.200	,55.881,0.154000,40,0,NO,"""512,16;512,16;512,16;512,16;512,16;512,16;512,16;512,16;512,16;512,16;512,16;512,16;512,16;512,16;512,16;512,16;512,16;512,16;512,16;512,16;512,16;512,16;512,16;512,16;512,16;512,16;512,16;512,16;512,16;512,16;512,16;512,16;512,16;512,16;512,16;512,16;512,16;512,16;512,16;512,16;512,16;512,16;512,16;512,16;512,16;512,16;512,16;512,16;512,16;512,16;512,16;512,16;512,16;512,16;512,16;512,16;512,16;512,16;512,16;512,16;512,16;512,16;512,16;512,16;512,16;512,16;512,16;512,16;512,16;512,16;512,16;512,16;512,16;512,16;512,16;512,16;512,16;512,16;512,16;512,16;512,16;512,16;512,16;512,16;512,16;512,16;512,16;512,16;512,16;512,16;512,16;512,16;512,16;512,16;512,16;512,16;512,16;512,16;512,16;512,16;512,16;512,16;512,16;512,16;512,16;512,16;512,16;512,16;512,16;512,16;512,16;512,16;512,16;512,16;512,16;512,16;512,16;512,16;512,16;512,16;512,16;512,16;512,16;512,16;512,16;512,16;512,16;512,16""",FLOAT16;FLOAT16;FLOAT16;FLOAT16;FLOAT16;FLOAT16;FLOAT16;FLOAT16;FLOAT16;FLOAT16;FLOAT16;FLOAT16;FLOAT16;FLOAT16;FLOAT16;FLOAT16;FLOAT16;FLOAT16;FLOAT16;FLOAT16;FLOAT16;FLOAT16;FLOAT16;FLOAT16;FLOAT16;FLOAT16;FLOAT16;FLOAT16;FLOAT16;FLOAT16;FLOAT16;FLOAT16;FLOAT16;FLOAT16;FLOAT16;FLOAT16;FLOAT16;FLOAT16;FLOAT16;FLOAT16;FLOAT16;FLOAT16;FLOAT16;FLOAT16;FLOAT16;FLOAT16;FLOAT16;FLOAT16;FLOAT16;FLOAT16;FLOAT16;FLOAT16;FLOAT16;FLOAT16;FLOAT16;FLOAT16;FLOAT16;FLOAT16;FLOAT16;FLOAT16;FLOAT16;FLOAT16;FLOAT16;FLOAT16;FLOAT16;FLOAT16;FLOAT16;FLOAT16;FLOAT16;FLOAT16;FLOAT16;FLOAT16;FLOAT16;FLOAT16;FLOAT16;FLOAT16;FLOAT16;FLOAT16;FLOAT16;FLOAT16;FLOAT16;FLOAT16;FLOAT16;FLOAT16;FLOAT16;FLOAT16;FLOAT16;FLOAT16;FLOAT16;FLOAT16;FLOAT16;FLOAT16;FLOAT16;FLOAT16;FLOAT16;FLOAT16;FLOAT16;FLOAT16;FLOAT16;FLOAT16;FLOAT16;FLOAT16;FLOAT16;FLOAT16;FLOAT16;FLOAT16;FLOAT16;FLOAT16;FLOAT16;FLOAT16;FLOAT16;FLOAT16;FLOAT16;FLOAT16;FLOAT16;FLOAT16;FLOAT16;FLOAT16;FLOAT16;FLOAT16;FLOAT16;FLOAT16;FLOAT16;FLOAT16;FLOAT16;FLOAT16;FLOAT16;FLOAT16,ND;ND;ND;ND;ND;ND;ND;ND;ND;ND;ND;ND;ND;ND;ND;ND;ND;ND;ND;ND;ND;ND;ND;ND;ND;ND;ND;ND;ND;ND;ND;ND;ND;ND;ND;ND;ND;ND;ND;ND;ND;ND;ND;ND;ND;ND;ND;ND;ND;ND;ND;ND;ND;ND;ND;ND;ND;ND;ND;ND;ND;ND;ND;ND;ND;ND;ND;ND;ND;ND;ND;ND;ND;ND;ND;ND;ND;ND;ND;ND;ND;ND;ND;ND;ND;ND;ND;ND;ND;ND;ND;ND;ND;ND;ND;ND;ND;ND;ND;ND;ND;ND;ND;ND;ND;ND;ND;ND;ND;ND;ND;ND;ND;ND;ND;ND;ND;ND;ND;ND;ND;ND;ND;ND;ND;ND;ND;ND,"""512,2048""",FLOAT16,ND,N/A,0.0,0,0.0,0.0,0.0,0.0,0.0,0.0,0.0,0.0,0.0,0.0,0.0,46.866,3093153,0.017,0.0,4.279,0.091,29.521,0.63,14.081,0.3,0.0,0.000
0,4294967295,296,47,aclnnMul_MulAiCore_Mul,Mul,dynamic,AI_VECTOR_CORE,1785699090337249.101	,327.747,0.000000,40,0,NO,"""4096,4096;4096,4096""",FLOAT;FLOAT,ND;ND,"""4096,4096""",FLOAT,ND,N/A,0.0,0,0.0,0.0,0.0,0.0,0.0,0.0,0.0,0.0,0.0,0.0,0.0,325.378,21474948,6.784,0.021,3.118,0.01,323.692,0.995,109.299,0.336,0.0,0.000
0,4294967295,297,47,Concat,Concat,dynamic,AI_VECTOR_CORE,1785699090337576.868	,55.301,0.003000,40,0,NO,"""512,16;512,16;512,16;512,16;512,16;512,16;512,16;512,16;512,16;512,16;512,16;512,16;512,16;512,16;512,16;512,16;512,16;512,16;512,16;512,16;512,16;512,16;512,16;512,16;512,16;512,16;512,16;512,16;512,16;512,16;512,16;512,16;512,16;512,16;512,16;512,16;512,16;512,16;512,16;512,16;512,16;512,16;512,16;512,16;512,16;512,16;512,16;512,16;512,16;512,16;512,16;512,16;512,16;512,16;512,16;512,16;512,16;512,16;512,16;512,16;512,16;512,16;512,16;512,16;512,16;512,16;512,16;512,16;512,16;512,16;512,16;512,16;512,16;512,16;512,16;512,16;512,16;512,16;512,16;512,16;512,16;512,16;512,16;512,16;512,16;512,16;512,16;512,16;512,16;512,16;512,16;512,16;512,16;512,16;512,16;512,16;512,16;512,16;512,16;512,16;512,16;512,16;512,16;512,16;512,16;512,16;512,16;512,16;512,16;512,16;512,16;512,16;512,16;512,16;512,16;512,16;512,16;512,16;512,16;512,16;512,16;512,16;512,16;512,16;512,16;512,16;512,16;512,16""",FLOAT16;FLOAT16;FLOAT16;FLOAT16;FLOAT16;FLOAT16;FLOAT16;FLOAT16;FLOAT16;FLOAT16;FLOAT16;FLOAT16;FLOAT16;FLOAT16;FLOAT16;FLOAT16;FLOAT16;FLOAT16;FLOAT16;FLOAT16;FLOAT16;FLOAT16;FLOAT16;FLOAT16;FLOAT16;FLOAT16;FLOAT16;FLOAT16;FLOAT16;FLOAT16;FLOAT16;FLOAT16;FLOAT16;FLOAT16;FLOAT16;FLOAT16;FLOAT16;FLOAT16;FLOAT16;FLOAT16;FLOAT16;FLOAT16;FLOAT16;FLOAT16;FLOAT16;FLOAT16;FLOAT16;FLOAT16;FLOAT16;FLOAT16;FLOAT16;FLOAT16;FLOAT16;FLOAT16;FLOAT16;FLOAT16;FLOAT16;FLOAT16;FLOAT16;FLOAT16;FLOAT16;FLOAT16;FLOAT16;FLOAT16;FLOAT16;FLOAT16;FLOAT16;FLOAT16;FLOAT16;FLOAT16;FLOAT16;FLOAT16;FLOAT16;FLOAT16;FLOAT16;FLOAT16;FLOAT16;FLOAT16;FLOAT16;FLOAT16;FLOAT16;FLOAT16;FLOAT16;FLOAT16;FLOAT16;FLOAT16;FLOAT16;FLOAT16;FLOAT16;FLOAT16;FLOAT16;FLOAT16;FLOAT16;FLOAT16;FLOAT16;FLOAT16;FLOAT16;FLOAT16;FLOAT16;FLOAT16;FLOAT16;FLOAT16;FLOAT16;FLOAT16;FLOAT16;FLOAT16;FLOAT16;FLOAT16;FLOAT16;FLOAT16;FLOAT16;FLOAT16;FLOAT16;FLOAT16;FLOAT16;FLOAT16;FLOAT16;FLOAT16;FLOAT16;FLOAT16;FLOAT16;FLOAT16;FLOAT16;FLOAT16;FLOAT16;FLOAT16;FLOAT16;FLOAT16,ND;ND;ND;ND;ND;ND;ND;ND;ND;ND;ND;ND;ND;ND;ND;ND;ND;ND;ND;ND;ND;ND;ND;ND;ND;ND;ND;ND;ND;ND;ND;ND;ND;ND;ND;ND;ND;ND;ND;ND;ND;ND;ND;ND;ND;ND;ND;ND;ND;ND;ND;ND;ND;ND;ND;ND;ND;ND;ND;ND;ND;ND;ND;ND;ND;ND;ND;ND;ND;ND;ND;ND;ND;ND;ND;ND;ND;ND;ND;ND;ND;ND;ND;ND;ND;ND;ND;ND;ND;ND;ND;ND;ND;ND;ND;ND;ND;ND;ND;ND;ND;ND;ND;ND;ND;ND;ND;ND;ND;ND;ND;ND;ND;ND;ND;ND;ND;ND;ND;ND;ND;ND;ND;ND;ND;ND;ND;ND,"""512,2048""",FLOAT16,ND,N/A,0.0,0,0.0,0.0,0.0,0.0,0.0,0.0,0.0,0.0,0.0,0.0,0.0,47.227,3117011,0.017,0.0,4.567,0.097,29.4,0.623,14.465,0.306,0.0,0.000
0,4294967295,298,47,aclnnMul_MulAiCore_Mul,Mul,dynamic,AI_VECTOR_CORE,1785699090337632.189	,327.886,0.199000,40,0,NO,"""4096,4096;4096,4096""",FLOAT;FLOAT,ND;ND,"""4096,4096""",FLOAT,ND,N/A,0.0,0,0.0,0.0,0.0,0.0,0.0,0.0,0.0,0.0,0.0,0.0,0.0,325.507,21483493,6.784,0.021,3.013,0.009,323.936,0.995,109.239,0.336,0.0,0.000
0,4294967295,299,47,Concat,Concat,dynamic,AI_VECTOR_CORE,1785699090337960.095	,55.602,0.000000,40,0,NO,"""512,16;512,16;512,16;512,16;512,16;512,16;512,16;512,16;512,16;512,16;512,16;512,16;512,16;512,16;512,16;512,16;512,16;512,16;512,16;512,16;512,16;512,16;512,16;512,16;512,16;512,16;512,16;512,16;512,16;512,16;512,16;512,16;512,16;512,16;512,16;512,16;512,16;512,16;512,16;512,16;512,16;512,16;512,16;512,16;512,16;512,16;512,16;512,16;512,16;512,16;512,16;512,16;512,16;512,16;512,16;512,16;512,16;512,16;512,16;512,16;512,16;512,16;512,16;512,16;512,16;512,16;512,16;512,16;512,16;512,16;512,16;512,16;512,16;512,16;512,16;512,16;512,16;512,16;512,16;512,16;512,16;512,16;512,16;512,16;512,16;512,16;512,16;512,16;512,16;512,16;512,16;512,16;512,16;512,16;512,16;512,16;512,16;512,16;512,16;512,16;512,16;512,16;512,16;512,16;512,16;512,16;512,16;512,16;512,16;512,16;512,16;512,16;512,16;512,16;512,16;512,16;512,16;512,16;512,16;512,16;512,16;512,16;512,16;512,16;512,16;512,16;512,16;512,16""",FLOAT16;FLOAT16;FLOAT16;FLOAT16;FLOAT16;FLOAT16;FLOAT16;FLOAT16;FLOAT16;FLOAT16;FLOAT16;FLOAT16;FLOAT16;FLOAT16;FLOAT16;FLOAT16;FLOAT16;FLOAT16;FLOAT16;FLOAT16;FLOAT16;FLOAT16;FLOAT16;FLOAT16;FLOAT16;FLOAT16;FLOAT16;FLOAT16;FLOAT16;FLOAT16;FLOAT16;FLOAT16;FLOAT16;FLOAT16;FLOAT16;FLOAT16;FLOAT16;FLOAT16;FLOAT16;FLOAT16;FLOAT16;FLOAT16;FLOAT16;FLOAT16;FLOAT16;FLOAT16;FLOAT16;FLOAT16;FLOAT16;FLOAT16;FLOAT16;FLOAT16;FLOAT16;FLOAT16;FLOAT16;FLOAT16;FLOAT16;FLOAT16;FLOAT16;FLOAT16;FLOAT16;FLOAT16;FLOAT16;FLOAT16;FLOAT16;FLOAT16;FLOAT16;FLOAT16;FLOAT16;FLOAT16;FLOAT16;FLOAT16;FLOAT16;FLOAT16;FLOAT16;FLOAT16;FLOAT16;FLOAT16;FLOAT16;FLOAT16;FLOAT16;FLOAT16;FLOAT16;FLOAT16;FLOAT16;FLOAT16;FLOAT16;FLOAT16;FLOAT16;FLOAT16;FLOAT16;FLOAT16;FLOAT16;FLOAT16;FLOAT16;FLOAT16;FLOAT16;FLOAT16;FLOAT16;FLOAT16;FLOAT16;FLOAT16;FLOAT16;FLOAT16;FLOAT16;FLOAT16;FLOAT16;FLOAT16;FLOAT16;FLOAT16;FLOAT16;FLOAT16;FLOAT16;FLOAT16;FLOAT16;FLOAT16;FLOAT16;FLOAT16;FLOAT16;FLOAT16;FLOAT16;FLOAT16;FLOAT16;FLOAT16;FLOAT16;FLOAT16;FLOAT16;FLOAT16,ND;ND;ND;ND;ND;ND;ND;ND;ND;ND;ND;ND;ND;ND;ND;ND;ND;ND;ND;ND;ND;ND;ND;ND;ND;ND;ND;ND;ND;ND;ND;ND;ND;ND;ND;ND;ND;ND;ND;ND;ND;ND;ND;ND;ND;ND;ND;ND;ND;ND;ND;ND;ND;ND;ND;ND;ND;ND;ND;ND;ND;ND;ND;ND;ND;ND;ND;ND;ND;ND;ND;ND;ND;ND;ND;ND;ND;ND;ND;ND;ND;ND;ND;ND;ND;ND;ND;ND;ND;ND;ND;ND;ND;ND;ND;ND;ND;ND;ND;ND;ND;ND;ND;ND;ND;ND;ND;ND;ND;ND;ND;ND;ND;ND;ND;ND;ND;ND;ND;ND;ND;ND;ND;ND;ND;ND;ND;ND,"""512,2048""",FLOAT16,ND,N/A,0.0,0,0.0,0.0,0.0,0.0,0.0,0.0,0.0,0.0,0.0,0.0,0.0,47.295,3121438,0.017,0.0,4.577,0.097,29.474,0.623,14.411,0.305,0.0,0.000
