Device_id,Model ID,Task ID,Stream ID,Op Name,OP Type,OP State,Task Type,Task Start Time(us),Task Duration(us),Task Wait Time(us),Block Dim,Mix Block Dim,HF32 Eligible,Input Shapes,Input Data Types,Input Formats,Output Shapes,Output Data Types,Output Formats,Context ID,aicore_time(us),aic_total_cycles,aic_mac_time(us),aic_mac_ratio,aic_scalar_time(us),aic_scalar_ratio,aic_mte1_time(us),aic_mte1_ratio,aic_mte2_time(us),aic_mte2_ratio,aic_fixpipe_time(us),aic_fixpipe_ratio,aic_icache_miss_rate,aiv_time(us),aiv_total_cycles,aiv_vec_time(us),aiv_vec_ratio,aiv_scalar_time(us),aiv_scalar_ratio,aiv_mte2_time(us),aiv_mte2_ratio,aiv_mte3_time(us),aiv_mte3_ratio,aiv_icache_miss_rate,cube_utilization(%)
0,4294967295,0,47,aclnnMul_MulAiCore_Mul,Mul,dynamic,AI_VECTOR_CORE,1785697736441503.544	,259.586,0,40,0,NO,"""4096,4096;4096,4096""",FLOAT;FLOAT,ND;ND,"""4096,4096""",FLOAT,ND,N/A,0.0,0,0.0,0.0,0.0,0.0,0.0,0.0,0.0,0.0,0.0,0.0,0.0,255.538,16865478,6.784,0.027,3.231,0.013,250.016,0.978,78.357,0.307,0.011,0.000
0,4294967295,1,47,Concat,Concat,dynamic,AI_VECTOR_CORE,1785697738430232.299	,43.701,1988469.164000,40,0,NO,"""128,16;128,32;128,64;128,128;128,256;128,512;128,2048;128,8192;128,32768""",FLOAT16;FLOAT16;FLOAT16;FLOAT16;FLOAT16;FLOAT16;FLOAT16;FLOAT16;FLOAT16,ND;ND;ND;ND;ND;ND;ND;ND;ND,"""128,44016""",FLOAT16,ND,N/A,0.0,0,0.0,0.0,0.0,0.0,0.0,0.0,0.0,0.0,0.0,0.0,0.0,40.299,1289565,0.035,0.001,7.688,0.191,16.064,0.399,10.777,0.267,0.052,0.000
0,4294967295,2,47,aclnnMul_MulAiCore_Mul,Mul,dynamic,AI_VECTOR_CORE,1785697738430328.681	,334.847,52.799000,40,0,NO,"""4096,4096;4096,4096""",FLOAT;FLOAT,ND;ND,"""4096,4096""",FLOAT,ND,N/A,0.0,0,0.0,0.0,0.0,0.0,0.0,0.0,0.0,0.0,0.0,0.0,0.0,454.121,14531871,13.993,0.031,5.481,0.012,451.697,0.995,155.738,0.343,0.0,0.000
0,4294967295,3,47,Concat,Concat,dynamic,AI_VECTOR_CORE,1785697738430663.548	,35.800,0.000000,40,0,NO,"""128,16;128,32;128,64;128,128;128,256;128,512;128,2048;128,8192;128,32768""",FLOAT16;FLOAT16;FLOAT16;FLOAT16;FLOAT16;FLOAT16;FLOAT16;FLOAT16;FLOAT16,ND;ND;ND;ND;ND;ND;ND;ND;ND,"""128,44016""",FLOAT16,ND,N/A,0.0,0,0.0,0.0,0.0,0.0,0.0,0.0,0.0,0.0,0.0,0.0,0.0,32.374,2136682,0.017,0.001,4.329,0.134,18.746,0.579,10.224,0.316,0.0,0.000
0,4294967295,4,47,aclnnMul_MulAiCore_Mul,Mul,dynamic,AI_VECTOR_CORE,1785697738430699.368	,332.447,0.000000,40,0,NO,"""4096,4096;4096,4096""",FLOAT;FLOAT,ND;ND,"""4096,4096""",FLOAT,ND,N/A,0.0,0,0.0,0.0,0.0,0.0,0.0,0.0,0.0,0.0,0.0,0.0,0.0,330.427,21808214,6.784,0.021,2.909,0.009,328.966,0.996,113.883,0.345,0.0,0.000
0,4294967295,5,47,Concat,Concat,dynamic,AI_VECTOR_CORE,1785697738431031.835	,36.581,0.053000,40,0,NO,"""128,16;128,32;128,64;128,128;128,256;128,512;128,2048;128,8192;128,32768""",FLOAT16;FLOAT16;FLOAT16;FLOAT16;FLOAT16;FLOAT16;FLOAT16;FLOAT16;FLOAT16,ND;ND;ND;ND;ND;ND;ND;ND;ND,"""128,44016""",FLOAT16,ND,N/A,0.0,0,0.0,0.0,0.0,0.0,0.0,0.0,0.0,0.0,0.0,0.0,0.0,34.01,2244680,0.017,0.0,4.908,0.144,20.225,0.595,10.157,0.299,0.0,0.000
0,4294967295,6,47,aclnnMul_MulAiCore_Mul,Mul,dynamic,AI_VECTOR_CORE,1785697738431068.436	,333.267,0.169000,40,0,NO,"""4096,4096;4096,4096""",FLOAT;FLOAT,ND;ND,"""4096,4096""",FLOAT,ND,N/A,0.0,0,0.0,0.0,0.0,0.0,0.0,0.0,0.0,0.0,0.0,0.0,0.0,330.606,21819968,6.784,0.021,3.036,0.009,329.058,0.995,112.613,0.341,0.0,0.000
0,4294967295,7,47,Concat,Concat,dynamic,AI_VECTOR_CORE,1785697738431401.723	,35.560,0.000000,40,0,NO,"""128,16;128,32;128,64;128,128;128,256;128,512;128,2048;128,8192;128,32768""",FLOAT16;FLOAT16;FLOAT16;FLOAT16;FLOAT16;FLOAT16;FLOAT16;FLOAT16;FLOAT16,ND;ND;ND;ND;ND;ND;ND;ND;ND,"""128,44016""",FLOAT16,ND,N/A,0.0,0,0.0,0.0,0.0,0.0,0.0,0.0,0.0,0.0,0.0,0.0,0.0,33.034,2180211,0.017,0.001,4.825,0.146,19.429,0.588,9.983,0.302,0.0,0.000
0,4294967295,8,47,aclnnMul_MulAiCore_Mul,Mul,dynamic,AI_VECTOR_CORE,1785697738431437.303	,334.027,0.000000,40,0,NO,"""4096,4096;4096,4096""",FLOAT;FLOAT,ND;ND,"""4096,4096""",FLOAT,ND,N/A,0.0,0,0.0,0.0,0.0,0.0,0.0,0.0,0.0,0.0,0.0,0.0,0.0,331.771,21896860,6.784,0.02,3.126,0.009,330.084,0.995,114.022,0.344,0.0,0.000
0,4294967295,9,47,Concat,Concat,dynamic,AI_VECTOR_CORE,1785697738431771.350	,34.781,0.000000,40,0,NO,"""128,16;128,32;128,64;128,128;128,256;128,512;128,2048;128,8192;128,32768""",FLOAT16;FLOAT16;FLOAT16;FLOAT16;FLOAT16;FLOAT16;FLOAT16;FLOAT16;FLOAT16,ND;ND;ND;ND;ND;ND;ND;ND;ND,"""128,44016""",FLOAT16,ND,N/A,0.0,0,0.0,0.0,0.0,0.0,0.0,0.0,0.0,0.0,0.0,0.0,0.0,32.106,2118984,0.017,0.001,4.709,0.147,18.645,0.581,9.835,0.306,0.0,0.000
0,4294967295,10,47,aclnnMul_MulAiCore_Mul,Mul,dynamic,AI_VECTOR_CORE,1785697738431806.151	,333.386,0.219000,40,0,NO,"""4096,4096;4096,4096""",FLOAT;FLOAT,ND;ND,"""4096,4096""",FLOAT,ND,N/A,0.0,0,0.0,0.0,0.0,0.0,0.0,0.0,0.0,0.0,0.0,0.0,0.0,331.412,21873202,6.784,0.02,3.119,0.009,329.754,0.995,112.218,0.339,0.0,0.000
0,4294967295,11,47,Concat,Concat,dynamic,AI_VECTOR_CORE,1785697738432139.557	,34.121,0.000000,40,0,NO,"""128,16;128,32;128,64;128,128;128,256;128,512;128,2048;128,8192;128,32768""",FLOAT16;FLOAT16;FLOAT16;FLOAT16;FLOAT16;FLOAT16;FLOAT16;FLOAT16;FLOAT16,ND;ND;ND;ND;ND;ND;ND;ND;ND,"""128,44016""",FLOAT16,ND,N/A,0.0,0,0.0,0.0,0.0,0.0,0.0,0.0,0.0,0.0,0.0,0.0,0.0,31.414,2073350,0.017,0.001,4.84,0.154,17.999,0.573,9.69,0.308,0.0,0.000
0,4294967295,12,47,aclnnMul_MulAiCore_Mul,Mul,dynamic,AI_VECTOR_CORE,1785697738432173.698	,334.047,0.129000,40,0,NO,"""4096,4096;4096,4096""",FLOAT;FLOAT,ND;ND,"""4096,4096""",FLOAT,ND,N/A,0.0,0,0.0,0.0,0.0,0.0,0.0,0.0,0.0,0.0,0.0,0.0,0.0,331.923,21906894,6.784,0.02,2.979,0.009,330.353,0.995,113.66,0.342,0.0,0.000
0,4294967295,13,47,Concat,Concat,dynamic,AI_VECTOR_CORE,1785697738432507.765	,35.040,0.000000,40,0,NO,"""128,16;128,32;128,64;128,128;128,256;128,512;128,2048;128,8192;128,32768""",FLOAT16;FLOAT16;FLOAT16;FLOAT16;FLOAT16;FLOAT16;FLOAT16;FLOAT16;FLOAT16,ND;ND;ND;ND;ND;ND;ND;ND;ND,"""128,44016""",FLOAT16,ND,N/A,0.0,0,0.0,0.0,0.0,0.0,0.0,0.0,0.0,0.0,0.0,0.0,0.0,32.761,2162217,0.017,0.001,5.157,0.157,19.215,0.587,9.787,0.299,0.0,0.000
0,4294967295,14,47,aclnnMul_MulAiCore_Mul,Mul,dynamic,AI_VECTOR_CORE,1785697738432542.825	,333.947,0.000000,40,0,NO,"""4096,4096;4096,4096""",FLOAT;FLOAT,ND;ND,"""4096,4096""",FLOAT,ND,N/A,0.0,0,0.0,0.0,0.0,0.0,0.0,0.0,0.0,0.0,0.0,0.0,0.0,331.765,21896458,6.784,0.02,3.113,0.009,330.125,0.995,111.766,0.337,0.0,0.000
0,4294967295,15,47,Concat,Concat,dynamic,AI_VECTOR_CORE,1785697738432876.792	,35.021,0.053000,40,0,NO,"""128,16;128,32;128,64;128,128;128,256;128,512;128,2048;128,8192;128,32768""",FLOAT16;FLOAT16;FLOAT16;FLOAT16;FLOAT16;FLOAT16;FLOAT16;FLOAT16;FLOAT16,ND;ND;ND;ND;ND;ND;ND;ND;ND,"""128,44016""",FLOAT16,ND,N/A,0.0,0,0.0,0.0,0.0,0.0,0.0,0.0,0.0,0.0,0.0,0.0,0.0,32.219,2126426,0.017,0.001,5.163,0.16,18.593,0.577,9.844,0.306,0.0,0.000
0,4294967295,16,47,aclnnMul_MulAiCore_Mul,Mul,dynamic,AI_VECTOR_CORE,1785697738432911.853	,333.506,0.000000,40,0,NO,"""4096,4096;4096,4096""",FLOAT;FLOAT,ND;ND,"""4096,4096""",FLOAT,ND,N/A,0.0,0,0.0,0.0,0.0,0.0,0.0,0.0,0.0,0.0,0.0,0.0,0.0,331.192,21858678,6.784,0.02,3.036,0.009,329.615,0.995,112.746,0.34,0.0,0.000
0,4294967295,17,47,Concat,Concat,dynamic,AI_VECTOR_CORE,1785697738433245.379	,34.741,0.244000,40,0,NO,"""128,16;128,32;128,64;128,128;128,256;128,512;128,2048;128,8192;128,32768""",FLOAT16;FLOAT16;FLOAT16;FLOAT16;FLOAT16;FLOAT16;FLOAT16;FLOAT16;FLOAT16,ND;ND;ND;ND;ND;ND;ND;ND;ND,"""128,44016""",FLOAT16,ND,N/A,0.0,0,0.0,0.0,0.0,0.0,0.0,0.0,0.0,0.0,0.0,0.0,0.0,31.597,2085411,0.017,0.001,5.867,0.186,17.922,0.567,9.147,0.29,0.0,0.000
0,4294967295,18,47,aclnnMul_MulAiCore_Mul,Mul,dynamic,AI_VECTOR_CORE,1785697738433280.140	,336.227,0.009000,40,0,NO,"""4096,4096;4096,4096""",FLOAT;FLOAT,ND;ND,"""4096,4096""",FLOAT,ND,N/A,0.0,0,0.0,0.0,0.0,0.0,0.0,0.0,0.0,0.0,0.0,0.0,0.0,332.541,21947733,6.784,0.02,2.961,0.009,330.996,0.995,113.227,0.34,0.0,0.000
0,4294967295,19,47,Concat,Concat,dynamic,AI_VECTOR_CORE,1785697738433616.407	,34.440,0.023000,40,0,NO,"""128,16;128,32;128,64;128,128;128,256;128,512;128,2048;128,8192;128,32768""",FLOAT16;FLOAT16;FLOAT16;FLOAT16;FLOAT16;FLOAT16;FLOAT16;FLOAT16;FLOAT16,ND;ND;ND;ND;ND;ND;ND;ND;ND,"""128,44016""",FLOAT16,ND,N/A,0.0,0,0.0,0.0,0.0,0.0,0.0,0.0,0.0,0.0,0.0,0.0,0.0,31.509,2079612,0.017,0.001,5.134,0.163,17.908,0.568,9.701,0.308,0.0,0.000
0,4294967295,20,47,aclnnMul_MulAiCore_Mul,Mul,dynamic,AI_VECTOR_CORE,1785697738433650.867	,333.867,0.000000,40,0,NO,"""4096,4096;4096,4096""",FLOAT;FLOAT,ND;ND,"""4096,4096""",FLOAT,ND,N/A,0.0,0,0.0,0.0,0.0,0.0,0.0,0.0,0.0,0.0,0.0,0.0,0.0,331.963,21909568,6.784,0.02,3.421,0.01,330.0,0.994,111.998,0.337,0.0,0.000
0,4294967295,21,47,Concat,Concat,dynamic,AI_VECTOR_CORE,1785697738433984.754	,35.721,0.133000,40,0,NO,"""128,16;128,32;128,64;128,128;128,256;128,512;128,2048;128,8192;128,32768""",FLOAT16;FLOAT16;FLOAT16;FLOAT16;FLOAT16;FLOAT16;FLOAT16;FLOAT16;FLOAT16,ND;ND;ND;ND;ND;ND;ND;ND;ND,"""128,44016""",FLOAT16,ND,N/A,0.0,0,0.0,0.0,0.0,0.0,0.0,0.0,0.0,0.0,0.0,0.0,0.0,33.178,2189741,0.017,0.001,5.128,0.155,19.038,0.574,10.447,0.315,0.0,0.000
0,4294967295,22,47,aclnnMul_MulAiCore_Mul,Mul,dynamic,AI_VECTOR_CORE,1785697738434020.495	,333.587,0.029000,40,0,NO,"""4096,4096;4096,4096""",FLOAT;FLOAT,ND;ND,"""4096,4096""",FLOAT,ND,N/A,0.0,0,0.0,0.0,0.0,0.0,0.0,0.0,0.0,0.0,0.0,0.0,0.0,331.155,21856218,6.784,0.02,2.932,0.009,329.66,0.995,113.901,0.344,0.0,0.000
0,4294967295,23,47,Concat,Concat,dynamic,AI_VECTOR_CORE,1785697738434354.102	,34.760,0.000000,40,0,NO,"""128,16;128,32;128,64;128,128;128,256;128,512;128,2048;128,8192;128,32768""",FLOAT16;FLOAT16;FLOAT16;FLOAT16;FLOAT16;FLOAT16;FLOAT16;FLOAT16;FLOAT16,ND;ND;ND;ND;ND;ND;ND;ND;ND,"""128,44016""",FLOAT16,ND,N/A,0.0,0,0.0,0.0,0.0,0.0,0.0,0.0,0.0,0.0,0.0,0.0,0.0,32.296,2131518,0.017,0.001,5.266,0.163,18.652,0.578,9.767,0.302,0.0,0.000
0,4294967295,24,47,aclnnMul_MulAiCore_Mul,Mul,dynamic,AI_VECTOR_CORE,1785697738434388.882	,335.627,0.240000,40,0,NO,"""4096,4096;4096,4096""",FLOAT;FLOAT,ND;ND,"""4096,4096""",FLOAT,ND,N/A,0.0,0,0.0,0.0,0.0,0.0,0.0,0.0,0.0,0.0,0.0,0.0,0.0,332.401,21938488,6.784,0.02,3.163,0.01,330.613,0.995,113.872,0.343,0.0,0.000
0,4294967295,25,47,Concat,Concat,dynamic,AI_VECTOR_CORE,1785697738434724.529	,35.261,0.000000,40,0,NO,"""128,16;128,32;128,64;128,128;128,256;128,512;128,2048;128,8192;128,32768""",FLOAT16;FLOAT16;FLOAT16;FLOAT16;FLOAT16;FLOAT16;FLOAT16;FLOAT16;FLOAT16,ND;ND;ND;ND;ND;ND;ND;ND;ND,"""128,44016""",FLOAT16,ND,N/A,0.0,0,0.0,0.0,0.0,0.0,0.0,0.0,0.0,0.0,0.0,0.0,0.0,32.824,2166357,0.017,0.001,4.325,0.132,19.176,0.584,10.271,0.313,0.0,0.000
0,4294967295,26,47,aclnnMul_MulAiCore_Mul,Mul,dynamic,AI_VECTOR_CORE,1785697738434759.810	,333.486,0.000000,40,0,NO,"""4096,4096;4096,4096""",FLOAT;FLOAT,ND;ND,"""4096,4096""",FLOAT,ND,N/A,0.0,0,0.0,0.0,0.0,0.0,0.0,0.0,0.0,0.0,0.0,0.0,0.0,330.765,21830471,6.784,0.021,3.072,0.009,329.118,0.995,112.026,0.339,0.0,0.000
0,4294967295,27,47,Concat,Concat,dynamic,AI_VECTOR_CORE,1785697738435093.336	,34.701,0.014000,40,0,NO,"""128,16;128,32;128,64;128,128;128,256;128,512;128,2048;128,8192;128,32768""",FLOAT16;FLOAT16;FLOAT16;FLOAT16;FLOAT16;FLOAT16;FLOAT16;FLOAT16;FLOAT16,ND;ND;ND;ND;ND;ND;ND;ND;ND,"""128,44016""",FLOAT16,ND,N/A,0.0,0,0.0,0.0,0.0,0.0,0.0,0.0,0.0,0.0,0.0,0.0,0.0,32.177,2123677,0.017,0.001,4.385,0.136,19.355,0.602,9.385,0.292,0.0,0.000
0,4294967295,28,47,aclnnMul_MulAiCore_Mul,Mul,dynamic,AI_VECTOR_CORE,1785697738435128.057	,334.447,0.049000,40,0,NO,"""4096,4096;4096,4096""",FLOAT;FLOAT,ND;ND,"""4096,4096""",FLOAT,ND,N/A,0.0,0,0.0,0.0,0.0,0.0,0.0,0.0,0.0,0.0,0.0,0.0,0.0,331.976,21910432,6.784,0.02,3.158,0.01,330.247,0.995,112.541,0.339,0.0,0.000
0,4294967295,29,47,Concat,Concat,dynamic,AI_VECTOR_CORE,1785697738435462.524	,35.720,0.053000,40,0,NO,"""128,16;128,32;128,64;128,128;128,256;128,512;128,2048;128,8192;128,32768""",FLOAT16;FLOAT16;FLOAT16;FLOAT16;FLOAT16;FLOAT16;FLOAT16;FLOAT16;FLOAT16,ND;ND;ND;ND;ND;ND;ND;ND;ND,"""128,44016""",FLOAT16,ND,N/A,0.0,0,0.0,0.0,0.0,0.0,0.0,0.0,0.0,0.0,0.0,0.0,0.0,33.164,2188823,0.017,0.001,5.123,0.154,19.357,0.584,10.087,0.304,0.0,0.000
0,4294967295,30,47,aclnnMul_MulAiCore_Mul,Mul,dynamic,AI_VECTOR_CORE,1785697738435498.284	,335.287,0.030000,40,0,NO,"""4096,4096;4096,4096""",FLOAT;FLOAT,ND;ND,"""4096,4096""",FLOAT,ND,N/A,0.0,0,0.0,0.0,0.0,0.0,0.0,0.0,0.0,0.0,0.0,0.0,0.0,331.887,21904572,6.784,0.02,3.255,0.01,330.046,0.994,113.757,0.343,0.0,0.000
0,4294967295,31,47,Concat,Concat,dynamic,AI_VECTOR_CORE,1785697738435833.591	,36.421,0.000000,40,0,NO,"""128,16;128,32;128,64;128,128;128,256;128,512;128,2048;128,8192;128,32768""",FLOAT16;FLOAT16;FLOAT16;FLOAT16;FLOAT16;FLOAT16;FLOAT16;FLOAT16;FLOAT16,ND;ND;ND;ND;ND;ND;ND;ND;ND,"""128,44016""",FLOAT16,ND,N/A,0.0,0,0.0,0.0,0.0,0.0,0.0,0.0,0.0,0.0,0.0,0.0,0.0,33.242,2193980,0.017,0.001,4.846,0.146,19.619,0.59,9.975,0.3,0.0,0.000
0,4294967295,32,47,aclnnMul_MulAiCore_Mul,Mul,dynamic,AI_VECTOR_CORE,1785697738435870.032	,334.806,0.079000,40,0,NO,"""4096,4096;4096,4096""",FLOAT;FLOAT,ND;ND,"""4096,4096""",FLOAT,ND,N/A,0.0,0,0.0,0.0,0.0,0.0,0.0,0.0,0.0,0.0,0.0,0.0,0.0,331.984,21910925,6.784,0.02,3.031,0.009,330.36,0.995,112.415,0.339,0.0,0.000
0,4294967295,33,47,Concat,Concat,dynamic,AI_VECTOR_CORE,1785697738436204.858	,36.341,0.000000,40,0,NO,"""128,16;128,32;128,64;128,128;128,256;128,512;128,2048;128,8192;128,32768""",FLOAT16;FLOAT16;FLOAT16;FLOAT16;FLOAT16;FLOAT16;FLOAT16;FLOAT16;FLOAT16,ND;ND;ND;ND;ND;ND;ND;ND;ND,"""128,44016""",FLOAT16,ND,N/A,0.0,0,0.0,0.0,0.0,0.0,0.0,0.0,0.0,0.0,0.0,0.0,0.0,33.853,2234326,0.017,0.001,4.492,0.133,19.966,0.59,10.346,0.306,0.0,0.000
0,4294967295,34,47,aclnnMul_MulAiCore_Mul,Mul,dynamic,AI_VECTOR_CORE,1785697738436241.219	,332.387,0.159000,40,0,NO,"""4096,4096;4096,4096""",FLOAT;FLOAT,ND;ND,"""4096,4096""",FLOAT,ND,N/A,0.0,0,0.0,0.0,0.0,0.0,0.0,0.0,0.0,0.0,0.0,0.0,0.0,330.583,21818456,6.784,0.021,2.933,0.009,329.128,0.996,112.029,0.339,0.0,0.000
0,4294967295,35,47,Concat,Concat,dynamic,AI_VECTOR_CORE,1785697738436573.626	,34.261,0.113000,40,0,NO,"""128,16;128,32;128,64;128,128;128,256;128,512;128,2048;128,8192;128,32768""",FLOAT16;FLOAT16;FLOAT16;FLOAT16;FLOAT16;FLOAT16;FLOAT16;FLOAT16;FLOAT16,ND;ND;ND;ND;ND;ND;ND;ND;ND,"""128,44016""",FLOAT16,ND,N/A,0.0,0,0.0,0.0,0.0,0.0,0.0,0.0,0.0,0.0,0.0,0.0,0.0,30.353,2003279,0.017,0.001,5.768,0.19,16.633,0.548,8.99,0.296,0.0,0.000
0,4294967295,36,47,aclnnMul_MulAiCore_Mul,Mul,dynamic,AI_VECTOR_CORE,1785697738436607.907	,333.386,0.000000,40,0,NO,"""4096,4096;4096,4096""",FLOAT;FLOAT,ND;ND,"""4096,4096""",FLOAT,ND,N/A,0.0,0,0.0,0.0,0.0,0.0,0.0,0.0,0.0,0.0,0.0,0.0,0.0,331.227,21861004,6.784,0.02,3.046,0.009,329.654,0.995,112.1,0.338,0.0,0.000
0,4294967295,37,47,Concat,Concat,dynamic,AI_VECTOR_CORE,1785697738436941.313	,35.401,0.000000,40,0,NO,"""128,16;128,32;128,64;128,128;128,256;128,512;128,2048;128,8192;128,32768""",FLOAT16;FLOAT16;FLOAT16;FLOAT16;FLOAT16;FLOAT16;FLOAT16;FLOAT16;FLOAT16,ND;ND;ND;ND;ND;ND;ND;ND;ND,"""128,44016""",FLOAT16,ND,N/A,0.0,0,0.0,0.0,0.0,0.0,0.0,0.0,0.0,0.0,0.0,0.0,0.0,32.701,2158288,0.017,0.001,4.692,0.143,19.518,0.597,9.71,0.297,0.0,0.000
0,4294967295,38,47,aclnnMul_MulAiCore_Mul,Mul,dynamic,AI_VECTOR_CORE,1785697738436976.734	,333.087,0.099000,40,0,NO,"""4096,4096;4096,4096""",FLOAT;FLOAT,ND;ND,"""4096,4096""",FLOAT,ND,N/A,0.0,0,0.0,0.0,0.0,0.0,0.0,0.0,0.0,0.0,0.0,0.0,0.0,330.612,21820386,6.784,0.021,2.971,0.009,329.084,0.995,113.504,0.343,0.0,0.000
0,4294967295,39,47,Concat,Concat,dynamic,AI_VECTOR_CORE,1785697738437309.841	,35.540,0.000000,40,0,NO,"""128,16;128,32;128,64;128,128;128,256;128,512;128,2048;128,8192;128,32768""",FLOAT16;FLOAT16;FLOAT16;FLOAT16;FLOAT16;FLOAT16;FLOAT16;FLOAT16;FLOAT16,ND;ND;ND;ND;ND;ND;ND;ND;ND,"""128,44016""",FLOAT16,ND,N/A,0.0,0,0.0,0.0,0.0,0.0,0.0,0.0,0.0,0.0,0.0,0.0,0.0,32.651,2154935,0.017,0.001,4.786,0.147,19.239,0.589,9.884,0.303,0.0,0.000
0,4294967295,40,47,aclnnMul_MulAiCore_Mul,Mul,dynamic,AI_VECTOR_CORE,1785697738437345.401	,332.407,0.210000,40,0,NO,"""4096,4096;4096,4096""",FLOAT;FLOAT,ND;ND,"""4096,4096""",FLOAT,ND,N/A,0.0,0,0.0,0.0,0.0,0.0,0.0,0.0,0.0,0.0,0.0,0.0,0.0,330.467,21810844,6.784,0.021,3.116,0.009,328.833,0.995,111.846,0.338,0.0,0.000
0,4294967295,41,47,Concat,Concat,dynamic,AI_VECTOR_CORE,1785697738437677.848	,35.861,0.000000,40,0,NO,"""128,16;128,32;128,64;128,128;128,256;128,512;128,2048;128,8192;128,32768""",FLOAT16;FLOAT16;FLOAT16;FLOAT16;FLOAT16;FLOAT16;FLOAT16;FLOAT16;FLOAT16,ND;ND;ND;ND;ND;ND;ND;ND;ND,"""128,44016""",FLOAT16,ND,N/A,0.0,0,0.0,0.0,0.0,0.0,0.0,0.0,0.0,0.0,0.0,0.0,0.0,33.164,2188847,0.017,0.001,4.858,0.146,19.296,0.582,10.108,0.305,0.0,0.000
0,4294967295,42,47,aclnnMul_MulAiCore_Mul,Mul,dynamic,AI_VECTOR_CORE,1785697738437713.729	,332.446,0.139000,40,0,NO,"""4096,4096;4096,4096""",FLOAT;FLOAT,ND;ND,"""4096,4096""",FLOAT,ND,N/A,0.0,0,0.0,0.0,0.0,0.0,0.0,0.0,0.0,0.0,0.0,0.0,0.0,330.382,21805214,6.784,0.021,3.027,0.009,328.823,0.995,110.561,0.335,0.0,0.000
0,4294967295,43,47,Concat,Concat,dynamic,AI_VECTOR_CORE,1785697738438046.195	,35.321,0.054000,40,0,NO,"""128,16;128,32;128,64;128,128;128,256;128,512;128,2048;128,8192;128,32768""",FLOAT16;FLOAT16;FLOAT16;FLOAT16;FLOAT16;FLOAT16;FLOAT16;FLOAT16;FLOAT16,ND;ND;ND;ND;ND;ND;ND;ND;ND,"""128,44016""",FLOAT16,ND,N/A,0.0,0,0.0,0.0,0.0,0.0,0.0,0.0,0.0,0.0,0.0,0.0,0.0,32.297,2131630,0.017,0.001,4.821,0.149,18.723,0.58,9.845,0.305,0.0,0.000
0,4294967295,44,47,aclnnMul_MulAiCore_Mul,Mul,dynamic,AI_VECTOR_CORE,1785697738438081.536	,333.947,0.000000,40,0,NO,"""4096,4096;4096,4096""",FLOAT;FLOAT,ND;ND,"""4096,4096""",FLOAT,ND,N/A,0.0,0,0.0,0.0,0.0,0.0,0.0,0.0,0.0,0.0,0.0,0.0,0.0,331.555,21882623,6.784,0.02,3.152,0.01,329.863,0.995,112.924,0.341,0.0,0.000
0,4294967295,45,47,Concat,Concat,dynamic,AI_VECTOR_CORE,1785697738438415.503	,34.540,0.053000,40,0,NO,"""128,16;128,32;128,64;128,128;128,256;128,512;128,2048;128,8192;128,32768""",FLOAT16;FLOAT16;FLOAT16;FLOAT16;FLOAT16;FLOAT16;FLOAT16;FLOAT16;FLOAT16,ND;ND;ND;ND;ND;ND;ND;ND;ND,"""128,44016""",FLOAT16,ND,N/A,0.0,0,0.0,0.0,0.0,0.0,0.0,0.0,0.0,0.0,0.0,0.0,0.0,32.17,2123249,0.017,0.001,5.102,0.159,18.526,0.576,9.867,0.307,0.0,0.000
0,4294967295,46,47,aclnnMul_MulAiCore_Mul,Mul,dynamic,AI_VECTOR_CORE,1785697738438450.083	,333.447,0.000000,40,0,NO,"""4096,4096;4096,4096""",FLOAT;FLOAT,ND;ND,"""4096,4096""",FLOAT,ND,N/A,0.0,0,0.0,0.0,0.0,0.0,0.0,0.0,0.0,0.0,0.0,0.0,0.0,331.208,21859717,6.784,0.02,3.034,0.009,329.65,0.995,111.924,0.338,0.0,0.000
0,4294967295,47,47,Concat,Concat,dynamic,AI_VECTOR_CORE,1785697738438783.550	,35.081,0.053000,40,0,NO,"""128,16;128,32;128,64;128,128;128,256;128,512;128,2048;128,8192;128,32768""",FLOAT16;FLOAT16;FLOAT16;FLOAT16;FLOAT16;FLOAT16;FLOAT16;FLOAT16;FLOAT16,ND;ND;ND;ND;ND;ND;ND;ND;ND,"""128,44016""",FLOAT16,ND,N/A,0.0,0,0.0,0.0,0.0,0.0,0.0,0.0,0.0,0.0,0.0,0.0,0.0,31.497,2078830,0.017,0.001,5.187,0.165,18.007,0.572,9.642,0.306,0.0,0.000
0,4294967295,48,47,aclnnMul_MulAiCore_Mul,Mul,dynamic,AI_VECTOR_CORE,1785697738438818.651	,332.926,0.169000,40,0,NO,"""4096,4096;4096,4096""",FLOAT;FLOAT,ND;ND,"""4096,4096""",FLOAT,ND,N/A,0.0,0,0.0,0.0,0.0,0.0,0.0,0.0,0.0,0.0,0.0,0.0,0.0,330.647,21822728,6.784,0.021,2.928,0.009,329.178,0.996,112.053,0.339,0.0,0.000
0,4294967295,49,47,Concat,Concat,dynamic,AI_VECTOR_CORE,1785697738439151.617	,35.461,0.000000,40,0,NO,"""128,16;128,32;128,64;128,128;128,256;128,512;128,2048;128,8192;128,32768""",FLOAT16;FLOAT16;FLOAT16;FLOAT16;FLOAT16;FLOAT16;FLOAT16;FLOAT16;FLOAT16,ND;ND;ND;ND;ND;ND;ND;ND;ND,"""128,44016""",FLOAT16,ND,N/A,0.0,0,0.0,0.0,0.0,0.0,0.0,0.0,0.0,0.0,0.0,0.0,0.0,32.763,2162379,0.017,0.001,4.839,0.148,18.956,0.579,10.057,0.307,0.0,0.000
0,4294967295,50,47,aclnnMul_MulAiCore_Mul,Mul,dynamic,AI_VECTOR_CORE,1785697738439187.098	,333.487,0.039000,40,0,NO,"""4096,4096;4096,4096""",FLOAT;FLOAT,ND;ND,"""4096,4096""",FLOAT,ND,N/A,0.0,0,0.0,0.0,0.0,0.0,0.0,0.0,0.0,0.0,0.0,0.0,0.0,331.497,21878787,6.784,0.02,3.033,0.009,329.939,0.995,112.742,0.34,0.0,0.000
0,4294967295,51,47,Concat,Concat,dynamic,AI_VECTOR_CORE,1785697738439520.625	,34.940,0.013000,40,0,NO,"""128,16;128,32;128,64;128,128;128,256;128,512;128,2048;128,8192;128,32768""",FLOAT16;FLOAT16;FLOAT16;FLOAT16;FLOAT16;FLOAT16;FLOAT16;FLOAT16;FLOAT16,ND;ND;ND;ND;ND;ND;ND;ND;ND,"""128,44016""",FLOAT16,ND,N/A,0.0,0,0.0,0.0,0.0,0.0,0.0,0.0,0.0,0.0,0.0,0.0,0.0,32.076,2117022,0.017,0.001,5.035,0.157,18.398,0.574,9.739,0.304,0.0,0.000
0,4294967295,52,47,aclnnMul_MulAiCore_Mul,Mul,dynamic,AI_VECTOR_CORE,1785697738439555.585	,333.727,0.060000,40,0,NO,"""4096,4096;4096,4096""",FLOAT;FLOAT,ND;ND,"""4096,4096""",FLOAT,ND,N/A,0.0,0,0.0,0.0,0.0,0.0,0.0,0.0,0.0,0.0,0.0,0.0,0.0,331.518,21880206,6.784,0.02,2.939,0.009,330.013,0.995,110.998,0.335,0.0,0.000
0,4294967295,53,47,Concat,Concat,dynamic,AI_VECTOR_CORE,1785697738439889.332	,34.561,0.023000,40,0,NO,"""128,16;128,32;128,64;128,128;128,256;128,512;128,2048;128,8192;128,32768""",FLOAT16;FLOAT16;FLOAT16;FLOAT16;FLOAT16;FLOAT16;FLOAT16;FLOAT16;FLOAT16,ND;ND;ND;ND;ND;ND;ND;ND;ND,"""128,44016""",FLOAT16,ND,N/A,0.0,0,0.0,0.0,0.0,0.0,0.0,0.0,0.0,0.0,0.0,0.0,0.0,32.115,2119582,0.017,0.001,5.132,0.16,18.847,0.587,9.469,0.295,0.0,0.000
0,4294967295,54,47,aclnnMul_MulAiCore_Mul,Mul,dynamic,AI_VECTOR_CORE,1785697738439923.913	,332.906,0.189000,40,0,NO,"""4096,4096;4096,4096""",FLOAT;FLOAT,ND;ND,"""4096,4096""",FLOAT,ND,N/A,0.0,0,0.0,0.0,0.0,0.0,0.0,0.0,0.0,0.0,0.0,0.0,0.0,331.083,21851484,6.784,0.02,3.065,0.009,329.502,0.995,111.303,0.336,0.0,0.000
0,4294967295,55,47,Concat,Concat,dynamic,AI_VECTOR_CORE,1785697738440256.839	,34.181,0.000000,40,0,NO,"""128,16;128,32;128,64;128,128;128,256;128,512;128,2048;128,8192;128,32768""",FLOAT16;FLOAT16;FLOAT16;FLOAT16;FLOAT16;FLOAT16;FLOAT16;FLOAT16;FLOAT16,ND;ND;ND;ND;ND;ND;ND;ND;ND,"""128,44016""",FLOAT16,ND,N/A,0.0,0,0.0,0.0,0.0,0.0,0.0,0.0,0.0,0.0,0.0,0.0,0.0,31.429,2074339,0.017,0.001,5.078,0.162,18.225,0.58,9.532,0.303,0.0,0.000
0,4294967295,56,47,aclnnMul_MulAiCore_Mul,Mul,dynamic,AI_VECTOR_CORE,1785697738440291.040	,333.447,0.069000,40,0,NO,"""4096,4096;4096,4096""",FLOAT;FLOAT,ND;ND,"""4096,4096""",FLOAT,ND,N/A,0.0,0,0.0,0.0,0.0,0.0,0.0,0.0,0.0,0.0,0.0,0.0,0.0,330.689,21825502,6.784,0.021,3.724,0.011,328.422,0.993,112.389,0.34,0.0,0.000
0,4294967295,57,47,Concat,Concat,dynamic,AI_VECTOR_CORE,1785697738440624.507	,35.480,0.053000,40,0,NO,"""128,16;128,32;128,64;128,128;128,256;128,512;128,2048;128,8192;128,32768""",FLOAT16;FLOAT16;FLOAT16;FLOAT16;FLOAT16;FLOAT16;FLOAT16;FLOAT16;FLOAT16,ND;ND;ND;ND;ND;ND;ND;ND;ND,"""128,44016""",FLOAT16,ND,N/A,0.0,0,0.0,0.0,0.0,0.0,0.0,0.0,0.0,0.0,0.0,0.0,0.0,33.033,2180169,0.017,0.001,4.471,0.135,19.508,0.591,10.0,0.303,0.0,0.000
0,4294967295,58,47,aclnnMul_MulAiCore_Mul,Mul,dynamic,AI_VECTOR_CORE,1785697738440660.027	,333.347,0.020000,40,0,NO,"""4096,4096;4096,4096""",FLOAT;FLOAT,ND;ND,"""4096,4096""",FLOAT,ND,N/A,0.0,0,0.0,0.0,0.0,0.0,0.0,0.0,0.0,0.0,0.0,0.0,0.0,330.996,21845711,6.784,0.02,3.13,0.009,329.319,0.995,112.406,0.34,0.0,0.000
0,4294967295,59,47,Concat,Concat,dynamic,AI_VECTOR_CORE,1785697738440993.394	,35.981,0.153000,40,0,NO,"""128,16;128,32;128,64;128,128;128,256;128,512;128,2048;128,8192;128,32768""",FLOAT16;FLOAT16;FLOAT16;FLOAT16;FLOAT16;FLOAT16;FLOAT16;FLOAT16;FLOAT16,ND;ND;ND;ND;ND;ND;ND;ND;ND,"""128,44016""",FLOAT16,ND,N/A,0.0,0,0.0,0.0,0.0,0.0,0.0,0.0,0.0,0.0,0.0,0.0,0.0,33.008,2178514,0.017,0.001,4.573,0.139,19.417,0.588,9.971,0.302,0.0,0.000
0,4294967295,60,47,aclnnMul_MulAiCore_Mul,Mul,dynamic,AI_VECTOR_CORE,1785697738441029.395	,332.547,0.019000,40,0,NO,"""4096,4096;4096,4096""",FLOAT;FLOAT,ND;ND,"""4096,4096""",FLOAT,ND,N/A,0.0,0,0.0,0.0,0.0,0.0,0.0,0.0,0.0,0.0,0.0,0.0,0.0,330.295,21799437,6.784,0.021,3.025,0.009,328.736,0.995,111.58,0.338,0.0,0.000
0,4294967295,61,47,Concat,Concat,dynamic,AI_VECTOR_CORE,1785697738441361.962	,35.260,0.000000,40,0,NO,"""128,16;128,32;128,64;128,128;128,256;128,512;128,2048;128,8192;128,32768""",FLOAT16;FLOAT16;FLOAT16;FLOAT16;FLOAT16;FLOAT16;FLOAT16;FLOAT16;FLOAT16,ND;ND;ND;ND;ND;ND;ND;ND;ND,"""128,44016""",FLOAT16,ND,N/A,0.0,0,0.0,0.0,0.0,0.0,0.0,0.0,0.0,0.0,0.0,0.0,0.0,32.578,2150173,0.017,0.001,4.736,0.145,19.235,0.59,9.817,0.301,0.0,0.000
0,4294967295,62,47,aclnnMul_MulAiCore_Mul,Mul,dynamic,AI_VECTOR_CORE,1785697738441397.242	,333.347,0.000000,40,0,NO,"""4096,4096;4096,4096""",FLOAT;FLOAT,ND;ND,"""4096,4096""",FLOAT,ND,N/A,0.0,0,0.0,0.0,0.0,0.0,0.0,0.0,0.0,0.0,0.0,0.0,0.0,331.161,21856602,6.784,0.02,3.137,0.009,329.435,0.995,112.123,0.339,0.0,0.000
0,4294967295,63,47,Concat,Concat,dynamic,AI_VECTOR_CORE,1785697738441730.609	,36.501,0.000000,40,0,NO,"""128,16;128,32;128,64;128,128;128,256;128,512;128,2048;128,8192;128,32768""",FLOAT16;FLOAT16;FLOAT16;FLOAT16;FLOAT16;FLOAT16;FLOAT16;FLOAT16;FLOAT16,ND;ND;ND;ND;ND;ND;ND;ND;ND,"""128,44016""",FLOAT16,ND,N/A,0.0,0,0.0,0.0,0.0,0.0,0.0,0.0,0.0,0.0,0.0,0.0,0.0,33.528,2212856,0.017,0.001,4.707,0.14,18.236,0.544,11.855,0.354,0.0,0.000
0,4294967295,64,47,aclnnMul_MulAiCore_Mul,Mul,dynamic,AI_VECTOR_CORE,1785697738441767.130	,332.486,0.249000,40,0,NO,"""4096,4096;4096,4096""",FLOAT;FLOAT,ND;ND,"""4096,4096""",FLOAT,ND,N/A,0.0,0,0.0,0.0,0.0,0.0,0.0,0.0,0.0,0.0,0.0,0.0,0.0,330.047,21783130,6.784,0.021,3.069,0.009,328.461,0.995,112.995,0.342,0.0,0.000
0,4294967295,65,47,Concat,Concat,dynamic,AI_VECTOR_CORE,1785697738442099.636	,35.681,0.014000,40,0,NO,"""128,16;128,32;128,64;128,128;128,256;128,512;128,2048;128,8192;128,32768""",FLOAT16;FLOAT16;FLOAT16;FLOAT16;FLOAT16;FLOAT16;FLOAT16;FLOAT16;FLOAT16,ND;ND;ND;ND;ND;ND;ND;ND;ND,"""128,44016""",FLOAT16,ND,N/A,0.0,0,0.0,0.0,0.0,0.0,0.0,0.0,0.0,0.0,0.0,0.0,0.0,32.718,2159416,0.017,0.001,4.355,0.133,19.527,0.597,9.775,0.299,0.0,0.000
0,4294967295,66,47,aclnnMul_MulAiCore_Mul,Mul,dynamic,AI_VECTOR_CORE,1785697738442135.337	,332.567,0.000000,40,0,NO,"""4096,4096;4096,4096""",FLOAT;FLOAT,ND;ND,"""4096,4096""",FLOAT,ND,N/A,0.0,0,0.0,0.0,0.0,0.0,0.0,0.0,0.0,0.0,0.0,0.0,0.0,329.976,21778388,6.784,0.021,3.147,0.01,328.315,0.995,111.951,0.339,0.0,0.000
0,4294967295,67,47,Concat,Concat,dynamic,AI_VECTOR_CORE,1785697738442467.944	,35.720,0.183000,40,0,NO,"""128,16;128,32;128,64;128,128;128,256;128,512;128,2048;128,8192;128,32768""",FLOAT16;FLOAT16;FLOAT16;FLOAT16;FLOAT16;FLOAT16;FLOAT16;FLOAT16;FLOAT16,ND;ND;ND;ND;ND;ND;ND;ND;ND,"""128,44016""",FLOAT16,ND,N/A,0.0,0,0.0,0.0,0.0,0.0,0.0,0.0,0.0,0.0,0.0,0.0,0.0,33.439,2206956,0.017,0.001,4.364,0.131,19.666,0.588,10.348,0.309,0.0,0.000
0,4294967295,68,47,aclnnMul_MulAiCore_Mul,Mul,dynamic,AI_VECTOR_CORE,1785697738442503.684	,332.607,0.030000,40,0,NO,"""4096,4096;4096,4096""",FLOAT;FLOAT,ND;ND,"""4096,4096""",FLOAT,ND,N/A,0.0,0,0.0,0.0,0.0,0.0,0.0,0.0,0.0,0.0,0.0,0.0,0.0,329.992,21779477,6.784,0.021,3.023,0.009,328.425,0.995,111.858,0.339,0.0,0.000
0,4294967295,69,47,Concat,Concat,dynamic,AI_VECTOR_CORE,1785697738442836.311	,35.521,0.000000,40,0,NO,"""128,16;128,32;128,64;128,128;128,256;128,512;128,2048;128,8192;128,32768""",FLOAT16;FLOAT16;FLOAT16;FLOAT16;FLOAT16;FLOAT16;FLOAT16;FLOAT16;FLOAT16,ND;ND;ND;ND;ND;ND;ND;ND;ND,"""128,44016""",FLOAT16,ND,N/A,0.0,0,0.0,0.0,0.0,0.0,0.0,0.0,0.0,0.0,0.0,0.0,0.0,32.876,2169840,0.017,0.001,4.378,0.133,19.211,0.584,10.252,0.312,0.0,0.000
0,4294967295,70,47,aclnnMul_MulAiCore_Mul,Mul,dynamic,AI_VECTOR_CORE,1785697738442871.852	,333.466,0.000000,40,0,NO,"""4096,4096;4096,4096""",FLOAT;FLOAT,ND;ND,"""4096,4096""",FLOAT,ND,N/A,0.0,0,0.0,0.0,0.0,0.0,0.0,0.0,0.0,0.0,0.0,0.0,0.0,331.378,21870975,6.784,0.02,3.087,0.009,329.75,0.995,112.907,0.341,0.0,0.000
0,4294967295,71,47,Concat,Concat,dynamic,AI_VECTOR_CORE,1785697738443205.338	,36.861,0.034000,40,0,NO,"""128,16;128,32;128,64;128,128;128,256;128,512;128,2048;128,8192;128,32768""",FLOAT16;FLOAT16;FLOAT16;FLOAT16;FLOAT16;FLOAT16;FLOAT16;FLOAT16;FLOAT16,ND;ND;ND;ND;ND;ND;ND;ND;ND,"""128,44016""",FLOAT16,ND,N/A,0.0,0,0.0,0.0,0.0,0.0,0.0,0.0,0.0,0.0,0.0,0.0,0.0,33.995,2243661,0.017,0.0,5.073,0.149,20.058,0.59,10.195,0.3,0.0,0.000
0,4294967295,72,47,aclnnMul_MulAiCore_Mul,Mul,dynamic,AI_VECTOR_CORE,1785697738443242.219	,331.747,0.139000,40,0,NO,"""4096,4096;4096,4096""",FLOAT;FLOAT,ND;ND,"""4096,4096""",FLOAT,ND,N/A,0.0,0,0.0,0.0,0.0,0.0,0.0,0.0,0.0,0.0,0.0,0.0,0.0,329.415,21741367,6.784,0.021,3.009,0.009,327.834,0.995,112.805,0.342,0.0,0.000
0,4294967295,73,47,Concat,Concat,dynamic,AI_VECTOR_CORE,1785697738443573.986	,35.520,0.003000,40,0,NO,"""128,16;128,32;128,64;128,128;128,256;128,512;128,2048;128,8192;128,32768""",FLOAT16;FLOAT16;FLOAT16;FLOAT16;FLOAT16;FLOAT16;FLOAT16;FLOAT16;FLOAT16,ND;ND;ND;ND;ND;ND;ND;ND;ND,"""128,44016""",FLOAT16,ND,N/A,0.0,0,0.0,0.0,0.0,0.0,0.0,0.0,0.0,0.0,0.0,0.0,0.0,33.128,2186430,0.017,0.001,4.843,0.146,19.488,0.588,10.014,0.302,0.0,0.000
0,4294967295,74,47,aclnnMul_MulAiCore_Mul,Mul,dynamic,AI_VECTOR_CORE,1785697738443609.526	,334.067,0.000000,40,0,NO,"""4096,4096;4096,4096""",FLOAT;FLOAT,ND;ND,"""4096,4096""",FLOAT,ND,N/A,0.0,0,0.0,0.0,0.0,0.0,0.0,0.0,0.0,0.0,0.0,0.0,0.0,331.823,21900344,6.784,0.02,3.044,0.009,330.212,0.995,113.504,0.342,0.0,0.000
0,4294967295,75,47,Concat,Concat,dynamic,AI_VECTOR_CORE,1785697738443943.613	,35.521,0.000000,40,0,NO,"""128,16;128,32;128,64;128,128;128,256;128,512;128,2048;128,8192;128,32768""",FLOAT16;FLOAT16;FLOAT16;FLOAT16;FLOAT16;FLOAT16;FLOAT16;FLOAT16;FLOAT16,ND;ND;ND;ND;ND;ND;ND;ND;ND,"""128,44016""",FLOAT16,ND,N/A,0.0,0,0.0,0.0,0.0,0.0,0.0,0.0,0.0,0.0,0.0,0.0,0.0,32.089,2117858,0.017,0.001,4.856,0.151,18.571,0.579,9.761,0.304,0.0,0.000
0,4294967295,76,47,aclnnMul_MulAiCore_Mul,Mul,dynamic,AI_VECTOR_CORE,1785697738443979.154	,331.266,0.229000,40,0,NO,"""4096,4096;4096,4096""",FLOAT;FLOAT,ND;ND,"""4096,4096""",FLOAT,ND,N/A,0.0,0,0.0,0.0,0.0,0.0,0.0,0.0,0.0,0.0,0.0,0.0,0.0,329.345,21736739,6.784,0.021,2.931,0.009,327.907,0.996,111.397,0.338,0.0,0.000
0,4294967295,77,47,Concat,Concat,dynamic,AI_VECTOR_CORE,1785697738444310.440	,34.381,0.000000,40,0,NO,"""128,16;128,32;128,64;128,128;128,256;128,512;128,2048;128,8192;128,32768""",FLOAT16;FLOAT16;FLOAT16;FLOAT16;FLOAT16;FLOAT16;FLOAT16;FLOAT16;FLOAT16,ND;ND;ND;ND;ND;ND;ND;ND;ND,"""128,44016""",FLOAT16,ND,N/A,0.0,0,0.0,0.0,0.0,0.0,0.0,0.0,0.0,0.0,0.0,0.0,0.0,30.221,1994565,0.017,0.001,5.515,0.182,16.858,0.558,8.886,0.294,0.0,0.000
0,4294967295,78,47,aclnnMul_MulAiCore_Mul,Mul,dynamic,AI_VECTOR_CORE,1785697738444344.841	,333.807,0.000000,40,0,NO,"""4096,4096;4096,4096""",FLOAT;FLOAT,ND;ND,"""4096,4096""",FLOAT,ND,N/A,0.0,0,0.0,0.0,0.0,0.0,0.0,0.0,0.0,0.0,0.0,0.0,0.0,331.967,21909851,6.784,0.02,3.014,0.009,330.446,0.995,112.871,0.34,0.0,0.000
0,4294967295,79,47,Concat,Concat,dynamic,AI_VECTOR_CORE,1785697738444678.688	,36.841,0.193000,40,0,NO,"""128,16;128,32;128,64;128,128;128,256;128,512;128,2048;128,8192;128,32768""",FLOAT16;FLOAT16;FLOAT16;FLOAT16;FLOAT16;FLOAT16;FLOAT16;FLOAT16;FLOAT16,ND;ND;ND;ND;ND;ND;ND;ND;ND,"""128,44016""",FLOAT16,ND,N/A,0.0,0,0.0,0.0,0.0,0.0,0.0,0.0,0.0,0.0,0.0,0.0,0.0,34.004,2244266,0.017,0.0,4.896,0.144,20.12,0.592,10.281,0.302,0.0,0.000
0,4294967295,80,47,aclnnMul_MulAiCore_Mul,Mul,dynamic,AI_VECTOR_CORE,1785697738444715.549	,331.926,0.000000,40,0,NO,"""4096,4096;4096,4096""",FLOAT;FLOAT,ND;ND,"""4096,4096""",FLOAT,ND,N/A,0.0,0,0.0,0.0,0.0,0.0,0.0,0.0,0.0,0.0,0.0,0.0,0.0,329.286,21732869,6.784,0.021,3.147,0.01,327.558,0.995,111.777,0.339,0.0,0.000
0,4294967295,81,47,Concat,Concat,dynamic,AI_VECTOR_CORE,1785697738445047.495	,35.681,0.074000,40,0,NO,"""128,16;128,32;128,64;128,128;128,256;128,512;128,2048;128,8192;128,32768""",FLOAT16;FLOAT16;FLOAT16;FLOAT16;FLOAT16;FLOAT16;FLOAT16;FLOAT16;FLOAT16,ND;ND;ND;ND;ND;ND;ND;ND;ND,"""128,44016""",FLOAT16,ND,N/A,0.0,0,0.0,0.0,0.0,0.0,0.0,0.0,0.0,0.0,0.0,0.0,0.0,32.82,2166119,0.017,0.001,4.85,0.148,19.349,0.59,9.832,0.3,0.0,0.000
0,4294967295,82,47,aclnnMul_MulAiCore_Mul,Mul,dynamic,AI_VECTOR_CORE,1785697738445083.196	,333.047,0.069000,40,0,NO,"""4096,4096;4096,4096""",FLOAT;FLOAT,ND;ND,"""4096,4096""",FLOAT,ND,N/A,0.0,0,0.0,0.0,0.0,0.0,0.0,0.0,0.0,0.0,0.0,0.0,0.0,331.026,21847694,6.784,0.02,3.04,0.009,329.455,0.995,112.562,0.34,0.0,0.000
0,4294967295,83,47,Concat,Concat,dynamic,AI_VECTOR_CORE,1785697738445416.263	,35.600,0.000000,40,0,NO,"""128,16;128,32;128,64;128,128;128,256;128,512;128,2048;128,8192;128,32768""",FLOAT16;FLOAT16;FLOAT16;FLOAT16;FLOAT16;FLOAT16;FLOAT16;FLOAT16;FLOAT16,ND;ND;ND;ND;ND;ND;ND;ND;ND,"""128,44016""",FLOAT16,ND,N/A,0.0,0,0.0,0.0,0.0,0.0,0.0,0.0,0.0,0.0,0.0,0.0,0.0,32.624,2153176,0.017,0.001,4.695,0.144,19.054,0.584,9.945,0.305,0.0,0.000
0,4294967295,84,47,aclnnMul_MulAiCore_Mul,Mul,dynamic,AI_VECTOR_CORE,1785697738445451.883	,331.707,0.150000,40,0,NO,"""4096,4096;4096,4096""",FLOAT;FLOAT,ND;ND,"""4096,4096""",FLOAT,ND,N/A,0.0,0,0.0,0.0,0.0,0.0,0.0,0.0,0.0,0.0,0.0,0.0,0.0,329.833,21769010,6.784,0.021,3.11,0.009,328.214,0.995,111.69,0.339,0.0,0.000
0,4294967295,85,47,Concat,Concat,dynamic,AI_VECTOR_CORE,1785697738445783.630	,34.361,0.043000,40,0,NO,"""128,16;128,32;128,64;128,128;128,256;128,512;128,2048;128,8192;128,32768""",FLOAT16;FLOAT16;FLOAT16;FLOAT16;FLOAT16;FLOAT16;FLOAT16;FLOAT16;FLOAT16,ND;ND;ND;ND;ND;ND;ND;ND;ND,"""128,44016""",FLOAT16,ND,N/A,0.0,0,0.0,0.0,0.0,0.0,0.0,0.0,0.0,0.0,0.0,0.0,0.0,32.033,2114194,0.017,0.001,4.841,0.151,18.501,0.578,9.838,0.307,0.0,0.000
0,4294967295,86,47,aclnnMul_MulAiCore_Mul,Mul,dynamic,AI_VECTOR_CORE,1785697738445818.011	,333.706,0.000000,40,0,NO,"""4096,4096;4096,4096""",FLOAT;FLOAT,ND;ND,"""4096,4096""",FLOAT,ND,N/A,0.0,0,0.0,0.0,0.0,0.0,0.0,0.0,0.0,0.0,0.0,0.0,0.0,331.175,21857574,6.784,0.02,3.423,0.01,329.217,0.994,111.408,0.336,0.0,0.000
0,4294967295,87,47,Concat,Concat,dynamic,AI_VECTOR_CORE,1785697738446151.737	,35.121,0.044000,40,0,NO,"""128,16;128,32;128,64;128,128;128,256;128,512;128,2048;128,8192;128,32768""",FLOAT16;FLOAT16;FLOAT16;FLOAT16;FLOAT16;FLOAT16;FLOAT16;FLOAT16;FLOAT16,ND;ND;ND;ND;ND;ND;ND;ND;ND,"""128,44016""",FLOAT16,ND,N/A,0.0,0,0.0,0.0,0.0,0.0,0.0,0.0,0.0,0.0,0.0,0.0,0.0,30.052,1983427,0.017,0.001,7.607,0.253,15.619,0.52,8.364,0.278,0.0,0.000
0,4294967295,88,47,aclnnMul_MulAiCore_Mul,Mul,dynamic,AI_VECTOR_CORE,1785697738446186.878	,332.547,0.129000,40,0,NO,"""4096,4096;4096,4096""",FLOAT;FLOAT,ND;ND,"""4096,4096""",FLOAT,ND,N/A,0.0,0,0.0,0.0,0.0,0.0,0.0,0.0,0.0,0.0,0.0,0.0,0.0,330.454,21809935,6.784,0.021,3.04,0.009,328.899,0.995,111.423,0.337,0.0,0.000
0,4294967295,89,47,Concat,Concat,dynamic,AI_VECTOR_CORE,1785697738446519.445	,35.180,0.000000,40,0,NO,"""128,16;128,32;128,64;128,128;128,256;128,512;128,2048;128,8192;128,32768""",FLOAT16;FLOAT16;FLOAT16;FLOAT16;FLOAT16;FLOAT16;FLOAT16;FLOAT16;FLOAT16,ND;ND;ND;ND;ND;ND;ND;ND;ND,"""128,44016""",FLOAT16,ND,N/A,0.0,0,0.0,0.0,0.0,0.0,0.0,0.0,0.0,0.0,0.0,0.0,0.0,32.779,2163408,0.017,0.001,5.244,0.16,19.016,0.58,9.973,0.304,0.0,0.000
0,4294967295,90,47,aclnnMul_MulAiCore_Mul,Mul,dynamic,AI_VECTOR_CORE,1785697738446554.645	,333.147,0.070000,40,0,NO,"""4096,4096;4096,4096""",FLOAT;FLOAT,ND;ND,"""4096,4096""",FLOAT,ND,N/A,0.0,0,0.0,0.0,0.0,0.0,0.0,0.0,0.0,0.0,0.0,0.0,0.0,330.808,21833330,6.784,0.021,3.004,0.009,329.227,0.995,112.18,0.339,0.0,0.000
0,4294967295,91,47,Concat,Concat,dynamic,AI_VECTOR_CORE,1785697738446887.812	,35.581,0.000000,40,0,NO,"""128,16;128,32;128,64;128,128;128,256;128,512;128,2048;128,8192;128,32768""",FLOAT16;FLOAT16;FLOAT16;FLOAT16;FLOAT16;FLOAT16;FLOAT16;FLOAT16;FLOAT16,ND;ND;ND;ND;ND;ND;ND;ND;ND,"""128,44016""",FLOAT16,ND,N/A,0.0,0,0.0,0.0,0.0,0.0,0.0,0.0,0.0,0.0,0.0,0.0,0.0,32.281,2130526,0.017,0.001,5.365,0.166,18.608,0.576,9.597,0.297,0.0,0.000
0,4294967295,92,47,aclnnMul_MulAiCore_Mul,Mul,dynamic,AI_VECTOR_CORE,1785697738446923.413	,332.206,0.169000,40,0,NO,"""4096,4096;4096,4096""",FLOAT;FLOAT,ND;ND,"""4096,4096""",FLOAT,ND,N/A,0.0,0,0.0,0.0,0.0,0.0,0.0,0.0,0.0,0.0,0.0,0.0,0.0,330.447,21809503,6.784,0.021,3.015,0.009,328.937,0.995,111.851,0.338,0.0,0.000
0,4294967295,93,47,Concat,Concat,dynamic,AI_VECTOR_CORE,1785697738447255.639	,34.441,0.044000,40,0,NO,"""128,16;128,32;128,64;128,128;128,256;128,512;128,2048;128,8192;128,32768""",FLOAT16;FLOAT16;FLOAT16;FLOAT16;FLOAT16;FLOAT16;FLOAT16;FLOAT16;FLOAT16,ND;ND;ND;ND;ND;ND;ND;ND;ND,"""128,44016""",FLOAT16,ND,N/A,0.0,0,0.0,0.0,0.0,0.0,0.0,0.0,0.0,0.0,0.0,0.0,0.0,31.45,2075719,0.017,0.001,4.84,0.154,18.259,0.581,9.449,0.3,0.0,0.000
0,4294967295,94,47,aclnnMul_MulAiCore_Mul,Mul,dynamic,AI_VECTOR_CORE,1785697738447290.100	,332.567,0.000000,40,0,NO,"""4096,4096;4096,4096""",FLOAT;FLOAT,ND;ND,"""4096,4096""",FLOAT,ND,N/A,0.0,0,0.0,0.0,0.0,0.0,0.0,0.0,0.0,0.0,0.0,0.0,0.0,330.44,21809046,6.784,0.021,2.927,0.009,329.006,0.996,110.358,0.334,0.0,0.000
0,4294967295,95,47,Concat,Concat,dynamic,AI_VECTOR_CORE,1785697738447622.707	,35.460,0.183000,40,0,NO,"""128,16;128,32;128,64;128,128;128,256;128,512;128,2048;128,8192;128,32768""",FLOAT16;FLOAT16;FLOAT16;FLOAT16;FLOAT16;FLOAT16;FLOAT16;FLOAT16;FLOAT16,ND;ND;ND;ND;ND;ND;ND;ND;ND,"""128,44016""",FLOAT16,ND,N/A,0.0,0,0.0,0.0,0.0,0.0,0.0,0.0,0.0,0.0,0.0,0.0,0.0,33.014,2178940,0.017,0.001,5.305,0.161,19.147,0.58,10.021,0.304,0.0,0.000
0,4294967295,96,47,aclnnMul_MulAiCore_Mul,Mul,dynamic,AI_VECTOR_CORE,1785697738447658.207	,331.527,0.040000,40,0,NO,"""4096,4096;4096,4096""",FLOAT;FLOAT,ND;ND,"""4096,4096""",FLOAT,ND,N/A,0.0,0,0.0,0.0,0.0,0.0,0.0,0.0,0.0,0.0,0.0,0.0,0.0,329.558,21750819,6.784,0.021,3.106,0.009,327.913,0.995,110.847,0.336,0.0,0.000
0,4294967295,97,47,Concat,Concat,dynamic,AI_VECTOR_CORE,1785697738447989.774	,34.981,0.000000,40,0,NO,"""128,16;128,32;128,64;128,128;128,256;128,512;128,2048;128,8192;128,32768""",FLOAT16;FLOAT16;FLOAT16;FLOAT16;FLOAT16;FLOAT16;FLOAT16;FLOAT16;FLOAT16,ND;ND;ND;ND;ND;ND;ND;ND;ND,"""128,44016""",FLOAT16,ND,N/A,0.0,0,0.0,0.0,0.0,0.0,0.0,0.0,0.0,0.0,0.0,0.0,0.0,32.621,2153011,0.017,0.001,5.266,0.161,19.016,0.583,9.697,0.297,0.0,0.000
0,4294967295,98,47,aclnnMul_MulAiCore_Mul,Mul,dynamic,AI_VECTOR_CORE,1785697738448024.795	,333.086,0.019000,40,0,NO,"""4096,4096;4096,4096""",FLOAT;FLOAT,ND;ND,"""4096,4096""",FLOAT,ND,N/A,0.0,0,0.0,0.0,0.0,0.0,0.0,0.0,0.0,0.0,0.0,0.0,0.0,330.777,21831278,6.784,0.021,3.02,0.009,329.215,0.995,113.681,0.344,0.0,0.000
0,4294967295,99,47,Concat,Concat,dynamic,AI_VECTOR_CORE,1785697738448357.901	,34.881,0.164000,40,0,NO,"""128,16;128,32;128,64;128,128;128,256;128,512;128,2048;128,8192;128,32768""",FLOAT16;FLOAT16;FLOAT16;FLOAT16;FLOAT16;FLOAT16;FLOAT16;FLOAT16;FLOAT16,ND;ND;ND;ND;ND;ND;ND;ND;ND,"""128,44016""",FLOAT16,ND,N/A,0.0,0,0.0,0.0,0.0,0.0,0.0,0.0,0.0,0.0,0.0,0.0,0.0,30.834,2035045,0.017,0.001,5.813,0.189,16.991,0.551,9.099,0.295,0.0,0.000
0,4294967295,100,47,aclnnMul_MulAiCore_Mul,Mul,dynamic,AI_VECTOR_CORE,1785697738448392.802	,331.707,0.000000,40,0,NO,"""4096,4096;4096,4096""",FLOAT;FLOAT,ND;ND,"""4096,4096""",FLOAT,ND,N/A,0.0,0,0.0,0.0,0.0,0.0,0.0,0.0,0.0,0.0,0.0,0.0,0.0,329.887,21772544,6.784,0.021,3.134,0.009,328.24,0.995,113.097,0.343,0.0,0.000
0,4294967295,101,47,Concat,Concat,dynamic,AI_VECTOR_CORE,1785697738448724.529	,35.420,0.043000,40,0,NO,"""128,16;128,32;128,64;128,128;128,256;128,512;128,2048;128,8192;128,32768""",FLOAT16;FLOAT16;FLOAT16;FLOAT16;FLOAT16;FLOAT16;FLOAT16;FLOAT16;FLOAT16,ND;ND;ND;ND;ND;ND;ND;ND;ND,"""128,44016""",FLOAT16,ND,N/A,0.0,0,0.0,0.0,0.0,0.0,0.0,0.0,0.0,0.0,0.0,0.0,0.0,32.938,2173879,0.017,0.001,4.415,0.134,19.597,0.595,9.878,0.3,0.0,0.000
0,4294967295,102,47,aclnnMul_MulAiCore_Mul,Mul,dynamic,AI_VECTOR_CORE,1785697738448759.969	,332.567,0.080000,40,0,NO,"""4096,4096;4096,4096""",FLOAT;FLOAT,ND;ND,"""4096,4096""",FLOAT,ND,N/A,0.0,0,0.0,0.0,0.0,0.0,0.0,0.0,0.0,0.0,0.0,0.0,0.0,330.529,21814920,6.784,0.021,3.017,0.009,329.011,0.995,111.355,0.337,0.0,0.000
0,4294967295,103,47,Concat,Concat,dynamic,AI_VECTOR_CORE,1785697738449092.576	,36.121,0.000000,40,0,NO,"""128,16;128,32;128,64;128,128;128,256;128,512;128,2048;128,8192;128,32768""",FLOAT16;FLOAT16;FLOAT16;FLOAT16;FLOAT16;FLOAT16;FLOAT16;FLOAT16;FLOAT16,ND;ND;ND;ND;ND;ND;ND;ND;ND,"""128,44016""",FLOAT16,ND,N/A,0.0,0,0.0,0.0,0.0,0.0,0.0,0.0,0.0,0.0,0.0,0.0,0.0,33.648,2220791,0.017,0.001,4.9,0.146,19.896,0.591,10.204,0.303,0.0,0.000
0,4294967295,104,47,aclnnMul_MulAiCore_Mul,Mul,dynamic,AI_VECTOR_CORE,1785697738449128.717	,331.686,0.129000,40,0,NO,"""4096,4096;4096,4096""",FLOAT;FLOAT,ND;ND,"""4096,4096""",FLOAT,ND,N/A,0.0,0,0.0,0.0,0.0,0.0,0.0,0.0,0.0,0.0,0.0,0.0,0.0,329.234,21729459,6.784,0.021,3.018,0.009,327.665,0.995,111.301,0.338,0.0,0.000
0,4294967295,105,47,Concat,Concat,dynamic,AI_VECTOR_CORE,1785697738449460.423	,36.621,0.064000,40,0,NO,"""128,16;128,32;128,64;128,128;128,256;128,512;128,2048;128,8192;128,32768""",FLOAT16;FLOAT16;FLOAT16;FLOAT16;FLOAT16;FLOAT16;FLOAT16;FLOAT16;FLOAT16,ND;ND;ND;ND;ND;ND;ND;ND;ND,"""128,44016""",FLOAT16,ND,N/A,0.0,0,0.0,0.0,0.0,0.0,0.0,0.0,0.0,0.0,0.0,0.0,0.0,33.536,2213346,0.017,0.001,4.864,0.145,19.896,0.593,10.011,0.299,0.0,0.000
0,4294967295,106,47,aclnnMul_MulAiCore_Mul,Mul,dynamic,AI_VECTOR_CORE,1785697738449497.064	,333.227,0.000000,40,0,NO,"""4096,4096;4096,4096""",FLOAT;FLOAT,ND;ND,"""4096,4096""",FLOAT,ND,N/A,0.0,0,0.0,0.0,0.0,0.0,0.0,0.0,0.0,0.0,0.0,0.0,0.0,330.778,21831366,6.784,0.021,2.929,0.009,329.341,0.996,112.198,0.339,0.0,0.000
0,4294967295,107,47,Concat,Concat,dynamic,AI_VECTOR_CORE,1785697738449830.311	,34.880,0.023000,40,0,NO,"""128,16;128,32;128,64;128,128;128,256;128,512;128,2048;128,8192;128,32768""",FLOAT16;FLOAT16;FLOAT16;FLOAT16;FLOAT16;FLOAT16;FLOAT16;FLOAT16;FLOAT16,ND;ND;ND;ND;ND;ND;ND;ND;ND,"""128,44016""",FLOAT16,ND,N/A,0.0,0,0.0,0.0,0.0,0.0,0.0,0.0,0.0,0.0,0.0,0.0,0.0,30.462,2010466,0.017,0.001,6.467,0.212,16.346,0.537,8.763,0.288,0.0,0.000
0,4294967295,108,47,aclnnMul_MulAiCore_Mul,Mul,dynamic,AI_VECTOR_CORE,1785697738449865.211	,332.087,0.120000,40,0,NO,"""4096,4096;4096,4096""",FLOAT;FLOAT,ND;ND,"""4096,4096""",FLOAT,ND,N/A,0.0,0,0.0,0.0,0.0,0.0,0.0,0.0,0.0,0.0,0.0,0.0,0.0,329.783,21765673,6.784,0.021,3.044,0.009,328.222,0.995,111.59,0.338,0.0,0.000
0,4294967295,109,47,Concat,Concat,dynamic,AI_VECTOR_CORE,1785697738450197.318	,35.461,0.000000,40,0,NO,"""128,16;128,32;128,64;128,128;128,256;128,512;128,2048;128,8192;128,32768""",FLOAT16;FLOAT16;FLOAT16;FLOAT16;FLOAT16;FLOAT16;FLOAT16;FLOAT16;FLOAT16,ND;ND;ND;ND;ND;ND;ND;ND;ND,"""128,44016""",FLOAT16,ND,N/A,0.0,0,0.0,0.0,0.0,0.0,0.0,0.0,0.0,0.0,0.0,0.0,0.0,32.979,2176613,0.017,0.001,4.441,0.135,19.492,0.591,9.991,0.303,0.0,0.000
0,4294967295,110,47,aclnnMul_MulAiCore_Mul,Mul,dynamic,AI_VECTOR_CORE,1785697738450232.799	,333.886,0.039000,40,0,NO,"""4096,4096;4096,4096""",FLOAT;FLOAT,ND;ND,"""4096,4096""",FLOAT,ND,N/A,0.0,0,0.0,0.0,0.0,0.0,0.0,0.0,0.0,0.0,0.0,0.0,0.0,331.73,21894176,6.784,0.02,2.939,0.009,330.259,0.996,113.528,0.342,0.0,0.000
0,4294967295,111,47,Concat,Concat,dynamic,AI_VECTOR_CORE,1785697738450566.705	,35.821,0.114000,40,0,NO,"""128,16;128,32;128,64;128,128;128,256;128,512;128,2048;128,8192;128,32768""",FLOAT16;FLOAT16;FLOAT16;FLOAT16;FLOAT16;FLOAT16;FLOAT16;FLOAT16;FLOAT16,ND;ND;ND;ND;ND;ND;ND;ND;ND,"""128,44016""",FLOAT16,ND,N/A,0.0,0,0.0,0.0,0.0,0.0,0.0,0.0,0.0,0.0,0.0,0.0,0.0,32.915,2172415,0.017,0.001,4.758,0.145,19.209,0.584,10.189,0.31,0.0,0.000
0,4294967295,112,47,aclnnMul_MulAiCore_Mul,Mul,dynamic,AI_VECTOR_CORE,1785697738450602.566	,332.207,0.000000,40,0,NO,"""4096,4096;4096,4096""",FLOAT;FLOAT,ND;ND,"""4096,4096""",FLOAT,ND,N/A,0.0,0,0.0,0.0,0.0,0.0,0.0,0.0,0.0,0.0,0.0,0.0,0.0,330.296,21799518,6.784,0.021,3.019,0.009,328.742,0.995,112.098,0.339,0.0,0.000
0,4294967295,113,47,Concat,Concat,dynamic,AI_VECTOR_CORE,1785697738450934.793	,34.660,0.043000,40,0,NO,"""128,16;128,32;128,64;128,128;128,256;128,512;128,2048;128,8192;128,32768""",FLOAT16;FLOAT16;FLOAT16;FLOAT16;FLOAT16;FLOAT16;FLOAT16;FLOAT16;FLOAT16,ND;ND;ND;ND;ND;ND;ND;ND;ND,"""128,44016""",FLOAT16,ND,N/A,0.0,0,0.0,0.0,0.0,0.0,0.0,0.0,0.0,0.0,0.0,0.0,0.0,31.301,2065886,0.017,0.001,5.172,0.165,17.684,0.565,9.605,0.307,0.0,0.000
0,4294967295,114,47,aclnnMul_MulAiCore_Mul,Mul,dynamic,AI_VECTOR_CORE,1785697738450969.473	,333.147,0.090000,40,0,NO,"""4096,4096;4096,4096""",FLOAT;FLOAT,ND;ND,"""4096,4096""",FLOAT,ND,N/A,0.0,0,0.0,0.0,0.0,0.0,0.0,0.0,0.0,0.0,0.0,0.0,0.0,330.962,21843516,6.784,0.02,3.09,0.009,329.369,0.995,113.49,0.343,0.0,0.000
0,4294967295,115,47,Concat,Concat,dynamic,AI_VECTOR_CORE,1785697738451302.640	,36.081,0.103000,40,0,NO,"""128,16;128,32;128,64;128,128;128,256;128,512;128,2048;128,8192;128,32768""",FLOAT16;FLOAT16;FLOAT16;FLOAT16;FLOAT16;FLOAT16;FLOAT16;FLOAT16;FLOAT16,ND;ND;ND;ND;ND;ND;ND;ND;ND,"""128,44016""",FLOAT16,ND,N/A,0.0,0,0.0,0.0,0.0,0.0,0.0,0.0,0.0,0.0,0.0,0.0,0.0,33.152,2188007,0.017,0.001,5.111,0.154,19.102,0.576,10.144,0.306,0.0,0.000
0,4294967295,116,47,aclnnMul_MulAiCore_Mul,Mul,dynamic,AI_VECTOR_CORE,1785697738451338.741	,331.346,0.000000,40,0,NO,"""4096,4096;4096,4096""",FLOAT;FLOAT,ND;ND,"""4096,4096""",FLOAT,ND,N/A,0.0,0,0.0,0.0,0.0,0.0,0.0,0.0,0.0,0.0,0.0,0.0,0.0,329.429,21742306,6.784,0.021,3.086,0.009,327.794,0.995,111.544,0.339,0.0,0.000
0,4294967295,117,47,Concat,Concat,dynamic,AI_VECTOR_CORE,1785697738451670.127	,35.521,0.154000,40,0,NO,"""128,16;128,32;128,64;128,128;128,256;128,512;128,2048;128,8192;128,32768""",FLOAT16;FLOAT16;FLOAT16;FLOAT16;FLOAT16;FLOAT16;FLOAT16;FLOAT16;FLOAT16,ND;ND;ND;ND;ND;ND;ND;ND;ND,"""128,44016""",FLOAT16,ND,N/A,0.0,0,0.0,0.0,0.0,0.0,0.0,0.0,0.0,0.0,0.0,0.0,0.0,33.012,2178814,0.017,0.001,4.818,0.146,19.007,0.576,10.287,0.312,0.0,0.000
0,4294967295,118,47,aclnnMul_MulAiCore_Mul,Mul,dynamic,AI_VECTOR_CORE,1785697738451705.688	,333.587,0.000000,40,0,NO,"""4096,4096;4096,4096""",FLOAT;FLOAT,ND;ND,"""4096,4096""",FLOAT,ND,N/A,0.0,0,0.0,0.0,0.0,0.0,0.0,0.0,0.0,0.0,0.0,0.0,0.0,331.351,21869192,6.784,0.02,3.162,0.01,329.671,0.995,109.903,0.332,0.0,0.000
0,4294967295,119,47,Concat,Concat,dynamic,AI_VECTOR_CORE,1785697738452039.295	,35.121,0.000000,40,0,NO,"""128,16;128,32;128,64;128,128;128,256;128,512;128,2048;128,8192;128,32768""",FLOAT16;FLOAT16;FLOAT16;FLOAT16;FLOAT16;FLOAT16;FLOAT16;FLOAT16;FLOAT16,ND;ND;ND;ND;ND;ND;ND;ND;ND,"""128,44016""",FLOAT16,ND,N/A,0.0,0,0.0,0.0,0.0,0.0,0.0,0.0,0.0,0.0,0.0,0.0,0.0,32.359,2135667,0.017,0.001,5.09,0.157,18.769,0.58,9.846,0.304,0.0,0.000
0,4294967295,120,47,aclnnMul_MulAiCore_Mul,Mul,dynamic,AI_VECTOR_CORE,1785697738452074.436	,331.966,0.129000,40,0,NO,"""4096,4096;4096,4096""",FLOAT;FLOAT,ND;ND,"""4096,4096""",FLOAT,ND,N/A,0.0,0,0.0,0.0,0.0,0.0,0.0,0.0,0.0,0.0,0.0,0.0,0.0,329.948,21776570,6.784,0.021,2.924,0.009,328.494,0.996,112.475,0.341,0.0,0.000
0,4294967295,121,47,Concat,Concat,dynamic,AI_VECTOR_CORE,1785697738452406.422	,34.201,0.034000,40,0,NO,"""128,16;128,32;128,64;128,128;128,256;128,512;128,2048;128,8192;128,32768""",FLOAT16;FLOAT16;FLOAT16;FLOAT16;FLOAT16;FLOAT16;FLOAT16;FLOAT16;FLOAT16,ND;ND;ND;ND;ND;ND;ND;ND;ND,"""128,44016""",FLOAT16,ND,N/A,0.0,0,0.0,0.0,0.0,0.0,0.0,0.0,0.0,0.0,0.0,0.0,0.0,31.713,2093038,0.017,0.001,4.996,0.158,18.501,0.583,9.564,0.302,0.0,0.000
0,4294967295,122,47,aclnnMul_MulAiCore_Mul,Mul,dynamic,AI_VECTOR_CORE,1785697738452440.643	,332.987,0.049000,40,0,NO,"""4096,4096;4096,4096""",FLOAT;FLOAT,ND;ND,"""4096,4096""",FLOAT,ND,N/A,0.0,0,0.0,0.0,0.0,0.0,0.0,0.0,0.0,0.0,0.0,0.0,0.0,330.735,21828532,6.784,0.021,3.055,0.009,329.125,0.995,111.628,0.338,0.0,0.000
0,4294967295,123,47,Concat,Concat,dynamic,AI_VECTOR_CORE,1785697738452773.650	,35.120,0.013000,40,0,NO,"""128,16;128,32;128,64;128,128;128,256;128,512;128,2048;128,8192;128,32768""",FLOAT16;FLOAT16;FLOAT16;FLOAT16;FLOAT16;FLOAT16;FLOAT16;FLOAT16;FLOAT16,ND;ND;ND;ND;ND;ND;ND;ND;ND,"""128,44016""",FLOAT16,ND,N/A,0.0,0,0.0,0.0,0.0,0.0,0.0,0.0,0.0,0.0,0.0,0.0,0.0,31.971,2110109,0.017,0.001,4.917,0.154,18.545,0.58,9.638,0.301,0.0,0.000
0,4294967295,124,47,aclnnMul_MulAiCore_Mul,Mul,dynamic,AI_VECTOR_CORE,1785697738452808.790	,333.927,0.000000,40,0,NO,"""4096,4096;4096,4096""",FLOAT;FLOAT,ND;ND,"""4096,4096""",FLOAT,ND,N/A,0.0,0,0.0,0.0,0.0,0.0,0.0,0.0,0.0,0.0,0.0,0.0,0.0,331.422,21873877,6.784,0.02,2.991,0.009,329.861,0.995,114.806,0.346,0.0,0.000
0,4294967295,125,47,Concat,Concat,dynamic,AI_VECTOR_CORE,1785697738453142.737	,35.701,0.073000,40,0,NO,"""128,16;128,32;128,64;128,128;128,256;128,512;128,2048;128,8192;128,32768""",FLOAT16;FLOAT16;FLOAT16;FLOAT16;FLOAT16;FLOAT16;FLOAT16;FLOAT16;FLOAT16,ND;ND;ND;ND;ND;ND;ND;ND;ND,"""128,44016""",FLOAT16,ND,N/A,0.0,0,0.0,0.0,0.0,0.0,0.0,0.0,0.0,0.0,0.0,0.0,0.0,32.915,2172403,0.017,0.001,4.861,0.148,19.242,0.585,9.89,0.3,0.0,0.000
0,4294967295,126,47,aclnnMul_MulAiCore_Mul,Mul,dynamic,AI_VECTOR_CORE,1785697738453178.478	,333.126,0.049000,40,0,NO,"""4096,4096;4096,4096""",FLOAT;FLOAT,ND;ND,"""4096,4096""",FLOAT,ND,N/A,0.0,0,0.0,0.0,0.0,0.0,0.0,0.0,0.0,0.0,0.0,0.0,0.0,330.819,21834047,6.784,0.021,3.092,0.009,329.183,0.995,111.382,0.337,0.0,0.000
0,4294967295,127,47,Concat,Concat,dynamic,AI_VECTOR_CORE,1785697738453511.624	,33.981,0.000000,40,0,NO,"""128,16;128,32;128,64;128,128;128,256;128,512;128,2048;128,8192;128,32768""",FLOAT16;FLOAT16;FLOAT16;FLOAT16;FLOAT16;FLOAT16;FLOAT16;FLOAT16;FLOAT16,ND;ND;ND;ND;ND;ND;ND;ND;ND,"""128,44016""",FLOAT16,ND,N/A,0.0,0,0.0,0.0,0.0,0.0,0.0,0.0,0.0,0.0,0.0,0.0,0.0,30.859,2036703,0.017,0.001,5.114,0.166,17.676,0.573,9.368,0.304,0.0,0.000
0,4294967295,128,47,aclnnMul_MulAiCore_Mul,Mul,dynamic,AI_VECTOR_CORE,1785697738453545.625	,333.667,0.019000,40,0,NO,"""4096,4096;4096,4096""",FLOAT;FLOAT,ND;ND,"""4096,4096""",FLOAT,ND,N/A,0.0,0,0.0,0.0,0.0,0.0,0.0,0.0,0.0,0.0,0.0,0.0,0.0,330.895,21839073,6.784,0.021,3.552,0.011,328.809,0.994,113.402,0.343,0.0,0.000
0,4294967295,129,47,Concat,Concat,dynamic,AI_VECTOR_CORE,1785697738453879.312	,34.620,0.083000,40,0,NO,"""128,16;128,32;128,64;128,128;128,256;128,512;128,2048;128,8192;128,32768""",FLOAT16;FLOAT16;FLOAT16;FLOAT16;FLOAT16;FLOAT16;FLOAT16;FLOAT16;FLOAT16,ND;ND;ND;ND;ND;ND;ND;ND;ND,"""128,44016""",FLOAT16,ND,N/A,0.0,0,0.0,0.0,0.0,0.0,0.0,0.0,0.0,0.0,0.0,0.0,0.0,31.72,2093520,0.017,0.001,4.707,0.148,18.644,0.588,9.458,0.298,0.0,0.000
0,4294967295,130,47,aclnnMul_MulAiCore_Mul,Mul,dynamic,AI_VECTOR_CORE,1785697738453913.952	,333.147,0.130000,40,0,NO,"""4096,4096;4096,4096""",FLOAT;FLOAT,ND;ND,"""4096,4096""",FLOAT,ND,N/A,0.0,0,0.0,0.0,0.0,0.0,0.0,0.0,0.0,0.0,0.0,0.0,0.0,331.243,21862027,6.784,0.02,3.019,0.009,329.71,0.995,111.793,0.337,0.0,0.000
0,4294967295,131,47,Concat,Concat,dynamic,AI_VECTOR_CORE,1785697738454247.119	,35.001,0.000000,40,0,NO,"""128,16;128,32;128,64;128,128;128,256;128,512;128,2048;128,8192;128,32768""",FLOAT16;FLOAT16;FLOAT16;FLOAT16;FLOAT16;FLOAT16;FLOAT16;FLOAT16;FLOAT16,ND;ND;ND;ND;ND;ND;ND;ND;ND,"""128,44016""",FLOAT16,ND,N/A,0.0,0,0.0,0.0,0.0,0.0,0.0,0.0,0.0,0.0,0.0,0.0,0.0,32.318,2133006,0.017,0.001,5.375,0.166,18.588,0.575,9.743,0.301,0.0,0.000
0,4294967295,132,47,aclnnMul_MulAiCore_Mul,Mul,dynamic,AI_VECTOR_CORE,1785697738454282.140	,333.786,0.249000,40,0,NO,"""4096,4096;4096,4096""",FLOAT;FLOAT,ND;ND,"""4096,4096""",FLOAT,ND,N/A,0.0,0,0.0,0.0,0.0,0.0,0.0,0.0,0.0,0.0,0.0,0.0,0.0,331.464,21876655,6.784,0.02,2.936,0.009,330.009,0.996,112.203,0.339,0.0,0.000
0,4294967295,133,47,Concat,Concat,dynamic,AI_VECTOR_CORE,1785697738454615.946	,35.741,0.000000,40,0,NO,"""128,16;128,32;128,64;128,128;128,256;128,512;128,2048;128,8192;128,32768""",FLOAT16;FLOAT16;FLOAT16;FLOAT16;FLOAT16;FLOAT16;FLOAT16;FLOAT16;FLOAT16,ND;ND;ND;ND;ND;ND;ND;ND;ND,"""128,44016""",FLOAT16,ND,N/A,0.0,0,0.0,0.0,0.0,0.0,0.0,0.0,0.0,0.0,0.0,0.0,0.0,32.944,2174313,0.017,0.001,5.326,0.162,18.994,0.577,10.057,0.305,0.0,0.000
0,4294967295,134,47,aclnnMul_MulAiCore_Mul,Mul,dynamic,AI_VECTOR_CORE,1785697738454651.707	,333.347,0.009000,40,0,NO,"""4096,4096;4096,4096""",FLOAT;FLOAT,ND;ND,"""4096,4096""",FLOAT,ND,N/A,0.0,0,0.0,0.0,0.0,0.0,0.0,0.0,0.0,0.0,0.0,0.0,0.0,331.647,21888705,6.784,0.02,3.013,0.009,330.118,0.995,112.6,0.34,0.0,0.000
0,4294967295,135,47,Concat,Concat,dynamic,AI_VECTOR_CORE,1785697738454985.074	,34.540,0.000000,40,0,NO,"""128,16;128,32;128,64;128,128;128,256;128,512;128,2048;128,8192;128,32768""",FLOAT16;FLOAT16;FLOAT16;FLOAT16;FLOAT16;FLOAT16;FLOAT16;FLOAT16;FLOAT16,ND;ND;ND;ND;ND;ND;ND;ND;ND,"""128,44016""",FLOAT16,ND,N/A,0.0,0,0.0,0.0,0.0,0.0,0.0,0.0,0.0,0.0,0.0,0.0,0.0,31.474,2077254,0.017,0.001,4.667,0.148,18.513,0.588,9.37,0.298,0.0,0.000
0,4294967295,136,47,aclnnMul_MulAiCore_Mul,Mul,dynamic,AI_VECTOR_CORE,1785697738455019.654	,333.547,0.210000,40,0,NO,"""4096,4096;4096,4096""",FLOAT;FLOAT,ND;ND,"""4096,4096""",FLOAT,ND,N/A,0.0,0,0.0,0.0,0.0,0.0,0.0,0.0,0.0,0.0,0.0,0.0,0.0,331.326,21867510,6.784,0.02,3.028,0.009,329.764,0.995,111.752,0.337,0.0,0.000
0,4294967295,137,47,Concat,Concat,dynamic,AI_VECTOR_CORE,1785697738455353.221	,34.601,0.000000,40,0,NO,"""128,16;128,32;128,64;128,128;128,256;128,512;128,2048;128,8192;128,32768""",FLOAT16;FLOAT16;FLOAT16;FLOAT16;FLOAT16;FLOAT16;FLOAT16;FLOAT16;FLOAT16,ND;ND;ND;ND;ND;ND;ND;ND;ND,"""128,44016""",FLOAT16,ND,N/A,0.0,0,0.0,0.0,0.0,0.0,0.0,0.0,0.0,0.0,0.0,0.0,0.0,31.905,2105725,0.017,0.001,4.999,0.157,18.604,0.583,9.686,0.304,0.0,0.000
0,4294967295,138,47,aclnnMul_MulAiCore_Mul,Mul,dynamic,AI_VECTOR_CORE,1785697738455387.842	,333.006,0.000000,40,0,NO,"""4096,4096;4096,4096""",FLOAT;FLOAT,ND;ND,"""4096,4096""",FLOAT,ND,N/A,0.0,0,0.0,0.0,0.0,0.0,0.0,0.0,0.0,0.0,0.0,0.0,0.0,330.584,21818571,6.784,0.021,3.115,0.009,328.871,0.995,113.482,0.343,0.0,0.000
0,4294967295,139,47,Concat,Concat,dynamic,AI_VECTOR_CORE,1785697738455720.868	,35.561,0.000000,40,0,NO,"""128,16;128,32;128,64;128,128;128,256;128,512;128,2048;128,8192;128,32768""",FLOAT16;FLOAT16;FLOAT16;FLOAT16;FLOAT16;FLOAT16;FLOAT16;FLOAT16;FLOAT16,ND;ND;ND;ND;ND;ND;ND;ND;ND,"""128,44016""",FLOAT16,ND,N/A,0.0,0,0.0,0.0,0.0,0.0,0.0,0.0,0.0,0.0,0.0,0.0,0.0,32.853,2168324,0.017,0.001,4.49,0.137,19.281,0.587,10.034,0.305,0.0,0.000
0,4294967295,140,47,aclnnMul_MulAiCore_Mul,Mul,dynamic,AI_VECTOR_CORE,1785697738455756.449	,332.987,0.189000,40,0,NO,"""4096,4096;4096,4096""",FLOAT;FLOAT,ND;ND,"""4096,4096""",FLOAT,ND,N/A,0.0,0,0.0,0.0,0.0,0.0,0.0,0.0,0.0,0.0,0.0,0.0,0.0,330.794,21832434,6.784,0.021,3.035,0.009,329.2,0.995,112.705,0.341,0.0,0.000
0,4294967295,141,47,Concat,Concat,dynamic,AI_VECTOR_CORE,1785697738456089.456	,35.940,0.013000,40,0,NO,"""128,16;128,32;128,64;128,128;128,256;128,512;128,2048;128,8192;128,32768""",FLOAT16;FLOAT16;FLOAT16;FLOAT16;FLOAT16;FLOAT16;FLOAT16;FLOAT16;FLOAT16,ND;ND;ND;ND;ND;ND;ND;ND;ND,"""128,44016""",FLOAT16,ND,N/A,0.0,0,0.0,0.0,0.0,0.0,0.0,0.0,0.0,0.0,0.0,0.0,0.0,33.37,2202400,0.017,0.001,4.534,0.136,19.762,0.592,10.023,0.3,0.0,0.000
0,4294967295,142,47,aclnnMul_MulAiCore_Mul,Mul,dynamic,AI_VECTOR_CORE,1785697738456125.416	,333.347,0.060000,40,0,NO,"""4096,4096;4096,4096""",FLOAT;FLOAT,ND;ND,"""4096,4096""",FLOAT,ND,N/A,0.0,0,0.0,0.0,0.0,0.0,0.0,0.0,0.0,0.0,0.0,0.0,0.0,331.257,21862957,6.784,0.02,3.117,0.009,329.586,0.995,111.421,0.336,0.0,0.000
0,4294967295,143,47,Concat,Concat,dynamic,AI_VECTOR_CORE,1785697738456458.783	,35.201,0.000000,40,0,NO,"""128,16;128,32;128,64;128,128;128,256;128,512;128,2048;128,8192;128,32768""",FLOAT16;FLOAT16;FLOAT16;FLOAT16;FLOAT16;FLOAT16;FLOAT16;FLOAT16;FLOAT16,ND;ND;ND;ND;ND;ND;ND;ND;ND,"""128,44016""",FLOAT16,ND,N/A,0.0,0,0.0,0.0,0.0,0.0,0.0,0.0,0.0,0.0,0.0,0.0,0.0,31.956,2109103,0.017,0.001,4.674,0.146,18.581,0.581,9.886,0.309,0.0,0.000
0,4294967295,144,47,aclnnMul_MulAiCore_Mul,Mul,dynamic,AI_VECTOR_CORE,1785697738456494.004	,333.527,0.049000,40,0,NO,"""4096,4096;4096,4096""",FLOAT;FLOAT,ND;ND,"""4096,4096""",FLOAT,ND,N/A,0.0,0,0.0,0.0,0.0,0.0,0.0,0.0,0.0,0.0,0.0,0.0,0.0,331.518,21880183,6.784,0.02,3.56,0.011,329.44,0.994,112.429,0.339,0.0,0.000
0,4294967295,145,47,Concat,Concat,dynamic,AI_VECTOR_CORE,1785697738456827.551	,35.140,0.000000,40,0,NO,"""128,16;128,32;128,64;128,128;128,256;128,512;128,2048;128,8192;128,32768""",FLOAT16;FLOAT16;FLOAT16;FLOAT16;FLOAT16;FLOAT16;FLOAT16;FLOAT16;FLOAT16,ND;ND;ND;ND;ND;ND;ND;ND;ND,"""128,44016""",FLOAT16,ND,N/A,0.0,0,0.0,0.0,0.0,0.0,0.0,0.0,0.0,0.0,0.0,0.0,0.0,32.248,2128373,0.017,0.001,4.777,0.148,19.141,0.594,9.626,0.299,0.0,0.000
0,4294967295,146,47,aclnnMul_MulAiCore_Mul,Mul,dynamic,AI_VECTOR_CORE,1785697738456862.711	,334.087,0.110000,40,0,NO,"""4096,4096;4096,4096""",FLOAT;FLOAT,ND;ND,"""4096,4096""",FLOAT,ND,N/A,0.0,0,0.0,0.0,0.0,0.0,0.0,0.0,0.0,0.0,0.0,0.0,0.0,331.46,21876328,6.784,0.02,3.011,0.009,329.944,0.995,112.153,0.338,0.0,0.000
0,4294967295,147,47,Concat,Concat,dynamic,AI_VECTOR_CORE,1785697738457196.818	,35.381,0.000000,40,0,NO,"""128,16;128,32;128,64;128,128;128,256;128,512;128,2048;128,8192;128,32768""",FLOAT16;FLOAT16;FLOAT16;FLOAT16;FLOAT16;FLOAT16;FLOAT16;FLOAT16;FLOAT16,ND;ND;ND;ND;ND;ND;ND;ND;ND,"""128,44016""",FLOAT16,ND,N/A,0.0,0,0.0,0.0,0.0,0.0,0.0,0.0,0.0,0.0,0.0,0.0,0.0,32.459,2142280,0.017,0.001,4.348,0.134,19.015,0.586,10.029,0.309,0.0,0.000
0,4294967295,148,47,aclnnMul_MulAiCore_Mul,Mul,dynamic,AI_VECTOR_CORE,1785697738457232.239	,333.446,0.119000,40,0,NO,"""4096,4096;4096,4096""",FLOAT;FLOAT,ND;ND,"""4096,4096""",FLOAT,ND,N/A,0.0,0,0.0,0.0,0.0,0.0,0.0,0.0,0.0,0.0,0.0,0.0,0.0,331.148,21855777,6.784,0.02,3.032,0.009,329.561,0.995,111.989,0.338,0.0,0.000
0,4294967295,149,47,Concat,Concat,dynamic,AI_VECTOR_CORE,1785697738457565.705	,35.761,0.054000,40,0,NO,"""128,16;128,32;128,64;128,128;128,256;128,512;128,2048;128,8192;128,32768""",FLOAT16;FLOAT16;FLOAT16;FLOAT16;FLOAT16;FLOAT16;FLOAT16;FLOAT16;FLOAT16,ND;ND;ND;ND;ND;ND;ND;ND;ND,"""128,44016""",FLOAT16,ND,N/A,0.0,0,0.0,0.0,0.0,0.0,0.0,0.0,0.0,0.0,0.0,0.0,0.0,32.919,2172682,0.017,0.001,4.343,0.132,19.651,0.597,9.867,0.3,0.0,0.000
0,4294967295,150,47,aclnnMul_MulAiCore_Mul,Mul,dynamic,AI_VECTOR_CORE,1785697738457601.486	,332.827,0.000000,40,0,NO,"""4096,4096;4096,4096""",FLOAT;FLOAT,ND;ND,"""4096,4096""",FLOAT,ND,N/A,0.0,0,0.0,0.0,0.0,0.0,0.0,0.0,0.0,0.0,0.0,0.0,0.0,330.604,21819835,6.784,0.021,2.929,0.009,329.146,0.996,111.434,0.337,0.0,0.000
0,4294967295,151,47,Concat,Concat,dynamic,AI_VECTOR_CORE,1785697738457934.333	,34.080,0.000000,40,0,NO,"""128,16;128,32;128,64;128,128;128,256;128,512;128,2048;128,8192;128,32768""",FLOAT16;FLOAT16;FLOAT16;FLOAT16;FLOAT16;FLOAT16;FLOAT16;FLOAT16;FLOAT16,ND;ND;ND;ND;ND;ND;ND;ND;ND,"""128,44016""",FLOAT16,ND,N/A,0.0,0,0.0,0.0,0.0,0.0,0.0,0.0,0.0,0.0,0.0,0.0,0.0,28.425,1876044,0.017,0.001,7.039,0.248,14.828,0.522,7.797,0.274,0.0,0.000
0,4294967295,152,47,aclnnMul_MulAiCore_Mul,Mul,dynamic,AI_VECTOR_CORE,1785697738457968.453	,333.267,0.170000,40,0,NO,"""4096,4096;4096,4096""",FLOAT;FLOAT,ND;ND,"""4096,4096""",FLOAT,ND,N/A,0.0,0,0.0,0.0,0.0,0.0,0.0,0.0,0.0,0.0,0.0,0.0,0.0,331.148,21855767,6.784,0.02,3.154,0.01,329.433,0.995,112.942,0.341,0.0,0.000
0,4294967295,153,47,Concat,Concat,dynamic,AI_VECTOR_CORE,1785697738458301.740	,35.581,0.000000,40,0,NO,"""128,16;128,32;128,64;128,128;128,256;128,512;128,2048;128,8192;128,32768""",FLOAT16;FLOAT16;FLOAT16;FLOAT16;FLOAT16;FLOAT16;FLOAT16;FLOAT16;FLOAT16,ND;ND;ND;ND;ND;ND;ND;ND;ND,"""128,44016""",FLOAT16,ND,N/A,0.0,0,0.0,0.0,0.0,0.0,0.0,0.0,0.0,0.0,0.0,0.0,0.0,33.101,2184654,0.017,0.001,4.887,0.148,19.747,0.597,9.755,0.295,0.0,0.000
0,4294967295,154,47,aclnnMul_MulAiCore_Mul,Mul,dynamic,AI_VECTOR_CORE,1785697738458337.341	,334.446,0.000000,40,0,NO,"""4096,4096;4096,4096""",FLOAT;FLOAT,ND;ND,"""4096,4096""",FLOAT,ND,N/A,0.0,0,0.0,0.0,0.0,0.0,0.0,0.0,0.0,0.0,0.0,0.0,0.0,331.727,21893958,6.784,0.02,3.585,0.011,329.605,0.994,113.092,0.341,0.0,0.000
0,4294967295,155,47,Concat,Concat,dynamic,AI_VECTOR_CORE,1785697738458671.827	,34.321,0.054000,40,0,NO,"""128,16;128,32;128,64;128,128;128,256;128,512;128,2048;128,8192;128,32768""",FLOAT16;FLOAT16;FLOAT16;FLOAT16;FLOAT16;FLOAT16;FLOAT16;FLOAT16;FLOAT16,ND;ND;ND;ND;ND;ND;ND;ND;ND,"""128,44016""",FLOAT16,ND,N/A,0.0,0,0.0,0.0,0.0,0.0,0.0,0.0,0.0,0.0,0.0,0.0,0.0,31.798,2098643,0.017,0.001,4.628,0.146,18.255,0.574,9.97,0.314,0.0,0.000
0,4294967295,156,47,aclnnMul_MulAiCore_Mul,Mul,dynamic,AI_VECTOR_CORE,1785697738458706.168	,332.987,0.179000,40,0,NO,"""4096,4096;4096,4096""",FLOAT;FLOAT,ND;ND,"""4096,4096""",FLOAT,ND,N/A,0.0,0,0.0,0.0,0.0,0.0,0.0,0.0,0.0,0.0,0.0,0.0,0.0,330.99,21845353,6.784,0.02,3.257,0.01,329.19,0.995,111.944,0.338,0.0,0.000
0,4294967295,157,47,Concat,Concat,dynamic,AI_VECTOR_CORE,1785697738459039.175	,34.880,0.013000,40,0,NO,"""128,16;128,32;128,64;128,128;128,256;128,512;128,2048;128,8192;128,32768""",FLOAT16;FLOAT16;FLOAT16;FLOAT16;FLOAT16;FLOAT16;FLOAT16;FLOAT16;FLOAT16,ND;ND;ND;ND;ND;ND;ND;ND;ND,"""128,44016""",FLOAT16,ND,N/A,0.0,0,0.0,0.0,0.0,0.0,0.0,0.0,0.0,0.0,0.0,0.0,0.0,32.102,2118707,0.017,0.001,4.651,0.145,18.668,0.582,9.838,0.306,0.0,0.000
0,4294967295,158,47,aclnnMul_MulAiCore_Mul,Mul,dynamic,AI_VECTOR_CORE,1785697738459074.075	,333.207,0.000000,40,0,NO,"""4096,4096;4096,4096""",FLOAT;FLOAT,ND;ND,"""4096,4096""",FLOAT,ND,N/A,0.0,0,0.0,0.0,0.0,0.0,0.0,0.0,0.0,0.0,0.0,0.0,0.0,331.021,21847392,6.784,0.02,3.545,0.011,328.918,0.994,112.254,0.339,0.0,0.000
0,4294967295,159,47,Concat,Concat,dynamic,AI_VECTOR_CORE,1785697738459407.302	,34.701,0.043000,40,0,NO,"""128,16;128,32;128,64;128,128;128,256;128,512;128,2048;128,8192;128,32768""",FLOAT16;FLOAT16;FLOAT16;FLOAT16;FLOAT16;FLOAT16;FLOAT16;FLOAT16;FLOAT16,ND;ND;ND;ND;ND;ND;ND;ND;ND,"""128,44016""",FLOAT16,ND,N/A,0.0,0,0.0,0.0,0.0,0.0,0.0,0.0,0.0,0.0,0.0,0.0,0.0,31.981,2110738,0.017,0.001,5.262,0.165,18.66,0.583,9.488,0.297,0.0,0.000
0,4294967295,160,47,aclnnMul_MulAiCore_Mul,Mul,dynamic,AI_VECTOR_CORE,1785697738459442.043	,332.946,0.049000,40,0,NO,"""4096,4096;4096,4096""",FLOAT;FLOAT,ND;ND,"""4096,4096""",FLOAT,ND,N/A,0.0,0,0.0,0.0,0.0,0.0,0.0,0.0,0.0,0.0,0.0,0.0,0.0,330.93,21841352,6.784,0.021,3.017,0.009,329.377,0.995,111.933,0.338,0.0,0.000
0,4294967295,161,47,Concat,Concat,dynamic,AI_VECTOR_CORE,1785697738459775.009	,35.381,0.054000,40,0,NO,"""128,16;128,32;128,64;128,128;128,256;128,512;128,2048;128,8192;128,32768""",FLOAT16;FLOAT16;FLOAT16;FLOAT16;FLOAT16;FLOAT16;FLOAT16;FLOAT16;FLOAT16,ND;ND;ND;ND;ND;ND;ND;ND;ND,"""128,44016""",FLOAT16,ND,N/A,0.0,0,0.0,0.0,0.0,0.0,0.0,0.0,0.0,0.0,0.0,0.0,0.0,32.774,2163069,0.017,0.001,5.353,0.163,19.164,0.585,9.642,0.294,0.0,0.000
0,4294967295,162,47,aclnnMul_MulAiCore_Mul,Mul,dynamic,AI_VECTOR_CORE,1785697738459810.410	,334.087,0.119000,40,0,NO,"""4096,4096;4096,4096""",FLOAT;FLOAT,ND;ND,"""4096,4096""",FLOAT,ND,N/A,0.0,0,0.0,0.0,0.0,0.0,0.0,0.0,0.0,0.0,0.0,0.0,0.0,331.92,21906725,6.784,0.02,2.93,0.009,330.472,0.996,113.976,0.343,0.0,0.000
0,4294967295,163,47,Concat,Concat,dynamic,AI_VECTOR_CORE,1785697738460144.537	,35.020,0.000000,40,0,NO,"""128,16;128,32;128,64;128,128;128,256;128,512;128,2048;128,8192;128,32768""",FLOAT16;FLOAT16;FLOAT16;FLOAT16;FLOAT16;FLOAT16;FLOAT16;FLOAT16;FLOAT16,ND;ND;ND;ND;ND;ND;ND;ND;ND,"""128,44016""",FLOAT16,ND,N/A,0.0,0,0.0,0.0,0.0,0.0,0.0,0.0,0.0,0.0,0.0,0.0,0.0,32.098,2118475,0.017,0.001,5.153,0.161,18.526,0.577,9.621,0.3,0.0,0.000
0,4294967295,164,47,aclnnMul_MulAiCore_Mul,Mul,dynamic,AI_VECTOR_CORE,1785697738460179.578	,333.886,0.000000,40,0,NO,"""4096,4096;4096,4096""",FLOAT;FLOAT,ND;ND,"""4096,4096""",FLOAT,ND,N/A,0.0,0,0.0,0.0,0.0,0.0,0.0,0.0,0.0,0.0,0.0,0.0,0.0,330.915,21840419,6.784,0.021,3.022,0.009,329.376,0.995,112.342,0.339,0.0,0.000
0,4294967295,165,47,Concat,Concat,dynamic,AI_VECTOR_CORE,1785697738460513.484	,34.881,0.114000,40,0,NO,"""128,16;128,32;128,64;128,128;128,256;128,512;128,2048;128,8192;128,32768""",FLOAT16;FLOAT16;FLOAT16;FLOAT16;FLOAT16;FLOAT16;FLOAT16;FLOAT16;FLOAT16,ND;ND;ND;ND;ND;ND;ND;ND;ND,"""128,44016""",FLOAT16,ND,N/A,0.0,0,0.0,0.0,0.0,0.0,0.0,0.0,0.0,0.0,0.0,0.0,0.0,31.84,2101439,0.017,0.001,4.682,0.147,18.555,0.583,9.671,0.304,0.0,0.000
0,4294967295,166,47,aclnnMul_MulAiCore_Mul,Mul,dynamic,AI_VECTOR_CORE,1785697738460548.385	,333.087,0.119000,40,0,NO,"""4096,4096;4096,4096""",FLOAT;FLOAT,ND;ND,"""4096,4096""",FLOAT,ND,N/A,0.0,0,0.0,0.0,0.0,0.0,0.0,0.0,0.0,0.0,0.0,0.0,0.0,330.854,21836395,6.784,0.021,2.931,0.009,329.413,0.996,111.387,0.337,0.0,0.000
0,4294967295,167,47,Concat,Concat,dynamic,AI_VECTOR_CORE,1785697738460881.492	,35.120,0.000000,40,0,NO,"""128,16;128,32;128,64;128,128;128,256;128,512;128,2048;128,8192;128,32768""",FLOAT16;FLOAT16;FLOAT16;FLOAT16;FLOAT16;FLOAT16;FLOAT16;FLOAT16;FLOAT16,ND;ND;ND;ND;ND;ND;ND;ND;ND,"""128,44016""",FLOAT16,ND,N/A,0.0,0,0.0,0.0,0.0,0.0,0.0,0.0,0.0,0.0,0.0,0.0,0.0,32.494,2144614,0.017,0.001,5.147,0.158,19.177,0.59,9.52,0.293,0.0,0.000
0,4294967295,168,47,aclnnMul_MulAiCore_Mul,Mul,dynamic,AI_VECTOR_CORE,1785697738460916.632	,333.847,0.130000,40,0,NO,"""4096,4096;4096,4096""",FLOAT;FLOAT,ND;ND,"""4096,4096""",FLOAT,ND,N/A,0.0,0,0.0,0.0,0.0,0.0,0.0,0.0,0.0,0.0,0.0,0.0,0.0,331.753,21895715,6.784,0.02,3.087,0.009,330.153,0.995,111.094,0.335,0.0,0.000
0,4294967295,169,47,Concat,Concat,dynamic,AI_VECTOR_CORE,1785697738461250.519	,34.941,0.000000,40,0,NO,"""128,16;128,32;128,64;128,128;128,256;128,512;128,2048;128,8192;128,32768""",FLOAT16;FLOAT16;FLOAT16;FLOAT16;FLOAT16;FLOAT16;FLOAT16;FLOAT16;FLOAT16,ND;ND;ND;ND;ND;ND;ND;ND;ND,"""128,44016""",FLOAT16,ND,N/A,0.0,0,0.0,0.0,0.0,0.0,0.0,0.0,0.0,0.0,0.0,0.0,0.0,32.63,2153592,0.017,0.001,5.267,0.161,18.973,0.581,9.893,0.303,0.0,0.000
0,4294967295,170,47,aclnnMul_MulAiCore_Mul,Mul,dynamic,AI_VECTOR_CORE,1785697738461285.480	,331.866,0.059000,40,0,NO,"""4096,4096;4096,4096""",FLOAT;FLOAT,ND;ND,"""4096,4096""",FLOAT,ND,N/A,0.0,0,0.0,0.0,0.0,0.0,0.0,0.0,0.0,0.0,0.0,0.0,0.0,329.969,21777946,6.784,0.021,3.051,0.009,328.389,0.995,110.654,0.335,0.0,0.000
0,4294967295,171,47,Concat,Concat,dynamic,AI_VECTOR_CORE,1785697738461617.366	,34.341,0.000000,40,0,NO,"""128,16;128,32;128,64;128,128;128,256;128,512;128,2048;128,8192;128,32768""",FLOAT16;FLOAT16;FLOAT16;FLOAT16;FLOAT16;FLOAT16;FLOAT16;FLOAT16;FLOAT16,ND;ND;ND;ND;ND;ND;ND;ND;ND,"""128,44016""",FLOAT16,ND,N/A,0.0,0,0.0,0.0,0.0,0.0,0.0,0.0,0.0,0.0,0.0,0.0,0.0,31.816,2099877,0.017,0.001,4.503,0.142,18.925,0.595,9.358,0.294,0.0,0.000
0,4294967295,172,47,aclnnMul_MulAiCore_Mul,Mul,dynamic,AI_VECTOR_CORE,1785697738461651.727	,332.227,0.159000,40,0,NO,"""4096,4096;4096,4096""",FLOAT;FLOAT,ND;ND,"""4096,4096""",FLOAT,ND,N/A,0.0,0,0.0,0.0,0.0,0.0,0.0,0.0,0.0,0.0,0.0,0.0,0.0,330.14,21789232,6.784,0.021,3.132,0.009,328.476,0.995,113.063,0.342,0.0,0.000
0,4294967295,173,47,Concat,Concat,dynamic,AI_VECTOR_CORE,1785697738461983.974	,35.520,0.023000,40,0,NO,"""128,16;128,32;128,64;128,128;128,256;128,512;128,2048;128,8192;128,32768""",FLOAT16;FLOAT16;FLOAT16;FLOAT16;FLOAT16;FLOAT16;FLOAT16;FLOAT16;FLOAT16,ND;ND;ND;ND;ND;ND;ND;ND;ND,"""128,44016""",FLOAT16,ND,N/A,0.0,0,0.0,0.0,0.0,0.0,0.0,0.0,0.0,0.0,0.0,0.0,0.0,33.291,2197207,0.017,0.001,4.331,0.13,19.457,0.584,10.436,0.313,0.0,0.000
0,4294967295,174,47,aclnnMul_MulAiCore_Mul,Mul,dynamic,AI_VECTOR_CORE,1785697738462019.534	,332.667,0.000000,40,0,NO,"""4096,4096;4096,4096""",FLOAT;FLOAT,ND;ND,"""4096,4096""",FLOAT,ND,N/A,0.0,0,0.0,0.0,0.0,0.0,0.0,0.0,0.0,0.0,0.0,0.0,0.0,330.712,21826967,6.784,0.021,3.041,0.009,329.106,0.995,113.542,0.343,0.0,0.000
0,4294967295,175,47,Concat,Concat,dynamic,AI_VECTOR_CORE,1785697738462352.221	,36.481,0.083000,40,0,NO,"""128,16;128,32;128,64;128,128;128,256;128,512;128,2048;128,8192;128,32768""",FLOAT16;FLOAT16;FLOAT16;FLOAT16;FLOAT16;FLOAT16;FLOAT16;FLOAT16;FLOAT16,ND;ND;ND;ND;ND;ND;ND;ND;ND,"""128,44016""",FLOAT16,ND,N/A,0.0,0,0.0,0.0,0.0,0.0,0.0,0.0,0.0,0.0,0.0,0.0,0.0,33.891,2236799,0.017,0.001,4.936,0.146,19.889,0.587,10.291,0.304,0.0,0.000
0,4294967295,176,47,aclnnMul_MulAiCore_Mul,Mul,dynamic,AI_VECTOR_CORE,1785697738462388.722	,332.786,0.019000,40,0,NO,"""4096,4096;4096,4096""",FLOAT;FLOAT,ND;ND,"""4096,4096""",FLOAT,ND,N/A,0.0,0,0.0,0.0,0.0,0.0,0.0,0.0,0.0,0.0,0.0,0.0,0.0,330.663,21823765,6.784,0.021,2.918,0.009,329.235,0.996,113.604,0.344,0.0,0.000
0,4294967295,177,47,Concat,Concat,dynamic,AI_VECTOR_CORE,1785697738462721.528	,35.541,0.000000,40,0,NO,"""128,16;128,32;128,64;128,128;128,256;128,512;128,2048;128,8192;128,32768""",FLOAT16;FLOAT16;FLOAT16;FLOAT16;FLOAT16;FLOAT16;FLOAT16;FLOAT16;FLOAT16,ND;ND;ND;ND;ND;ND;ND;ND;ND,"""128,44016""",FLOAT16,ND,N/A,0.0,0,0.0,0.0,0.0,0.0,0.0,0.0,0.0,0.0,0.0,0.0,0.0,33.521,2212361,0.017,0.001,4.851,0.145,19.813,0.591,10.217,0.305,0.0,0.000
0,4294967295,178,47,aclnnMul_MulAiCore_Mul,Mul,dynamic,AI_VECTOR_CORE,1785697738462757.089	,333.167,0.000000,40,0,NO,"""4096,4096;4096,4096""",FLOAT;FLOAT,ND;ND,"""4096,4096""",FLOAT,ND,N/A,0.0,0,0.0,0.0,0.0,0.0,0.0,0.0,0.0,0.0,0.0,0.0,0.0,331.106,21852980,6.784,0.02,3.12,0.009,329.442,0.995,111.931,0.338,0.0,0.000
0,4294967295,179,47,Concat,Concat,dynamic,AI_VECTOR_CORE,1785697738463090.276	,34.660,0.083000,40,0,NO,"""128,16;128,32;128,64;128,128;128,256;128,512;128,2048;128,8192;128,32768""",FLOAT16;FLOAT16;FLOAT16;FLOAT16;FLOAT16;FLOAT16;FLOAT16;FLOAT16;FLOAT16,ND;ND;ND;ND;ND;ND;ND;ND;ND,"""128,44016""",FLOAT16,ND,N/A,0.0,0,0.0,0.0,0.0,0.0,0.0,0.0,0.0,0.0,0.0,0.0,0.0,31.257,2062937,0.017,0.001,5.05,0.162,17.77,0.569,9.413,0.301,0.0,0.000
0,4294967295,180,47,aclnnMul_MulAiCore_Mul,Mul,dynamic,AI_VECTOR_CORE,1785697738463124.976	,333.567,0.090000,40,0,NO,"""4096,4096;4096,4096""",FLOAT;FLOAT,ND;ND,"""4096,4096""",FLOAT,ND,N/A,0.0,0,0.0,0.0,0.0,0.0,0.0,0.0,0.0,0.0,0.0,0.0,0.0,330.934,21841649,6.784,0.021,2.936,0.009,329.48,0.996,111.762,0.338,0.0,0.000
0,4294967295,181,47,Concat,Concat,dynamic,AI_VECTOR_CORE,1785697738463458.563	,36.081,0.000000,40,0,NO,"""128,16;128,32;128,64;128,128;128,256;128,512;128,2048;128,8192;128,32768""",FLOAT16;FLOAT16;FLOAT16;FLOAT16;FLOAT16;FLOAT16;FLOAT16;FLOAT16;FLOAT16,ND;ND;ND;ND;ND;ND;ND;ND;ND,"""128,44016""",FLOAT16,ND,N/A,0.0,0,0.0,0.0,0.0,0.0,0.0,0.0,0.0,0.0,0.0,0.0,0.0,33.784,2229769,0.017,0.001,4.487,0.133,20.198,0.598,10.045,0.297,0.0,0.000
0,4294967295,182,47,aclnnMul_MulAiCore_Mul,Mul,dynamic,AI_VECTOR_CORE,1785697738463494.664	,332.326,0.169000,40,0,NO,"""4096,4096;4096,4096""",FLOAT;FLOAT,ND;ND,"""4096,4096""",FLOAT,ND,N/A,0.0,0,0.0,0.0,0.0,0.0,0.0,0.0,0.0,0.0,0.0,0.0,0.0,330.39,21805721,6.784,0.021,3.041,0.009,328.847,0.995,111.886,0.339,0.0,0.000
0,4294967295,183,47,Concat,Concat,dynamic,AI_VECTOR_CORE,1785697738463827.010	,36.421,0.000000,40,0,NO,"""128,16;128,32;128,64;128,128;128,256;128,512;128,2048;128,8192;128,32768""",FLOAT16;FLOAT16;FLOAT16;FLOAT16;FLOAT16;FLOAT16;FLOAT16;FLOAT16;FLOAT16,ND;ND;ND;ND;ND;ND;ND;ND;ND,"""128,44016""",FLOAT16,ND,N/A,0.0,0,0.0,0.0,0.0,0.0,0.0,0.0,0.0,0.0,0.0,0.0,0.0,33.573,2215804,0.017,0.001,4.735,0.141,19.63,0.585,10.45,0.311,0.0,0.000
0,4294967295,184,47,aclnnMul_MulAiCore_Mul,Mul,dynamic,AI_VECTOR_CORE,1785697738463863.451	,332.107,0.079000,40,0,NO,"""4096,4096;4096,4096""",FLOAT;FLOAT,ND;ND,"""4096,4096""",FLOAT,ND,N/A,0.0,0,0.0,0.0,0.0,0.0,0.0,0.0,0.0,0.0,0.0,0.0,0.0,329.382,21739234,6.784,0.021,2.995,0.009,327.873,0.995,110.86,0.337,0.0,0.000
0,4294967295,185,47,Concat,Concat,dynamic,AI_VECTOR_CORE,1785697738464195.578	,34.800,0.000000,40,0,NO,"""128,16;128,32;128,64;128,128;128,256;128,512;128,2048;128,8192;128,32768""",FLOAT16;FLOAT16;FLOAT16;FLOAT16;FLOAT16;FLOAT16;FLOAT16;FLOAT16;FLOAT16,ND;ND;ND;ND;ND;ND;ND;ND;ND,"""128,44016""",FLOAT16,ND,N/A,0.0,0,0.0,0.0,0.0,0.0,0.0,0.0,0.0,0.0,0.0,0.0,0.0,32.365,2136115,0.017,0.001,4.756,0.147,19.028,0.588,9.819,0.303,0.0,0.000
0,4294967295,186,47,aclnnMul_MulAiCore_Mul,Mul,dynamic,AI_VECTOR_CORE,1785697738464230.398	,332.947,0.200000,40,0,NO,"""4096,4096;4096,4096""",FLOAT;FLOAT,ND;ND,"""4096,4096""",FLOAT,ND,N/A,0.0,0,0.0,0.0,0.0,0.0,0.0,0.0,0.0,0.0,0.0,0.0,0.0,331.09,21851930,6.784,0.02,3.109,0.009,329.456,0.995,111.685,0.337,0.0,0.000
0,4294967295,187,47,Concat,Concat,dynamic,AI_VECTOR_CORE,1785697738464563.365	,36.461,0.000000,40,0,NO,"""128,16;128,32;128,64;128,128;128,256;128,512;128,2048;128,8192;128,32768""",FLOAT16;FLOAT16;FLOAT16;FLOAT16;FLOAT16;FLOAT16;FLOAT16;FLOAT16;FLOAT16,ND;ND;ND;ND;ND;ND;ND;ND;ND,"""128,44016""",FLOAT16,ND,N/A,0.0,0,0.0,0.0,0.0,0.0,0.0,0.0,0.0,0.0,0.0,0.0,0.0,33.214,2192144,0.017,0.001,4.937,0.149,18.897,0.569,10.506,0.316,0.0,0.000
0,4294967295,188,47,aclnnMul_MulAiCore_Mul,Mul,dynamic,AI_VECTOR_CORE,1785697738464599.846	,331.406,0.039000,40,0,NO,"""4096,4096;4096,4096""",FLOAT;FLOAT,ND;ND,"""4096,4096""",FLOAT,ND,N/A,0.0,0,0.0,0.0,0.0,0.0,0.0,0.0,0.0,0.0,0.0,0.0,0.0,329.597,21753399,6.784,0.021,3.089,0.009,327.97,0.995,110.108,0.334,0.0,0.000
0,4294967295,189,47,Concat,Concat,dynamic,AI_VECTOR_CORE,1785697738464931.272	,34.541,0.094000,40,0,NO,"""128,16;128,32;128,64;128,128;128,256;128,512;128,2048;128,8192;128,32768""",FLOAT16;FLOAT16;FLOAT16;FLOAT16;FLOAT16;FLOAT16;FLOAT16;FLOAT16;FLOAT16,ND;ND;ND;ND;ND;ND;ND;ND;ND,"""128,44016""",FLOAT16,ND,N/A,0.0,0,0.0,0.0,0.0,0.0,0.0,0.0,0.0,0.0,0.0,0.0,0.0,30.006,1980384,0.017,0.001,7.464,0.249,15.899,0.53,8.119,0.271,0.0,0.000
0,4294967295,190,47,aclnnMul_MulAiCore_Mul,Mul,dynamic,AI_VECTOR_CORE,1785697738464965.833	,333.947,0.000000,40,0,NO,"""4096,4096;4096,4096""",FLOAT;FLOAT,ND;ND,"""4096,4096""",FLOAT,ND,N/A,0.0,0,0.0,0.0,0.0,0.0,0.0,0.0,0.0,0.0,0.0,0.0,0.0,331.426,21874099,6.784,0.02,3.175,0.01,329.725,0.995,112.564,0.34,0.0,0.000
0,4294967295,191,47,Concat,Concat,dynamic,AI_VECTOR_CORE,1785697738465299.800	,35.601,0.053000,40,0,NO,"""128,16;128,32;128,64;128,128;128,256;128,512;128,2048;128,8192;128,32768""",FLOAT16;FLOAT16;FLOAT16;FLOAT16;FLOAT16;FLOAT16;FLOAT16;FLOAT16;FLOAT16,ND;ND;ND;ND;ND;ND;ND;ND;ND,"""128,44016""",FLOAT16,ND,N/A,0.0,0,0.0,0.0,0.0,0.0,0.0,0.0,0.0,0.0,0.0,0.0,0.0,32.603,2151819,0.017,0.001,5.238,0.161,18.581,0.57,10.17,0.312,0.0,0.000
0,4294967295,192,47,aclnnMul_MulAiCore_Mul,Mul,dynamic,AI_VECTOR_CORE,1785697738465335.421	,332.026,0.149000,40,0,NO,"""4096,4096;4096,4096""",FLOAT;FLOAT,ND;ND,"""4096,4096""",FLOAT,ND,N/A,0.0,0,0.0,0.0,0.0,0.0,0.0,0.0,0.0,0.0,0.0,0.0,0.0,329.651,21756998,6.784,0.021,3.019,0.009,328.103,0.995,112.304,0.341,0.0,0.000
0,4294967295,193,47,Concat,Concat,dynamic,AI_VECTOR_CORE,1785697738465667.467	,34.841,0.000000,40,0,NO,"""128,16;128,32;128,64;128,128;128,256;128,512;128,2048;128,8192;128,32768""",FLOAT16;FLOAT16;FLOAT16;FLOAT16;FLOAT16;FLOAT16;FLOAT16;FLOAT16;FLOAT16,ND;ND;ND;ND;ND;ND;ND;ND;ND,"""128,44016""",FLOAT16,ND,N/A,0.0,0,0.0,0.0,0.0,0.0,0.0,0.0,0.0,0.0,0.0,0.0,0.0,32.041,2114724,0.017,0.001,5.034,0.157,18.822,0.587,9.558,0.298,0.0,0.000
0,4294967295,194,47,aclnnMul_MulAiCore_Mul,Mul,dynamic,AI_VECTOR_CORE,1785697738465702.328	,333.046,0.000000,40,0,NO,"""4096,4096;4096,4096""",FLOAT;FLOAT,ND;ND,"""4096,4096""",FLOAT,ND,N/A,0.0,0,0.0,0.0,0.0,0.0,0.0,0.0,0.0,0.0,0.0,0.0,0.0,331.089,21851903,6.784,0.02,3.146,0.01,329.385,0.995,113.496,0.343,0.0,0.000
0,4294967295,195,47,Concat,Concat,dynamic,AI_VECTOR_CORE,1785697738466035.414	,36.101,0.204000,40,0,NO,"""128,16;128,32;128,64;128,128;128,256;128,512;128,2048;128,8192;128,32768""",FLOAT16;FLOAT16;FLOAT16;FLOAT16;FLOAT16;FLOAT16;FLOAT16;FLOAT16;FLOAT16,ND;ND;ND;ND;ND;ND;ND;ND;ND,"""128,44016""",FLOAT16,ND,N/A,0.0,0,0.0,0.0,0.0,0.0,0.0,0.0,0.0,0.0,0.0,0.0,0.0,33.039,2180579,0.017,0.001,4.92,0.149,19.163,0.58,10.024,0.303,0.0,0.000
0,4294967295,196,47,aclnnMul_MulAiCore_Mul,Mul,dynamic,AI_VECTOR_CORE,1785697738466071.535	,331.867,0.000000,40,0,NO,"""4096,4096;4096,4096""",FLOAT;FLOAT,ND;ND,"""4096,4096""",FLOAT,ND,N/A,0.0,0,0.0,0.0,0.0,0.0,0.0,0.0,0.0,0.0,0.0,0.0,0.0,329.649,21756832,6.784,0.021,3.038,0.009,328.093,0.995,111.205,0.337,0.0,0.000
0,4294967295,197,47,Concat,Concat,dynamic,AI_VECTOR_CORE,1785697738466403.422	,34.861,0.133000,40,0,NO,"""128,16;128,32;128,64;128,128;128,256;128,512;128,2048;128,8192;128,32768""",FLOAT16;FLOAT16;FLOAT16;FLOAT16;FLOAT16;FLOAT16;FLOAT16;FLOAT16;FLOAT16,ND;ND;ND;ND;ND;ND;ND;ND;ND,"""128,44016""",FLOAT16,ND,N/A,0.0,0,0.0,0.0,0.0,0.0,0.0,0.0,0.0,0.0,0.0,0.0,0.0,32.417,2139541,0.017,0.001,4.782,0.148,19.046,0.588,9.687,0.299,0.0,0.000
0,4294967295,198,47,aclnnMul_MulAiCore_Mul,Mul,dynamic,AI_VECTOR_CORE,1785697738466438.303	,333.026,0.000000,40,0,NO,"""4096,4096;4096,4096""",FLOAT;FLOAT,ND;ND,"""4096,4096""",FLOAT,ND,N/A,0.0,0,0.0,0.0,0.0,0.0,0.0,0.0,0.0,0.0,0.0,0.0,0.0,331.237,21861665,6.784,0.02,3.077,0.009,329.669,0.995,113.152,0.342,0.0,0.000
0,4294967295,199,47,Concat,Concat,dynamic,AI_VECTOR_CORE,1785697738466771.369	,35.441,0.000000,40,0,NO,"""128,16;128,32;128,64;128,128;128,256;128,512;128,2048;128,8192;128,32768""",FLOAT16;FLOAT16;FLOAT16;FLOAT16;FLOAT16;FLOAT16;FLOAT16;FLOAT16;FLOAT16,ND;ND;ND;ND;ND;ND;ND;ND;ND,"""128,44016""",FLOAT16,ND,N/A,0.0,0,0.0,0.0,0.0,0.0,0.0,0.0,0.0,0.0,0.0,0.0,0.0,32.423,2139925,0.017,0.001,5.053,0.156,18.724,0.578,10.036,0.31,0.0,0.000
0,4294967295,200,47,aclnnMul_MulAiCore_Mul,Mul,dynamic,AI_VECTOR_CORE,1785697738466806.830	,331.387,0.059000,40,0,NO,"""4096,4096;4096,4096""",FLOAT;FLOAT,ND;ND,"""4096,4096""",FLOAT,ND,N/A,0.0,0,0.0,0.0,0.0,0.0,0.0,0.0,0.0,0.0,0.0,0.0,0.0,328.803,21700983,6.784,0.021,2.974,0.009,327.266,0.995,111.962,0.341,0.0,0.000
0,4294967295,201,47,Concat,Concat,dynamic,AI_VECTOR_CORE,1785697738467138.237	,34.440,0.113000,40,0,NO,"""128,16;128,32;128,64;128,128;128,256;128,512;128,2048;128,8192;128,32768""",FLOAT16;FLOAT16;FLOAT16;FLOAT16;FLOAT16;FLOAT16;FLOAT16;FLOAT16;FLOAT16,ND;ND;ND;ND;ND;ND;ND;ND;ND,"""128,44016""",FLOAT16,ND,N/A,0.0,0,0.0,0.0,0.0,0.0,0.0,0.0,0.0,0.0,0.0,0.0,0.0,30.107,1987081,0.017,0.001,7.115,0.236,15.707,0.522,8.742,0.29,0.0,0.000
0,4294967295,202,47,aclnnMul_MulAiCore_Mul,Mul,dynamic,AI_VECTOR_CORE,1785697738467172.697	,333.167,0.060000,40,0,NO,"""4096,4096;4096,4096""",FLOAT;FLOAT,ND;ND,"""4096,4096""",FLOAT,ND,N/A,0.0,0,0.0,0.0,0.0,0.0,0.0,0.0,0.0,0.0,0.0,0.0,0.0,331.036,21848383,6.784,0.02,3.073,0.009,329.423,0.995,113.375,0.342,0.0,0.000
0,4294967295,203,47,Concat,Concat,dynamic,AI_VECTOR_CORE,1785697738467505.884	,36.541,0.083000,40,0,NO,"""128,16;128,32;128,64;128,128;128,256;128,512;128,2048;128,8192;128,32768""",FLOAT16;FLOAT16;FLOAT16;FLOAT16;FLOAT16;FLOAT16;FLOAT16;FLOAT16;FLOAT16,ND;ND;ND;ND;ND;ND;ND;ND;ND,"""128,44016""",FLOAT16,ND,N/A,0.0,0,0.0,0.0,0.0,0.0,0.0,0.0,0.0,0.0,0.0,0.0,0.0,33.869,2235355,0.017,0.001,4.524,0.134,19.916,0.588,10.374,0.306,0.0,0.000
0,4294967295,204,47,aclnnMul_MulAiCore_Mul,Mul,dynamic,AI_VECTOR_CORE,1785697738467542.445	,331.366,0.000000,40,0,NO,"""4096,4096;4096,4096""",FLOAT;FLOAT,ND;ND,"""4096,4096""",FLOAT,ND,N/A,0.0,0,0.0,0.0,0.0,0.0,0.0,0.0,0.0,0.0,0.0,0.0,0.0,329.304,21734051,6.784,0.021,2.982,0.009,327.791,0.995,111.823,0.34,0.0,0.000
0,4294967295,205,47,Concat,Concat,dynamic,AI_VECTOR_CORE,1785697738467873.831	,35.341,0.000000,40,0,NO,"""128,16;128,32;128,64;128,128;128,256;128,512;128,2048;128,8192;128,32768""",FLOAT16;FLOAT16;FLOAT16;FLOAT16;FLOAT16;FLOAT16;FLOAT16;FLOAT16;FLOAT16,ND;ND;ND;ND;ND;ND;ND;ND;ND,"""128,44016""",FLOAT16,ND,N/A,0.0,0,0.0,0.0,0.0,0.0,0.0,0.0,0.0,0.0,0.0,0.0,0.0,33.117,2185708,0.017,0.001,4.457,0.135,19.706,0.595,9.886,0.299,0.0,0.000
0,4294967295,206,47,aclnnMul_MulAiCore_Mul,Mul,dynamic,AI_VECTOR_CORE,1785697738467909.192	,333.287,0.159000,40,0,NO,"""4096,4096;4096,4096""",FLOAT;FLOAT,ND;ND,"""4096,4096""",FLOAT,ND,N/A,0.0,0,0.0,0.0,0.0,0.0,0.0,0.0,0.0,0.0,0.0,0.0,0.0,331.151,21855998,6.784,0.02,3.024,0.009,329.61,0.995,112.204,0.339,0.0,0.000
0,4294967295,207,47,Concat,Concat,dynamic,AI_VECTOR_CORE,1785697738468242.499	,36.120,0.000000,40,0,NO,"""128,16;128,32;128,64;128,128;128,256;128,512;128,2048;128,8192;128,32768""",FLOAT16;FLOAT16;FLOAT16;FLOAT16;FLOAT16;FLOAT16;FLOAT16;FLOAT16;FLOAT16,ND;ND;ND;ND;ND;ND;ND;ND;ND,"""128,44016""",FLOAT16,ND,N/A,0.0,0,0.0,0.0,0.0,0.0,0.0,0.0,0.0,0.0,0.0,0.0,0.0,33.513,2211864,0.017,0.001,4.878,0.146,19.418,0.579,10.525,0.314,0.0,0.000
0,4294967295,208,47,aclnnMul_MulAiCore_Mul,Mul,dynamic,AI_VECTOR_CORE,1785697738468278.639	,331.487,0.130000,40,0,NO,"""4096,4096;4096,4096""",FLOAT;FLOAT,ND;ND,"""4096,4096""",FLOAT,ND,N/A,0.0,0,0.0,0.0,0.0,0.0,0.0,0.0,0.0,0.0,0.0,0.0,0.0,329.363,21737952,6.784,0.021,3.14,0.01,327.693,0.995,111.836,0.34,0.0,0.000
0,4294967295,209,47,Concat,Concat,dynamic,AI_VECTOR_CORE,1785697738468610.166	,35.661,0.013000,40,0,NO,"""128,16;128,32;128,64;128,128;128,256;128,512;128,2048;128,8192;128,32768""",FLOAT16;FLOAT16;FLOAT16;FLOAT16;FLOAT16;FLOAT16;FLOAT16;FLOAT16;FLOAT16,ND;ND;ND;ND;ND;ND;ND;ND;ND,"""128,44016""",FLOAT16,ND,N/A,0.0,0,0.0,0.0,0.0,0.0,0.0,0.0,0.0,0.0,0.0,0.0,0.0,32.606,2152025,0.017,0.001,4.669,0.143,18.976,0.582,10.147,0.311,0.0,0.000
0,4294967295,210,47,aclnnMul_MulAiCore_Mul,Mul,dynamic,AI_VECTOR_CORE,1785697738468645.867	,331.966,0.000000,40,0,NO,"""4096,4096;4096,4096""",FLOAT;FLOAT,ND;ND,"""4096,4096""",FLOAT,ND,N/A,0.0,0,0.0,0.0,0.0,0.0,0.0,0.0,0.0,0.0,0.0,0.0,0.0,330.201,21793280,6.784,0.021,3.02,0.009,328.676,0.995,111.449,0.338,0.0,0.000
0,4294967295,211,47,Concat,Concat,dynamic,AI_VECTOR_CORE,1785697738468977.853	,35.601,0.034000,40,0,NO,"""128,16;128,32;128,64;128,128;128,256;128,512;128,2048;128,8192;128,32768""",FLOAT16;FLOAT16;FLOAT16;FLOAT16;FLOAT16;FLOAT16;FLOAT16;FLOAT16;FLOAT16,ND;ND;ND;ND;ND;ND;ND;ND;ND,"""128,44016""",FLOAT16,ND,N/A,0.0,0,0.0,0.0,0.0,0.0,0.0,0.0,0.0,0.0,0.0,0.0,0.0,33.027,2179759,0.017,0.001,4.421,0.134,19.387,0.587,10.177,0.308,0.0,0.000
0,4294967295,212,47,aclnnMul_MulAiCore_Mul,Mul,dynamic,AI_VECTOR_CORE,1785697738469013.474	,331.427,0.149000,40,0,NO,"""4096,4096;4096,4096""",FLOAT;FLOAT,ND;ND,"""4096,4096""",FLOAT,ND,N/A,0.0,0,0.0,0.0,0.0,0.0,0.0,0.0,0.0,0.0,0.0,0.0,0.0,329.292,21733242,6.784,0.021,3.101,0.009,327.667,0.995,111.404,0.338,0.0,0.000
0,4294967295,213,47,Concat,Concat,dynamic,AI_VECTOR_CORE,1785697738469344.921	,35.100,0.073000,40,0,NO,"""128,16;128,32;128,64;128,128;128,256;128,512;128,2048;128,8192;128,32768""",FLOAT16;FLOAT16;FLOAT16;FLOAT16;FLOAT16;FLOAT16;FLOAT16;FLOAT16;FLOAT16,ND;ND;ND;ND;ND;ND;ND;ND;ND,"""128,44016""",FLOAT16,ND,N/A,0.0,0,0.0,0.0,0.0,0.0,0.0,0.0,0.0,0.0,0.0,0.0,0.0,32.517,2146152,0.017,0.001,4.439,0.137,19.249,0.592,9.79,0.301,0.0,0.000
0,4294967295,214,47,aclnnMul_MulAiCore_Mul,Mul,dynamic,AI_VECTOR_CORE,1785697738469380.041	,333.387,0.000000,40,0,NO,"""4096,4096;4096,4096""",FLOAT;FLOAT,ND;ND,"""4096,4096""",FLOAT,ND,N/A,0.0,0,0.0,0.0,0.0,0.0,0.0,0.0,0.0,0.0,0.0,0.0,0.0,331.199,21859119,6.784,0.02,3.003,0.009,329.675,0.995,111.223,0.336,0.0,0.000
0,4294967295,215,47,Concat,Concat,dynamic,AI_VECTOR_CORE,1785697738469713.448	,36.441,0.113000,40,0,NO,"""128,16;128,32;128,64;128,128;128,256;128,512;128,2048;128,8192;128,32768""",FLOAT16;FLOAT16;FLOAT16;FLOAT16;FLOAT16;FLOAT16;FLOAT16;FLOAT16;FLOAT16,ND;ND;ND;ND;ND;ND;ND;ND;ND,"""128,44016""",FLOAT16,ND,N/A,0.0,0,0.0,0.0,0.0,0.0,0.0,0.0,0.0,0.0,0.0,0.0,0.0,33.781,2229570,0.017,0.001,4.848,0.144,20.109,0.595,10.047,0.297,0.0,0.000
0,4294967295,216,47,aclnnMul_MulAiCore_Mul,Mul,dynamic,AI_VECTOR_CORE,1785697738469749.929	,332.726,0.059000,40,0,NO,"""4096,4096;4096,4096""",FLOAT;FLOAT,ND;ND,"""4096,4096""",FLOAT,ND,N/A,0.0,0,0.0,0.0,0.0,0.0,0.0,0.0,0.0,0.0,0.0,0.0,0.0,329.668,21758084,6.784,0.021,3.03,0.009,328.085,0.995,112.766,0.342,0.0,0.000
0,4294967295,217,47,Concat,Concat,dynamic,AI_VECTOR_CORE,1785697738470082.675	,36.421,0.024000,40,0,NO,"""128,16;128,32;128,64;128,128;128,256;128,512;128,2048;128,8192;128,32768""",FLOAT16;FLOAT16;FLOAT16;FLOAT16;FLOAT16;FLOAT16;FLOAT16;FLOAT16;FLOAT16,ND;ND;ND;ND;ND;ND;ND;ND;ND,"""128,44016""",FLOAT16,ND,N/A,0.0,0,0.0,0.0,0.0,0.0,0.0,0.0,0.0,0.0,0.0,0.0,0.0,33.839,2233359,0.017,0.001,4.858,0.144,20.13,0.595,10.126,0.299,0.0,0.000
0,4294967295,218,47,aclnnMul_MulAiCore_Mul,Mul,dynamic,AI_VECTOR_CORE,1785697738470119.116	,333.387,0.000000,40,0,NO,"""4096,4096;4096,4096""",FLOAT;FLOAT,ND;ND,"""4096,4096""",FLOAT,ND,N/A,0.0,0,0.0,0.0,0.0,0.0,0.0,0.0,0.0,0.0,0.0,0.0,0.0,331.299,21865757,6.784,0.02,2.942,0.009,329.859,0.996,112.102,0.338,0.0,0.000
0,4294967295,219,47,Concat,Concat,dynamic,AI_VECTOR_CORE,1785697738470452.543	,35.300,0.113000,40,0,NO,"""128,16;128,32;128,64;128,128;128,256;128,512;128,2048;128,8192;128,32768""",FLOAT16;FLOAT16;FLOAT16;FLOAT16;FLOAT16;FLOAT16;FLOAT16;FLOAT16;FLOAT16,ND;ND;ND;ND;ND;ND;ND;ND;ND,"""128,44016""",FLOAT16,ND,N/A,0.0,0,0.0,0.0,0.0,0.0,0.0,0.0,0.0,0.0,0.0,0.0,0.0,30.841,2035498,0.017,0.001,7.028,0.228,16.509,0.535,8.796,0.285,0.0,0.000
0,4294967295,220,47,aclnnMul_MulAiCore_Mul,Mul,dynamic,AI_VECTOR_CORE,1785697738470487.863	,332.427,0.000000,40,0,NO,"""4096,4096;4096,4096""",FLOAT;FLOAT,ND;ND,"""4096,4096""",FLOAT,ND,N/A,0.0,0,0.0,0.0,0.0,0.0,0.0,0.0,0.0,0.0,0.0,0.0,0.0,330.0,21779992,6.784,0.021,3.055,0.009,328.389,0.995,113.72,0.345,0.0,0.000
0,4294967295,221,47,Concat,Concat,dynamic,AI_VECTOR_CORE,1785697738470820.310	,34.801,0.073000,40,0,NO,"""128,16;128,32;128,64;128,128;128,256;128,512;128,2048;128,8192;128,32768""",FLOAT16;FLOAT16;FLOAT16;FLOAT16;FLOAT16;FLOAT16;FLOAT16;FLOAT16;FLOAT16,ND;ND;ND;ND;ND;ND;ND;ND;ND,"""128,44016""",FLOAT16,ND,N/A,0.0,0,0.0,0.0,0.0,0.0,0.0,0.0,0.0,0.0,0.0,0.0,0.0,31.982,2110779,0.017,0.001,4.814,0.151,18.787,0.587,9.478,0.296,0.0,0.000
0,4294967295,222,47,aclnnMul_MulAiCore_Mul,Mul,dynamic,AI_VECTOR_CORE,1785697738470855.151	,333.186,0.199000,40,0,NO,"""4096,4096;4096,4096""",FLOAT;FLOAT,ND;ND,"""4096,4096""",FLOAT,ND,N/A,0.0,0,0.0,0.0,0.0,0.0,0.0,0.0,0.0,0.0,0.0,0.0,0.0,330.849,21836004,6.784,0.021,2.907,0.009,329.367,0.996,110.982,0.335,0.0,0.000
0,4294967295,223,47,Concat,Concat,dynamic,AI_VECTOR_CORE,1785697738471188.357	,35.901,0.000000,40,0,NO,"""128,16;128,32;128,64;128,128;128,256;128,512;128,2048;128,8192;128,32768""",FLOAT16;FLOAT16;FLOAT16;FLOAT16;FLOAT16;FLOAT16;FLOAT16;FLOAT16;FLOAT16,ND;ND;ND;ND;ND;ND;ND;ND;ND,"""128,44016""",FLOAT16,ND,N/A,0.0,0,0.0,0.0,0.0,0.0,0.0,0.0,0.0,0.0,0.0,0.0,0.0,33.343,2200655,0.017,0.001,5.179,0.155,19.164,0.575,10.425,0.313,0.0,0.000
0,4294967295,224,47,aclnnMul_MulAiCore_Mul,Mul,dynamic,AI_VECTOR_CORE,1785697738471224.298	,332.787,0.099000,40,0,NO,"""4096,4096;4096,4096""",FLOAT;FLOAT,ND;ND,"""4096,4096""",FLOAT,ND,N/A,0.0,0,0.0,0.0,0.0,0.0,0.0,0.0,0.0,0.0,0.0,0.0,0.0,330.568,21817484,6.784,0.021,3.085,0.009,328.908,0.995,112.35,0.34,0.0,0.000
0,4294967295,225,47,Concat,Concat,dynamic,AI_VECTOR_CORE,1785697738471557.105	,35.161,0.000000,40,0,NO,"""128,16;128,32;128,64;128,128;128,256;128,512;128,2048;128,8192;128,32768""",FLOAT16;FLOAT16;FLOAT16;FLOAT16;FLOAT16;FLOAT16;FLOAT16;FLOAT16;FLOAT16,ND;ND;ND;ND;ND;ND;ND;ND;ND,"""128,44016""",FLOAT16,ND,N/A,0.0,0,0.0,0.0,0.0,0.0,0.0,0.0,0.0,0.0,0.0,0.0,0.0,32.338,2134313,0.017,0.001,5.306,0.164,18.811,0.582,9.586,0.296,0.0,0.000
0,4294967295,226,47,aclnnMul_MulAiCore_Mul,Mul,dynamic,AI_VECTOR_CORE,1785697738471592.286	,333.366,0.089000,40,0,NO,"""4096,4096;4096,4096""",FLOAT;FLOAT,ND;ND,"""4096,4096""",FLOAT,ND,N/A,0.0,0,0.0,0.0,0.0,0.0,0.0,0.0,0.0,0.0,0.0,0.0,0.0,330.663,21823757,6.784,0.021,2.99,0.009,329.137,0.995,112.111,0.339,0.0,0.000
0,4294967295,227,47,Concat,Concat,dynamic,AI_VECTOR_CORE,1785697738471925.672	,35.341,0.134000,40,0,NO,"""128,16;128,32;128,64;128,128;128,256;128,512;128,2048;128,8192;128,32768""",FLOAT16;FLOAT16;FLOAT16;FLOAT16;FLOAT16;FLOAT16;FLOAT16;FLOAT16;FLOAT16,ND;ND;ND;ND;ND;ND;ND;ND;ND,"""128,44016""",FLOAT16,ND,N/A,0.0,0,0.0,0.0,0.0,0.0,0.0,0.0,0.0,0.0,0.0,0.0,0.0,32.36,2135767,0.017,0.001,5.091,0.157,18.368,0.568,10.097,0.312,0.0,0.000
0,4294967295,228,47,aclnnMul_MulAiCore_Mul,Mul,dynamic,AI_VECTOR_CORE,1785697738471961.033	,331.627,0.000000,40,0,NO,"""4096,4096;4096,4096""",FLOAT;FLOAT,ND;ND,"""4096,4096""",FLOAT,ND,N/A,0.0,0,0.0,0.0,0.0,0.0,0.0,0.0,0.0,0.0,0.0,0.0,0.0,329.271,21731895,6.784,0.021,3.115,0.009,327.598,0.995,113.059,0.343,0.0,0.000
0,4294967295,229,47,Concat,Concat,dynamic,AI_VECTOR_CORE,1785697738472292.680	,34.160,0.123000,40,0,NO,"""128,16;128,32;128,64;128,128;128,256;128,512;128,2048;128,8192;128,32768""",FLOAT16;FLOAT16;FLOAT16;FLOAT16;FLOAT16;FLOAT16;FLOAT16;FLOAT16;FLOAT16,ND;ND;ND;ND;ND;ND;ND;ND;ND,"""128,44016""",FLOAT16,ND,N/A,0.0,0,0.0,0.0,0.0,0.0,0.0,0.0,0.0,0.0,0.0,0.0,0.0,29.833,1968987,0.017,0.001,7.072,0.237,15.493,0.519,8.663,0.29,0.0,0.000
0,4294967295,230,47,aclnnMul_MulAiCore_Mul,Mul,dynamic,AI_VECTOR_CORE,1785697738472326.860	,333.527,0.000000,40,0,NO,"""4096,4096;4096,4096""",FLOAT;FLOAT,ND;ND,"""4096,4096""",FLOAT,ND,N/A,0.0,0,0.0,0.0,0.0,0.0,0.0,0.0,0.0,0.0,0.0,0.0,0.0,331.277,21864282,6.784,0.02,3.081,0.009,329.652,0.995,113.282,0.342,0.0,0.000
0,4294967295,231,47,Concat,Concat,dynamic,AI_VECTOR_CORE,1785697738472660.407	,35.821,0.223000,40,0,NO,"""128,16;128,32;128,64;128,128;128,256;128,512;128,2048;128,8192;128,32768""",FLOAT16;FLOAT16;FLOAT16;FLOAT16;FLOAT16;FLOAT16;FLOAT16;FLOAT16;FLOAT16,ND;ND;ND;ND;ND;ND;ND;ND;ND,"""128,44016""",FLOAT16,ND,N/A,0.0,0,0.0,0.0,0.0,0.0,0.0,0.0,0.0,0.0,0.0,0.0,0.0,33.051,2181383,0.017,0.001,5.376,0.163,19.011,0.575,10.07,0.305,0.0,0.000
0,4294967295,232,47,aclnnMul_MulAiCore_Mul,Mul,dynamic,AI_VECTOR_CORE,1785697738472696.248	,331.966,0.000000,40,0,NO,"""4096,4096;4096,4096""",FLOAT;FLOAT,ND;ND,"""4096,4096""",FLOAT,ND,N/A,0.0,0,0.0,0.0,0.0,0.0,0.0,0.0,0.0,0.0,0.0,0.0,0.0,329.701,21760252,6.784,0.021,3.447,0.01,327.709,0.994,111.822,0.339,0.0,0.000
0,4294967295,233,47,Concat,Concat,dynamic,AI_VECTOR_CORE,1785697738473028.234	,35.021,0.034000,40,0,NO,"""128,16;128,32;128,64;128,128;128,256;128,512;128,2048;128,8192;128,32768""",FLOAT16;FLOAT16;FLOAT16;FLOAT16;FLOAT16;FLOAT16;FLOAT16;FLOAT16;FLOAT16,ND;ND;ND;ND;ND;ND;ND;ND;ND,"""128,44016""",FLOAT16,ND,N/A,0.0,0,0.0,0.0,0.0,0.0,0.0,0.0,0.0,0.0,0.0,0.0,0.0,32.687,2157368,0.017,0.001,5.154,0.158,19.047,0.583,9.937,0.304,0.0,0.000
0,4294967295,234,47,aclnnMul_MulAiCore_Mul,Mul,dynamic,AI_VECTOR_CORE,1785697738473063.295	,333.987,0.000000,40,0,NO,"""4096,4096;4096,4096""",FLOAT;FLOAT,ND;ND,"""4096,4096""",FLOAT,ND,N/A,0.0,0,0.0,0.0,0.0,0.0,0.0,0.0,0.0,0.0,0.0,0.0,0.0,331.573,21883791,6.784,0.02,2.953,0.009,330.06,0.995,113.303,0.342,0.0,0.000
0,4294967295,235,47,Concat,Concat,dynamic,AI_VECTOR_CORE,1785697738473397.302	,36.140,0.013000,40,0,NO,"""128,16;128,32;128,64;128,128;128,256;128,512;128,2048;128,8192;128,32768""",FLOAT16;FLOAT16;FLOAT16;FLOAT16;FLOAT16;FLOAT16;FLOAT16;FLOAT16;FLOAT16,ND;ND;ND;ND;ND;ND;ND;ND;ND,"""128,44016""",FLOAT16,ND,N/A,0.0,0,0.0,0.0,0.0,0.0,0.0,0.0,0.0,0.0,0.0,0.0,0.0,33.237,2193638,0.017,0.001,4.418,0.133,19.59,0.589,10.183,0.306,0.0,0.000
0,4294967295,236,47,aclnnMul_MulAiCore_Mul,Mul,dynamic,AI_VECTOR_CORE,1785697738473433.462	,331.847,0.110000,40,0,NO,"""4096,4096;4096,4096""",FLOAT;FLOAT,ND;ND,"""4096,4096""",FLOAT,ND,N/A,0.0,0,0.0,0.0,0.0,0.0,0.0,0.0,0.0,0.0,0.0,0.0,0.0,329.613,21754488,6.784,0.021,3.073,0.009,328.05,0.995,110.649,0.336,0.0,0.000
0,4294967295,237,47,Concat,Concat,dynamic,AI_VECTOR_CORE,1785697738473765.329	,35.381,0.000000,40,0,NO,"""128,16;128,32;128,64;128,128;128,256;128,512;128,2048;128,8192;128,32768""",FLOAT16;FLOAT16;FLOAT16;FLOAT16;FLOAT16;FLOAT16;FLOAT16;FLOAT16;FLOAT16,ND;ND;ND;ND;ND;ND;ND;ND;ND,"""128,44016""",FLOAT16,ND,N/A,0.0,0,0.0,0.0,0.0,0.0,0.0,0.0,0.0,0.0,0.0,0.0,0.0,33.05,2181324,0.017,0.001,4.425,0.134,19.411,0.587,10.175,0.308,0.0,0.000
0,4294967295,238,47,aclnnMul_MulAiCore_Mul,Mul,dynamic,AI_VECTOR_CORE,1785697738473800.730	,332.546,0.119000,40,0,NO,"""4096,4096;4096,4096""",FLOAT;FLOAT,ND;ND,"""4096,4096""",FLOAT,ND,N/A,0.0,0,0.0,0.0,0.0,0.0,0.0,0.0,0.0,0.0,0.0,0.0,0.0,330.049,21783242,6.784,0.021,3.509,0.011,327.992,0.994,109.41,0.331,0.0,0.000
0,4294967295,239,47,Concat,Concat,dynamic,AI_VECTOR_CORE,1785697738474133.316	,37.261,0.000000,40,0,NO,"""128,16;128,32;128,64;128,128;128,256;128,512;128,2048;128,8192;128,32768""",FLOAT16;FLOAT16;FLOAT16;FLOAT16;FLOAT16;FLOAT16;FLOAT16;FLOAT16;FLOAT16,ND;ND;ND;ND;ND;ND;ND;ND;ND,"""128,44016""",FLOAT16,ND,N/A,0.0,0,0.0,0.0,0.0,0.0,0.0,0.0,0.0,0.0,0.0,0.0,0.0,34.161,2254650,0.017,0.0,4.88,0.143,20.173,0.591,10.33,0.302,0.0,0.000
0,4294967295,240,47,aclnnMul_MulAiCore_Mul,Mul,dynamic,AI_VECTOR_CORE,1785697738474170.597	,331.007,0.000000,40,0,NO,"""4096,4096;4096,4096""",FLOAT;FLOAT,ND;ND,"""4096,4096""",FLOAT,ND,N/A,0.0,0,0.0,0.0,0.0,0.0,0.0,0.0,0.0,0.0,0.0,0.0,0.0,328.995,21713651,6.784,0.021,3.007,0.009,327.483,0.995,111.788,0.34,0.0,0.000
0,4294967295,241,47,Concat,Concat,dynamic,AI_VECTOR_CORE,1785697738474501.644	,35.400,0.243000,40,0,NO,"""128,16;128,32;128,64;128,128;128,256;128,512;128,2048;128,8192;128,32768""",FLOAT16;FLOAT16;FLOAT16;FLOAT16;FLOAT16;FLOAT16;FLOAT16;FLOAT16;FLOAT16,ND;ND;ND;ND;ND;ND;ND;ND;ND,"""128,44016""",FLOAT16,ND,N/A,0.0,0,0.0,0.0,0.0,0.0,0.0,0.0,0.0,0.0,0.0,0.0,0.0,33.283,2196665,0.017,0.001,4.901,0.147,19.82,0.596,9.892,0.297,0.0,0.000
0,4294967295,242,47,aclnnMul_MulAiCore_Mul,Mul,dynamic,AI_VECTOR_CORE,1785697738474537.064	,333.467,0.000000,40,0,NO,"""4096,4096;4096,4096""",FLOAT;FLOAT,ND;ND,"""4096,4096""",FLOAT,ND,N/A,0.0,0,0.0,0.0,0.0,0.0,0.0,0.0,0.0,0.0,0.0,0.0,0.0,331.115,21853614,6.784,0.02,3.389,0.01,329.139,0.994,113.191,0.342,0.0,0.000
0,4294967295,243,47,Concat,Concat,dynamic,AI_VECTOR_CORE,1785697738474870.551	,35.361,0.033000,40,0,NO,"""128,16;128,32;128,64;128,128;128,256;128,512;128,2048;128,8192;128,32768""",FLOAT16;FLOAT16;FLOAT16;FLOAT16;FLOAT16;FLOAT16;FLOAT16;FLOAT16;FLOAT16,ND;ND;ND;ND;ND;ND;ND;ND;ND,"""128,44016""",FLOAT16,ND,N/A,0.0,0,0.0,0.0,0.0,0.0,0.0,0.0,0.0,0.0,0.0,0.0,0.0,32.697,2158027,0.017,0.001,4.51,0.138,19.338,0.591,9.794,0.3,0.0,0.000
0,4294967295,244,47,aclnnMul_MulAiCore_Mul,Mul,dynamic,AI_VECTOR_CORE,1785697738474905.932	,333.306,0.139000,40,0,NO,"""4096,4096;4096,4096""",FLOAT;FLOAT,ND;ND,"""4096,4096""",FLOAT,ND,N/A,0.0,0,0.0,0.0,0.0,0.0,0.0,0.0,0.0,0.0,0.0,0.0,0.0,330.803,21832993,6.784,0.021,3.058,0.009,329.229,0.995,113.514,0.343,0.0,0.000
0,4294967295,245,47,Concat,Concat,dynamic,AI_VECTOR_CORE,1785697738475239.258	,34.361,0.000000,40,0,NO,"""128,16;128,32;128,64;128,128;128,256;128,512;128,2048;128,8192;128,32768""",FLOAT16;FLOAT16;FLOAT16;FLOAT16;FLOAT16;FLOAT16;FLOAT16;FLOAT16;FLOAT16,ND;ND;ND;ND;ND;ND;ND;ND;ND,"""128,44016""",FLOAT16,ND,N/A,0.0,0,0.0,0.0,0.0,0.0,0.0,0.0,0.0,0.0,0.0,0.0,0.0,29.493,1946520,0.017,0.001,6.807,0.231,15.529,0.527,8.308,0.282,0.0,0.000
0,4294967295,246,47,aclnnMul_MulAiCore_Mul,Mul,dynamic,AI_VECTOR_CORE,1785697738475273.659	,333.107,0.139000,40,0,NO,"""4096,4096;4096,4096""",FLOAT;FLOAT,ND;ND,"""4096,4096""",FLOAT,ND,N/A,0.0,0,0.0,0.0,0.0,0.0,0.0,0.0,0.0,0.0,0.0,0.0,0.0,331.274,21864104,6.784,0.02,3.192,0.01,329.533,0.995,111.035,0.335,0.0,0.000
0,4294967295,247,47,Concat,Concat,dynamic,AI_VECTOR_CORE,1785697738475606.786	,34.840,0.000000,40,0,NO,"""128,16;128,32;128,64;128,128;128,256;128,512;128,2048;128,8192;128,32768""",FLOAT16;FLOAT16;FLOAT16;FLOAT16;FLOAT16;FLOAT16;FLOAT16;FLOAT16;FLOAT16,ND;ND;ND;ND;ND;ND;ND;ND;ND,"""128,44016""",FLOAT16,ND,N/A,0.0,0,0.0,0.0,0.0,0.0,0.0,0.0,0.0,0.0,0.0,0.0,0.0,32.136,2120989,0.017,0.001,4.713,0.147,18.899,0.588,9.754,0.304,0.0,0.000
0,4294967295,248,47,aclnnMul_MulAiCore_Mul,Mul,dynamic,AI_VECTOR_CORE,1785697738475641.646	,333.407,0.160000,40,0,NO,"""4096,4096;4096,4096""",FLOAT;FLOAT,ND;ND,"""4096,4096""",FLOAT,ND,N/A,0.0,0,0.0,0.0,0.0,0.0,0.0,0.0,0.0,0.0,0.0,0.0,0.0,330.739,21828771,6.784,0.021,2.936,0.009,329.237,0.995,112.502,0.34,0.0,0.000
0,4294967295,249,47,Concat,Concat,dynamic,AI_VECTOR_CORE,1785697738475975.073	,34.601,0.000000,40,0,NO,"""128,16;128,32;128,64;128,128;128,256;128,512;128,2048;128,8192;128,32768""",FLOAT16;FLOAT16;FLOAT16;FLOAT16;FLOAT16;FLOAT16;FLOAT16;FLOAT16;FLOAT16,ND;ND;ND;ND;ND;ND;ND;ND;ND,"""128,44016""",FLOAT16,ND,N/A,0.0,0,0.0,0.0,0.0,0.0,0.0,0.0,0.0,0.0,0.0,0.0,0.0,32.001,2112095,0.017,0.001,4.728,0.148,19.053,0.595,9.435,0.295,0.0,0.000
0,4294967295,250,47,aclnnMul_MulAiCore_Mul,Mul,dynamic,AI_VECTOR_CORE,1785697738476009.694	,333.166,0.149000,40,0,NO,"""4096,4096;4096,4096""",FLOAT;FLOAT,ND;ND,"""4096,4096""",FLOAT,ND,N/A,0.0,0,0.0,0.0,0.0,0.0,0.0,0.0,0.0,0.0,0.0,0.0,0.0,330.767,21830636,6.784,0.021,3.078,0.009,329.13,0.995,112.517,0.34,0.0,0.000
0,4294967295,251,47,Concat,Concat,dynamic,AI_VECTOR_CORE,1785697738476342.900	,35.801,0.084000,40,0,NO,"""128,16;128,32;128,64;128,128;128,256;128,512;128,2048;128,8192;128,32768""",FLOAT16;FLOAT16;FLOAT16;FLOAT16;FLOAT16;FLOAT16;FLOAT16;FLOAT16;FLOAT16,ND;ND;ND;ND;ND;ND;ND;ND;ND,"""128,44016""",FLOAT16,ND,N/A,0.0,0,0.0,0.0,0.0,0.0,0.0,0.0,0.0,0.0,0.0,0.0,0.0,31.697,2091977,0.017,0.001,4.883,0.154,18.482,0.583,9.416,0.297,0.0,0.000
0,4294967295,252,47,aclnnMul_MulAiCore_Mul,Mul,dynamic,AI_VECTOR_CORE,1785697738476378.721	,333.727,0.000000,40,0,NO,"""4096,4096;4096,4096""",FLOAT;FLOAT,ND;ND,"""4096,4096""",FLOAT,ND,N/A,0.0,0,0.0,0.0,0.0,0.0,0.0,0.0,0.0,0.0,0.0,0.0,0.0,331.675,21890574,6.784,0.02,2.95,0.009,330.124,0.995,112.711,0.34,0.0,0.000
0,4294967295,253,47,Concat,Concat,dynamic,AI_VECTOR_CORE,1785697738476712.488	,35.301,0.023000,40,0,NO,"""128,16;128,32;128,64;128,128;128,256;128,512;128,2048;128,8192;128,32768""",FLOAT16;FLOAT16;FLOAT16;FLOAT16;FLOAT16;FLOAT16;FLOAT16;FLOAT16;FLOAT16,ND;ND;ND;ND;ND;ND;ND;ND;ND,"""128,44016""",FLOAT16,ND,N/A,0.0,0,0.0,0.0,0.0,0.0,0.0,0.0,0.0,0.0,0.0,0.0,0.0,32.586,2150681,0.017,0.001,4.895,0.15,19.128,0.587,9.651,0.296,0.0,0.000
0,4294967295,254,47,aclnnMul_MulAiCore_Mul,Mul,dynamic,AI_VECTOR_CORE,1785697738476747.809	,333.346,0.000000,40,0,NO,"""4096,4096;4096,4096""",FLOAT;FLOAT,ND;ND,"""4096,4096""",FLOAT,ND,N/A,0.0,0,0.0,0.0,0.0,0.0,0.0,0.0,0.0,0.0,0.0,0.0,0.0,330.755,21829820,6.784,0.021,3.043,0.009,329.219,0.995,112.016,0.339,0.0,0.000
0,4294967295,255,47,Concat,Concat,dynamic,AI_VECTOR_CORE,1785697738477081.175	,35.041,0.154000,40,0,NO,"""128,16;128,32;128,64;128,128;128,256;128,512;128,2048;128,8192;128,32768""",FLOAT16;FLOAT16;FLOAT16;FLOAT16;FLOAT16;FLOAT16;FLOAT16;FLOAT16;FLOAT16,ND;ND;ND;ND;ND;ND;ND;ND;ND,"""128,44016""",FLOAT16,ND,N/A,0.0,0,0.0,0.0,0.0,0.0,0.0,0.0,0.0,0.0,0.0,0.0,0.0,31.217,2060297,0.017,0.001,5.129,0.164,18.179,0.582,9.227,0.296,0.0,0.000
0,4294967295,256,47,aclnnMul_MulAiCore_Mul,Mul,dynamic,AI_VECTOR_CORE,1785697738477116.236	,333.107,0.000000,40,0,NO,"""4096,4096;4096,4096""",FLOAT;FLOAT,ND;ND,"""4096,4096""",FLOAT,ND,N/A,0.0,0,0.0,0.0,0.0,0.0,0.0,0.0,0.0,0.0,0.0,0.0,0.0,330.732,21828344,6.784,0.021,2.943,0.009,329.234,0.995,112.809,0.341,0.0,0.000
0,4294967295,257,47,Concat,Concat,dynamic,AI_VECTOR_CORE,1785697738477449.363	,34.440,0.000000,40,0,NO,"""128,16;128,32;128,64;128,128;128,256;128,512;128,2048;128,8192;128,32768""",FLOAT16;FLOAT16;FLOAT16;FLOAT16;FLOAT16;FLOAT16;FLOAT16;FLOAT16;FLOAT16,ND;ND;ND;ND;ND;ND;ND;ND;ND,"""128,44016""",FLOAT16,ND,N/A,0.0,0,0.0,0.0,0.0,0.0,0.0,0.0,0.0,0.0,0.0,0.0,0.0,31.561,2083043,0.017,0.001,4.98,0.158,18.641,0.591,9.275,0.294,0.0,0.000
0,4294967295,258,47,aclnnMul_MulAiCore_Mul,Mul,dynamic,AI_VECTOR_CORE,1785697738477483.823	,332.867,0.060000,40,0,NO,"""4096,4096;4096,4096""",FLOAT;FLOAT,ND;ND,"""4096,4096""",FLOAT,ND,N/A,0.0,0,0.0,0.0,0.0,0.0,0.0,0.0,0.0,0.0,0.0,0.0,0.0,330.467,21810835,6.784,0.021,3.042,0.009,328.9,0.995,112.604,0.341,0.0,0.000
0,4294967295,259,47,Concat,Concat,dynamic,AI_VECTOR_CORE,1785697738477816.710	,34.881,0.133000,40,0,NO,"""128,16;128,32;128,64;128,128;128,256;128,512;128,2048;128,8192;128,32768""",FLOAT16;FLOAT16;FLOAT16;FLOAT16;FLOAT16;FLOAT16;FLOAT16;FLOAT16;FLOAT16,ND;ND;ND;ND;ND;ND;ND;ND;ND,"""128,44016""",FLOAT16,ND,N/A,0.0,0,0.0,0.0,0.0,0.0,0.0,0.0,0.0,0.0,0.0,0.0,0.0,32.422,2139829,0.017,0.001,4.9,0.151,18.799,0.58,9.787,0.302,0.0,0.000
0,4294967295,260,47,aclnnMul_MulAiCore_Mul,Mul,dynamic,AI_VECTOR_CORE,1785697738477851.611	,334.186,0.000000,40,0,NO,"""4096,4096;4096,4096""",FLOAT;FLOAT,ND;ND,"""4096,4096""",FLOAT,ND,N/A,0.0,0,0.0,0.0,0.0,0.0,0.0,0.0,0.0,0.0,0.0,0.0,0.0,330.849,21836018,6.784,0.021,2.935,0.009,329.394,0.996,112.73,0.341,0.0,0.000
0,4294967295,261,47,Concat,Concat,dynamic,AI_VECTOR_CORE,1785697738478185.817	,34.761,0.064000,40,0,NO,"""128,16;128,32;128,64;128,128;128,256;128,512;128,2048;128,8192;128,32768""",FLOAT16;FLOAT16;FLOAT16;FLOAT16;FLOAT16;FLOAT16;FLOAT16;FLOAT16;FLOAT16,ND;ND;ND;ND;ND;ND;ND;ND;ND,"""128,44016""",FLOAT16,ND,N/A,0.0,0,0.0,0.0,0.0,0.0,0.0,0.0,0.0,0.0,0.0,0.0,0.0,32.1,2118585,0.017,0.001,4.82,0.15,19.044,0.593,9.335,0.291,0.0,0.000
0,4294967295,262,47,aclnnMul_MulAiCore_Mul,Mul,dynamic,AI_VECTOR_CORE,1785697738478220.598	,334.187,0.000000,40,0,NO,"""4096,4096;4096,4096""",FLOAT;FLOAT,ND;ND,"""4096,4096""",FLOAT,ND,N/A,0.0,0,0.0,0.0,0.0,0.0,0.0,0.0,0.0,0.0,0.0,0.0,0.0,331.739,21894770,6.784,0.02,3.049,0.009,330.165,0.995,113.099,0.341,0.0,0.000
0,4294967295,263,47,Concat,Concat,dynamic,AI_VECTOR_CORE,1785697738478554.805	,34.120,0.063000,40,0,NO,"""128,16;128,32;128,64;128,128;128,256;128,512;128,2048;128,8192;128,32768""",FLOAT16;FLOAT16;FLOAT16;FLOAT16;FLOAT16;FLOAT16;FLOAT16;FLOAT16;FLOAT16,ND;ND;ND;ND;ND;ND;ND;ND;ND,"""128,44016""",FLOAT16,ND,N/A,0.0,0,0.0,0.0,0.0,0.0,0.0,0.0,0.0,0.0,0.0,0.0,0.0,31.459,2076271,0.017,0.001,5.024,0.16,18.184,0.578,9.613,0.306,0.0,0.000
0,4294967295,264,47,aclnnMul_MulAiCore_Mul,Mul,dynamic,AI_VECTOR_CORE,1785697738478588.965	,332.707,0.130000,40,0,NO,"""4096,4096;4096,4096""",FLOAT;FLOAT,ND;ND,"""4096,4096""",FLOAT,ND,N/A,0.0,0,0.0,0.0,0.0,0.0,0.0,0.0,0.0,0.0,0.0,0.0,0.0,330.552,21816419,6.784,0.021,3.064,0.009,328.952,0.995,112.883,0.341,0.0,0.000
0,4294967295,265,47,Concat,Concat,dynamic,AI_VECTOR_CORE,1785697738478921.692	,34.601,0.043000,40,0,NO,"""128,16;128,32;128,64;128,128;128,256;128,512;128,2048;128,8192;128,32768""",FLOAT16;FLOAT16;FLOAT16;FLOAT16;FLOAT16;FLOAT16;FLOAT16;FLOAT16;FLOAT16,ND;ND;ND;ND;ND;ND;ND;ND;ND,"""128,44016""",FLOAT16,ND,N/A,0.0,0,0.0,0.0,0.0,0.0,0.0,0.0,0.0,0.0,0.0,0.0,0.0,31.948,2108546,0.017,0.001,5.159,0.161,18.321,0.573,9.832,0.308,0.0,0.000
0,4294967295,266,47,aclnnMul_MulAiCore_Mul,Mul,dynamic,AI_VECTOR_CORE,1785697738478956.313	,332.906,0.000000,40,0,NO,"""4096,4096;4096,4096""",FLOAT;FLOAT,ND;ND,"""4096,4096""",FLOAT,ND,N/A,0.0,0,0.0,0.0,0.0,0.0,0.0,0.0,0.0,0.0,0.0,0.0,0.0,330.734,21828417,6.784,0.021,3.136,0.009,329.053,0.995,112.536,0.34,0.0,0.000
0,4294967295,267,47,Concat,Concat,dynamic,AI_VECTOR_CORE,1785697738479289.259	,35.981,0.094000,40,0,NO,"""128,16;128,32;128,64;128,128;128,256;128,512;128,2048;128,8192;128,32768""",FLOAT16;FLOAT16;FLOAT16;FLOAT16;FLOAT16;FLOAT16;FLOAT16;FLOAT16;FLOAT16,ND;ND;ND;ND;ND;ND;ND;ND;ND,"""128,44016""",FLOAT16,ND,N/A,0.0,0,0.0,0.0,0.0,0.0,0.0,0.0,0.0,0.0,0.0,0.0,0.0,33.345,2200750,0.017,0.001,4.545,0.136,19.51,0.585,10.25,0.307,0.0,0.000
0,4294967295,268,47,aclnnMul_MulAiCore_Mul,Mul,dynamic,AI_VECTOR_CORE,1785697738479325.260	,332.047,0.019000,40,0,NO,"""4096,4096;4096,4096""",FLOAT;FLOAT,ND;ND,"""4096,4096""",FLOAT,ND,N/A,0.0,0,0.0,0.0,0.0,0.0,0.0,0.0,0.0,0.0,0.0,0.0,0.0,329.833,21768965,6.784,0.021,3.036,0.009,328.26,0.995,112.824,0.342,0.0,0.000
0,4294967295,269,47,Concat,Concat,dynamic,AI_VECTOR_CORE,1785697738479657.327	,36.000,0.000000,40,0,NO,"""128,16;128,32;128,64;128,128;128,256;128,512;128,2048;128,8192;128,32768""",FLOAT16;FLOAT16;FLOAT16;FLOAT16;FLOAT16;FLOAT16;FLOAT16;FLOAT16;FLOAT16,ND;ND;ND;ND;ND;ND;ND;ND;ND,"""128,44016""",FLOAT16,ND,N/A,0.0,0,0.0,0.0,0.0,0.0,0.0,0.0,0.0,0.0,0.0,0.0,0.0,33.213,2192029,0.017,0.001,4.585,0.138,19.63,0.591,9.981,0.301,0.0,0.000
0,4294967295,270,47,aclnnMul_MulAiCore_Mul,Mul,dynamic,AI_VECTOR_CORE,1785697738479693.347	,333.027,0.000000,40,0,NO,"""4096,4096;4096,4096""",FLOAT;FLOAT,ND;ND,"""4096,4096""",FLOAT,ND,N/A,0.0,0,0.0,0.0,0.0,0.0,0.0,0.0,0.0,0.0,0.0,0.0,0.0,330.571,21817655,6.784,0.021,3.132,0.009,328.86,0.995,112.999,0.342,0.0,0.000
0,4294967295,271,47,Concat,Concat,dynamic,AI_VECTOR_CORE,1785697738480026.394	,35.201,0.223000,40,0,NO,"""128,16;128,32;128,64;128,128;128,256;128,512;128,2048;128,8192;128,32768""",FLOAT16;FLOAT16;FLOAT16;FLOAT16;FLOAT16;FLOAT16;FLOAT16;FLOAT16;FLOAT16,ND;ND;ND;ND;ND;ND;ND;ND;ND,"""128,44016""",FLOAT16,ND,N/A,0.0,0,0.0,0.0,0.0,0.0,0.0,0.0,0.0,0.0,0.0,0.0,0.0,32.39,2137741,0.017,0.001,4.814,0.149,19.103,0.59,9.757,0.301,0.0,0.000
0,4294967295,272,47,aclnnMul_MulAiCore_Mul,Mul,dynamic,AI_VECTOR_CORE,1785697738480061.615	,333.486,0.000000,40,0,NO,"""4096,4096;4096,4096""",FLOAT;FLOAT,ND;ND,"""4096,4096""",FLOAT,ND,N/A,0.0,0,0.0,0.0,0.0,0.0,0.0,0.0,0.0,0.0,0.0,0.0,0.0,330.925,21841027,6.784,0.021,3.044,0.009,329.334,0.995,111.629,0.337,0.0,0.000
0,4294967295,273,47,Concat,Concat,dynamic,AI_VECTOR_CORE,1785697738480395.121	,35.521,0.014000,40,0,NO,"""128,16;128,32;128,64;128,128;128,256;128,512;128,2048;128,8192;128,32768""",FLOAT16;FLOAT16;FLOAT16;FLOAT16;FLOAT16;FLOAT16;FLOAT16;FLOAT16;FLOAT16,ND;ND;ND;ND;ND;ND;ND;ND;ND,"""128,44016""",FLOAT16,ND,N/A,0.0,0,0.0,0.0,0.0,0.0,0.0,0.0,0.0,0.0,0.0,0.0,0.0,32.842,2167589,0.017,0.001,4.643,0.141,19.284,0.587,10.078,0.307,0.0,0.000
0,4294967295,274,47,aclnnMul_MulAiCore_Mul,Mul,dynamic,AI_VECTOR_CORE,1785697738480430.662	,333.307,0.229000,40,0,NO,"""4096,4096;4096,4096""",FLOAT;FLOAT,ND;ND,"""4096,4096""",FLOAT,ND,N/A,0.0,0,0.0,0.0,0.0,0.0,0.0,0.0,0.0,0.0,0.0,0.0,0.0,330.995,21845668,6.784,0.02,2.925,0.009,329.501,0.995,112.094,0.339,0.0,0.000
0,4294967295,275,47,Concat,Concat,dynamic,AI_VECTOR_CORE,1785697738480763.989	,35.860,0.000000,40,0,NO,"""128,16;128,32;128,64;128,128;128,256;128,512;128,2048;128,8192;128,32768""",FLOAT16;FLOAT16;FLOAT16;FLOAT16;FLOAT16;FLOAT16;FLOAT16;FLOAT16;FLOAT16,ND;ND;ND;ND;ND;ND;ND;ND;ND,"""128,44016""",FLOAT16,ND,N/A,0.0,0,0.0,0.0,0.0,0.0,0.0,0.0,0.0,0.0,0.0,0.0,0.0,33.317,2198901,0.017,0.001,4.497,0.135,19.721,0.592,10.048,0.302,0.0,0.000
0,4294967295,276,47,aclnnMul_MulAiCore_Mul,Mul,dynamic,AI_VECTOR_CORE,1785697738480799.889	,334.667,0.140000,40,0,NO,"""4096,4096;4096,4096""",FLOAT;FLOAT,ND;ND,"""4096,4096""",FLOAT,ND,N/A,0.0,0,0.0,0.0,0.0,0.0,0.0,0.0,0.0,0.0,0.0,0.0,0.0,331.895,21905046,6.784,0.02,3.039,0.009,330.278,0.995,114.416,0.345,0.0,0.000
0,4294967295,277,47,Concat,Concat,dynamic,AI_VECTOR_CORE,1785697738481134.576	,35.841,0.000000,40,0,NO,"""128,16;128,32;128,64;128,128;128,256;128,512;128,2048;128,8192;128,32768""",FLOAT16;FLOAT16;FLOAT16;FLOAT16;FLOAT16;FLOAT16;FLOAT16;FLOAT16;FLOAT16,ND;ND;ND;ND;ND;ND;ND;ND;ND,"""128,44016""",FLOAT16,ND,N/A,0.0,0,0.0,0.0,0.0,0.0,0.0,0.0,0.0,0.0,0.0,0.0,0.0,33.176,2189637,0.017,0.001,4.465,0.135,19.447,0.586,10.217,0.308,0.0,0.000
0,4294967295,278,47,aclnnMul_MulAiCore_Mul,Mul,dynamic,AI_VECTOR_CORE,1785697738481170.437	,332.447,0.159000,40,0,NO,"""4096,4096;4096,4096""",FLOAT;FLOAT,ND;ND,"""4096,4096""",FLOAT,ND,N/A,0.0,0,0.0,0.0,0.0,0.0,0.0,0.0,0.0,0.0,0.0,0.0,0.0,330.378,21804966,6.784,0.021,2.932,0.009,328.878,0.995,109.775,0.332,0.0,0.000
0,4294967295,279,47,Concat,Concat,dynamic,AI_VECTOR_CORE,1785697738481502.904	,35.180,0.053000,40,0,NO,"""128,16;128,32;128,64;128,128;128,256;128,512;128,2048;128,8192;128,32768""",FLOAT16;FLOAT16;FLOAT16;FLOAT16;FLOAT16;FLOAT16;FLOAT16;FLOAT16;FLOAT16,ND;ND;ND;ND;ND;ND;ND;ND;ND,"""128,44016""",FLOAT16,ND,N/A,0.0,0,0.0,0.0,0.0,0.0,0.0,0.0,0.0,0.0,0.0,0.0,0.0,31.828,2100637,0.017,0.001,4.738,0.149,18.578,0.584,9.676,0.304,0.0,0.000
0,4294967295,280,47,aclnnMul_MulAiCore_Mul,Mul,dynamic,AI_VECTOR_CORE,1785697738481538.104	,333.547,0.000000,40,0,NO,"""4096,4096;4096,4096""",FLOAT;FLOAT,ND;ND,"""4096,4096""",FLOAT,ND,N/A,0.0,0,0.0,0.0,0.0,0.0,0.0,0.0,0.0,0.0,0.0,0.0,0.0,330.602,21819731,6.784,0.021,3.076,0.009,329.022,0.995,112.398,0.34,0.0,0.000
0,4294967295,281,47,Concat,Concat,dynamic,AI_VECTOR_CORE,1785697738481871.671	,35.141,0.203000,40,0,NO,"""128,16;128,32;128,64;128,128;128,256;128,512;128,2048;128,8192;128,32768""",FLOAT16;FLOAT16;FLOAT16;FLOAT16;FLOAT16;FLOAT16;FLOAT16;FLOAT16;FLOAT16,ND;ND;ND;ND;ND;ND;ND;ND;ND,"""128,44016""",FLOAT16,ND,N/A,0.0,0,0.0,0.0,0.0,0.0,0.0,0.0,0.0,0.0,0.0,0.0,0.0,32.546,2148030,0.017,0.001,4.746,0.146,19.197,0.59,9.844,0.302,0.0,0.000
0,4294967295,282,47,aclnnMul_MulAiCore_Mul,Mul,dynamic,AI_VECTOR_CORE,1785697738481906.832	,332.066,0.000000,40,0,NO,"""4096,4096;4096,4096""",FLOAT;FLOAT,ND;ND,"""4096,4096""",FLOAT,ND,N/A,0.0,0,0.0,0.0,0.0,0.0,0.0,0.0,0.0,0.0,0.0,0.0,0.0,330.299,21799701,6.784,0.021,3.019,0.009,328.788,0.995,112.089,0.339,0.0,0.000
0,4294967295,283,47,Concat,Concat,dynamic,AI_VECTOR_CORE,1785697738482238.918	,35.021,0.184000,40,0,NO,"""128,16;128,32;128,64;128,128;128,256;128,512;128,2048;128,8192;128,32768""",FLOAT16;FLOAT16;FLOAT16;FLOAT16;FLOAT16;FLOAT16;FLOAT16;FLOAT16;FLOAT16,ND;ND;ND;ND;ND;ND;ND;ND;ND,"""128,44016""",FLOAT16,ND,N/A,0.0,0,0.0,0.0,0.0,0.0,0.0,0.0,0.0,0.0,0.0,0.0,0.0,32.423,2139935,0.017,0.001,4.933,0.152,18.966,0.585,9.633,0.297,0.0,0.000
0,4294967295,284,47,aclnnMul_MulAiCore_Mul,Mul,dynamic,AI_VECTOR_CORE,1785697738482273.979	,333.047,0.000000,40,0,NO,"""4096,4096;4096,4096""",FLOAT;FLOAT,ND;ND,"""4096,4096""",FLOAT,ND,N/A,0.0,0,0.0,0.0,0.0,0.0,0.0,0.0,0.0,0.0,0.0,0.0,0.0,331.105,21852928,6.784,0.02,3.362,0.01,329.206,0.994,111.799,0.338,0.0,0.000
0,4294967295,285,47,Concat,Concat,dynamic,AI_VECTOR_CORE,1785697738482607.046	,35.120,0.000000,40,0,NO,"""128,16;128,32;128,64;128,128;128,256;128,512;128,2048;128,8192;128,32768""",FLOAT16;FLOAT16;FLOAT16;FLOAT16;FLOAT16;FLOAT16;FLOAT16;FLOAT16;FLOAT16,ND;ND;ND;ND;ND;ND;ND;ND;ND,"""128,44016""",FLOAT16,ND,N/A,0.0,0,0.0,0.0,0.0,0.0,0.0,0.0,0.0,0.0,0.0,0.0,0.0,32.358,2135644,0.017,0.001,4.875,0.151,18.952,0.586,9.614,0.297,0.0,0.000
0,4294967295,286,47,aclnnMul_MulAiCore_Mul,Mul,dynamic,AI_VECTOR_CORE,1785697738482642.186	,331.987,0.130000,40,0,NO,"""4096,4096;4096,4096""",FLOAT;FLOAT,ND;ND,"""4096,4096""",FLOAT,ND,N/A,0.0,0,0.0,0.0,0.0,0.0,0.0,0.0,0.0,0.0,0.0,0.0,0.0,330.234,21795411,6.784,0.021,3.027,0.009,328.716,0.995,111.407,0.337,0.0,0.000
0,4294967295,287,47,Concat,Concat,dynamic,AI_VECTOR_CORE,1785697738482974.193	,34.641,0.013000,40,0,NO,"""128,16;128,32;128,64;128,128;128,256;128,512;128,2048;128,8192;128,32768""",FLOAT16;FLOAT16;FLOAT16;FLOAT16;FLOAT16;FLOAT16;FLOAT16;FLOAT16;FLOAT16,ND;ND;ND;ND;ND;ND;ND;ND;ND,"""128,44016""",FLOAT16,ND,N/A,0.0,0,0.0,0.0,0.0,0.0,0.0,0.0,0.0,0.0,0.0,0.0,0.0,31.593,2085115,0.017,0.001,5.013,0.159,18.51,0.586,9.383,0.297,0.0,0.000
0,4294967295,288,47,aclnnMul_MulAiCore_Mul,Mul,dynamic,AI_VECTOR_CORE,1785697738483008.874	,332.846,0.000000,40,0,NO,"""4096,4096;4096,4096""",FLOAT;FLOAT,ND;ND,"""4096,4096""",FLOAT,ND,N/A,0.0,0,0.0,0.0,0.0,0.0,0.0,0.0,0.0,0.0,0.0,0.0,0.0,330.456,21810112,6.784,0.021,3.087,0.009,328.809,0.995,111.631,0.338,0.0,0.000
0,4294967295,289,47,Concat,Concat,dynamic,AI_VECTOR_CORE,1785697738483341.740	,34.581,0.154000,40,0,NO,"""128,16;128,32;128,64;128,128;128,256;128,512;128,2048;128,8192;128,32768""",FLOAT16;FLOAT16;FLOAT16;FLOAT16;FLOAT16;FLOAT16;FLOAT16;FLOAT16;FLOAT16,ND;ND;ND;ND;ND;ND;ND;ND;ND,"""128,44016""",FLOAT16,ND,N/A,0.0,0,0.0,0.0,0.0,0.0,0.0,0.0,0.0,0.0,0.0,0.0,0.0,32.077,2117113,0.017,0.001,5.059,0.158,18.561,0.579,9.839,0.307,0.0,0.000
0,4294967295,290,47,aclnnMul_MulAiCore_Mul,Mul,dynamic,AI_VECTOR_CORE,1785697738483376.341	,335.027,0.000000,40,0,NO,"""4096,4096;4096,4096""",FLOAT;FLOAT,ND;ND,"""4096,4096""",FLOAT,ND,N/A,0.0,0,0.0,0.0,0.0,0.0,0.0,0.0,0.0,0.0,0.0,0.0,0.0,332.068,21916480,6.784,0.02,2.978,0.009,330.558,0.995,113.561,0.342,0.0,0.000
0,4294967295,291,47,Concat,Concat,dynamic,AI_VECTOR_CORE,1785697738483711.408	,35.120,0.223000,40,0,NO,"""128,16;128,32;128,64;128,128;128,256;128,512;128,2048;128,8192;128,32768""",FLOAT16;FLOAT16;FLOAT16;FLOAT16;FLOAT16;FLOAT16;FLOAT16;FLOAT16;FLOAT16,ND;ND;ND;ND;ND;ND;ND;ND;ND,"""128,44016""",FLOAT16,ND,N/A,0.0,0,0.0,0.0,0.0,0.0,0.0,0.0,0.0,0.0,0.0,0.0,0.0,32.315,2132804,0.017,0.001,4.954,0.153,18.698,0.579,9.783,0.303,0.0,0.000
0,4294967295,292,47,aclnnMul_MulAiCore_Mul,Mul,dynamic,AI_VECTOR_CORE,1785697738483746.548	,333.167,0.000000,40,0,NO,"""4096,4096;4096,4096""",FLOAT;FLOAT,ND;ND,"""4096,4096""",FLOAT,ND,N/A,0.0,0,0.0,0.0,0.0,0.0,0.0,0.0,0.0,0.0,0.0,0.0,0.0,330.784,21831767,6.784,0.021,3.037,0.009,329.234,0.995,114.516,0.346,0.0,0.000
0,4294967295,293,47,Concat,Concat,dynamic,AI_VECTOR_CORE,1785697738484079.755	,35.501,0.083000,40,0,NO,"""128,16;128,32;128,64;128,128;128,256;128,512;128,2048;128,8192;128,32768""",FLOAT16;FLOAT16;FLOAT16;FLOAT16;FLOAT16;FLOAT16;FLOAT16;FLOAT16;FLOAT16,ND;ND;ND;ND;ND;ND;ND;ND;ND,"""128,44016""",FLOAT16,ND,N/A,0.0,0,0.0,0.0,0.0,0.0,0.0,0.0,0.0,0.0,0.0,0.0,0.0,32.603,2151768,0.017,0.001,4.974,0.153,19.009,0.583,9.715,0.298,0.0,0.000
0,4294967295,294,47,aclnnMul_MulAiCore_Mul,Mul,dynamic,AI_VECTOR_CORE,1785697738484115.296	,332.986,0.000000,40,0,NO,"""4096,4096;4096,4096""",FLOAT;FLOAT,ND;ND,"""4096,4096""",FLOAT,ND,N/A,0.0,0,0.0,0.0,0.0,0.0,0.0,0.0,0.0,0.0,0.0,0.0,0.0,330.749,21829418,6.784,0.021,2.939,0.009,329.298,0.996,112.54,0.34,0.0,0.000
0,4294967295,295,47,Concat,Concat,dynamic,AI_VECTOR_CORE,1785697738484448.322	,34.241,0.014000,40,0,NO,"""128,16;128,32;128,64;128,128;128,256;128,512;128,2048;128,8192;128,32768""",FLOAT16;FLOAT16;FLOAT16;FLOAT16;FLOAT16;FLOAT16;FLOAT16;FLOAT16;FLOAT16,ND;ND;ND;ND;ND;ND;ND;ND;ND,"""128,44016""",FLOAT16,ND,N/A,0.0,0,0.0,0.0,0.0,0.0,0.0,0.0,0.0,0.0,0.0,0.0,0.0,31.381,2071176,0.017,0.001,4.931,0.157,18.206,0.58,9.495,0.303,0.0,0.000
0,4294967295,296,47,aclnnMul_MulAiCore_Mul,Mul,dynamic,AI_VECTOR_CORE,1785697738484482.583	,333.287,0.009000,40,0,NO,"""4096,4096;4096,4096""",FLOAT;FLOAT,ND;ND,"""4096,4096""",FLOAT,ND,N/A,0.0,0,0.0,0.0,0.0,0.0,0.0,0.0,0.0,0.0,0.0,0.0,0.0,331.14,21855272,6.784,0.02,3.167,0.01,329.47,0.995,113.198,0.342,0.0,0.000
0,4294967295,297,47,Concat,Concat,dynamic,AI_VECTOR_CORE,1785697738484815.890	,34.760,0.213000,40,0,NO,"""128,16;128,32;128,64;128,128;128,256;128,512;128,2048;128,8192;128,32768""",FLOAT16;FLOAT16;FLOAT16;FLOAT16;FLOAT16;FLOAT16;FLOAT16;FLOAT16;FLOAT16,ND;ND;ND;ND;ND;ND;ND;ND;ND,"""128,44016""",FLOAT16,ND,N/A,0.0,0,0.0,0.0,0.0,0.0,0.0,0.0,0.0,0.0,0.0,0.0,0.0,31.91,2106091,0.017,0.001,5.043,0.158,18.517,0.58,9.721,0.305,0.0,0.000
0,4294967295,298,47,aclnnMul_MulAiCore_Mul,Mul,dynamic,AI_VECTOR_CORE,1785697738484850.670	,332.467,0.000000,40,0,NO,"""4096,4096;4096,4096""",FLOAT;FLOAT,ND;ND,"""4096,4096""",FLOAT,ND,N/A,0.0,0,0.0,0.0,0.0,0.0,0.0,0.0,0.0,0.0,0.0,0.0,0.0,330.27,21797810,6.784,0.021,3.065,0.009,328.687,0.995,111.365,0.337,0.0,0.000
0,4294967295,299,47,Concat,Concat,dynamic,AI_VECTOR_CORE,1785697738485183.157	,35.761,0.033000,40,0,NO,"""128,16;128,32;128,64;128,128;128,256;128,512;128,2048;128,8192;128,32768""",FLOAT16;FLOAT16;FLOAT16;FLOAT16;FLOAT16;FLOAT16;FLOAT16;FLOAT16;FLOAT16,ND;ND;ND;ND;ND;ND;ND;ND;ND,"""128,44016""",FLOAT16,ND,N/A,0.0,0,0.0,0.0,0.0,0.0,0.0,0.0,0.0,0.0,0.0,0.0,0.0,32.828,2166615,0.017,0.001,4.479,0.136,19.366,0.59,9.934,0.303,0.0,0.000
