Device_id,Model ID,Task ID,Stream ID,Op Name,OP Type,OP State,Task Type,Task Start Time(us),Task Duration(us),Task Wait Time(us),Block Dim,Mix Block Dim,HF32 Eligible,Input Shapes,Input Data Types,Input Formats,Output Shapes,Output Data Types,Output Formats,Context ID,aicore_time(us),aic_total_cycles,aic_mac_time(us),aic_mac_ratio,aic_scalar_time(us),aic_scalar_ratio,aic_mte1_time(us),aic_mte1_ratio,aic_mte2_time(us),aic_mte2_ratio,aic_fixpipe_time(us),aic_fixpipe_ratio,aic_icache_miss_rate,aiv_time(us),aiv_total_cycles,aiv_vec_time(us),aiv_vec_ratio,aiv_scalar_time(us),aiv_scalar_ratio,aiv_mte2_time(us),aiv_mte2_ratio,aiv_mte3_time(us),aiv_mte3_ratio,aiv_icache_miss_rate,cube_utilization(%)
0,4294967295,0,47,aclnnMul_MulAiCore_Mul,Mul,dynamic,AI_VECTOR_CORE,1785698303716548.604	,261.045,0,40,0,NO,"""4096,4096;4096,4096""",FLOAT;FLOAT,ND;ND,"""4096,4096""",FLOAT,ND,N/A,0.0,0,0.0,0.0,0.0,0.0,0.0,0.0,0.0,0.0,0.0,0.0,0.0,258.016,17029080,6.784,0.026,3.885,0.015,251.575,0.975,79.291,0.307,0.011,0.000
0,4294967295,1,47,Concat,Concat,dynamic,AI_VECTOR_CORE,1785698306337934.139	,52.962,2621124.705000,40,0,NO,"""64,16;64,32;64,64;64,128;64,256;64,512;64,1024;64,2048;64,4096;64,8192;64,16;64,32;64,64;64,128;64,256;64,512;64,1024;64,2048;64,4096;64,8192;64,16;64,32;64,64;64,128;64,256;64,512;64,1024;64,2048;64,4096;64,8192;64,16;64,32;64,64;64,128;64,256;64,512;64,1024;64,2048;64,4096;64,8192;64,16;64,32;64,64;64,128;64,256;64,512;64,1024;64,2048;64,4096;64,8192;64,16;64,32;64,64;64,128;64,256;64,512;64,1024;64,2048;64,4096;64,8192;64,16;64,32;64,64;64,128""",FLOAT16;FLOAT16;FLOAT16;FLOAT16;FLOAT16;FLOAT16;FLOAT16;FLOAT16;FLOAT16;FLOAT16;FLOAT16;FLOAT16;FLOAT16;FLOAT16;FLOAT16;FLOAT16;FLOAT16;FLOAT16;FLOAT16;FLOAT16;FLOAT16;FLOAT16;FLOAT16;FLOAT16;FLOAT16;FLOAT16;FLOAT16;FLOAT16;FLOAT16;FLOAT16;FLOAT16;FLOAT16;FLOAT16;FLOAT16;FLOAT16;FLOAT16;FLOAT16;FLOAT16;FLOAT16;FLOAT16;FLOAT16;FLOAT16;FLOAT16;FLOAT16;FLOAT16;FLOAT16;FLOAT16;FLOAT16;FLOAT16;FLOAT16;FLOAT16;FLOAT16;FLOAT16;FLOAT16;FLOAT16;FLOAT16;FLOAT16;FLOAT16;FLOAT16;FLOAT16;FLOAT16;FLOAT16;FLOAT16;FLOAT16,ND;ND;ND;ND;ND;ND;ND;ND;ND;ND;ND;ND;ND;ND;ND;ND;ND;ND;ND;ND;ND;ND;ND;ND;ND;ND;ND;ND;ND;ND;ND;ND;ND;ND;ND;ND;ND;ND;ND;ND;ND;ND;ND;ND;ND;ND;ND;ND;ND;ND;ND;ND;ND;ND;ND;ND;ND;ND;ND;ND;ND;ND;ND;ND,"""64,98448""",FLOAT16,ND,N/A,0.0,0,0.0,0.0,0.0,0.0,0.0,0.0,0.0,0.0,0.0,0.0,0.0,48.393,1548588,0.035,0.001,13.302,0.275,20.451,0.423,14.264,0.295,0.039,0.000
0,4294967295,2,47,aclnnMul_MulAiCore_Mul,Mul,dynamic,AI_VECTOR_CORE,1785698306338085.902	,333.927,98.788000,40,0,NO,"""4096,4096;4096,4096""",FLOAT;FLOAT,ND;ND,"""4096,4096""",FLOAT,ND,N/A,0.0,0,0.0,0.0,0.0,0.0,0.0,0.0,0.0,0.0,0.0,0.0,0.0,248.539,16403566,6.784,0.027,2.684,0.011,247.309,0.995,83.817,0.337,0.0,0.000
0,4294967295,3,47,Concat,Concat,dynamic,AI_VECTOR_CORE,1785698306338419.849	,41.681,0.000000,40,0,NO,"""64,16;64,32;64,64;64,128;64,256;64,512;64,1024;64,2048;64,4096;64,8192;64,16;64,32;64,64;64,128;64,256;64,512;64,1024;64,2048;64,4096;64,8192;64,16;64,32;64,64;64,128;64,256;64,512;64,1024;64,2048;64,4096;64,8192;64,16;64,32;64,64;64,128;64,256;64,512;64,1024;64,2048;64,4096;64,8192;64,16;64,32;64,64;64,128;64,256;64,512;64,1024;64,2048;64,4096;64,8192;64,16;64,32;64,64;64,128;64,256;64,512;64,1024;64,2048;64,4096;64,8192;64,16;64,32;64,64;64,128""",FLOAT16;FLOAT16;FLOAT16;FLOAT16;FLOAT16;FLOAT16;FLOAT16;FLOAT16;FLOAT16;FLOAT16;FLOAT16;FLOAT16;FLOAT16;FLOAT16;FLOAT16;FLOAT16;FLOAT16;FLOAT16;FLOAT16;FLOAT16;FLOAT16;FLOAT16;FLOAT16;FLOAT16;FLOAT16;FLOAT16;FLOAT16;FLOAT16;FLOAT16;FLOAT16;FLOAT16;FLOAT16;FLOAT16;FLOAT16;FLOAT16;FLOAT16;FLOAT16;FLOAT16;FLOAT16;FLOAT16;FLOAT16;FLOAT16;FLOAT16;FLOAT16;FLOAT16;FLOAT16;FLOAT16;FLOAT16;FLOAT16;FLOAT16;FLOAT16;FLOAT16;FLOAT16;FLOAT16;FLOAT16;FLOAT16;FLOAT16;FLOAT16;FLOAT16;FLOAT16;FLOAT16;FLOAT16;FLOAT16;FLOAT16,ND;ND;ND;ND;ND;ND;ND;ND;ND;ND;ND;ND;ND;ND;ND;ND;ND;ND;ND;ND;ND;ND;ND;ND;ND;ND;ND;ND;ND;ND;ND;ND;ND;ND;ND;ND;ND;ND;ND;ND;ND;ND;ND;ND;ND;ND;ND;ND;ND;ND;ND;ND;ND;ND;ND;ND;ND;ND;ND;ND;ND;ND;ND;ND,"""64,98448""",FLOAT16,ND,N/A,0.0,0,0.0,0.0,0.0,0.0,0.0,0.0,0.0,0.0,0.0,0.0,0.0,38.53,2542991,0.017,0.0,6.487,0.168,21.266,0.552,13.734,0.356,0.0,0.000
0,4294967295,4,47,aclnnMul_MulAiCore_Mul,Mul,dynamic,AI_VECTOR_CORE,1785698306338461.570	,333.367,0.069000,40,0,NO,"""4096,4096;4096,4096""",FLOAT;FLOAT,ND;ND,"""4096,4096""",FLOAT,ND,N/A,0.0,0,0.0,0.0,0.0,0.0,0.0,0.0,0.0,0.0,0.0,0.0,0.0,331.081,21851371,6.784,0.02,3.061,0.009,329.461,0.995,111.165,0.336,0.0,0.000
0,4294967295,5,47,Concat,Concat,dynamic,AI_VECTOR_CORE,1785698306338794.957	,39.840,0.133000,40,0,NO,"""64,16;64,32;64,64;64,128;64,256;64,512;64,1024;64,2048;64,4096;64,8192;64,16;64,32;64,64;64,128;64,256;64,512;64,1024;64,2048;64,4096;64,8192;64,16;64,32;64,64;64,128;64,256;64,512;64,1024;64,2048;64,4096;64,8192;64,16;64,32;64,64;64,128;64,256;64,512;64,1024;64,2048;64,4096;64,8192;64,16;64,32;64,64;64,128;64,256;64,512;64,1024;64,2048;64,4096;64,8192;64,16;64,32;64,64;64,128;64,256;64,512;64,1024;64,2048;64,4096;64,8192;64,16;64,32;64,64;64,128""",FLOAT16;FLOAT16;FLOAT16;FLOAT16;FLOAT16;FLOAT16;FLOAT16;FLOAT16;FLOAT16;FLOAT16;FLOAT16;FLOAT16;FLOAT16;FLOAT16;FLOAT16;FLOAT16;FLOAT16;FLOAT16;FLOAT16;FLOAT16;FLOAT16;FLOAT16;FLOAT16;FLOAT16;FLOAT16;FLOAT16;FLOAT16;FLOAT16;FLOAT16;FLOAT16;FLOAT16;FLOAT16;FLOAT16;FLOAT16;FLOAT16;FLOAT16;FLOAT16;FLOAT16;FLOAT16;FLOAT16;FLOAT16;FLOAT16;FLOAT16;FLOAT16;FLOAT16;FLOAT16;FLOAT16;FLOAT16;FLOAT16;FLOAT16;FLOAT16;FLOAT16;FLOAT16;FLOAT16;FLOAT16;FLOAT16;FLOAT16;FLOAT16;FLOAT16;FLOAT16;FLOAT16;FLOAT16;FLOAT16;FLOAT16,ND;ND;ND;ND;ND;ND;ND;ND;ND;ND;ND;ND;ND;ND;ND;ND;ND;ND;ND;ND;ND;ND;ND;ND;ND;ND;ND;ND;ND;ND;ND;ND;ND;ND;ND;ND;ND;ND;ND;ND;ND;ND;ND;ND;ND;ND;ND;ND;ND;ND;ND;ND;ND;ND;ND;ND;ND;ND;ND;ND;ND;ND;ND;ND,"""64,98448""",FLOAT16,ND,N/A,0.0,0,0.0,0.0,0.0,0.0,0.0,0.0,0.0,0.0,0.0,0.0,0.0,36.501,2409045,0.017,0.0,9.356,0.256,21.563,0.591,11.225,0.308,0.0,0.000
0,4294967295,6,47,aclnnMul_MulAiCore_Mul,Mul,dynamic,AI_VECTOR_CORE,1785698306338834.817	,333.347,0.000000,40,0,NO,"""4096,4096;4096,4096""",FLOAT;FLOAT,ND;ND,"""4096,4096""",FLOAT,ND,N/A,0.0,0,0.0,0.0,0.0,0.0,0.0,0.0,0.0,0.0,0.0,0.0,0.0,331.258,21863030,6.784,0.02,3.111,0.009,329.572,0.995,113.018,0.341,0.0,0.000
0,4294967295,7,47,Concat,Concat,dynamic,AI_VECTOR_CORE,1785698306339168.184	,39.621,0.153000,40,0,NO,"""64,16;64,32;64,64;64,128;64,256;64,512;64,1024;64,2048;64,4096;64,8192;64,16;64,32;64,64;64,128;64,256;64,512;64,1024;64,2048;64,4096;64,8192;64,16;64,32;64,64;64,128;64,256;64,512;64,1024;64,2048;64,4096;64,8192;64,16;64,32;64,64;64,128;64,256;64,512;64,1024;64,2048;64,4096;64,8192;64,16;64,32;64,64;64,128;64,256;64,512;64,1024;64,2048;64,4096;64,8192;64,16;64,32;64,64;64,128;64,256;64,512;64,1024;64,2048;64,4096;64,8192;64,16;64,32;64,64;64,128""",FLOAT16;FLOAT16;FLOAT16;FLOAT16;FLOAT16;FLOAT16;FLOAT16;FLOAT16;FLOAT16;FLOAT16;FLOAT16;FLOAT16;FLOAT16;FLOAT16;FLOAT16;FLOAT16;FLOAT16;FLOAT16;FLOAT16;FLOAT16;FLOAT16;FLOAT16;FLOAT16;FLOAT16;FLOAT16;FLOAT16;FLOAT16;FLOAT16;FLOAT16;FLOAT16;FLOAT16;FLOAT16;FLOAT16;FLOAT16;FLOAT16;FLOAT16;FLOAT16;FLOAT16;FLOAT16;FLOAT16;FLOAT16;FLOAT16;FLOAT16;FLOAT16;FLOAT16;FLOAT16;FLOAT16;FLOAT16;FLOAT16;FLOAT16;FLOAT16;FLOAT16;FLOAT16;FLOAT16;FLOAT16;FLOAT16;FLOAT16;FLOAT16;FLOAT16;FLOAT16;FLOAT16;FLOAT16;FLOAT16;FLOAT16,ND;ND;ND;ND;ND;ND;ND;ND;ND;ND;ND;ND;ND;ND;ND;ND;ND;ND;ND;ND;ND;ND;ND;ND;ND;ND;ND;ND;ND;ND;ND;ND;ND;ND;ND;ND;ND;ND;ND;ND;ND;ND;ND;ND;ND;ND;ND;ND;ND;ND;ND;ND;ND;ND;ND;ND;ND;ND;ND;ND;ND;ND;ND;ND,"""64,98448""",FLOAT16,ND,N/A,0.0,0,0.0,0.0,0.0,0.0,0.0,0.0,0.0,0.0,0.0,0.0,0.0,36.957,2439137,0.017,0.0,10.275,0.278,21.898,0.593,11.435,0.309,0.0,0.000
0,4294967295,8,47,aclnnMul_MulAiCore_Mul,Mul,dynamic,AI_VECTOR_CORE,1785698306339207.825	,333.607,0.000000,40,0,NO,"""4096,4096;4096,4096""",FLOAT;FLOAT,ND;ND,"""4096,4096""",FLOAT,ND,N/A,0.0,0,0.0,0.0,0.0,0.0,0.0,0.0,0.0,0.0,0.0,0.0,0.0,331.822,21900243,6.784,0.02,2.925,0.009,330.405,0.996,111.782,0.337,0.0,0.000
0,4294967295,9,47,Concat,Concat,dynamic,AI_VECTOR_CORE,1785698306339541.472	,40.960,0.143000,40,0,NO,"""64,16;64,32;64,64;64,128;64,256;64,512;64,1024;64,2048;64,4096;64,8192;64,16;64,32;64,64;64,128;64,256;64,512;64,1024;64,2048;64,4096;64,8192;64,16;64,32;64,64;64,128;64,256;64,512;64,1024;64,2048;64,4096;64,8192;64,16;64,32;64,64;64,128;64,256;64,512;64,1024;64,2048;64,4096;64,8192;64,16;64,32;64,64;64,128;64,256;64,512;64,1024;64,2048;64,4096;64,8192;64,16;64,32;64,64;64,128;64,256;64,512;64,1024;64,2048;64,4096;64,8192;64,16;64,32;64,64;64,128""",FLOAT16;FLOAT16;FLOAT16;FLOAT16;FLOAT16;FLOAT16;FLOAT16;FLOAT16;FLOAT16;FLOAT16;FLOAT16;FLOAT16;FLOAT16;FLOAT16;FLOAT16;FLOAT16;FLOAT16;FLOAT16;FLOAT16;FLOAT16;FLOAT16;FLOAT16;FLOAT16;FLOAT16;FLOAT16;FLOAT16;FLOAT16;FLOAT16;FLOAT16;FLOAT16;FLOAT16;FLOAT16;FLOAT16;FLOAT16;FLOAT16;FLOAT16;FLOAT16;FLOAT16;FLOAT16;FLOAT16;FLOAT16;FLOAT16;FLOAT16;FLOAT16;FLOAT16;FLOAT16;FLOAT16;FLOAT16;FLOAT16;FLOAT16;FLOAT16;FLOAT16;FLOAT16;FLOAT16;FLOAT16;FLOAT16;FLOAT16;FLOAT16;FLOAT16;FLOAT16;FLOAT16;FLOAT16;FLOAT16;FLOAT16,ND;ND;ND;ND;ND;ND;ND;ND;ND;ND;ND;ND;ND;ND;ND;ND;ND;ND;ND;ND;ND;ND;ND;ND;ND;ND;ND;ND;ND;ND;ND;ND;ND;ND;ND;ND;ND;ND;ND;ND;ND;ND;ND;ND;ND;ND;ND;ND;ND;ND;ND;ND;ND;ND;ND;ND;ND;ND;ND;ND;ND;ND;ND;ND,"""64,98448""",FLOAT16,ND,N/A,0.0,0,0.0,0.0,0.0,0.0,0.0,0.0,0.0,0.0,0.0,0.0,0.0,37.86,2498774,0.017,0.0,11.632,0.307,22.305,0.589,11.555,0.305,0.0,0.000
0,4294967295,10,47,aclnnMul_MulAiCore_Mul,Mul,dynamic,AI_VECTOR_CORE,1785698306339582.472	,334.987,0.040000,40,0,NO,"""4096,4096;4096,4096""",FLOAT;FLOAT,ND;ND,"""4096,4096""",FLOAT,ND,N/A,0.0,0,0.0,0.0,0.0,0.0,0.0,0.0,0.0,0.0,0.0,0.0,0.0,332.13,21920561,6.784,0.02,3.004,0.009,330.535,0.995,112.504,0.339,0.0,0.000
0,4294967295,11,47,Concat,Concat,dynamic,AI_VECTOR_CORE,1785698306339917.479	,41.781,0.013000,40,0,NO,"""64,16;64,32;64,64;64,128;64,256;64,512;64,1024;64,2048;64,4096;64,8192;64,16;64,32;64,64;64,128;64,256;64,512;64,1024;64,2048;64,4096;64,8192;64,16;64,32;64,64;64,128;64,256;64,512;64,1024;64,2048;64,4096;64,8192;64,16;64,32;64,64;64,128;64,256;64,512;64,1024;64,2048;64,4096;64,8192;64,16;64,32;64,64;64,128;64,256;64,512;64,1024;64,2048;64,4096;64,8192;64,16;64,32;64,64;64,128;64,256;64,512;64,1024;64,2048;64,4096;64,8192;64,16;64,32;64,64;64,128""",FLOAT16;FLOAT16;FLOAT16;FLOAT16;FLOAT16;FLOAT16;FLOAT16;FLOAT16;FLOAT16;FLOAT16;FLOAT16;FLOAT16;FLOAT16;FLOAT16;FLOAT16;FLOAT16;FLOAT16;FLOAT16;FLOAT16;FLOAT16;FLOAT16;FLOAT16;FLOAT16;FLOAT16;FLOAT16;FLOAT16;FLOAT16;FLOAT16;FLOAT16;FLOAT16;FLOAT16;FLOAT16;FLOAT16;FLOAT16;FLOAT16;FLOAT16;FLOAT16;FLOAT16;FLOAT16;FLOAT16;FLOAT16;FLOAT16;FLOAT16;FLOAT16;FLOAT16;FLOAT16;FLOAT16;FLOAT16;FLOAT16;FLOAT16;FLOAT16;FLOAT16;FLOAT16;FLOAT16;FLOAT16;FLOAT16;FLOAT16;FLOAT16;FLOAT16;FLOAT16;FLOAT16;FLOAT16;FLOAT16;FLOAT16,ND;ND;ND;ND;ND;ND;ND;ND;ND;ND;ND;ND;ND;ND;ND;ND;ND;ND;ND;ND;ND;ND;ND;ND;ND;ND;ND;ND;ND;ND;ND;ND;ND;ND;ND;ND;ND;ND;ND;ND;ND;ND;ND;ND;ND;ND;ND;ND;ND;ND;ND;ND;ND;ND;ND;ND;ND;ND;ND;ND;ND;ND;ND;ND,"""64,98448""",FLOAT16,ND,N/A,0.0,0,0.0,0.0,0.0,0.0,0.0,0.0,0.0,0.0,0.0,0.0,0.0,38.554,2544587,0.017,0.0,15.624,0.405,21.769,0.565,11.857,0.308,0.0,0.000
0,4294967295,12,47,aclnnMul_MulAiCore_Mul,Mul,dynamic,AI_VECTOR_CORE,1785698306339959.300	,332.847,0.000000,40,0,NO,"""4096,4096;4096,4096""",FLOAT;FLOAT,ND;ND,"""4096,4096""",FLOAT,ND,N/A,0.0,0,0.0,0.0,0.0,0.0,0.0,0.0,0.0,0.0,0.0,0.0,0.0,330.711,21826905,6.784,0.021,2.934,0.009,329.25,0.996,110.035,0.333,0.0,0.000
0,4294967295,13,47,Concat,Concat,dynamic,AI_VECTOR_CORE,1785698306340292.167	,39.760,0.153000,40,0,NO,"""64,16;64,32;64,64;64,128;64,256;64,512;64,1024;64,2048;64,4096;64,8192;64,16;64,32;64,64;64,128;64,256;64,512;64,1024;64,2048;64,4096;64,8192;64,16;64,32;64,64;64,128;64,256;64,512;64,1024;64,2048;64,4096;64,8192;64,16;64,32;64,64;64,128;64,256;64,512;64,1024;64,2048;64,4096;64,8192;64,16;64,32;64,64;64,128;64,256;64,512;64,1024;64,2048;64,4096;64,8192;64,16;64,32;64,64;64,128;64,256;64,512;64,1024;64,2048;64,4096;64,8192;64,16;64,32;64,64;64,128""",FLOAT16;FLOAT16;FLOAT16;FLOAT16;FLOAT16;FLOAT16;FLOAT16;FLOAT16;FLOAT16;FLOAT16;FLOAT16;FLOAT16;FLOAT16;FLOAT16;FLOAT16;FLOAT16;FLOAT16;FLOAT16;FLOAT16;FLOAT16;FLOAT16;FLOAT16;FLOAT16;FLOAT16;FLOAT16;FLOAT16;FLOAT16;FLOAT16;FLOAT16;FLOAT16;FLOAT16;FLOAT16;FLOAT16;FLOAT16;FLOAT16;FLOAT16;FLOAT16;FLOAT16;FLOAT16;FLOAT16;FLOAT16;FLOAT16;FLOAT16;FLOAT16;FLOAT16;FLOAT16;FLOAT16;FLOAT16;FLOAT16;FLOAT16;FLOAT16;FLOAT16;FLOAT16;FLOAT16;FLOAT16;FLOAT16;FLOAT16;FLOAT16;FLOAT16;FLOAT16;FLOAT16;FLOAT16;FLOAT16;FLOAT16,ND;ND;ND;ND;ND;ND;ND;ND;ND;ND;ND;ND;ND;ND;ND;ND;ND;ND;ND;ND;ND;ND;ND;ND;ND;ND;ND;ND;ND;ND;ND;ND;ND;ND;ND;ND;ND;ND;ND;ND;ND;ND;ND;ND;ND;ND;ND;ND;ND;ND;ND;ND;ND;ND;ND;ND;ND;ND;ND;ND;ND;ND;ND;ND,"""64,98448""",FLOAT16,ND,N/A,0.0,0,0.0,0.0,0.0,0.0,0.0,0.0,0.0,0.0,0.0,0.0,0.0,36.537,2411436,0.017,0.0,12.927,0.354,21.366,0.585,11.299,0.309,0.0,0.000
0,4294967295,14,47,aclnnMul_MulAiCore_Mul,Mul,dynamic,AI_VECTOR_CORE,1785698306340331.947	,332.467,0.000000,40,0,NO,"""4096,4096;4096,4096""",FLOAT;FLOAT,ND;ND,"""4096,4096""",FLOAT,ND,N/A,0.0,0,0.0,0.0,0.0,0.0,0.0,0.0,0.0,0.0,0.0,0.0,0.0,330.385,21805386,6.784,0.021,3.046,0.009,328.82,0.995,111.048,0.336,0.0,0.000
0,4294967295,15,47,Concat,Concat,dynamic,AI_VECTOR_CORE,1785698306340664.434	,38.601,0.033000,40,0,NO,"""64,16;64,32;64,64;64,128;64,256;64,512;64,1024;64,2048;64,4096;64,8192;64,16;64,32;64,64;64,128;64,256;64,512;64,1024;64,2048;64,4096;64,8192;64,16;64,32;64,64;64,128;64,256;64,512;64,1024;64,2048;64,4096;64,8192;64,16;64,32;64,64;64,128;64,256;64,512;64,1024;64,2048;64,4096;64,8192;64,16;64,32;64,64;64,128;64,256;64,512;64,1024;64,2048;64,4096;64,8192;64,16;64,32;64,64;64,128;64,256;64,512;64,1024;64,2048;64,4096;64,8192;64,16;64,32;64,64;64,128""",FLOAT16;FLOAT16;FLOAT16;FLOAT16;FLOAT16;FLOAT16;FLOAT16;FLOAT16;FLOAT16;FLOAT16;FLOAT16;FLOAT16;FLOAT16;FLOAT16;FLOAT16;FLOAT16;FLOAT16;FLOAT16;FLOAT16;FLOAT16;FLOAT16;FLOAT16;FLOAT16;FLOAT16;FLOAT16;FLOAT16;FLOAT16;FLOAT16;FLOAT16;FLOAT16;FLOAT16;FLOAT16;FLOAT16;FLOAT16;FLOAT16;FLOAT16;FLOAT16;FLOAT16;FLOAT16;FLOAT16;FLOAT16;FLOAT16;FLOAT16;FLOAT16;FLOAT16;FLOAT16;FLOAT16;FLOAT16;FLOAT16;FLOAT16;FLOAT16;FLOAT16;FLOAT16;FLOAT16;FLOAT16;FLOAT16;FLOAT16;FLOAT16;FLOAT16;FLOAT16;FLOAT16;FLOAT16;FLOAT16;FLOAT16,ND;ND;ND;ND;ND;ND;ND;ND;ND;ND;ND;ND;ND;ND;ND;ND;ND;ND;ND;ND;ND;ND;ND;ND;ND;ND;ND;ND;ND;ND;ND;ND;ND;ND;ND;ND;ND;ND;ND;ND;ND;ND;ND;ND;ND;ND;ND;ND;ND;ND;ND;ND;ND;ND;ND;ND;ND;ND;ND;ND;ND;ND;ND;ND,"""64,98448""",FLOAT16,ND,N/A,0.0,0,0.0,0.0,0.0,0.0,0.0,0.0,0.0,0.0,0.0,0.0,0.0,35.48,2341688,0.017,0.0,11.354,0.32,20.699,0.583,11.226,0.316,0.0,0.000
0,4294967295,16,47,aclnnMul_MulAiCore_Mul,Mul,dynamic,AI_VECTOR_CORE,1785698306340703.055	,333.106,0.000000,40,0,NO,"""4096,4096;4096,4096""",FLOAT;FLOAT,ND;ND,"""4096,4096""",FLOAT,ND,N/A,0.0,0,0.0,0.0,0.0,0.0,0.0,0.0,0.0,0.0,0.0,0.0,0.0,330.985,21845023,6.784,0.02,3.105,0.009,329.324,0.995,111.602,0.337,0.0,0.000
0,4294967295,17,47,Concat,Concat,dynamic,AI_VECTOR_CORE,1785698306341036.181	,39.581,0.144000,40,0,NO,"""64,16;64,32;64,64;64,128;64,256;64,512;64,1024;64,2048;64,4096;64,8192;64,16;64,32;64,64;64,128;64,256;64,512;64,1024;64,2048;64,4096;64,8192;64,16;64,32;64,64;64,128;64,256;64,512;64,1024;64,2048;64,4096;64,8192;64,16;64,32;64,64;64,128;64,256;64,512;64,1024;64,2048;64,4096;64,8192;64,16;64,32;64,64;64,128;64,256;64,512;64,1024;64,2048;64,4096;64,8192;64,16;64,32;64,64;64,128;64,256;64,512;64,1024;64,2048;64,4096;64,8192;64,16;64,32;64,64;64,128""",FLOAT16;FLOAT16;FLOAT16;FLOAT16;FLOAT16;FLOAT16;FLOAT16;FLOAT16;FLOAT16;FLOAT16;FLOAT16;FLOAT16;FLOAT16;FLOAT16;FLOAT16;FLOAT16;FLOAT16;FLOAT16;FLOAT16;FLOAT16;FLOAT16;FLOAT16;FLOAT16;FLOAT16;FLOAT16;FLOAT16;FLOAT16;FLOAT16;FLOAT16;FLOAT16;FLOAT16;FLOAT16;FLOAT16;FLOAT16;FLOAT16;FLOAT16;FLOAT16;FLOAT16;FLOAT16;FLOAT16;FLOAT16;FLOAT16;FLOAT16;FLOAT16;FLOAT16;FLOAT16;FLOAT16;FLOAT16;FLOAT16;FLOAT16;FLOAT16;FLOAT16;FLOAT16;FLOAT16;FLOAT16;FLOAT16;FLOAT16;FLOAT16;FLOAT16;FLOAT16;FLOAT16;FLOAT16;FLOAT16;FLOAT16,ND;ND;ND;ND;ND;ND;ND;ND;ND;ND;ND;ND;ND;ND;ND;ND;ND;ND;ND;ND;ND;ND;ND;ND;ND;ND;ND;ND;ND;ND;ND;ND;ND;ND;ND;ND;ND;ND;ND;ND;ND;ND;ND;ND;ND;ND;ND;ND;ND;ND;ND;ND;ND;ND;ND;ND;ND;ND;ND;ND;ND;ND;ND;ND,"""64,98448""",FLOAT16,ND,N/A,0.0,0,0.0,0.0,0.0,0.0,0.0,0.0,0.0,0.0,0.0,0.0,0.0,35.069,2314528,0.017,0.0,10.069,0.287,19.162,0.546,10.688,0.305,0.0,0.000
0,4294967295,18,47,aclnnMul_MulAiCore_Mul,Mul,dynamic,AI_VECTOR_CORE,1785698306341075.782	,333.927,0.000000,40,0,NO,"""4096,4096;4096,4096""",FLOAT;FLOAT,ND;ND,"""4096,4096""",FLOAT,ND,N/A,0.0,0,0.0,0.0,0.0,0.0,0.0,0.0,0.0,0.0,0.0,0.0,0.0,332.025,21913641,6.784,0.02,3.004,0.009,330.518,0.995,112.365,0.338,0.0,0.000
0,4294967295,19,47,Concat,Concat,dynamic,AI_VECTOR_CORE,1785698306341409.729	,41.321,0.073000,40,0,NO,"""64,16;64,32;64,64;64,128;64,256;64,512;64,1024;64,2048;64,4096;64,8192;64,16;64,32;64,64;64,128;64,256;64,512;64,1024;64,2048;64,4096;64,8192;64,16;64,32;64,64;64,128;64,256;64,512;64,1024;64,2048;64,4096;64,8192;64,16;64,32;64,64;64,128;64,256;64,512;64,1024;64,2048;64,4096;64,8192;64,16;64,32;64,64;64,128;64,256;64,512;64,1024;64,2048;64,4096;64,8192;64,16;64,32;64,64;64,128;64,256;64,512;64,1024;64,2048;64,4096;64,8192;64,16;64,32;64,64;64,128""",FLOAT16;FLOAT16;FLOAT16;FLOAT16;FLOAT16;FLOAT16;FLOAT16;FLOAT16;FLOAT16;FLOAT16;FLOAT16;FLOAT16;FLOAT16;FLOAT16;FLOAT16;FLOAT16;FLOAT16;FLOAT16;FLOAT16;FLOAT16;FLOAT16;FLOAT16;FLOAT16;FLOAT16;FLOAT16;FLOAT16;FLOAT16;FLOAT16;FLOAT16;FLOAT16;FLOAT16;FLOAT16;FLOAT16;FLOAT16;FLOAT16;FLOAT16;FLOAT16;FLOAT16;FLOAT16;FLOAT16;FLOAT16;FLOAT16;FLOAT16;FLOAT16;FLOAT16;FLOAT16;FLOAT16;FLOAT16;FLOAT16;FLOAT16;FLOAT16;FLOAT16;FLOAT16;FLOAT16;FLOAT16;FLOAT16;FLOAT16;FLOAT16;FLOAT16;FLOAT16;FLOAT16;FLOAT16;FLOAT16;FLOAT16,ND;ND;ND;ND;ND;ND;ND;ND;ND;ND;ND;ND;ND;ND;ND;ND;ND;ND;ND;ND;ND;ND;ND;ND;ND;ND;ND;ND;ND;ND;ND;ND;ND;ND;ND;ND;ND;ND;ND;ND;ND;ND;ND;ND;ND;ND;ND;ND;ND;ND;ND;ND;ND;ND;ND;ND;ND;ND;ND;ND;ND;ND;ND;ND,"""64,98448""",FLOAT16,ND,N/A,0.0,0,0.0,0.0,0.0,0.0,0.0,0.0,0.0,0.0,0.0,0.0,0.0,38.182,2520040,0.017,0.0,7.162,0.188,22.827,0.598,11.792,0.309,0.0,0.000
0,4294967295,20,47,aclnnMul_MulAiCore_Mul,Mul,dynamic,AI_VECTOR_CORE,1785698306341451.070	,333.606,0.000000,40,0,NO,"""4096,4096;4096,4096""",FLOAT;FLOAT,ND;ND,"""4096,4096""",FLOAT,ND,N/A,0.0,0,0.0,0.0,0.0,0.0,0.0,0.0,0.0,0.0,0.0,0.0,0.0,331.354,21869334,6.784,0.02,3.144,0.009,329.65,0.995,113.101,0.341,0.0,0.000
0,4294967295,21,47,Concat,Concat,dynamic,AI_VECTOR_CORE,1785698306341784.696	,40.041,0.144000,40,0,NO,"""64,16;64,32;64,64;64,128;64,256;64,512;64,1024;64,2048;64,4096;64,8192;64,16;64,32;64,64;64,128;64,256;64,512;64,1024;64,2048;64,4096;64,8192;64,16;64,32;64,64;64,128;64,256;64,512;64,1024;64,2048;64,4096;64,8192;64,16;64,32;64,64;64,128;64,256;64,512;64,1024;64,2048;64,4096;64,8192;64,16;64,32;64,64;64,128;64,256;64,512;64,1024;64,2048;64,4096;64,8192;64,16;64,32;64,64;64,128;64,256;64,512;64,1024;64,2048;64,4096;64,8192;64,16;64,32;64,64;64,128""",FLOAT16;FLOAT16;FLOAT16;FLOAT16;FLOAT16;FLOAT16;FLOAT16;FLOAT16;FLOAT16;FLOAT16;FLOAT16;FLOAT16;FLOAT16;FLOAT16;FLOAT16;FLOAT16;FLOAT16;FLOAT16;FLOAT16;FLOAT16;FLOAT16;FLOAT16;FLOAT16;FLOAT16;FLOAT16;FLOAT16;FLOAT16;FLOAT16;FLOAT16;FLOAT16;FLOAT16;FLOAT16;FLOAT16;FLOAT16;FLOAT16;FLOAT16;FLOAT16;FLOAT16;FLOAT16;FLOAT16;FLOAT16;FLOAT16;FLOAT16;FLOAT16;FLOAT16;FLOAT16;FLOAT16;FLOAT16;FLOAT16;FLOAT16;FLOAT16;FLOAT16;FLOAT16;FLOAT16;FLOAT16;FLOAT16;FLOAT16;FLOAT16;FLOAT16;FLOAT16;FLOAT16;FLOAT16;FLOAT16;FLOAT16,ND;ND;ND;ND;ND;ND;ND;ND;ND;ND;ND;ND;ND;ND;ND;ND;ND;ND;ND;ND;ND;ND;ND;ND;ND;ND;ND;ND;ND;ND;ND;ND;ND;ND;ND;ND;ND;ND;ND;ND;ND;ND;ND;ND;ND;ND;ND;ND;ND;ND;ND;ND;ND;ND;ND;ND;ND;ND;ND;ND;ND;ND;ND;ND,"""64,98448""",FLOAT16,ND,N/A,0.0,0,0.0,0.0,0.0,0.0,0.0,0.0,0.0,0.0,0.0,0.0,0.0,36.893,2434911,0.017,0.0,8.681,0.235,21.647,0.587,11.773,0.319,0.0,0.000
0,4294967295,22,47,aclnnMul_MulAiCore_Mul,Mul,dynamic,AI_VECTOR_CORE,1785698306341824.777	,334.247,0.000000,40,0,NO,"""4096,4096;4096,4096""",FLOAT;FLOAT,ND;ND,"""4096,4096""",FLOAT,ND,N/A,0.0,0,0.0,0.0,0.0,0.0,0.0,0.0,0.0,0.0,0.0,0.0,0.0,331.717,21893302,6.784,0.02,3.007,0.009,330.149,0.995,112.492,0.339,0.0,0.000
0,4294967295,23,47,Concat,Concat,dynamic,AI_VECTOR_CORE,1785698306342159.044	,39.041,0.003000,40,0,NO,"""64,16;64,32;64,64;64,128;64,256;64,512;64,1024;64,2048;64,4096;64,8192;64,16;64,32;64,64;64,128;64,256;64,512;64,1024;64,2048;64,4096;64,8192;64,16;64,32;64,64;64,128;64,256;64,512;64,1024;64,2048;64,4096;64,8192;64,16;64,32;64,64;64,128;64,256;64,512;64,1024;64,2048;64,4096;64,8192;64,16;64,32;64,64;64,128;64,256;64,512;64,1024;64,2048;64,4096;64,8192;64,16;64,32;64,64;64,128;64,256;64,512;64,1024;64,2048;64,4096;64,8192;64,16;64,32;64,64;64,128""",FLOAT16;FLOAT16;FLOAT16;FLOAT16;FLOAT16;FLOAT16;FLOAT16;FLOAT16;FLOAT16;FLOAT16;FLOAT16;FLOAT16;FLOAT16;FLOAT16;FLOAT16;FLOAT16;FLOAT16;FLOAT16;FLOAT16;FLOAT16;FLOAT16;FLOAT16;FLOAT16;FLOAT16;FLOAT16;FLOAT16;FLOAT16;FLOAT16;FLOAT16;FLOAT16;FLOAT16;FLOAT16;FLOAT16;FLOAT16;FLOAT16;FLOAT16;FLOAT16;FLOAT16;FLOAT16;FLOAT16;FLOAT16;FLOAT16;FLOAT16;FLOAT16;FLOAT16;FLOAT16;FLOAT16;FLOAT16;FLOAT16;FLOAT16;FLOAT16;FLOAT16;FLOAT16;FLOAT16;FLOAT16;FLOAT16;FLOAT16;FLOAT16;FLOAT16;FLOAT16;FLOAT16;FLOAT16;FLOAT16;FLOAT16,ND;ND;ND;ND;ND;ND;ND;ND;ND;ND;ND;ND;ND;ND;ND;ND;ND;ND;ND;ND;ND;ND;ND;ND;ND;ND;ND;ND;ND;ND;ND;ND;ND;ND;ND;ND;ND;ND;ND;ND;ND;ND;ND;ND;ND;ND;ND;ND;ND;ND;ND;ND;ND;ND;ND;ND;ND;ND;ND;ND;ND;ND;ND;ND,"""64,98448""",FLOAT16,ND,N/A,0.0,0,0.0,0.0,0.0,0.0,0.0,0.0,0.0,0.0,0.0,0.0,0.0,35.554,2346581,0.017,0.0,10.014,0.282,20.159,0.567,11.102,0.312,0.0,0.000
0,4294967295,24,47,aclnnMul_MulAiCore_Mul,Mul,dynamic,AI_VECTOR_CORE,1785698306342198.125	,334.486,0.000000,40,0,NO,"""4096,4096;4096,4096""",FLOAT;FLOAT,ND;ND,"""4096,4096""",FLOAT,ND,N/A,0.0,0,0.0,0.0,0.0,0.0,0.0,0.0,0.0,0.0,0.0,0.0,0.0,332.42,21939734,6.784,0.02,3.048,0.009,330.831,0.995,111.09,0.334,0.0,0.000
0,4294967295,25,47,Concat,Concat,dynamic,AI_VECTOR_CORE,1785698306342532.631	,42.141,0.264000,40,0,NO,"""64,16;64,32;64,64;64,128;64,256;64,512;64,1024;64,2048;64,4096;64,8192;64,16;64,32;64,64;64,128;64,256;64,512;64,1024;64,2048;64,4096;64,8192;64,16;64,32;64,64;64,128;64,256;64,512;64,1024;64,2048;64,4096;64,8192;64,16;64,32;64,64;64,128;64,256;64,512;64,1024;64,2048;64,4096;64,8192;64,16;64,32;64,64;64,128;64,256;64,512;64,1024;64,2048;64,4096;64,8192;64,16;64,32;64,64;64,128;64,256;64,512;64,1024;64,2048;64,4096;64,8192;64,16;64,32;64,64;64,128""",FLOAT16;FLOAT16;FLOAT16;FLOAT16;FLOAT16;FLOAT16;FLOAT16;FLOAT16;FLOAT16;FLOAT16;FLOAT16;FLOAT16;FLOAT16;FLOAT16;FLOAT16;FLOAT16;FLOAT16;FLOAT16;FLOAT16;FLOAT16;FLOAT16;FLOAT16;FLOAT16;FLOAT16;FLOAT16;FLOAT16;FLOAT16;FLOAT16;FLOAT16;FLOAT16;FLOAT16;FLOAT16;FLOAT16;FLOAT16;FLOAT16;FLOAT16;FLOAT16;FLOAT16;FLOAT16;FLOAT16;FLOAT16;FLOAT16;FLOAT16;FLOAT16;FLOAT16;FLOAT16;FLOAT16;FLOAT16;FLOAT16;FLOAT16;FLOAT16;FLOAT16;FLOAT16;FLOAT16;FLOAT16;FLOAT16;FLOAT16;FLOAT16;FLOAT16;FLOAT16;FLOAT16;FLOAT16;FLOAT16;FLOAT16,ND;ND;ND;ND;ND;ND;ND;ND;ND;ND;ND;ND;ND;ND;ND;ND;ND;ND;ND;ND;ND;ND;ND;ND;ND;ND;ND;ND;ND;ND;ND;ND;ND;ND;ND;ND;ND;ND;ND;ND;ND;ND;ND;ND;ND;ND;ND;ND;ND;ND;ND;ND;ND;ND;ND;ND;ND;ND;ND;ND;ND;ND;ND;ND,"""64,98448""",FLOAT16,ND,N/A,0.0,0,0.0,0.0,0.0,0.0,0.0,0.0,0.0,0.0,0.0,0.0,0.0,38.497,2540807,0.017,0.0,12.411,0.322,22.135,0.575,11.449,0.297,0.0,0.000
0,4294967295,26,47,aclnnMul_MulAiCore_Mul,Mul,dynamic,AI_VECTOR_CORE,1785698306342574.792	,333.467,0.000000,40,0,NO,"""4096,4096;4096,4096""",FLOAT;FLOAT,ND;ND,"""4096,4096""",FLOAT,ND,N/A,0.0,0,0.0,0.0,0.0,0.0,0.0,0.0,0.0,0.0,0.0,0.0,0.0,331.52,21880350,6.784,0.02,2.931,0.009,330.052,0.996,112.219,0.338,0.0,0.000
0,4294967295,27,47,Concat,Concat,dynamic,AI_VECTOR_CORE,1785698306342908.279	,41.021,0.033000,40,0,NO,"""64,16;64,32;64,64;64,128;64,256;64,512;64,1024;64,2048;64,4096;64,8192;64,16;64,32;64,64;64,128;64,256;64,512;64,1024;64,2048;64,4096;64,8192;64,16;64,32;64,64;64,128;64,256;64,512;64,1024;64,2048;64,4096;64,8192;64,16;64,32;64,64;64,128;64,256;64,512;64,1024;64,2048;64,4096;64,8192;64,16;64,32;64,64;64,128;64,256;64,512;64,1024;64,2048;64,4096;64,8192;64,16;64,32;64,64;64,128;64,256;64,512;64,1024;64,2048;64,4096;64,8192;64,16;64,32;64,64;64,128""",FLOAT16;FLOAT16;FLOAT16;FLOAT16;FLOAT16;FLOAT16;FLOAT16;FLOAT16;FLOAT16;FLOAT16;FLOAT16;FLOAT16;FLOAT16;FLOAT16;FLOAT16;FLOAT16;FLOAT16;FLOAT16;FLOAT16;FLOAT16;FLOAT16;FLOAT16;FLOAT16;FLOAT16;FLOAT16;FLOAT16;FLOAT16;FLOAT16;FLOAT16;FLOAT16;FLOAT16;FLOAT16;FLOAT16;FLOAT16;FLOAT16;FLOAT16;FLOAT16;FLOAT16;FLOAT16;FLOAT16;FLOAT16;FLOAT16;FLOAT16;FLOAT16;FLOAT16;FLOAT16;FLOAT16;FLOAT16;FLOAT16;FLOAT16;FLOAT16;FLOAT16;FLOAT16;FLOAT16;FLOAT16;FLOAT16;FLOAT16;FLOAT16;FLOAT16;FLOAT16;FLOAT16;FLOAT16;FLOAT16;FLOAT16,ND;ND;ND;ND;ND;ND;ND;ND;ND;ND;ND;ND;ND;ND;ND;ND;ND;ND;ND;ND;ND;ND;ND;ND;ND;ND;ND;ND;ND;ND;ND;ND;ND;ND;ND;ND;ND;ND;ND;ND;ND;ND;ND;ND;ND;ND;ND;ND;ND;ND;ND;ND;ND;ND;ND;ND;ND;ND;ND;ND;ND;ND;ND;ND,"""64,98448""",FLOAT16,ND,N/A,0.0,0,0.0,0.0,0.0,0.0,0.0,0.0,0.0,0.0,0.0,0.0,0.0,38.174,2519458,0.017,0.0,12.957,0.339,22.125,0.58,11.868,0.311,0.0,0.000
0,4294967295,28,47,aclnnMul_MulAiCore_Mul,Mul,dynamic,AI_VECTOR_CORE,1785698306342949.320	,334.586,0.000000,40,0,NO,"""4096,4096;4096,4096""",FLOAT;FLOAT,ND;ND,"""4096,4096""",FLOAT,ND,N/A,0.0,0,0.0,0.0,0.0,0.0,0.0,0.0,0.0,0.0,0.0,0.0,0.0,332.069,21916525,6.784,0.02,3.033,0.009,330.472,0.995,112.481,0.339,0.0,0.000
0,4294967295,29,47,Concat,Concat,dynamic,AI_VECTOR_CORE,1785698306343283.926	,40.821,0.164000,40,0,NO,"""64,16;64,32;64,64;64,128;64,256;64,512;64,1024;64,2048;64,4096;64,8192;64,16;64,32;64,64;64,128;64,256;64,512;64,1024;64,2048;64,4096;64,8192;64,16;64,32;64,64;64,128;64,256;64,512;64,1024;64,2048;64,4096;64,8192;64,16;64,32;64,64;64,128;64,256;64,512;64,1024;64,2048;64,4096;64,8192;64,16;64,32;64,64;64,128;64,256;64,512;64,1024;64,2048;64,4096;64,8192;64,16;64,32;64,64;64,128;64,256;64,512;64,1024;64,2048;64,4096;64,8192;64,16;64,32;64,64;64,128""",FLOAT16;FLOAT16;FLOAT16;FLOAT16;FLOAT16;FLOAT16;FLOAT16;FLOAT16;FLOAT16;FLOAT16;FLOAT16;FLOAT16;FLOAT16;FLOAT16;FLOAT16;FLOAT16;FLOAT16;FLOAT16;FLOAT16;FLOAT16;FLOAT16;FLOAT16;FLOAT16;FLOAT16;FLOAT16;FLOAT16;FLOAT16;FLOAT16;FLOAT16;FLOAT16;FLOAT16;FLOAT16;FLOAT16;FLOAT16;FLOAT16;FLOAT16;FLOAT16;FLOAT16;FLOAT16;FLOAT16;FLOAT16;FLOAT16;FLOAT16;FLOAT16;FLOAT16;FLOAT16;FLOAT16;FLOAT16;FLOAT16;FLOAT16;FLOAT16;FLOAT16;FLOAT16;FLOAT16;FLOAT16;FLOAT16;FLOAT16;FLOAT16;FLOAT16;FLOAT16;FLOAT16;FLOAT16;FLOAT16;FLOAT16,ND;ND;ND;ND;ND;ND;ND;ND;ND;ND;ND;ND;ND;ND;ND;ND;ND;ND;ND;ND;ND;ND;ND;ND;ND;ND;ND;ND;ND;ND;ND;ND;ND;ND;ND;ND;ND;ND;ND;ND;ND;ND;ND;ND;ND;ND;ND;ND;ND;ND;ND;ND;ND;ND;ND;ND;ND;ND;ND;ND;ND;ND;ND;ND,"""64,98448""",FLOAT16,ND,N/A,0.0,0,0.0,0.0,0.0,0.0,0.0,0.0,0.0,0.0,0.0,0.0,0.0,36.669,2420124,0.017,0.0,13.296,0.363,21.596,0.589,10.943,0.298,0.0,0.000
0,4294967295,30,47,aclnnMul_MulAiCore_Mul,Mul,dynamic,AI_VECTOR_CORE,1785698306343324.767	,334.047,0.000000,40,0,NO,"""4096,4096;4096,4096""",FLOAT;FLOAT,ND;ND,"""4096,4096""",FLOAT,ND,N/A,0.0,0,0.0,0.0,0.0,0.0,0.0,0.0,0.0,0.0,0.0,0.0,0.0,331.527,21880755,6.784,0.02,3.013,0.009,329.987,0.995,111.819,0.337,0.0,0.000
0,4294967295,31,47,Concat,Concat,dynamic,AI_VECTOR_CORE,1785698306343658.854	,39.341,0.000000,40,0,NO,"""64,16;64,32;64,64;64,128;64,256;64,512;64,1024;64,2048;64,4096;64,8192;64,16;64,32;64,64;64,128;64,256;64,512;64,1024;64,2048;64,4096;64,8192;64,16;64,32;64,64;64,128;64,256;64,512;64,1024;64,2048;64,4096;64,8192;64,16;64,32;64,64;64,128;64,256;64,512;64,1024;64,2048;64,4096;64,8192;64,16;64,32;64,64;64,128;64,256;64,512;64,1024;64,2048;64,4096;64,8192;64,16;64,32;64,64;64,128;64,256;64,512;64,1024;64,2048;64,4096;64,8192;64,16;64,32;64,64;64,128""",FLOAT16;FLOAT16;FLOAT16;FLOAT16;FLOAT16;FLOAT16;FLOAT16;FLOAT16;FLOAT16;FLOAT16;FLOAT16;FLOAT16;FLOAT16;FLOAT16;FLOAT16;FLOAT16;FLOAT16;FLOAT16;FLOAT16;FLOAT16;FLOAT16;FLOAT16;FLOAT16;FLOAT16;FLOAT16;FLOAT16;FLOAT16;FLOAT16;FLOAT16;FLOAT16;FLOAT16;FLOAT16;FLOAT16;FLOAT16;FLOAT16;FLOAT16;FLOAT16;FLOAT16;FLOAT16;FLOAT16;FLOAT16;FLOAT16;FLOAT16;FLOAT16;FLOAT16;FLOAT16;FLOAT16;FLOAT16;FLOAT16;FLOAT16;FLOAT16;FLOAT16;FLOAT16;FLOAT16;FLOAT16;FLOAT16;FLOAT16;FLOAT16;FLOAT16;FLOAT16;FLOAT16;FLOAT16;FLOAT16;FLOAT16,ND;ND;ND;ND;ND;ND;ND;ND;ND;ND;ND;ND;ND;ND;ND;ND;ND;ND;ND;ND;ND;ND;ND;ND;ND;ND;ND;ND;ND;ND;ND;ND;ND;ND;ND;ND;ND;ND;ND;ND;ND;ND;ND;ND;ND;ND;ND;ND;ND;ND;ND;ND;ND;ND;ND;ND;ND;ND;ND;ND;ND;ND;ND;ND,"""64,98448""",FLOAT16,ND,N/A,0.0,0,0.0,0.0,0.0,0.0,0.0,0.0,0.0,0.0,0.0,0.0,0.0,36.221,2390616,0.017,0.0,12.706,0.351,21.318,0.589,11.23,0.31,0.0,0.000
0,4294967295,32,47,aclnnMul_MulAiCore_Mul,Mul,dynamic,AI_VECTOR_CORE,1785698306343698.215	,334.126,0.159000,40,0,NO,"""4096,4096;4096,4096""",FLOAT;FLOAT,ND;ND,"""4096,4096""",FLOAT,ND,N/A,0.0,0,0.0,0.0,0.0,0.0,0.0,0.0,0.0,0.0,0.0,0.0,0.0,332.094,21918201,6.784,0.02,3.126,0.009,330.343,0.995,112.16,0.338,0.0,0.000
0,4294967295,33,47,Concat,Concat,dynamic,AI_VECTOR_CORE,1785698306344032.361	,41.221,0.000000,40,0,NO,"""64,16;64,32;64,64;64,128;64,256;64,512;64,1024;64,2048;64,4096;64,8192;64,16;64,32;64,64;64,128;64,256;64,512;64,1024;64,2048;64,4096;64,8192;64,16;64,32;64,64;64,128;64,256;64,512;64,1024;64,2048;64,4096;64,8192;64,16;64,32;64,64;64,128;64,256;64,512;64,1024;64,2048;64,4096;64,8192;64,16;64,32;64,64;64,128;64,256;64,512;64,1024;64,2048;64,4096;64,8192;64,16;64,32;64,64;64,128;64,256;64,512;64,1024;64,2048;64,4096;64,8192;64,16;64,32;64,64;64,128""",FLOAT16;FLOAT16;FLOAT16;FLOAT16;FLOAT16;FLOAT16;FLOAT16;FLOAT16;FLOAT16;FLOAT16;FLOAT16;FLOAT16;FLOAT16;FLOAT16;FLOAT16;FLOAT16;FLOAT16;FLOAT16;FLOAT16;FLOAT16;FLOAT16;FLOAT16;FLOAT16;FLOAT16;FLOAT16;FLOAT16;FLOAT16;FLOAT16;FLOAT16;FLOAT16;FLOAT16;FLOAT16;FLOAT16;FLOAT16;FLOAT16;FLOAT16;FLOAT16;FLOAT16;FLOAT16;FLOAT16;FLOAT16;FLOAT16;FLOAT16;FLOAT16;FLOAT16;FLOAT16;FLOAT16;FLOAT16;FLOAT16;FLOAT16;FLOAT16;FLOAT16;FLOAT16;FLOAT16;FLOAT16;FLOAT16;FLOAT16;FLOAT16;FLOAT16;FLOAT16;FLOAT16;FLOAT16;FLOAT16;FLOAT16,ND;ND;ND;ND;ND;ND;ND;ND;ND;ND;ND;ND;ND;ND;ND;ND;ND;ND;ND;ND;ND;ND;ND;ND;ND;ND;ND;ND;ND;ND;ND;ND;ND;ND;ND;ND;ND;ND;ND;ND;ND;ND;ND;ND;ND;ND;ND;ND;ND;ND;ND;ND;ND;ND;ND;ND;ND;ND;ND;ND;ND;ND;ND;ND,"""64,98448""",FLOAT16,ND,N/A,0.0,0,0.0,0.0,0.0,0.0,0.0,0.0,0.0,0.0,0.0,0.0,0.0,37.691,2487573,0.017,0.0,8.093,0.215,22.515,0.597,11.602,0.308,0.0,0.000
0,4294967295,34,47,aclnnMul_MulAiCore_Mul,Mul,dynamic,AI_VECTOR_CORE,1785698306344073.602	,332.667,0.029000,40,0,NO,"""4096,4096;4096,4096""",FLOAT;FLOAT,ND;ND,"""4096,4096""",FLOAT,ND,N/A,0.0,0,0.0,0.0,0.0,0.0,0.0,0.0,0.0,0.0,0.0,0.0,0.0,330.709,21826815,6.784,0.021,3.028,0.009,329.148,0.995,111.186,0.336,0.0,0.000
0,4294967295,35,47,Concat,Concat,dynamic,AI_VECTOR_CORE,1785698306344406.309	,40.121,0.083000,40,0,NO,"""64,16;64,32;64,64;64,128;64,256;64,512;64,1024;64,2048;64,4096;64,8192;64,16;64,32;64,64;64,128;64,256;64,512;64,1024;64,2048;64,4096;64,8192;64,16;64,32;64,64;64,128;64,256;64,512;64,1024;64,2048;64,4096;64,8192;64,16;64,32;64,64;64,128;64,256;64,512;64,1024;64,2048;64,4096;64,8192;64,16;64,32;64,64;64,128;64,256;64,512;64,1024;64,2048;64,4096;64,8192;64,16;64,32;64,64;64,128;64,256;64,512;64,1024;64,2048;64,4096;64,8192;64,16;64,32;64,64;64,128""",FLOAT16;FLOAT16;FLOAT16;FLOAT16;FLOAT16;FLOAT16;FLOAT16;FLOAT16;FLOAT16;FLOAT16;FLOAT16;FLOAT16;FLOAT16;FLOAT16;FLOAT16;FLOAT16;FLOAT16;FLOAT16;FLOAT16;FLOAT16;FLOAT16;FLOAT16;FLOAT16;FLOAT16;FLOAT16;FLOAT16;FLOAT16;FLOAT16;FLOAT16;FLOAT16;FLOAT16;FLOAT16;FLOAT16;FLOAT16;FLOAT16;FLOAT16;FLOAT16;FLOAT16;FLOAT16;FLOAT16;FLOAT16;FLOAT16;FLOAT16;FLOAT16;FLOAT16;FLOAT16;FLOAT16;FLOAT16;FLOAT16;FLOAT16;FLOAT16;FLOAT16;FLOAT16;FLOAT16;FLOAT16;FLOAT16;FLOAT16;FLOAT16;FLOAT16;FLOAT16;FLOAT16;FLOAT16;FLOAT16;FLOAT16,ND;ND;ND;ND;ND;ND;ND;ND;ND;ND;ND;ND;ND;ND;ND;ND;ND;ND;ND;ND;ND;ND;ND;ND;ND;ND;ND;ND;ND;ND;ND;ND;ND;ND;ND;ND;ND;ND;ND;ND;ND;ND;ND;ND;ND;ND;ND;ND;ND;ND;ND;ND;ND;ND;ND;ND;ND;ND;ND;ND;ND;ND;ND;ND,"""64,98448""",FLOAT16,ND,N/A,0.0,0,0.0,0.0,0.0,0.0,0.0,0.0,0.0,0.0,0.0,0.0,0.0,37.133,2450768,0.017,0.0,9.108,0.245,22.484,0.605,11.079,0.298,0.0,0.000
0,4294967295,36,47,aclnnMul_MulAiCore_Mul,Mul,dynamic,AI_VECTOR_CORE,1785698306344446.450	,333.526,0.129000,40,0,NO,"""4096,4096;4096,4096""",FLOAT;FLOAT,ND;ND,"""4096,4096""",FLOAT,ND,N/A,0.0,0,0.0,0.0,0.0,0.0,0.0,0.0,0.0,0.0,0.0,0.0,0.0,331.57,21883609,6.784,0.02,3.117,0.009,329.943,0.995,112.317,0.339,0.0,0.000
0,4294967295,37,47,Concat,Concat,dynamic,AI_VECTOR_CORE,1785698306344780.016	,39.881,0.000000,40,0,NO,"""64,16;64,32;64,64;64,128;64,256;64,512;64,1024;64,2048;64,4096;64,8192;64,16;64,32;64,64;64,128;64,256;64,512;64,1024;64,2048;64,4096;64,8192;64,16;64,32;64,64;64,128;64,256;64,512;64,1024;64,2048;64,4096;64,8192;64,16;64,32;64,64;64,128;64,256;64,512;64,1024;64,2048;64,4096;64,8192;64,16;64,32;64,64;64,128;64,256;64,512;64,1024;64,2048;64,4096;64,8192;64,16;64,32;64,64;64,128;64,256;64,512;64,1024;64,2048;64,4096;64,8192;64,16;64,32;64,64;64,128""",FLOAT16;FLOAT16;FLOAT16;FLOAT16;FLOAT16;FLOAT16;FLOAT16;FLOAT16;FLOAT16;FLOAT16;FLOAT16;FLOAT16;FLOAT16;FLOAT16;FLOAT16;FLOAT16;FLOAT16;FLOAT16;FLOAT16;FLOAT16;FLOAT16;FLOAT16;FLOAT16;FLOAT16;FLOAT16;FLOAT16;FLOAT16;FLOAT16;FLOAT16;FLOAT16;FLOAT16;FLOAT16;FLOAT16;FLOAT16;FLOAT16;FLOAT16;FLOAT16;FLOAT16;FLOAT16;FLOAT16;FLOAT16;FLOAT16;FLOAT16;FLOAT16;FLOAT16;FLOAT16;FLOAT16;FLOAT16;FLOAT16;FLOAT16;FLOAT16;FLOAT16;FLOAT16;FLOAT16;FLOAT16;FLOAT16;FLOAT16;FLOAT16;FLOAT16;FLOAT16;FLOAT16;FLOAT16;FLOAT16;FLOAT16,ND;ND;ND;ND;ND;ND;ND;ND;ND;ND;ND;ND;ND;ND;ND;ND;ND;ND;ND;ND;ND;ND;ND;ND;ND;ND;ND;ND;ND;ND;ND;ND;ND;ND;ND;ND;ND;ND;ND;ND;ND;ND;ND;ND;ND;ND;ND;ND;ND;ND;ND;ND;ND;ND;ND;ND;ND;ND;ND;ND;ND;ND;ND;ND,"""64,98448""",FLOAT16,ND,N/A,0.0,0,0.0,0.0,0.0,0.0,0.0,0.0,0.0,0.0,0.0,0.0,0.0,37.214,2456124,0.017,0.0,7.602,0.204,21.97,0.59,11.453,0.308,0.0,0.000
0,4294967295,38,47,aclnnMul_MulAiCore_Mul,Mul,dynamic,AI_VECTOR_CORE,1785698306344819.937	,333.107,0.119000,40,0,NO,"""4096,4096;4096,4096""",FLOAT;FLOAT,ND;ND,"""4096,4096""",FLOAT,ND,N/A,0.0,0,0.0,0.0,0.0,0.0,0.0,0.0,0.0,0.0,0.0,0.0,0.0,330.834,21835015,6.784,0.021,3.004,0.009,329.263,0.995,111.914,0.338,0.0,0.000
0,4294967295,39,47,Concat,Concat,dynamic,AI_VECTOR_CORE,1785698306345153.064	,39.420,0.000000,40,0,NO,"""64,16;64,32;64,64;64,128;64,256;64,512;64,1024;64,2048;64,4096;64,8192;64,16;64,32;64,64;64,128;64,256;64,512;64,1024;64,2048;64,4096;64,8192;64,16;64,32;64,64;64,128;64,256;64,512;64,1024;64,2048;64,4096;64,8192;64,16;64,32;64,64;64,128;64,256;64,512;64,1024;64,2048;64,4096;64,8192;64,16;64,32;64,64;64,128;64,256;64,512;64,1024;64,2048;64,4096;64,8192;64,16;64,32;64,64;64,128;64,256;64,512;64,1024;64,2048;64,4096;64,8192;64,16;64,32;64,64;64,128""",FLOAT16;FLOAT16;FLOAT16;FLOAT16;FLOAT16;FLOAT16;FLOAT16;FLOAT16;FLOAT16;FLOAT16;FLOAT16;FLOAT16;FLOAT16;FLOAT16;FLOAT16;FLOAT16;FLOAT16;FLOAT16;FLOAT16;FLOAT16;FLOAT16;FLOAT16;FLOAT16;FLOAT16;FLOAT16;FLOAT16;FLOAT16;FLOAT16;FLOAT16;FLOAT16;FLOAT16;FLOAT16;FLOAT16;FLOAT16;FLOAT16;FLOAT16;FLOAT16;FLOAT16;FLOAT16;FLOAT16;FLOAT16;FLOAT16;FLOAT16;FLOAT16;FLOAT16;FLOAT16;FLOAT16;FLOAT16;FLOAT16;FLOAT16;FLOAT16;FLOAT16;FLOAT16;FLOAT16;FLOAT16;FLOAT16;FLOAT16;FLOAT16;FLOAT16;FLOAT16;FLOAT16;FLOAT16;FLOAT16;FLOAT16,ND;ND;ND;ND;ND;ND;ND;ND;ND;ND;ND;ND;ND;ND;ND;ND;ND;ND;ND;ND;ND;ND;ND;ND;ND;ND;ND;ND;ND;ND;ND;ND;ND;ND;ND;ND;ND;ND;ND;ND;ND;ND;ND;ND;ND;ND;ND;ND;ND;ND;ND;ND;ND;ND;ND;ND;ND;ND;ND;ND;ND;ND;ND;ND,"""64,98448""",FLOAT16,ND,N/A,0.0,0,0.0,0.0,0.0,0.0,0.0,0.0,0.0,0.0,0.0,0.0,0.0,36.282,2394624,0.017,0.0,10.079,0.278,21.384,0.589,11.264,0.31,0.0,0.000
0,4294967295,40,47,aclnnMul_MulAiCore_Mul,Mul,dynamic,AI_VECTOR_CORE,1785698306345192.504	,333.287,0.080000,40,0,NO,"""4096,4096;4096,4096""",FLOAT;FLOAT,ND;ND,"""4096,4096""",FLOAT,ND,N/A,0.0,0,0.0,0.0,0.0,0.0,0.0,0.0,0.0,0.0,0.0,0.0,0.0,331.257,21862986,6.784,0.02,3.089,0.009,329.611,0.995,112.242,0.339,0.0,0.000
0,4294967295,41,47,Concat,Concat,dynamic,AI_VECTOR_CORE,1785698306345525.831	,41.361,0.000000,40,0,NO,"""64,16;64,32;64,64;64,128;64,256;64,512;64,1024;64,2048;64,4096;64,8192;64,16;64,32;64,64;64,128;64,256;64,512;64,1024;64,2048;64,4096;64,8192;64,16;64,32;64,64;64,128;64,256;64,512;64,1024;64,2048;64,4096;64,8192;64,16;64,32;64,64;64,128;64,256;64,512;64,1024;64,2048;64,4096;64,8192;64,16;64,32;64,64;64,128;64,256;64,512;64,1024;64,2048;64,4096;64,8192;64,16;64,32;64,64;64,128;64,256;64,512;64,1024;64,2048;64,4096;64,8192;64,16;64,32;64,64;64,128""",FLOAT16;FLOAT16;FLOAT16;FLOAT16;FLOAT16;FLOAT16;FLOAT16;FLOAT16;FLOAT16;FLOAT16;FLOAT16;FLOAT16;FLOAT16;FLOAT16;FLOAT16;FLOAT16;FLOAT16;FLOAT16;FLOAT16;FLOAT16;FLOAT16;FLOAT16;FLOAT16;FLOAT16;FLOAT16;FLOAT16;FLOAT16;FLOAT16;FLOAT16;FLOAT16;FLOAT16;FLOAT16;FLOAT16;FLOAT16;FLOAT16;FLOAT16;FLOAT16;FLOAT16;FLOAT16;FLOAT16;FLOAT16;FLOAT16;FLOAT16;FLOAT16;FLOAT16;FLOAT16;FLOAT16;FLOAT16;FLOAT16;FLOAT16;FLOAT16;FLOAT16;FLOAT16;FLOAT16;FLOAT16;FLOAT16;FLOAT16;FLOAT16;FLOAT16;FLOAT16;FLOAT16;FLOAT16;FLOAT16;FLOAT16,ND;ND;ND;ND;ND;ND;ND;ND;ND;ND;ND;ND;ND;ND;ND;ND;ND;ND;ND;ND;ND;ND;ND;ND;ND;ND;ND;ND;ND;ND;ND;ND;ND;ND;ND;ND;ND;ND;ND;ND;ND;ND;ND;ND;ND;ND;ND;ND;ND;ND;ND;ND;ND;ND;ND;ND;ND;ND;ND;ND;ND;ND;ND;ND,"""64,98448""",FLOAT16,ND,N/A,0.0,0,0.0,0.0,0.0,0.0,0.0,0.0,0.0,0.0,0.0,0.0,0.0,37.547,2478127,0.017,0.0,13.252,0.353,21.284,0.567,11.245,0.299,0.0,0.000
0,4294967295,42,47,aclnnMul_MulAiCore_Mul,Mul,dynamic,AI_VECTOR_CORE,1785698306345567.232	,334.007,0.139000,40,0,NO,"""4096,4096;4096,4096""",FLOAT;FLOAT,ND;ND,"""4096,4096""",FLOAT,ND,N/A,0.0,0,0.0,0.0,0.0,0.0,0.0,0.0,0.0,0.0,0.0,0.0,0.0,332.045,21914952,6.784,0.02,2.94,0.009,330.517,0.995,112.883,0.34,0.0,0.000
0,4294967295,43,47,Concat,Concat,dynamic,AI_VECTOR_CORE,1785698306345901.259	,40.920,0.000000,40,0,NO,"""64,16;64,32;64,64;64,128;64,256;64,512;64,1024;64,2048;64,4096;64,8192;64,16;64,32;64,64;64,128;64,256;64,512;64,1024;64,2048;64,4096;64,8192;64,16;64,32;64,64;64,128;64,256;64,512;64,1024;64,2048;64,4096;64,8192;64,16;64,32;64,64;64,128;64,256;64,512;64,1024;64,2048;64,4096;64,8192;64,16;64,32;64,64;64,128;64,256;64,512;64,1024;64,2048;64,4096;64,8192;64,16;64,32;64,64;64,128;64,256;64,512;64,1024;64,2048;64,4096;64,8192;64,16;64,32;64,64;64,128""",FLOAT16;FLOAT16;FLOAT16;FLOAT16;FLOAT16;FLOAT16;FLOAT16;FLOAT16;FLOAT16;FLOAT16;FLOAT16;FLOAT16;FLOAT16;FLOAT16;FLOAT16;FLOAT16;FLOAT16;FLOAT16;FLOAT16;FLOAT16;FLOAT16;FLOAT16;FLOAT16;FLOAT16;FLOAT16;FLOAT16;FLOAT16;FLOAT16;FLOAT16;FLOAT16;FLOAT16;FLOAT16;FLOAT16;FLOAT16;FLOAT16;FLOAT16;FLOAT16;FLOAT16;FLOAT16;FLOAT16;FLOAT16;FLOAT16;FLOAT16;FLOAT16;FLOAT16;FLOAT16;FLOAT16;FLOAT16;FLOAT16;FLOAT16;FLOAT16;FLOAT16;FLOAT16;FLOAT16;FLOAT16;FLOAT16;FLOAT16;FLOAT16;FLOAT16;FLOAT16;FLOAT16;FLOAT16;FLOAT16;FLOAT16,ND;ND;ND;ND;ND;ND;ND;ND;ND;ND;ND;ND;ND;ND;ND;ND;ND;ND;ND;ND;ND;ND;ND;ND;ND;ND;ND;ND;ND;ND;ND;ND;ND;ND;ND;ND;ND;ND;ND;ND;ND;ND;ND;ND;ND;ND;ND;ND;ND;ND;ND;ND;ND;ND;ND;ND;ND;ND;ND;ND;ND;ND;ND;ND,"""64,98448""",FLOAT16,ND,N/A,0.0,0,0.0,0.0,0.0,0.0,0.0,0.0,0.0,0.0,0.0,0.0,0.0,37.7,2488232,0.017,0.0,14.873,0.395,21.739,0.577,11.309,0.3,0.0,0.000
0,4294967295,44,47,aclnnMul_MulAiCore_Mul,Mul,dynamic,AI_VECTOR_CORE,1785698306345942.199	,334.347,0.080000,40,0,NO,"""4096,4096;4096,4096""",FLOAT;FLOAT,ND;ND,"""4096,4096""",FLOAT,ND,N/A,0.0,0,0.0,0.0,0.0,0.0,0.0,0.0,0.0,0.0,0.0,0.0,0.0,331.994,21911580,6.784,0.02,3.011,0.009,330.462,0.995,112.19,0.338,0.0,0.000
0,4294967295,45,47,Concat,Concat,dynamic,AI_VECTOR_CORE,1785698306346276.566	,40.161,0.000000,40,0,NO,"""64,16;64,32;64,64;64,128;64,256;64,512;64,1024;64,2048;64,4096;64,8192;64,16;64,32;64,64;64,128;64,256;64,512;64,1024;64,2048;64,4096;64,8192;64,16;64,32;64,64;64,128;64,256;64,512;64,1024;64,2048;64,4096;64,8192;64,16;64,32;64,64;64,128;64,256;64,512;64,1024;64,2048;64,4096;64,8192;64,16;64,32;64,64;64,128;64,256;64,512;64,1024;64,2048;64,4096;64,8192;64,16;64,32;64,64;64,128;64,256;64,512;64,1024;64,2048;64,4096;64,8192;64,16;64,32;64,64;64,128""",FLOAT16;FLOAT16;FLOAT16;FLOAT16;FLOAT16;FLOAT16;FLOAT16;FLOAT16;FLOAT16;FLOAT16;FLOAT16;FLOAT16;FLOAT16;FLOAT16;FLOAT16;FLOAT16;FLOAT16;FLOAT16;FLOAT16;FLOAT16;FLOAT16;FLOAT16;FLOAT16;FLOAT16;FLOAT16;FLOAT16;FLOAT16;FLOAT16;FLOAT16;FLOAT16;FLOAT16;FLOAT16;FLOAT16;FLOAT16;FLOAT16;FLOAT16;FLOAT16;FLOAT16;FLOAT16;FLOAT16;FLOAT16;FLOAT16;FLOAT16;FLOAT16;FLOAT16;FLOAT16;FLOAT16;FLOAT16;FLOAT16;FLOAT16;FLOAT16;FLOAT16;FLOAT16;FLOAT16;FLOAT16;FLOAT16;FLOAT16;FLOAT16;FLOAT16;FLOAT16;FLOAT16;FLOAT16;FLOAT16;FLOAT16,ND;ND;ND;ND;ND;ND;ND;ND;ND;ND;ND;ND;ND;ND;ND;ND;ND;ND;ND;ND;ND;ND;ND;ND;ND;ND;ND;ND;ND;ND;ND;ND;ND;ND;ND;ND;ND;ND;ND;ND;ND;ND;ND;ND;ND;ND;ND;ND;ND;ND;ND;ND;ND;ND;ND;ND;ND;ND;ND;ND;ND;ND;ND;ND,"""64,98448""",FLOAT16,ND,N/A,0.0,0,0.0,0.0,0.0,0.0,0.0,0.0,0.0,0.0,0.0,0.0,0.0,36.747,2425288,0.017,0.0,11.814,0.322,21.439,0.583,11.672,0.318,0.0,0.000
0,4294967295,46,47,aclnnMul_MulAiCore_Mul,Mul,dynamic,AI_VECTOR_CORE,1785698306346316.747	,334.607,0.089000,40,0,NO,"""4096,4096;4096,4096""",FLOAT;FLOAT,ND;ND,"""4096,4096""",FLOAT,ND,N/A,0.0,0,0.0,0.0,0.0,0.0,0.0,0.0,0.0,0.0,0.0,0.0,0.0,331.716,21893242,6.784,0.02,2.952,0.009,330.19,0.995,112.69,0.34,0.0,0.000
0,4294967295,47,47,Concat,Concat,dynamic,AI_VECTOR_CORE,1785698306346651.374	,39.160,0.000000,40,0,NO,"""64,16;64,32;64,64;64,128;64,256;64,512;64,1024;64,2048;64,4096;64,8192;64,16;64,32;64,64;64,128;64,256;64,512;64,1024;64,2048;64,4096;64,8192;64,16;64,32;64,64;64,128;64,256;64,512;64,1024;64,2048;64,4096;64,8192;64,16;64,32;64,64;64,128;64,256;64,512;64,1024;64,2048;64,4096;64,8192;64,16;64,32;64,64;64,128;64,256;64,512;64,1024;64,2048;64,4096;64,8192;64,16;64,32;64,64;64,128;64,256;64,512;64,1024;64,2048;64,4096;64,8192;64,16;64,32;64,64;64,128""",FLOAT16;FLOAT16;FLOAT16;FLOAT16;FLOAT16;FLOAT16;FLOAT16;FLOAT16;FLOAT16;FLOAT16;FLOAT16;FLOAT16;FLOAT16;FLOAT16;FLOAT16;FLOAT16;FLOAT16;FLOAT16;FLOAT16;FLOAT16;FLOAT16;FLOAT16;FLOAT16;FLOAT16;FLOAT16;FLOAT16;FLOAT16;FLOAT16;FLOAT16;FLOAT16;FLOAT16;FLOAT16;FLOAT16;FLOAT16;FLOAT16;FLOAT16;FLOAT16;FLOAT16;FLOAT16;FLOAT16;FLOAT16;FLOAT16;FLOAT16;FLOAT16;FLOAT16;FLOAT16;FLOAT16;FLOAT16;FLOAT16;FLOAT16;FLOAT16;FLOAT16;FLOAT16;FLOAT16;FLOAT16;FLOAT16;FLOAT16;FLOAT16;FLOAT16;FLOAT16;FLOAT16;FLOAT16;FLOAT16;FLOAT16,ND;ND;ND;ND;ND;ND;ND;ND;ND;ND;ND;ND;ND;ND;ND;ND;ND;ND;ND;ND;ND;ND;ND;ND;ND;ND;ND;ND;ND;ND;ND;ND;ND;ND;ND;ND;ND;ND;ND;ND;ND;ND;ND;ND;ND;ND;ND;ND;ND;ND;ND;ND;ND;ND;ND;ND;ND;ND;ND;ND;ND;ND;ND;ND,"""64,98448""",FLOAT16,ND,N/A,0.0,0,0.0,0.0,0.0,0.0,0.0,0.0,0.0,0.0,0.0,0.0,0.0,35.164,2320801,0.017,0.0,11.778,0.335,19.795,0.563,10.994,0.313,0.0,0.000
0,4294967295,48,47,aclnnMul_MulAiCore_Mul,Mul,dynamic,AI_VECTOR_CORE,1785698306346690.554	,335.007,0.090000,40,0,NO,"""4096,4096;4096,4096""",FLOAT;FLOAT,ND;ND,"""4096,4096""",FLOAT,ND,N/A,0.0,0,0.0,0.0,0.0,0.0,0.0,0.0,0.0,0.0,0.0,0.0,0.0,332.529,21946887,6.784,0.02,3.042,0.009,330.897,0.995,113.54,0.341,0.0,0.000
0,4294967295,49,47,Concat,Concat,dynamic,AI_VECTOR_CORE,1785698306347025.581	,41.401,0.000000,40,0,NO,"""64,16;64,32;64,64;64,128;64,256;64,512;64,1024;64,2048;64,4096;64,8192;64,16;64,32;64,64;64,128;64,256;64,512;64,1024;64,2048;64,4096;64,8192;64,16;64,32;64,64;64,128;64,256;64,512;64,1024;64,2048;64,4096;64,8192;64,16;64,32;64,64;64,128;64,256;64,512;64,1024;64,2048;64,4096;64,8192;64,16;64,32;64,64;64,128;64,256;64,512;64,1024;64,2048;64,4096;64,8192;64,16;64,32;64,64;64,128;64,256;64,512;64,1024;64,2048;64,4096;64,8192;64,16;64,32;64,64;64,128""",FLOAT16;FLOAT16;FLOAT16;FLOAT16;FLOAT16;FLOAT16;FLOAT16;FLOAT16;FLOAT16;FLOAT16;FLOAT16;FLOAT16;FLOAT16;FLOAT16;FLOAT16;FLOAT16;FLOAT16;FLOAT16;FLOAT16;FLOAT16;FLOAT16;FLOAT16;FLOAT16;FLOAT16;FLOAT16;FLOAT16;FLOAT16;FLOAT16;FLOAT16;FLOAT16;FLOAT16;FLOAT16;FLOAT16;FLOAT16;FLOAT16;FLOAT16;FLOAT16;FLOAT16;FLOAT16;FLOAT16;FLOAT16;FLOAT16;FLOAT16;FLOAT16;FLOAT16;FLOAT16;FLOAT16;FLOAT16;FLOAT16;FLOAT16;FLOAT16;FLOAT16;FLOAT16;FLOAT16;FLOAT16;FLOAT16;FLOAT16;FLOAT16;FLOAT16;FLOAT16;FLOAT16;FLOAT16;FLOAT16;FLOAT16,ND;ND;ND;ND;ND;ND;ND;ND;ND;ND;ND;ND;ND;ND;ND;ND;ND;ND;ND;ND;ND;ND;ND;ND;ND;ND;ND;ND;ND;ND;ND;ND;ND;ND;ND;ND;ND;ND;ND;ND;ND;ND;ND;ND;ND;ND;ND;ND;ND;ND;ND;ND;ND;ND;ND;ND;ND;ND;ND;ND;ND;ND;ND;ND,"""64,98448""",FLOAT16,ND,N/A,0.0,0,0.0,0.0,0.0,0.0,0.0,0.0,0.0,0.0,0.0,0.0,0.0,38.159,2518495,0.017,0.0,7.567,0.198,22.665,0.594,11.775,0.309,0.0,0.000
0,4294967295,50,47,aclnnMul_MulAiCore_Mul,Mul,dynamic,AI_VECTOR_CORE,1785698306347067.002	,333.567,0.099000,40,0,NO,"""4096,4096;4096,4096""",FLOAT;FLOAT,ND;ND,"""4096,4096""",FLOAT,ND,N/A,0.0,0,0.0,0.0,0.0,0.0,0.0,0.0,0.0,0.0,0.0,0.0,0.0,331.554,21882579,6.784,0.02,3.141,0.009,329.855,0.995,111.444,0.336,0.0,0.000
0,4294967295,51,47,Concat,Concat,dynamic,AI_VECTOR_CORE,1785698306347400.609	,39.920,0.000000,40,0,NO,"""64,16;64,32;64,64;64,128;64,256;64,512;64,1024;64,2048;64,4096;64,8192;64,16;64,32;64,64;64,128;64,256;64,512;64,1024;64,2048;64,4096;64,8192;64,16;64,32;64,64;64,128;64,256;64,512;64,1024;64,2048;64,4096;64,8192;64,16;64,32;64,64;64,128;64,256;64,512;64,1024;64,2048;64,4096;64,8192;64,16;64,32;64,64;64,128;64,256;64,512;64,1024;64,2048;64,4096;64,8192;64,16;64,32;64,64;64,128;64,256;64,512;64,1024;64,2048;64,4096;64,8192;64,16;64,32;64,64;64,128""",FLOAT16;FLOAT16;FLOAT16;FLOAT16;FLOAT16;FLOAT16;FLOAT16;FLOAT16;FLOAT16;FLOAT16;FLOAT16;FLOAT16;FLOAT16;FLOAT16;FLOAT16;FLOAT16;FLOAT16;FLOAT16;FLOAT16;FLOAT16;FLOAT16;FLOAT16;FLOAT16;FLOAT16;FLOAT16;FLOAT16;FLOAT16;FLOAT16;FLOAT16;FLOAT16;FLOAT16;FLOAT16;FLOAT16;FLOAT16;FLOAT16;FLOAT16;FLOAT16;FLOAT16;FLOAT16;FLOAT16;FLOAT16;FLOAT16;FLOAT16;FLOAT16;FLOAT16;FLOAT16;FLOAT16;FLOAT16;FLOAT16;FLOAT16;FLOAT16;FLOAT16;FLOAT16;FLOAT16;FLOAT16;FLOAT16;FLOAT16;FLOAT16;FLOAT16;FLOAT16;FLOAT16;FLOAT16;FLOAT16;FLOAT16,ND;ND;ND;ND;ND;ND;ND;ND;ND;ND;ND;ND;ND;ND;ND;ND;ND;ND;ND;ND;ND;ND;ND;ND;ND;ND;ND;ND;ND;ND;ND;ND;ND;ND;ND;ND;ND;ND;ND;ND;ND;ND;ND;ND;ND;ND;ND;ND;ND;ND;ND;ND;ND;ND;ND;ND;ND;ND;ND;ND;ND;ND;ND;ND,"""64,98448""",FLOAT16,ND,N/A,0.0,0,0.0,0.0,0.0,0.0,0.0,0.0,0.0,0.0,0.0,0.0,0.0,37.19,2454540,0.017,0.0,8.096,0.218,22.318,0.6,11.3,0.304,0.0,0.000
0,4294967295,52,47,aclnnMul_MulAiCore_Mul,Mul,dynamic,AI_VECTOR_CORE,1785698306347440.549	,334.567,0.080000,40,0,NO,"""4096,4096;4096,4096""",FLOAT;FLOAT,ND;ND,"""4096,4096""",FLOAT,ND,N/A,0.0,0,0.0,0.0,0.0,0.0,0.0,0.0,0.0,0.0,0.0,0.0,0.0,331.55,21882267,6.784,0.02,2.99,0.009,329.96,0.995,112.564,0.34,0.0,0.000
0,4294967295,53,47,Concat,Concat,dynamic,AI_VECTOR_CORE,1785698306347775.136	,40.101,0.183000,40,0,NO,"""64,16;64,32;64,64;64,128;64,256;64,512;64,1024;64,2048;64,4096;64,8192;64,16;64,32;64,64;64,128;64,256;64,512;64,1024;64,2048;64,4096;64,8192;64,16;64,32;64,64;64,128;64,256;64,512;64,1024;64,2048;64,4096;64,8192;64,16;64,32;64,64;64,128;64,256;64,512;64,1024;64,2048;64,4096;64,8192;64,16;64,32;64,64;64,128;64,256;64,512;64,1024;64,2048;64,4096;64,8192;64,16;64,32;64,64;64,128;64,256;64,512;64,1024;64,2048;64,4096;64,8192;64,16;64,32;64,64;64,128""",FLOAT16;FLOAT16;FLOAT16;FLOAT16;FLOAT16;FLOAT16;FLOAT16;FLOAT16;FLOAT16;FLOAT16;FLOAT16;FLOAT16;FLOAT16;FLOAT16;FLOAT16;FLOAT16;FLOAT16;FLOAT16;FLOAT16;FLOAT16;FLOAT16;FLOAT16;FLOAT16;FLOAT16;FLOAT16;FLOAT16;FLOAT16;FLOAT16;FLOAT16;FLOAT16;FLOAT16;FLOAT16;FLOAT16;FLOAT16;FLOAT16;FLOAT16;FLOAT16;FLOAT16;FLOAT16;FLOAT16;FLOAT16;FLOAT16;FLOAT16;FLOAT16;FLOAT16;FLOAT16;FLOAT16;FLOAT16;FLOAT16;FLOAT16;FLOAT16;FLOAT16;FLOAT16;FLOAT16;FLOAT16;FLOAT16;FLOAT16;FLOAT16;FLOAT16;FLOAT16;FLOAT16;FLOAT16;FLOAT16;FLOAT16,ND;ND;ND;ND;ND;ND;ND;ND;ND;ND;ND;ND;ND;ND;ND;ND;ND;ND;ND;ND;ND;ND;ND;ND;ND;ND;ND;ND;ND;ND;ND;ND;ND;ND;ND;ND;ND;ND;ND;ND;ND;ND;ND;ND;ND;ND;ND;ND;ND;ND;ND;ND;ND;ND;ND;ND;ND;ND;ND;ND;ND;ND;ND;ND,"""64,98448""",FLOAT16,ND,N/A,0.0,0,0.0,0.0,0.0,0.0,0.0,0.0,0.0,0.0,0.0,0.0,0.0,36.714,2423098,0.017,0.0,9.425,0.257,21.448,0.584,11.617,0.316,0.0,0.000
0,4294967295,54,47,aclnnMul_MulAiCore_Mul,Mul,dynamic,AI_VECTOR_CORE,1785698306347815.257	,333.107,0.000000,40,0,NO,"""4096,4096;4096,4096""",FLOAT;FLOAT,ND;ND,"""4096,4096""",FLOAT,ND,N/A,0.0,0,0.0,0.0,0.0,0.0,0.0,0.0,0.0,0.0,0.0,0.0,0.0,330.934,21841653,6.784,0.021,3.085,0.009,329.272,0.995,112.202,0.339,0.0,0.000
0,4294967295,55,47,Concat,Concat,dynamic,AI_VECTOR_CORE,1785698306348148.404	,39.960,0.143000,40,0,NO,"""64,16;64,32;64,64;64,128;64,256;64,512;64,1024;64,2048;64,4096;64,8192;64,16;64,32;64,64;64,128;64,256;64,512;64,1024;64,2048;64,4096;64,8192;64,16;64,32;64,64;64,128;64,256;64,512;64,1024;64,2048;64,4096;64,8192;64,16;64,32;64,64;64,128;64,256;64,512;64,1024;64,2048;64,4096;64,8192;64,16;64,32;64,64;64,128;64,256;64,512;64,1024;64,2048;64,4096;64,8192;64,16;64,32;64,64;64,128;64,256;64,512;64,1024;64,2048;64,4096;64,8192;64,16;64,32;64,64;64,128""",FLOAT16;FLOAT16;FLOAT16;FLOAT16;FLOAT16;FLOAT16;FLOAT16;FLOAT16;FLOAT16;FLOAT16;FLOAT16;FLOAT16;FLOAT16;FLOAT16;FLOAT16;FLOAT16;FLOAT16;FLOAT16;FLOAT16;FLOAT16;FLOAT16;FLOAT16;FLOAT16;FLOAT16;FLOAT16;FLOAT16;FLOAT16;FLOAT16;FLOAT16;FLOAT16;FLOAT16;FLOAT16;FLOAT16;FLOAT16;FLOAT16;FLOAT16;FLOAT16;FLOAT16;FLOAT16;FLOAT16;FLOAT16;FLOAT16;FLOAT16;FLOAT16;FLOAT16;FLOAT16;FLOAT16;FLOAT16;FLOAT16;FLOAT16;FLOAT16;FLOAT16;FLOAT16;FLOAT16;FLOAT16;FLOAT16;FLOAT16;FLOAT16;FLOAT16;FLOAT16;FLOAT16;FLOAT16;FLOAT16;FLOAT16,ND;ND;ND;ND;ND;ND;ND;ND;ND;ND;ND;ND;ND;ND;ND;ND;ND;ND;ND;ND;ND;ND;ND;ND;ND;ND;ND;ND;ND;ND;ND;ND;ND;ND;ND;ND;ND;ND;ND;ND;ND;ND;ND;ND;ND;ND;ND;ND;ND;ND;ND;ND;ND;ND;ND;ND;ND;ND;ND;ND;ND;ND;ND;ND,"""64,98448""",FLOAT16,ND,N/A,0.0,0,0.0,0.0,0.0,0.0,0.0,0.0,0.0,0.0,0.0,0.0,0.0,36.579,2414234,0.017,0.0,8.956,0.245,21.123,0.577,11.542,0.316,0.0,0.000
0,4294967295,56,47,aclnnMul_MulAiCore_Mul,Mul,dynamic,AI_VECTOR_CORE,1785698306348188.384	,333.847,0.040000,40,0,NO,"""4096,4096;4096,4096""",FLOAT;FLOAT,ND;ND,"""4096,4096""",FLOAT,ND,N/A,0.0,0,0.0,0.0,0.0,0.0,0.0,0.0,0.0,0.0,0.0,0.0,0.0,331.581,21884340,6.784,0.02,2.925,0.009,330.076,0.995,112.105,0.338,0.0,0.000
0,4294967295,57,47,Concat,Concat,dynamic,AI_VECTOR_CORE,1785698306348522.251	,40.761,0.000000,40,0,NO,"""64,16;64,32;64,64;64,128;64,256;64,512;64,1024;64,2048;64,4096;64,8192;64,16;64,32;64,64;64,128;64,256;64,512;64,1024;64,2048;64,4096;64,8192;64,16;64,32;64,64;64,128;64,256;64,512;64,1024;64,2048;64,4096;64,8192;64,16;64,32;64,64;64,128;64,256;64,512;64,1024;64,2048;64,4096;64,8192;64,16;64,32;64,64;64,128;64,256;64,512;64,1024;64,2048;64,4096;64,8192;64,16;64,32;64,64;64,128;64,256;64,512;64,1024;64,2048;64,4096;64,8192;64,16;64,32;64,64;64,128""",FLOAT16;FLOAT16;FLOAT16;FLOAT16;FLOAT16;FLOAT16;FLOAT16;FLOAT16;FLOAT16;FLOAT16;FLOAT16;FLOAT16;FLOAT16;FLOAT16;FLOAT16;FLOAT16;FLOAT16;FLOAT16;FLOAT16;FLOAT16;FLOAT16;FLOAT16;FLOAT16;FLOAT16;FLOAT16;FLOAT16;FLOAT16;FLOAT16;FLOAT16;FLOAT16;FLOAT16;FLOAT16;FLOAT16;FLOAT16;FLOAT16;FLOAT16;FLOAT16;FLOAT16;FLOAT16;FLOAT16;FLOAT16;FLOAT16;FLOAT16;FLOAT16;FLOAT16;FLOAT16;FLOAT16;FLOAT16;FLOAT16;FLOAT16;FLOAT16;FLOAT16;FLOAT16;FLOAT16;FLOAT16;FLOAT16;FLOAT16;FLOAT16;FLOAT16;FLOAT16;FLOAT16;FLOAT16;FLOAT16;FLOAT16,ND;ND;ND;ND;ND;ND;ND;ND;ND;ND;ND;ND;ND;ND;ND;ND;ND;ND;ND;ND;ND;ND;ND;ND;ND;ND;ND;ND;ND;ND;ND;ND;ND;ND;ND;ND;ND;ND;ND;ND;ND;ND;ND;ND;ND;ND;ND;ND;ND;ND;ND;ND;ND;ND;ND;ND;ND;ND;ND;ND;ND;ND;ND;ND,"""64,98448""",FLOAT16,ND,N/A,0.0,0,0.0,0.0,0.0,0.0,0.0,0.0,0.0,0.0,0.0,0.0,0.0,37.277,2460285,0.017,0.0,12.705,0.341,22.104,0.593,11.357,0.305,0.0,0.000
0,4294967295,58,47,aclnnMul_MulAiCore_Mul,Mul,dynamic,AI_VECTOR_CORE,1785698306348563.032	,333.006,0.000000,40,0,NO,"""4096,4096;4096,4096""",FLOAT;FLOAT,ND;ND,"""4096,4096""",FLOAT,ND,N/A,0.0,0,0.0,0.0,0.0,0.0,0.0,0.0,0.0,0.0,0.0,0.0,0.0,330.926,21841116,6.784,0.021,3.063,0.009,329.314,0.995,109.456,0.331,0.0,0.000
0,4294967295,59,47,Concat,Concat,dynamic,AI_VECTOR_CORE,1785698306348896.078	,41.161,0.000000,40,0,NO,"""64,16;64,32;64,64;64,128;64,256;64,512;64,1024;64,2048;64,4096;64,8192;64,16;64,32;64,64;64,128;64,256;64,512;64,1024;64,2048;64,4096;64,8192;64,16;64,32;64,64;64,128;64,256;64,512;64,1024;64,2048;64,4096;64,8192;64,16;64,32;64,64;64,128;64,256;64,512;64,1024;64,2048;64,4096;64,8192;64,16;64,32;64,64;64,128;64,256;64,512;64,1024;64,2048;64,4096;64,8192;64,16;64,32;64,64;64,128;64,256;64,512;64,1024;64,2048;64,4096;64,8192;64,16;64,32;64,64;64,128""",FLOAT16;FLOAT16;FLOAT16;FLOAT16;FLOAT16;FLOAT16;FLOAT16;FLOAT16;FLOAT16;FLOAT16;FLOAT16;FLOAT16;FLOAT16;FLOAT16;FLOAT16;FLOAT16;FLOAT16;FLOAT16;FLOAT16;FLOAT16;FLOAT16;FLOAT16;FLOAT16;FLOAT16;FLOAT16;FLOAT16;FLOAT16;FLOAT16;FLOAT16;FLOAT16;FLOAT16;FLOAT16;FLOAT16;FLOAT16;FLOAT16;FLOAT16;FLOAT16;FLOAT16;FLOAT16;FLOAT16;FLOAT16;FLOAT16;FLOAT16;FLOAT16;FLOAT16;FLOAT16;FLOAT16;FLOAT16;FLOAT16;FLOAT16;FLOAT16;FLOAT16;FLOAT16;FLOAT16;FLOAT16;FLOAT16;FLOAT16;FLOAT16;FLOAT16;FLOAT16;FLOAT16;FLOAT16;FLOAT16;FLOAT16,ND;ND;ND;ND;ND;ND;ND;ND;ND;ND;ND;ND;ND;ND;ND;ND;ND;ND;ND;ND;ND;ND;ND;ND;ND;ND;ND;ND;ND;ND;ND;ND;ND;ND;ND;ND;ND;ND;ND;ND;ND;ND;ND;ND;ND;ND;ND;ND;ND;ND;ND;ND;ND;ND;ND;ND;ND;ND;ND;ND;ND;ND;ND;ND,"""64,98448""",FLOAT16,ND,N/A,0.0,0,0.0,0.0,0.0,0.0,0.0,0.0,0.0,0.0,0.0,0.0,0.0,38.353,2531271,0.017,0.0,15.263,0.398,22.349,0.583,11.456,0.299,0.0,0.000
0,4294967295,60,47,aclnnMul_MulAiCore_Mul,Mul,dynamic,AI_VECTOR_CORE,1785698306348937.259	,333.587,0.089000,40,0,NO,"""4096,4096;4096,4096""",FLOAT;FLOAT,ND;ND,"""4096,4096""",FLOAT,ND,N/A,0.0,0,0.0,0.0,0.0,0.0,0.0,0.0,0.0,0.0,0.0,0.0,0.0,331.647,21888673,6.784,0.02,2.92,0.009,330.168,0.996,114.013,0.344,0.0,0.000
0,4294967295,61,47,Concat,Concat,dynamic,AI_VECTOR_CORE,1785698306349270.866	,39.521,0.000000,40,0,NO,"""64,16;64,32;64,64;64,128;64,256;64,512;64,1024;64,2048;64,4096;64,8192;64,16;64,32;64,64;64,128;64,256;64,512;64,1024;64,2048;64,4096;64,8192;64,16;64,32;64,64;64,128;64,256;64,512;64,1024;64,2048;64,4096;64,8192;64,16;64,32;64,64;64,128;64,256;64,512;64,1024;64,2048;64,4096;64,8192;64,16;64,32;64,64;64,128;64,256;64,512;64,1024;64,2048;64,4096;64,8192;64,16;64,32;64,64;64,128;64,256;64,512;64,1024;64,2048;64,4096;64,8192;64,16;64,32;64,64;64,128""",FLOAT16;FLOAT16;FLOAT16;FLOAT16;FLOAT16;FLOAT16;FLOAT16;FLOAT16;FLOAT16;FLOAT16;FLOAT16;FLOAT16;FLOAT16;FLOAT16;FLOAT16;FLOAT16;FLOAT16;FLOAT16;FLOAT16;FLOAT16;FLOAT16;FLOAT16;FLOAT16;FLOAT16;FLOAT16;FLOAT16;FLOAT16;FLOAT16;FLOAT16;FLOAT16;FLOAT16;FLOAT16;FLOAT16;FLOAT16;FLOAT16;FLOAT16;FLOAT16;FLOAT16;FLOAT16;FLOAT16;FLOAT16;FLOAT16;FLOAT16;FLOAT16;FLOAT16;FLOAT16;FLOAT16;FLOAT16;FLOAT16;FLOAT16;FLOAT16;FLOAT16;FLOAT16;FLOAT16;FLOAT16;FLOAT16;FLOAT16;FLOAT16;FLOAT16;FLOAT16;FLOAT16;FLOAT16;FLOAT16;FLOAT16,ND;ND;ND;ND;ND;ND;ND;ND;ND;ND;ND;ND;ND;ND;ND;ND;ND;ND;ND;ND;ND;ND;ND;ND;ND;ND;ND;ND;ND;ND;ND;ND;ND;ND;ND;ND;ND;ND;ND;ND;ND;ND;ND;ND;ND;ND;ND;ND;ND;ND;ND;ND;ND;ND;ND;ND;ND;ND;ND;ND;ND;ND;ND;ND,"""64,98448""",FLOAT16,ND,N/A,0.0,0,0.0,0.0,0.0,0.0,0.0,0.0,0.0,0.0,0.0,0.0,0.0,36.288,2394995,0.017,0.0,11.57,0.319,21.51,0.593,11.064,0.305,0.0,0.000
0,4294967295,62,47,aclnnMul_MulAiCore_Mul,Mul,dynamic,AI_VECTOR_CORE,1785698306349310.407	,332.846,0.229000,40,0,NO,"""4096,4096;4096,4096""",FLOAT;FLOAT,ND;ND,"""4096,4096""",FLOAT,ND,N/A,0.0,0,0.0,0.0,0.0,0.0,0.0,0.0,0.0,0.0,0.0,0.0,0.0,330.774,21831083,6.784,0.021,3.049,0.009,329.226,0.995,111.117,0.336,0.0,0.000
0,4294967295,63,47,Concat,Concat,dynamic,AI_VECTOR_CORE,1785698306349643.273	,40.681,0.000000,40,0,NO,"""64,16;64,32;64,64;64,128;64,256;64,512;64,1024;64,2048;64,4096;64,8192;64,16;64,32;64,64;64,128;64,256;64,512;64,1024;64,2048;64,4096;64,8192;64,16;64,32;64,64;64,128;64,256;64,512;64,1024;64,2048;64,4096;64,8192;64,16;64,32;64,64;64,128;64,256;64,512;64,1024;64,2048;64,4096;64,8192;64,16;64,32;64,64;64,128;64,256;64,512;64,1024;64,2048;64,4096;64,8192;64,16;64,32;64,64;64,128;64,256;64,512;64,1024;64,2048;64,4096;64,8192;64,16;64,32;64,64;64,128""",FLOAT16;FLOAT16;FLOAT16;FLOAT16;FLOAT16;FLOAT16;FLOAT16;FLOAT16;FLOAT16;FLOAT16;FLOAT16;FLOAT16;FLOAT16;FLOAT16;FLOAT16;FLOAT16;FLOAT16;FLOAT16;FLOAT16;FLOAT16;FLOAT16;FLOAT16;FLOAT16;FLOAT16;FLOAT16;FLOAT16;FLOAT16;FLOAT16;FLOAT16;FLOAT16;FLOAT16;FLOAT16;FLOAT16;FLOAT16;FLOAT16;FLOAT16;FLOAT16;FLOAT16;FLOAT16;FLOAT16;FLOAT16;FLOAT16;FLOAT16;FLOAT16;FLOAT16;FLOAT16;FLOAT16;FLOAT16;FLOAT16;FLOAT16;FLOAT16;FLOAT16;FLOAT16;FLOAT16;FLOAT16;FLOAT16;FLOAT16;FLOAT16;FLOAT16;FLOAT16;FLOAT16;FLOAT16;FLOAT16;FLOAT16,ND;ND;ND;ND;ND;ND;ND;ND;ND;ND;ND;ND;ND;ND;ND;ND;ND;ND;ND;ND;ND;ND;ND;ND;ND;ND;ND;ND;ND;ND;ND;ND;ND;ND;ND;ND;ND;ND;ND;ND;ND;ND;ND;ND;ND;ND;ND;ND;ND;ND;ND;ND;ND;ND;ND;ND;ND;ND;ND;ND;ND;ND;ND;ND,"""64,98448""",FLOAT16,ND,N/A,0.0,0,0.0,0.0,0.0,0.0,0.0,0.0,0.0,0.0,0.0,0.0,0.0,37.577,2480064,0.017,0.0,12.542,0.334,19.923,0.53,13.964,0.372,0.0,0.000
0,4294967295,64,47,aclnnMul_MulAiCore_Mul,Mul,dynamic,AI_VECTOR_CORE,1785698306349683.974	,332.967,0.069000,40,0,NO,"""4096,4096;4096,4096""",FLOAT;FLOAT,ND;ND,"""4096,4096""",FLOAT,ND,N/A,0.0,0,0.0,0.0,0.0,0.0,0.0,0.0,0.0,0.0,0.0,0.0,0.0,330.675,21824537,6.784,0.021,3.014,0.009,329.143,0.995,111.193,0.336,0.0,0.000
0,4294967295,65,47,Concat,Concat,dynamic,AI_VECTOR_CORE,1785698306350016.961	,40.501,0.033000,40,0,NO,"""64,16;64,32;64,64;64,128;64,256;64,512;64,1024;64,2048;64,4096;64,8192;64,16;64,32;64,64;64,128;64,256;64,512;64,1024;64,2048;64,4096;64,8192;64,16;64,32;64,64;64,128;64,256;64,512;64,1024;64,2048;64,4096;64,8192;64,16;64,32;64,64;64,128;64,256;64,512;64,1024;64,2048;64,4096;64,8192;64,16;64,32;64,64;64,128;64,256;64,512;64,1024;64,2048;64,4096;64,8192;64,16;64,32;64,64;64,128;64,256;64,512;64,1024;64,2048;64,4096;64,8192;64,16;64,32;64,64;64,128""",FLOAT16;FLOAT16;FLOAT16;FLOAT16;FLOAT16;FLOAT16;FLOAT16;FLOAT16;FLOAT16;FLOAT16;FLOAT16;FLOAT16;FLOAT16;FLOAT16;FLOAT16;FLOAT16;FLOAT16;FLOAT16;FLOAT16;FLOAT16;FLOAT16;FLOAT16;FLOAT16;FLOAT16;FLOAT16;FLOAT16;FLOAT16;FLOAT16;FLOAT16;FLOAT16;FLOAT16;FLOAT16;FLOAT16;FLOAT16;FLOAT16;FLOAT16;FLOAT16;FLOAT16;FLOAT16;FLOAT16;FLOAT16;FLOAT16;FLOAT16;FLOAT16;FLOAT16;FLOAT16;FLOAT16;FLOAT16;FLOAT16;FLOAT16;FLOAT16;FLOAT16;FLOAT16;FLOAT16;FLOAT16;FLOAT16;FLOAT16;FLOAT16;FLOAT16;FLOAT16;FLOAT16;FLOAT16;FLOAT16;FLOAT16,ND;ND;ND;ND;ND;ND;ND;ND;ND;ND;ND;ND;ND;ND;ND;ND;ND;ND;ND;ND;ND;ND;ND;ND;ND;ND;ND;ND;ND;ND;ND;ND;ND;ND;ND;ND;ND;ND;ND;ND;ND;ND;ND;ND;ND;ND;ND;ND;ND;ND;ND;ND;ND;ND;ND;ND;ND;ND;ND;ND;ND;ND;ND;ND,"""64,98448""",FLOAT16,ND,N/A,0.0,0,0.0,0.0,0.0,0.0,0.0,0.0,0.0,0.0,0.0,0.0,0.0,37.51,2475668,0.017,0.0,7.155,0.191,22.5,0.6,11.487,0.306,0.0,0.000
0,4294967295,66,47,aclnnMul_MulAiCore_Mul,Mul,dynamic,AI_VECTOR_CORE,1785698306350057.482	,334.266,0.000000,40,0,NO,"""4096,4096;4096,4096""",FLOAT;FLOAT,ND;ND,"""4096,4096""",FLOAT,ND,N/A,0.0,0,0.0,0.0,0.0,0.0,0.0,0.0,0.0,0.0,0.0,0.0,0.0,331.307,21866274,6.784,0.02,3.641,0.011,329.025,0.993,111.39,0.336,0.0,0.000
0,4294967295,67,47,Concat,Concat,dynamic,AI_VECTOR_CORE,1785698306350391.768	,40.741,0.000000,40,0,NO,"""64,16;64,32;64,64;64,128;64,256;64,512;64,1024;64,2048;64,4096;64,8192;64,16;64,32;64,64;64,128;64,256;64,512;64,1024;64,2048;64,4096;64,8192;64,16;64,32;64,64;64,128;64,256;64,512;64,1024;64,2048;64,4096;64,8192;64,16;64,32;64,64;64,128;64,256;64,512;64,1024;64,2048;64,4096;64,8192;64,16;64,32;64,64;64,128;64,256;64,512;64,1024;64,2048;64,4096;64,8192;64,16;64,32;64,64;64,128;64,256;64,512;64,1024;64,2048;64,4096;64,8192;64,16;64,32;64,64;64,128""",FLOAT16;FLOAT16;FLOAT16;FLOAT16;FLOAT16;FLOAT16;FLOAT16;FLOAT16;FLOAT16;FLOAT16;FLOAT16;FLOAT16;FLOAT16;FLOAT16;FLOAT16;FLOAT16;FLOAT16;FLOAT16;FLOAT16;FLOAT16;FLOAT16;FLOAT16;FLOAT16;FLOAT16;FLOAT16;FLOAT16;FLOAT16;FLOAT16;FLOAT16;FLOAT16;FLOAT16;FLOAT16;FLOAT16;FLOAT16;FLOAT16;FLOAT16;FLOAT16;FLOAT16;FLOAT16;FLOAT16;FLOAT16;FLOAT16;FLOAT16;FLOAT16;FLOAT16;FLOAT16;FLOAT16;FLOAT16;FLOAT16;FLOAT16;FLOAT16;FLOAT16;FLOAT16;FLOAT16;FLOAT16;FLOAT16;FLOAT16;FLOAT16;FLOAT16;FLOAT16;FLOAT16;FLOAT16;FLOAT16;FLOAT16,ND;ND;ND;ND;ND;ND;ND;ND;ND;ND;ND;ND;ND;ND;ND;ND;ND;ND;ND;ND;ND;ND;ND;ND;ND;ND;ND;ND;ND;ND;ND;ND;ND;ND;ND;ND;ND;ND;ND;ND;ND;ND;ND;ND;ND;ND;ND;ND;ND;ND;ND;ND;ND;ND;ND;ND;ND;ND;ND;ND;ND;ND;ND;ND,"""64,98448""",FLOAT16,ND,N/A,0.0,0,0.0,0.0,0.0,0.0,0.0,0.0,0.0,0.0,0.0,0.0,0.0,37.495,2474669,0.017,0.0,10.229,0.273,22.346,0.596,11.294,0.301,0.0,0.000
0,4294967295,68,47,aclnnMul_MulAiCore_Mul,Mul,dynamic,AI_VECTOR_CORE,1785698306350432.549	,332.687,0.009000,40,0,NO,"""4096,4096;4096,4096""",FLOAT;FLOAT,ND;ND,"""4096,4096""",FLOAT,ND,N/A,0.0,0,0.0,0.0,0.0,0.0,0.0,0.0,0.0,0.0,0.0,0.0,0.0,330.564,21817232,6.784,0.021,2.988,0.009,329.017,0.995,111.429,0.337,0.0,0.000
0,4294967295,69,47,Concat,Concat,dynamic,AI_VECTOR_CORE,1785698306350765.256	,41.381,0.063000,40,0,NO,"""64,16;64,32;64,64;64,128;64,256;64,512;64,1024;64,2048;64,4096;64,8192;64,16;64,32;64,64;64,128;64,256;64,512;64,1024;64,2048;64,4096;64,8192;64,16;64,32;64,64;64,128;64,256;64,512;64,1024;64,2048;64,4096;64,8192;64,16;64,32;64,64;64,128;64,256;64,512;64,1024;64,2048;64,4096;64,8192;64,16;64,32;64,64;64,128;64,256;64,512;64,1024;64,2048;64,4096;64,8192;64,16;64,32;64,64;64,128;64,256;64,512;64,1024;64,2048;64,4096;64,8192;64,16;64,32;64,64;64,128""",FLOAT16;FLOAT16;FLOAT16;FLOAT16;FLOAT16;FLOAT16;FLOAT16;FLOAT16;FLOAT16;FLOAT16;FLOAT16;FLOAT16;FLOAT16;FLOAT16;FLOAT16;FLOAT16;FLOAT16;FLOAT16;FLOAT16;FLOAT16;FLOAT16;FLOAT16;FLOAT16;FLOAT16;FLOAT16;FLOAT16;FLOAT16;FLOAT16;FLOAT16;FLOAT16;FLOAT16;FLOAT16;FLOAT16;FLOAT16;FLOAT16;FLOAT16;FLOAT16;FLOAT16;FLOAT16;FLOAT16;FLOAT16;FLOAT16;FLOAT16;FLOAT16;FLOAT16;FLOAT16;FLOAT16;FLOAT16;FLOAT16;FLOAT16;FLOAT16;FLOAT16;FLOAT16;FLOAT16;FLOAT16;FLOAT16;FLOAT16;FLOAT16;FLOAT16;FLOAT16;FLOAT16;FLOAT16;FLOAT16;FLOAT16,ND;ND;ND;ND;ND;ND;ND;ND;ND;ND;ND;ND;ND;ND;ND;ND;ND;ND;ND;ND;ND;ND;ND;ND;ND;ND;ND;ND;ND;ND;ND;ND;ND;ND;ND;ND;ND;ND;ND;ND;ND;ND;ND;ND;ND;ND;ND;ND;ND;ND;ND;ND;ND;ND;ND;ND;ND;ND;ND;ND;ND;ND;ND;ND,"""64,98448""",FLOAT16,ND,N/A,0.0,0,0.0,0.0,0.0,0.0,0.0,0.0,0.0,0.0,0.0,0.0,0.0,38.615,2548589,0.017,0.0,6.732,0.174,22.883,0.593,12.207,0.316,0.0,0.000
0,4294967295,70,47,aclnnMul_MulAiCore_Mul,Mul,dynamic,AI_VECTOR_CORE,1785698306350806.677	,332.986,0.119000,40,0,NO,"""4096,4096;4096,4096""",FLOAT;FLOAT,ND;ND,"""4096,4096""",FLOAT,ND,N/A,0.0,0,0.0,0.0,0.0,0.0,0.0,0.0,0.0,0.0,0.0,0.0,0.0,331.109,21853168,6.784,0.02,3.037,0.009,329.53,0.995,111.088,0.336,0.0,0.000
0,4294967295,71,47,Concat,Concat,dynamic,AI_VECTOR_CORE,1785698306351139.683	,39.761,0.014000,40,0,NO,"""64,16;64,32;64,64;64,128;64,256;64,512;64,1024;64,2048;64,4096;64,8192;64,16;64,32;64,64;64,128;64,256;64,512;64,1024;64,2048;64,4096;64,8192;64,16;64,32;64,64;64,128;64,256;64,512;64,1024;64,2048;64,4096;64,8192;64,16;64,32;64,64;64,128;64,256;64,512;64,1024;64,2048;64,4096;64,8192;64,16;64,32;64,64;64,128;64,256;64,512;64,1024;64,2048;64,4096;64,8192;64,16;64,32;64,64;64,128;64,256;64,512;64,1024;64,2048;64,4096;64,8192;64,16;64,32;64,64;64,128""",FLOAT16;FLOAT16;FLOAT16;FLOAT16;FLOAT16;FLOAT16;FLOAT16;FLOAT16;FLOAT16;FLOAT16;FLOAT16;FLOAT16;FLOAT16;FLOAT16;FLOAT16;FLOAT16;FLOAT16;FLOAT16;FLOAT16;FLOAT16;FLOAT16;FLOAT16;FLOAT16;FLOAT16;FLOAT16;FLOAT16;FLOAT16;FLOAT16;FLOAT16;FLOAT16;FLOAT16;FLOAT16;FLOAT16;FLOAT16;FLOAT16;FLOAT16;FLOAT16;FLOAT16;FLOAT16;FLOAT16;FLOAT16;FLOAT16;FLOAT16;FLOAT16;FLOAT16;FLOAT16;FLOAT16;FLOAT16;FLOAT16;FLOAT16;FLOAT16;FLOAT16;FLOAT16;FLOAT16;FLOAT16;FLOAT16;FLOAT16;FLOAT16;FLOAT16;FLOAT16;FLOAT16;FLOAT16;FLOAT16;FLOAT16,ND;ND;ND;ND;ND;ND;ND;ND;ND;ND;ND;ND;ND;ND;ND;ND;ND;ND;ND;ND;ND;ND;ND;ND;ND;ND;ND;ND;ND;ND;ND;ND;ND;ND;ND;ND;ND;ND;ND;ND;ND;ND;ND;ND;ND;ND;ND;ND;ND;ND;ND;ND;ND;ND;ND;ND;ND;ND;ND;ND;ND;ND;ND;ND,"""64,98448""",FLOAT16,ND,N/A,0.0,0,0.0,0.0,0.0,0.0,0.0,0.0,0.0,0.0,0.0,0.0,0.0,36.381,2401132,0.017,0.0,9.615,0.264,21.246,0.584,11.483,0.316,0.0,0.000
0,4294967295,72,47,aclnnMul_MulAiCore_Mul,Mul,dynamic,AI_VECTOR_CORE,1785698306351179.464	,332.947,0.000000,40,0,NO,"""4096,4096;4096,4096""",FLOAT;FLOAT,ND;ND,"""4096,4096""",FLOAT,ND,N/A,0.0,0,0.0,0.0,0.0,0.0,0.0,0.0,0.0,0.0,0.0,0.0,0.0,330.544,21815927,6.784,0.021,3.014,0.009,328.993,0.995,111.96,0.339,0.0,0.000
0,4294967295,73,47,Concat,Concat,dynamic,AI_VECTOR_CORE,1785698306351512.451	,40.261,0.053000,40,0,NO,"""64,16;64,32;64,64;64,128;64,256;64,512;64,1024;64,2048;64,4096;64,8192;64,16;64,32;64,64;64,128;64,256;64,512;64,1024;64,2048;64,4096;64,8192;64,16;64,32;64,64;64,128;64,256;64,512;64,1024;64,2048;64,4096;64,8192;64,16;64,32;64,64;64,128;64,256;64,512;64,1024;64,2048;64,4096;64,8192;64,16;64,32;64,64;64,128;64,256;64,512;64,1024;64,2048;64,4096;64,8192;64,16;64,32;64,64;64,128;64,256;64,512;64,1024;64,2048;64,4096;64,8192;64,16;64,32;64,64;64,128""",FLOAT16;FLOAT16;FLOAT16;FLOAT16;FLOAT16;FLOAT16;FLOAT16;FLOAT16;FLOAT16;FLOAT16;FLOAT16;FLOAT16;FLOAT16;FLOAT16;FLOAT16;FLOAT16;FLOAT16;FLOAT16;FLOAT16;FLOAT16;FLOAT16;FLOAT16;FLOAT16;FLOAT16;FLOAT16;FLOAT16;FLOAT16;FLOAT16;FLOAT16;FLOAT16;FLOAT16;FLOAT16;FLOAT16;FLOAT16;FLOAT16;FLOAT16;FLOAT16;FLOAT16;FLOAT16;FLOAT16;FLOAT16;FLOAT16;FLOAT16;FLOAT16;FLOAT16;FLOAT16;FLOAT16;FLOAT16;FLOAT16;FLOAT16;FLOAT16;FLOAT16;FLOAT16;FLOAT16;FLOAT16;FLOAT16;FLOAT16;FLOAT16;FLOAT16;FLOAT16;FLOAT16;FLOAT16;FLOAT16;FLOAT16,ND;ND;ND;ND;ND;ND;ND;ND;ND;ND;ND;ND;ND;ND;ND;ND;ND;ND;ND;ND;ND;ND;ND;ND;ND;ND;ND;ND;ND;ND;ND;ND;ND;ND;ND;ND;ND;ND;ND;ND;ND;ND;ND;ND;ND;ND;ND;ND;ND;ND;ND;ND;ND;ND;ND;ND;ND;ND;ND;ND;ND;ND;ND;ND,"""64,98448""",FLOAT16,ND,N/A,0.0,0,0.0,0.0,0.0,0.0,0.0,0.0,0.0,0.0,0.0,0.0,0.0,37.169,2453173,0.017,0.0,10.132,0.273,21.902,0.589,11.631,0.313,0.0,0.000
0,4294967295,74,47,aclnnMul_MulAiCore_Mul,Mul,dynamic,AI_VECTOR_CORE,1785698306351552.732	,334.066,0.000000,40,0,NO,"""4096,4096;4096,4096""",FLOAT;FLOAT,ND;ND,"""4096,4096""",FLOAT,ND,N/A,0.0,0,0.0,0.0,0.0,0.0,0.0,0.0,0.0,0.0,0.0,0.0,0.0,331.841,21901521,6.784,0.02,3.08,0.009,330.215,0.995,113.263,0.341,0.0,0.000
0,4294967295,75,47,Concat,Concat,dynamic,AI_VECTOR_CORE,1785698306351886.818	,40.721,0.000000,40,0,NO,"""64,16;64,32;64,64;64,128;64,256;64,512;64,1024;64,2048;64,4096;64,8192;64,16;64,32;64,64;64,128;64,256;64,512;64,1024;64,2048;64,4096;64,8192;64,16;64,32;64,64;64,128;64,256;64,512;64,1024;64,2048;64,4096;64,8192;64,16;64,32;64,64;64,128;64,256;64,512;64,1024;64,2048;64,4096;64,8192;64,16;64,32;64,64;64,128;64,256;64,512;64,1024;64,2048;64,4096;64,8192;64,16;64,32;64,64;64,128;64,256;64,512;64,1024;64,2048;64,4096;64,8192;64,16;64,32;64,64;64,128""",FLOAT16;FLOAT16;FLOAT16;FLOAT16;FLOAT16;FLOAT16;FLOAT16;FLOAT16;FLOAT16;FLOAT16;FLOAT16;FLOAT16;FLOAT16;FLOAT16;FLOAT16;FLOAT16;FLOAT16;FLOAT16;FLOAT16;FLOAT16;FLOAT16;FLOAT16;FLOAT16;FLOAT16;FLOAT16;FLOAT16;FLOAT16;FLOAT16;FLOAT16;FLOAT16;FLOAT16;FLOAT16;FLOAT16;FLOAT16;FLOAT16;FLOAT16;FLOAT16;FLOAT16;FLOAT16;FLOAT16;FLOAT16;FLOAT16;FLOAT16;FLOAT16;FLOAT16;FLOAT16;FLOAT16;FLOAT16;FLOAT16;FLOAT16;FLOAT16;FLOAT16;FLOAT16;FLOAT16;FLOAT16;FLOAT16;FLOAT16;FLOAT16;FLOAT16;FLOAT16;FLOAT16;FLOAT16;FLOAT16;FLOAT16,ND;ND;ND;ND;ND;ND;ND;ND;ND;ND;ND;ND;ND;ND;ND;ND;ND;ND;ND;ND;ND;ND;ND;ND;ND;ND;ND;ND;ND;ND;ND;ND;ND;ND;ND;ND;ND;ND;ND;ND;ND;ND;ND;ND;ND;ND;ND;ND;ND;ND;ND;ND;ND;ND;ND;ND;ND;ND;ND;ND;ND;ND;ND;ND,"""64,98448""",FLOAT16,ND,N/A,0.0,0,0.0,0.0,0.0,0.0,0.0,0.0,0.0,0.0,0.0,0.0,0.0,37.825,2496421,0.017,0.0,12.12,0.32,22.153,0.586,11.642,0.308,0.0,0.000
0,4294967295,76,47,aclnnMul_MulAiCore_Mul,Mul,dynamic,AI_VECTOR_CORE,1785698306351927.559	,333.327,0.029000,40,0,NO,"""4096,4096;4096,4096""",FLOAT;FLOAT,ND;ND,"""4096,4096""",FLOAT,ND,N/A,0.0,0,0.0,0.0,0.0,0.0,0.0,0.0,0.0,0.0,0.0,0.0,0.0,330.968,21843917,6.784,0.02,3.078,0.009,329.334,0.995,110.782,0.335,0.0,0.000
0,4294967295,77,47,Concat,Concat,dynamic,AI_VECTOR_CORE,1785698306352260.906	,41.861,0.173000,40,0,NO,"""64,16;64,32;64,64;64,128;64,256;64,512;64,1024;64,2048;64,4096;64,8192;64,16;64,32;64,64;64,128;64,256;64,512;64,1024;64,2048;64,4096;64,8192;64,16;64,32;64,64;64,128;64,256;64,512;64,1024;64,2048;64,4096;64,8192;64,16;64,32;64,64;64,128;64,256;64,512;64,1024;64,2048;64,4096;64,8192;64,16;64,32;64,64;64,128;64,256;64,512;64,1024;64,2048;64,4096;64,8192;64,16;64,32;64,64;64,128;64,256;64,512;64,1024;64,2048;64,4096;64,8192;64,16;64,32;64,64;64,128""",FLOAT16;FLOAT16;FLOAT16;FLOAT16;FLOAT16;FLOAT16;FLOAT16;FLOAT16;FLOAT16;FLOAT16;FLOAT16;FLOAT16;FLOAT16;FLOAT16;FLOAT16;FLOAT16;FLOAT16;FLOAT16;FLOAT16;FLOAT16;FLOAT16;FLOAT16;FLOAT16;FLOAT16;FLOAT16;FLOAT16;FLOAT16;FLOAT16;FLOAT16;FLOAT16;FLOAT16;FLOAT16;FLOAT16;FLOAT16;FLOAT16;FLOAT16;FLOAT16;FLOAT16;FLOAT16;FLOAT16;FLOAT16;FLOAT16;FLOAT16;FLOAT16;FLOAT16;FLOAT16;FLOAT16;FLOAT16;FLOAT16;FLOAT16;FLOAT16;FLOAT16;FLOAT16;FLOAT16;FLOAT16;FLOAT16;FLOAT16;FLOAT16;FLOAT16;FLOAT16;FLOAT16;FLOAT16;FLOAT16;FLOAT16,ND;ND;ND;ND;ND;ND;ND;ND;ND;ND;ND;ND;ND;ND;ND;ND;ND;ND;ND;ND;ND;ND;ND;ND;ND;ND;ND;ND;ND;ND;ND;ND;ND;ND;ND;ND;ND;ND;ND;ND;ND;ND;ND;ND;ND;ND;ND;ND;ND;ND;ND;ND;ND;ND;ND;ND;ND;ND;ND;ND;ND;ND;ND;ND,"""64,98448""",FLOAT16,ND,N/A,0.0,0,0.0,0.0,0.0,0.0,0.0,0.0,0.0,0.0,0.0,0.0,0.0,38.795,2560501,0.017,0.0,14.832,0.382,22.245,0.573,11.671,0.301,0.0,0.000
0,4294967295,78,47,aclnnMul_MulAiCore_Mul,Mul,dynamic,AI_VECTOR_CORE,1785698306352302.787	,334.046,0.000000,40,0,NO,"""4096,4096;4096,4096""",FLOAT;FLOAT,ND;ND,"""4096,4096""",FLOAT,ND,N/A,0.0,0,0.0,0.0,0.0,0.0,0.0,0.0,0.0,0.0,0.0,0.0,0.0,331.793,21898358,6.784,0.02,3.117,0.009,330.141,0.995,112.037,0.338,0.0,0.000
0,4294967295,79,47,Concat,Concat,dynamic,AI_VECTOR_CORE,1785698306352636.853	,39.521,0.000000,40,0,NO,"""64,16;64,32;64,64;64,128;64,256;64,512;64,1024;64,2048;64,4096;64,8192;64,16;64,32;64,64;64,128;64,256;64,512;64,1024;64,2048;64,4096;64,8192;64,16;64,32;64,64;64,128;64,256;64,512;64,1024;64,2048;64,4096;64,8192;64,16;64,32;64,64;64,128;64,256;64,512;64,1024;64,2048;64,4096;64,8192;64,16;64,32;64,64;64,128;64,256;64,512;64,1024;64,2048;64,4096;64,8192;64,16;64,32;64,64;64,128;64,256;64,512;64,1024;64,2048;64,4096;64,8192;64,16;64,32;64,64;64,128""",FLOAT16;FLOAT16;FLOAT16;FLOAT16;FLOAT16;FLOAT16;FLOAT16;FLOAT16;FLOAT16;FLOAT16;FLOAT16;FLOAT16;FLOAT16;FLOAT16;FLOAT16;FLOAT16;FLOAT16;FLOAT16;FLOAT16;FLOAT16;FLOAT16;FLOAT16;FLOAT16;FLOAT16;FLOAT16;FLOAT16;FLOAT16;FLOAT16;FLOAT16;FLOAT16;FLOAT16;FLOAT16;FLOAT16;FLOAT16;FLOAT16;FLOAT16;FLOAT16;FLOAT16;FLOAT16;FLOAT16;FLOAT16;FLOAT16;FLOAT16;FLOAT16;FLOAT16;FLOAT16;FLOAT16;FLOAT16;FLOAT16;FLOAT16;FLOAT16;FLOAT16;FLOAT16;FLOAT16;FLOAT16;FLOAT16;FLOAT16;FLOAT16;FLOAT16;FLOAT16;FLOAT16;FLOAT16;FLOAT16;FLOAT16,ND;ND;ND;ND;ND;ND;ND;ND;ND;ND;ND;ND;ND;ND;ND;ND;ND;ND;ND;ND;ND;ND;ND;ND;ND;ND;ND;ND;ND;ND;ND;ND;ND;ND;ND;ND;ND;ND;ND;ND;ND;ND;ND;ND;ND;ND;ND;ND;ND;ND;ND;ND;ND;ND;ND;ND;ND;ND;ND;ND;ND;ND;ND;ND,"""64,98448""",FLOAT16,ND,N/A,0.0,0,0.0,0.0,0.0,0.0,0.0,0.0,0.0,0.0,0.0,0.0,0.0,36.179,2387812,0.017,0.0,12.171,0.336,21.325,0.589,10.994,0.304,0.0,0.000
0,4294967295,80,47,aclnnMul_MulAiCore_Mul,Mul,dynamic,AI_VECTOR_CORE,1785698306352676.394	,333.387,0.229000,40,0,NO,"""4096,4096;4096,4096""",FLOAT;FLOAT,ND;ND,"""4096,4096""",FLOAT,ND,N/A,0.0,0,0.0,0.0,0.0,0.0,0.0,0.0,0.0,0.0,0.0,0.0,0.0,331.522,21880482,6.784,0.02,3.06,0.009,329.931,0.995,111.652,0.337,0.0,0.000
0,4294967295,81,47,Concat,Concat,dynamic,AI_VECTOR_CORE,1785698306353009.801	,39.000,0.000000,40,0,NO,"""64,16;64,32;64,64;64,128;64,256;64,512;64,1024;64,2048;64,4096;64,8192;64,16;64,32;64,64;64,128;64,256;64,512;64,1024;64,2048;64,4096;64,8192;64,16;64,32;64,64;64,128;64,256;64,512;64,1024;64,2048;64,4096;64,8192;64,16;64,32;64,64;64,128;64,256;64,512;64,1024;64,2048;64,4096;64,8192;64,16;64,32;64,64;64,128;64,256;64,512;64,1024;64,2048;64,4096;64,8192;64,16;64,32;64,64;64,128;64,256;64,512;64,1024;64,2048;64,4096;64,8192;64,16;64,32;64,64;64,128""",FLOAT16;FLOAT16;FLOAT16;FLOAT16;FLOAT16;FLOAT16;FLOAT16;FLOAT16;FLOAT16;FLOAT16;FLOAT16;FLOAT16;FLOAT16;FLOAT16;FLOAT16;FLOAT16;FLOAT16;FLOAT16;FLOAT16;FLOAT16;FLOAT16;FLOAT16;FLOAT16;FLOAT16;FLOAT16;FLOAT16;FLOAT16;FLOAT16;FLOAT16;FLOAT16;FLOAT16;FLOAT16;FLOAT16;FLOAT16;FLOAT16;FLOAT16;FLOAT16;FLOAT16;FLOAT16;FLOAT16;FLOAT16;FLOAT16;FLOAT16;FLOAT16;FLOAT16;FLOAT16;FLOAT16;FLOAT16;FLOAT16;FLOAT16;FLOAT16;FLOAT16;FLOAT16;FLOAT16;FLOAT16;FLOAT16;FLOAT16;FLOAT16;FLOAT16;FLOAT16;FLOAT16;FLOAT16;FLOAT16;FLOAT16,ND;ND;ND;ND;ND;ND;ND;ND;ND;ND;ND;ND;ND;ND;ND;ND;ND;ND;ND;ND;ND;ND;ND;ND;ND;ND;ND;ND;ND;ND;ND;ND;ND;ND;ND;ND;ND;ND;ND;ND;ND;ND;ND;ND;ND;ND;ND;ND;ND;ND;ND;ND;ND;ND;ND;ND;ND;ND;ND;ND;ND;ND;ND;ND,"""64,98448""",FLOAT16,ND,N/A,0.0,0,0.0,0.0,0.0,0.0,0.0,0.0,0.0,0.0,0.0,0.0,0.0,35.732,2358327,0.017,0.0,10.441,0.292,20.863,0.584,11.291,0.316,0.0,0.000
0,4294967295,82,47,aclnnMul_MulAiCore_Mul,Mul,dynamic,AI_VECTOR_CORE,1785698306353048.821	,332.867,0.000000,40,0,NO,"""4096,4096;4096,4096""",FLOAT;FLOAT,ND;ND,"""4096,4096""",FLOAT,ND,N/A,0.0,0,0.0,0.0,0.0,0.0,0.0,0.0,0.0,0.0,0.0,0.0,0.0,330.668,21824062,6.784,0.021,3.035,0.009,329.066,0.995,112.507,0.34,0.0,0.000
0,4294967295,83,47,Concat,Concat,dynamic,AI_VECTOR_CORE,1785698306353381.708	,41.461,0.133000,40,0,NO,"""64,16;64,32;64,64;64,128;64,256;64,512;64,1024;64,2048;64,4096;64,8192;64,16;64,32;64,64;64,128;64,256;64,512;64,1024;64,2048;64,4096;64,8192;64,16;64,32;64,64;64,128;64,256;64,512;64,1024;64,2048;64,4096;64,8192;64,16;64,32;64,64;64,128;64,256;64,512;64,1024;64,2048;64,4096;64,8192;64,16;64,32;64,64;64,128;64,256;64,512;64,1024;64,2048;64,4096;64,8192;64,16;64,32;64,64;64,128;64,256;64,512;64,1024;64,2048;64,4096;64,8192;64,16;64,32;64,64;64,128""",FLOAT16;FLOAT16;FLOAT16;FLOAT16;FLOAT16;FLOAT16;FLOAT16;FLOAT16;FLOAT16;FLOAT16;FLOAT16;FLOAT16;FLOAT16;FLOAT16;FLOAT16;FLOAT16;FLOAT16;FLOAT16;FLOAT16;FLOAT16;FLOAT16;FLOAT16;FLOAT16;FLOAT16;FLOAT16;FLOAT16;FLOAT16;FLOAT16;FLOAT16;FLOAT16;FLOAT16;FLOAT16;FLOAT16;FLOAT16;FLOAT16;FLOAT16;FLOAT16;FLOAT16;FLOAT16;FLOAT16;FLOAT16;FLOAT16;FLOAT16;FLOAT16;FLOAT16;FLOAT16;FLOAT16;FLOAT16;FLOAT16;FLOAT16;FLOAT16;FLOAT16;FLOAT16;FLOAT16;FLOAT16;FLOAT16;FLOAT16;FLOAT16;FLOAT16;FLOAT16;FLOAT16;FLOAT16;FLOAT16;FLOAT16,ND;ND;ND;ND;ND;ND;ND;ND;ND;ND;ND;ND;ND;ND;ND;ND;ND;ND;ND;ND;ND;ND;ND;ND;ND;ND;ND;ND;ND;ND;ND;ND;ND;ND;ND;ND;ND;ND;ND;ND;ND;ND;ND;ND;ND;ND;ND;ND;ND;ND;ND;ND;ND;ND;ND;ND;ND;ND;ND;ND;ND;ND;ND;ND,"""64,98448""",FLOAT16,ND,N/A,0.0,0,0.0,0.0,0.0,0.0,0.0,0.0,0.0,0.0,0.0,0.0,0.0,37.661,2485655,0.017,0.0,8.535,0.227,22.494,0.597,11.358,0.302,0.0,0.000
0,4294967295,84,47,aclnnMul_MulAiCore_Mul,Mul,dynamic,AI_VECTOR_CORE,1785698306353423.189	,333.807,0.039000,40,0,NO,"""4096,4096;4096,4096""",FLOAT;FLOAT,ND;ND,"""4096,4096""",FLOAT,ND,N/A,0.0,0,0.0,0.0,0.0,0.0,0.0,0.0,0.0,0.0,0.0,0.0,0.0,331.127,21854378,6.784,0.02,3.067,0.009,329.514,0.995,110.045,0.332,0.0,0.000
0,4294967295,85,47,Concat,Concat,dynamic,AI_VECTOR_CORE,1785698306353757.016	,40.000,0.000000,40,0,NO,"""64,16;64,32;64,64;64,128;64,256;64,512;64,1024;64,2048;64,4096;64,8192;64,16;64,32;64,64;64,128;64,256;64,512;64,1024;64,2048;64,4096;64,8192;64,16;64,32;64,64;64,128;64,256;64,512;64,1024;64,2048;64,4096;64,8192;64,16;64,32;64,64;64,128;64,256;64,512;64,1024;64,2048;64,4096;64,8192;64,16;64,32;64,64;64,128;64,256;64,512;64,1024;64,2048;64,4096;64,8192;64,16;64,32;64,64;64,128;64,256;64,512;64,1024;64,2048;64,4096;64,8192;64,16;64,32;64,64;64,128""",FLOAT16;FLOAT16;FLOAT16;FLOAT16;FLOAT16;FLOAT16;FLOAT16;FLOAT16;FLOAT16;FLOAT16;FLOAT16;FLOAT16;FLOAT16;FLOAT16;FLOAT16;FLOAT16;FLOAT16;FLOAT16;FLOAT16;FLOAT16;FLOAT16;FLOAT16;FLOAT16;FLOAT16;FLOAT16;FLOAT16;FLOAT16;FLOAT16;FLOAT16;FLOAT16;FLOAT16;FLOAT16;FLOAT16;FLOAT16;FLOAT16;FLOAT16;FLOAT16;FLOAT16;FLOAT16;FLOAT16;FLOAT16;FLOAT16;FLOAT16;FLOAT16;FLOAT16;FLOAT16;FLOAT16;FLOAT16;FLOAT16;FLOAT16;FLOAT16;FLOAT16;FLOAT16;FLOAT16;FLOAT16;FLOAT16;FLOAT16;FLOAT16;FLOAT16;FLOAT16;FLOAT16;FLOAT16;FLOAT16;FLOAT16,ND;ND;ND;ND;ND;ND;ND;ND;ND;ND;ND;ND;ND;ND;ND;ND;ND;ND;ND;ND;ND;ND;ND;ND;ND;ND;ND;ND;ND;ND;ND;ND;ND;ND;ND;ND;ND;ND;ND;ND;ND;ND;ND;ND;ND;ND;ND;ND;ND;ND;ND;ND;ND;ND;ND;ND;ND;ND;ND;ND;ND;ND;ND;ND,"""64,98448""",FLOAT16,ND,N/A,0.0,0,0.0,0.0,0.0,0.0,0.0,0.0,0.0,0.0,0.0,0.0,0.0,37.041,2444726,0.017,0.0,9.016,0.243,21.998,0.594,11.409,0.308,0.0,0.000
0,4294967295,86,47,aclnnMul_MulAiCore_Mul,Mul,dynamic,AI_VECTOR_CORE,1785698306353797.036	,333.667,0.000000,40,0,NO,"""4096,4096;4096,4096""",FLOAT;FLOAT,ND;ND,"""4096,4096""",FLOAT,ND,N/A,0.0,0,0.0,0.0,0.0,0.0,0.0,0.0,0.0,0.0,0.0,0.0,0.0,331.785,21897810,6.784,0.02,2.937,0.009,330.348,0.996,112.073,0.338,0.0,0.000
0,4294967295,87,47,Concat,Concat,dynamic,AI_VECTOR_CORE,1785698306354130.723	,40.061,0.083000,40,0,NO,"""64,16;64,32;64,64;64,128;64,256;64,512;64,1024;64,2048;64,4096;64,8192;64,16;64,32;64,64;64,128;64,256;64,512;64,1024;64,2048;64,4096;64,8192;64,16;64,32;64,64;64,128;64,256;64,512;64,1024;64,2048;64,4096;64,8192;64,16;64,32;64,64;64,128;64,256;64,512;64,1024;64,2048;64,4096;64,8192;64,16;64,32;64,64;64,128;64,256;64,512;64,1024;64,2048;64,4096;64,8192;64,16;64,32;64,64;64,128;64,256;64,512;64,1024;64,2048;64,4096;64,8192;64,16;64,32;64,64;64,128""",FLOAT16;FLOAT16;FLOAT16;FLOAT16;FLOAT16;FLOAT16;FLOAT16;FLOAT16;FLOAT16;FLOAT16;FLOAT16;FLOAT16;FLOAT16;FLOAT16;FLOAT16;FLOAT16;FLOAT16;FLOAT16;FLOAT16;FLOAT16;FLOAT16;FLOAT16;FLOAT16;FLOAT16;FLOAT16;FLOAT16;FLOAT16;FLOAT16;FLOAT16;FLOAT16;FLOAT16;FLOAT16;FLOAT16;FLOAT16;FLOAT16;FLOAT16;FLOAT16;FLOAT16;FLOAT16;FLOAT16;FLOAT16;FLOAT16;FLOAT16;FLOAT16;FLOAT16;FLOAT16;FLOAT16;FLOAT16;FLOAT16;FLOAT16;FLOAT16;FLOAT16;FLOAT16;FLOAT16;FLOAT16;FLOAT16;FLOAT16;FLOAT16;FLOAT16;FLOAT16;FLOAT16;FLOAT16;FLOAT16;FLOAT16,ND;ND;ND;ND;ND;ND;ND;ND;ND;ND;ND;ND;ND;ND;ND;ND;ND;ND;ND;ND;ND;ND;ND;ND;ND;ND;ND;ND;ND;ND;ND;ND;ND;ND;ND;ND;ND;ND;ND;ND;ND;ND;ND;ND;ND;ND;ND;ND;ND;ND;ND;ND;ND;ND;ND;ND;ND;ND;ND;ND;ND;ND;ND;ND,"""64,98448""",FLOAT16,ND,N/A,0.0,0,0.0,0.0,0.0,0.0,0.0,0.0,0.0,0.0,0.0,0.0,0.0,36.369,2400321,0.017,0.0,9.753,0.268,21.395,0.588,11.263,0.31,0.0,0.000
0,4294967295,88,47,aclnnMul_MulAiCore_Mul,Mul,dynamic,AI_VECTOR_CORE,1785698306354170.824	,332.106,0.000000,40,0,NO,"""4096,4096;4096,4096""",FLOAT;FLOAT,ND;ND,"""4096,4096""",FLOAT,ND,N/A,0.0,0,0.0,0.0,0.0,0.0,0.0,0.0,0.0,0.0,0.0,0.0,0.0,330.077,21785067,6.784,0.021,3.1,0.009,328.479,0.995,111.113,0.337,0.0,0.000
0,4294967295,89,47,Concat,Concat,dynamic,AI_VECTOR_CORE,1785698306354502.950	,41.761,0.144000,40,0,NO,"""64,16;64,32;64,64;64,128;64,256;64,512;64,1024;64,2048;64,4096;64,8192;64,16;64,32;64,64;64,128;64,256;64,512;64,1024;64,2048;64,4096;64,8192;64,16;64,32;64,64;64,128;64,256;64,512;64,1024;64,2048;64,4096;64,8192;64,16;64,32;64,64;64,128;64,256;64,512;64,1024;64,2048;64,4096;64,8192;64,16;64,32;64,64;64,128;64,256;64,512;64,1024;64,2048;64,4096;64,8192;64,16;64,32;64,64;64,128;64,256;64,512;64,1024;64,2048;64,4096;64,8192;64,16;64,32;64,64;64,128""",FLOAT16;FLOAT16;FLOAT16;FLOAT16;FLOAT16;FLOAT16;FLOAT16;FLOAT16;FLOAT16;FLOAT16;FLOAT16;FLOAT16;FLOAT16;FLOAT16;FLOAT16;FLOAT16;FLOAT16;FLOAT16;FLOAT16;FLOAT16;FLOAT16;FLOAT16;FLOAT16;FLOAT16;FLOAT16;FLOAT16;FLOAT16;FLOAT16;FLOAT16;FLOAT16;FLOAT16;FLOAT16;FLOAT16;FLOAT16;FLOAT16;FLOAT16;FLOAT16;FLOAT16;FLOAT16;FLOAT16;FLOAT16;FLOAT16;FLOAT16;FLOAT16;FLOAT16;FLOAT16;FLOAT16;FLOAT16;FLOAT16;FLOAT16;FLOAT16;FLOAT16;FLOAT16;FLOAT16;FLOAT16;FLOAT16;FLOAT16;FLOAT16;FLOAT16;FLOAT16;FLOAT16;FLOAT16;FLOAT16;FLOAT16,ND;ND;ND;ND;ND;ND;ND;ND;ND;ND;ND;ND;ND;ND;ND;ND;ND;ND;ND;ND;ND;ND;ND;ND;ND;ND;ND;ND;ND;ND;ND;ND;ND;ND;ND;ND;ND;ND;ND;ND;ND;ND;ND;ND;ND;ND;ND;ND;ND;ND;ND;ND;ND;ND;ND;ND;ND;ND;ND;ND;ND;ND;ND;ND,"""64,98448""",FLOAT16,ND,N/A,0.0,0,0.0,0.0,0.0,0.0,0.0,0.0,0.0,0.0,0.0,0.0,0.0,38.744,2557083,0.017,0.0,13.729,0.354,22.956,0.593,11.162,0.288,0.0,0.000
0,4294967295,90,47,aclnnMul_MulAiCore_Mul,Mul,dynamic,AI_VECTOR_CORE,1785698306354544.731	,334.267,0.000000,40,0,NO,"""4096,4096;4096,4096""",FLOAT;FLOAT,ND;ND,"""4096,4096""",FLOAT,ND,N/A,0.0,0,0.0,0.0,0.0,0.0,0.0,0.0,0.0,0.0,0.0,0.0,0.0,332.081,21917352,6.784,0.02,2.999,0.009,330.548,0.995,112.015,0.337,0.0,0.000
0,4294967295,91,47,Concat,Concat,dynamic,AI_VECTOR_CORE,1785698306354879.018	,39.581,0.000000,40,0,NO,"""64,16;64,32;64,64;64,128;64,256;64,512;64,1024;64,2048;64,4096;64,8192;64,16;64,32;64,64;64,128;64,256;64,512;64,1024;64,2048;64,4096;64,8192;64,16;64,32;64,64;64,128;64,256;64,512;64,1024;64,2048;64,4096;64,8192;64,16;64,32;64,64;64,128;64,256;64,512;64,1024;64,2048;64,4096;64,8192;64,16;64,32;64,64;64,128;64,256;64,512;64,1024;64,2048;64,4096;64,8192;64,16;64,32;64,64;64,128;64,256;64,512;64,1024;64,2048;64,4096;64,8192;64,16;64,32;64,64;64,128""",FLOAT16;FLOAT16;FLOAT16;FLOAT16;FLOAT16;FLOAT16;FLOAT16;FLOAT16;FLOAT16;FLOAT16;FLOAT16;FLOAT16;FLOAT16;FLOAT16;FLOAT16;FLOAT16;FLOAT16;FLOAT16;FLOAT16;FLOAT16;FLOAT16;FLOAT16;FLOAT16;FLOAT16;FLOAT16;FLOAT16;FLOAT16;FLOAT16;FLOAT16;FLOAT16;FLOAT16;FLOAT16;FLOAT16;FLOAT16;FLOAT16;FLOAT16;FLOAT16;FLOAT16;FLOAT16;FLOAT16;FLOAT16;FLOAT16;FLOAT16;FLOAT16;FLOAT16;FLOAT16;FLOAT16;FLOAT16;FLOAT16;FLOAT16;FLOAT16;FLOAT16;FLOAT16;FLOAT16;FLOAT16;FLOAT16;FLOAT16;FLOAT16;FLOAT16;FLOAT16;FLOAT16;FLOAT16;FLOAT16;FLOAT16,ND;ND;ND;ND;ND;ND;ND;ND;ND;ND;ND;ND;ND;ND;ND;ND;ND;ND;ND;ND;ND;ND;ND;ND;ND;ND;ND;ND;ND;ND;ND;ND;ND;ND;ND;ND;ND;ND;ND;ND;ND;ND;ND;ND;ND;ND;ND;ND;ND;ND;ND;ND;ND;ND;ND;ND;ND;ND;ND;ND;ND;ND;ND;ND,"""64,98448""",FLOAT16,ND,N/A,0.0,0,0.0,0.0,0.0,0.0,0.0,0.0,0.0,0.0,0.0,0.0,0.0,35.384,2335368,0.017,0.0,14.25,0.403,20.01,0.565,10.339,0.292,0.0,0.000
0,4294967295,92,47,aclnnMul_MulAiCore_Mul,Mul,dynamic,AI_VECTOR_CORE,1785698306354918.619	,333.526,0.000000,40,0,NO,"""4096,4096;4096,4096""",FLOAT;FLOAT,ND;ND,"""4096,4096""",FLOAT,ND,N/A,0.0,0,0.0,0.0,0.0,0.0,0.0,0.0,0.0,0.0,0.0,0.0,0.0,331.08,21851299,6.784,0.02,3.153,0.01,329.325,0.995,110.343,0.333,0.0,0.000
0,4294967295,93,47,Concat,Concat,dynamic,AI_VECTOR_CORE,1785698306355252.165	,39.641,0.224000,40,0,NO,"""64,16;64,32;64,64;64,128;64,256;64,512;64,1024;64,2048;64,4096;64,8192;64,16;64,32;64,64;64,128;64,256;64,512;64,1024;64,2048;64,4096;64,8192;64,16;64,32;64,64;64,128;64,256;64,512;64,1024;64,2048;64,4096;64,8192;64,16;64,32;64,64;64,128;64,256;64,512;64,1024;64,2048;64,4096;64,8192;64,16;64,32;64,64;64,128;64,256;64,512;64,1024;64,2048;64,4096;64,8192;64,16;64,32;64,64;64,128;64,256;64,512;64,1024;64,2048;64,4096;64,8192;64,16;64,32;64,64;64,128""",FLOAT16;FLOAT16;FLOAT16;FLOAT16;FLOAT16;FLOAT16;FLOAT16;FLOAT16;FLOAT16;FLOAT16;FLOAT16;FLOAT16;FLOAT16;FLOAT16;FLOAT16;FLOAT16;FLOAT16;FLOAT16;FLOAT16;FLOAT16;FLOAT16;FLOAT16;FLOAT16;FLOAT16;FLOAT16;FLOAT16;FLOAT16;FLOAT16;FLOAT16;FLOAT16;FLOAT16;FLOAT16;FLOAT16;FLOAT16;FLOAT16;FLOAT16;FLOAT16;FLOAT16;FLOAT16;FLOAT16;FLOAT16;FLOAT16;FLOAT16;FLOAT16;FLOAT16;FLOAT16;FLOAT16;FLOAT16;FLOAT16;FLOAT16;FLOAT16;FLOAT16;FLOAT16;FLOAT16;FLOAT16;FLOAT16;FLOAT16;FLOAT16;FLOAT16;FLOAT16;FLOAT16;FLOAT16;FLOAT16;FLOAT16,ND;ND;ND;ND;ND;ND;ND;ND;ND;ND;ND;ND;ND;ND;ND;ND;ND;ND;ND;ND;ND;ND;ND;ND;ND;ND;ND;ND;ND;ND;ND;ND;ND;ND;ND;ND;ND;ND;ND;ND;ND;ND;ND;ND;ND;ND;ND;ND;ND;ND;ND;ND;ND;ND;ND;ND;ND;ND;ND;ND;ND;ND;ND;ND,"""64,98448""",FLOAT16,ND,N/A,0.0,0,0.0,0.0,0.0,0.0,0.0,0.0,0.0,0.0,0.0,0.0,0.0,36.482,2407796,0.017,0.0,12.896,0.354,21.685,0.594,10.991,0.301,0.0,0.000
0,4294967295,94,47,aclnnMul_MulAiCore_Mul,Mul,dynamic,AI_VECTOR_CORE,1785698306355291.826	,333.587,0.000000,40,0,NO,"""4096,4096;4096,4096""",FLOAT;FLOAT,ND;ND,"""4096,4096""",FLOAT,ND,N/A,0.0,0,0.0,0.0,0.0,0.0,0.0,0.0,0.0,0.0,0.0,0.0,0.0,331.387,21871536,6.784,0.02,3.046,0.009,329.775,0.995,112.735,0.34,0.0,0.000
0,4294967295,95,47,Concat,Concat,dynamic,AI_VECTOR_CORE,1785698306355625.433	,39.401,0.163000,40,0,NO,"""64,16;64,32;64,64;64,128;64,256;64,512;64,1024;64,2048;64,4096;64,8192;64,16;64,32;64,64;64,128;64,256;64,512;64,1024;64,2048;64,4096;64,8192;64,16;64,32;64,64;64,128;64,256;64,512;64,1024;64,2048;64,4096;64,8192;64,16;64,32;64,64;64,128;64,256;64,512;64,1024;64,2048;64,4096;64,8192;64,16;64,32;64,64;64,128;64,256;64,512;64,1024;64,2048;64,4096;64,8192;64,16;64,32;64,64;64,128;64,256;64,512;64,1024;64,2048;64,4096;64,8192;64,16;64,32;64,64;64,128""",FLOAT16;FLOAT16;FLOAT16;FLOAT16;FLOAT16;FLOAT16;FLOAT16;FLOAT16;FLOAT16;FLOAT16;FLOAT16;FLOAT16;FLOAT16;FLOAT16;FLOAT16;FLOAT16;FLOAT16;FLOAT16;FLOAT16;FLOAT16;FLOAT16;FLOAT16;FLOAT16;FLOAT16;FLOAT16;FLOAT16;FLOAT16;FLOAT16;FLOAT16;FLOAT16;FLOAT16;FLOAT16;FLOAT16;FLOAT16;FLOAT16;FLOAT16;FLOAT16;FLOAT16;FLOAT16;FLOAT16;FLOAT16;FLOAT16;FLOAT16;FLOAT16;FLOAT16;FLOAT16;FLOAT16;FLOAT16;FLOAT16;FLOAT16;FLOAT16;FLOAT16;FLOAT16;FLOAT16;FLOAT16;FLOAT16;FLOAT16;FLOAT16;FLOAT16;FLOAT16;FLOAT16;FLOAT16;FLOAT16;FLOAT16,ND;ND;ND;ND;ND;ND;ND;ND;ND;ND;ND;ND;ND;ND;ND;ND;ND;ND;ND;ND;ND;ND;ND;ND;ND;ND;ND;ND;ND;ND;ND;ND;ND;ND;ND;ND;ND;ND;ND;ND;ND;ND;ND;ND;ND;ND;ND;ND;ND;ND;ND;ND;ND;ND;ND;ND;ND;ND;ND;ND;ND;ND;ND;ND,"""64,98448""",FLOAT16,ND,N/A,0.0,0,0.0,0.0,0.0,0.0,0.0,0.0,0.0,0.0,0.0,0.0,0.0,36.374,2400685,0.017,0.0,10.376,0.285,21.505,0.591,11.151,0.307,0.0,0.000
0,4294967295,96,47,aclnnMul_MulAiCore_Mul,Mul,dynamic,AI_VECTOR_CORE,1785698306355664.854	,335.126,0.000000,40,0,NO,"""4096,4096;4096,4096""",FLOAT;FLOAT,ND;ND,"""4096,4096""",FLOAT,ND,N/A,0.0,0,0.0,0.0,0.0,0.0,0.0,0.0,0.0,0.0,0.0,0.0,0.0,332.435,21940722,6.784,0.02,3.029,0.009,330.842,0.995,113.093,0.34,0.0,0.000
0,4294967295,97,47,Concat,Concat,dynamic,AI_VECTOR_CORE,1785698306356000.000	,40.921,0.124000,40,0,NO,"""64,16;64,32;64,64;64,128;64,256;64,512;64,1024;64,2048;64,4096;64,8192;64,16;64,32;64,64;64,128;64,256;64,512;64,1024;64,2048;64,4096;64,8192;64,16;64,32;64,64;64,128;64,256;64,512;64,1024;64,2048;64,4096;64,8192;64,16;64,32;64,64;64,128;64,256;64,512;64,1024;64,2048;64,4096;64,8192;64,16;64,32;64,64;64,128;64,256;64,512;64,1024;64,2048;64,4096;64,8192;64,16;64,32;64,64;64,128;64,256;64,512;64,1024;64,2048;64,4096;64,8192;64,16;64,32;64,64;64,128""",FLOAT16;FLOAT16;FLOAT16;FLOAT16;FLOAT16;FLOAT16;FLOAT16;FLOAT16;FLOAT16;FLOAT16;FLOAT16;FLOAT16;FLOAT16;FLOAT16;FLOAT16;FLOAT16;FLOAT16;FLOAT16;FLOAT16;FLOAT16;FLOAT16;FLOAT16;FLOAT16;FLOAT16;FLOAT16;FLOAT16;FLOAT16;FLOAT16;FLOAT16;FLOAT16;FLOAT16;FLOAT16;FLOAT16;FLOAT16;FLOAT16;FLOAT16;FLOAT16;FLOAT16;FLOAT16;FLOAT16;FLOAT16;FLOAT16;FLOAT16;FLOAT16;FLOAT16;FLOAT16;FLOAT16;FLOAT16;FLOAT16;FLOAT16;FLOAT16;FLOAT16;FLOAT16;FLOAT16;FLOAT16;FLOAT16;FLOAT16;FLOAT16;FLOAT16;FLOAT16;FLOAT16;FLOAT16;FLOAT16;FLOAT16,ND;ND;ND;ND;ND;ND;ND;ND;ND;ND;ND;ND;ND;ND;ND;ND;ND;ND;ND;ND;ND;ND;ND;ND;ND;ND;ND;ND;ND;ND;ND;ND;ND;ND;ND;ND;ND;ND;ND;ND;ND;ND;ND;ND;ND;ND;ND;ND;ND;ND;ND;ND;ND;ND;ND;ND;ND;ND;ND;ND;ND;ND;ND;ND,"""64,98448""",FLOAT16,ND,N/A,0.0,0,0.0,0.0,0.0,0.0,0.0,0.0,0.0,0.0,0.0,0.0,0.0,37.89,2500731,0.017,0.0,7.843,0.207,22.343,0.59,11.899,0.314,0.0,0.000
0,4294967295,98,47,aclnnMul_MulAiCore_Mul,Mul,dynamic,AI_VECTOR_CORE,1785698306356040.941	,333.107,0.079000,40,0,NO,"""4096,4096;4096,4096""",FLOAT;FLOAT,ND;ND,"""4096,4096""",FLOAT,ND,N/A,0.0,0,0.0,0.0,0.0,0.0,0.0,0.0,0.0,0.0,0.0,0.0,0.0,330.885,21838435,6.784,0.021,2.946,0.009,329.403,0.996,110.335,0.333,0.0,0.000
0,4294967295,99,47,Concat,Concat,dynamic,AI_VECTOR_CORE,1785698306356374.068	,40.461,0.000000,40,0,NO,"""64,16;64,32;64,64;64,128;64,256;64,512;64,1024;64,2048;64,4096;64,8192;64,16;64,32;64,64;64,128;64,256;64,512;64,1024;64,2048;64,4096;64,8192;64,16;64,32;64,64;64,128;64,256;64,512;64,1024;64,2048;64,4096;64,8192;64,16;64,32;64,64;64,128;64,256;64,512;64,1024;64,2048;64,4096;64,8192;64,16;64,32;64,64;64,128;64,256;64,512;64,1024;64,2048;64,4096;64,8192;64,16;64,32;64,64;64,128;64,256;64,512;64,1024;64,2048;64,4096;64,8192;64,16;64,32;64,64;64,128""",FLOAT16;FLOAT16;FLOAT16;FLOAT16;FLOAT16;FLOAT16;FLOAT16;FLOAT16;FLOAT16;FLOAT16;FLOAT16;FLOAT16;FLOAT16;FLOAT16;FLOAT16;FLOAT16;FLOAT16;FLOAT16;FLOAT16;FLOAT16;FLOAT16;FLOAT16;FLOAT16;FLOAT16;FLOAT16;FLOAT16;FLOAT16;FLOAT16;FLOAT16;FLOAT16;FLOAT16;FLOAT16;FLOAT16;FLOAT16;FLOAT16;FLOAT16;FLOAT16;FLOAT16;FLOAT16;FLOAT16;FLOAT16;FLOAT16;FLOAT16;FLOAT16;FLOAT16;FLOAT16;FLOAT16;FLOAT16;FLOAT16;FLOAT16;FLOAT16;FLOAT16;FLOAT16;FLOAT16;FLOAT16;FLOAT16;FLOAT16;FLOAT16;FLOAT16;FLOAT16;FLOAT16;FLOAT16;FLOAT16;FLOAT16,ND;ND;ND;ND;ND;ND;ND;ND;ND;ND;ND;ND;ND;ND;ND;ND;ND;ND;ND;ND;ND;ND;ND;ND;ND;ND;ND;ND;ND;ND;ND;ND;ND;ND;ND;ND;ND;ND;ND;ND;ND;ND;ND;ND;ND;ND;ND;ND;ND;ND;ND;ND;ND;ND;ND;ND;ND;ND;ND;ND;ND;ND;ND;ND,"""64,98448""",FLOAT16,ND,N/A,0.0,0,0.0,0.0,0.0,0.0,0.0,0.0,0.0,0.0,0.0,0.0,0.0,37.337,2464249,0.017,0.0,8.562,0.229,22.478,0.602,11.27,0.302,0.0,0.000
0,4294967295,100,47,aclnnMul_MulAiCore_Mul,Mul,dynamic,AI_VECTOR_CORE,1785698306356414.549	,333.726,0.039000,40,0,NO,"""4096,4096;4096,4096""",FLOAT;FLOAT,ND;ND,"""4096,4096""",FLOAT,ND,N/A,0.0,0,0.0,0.0,0.0,0.0,0.0,0.0,0.0,0.0,0.0,0.0,0.0,331.732,21894326,6.784,0.02,3.047,0.009,330.158,0.995,111.998,0.338,0.0,0.000
0,4294967295,101,47,Concat,Concat,dynamic,AI_VECTOR_CORE,1785698306356748.295	,40.121,0.024000,40,0,NO,"""64,16;64,32;64,64;64,128;64,256;64,512;64,1024;64,2048;64,4096;64,8192;64,16;64,32;64,64;64,128;64,256;64,512;64,1024;64,2048;64,4096;64,8192;64,16;64,32;64,64;64,128;64,256;64,512;64,1024;64,2048;64,4096;64,8192;64,16;64,32;64,64;64,128;64,256;64,512;64,1024;64,2048;64,4096;64,8192;64,16;64,32;64,64;64,128;64,256;64,512;64,1024;64,2048;64,4096;64,8192;64,16;64,32;64,64;64,128;64,256;64,512;64,1024;64,2048;64,4096;64,8192;64,16;64,32;64,64;64,128""",FLOAT16;FLOAT16;FLOAT16;FLOAT16;FLOAT16;FLOAT16;FLOAT16;FLOAT16;FLOAT16;FLOAT16;FLOAT16;FLOAT16;FLOAT16;FLOAT16;FLOAT16;FLOAT16;FLOAT16;FLOAT16;FLOAT16;FLOAT16;FLOAT16;FLOAT16;FLOAT16;FLOAT16;FLOAT16;FLOAT16;FLOAT16;FLOAT16;FLOAT16;FLOAT16;FLOAT16;FLOAT16;FLOAT16;FLOAT16;FLOAT16;FLOAT16;FLOAT16;FLOAT16;FLOAT16;FLOAT16;FLOAT16;FLOAT16;FLOAT16;FLOAT16;FLOAT16;FLOAT16;FLOAT16;FLOAT16;FLOAT16;FLOAT16;FLOAT16;FLOAT16;FLOAT16;FLOAT16;FLOAT16;FLOAT16;FLOAT16;FLOAT16;FLOAT16;FLOAT16;FLOAT16;FLOAT16;FLOAT16;FLOAT16,ND;ND;ND;ND;ND;ND;ND;ND;ND;ND;ND;ND;ND;ND;ND;ND;ND;ND;ND;ND;ND;ND;ND;ND;ND;ND;ND;ND;ND;ND;ND;ND;ND;ND;ND;ND;ND;ND;ND;ND;ND;ND;ND;ND;ND;ND;ND;ND;ND;ND;ND;ND;ND;ND;ND;ND;ND;ND;ND;ND;ND;ND;ND;ND,"""64,98448""",FLOAT16,ND,N/A,0.0,0,0.0,0.0,0.0,0.0,0.0,0.0,0.0,0.0,0.0,0.0,0.0,37.018,2443180,0.017,0.0,9.233,0.249,21.827,0.59,11.503,0.311,0.0,0.000
0,4294967295,102,47,aclnnMul_MulAiCore_Mul,Mul,dynamic,AI_VECTOR_CORE,1785698306356788.436	,333.947,0.129000,40,0,NO,"""4096,4096;4096,4096""",FLOAT;FLOAT,ND;ND,"""4096,4096""",FLOAT,ND,N/A,0.0,0,0.0,0.0,0.0,0.0,0.0,0.0,0.0,0.0,0.0,0.0,0.0,331.899,21905314,6.784,0.02,2.94,0.009,330.459,0.996,111.02,0.335,0.0,0.000
0,4294967295,103,47,Concat,Concat,dynamic,AI_VECTOR_CORE,1785698306357122.403	,40.041,0.053000,40,0,NO,"""64,16;64,32;64,64;64,128;64,256;64,512;64,1024;64,2048;64,4096;64,8192;64,16;64,32;64,64;64,128;64,256;64,512;64,1024;64,2048;64,4096;64,8192;64,16;64,32;64,64;64,128;64,256;64,512;64,1024;64,2048;64,4096;64,8192;64,16;64,32;64,64;64,128;64,256;64,512;64,1024;64,2048;64,4096;64,8192;64,16;64,32;64,64;64,128;64,256;64,512;64,1024;64,2048;64,4096;64,8192;64,16;64,32;64,64;64,128;64,256;64,512;64,1024;64,2048;64,4096;64,8192;64,16;64,32;64,64;64,128""",FLOAT16;FLOAT16;FLOAT16;FLOAT16;FLOAT16;FLOAT16;FLOAT16;FLOAT16;FLOAT16;FLOAT16;FLOAT16;FLOAT16;FLOAT16;FLOAT16;FLOAT16;FLOAT16;FLOAT16;FLOAT16;FLOAT16;FLOAT16;FLOAT16;FLOAT16;FLOAT16;FLOAT16;FLOAT16;FLOAT16;FLOAT16;FLOAT16;FLOAT16;FLOAT16;FLOAT16;FLOAT16;FLOAT16;FLOAT16;FLOAT16;FLOAT16;FLOAT16;FLOAT16;FLOAT16;FLOAT16;FLOAT16;FLOAT16;FLOAT16;FLOAT16;FLOAT16;FLOAT16;FLOAT16;FLOAT16;FLOAT16;FLOAT16;FLOAT16;FLOAT16;FLOAT16;FLOAT16;FLOAT16;FLOAT16;FLOAT16;FLOAT16;FLOAT16;FLOAT16;FLOAT16;FLOAT16;FLOAT16;FLOAT16,ND;ND;ND;ND;ND;ND;ND;ND;ND;ND;ND;ND;ND;ND;ND;ND;ND;ND;ND;ND;ND;ND;ND;ND;ND;ND;ND;ND;ND;ND;ND;ND;ND;ND;ND;ND;ND;ND;ND;ND;ND;ND;ND;ND;ND;ND;ND;ND;ND;ND;ND;ND;ND;ND;ND;ND;ND;ND;ND;ND;ND;ND;ND;ND,"""64,98448""",FLOAT16,ND,N/A,0.0,0,0.0,0.0,0.0,0.0,0.0,0.0,0.0,0.0,0.0,0.0,0.0,36.836,2431176,0.017,0.0,8.983,0.244,21.304,0.578,11.515,0.313,0.0,0.000
0,4294967295,104,47,aclnnMul_MulAiCore_Mul,Mul,dynamic,AI_VECTOR_CORE,1785698306357162.464	,334.426,0.000000,40,0,NO,"""4096,4096;4096,4096""",FLOAT;FLOAT,ND;ND,"""4096,4096""",FLOAT,ND,N/A,0.0,0,0.0,0.0,0.0,0.0,0.0,0.0,0.0,0.0,0.0,0.0,0.0,331.938,21907901,6.784,0.02,3.124,0.009,330.201,0.995,113.119,0.341,0.0,0.000
0,4294967295,105,47,Concat,Concat,dynamic,AI_VECTOR_CORE,1785698306357496.910	,40.721,0.074000,40,0,NO,"""64,16;64,32;64,64;64,128;64,256;64,512;64,1024;64,2048;64,4096;64,8192;64,16;64,32;64,64;64,128;64,256;64,512;64,1024;64,2048;64,4096;64,8192;64,16;64,32;64,64;64,128;64,256;64,512;64,1024;64,2048;64,4096;64,8192;64,16;64,32;64,64;64,128;64,256;64,512;64,1024;64,2048;64,4096;64,8192;64,16;64,32;64,64;64,128;64,256;64,512;64,1024;64,2048;64,4096;64,8192;64,16;64,32;64,64;64,128;64,256;64,512;64,1024;64,2048;64,4096;64,8192;64,16;64,32;64,64;64,128""",FLOAT16;FLOAT16;FLOAT16;FLOAT16;FLOAT16;FLOAT16;FLOAT16;FLOAT16;FLOAT16;FLOAT16;FLOAT16;FLOAT16;FLOAT16;FLOAT16;FLOAT16;FLOAT16;FLOAT16;FLOAT16;FLOAT16;FLOAT16;FLOAT16;FLOAT16;FLOAT16;FLOAT16;FLOAT16;FLOAT16;FLOAT16;FLOAT16;FLOAT16;FLOAT16;FLOAT16;FLOAT16;FLOAT16;FLOAT16;FLOAT16;FLOAT16;FLOAT16;FLOAT16;FLOAT16;FLOAT16;FLOAT16;FLOAT16;FLOAT16;FLOAT16;FLOAT16;FLOAT16;FLOAT16;FLOAT16;FLOAT16;FLOAT16;FLOAT16;FLOAT16;FLOAT16;FLOAT16;FLOAT16;FLOAT16;FLOAT16;FLOAT16;FLOAT16;FLOAT16;FLOAT16;FLOAT16;FLOAT16;FLOAT16,ND;ND;ND;ND;ND;ND;ND;ND;ND;ND;ND;ND;ND;ND;ND;ND;ND;ND;ND;ND;ND;ND;ND;ND;ND;ND;ND;ND;ND;ND;ND;ND;ND;ND;ND;ND;ND;ND;ND;ND;ND;ND;ND;ND;ND;ND;ND;ND;ND;ND;ND;ND;ND;ND;ND;ND;ND;ND;ND;ND;ND;ND;ND;ND,"""64,98448""",FLOAT16,ND,N/A,0.0,0,0.0,0.0,0.0,0.0,0.0,0.0,0.0,0.0,0.0,0.0,0.0,37.498,2474873,0.017,0.0,13.048,0.348,22.009,0.587,11.537,0.308,0.0,0.000
0,4294967295,106,47,aclnnMul_MulAiCore_Mul,Mul,dynamic,AI_VECTOR_CORE,1785698306357537.651	,333.167,0.029000,40,0,NO,"""4096,4096;4096,4096""",FLOAT;FLOAT,ND;ND,"""4096,4096""",FLOAT,ND,N/A,0.0,0,0.0,0.0,0.0,0.0,0.0,0.0,0.0,0.0,0.0,0.0,0.0,330.961,21843438,6.784,0.02,3.077,0.009,329.327,0.995,110.881,0.335,0.0,0.000
0,4294967295,107,47,Concat,Concat,dynamic,AI_VECTOR_CORE,1785698306357870.838	,41.801,0.000000,40,0,NO,"""64,16;64,32;64,64;64,128;64,256;64,512;64,1024;64,2048;64,4096;64,8192;64,16;64,32;64,64;64,128;64,256;64,512;64,1024;64,2048;64,4096;64,8192;64,16;64,32;64,64;64,128;64,256;64,512;64,1024;64,2048;64,4096;64,8192;64,16;64,32;64,64;64,128;64,256;64,512;64,1024;64,2048;64,4096;64,8192;64,16;64,32;64,64;64,128;64,256;64,512;64,1024;64,2048;64,4096;64,8192;64,16;64,32;64,64;64,128;64,256;64,512;64,1024;64,2048;64,4096;64,8192;64,16;64,32;64,64;64,128""",FLOAT16;FLOAT16;FLOAT16;FLOAT16;FLOAT16;FLOAT16;FLOAT16;FLOAT16;FLOAT16;FLOAT16;FLOAT16;FLOAT16;FLOAT16;FLOAT16;FLOAT16;FLOAT16;FLOAT16;FLOAT16;FLOAT16;FLOAT16;FLOAT16;FLOAT16;FLOAT16;FLOAT16;FLOAT16;FLOAT16;FLOAT16;FLOAT16;FLOAT16;FLOAT16;FLOAT16;FLOAT16;FLOAT16;FLOAT16;FLOAT16;FLOAT16;FLOAT16;FLOAT16;FLOAT16;FLOAT16;FLOAT16;FLOAT16;FLOAT16;FLOAT16;FLOAT16;FLOAT16;FLOAT16;FLOAT16;FLOAT16;FLOAT16;FLOAT16;FLOAT16;FLOAT16;FLOAT16;FLOAT16;FLOAT16;FLOAT16;FLOAT16;FLOAT16;FLOAT16;FLOAT16;FLOAT16;FLOAT16;FLOAT16,ND;ND;ND;ND;ND;ND;ND;ND;ND;ND;ND;ND;ND;ND;ND;ND;ND;ND;ND;ND;ND;ND;ND;ND;ND;ND;ND;ND;ND;ND;ND;ND;ND;ND;ND;ND;ND;ND;ND;ND;ND;ND;ND;ND;ND;ND;ND;ND;ND;ND;ND;ND;ND;ND;ND;ND;ND;ND;ND;ND;ND;ND;ND;ND,"""64,98448""",FLOAT16,ND,N/A,0.0,0,0.0,0.0,0.0,0.0,0.0,0.0,0.0,0.0,0.0,0.0,0.0,38.555,2544631,0.017,0.0,14.953,0.388,22.388,0.581,11.75,0.305,0.0,0.000
0,4294967295,108,47,aclnnMul_MulAiCore_Mul,Mul,dynamic,AI_VECTOR_CORE,1785698306357912.679	,334.126,0.199000,40,0,NO,"""4096,4096;4096,4096""",FLOAT;FLOAT,ND;ND,"""4096,4096""",FLOAT,ND,N/A,0.0,0,0.0,0.0,0.0,0.0,0.0,0.0,0.0,0.0,0.0,0.0,0.0,331.447,21875514,6.784,0.02,3.097,0.009,329.749,0.995,112.469,0.339,0.0,0.000
0,4294967295,109,47,Concat,Concat,dynamic,AI_VECTOR_CORE,1785698306358246.845	,39.521,0.000000,40,0,NO,"""64,16;64,32;64,64;64,128;64,256;64,512;64,1024;64,2048;64,4096;64,8192;64,16;64,32;64,64;64,128;64,256;64,512;64,1024;64,2048;64,4096;64,8192;64,16;64,32;64,64;64,128;64,256;64,512;64,1024;64,2048;64,4096;64,8192;64,16;64,32;64,64;64,128;64,256;64,512;64,1024;64,2048;64,4096;64,8192;64,16;64,32;64,64;64,128;64,256;64,512;64,1024;64,2048;64,4096;64,8192;64,16;64,32;64,64;64,128;64,256;64,512;64,1024;64,2048;64,4096;64,8192;64,16;64,32;64,64;64,128""",FLOAT16;FLOAT16;FLOAT16;FLOAT16;FLOAT16;FLOAT16;FLOAT16;FLOAT16;FLOAT16;FLOAT16;FLOAT16;FLOAT16;FLOAT16;FLOAT16;FLOAT16;FLOAT16;FLOAT16;FLOAT16;FLOAT16;FLOAT16;FLOAT16;FLOAT16;FLOAT16;FLOAT16;FLOAT16;FLOAT16;FLOAT16;FLOAT16;FLOAT16;FLOAT16;FLOAT16;FLOAT16;FLOAT16;FLOAT16;FLOAT16;FLOAT16;FLOAT16;FLOAT16;FLOAT16;FLOAT16;FLOAT16;FLOAT16;FLOAT16;FLOAT16;FLOAT16;FLOAT16;FLOAT16;FLOAT16;FLOAT16;FLOAT16;FLOAT16;FLOAT16;FLOAT16;FLOAT16;FLOAT16;FLOAT16;FLOAT16;FLOAT16;FLOAT16;FLOAT16;FLOAT16;FLOAT16;FLOAT16;FLOAT16,ND;ND;ND;ND;ND;ND;ND;ND;ND;ND;ND;ND;ND;ND;ND;ND;ND;ND;ND;ND;ND;ND;ND;ND;ND;ND;ND;ND;ND;ND;ND;ND;ND;ND;ND;ND;ND;ND;ND;ND;ND;ND;ND;ND;ND;ND;ND;ND;ND;ND;ND;ND;ND;ND;ND;ND;ND;ND;ND;ND;ND;ND;ND;ND,"""64,98448""",FLOAT16,ND,N/A,0.0,0,0.0,0.0,0.0,0.0,0.0,0.0,0.0,0.0,0.0,0.0,0.0,36.464,2406633,0.017,0.0,10.48,0.287,21.704,0.595,11.097,0.304,0.0,0.000
0,4294967295,110,47,aclnnMul_MulAiCore_Mul,Mul,dynamic,AI_VECTOR_CORE,1785698306358286.386	,333.447,0.229000,40,0,NO,"""4096,4096;4096,4096""",FLOAT;FLOAT,ND;ND,"""4096,4096""",FLOAT,ND,N/A,0.0,0,0.0,0.0,0.0,0.0,0.0,0.0,0.0,0.0,0.0,0.0,0.0,331.022,21847451,6.784,0.02,2.994,0.009,329.459,0.995,112.177,0.339,0.0,0.000
0,4294967295,111,47,Concat,Concat,dynamic,AI_VECTOR_CORE,1785698306358619.873	,39.901,0.000000,40,0,NO,"""64,16;64,32;64,64;64,128;64,256;64,512;64,1024;64,2048;64,4096;64,8192;64,16;64,32;64,64;64,128;64,256;64,512;64,1024;64,2048;64,4096;64,8192;64,16;64,32;64,64;64,128;64,256;64,512;64,1024;64,2048;64,4096;64,8192;64,16;64,32;64,64;64,128;64,256;64,512;64,1024;64,2048;64,4096;64,8192;64,16;64,32;64,64;64,128;64,256;64,512;64,1024;64,2048;64,4096;64,8192;64,16;64,32;64,64;64,128;64,256;64,512;64,1024;64,2048;64,4096;64,8192;64,16;64,32;64,64;64,128""",FLOAT16;FLOAT16;FLOAT16;FLOAT16;FLOAT16;FLOAT16;FLOAT16;FLOAT16;FLOAT16;FLOAT16;FLOAT16;FLOAT16;FLOAT16;FLOAT16;FLOAT16;FLOAT16;FLOAT16;FLOAT16;FLOAT16;FLOAT16;FLOAT16;FLOAT16;FLOAT16;FLOAT16;FLOAT16;FLOAT16;FLOAT16;FLOAT16;FLOAT16;FLOAT16;FLOAT16;FLOAT16;FLOAT16;FLOAT16;FLOAT16;FLOAT16;FLOAT16;FLOAT16;FLOAT16;FLOAT16;FLOAT16;FLOAT16;FLOAT16;FLOAT16;FLOAT16;FLOAT16;FLOAT16;FLOAT16;FLOAT16;FLOAT16;FLOAT16;FLOAT16;FLOAT16;FLOAT16;FLOAT16;FLOAT16;FLOAT16;FLOAT16;FLOAT16;FLOAT16;FLOAT16;FLOAT16;FLOAT16;FLOAT16,ND;ND;ND;ND;ND;ND;ND;ND;ND;ND;ND;ND;ND;ND;ND;ND;ND;ND;ND;ND;ND;ND;ND;ND;ND;ND;ND;ND;ND;ND;ND;ND;ND;ND;ND;ND;ND;ND;ND;ND;ND;ND;ND;ND;ND;ND;ND;ND;ND;ND;ND;ND;ND;ND;ND;ND;ND;ND;ND;ND;ND;ND;ND;ND,"""64,98448""",FLOAT16,ND,N/A,0.0,0,0.0,0.0,0.0,0.0,0.0,0.0,0.0,0.0,0.0,0.0,0.0,36.195,2388848,0.017,0.0,13.844,0.382,21.1,0.583,11.112,0.307,0.0,0.000
0,4294967295,112,47,aclnnMul_MulAiCore_Mul,Mul,dynamic,AI_VECTOR_CORE,1785698306358659.794	,334.246,0.099000,40,0,NO,"""4096,4096;4096,4096""",FLOAT;FLOAT,ND;ND,"""4096,4096""",FLOAT,ND,N/A,0.0,0,0.0,0.0,0.0,0.0,0.0,0.0,0.0,0.0,0.0,0.0,0.0,332.191,21924599,6.784,0.02,2.952,0.009,330.623,0.995,112.62,0.339,0.0,0.000
0,4294967295,113,47,Concat,Concat,dynamic,AI_VECTOR_CORE,1785698306358994.060	,40.841,0.004000,40,0,NO,"""64,16;64,32;64,64;64,128;64,256;64,512;64,1024;64,2048;64,4096;64,8192;64,16;64,32;64,64;64,128;64,256;64,512;64,1024;64,2048;64,4096;64,8192;64,16;64,32;64,64;64,128;64,256;64,512;64,1024;64,2048;64,4096;64,8192;64,16;64,32;64,64;64,128;64,256;64,512;64,1024;64,2048;64,4096;64,8192;64,16;64,32;64,64;64,128;64,256;64,512;64,1024;64,2048;64,4096;64,8192;64,16;64,32;64,64;64,128;64,256;64,512;64,1024;64,2048;64,4096;64,8192;64,16;64,32;64,64;64,128""",FLOAT16;FLOAT16;FLOAT16;FLOAT16;FLOAT16;FLOAT16;FLOAT16;FLOAT16;FLOAT16;FLOAT16;FLOAT16;FLOAT16;FLOAT16;FLOAT16;FLOAT16;FLOAT16;FLOAT16;FLOAT16;FLOAT16;FLOAT16;FLOAT16;FLOAT16;FLOAT16;FLOAT16;FLOAT16;FLOAT16;FLOAT16;FLOAT16;FLOAT16;FLOAT16;FLOAT16;FLOAT16;FLOAT16;FLOAT16;FLOAT16;FLOAT16;FLOAT16;FLOAT16;FLOAT16;FLOAT16;FLOAT16;FLOAT16;FLOAT16;FLOAT16;FLOAT16;FLOAT16;FLOAT16;FLOAT16;FLOAT16;FLOAT16;FLOAT16;FLOAT16;FLOAT16;FLOAT16;FLOAT16;FLOAT16;FLOAT16;FLOAT16;FLOAT16;FLOAT16;FLOAT16;FLOAT16;FLOAT16;FLOAT16,ND;ND;ND;ND;ND;ND;ND;ND;ND;ND;ND;ND;ND;ND;ND;ND;ND;ND;ND;ND;ND;ND;ND;ND;ND;ND;ND;ND;ND;ND;ND;ND;ND;ND;ND;ND;ND;ND;ND;ND;ND;ND;ND;ND;ND;ND;ND;ND;ND;ND;ND;ND;ND;ND;ND;ND;ND;ND;ND;ND;ND;ND;ND;ND,"""64,98448""",FLOAT16,ND,N/A,0.0,0,0.0,0.0,0.0,0.0,0.0,0.0,0.0,0.0,0.0,0.0,0.0,37.697,2488000,0.017,0.0,7.648,0.203,22.323,0.592,11.702,0.31,0.0,0.000
0,4294967295,114,47,aclnnMul_MulAiCore_Mul,Mul,dynamic,AI_VECTOR_CORE,1785698306359034.921	,332.267,0.159000,40,0,NO,"""4096,4096;4096,4096""",FLOAT;FLOAT,ND;ND,"""4096,4096""",FLOAT,ND,N/A,0.0,0,0.0,0.0,0.0,0.0,0.0,0.0,0.0,0.0,0.0,0.0,0.0,329.897,21773197,6.784,0.021,3.025,0.009,328.317,0.995,109.609,0.332,0.0,0.000
0,4294967295,115,47,Concat,Concat,dynamic,AI_VECTOR_CORE,1785698306359367.208	,41.100,0.000000,40,0,NO,"""64,16;64,32;64,64;64,128;64,256;64,512;64,1024;64,2048;64,4096;64,8192;64,16;64,32;64,64;64,128;64,256;64,512;64,1024;64,2048;64,4096;64,8192;64,16;64,32;64,64;64,128;64,256;64,512;64,1024;64,2048;64,4096;64,8192;64,16;64,32;64,64;64,128;64,256;64,512;64,1024;64,2048;64,4096;64,8192;64,16;64,32;64,64;64,128;64,256;64,512;64,1024;64,2048;64,4096;64,8192;64,16;64,32;64,64;64,128;64,256;64,512;64,1024;64,2048;64,4096;64,8192;64,16;64,32;64,64;64,128""",FLOAT16;FLOAT16;FLOAT16;FLOAT16;FLOAT16;FLOAT16;FLOAT16;FLOAT16;FLOAT16;FLOAT16;FLOAT16;FLOAT16;FLOAT16;FLOAT16;FLOAT16;FLOAT16;FLOAT16;FLOAT16;FLOAT16;FLOAT16;FLOAT16;FLOAT16;FLOAT16;FLOAT16;FLOAT16;FLOAT16;FLOAT16;FLOAT16;FLOAT16;FLOAT16;FLOAT16;FLOAT16;FLOAT16;FLOAT16;FLOAT16;FLOAT16;FLOAT16;FLOAT16;FLOAT16;FLOAT16;FLOAT16;FLOAT16;FLOAT16;FLOAT16;FLOAT16;FLOAT16;FLOAT16;FLOAT16;FLOAT16;FLOAT16;FLOAT16;FLOAT16;FLOAT16;FLOAT16;FLOAT16;FLOAT16;FLOAT16;FLOAT16;FLOAT16;FLOAT16;FLOAT16;FLOAT16;FLOAT16;FLOAT16,ND;ND;ND;ND;ND;ND;ND;ND;ND;ND;ND;ND;ND;ND;ND;ND;ND;ND;ND;ND;ND;ND;ND;ND;ND;ND;ND;ND;ND;ND;ND;ND;ND;ND;ND;ND;ND;ND;ND;ND;ND;ND;ND;ND;ND;ND;ND;ND;ND;ND;ND;ND;ND;ND;ND;ND;ND;ND;ND;ND;ND;ND;ND;ND,"""64,98448""",FLOAT16,ND,N/A,0.0,0,0.0,0.0,0.0,0.0,0.0,0.0,0.0,0.0,0.0,0.0,0.0,37.865,2499070,0.017,0.0,7.815,0.206,22.555,0.596,11.766,0.311,0.0,0.000
0,4294967295,116,47,aclnnMul_MulAiCore_Mul,Mul,dynamic,AI_VECTOR_CORE,1785698306359408.348	,333.747,0.000000,40,0,NO,"""4096,4096;4096,4096""",FLOAT;FLOAT,ND;ND,"""4096,4096""",FLOAT,ND,N/A,0.0,0,0.0,0.0,0.0,0.0,0.0,0.0,0.0,0.0,0.0,0.0,0.0,330.893,21838938,6.784,0.021,2.928,0.009,329.38,0.995,112.563,0.34,0.0,0.000
0,4294967295,117,47,Concat,Concat,dynamic,AI_VECTOR_CORE,1785698306359742.115	,40.321,0.003000,40,0,NO,"""64,16;64,32;64,64;64,128;64,256;64,512;64,1024;64,2048;64,4096;64,8192;64,16;64,32;64,64;64,128;64,256;64,512;64,1024;64,2048;64,4096;64,8192;64,16;64,32;64,64;64,128;64,256;64,512;64,1024;64,2048;64,4096;64,8192;64,16;64,32;64,64;64,128;64,256;64,512;64,1024;64,2048;64,4096;64,8192;64,16;64,32;64,64;64,128;64,256;64,512;64,1024;64,2048;64,4096;64,8192;64,16;64,32;64,64;64,128;64,256;64,512;64,1024;64,2048;64,4096;64,8192;64,16;64,32;64,64;64,128""",FLOAT16;FLOAT16;FLOAT16;FLOAT16;FLOAT16;FLOAT16;FLOAT16;FLOAT16;FLOAT16;FLOAT16;FLOAT16;FLOAT16;FLOAT16;FLOAT16;FLOAT16;FLOAT16;FLOAT16;FLOAT16;FLOAT16;FLOAT16;FLOAT16;FLOAT16;FLOAT16;FLOAT16;FLOAT16;FLOAT16;FLOAT16;FLOAT16;FLOAT16;FLOAT16;FLOAT16;FLOAT16;FLOAT16;FLOAT16;FLOAT16;FLOAT16;FLOAT16;FLOAT16;FLOAT16;FLOAT16;FLOAT16;FLOAT16;FLOAT16;FLOAT16;FLOAT16;FLOAT16;FLOAT16;FLOAT16;FLOAT16;FLOAT16;FLOAT16;FLOAT16;FLOAT16;FLOAT16;FLOAT16;FLOAT16;FLOAT16;FLOAT16;FLOAT16;FLOAT16;FLOAT16;FLOAT16;FLOAT16;FLOAT16,ND;ND;ND;ND;ND;ND;ND;ND;ND;ND;ND;ND;ND;ND;ND;ND;ND;ND;ND;ND;ND;ND;ND;ND;ND;ND;ND;ND;ND;ND;ND;ND;ND;ND;ND;ND;ND;ND;ND;ND;ND;ND;ND;ND;ND;ND;ND;ND;ND;ND;ND;ND;ND;ND;ND;ND;ND;ND;ND;ND;ND;ND;ND;ND,"""64,98448""",FLOAT16,ND,N/A,0.0,0,0.0,0.0,0.0,0.0,0.0,0.0,0.0,0.0,0.0,0.0,0.0,36.467,2406850,0.017,0.0,10.232,0.281,21.145,0.58,11.649,0.319,0.0,0.000
0,4294967295,118,47,aclnnMul_MulAiCore_Mul,Mul,dynamic,AI_VECTOR_CORE,1785698306359782.456	,333.487,0.179000,40,0,NO,"""4096,4096;4096,4096""",FLOAT;FLOAT,ND;ND,"""4096,4096""",FLOAT,ND,N/A,0.0,0,0.0,0.0,0.0,0.0,0.0,0.0,0.0,0.0,0.0,0.0,0.0,331.099,21852547,6.784,0.02,3.051,0.009,329.446,0.995,112.25,0.339,0.0,0.000
0,4294967295,119,47,Concat,Concat,dynamic,AI_VECTOR_CORE,1785698306360115.963	,39.920,0.013000,40,0,NO,"""64,16;64,32;64,64;64,128;64,256;64,512;64,1024;64,2048;64,4096;64,8192;64,16;64,32;64,64;64,128;64,256;64,512;64,1024;64,2048;64,4096;64,8192;64,16;64,32;64,64;64,128;64,256;64,512;64,1024;64,2048;64,4096;64,8192;64,16;64,32;64,64;64,128;64,256;64,512;64,1024;64,2048;64,4096;64,8192;64,16;64,32;64,64;64,128;64,256;64,512;64,1024;64,2048;64,4096;64,8192;64,16;64,32;64,64;64,128;64,256;64,512;64,1024;64,2048;64,4096;64,8192;64,16;64,32;64,64;64,128""",FLOAT16;FLOAT16;FLOAT16;FLOAT16;FLOAT16;FLOAT16;FLOAT16;FLOAT16;FLOAT16;FLOAT16;FLOAT16;FLOAT16;FLOAT16;FLOAT16;FLOAT16;FLOAT16;FLOAT16;FLOAT16;FLOAT16;FLOAT16;FLOAT16;FLOAT16;FLOAT16;FLOAT16;FLOAT16;FLOAT16;FLOAT16;FLOAT16;FLOAT16;FLOAT16;FLOAT16;FLOAT16;FLOAT16;FLOAT16;FLOAT16;FLOAT16;FLOAT16;FLOAT16;FLOAT16;FLOAT16;FLOAT16;FLOAT16;FLOAT16;FLOAT16;FLOAT16;FLOAT16;FLOAT16;FLOAT16;FLOAT16;FLOAT16;FLOAT16;FLOAT16;FLOAT16;FLOAT16;FLOAT16;FLOAT16;FLOAT16;FLOAT16;FLOAT16;FLOAT16;FLOAT16;FLOAT16;FLOAT16;FLOAT16,ND;ND;ND;ND;ND;ND;ND;ND;ND;ND;ND;ND;ND;ND;ND;ND;ND;ND;ND;ND;ND;ND;ND;ND;ND;ND;ND;ND;ND;ND;ND;ND;ND;ND;ND;ND;ND;ND;ND;ND;ND;ND;ND;ND;ND;ND;ND;ND;ND;ND;ND;ND;ND;ND;ND;ND;ND;ND;ND;ND;ND;ND;ND;ND,"""64,98448""",FLOAT16,ND,N/A,0.0,0,0.0,0.0,0.0,0.0,0.0,0.0,0.0,0.0,0.0,0.0,0.0,37.178,2453775,0.017,0.0,9.383,0.252,21.836,0.587,11.735,0.316,0.0,0.000
0,4294967295,120,47,aclnnMul_MulAiCore_Mul,Mul,dynamic,AI_VECTOR_CORE,1785698306360155.903	,332.287,0.080000,40,0,NO,"""4096,4096;4096,4096""",FLOAT;FLOAT,ND;ND,"""4096,4096""",FLOAT,ND,N/A,0.0,0,0.0,0.0,0.0,0.0,0.0,0.0,0.0,0.0,0.0,0.0,0.0,330.407,21806887,6.784,0.021,3.072,0.009,328.782,0.995,110.495,0.334,0.0,0.000
0,4294967295,121,47,Concat,Concat,dynamic,AI_VECTOR_CORE,1785698306360488.230	,40.941,0.000000,40,0,NO,"""64,16;64,32;64,64;64,128;64,256;64,512;64,1024;64,2048;64,4096;64,8192;64,16;64,32;64,64;64,128;64,256;64,512;64,1024;64,2048;64,4096;64,8192;64,16;64,32;64,64;64,128;64,256;64,512;64,1024;64,2048;64,4096;64,8192;64,16;64,32;64,64;64,128;64,256;64,512;64,1024;64,2048;64,4096;64,8192;64,16;64,32;64,64;64,128;64,256;64,512;64,1024;64,2048;64,4096;64,8192;64,16;64,32;64,64;64,128;64,256;64,512;64,1024;64,2048;64,4096;64,8192;64,16;64,32;64,64;64,128""",FLOAT16;FLOAT16;FLOAT16;FLOAT16;FLOAT16;FLOAT16;FLOAT16;FLOAT16;FLOAT16;FLOAT16;FLOAT16;FLOAT16;FLOAT16;FLOAT16;FLOAT16;FLOAT16;FLOAT16;FLOAT16;FLOAT16;FLOAT16;FLOAT16;FLOAT16;FLOAT16;FLOAT16;FLOAT16;FLOAT16;FLOAT16;FLOAT16;FLOAT16;FLOAT16;FLOAT16;FLOAT16;FLOAT16;FLOAT16;FLOAT16;FLOAT16;FLOAT16;FLOAT16;FLOAT16;FLOAT16;FLOAT16;FLOAT16;FLOAT16;FLOAT16;FLOAT16;FLOAT16;FLOAT16;FLOAT16;FLOAT16;FLOAT16;FLOAT16;FLOAT16;FLOAT16;FLOAT16;FLOAT16;FLOAT16;FLOAT16;FLOAT16;FLOAT16;FLOAT16;FLOAT16;FLOAT16;FLOAT16;FLOAT16,ND;ND;ND;ND;ND;ND;ND;ND;ND;ND;ND;ND;ND;ND;ND;ND;ND;ND;ND;ND;ND;ND;ND;ND;ND;ND;ND;ND;ND;ND;ND;ND;ND;ND;ND;ND;ND;ND;ND;ND;ND;ND;ND;ND;ND;ND;ND;ND;ND;ND;ND;ND;ND;ND;ND;ND;ND;ND;ND;ND;ND;ND;ND;ND,"""64,98448""",FLOAT16,ND,N/A,0.0,0,0.0,0.0,0.0,0.0,0.0,0.0,0.0,0.0,0.0,0.0,0.0,37.407,2468874,0.017,0.0,12.326,0.33,21.999,0.588,11.456,0.306,0.0,0.000
0,4294967295,122,47,aclnnMul_MulAiCore_Mul,Mul,dynamic,AI_VECTOR_CORE,1785698306360529.191	,333.787,0.059000,40,0,NO,"""4096,4096;4096,4096""",FLOAT;FLOAT,ND;ND,"""4096,4096""",FLOAT,ND,N/A,0.0,0,0.0,0.0,0.0,0.0,0.0,0.0,0.0,0.0,0.0,0.0,0.0,331.352,21869207,6.784,0.02,3.213,0.01,329.579,0.995,112.124,0.338,0.0,0.000
0,4294967295,123,47,Concat,Concat,dynamic,AI_VECTOR_CORE,1785698306360862.998	,40.660,0.000000,40,0,NO,"""64,16;64,32;64,64;64,128;64,256;64,512;64,1024;64,2048;64,4096;64,8192;64,16;64,32;64,64;64,128;64,256;64,512;64,1024;64,2048;64,4096;64,8192;64,16;64,32;64,64;64,128;64,256;64,512;64,1024;64,2048;64,4096;64,8192;64,16;64,32;64,64;64,128;64,256;64,512;64,1024;64,2048;64,4096;64,8192;64,16;64,32;64,64;64,128;64,256;64,512;64,1024;64,2048;64,4096;64,8192;64,16;64,32;64,64;64,128;64,256;64,512;64,1024;64,2048;64,4096;64,8192;64,16;64,32;64,64;64,128""",FLOAT16;FLOAT16;FLOAT16;FLOAT16;FLOAT16;FLOAT16;FLOAT16;FLOAT16;FLOAT16;FLOAT16;FLOAT16;FLOAT16;FLOAT16;FLOAT16;FLOAT16;FLOAT16;FLOAT16;FLOAT16;FLOAT16;FLOAT16;FLOAT16;FLOAT16;FLOAT16;FLOAT16;FLOAT16;FLOAT16;FLOAT16;FLOAT16;FLOAT16;FLOAT16;FLOAT16;FLOAT16;FLOAT16;FLOAT16;FLOAT16;FLOAT16;FLOAT16;FLOAT16;FLOAT16;FLOAT16;FLOAT16;FLOAT16;FLOAT16;FLOAT16;FLOAT16;FLOAT16;FLOAT16;FLOAT16;FLOAT16;FLOAT16;FLOAT16;FLOAT16;FLOAT16;FLOAT16;FLOAT16;FLOAT16;FLOAT16;FLOAT16;FLOAT16;FLOAT16;FLOAT16;FLOAT16;FLOAT16;FLOAT16,ND;ND;ND;ND;ND;ND;ND;ND;ND;ND;ND;ND;ND;ND;ND;ND;ND;ND;ND;ND;ND;ND;ND;ND;ND;ND;ND;ND;ND;ND;ND;ND;ND;ND;ND;ND;ND;ND;ND;ND;ND;ND;ND;ND;ND;ND;ND;ND;ND;ND;ND;ND;ND;ND;ND;ND;ND;ND;ND;ND;ND;ND;ND;ND,"""64,98448""",FLOAT16,ND,N/A,0.0,0,0.0,0.0,0.0,0.0,0.0,0.0,0.0,0.0,0.0,0.0,0.0,37.859,2498695,0.017,0.0,12.8,0.338,22.014,0.581,11.448,0.302,0.0,0.000
0,4294967295,124,47,aclnnMul_MulAiCore_Mul,Mul,dynamic,AI_VECTOR_CORE,1785698306360903.678	,332.787,0.090000,40,0,NO,"""4096,4096;4096,4096""",FLOAT;FLOAT,ND;ND,"""4096,4096""",FLOAT,ND,N/A,0.0,0,0.0,0.0,0.0,0.0,0.0,0.0,0.0,0.0,0.0,0.0,0.0,330.691,21825633,6.784,0.021,3.051,0.009,329.087,0.995,111.917,0.338,0.0,0.000
0,4294967295,125,47,Concat,Concat,dynamic,AI_VECTOR_CORE,1785698306361236.485	,40.481,0.000000,40,0,NO,"""64,16;64,32;64,64;64,128;64,256;64,512;64,1024;64,2048;64,4096;64,8192;64,16;64,32;64,64;64,128;64,256;64,512;64,1024;64,2048;64,4096;64,8192;64,16;64,32;64,64;64,128;64,256;64,512;64,1024;64,2048;64,4096;64,8192;64,16;64,32;64,64;64,128;64,256;64,512;64,1024;64,2048;64,4096;64,8192;64,16;64,32;64,64;64,128;64,256;64,512;64,1024;64,2048;64,4096;64,8192;64,16;64,32;64,64;64,128;64,256;64,512;64,1024;64,2048;64,4096;64,8192;64,16;64,32;64,64;64,128""",FLOAT16;FLOAT16;FLOAT16;FLOAT16;FLOAT16;FLOAT16;FLOAT16;FLOAT16;FLOAT16;FLOAT16;FLOAT16;FLOAT16;FLOAT16;FLOAT16;FLOAT16;FLOAT16;FLOAT16;FLOAT16;FLOAT16;FLOAT16;FLOAT16;FLOAT16;FLOAT16;FLOAT16;FLOAT16;FLOAT16;FLOAT16;FLOAT16;FLOAT16;FLOAT16;FLOAT16;FLOAT16;FLOAT16;FLOAT16;FLOAT16;FLOAT16;FLOAT16;FLOAT16;FLOAT16;FLOAT16;FLOAT16;FLOAT16;FLOAT16;FLOAT16;FLOAT16;FLOAT16;FLOAT16;FLOAT16;FLOAT16;FLOAT16;FLOAT16;FLOAT16;FLOAT16;FLOAT16;FLOAT16;FLOAT16;FLOAT16;FLOAT16;FLOAT16;FLOAT16;FLOAT16;FLOAT16;FLOAT16;FLOAT16,ND;ND;ND;ND;ND;ND;ND;ND;ND;ND;ND;ND;ND;ND;ND;ND;ND;ND;ND;ND;ND;ND;ND;ND;ND;ND;ND;ND;ND;ND;ND;ND;ND;ND;ND;ND;ND;ND;ND;ND;ND;ND;ND;ND;ND;ND;ND;ND;ND;ND;ND;ND;ND;ND;ND;ND;ND;ND;ND;ND;ND;ND;ND;ND,"""64,98448""",FLOAT16,ND,N/A,0.0,0,0.0,0.0,0.0,0.0,0.0,0.0,0.0,0.0,0.0,0.0,0.0,36.948,2438577,0.017,0.0,15.753,0.426,21.44,0.58,11.401,0.309,0.0,0.000
0,4294967295,126,47,aclnnMul_MulAiCore_Mul,Mul,dynamic,AI_VECTOR_CORE,1785698306361276.986	,333.386,0.019000,40,0,NO,"""4096,4096;4096,4096""",FLOAT;FLOAT,ND;ND,"""4096,4096""",FLOAT,ND,N/A,0.0,0,0.0,0.0,0.0,0.0,0.0,0.0,0.0,0.0,0.0,0.0,0.0,331.215,21860219,6.784,0.02,3.108,0.009,329.562,0.995,112.039,0.338,0.0,0.000
0,4294967295,127,47,Concat,Concat,dynamic,AI_VECTOR_CORE,1785698306361610.412	,39.461,0.114000,40,0,NO,"""64,16;64,32;64,64;64,128;64,256;64,512;64,1024;64,2048;64,4096;64,8192;64,16;64,32;64,64;64,128;64,256;64,512;64,1024;64,2048;64,4096;64,8192;64,16;64,32;64,64;64,128;64,256;64,512;64,1024;64,2048;64,4096;64,8192;64,16;64,32;64,64;64,128;64,256;64,512;64,1024;64,2048;64,4096;64,8192;64,16;64,32;64,64;64,128;64,256;64,512;64,1024;64,2048;64,4096;64,8192;64,16;64,32;64,64;64,128;64,256;64,512;64,1024;64,2048;64,4096;64,8192;64,16;64,32;64,64;64,128""",FLOAT16;FLOAT16;FLOAT16;FLOAT16;FLOAT16;FLOAT16;FLOAT16;FLOAT16;FLOAT16;FLOAT16;FLOAT16;FLOAT16;FLOAT16;FLOAT16;FLOAT16;FLOAT16;FLOAT16;FLOAT16;FLOAT16;FLOAT16;FLOAT16;FLOAT16;FLOAT16;FLOAT16;FLOAT16;FLOAT16;FLOAT16;FLOAT16;FLOAT16;FLOAT16;FLOAT16;FLOAT16;FLOAT16;FLOAT16;FLOAT16;FLOAT16;FLOAT16;FLOAT16;FLOAT16;FLOAT16;FLOAT16;FLOAT16;FLOAT16;FLOAT16;FLOAT16;FLOAT16;FLOAT16;FLOAT16;FLOAT16;FLOAT16;FLOAT16;FLOAT16;FLOAT16;FLOAT16;FLOAT16;FLOAT16;FLOAT16;FLOAT16;FLOAT16;FLOAT16;FLOAT16;FLOAT16;FLOAT16;FLOAT16,ND;ND;ND;ND;ND;ND;ND;ND;ND;ND;ND;ND;ND;ND;ND;ND;ND;ND;ND;ND;ND;ND;ND;ND;ND;ND;ND;ND;ND;ND;ND;ND;ND;ND;ND;ND;ND;ND;ND;ND;ND;ND;ND;ND;ND;ND;ND;ND;ND;ND;ND;ND;ND;ND;ND;ND;ND;ND;ND;ND;ND;ND;ND;ND,"""64,98448""",FLOAT16,ND,N/A,0.0,0,0.0,0.0,0.0,0.0,0.0,0.0,0.0,0.0,0.0,0.0,0.0,35.892,2368870,0.017,0.0,11.95,0.333,20.83,0.58,11.268,0.314,0.0,0.000
0,4294967295,128,47,aclnnMul_MulAiCore_Mul,Mul,dynamic,AI_VECTOR_CORE,1785698306361649.913	,335.127,0.039000,40,0,NO,"""4096,4096;4096,4096""",FLOAT;FLOAT,ND;ND,"""4096,4096""",FLOAT,ND,N/A,0.0,0,0.0,0.0,0.0,0.0,0.0,0.0,0.0,0.0,0.0,0.0,0.0,332.378,21936965,6.784,0.02,3.491,0.011,330.28,0.994,112.192,0.338,0.0,0.000
0,4294967295,129,47,Concat,Concat,dynamic,AI_VECTOR_CORE,1785698306361985.060	,40.461,0.000000,40,0,NO,"""64,16;64,32;64,64;64,128;64,256;64,512;64,1024;64,2048;64,4096;64,8192;64,16;64,32;64,64;64,128;64,256;64,512;64,1024;64,2048;64,4096;64,8192;64,16;64,32;64,64;64,128;64,256;64,512;64,1024;64,2048;64,4096;64,8192;64,16;64,32;64,64;64,128;64,256;64,512;64,1024;64,2048;64,4096;64,8192;64,16;64,32;64,64;64,128;64,256;64,512;64,1024;64,2048;64,4096;64,8192;64,16;64,32;64,64;64,128;64,256;64,512;64,1024;64,2048;64,4096;64,8192;64,16;64,32;64,64;64,128""",FLOAT16;FLOAT16;FLOAT16;FLOAT16;FLOAT16;FLOAT16;FLOAT16;FLOAT16;FLOAT16;FLOAT16;FLOAT16;FLOAT16;FLOAT16;FLOAT16;FLOAT16;FLOAT16;FLOAT16;FLOAT16;FLOAT16;FLOAT16;FLOAT16;FLOAT16;FLOAT16;FLOAT16;FLOAT16;FLOAT16;FLOAT16;FLOAT16;FLOAT16;FLOAT16;FLOAT16;FLOAT16;FLOAT16;FLOAT16;FLOAT16;FLOAT16;FLOAT16;FLOAT16;FLOAT16;FLOAT16;FLOAT16;FLOAT16;FLOAT16;FLOAT16;FLOAT16;FLOAT16;FLOAT16;FLOAT16;FLOAT16;FLOAT16;FLOAT16;FLOAT16;FLOAT16;FLOAT16;FLOAT16;FLOAT16;FLOAT16;FLOAT16;FLOAT16;FLOAT16;FLOAT16;FLOAT16;FLOAT16;FLOAT16,ND;ND;ND;ND;ND;ND;ND;ND;ND;ND;ND;ND;ND;ND;ND;ND;ND;ND;ND;ND;ND;ND;ND;ND;ND;ND;ND;ND;ND;ND;ND;ND;ND;ND;ND;ND;ND;ND;ND;ND;ND;ND;ND;ND;ND;ND;ND;ND;ND;ND;ND;ND;ND;ND;ND;ND;ND;ND;ND;ND;ND;ND;ND;ND,"""64,98448""",FLOAT16,ND,N/A,0.0,0,0.0,0.0,0.0,0.0,0.0,0.0,0.0,0.0,0.0,0.0,0.0,37.442,2471198,0.017,0.0,8.785,0.235,22.357,0.597,11.382,0.304,0.0,0.000
0,4294967295,130,47,aclnnMul_MulAiCore_Mul,Mul,dynamic,AI_VECTOR_CORE,1785698306362025.541	,333.826,0.039000,40,0,NO,"""4096,4096;4096,4096""",FLOAT;FLOAT,ND;ND,"""4096,4096""",FLOAT,ND,N/A,0.0,0,0.0,0.0,0.0,0.0,0.0,0.0,0.0,0.0,0.0,0.0,0.0,331.707,21892688,6.784,0.02,3.104,0.009,330.086,0.995,112.075,0.338,0.0,0.000
0,4294967295,131,47,Concat,Concat,dynamic,AI_VECTOR_CORE,1785698306362359.387	,41.141,0.174000,40,0,NO,"""64,16;64,32;64,64;64,128;64,256;64,512;64,1024;64,2048;64,4096;64,8192;64,16;64,32;64,64;64,128;64,256;64,512;64,1024;64,2048;64,4096;64,8192;64,16;64,32;64,64;64,128;64,256;64,512;64,1024;64,2048;64,4096;64,8192;64,16;64,32;64,64;64,128;64,256;64,512;64,1024;64,2048;64,4096;64,8192;64,16;64,32;64,64;64,128;64,256;64,512;64,1024;64,2048;64,4096;64,8192;64,16;64,32;64,64;64,128;64,256;64,512;64,1024;64,2048;64,4096;64,8192;64,16;64,32;64,64;64,128""",FLOAT16;FLOAT16;FLOAT16;FLOAT16;FLOAT16;FLOAT16;FLOAT16;FLOAT16;FLOAT16;FLOAT16;FLOAT16;FLOAT16;FLOAT16;FLOAT16;FLOAT16;FLOAT16;FLOAT16;FLOAT16;FLOAT16;FLOAT16;FLOAT16;FLOAT16;FLOAT16;FLOAT16;FLOAT16;FLOAT16;FLOAT16;FLOAT16;FLOAT16;FLOAT16;FLOAT16;FLOAT16;FLOAT16;FLOAT16;FLOAT16;FLOAT16;FLOAT16;FLOAT16;FLOAT16;FLOAT16;FLOAT16;FLOAT16;FLOAT16;FLOAT16;FLOAT16;FLOAT16;FLOAT16;FLOAT16;FLOAT16;FLOAT16;FLOAT16;FLOAT16;FLOAT16;FLOAT16;FLOAT16;FLOAT16;FLOAT16;FLOAT16;FLOAT16;FLOAT16;FLOAT16;FLOAT16;FLOAT16;FLOAT16,ND;ND;ND;ND;ND;ND;ND;ND;ND;ND;ND;ND;ND;ND;ND;ND;ND;ND;ND;ND;ND;ND;ND;ND;ND;ND;ND;ND;ND;ND;ND;ND;ND;ND;ND;ND;ND;ND;ND;ND;ND;ND;ND;ND;ND;ND;ND;ND;ND;ND;ND;ND;ND;ND;ND;ND;ND;ND;ND;ND;ND;ND;ND;ND,"""64,98448""",FLOAT16,ND,N/A,0.0,0,0.0,0.0,0.0,0.0,0.0,0.0,0.0,0.0,0.0,0.0,0.0,38.05,2511277,0.017,0.0,7.208,0.189,22.652,0.595,11.812,0.31,0.0,0.000
0,4294967295,132,47,aclnnMul_MulAiCore_Mul,Mul,dynamic,AI_VECTOR_CORE,1785698306362400.548	,333.487,0.000000,40,0,NO,"""4096,4096;4096,4096""",FLOAT;FLOAT,ND;ND,"""4096,4096""",FLOAT,ND,N/A,0.0,0,0.0,0.0,0.0,0.0,0.0,0.0,0.0,0.0,0.0,0.0,0.0,331.674,21890461,6.784,0.02,3.041,0.009,330.094,0.995,111.246,0.335,0.0,0.000
0,4294967295,133,47,Concat,Concat,dynamic,AI_VECTOR_CORE,1785698306362734.055	,39.721,0.013000,40,0,NO,"""64,16;64,32;64,64;64,128;64,256;64,512;64,1024;64,2048;64,4096;64,8192;64,16;64,32;64,64;64,128;64,256;64,512;64,1024;64,2048;64,4096;64,8192;64,16;64,32;64,64;64,128;64,256;64,512;64,1024;64,2048;64,4096;64,8192;64,16;64,32;64,64;64,128;64,256;64,512;64,1024;64,2048;64,4096;64,8192;64,16;64,32;64,64;64,128;64,256;64,512;64,1024;64,2048;64,4096;64,8192;64,16;64,32;64,64;64,128;64,256;64,512;64,1024;64,2048;64,4096;64,8192;64,16;64,32;64,64;64,128""",FLOAT16;FLOAT16;FLOAT16;FLOAT16;FLOAT16;FLOAT16;FLOAT16;FLOAT16;FLOAT16;FLOAT16;FLOAT16;FLOAT16;FLOAT16;FLOAT16;FLOAT16;FLOAT16;FLOAT16;FLOAT16;FLOAT16;FLOAT16;FLOAT16;FLOAT16;FLOAT16;FLOAT16;FLOAT16;FLOAT16;FLOAT16;FLOAT16;FLOAT16;FLOAT16;FLOAT16;FLOAT16;FLOAT16;FLOAT16;FLOAT16;FLOAT16;FLOAT16;FLOAT16;FLOAT16;FLOAT16;FLOAT16;FLOAT16;FLOAT16;FLOAT16;FLOAT16;FLOAT16;FLOAT16;FLOAT16;FLOAT16;FLOAT16;FLOAT16;FLOAT16;FLOAT16;FLOAT16;FLOAT16;FLOAT16;FLOAT16;FLOAT16;FLOAT16;FLOAT16;FLOAT16;FLOAT16;FLOAT16;FLOAT16,ND;ND;ND;ND;ND;ND;ND;ND;ND;ND;ND;ND;ND;ND;ND;ND;ND;ND;ND;ND;ND;ND;ND;ND;ND;ND;ND;ND;ND;ND;ND;ND;ND;ND;ND;ND;ND;ND;ND;ND;ND;ND;ND;ND;ND;ND;ND;ND;ND;ND;ND;ND;ND;ND;ND;ND;ND;ND;ND;ND;ND;ND;ND;ND,"""64,98448""",FLOAT16,ND,N/A,0.0,0,0.0,0.0,0.0,0.0,0.0,0.0,0.0,0.0,0.0,0.0,0.0,36.967,2439803,0.017,0.0,8.441,0.228,21.83,0.591,11.641,0.315,0.0,0.000
0,4294967295,134,47,aclnnMul_MulAiCore_Mul,Mul,dynamic,AI_VECTOR_CORE,1785698306362773.796	,333.426,0.029000,40,0,NO,"""4096,4096;4096,4096""",FLOAT;FLOAT,ND;ND,"""4096,4096""",FLOAT,ND,N/A,0.0,0,0.0,0.0,0.0,0.0,0.0,0.0,0.0,0.0,0.0,0.0,0.0,331.377,21870858,6.784,0.02,3.35,0.01,329.524,0.994,111.994,0.338,0.0,0.000
0,4294967295,135,47,Concat,Concat,dynamic,AI_VECTOR_CORE,1785698306363107.262	,39.361,0.074000,40,0,NO,"""64,16;64,32;64,64;64,128;64,256;64,512;64,1024;64,2048;64,4096;64,8192;64,16;64,32;64,64;64,128;64,256;64,512;64,1024;64,2048;64,4096;64,8192;64,16;64,32;64,64;64,128;64,256;64,512;64,1024;64,2048;64,4096;64,8192;64,16;64,32;64,64;64,128;64,256;64,512;64,1024;64,2048;64,4096;64,8192;64,16;64,32;64,64;64,128;64,256;64,512;64,1024;64,2048;64,4096;64,8192;64,16;64,32;64,64;64,128;64,256;64,512;64,1024;64,2048;64,4096;64,8192;64,16;64,32;64,64;64,128""",FLOAT16;FLOAT16;FLOAT16;FLOAT16;FLOAT16;FLOAT16;FLOAT16;FLOAT16;FLOAT16;FLOAT16;FLOAT16;FLOAT16;FLOAT16;FLOAT16;FLOAT16;FLOAT16;FLOAT16;FLOAT16;FLOAT16;FLOAT16;FLOAT16;FLOAT16;FLOAT16;FLOAT16;FLOAT16;FLOAT16;FLOAT16;FLOAT16;FLOAT16;FLOAT16;FLOAT16;FLOAT16;FLOAT16;FLOAT16;FLOAT16;FLOAT16;FLOAT16;FLOAT16;FLOAT16;FLOAT16;FLOAT16;FLOAT16;FLOAT16;FLOAT16;FLOAT16;FLOAT16;FLOAT16;FLOAT16;FLOAT16;FLOAT16;FLOAT16;FLOAT16;FLOAT16;FLOAT16;FLOAT16;FLOAT16;FLOAT16;FLOAT16;FLOAT16;FLOAT16;FLOAT16;FLOAT16;FLOAT16;FLOAT16,ND;ND;ND;ND;ND;ND;ND;ND;ND;ND;ND;ND;ND;ND;ND;ND;ND;ND;ND;ND;ND;ND;ND;ND;ND;ND;ND;ND;ND;ND;ND;ND;ND;ND;ND;ND;ND;ND;ND;ND;ND;ND;ND;ND;ND;ND;ND;ND;ND;ND;ND;ND;ND;ND;ND;ND;ND;ND;ND;ND;ND;ND;ND;ND,"""64,98448""",FLOAT16,ND,N/A,0.0,0,0.0,0.0,0.0,0.0,0.0,0.0,0.0,0.0,0.0,0.0,0.0,36.499,2408926,0.017,0.0,8.979,0.246,21.516,0.59,11.363,0.311,0.0,0.000
0,4294967295,136,47,aclnnMul_MulAiCore_Mul,Mul,dynamic,AI_VECTOR_CORE,1785698306363146.643	,333.127,0.139000,40,0,NO,"""4096,4096;4096,4096""",FLOAT;FLOAT,ND;ND,"""4096,4096""",FLOAT,ND,N/A,0.0,0,0.0,0.0,0.0,0.0,0.0,0.0,0.0,0.0,0.0,0.0,0.0,330.591,21818974,6.784,0.021,2.903,0.009,329.052,0.995,113.073,0.342,0.0,0.000
0,4294967295,137,47,Concat,Concat,dynamic,AI_VECTOR_CORE,1785698306363479.790	,42.061,0.000000,40,0,NO,"""64,16;64,32;64,64;64,128;64,256;64,512;64,1024;64,2048;64,4096;64,8192;64,16;64,32;64,64;64,128;64,256;64,512;64,1024;64,2048;64,4096;64,8192;64,16;64,32;64,64;64,128;64,256;64,512;64,1024;64,2048;64,4096;64,8192;64,16;64,32;64,64;64,128;64,256;64,512;64,1024;64,2048;64,4096;64,8192;64,16;64,32;64,64;64,128;64,256;64,512;64,1024;64,2048;64,4096;64,8192;64,16;64,32;64,64;64,128;64,256;64,512;64,1024;64,2048;64,4096;64,8192;64,16;64,32;64,64;64,128""",FLOAT16;FLOAT16;FLOAT16;FLOAT16;FLOAT16;FLOAT16;FLOAT16;FLOAT16;FLOAT16;FLOAT16;FLOAT16;FLOAT16;FLOAT16;FLOAT16;FLOAT16;FLOAT16;FLOAT16;FLOAT16;FLOAT16;FLOAT16;FLOAT16;FLOAT16;FLOAT16;FLOAT16;FLOAT16;FLOAT16;FLOAT16;FLOAT16;FLOAT16;FLOAT16;FLOAT16;FLOAT16;FLOAT16;FLOAT16;FLOAT16;FLOAT16;FLOAT16;FLOAT16;FLOAT16;FLOAT16;FLOAT16;FLOAT16;FLOAT16;FLOAT16;FLOAT16;FLOAT16;FLOAT16;FLOAT16;FLOAT16;FLOAT16;FLOAT16;FLOAT16;FLOAT16;FLOAT16;FLOAT16;FLOAT16;FLOAT16;FLOAT16;FLOAT16;FLOAT16;FLOAT16;FLOAT16;FLOAT16;FLOAT16,ND;ND;ND;ND;ND;ND;ND;ND;ND;ND;ND;ND;ND;ND;ND;ND;ND;ND;ND;ND;ND;ND;ND;ND;ND;ND;ND;ND;ND;ND;ND;ND;ND;ND;ND;ND;ND;ND;ND;ND;ND;ND;ND;ND;ND;ND;ND;ND;ND;ND;ND;ND;ND;ND;ND;ND;ND;ND;ND;ND;ND;ND;ND;ND,"""64,98448""",FLOAT16,ND,N/A,0.0,0,0.0,0.0,0.0,0.0,0.0,0.0,0.0,0.0,0.0,0.0,0.0,38.957,2571163,0.017,0.0,12.608,0.324,22.595,0.58,11.499,0.295,0.0,0.000
0,4294967295,138,47,aclnnMul_MulAiCore_Mul,Mul,dynamic,AI_VECTOR_CORE,1785698306363521.871	,333.526,0.000000,40,0,NO,"""4096,4096;4096,4096""",FLOAT;FLOAT,ND;ND,"""4096,4096""",FLOAT,ND,N/A,0.0,0,0.0,0.0,0.0,0.0,0.0,0.0,0.0,0.0,0.0,0.0,0.0,331.135,21854938,6.784,0.02,3.604,0.011,328.882,0.993,110.897,0.335,0.0,0.000
0,4294967295,139,47,Concat,Concat,dynamic,AI_VECTOR_CORE,1785698306363855.417	,40.561,0.224000,40,0,NO,"""64,16;64,32;64,64;64,128;64,256;64,512;64,1024;64,2048;64,4096;64,8192;64,16;64,32;64,64;64,128;64,256;64,512;64,1024;64,2048;64,4096;64,8192;64,16;64,32;64,64;64,128;64,256;64,512;64,1024;64,2048;64,4096;64,8192;64,16;64,32;64,64;64,128;64,256;64,512;64,1024;64,2048;64,4096;64,8192;64,16;64,32;64,64;64,128;64,256;64,512;64,1024;64,2048;64,4096;64,8192;64,16;64,32;64,64;64,128;64,256;64,512;64,1024;64,2048;64,4096;64,8192;64,16;64,32;64,64;64,128""",FLOAT16;FLOAT16;FLOAT16;FLOAT16;FLOAT16;FLOAT16;FLOAT16;FLOAT16;FLOAT16;FLOAT16;FLOAT16;FLOAT16;FLOAT16;FLOAT16;FLOAT16;FLOAT16;FLOAT16;FLOAT16;FLOAT16;FLOAT16;FLOAT16;FLOAT16;FLOAT16;FLOAT16;FLOAT16;FLOAT16;FLOAT16;FLOAT16;FLOAT16;FLOAT16;FLOAT16;FLOAT16;FLOAT16;FLOAT16;FLOAT16;FLOAT16;FLOAT16;FLOAT16;FLOAT16;FLOAT16;FLOAT16;FLOAT16;FLOAT16;FLOAT16;FLOAT16;FLOAT16;FLOAT16;FLOAT16;FLOAT16;FLOAT16;FLOAT16;FLOAT16;FLOAT16;FLOAT16;FLOAT16;FLOAT16;FLOAT16;FLOAT16;FLOAT16;FLOAT16;FLOAT16;FLOAT16;FLOAT16;FLOAT16,ND;ND;ND;ND;ND;ND;ND;ND;ND;ND;ND;ND;ND;ND;ND;ND;ND;ND;ND;ND;ND;ND;ND;ND;ND;ND;ND;ND;ND;ND;ND;ND;ND;ND;ND;ND;ND;ND;ND;ND;ND;ND;ND;ND;ND;ND;ND;ND;ND;ND;ND;ND;ND;ND;ND;ND;ND;ND;ND;ND;ND;ND;ND;ND,"""64,98448""",FLOAT16,ND,N/A,0.0,0,0.0,0.0,0.0,0.0,0.0,0.0,0.0,0.0,0.0,0.0,0.0,37.646,2484613,0.017,0.0,13.321,0.354,22.039,0.585,11.265,0.299,0.0,0.000
0,4294967295,140,47,aclnnMul_MulAiCore_Mul,Mul,dynamic,AI_VECTOR_CORE,1785698306363895.998	,334.327,0.000000,40,0,NO,"""4096,4096;4096,4096""",FLOAT;FLOAT,ND;ND,"""4096,4096""",FLOAT,ND,N/A,0.0,0,0.0,0.0,0.0,0.0,0.0,0.0,0.0,0.0,0.0,0.0,0.0,331.674,21890484,6.784,0.02,3.042,0.009,330.075,0.995,111.705,0.337,0.0,0.000
0,4294967295,141,47,Concat,Concat,dynamic,AI_VECTOR_CORE,1785698306364230.365	,39.961,0.000000,40,0,NO,"""64,16;64,32;64,64;64,128;64,256;64,512;64,1024;64,2048;64,4096;64,8192;64,16;64,32;64,64;64,128;64,256;64,512;64,1024;64,2048;64,4096;64,8192;64,16;64,32;64,64;64,128;64,256;64,512;64,1024;64,2048;64,4096;64,8192;64,16;64,32;64,64;64,128;64,256;64,512;64,1024;64,2048;64,4096;64,8192;64,16;64,32;64,64;64,128;64,256;64,512;64,1024;64,2048;64,4096;64,8192;64,16;64,32;64,64;64,128;64,256;64,512;64,1024;64,2048;64,4096;64,8192;64,16;64,32;64,64;64,128""",FLOAT16;FLOAT16;FLOAT16;FLOAT16;FLOAT16;FLOAT16;FLOAT16;FLOAT16;FLOAT16;FLOAT16;FLOAT16;FLOAT16;FLOAT16;FLOAT16;FLOAT16;FLOAT16;FLOAT16;FLOAT16;FLOAT16;FLOAT16;FLOAT16;FLOAT16;FLOAT16;FLOAT16;FLOAT16;FLOAT16;FLOAT16;FLOAT16;FLOAT16;FLOAT16;FLOAT16;FLOAT16;FLOAT16;FLOAT16;FLOAT16;FLOAT16;FLOAT16;FLOAT16;FLOAT16;FLOAT16;FLOAT16;FLOAT16;FLOAT16;FLOAT16;FLOAT16;FLOAT16;FLOAT16;FLOAT16;FLOAT16;FLOAT16;FLOAT16;FLOAT16;FLOAT16;FLOAT16;FLOAT16;FLOAT16;FLOAT16;FLOAT16;FLOAT16;FLOAT16;FLOAT16;FLOAT16;FLOAT16;FLOAT16,ND;ND;ND;ND;ND;ND;ND;ND;ND;ND;ND;ND;ND;ND;ND;ND;ND;ND;ND;ND;ND;ND;ND;ND;ND;ND;ND;ND;ND;ND;ND;ND;ND;ND;ND;ND;ND;ND;ND;ND;ND;ND;ND;ND;ND;ND;ND;ND;ND;ND;ND;ND;ND;ND;ND;ND;ND;ND;ND;ND;ND;ND;ND;ND,"""64,98448""",FLOAT16,ND,N/A,0.0,0,0.0,0.0,0.0,0.0,0.0,0.0,0.0,0.0,0.0,0.0,0.0,36.309,2396388,0.017,0.0,13.194,0.363,21.057,0.58,11.217,0.309,0.0,0.000
0,4294967295,142,47,aclnnMul_MulAiCore_Mul,Mul,dynamic,AI_VECTOR_CORE,1785698306364270.346	,333.406,0.039000,40,0,NO,"""4096,4096;4096,4096""",FLOAT;FLOAT,ND;ND,"""4096,4096""",FLOAT,ND,N/A,0.0,0,0.0,0.0,0.0,0.0,0.0,0.0,0.0,0.0,0.0,0.0,0.0,331.165,21856898,6.784,0.02,3.074,0.009,329.507,0.995,112.054,0.338,0.0,0.000
0,4294967295,143,47,Concat,Concat,dynamic,AI_VECTOR_CORE,1785698306364603.772	,39.861,0.094000,40,0,NO,"""64,16;64,32;64,64;64,128;64,256;64,512;64,1024;64,2048;64,4096;64,8192;64,16;64,32;64,64;64,128;64,256;64,512;64,1024;64,2048;64,4096;64,8192;64,16;64,32;64,64;64,128;64,256;64,512;64,1024;64,2048;64,4096;64,8192;64,16;64,32;64,64;64,128;64,256;64,512;64,1024;64,2048;64,4096;64,8192;64,16;64,32;64,64;64,128;64,256;64,512;64,1024;64,2048;64,4096;64,8192;64,16;64,32;64,64;64,128;64,256;64,512;64,1024;64,2048;64,4096;64,8192;64,16;64,32;64,64;64,128""",FLOAT16;FLOAT16;FLOAT16;FLOAT16;FLOAT16;FLOAT16;FLOAT16;FLOAT16;FLOAT16;FLOAT16;FLOAT16;FLOAT16;FLOAT16;FLOAT16;FLOAT16;FLOAT16;FLOAT16;FLOAT16;FLOAT16;FLOAT16;FLOAT16;FLOAT16;FLOAT16;FLOAT16;FLOAT16;FLOAT16;FLOAT16;FLOAT16;FLOAT16;FLOAT16;FLOAT16;FLOAT16;FLOAT16;FLOAT16;FLOAT16;FLOAT16;FLOAT16;FLOAT16;FLOAT16;FLOAT16;FLOAT16;FLOAT16;FLOAT16;FLOAT16;FLOAT16;FLOAT16;FLOAT16;FLOAT16;FLOAT16;FLOAT16;FLOAT16;FLOAT16;FLOAT16;FLOAT16;FLOAT16;FLOAT16;FLOAT16;FLOAT16;FLOAT16;FLOAT16;FLOAT16;FLOAT16;FLOAT16;FLOAT16,ND;ND;ND;ND;ND;ND;ND;ND;ND;ND;ND;ND;ND;ND;ND;ND;ND;ND;ND;ND;ND;ND;ND;ND;ND;ND;ND;ND;ND;ND;ND;ND;ND;ND;ND;ND;ND;ND;ND;ND;ND;ND;ND;ND;ND;ND;ND;ND;ND;ND;ND;ND;ND;ND;ND;ND;ND;ND;ND;ND;ND;ND;ND;ND,"""64,98448""",FLOAT16,ND,N/A,0.0,0,0.0,0.0,0.0,0.0,0.0,0.0,0.0,0.0,0.0,0.0,0.0,35.756,2359926,0.017,0.0,11.902,0.333,21.086,0.59,11.011,0.308,0.0,0.000
0,4294967295,144,47,aclnnMul_MulAiCore_Mul,Mul,dynamic,AI_VECTOR_CORE,1785698306364643.653	,333.527,0.139000,40,0,NO,"""4096,4096;4096,4096""",FLOAT;FLOAT,ND;ND,"""4096,4096""",FLOAT,ND,N/A,0.0,0,0.0,0.0,0.0,0.0,0.0,0.0,0.0,0.0,0.0,0.0,0.0,331.09,21851928,6.784,0.02,3.079,0.009,329.481,0.995,110.199,0.333,0.0,0.000
0,4294967295,145,47,Concat,Concat,dynamic,AI_VECTOR_CORE,1785698306364977.200	,39.661,0.000000,40,0,NO,"""64,16;64,32;64,64;64,128;64,256;64,512;64,1024;64,2048;64,4096;64,8192;64,16;64,32;64,64;64,128;64,256;64,512;64,1024;64,2048;64,4096;64,8192;64,16;64,32;64,64;64,128;64,256;64,512;64,1024;64,2048;64,4096;64,8192;64,16;64,32;64,64;64,128;64,256;64,512;64,1024;64,2048;64,4096;64,8192;64,16;64,32;64,64;64,128;64,256;64,512;64,1024;64,2048;64,4096;64,8192;64,16;64,32;64,64;64,128;64,256;64,512;64,1024;64,2048;64,4096;64,8192;64,16;64,32;64,64;64,128""",FLOAT16;FLOAT16;FLOAT16;FLOAT16;FLOAT16;FLOAT16;FLOAT16;FLOAT16;FLOAT16;FLOAT16;FLOAT16;FLOAT16;FLOAT16;FLOAT16;FLOAT16;FLOAT16;FLOAT16;FLOAT16;FLOAT16;FLOAT16;FLOAT16;FLOAT16;FLOAT16;FLOAT16;FLOAT16;FLOAT16;FLOAT16;FLOAT16;FLOAT16;FLOAT16;FLOAT16;FLOAT16;FLOAT16;FLOAT16;FLOAT16;FLOAT16;FLOAT16;FLOAT16;FLOAT16;FLOAT16;FLOAT16;FLOAT16;FLOAT16;FLOAT16;FLOAT16;FLOAT16;FLOAT16;FLOAT16;FLOAT16;FLOAT16;FLOAT16;FLOAT16;FLOAT16;FLOAT16;FLOAT16;FLOAT16;FLOAT16;FLOAT16;FLOAT16;FLOAT16;FLOAT16;FLOAT16;FLOAT16;FLOAT16,ND;ND;ND;ND;ND;ND;ND;ND;ND;ND;ND;ND;ND;ND;ND;ND;ND;ND;ND;ND;ND;ND;ND;ND;ND;ND;ND;ND;ND;ND;ND;ND;ND;ND;ND;ND;ND;ND;ND;ND;ND;ND;ND;ND;ND;ND;ND;ND;ND;ND;ND;ND;ND;ND;ND;ND;ND;ND;ND;ND;ND;ND;ND;ND,"""64,98448""",FLOAT16,ND,N/A,0.0,0,0.0,0.0,0.0,0.0,0.0,0.0,0.0,0.0,0.0,0.0,0.0,36.864,2433010,0.017,0.0,8.395,0.228,21.87,0.593,11.492,0.312,0.0,0.000
0,4294967295,146,47,aclnnMul_MulAiCore_Mul,Mul,dynamic,AI_VECTOR_CORE,1785698306365016.881	,333.166,0.089000,40,0,NO,"""4096,4096;4096,4096""",FLOAT;FLOAT,ND;ND,"""4096,4096""",FLOAT,ND,N/A,0.0,0,0.0,0.0,0.0,0.0,0.0,0.0,0.0,0.0,0.0,0.0,0.0,331.188,21858400,6.784,0.02,3.019,0.009,329.652,0.995,111.313,0.336,0.0,0.000
0,4294967295,147,47,Concat,Concat,dynamic,AI_VECTOR_CORE,1785698306365350.067	,40.821,0.000000,40,0,NO,"""64,16;64,32;64,64;64,128;64,256;64,512;64,1024;64,2048;64,4096;64,8192;64,16;64,32;64,64;64,128;64,256;64,512;64,1024;64,2048;64,4096;64,8192;64,16;64,32;64,64;64,128;64,256;64,512;64,1024;64,2048;64,4096;64,8192;64,16;64,32;64,64;64,128;64,256;64,512;64,1024;64,2048;64,4096;64,8192;64,16;64,32;64,64;64,128;64,256;64,512;64,1024;64,2048;64,4096;64,8192;64,16;64,32;64,64;64,128;64,256;64,512;64,1024;64,2048;64,4096;64,8192;64,16;64,32;64,64;64,128""",FLOAT16;FLOAT16;FLOAT16;FLOAT16;FLOAT16;FLOAT16;FLOAT16;FLOAT16;FLOAT16;FLOAT16;FLOAT16;FLOAT16;FLOAT16;FLOAT16;FLOAT16;FLOAT16;FLOAT16;FLOAT16;FLOAT16;FLOAT16;FLOAT16;FLOAT16;FLOAT16;FLOAT16;FLOAT16;FLOAT16;FLOAT16;FLOAT16;FLOAT16;FLOAT16;FLOAT16;FLOAT16;FLOAT16;FLOAT16;FLOAT16;FLOAT16;FLOAT16;FLOAT16;FLOAT16;FLOAT16;FLOAT16;FLOAT16;FLOAT16;FLOAT16;FLOAT16;FLOAT16;FLOAT16;FLOAT16;FLOAT16;FLOAT16;FLOAT16;FLOAT16;FLOAT16;FLOAT16;FLOAT16;FLOAT16;FLOAT16;FLOAT16;FLOAT16;FLOAT16;FLOAT16;FLOAT16;FLOAT16;FLOAT16,ND;ND;ND;ND;ND;ND;ND;ND;ND;ND;ND;ND;ND;ND;ND;ND;ND;ND;ND;ND;ND;ND;ND;ND;ND;ND;ND;ND;ND;ND;ND;ND;ND;ND;ND;ND;ND;ND;ND;ND;ND;ND;ND;ND;ND;ND;ND;ND;ND;ND;ND;ND;ND;ND;ND;ND;ND;ND;ND;ND;ND;ND;ND;ND,"""64,98448""",FLOAT16,ND,N/A,0.0,0,0.0,0.0,0.0,0.0,0.0,0.0,0.0,0.0,0.0,0.0,0.0,37.763,2492382,0.017,0.0,6.83,0.181,22.297,0.59,11.931,0.316,0.0,0.000
0,4294967295,148,47,aclnnMul_MulAiCore_Mul,Mul,dynamic,AI_VECTOR_CORE,1785698306365390.908	,332.727,0.179000,40,0,NO,"""4096,4096;4096,4096""",FLOAT;FLOAT,ND;ND,"""4096,4096""",FLOAT,ND,N/A,0.0,0,0.0,0.0,0.0,0.0,0.0,0.0,0.0,0.0,0.0,0.0,0.0,330.454,21809949,6.784,0.021,3.137,0.009,328.73,0.995,111.305,0.337,0.0,0.000
0,4294967295,149,47,Concat,Concat,dynamic,AI_VECTOR_CORE,1785698306365723.655	,39.620,0.023000,40,0,NO,"""64,16;64,32;64,64;64,128;64,256;64,512;64,1024;64,2048;64,4096;64,8192;64,16;64,32;64,64;64,128;64,256;64,512;64,1024;64,2048;64,4096;64,8192;64,16;64,32;64,64;64,128;64,256;64,512;64,1024;64,2048;64,4096;64,8192;64,16;64,32;64,64;64,128;64,256;64,512;64,1024;64,2048;64,4096;64,8192;64,16;64,32;64,64;64,128;64,256;64,512;64,1024;64,2048;64,4096;64,8192;64,16;64,32;64,64;64,128;64,256;64,512;64,1024;64,2048;64,4096;64,8192;64,16;64,32;64,64;64,128""",FLOAT16;FLOAT16;FLOAT16;FLOAT16;FLOAT16;FLOAT16;FLOAT16;FLOAT16;FLOAT16;FLOAT16;FLOAT16;FLOAT16;FLOAT16;FLOAT16;FLOAT16;FLOAT16;FLOAT16;FLOAT16;FLOAT16;FLOAT16;FLOAT16;FLOAT16;FLOAT16;FLOAT16;FLOAT16;FLOAT16;FLOAT16;FLOAT16;FLOAT16;FLOAT16;FLOAT16;FLOAT16;FLOAT16;FLOAT16;FLOAT16;FLOAT16;FLOAT16;FLOAT16;FLOAT16;FLOAT16;FLOAT16;FLOAT16;FLOAT16;FLOAT16;FLOAT16;FLOAT16;FLOAT16;FLOAT16;FLOAT16;FLOAT16;FLOAT16;FLOAT16;FLOAT16;FLOAT16;FLOAT16;FLOAT16;FLOAT16;FLOAT16;FLOAT16;FLOAT16;FLOAT16;FLOAT16;FLOAT16;FLOAT16,ND;ND;ND;ND;ND;ND;ND;ND;ND;ND;ND;ND;ND;ND;ND;ND;ND;ND;ND;ND;ND;ND;ND;ND;ND;ND;ND;ND;ND;ND;ND;ND;ND;ND;ND;ND;ND;ND;ND;ND;ND;ND;ND;ND;ND;ND;ND;ND;ND;ND;ND;ND;ND;ND;ND;ND;ND;ND;ND;ND;ND;ND;ND;ND,"""64,98448""",FLOAT16,ND,N/A,0.0,0,0.0,0.0,0.0,0.0,0.0,0.0,0.0,0.0,0.0,0.0,0.0,36.929,2437293,0.017,0.0,8.065,0.218,22.067,0.598,11.326,0.307,0.0,0.000
0,4294967295,150,47,aclnnMul_MulAiCore_Mul,Mul,dynamic,AI_VECTOR_CORE,1785698306365763.295	,333.207,0.000000,40,0,NO,"""4096,4096;4096,4096""",FLOAT;FLOAT,ND;ND,"""4096,4096""",FLOAT,ND,N/A,0.0,0,0.0,0.0,0.0,0.0,0.0,0.0,0.0,0.0,0.0,0.0,0.0,330.998,21845868,6.784,0.02,3.017,0.009,329.484,0.995,111.225,0.336,0.0,0.000
0,4294967295,151,47,Concat,Concat,dynamic,AI_VECTOR_CORE,1785698306366096.542	,39.181,0.043000,40,0,NO,"""64,16;64,32;64,64;64,128;64,256;64,512;64,1024;64,2048;64,4096;64,8192;64,16;64,32;64,64;64,128;64,256;64,512;64,1024;64,2048;64,4096;64,8192;64,16;64,32;64,64;64,128;64,256;64,512;64,1024;64,2048;64,4096;64,8192;64,16;64,32;64,64;64,128;64,256;64,512;64,1024;64,2048;64,4096;64,8192;64,16;64,32;64,64;64,128;64,256;64,512;64,1024;64,2048;64,4096;64,8192;64,16;64,32;64,64;64,128;64,256;64,512;64,1024;64,2048;64,4096;64,8192;64,16;64,32;64,64;64,128""",FLOAT16;FLOAT16;FLOAT16;FLOAT16;FLOAT16;FLOAT16;FLOAT16;FLOAT16;FLOAT16;FLOAT16;FLOAT16;FLOAT16;FLOAT16;FLOAT16;FLOAT16;FLOAT16;FLOAT16;FLOAT16;FLOAT16;FLOAT16;FLOAT16;FLOAT16;FLOAT16;FLOAT16;FLOAT16;FLOAT16;FLOAT16;FLOAT16;FLOAT16;FLOAT16;FLOAT16;FLOAT16;FLOAT16;FLOAT16;FLOAT16;FLOAT16;FLOAT16;FLOAT16;FLOAT16;FLOAT16;FLOAT16;FLOAT16;FLOAT16;FLOAT16;FLOAT16;FLOAT16;FLOAT16;FLOAT16;FLOAT16;FLOAT16;FLOAT16;FLOAT16;FLOAT16;FLOAT16;FLOAT16;FLOAT16;FLOAT16;FLOAT16;FLOAT16;FLOAT16;FLOAT16;FLOAT16;FLOAT16;FLOAT16,ND;ND;ND;ND;ND;ND;ND;ND;ND;ND;ND;ND;ND;ND;ND;ND;ND;ND;ND;ND;ND;ND;ND;ND;ND;ND;ND;ND;ND;ND;ND;ND;ND;ND;ND;ND;ND;ND;ND;ND;ND;ND;ND;ND;ND;ND;ND;ND;ND;ND;ND;ND;ND;ND;ND;ND;ND;ND;ND;ND;ND;ND;ND;ND,"""64,98448""",FLOAT16,ND,N/A,0.0,0,0.0,0.0,0.0,0.0,0.0,0.0,0.0,0.0,0.0,0.0,0.0,36.201,2389259,0.017,0.0,10.767,0.297,21.356,0.59,11.164,0.308,0.0,0.000
0,4294967295,152,47,aclnnMul_MulAiCore_Mul,Mul,dynamic,AI_VECTOR_CORE,1785698306366135.743	,333.807,0.069000,40,0,NO,"""4096,4096;4096,4096""",FLOAT;FLOAT,ND;ND,"""4096,4096""",FLOAT,ND,N/A,0.0,0,0.0,0.0,0.0,0.0,0.0,0.0,0.0,0.0,0.0,0.0,0.0,331.682,21891031,6.784,0.02,3.025,0.009,330.137,0.995,112.813,0.34,0.0,0.000
0,4294967295,153,47,Concat,Concat,dynamic,AI_VECTOR_CORE,1785698306366469.570	,41.780,0.000000,40,0,NO,"""64,16;64,32;64,64;64,128;64,256;64,512;64,1024;64,2048;64,4096;64,8192;64,16;64,32;64,64;64,128;64,256;64,512;64,1024;64,2048;64,4096;64,8192;64,16;64,32;64,64;64,128;64,256;64,512;64,1024;64,2048;64,4096;64,8192;64,16;64,32;64,64;64,128;64,256;64,512;64,1024;64,2048;64,4096;64,8192;64,16;64,32;64,64;64,128;64,256;64,512;64,1024;64,2048;64,4096;64,8192;64,16;64,32;64,64;64,128;64,256;64,512;64,1024;64,2048;64,4096;64,8192;64,16;64,32;64,64;64,128""",FLOAT16;FLOAT16;FLOAT16;FLOAT16;FLOAT16;FLOAT16;FLOAT16;FLOAT16;FLOAT16;FLOAT16;FLOAT16;FLOAT16;FLOAT16;FLOAT16;FLOAT16;FLOAT16;FLOAT16;FLOAT16;FLOAT16;FLOAT16;FLOAT16;FLOAT16;FLOAT16;FLOAT16;FLOAT16;FLOAT16;FLOAT16;FLOAT16;FLOAT16;FLOAT16;FLOAT16;FLOAT16;FLOAT16;FLOAT16;FLOAT16;FLOAT16;FLOAT16;FLOAT16;FLOAT16;FLOAT16;FLOAT16;FLOAT16;FLOAT16;FLOAT16;FLOAT16;FLOAT16;FLOAT16;FLOAT16;FLOAT16;FLOAT16;FLOAT16;FLOAT16;FLOAT16;FLOAT16;FLOAT16;FLOAT16;FLOAT16;FLOAT16;FLOAT16;FLOAT16;FLOAT16;FLOAT16;FLOAT16;FLOAT16,ND;ND;ND;ND;ND;ND;ND;ND;ND;ND;ND;ND;ND;ND;ND;ND;ND;ND;ND;ND;ND;ND;ND;ND;ND;ND;ND;ND;ND;ND;ND;ND;ND;ND;ND;ND;ND;ND;ND;ND;ND;ND;ND;ND;ND;ND;ND;ND;ND;ND;ND;ND;ND;ND;ND;ND;ND;ND;ND;ND;ND;ND;ND;ND,"""64,98448""",FLOAT16,ND,N/A,0.0,0,0.0,0.0,0.0,0.0,0.0,0.0,0.0,0.0,0.0,0.0,0.0,39.029,2575894,0.017,0.0,13.011,0.333,22.336,0.572,12.154,0.311,0.0,0.000
0,4294967295,154,47,aclnnMul_MulAiCore_Mul,Mul,dynamic,AI_VECTOR_CORE,1785698306366511.370	,335.507,0.000000,40,0,NO,"""4096,4096;4096,4096""",FLOAT;FLOAT,ND;ND,"""4096,4096""",FLOAT,ND,N/A,0.0,0,0.0,0.0,0.0,0.0,0.0,0.0,0.0,0.0,0.0,0.0,0.0,333.161,21988636,6.784,0.02,2.913,0.009,331.656,0.995,112.256,0.337,0.0,0.000
0,4294967295,155,47,Concat,Concat,dynamic,AI_VECTOR_CORE,1785698306366846.897	,40.881,0.243000,40,0,NO,"""64,16;64,32;64,64;64,128;64,256;64,512;64,1024;64,2048;64,4096;64,8192;64,16;64,32;64,64;64,128;64,256;64,512;64,1024;64,2048;64,4096;64,8192;64,16;64,32;64,64;64,128;64,256;64,512;64,1024;64,2048;64,4096;64,8192;64,16;64,32;64,64;64,128;64,256;64,512;64,1024;64,2048;64,4096;64,8192;64,16;64,32;64,64;64,128;64,256;64,512;64,1024;64,2048;64,4096;64,8192;64,16;64,32;64,64;64,128;64,256;64,512;64,1024;64,2048;64,4096;64,8192;64,16;64,32;64,64;64,128""",FLOAT16;FLOAT16;FLOAT16;FLOAT16;FLOAT16;FLOAT16;FLOAT16;FLOAT16;FLOAT16;FLOAT16;FLOAT16;FLOAT16;FLOAT16;FLOAT16;FLOAT16;FLOAT16;FLOAT16;FLOAT16;FLOAT16;FLOAT16;FLOAT16;FLOAT16;FLOAT16;FLOAT16;FLOAT16;FLOAT16;FLOAT16;FLOAT16;FLOAT16;FLOAT16;FLOAT16;FLOAT16;FLOAT16;FLOAT16;FLOAT16;FLOAT16;FLOAT16;FLOAT16;FLOAT16;FLOAT16;FLOAT16;FLOAT16;FLOAT16;FLOAT16;FLOAT16;FLOAT16;FLOAT16;FLOAT16;FLOAT16;FLOAT16;FLOAT16;FLOAT16;FLOAT16;FLOAT16;FLOAT16;FLOAT16;FLOAT16;FLOAT16;FLOAT16;FLOAT16;FLOAT16;FLOAT16;FLOAT16;FLOAT16,ND;ND;ND;ND;ND;ND;ND;ND;ND;ND;ND;ND;ND;ND;ND;ND;ND;ND;ND;ND;ND;ND;ND;ND;ND;ND;ND;ND;ND;ND;ND;ND;ND;ND;ND;ND;ND;ND;ND;ND;ND;ND;ND;ND;ND;ND;ND;ND;ND;ND;ND;ND;ND;ND;ND;ND;ND;ND;ND;ND;ND;ND;ND;ND,"""64,98448""",FLOAT16,ND,N/A,0.0,0,0.0,0.0,0.0,0.0,0.0,0.0,0.0,0.0,0.0,0.0,0.0,37.799,2494730,0.017,0.0,12.669,0.335,22.206,0.587,11.331,0.3,0.0,0.000
0,4294967295,156,47,aclnnMul_MulAiCore_Mul,Mul,dynamic,AI_VECTOR_CORE,1785698306366887.798	,333.267,0.000000,40,0,NO,"""4096,4096;4096,4096""",FLOAT;FLOAT,ND;ND,"""4096,4096""",FLOAT,ND,N/A,0.0,0,0.0,0.0,0.0,0.0,0.0,0.0,0.0,0.0,0.0,0.0,0.0,331.392,21871867,6.784,0.02,3.031,0.009,329.835,0.995,110.72,0.334,0.0,0.000
0,4294967295,157,47,Concat,Concat,dynamic,AI_VECTOR_CORE,1785698306367221.085	,40.040,0.000000,40,0,NO,"""64,16;64,32;64,64;64,128;64,256;64,512;64,1024;64,2048;64,4096;64,8192;64,16;64,32;64,64;64,128;64,256;64,512;64,1024;64,2048;64,4096;64,8192;64,16;64,32;64,64;64,128;64,256;64,512;64,1024;64,2048;64,4096;64,8192;64,16;64,32;64,64;64,128;64,256;64,512;64,1024;64,2048;64,4096;64,8192;64,16;64,32;64,64;64,128;64,256;64,512;64,1024;64,2048;64,4096;64,8192;64,16;64,32;64,64;64,128;64,256;64,512;64,1024;64,2048;64,4096;64,8192;64,16;64,32;64,64;64,128""",FLOAT16;FLOAT16;FLOAT16;FLOAT16;FLOAT16;FLOAT16;FLOAT16;FLOAT16;FLOAT16;FLOAT16;FLOAT16;FLOAT16;FLOAT16;FLOAT16;FLOAT16;FLOAT16;FLOAT16;FLOAT16;FLOAT16;FLOAT16;FLOAT16;FLOAT16;FLOAT16;FLOAT16;FLOAT16;FLOAT16;FLOAT16;FLOAT16;FLOAT16;FLOAT16;FLOAT16;FLOAT16;FLOAT16;FLOAT16;FLOAT16;FLOAT16;FLOAT16;FLOAT16;FLOAT16;FLOAT16;FLOAT16;FLOAT16;FLOAT16;FLOAT16;FLOAT16;FLOAT16;FLOAT16;FLOAT16;FLOAT16;FLOAT16;FLOAT16;FLOAT16;FLOAT16;FLOAT16;FLOAT16;FLOAT16;FLOAT16;FLOAT16;FLOAT16;FLOAT16;FLOAT16;FLOAT16;FLOAT16;FLOAT16,ND;ND;ND;ND;ND;ND;ND;ND;ND;ND;ND;ND;ND;ND;ND;ND;ND;ND;ND;ND;ND;ND;ND;ND;ND;ND;ND;ND;ND;ND;ND;ND;ND;ND;ND;ND;ND;ND;ND;ND;ND;ND;ND;ND;ND;ND;ND;ND;ND;ND;ND;ND;ND;ND;ND;ND;ND;ND;ND;ND;ND;ND;ND;ND,"""64,98448""",FLOAT16,ND,N/A,0.0,0,0.0,0.0,0.0,0.0,0.0,0.0,0.0,0.0,0.0,0.0,0.0,36.399,2402305,0.017,0.0,12.949,0.356,20.902,0.574,11.443,0.314,0.0,0.000
0,4294967295,158,47,aclnnMul_MulAiCore_Mul,Mul,dynamic,AI_VECTOR_CORE,1785698306367261.145	,333.227,0.210000,40,0,NO,"""4096,4096;4096,4096""",FLOAT;FLOAT,ND;ND,"""4096,4096""",FLOAT,ND,N/A,0.0,0,0.0,0.0,0.0,0.0,0.0,0.0,0.0,0.0,0.0,0.0,0.0,331.017,21847113,6.784,0.02,2.971,0.009,329.525,0.995,110.954,0.335,0.0,0.000
0,4294967295,159,47,Concat,Concat,dynamic,AI_VECTOR_CORE,1785698306367594.392	,38.881,0.023000,40,0,NO,"""64,16;64,32;64,64;64,128;64,256;64,512;64,1024;64,2048;64,4096;64,8192;64,16;64,32;64,64;64,128;64,256;64,512;64,1024;64,2048;64,4096;64,8192;64,16;64,32;64,64;64,128;64,256;64,512;64,1024;64,2048;64,4096;64,8192;64,16;64,32;64,64;64,128;64,256;64,512;64,1024;64,2048;64,4096;64,8192;64,16;64,32;64,64;64,128;64,256;64,512;64,1024;64,2048;64,4096;64,8192;64,16;64,32;64,64;64,128;64,256;64,512;64,1024;64,2048;64,4096;64,8192;64,16;64,32;64,64;64,128""",FLOAT16;FLOAT16;FLOAT16;FLOAT16;FLOAT16;FLOAT16;FLOAT16;FLOAT16;FLOAT16;FLOAT16;FLOAT16;FLOAT16;FLOAT16;FLOAT16;FLOAT16;FLOAT16;FLOAT16;FLOAT16;FLOAT16;FLOAT16;FLOAT16;FLOAT16;FLOAT16;FLOAT16;FLOAT16;FLOAT16;FLOAT16;FLOAT16;FLOAT16;FLOAT16;FLOAT16;FLOAT16;FLOAT16;FLOAT16;FLOAT16;FLOAT16;FLOAT16;FLOAT16;FLOAT16;FLOAT16;FLOAT16;FLOAT16;FLOAT16;FLOAT16;FLOAT16;FLOAT16;FLOAT16;FLOAT16;FLOAT16;FLOAT16;FLOAT16;FLOAT16;FLOAT16;FLOAT16;FLOAT16;FLOAT16;FLOAT16;FLOAT16;FLOAT16;FLOAT16;FLOAT16;FLOAT16;FLOAT16;FLOAT16,ND;ND;ND;ND;ND;ND;ND;ND;ND;ND;ND;ND;ND;ND;ND;ND;ND;ND;ND;ND;ND;ND;ND;ND;ND;ND;ND;ND;ND;ND;ND;ND;ND;ND;ND;ND;ND;ND;ND;ND;ND;ND;ND;ND;ND;ND;ND;ND;ND;ND;ND;ND;ND;ND;ND;ND;ND;ND;ND;ND;ND;ND;ND;ND,"""64,98448""",FLOAT16,ND,N/A,0.0,0,0.0,0.0,0.0,0.0,0.0,0.0,0.0,0.0,0.0,0.0,0.0,35.859,2366678,0.017,0.0,11.851,0.33,20.992,0.585,11.223,0.313,0.0,0.000
0,4294967295,160,47,aclnnMul_MulAiCore_Mul,Mul,dynamic,AI_VECTOR_CORE,1785698306367633.293	,334.987,0.000000,40,0,NO,"""4096,4096;4096,4096""",FLOAT;FLOAT,ND;ND,"""4096,4096""",FLOAT,ND,N/A,0.0,0,0.0,0.0,0.0,0.0,0.0,0.0,0.0,0.0,0.0,0.0,0.0,332.369,21936361,6.784,0.02,3.145,0.009,330.624,0.995,113.212,0.341,0.0,0.000
0,4294967295,161,47,Concat,Concat,dynamic,AI_VECTOR_CORE,1785698306367968.300	,40.520,0.013000,40,0,NO,"""64,16;64,32;64,64;64,128;64,256;64,512;64,1024;64,2048;64,4096;64,8192;64,16;64,32;64,64;64,128;64,256;64,512;64,1024;64,2048;64,4096;64,8192;64,16;64,32;64,64;64,128;64,256;64,512;64,1024;64,2048;64,4096;64,8192;64,16;64,32;64,64;64,128;64,256;64,512;64,1024;64,2048;64,4096;64,8192;64,16;64,32;64,64;64,128;64,256;64,512;64,1024;64,2048;64,4096;64,8192;64,16;64,32;64,64;64,128;64,256;64,512;64,1024;64,2048;64,4096;64,8192;64,16;64,32;64,64;64,128""",FLOAT16;FLOAT16;FLOAT16;FLOAT16;FLOAT16;FLOAT16;FLOAT16;FLOAT16;FLOAT16;FLOAT16;FLOAT16;FLOAT16;FLOAT16;FLOAT16;FLOAT16;FLOAT16;FLOAT16;FLOAT16;FLOAT16;FLOAT16;FLOAT16;FLOAT16;FLOAT16;FLOAT16;FLOAT16;FLOAT16;FLOAT16;FLOAT16;FLOAT16;FLOAT16;FLOAT16;FLOAT16;FLOAT16;FLOAT16;FLOAT16;FLOAT16;FLOAT16;FLOAT16;FLOAT16;FLOAT16;FLOAT16;FLOAT16;FLOAT16;FLOAT16;FLOAT16;FLOAT16;FLOAT16;FLOAT16;FLOAT16;FLOAT16;FLOAT16;FLOAT16;FLOAT16;FLOAT16;FLOAT16;FLOAT16;FLOAT16;FLOAT16;FLOAT16;FLOAT16;FLOAT16;FLOAT16;FLOAT16;FLOAT16,ND;ND;ND;ND;ND;ND;ND;ND;ND;ND;ND;ND;ND;ND;ND;ND;ND;ND;ND;ND;ND;ND;ND;ND;ND;ND;ND;ND;ND;ND;ND;ND;ND;ND;ND;ND;ND;ND;ND;ND;ND;ND;ND;ND;ND;ND;ND;ND;ND;ND;ND;ND;ND;ND;ND;ND;ND;ND;ND;ND;ND;ND;ND;ND,"""64,98448""",FLOAT16,ND,N/A,0.0,0,0.0,0.0,0.0,0.0,0.0,0.0,0.0,0.0,0.0,0.0,0.0,37.618,2482782,0.017,0.0,9.163,0.244,22.464,0.597,11.413,0.303,0.0,0.000
0,4294967295,162,47,aclnnMul_MulAiCore_Mul,Mul,dynamic,AI_VECTOR_CORE,1785698306368008.840	,333.187,0.000000,40,0,NO,"""4096,4096;4096,4096""",FLOAT;FLOAT,ND;ND,"""4096,4096""",FLOAT,ND,N/A,0.0,0,0.0,0.0,0.0,0.0,0.0,0.0,0.0,0.0,0.0,0.0,0.0,330.876,21837805,6.784,0.021,3.091,0.009,329.246,0.995,109.238,0.33,0.0,0.000
0,4294967295,163,47,Concat,Concat,dynamic,AI_VECTOR_CORE,1785698306368342.067	,40.181,0.063000,40,0,NO,"""64,16;64,32;64,64;64,128;64,256;64,512;64,1024;64,2048;64,4096;64,8192;64,16;64,32;64,64;64,128;64,256;64,512;64,1024;64,2048;64,4096;64,8192;64,16;64,32;64,64;64,128;64,256;64,512;64,1024;64,2048;64,4096;64,8192;64,16;64,32;64,64;64,128;64,256;64,512;64,1024;64,2048;64,4096;64,8192;64,16;64,32;64,64;64,128;64,256;64,512;64,1024;64,2048;64,4096;64,8192;64,16;64,32;64,64;64,128;64,256;64,512;64,1024;64,2048;64,4096;64,8192;64,16;64,32;64,64;64,128""",FLOAT16;FLOAT16;FLOAT16;FLOAT16;FLOAT16;FLOAT16;FLOAT16;FLOAT16;FLOAT16;FLOAT16;FLOAT16;FLOAT16;FLOAT16;FLOAT16;FLOAT16;FLOAT16;FLOAT16;FLOAT16;FLOAT16;FLOAT16;FLOAT16;FLOAT16;FLOAT16;FLOAT16;FLOAT16;FLOAT16;FLOAT16;FLOAT16;FLOAT16;FLOAT16;FLOAT16;FLOAT16;FLOAT16;FLOAT16;FLOAT16;FLOAT16;FLOAT16;FLOAT16;FLOAT16;FLOAT16;FLOAT16;FLOAT16;FLOAT16;FLOAT16;FLOAT16;FLOAT16;FLOAT16;FLOAT16;FLOAT16;FLOAT16;FLOAT16;FLOAT16;FLOAT16;FLOAT16;FLOAT16;FLOAT16;FLOAT16;FLOAT16;FLOAT16;FLOAT16;FLOAT16;FLOAT16;FLOAT16;FLOAT16,ND;ND;ND;ND;ND;ND;ND;ND;ND;ND;ND;ND;ND;ND;ND;ND;ND;ND;ND;ND;ND;ND;ND;ND;ND;ND;ND;ND;ND;ND;ND;ND;ND;ND;ND;ND;ND;ND;ND;ND;ND;ND;ND;ND;ND;ND;ND;ND;ND;ND;ND;ND;ND;ND;ND;ND;ND;ND;ND;ND;ND;ND;ND;ND,"""64,98448""",FLOAT16,ND,N/A,0.0,0,0.0,0.0,0.0,0.0,0.0,0.0,0.0,0.0,0.0,0.0,0.0,37.212,2456007,0.017,0.0,7.299,0.196,22.131,0.595,11.577,0.311,0.0,0.000
0,4294967295,164,47,aclnnMul_MulAiCore_Mul,Mul,dynamic,AI_VECTOR_CORE,1785698306368382.268	,332.606,0.069000,40,0,NO,"""4096,4096;4096,4096""",FLOAT;FLOAT,ND;ND,"""4096,4096""",FLOAT,ND,N/A,0.0,0,0.0,0.0,0.0,0.0,0.0,0.0,0.0,0.0,0.0,0.0,0.0,330.668,21824103,6.784,0.021,3.089,0.009,329.072,0.995,112.222,0.339,0.0,0.000
0,4294967295,165,47,Concat,Concat,dynamic,AI_VECTOR_CORE,1785698306368714.894	,39.761,0.144000,40,0,NO,"""64,16;64,32;64,64;64,128;64,256;64,512;64,1024;64,2048;64,4096;64,8192;64,16;64,32;64,64;64,128;64,256;64,512;64,1024;64,2048;64,4096;64,8192;64,16;64,32;64,64;64,128;64,256;64,512;64,1024;64,2048;64,4096;64,8192;64,16;64,32;64,64;64,128;64,256;64,512;64,1024;64,2048;64,4096;64,8192;64,16;64,32;64,64;64,128;64,256;64,512;64,1024;64,2048;64,4096;64,8192;64,16;64,32;64,64;64,128;64,256;64,512;64,1024;64,2048;64,4096;64,8192;64,16;64,32;64,64;64,128""",FLOAT16;FLOAT16;FLOAT16;FLOAT16;FLOAT16;FLOAT16;FLOAT16;FLOAT16;FLOAT16;FLOAT16;FLOAT16;FLOAT16;FLOAT16;FLOAT16;FLOAT16;FLOAT16;FLOAT16;FLOAT16;FLOAT16;FLOAT16;FLOAT16;FLOAT16;FLOAT16;FLOAT16;FLOAT16;FLOAT16;FLOAT16;FLOAT16;FLOAT16;FLOAT16;FLOAT16;FLOAT16;FLOAT16;FLOAT16;FLOAT16;FLOAT16;FLOAT16;FLOAT16;FLOAT16;FLOAT16;FLOAT16;FLOAT16;FLOAT16;FLOAT16;FLOAT16;FLOAT16;FLOAT16;FLOAT16;FLOAT16;FLOAT16;FLOAT16;FLOAT16;FLOAT16;FLOAT16;FLOAT16;FLOAT16;FLOAT16;FLOAT16;FLOAT16;FLOAT16;FLOAT16;FLOAT16;FLOAT16;FLOAT16,ND;ND;ND;ND;ND;ND;ND;ND;ND;ND;ND;ND;ND;ND;ND;ND;ND;ND;ND;ND;ND;ND;ND;ND;ND;ND;ND;ND;ND;ND;ND;ND;ND;ND;ND;ND;ND;ND;ND;ND;ND;ND;ND;ND;ND;ND;ND;ND;ND;ND;ND;ND;ND;ND;ND;ND;ND;ND;ND;ND;ND;ND;ND;ND,"""64,98448""",FLOAT16,ND,N/A,0.0,0,0.0,0.0,0.0,0.0,0.0,0.0,0.0,0.0,0.0,0.0,0.0,36.419,2403630,0.017,0.0,8.582,0.236,21.267,0.584,11.427,0.314,0.0,0.000
0,4294967295,166,47,aclnnMul_MulAiCore_Mul,Mul,dynamic,AI_VECTOR_CORE,1785698306368754.675	,333.207,0.000000,40,0,NO,"""4096,4096;4096,4096""",FLOAT;FLOAT,ND;ND,"""4096,4096""",FLOAT,ND,N/A,0.0,0,0.0,0.0,0.0,0.0,0.0,0.0,0.0,0.0,0.0,0.0,0.0,331.074,21850910,6.784,0.02,3.054,0.009,329.489,0.995,112.735,0.341,0.0,0.000
0,4294967295,167,47,Concat,Concat,dynamic,AI_VECTOR_CORE,1785698306369087.922	,39.041,0.043000,40,0,NO,"""64,16;64,32;64,64;64,128;64,256;64,512;64,1024;64,2048;64,4096;64,8192;64,16;64,32;64,64;64,128;64,256;64,512;64,1024;64,2048;64,4096;64,8192;64,16;64,32;64,64;64,128;64,256;64,512;64,1024;64,2048;64,4096;64,8192;64,16;64,32;64,64;64,128;64,256;64,512;64,1024;64,2048;64,4096;64,8192;64,16;64,32;64,64;64,128;64,256;64,512;64,1024;64,2048;64,4096;64,8192;64,16;64,32;64,64;64,128;64,256;64,512;64,1024;64,2048;64,4096;64,8192;64,16;64,32;64,64;64,128""",FLOAT16;FLOAT16;FLOAT16;FLOAT16;FLOAT16;FLOAT16;FLOAT16;FLOAT16;FLOAT16;FLOAT16;FLOAT16;FLOAT16;FLOAT16;FLOAT16;FLOAT16;FLOAT16;FLOAT16;FLOAT16;FLOAT16;FLOAT16;FLOAT16;FLOAT16;FLOAT16;FLOAT16;FLOAT16;FLOAT16;FLOAT16;FLOAT16;FLOAT16;FLOAT16;FLOAT16;FLOAT16;FLOAT16;FLOAT16;FLOAT16;FLOAT16;FLOAT16;FLOAT16;FLOAT16;FLOAT16;FLOAT16;FLOAT16;FLOAT16;FLOAT16;FLOAT16;FLOAT16;FLOAT16;FLOAT16;FLOAT16;FLOAT16;FLOAT16;FLOAT16;FLOAT16;FLOAT16;FLOAT16;FLOAT16;FLOAT16;FLOAT16;FLOAT16;FLOAT16;FLOAT16;FLOAT16;FLOAT16;FLOAT16,ND;ND;ND;ND;ND;ND;ND;ND;ND;ND;ND;ND;ND;ND;ND;ND;ND;ND;ND;ND;ND;ND;ND;ND;ND;ND;ND;ND;ND;ND;ND;ND;ND;ND;ND;ND;ND;ND;ND;ND;ND;ND;ND;ND;ND;ND;ND;ND;ND;ND;ND;ND;ND;ND;ND;ND;ND;ND;ND;ND;ND;ND;ND;ND,"""64,98448""",FLOAT16,ND,N/A,0.0,0,0.0,0.0,0.0,0.0,0.0,0.0,0.0,0.0,0.0,0.0,0.0,36.409,2402966,0.017,0.0,8.868,0.244,21.487,0.59,11.254,0.309,0.0,0.000
0,4294967295,168,47,aclnnMul_MulAiCore_Mul,Mul,dynamic,AI_VECTOR_CORE,1785698306369126.983	,334.586,0.000000,40,0,NO,"""4096,4096;4096,4096""",FLOAT;FLOAT,ND;ND,"""4096,4096""",FLOAT,ND,N/A,0.0,0,0.0,0.0,0.0,0.0,0.0,0.0,0.0,0.0,0.0,0.0,0.0,332.141,21921316,6.784,0.02,3.13,0.009,330.389,0.995,112.935,0.34,0.0,0.000
0,4294967295,169,47,Concat,Concat,dynamic,AI_VECTOR_CORE,1785698306369461.609	,40.521,0.000000,40,0,NO,"""64,16;64,32;64,64;64,128;64,256;64,512;64,1024;64,2048;64,4096;64,8192;64,16;64,32;64,64;64,128;64,256;64,512;64,1024;64,2048;64,4096;64,8192;64,16;64,32;64,64;64,128;64,256;64,512;64,1024;64,2048;64,4096;64,8192;64,16;64,32;64,64;64,128;64,256;64,512;64,1024;64,2048;64,4096;64,8192;64,16;64,32;64,64;64,128;64,256;64,512;64,1024;64,2048;64,4096;64,8192;64,16;64,32;64,64;64,128;64,256;64,512;64,1024;64,2048;64,4096;64,8192;64,16;64,32;64,64;64,128""",FLOAT16;FLOAT16;FLOAT16;FLOAT16;FLOAT16;FLOAT16;FLOAT16;FLOAT16;FLOAT16;FLOAT16;FLOAT16;FLOAT16;FLOAT16;FLOAT16;FLOAT16;FLOAT16;FLOAT16;FLOAT16;FLOAT16;FLOAT16;FLOAT16;FLOAT16;FLOAT16;FLOAT16;FLOAT16;FLOAT16;FLOAT16;FLOAT16;FLOAT16;FLOAT16;FLOAT16;FLOAT16;FLOAT16;FLOAT16;FLOAT16;FLOAT16;FLOAT16;FLOAT16;FLOAT16;FLOAT16;FLOAT16;FLOAT16;FLOAT16;FLOAT16;FLOAT16;FLOAT16;FLOAT16;FLOAT16;FLOAT16;FLOAT16;FLOAT16;FLOAT16;FLOAT16;FLOAT16;FLOAT16;FLOAT16;FLOAT16;FLOAT16;FLOAT16;FLOAT16;FLOAT16;FLOAT16;FLOAT16;FLOAT16,ND;ND;ND;ND;ND;ND;ND;ND;ND;ND;ND;ND;ND;ND;ND;ND;ND;ND;ND;ND;ND;ND;ND;ND;ND;ND;ND;ND;ND;ND;ND;ND;ND;ND;ND;ND;ND;ND;ND;ND;ND;ND;ND;ND;ND;ND;ND;ND;ND;ND;ND;ND;ND;ND;ND;ND;ND;ND;ND;ND;ND;ND;ND;ND,"""64,98448""",FLOAT16,ND,N/A,0.0,0,0.0,0.0,0.0,0.0,0.0,0.0,0.0,0.0,0.0,0.0,0.0,37.401,2468454,0.017,0.0,13.778,0.368,21.71,0.58,11.531,0.308,0.0,0.000
0,4294967295,170,47,aclnnMul_MulAiCore_Mul,Mul,dynamic,AI_VECTOR_CORE,1785698306369502.150	,333.247,0.229000,40,0,NO,"""4096,4096;4096,4096""",FLOAT;FLOAT,ND;ND,"""4096,4096""",FLOAT,ND,N/A,0.0,0,0.0,0.0,0.0,0.0,0.0,0.0,0.0,0.0,0.0,0.0,0.0,331.088,21851815,6.784,0.02,2.995,0.009,329.573,0.995,111.558,0.337,0.0,0.000
0,4294967295,171,47,Concat,Concat,dynamic,AI_VECTOR_CORE,1785698306369835.417	,41.681,0.003000,40,0,NO,"""64,16;64,32;64,64;64,128;64,256;64,512;64,1024;64,2048;64,4096;64,8192;64,16;64,32;64,64;64,128;64,256;64,512;64,1024;64,2048;64,4096;64,8192;64,16;64,32;64,64;64,128;64,256;64,512;64,1024;64,2048;64,4096;64,8192;64,16;64,32;64,64;64,128;64,256;64,512;64,1024;64,2048;64,4096;64,8192;64,16;64,32;64,64;64,128;64,256;64,512;64,1024;64,2048;64,4096;64,8192;64,16;64,32;64,64;64,128;64,256;64,512;64,1024;64,2048;64,4096;64,8192;64,16;64,32;64,64;64,128""",FLOAT16;FLOAT16;FLOAT16;FLOAT16;FLOAT16;FLOAT16;FLOAT16;FLOAT16;FLOAT16;FLOAT16;FLOAT16;FLOAT16;FLOAT16;FLOAT16;FLOAT16;FLOAT16;FLOAT16;FLOAT16;FLOAT16;FLOAT16;FLOAT16;FLOAT16;FLOAT16;FLOAT16;FLOAT16;FLOAT16;FLOAT16;FLOAT16;FLOAT16;FLOAT16;FLOAT16;FLOAT16;FLOAT16;FLOAT16;FLOAT16;FLOAT16;FLOAT16;FLOAT16;FLOAT16;FLOAT16;FLOAT16;FLOAT16;FLOAT16;FLOAT16;FLOAT16;FLOAT16;FLOAT16;FLOAT16;FLOAT16;FLOAT16;FLOAT16;FLOAT16;FLOAT16;FLOAT16;FLOAT16;FLOAT16;FLOAT16;FLOAT16;FLOAT16;FLOAT16;FLOAT16;FLOAT16;FLOAT16;FLOAT16,ND;ND;ND;ND;ND;ND;ND;ND;ND;ND;ND;ND;ND;ND;ND;ND;ND;ND;ND;ND;ND;ND;ND;ND;ND;ND;ND;ND;ND;ND;ND;ND;ND;ND;ND;ND;ND;ND;ND;ND;ND;ND;ND;ND;ND;ND;ND;ND;ND;ND;ND;ND;ND;ND;ND;ND;ND;ND;ND;ND;ND;ND;ND;ND,"""64,98448""",FLOAT16,ND,N/A,0.0,0,0.0,0.0,0.0,0.0,0.0,0.0,0.0,0.0,0.0,0.0,0.0,38.455,2538043,0.017,0.0,14.258,0.371,22.22,0.578,11.396,0.296,0.0,0.000
0,4294967295,172,47,aclnnMul_MulAiCore_Mul,Mul,dynamic,AI_VECTOR_CORE,1785698306369877.118	,333.286,0.000000,40,0,NO,"""4096,4096;4096,4096""",FLOAT;FLOAT,ND;ND,"""4096,4096""",FLOAT,ND,N/A,0.0,0,0.0,0.0,0.0,0.0,0.0,0.0,0.0,0.0,0.0,0.0,0.0,331.238,21861706,6.784,0.02,3.02,0.009,329.62,0.995,111.177,0.336,0.0,0.000
0,4294967295,173,47,Concat,Concat,dynamic,AI_VECTOR_CORE,1785698306370210.424	,39.121,0.214000,40,0,NO,"""64,16;64,32;64,64;64,128;64,256;64,512;64,1024;64,2048;64,4096;64,8192;64,16;64,32;64,64;64,128;64,256;64,512;64,1024;64,2048;64,4096;64,8192;64,16;64,32;64,64;64,128;64,256;64,512;64,1024;64,2048;64,4096;64,8192;64,16;64,32;64,64;64,128;64,256;64,512;64,1024;64,2048;64,4096;64,8192;64,16;64,32;64,64;64,128;64,256;64,512;64,1024;64,2048;64,4096;64,8192;64,16;64,32;64,64;64,128;64,256;64,512;64,1024;64,2048;64,4096;64,8192;64,16;64,32;64,64;64,128""",FLOAT16;FLOAT16;FLOAT16;FLOAT16;FLOAT16;FLOAT16;FLOAT16;FLOAT16;FLOAT16;FLOAT16;FLOAT16;FLOAT16;FLOAT16;FLOAT16;FLOAT16;FLOAT16;FLOAT16;FLOAT16;FLOAT16;FLOAT16;FLOAT16;FLOAT16;FLOAT16;FLOAT16;FLOAT16;FLOAT16;FLOAT16;FLOAT16;FLOAT16;FLOAT16;FLOAT16;FLOAT16;FLOAT16;FLOAT16;FLOAT16;FLOAT16;FLOAT16;FLOAT16;FLOAT16;FLOAT16;FLOAT16;FLOAT16;FLOAT16;FLOAT16;FLOAT16;FLOAT16;FLOAT16;FLOAT16;FLOAT16;FLOAT16;FLOAT16;FLOAT16;FLOAT16;FLOAT16;FLOAT16;FLOAT16;FLOAT16;FLOAT16;FLOAT16;FLOAT16;FLOAT16;FLOAT16;FLOAT16;FLOAT16,ND;ND;ND;ND;ND;ND;ND;ND;ND;ND;ND;ND;ND;ND;ND;ND;ND;ND;ND;ND;ND;ND;ND;ND;ND;ND;ND;ND;ND;ND;ND;ND;ND;ND;ND;ND;ND;ND;ND;ND;ND;ND;ND;ND;ND;ND;ND;ND;ND;ND;ND;ND;ND;ND;ND;ND;ND;ND;ND;ND;ND;ND;ND;ND,"""64,98448""",FLOAT16,ND,N/A,0.0,0,0.0,0.0,0.0,0.0,0.0,0.0,0.0,0.0,0.0,0.0,0.0,36.39,2401720,0.017,0.0,11.979,0.329,21.096,0.58,11.54,0.317,0.0,0.000
0,4294967295,174,47,aclnnMul_MulAiCore_Mul,Mul,dynamic,AI_VECTOR_CORE,1785698306370249.565	,333.747,0.000000,40,0,NO,"""4096,4096;4096,4096""",FLOAT;FLOAT,ND;ND,"""4096,4096""",FLOAT,ND,N/A,0.0,0,0.0,0.0,0.0,0.0,0.0,0.0,0.0,0.0,0.0,0.0,0.0,331.541,21881708,6.784,0.02,2.95,0.009,330.039,0.995,112.589,0.34,0.0,0.000
0,4294967295,175,47,Concat,Concat,dynamic,AI_VECTOR_CORE,1785698306370583.352	,38.921,0.003000,40,0,NO,"""64,16;64,32;64,64;64,128;64,256;64,512;64,1024;64,2048;64,4096;64,8192;64,16;64,32;64,64;64,128;64,256;64,512;64,1024;64,2048;64,4096;64,8192;64,16;64,32;64,64;64,128;64,256;64,512;64,1024;64,2048;64,4096;64,8192;64,16;64,32;64,64;64,128;64,256;64,512;64,1024;64,2048;64,4096;64,8192;64,16;64,32;64,64;64,128;64,256;64,512;64,1024;64,2048;64,4096;64,8192;64,16;64,32;64,64;64,128;64,256;64,512;64,1024;64,2048;64,4096;64,8192;64,16;64,32;64,64;64,128""",FLOAT16;FLOAT16;FLOAT16;FLOAT16;FLOAT16;FLOAT16;FLOAT16;FLOAT16;FLOAT16;FLOAT16;FLOAT16;FLOAT16;FLOAT16;FLOAT16;FLOAT16;FLOAT16;FLOAT16;FLOAT16;FLOAT16;FLOAT16;FLOAT16;FLOAT16;FLOAT16;FLOAT16;FLOAT16;FLOAT16;FLOAT16;FLOAT16;FLOAT16;FLOAT16;FLOAT16;FLOAT16;FLOAT16;FLOAT16;FLOAT16;FLOAT16;FLOAT16;FLOAT16;FLOAT16;FLOAT16;FLOAT16;FLOAT16;FLOAT16;FLOAT16;FLOAT16;FLOAT16;FLOAT16;FLOAT16;FLOAT16;FLOAT16;FLOAT16;FLOAT16;FLOAT16;FLOAT16;FLOAT16;FLOAT16;FLOAT16;FLOAT16;FLOAT16;FLOAT16;FLOAT16;FLOAT16;FLOAT16;FLOAT16,ND;ND;ND;ND;ND;ND;ND;ND;ND;ND;ND;ND;ND;ND;ND;ND;ND;ND;ND;ND;ND;ND;ND;ND;ND;ND;ND;ND;ND;ND;ND;ND;ND;ND;ND;ND;ND;ND;ND;ND;ND;ND;ND;ND;ND;ND;ND;ND;ND;ND;ND;ND;ND;ND;ND;ND;ND;ND;ND;ND;ND;ND;ND;ND,"""64,98448""",FLOAT16,ND,N/A,0.0,0,0.0,0.0,0.0,0.0,0.0,0.0,0.0,0.0,0.0,0.0,0.0,35.628,2351457,0.017,0.0,12.399,0.348,20.208,0.567,11.206,0.315,0.0,0.000
0,4294967295,176,47,aclnnMul_MulAiCore_Mul,Mul,dynamic,AI_VECTOR_CORE,1785698306370622.293	,333.886,0.079000,40,0,NO,"""4096,4096;4096,4096""",FLOAT;FLOAT,ND;ND,"""4096,4096""",FLOAT,ND,N/A,0.0,0,0.0,0.0,0.0,0.0,0.0,0.0,0.0,0.0,0.0,0.0,0.0,331.348,21868959,6.784,0.02,3.038,0.009,329.687,0.995,111.731,0.337,0.0,0.000
0,4294967295,177,47,Concat,Concat,dynamic,AI_VECTOR_CORE,1785698306370956.199	,40.041,0.114000,40,0,NO,"""64,16;64,32;64,64;64,128;64,256;64,512;64,1024;64,2048;64,4096;64,8192;64,16;64,32;64,64;64,128;64,256;64,512;64,1024;64,2048;64,4096;64,8192;64,16;64,32;64,64;64,128;64,256;64,512;64,1024;64,2048;64,4096;64,8192;64,16;64,32;64,64;64,128;64,256;64,512;64,1024;64,2048;64,4096;64,8192;64,16;64,32;64,64;64,128;64,256;64,512;64,1024;64,2048;64,4096;64,8192;64,16;64,32;64,64;64,128;64,256;64,512;64,1024;64,2048;64,4096;64,8192;64,16;64,32;64,64;64,128""",FLOAT16;FLOAT16;FLOAT16;FLOAT16;FLOAT16;FLOAT16;FLOAT16;FLOAT16;FLOAT16;FLOAT16;FLOAT16;FLOAT16;FLOAT16;FLOAT16;FLOAT16;FLOAT16;FLOAT16;FLOAT16;FLOAT16;FLOAT16;FLOAT16;FLOAT16;FLOAT16;FLOAT16;FLOAT16;FLOAT16;FLOAT16;FLOAT16;FLOAT16;FLOAT16;FLOAT16;FLOAT16;FLOAT16;FLOAT16;FLOAT16;FLOAT16;FLOAT16;FLOAT16;FLOAT16;FLOAT16;FLOAT16;FLOAT16;FLOAT16;FLOAT16;FLOAT16;FLOAT16;FLOAT16;FLOAT16;FLOAT16;FLOAT16;FLOAT16;FLOAT16;FLOAT16;FLOAT16;FLOAT16;FLOAT16;FLOAT16;FLOAT16;FLOAT16;FLOAT16;FLOAT16;FLOAT16;FLOAT16;FLOAT16,ND;ND;ND;ND;ND;ND;ND;ND;ND;ND;ND;ND;ND;ND;ND;ND;ND;ND;ND;ND;ND;ND;ND;ND;ND;ND;ND;ND;ND;ND;ND;ND;ND;ND;ND;ND;ND;ND;ND;ND;ND;ND;ND;ND;ND;ND;ND;ND;ND;ND;ND;ND;ND;ND;ND;ND;ND;ND;ND;ND;ND;ND;ND;ND,"""64,98448""",FLOAT16,ND,N/A,0.0,0,0.0,0.0,0.0,0.0,0.0,0.0,0.0,0.0,0.0,0.0,0.0,37.408,2468904,0.017,0.0,8.371,0.224,22.467,0.601,11.356,0.304,0.0,0.000
0,4294967295,178,47,aclnnMul_MulAiCore_Mul,Mul,dynamic,AI_VECTOR_CORE,1785698306370996.260	,332.727,0.000000,40,0,NO,"""4096,4096;4096,4096""",FLOAT;FLOAT,ND;ND,"""4096,4096""",FLOAT,ND,N/A,0.0,0,0.0,0.0,0.0,0.0,0.0,0.0,0.0,0.0,0.0,0.0,0.0,330.816,21833839,6.784,0.021,3.131,0.009,329.177,0.995,111.576,0.337,0.0,0.000
0,4294967295,179,47,Concat,Concat,dynamic,AI_VECTOR_CORE,1785698306371329.007	,39.940,0.023000,40,0,NO,"""64,16;64,32;64,64;64,128;64,256;64,512;64,1024;64,2048;64,4096;64,8192;64,16;64,32;64,64;64,128;64,256;64,512;64,1024;64,2048;64,4096;64,8192;64,16;64,32;64,64;64,128;64,256;64,512;64,1024;64,2048;64,4096;64,8192;64,16;64,32;64,64;64,128;64,256;64,512;64,1024;64,2048;64,4096;64,8192;64,16;64,32;64,64;64,128;64,256;64,512;64,1024;64,2048;64,4096;64,8192;64,16;64,32;64,64;64,128;64,256;64,512;64,1024;64,2048;64,4096;64,8192;64,16;64,32;64,64;64,128""",FLOAT16;FLOAT16;FLOAT16;FLOAT16;FLOAT16;FLOAT16;FLOAT16;FLOAT16;FLOAT16;FLOAT16;FLOAT16;FLOAT16;FLOAT16;FLOAT16;FLOAT16;FLOAT16;FLOAT16;FLOAT16;FLOAT16;FLOAT16;FLOAT16;FLOAT16;FLOAT16;FLOAT16;FLOAT16;FLOAT16;FLOAT16;FLOAT16;FLOAT16;FLOAT16;FLOAT16;FLOAT16;FLOAT16;FLOAT16;FLOAT16;FLOAT16;FLOAT16;FLOAT16;FLOAT16;FLOAT16;FLOAT16;FLOAT16;FLOAT16;FLOAT16;FLOAT16;FLOAT16;FLOAT16;FLOAT16;FLOAT16;FLOAT16;FLOAT16;FLOAT16;FLOAT16;FLOAT16;FLOAT16;FLOAT16;FLOAT16;FLOAT16;FLOAT16;FLOAT16;FLOAT16;FLOAT16;FLOAT16;FLOAT16,ND;ND;ND;ND;ND;ND;ND;ND;ND;ND;ND;ND;ND;ND;ND;ND;ND;ND;ND;ND;ND;ND;ND;ND;ND;ND;ND;ND;ND;ND;ND;ND;ND;ND;ND;ND;ND;ND;ND;ND;ND;ND;ND;ND;ND;ND;ND;ND;ND;ND;ND;ND;ND;ND;ND;ND;ND;ND;ND;ND;ND;ND;ND;ND,"""64,98448""",FLOAT16,ND,N/A,0.0,0,0.0,0.0,0.0,0.0,0.0,0.0,0.0,0.0,0.0,0.0,0.0,36.689,2421446,0.017,0.0,7.057,0.192,21.786,0.594,11.319,0.309,0.0,0.000
0,4294967295,180,47,aclnnMul_MulAiCore_Mul,Mul,dynamic,AI_VECTOR_CORE,1785698306371368.987	,333.167,0.060000,40,0,NO,"""4096,4096;4096,4096""",FLOAT;FLOAT,ND;ND,"""4096,4096""",FLOAT,ND,N/A,0.0,0,0.0,0.0,0.0,0.0,0.0,0.0,0.0,0.0,0.0,0.0,0.0,330.965,21843705,6.784,0.02,3.015,0.009,329.431,0.995,112.382,0.34,0.0,0.000
0,4294967295,181,47,Concat,Concat,dynamic,AI_VECTOR_CORE,1785698306371702.174	,39.601,0.083000,40,0,NO,"""64,16;64,32;64,64;64,128;64,256;64,512;64,1024;64,2048;64,4096;64,8192;64,16;64,32;64,64;64,128;64,256;64,512;64,1024;64,2048;64,4096;64,8192;64,16;64,32;64,64;64,128;64,256;64,512;64,1024;64,2048;64,4096;64,8192;64,16;64,32;64,64;64,128;64,256;64,512;64,1024;64,2048;64,4096;64,8192;64,16;64,32;64,64;64,128;64,256;64,512;64,1024;64,2048;64,4096;64,8192;64,16;64,32;64,64;64,128;64,256;64,512;64,1024;64,2048;64,4096;64,8192;64,16;64,32;64,64;64,128""",FLOAT16;FLOAT16;FLOAT16;FLOAT16;FLOAT16;FLOAT16;FLOAT16;FLOAT16;FLOAT16;FLOAT16;FLOAT16;FLOAT16;FLOAT16;FLOAT16;FLOAT16;FLOAT16;FLOAT16;FLOAT16;FLOAT16;FLOAT16;FLOAT16;FLOAT16;FLOAT16;FLOAT16;FLOAT16;FLOAT16;FLOAT16;FLOAT16;FLOAT16;FLOAT16;FLOAT16;FLOAT16;FLOAT16;FLOAT16;FLOAT16;FLOAT16;FLOAT16;FLOAT16;FLOAT16;FLOAT16;FLOAT16;FLOAT16;FLOAT16;FLOAT16;FLOAT16;FLOAT16;FLOAT16;FLOAT16;FLOAT16;FLOAT16;FLOAT16;FLOAT16;FLOAT16;FLOAT16;FLOAT16;FLOAT16;FLOAT16;FLOAT16;FLOAT16;FLOAT16;FLOAT16;FLOAT16;FLOAT16;FLOAT16,ND;ND;ND;ND;ND;ND;ND;ND;ND;ND;ND;ND;ND;ND;ND;ND;ND;ND;ND;ND;ND;ND;ND;ND;ND;ND;ND;ND;ND;ND;ND;ND;ND;ND;ND;ND;ND;ND;ND;ND;ND;ND;ND;ND;ND;ND;ND;ND;ND;ND;ND;ND;ND;ND;ND;ND;ND;ND;ND;ND;ND;ND;ND;ND,"""64,98448""",FLOAT16,ND,N/A,0.0,0,0.0,0.0,0.0,0.0,0.0,0.0,0.0,0.0,0.0,0.0,0.0,36.841,2431530,0.017,0.0,8.276,0.225,21.873,0.594,11.502,0.312,0.0,0.000
0,4294967295,182,47,aclnnMul_MulAiCore_Mul,Mul,dynamic,AI_VECTOR_CORE,1785698306371741.795	,334.867,0.000000,40,0,NO,"""4096,4096;4096,4096""",FLOAT;FLOAT,ND;ND,"""4096,4096""",FLOAT,ND,N/A,0.0,0,0.0,0.0,0.0,0.0,0.0,0.0,0.0,0.0,0.0,0.0,0.0,332.448,21941539,6.784,0.02,3.102,0.009,330.801,0.995,113.48,0.341,0.0,0.000
0,4294967295,183,47,Concat,Concat,dynamic,AI_VECTOR_CORE,1785698306372076.682	,39.860,0.133000,40,0,NO,"""64,16;64,32;64,64;64,128;64,256;64,512;64,1024;64,2048;64,4096;64,8192;64,16;64,32;64,64;64,128;64,256;64,512;64,1024;64,2048;64,4096;64,8192;64,16;64,32;64,64;64,128;64,256;64,512;64,1024;64,2048;64,4096;64,8192;64,16;64,32;64,64;64,128;64,256;64,512;64,1024;64,2048;64,4096;64,8192;64,16;64,32;64,64;64,128;64,256;64,512;64,1024;64,2048;64,4096;64,8192;64,16;64,32;64,64;64,128;64,256;64,512;64,1024;64,2048;64,4096;64,8192;64,16;64,32;64,64;64,128""",FLOAT16;FLOAT16;FLOAT16;FLOAT16;FLOAT16;FLOAT16;FLOAT16;FLOAT16;FLOAT16;FLOAT16;FLOAT16;FLOAT16;FLOAT16;FLOAT16;FLOAT16;FLOAT16;FLOAT16;FLOAT16;FLOAT16;FLOAT16;FLOAT16;FLOAT16;FLOAT16;FLOAT16;FLOAT16;FLOAT16;FLOAT16;FLOAT16;FLOAT16;FLOAT16;FLOAT16;FLOAT16;FLOAT16;FLOAT16;FLOAT16;FLOAT16;FLOAT16;FLOAT16;FLOAT16;FLOAT16;FLOAT16;FLOAT16;FLOAT16;FLOAT16;FLOAT16;FLOAT16;FLOAT16;FLOAT16;FLOAT16;FLOAT16;FLOAT16;FLOAT16;FLOAT16;FLOAT16;FLOAT16;FLOAT16;FLOAT16;FLOAT16;FLOAT16;FLOAT16;FLOAT16;FLOAT16;FLOAT16;FLOAT16,ND;ND;ND;ND;ND;ND;ND;ND;ND;ND;ND;ND;ND;ND;ND;ND;ND;ND;ND;ND;ND;ND;ND;ND;ND;ND;ND;ND;ND;ND;ND;ND;ND;ND;ND;ND;ND;ND;ND;ND;ND;ND;ND;ND;ND;ND;ND;ND;ND;ND;ND;ND;ND;ND;ND;ND;ND;ND;ND;ND;ND;ND;ND;ND,"""64,98448""",FLOAT16,ND,N/A,0.0,0,0.0,0.0,0.0,0.0,0.0,0.0,0.0,0.0,0.0,0.0,0.0,36.674,2420471,0.017,0.0,10.867,0.296,21.985,0.599,11.052,0.301,0.0,0.000
0,4294967295,184,47,aclnnMul_MulAiCore_Mul,Mul,dynamic,AI_VECTOR_CORE,1785698306372116.562	,332.707,0.000000,40,0,NO,"""4096,4096;4096,4096""",FLOAT;FLOAT,ND;ND,"""4096,4096""",FLOAT,ND,N/A,0.0,0,0.0,0.0,0.0,0.0,0.0,0.0,0.0,0.0,0.0,0.0,0.0,330.571,21817709,6.784,0.021,2.935,0.009,329.088,0.996,111.836,0.338,0.0,0.000
0,4294967295,185,47,Concat,Concat,dynamic,AI_VECTOR_CORE,1785698306372449.309	,41.941,0.043000,40,0,NO,"""64,16;64,32;64,64;64,128;64,256;64,512;64,1024;64,2048;64,4096;64,8192;64,16;64,32;64,64;64,128;64,256;64,512;64,1024;64,2048;64,4096;64,8192;64,16;64,32;64,64;64,128;64,256;64,512;64,1024;64,2048;64,4096;64,8192;64,16;64,32;64,64;64,128;64,256;64,512;64,1024;64,2048;64,4096;64,8192;64,16;64,32;64,64;64,128;64,256;64,512;64,1024;64,2048;64,4096;64,8192;64,16;64,32;64,64;64,128;64,256;64,512;64,1024;64,2048;64,4096;64,8192;64,16;64,32;64,64;64,128""",FLOAT16;FLOAT16;FLOAT16;FLOAT16;FLOAT16;FLOAT16;FLOAT16;FLOAT16;FLOAT16;FLOAT16;FLOAT16;FLOAT16;FLOAT16;FLOAT16;FLOAT16;FLOAT16;FLOAT16;FLOAT16;FLOAT16;FLOAT16;FLOAT16;FLOAT16;FLOAT16;FLOAT16;FLOAT16;FLOAT16;FLOAT16;FLOAT16;FLOAT16;FLOAT16;FLOAT16;FLOAT16;FLOAT16;FLOAT16;FLOAT16;FLOAT16;FLOAT16;FLOAT16;FLOAT16;FLOAT16;FLOAT16;FLOAT16;FLOAT16;FLOAT16;FLOAT16;FLOAT16;FLOAT16;FLOAT16;FLOAT16;FLOAT16;FLOAT16;FLOAT16;FLOAT16;FLOAT16;FLOAT16;FLOAT16;FLOAT16;FLOAT16;FLOAT16;FLOAT16;FLOAT16;FLOAT16;FLOAT16;FLOAT16,ND;ND;ND;ND;ND;ND;ND;ND;ND;ND;ND;ND;ND;ND;ND;ND;ND;ND;ND;ND;ND;ND;ND;ND;ND;ND;ND;ND;ND;ND;ND;ND;ND;ND;ND;ND;ND;ND;ND;ND;ND;ND;ND;ND;ND;ND;ND;ND;ND;ND;ND;ND;ND;ND;ND;ND;ND;ND;ND;ND;ND;ND;ND;ND,"""64,98448""",FLOAT16,ND,N/A,0.0,0,0.0,0.0,0.0,0.0,0.0,0.0,0.0,0.0,0.0,0.0,0.0,39.036,2576385,0.017,0.0,12.868,0.33,22.42,0.574,11.865,0.304,0.0,0.000
0,4294967295,186,47,aclnnMul_MulAiCore_Mul,Mul,dynamic,AI_VECTOR_CORE,1785698306372491.270	,332.907,0.059000,40,0,NO,"""4096,4096;4096,4096""",FLOAT;FLOAT,ND;ND,"""4096,4096""",FLOAT,ND,N/A,0.0,0,0.0,0.0,0.0,0.0,0.0,0.0,0.0,0.0,0.0,0.0,0.0,330.62,21820910,6.784,0.021,3.041,0.009,329.003,0.995,110.468,0.334,0.0,0.000
0,4294967295,187,47,Concat,Concat,dynamic,AI_VECTOR_CORE,1785698306372824.197	,41.560,0.093000,40,0,NO,"""64,16;64,32;64,64;64,128;64,256;64,512;64,1024;64,2048;64,4096;64,8192;64,16;64,32;64,64;64,128;64,256;64,512;64,1024;64,2048;64,4096;64,8192;64,16;64,32;64,64;64,128;64,256;64,512;64,1024;64,2048;64,4096;64,8192;64,16;64,32;64,64;64,128;64,256;64,512;64,1024;64,2048;64,4096;64,8192;64,16;64,32;64,64;64,128;64,256;64,512;64,1024;64,2048;64,4096;64,8192;64,16;64,32;64,64;64,128;64,256;64,512;64,1024;64,2048;64,4096;64,8192;64,16;64,32;64,64;64,128""",FLOAT16;FLOAT16;FLOAT16;FLOAT16;FLOAT16;FLOAT16;FLOAT16;FLOAT16;FLOAT16;FLOAT16;FLOAT16;FLOAT16;FLOAT16;FLOAT16;FLOAT16;FLOAT16;FLOAT16;FLOAT16;FLOAT16;FLOAT16;FLOAT16;FLOAT16;FLOAT16;FLOAT16;FLOAT16;FLOAT16;FLOAT16;FLOAT16;FLOAT16;FLOAT16;FLOAT16;FLOAT16;FLOAT16;FLOAT16;FLOAT16;FLOAT16;FLOAT16;FLOAT16;FLOAT16;FLOAT16;FLOAT16;FLOAT16;FLOAT16;FLOAT16;FLOAT16;FLOAT16;FLOAT16;FLOAT16;FLOAT16;FLOAT16;FLOAT16;FLOAT16;FLOAT16;FLOAT16;FLOAT16;FLOAT16;FLOAT16;FLOAT16;FLOAT16;FLOAT16;FLOAT16;FLOAT16;FLOAT16;FLOAT16,ND;ND;ND;ND;ND;ND;ND;ND;ND;ND;ND;ND;ND;ND;ND;ND;ND;ND;ND;ND;ND;ND;ND;ND;ND;ND;ND;ND;ND;ND;ND;ND;ND;ND;ND;ND;ND;ND;ND;ND;ND;ND;ND;ND;ND;ND;ND;ND;ND;ND;ND;ND;ND;ND;ND;ND;ND;ND;ND;ND;ND;ND;ND;ND,"""64,98448""",FLOAT16,ND,N/A,0.0,0,0.0,0.0,0.0,0.0,0.0,0.0,0.0,0.0,0.0,0.0,0.0,38.344,2530736,0.017,0.0,13.969,0.364,22.585,0.589,11.282,0.294,0.0,0.000
0,4294967295,188,47,aclnnMul_MulAiCore_Mul,Mul,dynamic,AI_VECTOR_CORE,1785698306372865.777	,332.187,0.000000,40,0,NO,"""4096,4096;4096,4096""",FLOAT;FLOAT,ND;ND,"""4096,4096""",FLOAT,ND,N/A,0.0,0,0.0,0.0,0.0,0.0,0.0,0.0,0.0,0.0,0.0,0.0,0.0,330.166,21790950,6.784,0.021,2.964,0.009,328.674,0.995,110.64,0.335,0.0,0.000
0,4294967295,189,47,Concat,Concat,dynamic,AI_VECTOR_CORE,1785698306373198.004	,39.961,0.063000,40,0,NO,"""64,16;64,32;64,64;64,128;64,256;64,512;64,1024;64,2048;64,4096;64,8192;64,16;64,32;64,64;64,128;64,256;64,512;64,1024;64,2048;64,4096;64,8192;64,16;64,32;64,64;64,128;64,256;64,512;64,1024;64,2048;64,4096;64,8192;64,16;64,32;64,64;64,128;64,256;64,512;64,1024;64,2048;64,4096;64,8192;64,16;64,32;64,64;64,128;64,256;64,512;64,1024;64,2048;64,4096;64,8192;64,16;64,32;64,64;64,128;64,256;64,512;64,1024;64,2048;64,4096;64,8192;64,16;64,32;64,64;64,128""",FLOAT16;FLOAT16;FLOAT16;FLOAT16;FLOAT16;FLOAT16;FLOAT16;FLOAT16;FLOAT16;FLOAT16;FLOAT16;FLOAT16;FLOAT16;FLOAT16;FLOAT16;FLOAT16;FLOAT16;FLOAT16;FLOAT16;FLOAT16;FLOAT16;FLOAT16;FLOAT16;FLOAT16;FLOAT16;FLOAT16;FLOAT16;FLOAT16;FLOAT16;FLOAT16;FLOAT16;FLOAT16;FLOAT16;FLOAT16;FLOAT16;FLOAT16;FLOAT16;FLOAT16;FLOAT16;FLOAT16;FLOAT16;FLOAT16;FLOAT16;FLOAT16;FLOAT16;FLOAT16;FLOAT16;FLOAT16;FLOAT16;FLOAT16;FLOAT16;FLOAT16;FLOAT16;FLOAT16;FLOAT16;FLOAT16;FLOAT16;FLOAT16;FLOAT16;FLOAT16;FLOAT16;FLOAT16;FLOAT16;FLOAT16,ND;ND;ND;ND;ND;ND;ND;ND;ND;ND;ND;ND;ND;ND;ND;ND;ND;ND;ND;ND;ND;ND;ND;ND;ND;ND;ND;ND;ND;ND;ND;ND;ND;ND;ND;ND;ND;ND;ND;ND;ND;ND;ND;ND;ND;ND;ND;ND;ND;ND;ND;ND;ND;ND;ND;ND;ND;ND;ND;ND;ND;ND;ND;ND,"""64,98448""",FLOAT16,ND,N/A,0.0,0,0.0,0.0,0.0,0.0,0.0,0.0,0.0,0.0,0.0,0.0,0.0,36.385,2401423,0.017,0.0,14.207,0.39,20.871,0.574,11.432,0.314,0.0,0.000
0,4294967295,190,47,aclnnMul_MulAiCore_Mul,Mul,dynamic,AI_VECTOR_CORE,1785698306373237.985	,333.666,0.039000,40,0,NO,"""4096,4096;4096,4096""",FLOAT;FLOAT,ND;ND,"""4096,4096""",FLOAT,ND,N/A,0.0,0,0.0,0.0,0.0,0.0,0.0,0.0,0.0,0.0,0.0,0.0,0.0,331.407,21872867,6.784,0.02,3.037,0.009,329.823,0.995,113.379,0.342,0.0,0.000
0,4294967295,191,47,Concat,Concat,dynamic,AI_VECTOR_CORE,1785698306373571.671	,39.301,0.084000,40,0,NO,"""64,16;64,32;64,64;64,128;64,256;64,512;64,1024;64,2048;64,4096;64,8192;64,16;64,32;64,64;64,128;64,256;64,512;64,1024;64,2048;64,4096;64,8192;64,16;64,32;64,64;64,128;64,256;64,512;64,1024;64,2048;64,4096;64,8192;64,16;64,32;64,64;64,128;64,256;64,512;64,1024;64,2048;64,4096;64,8192;64,16;64,32;64,64;64,128;64,256;64,512;64,1024;64,2048;64,4096;64,8192;64,16;64,32;64,64;64,128;64,256;64,512;64,1024;64,2048;64,4096;64,8192;64,16;64,32;64,64;64,128""",FLOAT16;FLOAT16;FLOAT16;FLOAT16;FLOAT16;FLOAT16;FLOAT16;FLOAT16;FLOAT16;FLOAT16;FLOAT16;FLOAT16;FLOAT16;FLOAT16;FLOAT16;FLOAT16;FLOAT16;FLOAT16;FLOAT16;FLOAT16;FLOAT16;FLOAT16;FLOAT16;FLOAT16;FLOAT16;FLOAT16;FLOAT16;FLOAT16;FLOAT16;FLOAT16;FLOAT16;FLOAT16;FLOAT16;FLOAT16;FLOAT16;FLOAT16;FLOAT16;FLOAT16;FLOAT16;FLOAT16;FLOAT16;FLOAT16;FLOAT16;FLOAT16;FLOAT16;FLOAT16;FLOAT16;FLOAT16;FLOAT16;FLOAT16;FLOAT16;FLOAT16;FLOAT16;FLOAT16;FLOAT16;FLOAT16;FLOAT16;FLOAT16;FLOAT16;FLOAT16;FLOAT16;FLOAT16;FLOAT16;FLOAT16,ND;ND;ND;ND;ND;ND;ND;ND;ND;ND;ND;ND;ND;ND;ND;ND;ND;ND;ND;ND;ND;ND;ND;ND;ND;ND;ND;ND;ND;ND;ND;ND;ND;ND;ND;ND;ND;ND;ND;ND;ND;ND;ND;ND;ND;ND;ND;ND;ND;ND;ND;ND;ND;ND;ND;ND;ND;ND;ND;ND;ND;ND;ND;ND,"""64,98448""",FLOAT16,ND,N/A,0.0,0,0.0,0.0,0.0,0.0,0.0,0.0,0.0,0.0,0.0,0.0,0.0,36.17,2387198,0.017,0.0,10.475,0.29,20.746,0.574,11.742,0.325,0.0,0.000
0,4294967295,192,47,aclnnMul_MulAiCore_Mul,Mul,dynamic,AI_VECTOR_CORE,1785698306373611.012	,333.567,0.000000,40,0,NO,"""4096,4096;4096,4096""",FLOAT;FLOAT,ND;ND,"""4096,4096""",FLOAT,ND,N/A,0.0,0,0.0,0.0,0.0,0.0,0.0,0.0,0.0,0.0,0.0,0.0,0.0,331.152,21856060,6.784,0.02,2.956,0.009,329.664,0.996,110.557,0.334,0.0,0.000
0,4294967295,193,47,Concat,Concat,dynamic,AI_VECTOR_CORE,1785698306373944.599	,40.501,0.000000,40,0,NO,"""64,16;64,32;64,64;64,128;64,256;64,512;64,1024;64,2048;64,4096;64,8192;64,16;64,32;64,64;64,128;64,256;64,512;64,1024;64,2048;64,4096;64,8192;64,16;64,32;64,64;64,128;64,256;64,512;64,1024;64,2048;64,4096;64,8192;64,16;64,32;64,64;64,128;64,256;64,512;64,1024;64,2048;64,4096;64,8192;64,16;64,32;64,64;64,128;64,256;64,512;64,1024;64,2048;64,4096;64,8192;64,16;64,32;64,64;64,128;64,256;64,512;64,1024;64,2048;64,4096;64,8192;64,16;64,32;64,64;64,128""",FLOAT16;FLOAT16;FLOAT16;FLOAT16;FLOAT16;FLOAT16;FLOAT16;FLOAT16;FLOAT16;FLOAT16;FLOAT16;FLOAT16;FLOAT16;FLOAT16;FLOAT16;FLOAT16;FLOAT16;FLOAT16;FLOAT16;FLOAT16;FLOAT16;FLOAT16;FLOAT16;FLOAT16;FLOAT16;FLOAT16;FLOAT16;FLOAT16;FLOAT16;FLOAT16;FLOAT16;FLOAT16;FLOAT16;FLOAT16;FLOAT16;FLOAT16;FLOAT16;FLOAT16;FLOAT16;FLOAT16;FLOAT16;FLOAT16;FLOAT16;FLOAT16;FLOAT16;FLOAT16;FLOAT16;FLOAT16;FLOAT16;FLOAT16;FLOAT16;FLOAT16;FLOAT16;FLOAT16;FLOAT16;FLOAT16;FLOAT16;FLOAT16;FLOAT16;FLOAT16;FLOAT16;FLOAT16;FLOAT16;FLOAT16,ND;ND;ND;ND;ND;ND;ND;ND;ND;ND;ND;ND;ND;ND;ND;ND;ND;ND;ND;ND;ND;ND;ND;ND;ND;ND;ND;ND;ND;ND;ND;ND;ND;ND;ND;ND;ND;ND;ND;ND;ND;ND;ND;ND;ND;ND;ND;ND;ND;ND;ND;ND;ND;ND;ND;ND;ND;ND;ND;ND;ND;ND;ND;ND,"""64,98448""",FLOAT16,ND,N/A,0.0,0,0.0,0.0,0.0,0.0,0.0,0.0,0.0,0.0,0.0,0.0,0.0,37.356,2465475,0.017,0.0,8.189,0.219,22.54,0.603,11.179,0.299,0.0,0.000
0,4294967295,194,47,aclnnMul_MulAiCore_Mul,Mul,dynamic,AI_VECTOR_CORE,1785698306373985.120	,334.426,0.000000,40,0,NO,"""4096,4096;4096,4096""",FLOAT;FLOAT,ND;ND,"""4096,4096""",FLOAT,ND,N/A,0.0,0,0.0,0.0,0.0,0.0,0.0,0.0,0.0,0.0,0.0,0.0,0.0,332.116,21919668,6.784,0.02,3.031,0.009,330.573,0.995,111.304,0.335,0.0,0.000
0,4294967295,195,47,Concat,Concat,dynamic,AI_VECTOR_CORE,1785698306374319.566	,41.021,0.074000,40,0,NO,"""64,16;64,32;64,64;64,128;64,256;64,512;64,1024;64,2048;64,4096;64,8192;64,16;64,32;64,64;64,128;64,256;64,512;64,1024;64,2048;64,4096;64,8192;64,16;64,32;64,64;64,128;64,256;64,512;64,1024;64,2048;64,4096;64,8192;64,16;64,32;64,64;64,128;64,256;64,512;64,1024;64,2048;64,4096;64,8192;64,16;64,32;64,64;64,128;64,256;64,512;64,1024;64,2048;64,4096;64,8192;64,16;64,32;64,64;64,128;64,256;64,512;64,1024;64,2048;64,4096;64,8192;64,16;64,32;64,64;64,128""",FLOAT16;FLOAT16;FLOAT16;FLOAT16;FLOAT16;FLOAT16;FLOAT16;FLOAT16;FLOAT16;FLOAT16;FLOAT16;FLOAT16;FLOAT16;FLOAT16;FLOAT16;FLOAT16;FLOAT16;FLOAT16;FLOAT16;FLOAT16;FLOAT16;FLOAT16;FLOAT16;FLOAT16;FLOAT16;FLOAT16;FLOAT16;FLOAT16;FLOAT16;FLOAT16;FLOAT16;FLOAT16;FLOAT16;FLOAT16;FLOAT16;FLOAT16;FLOAT16;FLOAT16;FLOAT16;FLOAT16;FLOAT16;FLOAT16;FLOAT16;FLOAT16;FLOAT16;FLOAT16;FLOAT16;FLOAT16;FLOAT16;FLOAT16;FLOAT16;FLOAT16;FLOAT16;FLOAT16;FLOAT16;FLOAT16;FLOAT16;FLOAT16;FLOAT16;FLOAT16;FLOAT16;FLOAT16;FLOAT16;FLOAT16,ND;ND;ND;ND;ND;ND;ND;ND;ND;ND;ND;ND;ND;ND;ND;ND;ND;ND;ND;ND;ND;ND;ND;ND;ND;ND;ND;ND;ND;ND;ND;ND;ND;ND;ND;ND;ND;ND;ND;ND;ND;ND;ND;ND;ND;ND;ND;ND;ND;ND;ND;ND;ND;ND;ND;ND;ND;ND;ND;ND;ND;ND;ND;ND,"""64,98448""",FLOAT16,ND,N/A,0.0,0,0.0,0.0,0.0,0.0,0.0,0.0,0.0,0.0,0.0,0.0,0.0,37.68,2486859,0.017,0.0,8.245,0.219,22.245,0.59,11.817,0.314,0.0,0.000
0,4294967295,196,47,aclnnMul_MulAiCore_Mul,Mul,dynamic,AI_VECTOR_CORE,1785698306374360.607	,332.127,0.000000,40,0,NO,"""4096,4096;4096,4096""",FLOAT;FLOAT,ND;ND,"""4096,4096""",FLOAT,ND,N/A,0.0,0,0.0,0.0,0.0,0.0,0.0,0.0,0.0,0.0,0.0,0.0,0.0,330.384,21805349,6.784,0.021,2.946,0.009,328.944,0.996,111.428,0.337,0.0,0.000
0,4294967295,197,47,Concat,Concat,dynamic,AI_VECTOR_CORE,1785698306374692.754	,39.621,0.123000,40,0,NO,"""64,16;64,32;64,64;64,128;64,256;64,512;64,1024;64,2048;64,4096;64,8192;64,16;64,32;64,64;64,128;64,256;64,512;64,1024;64,2048;64,4096;64,8192;64,16;64,32;64,64;64,128;64,256;64,512;64,1024;64,2048;64,4096;64,8192;64,16;64,32;64,64;64,128;64,256;64,512;64,1024;64,2048;64,4096;64,8192;64,16;64,32;64,64;64,128;64,256;64,512;64,1024;64,2048;64,4096;64,8192;64,16;64,32;64,64;64,128;64,256;64,512;64,1024;64,2048;64,4096;64,8192;64,16;64,32;64,64;64,128""",FLOAT16;FLOAT16;FLOAT16;FLOAT16;FLOAT16;FLOAT16;FLOAT16;FLOAT16;FLOAT16;FLOAT16;FLOAT16;FLOAT16;FLOAT16;FLOAT16;FLOAT16;FLOAT16;FLOAT16;FLOAT16;FLOAT16;FLOAT16;FLOAT16;FLOAT16;FLOAT16;FLOAT16;FLOAT16;FLOAT16;FLOAT16;FLOAT16;FLOAT16;FLOAT16;FLOAT16;FLOAT16;FLOAT16;FLOAT16;FLOAT16;FLOAT16;FLOAT16;FLOAT16;FLOAT16;FLOAT16;FLOAT16;FLOAT16;FLOAT16;FLOAT16;FLOAT16;FLOAT16;FLOAT16;FLOAT16;FLOAT16;FLOAT16;FLOAT16;FLOAT16;FLOAT16;FLOAT16;FLOAT16;FLOAT16;FLOAT16;FLOAT16;FLOAT16;FLOAT16;FLOAT16;FLOAT16;FLOAT16;FLOAT16,ND;ND;ND;ND;ND;ND;ND;ND;ND;ND;ND;ND;ND;ND;ND;ND;ND;ND;ND;ND;ND;ND;ND;ND;ND;ND;ND;ND;ND;ND;ND;ND;ND;ND;ND;ND;ND;ND;ND;ND;ND;ND;ND;ND;ND;ND;ND;ND;ND;ND;ND;ND;ND;ND;ND;ND;ND;ND;ND;ND;ND;ND;ND;ND,"""64,98448""",FLOAT16,ND,N/A,0.0,0,0.0,0.0,0.0,0.0,0.0,0.0,0.0,0.0,0.0,0.0,0.0,36.937,2437874,0.017,0.0,8.855,0.24,21.791,0.59,11.667,0.316,0.0,0.000
0,4294967295,198,47,aclnnMul_MulAiCore_Mul,Mul,dynamic,AI_VECTOR_CORE,1785698306374732.395	,333.426,0.129000,40,0,NO,"""4096,4096;4096,4096""",FLOAT;FLOAT,ND;ND,"""4096,4096""",FLOAT,ND,N/A,0.0,0,0.0,0.0,0.0,0.0,0.0,0.0,0.0,0.0,0.0,0.0,0.0,331.226,21860935,6.784,0.02,3.018,0.009,329.697,0.995,112.078,0.338,0.0,0.000
0,4294967295,199,47,Concat,Concat,dynamic,AI_VECTOR_CORE,1785698306375065.841	,39.961,0.000000,40,0,NO,"""64,16;64,32;64,64;64,128;64,256;64,512;64,1024;64,2048;64,4096;64,8192;64,16;64,32;64,64;64,128;64,256;64,512;64,1024;64,2048;64,4096;64,8192;64,16;64,32;64,64;64,128;64,256;64,512;64,1024;64,2048;64,4096;64,8192;64,16;64,32;64,64;64,128;64,256;64,512;64,1024;64,2048;64,4096;64,8192;64,16;64,32;64,64;64,128;64,256;64,512;64,1024;64,2048;64,4096;64,8192;64,16;64,32;64,64;64,128;64,256;64,512;64,1024;64,2048;64,4096;64,8192;64,16;64,32;64,64;64,128""",FLOAT16;FLOAT16;FLOAT16;FLOAT16;FLOAT16;FLOAT16;FLOAT16;FLOAT16;FLOAT16;FLOAT16;FLOAT16;FLOAT16;FLOAT16;FLOAT16;FLOAT16;FLOAT16;FLOAT16;FLOAT16;FLOAT16;FLOAT16;FLOAT16;FLOAT16;FLOAT16;FLOAT16;FLOAT16;FLOAT16;FLOAT16;FLOAT16;FLOAT16;FLOAT16;FLOAT16;FLOAT16;FLOAT16;FLOAT16;FLOAT16;FLOAT16;FLOAT16;FLOAT16;FLOAT16;FLOAT16;FLOAT16;FLOAT16;FLOAT16;FLOAT16;FLOAT16;FLOAT16;FLOAT16;FLOAT16;FLOAT16;FLOAT16;FLOAT16;FLOAT16;FLOAT16;FLOAT16;FLOAT16;FLOAT16;FLOAT16;FLOAT16;FLOAT16;FLOAT16;FLOAT16;FLOAT16;FLOAT16;FLOAT16,ND;ND;ND;ND;ND;ND;ND;ND;ND;ND;ND;ND;ND;ND;ND;ND;ND;ND;ND;ND;ND;ND;ND;ND;ND;ND;ND;ND;ND;ND;ND;ND;ND;ND;ND;ND;ND;ND;ND;ND;ND;ND;ND;ND;ND;ND;ND;ND;ND;ND;ND;ND;ND;ND;ND;ND;ND;ND;ND;ND;ND;ND;ND;ND,"""64,98448""",FLOAT16,ND,N/A,0.0,0,0.0,0.0,0.0,0.0,0.0,0.0,0.0,0.0,0.0,0.0,0.0,36.86,2432747,0.017,0.0,9.949,0.27,21.775,0.591,11.371,0.308,0.0,0.000
0,4294967295,200,47,aclnnMul_MulAiCore_Mul,Mul,dynamic,AI_VECTOR_CORE,1785698306375105.822	,332.987,0.039000,40,0,NO,"""4096,4096;4096,4096""",FLOAT;FLOAT,ND;ND,"""4096,4096""",FLOAT,ND,N/A,0.0,0,0.0,0.0,0.0,0.0,0.0,0.0,0.0,0.0,0.0,0.0,0.0,330.316,21800860,6.784,0.021,3.017,0.009,328.703,0.995,110.984,0.336,0.0,0.000
0,4294967295,201,47,Concat,Concat,dynamic,AI_VECTOR_CORE,1785698306375438.829	,41.721,0.013000,40,0,NO,"""64,16;64,32;64,64;64,128;64,256;64,512;64,1024;64,2048;64,4096;64,8192;64,16;64,32;64,64;64,128;64,256;64,512;64,1024;64,2048;64,4096;64,8192;64,16;64,32;64,64;64,128;64,256;64,512;64,1024;64,2048;64,4096;64,8192;64,16;64,32;64,64;64,128;64,256;64,512;64,1024;64,2048;64,4096;64,8192;64,16;64,32;64,64;64,128;64,256;64,512;64,1024;64,2048;64,4096;64,8192;64,16;64,32;64,64;64,128;64,256;64,512;64,1024;64,2048;64,4096;64,8192;64,16;64,32;64,64;64,128""",FLOAT16;FLOAT16;FLOAT16;FLOAT16;FLOAT16;FLOAT16;FLOAT16;FLOAT16;FLOAT16;FLOAT16;FLOAT16;FLOAT16;FLOAT16;FLOAT16;FLOAT16;FLOAT16;FLOAT16;FLOAT16;FLOAT16;FLOAT16;FLOAT16;FLOAT16;FLOAT16;FLOAT16;FLOAT16;FLOAT16;FLOAT16;FLOAT16;FLOAT16;FLOAT16;FLOAT16;FLOAT16;FLOAT16;FLOAT16;FLOAT16;FLOAT16;FLOAT16;FLOAT16;FLOAT16;FLOAT16;FLOAT16;FLOAT16;FLOAT16;FLOAT16;FLOAT16;FLOAT16;FLOAT16;FLOAT16;FLOAT16;FLOAT16;FLOAT16;FLOAT16;FLOAT16;FLOAT16;FLOAT16;FLOAT16;FLOAT16;FLOAT16;FLOAT16;FLOAT16;FLOAT16;FLOAT16;FLOAT16;FLOAT16,ND;ND;ND;ND;ND;ND;ND;ND;ND;ND;ND;ND;ND;ND;ND;ND;ND;ND;ND;ND;ND;ND;ND;ND;ND;ND;ND;ND;ND;ND;ND;ND;ND;ND;ND;ND;ND;ND;ND;ND;ND;ND;ND;ND;ND;ND;ND;ND;ND;ND;ND;ND;ND;ND;ND;ND;ND;ND;ND;ND;ND;ND;ND;ND,"""64,98448""",FLOAT16,ND,N/A,0.0,0,0.0,0.0,0.0,0.0,0.0,0.0,0.0,0.0,0.0,0.0,0.0,38.648,2550756,0.017,0.0,11.985,0.31,22.563,0.584,11.408,0.295,0.0,0.000
0,4294967295,202,47,aclnnMul_MulAiCore_Mul,Mul,dynamic,AI_VECTOR_CORE,1785698306375480.570	,334.726,0.029000,40,0,NO,"""4096,4096;4096,4096""",FLOAT;FLOAT,ND;ND,"""4096,4096""",FLOAT,ND,N/A,0.0,0,0.0,0.0,0.0,0.0,0.0,0.0,0.0,0.0,0.0,0.0,0.0,332.401,21938498,6.784,0.02,3.095,0.009,330.72,0.995,112.98,0.34,0.0,0.000
0,4294967295,203,47,Concat,Concat,dynamic,AI_VECTOR_CORE,1785698306375815.316	,40.641,0.024000,40,0,NO,"""64,16;64,32;64,64;64,128;64,256;64,512;64,1024;64,2048;64,4096;64,8192;64,16;64,32;64,64;64,128;64,256;64,512;64,1024;64,2048;64,4096;64,8192;64,16;64,32;64,64;64,128;64,256;64,512;64,1024;64,2048;64,4096;64,8192;64,16;64,32;64,64;64,128;64,256;64,512;64,1024;64,2048;64,4096;64,8192;64,16;64,32;64,64;64,128;64,256;64,512;64,1024;64,2048;64,4096;64,8192;64,16;64,32;64,64;64,128;64,256;64,512;64,1024;64,2048;64,4096;64,8192;64,16;64,32;64,64;64,128""",FLOAT16;FLOAT16;FLOAT16;FLOAT16;FLOAT16;FLOAT16;FLOAT16;FLOAT16;FLOAT16;FLOAT16;FLOAT16;FLOAT16;FLOAT16;FLOAT16;FLOAT16;FLOAT16;FLOAT16;FLOAT16;FLOAT16;FLOAT16;FLOAT16;FLOAT16;FLOAT16;FLOAT16;FLOAT16;FLOAT16;FLOAT16;FLOAT16;FLOAT16;FLOAT16;FLOAT16;FLOAT16;FLOAT16;FLOAT16;FLOAT16;FLOAT16;FLOAT16;FLOAT16;FLOAT16;FLOAT16;FLOAT16;FLOAT16;FLOAT16;FLOAT16;FLOAT16;FLOAT16;FLOAT16;FLOAT16;FLOAT16;FLOAT16;FLOAT16;FLOAT16;FLOAT16;FLOAT16;FLOAT16;FLOAT16;FLOAT16;FLOAT16;FLOAT16;FLOAT16;FLOAT16;FLOAT16;FLOAT16;FLOAT16,ND;ND;ND;ND;ND;ND;ND;ND;ND;ND;ND;ND;ND;ND;ND;ND;ND;ND;ND;ND;ND;ND;ND;ND;ND;ND;ND;ND;ND;ND;ND;ND;ND;ND;ND;ND;ND;ND;ND;ND;ND;ND;ND;ND;ND;ND;ND;ND;ND;ND;ND;ND;ND;ND;ND;ND;ND;ND;ND;ND;ND;ND;ND;ND,"""64,98448""",FLOAT16,ND,N/A,0.0,0,0.0,0.0,0.0,0.0,0.0,0.0,0.0,0.0,0.0,0.0,0.0,37.466,2472770,0.017,0.0,13.545,0.362,22.154,0.591,11.272,0.301,0.0,0.000
0,4294967295,204,47,aclnnMul_MulAiCore_Mul,Mul,dynamic,AI_VECTOR_CORE,1785698306375855.977	,332.867,0.109000,40,0,NO,"""4096,4096;4096,4096""",FLOAT;FLOAT,ND;ND,"""4096,4096""",FLOAT,ND,N/A,0.0,0,0.0,0.0,0.0,0.0,0.0,0.0,0.0,0.0,0.0,0.0,0.0,330.18,21791902,6.784,0.021,3.054,0.009,328.586,0.995,111.076,0.336,0.0,0.000
0,4294967295,205,47,Concat,Concat,dynamic,AI_VECTOR_CORE,1785698306376188.864	,39.381,0.000000,40,0,NO,"""64,16;64,32;64,64;64,128;64,256;64,512;64,1024;64,2048;64,4096;64,8192;64,16;64,32;64,64;64,128;64,256;64,512;64,1024;64,2048;64,4096;64,8192;64,16;64,32;64,64;64,128;64,256;64,512;64,1024;64,2048;64,4096;64,8192;64,16;64,32;64,64;64,128;64,256;64,512;64,1024;64,2048;64,4096;64,8192;64,16;64,32;64,64;64,128;64,256;64,512;64,1024;64,2048;64,4096;64,8192;64,16;64,32;64,64;64,128;64,256;64,512;64,1024;64,2048;64,4096;64,8192;64,16;64,32;64,64;64,128""",FLOAT16;FLOAT16;FLOAT16;FLOAT16;FLOAT16;FLOAT16;FLOAT16;FLOAT16;FLOAT16;FLOAT16;FLOAT16;FLOAT16;FLOAT16;FLOAT16;FLOAT16;FLOAT16;FLOAT16;FLOAT16;FLOAT16;FLOAT16;FLOAT16;FLOAT16;FLOAT16;FLOAT16;FLOAT16;FLOAT16;FLOAT16;FLOAT16;FLOAT16;FLOAT16;FLOAT16;FLOAT16;FLOAT16;FLOAT16;FLOAT16;FLOAT16;FLOAT16;FLOAT16;FLOAT16;FLOAT16;FLOAT16;FLOAT16;FLOAT16;FLOAT16;FLOAT16;FLOAT16;FLOAT16;FLOAT16;FLOAT16;FLOAT16;FLOAT16;FLOAT16;FLOAT16;FLOAT16;FLOAT16;FLOAT16;FLOAT16;FLOAT16;FLOAT16;FLOAT16;FLOAT16;FLOAT16;FLOAT16;FLOAT16,ND;ND;ND;ND;ND;ND;ND;ND;ND;ND;ND;ND;ND;ND;ND;ND;ND;ND;ND;ND;ND;ND;ND;ND;ND;ND;ND;ND;ND;ND;ND;ND;ND;ND;ND;ND;ND;ND;ND;ND;ND;ND;ND;ND;ND;ND;ND;ND;ND;ND;ND;ND;ND;ND;ND;ND;ND;ND;ND;ND;ND;ND;ND;ND,"""64,98448""",FLOAT16,ND,N/A,0.0,0,0.0,0.0,0.0,0.0,0.0,0.0,0.0,0.0,0.0,0.0,0.0,36.383,2401274,0.017,0.0,11.973,0.329,21.288,0.585,11.238,0.309,0.0,0.000
0,4294967295,206,47,aclnnMul_MulAiCore_Mul,Mul,dynamic,AI_VECTOR_CORE,1785698306376228.265	,334.746,0.119000,40,0,NO,"""4096,4096;4096,4096""",FLOAT;FLOAT,ND;ND,"""4096,4096""",FLOAT,ND,N/A,0.0,0,0.0,0.0,0.0,0.0,0.0,0.0,0.0,0.0,0.0,0.0,0.0,332.288,21930991,6.784,0.02,3.125,0.009,330.558,0.995,111.825,0.337,0.0,0.000
0,4294967295,207,47,Concat,Concat,dynamic,AI_VECTOR_CORE,1785698306376563.031	,39.061,0.004000,40,0,NO,"""64,16;64,32;64,64;64,128;64,256;64,512;64,1024;64,2048;64,4096;64,8192;64,16;64,32;64,64;64,128;64,256;64,512;64,1024;64,2048;64,4096;64,8192;64,16;64,32;64,64;64,128;64,256;64,512;64,1024;64,2048;64,4096;64,8192;64,16;64,32;64,64;64,128;64,256;64,512;64,1024;64,2048;64,4096;64,8192;64,16;64,32;64,64;64,128;64,256;64,512;64,1024;64,2048;64,4096;64,8192;64,16;64,32;64,64;64,128;64,256;64,512;64,1024;64,2048;64,4096;64,8192;64,16;64,32;64,64;64,128""",FLOAT16;FLOAT16;FLOAT16;FLOAT16;FLOAT16;FLOAT16;FLOAT16;FLOAT16;FLOAT16;FLOAT16;FLOAT16;FLOAT16;FLOAT16;FLOAT16;FLOAT16;FLOAT16;FLOAT16;FLOAT16;FLOAT16;FLOAT16;FLOAT16;FLOAT16;FLOAT16;FLOAT16;FLOAT16;FLOAT16;FLOAT16;FLOAT16;FLOAT16;FLOAT16;FLOAT16;FLOAT16;FLOAT16;FLOAT16;FLOAT16;FLOAT16;FLOAT16;FLOAT16;FLOAT16;FLOAT16;FLOAT16;FLOAT16;FLOAT16;FLOAT16;FLOAT16;FLOAT16;FLOAT16;FLOAT16;FLOAT16;FLOAT16;FLOAT16;FLOAT16;FLOAT16;FLOAT16;FLOAT16;FLOAT16;FLOAT16;FLOAT16;FLOAT16;FLOAT16;FLOAT16;FLOAT16;FLOAT16;FLOAT16,ND;ND;ND;ND;ND;ND;ND;ND;ND;ND;ND;ND;ND;ND;ND;ND;ND;ND;ND;ND;ND;ND;ND;ND;ND;ND;ND;ND;ND;ND;ND;ND;ND;ND;ND;ND;ND;ND;ND;ND;ND;ND;ND;ND;ND;ND;ND;ND;ND;ND;ND;ND;ND;ND;ND;ND;ND;ND;ND;ND;ND;ND;ND;ND,"""64,98448""",FLOAT16,ND,N/A,0.0,0,0.0,0.0,0.0,0.0,0.0,0.0,0.0,0.0,0.0,0.0,0.0,35.868,2367262,0.017,0.0,10.711,0.299,21.426,0.597,10.762,0.3,0.0,0.000
0,4294967295,208,47,aclnnMul_MulAiCore_Mul,Mul,dynamic,AI_VECTOR_CORE,1785698306376602.112	,334.247,0.000000,40,0,NO,"""4096,4096;4096,4096""",FLOAT;FLOAT,ND;ND,"""4096,4096""",FLOAT,ND,N/A,0.0,0,0.0,0.0,0.0,0.0,0.0,0.0,0.0,0.0,0.0,0.0,0.0,331.909,21905981,6.784,0.02,3.045,0.009,330.277,0.995,114.013,0.344,0.0,0.000
0,4294967295,209,47,Concat,Concat,dynamic,AI_VECTOR_CORE,1785698306376936.379	,41.741,0.253000,40,0,NO,"""64,16;64,32;64,64;64,128;64,256;64,512;64,1024;64,2048;64,4096;64,8192;64,16;64,32;64,64;64,128;64,256;64,512;64,1024;64,2048;64,4096;64,8192;64,16;64,32;64,64;64,128;64,256;64,512;64,1024;64,2048;64,4096;64,8192;64,16;64,32;64,64;64,128;64,256;64,512;64,1024;64,2048;64,4096;64,8192;64,16;64,32;64,64;64,128;64,256;64,512;64,1024;64,2048;64,4096;64,8192;64,16;64,32;64,64;64,128;64,256;64,512;64,1024;64,2048;64,4096;64,8192;64,16;64,32;64,64;64,128""",FLOAT16;FLOAT16;FLOAT16;FLOAT16;FLOAT16;FLOAT16;FLOAT16;FLOAT16;FLOAT16;FLOAT16;FLOAT16;FLOAT16;FLOAT16;FLOAT16;FLOAT16;FLOAT16;FLOAT16;FLOAT16;FLOAT16;FLOAT16;FLOAT16;FLOAT16;FLOAT16;FLOAT16;FLOAT16;FLOAT16;FLOAT16;FLOAT16;FLOAT16;FLOAT16;FLOAT16;FLOAT16;FLOAT16;FLOAT16;FLOAT16;FLOAT16;FLOAT16;FLOAT16;FLOAT16;FLOAT16;FLOAT16;FLOAT16;FLOAT16;FLOAT16;FLOAT16;FLOAT16;FLOAT16;FLOAT16;FLOAT16;FLOAT16;FLOAT16;FLOAT16;FLOAT16;FLOAT16;FLOAT16;FLOAT16;FLOAT16;FLOAT16;FLOAT16;FLOAT16;FLOAT16;FLOAT16;FLOAT16;FLOAT16,ND;ND;ND;ND;ND;ND;ND;ND;ND;ND;ND;ND;ND;ND;ND;ND;ND;ND;ND;ND;ND;ND;ND;ND;ND;ND;ND;ND;ND;ND;ND;ND;ND;ND;ND;ND;ND;ND;ND;ND;ND;ND;ND;ND;ND;ND;ND;ND;ND;ND;ND;ND;ND;ND;ND;ND;ND;ND;ND;ND;ND;ND;ND;ND,"""64,98448""",FLOAT16,ND,N/A,0.0,0,0.0,0.0,0.0,0.0,0.0,0.0,0.0,0.0,0.0,0.0,0.0,37.933,2503559,0.017,0.0,7.838,0.207,22.32,0.588,11.985,0.316,0.0,0.000
0,4294967295,210,47,aclnnMul_MulAiCore_Mul,Mul,dynamic,AI_VECTOR_CORE,1785698306376978.140	,334.526,0.009000,40,0,NO,"""4096,4096;4096,4096""",FLOAT;FLOAT,ND;ND,"""4096,4096""",FLOAT,ND,N/A,0.0,0,0.0,0.0,0.0,0.0,0.0,0.0,0.0,0.0,0.0,0.0,0.0,331.937,21907869,6.784,0.02,2.922,0.009,330.438,0.995,112.962,0.34,0.0,0.000
0,4294967295,211,47,Concat,Concat,dynamic,AI_VECTOR_CORE,1785698306377312.686	,40.401,0.000000,40,0,NO,"""64,16;64,32;64,64;64,128;64,256;64,512;64,1024;64,2048;64,4096;64,8192;64,16;64,32;64,64;64,128;64,256;64,512;64,1024;64,2048;64,4096;64,8192;64,16;64,32;64,64;64,128;64,256;64,512;64,1024;64,2048;64,4096;64,8192;64,16;64,32;64,64;64,128;64,256;64,512;64,1024;64,2048;64,4096;64,8192;64,16;64,32;64,64;64,128;64,256;64,512;64,1024;64,2048;64,4096;64,8192;64,16;64,32;64,64;64,128;64,256;64,512;64,1024;64,2048;64,4096;64,8192;64,16;64,32;64,64;64,128""",FLOAT16;FLOAT16;FLOAT16;FLOAT16;FLOAT16;FLOAT16;FLOAT16;FLOAT16;FLOAT16;FLOAT16;FLOAT16;FLOAT16;FLOAT16;FLOAT16;FLOAT16;FLOAT16;FLOAT16;FLOAT16;FLOAT16;FLOAT16;FLOAT16;FLOAT16;FLOAT16;FLOAT16;FLOAT16;FLOAT16;FLOAT16;FLOAT16;FLOAT16;FLOAT16;FLOAT16;FLOAT16;FLOAT16;FLOAT16;FLOAT16;FLOAT16;FLOAT16;FLOAT16;FLOAT16;FLOAT16;FLOAT16;FLOAT16;FLOAT16;FLOAT16;FLOAT16;FLOAT16;FLOAT16;FLOAT16;FLOAT16;FLOAT16;FLOAT16;FLOAT16;FLOAT16;FLOAT16;FLOAT16;FLOAT16;FLOAT16;FLOAT16;FLOAT16;FLOAT16;FLOAT16;FLOAT16;FLOAT16;FLOAT16,ND;ND;ND;ND;ND;ND;ND;ND;ND;ND;ND;ND;ND;ND;ND;ND;ND;ND;ND;ND;ND;ND;ND;ND;ND;ND;ND;ND;ND;ND;ND;ND;ND;ND;ND;ND;ND;ND;ND;ND;ND;ND;ND;ND;ND;ND;ND;ND;ND;ND;ND;ND;ND;ND;ND;ND;ND;ND;ND;ND;ND;ND;ND;ND,"""64,98448""",FLOAT16,ND,N/A,0.0,0,0.0,0.0,0.0,0.0,0.0,0.0,0.0,0.0,0.0,0.0,0.0,37.505,2475308,0.017,0.0,7.79,0.208,22.523,0.601,11.4,0.304,0.0,0.000
0,4294967295,212,47,aclnnMul_MulAiCore_Mul,Mul,dynamic,AI_VECTOR_CORE,1785698306377353.107	,332.227,0.000000,40,0,NO,"""4096,4096;4096,4096""",FLOAT;FLOAT,ND;ND,"""4096,4096""",FLOAT,ND,N/A,0.0,0,0.0,0.0,0.0,0.0,0.0,0.0,0.0,0.0,0.0,0.0,0.0,330.377,21804893,6.784,0.021,3.059,0.009,328.808,0.995,111.361,0.337,0.0,0.000
0,4294967295,213,47,Concat,Concat,dynamic,AI_VECTOR_CORE,1785698306377685.354	,39.640,0.023000,40,0,NO,"""64,16;64,32;64,64;64,128;64,256;64,512;64,1024;64,2048;64,4096;64,8192;64,16;64,32;64,64;64,128;64,256;64,512;64,1024;64,2048;64,4096;64,8192;64,16;64,32;64,64;64,128;64,256;64,512;64,1024;64,2048;64,4096;64,8192;64,16;64,32;64,64;64,128;64,256;64,512;64,1024;64,2048;64,4096;64,8192;64,16;64,32;64,64;64,128;64,256;64,512;64,1024;64,2048;64,4096;64,8192;64,16;64,32;64,64;64,128;64,256;64,512;64,1024;64,2048;64,4096;64,8192;64,16;64,32;64,64;64,128""",FLOAT16;FLOAT16;FLOAT16;FLOAT16;FLOAT16;FLOAT16;FLOAT16;FLOAT16;FLOAT16;FLOAT16;FLOAT16;FLOAT16;FLOAT16;FLOAT16;FLOAT16;FLOAT16;FLOAT16;FLOAT16;FLOAT16;FLOAT16;FLOAT16;FLOAT16;FLOAT16;FLOAT16;FLOAT16;FLOAT16;FLOAT16;FLOAT16;FLOAT16;FLOAT16;FLOAT16;FLOAT16;FLOAT16;FLOAT16;FLOAT16;FLOAT16;FLOAT16;FLOAT16;FLOAT16;FLOAT16;FLOAT16;FLOAT16;FLOAT16;FLOAT16;FLOAT16;FLOAT16;FLOAT16;FLOAT16;FLOAT16;FLOAT16;FLOAT16;FLOAT16;FLOAT16;FLOAT16;FLOAT16;FLOAT16;FLOAT16;FLOAT16;FLOAT16;FLOAT16;FLOAT16;FLOAT16;FLOAT16;FLOAT16,ND;ND;ND;ND;ND;ND;ND;ND;ND;ND;ND;ND;ND;ND;ND;ND;ND;ND;ND;ND;ND;ND;ND;ND;ND;ND;ND;ND;ND;ND;ND;ND;ND;ND;ND;ND;ND;ND;ND;ND;ND;ND;ND;ND;ND;ND;ND;ND;ND;ND;ND;ND;ND;ND;ND;ND;ND;ND;ND;ND;ND;ND;ND;ND,"""64,98448""",FLOAT16,ND,N/A,0.0,0,0.0,0.0,0.0,0.0,0.0,0.0,0.0,0.0,0.0,0.0,0.0,36.687,2421322,0.017,0.0,8.399,0.229,21.927,0.598,11.175,0.305,0.0,0.000
0,4294967295,214,47,aclnnMul_MulAiCore_Mul,Mul,dynamic,AI_VECTOR_CORE,1785698306377725.014	,333.547,0.110000,40,0,NO,"""4096,4096;4096,4096""",FLOAT;FLOAT,ND;ND,"""4096,4096""",FLOAT,ND,N/A,0.0,0,0.0,0.0,0.0,0.0,0.0,0.0,0.0,0.0,0.0,0.0,0.0,331.236,21861587,6.784,0.02,2.916,0.009,329.789,0.996,110.489,0.334,0.0,0.000
0,4294967295,215,47,Concat,Concat,dynamic,AI_VECTOR_CORE,1785698306378058.601	,39.801,0.000000,40,0,NO,"""64,16;64,32;64,64;64,128;64,256;64,512;64,1024;64,2048;64,4096;64,8192;64,16;64,32;64,64;64,128;64,256;64,512;64,1024;64,2048;64,4096;64,8192;64,16;64,32;64,64;64,128;64,256;64,512;64,1024;64,2048;64,4096;64,8192;64,16;64,32;64,64;64,128;64,256;64,512;64,1024;64,2048;64,4096;64,8192;64,16;64,32;64,64;64,128;64,256;64,512;64,1024;64,2048;64,4096;64,8192;64,16;64,32;64,64;64,128;64,256;64,512;64,1024;64,2048;64,4096;64,8192;64,16;64,32;64,64;64,128""",FLOAT16;FLOAT16;FLOAT16;FLOAT16;FLOAT16;FLOAT16;FLOAT16;FLOAT16;FLOAT16;FLOAT16;FLOAT16;FLOAT16;FLOAT16;FLOAT16;FLOAT16;FLOAT16;FLOAT16;FLOAT16;FLOAT16;FLOAT16;FLOAT16;FLOAT16;FLOAT16;FLOAT16;FLOAT16;FLOAT16;FLOAT16;FLOAT16;FLOAT16;FLOAT16;FLOAT16;FLOAT16;FLOAT16;FLOAT16;FLOAT16;FLOAT16;FLOAT16;FLOAT16;FLOAT16;FLOAT16;FLOAT16;FLOAT16;FLOAT16;FLOAT16;FLOAT16;FLOAT16;FLOAT16;FLOAT16;FLOAT16;FLOAT16;FLOAT16;FLOAT16;FLOAT16;FLOAT16;FLOAT16;FLOAT16;FLOAT16;FLOAT16;FLOAT16;FLOAT16;FLOAT16;FLOAT16;FLOAT16;FLOAT16,ND;ND;ND;ND;ND;ND;ND;ND;ND;ND;ND;ND;ND;ND;ND;ND;ND;ND;ND;ND;ND;ND;ND;ND;ND;ND;ND;ND;ND;ND;ND;ND;ND;ND;ND;ND;ND;ND;ND;ND;ND;ND;ND;ND;ND;ND;ND;ND;ND;ND;ND;ND;ND;ND;ND;ND;ND;ND;ND;ND;ND;ND;ND;ND,"""64,98448""",FLOAT16,ND,N/A,0.0,0,0.0,0.0,0.0,0.0,0.0,0.0,0.0,0.0,0.0,0.0,0.0,36.917,2436498,0.017,0.0,10.617,0.288,21.552,0.584,11.73,0.318,0.0,0.000
0,4294967295,216,47,aclnnMul_MulAiCore_Mul,Mul,dynamic,AI_VECTOR_CORE,1785698306378098.422	,333.107,0.199000,40,0,NO,"""4096,4096;4096,4096""",FLOAT;FLOAT,ND;ND,"""4096,4096""",FLOAT,ND,N/A,0.0,0,0.0,0.0,0.0,0.0,0.0,0.0,0.0,0.0,0.0,0.0,0.0,331.049,21849221,6.784,0.02,3.091,0.009,329.427,0.995,111.733,0.338,0.0,0.000
0,4294967295,217,47,Concat,Concat,dynamic,AI_VECTOR_CORE,1785698306378431.549	,40.940,0.000000,40,0,NO,"""64,16;64,32;64,64;64,128;64,256;64,512;64,1024;64,2048;64,4096;64,8192;64,16;64,32;64,64;64,128;64,256;64,512;64,1024;64,2048;64,4096;64,8192;64,16;64,32;64,64;64,128;64,256;64,512;64,1024;64,2048;64,4096;64,8192;64,16;64,32;64,64;64,128;64,256;64,512;64,1024;64,2048;64,4096;64,8192;64,16;64,32;64,64;64,128;64,256;64,512;64,1024;64,2048;64,4096;64,8192;64,16;64,32;64,64;64,128;64,256;64,512;64,1024;64,2048;64,4096;64,8192;64,16;64,32;64,64;64,128""",FLOAT16;FLOAT16;FLOAT16;FLOAT16;FLOAT16;FLOAT16;FLOAT16;FLOAT16;FLOAT16;FLOAT16;FLOAT16;FLOAT16;FLOAT16;FLOAT16;FLOAT16;FLOAT16;FLOAT16;FLOAT16;FLOAT16;FLOAT16;FLOAT16;FLOAT16;FLOAT16;FLOAT16;FLOAT16;FLOAT16;FLOAT16;FLOAT16;FLOAT16;FLOAT16;FLOAT16;FLOAT16;FLOAT16;FLOAT16;FLOAT16;FLOAT16;FLOAT16;FLOAT16;FLOAT16;FLOAT16;FLOAT16;FLOAT16;FLOAT16;FLOAT16;FLOAT16;FLOAT16;FLOAT16;FLOAT16;FLOAT16;FLOAT16;FLOAT16;FLOAT16;FLOAT16;FLOAT16;FLOAT16;FLOAT16;FLOAT16;FLOAT16;FLOAT16;FLOAT16;FLOAT16;FLOAT16;FLOAT16;FLOAT16,ND;ND;ND;ND;ND;ND;ND;ND;ND;ND;ND;ND;ND;ND;ND;ND;ND;ND;ND;ND;ND;ND;ND;ND;ND;ND;ND;ND;ND;ND;ND;ND;ND;ND;ND;ND;ND;ND;ND;ND;ND;ND;ND;ND;ND;ND;ND;ND;ND;ND;ND;ND;ND;ND;ND;ND;ND;ND;ND;ND;ND;ND;ND;ND,"""64,98448""",FLOAT16,ND,N/A,0.0,0,0.0,0.0,0.0,0.0,0.0,0.0,0.0,0.0,0.0,0.0,0.0,38.211,2521929,0.017,0.0,10.709,0.28,22.608,0.592,11.459,0.3,0.0,0.000
0,4294967295,218,47,aclnnMul_MulAiCore_Mul,Mul,dynamic,AI_VECTOR_CORE,1785698306378472.529	,333.107,0.060000,40,0,NO,"""4096,4096;4096,4096""",FLOAT;FLOAT,ND;ND,"""4096,4096""",FLOAT,ND,N/A,0.0,0,0.0,0.0,0.0,0.0,0.0,0.0,0.0,0.0,0.0,0.0,0.0,330.723,21827750,6.784,0.021,3.18,0.01,329.008,0.995,111.007,0.336,0.0,0.000
0,4294967295,219,47,Concat,Concat,dynamic,AI_VECTOR_CORE,1785698306378805.676	,40.921,0.143000,40,0,NO,"""64,16;64,32;64,64;64,128;64,256;64,512;64,1024;64,2048;64,4096;64,8192;64,16;64,32;64,64;64,128;64,256;64,512;64,1024;64,2048;64,4096;64,8192;64,16;64,32;64,64;64,128;64,256;64,512;64,1024;64,2048;64,4096;64,8192;64,16;64,32;64,64;64,128;64,256;64,512;64,1024;64,2048;64,4096;64,8192;64,16;64,32;64,64;64,128;64,256;64,512;64,1024;64,2048;64,4096;64,8192;64,16;64,32;64,64;64,128;64,256;64,512;64,1024;64,2048;64,4096;64,8192;64,16;64,32;64,64;64,128""",FLOAT16;FLOAT16;FLOAT16;FLOAT16;FLOAT16;FLOAT16;FLOAT16;FLOAT16;FLOAT16;FLOAT16;FLOAT16;FLOAT16;FLOAT16;FLOAT16;FLOAT16;FLOAT16;FLOAT16;FLOAT16;FLOAT16;FLOAT16;FLOAT16;FLOAT16;FLOAT16;FLOAT16;FLOAT16;FLOAT16;FLOAT16;FLOAT16;FLOAT16;FLOAT16;FLOAT16;FLOAT16;FLOAT16;FLOAT16;FLOAT16;FLOAT16;FLOAT16;FLOAT16;FLOAT16;FLOAT16;FLOAT16;FLOAT16;FLOAT16;FLOAT16;FLOAT16;FLOAT16;FLOAT16;FLOAT16;FLOAT16;FLOAT16;FLOAT16;FLOAT16;FLOAT16;FLOAT16;FLOAT16;FLOAT16;FLOAT16;FLOAT16;FLOAT16;FLOAT16;FLOAT16;FLOAT16;FLOAT16;FLOAT16,ND;ND;ND;ND;ND;ND;ND;ND;ND;ND;ND;ND;ND;ND;ND;ND;ND;ND;ND;ND;ND;ND;ND;ND;ND;ND;ND;ND;ND;ND;ND;ND;ND;ND;ND;ND;ND;ND;ND;ND;ND;ND;ND;ND;ND;ND;ND;ND;ND;ND;ND;ND;ND;ND;ND;ND;ND;ND;ND;ND;ND;ND;ND;ND,"""64,98448""",FLOAT16,ND,N/A,0.0,0,0.0,0.0,0.0,0.0,0.0,0.0,0.0,0.0,0.0,0.0,0.0,37.153,2452079,0.017,0.0,14.357,0.386,21.626,0.582,11.338,0.305,0.0,0.000
0,4294967295,220,47,aclnnMul_MulAiCore_Mul,Mul,dynamic,AI_VECTOR_CORE,1785698306378846.617	,332.827,0.000000,40,0,NO,"""4096,4096;4096,4096""",FLOAT;FLOAT,ND;ND,"""4096,4096""",FLOAT,ND,N/A,0.0,0,0.0,0.0,0.0,0.0,0.0,0.0,0.0,0.0,0.0,0.0,0.0,330.538,21815514,6.784,0.021,3.128,0.009,328.869,0.995,110.7,0.335,0.0,0.000
0,4294967295,221,47,Concat,Concat,dynamic,AI_VECTOR_CORE,1785698306379179.484	,39.240,0.173000,40,0,NO,"""64,16;64,32;64,64;64,128;64,256;64,512;64,1024;64,2048;64,4096;64,8192;64,16;64,32;64,64;64,128;64,256;64,512;64,1024;64,2048;64,4096;64,8192;64,16;64,32;64,64;64,128;64,256;64,512;64,1024;64,2048;64,4096;64,8192;64,16;64,32;64,64;64,128;64,256;64,512;64,1024;64,2048;64,4096;64,8192;64,16;64,32;64,64;64,128;64,256;64,512;64,1024;64,2048;64,4096;64,8192;64,16;64,32;64,64;64,128;64,256;64,512;64,1024;64,2048;64,4096;64,8192;64,16;64,32;64,64;64,128""",FLOAT16;FLOAT16;FLOAT16;FLOAT16;FLOAT16;FLOAT16;FLOAT16;FLOAT16;FLOAT16;FLOAT16;FLOAT16;FLOAT16;FLOAT16;FLOAT16;FLOAT16;FLOAT16;FLOAT16;FLOAT16;FLOAT16;FLOAT16;FLOAT16;FLOAT16;FLOAT16;FLOAT16;FLOAT16;FLOAT16;FLOAT16;FLOAT16;FLOAT16;FLOAT16;FLOAT16;FLOAT16;FLOAT16;FLOAT16;FLOAT16;FLOAT16;FLOAT16;FLOAT16;FLOAT16;FLOAT16;FLOAT16;FLOAT16;FLOAT16;FLOAT16;FLOAT16;FLOAT16;FLOAT16;FLOAT16;FLOAT16;FLOAT16;FLOAT16;FLOAT16;FLOAT16;FLOAT16;FLOAT16;FLOAT16;FLOAT16;FLOAT16;FLOAT16;FLOAT16;FLOAT16;FLOAT16;FLOAT16;FLOAT16,ND;ND;ND;ND;ND;ND;ND;ND;ND;ND;ND;ND;ND;ND;ND;ND;ND;ND;ND;ND;ND;ND;ND;ND;ND;ND;ND;ND;ND;ND;ND;ND;ND;ND;ND;ND;ND;ND;ND;ND;ND;ND;ND;ND;ND;ND;ND;ND;ND;ND;ND;ND;ND;ND;ND;ND;ND;ND;ND;ND;ND;ND;ND;ND,"""64,98448""",FLOAT16,ND,N/A,0.0,0,0.0,0.0,0.0,0.0,0.0,0.0,0.0,0.0,0.0,0.0,0.0,36.291,2395202,0.017,0.0,12.476,0.344,21.294,0.587,11.209,0.309,0.0,0.000
0,4294967295,222,47,aclnnMul_MulAiCore_Mul,Mul,dynamic,AI_VECTOR_CORE,1785698306379218.744	,333.687,0.010000,40,0,NO,"""4096,4096;4096,4096""",FLOAT;FLOAT,ND;ND,"""4096,4096""",FLOAT,ND,N/A,0.0,0,0.0,0.0,0.0,0.0,0.0,0.0,0.0,0.0,0.0,0.0,0.0,331.339,21868375,6.784,0.02,3.019,0.009,329.727,0.995,111.212,0.336,0.0,0.000
0,4294967295,223,47,Concat,Concat,dynamic,AI_VECTOR_CORE,1785698306379552.471	,39.881,0.063000,40,0,NO,"""64,16;64,32;64,64;64,128;64,256;64,512;64,1024;64,2048;64,4096;64,8192;64,16;64,32;64,64;64,128;64,256;64,512;64,1024;64,2048;64,4096;64,8192;64,16;64,32;64,64;64,128;64,256;64,512;64,1024;64,2048;64,4096;64,8192;64,16;64,32;64,64;64,128;64,256;64,512;64,1024;64,2048;64,4096;64,8192;64,16;64,32;64,64;64,128;64,256;64,512;64,1024;64,2048;64,4096;64,8192;64,16;64,32;64,64;64,128;64,256;64,512;64,1024;64,2048;64,4096;64,8192;64,16;64,32;64,64;64,128""",FLOAT16;FLOAT16;FLOAT16;FLOAT16;FLOAT16;FLOAT16;FLOAT16;FLOAT16;FLOAT16;FLOAT16;FLOAT16;FLOAT16;FLOAT16;FLOAT16;FLOAT16;FLOAT16;FLOAT16;FLOAT16;FLOAT16;FLOAT16;FLOAT16;FLOAT16;FLOAT16;FLOAT16;FLOAT16;FLOAT16;FLOAT16;FLOAT16;FLOAT16;FLOAT16;FLOAT16;FLOAT16;FLOAT16;FLOAT16;FLOAT16;FLOAT16;FLOAT16;FLOAT16;FLOAT16;FLOAT16;FLOAT16;FLOAT16;FLOAT16;FLOAT16;FLOAT16;FLOAT16;FLOAT16;FLOAT16;FLOAT16;FLOAT16;FLOAT16;FLOAT16;FLOAT16;FLOAT16;FLOAT16;FLOAT16;FLOAT16;FLOAT16;FLOAT16;FLOAT16;FLOAT16;FLOAT16;FLOAT16;FLOAT16,ND;ND;ND;ND;ND;ND;ND;ND;ND;ND;ND;ND;ND;ND;ND;ND;ND;ND;ND;ND;ND;ND;ND;ND;ND;ND;ND;ND;ND;ND;ND;ND;ND;ND;ND;ND;ND;ND;ND;ND;ND;ND;ND;ND;ND;ND;ND;ND;ND;ND;ND;ND;ND;ND;ND;ND;ND;ND;ND;ND;ND;ND;ND;ND,"""64,98448""",FLOAT16,ND,N/A,0.0,0,0.0,0.0,0.0,0.0,0.0,0.0,0.0,0.0,0.0,0.0,0.0,35.727,2357951,0.017,0.0,12.908,0.361,21.212,0.594,10.444,0.292,0.0,0.000
0,4294967295,224,47,aclnnMul_MulAiCore_Mul,Mul,dynamic,AI_VECTOR_CORE,1785698306379592.372	,333.526,0.000000,40,0,NO,"""4096,4096;4096,4096""",FLOAT;FLOAT,ND;ND,"""4096,4096""",FLOAT,ND,N/A,0.0,0,0.0,0.0,0.0,0.0,0.0,0.0,0.0,0.0,0.0,0.0,0.0,330.994,21845616,6.784,0.02,3.014,0.009,329.387,0.995,112.091,0.339,0.0,0.000
0,4294967295,225,47,Concat,Concat,dynamic,AI_VECTOR_CORE,1785698306379925.938	,41.261,0.224000,40,0,NO,"""64,16;64,32;64,64;64,128;64,256;64,512;64,1024;64,2048;64,4096;64,8192;64,16;64,32;64,64;64,128;64,256;64,512;64,1024;64,2048;64,4096;64,8192;64,16;64,32;64,64;64,128;64,256;64,512;64,1024;64,2048;64,4096;64,8192;64,16;64,32;64,64;64,128;64,256;64,512;64,1024;64,2048;64,4096;64,8192;64,16;64,32;64,64;64,128;64,256;64,512;64,1024;64,2048;64,4096;64,8192;64,16;64,32;64,64;64,128;64,256;64,512;64,1024;64,2048;64,4096;64,8192;64,16;64,32;64,64;64,128""",FLOAT16;FLOAT16;FLOAT16;FLOAT16;FLOAT16;FLOAT16;FLOAT16;FLOAT16;FLOAT16;FLOAT16;FLOAT16;FLOAT16;FLOAT16;FLOAT16;FLOAT16;FLOAT16;FLOAT16;FLOAT16;FLOAT16;FLOAT16;FLOAT16;FLOAT16;FLOAT16;FLOAT16;FLOAT16;FLOAT16;FLOAT16;FLOAT16;FLOAT16;FLOAT16;FLOAT16;FLOAT16;FLOAT16;FLOAT16;FLOAT16;FLOAT16;FLOAT16;FLOAT16;FLOAT16;FLOAT16;FLOAT16;FLOAT16;FLOAT16;FLOAT16;FLOAT16;FLOAT16;FLOAT16;FLOAT16;FLOAT16;FLOAT16;FLOAT16;FLOAT16;FLOAT16;FLOAT16;FLOAT16;FLOAT16;FLOAT16;FLOAT16;FLOAT16;FLOAT16;FLOAT16;FLOAT16;FLOAT16;FLOAT16,ND;ND;ND;ND;ND;ND;ND;ND;ND;ND;ND;ND;ND;ND;ND;ND;ND;ND;ND;ND;ND;ND;ND;ND;ND;ND;ND;ND;ND;ND;ND;ND;ND;ND;ND;ND;ND;ND;ND;ND;ND;ND;ND;ND;ND;ND;ND;ND;ND;ND;ND;ND;ND;ND;ND;ND;ND;ND;ND;ND;ND;ND;ND;ND,"""64,98448""",FLOAT16,ND,N/A,0.0,0,0.0,0.0,0.0,0.0,0.0,0.0,0.0,0.0,0.0,0.0,0.0,38.168,2519096,0.017,0.0,6.749,0.177,22.594,0.592,12.062,0.316,0.0,0.000
0,4294967295,226,47,aclnnMul_MulAiCore_Mul,Mul,dynamic,AI_VECTOR_CORE,1785698306379967.219	,333.747,0.000000,40,0,NO,"""4096,4096;4096,4096""",FLOAT;FLOAT,ND;ND,"""4096,4096""",FLOAT,ND,N/A,0.0,0,0.0,0.0,0.0,0.0,0.0,0.0,0.0,0.0,0.0,0.0,0.0,331.397,21872231,6.784,0.02,2.955,0.009,329.854,0.995,112.643,0.34,0.0,0.000
0,4294967295,227,47,Concat,Concat,dynamic,AI_VECTOR_CORE,1785698306380300.986	,40.361,0.003000,40,0,NO,"""64,16;64,32;64,64;64,128;64,256;64,512;64,1024;64,2048;64,4096;64,8192;64,16;64,32;64,64;64,128;64,256;64,512;64,1024;64,2048;64,4096;64,8192;64,16;64,32;64,64;64,128;64,256;64,512;64,1024;64,2048;64,4096;64,8192;64,16;64,32;64,64;64,128;64,256;64,512;64,1024;64,2048;64,4096;64,8192;64,16;64,32;64,64;64,128;64,256;64,512;64,1024;64,2048;64,4096;64,8192;64,16;64,32;64,64;64,128;64,256;64,512;64,1024;64,2048;64,4096;64,8192;64,16;64,32;64,64;64,128""",FLOAT16;FLOAT16;FLOAT16;FLOAT16;FLOAT16;FLOAT16;FLOAT16;FLOAT16;FLOAT16;FLOAT16;FLOAT16;FLOAT16;FLOAT16;FLOAT16;FLOAT16;FLOAT16;FLOAT16;FLOAT16;FLOAT16;FLOAT16;FLOAT16;FLOAT16;FLOAT16;FLOAT16;FLOAT16;FLOAT16;FLOAT16;FLOAT16;FLOAT16;FLOAT16;FLOAT16;FLOAT16;FLOAT16;FLOAT16;FLOAT16;FLOAT16;FLOAT16;FLOAT16;FLOAT16;FLOAT16;FLOAT16;FLOAT16;FLOAT16;FLOAT16;FLOAT16;FLOAT16;FLOAT16;FLOAT16;FLOAT16;FLOAT16;FLOAT16;FLOAT16;FLOAT16;FLOAT16;FLOAT16;FLOAT16;FLOAT16;FLOAT16;FLOAT16;FLOAT16;FLOAT16;FLOAT16;FLOAT16;FLOAT16,ND;ND;ND;ND;ND;ND;ND;ND;ND;ND;ND;ND;ND;ND;ND;ND;ND;ND;ND;ND;ND;ND;ND;ND;ND;ND;ND;ND;ND;ND;ND;ND;ND;ND;ND;ND;ND;ND;ND;ND;ND;ND;ND;ND;ND;ND;ND;ND;ND;ND;ND;ND;ND;ND;ND;ND;ND;ND;ND;ND;ND;ND;ND;ND,"""64,98448""",FLOAT16,ND,N/A,0.0,0,0.0,0.0,0.0,0.0,0.0,0.0,0.0,0.0,0.0,0.0,0.0,36.733,2424378,0.017,0.0,8.354,0.227,21.745,0.592,11.396,0.31,0.0,0.000
0,4294967295,228,47,aclnnMul_MulAiCore_Mul,Mul,dynamic,AI_VECTOR_CORE,1785698306380341.367	,333.246,0.000000,40,0,NO,"""4096,4096;4096,4096""",FLOAT;FLOAT,ND;ND,"""4096,4096""",FLOAT,ND,N/A,0.0,0,0.0,0.0,0.0,0.0,0.0,0.0,0.0,0.0,0.0,0.0,0.0,331.242,21861985,6.784,0.02,3.024,0.009,329.718,0.995,111.277,0.336,0.0,0.000
0,4294967295,229,47,Concat,Concat,dynamic,AI_VECTOR_CORE,1785698306380674.653	,40.161,0.254000,40,0,NO,"""64,16;64,32;64,64;64,128;64,256;64,512;64,1024;64,2048;64,4096;64,8192;64,16;64,32;64,64;64,128;64,256;64,512;64,1024;64,2048;64,4096;64,8192;64,16;64,32;64,64;64,128;64,256;64,512;64,1024;64,2048;64,4096;64,8192;64,16;64,32;64,64;64,128;64,256;64,512;64,1024;64,2048;64,4096;64,8192;64,16;64,32;64,64;64,128;64,256;64,512;64,1024;64,2048;64,4096;64,8192;64,16;64,32;64,64;64,128;64,256;64,512;64,1024;64,2048;64,4096;64,8192;64,16;64,32;64,64;64,128""",FLOAT16;FLOAT16;FLOAT16;FLOAT16;FLOAT16;FLOAT16;FLOAT16;FLOAT16;FLOAT16;FLOAT16;FLOAT16;FLOAT16;FLOAT16;FLOAT16;FLOAT16;FLOAT16;FLOAT16;FLOAT16;FLOAT16;FLOAT16;FLOAT16;FLOAT16;FLOAT16;FLOAT16;FLOAT16;FLOAT16;FLOAT16;FLOAT16;FLOAT16;FLOAT16;FLOAT16;FLOAT16;FLOAT16;FLOAT16;FLOAT16;FLOAT16;FLOAT16;FLOAT16;FLOAT16;FLOAT16;FLOAT16;FLOAT16;FLOAT16;FLOAT16;FLOAT16;FLOAT16;FLOAT16;FLOAT16;FLOAT16;FLOAT16;FLOAT16;FLOAT16;FLOAT16;FLOAT16;FLOAT16;FLOAT16;FLOAT16;FLOAT16;FLOAT16;FLOAT16;FLOAT16;FLOAT16;FLOAT16;FLOAT16,ND;ND;ND;ND;ND;ND;ND;ND;ND;ND;ND;ND;ND;ND;ND;ND;ND;ND;ND;ND;ND;ND;ND;ND;ND;ND;ND;ND;ND;ND;ND;ND;ND;ND;ND;ND;ND;ND;ND;ND;ND;ND;ND;ND;ND;ND;ND;ND;ND;ND;ND;ND;ND;ND;ND;ND;ND;ND;ND;ND;ND;ND;ND;ND,"""64,98448""",FLOAT16,ND,N/A,0.0,0,0.0,0.0,0.0,0.0,0.0,0.0,0.0,0.0,0.0,0.0,0.0,37.171,2453264,0.017,0.0,9.533,0.256,22.06,0.593,11.516,0.31,0.0,0.000
0,4294967295,230,47,aclnnMul_MulAiCore_Mul,Mul,dynamic,AI_VECTOR_CORE,1785698306380714.834	,332.467,0.000000,40,0,NO,"""4096,4096;4096,4096""",FLOAT;FLOAT,ND;ND,"""4096,4096""",FLOAT,ND,N/A,0.0,0,0.0,0.0,0.0,0.0,0.0,0.0,0.0,0.0,0.0,0.0,0.0,330.676,21824620,6.784,0.021,2.908,0.009,329.247,0.996,111.024,0.336,0.0,0.000
0,4294967295,231,47,Concat,Concat,dynamic,AI_VECTOR_CORE,1785698306381047.321	,40.441,0.033000,40,0,NO,"""64,16;64,32;64,64;64,128;64,256;64,512;64,1024;64,2048;64,4096;64,8192;64,16;64,32;64,64;64,128;64,256;64,512;64,1024;64,2048;64,4096;64,8192;64,16;64,32;64,64;64,128;64,256;64,512;64,1024;64,2048;64,4096;64,8192;64,16;64,32;64,64;64,128;64,256;64,512;64,1024;64,2048;64,4096;64,8192;64,16;64,32;64,64;64,128;64,256;64,512;64,1024;64,2048;64,4096;64,8192;64,16;64,32;64,64;64,128;64,256;64,512;64,1024;64,2048;64,4096;64,8192;64,16;64,32;64,64;64,128""",FLOAT16;FLOAT16;FLOAT16;FLOAT16;FLOAT16;FLOAT16;FLOAT16;FLOAT16;FLOAT16;FLOAT16;FLOAT16;FLOAT16;FLOAT16;FLOAT16;FLOAT16;FLOAT16;FLOAT16;FLOAT16;FLOAT16;FLOAT16;FLOAT16;FLOAT16;FLOAT16;FLOAT16;FLOAT16;FLOAT16;FLOAT16;FLOAT16;FLOAT16;FLOAT16;FLOAT16;FLOAT16;FLOAT16;FLOAT16;FLOAT16;FLOAT16;FLOAT16;FLOAT16;FLOAT16;FLOAT16;FLOAT16;FLOAT16;FLOAT16;FLOAT16;FLOAT16;FLOAT16;FLOAT16;FLOAT16;FLOAT16;FLOAT16;FLOAT16;FLOAT16;FLOAT16;FLOAT16;FLOAT16;FLOAT16;FLOAT16;FLOAT16;FLOAT16;FLOAT16;FLOAT16;FLOAT16;FLOAT16;FLOAT16,ND;ND;ND;ND;ND;ND;ND;ND;ND;ND;ND;ND;ND;ND;ND;ND;ND;ND;ND;ND;ND;ND;ND;ND;ND;ND;ND;ND;ND;ND;ND;ND;ND;ND;ND;ND;ND;ND;ND;ND;ND;ND;ND;ND;ND;ND;ND;ND;ND;ND;ND;ND;ND;ND;ND;ND;ND;ND;ND;ND;ND;ND;ND;ND,"""64,98448""",FLOAT16,ND,N/A,0.0,0,0.0,0.0,0.0,0.0,0.0,0.0,0.0,0.0,0.0,0.0,0.0,36.599,2415559,0.017,0.0,8.856,0.242,21.66,0.592,11.264,0.308,0.0,0.000
0,4294967295,232,47,aclnnMul_MulAiCore_Mul,Mul,dynamic,AI_VECTOR_CORE,1785698306381087.782	,333.366,0.059000,40,0,NO,"""4096,4096;4096,4096""",FLOAT;FLOAT,ND;ND,"""4096,4096""",FLOAT,ND,N/A,0.0,0,0.0,0.0,0.0,0.0,0.0,0.0,0.0,0.0,0.0,0.0,0.0,331.21,21859868,6.784,0.02,3.113,0.009,329.568,0.995,111.088,0.335,0.0,0.000
0,4294967295,233,47,Concat,Concat,dynamic,AI_VECTOR_CORE,1785698306381421.188	,41.621,0.134000,40,0,NO,"""64,16;64,32;64,64;64,128;64,256;64,512;64,1024;64,2048;64,4096;64,8192;64,16;64,32;64,64;64,128;64,256;64,512;64,1024;64,2048;64,4096;64,8192;64,16;64,32;64,64;64,128;64,256;64,512;64,1024;64,2048;64,4096;64,8192;64,16;64,32;64,64;64,128;64,256;64,512;64,1024;64,2048;64,4096;64,8192;64,16;64,32;64,64;64,128;64,256;64,512;64,1024;64,2048;64,4096;64,8192;64,16;64,32;64,64;64,128;64,256;64,512;64,1024;64,2048;64,4096;64,8192;64,16;64,32;64,64;64,128""",FLOAT16;FLOAT16;FLOAT16;FLOAT16;FLOAT16;FLOAT16;FLOAT16;FLOAT16;FLOAT16;FLOAT16;FLOAT16;FLOAT16;FLOAT16;FLOAT16;FLOAT16;FLOAT16;FLOAT16;FLOAT16;FLOAT16;FLOAT16;FLOAT16;FLOAT16;FLOAT16;FLOAT16;FLOAT16;FLOAT16;FLOAT16;FLOAT16;FLOAT16;FLOAT16;FLOAT16;FLOAT16;FLOAT16;FLOAT16;FLOAT16;FLOAT16;FLOAT16;FLOAT16;FLOAT16;FLOAT16;FLOAT16;FLOAT16;FLOAT16;FLOAT16;FLOAT16;FLOAT16;FLOAT16;FLOAT16;FLOAT16;FLOAT16;FLOAT16;FLOAT16;FLOAT16;FLOAT16;FLOAT16;FLOAT16;FLOAT16;FLOAT16;FLOAT16;FLOAT16;FLOAT16;FLOAT16;FLOAT16;FLOAT16,ND;ND;ND;ND;ND;ND;ND;ND;ND;ND;ND;ND;ND;ND;ND;ND;ND;ND;ND;ND;ND;ND;ND;ND;ND;ND;ND;ND;ND;ND;ND;ND;ND;ND;ND;ND;ND;ND;ND;ND;ND;ND;ND;ND;ND;ND;ND;ND;ND;ND;ND;ND;ND;ND;ND;ND;ND;ND;ND;ND;ND;ND;ND;ND,"""64,98448""",FLOAT16,ND,N/A,0.0,0,0.0,0.0,0.0,0.0,0.0,0.0,0.0,0.0,0.0,0.0,0.0,38.319,2529062,0.017,0.0,13.375,0.349,22.032,0.575,11.625,0.303,0.0,0.000
0,4294967295,234,47,aclnnMul_MulAiCore_Mul,Mul,dynamic,AI_VECTOR_CORE,1785698306381462.849	,335.267,0.000000,40,0,NO,"""4096,4096;4096,4096""",FLOAT;FLOAT,ND;ND,"""4096,4096""",FLOAT,ND,N/A,0.0,0,0.0,0.0,0.0,0.0,0.0,0.0,0.0,0.0,0.0,0.0,0.0,332.507,21945433,6.784,0.02,3.022,0.009,330.913,0.995,112.179,0.337,0.0,0.000
0,4294967295,235,47,Concat,Concat,dynamic,AI_VECTOR_CORE,1785698306381798.136	,41.601,0.233000,40,0,NO,"""64,16;64,32;64,64;64,128;64,256;64,512;64,1024;64,2048;64,4096;64,8192;64,16;64,32;64,64;64,128;64,256;64,512;64,1024;64,2048;64,4096;64,8192;64,16;64,32;64,64;64,128;64,256;64,512;64,1024;64,2048;64,4096;64,8192;64,16;64,32;64,64;64,128;64,256;64,512;64,1024;64,2048;64,4096;64,8192;64,16;64,32;64,64;64,128;64,256;64,512;64,1024;64,2048;64,4096;64,8192;64,16;64,32;64,64;64,128;64,256;64,512;64,1024;64,2048;64,4096;64,8192;64,16;64,32;64,64;64,128""",FLOAT16;FLOAT16;FLOAT16;FLOAT16;FLOAT16;FLOAT16;FLOAT16;FLOAT16;FLOAT16;FLOAT16;FLOAT16;FLOAT16;FLOAT16;FLOAT16;FLOAT16;FLOAT16;FLOAT16;FLOAT16;FLOAT16;FLOAT16;FLOAT16;FLOAT16;FLOAT16;FLOAT16;FLOAT16;FLOAT16;FLOAT16;FLOAT16;FLOAT16;FLOAT16;FLOAT16;FLOAT16;FLOAT16;FLOAT16;FLOAT16;FLOAT16;FLOAT16;FLOAT16;FLOAT16;FLOAT16;FLOAT16;FLOAT16;FLOAT16;FLOAT16;FLOAT16;FLOAT16;FLOAT16;FLOAT16;FLOAT16;FLOAT16;FLOAT16;FLOAT16;FLOAT16;FLOAT16;FLOAT16;FLOAT16;FLOAT16;FLOAT16;FLOAT16;FLOAT16;FLOAT16;FLOAT16;FLOAT16;FLOAT16,ND;ND;ND;ND;ND;ND;ND;ND;ND;ND;ND;ND;ND;ND;ND;ND;ND;ND;ND;ND;ND;ND;ND;ND;ND;ND;ND;ND;ND;ND;ND;ND;ND;ND;ND;ND;ND;ND;ND;ND;ND;ND;ND;ND;ND;ND;ND;ND;ND;ND;ND;ND;ND;ND;ND;ND;ND;ND;ND;ND;ND;ND;ND;ND,"""64,98448""",FLOAT16,ND,N/A,0.0,0,0.0,0.0,0.0,0.0,0.0,0.0,0.0,0.0,0.0,0.0,0.0,38.576,2546003,0.017,0.0,14.163,0.367,22.737,0.589,11.413,0.296,0.0,0.000
0,4294967295,236,47,aclnnMul_MulAiCore_Mul,Mul,dynamic,AI_VECTOR_CORE,1785698306381839.757	,334.246,0.000000,40,0,NO,"""4096,4096;4096,4096""",FLOAT;FLOAT,ND;ND,"""4096,4096""",FLOAT,ND,N/A,0.0,0,0.0,0.0,0.0,0.0,0.0,0.0,0.0,0.0,0.0,0.0,0.0,331.986,21911071,6.784,0.02,3.092,0.009,330.385,0.995,112.521,0.339,0.0,0.000
0,4294967295,237,47,Concat,Concat,dynamic,AI_VECTOR_CORE,1785698306382174.043	,39.761,0.004000,40,0,NO,"""64,16;64,32;64,64;64,128;64,256;64,512;64,1024;64,2048;64,4096;64,8192;64,16;64,32;64,64;64,128;64,256;64,512;64,1024;64,2048;64,4096;64,8192;64,16;64,32;64,64;64,128;64,256;64,512;64,1024;64,2048;64,4096;64,8192;64,16;64,32;64,64;64,128;64,256;64,512;64,1024;64,2048;64,4096;64,8192;64,16;64,32;64,64;64,128;64,256;64,512;64,1024;64,2048;64,4096;64,8192;64,16;64,32;64,64;64,128;64,256;64,512;64,1024;64,2048;64,4096;64,8192;64,16;64,32;64,64;64,128""",FLOAT16;FLOAT16;FLOAT16;FLOAT16;FLOAT16;FLOAT16;FLOAT16;FLOAT16;FLOAT16;FLOAT16;FLOAT16;FLOAT16;FLOAT16;FLOAT16;FLOAT16;FLOAT16;FLOAT16;FLOAT16;FLOAT16;FLOAT16;FLOAT16;FLOAT16;FLOAT16;FLOAT16;FLOAT16;FLOAT16;FLOAT16;FLOAT16;FLOAT16;FLOAT16;FLOAT16;FLOAT16;FLOAT16;FLOAT16;FLOAT16;FLOAT16;FLOAT16;FLOAT16;FLOAT16;FLOAT16;FLOAT16;FLOAT16;FLOAT16;FLOAT16;FLOAT16;FLOAT16;FLOAT16;FLOAT16;FLOAT16;FLOAT16;FLOAT16;FLOAT16;FLOAT16;FLOAT16;FLOAT16;FLOAT16;FLOAT16;FLOAT16;FLOAT16;FLOAT16;FLOAT16;FLOAT16;FLOAT16;FLOAT16,ND;ND;ND;ND;ND;ND;ND;ND;ND;ND;ND;ND;ND;ND;ND;ND;ND;ND;ND;ND;ND;ND;ND;ND;ND;ND;ND;ND;ND;ND;ND;ND;ND;ND;ND;ND;ND;ND;ND;ND;ND;ND;ND;ND;ND;ND;ND;ND;ND;ND;ND;ND;ND;ND;ND;ND;ND;ND;ND;ND;ND;ND;ND;ND,"""64,98448""",FLOAT16,ND,N/A,0.0,0,0.0,0.0,0.0,0.0,0.0,0.0,0.0,0.0,0.0,0.0,0.0,36.245,2392197,0.017,0.0,12.762,0.352,21.044,0.581,11.567,0.319,0.0,0.000
0,4294967295,238,47,aclnnMul_MulAiCore_Mul,Mul,dynamic,AI_VECTOR_CORE,1785698306382213.844	,332.927,0.000000,40,0,NO,"""4096,4096;4096,4096""",FLOAT;FLOAT,ND;ND,"""4096,4096""",FLOAT,ND,N/A,0.0,0,0.0,0.0,0.0,0.0,0.0,0.0,0.0,0.0,0.0,0.0,0.0,330.516,21814044,6.784,0.021,3.002,0.009,328.961,0.995,110.225,0.333,0.0,0.000
0,4294967295,239,47,Concat,Concat,dynamic,AI_VECTOR_CORE,1785698306382546.791	,39.061,0.073000,40,0,NO,"""64,16;64,32;64,64;64,128;64,256;64,512;64,1024;64,2048;64,4096;64,8192;64,16;64,32;64,64;64,128;64,256;64,512;64,1024;64,2048;64,4096;64,8192;64,16;64,32;64,64;64,128;64,256;64,512;64,1024;64,2048;64,4096;64,8192;64,16;64,32;64,64;64,128;64,256;64,512;64,1024;64,2048;64,4096;64,8192;64,16;64,32;64,64;64,128;64,256;64,512;64,1024;64,2048;64,4096;64,8192;64,16;64,32;64,64;64,128;64,256;64,512;64,1024;64,2048;64,4096;64,8192;64,16;64,32;64,64;64,128""",FLOAT16;FLOAT16;FLOAT16;FLOAT16;FLOAT16;FLOAT16;FLOAT16;FLOAT16;FLOAT16;FLOAT16;FLOAT16;FLOAT16;FLOAT16;FLOAT16;FLOAT16;FLOAT16;FLOAT16;FLOAT16;FLOAT16;FLOAT16;FLOAT16;FLOAT16;FLOAT16;FLOAT16;FLOAT16;FLOAT16;FLOAT16;FLOAT16;FLOAT16;FLOAT16;FLOAT16;FLOAT16;FLOAT16;FLOAT16;FLOAT16;FLOAT16;FLOAT16;FLOAT16;FLOAT16;FLOAT16;FLOAT16;FLOAT16;FLOAT16;FLOAT16;FLOAT16;FLOAT16;FLOAT16;FLOAT16;FLOAT16;FLOAT16;FLOAT16;FLOAT16;FLOAT16;FLOAT16;FLOAT16;FLOAT16;FLOAT16;FLOAT16;FLOAT16;FLOAT16;FLOAT16;FLOAT16;FLOAT16;FLOAT16,ND;ND;ND;ND;ND;ND;ND;ND;ND;ND;ND;ND;ND;ND;ND;ND;ND;ND;ND;ND;ND;ND;ND;ND;ND;ND;ND;ND;ND;ND;ND;ND;ND;ND;ND;ND;ND;ND;ND;ND;ND;ND;ND;ND;ND;ND;ND;ND;ND;ND;ND;ND;ND;ND;ND;ND;ND;ND;ND;ND;ND;ND;ND;ND,"""64,98448""",FLOAT16,ND,N/A,0.0,0,0.0,0.0,0.0,0.0,0.0,0.0,0.0,0.0,0.0,0.0,0.0,35.733,2358366,0.017,0.0,12.032,0.337,21.095,0.59,10.829,0.303,0.0,0.000
0,4294967295,240,47,aclnnMul_MulAiCore_Mul,Mul,dynamic,AI_VECTOR_CORE,1785698306382585.872	,332.746,0.000000,40,0,NO,"""4096,4096;4096,4096""",FLOAT;FLOAT,ND;ND,"""4096,4096""",FLOAT,ND,N/A,0.0,0,0.0,0.0,0.0,0.0,0.0,0.0,0.0,0.0,0.0,0.0,0.0,330.006,21780363,6.784,0.021,2.986,0.009,328.488,0.995,111.312,0.337,0.0,0.000
0,4294967295,241,47,Concat,Concat,dynamic,AI_VECTOR_CORE,1785698306382918.638	,42.481,0.254000,40,0,NO,"""64,16;64,32;64,64;64,128;64,256;64,512;64,1024;64,2048;64,4096;64,8192;64,16;64,32;64,64;64,128;64,256;64,512;64,1024;64,2048;64,4096;64,8192;64,16;64,32;64,64;64,128;64,256;64,512;64,1024;64,2048;64,4096;64,8192;64,16;64,32;64,64;64,128;64,256;64,512;64,1024;64,2048;64,4096;64,8192;64,16;64,32;64,64;64,128;64,256;64,512;64,1024;64,2048;64,4096;64,8192;64,16;64,32;64,64;64,128;64,256;64,512;64,1024;64,2048;64,4096;64,8192;64,16;64,32;64,64;64,128""",FLOAT16;FLOAT16;FLOAT16;FLOAT16;FLOAT16;FLOAT16;FLOAT16;FLOAT16;FLOAT16;FLOAT16;FLOAT16;FLOAT16;FLOAT16;FLOAT16;FLOAT16;FLOAT16;FLOAT16;FLOAT16;FLOAT16;FLOAT16;FLOAT16;FLOAT16;FLOAT16;FLOAT16;FLOAT16;FLOAT16;FLOAT16;FLOAT16;FLOAT16;FLOAT16;FLOAT16;FLOAT16;FLOAT16;FLOAT16;FLOAT16;FLOAT16;FLOAT16;FLOAT16;FLOAT16;FLOAT16;FLOAT16;FLOAT16;FLOAT16;FLOAT16;FLOAT16;FLOAT16;FLOAT16;FLOAT16;FLOAT16;FLOAT16;FLOAT16;FLOAT16;FLOAT16;FLOAT16;FLOAT16;FLOAT16;FLOAT16;FLOAT16;FLOAT16;FLOAT16;FLOAT16;FLOAT16;FLOAT16;FLOAT16,ND;ND;ND;ND;ND;ND;ND;ND;ND;ND;ND;ND;ND;ND;ND;ND;ND;ND;ND;ND;ND;ND;ND;ND;ND;ND;ND;ND;ND;ND;ND;ND;ND;ND;ND;ND;ND;ND;ND;ND;ND;ND;ND;ND;ND;ND;ND;ND;ND;ND;ND;ND;ND;ND;ND;ND;ND;ND;ND;ND;ND;ND;ND;ND,"""64,98448""",FLOAT16,ND,N/A,0.0,0,0.0,0.0,0.0,0.0,0.0,0.0,0.0,0.0,0.0,0.0,0.0,38.724,2555777,0.017,0.0,7.078,0.183,22.86,0.59,12.276,0.317,0.0,0.000
0,4294967295,242,47,aclnnMul_MulAiCore_Mul,Mul,dynamic,AI_VECTOR_CORE,1785698306382961.139	,332.887,0.019000,40,0,NO,"""4096,4096;4096,4096""",FLOAT;FLOAT,ND;ND,"""4096,4096""",FLOAT,ND,N/A,0.0,0,0.0,0.0,0.0,0.0,0.0,0.0,0.0,0.0,0.0,0.0,0.0,330.551,21816386,6.784,0.021,3.048,0.009,328.967,0.995,109.304,0.331,0.0,0.000
0,4294967295,243,47,Concat,Concat,dynamic,AI_VECTOR_CORE,1785698306383294.046	,39.501,0.000000,40,0,NO,"""64,16;64,32;64,64;64,128;64,256;64,512;64,1024;64,2048;64,4096;64,8192;64,16;64,32;64,64;64,128;64,256;64,512;64,1024;64,2048;64,4096;64,8192;64,16;64,32;64,64;64,128;64,256;64,512;64,1024;64,2048;64,4096;64,8192;64,16;64,32;64,64;64,128;64,256;64,512;64,1024;64,2048;64,4096;64,8192;64,16;64,32;64,64;64,128;64,256;64,512;64,1024;64,2048;64,4096;64,8192;64,16;64,32;64,64;64,128;64,256;64,512;64,1024;64,2048;64,4096;64,8192;64,16;64,32;64,64;64,128""",FLOAT16;FLOAT16;FLOAT16;FLOAT16;FLOAT16;FLOAT16;FLOAT16;FLOAT16;FLOAT16;FLOAT16;FLOAT16;FLOAT16;FLOAT16;FLOAT16;FLOAT16;FLOAT16;FLOAT16;FLOAT16;FLOAT16;FLOAT16;FLOAT16;FLOAT16;FLOAT16;FLOAT16;FLOAT16;FLOAT16;FLOAT16;FLOAT16;FLOAT16;FLOAT16;FLOAT16;FLOAT16;FLOAT16;FLOAT16;FLOAT16;FLOAT16;FLOAT16;FLOAT16;FLOAT16;FLOAT16;FLOAT16;FLOAT16;FLOAT16;FLOAT16;FLOAT16;FLOAT16;FLOAT16;FLOAT16;FLOAT16;FLOAT16;FLOAT16;FLOAT16;FLOAT16;FLOAT16;FLOAT16;FLOAT16;FLOAT16;FLOAT16;FLOAT16;FLOAT16;FLOAT16;FLOAT16;FLOAT16;FLOAT16,ND;ND;ND;ND;ND;ND;ND;ND;ND;ND;ND;ND;ND;ND;ND;ND;ND;ND;ND;ND;ND;ND;ND;ND;ND;ND;ND;ND;ND;ND;ND;ND;ND;ND;ND;ND;ND;ND;ND;ND;ND;ND;ND;ND;ND;ND;ND;ND;ND;ND;ND;ND;ND;ND;ND;ND;ND;ND;ND;ND;ND;ND;ND;ND,"""64,98448""",FLOAT16,ND,N/A,0.0,0,0.0,0.0,0.0,0.0,0.0,0.0,0.0,0.0,0.0,0.0,0.0,36.714,2423100,0.017,0.0,7.633,0.208,21.801,0.594,11.4,0.311,0.0,0.000
0,4294967295,244,47,aclnnMul_MulAiCore_Mul,Mul,dynamic,AI_VECTOR_CORE,1785698306383333.567	,333.906,0.000000,40,0,NO,"""4096,4096;4096,4096""",FLOAT;FLOAT,ND;ND,"""4096,4096""",FLOAT,ND,N/A,0.0,0,0.0,0.0,0.0,0.0,0.0,0.0,0.0,0.0,0.0,0.0,0.0,331.174,21857510,6.784,0.02,2.97,0.009,329.63,0.995,111.492,0.337,0.0,0.000
0,4294967295,245,47,Concat,Concat,dynamic,AI_VECTOR_CORE,1785698306383667.493	,39.741,0.094000,40,0,NO,"""64,16;64,32;64,64;64,128;64,256;64,512;64,1024;64,2048;64,4096;64,8192;64,16;64,32;64,64;64,128;64,256;64,512;64,1024;64,2048;64,4096;64,8192;64,16;64,32;64,64;64,128;64,256;64,512;64,1024;64,2048;64,4096;64,8192;64,16;64,32;64,64;64,128;64,256;64,512;64,1024;64,2048;64,4096;64,8192;64,16;64,32;64,64;64,128;64,256;64,512;64,1024;64,2048;64,4096;64,8192;64,16;64,32;64,64;64,128;64,256;64,512;64,1024;64,2048;64,4096;64,8192;64,16;64,32;64,64;64,128""",FLOAT16;FLOAT16;FLOAT16;FLOAT16;FLOAT16;FLOAT16;FLOAT16;FLOAT16;FLOAT16;FLOAT16;FLOAT16;FLOAT16;FLOAT16;FLOAT16;FLOAT16;FLOAT16;FLOAT16;FLOAT16;FLOAT16;FLOAT16;FLOAT16;FLOAT16;FLOAT16;FLOAT16;FLOAT16;FLOAT16;FLOAT16;FLOAT16;FLOAT16;FLOAT16;FLOAT16;FLOAT16;FLOAT16;FLOAT16;FLOAT16;FLOAT16;FLOAT16;FLOAT16;FLOAT16;FLOAT16;FLOAT16;FLOAT16;FLOAT16;FLOAT16;FLOAT16;FLOAT16;FLOAT16;FLOAT16;FLOAT16;FLOAT16;FLOAT16;FLOAT16;FLOAT16;FLOAT16;FLOAT16;FLOAT16;FLOAT16;FLOAT16;FLOAT16;FLOAT16;FLOAT16;FLOAT16;FLOAT16;FLOAT16,ND;ND;ND;ND;ND;ND;ND;ND;ND;ND;ND;ND;ND;ND;ND;ND;ND;ND;ND;ND;ND;ND;ND;ND;ND;ND;ND;ND;ND;ND;ND;ND;ND;ND;ND;ND;ND;ND;ND;ND;ND;ND;ND;ND;ND;ND;ND;ND;ND;ND;ND;ND;ND;ND;ND;ND;ND;ND;ND;ND;ND;ND;ND;ND,"""64,98448""",FLOAT16,ND,N/A,0.0,0,0.0,0.0,0.0,0.0,0.0,0.0,0.0,0.0,0.0,0.0,0.0,36.793,2428350,0.017,0.0,8.263,0.225,21.646,0.588,11.513,0.313,0.0,0.000
0,4294967295,246,47,aclnnMul_MulAiCore_Mul,Mul,dynamic,AI_VECTOR_CORE,1785698306383707.274	,332.627,0.009000,40,0,NO,"""4096,4096;4096,4096""",FLOAT;FLOAT,ND;ND,"""4096,4096""",FLOAT,ND,N/A,0.0,0,0.0,0.0,0.0,0.0,0.0,0.0,0.0,0.0,0.0,0.0,0.0,330.612,21820395,6.784,0.021,3.024,0.009,329.048,0.995,110.328,0.334,0.0,0.000
0,4294967295,247,47,Concat,Concat,dynamic,AI_VECTOR_CORE,1785698306384039.921	,40.280,0.123000,40,0,NO,"""64,16;64,32;64,64;64,128;64,256;64,512;64,1024;64,2048;64,4096;64,8192;64,16;64,32;64,64;64,128;64,256;64,512;64,1024;64,2048;64,4096;64,8192;64,16;64,32;64,64;64,128;64,256;64,512;64,1024;64,2048;64,4096;64,8192;64,16;64,32;64,64;64,128;64,256;64,512;64,1024;64,2048;64,4096;64,8192;64,16;64,32;64,64;64,128;64,256;64,512;64,1024;64,2048;64,4096;64,8192;64,16;64,32;64,64;64,128;64,256;64,512;64,1024;64,2048;64,4096;64,8192;64,16;64,32;64,64;64,128""",FLOAT16;FLOAT16;FLOAT16;FLOAT16;FLOAT16;FLOAT16;FLOAT16;FLOAT16;FLOAT16;FLOAT16;FLOAT16;FLOAT16;FLOAT16;FLOAT16;FLOAT16;FLOAT16;FLOAT16;FLOAT16;FLOAT16;FLOAT16;FLOAT16;FLOAT16;FLOAT16;FLOAT16;FLOAT16;FLOAT16;FLOAT16;FLOAT16;FLOAT16;FLOAT16;FLOAT16;FLOAT16;FLOAT16;FLOAT16;FLOAT16;FLOAT16;FLOAT16;FLOAT16;FLOAT16;FLOAT16;FLOAT16;FLOAT16;FLOAT16;FLOAT16;FLOAT16;FLOAT16;FLOAT16;FLOAT16;FLOAT16;FLOAT16;FLOAT16;FLOAT16;FLOAT16;FLOAT16;FLOAT16;FLOAT16;FLOAT16;FLOAT16;FLOAT16;FLOAT16;FLOAT16;FLOAT16;FLOAT16;FLOAT16,ND;ND;ND;ND;ND;ND;ND;ND;ND;ND;ND;ND;ND;ND;ND;ND;ND;ND;ND;ND;ND;ND;ND;ND;ND;ND;ND;ND;ND;ND;ND;ND;ND;ND;ND;ND;ND;ND;ND;ND;ND;ND;ND;ND;ND;ND;ND;ND;ND;ND;ND;ND;ND;ND;ND;ND;ND;ND;ND;ND;ND;ND;ND;ND,"""64,98448""",FLOAT16,ND,N/A,0.0,0,0.0,0.0,0.0,0.0,0.0,0.0,0.0,0.0,0.0,0.0,0.0,37.207,2455668,0.017,0.0,9.953,0.268,21.904,0.589,11.519,0.31,0.0,0.000
0,4294967295,248,47,aclnnMul_MulAiCore_Mul,Mul,dynamic,AI_VECTOR_CORE,1785698306384080.221	,333.427,0.000000,40,0,NO,"""4096,4096;4096,4096""",FLOAT;FLOAT,ND;ND,"""4096,4096""",FLOAT,ND,N/A,0.0,0,0.0,0.0,0.0,0.0,0.0,0.0,0.0,0.0,0.0,0.0,0.0,331.545,21881946,6.784,0.02,3.022,0.009,329.999,0.995,111.581,0.337,0.0,0.000
0,4294967295,249,47,Concat,Concat,dynamic,AI_VECTOR_CORE,1785698306384413.668	,40.961,0.073000,40,0,NO,"""64,16;64,32;64,64;64,128;64,256;64,512;64,1024;64,2048;64,4096;64,8192;64,16;64,32;64,64;64,128;64,256;64,512;64,1024;64,2048;64,4096;64,8192;64,16;64,32;64,64;64,128;64,256;64,512;64,1024;64,2048;64,4096;64,8192;64,16;64,32;64,64;64,128;64,256;64,512;64,1024;64,2048;64,4096;64,8192;64,16;64,32;64,64;64,128;64,256;64,512;64,1024;64,2048;64,4096;64,8192;64,16;64,32;64,64;64,128;64,256;64,512;64,1024;64,2048;64,4096;64,8192;64,16;64,32;64,64;64,128""",FLOAT16;FLOAT16;FLOAT16;FLOAT16;FLOAT16;FLOAT16;FLOAT16;FLOAT16;FLOAT16;FLOAT16;FLOAT16;FLOAT16;FLOAT16;FLOAT16;FLOAT16;FLOAT16;FLOAT16;FLOAT16;FLOAT16;FLOAT16;FLOAT16;FLOAT16;FLOAT16;FLOAT16;FLOAT16;FLOAT16;FLOAT16;FLOAT16;FLOAT16;FLOAT16;FLOAT16;FLOAT16;FLOAT16;FLOAT16;FLOAT16;FLOAT16;FLOAT16;FLOAT16;FLOAT16;FLOAT16;FLOAT16;FLOAT16;FLOAT16;FLOAT16;FLOAT16;FLOAT16;FLOAT16;FLOAT16;FLOAT16;FLOAT16;FLOAT16;FLOAT16;FLOAT16;FLOAT16;FLOAT16;FLOAT16;FLOAT16;FLOAT16;FLOAT16;FLOAT16;FLOAT16;FLOAT16;FLOAT16;FLOAT16,ND;ND;ND;ND;ND;ND;ND;ND;ND;ND;ND;ND;ND;ND;ND;ND;ND;ND;ND;ND;ND;ND;ND;ND;ND;ND;ND;ND;ND;ND;ND;ND;ND;ND;ND;ND;ND;ND;ND;ND;ND;ND;ND;ND;ND;ND;ND;ND;ND;ND;ND;ND;ND;ND;ND;ND;ND;ND;ND;ND;ND;ND;ND;ND,"""64,98448""",FLOAT16,ND,N/A,0.0,0,0.0,0.0,0.0,0.0,0.0,0.0,0.0,0.0,0.0,0.0,0.0,38.113,2515483,0.017,0.0,11.653,0.306,22.458,0.589,11.531,0.303,0.0,0.000
0,4294967295,250,47,aclnnMul_MulAiCore_Mul,Mul,dynamic,AI_VECTOR_CORE,1785698306384454.669	,333.987,0.039000,40,0,NO,"""4096,4096;4096,4096""",FLOAT;FLOAT,ND;ND,"""4096,4096""",FLOAT,ND,N/A,0.0,0,0.0,0.0,0.0,0.0,0.0,0.0,0.0,0.0,0.0,0.0,0.0,331.572,21883728,6.784,0.02,3.143,0.009,329.92,0.995,111.603,0.337,0.0,0.000
0,4294967295,251,47,Concat,Concat,dynamic,AI_VECTOR_CORE,1785698306384788.696	,40.400,0.013000,40,0,NO,"""64,16;64,32;64,64;64,128;64,256;64,512;64,1024;64,2048;64,4096;64,8192;64,16;64,32;64,64;64,128;64,256;64,512;64,1024;64,2048;64,4096;64,8192;64,16;64,32;64,64;64,128;64,256;64,512;64,1024;64,2048;64,4096;64,8192;64,16;64,32;64,64;64,128;64,256;64,512;64,1024;64,2048;64,4096;64,8192;64,16;64,32;64,64;64,128;64,256;64,512;64,1024;64,2048;64,4096;64,8192;64,16;64,32;64,64;64,128;64,256;64,512;64,1024;64,2048;64,4096;64,8192;64,16;64,32;64,64;64,128""",FLOAT16;FLOAT16;FLOAT16;FLOAT16;FLOAT16;FLOAT16;FLOAT16;FLOAT16;FLOAT16;FLOAT16;FLOAT16;FLOAT16;FLOAT16;FLOAT16;FLOAT16;FLOAT16;FLOAT16;FLOAT16;FLOAT16;FLOAT16;FLOAT16;FLOAT16;FLOAT16;FLOAT16;FLOAT16;FLOAT16;FLOAT16;FLOAT16;FLOAT16;FLOAT16;FLOAT16;FLOAT16;FLOAT16;FLOAT16;FLOAT16;FLOAT16;FLOAT16;FLOAT16;FLOAT16;FLOAT16;FLOAT16;FLOAT16;FLOAT16;FLOAT16;FLOAT16;FLOAT16;FLOAT16;FLOAT16;FLOAT16;FLOAT16;FLOAT16;FLOAT16;FLOAT16;FLOAT16;FLOAT16;FLOAT16;FLOAT16;FLOAT16;FLOAT16;FLOAT16;FLOAT16;FLOAT16;FLOAT16;FLOAT16,ND;ND;ND;ND;ND;ND;ND;ND;ND;ND;ND;ND;ND;ND;ND;ND;ND;ND;ND;ND;ND;ND;ND;ND;ND;ND;ND;ND;ND;ND;ND;ND;ND;ND;ND;ND;ND;ND;ND;ND;ND;ND;ND;ND;ND;ND;ND;ND;ND;ND;ND;ND;ND;ND;ND;ND;ND;ND;ND;ND;ND;ND;ND;ND,"""64,98448""",FLOAT16,ND,N/A,0.0,0,0.0,0.0,0.0,0.0,0.0,0.0,0.0,0.0,0.0,0.0,0.0,37.26,2459127,0.017,0.0,14.117,0.379,21.686,0.582,11.423,0.307,0.0,0.000
0,4294967295,252,47,aclnnMul_MulAiCore_Mul,Mul,dynamic,AI_VECTOR_CORE,1785698306384829.116	,334.367,0.000000,40,0,NO,"""4096,4096;4096,4096""",FLOAT;FLOAT,ND;ND,"""4096,4096""",FLOAT,ND,N/A,0.0,0,0.0,0.0,0.0,0.0,0.0,0.0,0.0,0.0,0.0,0.0,0.0,332.193,21924756,6.784,0.02,2.978,0.009,330.629,0.995,112.877,0.34,0.0,0.000
0,4294967295,253,47,Concat,Concat,dynamic,AI_VECTOR_CORE,1785698306385163.503	,39.861,0.133000,40,0,NO,"""64,16;64,32;64,64;64,128;64,256;64,512;64,1024;64,2048;64,4096;64,8192;64,16;64,32;64,64;64,128;64,256;64,512;64,1024;64,2048;64,4096;64,8192;64,16;64,32;64,64;64,128;64,256;64,512;64,1024;64,2048;64,4096;64,8192;64,16;64,32;64,64;64,128;64,256;64,512;64,1024;64,2048;64,4096;64,8192;64,16;64,32;64,64;64,128;64,256;64,512;64,1024;64,2048;64,4096;64,8192;64,16;64,32;64,64;64,128;64,256;64,512;64,1024;64,2048;64,4096;64,8192;64,16;64,32;64,64;64,128""",FLOAT16;FLOAT16;FLOAT16;FLOAT16;FLOAT16;FLOAT16;FLOAT16;FLOAT16;FLOAT16;FLOAT16;FLOAT16;FLOAT16;FLOAT16;FLOAT16;FLOAT16;FLOAT16;FLOAT16;FLOAT16;FLOAT16;FLOAT16;FLOAT16;FLOAT16;FLOAT16;FLOAT16;FLOAT16;FLOAT16;FLOAT16;FLOAT16;FLOAT16;FLOAT16;FLOAT16;FLOAT16;FLOAT16;FLOAT16;FLOAT16;FLOAT16;FLOAT16;FLOAT16;FLOAT16;FLOAT16;FLOAT16;FLOAT16;FLOAT16;FLOAT16;FLOAT16;FLOAT16;FLOAT16;FLOAT16;FLOAT16;FLOAT16;FLOAT16;FLOAT16;FLOAT16;FLOAT16;FLOAT16;FLOAT16;FLOAT16;FLOAT16;FLOAT16;FLOAT16;FLOAT16;FLOAT16;FLOAT16;FLOAT16,ND;ND;ND;ND;ND;ND;ND;ND;ND;ND;ND;ND;ND;ND;ND;ND;ND;ND;ND;ND;ND;ND;ND;ND;ND;ND;ND;ND;ND;ND;ND;ND;ND;ND;ND;ND;ND;ND;ND;ND;ND;ND;ND;ND;ND;ND;ND;ND;ND;ND;ND;ND;ND;ND;ND;ND;ND;ND;ND;ND;ND;ND;ND;ND,"""64,98448""",FLOAT16,ND,N/A,0.0,0,0.0,0.0,0.0,0.0,0.0,0.0,0.0,0.0,0.0,0.0,0.0,36.719,2423430,0.017,0.0,12.973,0.353,21.411,0.583,11.56,0.315,0.0,0.000
0,4294967295,254,47,aclnnMul_MulAiCore_Mul,Mul,dynamic,AI_VECTOR_CORE,1785698306385203.384	,333.867,0.139000,40,0,NO,"""4096,4096;4096,4096""",FLOAT;FLOAT,ND;ND,"""4096,4096""",FLOAT,ND,N/A,0.0,0,0.0,0.0,0.0,0.0,0.0,0.0,0.0,0.0,0.0,0.0,0.0,331.5,21879019,6.784,0.02,3.111,0.009,329.788,0.995,112.189,0.338,0.0,0.000
0,4294967295,255,47,Concat,Concat,dynamic,AI_VECTOR_CORE,1785698306385537.271	,38.660,0.000000,40,0,NO,"""64,16;64,32;64,64;64,128;64,256;64,512;64,1024;64,2048;64,4096;64,8192;64,16;64,32;64,64;64,128;64,256;64,512;64,1024;64,2048;64,4096;64,8192;64,16;64,32;64,64;64,128;64,256;64,512;64,1024;64,2048;64,4096;64,8192;64,16;64,32;64,64;64,128;64,256;64,512;64,1024;64,2048;64,4096;64,8192;64,16;64,32;64,64;64,128;64,256;64,512;64,1024;64,2048;64,4096;64,8192;64,16;64,32;64,64;64,128;64,256;64,512;64,1024;64,2048;64,4096;64,8192;64,16;64,32;64,64;64,128""",FLOAT16;FLOAT16;FLOAT16;FLOAT16;FLOAT16;FLOAT16;FLOAT16;FLOAT16;FLOAT16;FLOAT16;FLOAT16;FLOAT16;FLOAT16;FLOAT16;FLOAT16;FLOAT16;FLOAT16;FLOAT16;FLOAT16;FLOAT16;FLOAT16;FLOAT16;FLOAT16;FLOAT16;FLOAT16;FLOAT16;FLOAT16;FLOAT16;FLOAT16;FLOAT16;FLOAT16;FLOAT16;FLOAT16;FLOAT16;FLOAT16;FLOAT16;FLOAT16;FLOAT16;FLOAT16;FLOAT16;FLOAT16;FLOAT16;FLOAT16;FLOAT16;FLOAT16;FLOAT16;FLOAT16;FLOAT16;FLOAT16;FLOAT16;FLOAT16;FLOAT16;FLOAT16;FLOAT16;FLOAT16;FLOAT16;FLOAT16;FLOAT16;FLOAT16;FLOAT16;FLOAT16;FLOAT16;FLOAT16;FLOAT16,ND;ND;ND;ND;ND;ND;ND;ND;ND;ND;ND;ND;ND;ND;ND;ND;ND;ND;ND;ND;ND;ND;ND;ND;ND;ND;ND;ND;ND;ND;ND;ND;ND;ND;ND;ND;ND;ND;ND;ND;ND;ND;ND;ND;ND;ND;ND;ND;ND;ND;ND;ND;ND;ND;ND;ND;ND;ND;ND;ND;ND;ND;ND;ND,"""64,98448""",FLOAT16,ND,N/A,0.0,0,0.0,0.0,0.0,0.0,0.0,0.0,0.0,0.0,0.0,0.0,0.0,35.206,2323617,0.017,0.0,11.792,0.335,20.703,0.588,10.742,0.305,0.0,0.000
0,4294967295,256,47,aclnnMul_MulAiCore_Mul,Mul,dynamic,AI_VECTOR_CORE,1785698306385575.951	,334.027,0.090000,40,0,NO,"""4096,4096;4096,4096""",FLOAT;FLOAT,ND;ND,"""4096,4096""",FLOAT,ND,N/A,0.0,0,0.0,0.0,0.0,0.0,0.0,0.0,0.0,0.0,0.0,0.0,0.0,331.438,21874878,6.784,0.02,3.053,0.009,329.812,0.995,111.208,0.336,0.0,0.000
0,4294967295,257,47,Concat,Concat,dynamic,AI_VECTOR_CORE,1785698306385909.998	,40.441,0.000000,40,0,NO,"""64,16;64,32;64,64;64,128;64,256;64,512;64,1024;64,2048;64,4096;64,8192;64,16;64,32;64,64;64,128;64,256;64,512;64,1024;64,2048;64,4096;64,8192;64,16;64,32;64,64;64,128;64,256;64,512;64,1024;64,2048;64,4096;64,8192;64,16;64,32;64,64;64,128;64,256;64,512;64,1024;64,2048;64,4096;64,8192;64,16;64,32;64,64;64,128;64,256;64,512;64,1024;64,2048;64,4096;64,8192;64,16;64,32;64,64;64,128;64,256;64,512;64,1024;64,2048;64,4096;64,8192;64,16;64,32;64,64;64,128""",FLOAT16;FLOAT16;FLOAT16;FLOAT16;FLOAT16;FLOAT16;FLOAT16;FLOAT16;FLOAT16;FLOAT16;FLOAT16;FLOAT16;FLOAT16;FLOAT16;FLOAT16;FLOAT16;FLOAT16;FLOAT16;FLOAT16;FLOAT16;FLOAT16;FLOAT16;FLOAT16;FLOAT16;FLOAT16;FLOAT16;FLOAT16;FLOAT16;FLOAT16;FLOAT16;FLOAT16;FLOAT16;FLOAT16;FLOAT16;FLOAT16;FLOAT16;FLOAT16;FLOAT16;FLOAT16;FLOAT16;FLOAT16;FLOAT16;FLOAT16;FLOAT16;FLOAT16;FLOAT16;FLOAT16;FLOAT16;FLOAT16;FLOAT16;FLOAT16;FLOAT16;FLOAT16;FLOAT16;FLOAT16;FLOAT16;FLOAT16;FLOAT16;FLOAT16;FLOAT16;FLOAT16;FLOAT16;FLOAT16;FLOAT16,ND;ND;ND;ND;ND;ND;ND;ND;ND;ND;ND;ND;ND;ND;ND;ND;ND;ND;ND;ND;ND;ND;ND;ND;ND;ND;ND;ND;ND;ND;ND;ND;ND;ND;ND;ND;ND;ND;ND;ND;ND;ND;ND;ND;ND;ND;ND;ND;ND;ND;ND;ND;ND;ND;ND;ND;ND;ND;ND;ND;ND;ND;ND;ND,"""64,98448""",FLOAT16,ND,N/A,0.0,0,0.0,0.0,0.0,0.0,0.0,0.0,0.0,0.0,0.0,0.0,0.0,37.296,2461549,0.017,0.0,9.092,0.244,22.24,0.596,11.355,0.304,0.0,0.000
0,4294967295,258,47,aclnnMul_MulAiCore_Mul,Mul,dynamic,AI_VECTOR_CORE,1785698306385950.459	,334.806,0.059000,40,0,NO,"""4096,4096;4096,4096""",FLOAT;FLOAT,ND;ND,"""4096,4096""",FLOAT,ND,N/A,0.0,0,0.0,0.0,0.0,0.0,0.0,0.0,0.0,0.0,0.0,0.0,0.0,332.448,21941564,6.784,0.02,3.127,0.009,330.747,0.995,110.788,0.333,0.0,0.000
0,4294967295,259,47,Concat,Concat,dynamic,AI_VECTOR_CORE,1785698306386285.285	,39.001,0.000000,40,0,NO,"""64,16;64,32;64,64;64,128;64,256;64,512;64,1024;64,2048;64,4096;64,8192;64,16;64,32;64,64;64,128;64,256;64,512;64,1024;64,2048;64,4096;64,8192;64,16;64,32;64,64;64,128;64,256;64,512;64,1024;64,2048;64,4096;64,8192;64,16;64,32;64,64;64,128;64,256;64,512;64,1024;64,2048;64,4096;64,8192;64,16;64,32;64,64;64,128;64,256;64,512;64,1024;64,2048;64,4096;64,8192;64,16;64,32;64,64;64,128;64,256;64,512;64,1024;64,2048;64,4096;64,8192;64,16;64,32;64,64;64,128""",FLOAT16;FLOAT16;FLOAT16;FLOAT16;FLOAT16;FLOAT16;FLOAT16;FLOAT16;FLOAT16;FLOAT16;FLOAT16;FLOAT16;FLOAT16;FLOAT16;FLOAT16;FLOAT16;FLOAT16;FLOAT16;FLOAT16;FLOAT16;FLOAT16;FLOAT16;FLOAT16;FLOAT16;FLOAT16;FLOAT16;FLOAT16;FLOAT16;FLOAT16;FLOAT16;FLOAT16;FLOAT16;FLOAT16;FLOAT16;FLOAT16;FLOAT16;FLOAT16;FLOAT16;FLOAT16;FLOAT16;FLOAT16;FLOAT16;FLOAT16;FLOAT16;FLOAT16;FLOAT16;FLOAT16;FLOAT16;FLOAT16;FLOAT16;FLOAT16;FLOAT16;FLOAT16;FLOAT16;FLOAT16;FLOAT16;FLOAT16;FLOAT16;FLOAT16;FLOAT16;FLOAT16;FLOAT16;FLOAT16;FLOAT16,ND;ND;ND;ND;ND;ND;ND;ND;ND;ND;ND;ND;ND;ND;ND;ND;ND;ND;ND;ND;ND;ND;ND;ND;ND;ND;ND;ND;ND;ND;ND;ND;ND;ND;ND;ND;ND;ND;ND;ND;ND;ND;ND;ND;ND;ND;ND;ND;ND;ND;ND;ND;ND;ND;ND;ND;ND;ND;ND;ND;ND;ND;ND;ND,"""64,98448""",FLOAT16,ND,N/A,0.0,0,0.0,0.0,0.0,0.0,0.0,0.0,0.0,0.0,0.0,0.0,0.0,35.039,2312575,0.017,0.0,9.942,0.284,18.958,0.541,10.351,0.295,0.0,0.000
0,4294967295,260,47,aclnnMul_MulAiCore_Mul,Mul,dynamic,AI_VECTOR_CORE,1785698306386324.306	,334.387,0.000000,40,0,NO,"""4096,4096;4096,4096""",FLOAT;FLOAT,ND;ND,"""4096,4096""",FLOAT,ND,N/A,0.0,0,0.0,0.0,0.0,0.0,0.0,0.0,0.0,0.0,0.0,0.0,0.0,331.748,21895360,6.784,0.02,2.997,0.009,330.17,0.995,113.677,0.343,0.0,0.000
0,4294967295,261,47,Concat,Concat,dynamic,AI_VECTOR_CORE,1785698306386658.713	,39.801,0.113000,40,0,NO,"""64,16;64,32;64,64;64,128;64,256;64,512;64,1024;64,2048;64,4096;64,8192;64,16;64,32;64,64;64,128;64,256;64,512;64,1024;64,2048;64,4096;64,8192;64,16;64,32;64,64;64,128;64,256;64,512;64,1024;64,2048;64,4096;64,8192;64,16;64,32;64,64;64,128;64,256;64,512;64,1024;64,2048;64,4096;64,8192;64,16;64,32;64,64;64,128;64,256;64,512;64,1024;64,2048;64,4096;64,8192;64,16;64,32;64,64;64,128;64,256;64,512;64,1024;64,2048;64,4096;64,8192;64,16;64,32;64,64;64,128""",FLOAT16;FLOAT16;FLOAT16;FLOAT16;FLOAT16;FLOAT16;FLOAT16;FLOAT16;FLOAT16;FLOAT16;FLOAT16;FLOAT16;FLOAT16;FLOAT16;FLOAT16;FLOAT16;FLOAT16;FLOAT16;FLOAT16;FLOAT16;FLOAT16;FLOAT16;FLOAT16;FLOAT16;FLOAT16;FLOAT16;FLOAT16;FLOAT16;FLOAT16;FLOAT16;FLOAT16;FLOAT16;FLOAT16;FLOAT16;FLOAT16;FLOAT16;FLOAT16;FLOAT16;FLOAT16;FLOAT16;FLOAT16;FLOAT16;FLOAT16;FLOAT16;FLOAT16;FLOAT16;FLOAT16;FLOAT16;FLOAT16;FLOAT16;FLOAT16;FLOAT16;FLOAT16;FLOAT16;FLOAT16;FLOAT16;FLOAT16;FLOAT16;FLOAT16;FLOAT16;FLOAT16;FLOAT16;FLOAT16;FLOAT16,ND;ND;ND;ND;ND;ND;ND;ND;ND;ND;ND;ND;ND;ND;ND;ND;ND;ND;ND;ND;ND;ND;ND;ND;ND;ND;ND;ND;ND;ND;ND;ND;ND;ND;ND;ND;ND;ND;ND;ND;ND;ND;ND;ND;ND;ND;ND;ND;ND;ND;ND;ND;ND;ND;ND;ND;ND;ND;ND;ND;ND;ND;ND;ND,"""64,98448""",FLOAT16,ND,N/A,0.0,0,0.0,0.0,0.0,0.0,0.0,0.0,0.0,0.0,0.0,0.0,0.0,37.038,2444513,0.017,0.0,8.988,0.243,21.786,0.588,11.73,0.317,0.0,0.000
0,4294967295,262,47,aclnnMul_MulAiCore_Mul,Mul,dynamic,AI_VECTOR_CORE,1785698306386698.534	,335.626,0.000000,40,0,NO,"""4096,4096;4096,4096""",FLOAT;FLOAT,ND;ND,"""4096,4096""",FLOAT,ND,N/A,0.0,0,0.0,0.0,0.0,0.0,0.0,0.0,0.0,0.0,0.0,0.0,0.0,332.68,21956890,6.784,0.02,3.078,0.009,331.013,0.995,115.308,0.347,0.0,0.000
0,4294967295,263,47,Concat,Concat,dynamic,AI_VECTOR_CORE,1785698306387034.200	,39.481,0.124000,40,0,NO,"""64,16;64,32;64,64;64,128;64,256;64,512;64,1024;64,2048;64,4096;64,8192;64,16;64,32;64,64;64,128;64,256;64,512;64,1024;64,2048;64,4096;64,8192;64,16;64,32;64,64;64,128;64,256;64,512;64,1024;64,2048;64,4096;64,8192;64,16;64,32;64,64;64,128;64,256;64,512;64,1024;64,2048;64,4096;64,8192;64,16;64,32;64,64;64,128;64,256;64,512;64,1024;64,2048;64,4096;64,8192;64,16;64,32;64,64;64,128;64,256;64,512;64,1024;64,2048;64,4096;64,8192;64,16;64,32;64,64;64,128""",FLOAT16;FLOAT16;FLOAT16;FLOAT16;FLOAT16;FLOAT16;FLOAT16;FLOAT16;FLOAT16;FLOAT16;FLOAT16;FLOAT16;FLOAT16;FLOAT16;FLOAT16;FLOAT16;FLOAT16;FLOAT16;FLOAT16;FLOAT16;FLOAT16;FLOAT16;FLOAT16;FLOAT16;FLOAT16;FLOAT16;FLOAT16;FLOAT16;FLOAT16;FLOAT16;FLOAT16;FLOAT16;FLOAT16;FLOAT16;FLOAT16;FLOAT16;FLOAT16;FLOAT16;FLOAT16;FLOAT16;FLOAT16;FLOAT16;FLOAT16;FLOAT16;FLOAT16;FLOAT16;FLOAT16;FLOAT16;FLOAT16;FLOAT16;FLOAT16;FLOAT16;FLOAT16;FLOAT16;FLOAT16;FLOAT16;FLOAT16;FLOAT16;FLOAT16;FLOAT16;FLOAT16;FLOAT16;FLOAT16;FLOAT16,ND;ND;ND;ND;ND;ND;ND;ND;ND;ND;ND;ND;ND;ND;ND;ND;ND;ND;ND;ND;ND;ND;ND;ND;ND;ND;ND;ND;ND;ND;ND;ND;ND;ND;ND;ND;ND;ND;ND;ND;ND;ND;ND;ND;ND;ND;ND;ND;ND;ND;ND;ND;ND;ND;ND;ND;ND;ND;ND;ND;ND;ND;ND;ND,"""64,98448""",FLOAT16,ND,N/A,0.0,0,0.0,0.0,0.0,0.0,0.0,0.0,0.0,0.0,0.0,0.0,0.0,36.912,2436218,0.017,0.0,10.349,0.28,21.468,0.582,11.716,0.317,0.0,0.000
0,4294967295,264,47,aclnnMul_MulAiCore_Mul,Mul,dynamic,AI_VECTOR_CORE,1785698306387073.701	,333.067,0.019000,40,0,NO,"""4096,4096;4096,4096""",FLOAT;FLOAT,ND;ND,"""4096,4096""",FLOAT,ND,N/A,0.0,0,0.0,0.0,0.0,0.0,0.0,0.0,0.0,0.0,0.0,0.0,0.0,331.056,21849711,6.784,0.02,2.967,0.009,329.47,0.995,112.404,0.34,0.0,0.000
0,4294967295,265,47,Concat,Concat,dynamic,AI_VECTOR_CORE,1785698306387406.788	,41.501,0.000000,40,0,NO,"""64,16;64,32;64,64;64,128;64,256;64,512;64,1024;64,2048;64,4096;64,8192;64,16;64,32;64,64;64,128;64,256;64,512;64,1024;64,2048;64,4096;64,8192;64,16;64,32;64,64;64,128;64,256;64,512;64,1024;64,2048;64,4096;64,8192;64,16;64,32;64,64;64,128;64,256;64,512;64,1024;64,2048;64,4096;64,8192;64,16;64,32;64,64;64,128;64,256;64,512;64,1024;64,2048;64,4096;64,8192;64,16;64,32;64,64;64,128;64,256;64,512;64,1024;64,2048;64,4096;64,8192;64,16;64,32;64,64;64,128""",FLOAT16;FLOAT16;FLOAT16;FLOAT16;FLOAT16;FLOAT16;FLOAT16;FLOAT16;FLOAT16;FLOAT16;FLOAT16;FLOAT16;FLOAT16;FLOAT16;FLOAT16;FLOAT16;FLOAT16;FLOAT16;FLOAT16;FLOAT16;FLOAT16;FLOAT16;FLOAT16;FLOAT16;FLOAT16;FLOAT16;FLOAT16;FLOAT16;FLOAT16;FLOAT16;FLOAT16;FLOAT16;FLOAT16;FLOAT16;FLOAT16;FLOAT16;FLOAT16;FLOAT16;FLOAT16;FLOAT16;FLOAT16;FLOAT16;FLOAT16;FLOAT16;FLOAT16;FLOAT16;FLOAT16;FLOAT16;FLOAT16;FLOAT16;FLOAT16;FLOAT16;FLOAT16;FLOAT16;FLOAT16;FLOAT16;FLOAT16;FLOAT16;FLOAT16;FLOAT16;FLOAT16;FLOAT16;FLOAT16;FLOAT16,ND;ND;ND;ND;ND;ND;ND;ND;ND;ND;ND;ND;ND;ND;ND;ND;ND;ND;ND;ND;ND;ND;ND;ND;ND;ND;ND;ND;ND;ND;ND;ND;ND;ND;ND;ND;ND;ND;ND;ND;ND;ND;ND;ND;ND;ND;ND;ND;ND;ND;ND;ND;ND;ND;ND;ND;ND;ND;ND;ND;ND;ND;ND;ND,"""64,98448""",FLOAT16,ND,N/A,0.0,0,0.0,0.0,0.0,0.0,0.0,0.0,0.0,0.0,0.0,0.0,0.0,38.122,2516031,0.017,0.0,14.534,0.381,22.19,0.582,11.413,0.299,0.0,0.000
0,4294967295,266,47,aclnnMul_MulAiCore_Mul,Mul,dynamic,AI_VECTOR_CORE,1785698306387448.309	,334.206,0.000000,40,0,NO,"""4096,4096;4096,4096""",FLOAT;FLOAT,ND;ND,"""4096,4096""",FLOAT,ND,N/A,0.0,0,0.0,0.0,0.0,0.0,0.0,0.0,0.0,0.0,0.0,0.0,0.0,331.85,21902114,6.784,0.02,3.03,0.009,330.292,0.995,112.562,0.339,0.0,0.000
0,4294967295,267,47,Concat,Concat,dynamic,AI_VECTOR_CORE,1785698306387782.535	,41.401,0.044000,40,0,NO,"""64,16;64,32;64,64;64,128;64,256;64,512;64,1024;64,2048;64,4096;64,8192;64,16;64,32;64,64;64,128;64,256;64,512;64,1024;64,2048;64,4096;64,8192;64,16;64,32;64,64;64,128;64,256;64,512;64,1024;64,2048;64,4096;64,8192;64,16;64,32;64,64;64,128;64,256;64,512;64,1024;64,2048;64,4096;64,8192;64,16;64,32;64,64;64,128;64,256;64,512;64,1024;64,2048;64,4096;64,8192;64,16;64,32;64,64;64,128;64,256;64,512;64,1024;64,2048;64,4096;64,8192;64,16;64,32;64,64;64,128""",FLOAT16;FLOAT16;FLOAT16;FLOAT16;FLOAT16;FLOAT16;FLOAT16;FLOAT16;FLOAT16;FLOAT16;FLOAT16;FLOAT16;FLOAT16;FLOAT16;FLOAT16;FLOAT16;FLOAT16;FLOAT16;FLOAT16;FLOAT16;FLOAT16;FLOAT16;FLOAT16;FLOAT16;FLOAT16;FLOAT16;FLOAT16;FLOAT16;FLOAT16;FLOAT16;FLOAT16;FLOAT16;FLOAT16;FLOAT16;FLOAT16;FLOAT16;FLOAT16;FLOAT16;FLOAT16;FLOAT16;FLOAT16;FLOAT16;FLOAT16;FLOAT16;FLOAT16;FLOAT16;FLOAT16;FLOAT16;FLOAT16;FLOAT16;FLOAT16;FLOAT16;FLOAT16;FLOAT16;FLOAT16;FLOAT16;FLOAT16;FLOAT16;FLOAT16;FLOAT16;FLOAT16;FLOAT16;FLOAT16;FLOAT16,ND;ND;ND;ND;ND;ND;ND;ND;ND;ND;ND;ND;ND;ND;ND;ND;ND;ND;ND;ND;ND;ND;ND;ND;ND;ND;ND;ND;ND;ND;ND;ND;ND;ND;ND;ND;ND;ND;ND;ND;ND;ND;ND;ND;ND;ND;ND;ND;ND;ND;ND;ND;ND;ND;ND;ND;ND;ND;ND;ND;ND;ND;ND;ND,"""64,98448""",FLOAT16,ND,N/A,0.0,0,0.0,0.0,0.0,0.0,0.0,0.0,0.0,0.0,0.0,0.0,0.0,38.511,2541718,0.017,0.0,13.602,0.353,22.245,0.578,11.68,0.303,0.0,0.000
0,4294967295,268,47,aclnnMul_MulAiCore_Mul,Mul,dynamic,AI_VECTOR_CORE,1785698306387823.976	,333.007,0.099000,40,0,NO,"""4096,4096;4096,4096""",FLOAT;FLOAT,ND;ND,"""4096,4096""",FLOAT,ND,N/A,0.0,0,0.0,0.0,0.0,0.0,0.0,0.0,0.0,0.0,0.0,0.0,0.0,330.429,21808285,6.784,0.021,2.907,0.009,328.957,0.996,112.444,0.34,0.0,0.000
0,4294967295,269,47,Concat,Concat,dynamic,AI_VECTOR_CORE,1785698306388157.023	,39.841,0.000000,40,0,NO,"""64,16;64,32;64,64;64,128;64,256;64,512;64,1024;64,2048;64,4096;64,8192;64,16;64,32;64,64;64,128;64,256;64,512;64,1024;64,2048;64,4096;64,8192;64,16;64,32;64,64;64,128;64,256;64,512;64,1024;64,2048;64,4096;64,8192;64,16;64,32;64,64;64,128;64,256;64,512;64,1024;64,2048;64,4096;64,8192;64,16;64,32;64,64;64,128;64,256;64,512;64,1024;64,2048;64,4096;64,8192;64,16;64,32;64,64;64,128;64,256;64,512;64,1024;64,2048;64,4096;64,8192;64,16;64,32;64,64;64,128""",FLOAT16;FLOAT16;FLOAT16;FLOAT16;FLOAT16;FLOAT16;FLOAT16;FLOAT16;FLOAT16;FLOAT16;FLOAT16;FLOAT16;FLOAT16;FLOAT16;FLOAT16;FLOAT16;FLOAT16;FLOAT16;FLOAT16;FLOAT16;FLOAT16;FLOAT16;FLOAT16;FLOAT16;FLOAT16;FLOAT16;FLOAT16;FLOAT16;FLOAT16;FLOAT16;FLOAT16;FLOAT16;FLOAT16;FLOAT16;FLOAT16;FLOAT16;FLOAT16;FLOAT16;FLOAT16;FLOAT16;FLOAT16;FLOAT16;FLOAT16;FLOAT16;FLOAT16;FLOAT16;FLOAT16;FLOAT16;FLOAT16;FLOAT16;FLOAT16;FLOAT16;FLOAT16;FLOAT16;FLOAT16;FLOAT16;FLOAT16;FLOAT16;FLOAT16;FLOAT16;FLOAT16;FLOAT16;FLOAT16;FLOAT16,ND;ND;ND;ND;ND;ND;ND;ND;ND;ND;ND;ND;ND;ND;ND;ND;ND;ND;ND;ND;ND;ND;ND;ND;ND;ND;ND;ND;ND;ND;ND;ND;ND;ND;ND;ND;ND;ND;ND;ND;ND;ND;ND;ND;ND;ND;ND;ND;ND;ND;ND;ND;ND;ND;ND;ND;ND;ND;ND;ND;ND;ND;ND;ND,"""64,98448""",FLOAT16,ND,N/A,0.0,0,0.0,0.0,0.0,0.0,0.0,0.0,0.0,0.0,0.0,0.0,0.0,36.61,2416263,0.017,0.0,12.641,0.345,21.652,0.591,11.143,0.304,0.0,0.000
0,4294967295,270,47,aclnnMul_MulAiCore_Mul,Mul,dynamic,AI_VECTOR_CORE,1785698306388196.884	,334.506,0.159000,40,0,NO,"""4096,4096;4096,4096""",FLOAT;FLOAT,ND;ND,"""4096,4096""",FLOAT,ND,N/A,0.0,0,0.0,0.0,0.0,0.0,0.0,0.0,0.0,0.0,0.0,0.0,0.0,332.013,21912840,6.784,0.02,3.032,0.009,330.414,0.995,112.956,0.34,0.0,0.000
0,4294967295,271,47,Concat,Concat,dynamic,AI_VECTOR_CORE,1785698306388531.410	,39.461,0.000000,40,0,NO,"""64,16;64,32;64,64;64,128;64,256;64,512;64,1024;64,2048;64,4096;64,8192;64,16;64,32;64,64;64,128;64,256;64,512;64,1024;64,2048;64,4096;64,8192;64,16;64,32;64,64;64,128;64,256;64,512;64,1024;64,2048;64,4096;64,8192;64,16;64,32;64,64;64,128;64,256;64,512;64,1024;64,2048;64,4096;64,8192;64,16;64,32;64,64;64,128;64,256;64,512;64,1024;64,2048;64,4096;64,8192;64,16;64,32;64,64;64,128;64,256;64,512;64,1024;64,2048;64,4096;64,8192;64,16;64,32;64,64;64,128""",FLOAT16;FLOAT16;FLOAT16;FLOAT16;FLOAT16;FLOAT16;FLOAT16;FLOAT16;FLOAT16;FLOAT16;FLOAT16;FLOAT16;FLOAT16;FLOAT16;FLOAT16;FLOAT16;FLOAT16;FLOAT16;FLOAT16;FLOAT16;FLOAT16;FLOAT16;FLOAT16;FLOAT16;FLOAT16;FLOAT16;FLOAT16;FLOAT16;FLOAT16;FLOAT16;FLOAT16;FLOAT16;FLOAT16;FLOAT16;FLOAT16;FLOAT16;FLOAT16;FLOAT16;FLOAT16;FLOAT16;FLOAT16;FLOAT16;FLOAT16;FLOAT16;FLOAT16;FLOAT16;FLOAT16;FLOAT16;FLOAT16;FLOAT16;FLOAT16;FLOAT16;FLOAT16;FLOAT16;FLOAT16;FLOAT16;FLOAT16;FLOAT16;FLOAT16;FLOAT16;FLOAT16;FLOAT16;FLOAT16;FLOAT16,ND;ND;ND;ND;ND;ND;ND;ND;ND;ND;ND;ND;ND;ND;ND;ND;ND;ND;ND;ND;ND;ND;ND;ND;ND;ND;ND;ND;ND;ND;ND;ND;ND;ND;ND;ND;ND;ND;ND;ND;ND;ND;ND;ND;ND;ND;ND;ND;ND;ND;ND;ND;ND;ND;ND;ND;ND;ND;ND;ND;ND;ND;ND;ND,"""64,98448""",FLOAT16,ND,N/A,0.0,0,0.0,0.0,0.0,0.0,0.0,0.0,0.0,0.0,0.0,0.0,0.0,36.111,2383335,0.017,0.0,13.434,0.372,21.143,0.585,11.066,0.306,0.0,0.000
0,4294967295,272,47,aclnnMul_MulAiCore_Mul,Mul,dynamic,AI_VECTOR_CORE,1785698306388570.911	,333.707,0.039000,40,0,NO,"""4096,4096;4096,4096""",FLOAT;FLOAT,ND;ND,"""4096,4096""",FLOAT,ND,N/A,0.0,0,0.0,0.0,0.0,0.0,0.0,0.0,0.0,0.0,0.0,0.0,0.0,331.703,21892382,6.784,0.02,3.15,0.009,330.048,0.995,112.727,0.34,0.0,0.000
0,4294967295,273,47,Concat,Concat,dynamic,AI_VECTOR_CORE,1785698306388904.638	,40.781,0.043000,40,0,NO,"""64,16;64,32;64,64;64,128;64,256;64,512;64,1024;64,2048;64,4096;64,8192;64,16;64,32;64,64;64,128;64,256;64,512;64,1024;64,2048;64,4096;64,8192;64,16;64,32;64,64;64,128;64,256;64,512;64,1024;64,2048;64,4096;64,8192;64,16;64,32;64,64;64,128;64,256;64,512;64,1024;64,2048;64,4096;64,8192;64,16;64,32;64,64;64,128;64,256;64,512;64,1024;64,2048;64,4096;64,8192;64,16;64,32;64,64;64,128;64,256;64,512;64,1024;64,2048;64,4096;64,8192;64,16;64,32;64,64;64,128""",FLOAT16;FLOAT16;FLOAT16;FLOAT16;FLOAT16;FLOAT16;FLOAT16;FLOAT16;FLOAT16;FLOAT16;FLOAT16;FLOAT16;FLOAT16;FLOAT16;FLOAT16;FLOAT16;FLOAT16;FLOAT16;FLOAT16;FLOAT16;FLOAT16;FLOAT16;FLOAT16;FLOAT16;FLOAT16;FLOAT16;FLOAT16;FLOAT16;FLOAT16;FLOAT16;FLOAT16;FLOAT16;FLOAT16;FLOAT16;FLOAT16;FLOAT16;FLOAT16;FLOAT16;FLOAT16;FLOAT16;FLOAT16;FLOAT16;FLOAT16;FLOAT16;FLOAT16;FLOAT16;FLOAT16;FLOAT16;FLOAT16;FLOAT16;FLOAT16;FLOAT16;FLOAT16;FLOAT16;FLOAT16;FLOAT16;FLOAT16;FLOAT16;FLOAT16;FLOAT16;FLOAT16;FLOAT16;FLOAT16;FLOAT16,ND;ND;ND;ND;ND;ND;ND;ND;ND;ND;ND;ND;ND;ND;ND;ND;ND;ND;ND;ND;ND;ND;ND;ND;ND;ND;ND;ND;ND;ND;ND;ND;ND;ND;ND;ND;ND;ND;ND;ND;ND;ND;ND;ND;ND;ND;ND;ND;ND;ND;ND;ND;ND;ND;ND;ND;ND;ND;ND;ND;ND;ND;ND;ND,"""64,98448""",FLOAT16,ND,N/A,0.0,0,0.0,0.0,0.0,0.0,0.0,0.0,0.0,0.0,0.0,0.0,0.0,37.704,2488483,0.017,0.0,7.829,0.208,22.593,0.599,11.479,0.304,0.0,0.000
0,4294967295,274,47,aclnnMul_MulAiCore_Mul,Mul,dynamic,AI_VECTOR_CORE,1785698306388945.439	,333.266,0.000000,40,0,NO,"""4096,4096;4096,4096""",FLOAT;FLOAT,ND;ND,"""4096,4096""",FLOAT,ND,N/A,0.0,0,0.0,0.0,0.0,0.0,0.0,0.0,0.0,0.0,0.0,0.0,0.0,331.198,21859074,6.784,0.02,3.034,0.009,329.633,0.995,111.65,0.337,0.0,0.000
0,4294967295,275,47,Concat,Concat,dynamic,AI_VECTOR_CORE,1785698306389278.725	,40.421,0.000000,40,0,NO,"""64,16;64,32;64,64;64,128;64,256;64,512;64,1024;64,2048;64,4096;64,8192;64,16;64,32;64,64;64,128;64,256;64,512;64,1024;64,2048;64,4096;64,8192;64,16;64,32;64,64;64,128;64,256;64,512;64,1024;64,2048;64,4096;64,8192;64,16;64,32;64,64;64,128;64,256;64,512;64,1024;64,2048;64,4096;64,8192;64,16;64,32;64,64;64,128;64,256;64,512;64,1024;64,2048;64,4096;64,8192;64,16;64,32;64,64;64,128;64,256;64,512;64,1024;64,2048;64,4096;64,8192;64,16;64,32;64,64;64,128""",FLOAT16;FLOAT16;FLOAT16;FLOAT16;FLOAT16;FLOAT16;FLOAT16;FLOAT16;FLOAT16;FLOAT16;FLOAT16;FLOAT16;FLOAT16;FLOAT16;FLOAT16;FLOAT16;FLOAT16;FLOAT16;FLOAT16;FLOAT16;FLOAT16;FLOAT16;FLOAT16;FLOAT16;FLOAT16;FLOAT16;FLOAT16;FLOAT16;FLOAT16;FLOAT16;FLOAT16;FLOAT16;FLOAT16;FLOAT16;FLOAT16;FLOAT16;FLOAT16;FLOAT16;FLOAT16;FLOAT16;FLOAT16;FLOAT16;FLOAT16;FLOAT16;FLOAT16;FLOAT16;FLOAT16;FLOAT16;FLOAT16;FLOAT16;FLOAT16;FLOAT16;FLOAT16;FLOAT16;FLOAT16;FLOAT16;FLOAT16;FLOAT16;FLOAT16;FLOAT16;FLOAT16;FLOAT16;FLOAT16;FLOAT16,ND;ND;ND;ND;ND;ND;ND;ND;ND;ND;ND;ND;ND;ND;ND;ND;ND;ND;ND;ND;ND;ND;ND;ND;ND;ND;ND;ND;ND;ND;ND;ND;ND;ND;ND;ND;ND;ND;ND;ND;ND;ND;ND;ND;ND;ND;ND;ND;ND;ND;ND;ND;ND;ND;ND;ND;ND;ND;ND;ND;ND;ND;ND;ND,"""64,98448""",FLOAT16,ND,N/A,0.0,0,0.0,0.0,0.0,0.0,0.0,0.0,0.0,0.0,0.0,0.0,0.0,37.273,2460021,0.017,0.0,7.603,0.204,22.12,0.593,11.623,0.312,0.0,0.000
0,4294967295,276,47,aclnnMul_MulAiCore_Mul,Mul,dynamic,AI_VECTOR_CORE,1785698306389319.166	,333.027,0.079000,40,0,NO,"""4096,4096;4096,4096""",FLOAT;FLOAT,ND;ND,"""4096,4096""",FLOAT,ND,N/A,0.0,0,0.0,0.0,0.0,0.0,0.0,0.0,0.0,0.0,0.0,0.0,0.0,330.686,21825285,6.784,0.021,3.109,0.009,329.012,0.995,110.931,0.335,0.0,0.000
0,4294967295,277,47,Concat,Concat,dynamic,AI_VECTOR_CORE,1785698306389652.213	,40.141,0.000000,40,0,NO,"""64,16;64,32;64,64;64,128;64,256;64,512;64,1024;64,2048;64,4096;64,8192;64,16;64,32;64,64;64,128;64,256;64,512;64,1024;64,2048;64,4096;64,8192;64,16;64,32;64,64;64,128;64,256;64,512;64,1024;64,2048;64,4096;64,8192;64,16;64,32;64,64;64,128;64,256;64,512;64,1024;64,2048;64,4096;64,8192;64,16;64,32;64,64;64,128;64,256;64,512;64,1024;64,2048;64,4096;64,8192;64,16;64,32;64,64;64,128;64,256;64,512;64,1024;64,2048;64,4096;64,8192;64,16;64,32;64,64;64,128""",FLOAT16;FLOAT16;FLOAT16;FLOAT16;FLOAT16;FLOAT16;FLOAT16;FLOAT16;FLOAT16;FLOAT16;FLOAT16;FLOAT16;FLOAT16;FLOAT16;FLOAT16;FLOAT16;FLOAT16;FLOAT16;FLOAT16;FLOAT16;FLOAT16;FLOAT16;FLOAT16;FLOAT16;FLOAT16;FLOAT16;FLOAT16;FLOAT16;FLOAT16;FLOAT16;FLOAT16;FLOAT16;FLOAT16;FLOAT16;FLOAT16;FLOAT16;FLOAT16;FLOAT16;FLOAT16;FLOAT16;FLOAT16;FLOAT16;FLOAT16;FLOAT16;FLOAT16;FLOAT16;FLOAT16;FLOAT16;FLOAT16;FLOAT16;FLOAT16;FLOAT16;FLOAT16;FLOAT16;FLOAT16;FLOAT16;FLOAT16;FLOAT16;FLOAT16;FLOAT16;FLOAT16;FLOAT16;FLOAT16;FLOAT16,ND;ND;ND;ND;ND;ND;ND;ND;ND;ND;ND;ND;ND;ND;ND;ND;ND;ND;ND;ND;ND;ND;ND;ND;ND;ND;ND;ND;ND;ND;ND;ND;ND;ND;ND;ND;ND;ND;ND;ND;ND;ND;ND;ND;ND;ND;ND;ND;ND;ND;ND;ND;ND;ND;ND;ND;ND;ND;ND;ND;ND;ND;ND;ND,"""64,98448""",FLOAT16,ND,N/A,0.0,0,0.0,0.0,0.0,0.0,0.0,0.0,0.0,0.0,0.0,0.0,0.0,36.954,2438961,0.017,0.0,9.34,0.253,21.409,0.579,11.631,0.315,0.0,0.000
0,4294967295,278,47,aclnnMul_MulAiCore_Mul,Mul,dynamic,AI_VECTOR_CORE,1785698306389692.374	,333.966,0.000000,40,0,NO,"""4096,4096;4096,4096""",FLOAT;FLOAT,ND;ND,"""4096,4096""",FLOAT,ND,N/A,0.0,0,0.0,0.0,0.0,0.0,0.0,0.0,0.0,0.0,0.0,0.0,0.0,331.881,21904169,6.784,0.02,3.076,0.009,330.206,0.995,112.688,0.34,0.0,0.000
0,4294967295,279,47,Concat,Concat,dynamic,AI_VECTOR_CORE,1785698306390026.360	,38.961,0.034000,40,0,NO,"""64,16;64,32;64,64;64,128;64,256;64,512;64,1024;64,2048;64,4096;64,8192;64,16;64,32;64,64;64,128;64,256;64,512;64,1024;64,2048;64,4096;64,8192;64,16;64,32;64,64;64,128;64,256;64,512;64,1024;64,2048;64,4096;64,8192;64,16;64,32;64,64;64,128;64,256;64,512;64,1024;64,2048;64,4096;64,8192;64,16;64,32;64,64;64,128;64,256;64,512;64,1024;64,2048;64,4096;64,8192;64,16;64,32;64,64;64,128;64,256;64,512;64,1024;64,2048;64,4096;64,8192;64,16;64,32;64,64;64,128""",FLOAT16;FLOAT16;FLOAT16;FLOAT16;FLOAT16;FLOAT16;FLOAT16;FLOAT16;FLOAT16;FLOAT16;FLOAT16;FLOAT16;FLOAT16;FLOAT16;FLOAT16;FLOAT16;FLOAT16;FLOAT16;FLOAT16;FLOAT16;FLOAT16;FLOAT16;FLOAT16;FLOAT16;FLOAT16;FLOAT16;FLOAT16;FLOAT16;FLOAT16;FLOAT16;FLOAT16;FLOAT16;FLOAT16;FLOAT16;FLOAT16;FLOAT16;FLOAT16;FLOAT16;FLOAT16;FLOAT16;FLOAT16;FLOAT16;FLOAT16;FLOAT16;FLOAT16;FLOAT16;FLOAT16;FLOAT16;FLOAT16;FLOAT16;FLOAT16;FLOAT16;FLOAT16;FLOAT16;FLOAT16;FLOAT16;FLOAT16;FLOAT16;FLOAT16;FLOAT16;FLOAT16;FLOAT16;FLOAT16;FLOAT16,ND;ND;ND;ND;ND;ND;ND;ND;ND;ND;ND;ND;ND;ND;ND;ND;ND;ND;ND;ND;ND;ND;ND;ND;ND;ND;ND;ND;ND;ND;ND;ND;ND;ND;ND;ND;ND;ND;ND;ND;ND;ND;ND;ND;ND;ND;ND;ND;ND;ND;ND;ND;ND;ND;ND;ND;ND;ND;ND;ND;ND;ND;ND;ND,"""64,98448""",FLOAT16,ND,N/A,0.0,0,0.0,0.0,0.0,0.0,0.0,0.0,0.0,0.0,0.0,0.0,0.0,36.059,2379885,0.017,0.0,9.447,0.262,21.283,0.59,11.149,0.309,0.0,0.000
0,4294967295,280,47,aclnnMul_MulAiCore_Mul,Mul,dynamic,AI_VECTOR_CORE,1785698306390065.341	,332.987,0.039000,40,0,NO,"""4096,4096;4096,4096""",FLOAT;FLOAT,ND;ND,"""4096,4096""",FLOAT,ND,N/A,0.0,0,0.0,0.0,0.0,0.0,0.0,0.0,0.0,0.0,0.0,0.0,0.0,330.619,21820827,6.784,0.021,3.065,0.009,329.007,0.995,110.998,0.336,0.0,0.000
0,4294967295,281,47,Concat,Concat,dynamic,AI_VECTOR_CORE,1785698306390398.368	,41.481,0.013000,40,0,NO,"""64,16;64,32;64,64;64,128;64,256;64,512;64,1024;64,2048;64,4096;64,8192;64,16;64,32;64,64;64,128;64,256;64,512;64,1024;64,2048;64,4096;64,8192;64,16;64,32;64,64;64,128;64,256;64,512;64,1024;64,2048;64,4096;64,8192;64,16;64,32;64,64;64,128;64,256;64,512;64,1024;64,2048;64,4096;64,8192;64,16;64,32;64,64;64,128;64,256;64,512;64,1024;64,2048;64,4096;64,8192;64,16;64,32;64,64;64,128;64,256;64,512;64,1024;64,2048;64,4096;64,8192;64,16;64,32;64,64;64,128""",FLOAT16;FLOAT16;FLOAT16;FLOAT16;FLOAT16;FLOAT16;FLOAT16;FLOAT16;FLOAT16;FLOAT16;FLOAT16;FLOAT16;FLOAT16;FLOAT16;FLOAT16;FLOAT16;FLOAT16;FLOAT16;FLOAT16;FLOAT16;FLOAT16;FLOAT16;FLOAT16;FLOAT16;FLOAT16;FLOAT16;FLOAT16;FLOAT16;FLOAT16;FLOAT16;FLOAT16;FLOAT16;FLOAT16;FLOAT16;FLOAT16;FLOAT16;FLOAT16;FLOAT16;FLOAT16;FLOAT16;FLOAT16;FLOAT16;FLOAT16;FLOAT16;FLOAT16;FLOAT16;FLOAT16;FLOAT16;FLOAT16;FLOAT16;FLOAT16;FLOAT16;FLOAT16;FLOAT16;FLOAT16;FLOAT16;FLOAT16;FLOAT16;FLOAT16;FLOAT16;FLOAT16;FLOAT16;FLOAT16;FLOAT16,ND;ND;ND;ND;ND;ND;ND;ND;ND;ND;ND;ND;ND;ND;ND;ND;ND;ND;ND;ND;ND;ND;ND;ND;ND;ND;ND;ND;ND;ND;ND;ND;ND;ND;ND;ND;ND;ND;ND;ND;ND;ND;ND;ND;ND;ND;ND;ND;ND;ND;ND;ND;ND;ND;ND;ND;ND;ND;ND;ND;ND;ND;ND;ND,"""64,98448""",FLOAT16,ND,N/A,0.0,0,0.0,0.0,0.0,0.0,0.0,0.0,0.0,0.0,0.0,0.0,0.0,38.304,2528033,0.017,0.0,13.311,0.348,22.163,0.579,11.867,0.31,0.0,0.000
0,4294967295,282,47,aclnnMul_MulAiCore_Mul,Mul,dynamic,AI_VECTOR_CORE,1785698306390439.889	,333.766,0.269000,40,0,NO,"""4096,4096;4096,4096""",FLOAT;FLOAT,ND;ND,"""4096,4096""",FLOAT,ND,N/A,0.0,0,0.0,0.0,0.0,0.0,0.0,0.0,0.0,0.0,0.0,0.0,0.0,330.815,21833780,6.784,0.021,2.978,0.009,329.269,0.995,112.17,0.339,0.0,0.000
0,4294967295,283,47,Concat,Concat,dynamic,AI_VECTOR_CORE,1785698306390773.675	,41.541,0.000000,40,0,NO,"""64,16;64,32;64,64;64,128;64,256;64,512;64,1024;64,2048;64,4096;64,8192;64,16;64,32;64,64;64,128;64,256;64,512;64,1024;64,2048;64,4096;64,8192;64,16;64,32;64,64;64,128;64,256;64,512;64,1024;64,2048;64,4096;64,8192;64,16;64,32;64,64;64,128;64,256;64,512;64,1024;64,2048;64,4096;64,8192;64,16;64,32;64,64;64,128;64,256;64,512;64,1024;64,2048;64,4096;64,8192;64,16;64,32;64,64;64,128;64,256;64,512;64,1024;64,2048;64,4096;64,8192;64,16;64,32;64,64;64,128""",FLOAT16;FLOAT16;FLOAT16;FLOAT16;FLOAT16;FLOAT16;FLOAT16;FLOAT16;FLOAT16;FLOAT16;FLOAT16;FLOAT16;FLOAT16;FLOAT16;FLOAT16;FLOAT16;FLOAT16;FLOAT16;FLOAT16;FLOAT16;FLOAT16;FLOAT16;FLOAT16;FLOAT16;FLOAT16;FLOAT16;FLOAT16;FLOAT16;FLOAT16;FLOAT16;FLOAT16;FLOAT16;FLOAT16;FLOAT16;FLOAT16;FLOAT16;FLOAT16;FLOAT16;FLOAT16;FLOAT16;FLOAT16;FLOAT16;FLOAT16;FLOAT16;FLOAT16;FLOAT16;FLOAT16;FLOAT16;FLOAT16;FLOAT16;FLOAT16;FLOAT16;FLOAT16;FLOAT16;FLOAT16;FLOAT16;FLOAT16;FLOAT16;FLOAT16;FLOAT16;FLOAT16;FLOAT16;FLOAT16;FLOAT16,ND;ND;ND;ND;ND;ND;ND;ND;ND;ND;ND;ND;ND;ND;ND;ND;ND;ND;ND;ND;ND;ND;ND;ND;ND;ND;ND;ND;ND;ND;ND;ND;ND;ND;ND;ND;ND;ND;ND;ND;ND;ND;ND;ND;ND;ND;ND;ND;ND;ND;ND;ND;ND;ND;ND;ND;ND;ND;ND;ND;ND;ND;ND;ND,"""64,98448""",FLOAT16,ND,N/A,0.0,0,0.0,0.0,0.0,0.0,0.0,0.0,0.0,0.0,0.0,0.0,0.0,38.938,2569922,0.017,0.0,13.927,0.358,22.652,0.582,11.499,0.295,0.0,0.000
0,4294967295,284,47,aclnnMul_MulAiCore_Mul,Mul,dynamic,AI_VECTOR_CORE,1785698306390815.236	,333.267,0.000000,40,0,NO,"""4096,4096;4096,4096""",FLOAT;FLOAT,ND;ND,"""4096,4096""",FLOAT,ND,N/A,0.0,0,0.0,0.0,0.0,0.0,0.0,0.0,0.0,0.0,0.0,0.0,0.0,330.977,21844495,6.784,0.02,3.019,0.009,329.383,0.995,111.311,0.336,0.0,0.000
0,4294967295,285,47,Concat,Concat,dynamic,AI_VECTOR_CORE,1785698306391148.523	,40.040,0.000000,40,0,NO,"""64,16;64,32;64,64;64,128;64,256;64,512;64,1024;64,2048;64,4096;64,8192;64,16;64,32;64,64;64,128;64,256;64,512;64,1024;64,2048;64,4096;64,8192;64,16;64,32;64,64;64,128;64,256;64,512;64,1024;64,2048;64,4096;64,8192;64,16;64,32;64,64;64,128;64,256;64,512;64,1024;64,2048;64,4096;64,8192;64,16;64,32;64,64;64,128;64,256;64,512;64,1024;64,2048;64,4096;64,8192;64,16;64,32;64,64;64,128;64,256;64,512;64,1024;64,2048;64,4096;64,8192;64,16;64,32;64,64;64,128""",FLOAT16;FLOAT16;FLOAT16;FLOAT16;FLOAT16;FLOAT16;FLOAT16;FLOAT16;FLOAT16;FLOAT16;FLOAT16;FLOAT16;FLOAT16;FLOAT16;FLOAT16;FLOAT16;FLOAT16;FLOAT16;FLOAT16;FLOAT16;FLOAT16;FLOAT16;FLOAT16;FLOAT16;FLOAT16;FLOAT16;FLOAT16;FLOAT16;FLOAT16;FLOAT16;FLOAT16;FLOAT16;FLOAT16;FLOAT16;FLOAT16;FLOAT16;FLOAT16;FLOAT16;FLOAT16;FLOAT16;FLOAT16;FLOAT16;FLOAT16;FLOAT16;FLOAT16;FLOAT16;FLOAT16;FLOAT16;FLOAT16;FLOAT16;FLOAT16;FLOAT16;FLOAT16;FLOAT16;FLOAT16;FLOAT16;FLOAT16;FLOAT16;FLOAT16;FLOAT16;FLOAT16;FLOAT16;FLOAT16;FLOAT16,ND;ND;ND;ND;ND;ND;ND;ND;ND;ND;ND;ND;ND;ND;ND;ND;ND;ND;ND;ND;ND;ND;ND;ND;ND;ND;ND;ND;ND;ND;ND;ND;ND;ND;ND;ND;ND;ND;ND;ND;ND;ND;ND;ND;ND;ND;ND;ND;ND;ND;ND;ND;ND;ND;ND;ND;ND;ND;ND;ND;ND;ND;ND;ND,"""64,98448""",FLOAT16,ND,N/A,0.0,0,0.0,0.0,0.0,0.0,0.0,0.0,0.0,0.0,0.0,0.0,0.0,36.501,2409056,0.017,0.0,13.013,0.357,21.359,0.585,11.291,0.309,0.0,0.000
0,4294967295,286,47,aclnnMul_MulAiCore_Mul,Mul,dynamic,AI_VECTOR_CORE,1785698306391188.583	,333.547,0.000000,40,0,NO,"""4096,4096;4096,4096""",FLOAT;FLOAT,ND;ND,"""4096,4096""",FLOAT,ND,N/A,0.0,0,0.0,0.0,0.0,0.0,0.0,0.0,0.0,0.0,0.0,0.0,0.0,331.067,21850423,6.784,0.02,2.946,0.009,329.571,0.995,112.517,0.34,0.0,0.000
0,4294967295,287,47,Concat,Concat,dynamic,AI_VECTOR_CORE,1785698306391522.150	,38.161,0.203000,40,0,NO,"""64,16;64,32;64,64;64,128;64,256;64,512;64,1024;64,2048;64,4096;64,8192;64,16;64,32;64,64;64,128;64,256;64,512;64,1024;64,2048;64,4096;64,8192;64,16;64,32;64,64;64,128;64,256;64,512;64,1024;64,2048;64,4096;64,8192;64,16;64,32;64,64;64,128;64,256;64,512;64,1024;64,2048;64,4096;64,8192;64,16;64,32;64,64;64,128;64,256;64,512;64,1024;64,2048;64,4096;64,8192;64,16;64,32;64,64;64,128;64,256;64,512;64,1024;64,2048;64,4096;64,8192;64,16;64,32;64,64;64,128""",FLOAT16;FLOAT16;FLOAT16;FLOAT16;FLOAT16;FLOAT16;FLOAT16;FLOAT16;FLOAT16;FLOAT16;FLOAT16;FLOAT16;FLOAT16;FLOAT16;FLOAT16;FLOAT16;FLOAT16;FLOAT16;FLOAT16;FLOAT16;FLOAT16;FLOAT16;FLOAT16;FLOAT16;FLOAT16;FLOAT16;FLOAT16;FLOAT16;FLOAT16;FLOAT16;FLOAT16;FLOAT16;FLOAT16;FLOAT16;FLOAT16;FLOAT16;FLOAT16;FLOAT16;FLOAT16;FLOAT16;FLOAT16;FLOAT16;FLOAT16;FLOAT16;FLOAT16;FLOAT16;FLOAT16;FLOAT16;FLOAT16;FLOAT16;FLOAT16;FLOAT16;FLOAT16;FLOAT16;FLOAT16;FLOAT16;FLOAT16;FLOAT16;FLOAT16;FLOAT16;FLOAT16;FLOAT16;FLOAT16;FLOAT16,ND;ND;ND;ND;ND;ND;ND;ND;ND;ND;ND;ND;ND;ND;ND;ND;ND;ND;ND;ND;ND;ND;ND;ND;ND;ND;ND;ND;ND;ND;ND;ND;ND;ND;ND;ND;ND;ND;ND;ND;ND;ND;ND;ND;ND;ND;ND;ND;ND;ND;ND;ND;ND;ND;ND;ND;ND;ND;ND;ND;ND;ND;ND;ND,"""64,98448""",FLOAT16,ND,N/A,0.0,0,0.0,0.0,0.0,0.0,0.0,0.0,0.0,0.0,0.0,0.0,0.0,35.418,2337584,0.017,0.0,10.467,0.296,20.728,0.585,11.207,0.316,0.0,0.000
0,4294967295,288,47,aclnnMul_MulAiCore_Mul,Mul,dynamic,AI_VECTOR_CORE,1785698306391560.331	,333.807,0.000000,40,0,NO,"""4096,4096;4096,4096""",FLOAT;FLOAT,ND;ND,"""4096,4096""",FLOAT,ND,N/A,0.0,0,0.0,0.0,0.0,0.0,0.0,0.0,0.0,0.0,0.0,0.0,0.0,332.052,21915428,6.784,0.02,3.097,0.009,330.444,0.995,112.88,0.34,0.0,0.000
0,4294967295,289,47,Concat,Concat,dynamic,AI_VECTOR_CORE,1785698306391894.158	,40.480,0.193000,40,0,NO,"""64,16;64,32;64,64;64,128;64,256;64,512;64,1024;64,2048;64,4096;64,8192;64,16;64,32;64,64;64,128;64,256;64,512;64,1024;64,2048;64,4096;64,8192;64,16;64,32;64,64;64,128;64,256;64,512;64,1024;64,2048;64,4096;64,8192;64,16;64,32;64,64;64,128;64,256;64,512;64,1024;64,2048;64,4096;64,8192;64,16;64,32;64,64;64,128;64,256;64,512;64,1024;64,2048;64,4096;64,8192;64,16;64,32;64,64;64,128;64,256;64,512;64,1024;64,2048;64,4096;64,8192;64,16;64,32;64,64;64,128""",FLOAT16;FLOAT16;FLOAT16;FLOAT16;FLOAT16;FLOAT16;FLOAT16;FLOAT16;FLOAT16;FLOAT16;FLOAT16;FLOAT16;FLOAT16;FLOAT16;FLOAT16;FLOAT16;FLOAT16;FLOAT16;FLOAT16;FLOAT16;FLOAT16;FLOAT16;FLOAT16;FLOAT16;FLOAT16;FLOAT16;FLOAT16;FLOAT16;FLOAT16;FLOAT16;FLOAT16;FLOAT16;FLOAT16;FLOAT16;FLOAT16;FLOAT16;FLOAT16;FLOAT16;FLOAT16;FLOAT16;FLOAT16;FLOAT16;FLOAT16;FLOAT16;FLOAT16;FLOAT16;FLOAT16;FLOAT16;FLOAT16;FLOAT16;FLOAT16;FLOAT16;FLOAT16;FLOAT16;FLOAT16;FLOAT16;FLOAT16;FLOAT16;FLOAT16;FLOAT16;FLOAT16;FLOAT16;FLOAT16;FLOAT16,ND;ND;ND;ND;ND;ND;ND;ND;ND;ND;ND;ND;ND;ND;ND;ND;ND;ND;ND;ND;ND;ND;ND;ND;ND;ND;ND;ND;ND;ND;ND;ND;ND;ND;ND;ND;ND;ND;ND;ND;ND;ND;ND;ND;ND;ND;ND;ND;ND;ND;ND;ND;ND;ND;ND;ND;ND;ND;ND;ND;ND;ND;ND;ND,"""64,98448""",FLOAT16,ND,N/A,0.0,0,0.0,0.0,0.0,0.0,0.0,0.0,0.0,0.0,0.0,0.0,0.0,37.623,2483092,0.017,0.0,9.657,0.257,22.264,0.592,11.667,0.31,0.0,0.000
0,4294967295,290,47,aclnnMul_MulAiCore_Mul,Mul,dynamic,AI_VECTOR_CORE,1785698306391934.678	,332.807,0.020000,40,0,NO,"""4096,4096;4096,4096""",FLOAT;FLOAT,ND;ND,"""4096,4096""",FLOAT,ND,N/A,0.0,0,0.0,0.0,0.0,0.0,0.0,0.0,0.0,0.0,0.0,0.0,0.0,330.336,21802149,6.784,0.021,3.036,0.009,328.748,0.995,111.492,0.338,0.0,0.000
0,4294967295,291,47,Concat,Concat,dynamic,AI_VECTOR_CORE,1785698306392267.505	,40.941,0.000000,40,0,NO,"""64,16;64,32;64,64;64,128;64,256;64,512;64,1024;64,2048;64,4096;64,8192;64,16;64,32;64,64;64,128;64,256;64,512;64,1024;64,2048;64,4096;64,8192;64,16;64,32;64,64;64,128;64,256;64,512;64,1024;64,2048;64,4096;64,8192;64,16;64,32;64,64;64,128;64,256;64,512;64,1024;64,2048;64,4096;64,8192;64,16;64,32;64,64;64,128;64,256;64,512;64,1024;64,2048;64,4096;64,8192;64,16;64,32;64,64;64,128;64,256;64,512;64,1024;64,2048;64,4096;64,8192;64,16;64,32;64,64;64,128""",FLOAT16;FLOAT16;FLOAT16;FLOAT16;FLOAT16;FLOAT16;FLOAT16;FLOAT16;FLOAT16;FLOAT16;FLOAT16;FLOAT16;FLOAT16;FLOAT16;FLOAT16;FLOAT16;FLOAT16;FLOAT16;FLOAT16;FLOAT16;FLOAT16;FLOAT16;FLOAT16;FLOAT16;FLOAT16;FLOAT16;FLOAT16;FLOAT16;FLOAT16;FLOAT16;FLOAT16;FLOAT16;FLOAT16;FLOAT16;FLOAT16;FLOAT16;FLOAT16;FLOAT16;FLOAT16;FLOAT16;FLOAT16;FLOAT16;FLOAT16;FLOAT16;FLOAT16;FLOAT16;FLOAT16;FLOAT16;FLOAT16;FLOAT16;FLOAT16;FLOAT16;FLOAT16;FLOAT16;FLOAT16;FLOAT16;FLOAT16;FLOAT16;FLOAT16;FLOAT16;FLOAT16;FLOAT16;FLOAT16;FLOAT16,ND;ND;ND;ND;ND;ND;ND;ND;ND;ND;ND;ND;ND;ND;ND;ND;ND;ND;ND;ND;ND;ND;ND;ND;ND;ND;ND;ND;ND;ND;ND;ND;ND;ND;ND;ND;ND;ND;ND;ND;ND;ND;ND;ND;ND;ND;ND;ND;ND;ND;ND;ND;ND;ND;ND;ND;ND;ND;ND;ND;ND;ND;ND;ND,"""64,98448""",FLOAT16,ND,N/A,0.0,0,0.0,0.0,0.0,0.0,0.0,0.0,0.0,0.0,0.0,0.0,0.0,37.752,2491616,0.017,0.0,7.716,0.204,22.58,0.598,11.458,0.304,0.0,0.000
0,4294967295,292,47,aclnnMul_MulAiCore_Mul,Mul,dynamic,AI_VECTOR_CORE,1785698306392308.466	,333.327,0.059000,40,0,NO,"""4096,4096;4096,4096""",FLOAT;FLOAT,ND;ND,"""4096,4096""",FLOAT,ND,N/A,0.0,0,0.0,0.0,0.0,0.0,0.0,0.0,0.0,0.0,0.0,0.0,0.0,331.48,21877663,6.784,0.02,3.113,0.009,329.844,0.995,110.945,0.335,0.0,0.000
0,4294967295,293,47,Concat,Concat,dynamic,AI_VECTOR_CORE,1785698306392641.833	,39.960,0.000000,40,0,NO,"""64,16;64,32;64,64;64,128;64,256;64,512;64,1024;64,2048;64,4096;64,8192;64,16;64,32;64,64;64,128;64,256;64,512;64,1024;64,2048;64,4096;64,8192;64,16;64,32;64,64;64,128;64,256;64,512;64,1024;64,2048;64,4096;64,8192;64,16;64,32;64,64;64,128;64,256;64,512;64,1024;64,2048;64,4096;64,8192;64,16;64,32;64,64;64,128;64,256;64,512;64,1024;64,2048;64,4096;64,8192;64,16;64,32;64,64;64,128;64,256;64,512;64,1024;64,2048;64,4096;64,8192;64,16;64,32;64,64;64,128""",FLOAT16;FLOAT16;FLOAT16;FLOAT16;FLOAT16;FLOAT16;FLOAT16;FLOAT16;FLOAT16;FLOAT16;FLOAT16;FLOAT16;FLOAT16;FLOAT16;FLOAT16;FLOAT16;FLOAT16;FLOAT16;FLOAT16;FLOAT16;FLOAT16;FLOAT16;FLOAT16;FLOAT16;FLOAT16;FLOAT16;FLOAT16;FLOAT16;FLOAT16;FLOAT16;FLOAT16;FLOAT16;FLOAT16;FLOAT16;FLOAT16;FLOAT16;FLOAT16;FLOAT16;FLOAT16;FLOAT16;FLOAT16;FLOAT16;FLOAT16;FLOAT16;FLOAT16;FLOAT16;FLOAT16;FLOAT16;FLOAT16;FLOAT16;FLOAT16;FLOAT16;FLOAT16;FLOAT16;FLOAT16;FLOAT16;FLOAT16;FLOAT16;FLOAT16;FLOAT16;FLOAT16;FLOAT16;FLOAT16;FLOAT16,ND;ND;ND;ND;ND;ND;ND;ND;ND;ND;ND;ND;ND;ND;ND;ND;ND;ND;ND;ND;ND;ND;ND;ND;ND;ND;ND;ND;ND;ND;ND;ND;ND;ND;ND;ND;ND;ND;ND;ND;ND;ND;ND;ND;ND;ND;ND;ND;ND;ND;ND;ND;ND;ND;ND;ND;ND;ND;ND;ND;ND;ND;ND;ND,"""64,98448""",FLOAT16,ND,N/A,0.0,0,0.0,0.0,0.0,0.0,0.0,0.0,0.0,0.0,0.0,0.0,0.0,36.981,2440767,0.017,0.0,9.97,0.27,21.71,0.587,11.666,0.315,0.0,0.000
0,4294967295,294,47,aclnnMul_MulAiCore_Mul,Mul,dynamic,AI_VECTOR_CORE,1785698306392681.813	,333.307,0.040000,40,0,NO,"""4096,4096;4096,4096""",FLOAT;FLOAT,ND;ND,"""4096,4096""",FLOAT,ND,N/A,0.0,0,0.0,0.0,0.0,0.0,0.0,0.0,0.0,0.0,0.0,0.0,0.0,331.14,21855252,6.784,0.02,3.027,0.009,329.55,0.995,112.304,0.339,0.0,0.000
0,4294967295,295,47,Concat,Concat,dynamic,AI_VECTOR_CORE,1785698306393015.140	,39.501,0.193000,40,0,NO,"""64,16;64,32;64,64;64,128;64,256;64,512;64,1024;64,2048;64,4096;64,8192;64,16;64,32;64,64;64,128;64,256;64,512;64,1024;64,2048;64,4096;64,8192;64,16;64,32;64,64;64,128;64,256;64,512;64,1024;64,2048;64,4096;64,8192;64,16;64,32;64,64;64,128;64,256;64,512;64,1024;64,2048;64,4096;64,8192;64,16;64,32;64,64;64,128;64,256;64,512;64,1024;64,2048;64,4096;64,8192;64,16;64,32;64,64;64,128;64,256;64,512;64,1024;64,2048;64,4096;64,8192;64,16;64,32;64,64;64,128""",FLOAT16;FLOAT16;FLOAT16;FLOAT16;FLOAT16;FLOAT16;FLOAT16;FLOAT16;FLOAT16;FLOAT16;FLOAT16;FLOAT16;FLOAT16;FLOAT16;FLOAT16;FLOAT16;FLOAT16;FLOAT16;FLOAT16;FLOAT16;FLOAT16;FLOAT16;FLOAT16;FLOAT16;FLOAT16;FLOAT16;FLOAT16;FLOAT16;FLOAT16;FLOAT16;FLOAT16;FLOAT16;FLOAT16;FLOAT16;FLOAT16;FLOAT16;FLOAT16;FLOAT16;FLOAT16;FLOAT16;FLOAT16;FLOAT16;FLOAT16;FLOAT16;FLOAT16;FLOAT16;FLOAT16;FLOAT16;FLOAT16;FLOAT16;FLOAT16;FLOAT16;FLOAT16;FLOAT16;FLOAT16;FLOAT16;FLOAT16;FLOAT16;FLOAT16;FLOAT16;FLOAT16;FLOAT16;FLOAT16;FLOAT16,ND;ND;ND;ND;ND;ND;ND;ND;ND;ND;ND;ND;ND;ND;ND;ND;ND;ND;ND;ND;ND;ND;ND;ND;ND;ND;ND;ND;ND;ND;ND;ND;ND;ND;ND;ND;ND;ND;ND;ND;ND;ND;ND;ND;ND;ND;ND;ND;ND;ND;ND;ND;ND;ND;ND;ND;ND;ND;ND;ND;ND;ND;ND;ND,"""64,98448""",FLOAT16,ND,N/A,0.0,0,0.0,0.0,0.0,0.0,0.0,0.0,0.0,0.0,0.0,0.0,0.0,36.756,2425889,0.017,0.0,10.848,0.295,21.722,0.591,11.314,0.308,0.0,0.000
0,4294967295,296,47,aclnnMul_MulAiCore_Mul,Mul,dynamic,AI_VECTOR_CORE,1785698306393054.661	,333.726,0.000000,40,0,NO,"""4096,4096;4096,4096""",FLOAT;FLOAT,ND;ND,"""4096,4096""",FLOAT,ND,N/A,0.0,0,0.0,0.0,0.0,0.0,0.0,0.0,0.0,0.0,0.0,0.0,0.0,331.764,21896396,6.784,0.02,3.008,0.009,330.241,0.995,113.815,0.343,0.0,0.000
0,4294967295,297,47,Concat,Concat,dynamic,AI_VECTOR_CORE,1785698306393388.407	,40.561,0.024000,40,0,NO,"""64,16;64,32;64,64;64,128;64,256;64,512;64,1024;64,2048;64,4096;64,8192;64,16;64,32;64,64;64,128;64,256;64,512;64,1024;64,2048;64,4096;64,8192;64,16;64,32;64,64;64,128;64,256;64,512;64,1024;64,2048;64,4096;64,8192;64,16;64,32;64,64;64,128;64,256;64,512;64,1024;64,2048;64,4096;64,8192;64,16;64,32;64,64;64,128;64,256;64,512;64,1024;64,2048;64,4096;64,8192;64,16;64,32;64,64;64,128;64,256;64,512;64,1024;64,2048;64,4096;64,8192;64,16;64,32;64,64;64,128""",FLOAT16;FLOAT16;FLOAT16;FLOAT16;FLOAT16;FLOAT16;FLOAT16;FLOAT16;FLOAT16;FLOAT16;FLOAT16;FLOAT16;FLOAT16;FLOAT16;FLOAT16;FLOAT16;FLOAT16;FLOAT16;FLOAT16;FLOAT16;FLOAT16;FLOAT16;FLOAT16;FLOAT16;FLOAT16;FLOAT16;FLOAT16;FLOAT16;FLOAT16;FLOAT16;FLOAT16;FLOAT16;FLOAT16;FLOAT16;FLOAT16;FLOAT16;FLOAT16;FLOAT16;FLOAT16;FLOAT16;FLOAT16;FLOAT16;FLOAT16;FLOAT16;FLOAT16;FLOAT16;FLOAT16;FLOAT16;FLOAT16;FLOAT16;FLOAT16;FLOAT16;FLOAT16;FLOAT16;FLOAT16;FLOAT16;FLOAT16;FLOAT16;FLOAT16;FLOAT16;FLOAT16;FLOAT16;FLOAT16;FLOAT16,ND;ND;ND;ND;ND;ND;ND;ND;ND;ND;ND;ND;ND;ND;ND;ND;ND;ND;ND;ND;ND;ND;ND;ND;ND;ND;ND;ND;ND;ND;ND;ND;ND;ND;ND;ND;ND;ND;ND;ND;ND;ND;ND;ND;ND;ND;ND;ND;ND;ND;ND;ND;ND;ND;ND;ND;ND;ND;ND;ND;ND;ND;ND;ND,"""64,98448""",FLOAT16,ND,N/A,0.0,0,0.0,0.0,0.0,0.0,0.0,0.0,0.0,0.0,0.0,0.0,0.0,37.831,2496838,0.017,0.0,12.357,0.327,22.418,0.593,11.556,0.305,0.0,0.000
0,4294967295,298,47,aclnnMul_MulAiCore_Mul,Mul,dynamic,AI_VECTOR_CORE,1785698306393429.008	,333.247,0.000000,40,0,NO,"""4096,4096;4096,4096""",FLOAT;FLOAT,ND;ND,"""4096,4096""",FLOAT,ND,N/A,0.0,0,0.0,0.0,0.0,0.0,0.0,0.0,0.0,0.0,0.0,0.0,0.0,330.325,21801439,6.784,0.021,3.478,0.011,328.332,0.994,110.378,0.334,0.0,0.000
0,4294967295,299,47,Concat,Concat,dynamic,AI_VECTOR_CORE,1785698306393762.275	,42.341,0.003000,40,0,NO,"""64,16;64,32;64,64;64,128;64,256;64,512;64,1024;64,2048;64,4096;64,8192;64,16;64,32;64,64;64,128;64,256;64,512;64,1024;64,2048;64,4096;64,8192;64,16;64,32;64,64;64,128;64,256;64,512;64,1024;64,2048;64,4096;64,8192;64,16;64,32;64,64;64,128;64,256;64,512;64,1024;64,2048;64,4096;64,8192;64,16;64,32;64,64;64,128;64,256;64,512;64,1024;64,2048;64,4096;64,8192;64,16;64,32;64,64;64,128;64,256;64,512;64,1024;64,2048;64,4096;64,8192;64,16;64,32;64,64;64,128""",FLOAT16;FLOAT16;FLOAT16;FLOAT16;FLOAT16;FLOAT16;FLOAT16;FLOAT16;FLOAT16;FLOAT16;FLOAT16;FLOAT16;FLOAT16;FLOAT16;FLOAT16;FLOAT16;FLOAT16;FLOAT16;FLOAT16;FLOAT16;FLOAT16;FLOAT16;FLOAT16;FLOAT16;FLOAT16;FLOAT16;FLOAT16;FLOAT16;FLOAT16;FLOAT16;FLOAT16;FLOAT16;FLOAT16;FLOAT16;FLOAT16;FLOAT16;FLOAT16;FLOAT16;FLOAT16;FLOAT16;FLOAT16;FLOAT16;FLOAT16;FLOAT16;FLOAT16;FLOAT16;FLOAT16;FLOAT16;FLOAT16;FLOAT16;FLOAT16;FLOAT16;FLOAT16;FLOAT16;FLOAT16;FLOAT16;FLOAT16;FLOAT16;FLOAT16;FLOAT16;FLOAT16;FLOAT16;FLOAT16;FLOAT16,ND;ND;ND;ND;ND;ND;ND;ND;ND;ND;ND;ND;ND;ND;ND;ND;ND;ND;ND;ND;ND;ND;ND;ND;ND;ND;ND;ND;ND;ND;ND;ND;ND;ND;ND;ND;ND;ND;ND;ND;ND;ND;ND;ND;ND;ND;ND;ND;ND;ND;ND;ND;ND;ND;ND;ND;ND;ND;ND;ND;ND;ND;ND;ND,"""64,98448""",FLOAT16,ND,N/A,0.0,0,0.0,0.0,0.0,0.0,0.0,0.0,0.0,0.0,0.0,0.0,0.0,38.389,2533678,0.017,0.0,14.759,0.384,22.172,0.578,11.132,0.29,0.0,0.000
0,4294967295,300,47,aclnnMul_MulAiCore_Mul,Mul,dynamic,AI_VECTOR_CORE,1785698306393804.636	,333.386,0.159000,40,0,NO,"""4096,4096;4096,4096""",FLOAT;FLOAT,ND;ND,"""4096,4096""",FLOAT,ND,N/A,0.0,0,0.0,0.0,0.0,0.0,0.0,0.0,0.0,0.0,0.0,0.0,0.0,330.668,21824087,6.784,0.021,3.048,0.009,329.047,0.995,111.064,0.336,0.0,0.000
0,4294967295,301,47,Concat,Concat,dynamic,AI_VECTOR_CORE,1785698306394138.062	,39.841,0.000000,40,0,NO,"""64,16;64,32;64,64;64,128;64,256;64,512;64,1024;64,2048;64,4096;64,8192;64,16;64,32;64,64;64,128;64,256;64,512;64,1024;64,2048;64,4096;64,8192;64,16;64,32;64,64;64,128;64,256;64,512;64,1024;64,2048;64,4096;64,8192;64,16;64,32;64,64;64,128;64,256;64,512;64,1024;64,2048;64,4096;64,8192;64,16;64,32;64,64;64,128;64,256;64,512;64,1024;64,2048;64,4096;64,8192;64,16;64,32;64,64;64,128;64,256;64,512;64,1024;64,2048;64,4096;64,8192;64,16;64,32;64,64;64,128""",FLOAT16;FLOAT16;FLOAT16;FLOAT16;FLOAT16;FLOAT16;FLOAT16;FLOAT16;FLOAT16;FLOAT16;FLOAT16;FLOAT16;FLOAT16;FLOAT16;FLOAT16;FLOAT16;FLOAT16;FLOAT16;FLOAT16;FLOAT16;FLOAT16;FLOAT16;FLOAT16;FLOAT16;FLOAT16;FLOAT16;FLOAT16;FLOAT16;FLOAT16;FLOAT16;FLOAT16;FLOAT16;FLOAT16;FLOAT16;FLOAT16;FLOAT16;FLOAT16;FLOAT16;FLOAT16;FLOAT16;FLOAT16;FLOAT16;FLOAT16;FLOAT16;FLOAT16;FLOAT16;FLOAT16;FLOAT16;FLOAT16;FLOAT16;FLOAT16;FLOAT16;FLOAT16;FLOAT16;FLOAT16;FLOAT16;FLOAT16;FLOAT16;FLOAT16;FLOAT16;FLOAT16;FLOAT16;FLOAT16;FLOAT16,ND;ND;ND;ND;ND;ND;ND;ND;ND;ND;ND;ND;ND;ND;ND;ND;ND;ND;ND;ND;ND;ND;ND;ND;ND;ND;ND;ND;ND;ND;ND;ND;ND;ND;ND;ND;ND;ND;ND;ND;ND;ND;ND;ND;ND;ND;ND;ND;ND;ND;ND;ND;ND;ND;ND;ND;ND;ND;ND;ND;ND;ND;ND;ND,"""64,98448""",FLOAT16,ND,N/A,0.0,0,0.0,0.0,0.0,0.0,0.0,0.0,0.0,0.0,0.0,0.0,0.0,36.462,2406461,0.017,0.0,11.649,0.319,21.462,0.589,11.274,0.309,0.0,0.000
0,4294967295,302,47,aclnnMul_MulAiCore_Mul,Mul,dynamic,AI_VECTOR_CORE,1785698306394177.923	,333.107,0.159000,40,0,NO,"""4096,4096;4096,4096""",FLOAT;FLOAT,ND;ND,"""4096,4096""",FLOAT,ND,N/A,0.0,0,0.0,0.0,0.0,0.0,0.0,0.0,0.0,0.0,0.0,0.0,0.0,330.523,21814509,6.784,0.021,2.932,0.009,329.021,0.995,112.441,0.34,0.0,0.000
0,4294967295,303,47,Concat,Concat,dynamic,AI_VECTOR_CORE,1785698306394511.050	,39.381,0.000000,40,0,NO,"""64,16;64,32;64,64;64,128;64,256;64,512;64,1024;64,2048;64,4096;64,8192;64,16;64,32;64,64;64,128;64,256;64,512;64,1024;64,2048;64,4096;64,8192;64,16;64,32;64,64;64,128;64,256;64,512;64,1024;64,2048;64,4096;64,8192;64,16;64,32;64,64;64,128;64,256;64,512;64,1024;64,2048;64,4096;64,8192;64,16;64,32;64,64;64,128;64,256;64,512;64,1024;64,2048;64,4096;64,8192;64,16;64,32;64,64;64,128;64,256;64,512;64,1024;64,2048;64,4096;64,8192;64,16;64,32;64,64;64,128""",FLOAT16;FLOAT16;FLOAT16;FLOAT16;FLOAT16;FLOAT16;FLOAT16;FLOAT16;FLOAT16;FLOAT16;FLOAT16;FLOAT16;FLOAT16;FLOAT16;FLOAT16;FLOAT16;FLOAT16;FLOAT16;FLOAT16;FLOAT16;FLOAT16;FLOAT16;FLOAT16;FLOAT16;FLOAT16;FLOAT16;FLOAT16;FLOAT16;FLOAT16;FLOAT16;FLOAT16;FLOAT16;FLOAT16;FLOAT16;FLOAT16;FLOAT16;FLOAT16;FLOAT16;FLOAT16;FLOAT16;FLOAT16;FLOAT16;FLOAT16;FLOAT16;FLOAT16;FLOAT16;FLOAT16;FLOAT16;FLOAT16;FLOAT16;FLOAT16;FLOAT16;FLOAT16;FLOAT16;FLOAT16;FLOAT16;FLOAT16;FLOAT16;FLOAT16;FLOAT16;FLOAT16;FLOAT16;FLOAT16;FLOAT16,ND;ND;ND;ND;ND;ND;ND;ND;ND;ND;ND;ND;ND;ND;ND;ND;ND;ND;ND;ND;ND;ND;ND;ND;ND;ND;ND;ND;ND;ND;ND;ND;ND;ND;ND;ND;ND;ND;ND;ND;ND;ND;ND;ND;ND;ND;ND;ND;ND;ND;ND;ND;ND;ND;ND;ND;ND;ND;ND;ND;ND;ND;ND;ND,"""64,98448""",FLOAT16,ND,N/A,0.0,0,0.0,0.0,0.0,0.0,0.0,0.0,0.0,0.0,0.0,0.0,0.0,36.338,2398335,0.017,0.0,12.027,0.331,21.577,0.594,11.075,0.305,0.0,0.000
0,4294967295,304,47,aclnnMul_MulAiCore_Mul,Mul,dynamic,AI_VECTOR_CORE,1785698306394550.451	,332.886,0.119000,40,0,NO,"""4096,4096;4096,4096""",FLOAT;FLOAT,ND;ND,"""4096,4096""",FLOAT,ND,N/A,0.0,0,0.0,0.0,0.0,0.0,0.0,0.0,0.0,0.0,0.0,0.0,0.0,330.863,21836965,6.784,0.021,3.006,0.009,329.329,0.995,112.268,0.339,0.0,0.000
0,4294967295,305,47,Concat,Concat,dynamic,AI_VECTOR_CORE,1785698306394883.357	,40.561,0.000000,40,0,NO,"""64,16;64,32;64,64;64,128;64,256;64,512;64,1024;64,2048;64,4096;64,8192;64,16;64,32;64,64;64,128;64,256;64,512;64,1024;64,2048;64,4096;64,8192;64,16;64,32;64,64;64,128;64,256;64,512;64,1024;64,2048;64,4096;64,8192;64,16;64,32;64,64;64,128;64,256;64,512;64,1024;64,2048;64,4096;64,8192;64,16;64,32;64,64;64,128;64,256;64,512;64,1024;64,2048;64,4096;64,8192;64,16;64,32;64,64;64,128;64,256;64,512;64,1024;64,2048;64,4096;64,8192;64,16;64,32;64,64;64,128""",FLOAT16;FLOAT16;FLOAT16;FLOAT16;FLOAT16;FLOAT16;FLOAT16;FLOAT16;FLOAT16;FLOAT16;FLOAT16;FLOAT16;FLOAT16;FLOAT16;FLOAT16;FLOAT16;FLOAT16;FLOAT16;FLOAT16;FLOAT16;FLOAT16;FLOAT16;FLOAT16;FLOAT16;FLOAT16;FLOAT16;FLOAT16;FLOAT16;FLOAT16;FLOAT16;FLOAT16;FLOAT16;FLOAT16;FLOAT16;FLOAT16;FLOAT16;FLOAT16;FLOAT16;FLOAT16;FLOAT16;FLOAT16;FLOAT16;FLOAT16;FLOAT16;FLOAT16;FLOAT16;FLOAT16;FLOAT16;FLOAT16;FLOAT16;FLOAT16;FLOAT16;FLOAT16;FLOAT16;FLOAT16;FLOAT16;FLOAT16;FLOAT16;FLOAT16;FLOAT16;FLOAT16;FLOAT16;FLOAT16;FLOAT16,ND;ND;ND;ND;ND;ND;ND;ND;ND;ND;ND;ND;ND;ND;ND;ND;ND;ND;ND;ND;ND;ND;ND;ND;ND;ND;ND;ND;ND;ND;ND;ND;ND;ND;ND;ND;ND;ND;ND;ND;ND;ND;ND;ND;ND;ND;ND;ND;ND;ND;ND;ND;ND;ND;ND;ND;ND;ND;ND;ND;ND;ND;ND;ND,"""64,98448""",FLOAT16,ND,N/A,0.0,0,0.0,0.0,0.0,0.0,0.0,0.0,0.0,0.0,0.0,0.0,0.0,37.93,2503348,0.017,0.0,8.078,0.213,22.635,0.597,11.596,0.306,0.0,0.000
0,4294967295,306,47,aclnnMul_MulAiCore_Mul,Mul,dynamic,AI_VECTOR_CORE,1785698306394923.938	,333.487,0.189000,40,0,NO,"""4096,4096;4096,4096""",FLOAT;FLOAT,ND;ND,"""4096,4096""",FLOAT,ND,N/A,0.0,0,0.0,0.0,0.0,0.0,0.0,0.0,0.0,0.0,0.0,0.0,0.0,331.037,21848468,6.784,0.02,3.099,0.009,329.394,0.995,110.735,0.335,0.0,0.000
0,4294967295,307,47,Concat,Concat,dynamic,AI_VECTOR_CORE,1785698306395257.445	,41.101,0.013000,40,0,NO,"""64,16;64,32;64,64;64,128;64,256;64,512;64,1024;64,2048;64,4096;64,8192;64,16;64,32;64,64;64,128;64,256;64,512;64,1024;64,2048;64,4096;64,8192;64,16;64,32;64,64;64,128;64,256;64,512;64,1024;64,2048;64,4096;64,8192;64,16;64,32;64,64;64,128;64,256;64,512;64,1024;64,2048;64,4096;64,8192;64,16;64,32;64,64;64,128;64,256;64,512;64,1024;64,2048;64,4096;64,8192;64,16;64,32;64,64;64,128;64,256;64,512;64,1024;64,2048;64,4096;64,8192;64,16;64,32;64,64;64,128""",FLOAT16;FLOAT16;FLOAT16;FLOAT16;FLOAT16;FLOAT16;FLOAT16;FLOAT16;FLOAT16;FLOAT16;FLOAT16;FLOAT16;FLOAT16;FLOAT16;FLOAT16;FLOAT16;FLOAT16;FLOAT16;FLOAT16;FLOAT16;FLOAT16;FLOAT16;FLOAT16;FLOAT16;FLOAT16;FLOAT16;FLOAT16;FLOAT16;FLOAT16;FLOAT16;FLOAT16;FLOAT16;FLOAT16;FLOAT16;FLOAT16;FLOAT16;FLOAT16;FLOAT16;FLOAT16;FLOAT16;FLOAT16;FLOAT16;FLOAT16;FLOAT16;FLOAT16;FLOAT16;FLOAT16;FLOAT16;FLOAT16;FLOAT16;FLOAT16;FLOAT16;FLOAT16;FLOAT16;FLOAT16;FLOAT16;FLOAT16;FLOAT16;FLOAT16;FLOAT16;FLOAT16;FLOAT16;FLOAT16;FLOAT16,ND;ND;ND;ND;ND;ND;ND;ND;ND;ND;ND;ND;ND;ND;ND;ND;ND;ND;ND;ND;ND;ND;ND;ND;ND;ND;ND;ND;ND;ND;ND;ND;ND;ND;ND;ND;ND;ND;ND;ND;ND;ND;ND;ND;ND;ND;ND;ND;ND;ND;ND;ND;ND;ND;ND;ND;ND;ND;ND;ND;ND;ND;ND;ND,"""64,98448""",FLOAT16,ND,N/A,0.0,0,0.0,0.0,0.0,0.0,0.0,0.0,0.0,0.0,0.0,0.0,0.0,38.297,2527598,0.017,0.0,8.021,0.209,22.832,0.596,11.871,0.31,0.0,0.000
0,4294967295,308,47,aclnnMul_MulAiCore_Mul,Mul,dynamic,AI_VECTOR_CORE,1785698306395298.586	,332.686,0.000000,40,0,NO,"""4096,4096;4096,4096""",FLOAT;FLOAT,ND;ND,"""4096,4096""",FLOAT,ND,N/A,0.0,0,0.0,0.0,0.0,0.0,0.0,0.0,0.0,0.0,0.0,0.0,0.0,330.486,21812098,6.784,0.021,3.027,0.009,328.933,0.995,112.565,0.341,0.0,0.000
0,4294967295,309,47,Concat,Concat,dynamic,AI_VECTOR_CORE,1785698306395631.292	,40.441,0.064000,40,0,NO,"""64,16;64,32;64,64;64,128;64,256;64,512;64,1024;64,2048;64,4096;64,8192;64,16;64,32;64,64;64,128;64,256;64,512;64,1024;64,2048;64,4096;64,8192;64,16;64,32;64,64;64,128;64,256;64,512;64,1024;64,2048;64,4096;64,8192;64,16;64,32;64,64;64,128;64,256;64,512;64,1024;64,2048;64,4096;64,8192;64,16;64,32;64,64;64,128;64,256;64,512;64,1024;64,2048;64,4096;64,8192;64,16;64,32;64,64;64,128;64,256;64,512;64,1024;64,2048;64,4096;64,8192;64,16;64,32;64,64;64,128""",FLOAT16;FLOAT16;FLOAT16;FLOAT16;FLOAT16;FLOAT16;FLOAT16;FLOAT16;FLOAT16;FLOAT16;FLOAT16;FLOAT16;FLOAT16;FLOAT16;FLOAT16;FLOAT16;FLOAT16;FLOAT16;FLOAT16;FLOAT16;FLOAT16;FLOAT16;FLOAT16;FLOAT16;FLOAT16;FLOAT16;FLOAT16;FLOAT16;FLOAT16;FLOAT16;FLOAT16;FLOAT16;FLOAT16;FLOAT16;FLOAT16;FLOAT16;FLOAT16;FLOAT16;FLOAT16;FLOAT16;FLOAT16;FLOAT16;FLOAT16;FLOAT16;FLOAT16;FLOAT16;FLOAT16;FLOAT16;FLOAT16;FLOAT16;FLOAT16;FLOAT16;FLOAT16;FLOAT16;FLOAT16;FLOAT16;FLOAT16;FLOAT16;FLOAT16;FLOAT16;FLOAT16;FLOAT16;FLOAT16;FLOAT16,ND;ND;ND;ND;ND;ND;ND;ND;ND;ND;ND;ND;ND;ND;ND;ND;ND;ND;ND;ND;ND;ND;ND;ND;ND;ND;ND;ND;ND;ND;ND;ND;ND;ND;ND;ND;ND;ND;ND;ND;ND;ND;ND;ND;ND;ND;ND;ND;ND;ND;ND;ND;ND;ND;ND;ND;ND;ND;ND;ND;ND;ND;ND;ND,"""64,98448""",FLOAT16,ND,N/A,0.0,0,0.0,0.0,0.0,0.0,0.0,0.0,0.0,0.0,0.0,0.0,0.0,37.682,2486989,0.017,0.0,9.289,0.247,22.25,0.59,11.753,0.312,0.0,0.000
0,4294967295,310,47,aclnnMul_MulAiCore_Mul,Mul,dynamic,AI_VECTOR_CORE,1785698306395671.753	,333.007,0.059000,40,0,NO,"""4096,4096;4096,4096""",FLOAT;FLOAT,ND;ND,"""4096,4096""",FLOAT,ND,N/A,0.0,0,0.0,0.0,0.0,0.0,0.0,0.0,0.0,0.0,0.0,0.0,0.0,330.49,21812332,6.784,0.021,3.141,0.01,328.777,0.995,110.458,0.334,0.0,0.000
0,4294967295,311,47,Concat,Concat,dynamic,AI_VECTOR_CORE,1785698306396004.780	,39.860,0.000000,40,0,NO,"""64,16;64,32;64,64;64,128;64,256;64,512;64,1024;64,2048;64,4096;64,8192;64,16;64,32;64,64;64,128;64,256;64,512;64,1024;64,2048;64,4096;64,8192;64,16;64,32;64,64;64,128;64,256;64,512;64,1024;64,2048;64,4096;64,8192;64,16;64,32;64,64;64,128;64,256;64,512;64,1024;64,2048;64,4096;64,8192;64,16;64,32;64,64;64,128;64,256;64,512;64,1024;64,2048;64,4096;64,8192;64,16;64,32;64,64;64,128;64,256;64,512;64,1024;64,2048;64,4096;64,8192;64,16;64,32;64,64;64,128""",FLOAT16;FLOAT16;FLOAT16;FLOAT16;FLOAT16;FLOAT16;FLOAT16;FLOAT16;FLOAT16;FLOAT16;FLOAT16;FLOAT16;FLOAT16;FLOAT16;FLOAT16;FLOAT16;FLOAT16;FLOAT16;FLOAT16;FLOAT16;FLOAT16;FLOAT16;FLOAT16;FLOAT16;FLOAT16;FLOAT16;FLOAT16;FLOAT16;FLOAT16;FLOAT16;FLOAT16;FLOAT16;FLOAT16;FLOAT16;FLOAT16;FLOAT16;FLOAT16;FLOAT16;FLOAT16;FLOAT16;FLOAT16;FLOAT16;FLOAT16;FLOAT16;FLOAT16;FLOAT16;FLOAT16;FLOAT16;FLOAT16;FLOAT16;FLOAT16;FLOAT16;FLOAT16;FLOAT16;FLOAT16;FLOAT16;FLOAT16;FLOAT16;FLOAT16;FLOAT16;FLOAT16;FLOAT16;FLOAT16;FLOAT16,ND;ND;ND;ND;ND;ND;ND;ND;ND;ND;ND;ND;ND;ND;ND;ND;ND;ND;ND;ND;ND;ND;ND;ND;ND;ND;ND;ND;ND;ND;ND;ND;ND;ND;ND;ND;ND;ND;ND;ND;ND;ND;ND;ND;ND;ND;ND;ND;ND;ND;ND;ND;ND;ND;ND;ND;ND;ND;ND;ND;ND;ND;ND;ND,"""64,98448""",FLOAT16,ND,N/A,0.0,0,0.0,0.0,0.0,0.0,0.0,0.0,0.0,0.0,0.0,0.0,0.0,36.42,2403733,0.017,0.0,9.918,0.272,21.564,0.592,11.215,0.308,0.0,0.000
0,4294967295,312,47,aclnnMul_MulAiCore_Mul,Mul,dynamic,AI_VECTOR_CORE,1785698306396044.660	,334.347,0.140000,40,0,NO,"""4096,4096;4096,4096""",FLOAT;FLOAT,ND;ND,"""4096,4096""",FLOAT,ND,N/A,0.0,0,0.0,0.0,0.0,0.0,0.0,0.0,0.0,0.0,0.0,0.0,0.0,331.672,21890331,6.784,0.02,2.929,0.009,330.133,0.995,112.786,0.34,0.0,0.000
0,4294967295,313,47,Concat,Concat,dynamic,AI_VECTOR_CORE,1785698306396379.027	,42.261,0.000000,40,0,NO,"""64,16;64,32;64,64;64,128;64,256;64,512;64,1024;64,2048;64,4096;64,8192;64,16;64,32;64,64;64,128;64,256;64,512;64,1024;64,2048;64,4096;64,8192;64,16;64,32;64,64;64,128;64,256;64,512;64,1024;64,2048;64,4096;64,8192;64,16;64,32;64,64;64,128;64,256;64,512;64,1024;64,2048;64,4096;64,8192;64,16;64,32;64,64;64,128;64,256;64,512;64,1024;64,2048;64,4096;64,8192;64,16;64,32;64,64;64,128;64,256;64,512;64,1024;64,2048;64,4096;64,8192;64,16;64,32;64,64;64,128""",FLOAT16;FLOAT16;FLOAT16;FLOAT16;FLOAT16;FLOAT16;FLOAT16;FLOAT16;FLOAT16;FLOAT16;FLOAT16;FLOAT16;FLOAT16;FLOAT16;FLOAT16;FLOAT16;FLOAT16;FLOAT16;FLOAT16;FLOAT16;FLOAT16;FLOAT16;FLOAT16;FLOAT16;FLOAT16;FLOAT16;FLOAT16;FLOAT16;FLOAT16;FLOAT16;FLOAT16;FLOAT16;FLOAT16;FLOAT16;FLOAT16;FLOAT16;FLOAT16;FLOAT16;FLOAT16;FLOAT16;FLOAT16;FLOAT16;FLOAT16;FLOAT16;FLOAT16;FLOAT16;FLOAT16;FLOAT16;FLOAT16;FLOAT16;FLOAT16;FLOAT16;FLOAT16;FLOAT16;FLOAT16;FLOAT16;FLOAT16;FLOAT16;FLOAT16;FLOAT16;FLOAT16;FLOAT16;FLOAT16;FLOAT16,ND;ND;ND;ND;ND;ND;ND;ND;ND;ND;ND;ND;ND;ND;ND;ND;ND;ND;ND;ND;ND;ND;ND;ND;ND;ND;ND;ND;ND;ND;ND;ND;ND;ND;ND;ND;ND;ND;ND;ND;ND;ND;ND;ND;ND;ND;ND;ND;ND;ND;ND;ND;ND;ND;ND;ND;ND;ND;ND;ND;ND;ND;ND;ND,"""64,98448""",FLOAT16,ND,N/A,0.0,0,0.0,0.0,0.0,0.0,0.0,0.0,0.0,0.0,0.0,0.0,0.0,38.425,2536071,0.017,0.0,13.823,0.36,22.624,0.589,11.592,0.302,0.0,0.000
0,4294967295,314,47,aclnnMul_MulAiCore_Mul,Mul,dynamic,AI_VECTOR_CORE,1785698306396421.308	,333.247,0.000000,40,0,NO,"""4096,4096;4096,4096""",FLOAT;FLOAT,ND;ND,"""4096,4096""",FLOAT,ND,N/A,0.0,0,0.0,0.0,0.0,0.0,0.0,0.0,0.0,0.0,0.0,0.0,0.0,331.253,21862723,6.784,0.02,3.012,0.009,329.679,0.995,112.023,0.338,0.0,0.000
0,4294967295,315,47,Concat,Concat,dynamic,AI_VECTOR_CORE,1785698306396754.575	,40.980,0.003000,40,0,NO,"""64,16;64,32;64,64;64,128;64,256;64,512;64,1024;64,2048;64,4096;64,8192;64,16;64,32;64,64;64,128;64,256;64,512;64,1024;64,2048;64,4096;64,8192;64,16;64,32;64,64;64,128;64,256;64,512;64,1024;64,2048;64,4096;64,8192;64,16;64,32;64,64;64,128;64,256;64,512;64,1024;64,2048;64,4096;64,8192;64,16;64,32;64,64;64,128;64,256;64,512;64,1024;64,2048;64,4096;64,8192;64,16;64,32;64,64;64,128;64,256;64,512;64,1024;64,2048;64,4096;64,8192;64,16;64,32;64,64;64,128""",FLOAT16;FLOAT16;FLOAT16;FLOAT16;FLOAT16;FLOAT16;FLOAT16;FLOAT16;FLOAT16;FLOAT16;FLOAT16;FLOAT16;FLOAT16;FLOAT16;FLOAT16;FLOAT16;FLOAT16;FLOAT16;FLOAT16;FLOAT16;FLOAT16;FLOAT16;FLOAT16;FLOAT16;FLOAT16;FLOAT16;FLOAT16;FLOAT16;FLOAT16;FLOAT16;FLOAT16;FLOAT16;FLOAT16;FLOAT16;FLOAT16;FLOAT16;FLOAT16;FLOAT16;FLOAT16;FLOAT16;FLOAT16;FLOAT16;FLOAT16;FLOAT16;FLOAT16;FLOAT16;FLOAT16;FLOAT16;FLOAT16;FLOAT16;FLOAT16;FLOAT16;FLOAT16;FLOAT16;FLOAT16;FLOAT16;FLOAT16;FLOAT16;FLOAT16;FLOAT16;FLOAT16;FLOAT16;FLOAT16;FLOAT16,ND;ND;ND;ND;ND;ND;ND;ND;ND;ND;ND;ND;ND;ND;ND;ND;ND;ND;ND;ND;ND;ND;ND;ND;ND;ND;ND;ND;ND;ND;ND;ND;ND;ND;ND;ND;ND;ND;ND;ND;ND;ND;ND;ND;ND;ND;ND;ND;ND;ND;ND;ND;ND;ND;ND;ND;ND;ND;ND;ND;ND;ND;ND;ND,"""64,98448""",FLOAT16,ND,N/A,0.0,0,0.0,0.0,0.0,0.0,0.0,0.0,0.0,0.0,0.0,0.0,0.0,37.963,2505548,0.017,0.0,12.703,0.335,22.447,0.591,11.274,0.297,0.0,0.000
0,4294967295,316,47,aclnnMul_MulAiCore_Mul,Mul,dynamic,AI_VECTOR_CORE,1785698306396795.575	,333.787,0.020000,40,0,NO,"""4096,4096;4096,4096""",FLOAT;FLOAT,ND;ND,"""4096,4096""",FLOAT,ND,N/A,0.0,0,0.0,0.0,0.0,0.0,0.0,0.0,0.0,0.0,0.0,0.0,0.0,331.002,21846110,6.784,0.02,2.933,0.009,329.559,0.996,110.28,0.333,0.0,0.000
0,4294967295,317,47,Concat,Concat,dynamic,AI_VECTOR_CORE,1785698306397129.382	,39.841,0.213000,40,0,NO,"""64,16;64,32;64,64;64,128;64,256;64,512;64,1024;64,2048;64,4096;64,8192;64,16;64,32;64,64;64,128;64,256;64,512;64,1024;64,2048;64,4096;64,8192;64,16;64,32;64,64;64,128;64,256;64,512;64,1024;64,2048;64,4096;64,8192;64,16;64,32;64,64;64,128;64,256;64,512;64,1024;64,2048;64,4096;64,8192;64,16;64,32;64,64;64,128;64,256;64,512;64,1024;64,2048;64,4096;64,8192;64,16;64,32;64,64;64,128;64,256;64,512;64,1024;64,2048;64,4096;64,8192;64,16;64,32;64,64;64,128""",FLOAT16;FLOAT16;FLOAT16;FLOAT16;FLOAT16;FLOAT16;FLOAT16;FLOAT16;FLOAT16;FLOAT16;FLOAT16;FLOAT16;FLOAT16;FLOAT16;FLOAT16;FLOAT16;FLOAT16;FLOAT16;FLOAT16;FLOAT16;FLOAT16;FLOAT16;FLOAT16;FLOAT16;FLOAT16;FLOAT16;FLOAT16;FLOAT16;FLOAT16;FLOAT16;FLOAT16;FLOAT16;FLOAT16;FLOAT16;FLOAT16;FLOAT16;FLOAT16;FLOAT16;FLOAT16;FLOAT16;FLOAT16;FLOAT16;FLOAT16;FLOAT16;FLOAT16;FLOAT16;FLOAT16;FLOAT16;FLOAT16;FLOAT16;FLOAT16;FLOAT16;FLOAT16;FLOAT16;FLOAT16;FLOAT16;FLOAT16;FLOAT16;FLOAT16;FLOAT16;FLOAT16;FLOAT16;FLOAT16;FLOAT16,ND;ND;ND;ND;ND;ND;ND;ND;ND;ND;ND;ND;ND;ND;ND;ND;ND;ND;ND;ND;ND;ND;ND;ND;ND;ND;ND;ND;ND;ND;ND;ND;ND;ND;ND;ND;ND;ND;ND;ND;ND;ND;ND;ND;ND;ND;ND;ND;ND;ND;ND;ND;ND;ND;ND;ND;ND;ND;ND;ND;ND;ND;ND;ND,"""64,98448""",FLOAT16,ND,N/A,0.0,0,0.0,0.0,0.0,0.0,0.0,0.0,0.0,0.0,0.0,0.0,0.0,36.219,2390473,0.017,0.0,13.967,0.386,21.09,0.582,10.988,0.303,0.0,0.000
0,4294967295,318,47,aclnnMul_MulAiCore_Mul,Mul,dynamic,AI_VECTOR_CORE,1785698306397169.263	,333.567,0.000000,40,0,NO,"""4096,4096;4096,4096""",FLOAT;FLOAT,ND;ND,"""4096,4096""",FLOAT,ND,N/A,0.0,0,0.0,0.0,0.0,0.0,0.0,0.0,0.0,0.0,0.0,0.0,0.0,331.254,21862765,6.784,0.02,3.061,0.009,329.601,0.995,111.828,0.338,0.0,0.000
0,4294967295,319,47,Concat,Concat,dynamic,AI_VECTOR_CORE,1785698306397502.870	,39.220,0.000000,40,0,NO,"""64,16;64,32;64,64;64,128;64,256;64,512;64,1024;64,2048;64,4096;64,8192;64,16;64,32;64,64;64,128;64,256;64,512;64,1024;64,2048;64,4096;64,8192;64,16;64,32;64,64;64,128;64,256;64,512;64,1024;64,2048;64,4096;64,8192;64,16;64,32;64,64;64,128;64,256;64,512;64,1024;64,2048;64,4096;64,8192;64,16;64,32;64,64;64,128;64,256;64,512;64,1024;64,2048;64,4096;64,8192;64,16;64,32;64,64;64,128;64,256;64,512;64,1024;64,2048;64,4096;64,8192;64,16;64,32;64,64;64,128""",FLOAT16;FLOAT16;FLOAT16;FLOAT16;FLOAT16;FLOAT16;FLOAT16;FLOAT16;FLOAT16;FLOAT16;FLOAT16;FLOAT16;FLOAT16;FLOAT16;FLOAT16;FLOAT16;FLOAT16;FLOAT16;FLOAT16;FLOAT16;FLOAT16;FLOAT16;FLOAT16;FLOAT16;FLOAT16;FLOAT16;FLOAT16;FLOAT16;FLOAT16;FLOAT16;FLOAT16;FLOAT16;FLOAT16;FLOAT16;FLOAT16;FLOAT16;FLOAT16;FLOAT16;FLOAT16;FLOAT16;FLOAT16;FLOAT16;FLOAT16;FLOAT16;FLOAT16;FLOAT16;FLOAT16;FLOAT16;FLOAT16;FLOAT16;FLOAT16;FLOAT16;FLOAT16;FLOAT16;FLOAT16;FLOAT16;FLOAT16;FLOAT16;FLOAT16;FLOAT16;FLOAT16;FLOAT16;FLOAT16;FLOAT16,ND;ND;ND;ND;ND;ND;ND;ND;ND;ND;ND;ND;ND;ND;ND;ND;ND;ND;ND;ND;ND;ND;ND;ND;ND;ND;ND;ND;ND;ND;ND;ND;ND;ND;ND;ND;ND;ND;ND;ND;ND;ND;ND;ND;ND;ND;ND;ND;ND;ND;ND;ND;ND;ND;ND;ND;ND;ND;ND;ND;ND;ND;ND;ND,"""64,98448""",FLOAT16,ND,N/A,0.0,0,0.0,0.0,0.0,0.0,0.0,0.0,0.0,0.0,0.0,0.0,0.0,36.063,2380132,0.017,0.0,11.339,0.314,21.204,0.588,11.159,0.309,0.0,0.000
0,4294967295,320,47,aclnnMul_MulAiCore_Mul,Mul,dynamic,AI_VECTOR_CORE,1785698306397542.130	,332.727,0.280000,40,0,NO,"""4096,4096;4096,4096""",FLOAT;FLOAT,ND;ND,"""4096,4096""",FLOAT,ND,N/A,0.0,0,0.0,0.0,0.0,0.0,0.0,0.0,0.0,0.0,0.0,0.0,0.0,330.451,21809741,6.784,0.021,2.927,0.009,328.997,0.996,110.939,0.336,0.0,0.000
0,4294967295,321,47,Concat,Concat,dynamic,AI_VECTOR_CORE,1785698306397874.877	,40.361,0.023000,40,0,NO,"""64,16;64,32;64,64;64,128;64,256;64,512;64,1024;64,2048;64,4096;64,8192;64,16;64,32;64,64;64,128;64,256;64,512;64,1024;64,2048;64,4096;64,8192;64,16;64,32;64,64;64,128;64,256;64,512;64,1024;64,2048;64,4096;64,8192;64,16;64,32;64,64;64,128;64,256;64,512;64,1024;64,2048;64,4096;64,8192;64,16;64,32;64,64;64,128;64,256;64,512;64,1024;64,2048;64,4096;64,8192;64,16;64,32;64,64;64,128;64,256;64,512;64,1024;64,2048;64,4096;64,8192;64,16;64,32;64,64;64,128""",FLOAT16;FLOAT16;FLOAT16;FLOAT16;FLOAT16;FLOAT16;FLOAT16;FLOAT16;FLOAT16;FLOAT16;FLOAT16;FLOAT16;FLOAT16;FLOAT16;FLOAT16;FLOAT16;FLOAT16;FLOAT16;FLOAT16;FLOAT16;FLOAT16;FLOAT16;FLOAT16;FLOAT16;FLOAT16;FLOAT16;FLOAT16;FLOAT16;FLOAT16;FLOAT16;FLOAT16;FLOAT16;FLOAT16;FLOAT16;FLOAT16;FLOAT16;FLOAT16;FLOAT16;FLOAT16;FLOAT16;FLOAT16;FLOAT16;FLOAT16;FLOAT16;FLOAT16;FLOAT16;FLOAT16;FLOAT16;FLOAT16;FLOAT16;FLOAT16;FLOAT16;FLOAT16;FLOAT16;FLOAT16;FLOAT16;FLOAT16;FLOAT16;FLOAT16;FLOAT16;FLOAT16;FLOAT16;FLOAT16;FLOAT16,ND;ND;ND;ND;ND;ND;ND;ND;ND;ND;ND;ND;ND;ND;ND;ND;ND;ND;ND;ND;ND;ND;ND;ND;ND;ND;ND;ND;ND;ND;ND;ND;ND;ND;ND;ND;ND;ND;ND;ND;ND;ND;ND;ND;ND;ND;ND;ND;ND;ND;ND;ND;ND;ND;ND;ND;ND;ND;ND;ND;ND;ND;ND;ND,"""64,98448""",FLOAT16,ND,N/A,0.0,0,0.0,0.0,0.0,0.0,0.0,0.0,0.0,0.0,0.0,0.0,0.0,37.381,2467121,0.017,0.0,8.522,0.228,22.371,0.598,11.382,0.304,0.0,0.000
0,4294967295,322,47,aclnnMul_MulAiCore_Mul,Mul,dynamic,AI_VECTOR_CORE,1785698306397915.258	,332.707,0.000000,40,0,NO,"""4096,4096;4096,4096""",FLOAT;FLOAT,ND;ND,"""4096,4096""",FLOAT,ND,N/A,0.0,0,0.0,0.0,0.0,0.0,0.0,0.0,0.0,0.0,0.0,0.0,0.0,330.601,21819662,6.784,0.021,3.06,0.009,329.021,0.995,111.153,0.336,0.0,0.000
0,4294967295,323,47,Concat,Concat,dynamic,AI_VECTOR_CORE,1785698306398247.985	,40.020,0.043000,40,0,NO,"""64,16;64,32;64,64;64,128;64,256;64,512;64,1024;64,2048;64,4096;64,8192;64,16;64,32;64,64;64,128;64,256;64,512;64,1024;64,2048;64,4096;64,8192;64,16;64,32;64,64;64,128;64,256;64,512;64,1024;64,2048;64,4096;64,8192;64,16;64,32;64,64;64,128;64,256;64,512;64,1024;64,2048;64,4096;64,8192;64,16;64,32;64,64;64,128;64,256;64,512;64,1024;64,2048;64,4096;64,8192;64,16;64,32;64,64;64,128;64,256;64,512;64,1024;64,2048;64,4096;64,8192;64,16;64,32;64,64;64,128""",FLOAT16;FLOAT16;FLOAT16;FLOAT16;FLOAT16;FLOAT16;FLOAT16;FLOAT16;FLOAT16;FLOAT16;FLOAT16;FLOAT16;FLOAT16;FLOAT16;FLOAT16;FLOAT16;FLOAT16;FLOAT16;FLOAT16;FLOAT16;FLOAT16;FLOAT16;FLOAT16;FLOAT16;FLOAT16;FLOAT16;FLOAT16;FLOAT16;FLOAT16;FLOAT16;FLOAT16;FLOAT16;FLOAT16;FLOAT16;FLOAT16;FLOAT16;FLOAT16;FLOAT16;FLOAT16;FLOAT16;FLOAT16;FLOAT16;FLOAT16;FLOAT16;FLOAT16;FLOAT16;FLOAT16;FLOAT16;FLOAT16;FLOAT16;FLOAT16;FLOAT16;FLOAT16;FLOAT16;FLOAT16;FLOAT16;FLOAT16;FLOAT16;FLOAT16;FLOAT16;FLOAT16;FLOAT16;FLOAT16;FLOAT16,ND;ND;ND;ND;ND;ND;ND;ND;ND;ND;ND;ND;ND;ND;ND;ND;ND;ND;ND;ND;ND;ND;ND;ND;ND;ND;ND;ND;ND;ND;ND;ND;ND;ND;ND;ND;ND;ND;ND;ND;ND;ND;ND;ND;ND;ND;ND;ND;ND;ND;ND;ND;ND;ND;ND;ND;ND;ND;ND;ND;ND;ND;ND;ND,"""64,98448""",FLOAT16,ND,N/A,0.0,0,0.0,0.0,0.0,0.0,0.0,0.0,0.0,0.0,0.0,0.0,0.0,37.089,2447898,0.017,0.0,8.457,0.228,21.946,0.592,11.488,0.31,0.0,0.000
0,4294967295,324,47,aclnnMul_MulAiCore_Mul,Mul,dynamic,AI_VECTOR_CORE,1785698306398288.025	,333.867,0.000000,40,0,NO,"""4096,4096;4096,4096""",FLOAT;FLOAT,ND;ND,"""4096,4096""",FLOAT,ND,N/A,0.0,0,0.0,0.0,0.0,0.0,0.0,0.0,0.0,0.0,0.0,0.0,0.0,331.435,21874680,6.784,0.02,2.911,0.009,329.981,0.996,112.45,0.339,0.0,0.000
0,4294967295,325,47,Concat,Concat,dynamic,AI_VECTOR_CORE,1785698306398621.912	,39.921,0.133000,40,0,NO,"""64,16;64,32;64,64;64,128;64,256;64,512;64,1024;64,2048;64,4096;64,8192;64,16;64,32;64,64;64,128;64,256;64,512;64,1024;64,2048;64,4096;64,8192;64,16;64,32;64,64;64,128;64,256;64,512;64,1024;64,2048;64,4096;64,8192;64,16;64,32;64,64;64,128;64,256;64,512;64,1024;64,2048;64,4096;64,8192;64,16;64,32;64,64;64,128;64,256;64,512;64,1024;64,2048;64,4096;64,8192;64,16;64,32;64,64;64,128;64,256;64,512;64,1024;64,2048;64,4096;64,8192;64,16;64,32;64,64;64,128""",FLOAT16;FLOAT16;FLOAT16;FLOAT16;FLOAT16;FLOAT16;FLOAT16;FLOAT16;FLOAT16;FLOAT16;FLOAT16;FLOAT16;FLOAT16;FLOAT16;FLOAT16;FLOAT16;FLOAT16;FLOAT16;FLOAT16;FLOAT16;FLOAT16;FLOAT16;FLOAT16;FLOAT16;FLOAT16;FLOAT16;FLOAT16;FLOAT16;FLOAT16;FLOAT16;FLOAT16;FLOAT16;FLOAT16;FLOAT16;FLOAT16;FLOAT16;FLOAT16;FLOAT16;FLOAT16;FLOAT16;FLOAT16;FLOAT16;FLOAT16;FLOAT16;FLOAT16;FLOAT16;FLOAT16;FLOAT16;FLOAT16;FLOAT16;FLOAT16;FLOAT16;FLOAT16;FLOAT16;FLOAT16;FLOAT16;FLOAT16;FLOAT16;FLOAT16;FLOAT16;FLOAT16;FLOAT16;FLOAT16;FLOAT16,ND;ND;ND;ND;ND;ND;ND;ND;ND;ND;ND;ND;ND;ND;ND;ND;ND;ND;ND;ND;ND;ND;ND;ND;ND;ND;ND;ND;ND;ND;ND;ND;ND;ND;ND;ND;ND;ND;ND;ND;ND;ND;ND;ND;ND;ND;ND;ND;ND;ND;ND;ND;ND;ND;ND;ND;ND;ND;ND;ND;ND;ND;ND;ND,"""64,98448""",FLOAT16,ND,N/A,0.0,0,0.0,0.0,0.0,0.0,0.0,0.0,0.0,0.0,0.0,0.0,0.0,37.098,2448464,0.017,0.0,8.84,0.238,21.852,0.589,11.605,0.313,0.0,0.000
0,4294967295,326,47,aclnnMul_MulAiCore_Mul,Mul,dynamic,AI_VECTOR_CORE,1785698306398661.853	,333.766,0.000000,40,0,NO,"""4096,4096;4096,4096""",FLOAT;FLOAT,ND;ND,"""4096,4096""",FLOAT,ND,N/A,0.0,0,0.0,0.0,0.0,0.0,0.0,0.0,0.0,0.0,0.0,0.0,0.0,331.717,21893330,6.784,0.02,3.015,0.009,330.085,0.995,113.126,0.341,0.0,0.000
0,4294967295,327,47,Concat,Concat,dynamic,AI_VECTOR_CORE,1785698306398995.639	,39.661,0.234000,40,0,NO,"""64,16;64,32;64,64;64,128;64,256;64,512;64,1024;64,2048;64,4096;64,8192;64,16;64,32;64,64;64,128;64,256;64,512;64,1024;64,2048;64,4096;64,8192;64,16;64,32;64,64;64,128;64,256;64,512;64,1024;64,2048;64,4096;64,8192;64,16;64,32;64,64;64,128;64,256;64,512;64,1024;64,2048;64,4096;64,8192;64,16;64,32;64,64;64,128;64,256;64,512;64,1024;64,2048;64,4096;64,8192;64,16;64,32;64,64;64,128;64,256;64,512;64,1024;64,2048;64,4096;64,8192;64,16;64,32;64,64;64,128""",FLOAT16;FLOAT16;FLOAT16;FLOAT16;FLOAT16;FLOAT16;FLOAT16;FLOAT16;FLOAT16;FLOAT16;FLOAT16;FLOAT16;FLOAT16;FLOAT16;FLOAT16;FLOAT16;FLOAT16;FLOAT16;FLOAT16;FLOAT16;FLOAT16;FLOAT16;FLOAT16;FLOAT16;FLOAT16;FLOAT16;FLOAT16;FLOAT16;FLOAT16;FLOAT16;FLOAT16;FLOAT16;FLOAT16;FLOAT16;FLOAT16;FLOAT16;FLOAT16;FLOAT16;FLOAT16;FLOAT16;FLOAT16;FLOAT16;FLOAT16;FLOAT16;FLOAT16;FLOAT16;FLOAT16;FLOAT16;FLOAT16;FLOAT16;FLOAT16;FLOAT16;FLOAT16;FLOAT16;FLOAT16;FLOAT16;FLOAT16;FLOAT16;FLOAT16;FLOAT16;FLOAT16;FLOAT16;FLOAT16;FLOAT16,ND;ND;ND;ND;ND;ND;ND;ND;ND;ND;ND;ND;ND;ND;ND;ND;ND;ND;ND;ND;ND;ND;ND;ND;ND;ND;ND;ND;ND;ND;ND;ND;ND;ND;ND;ND;ND;ND;ND;ND;ND;ND;ND;ND;ND;ND;ND;ND;ND;ND;ND;ND;ND;ND;ND;ND;ND;ND;ND;ND;ND;ND;ND;ND,"""64,98448""",FLOAT16,ND,N/A,0.0,0,0.0,0.0,0.0,0.0,0.0,0.0,0.0,0.0,0.0,0.0,0.0,36.061,2380024,0.017,0.0,9.414,0.261,20.975,0.582,11.334,0.314,0.0,0.000
0,4294967295,328,47,aclnnMul_MulAiCore_Mul,Mul,dynamic,AI_VECTOR_CORE,1785698306399035.320	,332.247,0.000000,40,0,NO,"""4096,4096;4096,4096""",FLOAT;FLOAT,ND;ND,"""4096,4096""",FLOAT,ND,N/A,0.0,0,0.0,0.0,0.0,0.0,0.0,0.0,0.0,0.0,0.0,0.0,0.0,330.399,21806336,6.784,0.021,3.03,0.009,328.866,0.995,111.262,0.337,0.0,0.000
0,4294967295,329,47,Concat,Concat,dynamic,AI_VECTOR_CORE,1785698306399367.587	,41.381,0.003000,40,0,NO,"""64,16;64,32;64,64;64,128;64,256;64,512;64,1024;64,2048;64,4096;64,8192;64,16;64,32;64,64;64,128;64,256;64,512;64,1024;64,2048;64,4096;64,8192;64,16;64,32;64,64;64,128;64,256;64,512;64,1024;64,2048;64,4096;64,8192;64,16;64,32;64,64;64,128;64,256;64,512;64,1024;64,2048;64,4096;64,8192;64,16;64,32;64,64;64,128;64,256;64,512;64,1024;64,2048;64,4096;64,8192;64,16;64,32;64,64;64,128;64,256;64,512;64,1024;64,2048;64,4096;64,8192;64,16;64,32;64,64;64,128""",FLOAT16;FLOAT16;FLOAT16;FLOAT16;FLOAT16;FLOAT16;FLOAT16;FLOAT16;FLOAT16;FLOAT16;FLOAT16;FLOAT16;FLOAT16;FLOAT16;FLOAT16;FLOAT16;FLOAT16;FLOAT16;FLOAT16;FLOAT16;FLOAT16;FLOAT16;FLOAT16;FLOAT16;FLOAT16;FLOAT16;FLOAT16;FLOAT16;FLOAT16;FLOAT16;FLOAT16;FLOAT16;FLOAT16;FLOAT16;FLOAT16;FLOAT16;FLOAT16;FLOAT16;FLOAT16;FLOAT16;FLOAT16;FLOAT16;FLOAT16;FLOAT16;FLOAT16;FLOAT16;FLOAT16;FLOAT16;FLOAT16;FLOAT16;FLOAT16;FLOAT16;FLOAT16;FLOAT16;FLOAT16;FLOAT16;FLOAT16;FLOAT16;FLOAT16;FLOAT16;FLOAT16;FLOAT16;FLOAT16;FLOAT16,ND;ND;ND;ND;ND;ND;ND;ND;ND;ND;ND;ND;ND;ND;ND;ND;ND;ND;ND;ND;ND;ND;ND;ND;ND;ND;ND;ND;ND;ND;ND;ND;ND;ND;ND;ND;ND;ND;ND;ND;ND;ND;ND;ND;ND;ND;ND;ND;ND;ND;ND;ND;ND;ND;ND;ND;ND;ND;ND;ND;ND;ND;ND;ND,"""64,98448""",FLOAT16,ND,N/A,0.0,0,0.0,0.0,0.0,0.0,0.0,0.0,0.0,0.0,0.0,0.0,0.0,37.881,2500147,0.017,0.0,11.318,0.299,21.779,0.575,11.649,0.308,0.0,0.000
0,4294967295,330,47,aclnnMul_MulAiCore_Mul,Mul,dynamic,AI_VECTOR_CORE,1785698306399408.988	,334.986,0.119000,40,0,NO,"""4096,4096;4096,4096""",FLOAT;FLOAT,ND;ND,"""4096,4096""",FLOAT,ND,N/A,0.0,0,0.0,0.0,0.0,0.0,0.0,0.0,0.0,0.0,0.0,0.0,0.0,332.594,21951215,6.784,0.02,3.113,0.009,330.881,0.995,113.365,0.341,0.0,0.000
0,4294967295,331,47,Concat,Concat,dynamic,AI_VECTOR_CORE,1785698306399743.994	,41.021,0.014000,40,0,NO,"""64,16;64,32;64,64;64,128;64,256;64,512;64,1024;64,2048;64,4096;64,8192;64,16;64,32;64,64;64,128;64,256;64,512;64,1024;64,2048;64,4096;64,8192;64,16;64,32;64,64;64,128;64,256;64,512;64,1024;64,2048;64,4096;64,8192;64,16;64,32;64,64;64,128;64,256;64,512;64,1024;64,2048;64,4096;64,8192;64,16;64,32;64,64;64,128;64,256;64,512;64,1024;64,2048;64,4096;64,8192;64,16;64,32;64,64;64,128;64,256;64,512;64,1024;64,2048;64,4096;64,8192;64,16;64,32;64,64;64,128""",FLOAT16;FLOAT16;FLOAT16;FLOAT16;FLOAT16;FLOAT16;FLOAT16;FLOAT16;FLOAT16;FLOAT16;FLOAT16;FLOAT16;FLOAT16;FLOAT16;FLOAT16;FLOAT16;FLOAT16;FLOAT16;FLOAT16;FLOAT16;FLOAT16;FLOAT16;FLOAT16;FLOAT16;FLOAT16;FLOAT16;FLOAT16;FLOAT16;FLOAT16;FLOAT16;FLOAT16;FLOAT16;FLOAT16;FLOAT16;FLOAT16;FLOAT16;FLOAT16;FLOAT16;FLOAT16;FLOAT16;FLOAT16;FLOAT16;FLOAT16;FLOAT16;FLOAT16;FLOAT16;FLOAT16;FLOAT16;FLOAT16;FLOAT16;FLOAT16;FLOAT16;FLOAT16;FLOAT16;FLOAT16;FLOAT16;FLOAT16;FLOAT16;FLOAT16;FLOAT16;FLOAT16;FLOAT16;FLOAT16;FLOAT16,ND;ND;ND;ND;ND;ND;ND;ND;ND;ND;ND;ND;ND;ND;ND;ND;ND;ND;ND;ND;ND;ND;ND;ND;ND;ND;ND;ND;ND;ND;ND;ND;ND;ND;ND;ND;ND;ND;ND;ND;ND;ND;ND;ND;ND;ND;ND;ND;ND;ND;ND;ND;ND;ND;ND;ND;ND;ND;ND;ND;ND;ND;ND;ND,"""64,98448""",FLOAT16,ND,N/A,0.0,0,0.0,0.0,0.0,0.0,0.0,0.0,0.0,0.0,0.0,0.0,0.0,38.189,2520447,0.017,0.0,15.528,0.407,22.084,0.578,11.648,0.305,0.0,0.000
0,4294967295,332,47,aclnnMul_MulAiCore_Mul,Mul,dynamic,AI_VECTOR_CORE,1785698306399785.035	,332.267,0.000000,40,0,NO,"""4096,4096;4096,4096""",FLOAT;FLOAT,ND;ND,"""4096,4096""",FLOAT,ND,N/A,0.0,0,0.0,0.0,0.0,0.0,0.0,0.0,0.0,0.0,0.0,0.0,0.0,330.035,21782336,6.784,0.021,3.259,0.01,328.192,0.994,110.052,0.333,0.0,0.000
0,4294967295,333,47,Concat,Concat,dynamic,AI_VECTOR_CORE,1785698306400117.322	,39.181,0.000000,40,0,NO,"""64,16;64,32;64,64;64,128;64,256;64,512;64,1024;64,2048;64,4096;64,8192;64,16;64,32;64,64;64,128;64,256;64,512;64,1024;64,2048;64,4096;64,8192;64,16;64,32;64,64;64,128;64,256;64,512;64,1024;64,2048;64,4096;64,8192;64,16;64,32;64,64;64,128;64,256;64,512;64,1024;64,2048;64,4096;64,8192;64,16;64,32;64,64;64,128;64,256;64,512;64,1024;64,2048;64,4096;64,8192;64,16;64,32;64,64;64,128;64,256;64,512;64,1024;64,2048;64,4096;64,8192;64,16;64,32;64,64;64,128""",FLOAT16;FLOAT16;FLOAT16;FLOAT16;FLOAT16;FLOAT16;FLOAT16;FLOAT16;FLOAT16;FLOAT16;FLOAT16;FLOAT16;FLOAT16;FLOAT16;FLOAT16;FLOAT16;FLOAT16;FLOAT16;FLOAT16;FLOAT16;FLOAT16;FLOAT16;FLOAT16;FLOAT16;FLOAT16;FLOAT16;FLOAT16;FLOAT16;FLOAT16;FLOAT16;FLOAT16;FLOAT16;FLOAT16;FLOAT16;FLOAT16;FLOAT16;FLOAT16;FLOAT16;FLOAT16;FLOAT16;FLOAT16;FLOAT16;FLOAT16;FLOAT16;FLOAT16;FLOAT16;FLOAT16;FLOAT16;FLOAT16;FLOAT16;FLOAT16;FLOAT16;FLOAT16;FLOAT16;FLOAT16;FLOAT16;FLOAT16;FLOAT16;FLOAT16;FLOAT16;FLOAT16;FLOAT16;FLOAT16;FLOAT16,ND;ND;ND;ND;ND;ND;ND;ND;ND;ND;ND;ND;ND;ND;ND;ND;ND;ND;ND;ND;ND;ND;ND;ND;ND;ND;ND;ND;ND;ND;ND;ND;ND;ND;ND;ND;ND;ND;ND;ND;ND;ND;ND;ND;ND;ND;ND;ND;ND;ND;ND;ND;ND;ND;ND;ND;ND;ND;ND;ND;ND;ND;ND;ND,"""64,98448""",FLOAT16,ND,N/A,0.0,0,0.0,0.0,0.0,0.0,0.0,0.0,0.0,0.0,0.0,0.0,0.0,36.206,2389608,0.017,0.0,12.872,0.356,21.025,0.581,11.277,0.311,0.0,0.000
0,4294967295,334,47,aclnnMul_MulAiCore_Mul,Mul,dynamic,AI_VECTOR_CORE,1785698306400156.523	,334.146,0.069000,40,0,NO,"""4096,4096;4096,4096""",FLOAT;FLOAT,ND;ND,"""4096,4096""",FLOAT,ND,N/A,0.0,0,0.0,0.0,0.0,0.0,0.0,0.0,0.0,0.0,0.0,0.0,0.0,331.937,21907861,6.784,0.02,3.138,0.009,330.228,0.995,112.883,0.34,0.0,0.000
0,4294967295,335,47,Concat,Concat,dynamic,AI_VECTOR_CORE,1785698306400490.689	,38.801,0.104000,40,0,NO,"""64,16;64,32;64,64;64,128;64,256;64,512;64,1024;64,2048;64,4096;64,8192;64,16;64,32;64,64;64,128;64,256;64,512;64,1024;64,2048;64,4096;64,8192;64,16;64,32;64,64;64,128;64,256;64,512;64,1024;64,2048;64,4096;64,8192;64,16;64,32;64,64;64,128;64,256;64,512;64,1024;64,2048;64,4096;64,8192;64,16;64,32;64,64;64,128;64,256;64,512;64,1024;64,2048;64,4096;64,8192;64,16;64,32;64,64;64,128;64,256;64,512;64,1024;64,2048;64,4096;64,8192;64,16;64,32;64,64;64,128""",FLOAT16;FLOAT16;FLOAT16;FLOAT16;FLOAT16;FLOAT16;FLOAT16;FLOAT16;FLOAT16;FLOAT16;FLOAT16;FLOAT16;FLOAT16;FLOAT16;FLOAT16;FLOAT16;FLOAT16;FLOAT16;FLOAT16;FLOAT16;FLOAT16;FLOAT16;FLOAT16;FLOAT16;FLOAT16;FLOAT16;FLOAT16;FLOAT16;FLOAT16;FLOAT16;FLOAT16;FLOAT16;FLOAT16;FLOAT16;FLOAT16;FLOAT16;FLOAT16;FLOAT16;FLOAT16;FLOAT16;FLOAT16;FLOAT16;FLOAT16;FLOAT16;FLOAT16;FLOAT16;FLOAT16;FLOAT16;FLOAT16;FLOAT16;FLOAT16;FLOAT16;FLOAT16;FLOAT16;FLOAT16;FLOAT16;FLOAT16;FLOAT16;FLOAT16;FLOAT16;FLOAT16;FLOAT16;FLOAT16;FLOAT16,ND;ND;ND;ND;ND;ND;ND;ND;ND;ND;ND;ND;ND;ND;ND;ND;ND;ND;ND;ND;ND;ND;ND;ND;ND;ND;ND;ND;ND;ND;ND;ND;ND;ND;ND;ND;ND;ND;ND;ND;ND;ND;ND;ND;ND;ND;ND;ND;ND;ND;ND;ND;ND;ND;ND;ND;ND;ND;ND;ND;ND;ND;ND;ND,"""64,98448""",FLOAT16,ND,N/A,0.0,0,0.0,0.0,0.0,0.0,0.0,0.0,0.0,0.0,0.0,0.0,0.0,35.613,2350486,0.017,0.0,10.981,0.308,20.905,0.587,11.139,0.313,0.0,0.000
0,4294967295,336,47,aclnnMul_MulAiCore_Mul,Mul,dynamic,AI_VECTOR_CORE,1785698306400529.530	,332.687,0.000000,40,0,NO,"""4096,4096;4096,4096""",FLOAT;FLOAT,ND;ND,"""4096,4096""",FLOAT,ND,N/A,0.0,0,0.0,0.0,0.0,0.0,0.0,0.0,0.0,0.0,0.0,0.0,0.0,330.634,21821855,6.784,0.021,3.035,0.009,329.053,0.995,111.309,0.337,0.0,0.000
0,4294967295,337,47,Concat,Concat,dynamic,AI_VECTOR_CORE,1785698306400862.257	,41.441,0.063000,40,0,NO,"""64,16;64,32;64,64;64,128;64,256;64,512;64,1024;64,2048;64,4096;64,8192;64,16;64,32;64,64;64,128;64,256;64,512;64,1024;64,2048;64,4096;64,8192;64,16;64,32;64,64;64,128;64,256;64,512;64,1024;64,2048;64,4096;64,8192;64,16;64,32;64,64;64,128;64,256;64,512;64,1024;64,2048;64,4096;64,8192;64,16;64,32;64,64;64,128;64,256;64,512;64,1024;64,2048;64,4096;64,8192;64,16;64,32;64,64;64,128;64,256;64,512;64,1024;64,2048;64,4096;64,8192;64,16;64,32;64,64;64,128""",FLOAT16;FLOAT16;FLOAT16;FLOAT16;FLOAT16;FLOAT16;FLOAT16;FLOAT16;FLOAT16;FLOAT16;FLOAT16;FLOAT16;FLOAT16;FLOAT16;FLOAT16;FLOAT16;FLOAT16;FLOAT16;FLOAT16;FLOAT16;FLOAT16;FLOAT16;FLOAT16;FLOAT16;FLOAT16;FLOAT16;FLOAT16;FLOAT16;FLOAT16;FLOAT16;FLOAT16;FLOAT16;FLOAT16;FLOAT16;FLOAT16;FLOAT16;FLOAT16;FLOAT16;FLOAT16;FLOAT16;FLOAT16;FLOAT16;FLOAT16;FLOAT16;FLOAT16;FLOAT16;FLOAT16;FLOAT16;FLOAT16;FLOAT16;FLOAT16;FLOAT16;FLOAT16;FLOAT16;FLOAT16;FLOAT16;FLOAT16;FLOAT16;FLOAT16;FLOAT16;FLOAT16;FLOAT16;FLOAT16;FLOAT16,ND;ND;ND;ND;ND;ND;ND;ND;ND;ND;ND;ND;ND;ND;ND;ND;ND;ND;ND;ND;ND;ND;ND;ND;ND;ND;ND;ND;ND;ND;ND;ND;ND;ND;ND;ND;ND;ND;ND;ND;ND;ND;ND;ND;ND;ND;ND;ND;ND;ND;ND;ND;ND;ND;ND;ND;ND;ND;ND;ND;ND;ND;ND;ND,"""64,98448""",FLOAT16,ND,N/A,0.0,0,0.0,0.0,0.0,0.0,0.0,0.0,0.0,0.0,0.0,0.0,0.0,37.982,2506816,0.017,0.0,7.535,0.198,22.56,0.594,11.736,0.309,0.0,0.000
0,4294967295,338,47,aclnnMul_MulAiCore_Mul,Mul,dynamic,AI_VECTOR_CORE,1785698306400903.718	,333.666,0.059000,40,0,NO,"""4096,4096;4096,4096""",FLOAT;FLOAT,ND;ND,"""4096,4096""",FLOAT,ND,N/A,0.0,0,0.0,0.0,0.0,0.0,0.0,0.0,0.0,0.0,0.0,0.0,0.0,331.592,21885048,6.784,0.02,2.928,0.009,330.17,0.996,110.943,0.335,0.0,0.000
0,4294967295,339,47,Concat,Concat,dynamic,AI_VECTOR_CORE,1785698306401237.424	,40.181,0.084000,40,0,NO,"""64,16;64,32;64,64;64,128;64,256;64,512;64,1024;64,2048;64,4096;64,8192;64,16;64,32;64,64;64,128;64,256;64,512;64,1024;64,2048;64,4096;64,8192;64,16;64,32;64,64;64,128;64,256;64,512;64,1024;64,2048;64,4096;64,8192;64,16;64,32;64,64;64,128;64,256;64,512;64,1024;64,2048;64,4096;64,8192;64,16;64,32;64,64;64,128;64,256;64,512;64,1024;64,2048;64,4096;64,8192;64,16;64,32;64,64;64,128;64,256;64,512;64,1024;64,2048;64,4096;64,8192;64,16;64,32;64,64;64,128""",FLOAT16;FLOAT16;FLOAT16;FLOAT16;FLOAT16;FLOAT16;FLOAT16;FLOAT16;FLOAT16;FLOAT16;FLOAT16;FLOAT16;FLOAT16;FLOAT16;FLOAT16;FLOAT16;FLOAT16;FLOAT16;FLOAT16;FLOAT16;FLOAT16;FLOAT16;FLOAT16;FLOAT16;FLOAT16;FLOAT16;FLOAT16;FLOAT16;FLOAT16;FLOAT16;FLOAT16;FLOAT16;FLOAT16;FLOAT16;FLOAT16;FLOAT16;FLOAT16;FLOAT16;FLOAT16;FLOAT16;FLOAT16;FLOAT16;FLOAT16;FLOAT16;FLOAT16;FLOAT16;FLOAT16;FLOAT16;FLOAT16;FLOAT16;FLOAT16;FLOAT16;FLOAT16;FLOAT16;FLOAT16;FLOAT16;FLOAT16;FLOAT16;FLOAT16;FLOAT16;FLOAT16;FLOAT16;FLOAT16;FLOAT16,ND;ND;ND;ND;ND;ND;ND;ND;ND;ND;ND;ND;ND;ND;ND;ND;ND;ND;ND;ND;ND;ND;ND;ND;ND;ND;ND;ND;ND;ND;ND;ND;ND;ND;ND;ND;ND;ND;ND;ND;ND;ND;ND;ND;ND;ND;ND;ND;ND;ND;ND;ND;ND;ND;ND;ND;ND;ND;ND;ND;ND;ND;ND;ND,"""64,98448""",FLOAT16,ND,N/A,0.0,0,0.0,0.0,0.0,0.0,0.0,0.0,0.0,0.0,0.0,0.0,0.0,37.389,2467701,0.017,0.0,7.084,0.189,22.499,0.602,11.403,0.305,0.0,0.000
0,4294967295,340,47,aclnnMul_MulAiCore_Mul,Mul,dynamic,AI_VECTOR_CORE,1785698306401277.625	,333.607,0.000000,40,0,NO,"""4096,4096;4096,4096""",FLOAT;FLOAT,ND;ND,"""4096,4096""",FLOAT,ND,N/A,0.0,0,0.0,0.0,0.0,0.0,0.0,0.0,0.0,0.0,0.0,0.0,0.0,331.315,21866779,6.784,0.02,3.286,0.01,329.405,0.994,112.627,0.34,0.0,0.000
0,4294967295,341,47,Concat,Concat,dynamic,AI_VECTOR_CORE,1785698306401611.252	,39.541,0.143000,40,0,NO,"""64,16;64,32;64,64;64,128;64,256;64,512;64,1024;64,2048;64,4096;64,8192;64,16;64,32;64,64;64,128;64,256;64,512;64,1024;64,2048;64,4096;64,8192;64,16;64,32;64,64;64,128;64,256;64,512;64,1024;64,2048;64,4096;64,8192;64,16;64,32;64,64;64,128;64,256;64,512;64,1024;64,2048;64,4096;64,8192;64,16;64,32;64,64;64,128;64,256;64,512;64,1024;64,2048;64,4096;64,8192;64,16;64,32;64,64;64,128;64,256;64,512;64,1024;64,2048;64,4096;64,8192;64,16;64,32;64,64;64,128""",FLOAT16;FLOAT16;FLOAT16;FLOAT16;FLOAT16;FLOAT16;FLOAT16;FLOAT16;FLOAT16;FLOAT16;FLOAT16;FLOAT16;FLOAT16;FLOAT16;FLOAT16;FLOAT16;FLOAT16;FLOAT16;FLOAT16;FLOAT16;FLOAT16;FLOAT16;FLOAT16;FLOAT16;FLOAT16;FLOAT16;FLOAT16;FLOAT16;FLOAT16;FLOAT16;FLOAT16;FLOAT16;FLOAT16;FLOAT16;FLOAT16;FLOAT16;FLOAT16;FLOAT16;FLOAT16;FLOAT16;FLOAT16;FLOAT16;FLOAT16;FLOAT16;FLOAT16;FLOAT16;FLOAT16;FLOAT16;FLOAT16;FLOAT16;FLOAT16;FLOAT16;FLOAT16;FLOAT16;FLOAT16;FLOAT16;FLOAT16;FLOAT16;FLOAT16;FLOAT16;FLOAT16;FLOAT16;FLOAT16;FLOAT16,ND;ND;ND;ND;ND;ND;ND;ND;ND;ND;ND;ND;ND;ND;ND;ND;ND;ND;ND;ND;ND;ND;ND;ND;ND;ND;ND;ND;ND;ND;ND;ND;ND;ND;ND;ND;ND;ND;ND;ND;ND;ND;ND;ND;ND;ND;ND;ND;ND;ND;ND;ND;ND;ND;ND;ND;ND;ND;ND;ND;ND;ND;ND;ND,"""64,98448""",FLOAT16,ND,N/A,0.0,0,0.0,0.0,0.0,0.0,0.0,0.0,0.0,0.0,0.0,0.0,0.0,35.443,2339212,0.017,0.0,10.494,0.296,19.879,0.561,11.033,0.311,0.0,0.000
0,4294967295,342,47,aclnnMul_MulAiCore_Mul,Mul,dynamic,AI_VECTOR_CORE,1785698306401650.813	,333.366,0.000000,40,0,NO,"""4096,4096;4096,4096""",FLOAT;FLOAT,ND;ND,"""4096,4096""",FLOAT,ND,N/A,0.0,0,0.0,0.0,0.0,0.0,0.0,0.0,0.0,0.0,0.0,0.0,0.0,331.394,21872006,6.784,0.02,2.899,0.009,329.949,0.996,111.712,0.337,0.0,0.000
0,4294967295,343,47,Concat,Concat,dynamic,AI_VECTOR_CORE,1785698306401984.199	,39.921,0.134000,40,0,NO,"""64,16;64,32;64,64;64,128;64,256;64,512;64,1024;64,2048;64,4096;64,8192;64,16;64,32;64,64;64,128;64,256;64,512;64,1024;64,2048;64,4096;64,8192;64,16;64,32;64,64;64,128;64,256;64,512;64,1024;64,2048;64,4096;64,8192;64,16;64,32;64,64;64,128;64,256;64,512;64,1024;64,2048;64,4096;64,8192;64,16;64,32;64,64;64,128;64,256;64,512;64,1024;64,2048;64,4096;64,8192;64,16;64,32;64,64;64,128;64,256;64,512;64,1024;64,2048;64,4096;64,8192;64,16;64,32;64,64;64,128""",FLOAT16;FLOAT16;FLOAT16;FLOAT16;FLOAT16;FLOAT16;FLOAT16;FLOAT16;FLOAT16;FLOAT16;FLOAT16;FLOAT16;FLOAT16;FLOAT16;FLOAT16;FLOAT16;FLOAT16;FLOAT16;FLOAT16;FLOAT16;FLOAT16;FLOAT16;FLOAT16;FLOAT16;FLOAT16;FLOAT16;FLOAT16;FLOAT16;FLOAT16;FLOAT16;FLOAT16;FLOAT16;FLOAT16;FLOAT16;FLOAT16;FLOAT16;FLOAT16;FLOAT16;FLOAT16;FLOAT16;FLOAT16;FLOAT16;FLOAT16;FLOAT16;FLOAT16;FLOAT16;FLOAT16;FLOAT16;FLOAT16;FLOAT16;FLOAT16;FLOAT16;FLOAT16;FLOAT16;FLOAT16;FLOAT16;FLOAT16;FLOAT16;FLOAT16;FLOAT16;FLOAT16;FLOAT16;FLOAT16;FLOAT16,ND;ND;ND;ND;ND;ND;ND;ND;ND;ND;ND;ND;ND;ND;ND;ND;ND;ND;ND;ND;ND;ND;ND;ND;ND;ND;ND;ND;ND;ND;ND;ND;ND;ND;ND;ND;ND;ND;ND;ND;ND;ND;ND;ND;ND;ND;ND;ND;ND;ND;ND;ND;ND;ND;ND;ND;ND;ND;ND;ND;ND;ND;ND;ND,"""64,98448""",FLOAT16,ND,N/A,0.0,0,0.0,0.0,0.0,0.0,0.0,0.0,0.0,0.0,0.0,0.0,0.0,36.736,2424561,0.017,0.0,9.214,0.251,21.649,0.589,11.426,0.311,0.0,0.000
0,4294967295,344,47,aclnnMul_MulAiCore_Mul,Mul,dynamic,AI_VECTOR_CORE,1785698306402024.140	,333.107,0.079000,40,0,NO,"""4096,4096;4096,4096""",FLOAT;FLOAT,ND;ND,"""4096,4096""",FLOAT,ND,N/A,0.0,0,0.0,0.0,0.0,0.0,0.0,0.0,0.0,0.0,0.0,0.0,0.0,330.993,21845515,6.784,0.02,3.16,0.01,329.305,0.995,111.604,0.337,0.0,0.000
0,4294967295,345,47,Concat,Concat,dynamic,AI_VECTOR_CORE,1785698306402357.267	,41.160,0.000000,40,0,NO,"""64,16;64,32;64,64;64,128;64,256;64,512;64,1024;64,2048;64,4096;64,8192;64,16;64,32;64,64;64,128;64,256;64,512;64,1024;64,2048;64,4096;64,8192;64,16;64,32;64,64;64,128;64,256;64,512;64,1024;64,2048;64,4096;64,8192;64,16;64,32;64,64;64,128;64,256;64,512;64,1024;64,2048;64,4096;64,8192;64,16;64,32;64,64;64,128;64,256;64,512;64,1024;64,2048;64,4096;64,8192;64,16;64,32;64,64;64,128;64,256;64,512;64,1024;64,2048;64,4096;64,8192;64,16;64,32;64,64;64,128""",FLOAT16;FLOAT16;FLOAT16;FLOAT16;FLOAT16;FLOAT16;FLOAT16;FLOAT16;FLOAT16;FLOAT16;FLOAT16;FLOAT16;FLOAT16;FLOAT16;FLOAT16;FLOAT16;FLOAT16;FLOAT16;FLOAT16;FLOAT16;FLOAT16;FLOAT16;FLOAT16;FLOAT16;FLOAT16;FLOAT16;FLOAT16;FLOAT16;FLOAT16;FLOAT16;FLOAT16;FLOAT16;FLOAT16;FLOAT16;FLOAT16;FLOAT16;FLOAT16;FLOAT16;FLOAT16;FLOAT16;FLOAT16;FLOAT16;FLOAT16;FLOAT16;FLOAT16;FLOAT16;FLOAT16;FLOAT16;FLOAT16;FLOAT16;FLOAT16;FLOAT16;FLOAT16;FLOAT16;FLOAT16;FLOAT16;FLOAT16;FLOAT16;FLOAT16;FLOAT16;FLOAT16;FLOAT16;FLOAT16;FLOAT16,ND;ND;ND;ND;ND;ND;ND;ND;ND;ND;ND;ND;ND;ND;ND;ND;ND;ND;ND;ND;ND;ND;ND;ND;ND;ND;ND;ND;ND;ND;ND;ND;ND;ND;ND;ND;ND;ND;ND;ND;ND;ND;ND;ND;ND;ND;ND;ND;ND;ND;ND;ND;ND;ND;ND;ND;ND;ND;ND;ND;ND;ND;ND;ND,"""64,98448""",FLOAT16,ND,N/A,0.0,0,0.0,0.0,0.0,0.0,0.0,0.0,0.0,0.0,0.0,0.0,0.0,38.124,2516203,0.017,0.0,11.48,0.301,22.149,0.581,11.659,0.306,0.0,0.000
0,4294967295,346,47,aclnnMul_MulAiCore_Mul,Mul,dynamic,AI_VECTOR_CORE,1785698306402398.447	,333.687,0.090000,40,0,NO,"""4096,4096;4096,4096""",FLOAT;FLOAT,ND;ND,"""4096,4096""",FLOAT,ND,N/A,0.0,0,0.0,0.0,0.0,0.0,0.0,0.0,0.0,0.0,0.0,0.0,0.0,331.488,21878201,6.784,0.02,3.064,0.009,329.889,0.995,111.619,0.337,0.0,0.000
0,4294967295,347,47,Concat,Concat,dynamic,AI_VECTOR_CORE,1785698306402732.154	,41.121,0.063000,40,0,NO,"""64,16;64,32;64,64;64,128;64,256;64,512;64,1024;64,2048;64,4096;64,8192;64,16;64,32;64,64;64,128;64,256;64,512;64,1024;64,2048;64,4096;64,8192;64,16;64,32;64,64;64,128;64,256;64,512;64,1024;64,2048;64,4096;64,8192;64,16;64,32;64,64;64,128;64,256;64,512;64,1024;64,2048;64,4096;64,8192;64,16;64,32;64,64;64,128;64,256;64,512;64,1024;64,2048;64,4096;64,8192;64,16;64,32;64,64;64,128;64,256;64,512;64,1024;64,2048;64,4096;64,8192;64,16;64,32;64,64;64,128""",FLOAT16;FLOAT16;FLOAT16;FLOAT16;FLOAT16;FLOAT16;FLOAT16;FLOAT16;FLOAT16;FLOAT16;FLOAT16;FLOAT16;FLOAT16;FLOAT16;FLOAT16;FLOAT16;FLOAT16;FLOAT16;FLOAT16;FLOAT16;FLOAT16;FLOAT16;FLOAT16;FLOAT16;FLOAT16;FLOAT16;FLOAT16;FLOAT16;FLOAT16;FLOAT16;FLOAT16;FLOAT16;FLOAT16;FLOAT16;FLOAT16;FLOAT16;FLOAT16;FLOAT16;FLOAT16;FLOAT16;FLOAT16;FLOAT16;FLOAT16;FLOAT16;FLOAT16;FLOAT16;FLOAT16;FLOAT16;FLOAT16;FLOAT16;FLOAT16;FLOAT16;FLOAT16;FLOAT16;FLOAT16;FLOAT16;FLOAT16;FLOAT16;FLOAT16;FLOAT16;FLOAT16;FLOAT16;FLOAT16;FLOAT16,ND;ND;ND;ND;ND;ND;ND;ND;ND;ND;ND;ND;ND;ND;ND;ND;ND;ND;ND;ND;ND;ND;ND;ND;ND;ND;ND;ND;ND;ND;ND;ND;ND;ND;ND;ND;ND;ND;ND;ND;ND;ND;ND;ND;ND;ND;ND;ND;ND;ND;ND;ND;ND;ND;ND;ND;ND;ND;ND;ND;ND;ND;ND;ND,"""64,98448""",FLOAT16,ND,N/A,0.0,0,0.0,0.0,0.0,0.0,0.0,0.0,0.0,0.0,0.0,0.0,0.0,38.231,2523234,0.017,0.0,14.661,0.383,22.364,0.585,11.19,0.293,0.0,0.000
0,4294967295,348,47,aclnnMul_MulAiCore_Mul,Mul,dynamic,AI_VECTOR_CORE,1785698306402773.295	,333.987,0.000000,40,0,NO,"""4096,4096;4096,4096""",FLOAT;FLOAT,ND;ND,"""4096,4096""",FLOAT,ND,N/A,0.0,0,0.0,0.0,0.0,0.0,0.0,0.0,0.0,0.0,0.0,0.0,0.0,331.605,21885927,6.784,0.02,3.098,0.009,329.959,0.995,111.387,0.336,0.0,0.000
0,4294967295,349,47,Concat,Concat,dynamic,AI_VECTOR_CORE,1785698306403107.302	,39.280,0.013000,40,0,NO,"""64,16;64,32;64,64;64,128;64,256;64,512;64,1024;64,2048;64,4096;64,8192;64,16;64,32;64,64;64,128;64,256;64,512;64,1024;64,2048;64,4096;64,8192;64,16;64,32;64,64;64,128;64,256;64,512;64,1024;64,2048;64,4096;64,8192;64,16;64,32;64,64;64,128;64,256;64,512;64,1024;64,2048;64,4096;64,8192;64,16;64,32;64,64;64,128;64,256;64,512;64,1024;64,2048;64,4096;64,8192;64,16;64,32;64,64;64,128;64,256;64,512;64,1024;64,2048;64,4096;64,8192;64,16;64,32;64,64;64,128""",FLOAT16;FLOAT16;FLOAT16;FLOAT16;FLOAT16;FLOAT16;FLOAT16;FLOAT16;FLOAT16;FLOAT16;FLOAT16;FLOAT16;FLOAT16;FLOAT16;FLOAT16;FLOAT16;FLOAT16;FLOAT16;FLOAT16;FLOAT16;FLOAT16;FLOAT16;FLOAT16;FLOAT16;FLOAT16;FLOAT16;FLOAT16;FLOAT16;FLOAT16;FLOAT16;FLOAT16;FLOAT16;FLOAT16;FLOAT16;FLOAT16;FLOAT16;FLOAT16;FLOAT16;FLOAT16;FLOAT16;FLOAT16;FLOAT16;FLOAT16;FLOAT16;FLOAT16;FLOAT16;FLOAT16;FLOAT16;FLOAT16;FLOAT16;FLOAT16;FLOAT16;FLOAT16;FLOAT16;FLOAT16;FLOAT16;FLOAT16;FLOAT16;FLOAT16;FLOAT16;FLOAT16;FLOAT16;FLOAT16;FLOAT16,ND;ND;ND;ND;ND;ND;ND;ND;ND;ND;ND;ND;ND;ND;ND;ND;ND;ND;ND;ND;ND;ND;ND;ND;ND;ND;ND;ND;ND;ND;ND;ND;ND;ND;ND;ND;ND;ND;ND;ND;ND;ND;ND;ND;ND;ND;ND;ND;ND;ND;ND;ND;ND;ND;ND;ND;ND;ND;ND;ND;ND;ND;ND;ND,"""64,98448""",FLOAT16,ND,N/A,0.0,0,0.0,0.0,0.0,0.0,0.0,0.0,0.0,0.0,0.0,0.0,0.0,36.039,2378569,0.017,0.0,12.248,0.34,21.171,0.587,11.179,0.31,0.0,0.000
0,4294967295,350,47,aclnnMul_MulAiCore_Mul,Mul,dynamic,AI_VECTOR_CORE,1785698306403146.602	,333.367,0.000000,40,0,NO,"""4096,4096;4096,4096""",FLOAT;FLOAT,ND;ND,"""4096,4096""",FLOAT,ND,N/A,0.0,0,0.0,0.0,0.0,0.0,0.0,0.0,0.0,0.0,0.0,0.0,0.0,330.78,21831498,6.784,0.021,3.016,0.009,329.201,0.995,111.777,0.338,0.0,0.000
0,4294967295,351,47,Concat,Concat,dynamic,AI_VECTOR_CORE,1785698306403479.989	,39.601,0.133000,40,0,NO,"""64,16;64,32;64,64;64,128;64,256;64,512;64,1024;64,2048;64,4096;64,8192;64,16;64,32;64,64;64,128;64,256;64,512;64,1024;64,2048;64,4096;64,8192;64,16;64,32;64,64;64,128;64,256;64,512;64,1024;64,2048;64,4096;64,8192;64,16;64,32;64,64;64,128;64,256;64,512;64,1024;64,2048;64,4096;64,8192;64,16;64,32;64,64;64,128;64,256;64,512;64,1024;64,2048;64,4096;64,8192;64,16;64,32;64,64;64,128;64,256;64,512;64,1024;64,2048;64,4096;64,8192;64,16;64,32;64,64;64,128""",FLOAT16;FLOAT16;FLOAT16;FLOAT16;FLOAT16;FLOAT16;FLOAT16;FLOAT16;FLOAT16;FLOAT16;FLOAT16;FLOAT16;FLOAT16;FLOAT16;FLOAT16;FLOAT16;FLOAT16;FLOAT16;FLOAT16;FLOAT16;FLOAT16;FLOAT16;FLOAT16;FLOAT16;FLOAT16;FLOAT16;FLOAT16;FLOAT16;FLOAT16;FLOAT16;FLOAT16;FLOAT16;FLOAT16;FLOAT16;FLOAT16;FLOAT16;FLOAT16;FLOAT16;FLOAT16;FLOAT16;FLOAT16;FLOAT16;FLOAT16;FLOAT16;FLOAT16;FLOAT16;FLOAT16;FLOAT16;FLOAT16;FLOAT16;FLOAT16;FLOAT16;FLOAT16;FLOAT16;FLOAT16;FLOAT16;FLOAT16;FLOAT16;FLOAT16;FLOAT16;FLOAT16;FLOAT16;FLOAT16;FLOAT16,ND;ND;ND;ND;ND;ND;ND;ND;ND;ND;ND;ND;ND;ND;ND;ND;ND;ND;ND;ND;ND;ND;ND;ND;ND;ND;ND;ND;ND;ND;ND;ND;ND;ND;ND;ND;ND;ND;ND;ND;ND;ND;ND;ND;ND;ND;ND;ND;ND;ND;ND;ND;ND;ND;ND;ND;ND;ND;ND;ND;ND;ND;ND;ND,"""64,98448""",FLOAT16,ND,N/A,0.0,0,0.0,0.0,0.0,0.0,0.0,0.0,0.0,0.0,0.0,0.0,0.0,36.12,2383950,0.017,0.0,13.439,0.372,21.315,0.59,10.81,0.299,0.0,0.000
0,4294967295,352,47,aclnnMul_MulAiCore_Mul,Mul,dynamic,AI_VECTOR_CORE,1785698306403519.610	,332.686,0.000000,40,0,NO,"""4096,4096;4096,4096""",FLOAT;FLOAT,ND;ND,"""4096,4096""",FLOAT,ND,N/A,0.0,0,0.0,0.0,0.0,0.0,0.0,0.0,0.0,0.0,0.0,0.0,0.0,330.481,21811776,6.784,0.021,3.013,0.009,328.961,0.995,112.543,0.341,0.0,0.000
0,4294967295,353,47,Concat,Concat,dynamic,AI_VECTOR_CORE,1785698306403852.336	,40.581,0.064000,40,0,NO,"""64,16;64,32;64,64;64,128;64,256;64,512;64,1024;64,2048;64,4096;64,8192;64,16;64,32;64,64;64,128;64,256;64,512;64,1024;64,2048;64,4096;64,8192;64,16;64,32;64,64;64,128;64,256;64,512;64,1024;64,2048;64,4096;64,8192;64,16;64,32;64,64;64,128;64,256;64,512;64,1024;64,2048;64,4096;64,8192;64,16;64,32;64,64;64,128;64,256;64,512;64,1024;64,2048;64,4096;64,8192;64,16;64,32;64,64;64,128;64,256;64,512;64,1024;64,2048;64,4096;64,8192;64,16;64,32;64,64;64,128""",FLOAT16;FLOAT16;FLOAT16;FLOAT16;FLOAT16;FLOAT16;FLOAT16;FLOAT16;FLOAT16;FLOAT16;FLOAT16;FLOAT16;FLOAT16;FLOAT16;FLOAT16;FLOAT16;FLOAT16;FLOAT16;FLOAT16;FLOAT16;FLOAT16;FLOAT16;FLOAT16;FLOAT16;FLOAT16;FLOAT16;FLOAT16;FLOAT16;FLOAT16;FLOAT16;FLOAT16;FLOAT16;FLOAT16;FLOAT16;FLOAT16;FLOAT16;FLOAT16;FLOAT16;FLOAT16;FLOAT16;FLOAT16;FLOAT16;FLOAT16;FLOAT16;FLOAT16;FLOAT16;FLOAT16;FLOAT16;FLOAT16;FLOAT16;FLOAT16;FLOAT16;FLOAT16;FLOAT16;FLOAT16;FLOAT16;FLOAT16;FLOAT16;FLOAT16;FLOAT16;FLOAT16;FLOAT16;FLOAT16;FLOAT16,ND;ND;ND;ND;ND;ND;ND;ND;ND;ND;ND;ND;ND;ND;ND;ND;ND;ND;ND;ND;ND;ND;ND;ND;ND;ND;ND;ND;ND;ND;ND;ND;ND;ND;ND;ND;ND;ND;ND;ND;ND;ND;ND;ND;ND;ND;ND;ND;ND;ND;ND;ND;ND;ND;ND;ND;ND;ND;ND;ND;ND;ND;ND;ND,"""64,98448""",FLOAT16,ND,N/A,0.0,0,0.0,0.0,0.0,0.0,0.0,0.0,0.0,0.0,0.0,0.0,0.0,37.554,2478533,0.017,0.0,6.976,0.186,22.473,0.598,11.55,0.308,0.0,0.000
0,4294967295,354,47,aclnnMul_MulAiCore_Mul,Mul,dynamic,AI_VECTOR_CORE,1785698306403892.957	,334.107,0.169000,40,0,NO,"""4096,4096;4096,4096""",FLOAT;FLOAT,ND;ND,"""4096,4096""",FLOAT,ND,N/A,0.0,0,0.0,0.0,0.0,0.0,0.0,0.0,0.0,0.0,0.0,0.0,0.0,332.191,21924636,6.784,0.02,2.96,0.009,330.661,0.995,112.508,0.339,0.0,0.000
0,4294967295,355,47,Concat,Concat,dynamic,AI_VECTOR_CORE,1785698306404227.084	,41.681,0.000000,40,0,NO,"""64,16;64,32;64,64;64,128;64,256;64,512;64,1024;64,2048;64,4096;64,8192;64,16;64,32;64,64;64,128;64,256;64,512;64,1024;64,2048;64,4096;64,8192;64,16;64,32;64,64;64,128;64,256;64,512;64,1024;64,2048;64,4096;64,8192;64,16;64,32;64,64;64,128;64,256;64,512;64,1024;64,2048;64,4096;64,8192;64,16;64,32;64,64;64,128;64,256;64,512;64,1024;64,2048;64,4096;64,8192;64,16;64,32;64,64;64,128;64,256;64,512;64,1024;64,2048;64,4096;64,8192;64,16;64,32;64,64;64,128""",FLOAT16;FLOAT16;FLOAT16;FLOAT16;FLOAT16;FLOAT16;FLOAT16;FLOAT16;FLOAT16;FLOAT16;FLOAT16;FLOAT16;FLOAT16;FLOAT16;FLOAT16;FLOAT16;FLOAT16;FLOAT16;FLOAT16;FLOAT16;FLOAT16;FLOAT16;FLOAT16;FLOAT16;FLOAT16;FLOAT16;FLOAT16;FLOAT16;FLOAT16;FLOAT16;FLOAT16;FLOAT16;FLOAT16;FLOAT16;FLOAT16;FLOAT16;FLOAT16;FLOAT16;FLOAT16;FLOAT16;FLOAT16;FLOAT16;FLOAT16;FLOAT16;FLOAT16;FLOAT16;FLOAT16;FLOAT16;FLOAT16;FLOAT16;FLOAT16;FLOAT16;FLOAT16;FLOAT16;FLOAT16;FLOAT16;FLOAT16;FLOAT16;FLOAT16;FLOAT16;FLOAT16;FLOAT16;FLOAT16;FLOAT16,ND;ND;ND;ND;ND;ND;ND;ND;ND;ND;ND;ND;ND;ND;ND;ND;ND;ND;ND;ND;ND;ND;ND;ND;ND;ND;ND;ND;ND;ND;ND;ND;ND;ND;ND;ND;ND;ND;ND;ND;ND;ND;ND;ND;ND;ND;ND;ND;ND;ND;ND;ND;ND;ND;ND;ND;ND;ND;ND;ND;ND;ND;ND;ND,"""64,98448""",FLOAT16,ND,N/A,0.0,0,0.0,0.0,0.0,0.0,0.0,0.0,0.0,0.0,0.0,0.0,0.0,38.398,2534282,0.017,0.0,7.001,0.182,22.935,0.597,11.952,0.311,0.0,0.000
0,4294967295,356,47,aclnnMul_MulAiCore_Mul,Mul,dynamic,AI_VECTOR_CORE,1785698306404268.785	,333.226,0.069000,40,0,NO,"""4096,4096;4096,4096""",FLOAT;FLOAT,ND;ND,"""4096,4096""",FLOAT,ND,N/A,0.0,0,0.0,0.0,0.0,0.0,0.0,0.0,0.0,0.0,0.0,0.0,0.0,330.953,21842866,6.784,0.02,3.09,0.009,329.319,0.995,111.652,0.337,0.0,0.000
0,4294967295,357,47,Concat,Concat,dynamic,AI_VECTOR_CORE,1785698306404602.051	,39.741,0.024000,40,0,NO,"""64,16;64,32;64,64;64,128;64,256;64,512;64,1024;64,2048;64,4096;64,8192;64,16;64,32;64,64;64,128;64,256;64,512;64,1024;64,2048;64,4096;64,8192;64,16;64,32;64,64;64,128;64,256;64,512;64,1024;64,2048;64,4096;64,8192;64,16;64,32;64,64;64,128;64,256;64,512;64,1024;64,2048;64,4096;64,8192;64,16;64,32;64,64;64,128;64,256;64,512;64,1024;64,2048;64,4096;64,8192;64,16;64,32;64,64;64,128;64,256;64,512;64,1024;64,2048;64,4096;64,8192;64,16;64,32;64,64;64,128""",FLOAT16;FLOAT16;FLOAT16;FLOAT16;FLOAT16;FLOAT16;FLOAT16;FLOAT16;FLOAT16;FLOAT16;FLOAT16;FLOAT16;FLOAT16;FLOAT16;FLOAT16;FLOAT16;FLOAT16;FLOAT16;FLOAT16;FLOAT16;FLOAT16;FLOAT16;FLOAT16;FLOAT16;FLOAT16;FLOAT16;FLOAT16;FLOAT16;FLOAT16;FLOAT16;FLOAT16;FLOAT16;FLOAT16;FLOAT16;FLOAT16;FLOAT16;FLOAT16;FLOAT16;FLOAT16;FLOAT16;FLOAT16;FLOAT16;FLOAT16;FLOAT16;FLOAT16;FLOAT16;FLOAT16;FLOAT16;FLOAT16;FLOAT16;FLOAT16;FLOAT16;FLOAT16;FLOAT16;FLOAT16;FLOAT16;FLOAT16;FLOAT16;FLOAT16;FLOAT16;FLOAT16;FLOAT16;FLOAT16;FLOAT16,ND;ND;ND;ND;ND;ND;ND;ND;ND;ND;ND;ND;ND;ND;ND;ND;ND;ND;ND;ND;ND;ND;ND;ND;ND;ND;ND;ND;ND;ND;ND;ND;ND;ND;ND;ND;ND;ND;ND;ND;ND;ND;ND;ND;ND;ND;ND;ND;ND;ND;ND;ND;ND;ND;ND;ND;ND;ND;ND;ND;ND;ND;ND;ND,"""64,98448""",FLOAT16,ND,N/A,0.0,0,0.0,0.0,0.0,0.0,0.0,0.0,0.0,0.0,0.0,0.0,0.0,36.77,2426829,0.017,0.0,8.364,0.227,21.569,0.587,11.408,0.31,0.0,0.000
0,4294967295,358,47,aclnnMul_MulAiCore_Mul,Mul,dynamic,AI_VECTOR_CORE,1785698306404641.812	,333.127,0.009000,40,0,NO,"""4096,4096;4096,4096""",FLOAT;FLOAT,ND;ND,"""4096,4096""",FLOAT,ND,N/A,0.0,0,0.0,0.0,0.0,0.0,0.0,0.0,0.0,0.0,0.0,0.0,0.0,331.033,21848152,6.784,0.02,2.922,0.009,329.57,0.996,111.729,0.338,0.0,0.000
0,4294967295,359,47,Concat,Concat,dynamic,AI_VECTOR_CORE,1785698306404974.959	,39.741,0.123000,40,0,NO,"""64,16;64,32;64,64;64,128;64,256;64,512;64,1024;64,2048;64,4096;64,8192;64,16;64,32;64,64;64,128;64,256;64,512;64,1024;64,2048;64,4096;64,8192;64,16;64,32;64,64;64,128;64,256;64,512;64,1024;64,2048;64,4096;64,8192;64,16;64,32;64,64;64,128;64,256;64,512;64,1024;64,2048;64,4096;64,8192;64,16;64,32;64,64;64,128;64,256;64,512;64,1024;64,2048;64,4096;64,8192;64,16;64,32;64,64;64,128;64,256;64,512;64,1024;64,2048;64,4096;64,8192;64,16;64,32;64,64;64,128""",FLOAT16;FLOAT16;FLOAT16;FLOAT16;FLOAT16;FLOAT16;FLOAT16;FLOAT16;FLOAT16;FLOAT16;FLOAT16;FLOAT16;FLOAT16;FLOAT16;FLOAT16;FLOAT16;FLOAT16;FLOAT16;FLOAT16;FLOAT16;FLOAT16;FLOAT16;FLOAT16;FLOAT16;FLOAT16;FLOAT16;FLOAT16;FLOAT16;FLOAT16;FLOAT16;FLOAT16;FLOAT16;FLOAT16;FLOAT16;FLOAT16;FLOAT16;FLOAT16;FLOAT16;FLOAT16;FLOAT16;FLOAT16;FLOAT16;FLOAT16;FLOAT16;FLOAT16;FLOAT16;FLOAT16;FLOAT16;FLOAT16;FLOAT16;FLOAT16;FLOAT16;FLOAT16;FLOAT16;FLOAT16;FLOAT16;FLOAT16;FLOAT16;FLOAT16;FLOAT16;FLOAT16;FLOAT16;FLOAT16;FLOAT16,ND;ND;ND;ND;ND;ND;ND;ND;ND;ND;ND;ND;ND;ND;ND;ND;ND;ND;ND;ND;ND;ND;ND;ND;ND;ND;ND;ND;ND;ND;ND;ND;ND;ND;ND;ND;ND;ND;ND;ND;ND;ND;ND;ND;ND;ND;ND;ND;ND;ND;ND;ND;ND;ND;ND;ND;ND;ND;ND;ND;ND;ND;ND;ND,"""64,98448""",FLOAT16,ND,N/A,0.0,0,0.0,0.0,0.0,0.0,0.0,0.0,0.0,0.0,0.0,0.0,0.0,36.481,2407768,0.017,0.0,10.602,0.291,21.446,0.588,11.167,0.306,0.0,0.000
0,4294967295,360,47,aclnnMul_MulAiCore_Mul,Mul,dynamic,AI_VECTOR_CORE,1785698306405014.720	,333.526,0.009000,40,0,NO,"""4096,4096;4096,4096""",FLOAT;FLOAT,ND;ND,"""4096,4096""",FLOAT,ND,N/A,0.0,0,0.0,0.0,0.0,0.0,0.0,0.0,0.0,0.0,0.0,0.0,0.0,331.053,21849492,6.784,0.02,3.102,0.009,329.361,0.995,112.956,0.341,0.0,0.000
0,4294967295,361,47,Concat,Concat,dynamic,AI_VECTOR_CORE,1785698306405348.266	,40.621,0.000000,40,0,NO,"""64,16;64,32;64,64;64,128;64,256;64,512;64,1024;64,2048;64,4096;64,8192;64,16;64,32;64,64;64,128;64,256;64,512;64,1024;64,2048;64,4096;64,8192;64,16;64,32;64,64;64,128;64,256;64,512;64,1024;64,2048;64,4096;64,8192;64,16;64,32;64,64;64,128;64,256;64,512;64,1024;64,2048;64,4096;64,8192;64,16;64,32;64,64;64,128;64,256;64,512;64,1024;64,2048;64,4096;64,8192;64,16;64,32;64,64;64,128;64,256;64,512;64,1024;64,2048;64,4096;64,8192;64,16;64,32;64,64;64,128""",FLOAT16;FLOAT16;FLOAT16;FLOAT16;FLOAT16;FLOAT16;FLOAT16;FLOAT16;FLOAT16;FLOAT16;FLOAT16;FLOAT16;FLOAT16;FLOAT16;FLOAT16;FLOAT16;FLOAT16;FLOAT16;FLOAT16;FLOAT16;FLOAT16;FLOAT16;FLOAT16;FLOAT16;FLOAT16;FLOAT16;FLOAT16;FLOAT16;FLOAT16;FLOAT16;FLOAT16;FLOAT16;FLOAT16;FLOAT16;FLOAT16;FLOAT16;FLOAT16;FLOAT16;FLOAT16;FLOAT16;FLOAT16;FLOAT16;FLOAT16;FLOAT16;FLOAT16;FLOAT16;FLOAT16;FLOAT16;FLOAT16;FLOAT16;FLOAT16;FLOAT16;FLOAT16;FLOAT16;FLOAT16;FLOAT16;FLOAT16;FLOAT16;FLOAT16;FLOAT16;FLOAT16;FLOAT16;FLOAT16;FLOAT16,ND;ND;ND;ND;ND;ND;ND;ND;ND;ND;ND;ND;ND;ND;ND;ND;ND;ND;ND;ND;ND;ND;ND;ND;ND;ND;ND;ND;ND;ND;ND;ND;ND;ND;ND;ND;ND;ND;ND;ND;ND;ND;ND;ND;ND;ND;ND;ND;ND;ND;ND;ND;ND;ND;ND;ND;ND;ND;ND;ND;ND;ND;ND;ND,"""64,98448""",FLOAT16,ND,N/A,0.0,0,0.0,0.0,0.0,0.0,0.0,0.0,0.0,0.0,0.0,0.0,0.0,36.481,2407715,0.017,0.0,10.666,0.292,19.88,0.545,11.139,0.305,0.0,0.000
0,4294967295,362,47,aclnnMul_MulAiCore_Mul,Mul,dynamic,AI_VECTOR_CORE,1785698306405388.907	,333.107,0.129000,40,0,NO,"""4096,4096;4096,4096""",FLOAT;FLOAT,ND;ND,"""4096,4096""",FLOAT,ND,N/A,0.0,0,0.0,0.0,0.0,0.0,0.0,0.0,0.0,0.0,0.0,0.0,0.0,331.146,21855607,6.784,0.02,2.989,0.009,329.6,0.995,112.596,0.34,0.0,0.000
0,4294967295,363,47,Concat,Concat,dynamic,AI_VECTOR_CORE,1785698306405722.034	,41.241,0.000000,40,0,NO,"""64,16;64,32;64,64;64,128;64,256;64,512;64,1024;64,2048;64,4096;64,8192;64,16;64,32;64,64;64,128;64,256;64,512;64,1024;64,2048;64,4096;64,8192;64,16;64,32;64,64;64,128;64,256;64,512;64,1024;64,2048;64,4096;64,8192;64,16;64,32;64,64;64,128;64,256;64,512;64,1024;64,2048;64,4096;64,8192;64,16;64,32;64,64;64,128;64,256;64,512;64,1024;64,2048;64,4096;64,8192;64,16;64,32;64,64;64,128;64,256;64,512;64,1024;64,2048;64,4096;64,8192;64,16;64,32;64,64;64,128""",FLOAT16;FLOAT16;FLOAT16;FLOAT16;FLOAT16;FLOAT16;FLOAT16;FLOAT16;FLOAT16;FLOAT16;FLOAT16;FLOAT16;FLOAT16;FLOAT16;FLOAT16;FLOAT16;FLOAT16;FLOAT16;FLOAT16;FLOAT16;FLOAT16;FLOAT16;FLOAT16;FLOAT16;FLOAT16;FLOAT16;FLOAT16;FLOAT16;FLOAT16;FLOAT16;FLOAT16;FLOAT16;FLOAT16;FLOAT16;FLOAT16;FLOAT16;FLOAT16;FLOAT16;FLOAT16;FLOAT16;FLOAT16;FLOAT16;FLOAT16;FLOAT16;FLOAT16;FLOAT16;FLOAT16;FLOAT16;FLOAT16;FLOAT16;FLOAT16;FLOAT16;FLOAT16;FLOAT16;FLOAT16;FLOAT16;FLOAT16;FLOAT16;FLOAT16;FLOAT16;FLOAT16;FLOAT16;FLOAT16;FLOAT16,ND;ND;ND;ND;ND;ND;ND;ND;ND;ND;ND;ND;ND;ND;ND;ND;ND;ND;ND;ND;ND;ND;ND;ND;ND;ND;ND;ND;ND;ND;ND;ND;ND;ND;ND;ND;ND;ND;ND;ND;ND;ND;ND;ND;ND;ND;ND;ND;ND;ND;ND;ND;ND;ND;ND;ND;ND;ND;ND;ND;ND;ND;ND;ND,"""64,98448""",FLOAT16,ND,N/A,0.0,0,0.0,0.0,0.0,0.0,0.0,0.0,0.0,0.0,0.0,0.0,0.0,38.062,2512099,0.017,0.0,14.319,0.376,22.343,0.587,11.705,0.308,0.0,0.000
0,4294967295,364,47,aclnnMul_MulAiCore_Mul,Mul,dynamic,AI_VECTOR_CORE,1785698306405763.315	,334.006,0.009000,40,0,NO,"""4096,4096;4096,4096""",FLOAT;FLOAT,ND;ND,"""4096,4096""",FLOAT,ND,N/A,0.0,0,0.0,0.0,0.0,0.0,0.0,0.0,0.0,0.0,0.0,0.0,0.0,331.938,21907882,6.784,0.02,3.168,0.01,330.266,0.995,113.095,0.341,0.0,0.000
0,4294967295,365,47,Concat,Concat,dynamic,AI_VECTOR_CORE,1785698306406097.341	,40.061,0.000000,40,0,NO,"""64,16;64,32;64,64;64,128;64,256;64,512;64,1024;64,2048;64,4096;64,8192;64,16;64,32;64,64;64,128;64,256;64,512;64,1024;64,2048;64,4096;64,8192;64,16;64,32;64,64;64,128;64,256;64,512;64,1024;64,2048;64,4096;64,8192;64,16;64,32;64,64;64,128;64,256;64,512;64,1024;64,2048;64,4096;64,8192;64,16;64,32;64,64;64,128;64,256;64,512;64,1024;64,2048;64,4096;64,8192;64,16;64,32;64,64;64,128;64,256;64,512;64,1024;64,2048;64,4096;64,8192;64,16;64,32;64,64;64,128""",FLOAT16;FLOAT16;FLOAT16;FLOAT16;FLOAT16;FLOAT16;FLOAT16;FLOAT16;FLOAT16;FLOAT16;FLOAT16;FLOAT16;FLOAT16;FLOAT16;FLOAT16;FLOAT16;FLOAT16;FLOAT16;FLOAT16;FLOAT16;FLOAT16;FLOAT16;FLOAT16;FLOAT16;FLOAT16;FLOAT16;FLOAT16;FLOAT16;FLOAT16;FLOAT16;FLOAT16;FLOAT16;FLOAT16;FLOAT16;FLOAT16;FLOAT16;FLOAT16;FLOAT16;FLOAT16;FLOAT16;FLOAT16;FLOAT16;FLOAT16;FLOAT16;FLOAT16;FLOAT16;FLOAT16;FLOAT16;FLOAT16;FLOAT16;FLOAT16;FLOAT16;FLOAT16;FLOAT16;FLOAT16;FLOAT16;FLOAT16;FLOAT16;FLOAT16;FLOAT16;FLOAT16;FLOAT16;FLOAT16;FLOAT16,ND;ND;ND;ND;ND;ND;ND;ND;ND;ND;ND;ND;ND;ND;ND;ND;ND;ND;ND;ND;ND;ND;ND;ND;ND;ND;ND;ND;ND;ND;ND;ND;ND;ND;ND;ND;ND;ND;ND;ND;ND;ND;ND;ND;ND;ND;ND;ND;ND;ND;ND;ND;ND;ND;ND;ND;ND;ND;ND;ND;ND;ND;ND;ND,"""64,98448""",FLOAT16,ND,N/A,0.0,0,0.0,0.0,0.0,0.0,0.0,0.0,0.0,0.0,0.0,0.0,0.0,36.51,2409673,0.017,0.0,13.576,0.372,21.215,0.581,11.211,0.307,0.0,0.000
0,4294967295,366,47,aclnnMul_MulAiCore_Mul,Mul,dynamic,AI_VECTOR_CORE,1785698306406137.422	,333.707,0.189000,40,0,NO,"""4096,4096;4096,4096""",FLOAT;FLOAT,ND;ND,"""4096,4096""",FLOAT,ND,N/A,0.0,0,0.0,0.0,0.0,0.0,0.0,0.0,0.0,0.0,0.0,0.0,0.0,331.088,21851775,6.784,0.02,3.061,0.009,329.421,0.995,111.626,0.337,0.0,0.000
0,4294967295,367,47,Concat,Concat,dynamic,AI_VECTOR_CORE,1785698306406471.149	,38.481,0.043000,40,0,NO,"""64,16;64,32;64,64;64,128;64,256;64,512;64,1024;64,2048;64,4096;64,8192;64,16;64,32;64,64;64,128;64,256;64,512;64,1024;64,2048;64,4096;64,8192;64,16;64,32;64,64;64,128;64,256;64,512;64,1024;64,2048;64,4096;64,8192;64,16;64,32;64,64;64,128;64,256;64,512;64,1024;64,2048;64,4096;64,8192;64,16;64,32;64,64;64,128;64,256;64,512;64,1024;64,2048;64,4096;64,8192;64,16;64,32;64,64;64,128;64,256;64,512;64,1024;64,2048;64,4096;64,8192;64,16;64,32;64,64;64,128""",FLOAT16;FLOAT16;FLOAT16;FLOAT16;FLOAT16;FLOAT16;FLOAT16;FLOAT16;FLOAT16;FLOAT16;FLOAT16;FLOAT16;FLOAT16;FLOAT16;FLOAT16;FLOAT16;FLOAT16;FLOAT16;FLOAT16;FLOAT16;FLOAT16;FLOAT16;FLOAT16;FLOAT16;FLOAT16;FLOAT16;FLOAT16;FLOAT16;FLOAT16;FLOAT16;FLOAT16;FLOAT16;FLOAT16;FLOAT16;FLOAT16;FLOAT16;FLOAT16;FLOAT16;FLOAT16;FLOAT16;FLOAT16;FLOAT16;FLOAT16;FLOAT16;FLOAT16;FLOAT16;FLOAT16;FLOAT16;FLOAT16;FLOAT16;FLOAT16;FLOAT16;FLOAT16;FLOAT16;FLOAT16;FLOAT16;FLOAT16;FLOAT16;FLOAT16;FLOAT16;FLOAT16;FLOAT16;FLOAT16;FLOAT16,ND;ND;ND;ND;ND;ND;ND;ND;ND;ND;ND;ND;ND;ND;ND;ND;ND;ND;ND;ND;ND;ND;ND;ND;ND;ND;ND;ND;ND;ND;ND;ND;ND;ND;ND;ND;ND;ND;ND;ND;ND;ND;ND;ND;ND;ND;ND;ND;ND;ND;ND;ND;ND;ND;ND;ND;ND;ND;ND;ND;ND;ND;ND;ND,"""64,98448""",FLOAT16,ND,N/A,0.0,0,0.0,0.0,0.0,0.0,0.0,0.0,0.0,0.0,0.0,0.0,0.0,35.585,2348608,0.017,0.0,10.664,0.3,20.936,0.588,11.001,0.309,0.0,0.000
0,4294967295,368,47,aclnnMul_MulAiCore_Mul,Mul,dynamic,AI_VECTOR_CORE,1785698306406509.650	,333.746,0.019000,40,0,NO,"""4096,4096;4096,4096""",FLOAT;FLOAT,ND;ND,"""4096,4096""",FLOAT,ND,N/A,0.0,0,0.0,0.0,0.0,0.0,0.0,0.0,0.0,0.0,0.0,0.0,0.0,331.456,21876076,6.784,0.02,2.909,0.009,329.991,0.996,111.625,0.337,0.0,0.000
0,4294967295,369,47,Concat,Concat,dynamic,AI_VECTOR_CORE,1785698306406843.416	,40.181,0.004000,40,0,NO,"""64,16;64,32;64,64;64,128;64,256;64,512;64,1024;64,2048;64,4096;64,8192;64,16;64,32;64,64;64,128;64,256;64,512;64,1024;64,2048;64,4096;64,8192;64,16;64,32;64,64;64,128;64,256;64,512;64,1024;64,2048;64,4096;64,8192;64,16;64,32;64,64;64,128;64,256;64,512;64,1024;64,2048;64,4096;64,8192;64,16;64,32;64,64;64,128;64,256;64,512;64,1024;64,2048;64,4096;64,8192;64,16;64,32;64,64;64,128;64,256;64,512;64,1024;64,2048;64,4096;64,8192;64,16;64,32;64,64;64,128""",FLOAT16;FLOAT16;FLOAT16;FLOAT16;FLOAT16;FLOAT16;FLOAT16;FLOAT16;FLOAT16;FLOAT16;FLOAT16;FLOAT16;FLOAT16;FLOAT16;FLOAT16;FLOAT16;FLOAT16;FLOAT16;FLOAT16;FLOAT16;FLOAT16;FLOAT16;FLOAT16;FLOAT16;FLOAT16;FLOAT16;FLOAT16;FLOAT16;FLOAT16;FLOAT16;FLOAT16;FLOAT16;FLOAT16;FLOAT16;FLOAT16;FLOAT16;FLOAT16;FLOAT16;FLOAT16;FLOAT16;FLOAT16;FLOAT16;FLOAT16;FLOAT16;FLOAT16;FLOAT16;FLOAT16;FLOAT16;FLOAT16;FLOAT16;FLOAT16;FLOAT16;FLOAT16;FLOAT16;FLOAT16;FLOAT16;FLOAT16;FLOAT16;FLOAT16;FLOAT16;FLOAT16;FLOAT16;FLOAT16;FLOAT16,ND;ND;ND;ND;ND;ND;ND;ND;ND;ND;ND;ND;ND;ND;ND;ND;ND;ND;ND;ND;ND;ND;ND;ND;ND;ND;ND;ND;ND;ND;ND;ND;ND;ND;ND;ND;ND;ND;ND;ND;ND;ND;ND;ND;ND;ND;ND;ND;ND;ND;ND;ND;ND;ND;ND;ND;ND;ND;ND;ND;ND;ND;ND;ND,"""64,98448""",FLOAT16,ND,N/A,0.0,0,0.0,0.0,0.0,0.0,0.0,0.0,0.0,0.0,0.0,0.0,0.0,37.412,2469203,0.017,0.0,8.217,0.22,22.412,0.599,11.391,0.304,0.0,0.000
0,4294967295,370,47,aclnnMul_MulAiCore_Mul,Mul,dynamic,AI_VECTOR_CORE,1785698306406883.617	,334.167,0.000000,40,0,NO,"""4096,4096;4096,4096""",FLOAT;FLOAT,ND;ND,"""4096,4096""",FLOAT,ND,N/A,0.0,0,0.0,0.0,0.0,0.0,0.0,0.0,0.0,0.0,0.0,0.0,0.0,332.023,21913542,6.784,0.02,3.028,0.009,330.441,0.995,112.178,0.338,0.0,0.000
0,4294967295,371,47,Concat,Concat,dynamic,AI_VECTOR_CORE,1785698306407217.804	,40.261,0.083000,40,0,NO,"""64,16;64,32;64,64;64,128;64,256;64,512;64,1024;64,2048;64,4096;64,8192;64,16;64,32;64,64;64,128;64,256;64,512;64,1024;64,2048;64,4096;64,8192;64,16;64,32;64,64;64,128;64,256;64,512;64,1024;64,2048;64,4096;64,8192;64,16;64,32;64,64;64,128;64,256;64,512;64,1024;64,2048;64,4096;64,8192;64,16;64,32;64,64;64,128;64,256;64,512;64,1024;64,2048;64,4096;64,8192;64,16;64,32;64,64;64,128;64,256;64,512;64,1024;64,2048;64,4096;64,8192;64,16;64,32;64,64;64,128""",FLOAT16;FLOAT16;FLOAT16;FLOAT16;FLOAT16;FLOAT16;FLOAT16;FLOAT16;FLOAT16;FLOAT16;FLOAT16;FLOAT16;FLOAT16;FLOAT16;FLOAT16;FLOAT16;FLOAT16;FLOAT16;FLOAT16;FLOAT16;FLOAT16;FLOAT16;FLOAT16;FLOAT16;FLOAT16;FLOAT16;FLOAT16;FLOAT16;FLOAT16;FLOAT16;FLOAT16;FLOAT16;FLOAT16;FLOAT16;FLOAT16;FLOAT16;FLOAT16;FLOAT16;FLOAT16;FLOAT16;FLOAT16;FLOAT16;FLOAT16;FLOAT16;FLOAT16;FLOAT16;FLOAT16;FLOAT16;FLOAT16;FLOAT16;FLOAT16;FLOAT16;FLOAT16;FLOAT16;FLOAT16;FLOAT16;FLOAT16;FLOAT16;FLOAT16;FLOAT16;FLOAT16;FLOAT16;FLOAT16;FLOAT16,ND;ND;ND;ND;ND;ND;ND;ND;ND;ND;ND;ND;ND;ND;ND;ND;ND;ND;ND;ND;ND;ND;ND;ND;ND;ND;ND;ND;ND;ND;ND;ND;ND;ND;ND;ND;ND;ND;ND;ND;ND;ND;ND;ND;ND;ND;ND;ND;ND;ND;ND;ND;ND;ND;ND;ND;ND;ND;ND;ND;ND;ND;ND;ND,"""64,98448""",FLOAT16,ND,N/A,0.0,0,0.0,0.0,0.0,0.0,0.0,0.0,0.0,0.0,0.0,0.0,0.0,37.182,2453982,0.017,0.0,8.25,0.222,22.019,0.592,11.544,0.31,0.0,0.000
0,4294967295,372,47,aclnnMul_MulAiCore_Mul,Mul,dynamic,AI_VECTOR_CORE,1785698306407258.085	,332.566,0.000000,40,0,NO,"""4096,4096;4096,4096""",FLOAT;FLOAT,ND;ND,"""4096,4096""",FLOAT,ND,N/A,0.0,0,0.0,0.0,0.0,0.0,0.0,0.0,0.0,0.0,0.0,0.0,0.0,330.301,21799848,6.784,0.021,2.929,0.009,328.774,0.995,111.733,0.338,0.0,0.000
0,4294967295,373,47,Concat,Concat,dynamic,AI_VECTOR_CORE,1785698306407590.671	,40.161,0.184000,40,0,NO,"""64,16;64,32;64,64;64,128;64,256;64,512;64,1024;64,2048;64,4096;64,8192;64,16;64,32;64,64;64,128;64,256;64,512;64,1024;64,2048;64,4096;64,8192;64,16;64,32;64,64;64,128;64,256;64,512;64,1024;64,2048;64,4096;64,8192;64,16;64,32;64,64;64,128;64,256;64,512;64,1024;64,2048;64,4096;64,8192;64,16;64,32;64,64;64,128;64,256;64,512;64,1024;64,2048;64,4096;64,8192;64,16;64,32;64,64;64,128;64,256;64,512;64,1024;64,2048;64,4096;64,8192;64,16;64,32;64,64;64,128""",FLOAT16;FLOAT16;FLOAT16;FLOAT16;FLOAT16;FLOAT16;FLOAT16;FLOAT16;FLOAT16;FLOAT16;FLOAT16;FLOAT16;FLOAT16;FLOAT16;FLOAT16;FLOAT16;FLOAT16;FLOAT16;FLOAT16;FLOAT16;FLOAT16;FLOAT16;FLOAT16;FLOAT16;FLOAT16;FLOAT16;FLOAT16;FLOAT16;FLOAT16;FLOAT16;FLOAT16;FLOAT16;FLOAT16;FLOAT16;FLOAT16;FLOAT16;FLOAT16;FLOAT16;FLOAT16;FLOAT16;FLOAT16;FLOAT16;FLOAT16;FLOAT16;FLOAT16;FLOAT16;FLOAT16;FLOAT16;FLOAT16;FLOAT16;FLOAT16;FLOAT16;FLOAT16;FLOAT16;FLOAT16;FLOAT16;FLOAT16;FLOAT16;FLOAT16;FLOAT16;FLOAT16;FLOAT16;FLOAT16;FLOAT16,ND;ND;ND;ND;ND;ND;ND;ND;ND;ND;ND;ND;ND;ND;ND;ND;ND;ND;ND;ND;ND;ND;ND;ND;ND;ND;ND;ND;ND;ND;ND;ND;ND;ND;ND;ND;ND;ND;ND;ND;ND;ND;ND;ND;ND;ND;ND;ND;ND;ND;ND;ND;ND;ND;ND;ND;ND;ND;ND;ND;ND;ND;ND;ND,"""64,98448""",FLOAT16,ND,N/A,0.0,0,0.0,0.0,0.0,0.0,0.0,0.0,0.0,0.0,0.0,0.0,0.0,37.062,2446098,0.017,0.0,9.324,0.252,22.188,0.599,11.251,0.304,0.0,0.000
0,4294967295,374,47,aclnnMul_MulAiCore_Mul,Mul,dynamic,AI_VECTOR_CORE,1785698306407630.852	,333.347,0.000000,40,0,NO,"""4096,4096;4096,4096""",FLOAT;FLOAT,ND;ND,"""4096,4096""",FLOAT,ND,N/A,0.0,0,0.0,0.0,0.0,0.0,0.0,0.0,0.0,0.0,0.0,0.0,0.0,331.129,21854509,6.784,0.02,3.048,0.009,329.556,0.995,111.44,0.337,0.0,0.000
0,4294967295,375,47,Concat,Concat,dynamic,AI_VECTOR_CORE,1785698306407964.239	,39.160,0.153000,40,0,NO,"""64,16;64,32;64,64;64,128;64,256;64,512;64,1024;64,2048;64,4096;64,8192;64,16;64,32;64,64;64,128;64,256;64,512;64,1024;64,2048;64,4096;64,8192;64,16;64,32;64,64;64,128;64,256;64,512;64,1024;64,2048;64,4096;64,8192;64,16;64,32;64,64;64,128;64,256;64,512;64,1024;64,2048;64,4096;64,8192;64,16;64,32;64,64;64,128;64,256;64,512;64,1024;64,2048;64,4096;64,8192;64,16;64,32;64,64;64,128;64,256;64,512;64,1024;64,2048;64,4096;64,8192;64,16;64,32;64,64;64,128""",FLOAT16;FLOAT16;FLOAT16;FLOAT16;FLOAT16;FLOAT16;FLOAT16;FLOAT16;FLOAT16;FLOAT16;FLOAT16;FLOAT16;FLOAT16;FLOAT16;FLOAT16;FLOAT16;FLOAT16;FLOAT16;FLOAT16;FLOAT16;FLOAT16;FLOAT16;FLOAT16;FLOAT16;FLOAT16;FLOAT16;FLOAT16;FLOAT16;FLOAT16;FLOAT16;FLOAT16;FLOAT16;FLOAT16;FLOAT16;FLOAT16;FLOAT16;FLOAT16;FLOAT16;FLOAT16;FLOAT16;FLOAT16;FLOAT16;FLOAT16;FLOAT16;FLOAT16;FLOAT16;FLOAT16;FLOAT16;FLOAT16;FLOAT16;FLOAT16;FLOAT16;FLOAT16;FLOAT16;FLOAT16;FLOAT16;FLOAT16;FLOAT16;FLOAT16;FLOAT16;FLOAT16;FLOAT16;FLOAT16;FLOAT16,ND;ND;ND;ND;ND;ND;ND;ND;ND;ND;ND;ND;ND;ND;ND;ND;ND;ND;ND;ND;ND;ND;ND;ND;ND;ND;ND;ND;ND;ND;ND;ND;ND;ND;ND;ND;ND;ND;ND;ND;ND;ND;ND;ND;ND;ND;ND;ND;ND;ND;ND;ND;ND;ND;ND;ND;ND;ND;ND;ND;ND;ND;ND;ND,"""64,98448""",FLOAT16,ND,N/A,0.0,0,0.0,0.0,0.0,0.0,0.0,0.0,0.0,0.0,0.0,0.0,0.0,35.947,2372523,0.017,0.0,9.988,0.278,21.311,0.593,10.973,0.305,0.0,0.000
0,4294967295,376,47,aclnnMul_MulAiCore_Mul,Mul,dynamic,AI_VECTOR_CORE,1785698306408003.419	,334.147,0.090000,40,0,NO,"""4096,4096;4096,4096""",FLOAT;FLOAT,ND;ND,"""4096,4096""",FLOAT,ND,N/A,0.0,0,0.0,0.0,0.0,0.0,0.0,0.0,0.0,0.0,0.0,0.0,0.0,331.368,21870305,6.784,0.02,3.089,0.009,329.71,0.995,112.602,0.34,0.0,0.000
0,4294967295,377,47,Concat,Concat,dynamic,AI_VECTOR_CORE,1785698306408337.586	,42.721,0.000000,40,0,NO,"""64,16;64,32;64,64;64,128;64,256;64,512;64,1024;64,2048;64,4096;64,8192;64,16;64,32;64,64;64,128;64,256;64,512;64,1024;64,2048;64,4096;64,8192;64,16;64,32;64,64;64,128;64,256;64,512;64,1024;64,2048;64,4096;64,8192;64,16;64,32;64,64;64,128;64,256;64,512;64,1024;64,2048;64,4096;64,8192;64,16;64,32;64,64;64,128;64,256;64,512;64,1024;64,2048;64,4096;64,8192;64,16;64,32;64,64;64,128;64,256;64,512;64,1024;64,2048;64,4096;64,8192;64,16;64,32;64,64;64,128""",FLOAT16;FLOAT16;FLOAT16;FLOAT16;FLOAT16;FLOAT16;FLOAT16;FLOAT16;FLOAT16;FLOAT16;FLOAT16;FLOAT16;FLOAT16;FLOAT16;FLOAT16;FLOAT16;FLOAT16;FLOAT16;FLOAT16;FLOAT16;FLOAT16;FLOAT16;FLOAT16;FLOAT16;FLOAT16;FLOAT16;FLOAT16;FLOAT16;FLOAT16;FLOAT16;FLOAT16;FLOAT16;FLOAT16;FLOAT16;FLOAT16;FLOAT16;FLOAT16;FLOAT16;FLOAT16;FLOAT16;FLOAT16;FLOAT16;FLOAT16;FLOAT16;FLOAT16;FLOAT16;FLOAT16;FLOAT16;FLOAT16;FLOAT16;FLOAT16;FLOAT16;FLOAT16;FLOAT16;FLOAT16;FLOAT16;FLOAT16;FLOAT16;FLOAT16;FLOAT16;FLOAT16;FLOAT16;FLOAT16;FLOAT16,ND;ND;ND;ND;ND;ND;ND;ND;ND;ND;ND;ND;ND;ND;ND;ND;ND;ND;ND;ND;ND;ND;ND;ND;ND;ND;ND;ND;ND;ND;ND;ND;ND;ND;ND;ND;ND;ND;ND;ND;ND;ND;ND;ND;ND;ND;ND;ND;ND;ND;ND;ND;ND;ND;ND;ND;ND;ND;ND;ND;ND;ND;ND;ND,"""64,98448""",FLOAT16,ND,N/A,0.0,0,0.0,0.0,0.0,0.0,0.0,0.0,0.0,0.0,0.0,0.0,0.0,38.79,2560126,0.017,0.0,14.059,0.362,22.553,0.581,11.584,0.299,0.0,0.000
0,4294967295,378,47,aclnnMul_MulAiCore_Mul,Mul,dynamic,AI_VECTOR_CORE,1785698306408380.327	,333.107,0.029000,40,0,NO,"""4096,4096;4096,4096""",FLOAT;FLOAT,ND;ND,"""4096,4096""",FLOAT,ND,N/A,0.0,0,0.0,0.0,0.0,0.0,0.0,0.0,0.0,0.0,0.0,0.0,0.0,331.009,21846615,6.784,0.02,3.109,0.009,329.353,0.995,112.069,0.339,0.0,0.000
0,4294967295,379,47,Concat,Concat,dynamic,AI_VECTOR_CORE,1785698306408713.474	,40.800,0.143000,40,0,NO,"""64,16;64,32;64,64;64,128;64,256;64,512;64,1024;64,2048;64,4096;64,8192;64,16;64,32;64,64;64,128;64,256;64,512;64,1024;64,2048;64,4096;64,8192;64,16;64,32;64,64;64,128;64,256;64,512;64,1024;64,2048;64,4096;64,8192;64,16;64,32;64,64;64,128;64,256;64,512;64,1024;64,2048;64,4096;64,8192;64,16;64,32;64,64;64,128;64,256;64,512;64,1024;64,2048;64,4096;64,8192;64,16;64,32;64,64;64,128;64,256;64,512;64,1024;64,2048;64,4096;64,8192;64,16;64,32;64,64;64,128""",FLOAT16;FLOAT16;FLOAT16;FLOAT16;FLOAT16;FLOAT16;FLOAT16;FLOAT16;FLOAT16;FLOAT16;FLOAT16;FLOAT16;FLOAT16;FLOAT16;FLOAT16;FLOAT16;FLOAT16;FLOAT16;FLOAT16;FLOAT16;FLOAT16;FLOAT16;FLOAT16;FLOAT16;FLOAT16;FLOAT16;FLOAT16;FLOAT16;FLOAT16;FLOAT16;FLOAT16;FLOAT16;FLOAT16;FLOAT16;FLOAT16;FLOAT16;FLOAT16;FLOAT16;FLOAT16;FLOAT16;FLOAT16;FLOAT16;FLOAT16;FLOAT16;FLOAT16;FLOAT16;FLOAT16;FLOAT16;FLOAT16;FLOAT16;FLOAT16;FLOAT16;FLOAT16;FLOAT16;FLOAT16;FLOAT16;FLOAT16;FLOAT16;FLOAT16;FLOAT16;FLOAT16;FLOAT16;FLOAT16;FLOAT16,ND;ND;ND;ND;ND;ND;ND;ND;ND;ND;ND;ND;ND;ND;ND;ND;ND;ND;ND;ND;ND;ND;ND;ND;ND;ND;ND;ND;ND;ND;ND;ND;ND;ND;ND;ND;ND;ND;ND;ND;ND;ND;ND;ND;ND;ND;ND;ND;ND;ND;ND;ND;ND;ND;ND;ND;ND;ND;ND;ND;ND;ND;ND;ND,"""64,98448""",FLOAT16,ND,N/A,0.0,0,0.0,0.0,0.0,0.0,0.0,0.0,0.0,0.0,0.0,0.0,0.0,37.932,2503502,0.017,0.0,13.768,0.363,22.309,0.588,11.524,0.304,0.0,0.000
0,4294967295,380,47,aclnnMul_MulAiCore_Mul,Mul,dynamic,AI_VECTOR_CORE,1785698306408754.294	,333.087,0.000000,40,0,NO,"""4096,4096;4096,4096""",FLOAT;FLOAT,ND;ND,"""4096,4096""",FLOAT,ND,N/A,0.0,0,0.0,0.0,0.0,0.0,0.0,0.0,0.0,0.0,0.0,0.0,0.0,331.397,21872231,6.784,0.02,3.018,0.009,329.855,0.995,112.684,0.34,0.0,0.000
0,4294967295,381,47,Concat,Concat,dynamic,AI_VECTOR_CORE,1785698306409087.421	,38.961,0.163000,40,0,NO,"""64,16;64,32;64,64;64,128;64,256;64,512;64,1024;64,2048;64,4096;64,8192;64,16;64,32;64,64;64,128;64,256;64,512;64,1024;64,2048;64,4096;64,8192;64,16;64,32;64,64;64,128;64,256;64,512;64,1024;64,2048;64,4096;64,8192;64,16;64,32;64,64;64,128;64,256;64,512;64,1024;64,2048;64,4096;64,8192;64,16;64,32;64,64;64,128;64,256;64,512;64,1024;64,2048;64,4096;64,8192;64,16;64,32;64,64;64,128;64,256;64,512;64,1024;64,2048;64,4096;64,8192;64,16;64,32;64,64;64,128""",FLOAT16;FLOAT16;FLOAT16;FLOAT16;FLOAT16;FLOAT16;FLOAT16;FLOAT16;FLOAT16;FLOAT16;FLOAT16;FLOAT16;FLOAT16;FLOAT16;FLOAT16;FLOAT16;FLOAT16;FLOAT16;FLOAT16;FLOAT16;FLOAT16;FLOAT16;FLOAT16;FLOAT16;FLOAT16;FLOAT16;FLOAT16;FLOAT16;FLOAT16;FLOAT16;FLOAT16;FLOAT16;FLOAT16;FLOAT16;FLOAT16;FLOAT16;FLOAT16;FLOAT16;FLOAT16;FLOAT16;FLOAT16;FLOAT16;FLOAT16;FLOAT16;FLOAT16;FLOAT16;FLOAT16;FLOAT16;FLOAT16;FLOAT16;FLOAT16;FLOAT16;FLOAT16;FLOAT16;FLOAT16;FLOAT16;FLOAT16;FLOAT16;FLOAT16;FLOAT16;FLOAT16;FLOAT16;FLOAT16;FLOAT16,ND;ND;ND;ND;ND;ND;ND;ND;ND;ND;ND;ND;ND;ND;ND;ND;ND;ND;ND;ND;ND;ND;ND;ND;ND;ND;ND;ND;ND;ND;ND;ND;ND;ND;ND;ND;ND;ND;ND;ND;ND;ND;ND;ND;ND;ND;ND;ND;ND;ND;ND;ND;ND;ND;ND;ND;ND;ND;ND;ND;ND;ND;ND;ND,"""64,98448""",FLOAT16,ND,N/A,0.0,0,0.0,0.0,0.0,0.0,0.0,0.0,0.0,0.0,0.0,0.0,0.0,35.734,2358418,0.017,0.0,12.356,0.346,20.951,0.586,11.07,0.31,0.0,0.000
0,4294967295,382,47,aclnnMul_MulAiCore_Mul,Mul,dynamic,AI_VECTOR_CORE,1785698306409126.402	,333.087,0.039000,40,0,NO,"""4096,4096;4096,4096""",FLOAT;FLOAT,ND;ND,"""4096,4096""",FLOAT,ND,N/A,0.0,0,0.0,0.0,0.0,0.0,0.0,0.0,0.0,0.0,0.0,0.0,0.0,330.815,21833801,6.784,0.021,3.16,0.01,329.124,0.995,109.976,0.332,0.0,0.000
0,4294967295,383,47,Concat,Concat,dynamic,AI_VECTOR_CORE,1785698306409459.509	,39.180,0.000000,40,0,NO,"""64,16;64,32;64,64;64,128;64,256;64,512;64,1024;64,2048;64,4096;64,8192;64,16;64,32;64,64;64,128;64,256;64,512;64,1024;64,2048;64,4096;64,8192;64,16;64,32;64,64;64,128;64,256;64,512;64,1024;64,2048;64,4096;64,8192;64,16;64,32;64,64;64,128;64,256;64,512;64,1024;64,2048;64,4096;64,8192;64,16;64,32;64,64;64,128;64,256;64,512;64,1024;64,2048;64,4096;64,8192;64,16;64,32;64,64;64,128;64,256;64,512;64,1024;64,2048;64,4096;64,8192;64,16;64,32;64,64;64,128""",FLOAT16;FLOAT16;FLOAT16;FLOAT16;FLOAT16;FLOAT16;FLOAT16;FLOAT16;FLOAT16;FLOAT16;FLOAT16;FLOAT16;FLOAT16;FLOAT16;FLOAT16;FLOAT16;FLOAT16;FLOAT16;FLOAT16;FLOAT16;FLOAT16;FLOAT16;FLOAT16;FLOAT16;FLOAT16;FLOAT16;FLOAT16;FLOAT16;FLOAT16;FLOAT16;FLOAT16;FLOAT16;FLOAT16;FLOAT16;FLOAT16;FLOAT16;FLOAT16;FLOAT16;FLOAT16;FLOAT16;FLOAT16;FLOAT16;FLOAT16;FLOAT16;FLOAT16;FLOAT16;FLOAT16;FLOAT16;FLOAT16;FLOAT16;FLOAT16;FLOAT16;FLOAT16;FLOAT16;FLOAT16;FLOAT16;FLOAT16;FLOAT16;FLOAT16;FLOAT16;FLOAT16;FLOAT16;FLOAT16;FLOAT16,ND;ND;ND;ND;ND;ND;ND;ND;ND;ND;ND;ND;ND;ND;ND;ND;ND;ND;ND;ND;ND;ND;ND;ND;ND;ND;ND;ND;ND;ND;ND;ND;ND;ND;ND;ND;ND;ND;ND;ND;ND;ND;ND;ND;ND;ND;ND;ND;ND;ND;ND;ND;ND;ND;ND;ND;ND;ND;ND;ND;ND;ND;ND;ND,"""64,98448""",FLOAT16,ND,N/A,0.0,0,0.0,0.0,0.0,0.0,0.0,0.0,0.0,0.0,0.0,0.0,0.0,35.842,2365570,0.017,0.0,11.444,0.319,21.054,0.587,10.94,0.305,0.0,0.000
0,4294967295,384,47,aclnnMul_MulAiCore_Mul,Mul,dynamic,AI_VECTOR_CORE,1785698306409498.709	,333.707,0.070000,40,0,NO,"""4096,4096;4096,4096""",FLOAT;FLOAT,ND;ND,"""4096,4096""",FLOAT,ND,N/A,0.0,0,0.0,0.0,0.0,0.0,0.0,0.0,0.0,0.0,0.0,0.0,0.0,331.644,21888508,6.784,0.02,3.024,0.009,330.12,0.995,112.411,0.339,0.0,0.000
0,4294967295,385,47,Concat,Concat,dynamic,AI_VECTOR_CORE,1785698306409832.456	,40.101,0.043000,40,0,NO,"""64,16;64,32;64,64;64,128;64,256;64,512;64,1024;64,2048;64,4096;64,8192;64,16;64,32;64,64;64,128;64,256;64,512;64,1024;64,2048;64,4096;64,8192;64,16;64,32;64,64;64,128;64,256;64,512;64,1024;64,2048;64,4096;64,8192;64,16;64,32;64,64;64,128;64,256;64,512;64,1024;64,2048;64,4096;64,8192;64,16;64,32;64,64;64,128;64,256;64,512;64,1024;64,2048;64,4096;64,8192;64,16;64,32;64,64;64,128;64,256;64,512;64,1024;64,2048;64,4096;64,8192;64,16;64,32;64,64;64,128""",FLOAT16;FLOAT16;FLOAT16;FLOAT16;FLOAT16;FLOAT16;FLOAT16;FLOAT16;FLOAT16;FLOAT16;FLOAT16;FLOAT16;FLOAT16;FLOAT16;FLOAT16;FLOAT16;FLOAT16;FLOAT16;FLOAT16;FLOAT16;FLOAT16;FLOAT16;FLOAT16;FLOAT16;FLOAT16;FLOAT16;FLOAT16;FLOAT16;FLOAT16;FLOAT16;FLOAT16;FLOAT16;FLOAT16;FLOAT16;FLOAT16;FLOAT16;FLOAT16;FLOAT16;FLOAT16;FLOAT16;FLOAT16;FLOAT16;FLOAT16;FLOAT16;FLOAT16;FLOAT16;FLOAT16;FLOAT16;FLOAT16;FLOAT16;FLOAT16;FLOAT16;FLOAT16;FLOAT16;FLOAT16;FLOAT16;FLOAT16;FLOAT16;FLOAT16;FLOAT16;FLOAT16;FLOAT16;FLOAT16;FLOAT16,ND;ND;ND;ND;ND;ND;ND;ND;ND;ND;ND;ND;ND;ND;ND;ND;ND;ND;ND;ND;ND;ND;ND;ND;ND;ND;ND;ND;ND;ND;ND;ND;ND;ND;ND;ND;ND;ND;ND;ND;ND;ND;ND;ND;ND;ND;ND;ND;ND;ND;ND;ND;ND;ND;ND;ND;ND;ND;ND;ND;ND;ND;ND;ND,"""64,98448""",FLOAT16,ND,N/A,0.0,0,0.0,0.0,0.0,0.0,0.0,0.0,0.0,0.0,0.0,0.0,0.0,37.099,2448544,0.017,0.0,8.145,0.22,21.816,0.588,11.654,0.314,0.0,0.000
0,4294967295,386,47,aclnnMul_MulAiCore_Mul,Mul,dynamic,AI_VECTOR_CORE,1785698306409872.577	,333.186,0.000000,40,0,NO,"""4096,4096;4096,4096""",FLOAT;FLOAT,ND;ND,"""4096,4096""",FLOAT,ND,N/A,0.0,0,0.0,0.0,0.0,0.0,0.0,0.0,0.0,0.0,0.0,0.0,0.0,331.05,21849303,6.784,0.02,3.142,0.009,329.366,0.995,110.808,0.335,0.0,0.000
0,4294967295,387,47,Concat,Concat,dynamic,AI_VECTOR_CORE,1785698306410205.783	,40.741,0.064000,40,0,NO,"""64,16;64,32;64,64;64,128;64,256;64,512;64,1024;64,2048;64,4096;64,8192;64,16;64,32;64,64;64,128;64,256;64,512;64,1024;64,2048;64,4096;64,8192;64,16;64,32;64,64;64,128;64,256;64,512;64,1024;64,2048;64,4096;64,8192;64,16;64,32;64,64;64,128;64,256;64,512;64,1024;64,2048;64,4096;64,8192;64,16;64,32;64,64;64,128;64,256;64,512;64,1024;64,2048;64,4096;64,8192;64,16;64,32;64,64;64,128;64,256;64,512;64,1024;64,2048;64,4096;64,8192;64,16;64,32;64,64;64,128""",FLOAT16;FLOAT16;FLOAT16;FLOAT16;FLOAT16;FLOAT16;FLOAT16;FLOAT16;FLOAT16;FLOAT16;FLOAT16;FLOAT16;FLOAT16;FLOAT16;FLOAT16;FLOAT16;FLOAT16;FLOAT16;FLOAT16;FLOAT16;FLOAT16;FLOAT16;FLOAT16;FLOAT16;FLOAT16;FLOAT16;FLOAT16;FLOAT16;FLOAT16;FLOAT16;FLOAT16;FLOAT16;FLOAT16;FLOAT16;FLOAT16;FLOAT16;FLOAT16;FLOAT16;FLOAT16;FLOAT16;FLOAT16;FLOAT16;FLOAT16;FLOAT16;FLOAT16;FLOAT16;FLOAT16;FLOAT16;FLOAT16;FLOAT16;FLOAT16;FLOAT16;FLOAT16;FLOAT16;FLOAT16;FLOAT16;FLOAT16;FLOAT16;FLOAT16;FLOAT16;FLOAT16;FLOAT16;FLOAT16;FLOAT16,ND;ND;ND;ND;ND;ND;ND;ND;ND;ND;ND;ND;ND;ND;ND;ND;ND;ND;ND;ND;ND;ND;ND;ND;ND;ND;ND;ND;ND;ND;ND;ND;ND;ND;ND;ND;ND;ND;ND;ND;ND;ND;ND;ND;ND;ND;ND;ND;ND;ND;ND;ND;ND;ND;ND;ND;ND;ND;ND;ND;ND;ND;ND;ND,"""64,98448""",FLOAT16,ND,N/A,0.0,0,0.0,0.0,0.0,0.0,0.0,0.0,0.0,0.0,0.0,0.0,0.0,37.625,2483260,0.017,0.0,8.18,0.217,22.421,0.596,11.617,0.309,0.0,0.000
0,4294967295,388,47,aclnnMul_MulAiCore_Mul,Mul,dynamic,AI_VECTOR_CORE,1785698306410246.544	,333.587,0.009000,40,0,NO,"""4096,4096;4096,4096""",FLOAT;FLOAT,ND;ND,"""4096,4096""",FLOAT,ND,N/A,0.0,0,0.0,0.0,0.0,0.0,0.0,0.0,0.0,0.0,0.0,0.0,0.0,331.331,21867838,6.784,0.02,3.004,0.009,329.77,0.995,111.984,0.338,0.0,0.000
0,4294967295,389,47,Concat,Concat,dynamic,AI_VECTOR_CORE,1785698306410580.151	,41.121,0.163000,40,0,NO,"""64,16;64,32;64,64;64,128;64,256;64,512;64,1024;64,2048;64,4096;64,8192;64,16;64,32;64,64;64,128;64,256;64,512;64,1024;64,2048;64,4096;64,8192;64,16;64,32;64,64;64,128;64,256;64,512;64,1024;64,2048;64,4096;64,8192;64,16;64,32;64,64;64,128;64,256;64,512;64,1024;64,2048;64,4096;64,8192;64,16;64,32;64,64;64,128;64,256;64,512;64,1024;64,2048;64,4096;64,8192;64,16;64,32;64,64;64,128;64,256;64,512;64,1024;64,2048;64,4096;64,8192;64,16;64,32;64,64;64,128""",FLOAT16;FLOAT16;FLOAT16;FLOAT16;FLOAT16;FLOAT16;FLOAT16;FLOAT16;FLOAT16;FLOAT16;FLOAT16;FLOAT16;FLOAT16;FLOAT16;FLOAT16;FLOAT16;FLOAT16;FLOAT16;FLOAT16;FLOAT16;FLOAT16;FLOAT16;FLOAT16;FLOAT16;FLOAT16;FLOAT16;FLOAT16;FLOAT16;FLOAT16;FLOAT16;FLOAT16;FLOAT16;FLOAT16;FLOAT16;FLOAT16;FLOAT16;FLOAT16;FLOAT16;FLOAT16;FLOAT16;FLOAT16;FLOAT16;FLOAT16;FLOAT16;FLOAT16;FLOAT16;FLOAT16;FLOAT16;FLOAT16;FLOAT16;FLOAT16;FLOAT16;FLOAT16;FLOAT16;FLOAT16;FLOAT16;FLOAT16;FLOAT16;FLOAT16;FLOAT16;FLOAT16;FLOAT16;FLOAT16;FLOAT16,ND;ND;ND;ND;ND;ND;ND;ND;ND;ND;ND;ND;ND;ND;ND;ND;ND;ND;ND;ND;ND;ND;ND;ND;ND;ND;ND;ND;ND;ND;ND;ND;ND;ND;ND;ND;ND;ND;ND;ND;ND;ND;ND;ND;ND;ND;ND;ND;ND;ND;ND;ND;ND;ND;ND;ND;ND;ND;ND;ND;ND;ND;ND;ND,"""64,98448""",FLOAT16,ND,N/A,0.0,0,0.0,0.0,0.0,0.0,0.0,0.0,0.0,0.0,0.0,0.0,0.0,37.308,2462301,0.017,0.0,7.93,0.213,22.108,0.593,11.604,0.311,0.0,0.000
0,4294967295,390,47,aclnnMul_MulAiCore_Mul,Mul,dynamic,AI_VECTOR_CORE,1785698306410621.312	,334.246,0.000000,40,0,NO,"""4096,4096;4096,4096""",FLOAT;FLOAT,ND;ND,"""4096,4096""",FLOAT,ND,N/A,0.0,0,0.0,0.0,0.0,0.0,0.0,0.0,0.0,0.0,0.0,0.0,0.0,331.876,21903847,6.784,0.02,3.106,0.009,330.248,0.995,110.97,0.334,0.0,0.000
0,4294967295,391,47,Concat,Concat,dynamic,AI_VECTOR_CORE,1785698306410955.578	,39.681,0.004000,40,0,NO,"""64,16;64,32;64,64;64,128;64,256;64,512;64,1024;64,2048;64,4096;64,8192;64,16;64,32;64,64;64,128;64,256;64,512;64,1024;64,2048;64,4096;64,8192;64,16;64,32;64,64;64,128;64,256;64,512;64,1024;64,2048;64,4096;64,8192;64,16;64,32;64,64;64,128;64,256;64,512;64,1024;64,2048;64,4096;64,8192;64,16;64,32;64,64;64,128;64,256;64,512;64,1024;64,2048;64,4096;64,8192;64,16;64,32;64,64;64,128;64,256;64,512;64,1024;64,2048;64,4096;64,8192;64,16;64,32;64,64;64,128""",FLOAT16;FLOAT16;FLOAT16;FLOAT16;FLOAT16;FLOAT16;FLOAT16;FLOAT16;FLOAT16;FLOAT16;FLOAT16;FLOAT16;FLOAT16;FLOAT16;FLOAT16;FLOAT16;FLOAT16;FLOAT16;FLOAT16;FLOAT16;FLOAT16;FLOAT16;FLOAT16;FLOAT16;FLOAT16;FLOAT16;FLOAT16;FLOAT16;FLOAT16;FLOAT16;FLOAT16;FLOAT16;FLOAT16;FLOAT16;FLOAT16;FLOAT16;FLOAT16;FLOAT16;FLOAT16;FLOAT16;FLOAT16;FLOAT16;FLOAT16;FLOAT16;FLOAT16;FLOAT16;FLOAT16;FLOAT16;FLOAT16;FLOAT16;FLOAT16;FLOAT16;FLOAT16;FLOAT16;FLOAT16;FLOAT16;FLOAT16;FLOAT16;FLOAT16;FLOAT16;FLOAT16;FLOAT16;FLOAT16;FLOAT16,ND;ND;ND;ND;ND;ND;ND;ND;ND;ND;ND;ND;ND;ND;ND;ND;ND;ND;ND;ND;ND;ND;ND;ND;ND;ND;ND;ND;ND;ND;ND;ND;ND;ND;ND;ND;ND;ND;ND;ND;ND;ND;ND;ND;ND;ND;ND;ND;ND;ND;ND;ND;ND;ND;ND;ND;ND;ND;ND;ND;ND;ND;ND;ND,"""64,98448""",FLOAT16,ND,N/A,0.0,0,0.0,0.0,0.0,0.0,0.0,0.0,0.0,0.0,0.0,0.0,0.0,37.018,2443162,0.017,0.0,9.1,0.246,21.919,0.592,11.608,0.314,0.0,0.000
0,4294967295,392,47,aclnnMul_MulAiCore_Mul,Mul,dynamic,AI_VECTOR_CORE,1785698306410995.279	,334.447,0.069000,40,0,NO,"""4096,4096;4096,4096""",FLOAT;FLOAT,ND;ND,"""4096,4096""",FLOAT,ND,N/A,0.0,0,0.0,0.0,0.0,0.0,0.0,0.0,0.0,0.0,0.0,0.0,0.0,332.189,21924482,6.784,0.02,2.956,0.009,330.677,0.995,112.684,0.339,0.0,0.000
0,4294967295,393,47,Concat,Concat,dynamic,AI_VECTOR_CORE,1785698306411329.746	,40.821,0.053000,40,0,NO,"""64,16;64,32;64,64;64,128;64,256;64,512;64,1024;64,2048;64,4096;64,8192;64,16;64,32;64,64;64,128;64,256;64,512;64,1024;64,2048;64,4096;64,8192;64,16;64,32;64,64;64,128;64,256;64,512;64,1024;64,2048;64,4096;64,8192;64,16;64,32;64,64;64,128;64,256;64,512;64,1024;64,2048;64,4096;64,8192;64,16;64,32;64,64;64,128;64,256;64,512;64,1024;64,2048;64,4096;64,8192;64,16;64,32;64,64;64,128;64,256;64,512;64,1024;64,2048;64,4096;64,8192;64,16;64,32;64,64;64,128""",FLOAT16;FLOAT16;FLOAT16;FLOAT16;FLOAT16;FLOAT16;FLOAT16;FLOAT16;FLOAT16;FLOAT16;FLOAT16;FLOAT16;FLOAT16;FLOAT16;FLOAT16;FLOAT16;FLOAT16;FLOAT16;FLOAT16;FLOAT16;FLOAT16;FLOAT16;FLOAT16;FLOAT16;FLOAT16;FLOAT16;FLOAT16;FLOAT16;FLOAT16;FLOAT16;FLOAT16;FLOAT16;FLOAT16;FLOAT16;FLOAT16;FLOAT16;FLOAT16;FLOAT16;FLOAT16;FLOAT16;FLOAT16;FLOAT16;FLOAT16;FLOAT16;FLOAT16;FLOAT16;FLOAT16;FLOAT16;FLOAT16;FLOAT16;FLOAT16;FLOAT16;FLOAT16;FLOAT16;FLOAT16;FLOAT16;FLOAT16;FLOAT16;FLOAT16;FLOAT16;FLOAT16;FLOAT16;FLOAT16;FLOAT16,ND;ND;ND;ND;ND;ND;ND;ND;ND;ND;ND;ND;ND;ND;ND;ND;ND;ND;ND;ND;ND;ND;ND;ND;ND;ND;ND;ND;ND;ND;ND;ND;ND;ND;ND;ND;ND;ND;ND;ND;ND;ND;ND;ND;ND;ND;ND;ND;ND;ND;ND;ND;ND;ND;ND;ND;ND;ND;ND;ND;ND;ND;ND;ND,"""64,98448""",FLOAT16,ND,N/A,0.0,0,0.0,0.0,0.0,0.0,0.0,0.0,0.0,0.0,0.0,0.0,0.0,37.696,2487911,0.017,0.0,12.118,0.321,22.086,0.586,11.786,0.313,0.0,0.000
0,4294967295,394,47,aclnnMul_MulAiCore_Mul,Mul,dynamic,AI_VECTOR_CORE,1785698306411370.587	,333.426,0.000000,40,0,NO,"""4096,4096;4096,4096""",FLOAT;FLOAT,ND;ND,"""4096,4096""",FLOAT,ND,N/A,0.0,0,0.0,0.0,0.0,0.0,0.0,0.0,0.0,0.0,0.0,0.0,0.0,331.479,21877590,6.784,0.02,3.049,0.009,329.847,0.995,111.971,0.338,0.0,0.000
0,4294967295,395,47,Concat,Concat,dynamic,AI_VECTOR_CORE,1785698306411704.033	,41.941,0.074000,40,0,NO,"""64,16;64,32;64,64;64,128;64,256;64,512;64,1024;64,2048;64,4096;64,8192;64,16;64,32;64,64;64,128;64,256;64,512;64,1024;64,2048;64,4096;64,8192;64,16;64,32;64,64;64,128;64,256;64,512;64,1024;64,2048;64,4096;64,8192;64,16;64,32;64,64;64,128;64,256;64,512;64,1024;64,2048;64,4096;64,8192;64,16;64,32;64,64;64,128;64,256;64,512;64,1024;64,2048;64,4096;64,8192;64,16;64,32;64,64;64,128;64,256;64,512;64,1024;64,2048;64,4096;64,8192;64,16;64,32;64,64;64,128""",FLOAT16;FLOAT16;FLOAT16;FLOAT16;FLOAT16;FLOAT16;FLOAT16;FLOAT16;FLOAT16;FLOAT16;FLOAT16;FLOAT16;FLOAT16;FLOAT16;FLOAT16;FLOAT16;FLOAT16;FLOAT16;FLOAT16;FLOAT16;FLOAT16;FLOAT16;FLOAT16;FLOAT16;FLOAT16;FLOAT16;FLOAT16;FLOAT16;FLOAT16;FLOAT16;FLOAT16;FLOAT16;FLOAT16;FLOAT16;FLOAT16;FLOAT16;FLOAT16;FLOAT16;FLOAT16;FLOAT16;FLOAT16;FLOAT16;FLOAT16;FLOAT16;FLOAT16;FLOAT16;FLOAT16;FLOAT16;FLOAT16;FLOAT16;FLOAT16;FLOAT16;FLOAT16;FLOAT16;FLOAT16;FLOAT16;FLOAT16;FLOAT16;FLOAT16;FLOAT16;FLOAT16;FLOAT16;FLOAT16;FLOAT16,ND;ND;ND;ND;ND;ND;ND;ND;ND;ND;ND;ND;ND;ND;ND;ND;ND;ND;ND;ND;ND;ND;ND;ND;ND;ND;ND;ND;ND;ND;ND;ND;ND;ND;ND;ND;ND;ND;ND;ND;ND;ND;ND;ND;ND;ND;ND;ND;ND;ND;ND;ND;ND;ND;ND;ND;ND;ND;ND;ND;ND;ND;ND;ND,"""64,98448""",FLOAT16,ND,N/A,0.0,0,0.0,0.0,0.0,0.0,0.0,0.0,0.0,0.0,0.0,0.0,0.0,38.833,2562977,0.017,0.0,14.141,0.364,22.213,0.572,11.631,0.3,0.0,0.000
0,4294967295,396,47,aclnnMul_MulAiCore_Mul,Mul,dynamic,AI_VECTOR_CORE,1785698306411745.994	,332.127,0.059000,40,0,NO,"""4096,4096;4096,4096""",FLOAT;FLOAT,ND;ND,"""4096,4096""",FLOAT,ND,N/A,0.0,0,0.0,0.0,0.0,0.0,0.0,0.0,0.0,0.0,0.0,0.0,0.0,330.156,21790286,6.784,0.021,2.915,0.009,328.732,0.996,111.083,0.336,0.0,0.000
0,4294967295,397,47,Concat,Concat,dynamic,AI_VECTOR_CORE,1785698306412078.141	,39.381,0.123000,40,0,NO,"""64,16;64,32;64,64;64,128;64,256;64,512;64,1024;64,2048;64,4096;64,8192;64,16;64,32;64,64;64,128;64,256;64,512;64,1024;64,2048;64,4096;64,8192;64,16;64,32;64,64;64,128;64,256;64,512;64,1024;64,2048;64,4096;64,8192;64,16;64,32;64,64;64,128;64,256;64,512;64,1024;64,2048;64,4096;64,8192;64,16;64,32;64,64;64,128;64,256;64,512;64,1024;64,2048;64,4096;64,8192;64,16;64,32;64,64;64,128;64,256;64,512;64,1024;64,2048;64,4096;64,8192;64,16;64,32;64,64;64,128""",FLOAT16;FLOAT16;FLOAT16;FLOAT16;FLOAT16;FLOAT16;FLOAT16;FLOAT16;FLOAT16;FLOAT16;FLOAT16;FLOAT16;FLOAT16;FLOAT16;FLOAT16;FLOAT16;FLOAT16;FLOAT16;FLOAT16;FLOAT16;FLOAT16;FLOAT16;FLOAT16;FLOAT16;FLOAT16;FLOAT16;FLOAT16;FLOAT16;FLOAT16;FLOAT16;FLOAT16;FLOAT16;FLOAT16;FLOAT16;FLOAT16;FLOAT16;FLOAT16;FLOAT16;FLOAT16;FLOAT16;FLOAT16;FLOAT16;FLOAT16;FLOAT16;FLOAT16;FLOAT16;FLOAT16;FLOAT16;FLOAT16;FLOAT16;FLOAT16;FLOAT16;FLOAT16;FLOAT16;FLOAT16;FLOAT16;FLOAT16;FLOAT16;FLOAT16;FLOAT16;FLOAT16;FLOAT16;FLOAT16;FLOAT16,ND;ND;ND;ND;ND;ND;ND;ND;ND;ND;ND;ND;ND;ND;ND;ND;ND;ND;ND;ND;ND;ND;ND;ND;ND;ND;ND;ND;ND;ND;ND;ND;ND;ND;ND;ND;ND;ND;ND;ND;ND;ND;ND;ND;ND;ND;ND;ND;ND;ND;ND;ND;ND;ND;ND;ND;ND;ND;ND;ND;ND;ND;ND;ND,"""64,98448""",FLOAT16,ND,N/A,0.0,0,0.0,0.0,0.0,0.0,0.0,0.0,0.0,0.0,0.0,0.0,0.0,36.49,2408317,0.017,0.0,11.348,0.311,21.61,0.592,11.192,0.307,0.0,0.000
0,4294967295,398,47,aclnnMul_MulAiCore_Mul,Mul,dynamic,AI_VECTOR_CORE,1785698306412117.542	,334.226,0.000000,40,0,NO,"""4096,4096;4096,4096""",FLOAT;FLOAT,ND;ND,"""4096,4096""",FLOAT,ND,N/A,0.0,0,0.0,0.0,0.0,0.0,0.0,0.0,0.0,0.0,0.0,0.0,0.0,331.495,21878664,6.784,0.02,3.0,0.009,329.915,0.995,111.772,0.337,0.0,0.000
0,4294967295,399,47,Concat,Concat,dynamic,AI_VECTOR_CORE,1785698306412451.788	,39.501,0.024000,40,0,NO,"""64,16;64,32;64,64;64,128;64,256;64,512;64,1024;64,2048;64,4096;64,8192;64,16;64,32;64,64;64,128;64,256;64,512;64,1024;64,2048;64,4096;64,8192;64,16;64,32;64,64;64,128;64,256;64,512;64,1024;64,2048;64,4096;64,8192;64,16;64,32;64,64;64,128;64,256;64,512;64,1024;64,2048;64,4096;64,8192;64,16;64,32;64,64;64,128;64,256;64,512;64,1024;64,2048;64,4096;64,8192;64,16;64,32;64,64;64,128;64,256;64,512;64,1024;64,2048;64,4096;64,8192;64,16;64,32;64,64;64,128""",FLOAT16;FLOAT16;FLOAT16;FLOAT16;FLOAT16;FLOAT16;FLOAT16;FLOAT16;FLOAT16;FLOAT16;FLOAT16;FLOAT16;FLOAT16;FLOAT16;FLOAT16;FLOAT16;FLOAT16;FLOAT16;FLOAT16;FLOAT16;FLOAT16;FLOAT16;FLOAT16;FLOAT16;FLOAT16;FLOAT16;FLOAT16;FLOAT16;FLOAT16;FLOAT16;FLOAT16;FLOAT16;FLOAT16;FLOAT16;FLOAT16;FLOAT16;FLOAT16;FLOAT16;FLOAT16;FLOAT16;FLOAT16;FLOAT16;FLOAT16;FLOAT16;FLOAT16;FLOAT16;FLOAT16;FLOAT16;FLOAT16;FLOAT16;FLOAT16;FLOAT16;FLOAT16;FLOAT16;FLOAT16;FLOAT16;FLOAT16;FLOAT16;FLOAT16;FLOAT16;FLOAT16;FLOAT16;FLOAT16;FLOAT16,ND;ND;ND;ND;ND;ND;ND;ND;ND;ND;ND;ND;ND;ND;ND;ND;ND;ND;ND;ND;ND;ND;ND;ND;ND;ND;ND;ND;ND;ND;ND;ND;ND;ND;ND;ND;ND;ND;ND;ND;ND;ND;ND;ND;ND;ND;ND;ND;ND;ND;ND;ND;ND;ND;ND;ND;ND;ND;ND;ND;ND;ND;ND;ND,"""64,98448""",FLOAT16,ND,N/A,0.0,0,0.0,0.0,0.0,0.0,0.0,0.0,0.0,0.0,0.0,0.0,0.0,35.873,2367620,0.017,0.0,12.769,0.356,21.017,0.586,10.901,0.304,0.0,0.000
0,4294967295,400,47,aclnnMul_MulAiCore_Mul,Mul,dynamic,AI_VECTOR_CORE,1785698306412491.309	,332.707,0.000000,40,0,NO,"""4096,4096;4096,4096""",FLOAT;FLOAT,ND;ND,"""4096,4096""",FLOAT,ND,N/A,0.0,0,0.0,0.0,0.0,0.0,0.0,0.0,0.0,0.0,0.0,0.0,0.0,330.752,21829606,6.784,0.021,3.146,0.01,329.08,0.995,111.347,0.337,0.0,0.000
0,4294967295,401,47,Concat,Concat,dynamic,AI_VECTOR_CORE,1785698306412824.036	,40.761,0.043000,40,0,NO,"""64,16;64,32;64,64;64,128;64,256;64,512;64,1024;64,2048;64,4096;64,8192;64,16;64,32;64,64;64,128;64,256;64,512;64,1024;64,2048;64,4096;64,8192;64,16;64,32;64,64;64,128;64,256;64,512;64,1024;64,2048;64,4096;64,8192;64,16;64,32;64,64;64,128;64,256;64,512;64,1024;64,2048;64,4096;64,8192;64,16;64,32;64,64;64,128;64,256;64,512;64,1024;64,2048;64,4096;64,8192;64,16;64,32;64,64;64,128;64,256;64,512;64,1024;64,2048;64,4096;64,8192;64,16;64,32;64,64;64,128""",FLOAT16;FLOAT16;FLOAT16;FLOAT16;FLOAT16;FLOAT16;FLOAT16;FLOAT16;FLOAT16;FLOAT16;FLOAT16;FLOAT16;FLOAT16;FLOAT16;FLOAT16;FLOAT16;FLOAT16;FLOAT16;FLOAT16;FLOAT16;FLOAT16;FLOAT16;FLOAT16;FLOAT16;FLOAT16;FLOAT16;FLOAT16;FLOAT16;FLOAT16;FLOAT16;FLOAT16;FLOAT16;FLOAT16;FLOAT16;FLOAT16;FLOAT16;FLOAT16;FLOAT16;FLOAT16;FLOAT16;FLOAT16;FLOAT16;FLOAT16;FLOAT16;FLOAT16;FLOAT16;FLOAT16;FLOAT16;FLOAT16;FLOAT16;FLOAT16;FLOAT16;FLOAT16;FLOAT16;FLOAT16;FLOAT16;FLOAT16;FLOAT16;FLOAT16;FLOAT16;FLOAT16;FLOAT16;FLOAT16;FLOAT16,ND;ND;ND;ND;ND;ND;ND;ND;ND;ND;ND;ND;ND;ND;ND;ND;ND;ND;ND;ND;ND;ND;ND;ND;ND;ND;ND;ND;ND;ND;ND;ND;ND;ND;ND;ND;ND;ND;ND;ND;ND;ND;ND;ND;ND;ND;ND;ND;ND;ND;ND;ND;ND;ND;ND;ND;ND;ND;ND;ND;ND;ND;ND;ND,"""64,98448""",FLOAT16,ND,N/A,0.0,0,0.0,0.0,0.0,0.0,0.0,0.0,0.0,0.0,0.0,0.0,0.0,38.121,2515959,0.017,0.0,8.09,0.212,22.694,0.595,11.785,0.309,0.0,0.000
0,4294967295,402,47,aclnnMul_MulAiCore_Mul,Mul,dynamic,AI_VECTOR_CORE,1785698306412864.817	,333.226,0.000000,40,0,NO,"""4096,4096;4096,4096""",FLOAT;FLOAT,ND;ND,"""4096,4096""",FLOAT,ND,N/A,0.0,0,0.0,0.0,0.0,0.0,0.0,0.0,0.0,0.0,0.0,0.0,0.0,330.909,21840009,6.784,0.021,3.047,0.009,329.306,0.995,111.878,0.338,0.0,0.000
0,4294967295,403,47,Concat,Concat,dynamic,AI_VECTOR_CORE,1785698306413198.063	,40.181,0.024000,40,0,NO,"""64,16;64,32;64,64;64,128;64,256;64,512;64,1024;64,2048;64,4096;64,8192;64,16;64,32;64,64;64,128;64,256;64,512;64,1024;64,2048;64,4096;64,8192;64,16;64,32;64,64;64,128;64,256;64,512;64,1024;64,2048;64,4096;64,8192;64,16;64,32;64,64;64,128;64,256;64,512;64,1024;64,2048;64,4096;64,8192;64,16;64,32;64,64;64,128;64,256;64,512;64,1024;64,2048;64,4096;64,8192;64,16;64,32;64,64;64,128;64,256;64,512;64,1024;64,2048;64,4096;64,8192;64,16;64,32;64,64;64,128""",FLOAT16;FLOAT16;FLOAT16;FLOAT16;FLOAT16;FLOAT16;FLOAT16;FLOAT16;FLOAT16;FLOAT16;FLOAT16;FLOAT16;FLOAT16;FLOAT16;FLOAT16;FLOAT16;FLOAT16;FLOAT16;FLOAT16;FLOAT16;FLOAT16;FLOAT16;FLOAT16;FLOAT16;FLOAT16;FLOAT16;FLOAT16;FLOAT16;FLOAT16;FLOAT16;FLOAT16;FLOAT16;FLOAT16;FLOAT16;FLOAT16;FLOAT16;FLOAT16;FLOAT16;FLOAT16;FLOAT16;FLOAT16;FLOAT16;FLOAT16;FLOAT16;FLOAT16;FLOAT16;FLOAT16;FLOAT16;FLOAT16;FLOAT16;FLOAT16;FLOAT16;FLOAT16;FLOAT16;FLOAT16;FLOAT16;FLOAT16;FLOAT16;FLOAT16;FLOAT16;FLOAT16;FLOAT16;FLOAT16;FLOAT16,ND;ND;ND;ND;ND;ND;ND;ND;ND;ND;ND;ND;ND;ND;ND;ND;ND;ND;ND;ND;ND;ND;ND;ND;ND;ND;ND;ND;ND;ND;ND;ND;ND;ND;ND;ND;ND;ND;ND;ND;ND;ND;ND;ND;ND;ND;ND;ND;ND;ND;ND;ND;ND;ND;ND;ND;ND;ND;ND;ND;ND;ND;ND;ND,"""64,98448""",FLOAT16,ND,N/A,0.0,0,0.0,0.0,0.0,0.0,0.0,0.0,0.0,0.0,0.0,0.0,0.0,37.475,2473338,0.017,0.0,7.56,0.202,22.422,0.598,11.506,0.307,0.0,0.000
0,4294967295,404,47,aclnnMul_MulAiCore_Mul,Mul,dynamic,AI_VECTOR_CORE,1785698306413238.264	,333.267,0.069000,40,0,NO,"""4096,4096;4096,4096""",FLOAT;FLOAT,ND;ND,"""4096,4096""",FLOAT,ND,N/A,0.0,0,0.0,0.0,0.0,0.0,0.0,0.0,0.0,0.0,0.0,0.0,0.0,330.937,21841819,6.784,0.021,3.118,0.009,329.264,0.995,110.712,0.335,0.0,0.000
0,4294967295,405,47,Concat,Concat,dynamic,AI_VECTOR_CORE,1785698306413571.551	,40.100,0.000000,40,0,NO,"""64,16;64,32;64,64;64,128;64,256;64,512;64,1024;64,2048;64,4096;64,8192;64,16;64,32;64,64;64,128;64,256;64,512;64,1024;64,2048;64,4096;64,8192;64,16;64,32;64,64;64,128;64,256;64,512;64,1024;64,2048;64,4096;64,8192;64,16;64,32;64,64;64,128;64,256;64,512;64,1024;64,2048;64,4096;64,8192;64,16;64,32;64,64;64,128;64,256;64,512;64,1024;64,2048;64,4096;64,8192;64,16;64,32;64,64;64,128;64,256;64,512;64,1024;64,2048;64,4096;64,8192;64,16;64,32;64,64;64,128""",FLOAT16;FLOAT16;FLOAT16;FLOAT16;FLOAT16;FLOAT16;FLOAT16;FLOAT16;FLOAT16;FLOAT16;FLOAT16;FLOAT16;FLOAT16;FLOAT16;FLOAT16;FLOAT16;FLOAT16;FLOAT16;FLOAT16;FLOAT16;FLOAT16;FLOAT16;FLOAT16;FLOAT16;FLOAT16;FLOAT16;FLOAT16;FLOAT16;FLOAT16;FLOAT16;FLOAT16;FLOAT16;FLOAT16;FLOAT16;FLOAT16;FLOAT16;FLOAT16;FLOAT16;FLOAT16;FLOAT16;FLOAT16;FLOAT16;FLOAT16;FLOAT16;FLOAT16;FLOAT16;FLOAT16;FLOAT16;FLOAT16;FLOAT16;FLOAT16;FLOAT16;FLOAT16;FLOAT16;FLOAT16;FLOAT16;FLOAT16;FLOAT16;FLOAT16;FLOAT16;FLOAT16;FLOAT16;FLOAT16;FLOAT16,ND;ND;ND;ND;ND;ND;ND;ND;ND;ND;ND;ND;ND;ND;ND;ND;ND;ND;ND;ND;ND;ND;ND;ND;ND;ND;ND;ND;ND;ND;ND;ND;ND;ND;ND;ND;ND;ND;ND;ND;ND;ND;ND;ND;ND;ND;ND;ND;ND;ND;ND;ND;ND;ND;ND;ND;ND;ND;ND;ND;ND;ND;ND;ND,"""64,98448""",FLOAT16,ND,N/A,0.0,0,0.0,0.0,0.0,0.0,0.0,0.0,0.0,0.0,0.0,0.0,0.0,36.885,2434408,0.017,0.0,9.275,0.251,21.679,0.588,11.579,0.314,0.0,0.000
0,4294967295,406,47,aclnnMul_MulAiCore_Mul,Mul,dynamic,AI_VECTOR_CORE,1785698306413611.691	,334.267,0.150000,40,0,NO,"""4096,4096;4096,4096""",FLOAT;FLOAT,ND;ND,"""4096,4096""",FLOAT,ND,N/A,0.0,0,0.0,0.0,0.0,0.0,0.0,0.0,0.0,0.0,0.0,0.0,0.0,332.065,21916297,6.784,0.02,2.984,0.009,330.491,0.995,113.09,0.341,0.0,0.000
0,4294967295,407,47,Concat,Concat,dynamic,AI_VECTOR_CORE,1785698306413945.978	,39.381,0.000000,40,0,NO,"""64,16;64,32;64,64;64,128;64,256;64,512;64,1024;64,2048;64,4096;64,8192;64,16;64,32;64,64;64,128;64,256;64,512;64,1024;64,2048;64,4096;64,8192;64,16;64,32;64,64;64,128;64,256;64,512;64,1024;64,2048;64,4096;64,8192;64,16;64,32;64,64;64,128;64,256;64,512;64,1024;64,2048;64,4096;64,8192;64,16;64,32;64,64;64,128;64,256;64,512;64,1024;64,2048;64,4096;64,8192;64,16;64,32;64,64;64,128;64,256;64,512;64,1024;64,2048;64,4096;64,8192;64,16;64,32;64,64;64,128""",FLOAT16;FLOAT16;FLOAT16;FLOAT16;FLOAT16;FLOAT16;FLOAT16;FLOAT16;FLOAT16;FLOAT16;FLOAT16;FLOAT16;FLOAT16;FLOAT16;FLOAT16;FLOAT16;FLOAT16;FLOAT16;FLOAT16;FLOAT16;FLOAT16;FLOAT16;FLOAT16;FLOAT16;FLOAT16;FLOAT16;FLOAT16;FLOAT16;FLOAT16;FLOAT16;FLOAT16;FLOAT16;FLOAT16;FLOAT16;FLOAT16;FLOAT16;FLOAT16;FLOAT16;FLOAT16;FLOAT16;FLOAT16;FLOAT16;FLOAT16;FLOAT16;FLOAT16;FLOAT16;FLOAT16;FLOAT16;FLOAT16;FLOAT16;FLOAT16;FLOAT16;FLOAT16;FLOAT16;FLOAT16;FLOAT16;FLOAT16;FLOAT16;FLOAT16;FLOAT16;FLOAT16;FLOAT16;FLOAT16;FLOAT16,ND;ND;ND;ND;ND;ND;ND;ND;ND;ND;ND;ND;ND;ND;ND;ND;ND;ND;ND;ND;ND;ND;ND;ND;ND;ND;ND;ND;ND;ND;ND;ND;ND;ND;ND;ND;ND;ND;ND;ND;ND;ND;ND;ND;ND;ND;ND;ND;ND;ND;ND;ND;ND;ND;ND;ND;ND;ND;ND;ND;ND;ND;ND;ND,"""64,98448""",FLOAT16,ND,N/A,0.0,0,0.0,0.0,0.0,0.0,0.0,0.0,0.0,0.0,0.0,0.0,0.0,36.455,2406045,0.017,0.0,8.032,0.22,21.589,0.592,11.169,0.306,0.0,0.000
0,4294967295,408,47,aclnnMul_MulAiCore_Mul,Mul,dynamic,AI_VECTOR_CORE,1785698306413985.379	,334.307,0.119000,40,0,NO,"""4096,4096;4096,4096""",FLOAT;FLOAT,ND;ND,"""4096,4096""",FLOAT,ND,N/A,0.0,0,0.0,0.0,0.0,0.0,0.0,0.0,0.0,0.0,0.0,0.0,0.0,331.552,21882408,6.784,0.02,3.082,0.009,329.915,0.995,112.945,0.341,0.0,0.000
0,4294967295,409,47,Concat,Concat,dynamic,AI_VECTOR_CORE,1785698306414319.706	,40.840,0.000000,40,0,NO,"""64,16;64,32;64,64;64,128;64,256;64,512;64,1024;64,2048;64,4096;64,8192;64,16;64,32;64,64;64,128;64,256;64,512;64,1024;64,2048;64,4096;64,8192;64,16;64,32;64,64;64,128;64,256;64,512;64,1024;64,2048;64,4096;64,8192;64,16;64,32;64,64;64,128;64,256;64,512;64,1024;64,2048;64,4096;64,8192;64,16;64,32;64,64;64,128;64,256;64,512;64,1024;64,2048;64,4096;64,8192;64,16;64,32;64,64;64,128;64,256;64,512;64,1024;64,2048;64,4096;64,8192;64,16;64,32;64,64;64,128""",FLOAT16;FLOAT16;FLOAT16;FLOAT16;FLOAT16;FLOAT16;FLOAT16;FLOAT16;FLOAT16;FLOAT16;FLOAT16;FLOAT16;FLOAT16;FLOAT16;FLOAT16;FLOAT16;FLOAT16;FLOAT16;FLOAT16;FLOAT16;FLOAT16;FLOAT16;FLOAT16;FLOAT16;FLOAT16;FLOAT16;FLOAT16;FLOAT16;FLOAT16;FLOAT16;FLOAT16;FLOAT16;FLOAT16;FLOAT16;FLOAT16;FLOAT16;FLOAT16;FLOAT16;FLOAT16;FLOAT16;FLOAT16;FLOAT16;FLOAT16;FLOAT16;FLOAT16;FLOAT16;FLOAT16;FLOAT16;FLOAT16;FLOAT16;FLOAT16;FLOAT16;FLOAT16;FLOAT16;FLOAT16;FLOAT16;FLOAT16;FLOAT16;FLOAT16;FLOAT16;FLOAT16;FLOAT16;FLOAT16;FLOAT16,ND;ND;ND;ND;ND;ND;ND;ND;ND;ND;ND;ND;ND;ND;ND;ND;ND;ND;ND;ND;ND;ND;ND;ND;ND;ND;ND;ND;ND;ND;ND;ND;ND;ND;ND;ND;ND;ND;ND;ND;ND;ND;ND;ND;ND;ND;ND;ND;ND;ND;ND;ND;ND;ND;ND;ND;ND;ND;ND;ND;ND;ND;ND;ND,"""64,98448""",FLOAT16,ND,N/A,0.0,0,0.0,0.0,0.0,0.0,0.0,0.0,0.0,0.0,0.0,0.0,0.0,37.836,2497206,0.017,0.0,12.763,0.337,21.906,0.579,11.958,0.316,0.0,0.000
0,4294967295,410,47,aclnnMul_MulAiCore_Mul,Mul,dynamic,AI_VECTOR_CORE,1785698306414360.586	,333.887,0.000000,40,0,NO,"""4096,4096;4096,4096""",FLOAT;FLOAT,ND;ND,"""4096,4096""",FLOAT,ND,N/A,0.0,0,0.0,0.0,0.0,0.0,0.0,0.0,0.0,0.0,0.0,0.0,0.0,331.739,21894774,6.784,0.02,2.93,0.009,330.267,0.996,112.252,0.338,0.0,0.000
0,4294967295,411,47,Concat,Concat,dynamic,AI_VECTOR_CORE,1785698306414694.513	,41.461,0.113000,40,0,NO,"""64,16;64,32;64,64;64,128;64,256;64,512;64,1024;64,2048;64,4096;64,8192;64,16;64,32;64,64;64,128;64,256;64,512;64,1024;64,2048;64,4096;64,8192;64,16;64,32;64,64;64,128;64,256;64,512;64,1024;64,2048;64,4096;64,8192;64,16;64,32;64,64;64,128;64,256;64,512;64,1024;64,2048;64,4096;64,8192;64,16;64,32;64,64;64,128;64,256;64,512;64,1024;64,2048;64,4096;64,8192;64,16;64,32;64,64;64,128;64,256;64,512;64,1024;64,2048;64,4096;64,8192;64,16;64,32;64,64;64,128""",FLOAT16;FLOAT16;FLOAT16;FLOAT16;FLOAT16;FLOAT16;FLOAT16;FLOAT16;FLOAT16;FLOAT16;FLOAT16;FLOAT16;FLOAT16;FLOAT16;FLOAT16;FLOAT16;FLOAT16;FLOAT16;FLOAT16;FLOAT16;FLOAT16;FLOAT16;FLOAT16;FLOAT16;FLOAT16;FLOAT16;FLOAT16;FLOAT16;FLOAT16;FLOAT16;FLOAT16;FLOAT16;FLOAT16;FLOAT16;FLOAT16;FLOAT16;FLOAT16;FLOAT16;FLOAT16;FLOAT16;FLOAT16;FLOAT16;FLOAT16;FLOAT16;FLOAT16;FLOAT16;FLOAT16;FLOAT16;FLOAT16;FLOAT16;FLOAT16;FLOAT16;FLOAT16;FLOAT16;FLOAT16;FLOAT16;FLOAT16;FLOAT16;FLOAT16;FLOAT16;FLOAT16;FLOAT16;FLOAT16;FLOAT16,ND;ND;ND;ND;ND;ND;ND;ND;ND;ND;ND;ND;ND;ND;ND;ND;ND;ND;ND;ND;ND;ND;ND;ND;ND;ND;ND;ND;ND;ND;ND;ND;ND;ND;ND;ND;ND;ND;ND;ND;ND;ND;ND;ND;ND;ND;ND;ND;ND;ND;ND;ND;ND;ND;ND;ND;ND;ND;ND;ND;ND;ND;ND;ND,"""64,98448""",FLOAT16,ND,N/A,0.0,0,0.0,0.0,0.0,0.0,0.0,0.0,0.0,0.0,0.0,0.0,0.0,38.347,2530880,0.017,0.0,14.821,0.387,22.165,0.578,11.328,0.295,0.0,0.000
0,4294967295,412,47,aclnnMul_MulAiCore_Mul,Mul,dynamic,AI_VECTOR_CORE,1785698306414736.014	,333.747,0.039000,40,0,NO,"""4096,4096;4096,4096""",FLOAT;FLOAT,ND;ND,"""4096,4096""",FLOAT,ND,N/A,0.0,0,0.0,0.0,0.0,0.0,0.0,0.0,0.0,0.0,0.0,0.0,0.0,331.526,21880696,6.784,0.02,3.046,0.009,329.928,0.995,113.059,0.341,0.0,0.000
0,4294967295,413,47,Concat,Concat,dynamic,AI_VECTOR_CORE,1785698306415069.801	,39.980,0.003000,40,0,NO,"""64,16;64,32;64,64;64,128;64,256;64,512;64,1024;64,2048;64,4096;64,8192;64,16;64,32;64,64;64,128;64,256;64,512;64,1024;64,2048;64,4096;64,8192;64,16;64,32;64,64;64,128;64,256;64,512;64,1024;64,2048;64,4096;64,8192;64,16;64,32;64,64;64,128;64,256;64,512;64,1024;64,2048;64,4096;64,8192;64,16;64,32;64,64;64,128;64,256;64,512;64,1024;64,2048;64,4096;64,8192;64,16;64,32;64,64;64,128;64,256;64,512;64,1024;64,2048;64,4096;64,8192;64,16;64,32;64,64;64,128""",FLOAT16;FLOAT16;FLOAT16;FLOAT16;FLOAT16;FLOAT16;FLOAT16;FLOAT16;FLOAT16;FLOAT16;FLOAT16;FLOAT16;FLOAT16;FLOAT16;FLOAT16;FLOAT16;FLOAT16;FLOAT16;FLOAT16;FLOAT16;FLOAT16;FLOAT16;FLOAT16;FLOAT16;FLOAT16;FLOAT16;FLOAT16;FLOAT16;FLOAT16;FLOAT16;FLOAT16;FLOAT16;FLOAT16;FLOAT16;FLOAT16;FLOAT16;FLOAT16;FLOAT16;FLOAT16;FLOAT16;FLOAT16;FLOAT16;FLOAT16;FLOAT16;FLOAT16;FLOAT16;FLOAT16;FLOAT16;FLOAT16;FLOAT16;FLOAT16;FLOAT16;FLOAT16;FLOAT16;FLOAT16;FLOAT16;FLOAT16;FLOAT16;FLOAT16;FLOAT16;FLOAT16;FLOAT16;FLOAT16;FLOAT16,ND;ND;ND;ND;ND;ND;ND;ND;ND;ND;ND;ND;ND;ND;ND;ND;ND;ND;ND;ND;ND;ND;ND;ND;ND;ND;ND;ND;ND;ND;ND;ND;ND;ND;ND;ND;ND;ND;ND;ND;ND;ND;ND;ND;ND;ND;ND;ND;ND;ND;ND;ND;ND;ND;ND;ND;ND;ND;ND;ND;ND;ND;ND;ND,"""64,98448""",FLOAT16,ND,N/A,0.0,0,0.0,0.0,0.0,0.0,0.0,0.0,0.0,0.0,0.0,0.0,0.0,36.667,2420006,0.017,0.0,14.143,0.386,21.416,0.584,11.032,0.301,0.0,0.000
0,4294967295,414,47,aclnnMul_MulAiCore_Mul,Mul,dynamic,AI_VECTOR_CORE,1785698306415109.801	,333.767,0.020000,40,0,NO,"""4096,4096;4096,4096""",FLOAT;FLOAT,ND;ND,"""4096,4096""",FLOAT,ND,N/A,0.0,0,0.0,0.0,0.0,0.0,0.0,0.0,0.0,0.0,0.0,0.0,0.0,331.76,21896133,6.784,0.02,2.913,0.009,330.328,0.996,112.808,0.34,0.0,0.000
0,4294967295,415,47,Concat,Concat,dynamic,AI_VECTOR_CORE,1785698306415443.588	,38.681,0.000000,40,0,NO,"""64,16;64,32;64,64;64,128;64,256;64,512;64,1024;64,2048;64,4096;64,8192;64,16;64,32;64,64;64,128;64,256;64,512;64,1024;64,2048;64,4096;64,8192;64,16;64,32;64,64;64,128;64,256;64,512;64,1024;64,2048;64,4096;64,8192;64,16;64,32;64,64;64,128;64,256;64,512;64,1024;64,2048;64,4096;64,8192;64,16;64,32;64,64;64,128;64,256;64,512;64,1024;64,2048;64,4096;64,8192;64,16;64,32;64,64;64,128;64,256;64,512;64,1024;64,2048;64,4096;64,8192;64,16;64,32;64,64;64,128""",FLOAT16;FLOAT16;FLOAT16;FLOAT16;FLOAT16;FLOAT16;FLOAT16;FLOAT16;FLOAT16;FLOAT16;FLOAT16;FLOAT16;FLOAT16;FLOAT16;FLOAT16;FLOAT16;FLOAT16;FLOAT16;FLOAT16;FLOAT16;FLOAT16;FLOAT16;FLOAT16;FLOAT16;FLOAT16;FLOAT16;FLOAT16;FLOAT16;FLOAT16;FLOAT16;FLOAT16;FLOAT16;FLOAT16;FLOAT16;FLOAT16;FLOAT16;FLOAT16;FLOAT16;FLOAT16;FLOAT16;FLOAT16;FLOAT16;FLOAT16;FLOAT16;FLOAT16;FLOAT16;FLOAT16;FLOAT16;FLOAT16;FLOAT16;FLOAT16;FLOAT16;FLOAT16;FLOAT16;FLOAT16;FLOAT16;FLOAT16;FLOAT16;FLOAT16;FLOAT16;FLOAT16;FLOAT16;FLOAT16;FLOAT16,ND;ND;ND;ND;ND;ND;ND;ND;ND;ND;ND;ND;ND;ND;ND;ND;ND;ND;ND;ND;ND;ND;ND;ND;ND;ND;ND;ND;ND;ND;ND;ND;ND;ND;ND;ND;ND;ND;ND;ND;ND;ND;ND;ND;ND;ND;ND;ND;ND;ND;ND;ND;ND;ND;ND;ND;ND;ND;ND;ND;ND;ND;ND;ND,"""64,98448""",FLOAT16,ND,N/A,0.0,0,0.0,0.0,0.0,0.0,0.0,0.0,0.0,0.0,0.0,0.0,0.0,35.494,2342616,0.017,0.0,11.037,0.311,20.817,0.586,11.037,0.311,0.0,0.000
0,4294967295,416,47,aclnnMul_MulAiCore_Mul,Mul,dynamic,AI_VECTOR_CORE,1785698306415482.289	,333.727,0.069000,40,0,NO,"""4096,4096;4096,4096""",FLOAT;FLOAT,ND;ND,"""4096,4096""",FLOAT,ND,N/A,0.0,0,0.0,0.0,0.0,0.0,0.0,0.0,0.0,0.0,0.0,0.0,0.0,330.874,21837662,6.784,0.021,3.105,0.009,329.236,0.995,110.154,0.333,0.0,0.000
0,4294967295,417,47,Concat,Concat,dynamic,AI_VECTOR_CORE,1785698306415816.036	,40.460,0.023000,40,0,NO,"""64,16;64,32;64,64;64,128;64,256;64,512;64,1024;64,2048;64,4096;64,8192;64,16;64,32;64,64;64,128;64,256;64,512;64,1024;64,2048;64,4096;64,8192;64,16;64,32;64,64;64,128;64,256;64,512;64,1024;64,2048;64,4096;64,8192;64,16;64,32;64,64;64,128;64,256;64,512;64,1024;64,2048;64,4096;64,8192;64,16;64,32;64,64;64,128;64,256;64,512;64,1024;64,2048;64,4096;64,8192;64,16;64,32;64,64;64,128;64,256;64,512;64,1024;64,2048;64,4096;64,8192;64,16;64,32;64,64;64,128""",FLOAT16;FLOAT16;FLOAT16;FLOAT16;FLOAT16;FLOAT16;FLOAT16;FLOAT16;FLOAT16;FLOAT16;FLOAT16;FLOAT16;FLOAT16;FLOAT16;FLOAT16;FLOAT16;FLOAT16;FLOAT16;FLOAT16;FLOAT16;FLOAT16;FLOAT16;FLOAT16;FLOAT16;FLOAT16;FLOAT16;FLOAT16;FLOAT16;FLOAT16;FLOAT16;FLOAT16;FLOAT16;FLOAT16;FLOAT16;FLOAT16;FLOAT16;FLOAT16;FLOAT16;FLOAT16;FLOAT16;FLOAT16;FLOAT16;FLOAT16;FLOAT16;FLOAT16;FLOAT16;FLOAT16;FLOAT16;FLOAT16;FLOAT16;FLOAT16;FLOAT16;FLOAT16;FLOAT16;FLOAT16;FLOAT16;FLOAT16;FLOAT16;FLOAT16;FLOAT16;FLOAT16;FLOAT16;FLOAT16;FLOAT16,ND;ND;ND;ND;ND;ND;ND;ND;ND;ND;ND;ND;ND;ND;ND;ND;ND;ND;ND;ND;ND;ND;ND;ND;ND;ND;ND;ND;ND;ND;ND;ND;ND;ND;ND;ND;ND;ND;ND;ND;ND;ND;ND;ND;ND;ND;ND;ND;ND;ND;ND;ND;ND;ND;ND;ND;ND;ND;ND;ND;ND;ND;ND;ND,"""64,98448""",FLOAT16,ND,N/A,0.0,0,0.0,0.0,0.0,0.0,0.0,0.0,0.0,0.0,0.0,0.0,0.0,36.011,2376697,0.017,0.0,9.568,0.266,19.714,0.547,11.282,0.313,0.0,0.000
0,4294967295,418,47,aclnnMul_MulAiCore_Mul,Mul,dynamic,AI_VECTOR_CORE,1785698306415856.516	,332.887,0.040000,40,0,NO,"""4096,4096;4096,4096""",FLOAT;FLOAT,ND;ND,"""4096,4096""",FLOAT,ND,N/A,0.0,0,0.0,0.0,0.0,0.0,0.0,0.0,0.0,0.0,0.0,0.0,0.0,331.021,21847395,6.784,0.02,3.034,0.009,329.452,0.995,111.772,0.338,0.0,0.000
0,4294967295,419,47,Concat,Concat,dynamic,AI_VECTOR_CORE,1785698306416189.423	,40.181,0.113000,40,0,NO,"""64,16;64,32;64,64;64,128;64,256;64,512;64,1024;64,2048;64,4096;64,8192;64,16;64,32;64,64;64,128;64,256;64,512;64,1024;64,2048;64,4096;64,8192;64,16;64,32;64,64;64,128;64,256;64,512;64,1024;64,2048;64,4096;64,8192;64,16;64,32;64,64;64,128;64,256;64,512;64,1024;64,2048;64,4096;64,8192;64,16;64,32;64,64;64,128;64,256;64,512;64,1024;64,2048;64,4096;64,8192;64,16;64,32;64,64;64,128;64,256;64,512;64,1024;64,2048;64,4096;64,8192;64,16;64,32;64,64;64,128""",FLOAT16;FLOAT16;FLOAT16;FLOAT16;FLOAT16;FLOAT16;FLOAT16;FLOAT16;FLOAT16;FLOAT16;FLOAT16;FLOAT16;FLOAT16;FLOAT16;FLOAT16;FLOAT16;FLOAT16;FLOAT16;FLOAT16;FLOAT16;FLOAT16;FLOAT16;FLOAT16;FLOAT16;FLOAT16;FLOAT16;FLOAT16;FLOAT16;FLOAT16;FLOAT16;FLOAT16;FLOAT16;FLOAT16;FLOAT16;FLOAT16;FLOAT16;FLOAT16;FLOAT16;FLOAT16;FLOAT16;FLOAT16;FLOAT16;FLOAT16;FLOAT16;FLOAT16;FLOAT16;FLOAT16;FLOAT16;FLOAT16;FLOAT16;FLOAT16;FLOAT16;FLOAT16;FLOAT16;FLOAT16;FLOAT16;FLOAT16;FLOAT16;FLOAT16;FLOAT16;FLOAT16;FLOAT16;FLOAT16;FLOAT16,ND;ND;ND;ND;ND;ND;ND;ND;ND;ND;ND;ND;ND;ND;ND;ND;ND;ND;ND;ND;ND;ND;ND;ND;ND;ND;ND;ND;ND;ND;ND;ND;ND;ND;ND;ND;ND;ND;ND;ND;ND;ND;ND;ND;ND;ND;ND;ND;ND;ND;ND;ND;ND;ND;ND;ND;ND;ND;ND;ND;ND;ND;ND;ND,"""64,98448""",FLOAT16,ND,N/A,0.0,0,0.0,0.0,0.0,0.0,0.0,0.0,0.0,0.0,0.0,0.0,0.0,37.365,2466077,0.017,0.0,7.319,0.196,22.133,0.592,11.663,0.312,0.0,0.000
0,4294967295,420,47,aclnnMul_MulAiCore_Mul,Mul,dynamic,AI_VECTOR_CORE,1785698306416229.624	,333.926,0.000000,40,0,NO,"""4096,4096;4096,4096""",FLOAT;FLOAT,ND;ND,"""4096,4096""",FLOAT,ND,N/A,0.0,0,0.0,0.0,0.0,0.0,0.0,0.0,0.0,0.0,0.0,0.0,0.0,331.663,21889748,6.784,0.02,3.133,0.009,330.014,0.995,113.096,0.341,0.0,0.000
0,4294967295,421,47,Concat,Concat,dynamic,AI_VECTOR_CORE,1785698306416563.570	,40.461,0.074000,40,0,NO,"""64,16;64,32;64,64;64,128;64,256;64,512;64,1024;64,2048;64,4096;64,8192;64,16;64,32;64,64;64,128;64,256;64,512;64,1024;64,2048;64,4096;64,8192;64,16;64,32;64,64;64,128;64,256;64,512;64,1024;64,2048;64,4096;64,8192;64,16;64,32;64,64;64,128;64,256;64,512;64,1024;64,2048;64,4096;64,8192;64,16;64,32;64,64;64,128;64,256;64,512;64,1024;64,2048;64,4096;64,8192;64,16;64,32;64,64;64,128;64,256;64,512;64,1024;64,2048;64,4096;64,8192;64,16;64,32;64,64;64,128""",FLOAT16;FLOAT16;FLOAT16;FLOAT16;FLOAT16;FLOAT16;FLOAT16;FLOAT16;FLOAT16;FLOAT16;FLOAT16;FLOAT16;FLOAT16;FLOAT16;FLOAT16;FLOAT16;FLOAT16;FLOAT16;FLOAT16;FLOAT16;FLOAT16;FLOAT16;FLOAT16;FLOAT16;FLOAT16;FLOAT16;FLOAT16;FLOAT16;FLOAT16;FLOAT16;FLOAT16;FLOAT16;FLOAT16;FLOAT16;FLOAT16;FLOAT16;FLOAT16;FLOAT16;FLOAT16;FLOAT16;FLOAT16;FLOAT16;FLOAT16;FLOAT16;FLOAT16;FLOAT16;FLOAT16;FLOAT16;FLOAT16;FLOAT16;FLOAT16;FLOAT16;FLOAT16;FLOAT16;FLOAT16;FLOAT16;FLOAT16;FLOAT16;FLOAT16;FLOAT16;FLOAT16;FLOAT16;FLOAT16;FLOAT16,ND;ND;ND;ND;ND;ND;ND;ND;ND;ND;ND;ND;ND;ND;ND;ND;ND;ND;ND;ND;ND;ND;ND;ND;ND;ND;ND;ND;ND;ND;ND;ND;ND;ND;ND;ND;ND;ND;ND;ND;ND;ND;ND;ND;ND;ND;ND;ND;ND;ND;ND;ND;ND;ND;ND;ND;ND;ND;ND;ND;ND;ND;ND;ND,"""64,98448""",FLOAT16,ND,N/A,0.0,0,0.0,0.0,0.0,0.0,0.0,0.0,0.0,0.0,0.0,0.0,0.0,36.608,2416134,0.017,0.0,9.497,0.259,21.753,0.594,11.123,0.304,0.0,0.000
0,4294967295,422,47,aclnnMul_MulAiCore_Mul,Mul,dynamic,AI_VECTOR_CORE,1785698306416604.051	,333.127,0.039000,40,0,NO,"""4096,4096;4096,4096""",FLOAT;FLOAT,ND;ND,"""4096,4096""",FLOAT,ND,N/A,0.0,0,0.0,0.0,0.0,0.0,0.0,0.0,0.0,0.0,0.0,0.0,0.0,331.079,21851181,6.784,0.02,3.044,0.009,329.512,0.995,110.185,0.333,0.0,0.000
0,4294967295,423,47,Concat,Concat,dynamic,AI_VECTOR_CORE,1785698306416937.198	,39.861,0.123000,40,0,NO,"""64,16;64,32;64,64;64,128;64,256;64,512;64,1024;64,2048;64,4096;64,8192;64,16;64,32;64,64;64,128;64,256;64,512;64,1024;64,2048;64,4096;64,8192;64,16;64,32;64,64;64,128;64,256;64,512;64,1024;64,2048;64,4096;64,8192;64,16;64,32;64,64;64,128;64,256;64,512;64,1024;64,2048;64,4096;64,8192;64,16;64,32;64,64;64,128;64,256;64,512;64,1024;64,2048;64,4096;64,8192;64,16;64,32;64,64;64,128;64,256;64,512;64,1024;64,2048;64,4096;64,8192;64,16;64,32;64,64;64,128""",FLOAT16;FLOAT16;FLOAT16;FLOAT16;FLOAT16;FLOAT16;FLOAT16;FLOAT16;FLOAT16;FLOAT16;FLOAT16;FLOAT16;FLOAT16;FLOAT16;FLOAT16;FLOAT16;FLOAT16;FLOAT16;FLOAT16;FLOAT16;FLOAT16;FLOAT16;FLOAT16;FLOAT16;FLOAT16;FLOAT16;FLOAT16;FLOAT16;FLOAT16;FLOAT16;FLOAT16;FLOAT16;FLOAT16;FLOAT16;FLOAT16;FLOAT16;FLOAT16;FLOAT16;FLOAT16;FLOAT16;FLOAT16;FLOAT16;FLOAT16;FLOAT16;FLOAT16;FLOAT16;FLOAT16;FLOAT16;FLOAT16;FLOAT16;FLOAT16;FLOAT16;FLOAT16;FLOAT16;FLOAT16;FLOAT16;FLOAT16;FLOAT16;FLOAT16;FLOAT16;FLOAT16;FLOAT16;FLOAT16;FLOAT16,ND;ND;ND;ND;ND;ND;ND;ND;ND;ND;ND;ND;ND;ND;ND;ND;ND;ND;ND;ND;ND;ND;ND;ND;ND;ND;ND;ND;ND;ND;ND;ND;ND;ND;ND;ND;ND;ND;ND;ND;ND;ND;ND;ND;ND;ND;ND;ND;ND;ND;ND;ND;ND;ND;ND;ND;ND;ND;ND;ND;ND;ND;ND;ND,"""64,98448""",FLOAT16,ND,N/A,0.0,0,0.0,0.0,0.0,0.0,0.0,0.0,0.0,0.0,0.0,0.0,0.0,36.827,2430593,0.017,0.0,10.423,0.283,21.915,0.595,11.37,0.309,0.0,0.000
0,4294967295,424,47,aclnnMul_MulAiCore_Mul,Mul,dynamic,AI_VECTOR_CORE,1785698306416977.079	,333.346,0.000000,40,0,NO,"""4096,4096;4096,4096""",FLOAT;FLOAT,ND;ND,"""4096,4096""",FLOAT,ND,N/A,0.0,0,0.0,0.0,0.0,0.0,0.0,0.0,0.0,0.0,0.0,0.0,0.0,331.042,21848789,6.784,0.02,3.036,0.009,329.4,0.995,112.595,0.34,0.0,0.000
0,4294967295,425,47,Concat,Concat,dynamic,AI_VECTOR_CORE,1785698306417310.445	,41.101,0.154000,40,0,NO,"""64,16;64,32;64,64;64,128;64,256;64,512;64,1024;64,2048;64,4096;64,8192;64,16;64,32;64,64;64,128;64,256;64,512;64,1024;64,2048;64,4096;64,8192;64,16;64,32;64,64;64,128;64,256;64,512;64,1024;64,2048;64,4096;64,8192;64,16;64,32;64,64;64,128;64,256;64,512;64,1024;64,2048;64,4096;64,8192;64,16;64,32;64,64;64,128;64,256;64,512;64,1024;64,2048;64,4096;64,8192;64,16;64,32;64,64;64,128;64,256;64,512;64,1024;64,2048;64,4096;64,8192;64,16;64,32;64,64;64,128""",FLOAT16;FLOAT16;FLOAT16;FLOAT16;FLOAT16;FLOAT16;FLOAT16;FLOAT16;FLOAT16;FLOAT16;FLOAT16;FLOAT16;FLOAT16;FLOAT16;FLOAT16;FLOAT16;FLOAT16;FLOAT16;FLOAT16;FLOAT16;FLOAT16;FLOAT16;FLOAT16;FLOAT16;FLOAT16;FLOAT16;FLOAT16;FLOAT16;FLOAT16;FLOAT16;FLOAT16;FLOAT16;FLOAT16;FLOAT16;FLOAT16;FLOAT16;FLOAT16;FLOAT16;FLOAT16;FLOAT16;FLOAT16;FLOAT16;FLOAT16;FLOAT16;FLOAT16;FLOAT16;FLOAT16;FLOAT16;FLOAT16;FLOAT16;FLOAT16;FLOAT16;FLOAT16;FLOAT16;FLOAT16;FLOAT16;FLOAT16;FLOAT16;FLOAT16;FLOAT16;FLOAT16;FLOAT16;FLOAT16;FLOAT16,ND;ND;ND;ND;ND;ND;ND;ND;ND;ND;ND;ND;ND;ND;ND;ND;ND;ND;ND;ND;ND;ND;ND;ND;ND;ND;ND;ND;ND;ND;ND;ND;ND;ND;ND;ND;ND;ND;ND;ND;ND;ND;ND;ND;ND;ND;ND;ND;ND;ND;ND;ND;ND;ND;ND;ND;ND;ND;ND;ND;ND;ND;ND;ND,"""64,98448""",FLOAT16,ND,N/A,0.0,0,0.0,0.0,0.0,0.0,0.0,0.0,0.0,0.0,0.0,0.0,0.0,38.244,2524072,0.017,0.0,13.103,0.343,22.429,0.586,11.622,0.304,0.0,0.000
0,4294967295,426,47,aclnnMul_MulAiCore_Mul,Mul,dynamic,AI_VECTOR_CORE,1785698306417351.586	,333.187,0.000000,40,0,NO,"""4096,4096;4096,4096""",FLOAT;FLOAT,ND;ND,"""4096,4096""",FLOAT,ND,N/A,0.0,0,0.0,0.0,0.0,0.0,0.0,0.0,0.0,0.0,0.0,0.0,0.0,330.533,21815181,6.784,0.021,2.909,0.009,329.028,0.995,111.714,0.338,0.0,0.000
0,4294967295,427,47,Concat,Concat,dynamic,AI_VECTOR_CORE,1785698306417684.793	,41.061,0.063000,40,0,NO,"""64,16;64,32;64,64;64,128;64,256;64,512;64,1024;64,2048;64,4096;64,8192;64,16;64,32;64,64;64,128;64,256;64,512;64,1024;64,2048;64,4096;64,8192;64,16;64,32;64,64;64,128;64,256;64,512;64,1024;64,2048;64,4096;64,8192;64,16;64,32;64,64;64,128;64,256;64,512;64,1024;64,2048;64,4096;64,8192;64,16;64,32;64,64;64,128;64,256;64,512;64,1024;64,2048;64,4096;64,8192;64,16;64,32;64,64;64,128;64,256;64,512;64,1024;64,2048;64,4096;64,8192;64,16;64,32;64,64;64,128""",FLOAT16;FLOAT16;FLOAT16;FLOAT16;FLOAT16;FLOAT16;FLOAT16;FLOAT16;FLOAT16;FLOAT16;FLOAT16;FLOAT16;FLOAT16;FLOAT16;FLOAT16;FLOAT16;FLOAT16;FLOAT16;FLOAT16;FLOAT16;FLOAT16;FLOAT16;FLOAT16;FLOAT16;FLOAT16;FLOAT16;FLOAT16;FLOAT16;FLOAT16;FLOAT16;FLOAT16;FLOAT16;FLOAT16;FLOAT16;FLOAT16;FLOAT16;FLOAT16;FLOAT16;FLOAT16;FLOAT16;FLOAT16;FLOAT16;FLOAT16;FLOAT16;FLOAT16;FLOAT16;FLOAT16;FLOAT16;FLOAT16;FLOAT16;FLOAT16;FLOAT16;FLOAT16;FLOAT16;FLOAT16;FLOAT16;FLOAT16;FLOAT16;FLOAT16;FLOAT16;FLOAT16;FLOAT16;FLOAT16;FLOAT16,ND;ND;ND;ND;ND;ND;ND;ND;ND;ND;ND;ND;ND;ND;ND;ND;ND;ND;ND;ND;ND;ND;ND;ND;ND;ND;ND;ND;ND;ND;ND;ND;ND;ND;ND;ND;ND;ND;ND;ND;ND;ND;ND;ND;ND;ND;ND;ND;ND;ND;ND;ND;ND;ND;ND;ND;ND;ND;ND;ND;ND;ND;ND;ND,"""64,98448""",FLOAT16,ND,N/A,0.0,0,0.0,0.0,0.0,0.0,0.0,0.0,0.0,0.0,0.0,0.0,0.0,37.773,2493025,0.017,0.0,13.387,0.354,22.08,0.585,11.224,0.297,0.0,0.000
0,4294967295,428,47,aclnnMul_MulAiCore_Mul,Mul,dynamic,AI_VECTOR_CORE,1785698306417725.874	,334.206,0.000000,40,0,NO,"""4096,4096;4096,4096""",FLOAT;FLOAT,ND;ND,"""4096,4096""",FLOAT,ND,N/A,0.0,0,0.0,0.0,0.0,0.0,0.0,0.0,0.0,0.0,0.0,0.0,0.0,331.757,21895946,6.784,0.02,3.106,0.009,330.111,0.995,110.82,0.334,0.0,0.000
0,4294967295,429,47,Concat,Concat,dynamic,AI_VECTOR_CORE,1785698306418060.100	,39.281,0.044000,40,0,NO,"""64,16;64,32;64,64;64,128;64,256;64,512;64,1024;64,2048;64,4096;64,8192;64,16;64,32;64,64;64,128;64,256;64,512;64,1024;64,2048;64,4096;64,8192;64,16;64,32;64,64;64,128;64,256;64,512;64,1024;64,2048;64,4096;64,8192;64,16;64,32;64,64;64,128;64,256;64,512;64,1024;64,2048;64,4096;64,8192;64,16;64,32;64,64;64,128;64,256;64,512;64,1024;64,2048;64,4096;64,8192;64,16;64,32;64,64;64,128;64,256;64,512;64,1024;64,2048;64,4096;64,8192;64,16;64,32;64,64;64,128""",FLOAT16;FLOAT16;FLOAT16;FLOAT16;FLOAT16;FLOAT16;FLOAT16;FLOAT16;FLOAT16;FLOAT16;FLOAT16;FLOAT16;FLOAT16;FLOAT16;FLOAT16;FLOAT16;FLOAT16;FLOAT16;FLOAT16;FLOAT16;FLOAT16;FLOAT16;FLOAT16;FLOAT16;FLOAT16;FLOAT16;FLOAT16;FLOAT16;FLOAT16;FLOAT16;FLOAT16;FLOAT16;FLOAT16;FLOAT16;FLOAT16;FLOAT16;FLOAT16;FLOAT16;FLOAT16;FLOAT16;FLOAT16;FLOAT16;FLOAT16;FLOAT16;FLOAT16;FLOAT16;FLOAT16;FLOAT16;FLOAT16;FLOAT16;FLOAT16;FLOAT16;FLOAT16;FLOAT16;FLOAT16;FLOAT16;FLOAT16;FLOAT16;FLOAT16;FLOAT16;FLOAT16;FLOAT16;FLOAT16;FLOAT16,ND;ND;ND;ND;ND;ND;ND;ND;ND;ND;ND;ND;ND;ND;ND;ND;ND;ND;ND;ND;ND;ND;ND;ND;ND;ND;ND;ND;ND;ND;ND;ND;ND;ND;ND;ND;ND;ND;ND;ND;ND;ND;ND;ND;ND;ND;ND;ND;ND;ND;ND;ND;ND;ND;ND;ND;ND;ND;ND;ND;ND;ND;ND;ND,"""64,98448""",FLOAT16,ND,N/A,0.0,0,0.0,0.0,0.0,0.0,0.0,0.0,0.0,0.0,0.0,0.0,0.0,36.389,2401642,0.017,0.0,12.68,0.348,21.5,0.591,10.998,0.302,0.0,0.000
0,4294967295,430,47,aclnnMul_MulAiCore_Mul,Mul,dynamic,AI_VECTOR_CORE,1785698306418099.401	,333.607,0.219000,40,0,NO,"""4096,4096;4096,4096""",FLOAT;FLOAT,ND;ND,"""4096,4096""",FLOAT,ND,N/A,0.0,0,0.0,0.0,0.0,0.0,0.0,0.0,0.0,0.0,0.0,0.0,0.0,331.152,21856031,6.784,0.02,2.957,0.009,329.672,0.996,111.149,0.336,0.0,0.000
0,4294967295,431,47,Concat,Concat,dynamic,AI_VECTOR_CORE,1785698306418433.028	,39.541,0.000000,40,0,NO,"""64,16;64,32;64,64;64,128;64,256;64,512;64,1024;64,2048;64,4096;64,8192;64,16;64,32;64,64;64,128;64,256;64,512;64,1024;64,2048;64,4096;64,8192;64,16;64,32;64,64;64,128;64,256;64,512;64,1024;64,2048;64,4096;64,8192;64,16;64,32;64,64;64,128;64,256;64,512;64,1024;64,2048;64,4096;64,8192;64,16;64,32;64,64;64,128;64,256;64,512;64,1024;64,2048;64,4096;64,8192;64,16;64,32;64,64;64,128;64,256;64,512;64,1024;64,2048;64,4096;64,8192;64,16;64,32;64,64;64,128""",FLOAT16;FLOAT16;FLOAT16;FLOAT16;FLOAT16;FLOAT16;FLOAT16;FLOAT16;FLOAT16;FLOAT16;FLOAT16;FLOAT16;FLOAT16;FLOAT16;FLOAT16;FLOAT16;FLOAT16;FLOAT16;FLOAT16;FLOAT16;FLOAT16;FLOAT16;FLOAT16;FLOAT16;FLOAT16;FLOAT16;FLOAT16;FLOAT16;FLOAT16;FLOAT16;FLOAT16;FLOAT16;FLOAT16;FLOAT16;FLOAT16;FLOAT16;FLOAT16;FLOAT16;FLOAT16;FLOAT16;FLOAT16;FLOAT16;FLOAT16;FLOAT16;FLOAT16;FLOAT16;FLOAT16;FLOAT16;FLOAT16;FLOAT16;FLOAT16;FLOAT16;FLOAT16;FLOAT16;FLOAT16;FLOAT16;FLOAT16;FLOAT16;FLOAT16;FLOAT16;FLOAT16;FLOAT16;FLOAT16;FLOAT16,ND;ND;ND;ND;ND;ND;ND;ND;ND;ND;ND;ND;ND;ND;ND;ND;ND;ND;ND;ND;ND;ND;ND;ND;ND;ND;ND;ND;ND;ND;ND;ND;ND;ND;ND;ND;ND;ND;ND;ND;ND;ND;ND;ND;ND;ND;ND;ND;ND;ND;ND;ND;ND;ND;ND;ND;ND;ND;ND;ND;ND;ND;ND;ND,"""64,98448""",FLOAT16,ND,N/A,0.0,0,0.0,0.0,0.0,0.0,0.0,0.0,0.0,0.0,0.0,0.0,0.0,36.493,2408547,0.017,0.0,11.9,0.326,21.616,0.592,11.081,0.304,0.0,0.000
0,4294967295,432,47,aclnnMul_MulAiCore_Mul,Mul,dynamic,AI_VECTOR_CORE,1785698306418472.589	,332.646,0.000000,40,0,NO,"""4096,4096;4096,4096""",FLOAT;FLOAT,ND;ND,"""4096,4096""",FLOAT,ND,N/A,0.0,0,0.0,0.0,0.0,0.0,0.0,0.0,0.0,0.0,0.0,0.0,0.0,330.702,21826315,6.784,0.021,2.998,0.009,329.159,0.995,110.755,0.335,0.0,0.000
0,4294967295,433,47,Concat,Concat,dynamic,AI_VECTOR_CORE,1785698306418805.275	,40.421,0.104000,40,0,NO,"""64,16;64,32;64,64;64,128;64,256;64,512;64,1024;64,2048;64,4096;64,8192;64,16;64,32;64,64;64,128;64,256;64,512;64,1024;64,2048;64,4096;64,8192;64,16;64,32;64,64;64,128;64,256;64,512;64,1024;64,2048;64,4096;64,8192;64,16;64,32;64,64;64,128;64,256;64,512;64,1024;64,2048;64,4096;64,8192;64,16;64,32;64,64;64,128;64,256;64,512;64,1024;64,2048;64,4096;64,8192;64,16;64,32;64,64;64,128;64,256;64,512;64,1024;64,2048;64,4096;64,8192;64,16;64,32;64,64;64,128""",FLOAT16;FLOAT16;FLOAT16;FLOAT16;FLOAT16;FLOAT16;FLOAT16;FLOAT16;FLOAT16;FLOAT16;FLOAT16;FLOAT16;FLOAT16;FLOAT16;FLOAT16;FLOAT16;FLOAT16;FLOAT16;FLOAT16;FLOAT16;FLOAT16;FLOAT16;FLOAT16;FLOAT16;FLOAT16;FLOAT16;FLOAT16;FLOAT16;FLOAT16;FLOAT16;FLOAT16;FLOAT16;FLOAT16;FLOAT16;FLOAT16;FLOAT16;FLOAT16;FLOAT16;FLOAT16;FLOAT16;FLOAT16;FLOAT16;FLOAT16;FLOAT16;FLOAT16;FLOAT16;FLOAT16;FLOAT16;FLOAT16;FLOAT16;FLOAT16;FLOAT16;FLOAT16;FLOAT16;FLOAT16;FLOAT16;FLOAT16;FLOAT16;FLOAT16;FLOAT16;FLOAT16;FLOAT16;FLOAT16;FLOAT16,ND;ND;ND;ND;ND;ND;ND;ND;ND;ND;ND;ND;ND;ND;ND;ND;ND;ND;ND;ND;ND;ND;ND;ND;ND;ND;ND;ND;ND;ND;ND;ND;ND;ND;ND;ND;ND;ND;ND;ND;ND;ND;ND;ND;ND;ND;ND;ND;ND;ND;ND;ND;ND;ND;ND;ND;ND;ND;ND;ND;ND;ND;ND;ND,"""64,98448""",FLOAT16,ND,N/A,0.0,0,0.0,0.0,0.0,0.0,0.0,0.0,0.0,0.0,0.0,0.0,0.0,37.184,2454153,0.017,0.0,8.106,0.218,22.135,0.595,11.495,0.309,0.0,0.000
0,4294967295,434,47,aclnnMul_MulAiCore_Mul,Mul,dynamic,AI_VECTOR_CORE,1785698306418845.716	,334.247,0.079000,40,0,NO,"""4096,4096;4096,4096""",FLOAT;FLOAT,ND;ND,"""4096,4096""",FLOAT,ND,N/A,0.0,0,0.0,0.0,0.0,0.0,0.0,0.0,0.0,0.0,0.0,0.0,0.0,331.878,21903915,6.784,0.02,3.108,0.009,330.166,0.995,111.307,0.335,0.0,0.000
0,4294967295,435,47,Concat,Concat,dynamic,AI_VECTOR_CORE,1785698306419179.983	,40.201,0.003000,40,0,NO,"""64,16;64,32;64,64;64,128;64,256;64,512;64,1024;64,2048;64,4096;64,8192;64,16;64,32;64,64;64,128;64,256;64,512;64,1024;64,2048;64,4096;64,8192;64,16;64,32;64,64;64,128;64,256;64,512;64,1024;64,2048;64,4096;64,8192;64,16;64,32;64,64;64,128;64,256;64,512;64,1024;64,2048;64,4096;64,8192;64,16;64,32;64,64;64,128;64,256;64,512;64,1024;64,2048;64,4096;64,8192;64,16;64,32;64,64;64,128;64,256;64,512;64,1024;64,2048;64,4096;64,8192;64,16;64,32;64,64;64,128""",FLOAT16;FLOAT16;FLOAT16;FLOAT16;FLOAT16;FLOAT16;FLOAT16;FLOAT16;FLOAT16;FLOAT16;FLOAT16;FLOAT16;FLOAT16;FLOAT16;FLOAT16;FLOAT16;FLOAT16;FLOAT16;FLOAT16;FLOAT16;FLOAT16;FLOAT16;FLOAT16;FLOAT16;FLOAT16;FLOAT16;FLOAT16;FLOAT16;FLOAT16;FLOAT16;FLOAT16;FLOAT16;FLOAT16;FLOAT16;FLOAT16;FLOAT16;FLOAT16;FLOAT16;FLOAT16;FLOAT16;FLOAT16;FLOAT16;FLOAT16;FLOAT16;FLOAT16;FLOAT16;FLOAT16;FLOAT16;FLOAT16;FLOAT16;FLOAT16;FLOAT16;FLOAT16;FLOAT16;FLOAT16;FLOAT16;FLOAT16;FLOAT16;FLOAT16;FLOAT16;FLOAT16;FLOAT16;FLOAT16;FLOAT16,ND;ND;ND;ND;ND;ND;ND;ND;ND;ND;ND;ND;ND;ND;ND;ND;ND;ND;ND;ND;ND;ND;ND;ND;ND;ND;ND;ND;ND;ND;ND;ND;ND;ND;ND;ND;ND;ND;ND;ND;ND;ND;ND;ND;ND;ND;ND;ND;ND;ND;ND;ND;ND;ND;ND;ND;ND;ND;ND;ND;ND;ND;ND;ND,"""64,98448""",FLOAT16,ND,N/A,0.0,0,0.0,0.0,0.0,0.0,0.0,0.0,0.0,0.0,0.0,0.0,0.0,37.225,2456819,0.017,0.0,7.848,0.211,22.231,0.597,11.442,0.307,0.0,0.000
0,4294967295,436,47,aclnnMul_MulAiCore_Mul,Mul,dynamic,AI_VECTOR_CORE,1785698306419220.224	,333.826,0.049000,40,0,NO,"""4096,4096;4096,4096""",FLOAT;FLOAT,ND;ND,"""4096,4096""",FLOAT,ND,N/A,0.0,0,0.0,0.0,0.0,0.0,0.0,0.0,0.0,0.0,0.0,0.0,0.0,331.671,21890266,6.784,0.02,3.04,0.009,330.042,0.995,111.641,0.337,0.0,0.000
0,4294967295,437,47,Concat,Concat,dynamic,AI_VECTOR_CORE,1785698306419554.070	,40.021,0.000000,40,0,NO,"""64,16;64,32;64,64;64,128;64,256;64,512;64,1024;64,2048;64,4096;64,8192;64,16;64,32;64,64;64,128;64,256;64,512;64,1024;64,2048;64,4096;64,8192;64,16;64,32;64,64;64,128;64,256;64,512;64,1024;64,2048;64,4096;64,8192;64,16;64,32;64,64;64,128;64,256;64,512;64,1024;64,2048;64,4096;64,8192;64,16;64,32;64,64;64,128;64,256;64,512;64,1024;64,2048;64,4096;64,8192;64,16;64,32;64,64;64,128;64,256;64,512;64,1024;64,2048;64,4096;64,8192;64,16;64,32;64,64;64,128""",FLOAT16;FLOAT16;FLOAT16;FLOAT16;FLOAT16;FLOAT16;FLOAT16;FLOAT16;FLOAT16;FLOAT16;FLOAT16;FLOAT16;FLOAT16;FLOAT16;FLOAT16;FLOAT16;FLOAT16;FLOAT16;FLOAT16;FLOAT16;FLOAT16;FLOAT16;FLOAT16;FLOAT16;FLOAT16;FLOAT16;FLOAT16;FLOAT16;FLOAT16;FLOAT16;FLOAT16;FLOAT16;FLOAT16;FLOAT16;FLOAT16;FLOAT16;FLOAT16;FLOAT16;FLOAT16;FLOAT16;FLOAT16;FLOAT16;FLOAT16;FLOAT16;FLOAT16;FLOAT16;FLOAT16;FLOAT16;FLOAT16;FLOAT16;FLOAT16;FLOAT16;FLOAT16;FLOAT16;FLOAT16;FLOAT16;FLOAT16;FLOAT16;FLOAT16;FLOAT16;FLOAT16;FLOAT16;FLOAT16;FLOAT16,ND;ND;ND;ND;ND;ND;ND;ND;ND;ND;ND;ND;ND;ND;ND;ND;ND;ND;ND;ND;ND;ND;ND;ND;ND;ND;ND;ND;ND;ND;ND;ND;ND;ND;ND;ND;ND;ND;ND;ND;ND;ND;ND;ND;ND;ND;ND;ND;ND;ND;ND;ND;ND;ND;ND;ND;ND;ND;ND;ND;ND;ND;ND;ND,"""64,98448""",FLOAT16,ND,N/A,0.0,0,0.0,0.0,0.0,0.0,0.0,0.0,0.0,0.0,0.0,0.0,0.0,37.002,2442104,0.017,0.0,9.684,0.262,21.599,0.584,11.675,0.316,0.0,0.000
0,4294967295,438,47,aclnnMul_MulAiCore_Mul,Mul,dynamic,AI_VECTOR_CORE,1785698306419594.111	,332.667,0.000000,40,0,NO,"""4096,4096;4096,4096""",FLOAT;FLOAT,ND;ND,"""4096,4096""",FLOAT,ND,N/A,0.0,0,0.0,0.0,0.0,0.0,0.0,0.0,0.0,0.0,0.0,0.0,0.0,330.398,21806265,6.784,0.021,3.135,0.009,328.743,0.995,113.311,0.343,0.0,0.000
0,4294967295,439,47,Concat,Concat,dynamic,AI_VECTOR_CORE,1785698306419926.818	,39.940,0.083000,40,0,NO,"""64,16;64,32;64,64;64,128;64,256;64,512;64,1024;64,2048;64,4096;64,8192;64,16;64,32;64,64;64,128;64,256;64,512;64,1024;64,2048;64,4096;64,8192;64,16;64,32;64,64;64,128;64,256;64,512;64,1024;64,2048;64,4096;64,8192;64,16;64,32;64,64;64,128;64,256;64,512;64,1024;64,2048;64,4096;64,8192;64,16;64,32;64,64;64,128;64,256;64,512;64,1024;64,2048;64,4096;64,8192;64,16;64,32;64,64;64,128;64,256;64,512;64,1024;64,2048;64,4096;64,8192;64,16;64,32;64,64;64,128""",FLOAT16;FLOAT16;FLOAT16;FLOAT16;FLOAT16;FLOAT16;FLOAT16;FLOAT16;FLOAT16;FLOAT16;FLOAT16;FLOAT16;FLOAT16;FLOAT16;FLOAT16;FLOAT16;FLOAT16;FLOAT16;FLOAT16;FLOAT16;FLOAT16;FLOAT16;FLOAT16;FLOAT16;FLOAT16;FLOAT16;FLOAT16;FLOAT16;FLOAT16;FLOAT16;FLOAT16;FLOAT16;FLOAT16;FLOAT16;FLOAT16;FLOAT16;FLOAT16;FLOAT16;FLOAT16;FLOAT16;FLOAT16;FLOAT16;FLOAT16;FLOAT16;FLOAT16;FLOAT16;FLOAT16;FLOAT16;FLOAT16;FLOAT16;FLOAT16;FLOAT16;FLOAT16;FLOAT16;FLOAT16;FLOAT16;FLOAT16;FLOAT16;FLOAT16;FLOAT16;FLOAT16;FLOAT16;FLOAT16;FLOAT16,ND;ND;ND;ND;ND;ND;ND;ND;ND;ND;ND;ND;ND;ND;ND;ND;ND;ND;ND;ND;ND;ND;ND;ND;ND;ND;ND;ND;ND;ND;ND;ND;ND;ND;ND;ND;ND;ND;ND;ND;ND;ND;ND;ND;ND;ND;ND;ND;ND;ND;ND;ND;ND;ND;ND;ND;ND;ND;ND;ND;ND;ND;ND;ND,"""64,98448""",FLOAT16,ND,N/A,0.0,0,0.0,0.0,0.0,0.0,0.0,0.0,0.0,0.0,0.0,0.0,0.0,36.945,2438373,0.017,0.0,9.256,0.251,21.928,0.594,11.319,0.306,0.0,0.000
0,4294967295,440,47,aclnnMul_MulAiCore_Mul,Mul,dynamic,AI_VECTOR_CORE,1785698306419966.778	,332.407,0.060000,40,0,NO,"""4096,4096;4096,4096""",FLOAT;FLOAT,ND;ND,"""4096,4096""",FLOAT,ND,N/A,0.0,0,0.0,0.0,0.0,0.0,0.0,0.0,0.0,0.0,0.0,0.0,0.0,330.405,21806716,6.784,0.021,2.941,0.009,328.928,0.996,110.202,0.334,0.0,0.000
0,4294967295,441,47,Concat,Concat,dynamic,AI_VECTOR_CORE,1785698306420299.205	,40.661,0.093000,40,0,NO,"""64,16;64,32;64,64;64,128;64,256;64,512;64,1024;64,2048;64,4096;64,8192;64,16;64,32;64,64;64,128;64,256;64,512;64,1024;64,2048;64,4096;64,8192;64,16;64,32;64,64;64,128;64,256;64,512;64,1024;64,2048;64,4096;64,8192;64,16;64,32;64,64;64,128;64,256;64,512;64,1024;64,2048;64,4096;64,8192;64,16;64,32;64,64;64,128;64,256;64,512;64,1024;64,2048;64,4096;64,8192;64,16;64,32;64,64;64,128;64,256;64,512;64,1024;64,2048;64,4096;64,8192;64,16;64,32;64,64;64,128""",FLOAT16;FLOAT16;FLOAT16;FLOAT16;FLOAT16;FLOAT16;FLOAT16;FLOAT16;FLOAT16;FLOAT16;FLOAT16;FLOAT16;FLOAT16;FLOAT16;FLOAT16;FLOAT16;FLOAT16;FLOAT16;FLOAT16;FLOAT16;FLOAT16;FLOAT16;FLOAT16;FLOAT16;FLOAT16;FLOAT16;FLOAT16;FLOAT16;FLOAT16;FLOAT16;FLOAT16;FLOAT16;FLOAT16;FLOAT16;FLOAT16;FLOAT16;FLOAT16;FLOAT16;FLOAT16;FLOAT16;FLOAT16;FLOAT16;FLOAT16;FLOAT16;FLOAT16;FLOAT16;FLOAT16;FLOAT16;FLOAT16;FLOAT16;FLOAT16;FLOAT16;FLOAT16;FLOAT16;FLOAT16;FLOAT16;FLOAT16;FLOAT16;FLOAT16;FLOAT16;FLOAT16;FLOAT16;FLOAT16;FLOAT16,ND;ND;ND;ND;ND;ND;ND;ND;ND;ND;ND;ND;ND;ND;ND;ND;ND;ND;ND;ND;ND;ND;ND;ND;ND;ND;ND;ND;ND;ND;ND;ND;ND;ND;ND;ND;ND;ND;ND;ND;ND;ND;ND;ND;ND;ND;ND;ND;ND;ND;ND;ND;ND;ND;ND;ND;ND;ND;ND;ND;ND;ND;ND;ND,"""64,98448""",FLOAT16,ND,N/A,0.0,0,0.0,0.0,0.0,0.0,0.0,0.0,0.0,0.0,0.0,0.0,0.0,37.459,2472313,0.017,0.0,12.767,0.341,22.184,0.592,11.24,0.3,0.0,0.000
0,4294967295,442,47,aclnnMul_MulAiCore_Mul,Mul,dynamic,AI_VECTOR_CORE,1785698306420339.906	,333.507,0.089000,40,0,NO,"""4096,4096;4096,4096""",FLOAT;FLOAT,ND;ND,"""4096,4096""",FLOAT,ND,N/A,0.0,0,0.0,0.0,0.0,0.0,0.0,0.0,0.0,0.0,0.0,0.0,0.0,331.102,21852757,6.784,0.02,3.009,0.009,329.547,0.995,112.184,0.339,0.0,0.000
0,4294967295,443,47,Concat,Concat,dynamic,AI_VECTOR_CORE,1785698306420673.433	,42.140,0.000000,40,0,NO,"""64,16;64,32;64,64;64,128;64,256;64,512;64,1024;64,2048;64,4096;64,8192;64,16;64,32;64,64;64,128;64,256;64,512;64,1024;64,2048;64,4096;64,8192;64,16;64,32;64,64;64,128;64,256;64,512;64,1024;64,2048;64,4096;64,8192;64,16;64,32;64,64;64,128;64,256;64,512;64,1024;64,2048;64,4096;64,8192;64,16;64,32;64,64;64,128;64,256;64,512;64,1024;64,2048;64,4096;64,8192;64,16;64,32;64,64;64,128;64,256;64,512;64,1024;64,2048;64,4096;64,8192;64,16;64,32;64,64;64,128""",FLOAT16;FLOAT16;FLOAT16;FLOAT16;FLOAT16;FLOAT16;FLOAT16;FLOAT16;FLOAT16;FLOAT16;FLOAT16;FLOAT16;FLOAT16;FLOAT16;FLOAT16;FLOAT16;FLOAT16;FLOAT16;FLOAT16;FLOAT16;FLOAT16;FLOAT16;FLOAT16;FLOAT16;FLOAT16;FLOAT16;FLOAT16;FLOAT16;FLOAT16;FLOAT16;FLOAT16;FLOAT16;FLOAT16;FLOAT16;FLOAT16;FLOAT16;FLOAT16;FLOAT16;FLOAT16;FLOAT16;FLOAT16;FLOAT16;FLOAT16;FLOAT16;FLOAT16;FLOAT16;FLOAT16;FLOAT16;FLOAT16;FLOAT16;FLOAT16;FLOAT16;FLOAT16;FLOAT16;FLOAT16;FLOAT16;FLOAT16;FLOAT16;FLOAT16;FLOAT16;FLOAT16;FLOAT16;FLOAT16;FLOAT16,ND;ND;ND;ND;ND;ND;ND;ND;ND;ND;ND;ND;ND;ND;ND;ND;ND;ND;ND;ND;ND;ND;ND;ND;ND;ND;ND;ND;ND;ND;ND;ND;ND;ND;ND;ND;ND;ND;ND;ND;ND;ND;ND;ND;ND;ND;ND;ND;ND;ND;ND;ND;ND;ND;ND;ND;ND;ND;ND;ND;ND;ND;ND;ND,"""64,98448""",FLOAT16,ND,N/A,0.0,0,0.0,0.0,0.0,0.0,0.0,0.0,0.0,0.0,0.0,0.0,0.0,38.991,2573433,0.017,0.0,15.846,0.406,22.448,0.576,11.765,0.302,0.0,0.000
0,4294967295,444,47,aclnnMul_MulAiCore_Mul,Mul,dynamic,AI_VECTOR_CORE,1785698306420715.593	,333.407,0.000000,40,0,NO,"""4096,4096;4096,4096""",FLOAT;FLOAT,ND;ND,"""4096,4096""",FLOAT,ND,N/A,0.0,0,0.0,0.0,0.0,0.0,0.0,0.0,0.0,0.0,0.0,0.0,0.0,331.34,21868453,6.784,0.02,2.94,0.009,329.86,0.996,109.663,0.331,0.0,0.000
0,4294967295,445,47,Concat,Concat,dynamic,AI_VECTOR_CORE,1785698306421049.020	,39.461,0.093000,40,0,NO,"""64,16;64,32;64,64;64,128;64,256;64,512;64,1024;64,2048;64,4096;64,8192;64,16;64,32;64,64;64,128;64,256;64,512;64,1024;64,2048;64,4096;64,8192;64,16;64,32;64,64;64,128;64,256;64,512;64,1024;64,2048;64,4096;64,8192;64,16;64,32;64,64;64,128;64,256;64,512;64,1024;64,2048;64,4096;64,8192;64,16;64,32;64,64;64,128;64,256;64,512;64,1024;64,2048;64,4096;64,8192;64,16;64,32;64,64;64,128;64,256;64,512;64,1024;64,2048;64,4096;64,8192;64,16;64,32;64,64;64,128""",FLOAT16;FLOAT16;FLOAT16;FLOAT16;FLOAT16;FLOAT16;FLOAT16;FLOAT16;FLOAT16;FLOAT16;FLOAT16;FLOAT16;FLOAT16;FLOAT16;FLOAT16;FLOAT16;FLOAT16;FLOAT16;FLOAT16;FLOAT16;FLOAT16;FLOAT16;FLOAT16;FLOAT16;FLOAT16;FLOAT16;FLOAT16;FLOAT16;FLOAT16;FLOAT16;FLOAT16;FLOAT16;FLOAT16;FLOAT16;FLOAT16;FLOAT16;FLOAT16;FLOAT16;FLOAT16;FLOAT16;FLOAT16;FLOAT16;FLOAT16;FLOAT16;FLOAT16;FLOAT16;FLOAT16;FLOAT16;FLOAT16;FLOAT16;FLOAT16;FLOAT16;FLOAT16;FLOAT16;FLOAT16;FLOAT16;FLOAT16;FLOAT16;FLOAT16;FLOAT16;FLOAT16;FLOAT16;FLOAT16;FLOAT16,ND;ND;ND;ND;ND;ND;ND;ND;ND;ND;ND;ND;ND;ND;ND;ND;ND;ND;ND;ND;ND;ND;ND;ND;ND;ND;ND;ND;ND;ND;ND;ND;ND;ND;ND;ND;ND;ND;ND;ND;ND;ND;ND;ND;ND;ND;ND;ND;ND;ND;ND;ND;ND;ND;ND;ND;ND;ND;ND;ND;ND;ND;ND;ND,"""64,98448""",FLOAT16,ND,N/A,0.0,0,0.0,0.0,0.0,0.0,0.0,0.0,0.0,0.0,0.0,0.0,0.0,36.052,2379428,0.017,0.0,13.655,0.379,21.02,0.583,11.122,0.309,0.0,0.000
0,4294967295,446,47,aclnnMul_MulAiCore_Mul,Mul,dynamic,AI_VECTOR_CORE,1785698306421088.501	,332.767,0.039000,40,0,NO,"""4096,4096;4096,4096""",FLOAT;FLOAT,ND;ND,"""4096,4096""",FLOAT,ND,N/A,0.0,0,0.0,0.0,0.0,0.0,0.0,0.0,0.0,0.0,0.0,0.0,0.0,330.237,21795631,6.784,0.021,3.071,0.009,328.621,0.995,110.28,0.334,0.0,0.000
0,4294967295,447,47,Concat,Concat,dynamic,AI_VECTOR_CORE,1785698306421421.288	,39.380,0.000000,40,0,NO,"""64,16;64,32;64,64;64,128;64,256;64,512;64,1024;64,2048;64,4096;64,8192;64,16;64,32;64,64;64,128;64,256;64,512;64,1024;64,2048;64,4096;64,8192;64,16;64,32;64,64;64,128;64,256;64,512;64,1024;64,2048;64,4096;64,8192;64,16;64,32;64,64;64,128;64,256;64,512;64,1024;64,2048;64,4096;64,8192;64,16;64,32;64,64;64,128;64,256;64,512;64,1024;64,2048;64,4096;64,8192;64,16;64,32;64,64;64,128;64,256;64,512;64,1024;64,2048;64,4096;64,8192;64,16;64,32;64,64;64,128""",FLOAT16;FLOAT16;FLOAT16;FLOAT16;FLOAT16;FLOAT16;FLOAT16;FLOAT16;FLOAT16;FLOAT16;FLOAT16;FLOAT16;FLOAT16;FLOAT16;FLOAT16;FLOAT16;FLOAT16;FLOAT16;FLOAT16;FLOAT16;FLOAT16;FLOAT16;FLOAT16;FLOAT16;FLOAT16;FLOAT16;FLOAT16;FLOAT16;FLOAT16;FLOAT16;FLOAT16;FLOAT16;FLOAT16;FLOAT16;FLOAT16;FLOAT16;FLOAT16;FLOAT16;FLOAT16;FLOAT16;FLOAT16;FLOAT16;FLOAT16;FLOAT16;FLOAT16;FLOAT16;FLOAT16;FLOAT16;FLOAT16;FLOAT16;FLOAT16;FLOAT16;FLOAT16;FLOAT16;FLOAT16;FLOAT16;FLOAT16;FLOAT16;FLOAT16;FLOAT16;FLOAT16;FLOAT16;FLOAT16;FLOAT16,ND;ND;ND;ND;ND;ND;ND;ND;ND;ND;ND;ND;ND;ND;ND;ND;ND;ND;ND;ND;ND;ND;ND;ND;ND;ND;ND;ND;ND;ND;ND;ND;ND;ND;ND;ND;ND;ND;ND;ND;ND;ND;ND;ND;ND;ND;ND;ND;ND;ND;ND;ND;ND;ND;ND;ND;ND;ND;ND;ND;ND;ND;ND;ND,"""64,98448""",FLOAT16,ND,N/A,0.0,0,0.0,0.0,0.0,0.0,0.0,0.0,0.0,0.0,0.0,0.0,0.0,36.112,2383423,0.017,0.0,12.181,0.337,20.766,0.575,11.638,0.322,0.0,0.000
0,4294967295,448,47,aclnnMul_MulAiCore_Mul,Mul,dynamic,AI_VECTOR_CORE,1785698306421460.688	,333.467,0.120000,40,0,NO,"""4096,4096;4096,4096""",FLOAT;FLOAT,ND;ND,"""4096,4096""",FLOAT,ND,N/A,0.0,0,0.0,0.0,0.0,0.0,0.0,0.0,0.0,0.0,0.0,0.0,0.0,331.569,21883552,6.784,0.02,2.956,0.009,330.091,0.996,112.699,0.34,0.0,0.000
0,4294967295,449,47,Concat,Concat,dynamic,AI_VECTOR_CORE,1785698306421794.175	,41.441,0.033000,40,0,NO,"""64,16;64,32;64,64;64,128;64,256;64,512;64,1024;64,2048;64,4096;64,8192;64,16;64,32;64,64;64,128;64,256;64,512;64,1024;64,2048;64,4096;64,8192;64,16;64,32;64,64;64,128;64,256;64,512;64,1024;64,2048;64,4096;64,8192;64,16;64,32;64,64;64,128;64,256;64,512;64,1024;64,2048;64,4096;64,8192;64,16;64,32;64,64;64,128;64,256;64,512;64,1024;64,2048;64,4096;64,8192;64,16;64,32;64,64;64,128;64,256;64,512;64,1024;64,2048;64,4096;64,8192;64,16;64,32;64,64;64,128""",FLOAT16;FLOAT16;FLOAT16;FLOAT16;FLOAT16;FLOAT16;FLOAT16;FLOAT16;FLOAT16;FLOAT16;FLOAT16;FLOAT16;FLOAT16;FLOAT16;FLOAT16;FLOAT16;FLOAT16;FLOAT16;FLOAT16;FLOAT16;FLOAT16;FLOAT16;FLOAT16;FLOAT16;FLOAT16;FLOAT16;FLOAT16;FLOAT16;FLOAT16;FLOAT16;FLOAT16;FLOAT16;FLOAT16;FLOAT16;FLOAT16;FLOAT16;FLOAT16;FLOAT16;FLOAT16;FLOAT16;FLOAT16;FLOAT16;FLOAT16;FLOAT16;FLOAT16;FLOAT16;FLOAT16;FLOAT16;FLOAT16;FLOAT16;FLOAT16;FLOAT16;FLOAT16;FLOAT16;FLOAT16;FLOAT16;FLOAT16;FLOAT16;FLOAT16;FLOAT16;FLOAT16;FLOAT16;FLOAT16;FLOAT16,ND;ND;ND;ND;ND;ND;ND;ND;ND;ND;ND;ND;ND;ND;ND;ND;ND;ND;ND;ND;ND;ND;ND;ND;ND;ND;ND;ND;ND;ND;ND;ND;ND;ND;ND;ND;ND;ND;ND;ND;ND;ND;ND;ND;ND;ND;ND;ND;ND;ND;ND;ND;ND;ND;ND;ND;ND;ND;ND;ND;ND;ND;ND;ND,"""64,98448""",FLOAT16,ND,N/A,0.0,0,0.0,0.0,0.0,0.0,0.0,0.0,0.0,0.0,0.0,0.0,0.0,38.822,2562264,0.017,0.0,7.906,0.204,23.052,0.594,12.047,0.31,0.0,0.000
0,4294967295,450,47,aclnnMul_MulAiCore_Mul,Mul,dynamic,AI_VECTOR_CORE,1785698306421835.636	,334.166,0.059000,40,0,NO,"""4096,4096;4096,4096""",FLOAT;FLOAT,ND;ND,"""4096,4096""",FLOAT,ND,N/A,0.0,0,0.0,0.0,0.0,0.0,0.0,0.0,0.0,0.0,0.0,0.0,0.0,331.74,21894840,6.784,0.02,3.015,0.009,330.183,0.995,111.231,0.335,0.0,0.000
0,4294967295,451,47,Concat,Concat,dynamic,AI_VECTOR_CORE,1785698306422169.842	,40.821,0.000000,40,0,NO,"""64,16;64,32;64,64;64,128;64,256;64,512;64,1024;64,2048;64,4096;64,8192;64,16;64,32;64,64;64,128;64,256;64,512;64,1024;64,2048;64,4096;64,8192;64,16;64,32;64,64;64,128;64,256;64,512;64,1024;64,2048;64,4096;64,8192;64,16;64,32;64,64;64,128;64,256;64,512;64,1024;64,2048;64,4096;64,8192;64,16;64,32;64,64;64,128;64,256;64,512;64,1024;64,2048;64,4096;64,8192;64,16;64,32;64,64;64,128;64,256;64,512;64,1024;64,2048;64,4096;64,8192;64,16;64,32;64,64;64,128""",FLOAT16;FLOAT16;FLOAT16;FLOAT16;FLOAT16;FLOAT16;FLOAT16;FLOAT16;FLOAT16;FLOAT16;FLOAT16;FLOAT16;FLOAT16;FLOAT16;FLOAT16;FLOAT16;FLOAT16;FLOAT16;FLOAT16;FLOAT16;FLOAT16;FLOAT16;FLOAT16;FLOAT16;FLOAT16;FLOAT16;FLOAT16;FLOAT16;FLOAT16;FLOAT16;FLOAT16;FLOAT16;FLOAT16;FLOAT16;FLOAT16;FLOAT16;FLOAT16;FLOAT16;FLOAT16;FLOAT16;FLOAT16;FLOAT16;FLOAT16;FLOAT16;FLOAT16;FLOAT16;FLOAT16;FLOAT16;FLOAT16;FLOAT16;FLOAT16;FLOAT16;FLOAT16;FLOAT16;FLOAT16;FLOAT16;FLOAT16;FLOAT16;FLOAT16;FLOAT16;FLOAT16;FLOAT16;FLOAT16;FLOAT16,ND;ND;ND;ND;ND;ND;ND;ND;ND;ND;ND;ND;ND;ND;ND;ND;ND;ND;ND;ND;ND;ND;ND;ND;ND;ND;ND;ND;ND;ND;ND;ND;ND;ND;ND;ND;ND;ND;ND;ND;ND;ND;ND;ND;ND;ND;ND;ND;ND;ND;ND;ND;ND;ND;ND;ND;ND;ND;ND;ND;ND;ND;ND;ND,"""64,98448""",FLOAT16,ND,N/A,0.0,0,0.0,0.0,0.0,0.0,0.0,0.0,0.0,0.0,0.0,0.0,0.0,37.527,2476759,0.017,0.0,7.541,0.201,22.49,0.599,11.58,0.309,0.0,0.000
0,4294967295,452,47,aclnnMul_MulAiCore_Mul,Mul,dynamic,AI_VECTOR_CORE,1785698306422210.683	,334.347,0.179000,40,0,NO,"""4096,4096;4096,4096""",FLOAT;FLOAT,ND;ND,"""4096,4096""",FLOAT,ND,N/A,0.0,0,0.0,0.0,0.0,0.0,0.0,0.0,0.0,0.0,0.0,0.0,0.0,331.56,21882949,6.784,0.02,2.93,0.009,330.011,0.995,112.266,0.339,0.0,0.000
0,4294967295,453,47,Concat,Concat,dynamic,AI_VECTOR_CORE,1785698306422545.050	,39.321,0.000000,40,0,NO,"""64,16;64,32;64,64;64,128;64,256;64,512;64,1024;64,2048;64,4096;64,8192;64,16;64,32;64,64;64,128;64,256;64,512;64,1024;64,2048;64,4096;64,8192;64,16;64,32;64,64;64,128;64,256;64,512;64,1024;64,2048;64,4096;64,8192;64,16;64,32;64,64;64,128;64,256;64,512;64,1024;64,2048;64,4096;64,8192;64,16;64,32;64,64;64,128;64,256;64,512;64,1024;64,2048;64,4096;64,8192;64,16;64,32;64,64;64,128;64,256;64,512;64,1024;64,2048;64,4096;64,8192;64,16;64,32;64,64;64,128""",FLOAT16;FLOAT16;FLOAT16;FLOAT16;FLOAT16;FLOAT16;FLOAT16;FLOAT16;FLOAT16;FLOAT16;FLOAT16;FLOAT16;FLOAT16;FLOAT16;FLOAT16;FLOAT16;FLOAT16;FLOAT16;FLOAT16;FLOAT16;FLOAT16;FLOAT16;FLOAT16;FLOAT16;FLOAT16;FLOAT16;FLOAT16;FLOAT16;FLOAT16;FLOAT16;FLOAT16;FLOAT16;FLOAT16;FLOAT16;FLOAT16;FLOAT16;FLOAT16;FLOAT16;FLOAT16;FLOAT16;FLOAT16;FLOAT16;FLOAT16;FLOAT16;FLOAT16;FLOAT16;FLOAT16;FLOAT16;FLOAT16;FLOAT16;FLOAT16;FLOAT16;FLOAT16;FLOAT16;FLOAT16;FLOAT16;FLOAT16;FLOAT16;FLOAT16;FLOAT16;FLOAT16;FLOAT16;FLOAT16;FLOAT16,ND;ND;ND;ND;ND;ND;ND;ND;ND;ND;ND;ND;ND;ND;ND;ND;ND;ND;ND;ND;ND;ND;ND;ND;ND;ND;ND;ND;ND;ND;ND;ND;ND;ND;ND;ND;ND;ND;ND;ND;ND;ND;ND;ND;ND;ND;ND;ND;ND;ND;ND;ND;ND;ND;ND;ND;ND;ND;ND;ND;ND;ND;ND;ND,"""64,98448""",FLOAT16,ND,N/A,0.0,0,0.0,0.0,0.0,0.0,0.0,0.0,0.0,0.0,0.0,0.0,0.0,36.527,2410791,0.017,0.0,9.649,0.264,21.519,0.589,11.303,0.309,0.0,0.000
0,4294967295,454,47,aclnnMul_MulAiCore_Mul,Mul,dynamic,AI_VECTOR_CORE,1785698306422584.391	,334.526,0.179000,40,0,NO,"""4096,4096;4096,4096""",FLOAT;FLOAT,ND;ND,"""4096,4096""",FLOAT,ND,N/A,0.0,0,0.0,0.0,0.0,0.0,0.0,0.0,0.0,0.0,0.0,0.0,0.0,331.97,21909995,6.784,0.02,3.011,0.009,330.353,0.995,112.407,0.339,0.0,0.000
0,4294967295,455,47,Concat,Concat,dynamic,AI_VECTOR_CORE,1785698306422918.937	,40.061,0.000000,40,0,NO,"""64,16;64,32;64,64;64,128;64,256;64,512;64,1024;64,2048;64,4096;64,8192;64,16;64,32;64,64;64,128;64,256;64,512;64,1024;64,2048;64,4096;64,8192;64,16;64,32;64,64;64,128;64,256;64,512;64,1024;64,2048;64,4096;64,8192;64,16;64,32;64,64;64,128;64,256;64,512;64,1024;64,2048;64,4096;64,8192;64,16;64,32;64,64;64,128;64,256;64,512;64,1024;64,2048;64,4096;64,8192;64,16;64,32;64,64;64,128;64,256;64,512;64,1024;64,2048;64,4096;64,8192;64,16;64,32;64,64;64,128""",FLOAT16;FLOAT16;FLOAT16;FLOAT16;FLOAT16;FLOAT16;FLOAT16;FLOAT16;FLOAT16;FLOAT16;FLOAT16;FLOAT16;FLOAT16;FLOAT16;FLOAT16;FLOAT16;FLOAT16;FLOAT16;FLOAT16;FLOAT16;FLOAT16;FLOAT16;FLOAT16;FLOAT16;FLOAT16;FLOAT16;FLOAT16;FLOAT16;FLOAT16;FLOAT16;FLOAT16;FLOAT16;FLOAT16;FLOAT16;FLOAT16;FLOAT16;FLOAT16;FLOAT16;FLOAT16;FLOAT16;FLOAT16;FLOAT16;FLOAT16;FLOAT16;FLOAT16;FLOAT16;FLOAT16;FLOAT16;FLOAT16;FLOAT16;FLOAT16;FLOAT16;FLOAT16;FLOAT16;FLOAT16;FLOAT16;FLOAT16;FLOAT16;FLOAT16;FLOAT16;FLOAT16;FLOAT16;FLOAT16;FLOAT16,ND;ND;ND;ND;ND;ND;ND;ND;ND;ND;ND;ND;ND;ND;ND;ND;ND;ND;ND;ND;ND;ND;ND;ND;ND;ND;ND;ND;ND;ND;ND;ND;ND;ND;ND;ND;ND;ND;ND;ND;ND;ND;ND;ND;ND;ND;ND;ND;ND;ND;ND;ND;ND;ND;ND;ND;ND;ND;ND;ND;ND;ND;ND;ND,"""64,98448""",FLOAT16,ND,N/A,0.0,0,0.0,0.0,0.0,0.0,0.0,0.0,0.0,0.0,0.0,0.0,0.0,36.784,2427748,0.017,0.0,8.966,0.244,21.613,0.588,11.264,0.306,0.0,0.000
0,4294967295,456,47,aclnnMul_MulAiCore_Mul,Mul,dynamic,AI_VECTOR_CORE,1785698306422959.018	,334.367,0.000000,40,0,NO,"""4096,4096;4096,4096""",FLOAT;FLOAT,ND;ND,"""4096,4096""",FLOAT,ND,N/A,0.0,0,0.0,0.0,0.0,0.0,0.0,0.0,0.0,0.0,0.0,0.0,0.0,331.682,21891002,6.784,0.02,3.066,0.009,330.047,0.995,110.83,0.334,0.0,0.000
0,4294967295,457,47,Concat,Concat,dynamic,AI_VECTOR_CORE,1785698306423293.405	,41.761,0.133000,40,0,NO,"""64,16;64,32;64,64;64,128;64,256;64,512;64,1024;64,2048;64,4096;64,8192;64,16;64,32;64,64;64,128;64,256;64,512;64,1024;64,2048;64,4096;64,8192;64,16;64,32;64,64;64,128;64,256;64,512;64,1024;64,2048;64,4096;64,8192;64,16;64,32;64,64;64,128;64,256;64,512;64,1024;64,2048;64,4096;64,8192;64,16;64,32;64,64;64,128;64,256;64,512;64,1024;64,2048;64,4096;64,8192;64,16;64,32;64,64;64,128;64,256;64,512;64,1024;64,2048;64,4096;64,8192;64,16;64,32;64,64;64,128""",FLOAT16;FLOAT16;FLOAT16;FLOAT16;FLOAT16;FLOAT16;FLOAT16;FLOAT16;FLOAT16;FLOAT16;FLOAT16;FLOAT16;FLOAT16;FLOAT16;FLOAT16;FLOAT16;FLOAT16;FLOAT16;FLOAT16;FLOAT16;FLOAT16;FLOAT16;FLOAT16;FLOAT16;FLOAT16;FLOAT16;FLOAT16;FLOAT16;FLOAT16;FLOAT16;FLOAT16;FLOAT16;FLOAT16;FLOAT16;FLOAT16;FLOAT16;FLOAT16;FLOAT16;FLOAT16;FLOAT16;FLOAT16;FLOAT16;FLOAT16;FLOAT16;FLOAT16;FLOAT16;FLOAT16;FLOAT16;FLOAT16;FLOAT16;FLOAT16;FLOAT16;FLOAT16;FLOAT16;FLOAT16;FLOAT16;FLOAT16;FLOAT16;FLOAT16;FLOAT16;FLOAT16;FLOAT16;FLOAT16;FLOAT16,ND;ND;ND;ND;ND;ND;ND;ND;ND;ND;ND;ND;ND;ND;ND;ND;ND;ND;ND;ND;ND;ND;ND;ND;ND;ND;ND;ND;ND;ND;ND;ND;ND;ND;ND;ND;ND;ND;ND;ND;ND;ND;ND;ND;ND;ND;ND;ND;ND;ND;ND;ND;ND;ND;ND;ND;ND;ND;ND;ND;ND;ND;ND;ND,"""64,98448""",FLOAT16,ND,N/A,0.0,0,0.0,0.0,0.0,0.0,0.0,0.0,0.0,0.0,0.0,0.0,0.0,38.996,2573761,0.017,0.0,11.94,0.306,22.388,0.574,11.818,0.303,0.0,0.000
0,4294967295,458,47,aclnnMul_MulAiCore_Mul,Mul,dynamic,AI_VECTOR_CORE,1785698306423335.186	,333.466,0.000000,40,0,NO,"""4096,4096;4096,4096""",FLOAT;FLOAT,ND;ND,"""4096,4096""",FLOAT,ND,N/A,0.0,0,0.0,0.0,0.0,0.0,0.0,0.0,0.0,0.0,0.0,0.0,0.0,331.434,21874626,6.784,0.02,3.117,0.009,329.764,0.995,111.788,0.337,0.0,0.000
0,4294967295,459,47,Concat,Concat,dynamic,AI_VECTOR_CORE,1785698306423668.692	,40.601,0.034000,40,0,NO,"""64,16;64,32;64,64;64,128;64,256;64,512;64,1024;64,2048;64,4096;64,8192;64,16;64,32;64,64;64,128;64,256;64,512;64,1024;64,2048;64,4096;64,8192;64,16;64,32;64,64;64,128;64,256;64,512;64,1024;64,2048;64,4096;64,8192;64,16;64,32;64,64;64,128;64,256;64,512;64,1024;64,2048;64,4096;64,8192;64,16;64,32;64,64;64,128;64,256;64,512;64,1024;64,2048;64,4096;64,8192;64,16;64,32;64,64;64,128;64,256;64,512;64,1024;64,2048;64,4096;64,8192;64,16;64,32;64,64;64,128""",FLOAT16;FLOAT16;FLOAT16;FLOAT16;FLOAT16;FLOAT16;FLOAT16;FLOAT16;FLOAT16;FLOAT16;FLOAT16;FLOAT16;FLOAT16;FLOAT16;FLOAT16;FLOAT16;FLOAT16;FLOAT16;FLOAT16;FLOAT16;FLOAT16;FLOAT16;FLOAT16;FLOAT16;FLOAT16;FLOAT16;FLOAT16;FLOAT16;FLOAT16;FLOAT16;FLOAT16;FLOAT16;FLOAT16;FLOAT16;FLOAT16;FLOAT16;FLOAT16;FLOAT16;FLOAT16;FLOAT16;FLOAT16;FLOAT16;FLOAT16;FLOAT16;FLOAT16;FLOAT16;FLOAT16;FLOAT16;FLOAT16;FLOAT16;FLOAT16;FLOAT16;FLOAT16;FLOAT16;FLOAT16;FLOAT16;FLOAT16;FLOAT16;FLOAT16;FLOAT16;FLOAT16;FLOAT16;FLOAT16;FLOAT16,ND;ND;ND;ND;ND;ND;ND;ND;ND;ND;ND;ND;ND;ND;ND;ND;ND;ND;ND;ND;ND;ND;ND;ND;ND;ND;ND;ND;ND;ND;ND;ND;ND;ND;ND;ND;ND;ND;ND;ND;ND;ND;ND;ND;ND;ND;ND;ND;ND;ND;ND;ND;ND;ND;ND;ND;ND;ND;ND;ND;ND;ND;ND;ND,"""64,98448""",FLOAT16,ND,N/A,0.0,0,0.0,0.0,0.0,0.0,0.0,0.0,0.0,0.0,0.0,0.0,0.0,37.313,2462663,0.017,0.0,14.071,0.377,21.999,0.59,11.201,0.3,0.0,0.000
0,4294967295,460,47,aclnnMul_MulAiCore_Mul,Mul,dynamic,AI_VECTOR_CORE,1785698306423709.333	,332.547,0.000000,40,0,NO,"""4096,4096;4096,4096""",FLOAT;FLOAT,ND;ND,"""4096,4096""",FLOAT,ND,N/A,0.0,0,0.0,0.0,0.0,0.0,0.0,0.0,0.0,0.0,0.0,0.0,0.0,330.018,21781162,6.784,0.021,3.036,0.009,328.457,0.995,111.926,0.339,0.0,0.000
0,4294967295,461,47,Concat,Concat,dynamic,AI_VECTOR_CORE,1785698306424041.920	,40.141,0.203000,40,0,NO,"""64,16;64,32;64,64;64,128;64,256;64,512;64,1024;64,2048;64,4096;64,8192;64,16;64,32;64,64;64,128;64,256;64,512;64,1024;64,2048;64,4096;64,8192;64,16;64,32;64,64;64,128;64,256;64,512;64,1024;64,2048;64,4096;64,8192;64,16;64,32;64,64;64,128;64,256;64,512;64,1024;64,2048;64,4096;64,8192;64,16;64,32;64,64;64,128;64,256;64,512;64,1024;64,2048;64,4096;64,8192;64,16;64,32;64,64;64,128;64,256;64,512;64,1024;64,2048;64,4096;64,8192;64,16;64,32;64,64;64,128""",FLOAT16;FLOAT16;FLOAT16;FLOAT16;FLOAT16;FLOAT16;FLOAT16;FLOAT16;FLOAT16;FLOAT16;FLOAT16;FLOAT16;FLOAT16;FLOAT16;FLOAT16;FLOAT16;FLOAT16;FLOAT16;FLOAT16;FLOAT16;FLOAT16;FLOAT16;FLOAT16;FLOAT16;FLOAT16;FLOAT16;FLOAT16;FLOAT16;FLOAT16;FLOAT16;FLOAT16;FLOAT16;FLOAT16;FLOAT16;FLOAT16;FLOAT16;FLOAT16;FLOAT16;FLOAT16;FLOAT16;FLOAT16;FLOAT16;FLOAT16;FLOAT16;FLOAT16;FLOAT16;FLOAT16;FLOAT16;FLOAT16;FLOAT16;FLOAT16;FLOAT16;FLOAT16;FLOAT16;FLOAT16;FLOAT16;FLOAT16;FLOAT16;FLOAT16;FLOAT16;FLOAT16;FLOAT16;FLOAT16;FLOAT16,ND;ND;ND;ND;ND;ND;ND;ND;ND;ND;ND;ND;ND;ND;ND;ND;ND;ND;ND;ND;ND;ND;ND;ND;ND;ND;ND;ND;ND;ND;ND;ND;ND;ND;ND;ND;ND;ND;ND;ND;ND;ND;ND;ND;ND;ND;ND;ND;ND;ND;ND;ND;ND;ND;ND;ND;ND;ND;ND;ND;ND;ND;ND;ND,"""64,98448""",FLOAT16,ND,N/A,0.0,0,0.0,0.0,0.0,0.0,0.0,0.0,0.0,0.0,0.0,0.0,0.0,36.695,2421892,0.017,0.0,12.935,0.352,21.334,0.581,11.198,0.305,0.0,0.000
0,4294967295,462,47,aclnnMul_MulAiCore_Mul,Mul,dynamic,AI_VECTOR_CORE,1785698306424082.081	,335.346,0.000000,40,0,NO,"""4096,4096;4096,4096""",FLOAT;FLOAT,ND;ND,"""4096,4096""",FLOAT,ND,N/A,0.0,0,0.0,0.0,0.0,0.0,0.0,0.0,0.0,0.0,0.0,0.0,0.0,332.698,21958085,6.784,0.02,3.116,0.009,331.063,0.995,113.229,0.34,0.0,0.000
0,4294967295,463,47,Concat,Concat,dynamic,AI_VECTOR_CORE,1785698306424417.447	,39.661,0.154000,40,0,NO,"""64,16;64,32;64,64;64,128;64,256;64,512;64,1024;64,2048;64,4096;64,8192;64,16;64,32;64,64;64,128;64,256;64,512;64,1024;64,2048;64,4096;64,8192;64,16;64,32;64,64;64,128;64,256;64,512;64,1024;64,2048;64,4096;64,8192;64,16;64,32;64,64;64,128;64,256;64,512;64,1024;64,2048;64,4096;64,8192;64,16;64,32;64,64;64,128;64,256;64,512;64,1024;64,2048;64,4096;64,8192;64,16;64,32;64,64;64,128;64,256;64,512;64,1024;64,2048;64,4096;64,8192;64,16;64,32;64,64;64,128""",FLOAT16;FLOAT16;FLOAT16;FLOAT16;FLOAT16;FLOAT16;FLOAT16;FLOAT16;FLOAT16;FLOAT16;FLOAT16;FLOAT16;FLOAT16;FLOAT16;FLOAT16;FLOAT16;FLOAT16;FLOAT16;FLOAT16;FLOAT16;FLOAT16;FLOAT16;FLOAT16;FLOAT16;FLOAT16;FLOAT16;FLOAT16;FLOAT16;FLOAT16;FLOAT16;FLOAT16;FLOAT16;FLOAT16;FLOAT16;FLOAT16;FLOAT16;FLOAT16;FLOAT16;FLOAT16;FLOAT16;FLOAT16;FLOAT16;FLOAT16;FLOAT16;FLOAT16;FLOAT16;FLOAT16;FLOAT16;FLOAT16;FLOAT16;FLOAT16;FLOAT16;FLOAT16;FLOAT16;FLOAT16;FLOAT16;FLOAT16;FLOAT16;FLOAT16;FLOAT16;FLOAT16;FLOAT16;FLOAT16;FLOAT16,ND;ND;ND;ND;ND;ND;ND;ND;ND;ND;ND;ND;ND;ND;ND;ND;ND;ND;ND;ND;ND;ND;ND;ND;ND;ND;ND;ND;ND;ND;ND;ND;ND;ND;ND;ND;ND;ND;ND;ND;ND;ND;ND;ND;ND;ND;ND;ND;ND;ND;ND;ND;ND;ND;ND;ND;ND;ND;ND;ND;ND;ND;ND;ND,"""64,98448""",FLOAT16,ND,N/A,0.0,0,0.0,0.0,0.0,0.0,0.0,0.0,0.0,0.0,0.0,0.0,0.0,36.201,2389247,0.017,0.0,11.071,0.306,21.191,0.585,11.405,0.315,0.0,0.000
0,4294967295,464,47,aclnnMul_MulAiCore_Mul,Mul,dynamic,AI_VECTOR_CORE,1785698306424457.128	,333.887,0.089000,40,0,NO,"""4096,4096;4096,4096""",FLOAT;FLOAT,ND;ND,"""4096,4096""",FLOAT,ND,N/A,0.0,0,0.0,0.0,0.0,0.0,0.0,0.0,0.0,0.0,0.0,0.0,0.0,331.248,21862392,6.784,0.02,3.092,0.009,329.577,0.995,111.764,0.337,0.0,0.000
0,4294967295,465,47,Concat,Concat,dynamic,AI_VECTOR_CORE,1785698306424791.035	,40.861,0.000000,40,0,NO,"""64,16;64,32;64,64;64,128;64,256;64,512;64,1024;64,2048;64,4096;64,8192;64,16;64,32;64,64;64,128;64,256;64,512;64,1024;64,2048;64,4096;64,8192;64,16;64,32;64,64;64,128;64,256;64,512;64,1024;64,2048;64,4096;64,8192;64,16;64,32;64,64;64,128;64,256;64,512;64,1024;64,2048;64,4096;64,8192;64,16;64,32;64,64;64,128;64,256;64,512;64,1024;64,2048;64,4096;64,8192;64,16;64,32;64,64;64,128;64,256;64,512;64,1024;64,2048;64,4096;64,8192;64,16;64,32;64,64;64,128""",FLOAT16;FLOAT16;FLOAT16;FLOAT16;FLOAT16;FLOAT16;FLOAT16;FLOAT16;FLOAT16;FLOAT16;FLOAT16;FLOAT16;FLOAT16;FLOAT16;FLOAT16;FLOAT16;FLOAT16;FLOAT16;FLOAT16;FLOAT16;FLOAT16;FLOAT16;FLOAT16;FLOAT16;FLOAT16;FLOAT16;FLOAT16;FLOAT16;FLOAT16;FLOAT16;FLOAT16;FLOAT16;FLOAT16;FLOAT16;FLOAT16;FLOAT16;FLOAT16;FLOAT16;FLOAT16;FLOAT16;FLOAT16;FLOAT16;FLOAT16;FLOAT16;FLOAT16;FLOAT16;FLOAT16;FLOAT16;FLOAT16;FLOAT16;FLOAT16;FLOAT16;FLOAT16;FLOAT16;FLOAT16;FLOAT16;FLOAT16;FLOAT16;FLOAT16;FLOAT16;FLOAT16;FLOAT16;FLOAT16;FLOAT16,ND;ND;ND;ND;ND;ND;ND;ND;ND;ND;ND;ND;ND;ND;ND;ND;ND;ND;ND;ND;ND;ND;ND;ND;ND;ND;ND;ND;ND;ND;ND;ND;ND;ND;ND;ND;ND;ND;ND;ND;ND;ND;ND;ND;ND;ND;ND;ND;ND;ND;ND;ND;ND;ND;ND;ND;ND;ND;ND;ND;ND;ND;ND;ND,"""64,98448""",FLOAT16,ND,N/A,0.0,0,0.0,0.0,0.0,0.0,0.0,0.0,0.0,0.0,0.0,0.0,0.0,37.848,2497979,0.017,0.0,8.495,0.224,22.44,0.593,11.761,0.311,0.0,0.000
0,4294967295,466,47,aclnnMul_MulAiCore_Mul,Mul,dynamic,AI_VECTOR_CORE,1785698306424831.916	,335.086,0.139000,40,0,NO,"""4096,4096;4096,4096""",FLOAT;FLOAT,ND;ND,"""4096,4096""",FLOAT,ND,N/A,0.0,0,0.0,0.0,0.0,0.0,0.0,0.0,0.0,0.0,0.0,0.0,0.0,332.07,21916637,6.784,0.02,2.925,0.009,330.572,0.995,113.851,0.343,0.0,0.000
0,4294967295,467,47,Concat,Concat,dynamic,AI_VECTOR_CORE,1785698306425167.022	,40.081,0.000000,40,0,NO,"""64,16;64,32;64,64;64,128;64,256;64,512;64,1024;64,2048;64,4096;64,8192;64,16;64,32;64,64;64,128;64,256;64,512;64,1024;64,2048;64,4096;64,8192;64,16;64,32;64,64;64,128;64,256;64,512;64,1024;64,2048;64,4096;64,8192;64,16;64,32;64,64;64,128;64,256;64,512;64,1024;64,2048;64,4096;64,8192;64,16;64,32;64,64;64,128;64,256;64,512;64,1024;64,2048;64,4096;64,8192;64,16;64,32;64,64;64,128;64,256;64,512;64,1024;64,2048;64,4096;64,8192;64,16;64,32;64,64;64,128""",FLOAT16;FLOAT16;FLOAT16;FLOAT16;FLOAT16;FLOAT16;FLOAT16;FLOAT16;FLOAT16;FLOAT16;FLOAT16;FLOAT16;FLOAT16;FLOAT16;FLOAT16;FLOAT16;FLOAT16;FLOAT16;FLOAT16;FLOAT16;FLOAT16;FLOAT16;FLOAT16;FLOAT16;FLOAT16;FLOAT16;FLOAT16;FLOAT16;FLOAT16;FLOAT16;FLOAT16;FLOAT16;FLOAT16;FLOAT16;FLOAT16;FLOAT16;FLOAT16;FLOAT16;FLOAT16;FLOAT16;FLOAT16;FLOAT16;FLOAT16;FLOAT16;FLOAT16;FLOAT16;FLOAT16;FLOAT16;FLOAT16;FLOAT16;FLOAT16;FLOAT16;FLOAT16;FLOAT16;FLOAT16;FLOAT16;FLOAT16;FLOAT16;FLOAT16;FLOAT16;FLOAT16;FLOAT16;FLOAT16;FLOAT16,ND;ND;ND;ND;ND;ND;ND;ND;ND;ND;ND;ND;ND;ND;ND;ND;ND;ND;ND;ND;ND;ND;ND;ND;ND;ND;ND;ND;ND;ND;ND;ND;ND;ND;ND;ND;ND;ND;ND;ND;ND;ND;ND;ND;ND;ND;ND;ND;ND;ND;ND;ND;ND;ND;ND;ND;ND;ND;ND;ND;ND;ND;ND;ND,"""64,98448""",FLOAT16,ND,N/A,0.0,0,0.0,0.0,0.0,0.0,0.0,0.0,0.0,0.0,0.0,0.0,0.0,35.516,2344066,0.017,0.0,9.545,0.269,19.621,0.552,10.62,0.299,0.0,0.000
0,4294967295,468,47,aclnnMul_MulAiCore_Mul,Mul,dynamic,AI_VECTOR_CORE,1785698306425207.123	,335.147,0.000000,40,0,NO,"""4096,4096;4096,4096""",FLOAT;FLOAT,ND;ND,"""4096,4096""",FLOAT,ND,N/A,0.0,0,0.0,0.0,0.0,0.0,0.0,0.0,0.0,0.0,0.0,0.0,0.0,331.975,21910350,6.784,0.02,3.045,0.009,330.294,0.995,113.562,0.342,0.0,0.000
0,4294967295,469,47,Concat,Concat,dynamic,AI_VECTOR_CORE,1785698306425542.290	,39.721,0.103000,40,0,NO,"""64,16;64,32;64,64;64,128;64,256;64,512;64,1024;64,2048;64,4096;64,8192;64,16;64,32;64,64;64,128;64,256;64,512;64,1024;64,2048;64,4096;64,8192;64,16;64,32;64,64;64,128;64,256;64,512;64,1024;64,2048;64,4096;64,8192;64,16;64,32;64,64;64,128;64,256;64,512;64,1024;64,2048;64,4096;64,8192;64,16;64,32;64,64;64,128;64,256;64,512;64,1024;64,2048;64,4096;64,8192;64,16;64,32;64,64;64,128;64,256;64,512;64,1024;64,2048;64,4096;64,8192;64,16;64,32;64,64;64,128""",FLOAT16;FLOAT16;FLOAT16;FLOAT16;FLOAT16;FLOAT16;FLOAT16;FLOAT16;FLOAT16;FLOAT16;FLOAT16;FLOAT16;FLOAT16;FLOAT16;FLOAT16;FLOAT16;FLOAT16;FLOAT16;FLOAT16;FLOAT16;FLOAT16;FLOAT16;FLOAT16;FLOAT16;FLOAT16;FLOAT16;FLOAT16;FLOAT16;FLOAT16;FLOAT16;FLOAT16;FLOAT16;FLOAT16;FLOAT16;FLOAT16;FLOAT16;FLOAT16;FLOAT16;FLOAT16;FLOAT16;FLOAT16;FLOAT16;FLOAT16;FLOAT16;FLOAT16;FLOAT16;FLOAT16;FLOAT16;FLOAT16;FLOAT16;FLOAT16;FLOAT16;FLOAT16;FLOAT16;FLOAT16;FLOAT16;FLOAT16;FLOAT16;FLOAT16;FLOAT16;FLOAT16;FLOAT16;FLOAT16;FLOAT16,ND;ND;ND;ND;ND;ND;ND;ND;ND;ND;ND;ND;ND;ND;ND;ND;ND;ND;ND;ND;ND;ND;ND;ND;ND;ND;ND;ND;ND;ND;ND;ND;ND;ND;ND;ND;ND;ND;ND;ND;ND;ND;ND;ND;ND;ND;ND;ND;ND;ND;ND;ND;ND;ND;ND;ND;ND;ND;ND;ND;ND;ND;ND;ND,"""64,98448""",FLOAT16,ND,N/A,0.0,0,0.0,0.0,0.0,0.0,0.0,0.0,0.0,0.0,0.0,0.0,0.0,36.835,2431137,0.017,0.0,8.627,0.234,21.685,0.589,11.549,0.314,0.0,0.000
0,4294967295,470,47,aclnnMul_MulAiCore_Mul,Mul,dynamic,AI_VECTOR_CORE,1785698306425582.031	,333.066,0.029000,40,0,NO,"""4096,4096;4096,4096""",FLOAT;FLOAT,ND;ND,"""4096,4096""",FLOAT,ND,N/A,0.0,0,0.0,0.0,0.0,0.0,0.0,0.0,0.0,0.0,0.0,0.0,0.0,331.155,21856216,6.784,0.02,2.932,0.009,329.71,0.996,109.371,0.33,0.0,0.000
0,4294967295,471,47,Concat,Concat,dynamic,AI_VECTOR_CORE,1785698306425915.117	,39.941,0.000000,40,0,NO,"""64,16;64,32;64,64;64,128;64,256;64,512;64,1024;64,2048;64,4096;64,8192;64,16;64,32;64,64;64,128;64,256;64,512;64,1024;64,2048;64,4096;64,8192;64,16;64,32;64,64;64,128;64,256;64,512;64,1024;64,2048;64,4096;64,8192;64,16;64,32;64,64;64,128;64,256;64,512;64,1024;64,2048;64,4096;64,8192;64,16;64,32;64,64;64,128;64,256;64,512;64,1024;64,2048;64,4096;64,8192;64,16;64,32;64,64;64,128;64,256;64,512;64,1024;64,2048;64,4096;64,8192;64,16;64,32;64,64;64,128""",FLOAT16;FLOAT16;FLOAT16;FLOAT16;FLOAT16;FLOAT16;FLOAT16;FLOAT16;FLOAT16;FLOAT16;FLOAT16;FLOAT16;FLOAT16;FLOAT16;FLOAT16;FLOAT16;FLOAT16;FLOAT16;FLOAT16;FLOAT16;FLOAT16;FLOAT16;FLOAT16;FLOAT16;FLOAT16;FLOAT16;FLOAT16;FLOAT16;FLOAT16;FLOAT16;FLOAT16;FLOAT16;FLOAT16;FLOAT16;FLOAT16;FLOAT16;FLOAT16;FLOAT16;FLOAT16;FLOAT16;FLOAT16;FLOAT16;FLOAT16;FLOAT16;FLOAT16;FLOAT16;FLOAT16;FLOAT16;FLOAT16;FLOAT16;FLOAT16;FLOAT16;FLOAT16;FLOAT16;FLOAT16;FLOAT16;FLOAT16;FLOAT16;FLOAT16;FLOAT16;FLOAT16;FLOAT16;FLOAT16;FLOAT16,ND;ND;ND;ND;ND;ND;ND;ND;ND;ND;ND;ND;ND;ND;ND;ND;ND;ND;ND;ND;ND;ND;ND;ND;ND;ND;ND;ND;ND;ND;ND;ND;ND;ND;ND;ND;ND;ND;ND;ND;ND;ND;ND;ND;ND;ND;ND;ND;ND;ND;ND;ND;ND;ND;ND;ND;ND;ND;ND;ND;ND;ND;ND;ND,"""64,98448""",FLOAT16,ND,N/A,0.0,0,0.0,0.0,0.0,0.0,0.0,0.0,0.0,0.0,0.0,0.0,0.0,35.582,2348416,0.017,0.0,10.389,0.292,19.916,0.56,10.991,0.309,0.0,0.000
0,4294967295,472,47,aclnnMul_MulAiCore_Mul,Mul,dynamic,AI_VECTOR_CORE,1785698306425955.078	,332.587,0.059000,40,0,NO,"""4096,4096;4096,4096""",FLOAT;FLOAT,ND;ND,"""4096,4096""",FLOAT,ND,N/A,0.0,0,0.0,0.0,0.0,0.0,0.0,0.0,0.0,0.0,0.0,0.0,0.0,330.556,21816701,6.784,0.021,3.128,0.009,328.883,0.995,111.611,0.338,0.0,0.000
0,4294967295,473,47,Concat,Concat,dynamic,AI_VECTOR_CORE,1785698306426287.705	,41.721,0.163000,40,0,NO,"""64,16;64,32;64,64;64,128;64,256;64,512;64,1024;64,2048;64,4096;64,8192;64,16;64,32;64,64;64,128;64,256;64,512;64,1024;64,2048;64,4096;64,8192;64,16;64,32;64,64;64,128;64,256;64,512;64,1024;64,2048;64,4096;64,8192;64,16;64,32;64,64;64,128;64,256;64,512;64,1024;64,2048;64,4096;64,8192;64,16;64,32;64,64;64,128;64,256;64,512;64,1024;64,2048;64,4096;64,8192;64,16;64,32;64,64;64,128;64,256;64,512;64,1024;64,2048;64,4096;64,8192;64,16;64,32;64,64;64,128""",FLOAT16;FLOAT16;FLOAT16;FLOAT16;FLOAT16;FLOAT16;FLOAT16;FLOAT16;FLOAT16;FLOAT16;FLOAT16;FLOAT16;FLOAT16;FLOAT16;FLOAT16;FLOAT16;FLOAT16;FLOAT16;FLOAT16;FLOAT16;FLOAT16;FLOAT16;FLOAT16;FLOAT16;FLOAT16;FLOAT16;FLOAT16;FLOAT16;FLOAT16;FLOAT16;FLOAT16;FLOAT16;FLOAT16;FLOAT16;FLOAT16;FLOAT16;FLOAT16;FLOAT16;FLOAT16;FLOAT16;FLOAT16;FLOAT16;FLOAT16;FLOAT16;FLOAT16;FLOAT16;FLOAT16;FLOAT16;FLOAT16;FLOAT16;FLOAT16;FLOAT16;FLOAT16;FLOAT16;FLOAT16;FLOAT16;FLOAT16;FLOAT16;FLOAT16;FLOAT16;FLOAT16;FLOAT16;FLOAT16;FLOAT16,ND;ND;ND;ND;ND;ND;ND;ND;ND;ND;ND;ND;ND;ND;ND;ND;ND;ND;ND;ND;ND;ND;ND;ND;ND;ND;ND;ND;ND;ND;ND;ND;ND;ND;ND;ND;ND;ND;ND;ND;ND;ND;ND;ND;ND;ND;ND;ND;ND;ND;ND;ND;ND;ND;ND;ND;ND;ND;ND;ND;ND;ND;ND;ND,"""64,98448""",FLOAT16,ND,N/A,0.0,0,0.0,0.0,0.0,0.0,0.0,0.0,0.0,0.0,0.0,0.0,0.0,38.415,2535360,0.017,0.0,12.966,0.338,22.492,0.586,11.4,0.297,0.0,0.000
0,4294967295,474,47,aclnnMul_MulAiCore_Mul,Mul,dynamic,AI_VECTOR_CORE,1785698306426329.446	,332.886,0.029000,40,0,NO,"""4096,4096;4096,4096""",FLOAT;FLOAT,ND;ND,"""4096,4096""",FLOAT,ND,N/A,0.0,0,0.0,0.0,0.0,0.0,0.0,0.0,0.0,0.0,0.0,0.0,0.0,330.712,21826967,6.784,0.021,3.055,0.009,329.133,0.995,111.619,0.338,0.0,0.000
0,4294967295,475,47,Concat,Concat,dynamic,AI_VECTOR_CORE,1785698306426662.352	,41.181,0.000000,40,0,NO,"""64,16;64,32;64,64;64,128;64,256;64,512;64,1024;64,2048;64,4096;64,8192;64,16;64,32;64,64;64,128;64,256;64,512;64,1024;64,2048;64,4096;64,8192;64,16;64,32;64,64;64,128;64,256;64,512;64,1024;64,2048;64,4096;64,8192;64,16;64,32;64,64;64,128;64,256;64,512;64,1024;64,2048;64,4096;64,8192;64,16;64,32;64,64;64,128;64,256;64,512;64,1024;64,2048;64,4096;64,8192;64,16;64,32;64,64;64,128;64,256;64,512;64,1024;64,2048;64,4096;64,8192;64,16;64,32;64,64;64,128""",FLOAT16;FLOAT16;FLOAT16;FLOAT16;FLOAT16;FLOAT16;FLOAT16;FLOAT16;FLOAT16;FLOAT16;FLOAT16;FLOAT16;FLOAT16;FLOAT16;FLOAT16;FLOAT16;FLOAT16;FLOAT16;FLOAT16;FLOAT16;FLOAT16;FLOAT16;FLOAT16;FLOAT16;FLOAT16;FLOAT16;FLOAT16;FLOAT16;FLOAT16;FLOAT16;FLOAT16;FLOAT16;FLOAT16;FLOAT16;FLOAT16;FLOAT16;FLOAT16;FLOAT16;FLOAT16;FLOAT16;FLOAT16;FLOAT16;FLOAT16;FLOAT16;FLOAT16;FLOAT16;FLOAT16;FLOAT16;FLOAT16;FLOAT16;FLOAT16;FLOAT16;FLOAT16;FLOAT16;FLOAT16;FLOAT16;FLOAT16;FLOAT16;FLOAT16;FLOAT16;FLOAT16;FLOAT16;FLOAT16;FLOAT16,ND;ND;ND;ND;ND;ND;ND;ND;ND;ND;ND;ND;ND;ND;ND;ND;ND;ND;ND;ND;ND;ND;ND;ND;ND;ND;ND;ND;ND;ND;ND;ND;ND;ND;ND;ND;ND;ND;ND;ND;ND;ND;ND;ND;ND;ND;ND;ND;ND;ND;ND;ND;ND;ND;ND;ND;ND;ND;ND;ND;ND;ND;ND;ND,"""64,98448""",FLOAT16,ND,N/A,0.0,0,0.0,0.0,0.0,0.0,0.0,0.0,0.0,0.0,0.0,0.0,0.0,37.584,2480525,0.017,0.0,13.759,0.366,22.162,0.59,11.457,0.305,0.0,0.000
0,4294967295,476,47,aclnnMul_MulAiCore_Mul,Mul,dynamic,AI_VECTOR_CORE,1785698306426703.553	,333.587,0.069000,40,0,NO,"""4096,4096;4096,4096""",FLOAT;FLOAT,ND;ND,"""4096,4096""",FLOAT,ND,N/A,0.0,0,0.0,0.0,0.0,0.0,0.0,0.0,0.0,0.0,0.0,0.0,0.0,331.097,21852419,6.784,0.02,3.086,0.009,329.464,0.995,112.516,0.34,0.0,0.000
0,4294967295,477,47,Concat,Concat,dynamic,AI_VECTOR_CORE,1785698306427037.160	,39.121,0.163000,40,0,NO,"""64,16;64,32;64,64;64,128;64,256;64,512;64,1024;64,2048;64,4096;64,8192;64,16;64,32;64,64;64,128;64,256;64,512;64,1024;64,2048;64,4096;64,8192;64,16;64,32;64,64;64,128;64,256;64,512;64,1024;64,2048;64,4096;64,8192;64,16;64,32;64,64;64,128;64,256;64,512;64,1024;64,2048;64,4096;64,8192;64,16;64,32;64,64;64,128;64,256;64,512;64,1024;64,2048;64,4096;64,8192;64,16;64,32;64,64;64,128;64,256;64,512;64,1024;64,2048;64,4096;64,8192;64,16;64,32;64,64;64,128""",FLOAT16;FLOAT16;FLOAT16;FLOAT16;FLOAT16;FLOAT16;FLOAT16;FLOAT16;FLOAT16;FLOAT16;FLOAT16;FLOAT16;FLOAT16;FLOAT16;FLOAT16;FLOAT16;FLOAT16;FLOAT16;FLOAT16;FLOAT16;FLOAT16;FLOAT16;FLOAT16;FLOAT16;FLOAT16;FLOAT16;FLOAT16;FLOAT16;FLOAT16;FLOAT16;FLOAT16;FLOAT16;FLOAT16;FLOAT16;FLOAT16;FLOAT16;FLOAT16;FLOAT16;FLOAT16;FLOAT16;FLOAT16;FLOAT16;FLOAT16;FLOAT16;FLOAT16;FLOAT16;FLOAT16;FLOAT16;FLOAT16;FLOAT16;FLOAT16;FLOAT16;FLOAT16;FLOAT16;FLOAT16;FLOAT16;FLOAT16;FLOAT16;FLOAT16;FLOAT16;FLOAT16;FLOAT16;FLOAT16;FLOAT16,ND;ND;ND;ND;ND;ND;ND;ND;ND;ND;ND;ND;ND;ND;ND;ND;ND;ND;ND;ND;ND;ND;ND;ND;ND;ND;ND;ND;ND;ND;ND;ND;ND;ND;ND;ND;ND;ND;ND;ND;ND;ND;ND;ND;ND;ND;ND;ND;ND;ND;ND;ND;ND;ND;ND;ND;ND;ND;ND;ND;ND;ND;ND;ND,"""64,98448""",FLOAT16,ND,N/A,0.0,0,0.0,0.0,0.0,0.0,0.0,0.0,0.0,0.0,0.0,0.0,0.0,35.17,2321232,0.017,0.0,13.184,0.375,20.18,0.574,10.973,0.312,0.0,0.000
0,4294967295,478,47,aclnnMul_MulAiCore_Mul,Mul,dynamic,AI_VECTOR_CORE,1785698306427076.301	,333.346,0.000000,40,0,NO,"""4096,4096;4096,4096""",FLOAT;FLOAT,ND;ND,"""4096,4096""",FLOAT,ND,N/A,0.0,0,0.0,0.0,0.0,0.0,0.0,0.0,0.0,0.0,0.0,0.0,0.0,331.244,21862125,6.784,0.02,3.096,0.009,329.596,0.995,112.04,0.338,0.0,0.000
0,4294967295,479,47,Concat,Concat,dynamic,AI_VECTOR_CORE,1785698306427409.687	,39.721,0.154000,40,0,NO,"""64,16;64,32;64,64;64,128;64,256;64,512;64,1024;64,2048;64,4096;64,8192;64,16;64,32;64,64;64,128;64,256;64,512;64,1024;64,2048;64,4096;64,8192;64,16;64,32;64,64;64,128;64,256;64,512;64,1024;64,2048;64,4096;64,8192;64,16;64,32;64,64;64,128;64,256;64,512;64,1024;64,2048;64,4096;64,8192;64,16;64,32;64,64;64,128;64,256;64,512;64,1024;64,2048;64,4096;64,8192;64,16;64,32;64,64;64,128;64,256;64,512;64,1024;64,2048;64,4096;64,8192;64,16;64,32;64,64;64,128""",FLOAT16;FLOAT16;FLOAT16;FLOAT16;FLOAT16;FLOAT16;FLOAT16;FLOAT16;FLOAT16;FLOAT16;FLOAT16;FLOAT16;FLOAT16;FLOAT16;FLOAT16;FLOAT16;FLOAT16;FLOAT16;FLOAT16;FLOAT16;FLOAT16;FLOAT16;FLOAT16;FLOAT16;FLOAT16;FLOAT16;FLOAT16;FLOAT16;FLOAT16;FLOAT16;FLOAT16;FLOAT16;FLOAT16;FLOAT16;FLOAT16;FLOAT16;FLOAT16;FLOAT16;FLOAT16;FLOAT16;FLOAT16;FLOAT16;FLOAT16;FLOAT16;FLOAT16;FLOAT16;FLOAT16;FLOAT16;FLOAT16;FLOAT16;FLOAT16;FLOAT16;FLOAT16;FLOAT16;FLOAT16;FLOAT16;FLOAT16;FLOAT16;FLOAT16;FLOAT16;FLOAT16;FLOAT16;FLOAT16;FLOAT16,ND;ND;ND;ND;ND;ND;ND;ND;ND;ND;ND;ND;ND;ND;ND;ND;ND;ND;ND;ND;ND;ND;ND;ND;ND;ND;ND;ND;ND;ND;ND;ND;ND;ND;ND;ND;ND;ND;ND;ND;ND;ND;ND;ND;ND;ND;ND;ND;ND;ND;ND;ND;ND;ND;ND;ND;ND;ND;ND;ND;ND;ND;ND;ND,"""64,98448""",FLOAT16,ND,N/A,0.0,0,0.0,0.0,0.0,0.0,0.0,0.0,0.0,0.0,0.0,0.0,0.0,36.082,2381439,0.017,0.0,13.169,0.365,21.271,0.59,10.922,0.303,0.0,0.000
0,4294967295,480,47,aclnnMul_MulAiCore_Mul,Mul,dynamic,AI_VECTOR_CORE,1785698306427449.448	,334.287,0.029000,40,0,NO,"""4096,4096;4096,4096""",FLOAT;FLOAT,ND;ND,"""4096,4096""",FLOAT,ND,N/A,0.0,0,0.0,0.0,0.0,0.0,0.0,0.0,0.0,0.0,0.0,0.0,0.0,331.944,21908318,6.784,0.02,3.032,0.009,330.336,0.995,112.301,0.338,0.0,0.000
0,4294967295,481,47,Concat,Concat,dynamic,AI_VECTOR_CORE,1785698306427783.755	,41.620,0.000000,40,0,NO,"""64,16;64,32;64,64;64,128;64,256;64,512;64,1024;64,2048;64,4096;64,8192;64,16;64,32;64,64;64,128;64,256;64,512;64,1024;64,2048;64,4096;64,8192;64,16;64,32;64,64;64,128;64,256;64,512;64,1024;64,2048;64,4096;64,8192;64,16;64,32;64,64;64,128;64,256;64,512;64,1024;64,2048;64,4096;64,8192;64,16;64,32;64,64;64,128;64,256;64,512;64,1024;64,2048;64,4096;64,8192;64,16;64,32;64,64;64,128;64,256;64,512;64,1024;64,2048;64,4096;64,8192;64,16;64,32;64,64;64,128""",FLOAT16;FLOAT16;FLOAT16;FLOAT16;FLOAT16;FLOAT16;FLOAT16;FLOAT16;FLOAT16;FLOAT16;FLOAT16;FLOAT16;FLOAT16;FLOAT16;FLOAT16;FLOAT16;FLOAT16;FLOAT16;FLOAT16;FLOAT16;FLOAT16;FLOAT16;FLOAT16;FLOAT16;FLOAT16;FLOAT16;FLOAT16;FLOAT16;FLOAT16;FLOAT16;FLOAT16;FLOAT16;FLOAT16;FLOAT16;FLOAT16;FLOAT16;FLOAT16;FLOAT16;FLOAT16;FLOAT16;FLOAT16;FLOAT16;FLOAT16;FLOAT16;FLOAT16;FLOAT16;FLOAT16;FLOAT16;FLOAT16;FLOAT16;FLOAT16;FLOAT16;FLOAT16;FLOAT16;FLOAT16;FLOAT16;FLOAT16;FLOAT16;FLOAT16;FLOAT16;FLOAT16;FLOAT16;FLOAT16;FLOAT16,ND;ND;ND;ND;ND;ND;ND;ND;ND;ND;ND;ND;ND;ND;ND;ND;ND;ND;ND;ND;ND;ND;ND;ND;ND;ND;ND;ND;ND;ND;ND;ND;ND;ND;ND;ND;ND;ND;ND;ND;ND;ND;ND;ND;ND;ND;ND;ND;ND;ND;ND;ND;ND;ND;ND;ND;ND;ND;ND;ND;ND;ND;ND;ND,"""64,98448""",FLOAT16,ND,N/A,0.0,0,0.0,0.0,0.0,0.0,0.0,0.0,0.0,0.0,0.0,0.0,0.0,38.696,2553939,0.017,0.0,7.53,0.195,22.913,0.592,12.025,0.311,0.0,0.000
0,4294967295,482,47,aclnnMul_MulAiCore_Mul,Mul,dynamic,AI_VECTOR_CORE,1785698306427825.395	,332.987,0.130000,40,0,NO,"""4096,4096;4096,4096""",FLOAT;FLOAT,ND;ND,"""4096,4096""",FLOAT,ND,N/A,0.0,0,0.0,0.0,0.0,0.0,0.0,0.0,0.0,0.0,0.0,0.0,0.0,330.62,21820937,6.784,0.021,2.93,0.009,329.09,0.995,112.288,0.34,0.0,0.000
0,4294967295,483,47,Concat,Concat,dynamic,AI_VECTOR_CORE,1785698306428158.402	,41.221,0.013000,40,0,NO,"""64,16;64,32;64,64;64,128;64,256;64,512;64,1024;64,2048;64,4096;64,8192;64,16;64,32;64,64;64,128;64,256;64,512;64,1024;64,2048;64,4096;64,8192;64,16;64,32;64,64;64,128;64,256;64,512;64,1024;64,2048;64,4096;64,8192;64,16;64,32;64,64;64,128;64,256;64,512;64,1024;64,2048;64,4096;64,8192;64,16;64,32;64,64;64,128;64,256;64,512;64,1024;64,2048;64,4096;64,8192;64,16;64,32;64,64;64,128;64,256;64,512;64,1024;64,2048;64,4096;64,8192;64,16;64,32;64,64;64,128""",FLOAT16;FLOAT16;FLOAT16;FLOAT16;FLOAT16;FLOAT16;FLOAT16;FLOAT16;FLOAT16;FLOAT16;FLOAT16;FLOAT16;FLOAT16;FLOAT16;FLOAT16;FLOAT16;FLOAT16;FLOAT16;FLOAT16;FLOAT16;FLOAT16;FLOAT16;FLOAT16;FLOAT16;FLOAT16;FLOAT16;FLOAT16;FLOAT16;FLOAT16;FLOAT16;FLOAT16;FLOAT16;FLOAT16;FLOAT16;FLOAT16;FLOAT16;FLOAT16;FLOAT16;FLOAT16;FLOAT16;FLOAT16;FLOAT16;FLOAT16;FLOAT16;FLOAT16;FLOAT16;FLOAT16;FLOAT16;FLOAT16;FLOAT16;FLOAT16;FLOAT16;FLOAT16;FLOAT16;FLOAT16;FLOAT16;FLOAT16;FLOAT16;FLOAT16;FLOAT16;FLOAT16;FLOAT16;FLOAT16;FLOAT16,ND;ND;ND;ND;ND;ND;ND;ND;ND;ND;ND;ND;ND;ND;ND;ND;ND;ND;ND;ND;ND;ND;ND;ND;ND;ND;ND;ND;ND;ND;ND;ND;ND;ND;ND;ND;ND;ND;ND;ND;ND;ND;ND;ND;ND;ND;ND;ND;ND;ND;ND;ND;ND;ND;ND;ND;ND;ND;ND;ND;ND;ND;ND;ND,"""64,98448""",FLOAT16,ND,N/A,0.0,0,0.0,0.0,0.0,0.0,0.0,0.0,0.0,0.0,0.0,0.0,0.0,37.786,2493858,0.017,0.0,7.664,0.203,22.395,0.593,11.86,0.314,0.0,0.000
0,4294967295,484,47,aclnnMul_MulAiCore_Mul,Mul,dynamic,AI_VECTOR_CORE,1785698306428199.663	,333.427,0.029000,40,0,NO,"""4096,4096;4096,4096""",FLOAT;FLOAT,ND;ND,"""4096,4096""",FLOAT,ND,N/A,0.0,0,0.0,0.0,0.0,0.0,0.0,0.0,0.0,0.0,0.0,0.0,0.0,331.069,21850532,6.784,0.02,3.042,0.009,329.49,0.995,111.673,0.337,0.0,0.000
0,4294967295,485,47,Concat,Concat,dynamic,AI_VECTOR_CORE,1785698306428533.110	,39.800,0.000000,40,0,NO,"""64,16;64,32;64,64;64,128;64,256;64,512;64,1024;64,2048;64,4096;64,8192;64,16;64,32;64,64;64,128;64,256;64,512;64,1024;64,2048;64,4096;64,8192;64,16;64,32;64,64;64,128;64,256;64,512;64,1024;64,2048;64,4096;64,8192;64,16;64,32;64,64;64,128;64,256;64,512;64,1024;64,2048;64,4096;64,8192;64,16;64,32;64,64;64,128;64,256;64,512;64,1024;64,2048;64,4096;64,8192;64,16;64,32;64,64;64,128;64,256;64,512;64,1024;64,2048;64,4096;64,8192;64,16;64,32;64,64;64,128""",FLOAT16;FLOAT16;FLOAT16;FLOAT16;FLOAT16;FLOAT16;FLOAT16;FLOAT16;FLOAT16;FLOAT16;FLOAT16;FLOAT16;FLOAT16;FLOAT16;FLOAT16;FLOAT16;FLOAT16;FLOAT16;FLOAT16;FLOAT16;FLOAT16;FLOAT16;FLOAT16;FLOAT16;FLOAT16;FLOAT16;FLOAT16;FLOAT16;FLOAT16;FLOAT16;FLOAT16;FLOAT16;FLOAT16;FLOAT16;FLOAT16;FLOAT16;FLOAT16;FLOAT16;FLOAT16;FLOAT16;FLOAT16;FLOAT16;FLOAT16;FLOAT16;FLOAT16;FLOAT16;FLOAT16;FLOAT16;FLOAT16;FLOAT16;FLOAT16;FLOAT16;FLOAT16;FLOAT16;FLOAT16;FLOAT16;FLOAT16;FLOAT16;FLOAT16;FLOAT16;FLOAT16;FLOAT16;FLOAT16;FLOAT16,ND;ND;ND;ND;ND;ND;ND;ND;ND;ND;ND;ND;ND;ND;ND;ND;ND;ND;ND;ND;ND;ND;ND;ND;ND;ND;ND;ND;ND;ND;ND;ND;ND;ND;ND;ND;ND;ND;ND;ND;ND;ND;ND;ND;ND;ND;ND;ND;ND;ND;ND;ND;ND;ND;ND;ND;ND;ND;ND;ND;ND;ND;ND;ND,"""64,98448""",FLOAT16,ND,N/A,0.0,0,0.0,0.0,0.0,0.0,0.0,0.0,0.0,0.0,0.0,0.0,0.0,36.965,2439704,0.017,0.0,9.28,0.251,21.806,0.59,11.499,0.311,0.0,0.000
0,4294967295,486,47,aclnnMul_MulAiCore_Mul,Mul,dynamic,AI_VECTOR_CORE,1785698306428572.930	,332.627,0.200000,40,0,NO,"""4096,4096;4096,4096""",FLOAT;FLOAT,ND;ND,"""4096,4096""",FLOAT,ND,N/A,0.0,0,0.0,0.0,0.0,0.0,0.0,0.0,0.0,0.0,0.0,0.0,0.0,330.597,21819405,6.784,0.021,2.981,0.009,329.081,0.995,111.135,0.336,0.0,0.000
0,4294967295,487,47,Concat,Concat,dynamic,AI_VECTOR_CORE,1785698306428905.577	,39.081,0.000000,40,0,NO,"""64,16;64,32;64,64;64,128;64,256;64,512;64,1024;64,2048;64,4096;64,8192;64,16;64,32;64,64;64,128;64,256;64,512;64,1024;64,2048;64,4096;64,8192;64,16;64,32;64,64;64,128;64,256;64,512;64,1024;64,2048;64,4096;64,8192;64,16;64,32;64,64;64,128;64,256;64,512;64,1024;64,2048;64,4096;64,8192;64,16;64,32;64,64;64,128;64,256;64,512;64,1024;64,2048;64,4096;64,8192;64,16;64,32;64,64;64,128;64,256;64,512;64,1024;64,2048;64,4096;64,8192;64,16;64,32;64,64;64,128""",FLOAT16;FLOAT16;FLOAT16;FLOAT16;FLOAT16;FLOAT16;FLOAT16;FLOAT16;FLOAT16;FLOAT16;FLOAT16;FLOAT16;FLOAT16;FLOAT16;FLOAT16;FLOAT16;FLOAT16;FLOAT16;FLOAT16;FLOAT16;FLOAT16;FLOAT16;FLOAT16;FLOAT16;FLOAT16;FLOAT16;FLOAT16;FLOAT16;FLOAT16;FLOAT16;FLOAT16;FLOAT16;FLOAT16;FLOAT16;FLOAT16;FLOAT16;FLOAT16;FLOAT16;FLOAT16;FLOAT16;FLOAT16;FLOAT16;FLOAT16;FLOAT16;FLOAT16;FLOAT16;FLOAT16;FLOAT16;FLOAT16;FLOAT16;FLOAT16;FLOAT16;FLOAT16;FLOAT16;FLOAT16;FLOAT16;FLOAT16;FLOAT16;FLOAT16;FLOAT16;FLOAT16;FLOAT16;FLOAT16;FLOAT16,ND;ND;ND;ND;ND;ND;ND;ND;ND;ND;ND;ND;ND;ND;ND;ND;ND;ND;ND;ND;ND;ND;ND;ND;ND;ND;ND;ND;ND;ND;ND;ND;ND;ND;ND;ND;ND;ND;ND;ND;ND;ND;ND;ND;ND;ND;ND;ND;ND;ND;ND;ND;ND;ND;ND;ND;ND;ND;ND;ND;ND;ND;ND;ND,"""64,98448""",FLOAT16,ND,N/A,0.0,0,0.0,0.0,0.0,0.0,0.0,0.0,0.0,0.0,0.0,0.0,0.0,36.113,2383474,0.017,0.0,8.366,0.232,21.448,0.594,11.054,0.306,0.0,0.000
0,4294967295,488,47,aclnnMul_MulAiCore_Mul,Mul,dynamic,AI_VECTOR_CORE,1785698306428944.678	,333.266,0.169000,40,0,NO,"""4096,4096;4096,4096""",FLOAT;FLOAT,ND;ND,"""4096,4096""",FLOAT,ND,N/A,0.0,0,0.0,0.0,0.0,0.0,0.0,0.0,0.0,0.0,0.0,0.0,0.0,331.233,21861345,6.784,0.02,3.096,0.009,329.615,0.995,112.298,0.339,0.0,0.000
0,4294967295,489,47,Concat,Concat,dynamic,AI_VECTOR_CORE,1785698306429277.964	,42.361,0.000000,40,0,NO,"""64,16;64,32;64,64;64,128;64,256;64,512;64,1024;64,2048;64,4096;64,8192;64,16;64,32;64,64;64,128;64,256;64,512;64,1024;64,2048;64,4096;64,8192;64,16;64,32;64,64;64,128;64,256;64,512;64,1024;64,2048;64,4096;64,8192;64,16;64,32;64,64;64,128;64,256;64,512;64,1024;64,2048;64,4096;64,8192;64,16;64,32;64,64;64,128;64,256;64,512;64,1024;64,2048;64,4096;64,8192;64,16;64,32;64,64;64,128;64,256;64,512;64,1024;64,2048;64,4096;64,8192;64,16;64,32;64,64;64,128""",FLOAT16;FLOAT16;FLOAT16;FLOAT16;FLOAT16;FLOAT16;FLOAT16;FLOAT16;FLOAT16;FLOAT16;FLOAT16;FLOAT16;FLOAT16;FLOAT16;FLOAT16;FLOAT16;FLOAT16;FLOAT16;FLOAT16;FLOAT16;FLOAT16;FLOAT16;FLOAT16;FLOAT16;FLOAT16;FLOAT16;FLOAT16;FLOAT16;FLOAT16;FLOAT16;FLOAT16;FLOAT16;FLOAT16;FLOAT16;FLOAT16;FLOAT16;FLOAT16;FLOAT16;FLOAT16;FLOAT16;FLOAT16;FLOAT16;FLOAT16;FLOAT16;FLOAT16;FLOAT16;FLOAT16;FLOAT16;FLOAT16;FLOAT16;FLOAT16;FLOAT16;FLOAT16;FLOAT16;FLOAT16;FLOAT16;FLOAT16;FLOAT16;FLOAT16;FLOAT16;FLOAT16;FLOAT16;FLOAT16;FLOAT16,ND;ND;ND;ND;ND;ND;ND;ND;ND;ND;ND;ND;ND;ND;ND;ND;ND;ND;ND;ND;ND;ND;ND;ND;ND;ND;ND;ND;ND;ND;ND;ND;ND;ND;ND;ND;ND;ND;ND;ND;ND;ND;ND;ND;ND;ND;ND;ND;ND;ND;ND;ND;ND;ND;ND;ND;ND;ND;ND;ND;ND;ND;ND;ND,"""64,98448""",FLOAT16,ND,N/A,0.0,0,0.0,0.0,0.0,0.0,0.0,0.0,0.0,0.0,0.0,0.0,0.0,38.426,2536103,0.017,0.0,12.607,0.328,22.221,0.578,11.275,0.293,0.0,0.000
0,4294967295,490,47,aclnnMul_MulAiCore_Mul,Mul,dynamic,AI_VECTOR_CORE,1785698306429320.345	,333.627,0.000000,40,0,NO,"""4096,4096;4096,4096""",FLOAT;FLOAT,ND;ND,"""4096,4096""",FLOAT,ND,N/A,0.0,0,0.0,0.0,0.0,0.0,0.0,0.0,0.0,0.0,0.0,0.0,0.0,331.319,21867036,6.784,0.02,3.011,0.009,329.746,0.995,111.481,0.336,0.0,0.000
0,4294967295,491,47,Concat,Concat,dynamic,AI_VECTOR_CORE,1785698306429653.992	,40.501,0.123000,40,0,NO,"""64,16;64,32;64,64;64,128;64,256;64,512;64,1024;64,2048;64,4096;64,8192;64,16;64,32;64,64;64,128;64,256;64,512;64,1024;64,2048;64,4096;64,8192;64,16;64,32;64,64;64,128;64,256;64,512;64,1024;64,2048;64,4096;64,8192;64,16;64,32;64,64;64,128;64,256;64,512;64,1024;64,2048;64,4096;64,8192;64,16;64,32;64,64;64,128;64,256;64,512;64,1024;64,2048;64,4096;64,8192;64,16;64,32;64,64;64,128;64,256;64,512;64,1024;64,2048;64,4096;64,8192;64,16;64,32;64,64;64,128""",FLOAT16;FLOAT16;FLOAT16;FLOAT16;FLOAT16;FLOAT16;FLOAT16;FLOAT16;FLOAT16;FLOAT16;FLOAT16;FLOAT16;FLOAT16;FLOAT16;FLOAT16;FLOAT16;FLOAT16;FLOAT16;FLOAT16;FLOAT16;FLOAT16;FLOAT16;FLOAT16;FLOAT16;FLOAT16;FLOAT16;FLOAT16;FLOAT16;FLOAT16;FLOAT16;FLOAT16;FLOAT16;FLOAT16;FLOAT16;FLOAT16;FLOAT16;FLOAT16;FLOAT16;FLOAT16;FLOAT16;FLOAT16;FLOAT16;FLOAT16;FLOAT16;FLOAT16;FLOAT16;FLOAT16;FLOAT16;FLOAT16;FLOAT16;FLOAT16;FLOAT16;FLOAT16;FLOAT16;FLOAT16;FLOAT16;FLOAT16;FLOAT16;FLOAT16;FLOAT16;FLOAT16;FLOAT16;FLOAT16;FLOAT16,ND;ND;ND;ND;ND;ND;ND;ND;ND;ND;ND;ND;ND;ND;ND;ND;ND;ND;ND;ND;ND;ND;ND;ND;ND;ND;ND;ND;ND;ND;ND;ND;ND;ND;ND;ND;ND;ND;ND;ND;ND;ND;ND;ND;ND;ND;ND;ND;ND;ND;ND;ND;ND;ND;ND;ND;ND;ND;ND;ND;ND;ND;ND;ND,"""64,98448""",FLOAT16,ND,N/A,0.0,0,0.0,0.0,0.0,0.0,0.0,0.0,0.0,0.0,0.0,0.0,0.0,37.846,2497814,0.017,0.0,13.486,0.356,22.344,0.59,11.298,0.299,0.0,0.000
0,4294967295,492,47,aclnnMul_MulAiCore_Mul,Mul,dynamic,AI_VECTOR_CORE,1785698306429694.513	,333.346,0.000000,40,0,NO,"""4096,4096;4096,4096""",FLOAT;FLOAT,ND;ND,"""4096,4096""",FLOAT,ND,N/A,0.0,0,0.0,0.0,0.0,0.0,0.0,0.0,0.0,0.0,0.0,0.0,0.0,331.107,21853042,6.784,0.02,3.157,0.01,329.388,0.995,112.882,0.341,0.0,0.000
0,4294967295,493,47,Concat,Concat,dynamic,AI_VECTOR_CORE,1785698306430027.879	,39.581,0.154000,40,0,NO,"""64,16;64,32;64,64;64,128;64,256;64,512;64,1024;64,2048;64,4096;64,8192;64,16;64,32;64,64;64,128;64,256;64,512;64,1024;64,2048;64,4096;64,8192;64,16;64,32;64,64;64,128;64,256;64,512;64,1024;64,2048;64,4096;64,8192;64,16;64,32;64,64;64,128;64,256;64,512;64,1024;64,2048;64,4096;64,8192;64,16;64,32;64,64;64,128;64,256;64,512;64,1024;64,2048;64,4096;64,8192;64,16;64,32;64,64;64,128;64,256;64,512;64,1024;64,2048;64,4096;64,8192;64,16;64,32;64,64;64,128""",FLOAT16;FLOAT16;FLOAT16;FLOAT16;FLOAT16;FLOAT16;FLOAT16;FLOAT16;FLOAT16;FLOAT16;FLOAT16;FLOAT16;FLOAT16;FLOAT16;FLOAT16;FLOAT16;FLOAT16;FLOAT16;FLOAT16;FLOAT16;FLOAT16;FLOAT16;FLOAT16;FLOAT16;FLOAT16;FLOAT16;FLOAT16;FLOAT16;FLOAT16;FLOAT16;FLOAT16;FLOAT16;FLOAT16;FLOAT16;FLOAT16;FLOAT16;FLOAT16;FLOAT16;FLOAT16;FLOAT16;FLOAT16;FLOAT16;FLOAT16;FLOAT16;FLOAT16;FLOAT16;FLOAT16;FLOAT16;FLOAT16;FLOAT16;FLOAT16;FLOAT16;FLOAT16;FLOAT16;FLOAT16;FLOAT16;FLOAT16;FLOAT16;FLOAT16;FLOAT16;FLOAT16;FLOAT16;FLOAT16;FLOAT16,ND;ND;ND;ND;ND;ND;ND;ND;ND;ND;ND;ND;ND;ND;ND;ND;ND;ND;ND;ND;ND;ND;ND;ND;ND;ND;ND;ND;ND;ND;ND;ND;ND;ND;ND;ND;ND;ND;ND;ND;ND;ND;ND;ND;ND;ND;ND;ND;ND;ND;ND;ND;ND;ND;ND;ND;ND;ND;ND;ND;ND;ND;ND;ND,"""64,98448""",FLOAT16,ND,N/A,0.0,0,0.0,0.0,0.0,0.0,0.0,0.0,0.0,0.0,0.0,0.0,0.0,36.715,2423179,0.017,0.0,12.379,0.337,21.394,0.583,11.558,0.315,0.0,0.000
0,4294967295,494,47,aclnnMul_MulAiCore_Mul,Mul,dynamic,AI_VECTOR_CORE,1785698306430067.480	,333.907,0.000000,40,0,NO,"""4096,4096;4096,4096""",FLOAT;FLOAT,ND;ND,"""4096,4096""",FLOAT,ND,N/A,0.0,0,0.0,0.0,0.0,0.0,0.0,0.0,0.0,0.0,0.0,0.0,0.0,331.513,21879882,6.784,0.02,3.028,0.009,329.847,0.995,111.758,0.337,0.0,0.000
0,4294967295,495,47,Concat,Concat,dynamic,AI_VECTOR_CORE,1785698306430401.407	,38.821,0.093000,40,0,NO,"""64,16;64,32;64,64;64,128;64,256;64,512;64,1024;64,2048;64,4096;64,8192;64,16;64,32;64,64;64,128;64,256;64,512;64,1024;64,2048;64,4096;64,8192;64,16;64,32;64,64;64,128;64,256;64,512;64,1024;64,2048;64,4096;64,8192;64,16;64,32;64,64;64,128;64,256;64,512;64,1024;64,2048;64,4096;64,8192;64,16;64,32;64,64;64,128;64,256;64,512;64,1024;64,2048;64,4096;64,8192;64,16;64,32;64,64;64,128;64,256;64,512;64,1024;64,2048;64,4096;64,8192;64,16;64,32;64,64;64,128""",FLOAT16;FLOAT16;FLOAT16;FLOAT16;FLOAT16;FLOAT16;FLOAT16;FLOAT16;FLOAT16;FLOAT16;FLOAT16;FLOAT16;FLOAT16;FLOAT16;FLOAT16;FLOAT16;FLOAT16;FLOAT16;FLOAT16;FLOAT16;FLOAT16;FLOAT16;FLOAT16;FLOAT16;FLOAT16;FLOAT16;FLOAT16;FLOAT16;FLOAT16;FLOAT16;FLOAT16;FLOAT16;FLOAT16;FLOAT16;FLOAT16;FLOAT16;FLOAT16;FLOAT16;FLOAT16;FLOAT16;FLOAT16;FLOAT16;FLOAT16;FLOAT16;FLOAT16;FLOAT16;FLOAT16;FLOAT16;FLOAT16;FLOAT16;FLOAT16;FLOAT16;FLOAT16;FLOAT16;FLOAT16;FLOAT16;FLOAT16;FLOAT16;FLOAT16;FLOAT16;FLOAT16;FLOAT16;FLOAT16;FLOAT16,ND;ND;ND;ND;ND;ND;ND;ND;ND;ND;ND;ND;ND;ND;ND;ND;ND;ND;ND;ND;ND;ND;ND;ND;ND;ND;ND;ND;ND;ND;ND;ND;ND;ND;ND;ND;ND;ND;ND;ND;ND;ND;ND;ND;ND;ND;ND;ND;ND;ND;ND;ND;ND;ND;ND;ND;ND;ND;ND;ND;ND;ND;ND;ND,"""64,98448""",FLOAT16,ND,N/A,0.0,0,0.0,0.0,0.0,0.0,0.0,0.0,0.0,0.0,0.0,0.0,0.0,36.018,2377205,0.017,0.0,11.841,0.329,20.976,0.582,11.354,0.315,0.0,0.000
0,4294967295,496,47,aclnnMul_MulAiCore_Mul,Mul,dynamic,AI_VECTOR_CORE,1785698306430440.248	,334.026,0.000000,40,0,NO,"""4096,4096;4096,4096""",FLOAT;FLOAT,ND;ND,"""4096,4096""",FLOAT,ND,N/A,0.0,0,0.0,0.0,0.0,0.0,0.0,0.0,0.0,0.0,0.0,0.0,0.0,331.919,21906654,6.784,0.02,2.949,0.009,330.416,0.995,112.558,0.339,0.0,0.000
0,4294967295,497,47,Concat,Concat,dynamic,AI_VECTOR_CORE,1785698306430774.294	,41.041,0.000000,40,0,NO,"""64,16;64,32;64,64;64,128;64,256;64,512;64,1024;64,2048;64,4096;64,8192;64,16;64,32;64,64;64,128;64,256;64,512;64,1024;64,2048;64,4096;64,8192;64,16;64,32;64,64;64,128;64,256;64,512;64,1024;64,2048;64,4096;64,8192;64,16;64,32;64,64;64,128;64,256;64,512;64,1024;64,2048;64,4096;64,8192;64,16;64,32;64,64;64,128;64,256;64,512;64,1024;64,2048;64,4096;64,8192;64,16;64,32;64,64;64,128;64,256;64,512;64,1024;64,2048;64,4096;64,8192;64,16;64,32;64,64;64,128""",FLOAT16;FLOAT16;FLOAT16;FLOAT16;FLOAT16;FLOAT16;FLOAT16;FLOAT16;FLOAT16;FLOAT16;FLOAT16;FLOAT16;FLOAT16;FLOAT16;FLOAT16;FLOAT16;FLOAT16;FLOAT16;FLOAT16;FLOAT16;FLOAT16;FLOAT16;FLOAT16;FLOAT16;FLOAT16;FLOAT16;FLOAT16;FLOAT16;FLOAT16;FLOAT16;FLOAT16;FLOAT16;FLOAT16;FLOAT16;FLOAT16;FLOAT16;FLOAT16;FLOAT16;FLOAT16;FLOAT16;FLOAT16;FLOAT16;FLOAT16;FLOAT16;FLOAT16;FLOAT16;FLOAT16;FLOAT16;FLOAT16;FLOAT16;FLOAT16;FLOAT16;FLOAT16;FLOAT16;FLOAT16;FLOAT16;FLOAT16;FLOAT16;FLOAT16;FLOAT16;FLOAT16;FLOAT16;FLOAT16;FLOAT16,ND;ND;ND;ND;ND;ND;ND;ND;ND;ND;ND;ND;ND;ND;ND;ND;ND;ND;ND;ND;ND;ND;ND;ND;ND;ND;ND;ND;ND;ND;ND;ND;ND;ND;ND;ND;ND;ND;ND;ND;ND;ND;ND;ND;ND;ND;ND;ND;ND;ND;ND;ND;ND;ND;ND;ND;ND;ND;ND;ND;ND;ND;ND;ND,"""64,98448""",FLOAT16,ND,N/A,0.0,0,0.0,0.0,0.0,0.0,0.0,0.0,0.0,0.0,0.0,0.0,0.0,37.697,2487993,0.017,0.0,7.408,0.197,22.156,0.588,11.833,0.314,0.0,0.000
0,4294967295,498,47,aclnnMul_MulAiCore_Mul,Mul,dynamic,AI_VECTOR_CORE,1785698306430815.355	,334.267,0.000000,40,0,NO,"""4096,4096;4096,4096""",FLOAT;FLOAT,ND;ND,"""4096,4096""",FLOAT,ND,N/A,0.0,0,0.0,0.0,0.0,0.0,0.0,0.0,0.0,0.0,0.0,0.0,0.0,331.568,21883460,6.784,0.02,3.03,0.009,329.925,0.995,112.554,0.339,0.0,0.000
0,4294967295,499,47,Concat,Concat,dynamic,AI_VECTOR_CORE,1785698306431149.642	,40.261,0.233000,40,0,NO,"""64,16;64,32;64,64;64,128;64,256;64,512;64,1024;64,2048;64,4096;64,8192;64,16;64,32;64,64;64,128;64,256;64,512;64,1024;64,2048;64,4096;64,8192;64,16;64,32;64,64;64,128;64,256;64,512;64,1024;64,2048;64,4096;64,8192;64,16;64,32;64,64;64,128;64,256;64,512;64,1024;64,2048;64,4096;64,8192;64,16;64,32;64,64;64,128;64,256;64,512;64,1024;64,2048;64,4096;64,8192;64,16;64,32;64,64;64,128;64,256;64,512;64,1024;64,2048;64,4096;64,8192;64,16;64,32;64,64;64,128""",FLOAT16;FLOAT16;FLOAT16;FLOAT16;FLOAT16;FLOAT16;FLOAT16;FLOAT16;FLOAT16;FLOAT16;FLOAT16;FLOAT16;FLOAT16;FLOAT16;FLOAT16;FLOAT16;FLOAT16;FLOAT16;FLOAT16;FLOAT16;FLOAT16;FLOAT16;FLOAT16;FLOAT16;FLOAT16;FLOAT16;FLOAT16;FLOAT16;FLOAT16;FLOAT16;FLOAT16;FLOAT16;FLOAT16;FLOAT16;FLOAT16;FLOAT16;FLOAT16;FLOAT16;FLOAT16;FLOAT16;FLOAT16;FLOAT16;FLOAT16;FLOAT16;FLOAT16;FLOAT16;FLOAT16;FLOAT16;FLOAT16;FLOAT16;FLOAT16;FLOAT16;FLOAT16;FLOAT16;FLOAT16;FLOAT16;FLOAT16;FLOAT16;FLOAT16;FLOAT16;FLOAT16;FLOAT16;FLOAT16;FLOAT16,ND;ND;ND;ND;ND;ND;ND;ND;ND;ND;ND;ND;ND;ND;ND;ND;ND;ND;ND;ND;ND;ND;ND;ND;ND;ND;ND;ND;ND;ND;ND;ND;ND;ND;ND;ND;ND;ND;ND;ND;ND;ND;ND;ND;ND;ND;ND;ND;ND;ND;ND;ND;ND;ND;ND;ND;ND;ND;ND;ND;ND;ND;ND;ND,"""64,98448""",FLOAT16,ND,N/A,0.0,0,0.0,0.0,0.0,0.0,0.0,0.0,0.0,0.0,0.0,0.0,0.0,36.8,2428780,0.017,0.0,7.459,0.203,21.877,0.594,11.352,0.308,0.0,0.000
0,4294967295,500,47,aclnnMul_MulAiCore_Mul,Mul,dynamic,AI_VECTOR_CORE,1785698306431189.923	,333.066,0.000000,40,0,NO,"""4096,4096;4096,4096""",FLOAT;FLOAT,ND;ND,"""4096,4096""",FLOAT,ND,N/A,0.0,0,0.0,0.0,0.0,0.0,0.0,0.0,0.0,0.0,0.0,0.0,0.0,331.371,21870501,6.784,0.02,2.92,0.009,329.92,0.996,111.635,0.337,0.0,0.000
0,4294967295,501,47,Concat,Concat,dynamic,AI_VECTOR_CORE,1785698306431523.009	,40.121,0.000000,40,0,NO,"""64,16;64,32;64,64;64,128;64,256;64,512;64,1024;64,2048;64,4096;64,8192;64,16;64,32;64,64;64,128;64,256;64,512;64,1024;64,2048;64,4096;64,8192;64,16;64,32;64,64;64,128;64,256;64,512;64,1024;64,2048;64,4096;64,8192;64,16;64,32;64,64;64,128;64,256;64,512;64,1024;64,2048;64,4096;64,8192;64,16;64,32;64,64;64,128;64,256;64,512;64,1024;64,2048;64,4096;64,8192;64,16;64,32;64,64;64,128;64,256;64,512;64,1024;64,2048;64,4096;64,8192;64,16;64,32;64,64;64,128""",FLOAT16;FLOAT16;FLOAT16;FLOAT16;FLOAT16;FLOAT16;FLOAT16;FLOAT16;FLOAT16;FLOAT16;FLOAT16;FLOAT16;FLOAT16;FLOAT16;FLOAT16;FLOAT16;FLOAT16;FLOAT16;FLOAT16;FLOAT16;FLOAT16;FLOAT16;FLOAT16;FLOAT16;FLOAT16;FLOAT16;FLOAT16;FLOAT16;FLOAT16;FLOAT16;FLOAT16;FLOAT16;FLOAT16;FLOAT16;FLOAT16;FLOAT16;FLOAT16;FLOAT16;FLOAT16;FLOAT16;FLOAT16;FLOAT16;FLOAT16;FLOAT16;FLOAT16;FLOAT16;FLOAT16;FLOAT16;FLOAT16;FLOAT16;FLOAT16;FLOAT16;FLOAT16;FLOAT16;FLOAT16;FLOAT16;FLOAT16;FLOAT16;FLOAT16;FLOAT16;FLOAT16;FLOAT16;FLOAT16;FLOAT16,ND;ND;ND;ND;ND;ND;ND;ND;ND;ND;ND;ND;ND;ND;ND;ND;ND;ND;ND;ND;ND;ND;ND;ND;ND;ND;ND;ND;ND;ND;ND;ND;ND;ND;ND;ND;ND;ND;ND;ND;ND;ND;ND;ND;ND;ND;ND;ND;ND;ND;ND;ND;ND;ND;ND;ND;ND;ND;ND;ND;ND;ND;ND;ND,"""64,98448""",FLOAT16,ND,N/A,0.0,0,0.0,0.0,0.0,0.0,0.0,0.0,0.0,0.0,0.0,0.0,0.0,36.793,2428365,0.017,0.0,9.627,0.262,22.01,0.598,11.175,0.304,0.0,0.000
0,4294967295,502,47,aclnnMul_MulAiCore_Mul,Mul,dynamic,AI_VECTOR_CORE,1785698306431563.150	,332.527,0.129000,40,0,NO,"""4096,4096;4096,4096""",FLOAT;FLOAT,ND;ND,"""4096,4096""",FLOAT,ND,N/A,0.0,0,0.0,0.0,0.0,0.0,0.0,0.0,0.0,0.0,0.0,0.0,0.0,330.251,21796587,6.784,0.021,3.035,0.009,328.654,0.995,111.703,0.338,0.0,0.000
0,4294967295,503,47,Concat,Concat,dynamic,AI_VECTOR_CORE,1785698306431895.697	,39.441,0.000000,40,0,NO,"""64,16;64,32;64,64;64,128;64,256;64,512;64,1024;64,2048;64,4096;64,8192;64,16;64,32;64,64;64,128;64,256;64,512;64,1024;64,2048;64,4096;64,8192;64,16;64,32;64,64;64,128;64,256;64,512;64,1024;64,2048;64,4096;64,8192;64,16;64,32;64,64;64,128;64,256;64,512;64,1024;64,2048;64,4096;64,8192;64,16;64,32;64,64;64,128;64,256;64,512;64,1024;64,2048;64,4096;64,8192;64,16;64,32;64,64;64,128;64,256;64,512;64,1024;64,2048;64,4096;64,8192;64,16;64,32;64,64;64,128""",FLOAT16;FLOAT16;FLOAT16;FLOAT16;FLOAT16;FLOAT16;FLOAT16;FLOAT16;FLOAT16;FLOAT16;FLOAT16;FLOAT16;FLOAT16;FLOAT16;FLOAT16;FLOAT16;FLOAT16;FLOAT16;FLOAT16;FLOAT16;FLOAT16;FLOAT16;FLOAT16;FLOAT16;FLOAT16;FLOAT16;FLOAT16;FLOAT16;FLOAT16;FLOAT16;FLOAT16;FLOAT16;FLOAT16;FLOAT16;FLOAT16;FLOAT16;FLOAT16;FLOAT16;FLOAT16;FLOAT16;FLOAT16;FLOAT16;FLOAT16;FLOAT16;FLOAT16;FLOAT16;FLOAT16;FLOAT16;FLOAT16;FLOAT16;FLOAT16;FLOAT16;FLOAT16;FLOAT16;FLOAT16;FLOAT16;FLOAT16;FLOAT16;FLOAT16;FLOAT16;FLOAT16;FLOAT16;FLOAT16;FLOAT16,ND;ND;ND;ND;ND;ND;ND;ND;ND;ND;ND;ND;ND;ND;ND;ND;ND;ND;ND;ND;ND;ND;ND;ND;ND;ND;ND;ND;ND;ND;ND;ND;ND;ND;ND;ND;ND;ND;ND;ND;ND;ND;ND;ND;ND;ND;ND;ND;ND;ND;ND;ND;ND;ND;ND;ND;ND;ND;ND;ND;ND;ND;ND;ND,"""64,98448""",FLOAT16,ND,N/A,0.0,0,0.0,0.0,0.0,0.0,0.0,0.0,0.0,0.0,0.0,0.0,0.0,36.404,2402665,0.017,0.0,9.271,0.255,21.443,0.589,11.105,0.305,0.0,0.000
0,4294967295,504,47,aclnnMul_MulAiCore_Mul,Mul,dynamic,AI_VECTOR_CORE,1785698306431935.158	,333.346,0.059000,40,0,NO,"""4096,4096;4096,4096""",FLOAT;FLOAT,ND;ND,"""4096,4096""",FLOAT,ND,N/A,0.0,0,0.0,0.0,0.0,0.0,0.0,0.0,0.0,0.0,0.0,0.0,0.0,331.185,21858182,6.784,0.02,3.01,0.009,329.634,0.995,111.115,0.336,0.0,0.000
0,4294967295,505,47,Concat,Concat,dynamic,AI_VECTOR_CORE,1785698306432268.524	,41.221,0.000000,40,0,NO,"""64,16;64,32;64,64;64,128;64,256;64,512;64,1024;64,2048;64,4096;64,8192;64,16;64,32;64,64;64,128;64,256;64,512;64,1024;64,2048;64,4096;64,8192;64,16;64,32;64,64;64,128;64,256;64,512;64,1024;64,2048;64,4096;64,8192;64,16;64,32;64,64;64,128;64,256;64,512;64,1024;64,2048;64,4096;64,8192;64,16;64,32;64,64;64,128;64,256;64,512;64,1024;64,2048;64,4096;64,8192;64,16;64,32;64,64;64,128;64,256;64,512;64,1024;64,2048;64,4096;64,8192;64,16;64,32;64,64;64,128""",FLOAT16;FLOAT16;FLOAT16;FLOAT16;FLOAT16;FLOAT16;FLOAT16;FLOAT16;FLOAT16;FLOAT16;FLOAT16;FLOAT16;FLOAT16;FLOAT16;FLOAT16;FLOAT16;FLOAT16;FLOAT16;FLOAT16;FLOAT16;FLOAT16;FLOAT16;FLOAT16;FLOAT16;FLOAT16;FLOAT16;FLOAT16;FLOAT16;FLOAT16;FLOAT16;FLOAT16;FLOAT16;FLOAT16;FLOAT16;FLOAT16;FLOAT16;FLOAT16;FLOAT16;FLOAT16;FLOAT16;FLOAT16;FLOAT16;FLOAT16;FLOAT16;FLOAT16;FLOAT16;FLOAT16;FLOAT16;FLOAT16;FLOAT16;FLOAT16;FLOAT16;FLOAT16;FLOAT16;FLOAT16;FLOAT16;FLOAT16;FLOAT16;FLOAT16;FLOAT16;FLOAT16;FLOAT16;FLOAT16;FLOAT16,ND;ND;ND;ND;ND;ND;ND;ND;ND;ND;ND;ND;ND;ND;ND;ND;ND;ND;ND;ND;ND;ND;ND;ND;ND;ND;ND;ND;ND;ND;ND;ND;ND;ND;ND;ND;ND;ND;ND;ND;ND;ND;ND;ND;ND;ND;ND;ND;ND;ND;ND;ND;ND;ND;ND;ND;ND;ND;ND;ND;ND;ND;ND;ND,"""64,98448""",FLOAT16,ND,N/A,0.0,0,0.0,0.0,0.0,0.0,0.0,0.0,0.0,0.0,0.0,0.0,0.0,38.28,2526488,0.017,0.0,11.577,0.302,22.541,0.589,11.69,0.305,0.0,0.000
0,4294967295,506,47,aclnnMul_MulAiCore_Mul,Mul,dynamic,AI_VECTOR_CORE,1785698306432309.765	,333.287,0.029000,40,0,NO,"""4096,4096;4096,4096""",FLOAT;FLOAT,ND;ND,"""4096,4096""",FLOAT,ND,N/A,0.0,0,0.0,0.0,0.0,0.0,0.0,0.0,0.0,0.0,0.0,0.0,0.0,330.892,21838852,6.784,0.021,3.131,0.009,329.221,0.995,111.759,0.338,0.0,0.000
0,4294967295,507,47,Concat,Concat,dynamic,AI_VECTOR_CORE,1785698306432643.072	,40.901,0.000000,40,0,NO,"""64,16;64,32;64,64;64,128;64,256;64,512;64,1024;64,2048;64,4096;64,8192;64,16;64,32;64,64;64,128;64,256;64,512;64,1024;64,2048;64,4096;64,8192;64,16;64,32;64,64;64,128;64,256;64,512;64,1024;64,2048;64,4096;64,8192;64,16;64,32;64,64;64,128;64,256;64,512;64,1024;64,2048;64,4096;64,8192;64,16;64,32;64,64;64,128;64,256;64,512;64,1024;64,2048;64,4096;64,8192;64,16;64,32;64,64;64,128;64,256;64,512;64,1024;64,2048;64,4096;64,8192;64,16;64,32;64,64;64,128""",FLOAT16;FLOAT16;FLOAT16;FLOAT16;FLOAT16;FLOAT16;FLOAT16;FLOAT16;FLOAT16;FLOAT16;FLOAT16;FLOAT16;FLOAT16;FLOAT16;FLOAT16;FLOAT16;FLOAT16;FLOAT16;FLOAT16;FLOAT16;FLOAT16;FLOAT16;FLOAT16;FLOAT16;FLOAT16;FLOAT16;FLOAT16;FLOAT16;FLOAT16;FLOAT16;FLOAT16;FLOAT16;FLOAT16;FLOAT16;FLOAT16;FLOAT16;FLOAT16;FLOAT16;FLOAT16;FLOAT16;FLOAT16;FLOAT16;FLOAT16;FLOAT16;FLOAT16;FLOAT16;FLOAT16;FLOAT16;FLOAT16;FLOAT16;FLOAT16;FLOAT16;FLOAT16;FLOAT16;FLOAT16;FLOAT16;FLOAT16;FLOAT16;FLOAT16;FLOAT16;FLOAT16;FLOAT16;FLOAT16;FLOAT16,ND;ND;ND;ND;ND;ND;ND;ND;ND;ND;ND;ND;ND;ND;ND;ND;ND;ND;ND;ND;ND;ND;ND;ND;ND;ND;ND;ND;ND;ND;ND;ND;ND;ND;ND;ND;ND;ND;ND;ND;ND;ND;ND;ND;ND;ND;ND;ND;ND;ND;ND;ND;ND;ND;ND;ND;ND;ND;ND;ND;ND;ND;ND;ND,"""64,98448""",FLOAT16,ND,N/A,0.0,0,0.0,0.0,0.0,0.0,0.0,0.0,0.0,0.0,0.0,0.0,0.0,37.775,2493154,0.017,0.0,15.797,0.418,22.034,0.583,11.429,0.303,0.0,0.000
0,4294967295,508,47,aclnnMul_MulAiCore_Mul,Mul,dynamic,AI_VECTOR_CORE,1785698306432683.993	,334.226,0.099000,40,0,NO,"""4096,4096;4096,4096""",FLOAT;FLOAT,ND;ND,"""4096,4096""",FLOAT,ND,N/A,0.0,0,0.0,0.0,0.0,0.0,0.0,0.0,0.0,0.0,0.0,0.0,0.0,331.907,21905847,6.784,0.02,3.672,0.011,329.668,0.993,112.091,0.338,0.0,0.000
0,4294967295,509,47,Concat,Concat,dynamic,AI_VECTOR_CORE,1785698306433018.239	,39.741,0.024000,40,0,NO,"""64,16;64,32;64,64;64,128;64,256;64,512;64,1024;64,2048;64,4096;64,8192;64,16;64,32;64,64;64,128;64,256;64,512;64,1024;64,2048;64,4096;64,8192;64,16;64,32;64,64;64,128;64,256;64,512;64,1024;64,2048;64,4096;64,8192;64,16;64,32;64,64;64,128;64,256;64,512;64,1024;64,2048;64,4096;64,8192;64,16;64,32;64,64;64,128;64,256;64,512;64,1024;64,2048;64,4096;64,8192;64,16;64,32;64,64;64,128;64,256;64,512;64,1024;64,2048;64,4096;64,8192;64,16;64,32;64,64;64,128""",FLOAT16;FLOAT16;FLOAT16;FLOAT16;FLOAT16;FLOAT16;FLOAT16;FLOAT16;FLOAT16;FLOAT16;FLOAT16;FLOAT16;FLOAT16;FLOAT16;FLOAT16;FLOAT16;FLOAT16;FLOAT16;FLOAT16;FLOAT16;FLOAT16;FLOAT16;FLOAT16;FLOAT16;FLOAT16;FLOAT16;FLOAT16;FLOAT16;FLOAT16;FLOAT16;FLOAT16;FLOAT16;FLOAT16;FLOAT16;FLOAT16;FLOAT16;FLOAT16;FLOAT16;FLOAT16;FLOAT16;FLOAT16;FLOAT16;FLOAT16;FLOAT16;FLOAT16;FLOAT16;FLOAT16;FLOAT16;FLOAT16;FLOAT16;FLOAT16;FLOAT16;FLOAT16;FLOAT16;FLOAT16;FLOAT16;FLOAT16;FLOAT16;FLOAT16;FLOAT16;FLOAT16;FLOAT16;FLOAT16;FLOAT16,ND;ND;ND;ND;ND;ND;ND;ND;ND;ND;ND;ND;ND;ND;ND;ND;ND;ND;ND;ND;ND;ND;ND;ND;ND;ND;ND;ND;ND;ND;ND;ND;ND;ND;ND;ND;ND;ND;ND;ND;ND;ND;ND;ND;ND;ND;ND;ND;ND;ND;ND;ND;ND;ND;ND;ND;ND;ND;ND;ND;ND;ND;ND;ND,"""64,98448""",FLOAT16,ND,N/A,0.0,0,0.0,0.0,0.0,0.0,0.0,0.0,0.0,0.0,0.0,0.0,0.0,36.095,2382293,0.017,0.0,11.543,0.32,21.296,0.59,11.001,0.305,0.0,0.000
0,4294967295,510,47,aclnnMul_MulAiCore_Mul,Mul,dynamic,AI_VECTOR_CORE,1785698306433058.000	,332.767,0.009000,40,0,NO,"""4096,4096;4096,4096""",FLOAT;FLOAT,ND;ND,"""4096,4096""",FLOAT,ND,N/A,0.0,0,0.0,0.0,0.0,0.0,0.0,0.0,0.0,0.0,0.0,0.0,0.0,330.799,21832743,6.784,0.021,3.163,0.01,329.108,0.995,112.511,0.34,0.0,0.000
0,4294967295,511,47,Concat,Concat,dynamic,AI_VECTOR_CORE,1785698306433390.807	,39.520,0.000000,40,0,NO,"""64,16;64,32;64,64;64,128;64,256;64,512;64,1024;64,2048;64,4096;64,8192;64,16;64,32;64,64;64,128;64,256;64,512;64,1024;64,2048;64,4096;64,8192;64,16;64,32;64,64;64,128;64,256;64,512;64,1024;64,2048;64,4096;64,8192;64,16;64,32;64,64;64,128;64,256;64,512;64,1024;64,2048;64,4096;64,8192;64,16;64,32;64,64;64,128;64,256;64,512;64,1024;64,2048;64,4096;64,8192;64,16;64,32;64,64;64,128;64,256;64,512;64,1024;64,2048;64,4096;64,8192;64,16;64,32;64,64;64,128""",FLOAT16;FLOAT16;FLOAT16;FLOAT16;FLOAT16;FLOAT16;FLOAT16;FLOAT16;FLOAT16;FLOAT16;FLOAT16;FLOAT16;FLOAT16;FLOAT16;FLOAT16;FLOAT16;FLOAT16;FLOAT16;FLOAT16;FLOAT16;FLOAT16;FLOAT16;FLOAT16;FLOAT16;FLOAT16;FLOAT16;FLOAT16;FLOAT16;FLOAT16;FLOAT16;FLOAT16;FLOAT16;FLOAT16;FLOAT16;FLOAT16;FLOAT16;FLOAT16;FLOAT16;FLOAT16;FLOAT16;FLOAT16;FLOAT16;FLOAT16;FLOAT16;FLOAT16;FLOAT16;FLOAT16;FLOAT16;FLOAT16;FLOAT16;FLOAT16;FLOAT16;FLOAT16;FLOAT16;FLOAT16;FLOAT16;FLOAT16;FLOAT16;FLOAT16;FLOAT16;FLOAT16;FLOAT16;FLOAT16;FLOAT16,ND;ND;ND;ND;ND;ND;ND;ND;ND;ND;ND;ND;ND;ND;ND;ND;ND;ND;ND;ND;ND;ND;ND;ND;ND;ND;ND;ND;ND;ND;ND;ND;ND;ND;ND;ND;ND;ND;ND;ND;ND;ND;ND;ND;ND;ND;ND;ND;ND;ND;ND;ND;ND;ND;ND;ND;ND;ND;ND;ND;ND;ND;ND;ND,"""64,98448""",FLOAT16,ND,N/A,0.0,0,0.0,0.0,0.0,0.0,0.0,0.0,0.0,0.0,0.0,0.0,0.0,34.956,2307104,0.017,0.0,12.037,0.344,19.945,0.571,10.606,0.303,0.0,0.000
0,4294967295,512,47,aclnnMul_MulAiCore_Mul,Mul,dynamic,AI_VECTOR_CORE,1785698306433430.347	,333.467,0.000000,40,0,NO,"""4096,4096;4096,4096""",FLOAT;FLOAT,ND;ND,"""4096,4096""",FLOAT,ND,N/A,0.0,0,0.0,0.0,0.0,0.0,0.0,0.0,0.0,0.0,0.0,0.0,0.0,331.545,21881982,6.784,0.02,2.931,0.009,330.114,0.996,112.096,0.338,0.0,0.000
0,4294967295,513,47,Concat,Concat,dynamic,AI_VECTOR_CORE,1785698306433763.854	,40.301,0.033000,40,0,NO,"""64,16;64,32;64,64;64,128;64,256;64,512;64,1024;64,2048;64,4096;64,8192;64,16;64,32;64,64;64,128;64,256;64,512;64,1024;64,2048;64,4096;64,8192;64,16;64,32;64,64;64,128;64,256;64,512;64,1024;64,2048;64,4096;64,8192;64,16;64,32;64,64;64,128;64,256;64,512;64,1024;64,2048;64,4096;64,8192;64,16;64,32;64,64;64,128;64,256;64,512;64,1024;64,2048;64,4096;64,8192;64,16;64,32;64,64;64,128;64,256;64,512;64,1024;64,2048;64,4096;64,8192;64,16;64,32;64,64;64,128""",FLOAT16;FLOAT16;FLOAT16;FLOAT16;FLOAT16;FLOAT16;FLOAT16;FLOAT16;FLOAT16;FLOAT16;FLOAT16;FLOAT16;FLOAT16;FLOAT16;FLOAT16;FLOAT16;FLOAT16;FLOAT16;FLOAT16;FLOAT16;FLOAT16;FLOAT16;FLOAT16;FLOAT16;FLOAT16;FLOAT16;FLOAT16;FLOAT16;FLOAT16;FLOAT16;FLOAT16;FLOAT16;FLOAT16;FLOAT16;FLOAT16;FLOAT16;FLOAT16;FLOAT16;FLOAT16;FLOAT16;FLOAT16;FLOAT16;FLOAT16;FLOAT16;FLOAT16;FLOAT16;FLOAT16;FLOAT16;FLOAT16;FLOAT16;FLOAT16;FLOAT16;FLOAT16;FLOAT16;FLOAT16;FLOAT16;FLOAT16;FLOAT16;FLOAT16;FLOAT16;FLOAT16;FLOAT16;FLOAT16;FLOAT16,ND;ND;ND;ND;ND;ND;ND;ND;ND;ND;ND;ND;ND;ND;ND;ND;ND;ND;ND;ND;ND;ND;ND;ND;ND;ND;ND;ND;ND;ND;ND;ND;ND;ND;ND;ND;ND;ND;ND;ND;ND;ND;ND;ND;ND;ND;ND;ND;ND;ND;ND;ND;ND;ND;ND;ND;ND;ND;ND;ND;ND;ND;ND;ND,"""64,98448""",FLOAT16,ND,N/A,0.0,0,0.0,0.0,0.0,0.0,0.0,0.0,0.0,0.0,0.0,0.0,0.0,36.784,2427745,0.017,0.0,9.259,0.252,21.526,0.585,11.297,0.307,0.0,0.000
0,4294967295,514,47,aclnnMul_MulAiCore_Mul,Mul,dynamic,AI_VECTOR_CORE,1785698306433804.175	,334.227,0.199000,40,0,NO,"""4096,4096;4096,4096""",FLOAT;FLOAT,ND;ND,"""4096,4096""",FLOAT,ND,N/A,0.0,0,0.0,0.0,0.0,0.0,0.0,0.0,0.0,0.0,0.0,0.0,0.0,331.744,21895075,6.784,0.02,3.006,0.009,330.243,0.995,109.975,0.332,0.0,0.000
0,4294967295,515,47,Concat,Concat,dynamic,AI_VECTOR_CORE,1785698306434138.442	,40.160,0.023000,40,0,NO,"""64,16;64,32;64,64;64,128;64,256;64,512;64,1024;64,2048;64,4096;64,8192;64,16;64,32;64,64;64,128;64,256;64,512;64,1024;64,2048;64,4096;64,8192;64,16;64,32;64,64;64,128;64,256;64,512;64,1024;64,2048;64,4096;64,8192;64,16;64,32;64,64;64,128;64,256;64,512;64,1024;64,2048;64,4096;64,8192;64,16;64,32;64,64;64,128;64,256;64,512;64,1024;64,2048;64,4096;64,8192;64,16;64,32;64,64;64,128;64,256;64,512;64,1024;64,2048;64,4096;64,8192;64,16;64,32;64,64;64,128""",FLOAT16;FLOAT16;FLOAT16;FLOAT16;FLOAT16;FLOAT16;FLOAT16;FLOAT16;FLOAT16;FLOAT16;FLOAT16;FLOAT16;FLOAT16;FLOAT16;FLOAT16;FLOAT16;FLOAT16;FLOAT16;FLOAT16;FLOAT16;FLOAT16;FLOAT16;FLOAT16;FLOAT16;FLOAT16;FLOAT16;FLOAT16;FLOAT16;FLOAT16;FLOAT16;FLOAT16;FLOAT16;FLOAT16;FLOAT16;FLOAT16;FLOAT16;FLOAT16;FLOAT16;FLOAT16;FLOAT16;FLOAT16;FLOAT16;FLOAT16;FLOAT16;FLOAT16;FLOAT16;FLOAT16;FLOAT16;FLOAT16;FLOAT16;FLOAT16;FLOAT16;FLOAT16;FLOAT16;FLOAT16;FLOAT16;FLOAT16;FLOAT16;FLOAT16;FLOAT16;FLOAT16;FLOAT16;FLOAT16;FLOAT16,ND;ND;ND;ND;ND;ND;ND;ND;ND;ND;ND;ND;ND;ND;ND;ND;ND;ND;ND;ND;ND;ND;ND;ND;ND;ND;ND;ND;ND;ND;ND;ND;ND;ND;ND;ND;ND;ND;ND;ND;ND;ND;ND;ND;ND;ND;ND;ND;ND;ND;ND;ND;ND;ND;ND;ND;ND;ND;ND;ND;ND;ND;ND;ND,"""64,98448""",FLOAT16,ND,N/A,0.0,0,0.0,0.0,0.0,0.0,0.0,0.0,0.0,0.0,0.0,0.0,0.0,37.009,2442618,0.017,0.0,7.549,0.204,21.83,0.59,11.672,0.315,0.0,0.000
0,4294967295,516,47,aclnnMul_MulAiCore_Mul,Mul,dynamic,AI_VECTOR_CORE,1785698306434178.622	,333.387,0.000000,40,0,NO,"""4096,4096;4096,4096""",FLOAT;FLOAT,ND;ND,"""4096,4096""",FLOAT,ND,N/A,0.0,0,0.0,0.0,0.0,0.0,0.0,0.0,0.0,0.0,0.0,0.0,0.0,331.196,21858914,6.784,0.02,3.202,0.01,329.437,0.995,110.521,0.334,0.0,0.000
0,4294967295,517,47,Concat,Concat,dynamic,AI_VECTOR_CORE,1785698306434512.029	,40.101,0.113000,40,0,NO,"""64,16;64,32;64,64;64,128;64,256;64,512;64,1024;64,2048;64,4096;64,8192;64,16;64,32;64,64;64,128;64,256;64,512;64,1024;64,2048;64,4096;64,8192;64,16;64,32;64,64;64,128;64,256;64,512;64,1024;64,2048;64,4096;64,8192;64,16;64,32;64,64;64,128;64,256;64,512;64,1024;64,2048;64,4096;64,8192;64,16;64,32;64,64;64,128;64,256;64,512;64,1024;64,2048;64,4096;64,8192;64,16;64,32;64,64;64,128;64,256;64,512;64,1024;64,2048;64,4096;64,8192;64,16;64,32;64,64;64,128""",FLOAT16;FLOAT16;FLOAT16;FLOAT16;FLOAT16;FLOAT16;FLOAT16;FLOAT16;FLOAT16;FLOAT16;FLOAT16;FLOAT16;FLOAT16;FLOAT16;FLOAT16;FLOAT16;FLOAT16;FLOAT16;FLOAT16;FLOAT16;FLOAT16;FLOAT16;FLOAT16;FLOAT16;FLOAT16;FLOAT16;FLOAT16;FLOAT16;FLOAT16;FLOAT16;FLOAT16;FLOAT16;FLOAT16;FLOAT16;FLOAT16;FLOAT16;FLOAT16;FLOAT16;FLOAT16;FLOAT16;FLOAT16;FLOAT16;FLOAT16;FLOAT16;FLOAT16;FLOAT16;FLOAT16;FLOAT16;FLOAT16;FLOAT16;FLOAT16;FLOAT16;FLOAT16;FLOAT16;FLOAT16;FLOAT16;FLOAT16;FLOAT16;FLOAT16;FLOAT16;FLOAT16;FLOAT16;FLOAT16;FLOAT16,ND;ND;ND;ND;ND;ND;ND;ND;ND;ND;ND;ND;ND;ND;ND;ND;ND;ND;ND;ND;ND;ND;ND;ND;ND;ND;ND;ND;ND;ND;ND;ND;ND;ND;ND;ND;ND;ND;ND;ND;ND;ND;ND;ND;ND;ND;ND;ND;ND;ND;ND;ND;ND;ND;ND;ND;ND;ND;ND;ND;ND;ND;ND;ND,"""64,98448""",FLOAT16,ND,N/A,0.0,0,0.0,0.0,0.0,0.0,0.0,0.0,0.0,0.0,0.0,0.0,0.0,36.908,2435940,0.017,0.0,8.77,0.238,21.799,0.591,11.425,0.31,0.0,0.000
0,4294967295,518,47,aclnnMul_MulAiCore_Mul,Mul,dynamic,AI_VECTOR_CORE,1785698306434552.170	,333.467,0.149000,40,0,NO,"""4096,4096;4096,4096""",FLOAT;FLOAT,ND;ND,"""4096,4096""",FLOAT,ND,N/A,0.0,0,0.0,0.0,0.0,0.0,0.0,0.0,0.0,0.0,0.0,0.0,0.0,331.337,21868268,6.784,0.02,3.028,0.009,329.773,0.995,111.029,0.335,0.0,0.000
0,4294967295,519,47,Concat,Concat,dynamic,AI_VECTOR_CORE,1785698306434885.657	,39.680,0.033000,40,0,NO,"""64,16;64,32;64,64;64,128;64,256;64,512;64,1024;64,2048;64,4096;64,8192;64,16;64,32;64,64;64,128;64,256;64,512;64,1024;64,2048;64,4096;64,8192;64,16;64,32;64,64;64,128;64,256;64,512;64,1024;64,2048;64,4096;64,8192;64,16;64,32;64,64;64,128;64,256;64,512;64,1024;64,2048;64,4096;64,8192;64,16;64,32;64,64;64,128;64,256;64,512;64,1024;64,2048;64,4096;64,8192;64,16;64,32;64,64;64,128;64,256;64,512;64,1024;64,2048;64,4096;64,8192;64,16;64,32;64,64;64,128""",FLOAT16;FLOAT16;FLOAT16;FLOAT16;FLOAT16;FLOAT16;FLOAT16;FLOAT16;FLOAT16;FLOAT16;FLOAT16;FLOAT16;FLOAT16;FLOAT16;FLOAT16;FLOAT16;FLOAT16;FLOAT16;FLOAT16;FLOAT16;FLOAT16;FLOAT16;FLOAT16;FLOAT16;FLOAT16;FLOAT16;FLOAT16;FLOAT16;FLOAT16;FLOAT16;FLOAT16;FLOAT16;FLOAT16;FLOAT16;FLOAT16;FLOAT16;FLOAT16;FLOAT16;FLOAT16;FLOAT16;FLOAT16;FLOAT16;FLOAT16;FLOAT16;FLOAT16;FLOAT16;FLOAT16;FLOAT16;FLOAT16;FLOAT16;FLOAT16;FLOAT16;FLOAT16;FLOAT16;FLOAT16;FLOAT16;FLOAT16;FLOAT16;FLOAT16;FLOAT16;FLOAT16;FLOAT16;FLOAT16;FLOAT16,ND;ND;ND;ND;ND;ND;ND;ND;ND;ND;ND;ND;ND;ND;ND;ND;ND;ND;ND;ND;ND;ND;ND;ND;ND;ND;ND;ND;ND;ND;ND;ND;ND;ND;ND;ND;ND;ND;ND;ND;ND;ND;ND;ND;ND;ND;ND;ND;ND;ND;ND;ND;ND;ND;ND;ND;ND;ND;ND;ND;ND;ND;ND;ND,"""64,98448""",FLOAT16,ND,N/A,0.0,0,0.0,0.0,0.0,0.0,0.0,0.0,0.0,0.0,0.0,0.0,0.0,35.938,2371921,0.017,0.0,9.319,0.259,21.084,0.587,11.176,0.311,0.0,0.000
0,4294967295,520,47,aclnnMul_MulAiCore_Mul,Mul,dynamic,AI_VECTOR_CORE,1785698306434925.357	,332.867,0.000000,40,0,NO,"""4096,4096;4096,4096""",FLOAT;FLOAT,ND;ND,"""4096,4096""",FLOAT,ND,N/A,0.0,0,0.0,0.0,0.0,0.0,0.0,0.0,0.0,0.0,0.0,0.0,0.0,331.147,21855733,6.784,0.02,2.986,0.009,329.645,0.995,111.739,0.337,0.0,0.000
0,4294967295,521,47,Concat,Concat,dynamic,AI_VECTOR_CORE,1785698306435258.244	,41.581,0.133000,40,0,NO,"""64,16;64,32;64,64;64,128;64,256;64,512;64,1024;64,2048;64,4096;64,8192;64,16;64,32;64,64;64,128;64,256;64,512;64,1024;64,2048;64,4096;64,8192;64,16;64,32;64,64;64,128;64,256;64,512;64,1024;64,2048;64,4096;64,8192;64,16;64,32;64,64;64,128;64,256;64,512;64,1024;64,2048;64,4096;64,8192;64,16;64,32;64,64;64,128;64,256;64,512;64,1024;64,2048;64,4096;64,8192;64,16;64,32;64,64;64,128;64,256;64,512;64,1024;64,2048;64,4096;64,8192;64,16;64,32;64,64;64,128""",FLOAT16;FLOAT16;FLOAT16;FLOAT16;FLOAT16;FLOAT16;FLOAT16;FLOAT16;FLOAT16;FLOAT16;FLOAT16;FLOAT16;FLOAT16;FLOAT16;FLOAT16;FLOAT16;FLOAT16;FLOAT16;FLOAT16;FLOAT16;FLOAT16;FLOAT16;FLOAT16;FLOAT16;FLOAT16;FLOAT16;FLOAT16;FLOAT16;FLOAT16;FLOAT16;FLOAT16;FLOAT16;FLOAT16;FLOAT16;FLOAT16;FLOAT16;FLOAT16;FLOAT16;FLOAT16;FLOAT16;FLOAT16;FLOAT16;FLOAT16;FLOAT16;FLOAT16;FLOAT16;FLOAT16;FLOAT16;FLOAT16;FLOAT16;FLOAT16;FLOAT16;FLOAT16;FLOAT16;FLOAT16;FLOAT16;FLOAT16;FLOAT16;FLOAT16;FLOAT16;FLOAT16;FLOAT16;FLOAT16;FLOAT16,ND;ND;ND;ND;ND;ND;ND;ND;ND;ND;ND;ND;ND;ND;ND;ND;ND;ND;ND;ND;ND;ND;ND;ND;ND;ND;ND;ND;ND;ND;ND;ND;ND;ND;ND;ND;ND;ND;ND;ND;ND;ND;ND;ND;ND;ND;ND;ND;ND;ND;ND;ND;ND;ND;ND;ND;ND;ND;ND;ND;ND;ND;ND;ND,"""64,98448""",FLOAT16,ND,N/A,0.0,0,0.0,0.0,0.0,0.0,0.0,0.0,0.0,0.0,0.0,0.0,0.0,38.31,2528447,0.017,0.0,13.554,0.354,22.673,0.592,11.56,0.302,0.0,0.000
0,4294967295,522,47,aclnnMul_MulAiCore_Mul,Mul,dynamic,AI_VECTOR_CORE,1785698306435299.865	,333.706,0.000000,40,0,NO,"""4096,4096;4096,4096""",FLOAT;FLOAT,ND;ND,"""4096,4096""",FLOAT,ND,N/A,0.0,0,0.0,0.0,0.0,0.0,0.0,0.0,0.0,0.0,0.0,0.0,0.0,331.719,21893424,6.784,0.02,3.108,0.009,330.067,0.995,112.224,0.338,0.0,0.000
0,4294967295,523,47,Concat,Concat,dynamic,AI_VECTOR_CORE,1785698306435633.611	,41.681,0.044000,40,0,NO,"""64,16;64,32;64,64;64,128;64,256;64,512;64,1024;64,2048;64,4096;64,8192;64,16;64,32;64,64;64,128;64,256;64,512;64,1024;64,2048;64,4096;64,8192;64,16;64,32;64,64;64,128;64,256;64,512;64,1024;64,2048;64,4096;64,8192;64,16;64,32;64,64;64,128;64,256;64,512;64,1024;64,2048;64,4096;64,8192;64,16;64,32;64,64;64,128;64,256;64,512;64,1024;64,2048;64,4096;64,8192;64,16;64,32;64,64;64,128;64,256;64,512;64,1024;64,2048;64,4096;64,8192;64,16;64,32;64,64;64,128""",FLOAT16;FLOAT16;FLOAT16;FLOAT16;FLOAT16;FLOAT16;FLOAT16;FLOAT16;FLOAT16;FLOAT16;FLOAT16;FLOAT16;FLOAT16;FLOAT16;FLOAT16;FLOAT16;FLOAT16;FLOAT16;FLOAT16;FLOAT16;FLOAT16;FLOAT16;FLOAT16;FLOAT16;FLOAT16;FLOAT16;FLOAT16;FLOAT16;FLOAT16;FLOAT16;FLOAT16;FLOAT16;FLOAT16;FLOAT16;FLOAT16;FLOAT16;FLOAT16;FLOAT16;FLOAT16;FLOAT16;FLOAT16;FLOAT16;FLOAT16;FLOAT16;FLOAT16;FLOAT16;FLOAT16;FLOAT16;FLOAT16;FLOAT16;FLOAT16;FLOAT16;FLOAT16;FLOAT16;FLOAT16;FLOAT16;FLOAT16;FLOAT16;FLOAT16;FLOAT16;FLOAT16;FLOAT16;FLOAT16;FLOAT16,ND;ND;ND;ND;ND;ND;ND;ND;ND;ND;ND;ND;ND;ND;ND;ND;ND;ND;ND;ND;ND;ND;ND;ND;ND;ND;ND;ND;ND;ND;ND;ND;ND;ND;ND;ND;ND;ND;ND;ND;ND;ND;ND;ND;ND;ND;ND;ND;ND;ND;ND;ND;ND;ND;ND;ND;ND;ND;ND;ND;ND;ND;ND;ND,"""64,98448""",FLOAT16,ND,N/A,0.0,0,0.0,0.0,0.0,0.0,0.0,0.0,0.0,0.0,0.0,0.0,0.0,38.693,2553717,0.017,0.0,14.685,0.38,22.311,0.577,11.433,0.295,0.0,0.000
0,4294967295,524,47,aclnnMul_MulAiCore_Mul,Mul,dynamic,AI_VECTOR_CORE,1785698306435675.312	,333.427,0.069000,40,0,NO,"""4096,4096;4096,4096""",FLOAT;FLOAT,ND;ND,"""4096,4096""",FLOAT,ND,N/A,0.0,0,0.0,0.0,0.0,0.0,0.0,0.0,0.0,0.0,0.0,0.0,0.0,331.34,21868409,6.784,0.02,3.042,0.009,329.763,0.995,111.385,0.336,0.0,0.000
0,4294967295,525,47,Concat,Concat,dynamic,AI_VECTOR_CORE,1785698306436008.759	,39.081,0.073000,40,0,NO,"""64,16;64,32;64,64;64,128;64,256;64,512;64,1024;64,2048;64,4096;64,8192;64,16;64,32;64,64;64,128;64,256;64,512;64,1024;64,2048;64,4096;64,8192;64,16;64,32;64,64;64,128;64,256;64,512;64,1024;64,2048;64,4096;64,8192;64,16;64,32;64,64;64,128;64,256;64,512;64,1024;64,2048;64,4096;64,8192;64,16;64,32;64,64;64,128;64,256;64,512;64,1024;64,2048;64,4096;64,8192;64,16;64,32;64,64;64,128;64,256;64,512;64,1024;64,2048;64,4096;64,8192;64,16;64,32;64,64;64,128""",FLOAT16;FLOAT16;FLOAT16;FLOAT16;FLOAT16;FLOAT16;FLOAT16;FLOAT16;FLOAT16;FLOAT16;FLOAT16;FLOAT16;FLOAT16;FLOAT16;FLOAT16;FLOAT16;FLOAT16;FLOAT16;FLOAT16;FLOAT16;FLOAT16;FLOAT16;FLOAT16;FLOAT16;FLOAT16;FLOAT16;FLOAT16;FLOAT16;FLOAT16;FLOAT16;FLOAT16;FLOAT16;FLOAT16;FLOAT16;FLOAT16;FLOAT16;FLOAT16;FLOAT16;FLOAT16;FLOAT16;FLOAT16;FLOAT16;FLOAT16;FLOAT16;FLOAT16;FLOAT16;FLOAT16;FLOAT16;FLOAT16;FLOAT16;FLOAT16;FLOAT16;FLOAT16;FLOAT16;FLOAT16;FLOAT16;FLOAT16;FLOAT16;FLOAT16;FLOAT16;FLOAT16;FLOAT16;FLOAT16;FLOAT16,ND;ND;ND;ND;ND;ND;ND;ND;ND;ND;ND;ND;ND;ND;ND;ND;ND;ND;ND;ND;ND;ND;ND;ND;ND;ND;ND;ND;ND;ND;ND;ND;ND;ND;ND;ND;ND;ND;ND;ND;ND;ND;ND;ND;ND;ND;ND;ND;ND;ND;ND;ND;ND;ND;ND;ND;ND;ND;ND;ND;ND;ND;ND;ND,"""64,98448""",FLOAT16,ND,N/A,0.0,0,0.0,0.0,0.0,0.0,0.0,0.0,0.0,0.0,0.0,0.0,0.0,36.317,2396945,0.017,0.0,11.268,0.31,21.663,0.597,11.039,0.304,0.0,0.000
0,4294967295,526,47,aclnnMul_MulAiCore_Mul,Mul,dynamic,AI_VECTOR_CORE,1785698306436047.860	,332.746,0.000000,40,0,NO,"""4096,4096;4096,4096""",FLOAT;FLOAT,ND;ND,"""4096,4096""",FLOAT,ND,N/A,0.0,0,0.0,0.0,0.0,0.0,0.0,0.0,0.0,0.0,0.0,0.0,0.0,330.601,21819667,6.784,0.021,3.114,0.009,328.929,0.995,113.228,0.342,0.0,0.000
0,4294967295,527,47,Concat,Concat,dynamic,AI_VECTOR_CORE,1785698306436380.626	,39.561,0.254000,40,0,NO,"""64,16;64,32;64,64;64,128;64,256;64,512;64,1024;64,2048;64,4096;64,8192;64,16;64,32;64,64;64,128;64,256;64,512;64,1024;64,2048;64,4096;64,8192;64,16;64,32;64,64;64,128;64,256;64,512;64,1024;64,2048;64,4096;64,8192;64,16;64,32;64,64;64,128;64,256;64,512;64,1024;64,2048;64,4096;64,8192;64,16;64,32;64,64;64,128;64,256;64,512;64,1024;64,2048;64,4096;64,8192;64,16;64,32;64,64;64,128;64,256;64,512;64,1024;64,2048;64,4096;64,8192;64,16;64,32;64,64;64,128""",FLOAT16;FLOAT16;FLOAT16;FLOAT16;FLOAT16;FLOAT16;FLOAT16;FLOAT16;FLOAT16;FLOAT16;FLOAT16;FLOAT16;FLOAT16;FLOAT16;FLOAT16;FLOAT16;FLOAT16;FLOAT16;FLOAT16;FLOAT16;FLOAT16;FLOAT16;FLOAT16;FLOAT16;FLOAT16;FLOAT16;FLOAT16;FLOAT16;FLOAT16;FLOAT16;FLOAT16;FLOAT16;FLOAT16;FLOAT16;FLOAT16;FLOAT16;FLOAT16;FLOAT16;FLOAT16;FLOAT16;FLOAT16;FLOAT16;FLOAT16;FLOAT16;FLOAT16;FLOAT16;FLOAT16;FLOAT16;FLOAT16;FLOAT16;FLOAT16;FLOAT16;FLOAT16;FLOAT16;FLOAT16;FLOAT16;FLOAT16;FLOAT16;FLOAT16;FLOAT16;FLOAT16;FLOAT16;FLOAT16;FLOAT16,ND;ND;ND;ND;ND;ND;ND;ND;ND;ND;ND;ND;ND;ND;ND;ND;ND;ND;ND;ND;ND;ND;ND;ND;ND;ND;ND;ND;ND;ND;ND;ND;ND;ND;ND;ND;ND;ND;ND;ND;ND;ND;ND;ND;ND;ND;ND;ND;ND;ND;ND;ND;ND;ND;ND;ND;ND;ND;ND;ND;ND;ND;ND;ND,"""64,98448""",FLOAT16,ND,N/A,0.0,0,0.0,0.0,0.0,0.0,0.0,0.0,0.0,0.0,0.0,0.0,0.0,35.88,2368083,0.017,0.0,12.51,0.349,20.938,0.584,10.879,0.303,0.0,0.000
0,4294967295,528,47,aclnnMul_MulAiCore_Mul,Mul,dynamic,AI_VECTOR_CORE,1785698306436420.207	,333.947,0.000000,40,0,NO,"""4096,4096;4096,4096""",FLOAT;FLOAT,ND;ND,"""4096,4096""",FLOAT,ND,N/A,0.0,0,0.0,0.0,0.0,0.0,0.0,0.0,0.0,0.0,0.0,0.0,0.0,331.687,21891355,6.784,0.02,3.015,0.009,330.066,0.995,112.275,0.338,0.0,0.000
0,4294967295,529,47,Concat,Concat,dynamic,AI_VECTOR_CORE,1785698306436754.174	,40.061,0.053000,40,0,NO,"""64,16;64,32;64,64;64,128;64,256;64,512;64,1024;64,2048;64,4096;64,8192;64,16;64,32;64,64;64,128;64,256;64,512;64,1024;64,2048;64,4096;64,8192;64,16;64,32;64,64;64,128;64,256;64,512;64,1024;64,2048;64,4096;64,8192;64,16;64,32;64,64;64,128;64,256;64,512;64,1024;64,2048;64,4096;64,8192;64,16;64,32;64,64;64,128;64,256;64,512;64,1024;64,2048;64,4096;64,8192;64,16;64,32;64,64;64,128;64,256;64,512;64,1024;64,2048;64,4096;64,8192;64,16;64,32;64,64;64,128""",FLOAT16;FLOAT16;FLOAT16;FLOAT16;FLOAT16;FLOAT16;FLOAT16;FLOAT16;FLOAT16;FLOAT16;FLOAT16;FLOAT16;FLOAT16;FLOAT16;FLOAT16;FLOAT16;FLOAT16;FLOAT16;FLOAT16;FLOAT16;FLOAT16;FLOAT16;FLOAT16;FLOAT16;FLOAT16;FLOAT16;FLOAT16;FLOAT16;FLOAT16;FLOAT16;FLOAT16;FLOAT16;FLOAT16;FLOAT16;FLOAT16;FLOAT16;FLOAT16;FLOAT16;FLOAT16;FLOAT16;FLOAT16;FLOAT16;FLOAT16;FLOAT16;FLOAT16;FLOAT16;FLOAT16;FLOAT16;FLOAT16;FLOAT16;FLOAT16;FLOAT16;FLOAT16;FLOAT16;FLOAT16;FLOAT16;FLOAT16;FLOAT16;FLOAT16;FLOAT16;FLOAT16;FLOAT16;FLOAT16;FLOAT16,ND;ND;ND;ND;ND;ND;ND;ND;ND;ND;ND;ND;ND;ND;ND;ND;ND;ND;ND;ND;ND;ND;ND;ND;ND;ND;ND;ND;ND;ND;ND;ND;ND;ND;ND;ND;ND;ND;ND;ND;ND;ND;ND;ND;ND;ND;ND;ND;ND;ND;ND;ND;ND;ND;ND;ND;ND;ND;ND;ND;ND;ND;ND;ND,"""64,98448""",FLOAT16,ND,N/A,0.0,0,0.0,0.0,0.0,0.0,0.0,0.0,0.0,0.0,0.0,0.0,0.0,36.886,2434504,0.017,0.0,7.578,0.205,22.124,0.6,11.154,0.302,0.0,0.000
0,4294967295,530,47,aclnnMul_MulAiCore_Mul,Mul,dynamic,AI_VECTOR_CORE,1785698306436794.255	,333.066,0.000000,40,0,NO,"""4096,4096;4096,4096""",FLOAT;FLOAT,ND;ND,"""4096,4096""",FLOAT,ND,N/A,0.0,0,0.0,0.0,0.0,0.0,0.0,0.0,0.0,0.0,0.0,0.0,0.0,330.634,21821840,6.784,0.021,2.922,0.009,329.146,0.996,111.257,0.336,0.0,0.000
0,4294967295,531,47,Concat,Concat,dynamic,AI_VECTOR_CORE,1785698306437127.341	,40.281,0.000000,40,0,NO,"""64,16;64,32;64,64;64,128;64,256;64,512;64,1024;64,2048;64,4096;64,8192;64,16;64,32;64,64;64,128;64,256;64,512;64,1024;64,2048;64,4096;64,8192;64,16;64,32;64,64;64,128;64,256;64,512;64,1024;64,2048;64,4096;64,8192;64,16;64,32;64,64;64,128;64,256;64,512;64,1024;64,2048;64,4096;64,8192;64,16;64,32;64,64;64,128;64,256;64,512;64,1024;64,2048;64,4096;64,8192;64,16;64,32;64,64;64,128;64,256;64,512;64,1024;64,2048;64,4096;64,8192;64,16;64,32;64,64;64,128""",FLOAT16;FLOAT16;FLOAT16;FLOAT16;FLOAT16;FLOAT16;FLOAT16;FLOAT16;FLOAT16;FLOAT16;FLOAT16;FLOAT16;FLOAT16;FLOAT16;FLOAT16;FLOAT16;FLOAT16;FLOAT16;FLOAT16;FLOAT16;FLOAT16;FLOAT16;FLOAT16;FLOAT16;FLOAT16;FLOAT16;FLOAT16;FLOAT16;FLOAT16;FLOAT16;FLOAT16;FLOAT16;FLOAT16;FLOAT16;FLOAT16;FLOAT16;FLOAT16;FLOAT16;FLOAT16;FLOAT16;FLOAT16;FLOAT16;FLOAT16;FLOAT16;FLOAT16;FLOAT16;FLOAT16;FLOAT16;FLOAT16;FLOAT16;FLOAT16;FLOAT16;FLOAT16;FLOAT16;FLOAT16;FLOAT16;FLOAT16;FLOAT16;FLOAT16;FLOAT16;FLOAT16;FLOAT16;FLOAT16;FLOAT16,ND;ND;ND;ND;ND;ND;ND;ND;ND;ND;ND;ND;ND;ND;ND;ND;ND;ND;ND;ND;ND;ND;ND;ND;ND;ND;ND;ND;ND;ND;ND;ND;ND;ND;ND;ND;ND;ND;ND;ND;ND;ND;ND;ND;ND;ND;ND;ND;ND;ND;ND;ND;ND;ND;ND;ND;ND;ND;ND;ND;ND;ND;ND;ND,"""64,98448""",FLOAT16,ND,N/A,0.0,0,0.0,0.0,0.0,0.0,0.0,0.0,0.0,0.0,0.0,0.0,0.0,37.098,2448496,0.017,0.0,8.414,0.227,22.239,0.599,11.223,0.303,0.0,0.000
0,4294967295,532,47,aclnnMul_MulAiCore_Mul,Mul,dynamic,AI_VECTOR_CORE,1785698306437167.662	,333.047,0.219000,40,0,NO,"""4096,4096;4096,4096""",FLOAT;FLOAT,ND;ND,"""4096,4096""",FLOAT,ND,N/A,0.0,0,0.0,0.0,0.0,0.0,0.0,0.0,0.0,0.0,0.0,0.0,0.0,331.15,21855873,6.784,0.02,3.031,0.009,329.573,0.995,112.17,0.339,0.0,0.000
0,4294967295,533,47,Concat,Concat,dynamic,AI_VECTOR_CORE,1785698306437500.729	,40.081,0.000000,40,0,NO,"""64,16;64,32;64,64;64,128;64,256;64,512;64,1024;64,2048;64,4096;64,8192;64,16;64,32;64,64;64,128;64,256;64,512;64,1024;64,2048;64,4096;64,8192;64,16;64,32;64,64;64,128;64,256;64,512;64,1024;64,2048;64,4096;64,8192;64,16;64,32;64,64;64,128;64,256;64,512;64,1024;64,2048;64,4096;64,8192;64,16;64,32;64,64;64,128;64,256;64,512;64,1024;64,2048;64,4096;64,8192;64,16;64,32;64,64;64,128;64,256;64,512;64,1024;64,2048;64,4096;64,8192;64,16;64,32;64,64;64,128""",FLOAT16;FLOAT16;FLOAT16;FLOAT16;FLOAT16;FLOAT16;FLOAT16;FLOAT16;FLOAT16;FLOAT16;FLOAT16;FLOAT16;FLOAT16;FLOAT16;FLOAT16;FLOAT16;FLOAT16;FLOAT16;FLOAT16;FLOAT16;FLOAT16;FLOAT16;FLOAT16;FLOAT16;FLOAT16;FLOAT16;FLOAT16;FLOAT16;FLOAT16;FLOAT16;FLOAT16;FLOAT16;FLOAT16;FLOAT16;FLOAT16;FLOAT16;FLOAT16;FLOAT16;FLOAT16;FLOAT16;FLOAT16;FLOAT16;FLOAT16;FLOAT16;FLOAT16;FLOAT16;FLOAT16;FLOAT16;FLOAT16;FLOAT16;FLOAT16;FLOAT16;FLOAT16;FLOAT16;FLOAT16;FLOAT16;FLOAT16;FLOAT16;FLOAT16;FLOAT16;FLOAT16;FLOAT16;FLOAT16;FLOAT16,ND;ND;ND;ND;ND;ND;ND;ND;ND;ND;ND;ND;ND;ND;ND;ND;ND;ND;ND;ND;ND;ND;ND;ND;ND;ND;ND;ND;ND;ND;ND;ND;ND;ND;ND;ND;ND;ND;ND;ND;ND;ND;ND;ND;ND;ND;ND;ND;ND;ND;ND;ND;ND;ND;ND;ND;ND;ND;ND;ND;ND;ND;ND;ND,"""64,98448""",FLOAT16,ND,N/A,0.0,0,0.0,0.0,0.0,0.0,0.0,0.0,0.0,0.0,0.0,0.0,0.0,37.243,2458024,0.017,0.0,8.68,0.233,21.684,0.582,11.954,0.321,0.0,0.000
0,4294967295,534,47,aclnnMul_MulAiCore_Mul,Mul,dynamic,AI_VECTOR_CORE,1785698306437540.830	,333.726,0.000000,40,0,NO,"""4096,4096;4096,4096""",FLOAT;FLOAT,ND;ND,"""4096,4096""",FLOAT,ND,N/A,0.0,0,0.0,0.0,0.0,0.0,0.0,0.0,0.0,0.0,0.0,0.0,0.0,331.413,21873233,6.784,0.02,2.952,0.009,329.868,0.995,112.629,0.34,0.0,0.000
0,4294967295,535,47,Concat,Concat,dynamic,AI_VECTOR_CORE,1785698306437874.576	,39.421,0.024000,40,0,NO,"""64,16;64,32;64,64;64,128;64,256;64,512;64,1024;64,2048;64,4096;64,8192;64,16;64,32;64,64;64,128;64,256;64,512;64,1024;64,2048;64,4096;64,8192;64,16;64,32;64,64;64,128;64,256;64,512;64,1024;64,2048;64,4096;64,8192;64,16;64,32;64,64;64,128;64,256;64,512;64,1024;64,2048;64,4096;64,8192;64,16;64,32;64,64;64,128;64,256;64,512;64,1024;64,2048;64,4096;64,8192;64,16;64,32;64,64;64,128;64,256;64,512;64,1024;64,2048;64,4096;64,8192;64,16;64,32;64,64;64,128""",FLOAT16;FLOAT16;FLOAT16;FLOAT16;FLOAT16;FLOAT16;FLOAT16;FLOAT16;FLOAT16;FLOAT16;FLOAT16;FLOAT16;FLOAT16;FLOAT16;FLOAT16;FLOAT16;FLOAT16;FLOAT16;FLOAT16;FLOAT16;FLOAT16;FLOAT16;FLOAT16;FLOAT16;FLOAT16;FLOAT16;FLOAT16;FLOAT16;FLOAT16;FLOAT16;FLOAT16;FLOAT16;FLOAT16;FLOAT16;FLOAT16;FLOAT16;FLOAT16;FLOAT16;FLOAT16;FLOAT16;FLOAT16;FLOAT16;FLOAT16;FLOAT16;FLOAT16;FLOAT16;FLOAT16;FLOAT16;FLOAT16;FLOAT16;FLOAT16;FLOAT16;FLOAT16;FLOAT16;FLOAT16;FLOAT16;FLOAT16;FLOAT16;FLOAT16;FLOAT16;FLOAT16;FLOAT16;FLOAT16;FLOAT16,ND;ND;ND;ND;ND;ND;ND;ND;ND;ND;ND;ND;ND;ND;ND;ND;ND;ND;ND;ND;ND;ND;ND;ND;ND;ND;ND;ND;ND;ND;ND;ND;ND;ND;ND;ND;ND;ND;ND;ND;ND;ND;ND;ND;ND;ND;ND;ND;ND;ND;ND;ND;ND;ND;ND;ND;ND;ND;ND;ND;ND;ND;ND;ND,"""64,98448""",FLOAT16,ND,N/A,0.0,0,0.0,0.0,0.0,0.0,0.0,0.0,0.0,0.0,0.0,0.0,0.0,36.688,2421386,0.017,0.0,9.22,0.251,21.68,0.591,11.513,0.314,0.0,0.000
0,4294967295,536,47,aclnnMul_MulAiCore_Mul,Mul,dynamic,AI_VECTOR_CORE,1785698306437914.017	,332.967,0.079000,40,0,NO,"""4096,4096;4096,4096""",FLOAT;FLOAT,ND;ND,"""4096,4096""",FLOAT,ND,N/A,0.0,0,0.0,0.0,0.0,0.0,0.0,0.0,0.0,0.0,0.0,0.0,0.0,331.035,21848323,6.784,0.02,3.122,0.009,329.395,0.995,110.832,0.335,0.0,0.000
0,4294967295,537,47,Concat,Concat,dynamic,AI_VECTOR_CORE,1785698306438247.004	,41.521,0.033000,40,0,NO,"""64,16;64,32;64,64;64,128;64,256;64,512;64,1024;64,2048;64,4096;64,8192;64,16;64,32;64,64;64,128;64,256;64,512;64,1024;64,2048;64,4096;64,8192;64,16;64,32;64,64;64,128;64,256;64,512;64,1024;64,2048;64,4096;64,8192;64,16;64,32;64,64;64,128;64,256;64,512;64,1024;64,2048;64,4096;64,8192;64,16;64,32;64,64;64,128;64,256;64,512;64,1024;64,2048;64,4096;64,8192;64,16;64,32;64,64;64,128;64,256;64,512;64,1024;64,2048;64,4096;64,8192;64,16;64,32;64,64;64,128""",FLOAT16;FLOAT16;FLOAT16;FLOAT16;FLOAT16;FLOAT16;FLOAT16;FLOAT16;FLOAT16;FLOAT16;FLOAT16;FLOAT16;FLOAT16;FLOAT16;FLOAT16;FLOAT16;FLOAT16;FLOAT16;FLOAT16;FLOAT16;FLOAT16;FLOAT16;FLOAT16;FLOAT16;FLOAT16;FLOAT16;FLOAT16;FLOAT16;FLOAT16;FLOAT16;FLOAT16;FLOAT16;FLOAT16;FLOAT16;FLOAT16;FLOAT16;FLOAT16;FLOAT16;FLOAT16;FLOAT16;FLOAT16;FLOAT16;FLOAT16;FLOAT16;FLOAT16;FLOAT16;FLOAT16;FLOAT16;FLOAT16;FLOAT16;FLOAT16;FLOAT16;FLOAT16;FLOAT16;FLOAT16;FLOAT16;FLOAT16;FLOAT16;FLOAT16;FLOAT16;FLOAT16;FLOAT16;FLOAT16;FLOAT16,ND;ND;ND;ND;ND;ND;ND;ND;ND;ND;ND;ND;ND;ND;ND;ND;ND;ND;ND;ND;ND;ND;ND;ND;ND;ND;ND;ND;ND;ND;ND;ND;ND;ND;ND;ND;ND;ND;ND;ND;ND;ND;ND;ND;ND;ND;ND;ND;ND;ND;ND;ND;ND;ND;ND;ND;ND;ND;ND;ND;ND;ND;ND;ND,"""64,98448""",FLOAT16,ND,N/A,0.0,0,0.0,0.0,0.0,0.0,0.0,0.0,0.0,0.0,0.0,0.0,0.0,38.163,2518754,0.017,0.0,13.958,0.366,22.456,0.588,11.158,0.292,0.0,0.000
0,4294967295,538,47,aclnnMul_MulAiCore_Mul,Mul,dynamic,AI_VECTOR_CORE,1785698306438288.545	,334.646,0.000000,40,0,NO,"""4096,4096;4096,4096""",FLOAT;FLOAT,ND;ND,"""4096,4096""",FLOAT,ND,N/A,0.0,0,0.0,0.0,0.0,0.0,0.0,0.0,0.0,0.0,0.0,0.0,0.0,332.374,21936693,6.784,0.02,3.029,0.009,330.815,0.995,111.524,0.336,0.0,0.000
0,4294967295,539,47,Concat,Concat,dynamic,AI_VECTOR_CORE,1785698306438623.211	,40.961,0.104000,40,0,NO,"""64,16;64,32;64,64;64,128;64,256;64,512;64,1024;64,2048;64,4096;64,8192;64,16;64,32;64,64;64,128;64,256;64,512;64,1024;64,2048;64,4096;64,8192;64,16;64,32;64,64;64,128;64,256;64,512;64,1024;64,2048;64,4096;64,8192;64,16;64,32;64,64;64,128;64,256;64,512;64,1024;64,2048;64,4096;64,8192;64,16;64,32;64,64;64,128;64,256;64,512;64,1024;64,2048;64,4096;64,8192;64,16;64,32;64,64;64,128;64,256;64,512;64,1024;64,2048;64,4096;64,8192;64,16;64,32;64,64;64,128""",FLOAT16;FLOAT16;FLOAT16;FLOAT16;FLOAT16;FLOAT16;FLOAT16;FLOAT16;FLOAT16;FLOAT16;FLOAT16;FLOAT16;FLOAT16;FLOAT16;FLOAT16;FLOAT16;FLOAT16;FLOAT16;FLOAT16;FLOAT16;FLOAT16;FLOAT16;FLOAT16;FLOAT16;FLOAT16;FLOAT16;FLOAT16;FLOAT16;FLOAT16;FLOAT16;FLOAT16;FLOAT16;FLOAT16;FLOAT16;FLOAT16;FLOAT16;FLOAT16;FLOAT16;FLOAT16;FLOAT16;FLOAT16;FLOAT16;FLOAT16;FLOAT16;FLOAT16;FLOAT16;FLOAT16;FLOAT16;FLOAT16;FLOAT16;FLOAT16;FLOAT16;FLOAT16;FLOAT16;FLOAT16;FLOAT16;FLOAT16;FLOAT16;FLOAT16;FLOAT16;FLOAT16;FLOAT16;FLOAT16;FLOAT16,ND;ND;ND;ND;ND;ND;ND;ND;ND;ND;ND;ND;ND;ND;ND;ND;ND;ND;ND;ND;ND;ND;ND;ND;ND;ND;ND;ND;ND;ND;ND;ND;ND;ND;ND;ND;ND;ND;ND;ND;ND;ND;ND;ND;ND;ND;ND;ND;ND;ND;ND;ND;ND;ND;ND;ND;ND;ND;ND;ND;ND;ND;ND;ND,"""64,98448""",FLOAT16,ND,N/A,0.0,0,0.0,0.0,0.0,0.0,0.0,0.0,0.0,0.0,0.0,0.0,0.0,37.946,2504407,0.017,0.0,12.759,0.336,21.947,0.578,11.379,0.3,0.0,0.000
0,4294967295,540,47,aclnnMul_MulAiCore_Mul,Mul,dynamic,AI_VECTOR_CORE,1785698306438664.192	,333.247,0.039000,40,0,NO,"""4096,4096;4096,4096""",FLOAT;FLOAT,ND;ND,"""4096,4096""",FLOAT,ND,N/A,0.0,0,0.0,0.0,0.0,0.0,0.0,0.0,0.0,0.0,0.0,0.0,0.0,331.193,21858724,6.784,0.02,3.161,0.01,329.511,0.995,112.303,0.339,0.0,0.000
0,4294967295,541,47,Concat,Concat,dynamic,AI_VECTOR_CORE,1785698306438997.459	,39.960,0.003000,40,0,NO,"""64,16;64,32;64,64;64,128;64,256;64,512;64,1024;64,2048;64,4096;64,8192;64,16;64,32;64,64;64,128;64,256;64,512;64,1024;64,2048;64,4096;64,8192;64,16;64,32;64,64;64,128;64,256;64,512;64,1024;64,2048;64,4096;64,8192;64,16;64,32;64,64;64,128;64,256;64,512;64,1024;64,2048;64,4096;64,8192;64,16;64,32;64,64;64,128;64,256;64,512;64,1024;64,2048;64,4096;64,8192;64,16;64,32;64,64;64,128;64,256;64,512;64,1024;64,2048;64,4096;64,8192;64,16;64,32;64,64;64,128""",FLOAT16;FLOAT16;FLOAT16;FLOAT16;FLOAT16;FLOAT16;FLOAT16;FLOAT16;FLOAT16;FLOAT16;FLOAT16;FLOAT16;FLOAT16;FLOAT16;FLOAT16;FLOAT16;FLOAT16;FLOAT16;FLOAT16;FLOAT16;FLOAT16;FLOAT16;FLOAT16;FLOAT16;FLOAT16;FLOAT16;FLOAT16;FLOAT16;FLOAT16;FLOAT16;FLOAT16;FLOAT16;FLOAT16;FLOAT16;FLOAT16;FLOAT16;FLOAT16;FLOAT16;FLOAT16;FLOAT16;FLOAT16;FLOAT16;FLOAT16;FLOAT16;FLOAT16;FLOAT16;FLOAT16;FLOAT16;FLOAT16;FLOAT16;FLOAT16;FLOAT16;FLOAT16;FLOAT16;FLOAT16;FLOAT16;FLOAT16;FLOAT16;FLOAT16;FLOAT16;FLOAT16;FLOAT16;FLOAT16;FLOAT16,ND;ND;ND;ND;ND;ND;ND;ND;ND;ND;ND;ND;ND;ND;ND;ND;ND;ND;ND;ND;ND;ND;ND;ND;ND;ND;ND;ND;ND;ND;ND;ND;ND;ND;ND;ND;ND;ND;ND;ND;ND;ND;ND;ND;ND;ND;ND;ND;ND;ND;ND;ND;ND;ND;ND;ND;ND;ND;ND;ND;ND;ND;ND;ND,"""64,98448""",FLOAT16,ND,N/A,0.0,0,0.0,0.0,0.0,0.0,0.0,0.0,0.0,0.0,0.0,0.0,0.0,35.861,2366812,0.017,0.0,13.863,0.387,20.299,0.566,11.191,0.312,0.0,0.000
0,4294967295,542,47,aclnnMul_MulAiCore_Mul,Mul,dynamic,AI_VECTOR_CORE,1785698306439037.439	,334.087,0.040000,40,0,NO,"""4096,4096;4096,4096""",FLOAT;FLOAT,ND;ND,"""4096,4096""",FLOAT,ND,N/A,0.0,0,0.0,0.0,0.0,0.0,0.0,0.0,0.0,0.0,0.0,0.0,0.0,331.848,21901950,6.784,0.02,3.035,0.009,330.213,0.995,113.511,0.342,0.0,0.000
0,4294967295,543,47,Concat,Concat,dynamic,AI_VECTOR_CORE,1785698306439371.546	,39.241,0.000000,40,0,NO,"""64,16;64,32;64,64;64,128;64,256;64,512;64,1024;64,2048;64,4096;64,8192;64,16;64,32;64,64;64,128;64,256;64,512;64,1024;64,2048;64,4096;64,8192;64,16;64,32;64,64;64,128;64,256;64,512;64,1024;64,2048;64,4096;64,8192;64,16;64,32;64,64;64,128;64,256;64,512;64,1024;64,2048;64,4096;64,8192;64,16;64,32;64,64;64,128;64,256;64,512;64,1024;64,2048;64,4096;64,8192;64,16;64,32;64,64;64,128;64,256;64,512;64,1024;64,2048;64,4096;64,8192;64,16;64,32;64,64;64,128""",FLOAT16;FLOAT16;FLOAT16;FLOAT16;FLOAT16;FLOAT16;FLOAT16;FLOAT16;FLOAT16;FLOAT16;FLOAT16;FLOAT16;FLOAT16;FLOAT16;FLOAT16;FLOAT16;FLOAT16;FLOAT16;FLOAT16;FLOAT16;FLOAT16;FLOAT16;FLOAT16;FLOAT16;FLOAT16;FLOAT16;FLOAT16;FLOAT16;FLOAT16;FLOAT16;FLOAT16;FLOAT16;FLOAT16;FLOAT16;FLOAT16;FLOAT16;FLOAT16;FLOAT16;FLOAT16;FLOAT16;FLOAT16;FLOAT16;FLOAT16;FLOAT16;FLOAT16;FLOAT16;FLOAT16;FLOAT16;FLOAT16;FLOAT16;FLOAT16;FLOAT16;FLOAT16;FLOAT16;FLOAT16;FLOAT16;FLOAT16;FLOAT16;FLOAT16;FLOAT16;FLOAT16;FLOAT16;FLOAT16;FLOAT16,ND;ND;ND;ND;ND;ND;ND;ND;ND;ND;ND;ND;ND;ND;ND;ND;ND;ND;ND;ND;ND;ND;ND;ND;ND;ND;ND;ND;ND;ND;ND;ND;ND;ND;ND;ND;ND;ND;ND;ND;ND;ND;ND;ND;ND;ND;ND;ND;ND;ND;ND;ND;ND;ND;ND;ND;ND;ND;ND;ND;ND;ND;ND;ND,"""64,98448""",FLOAT16,ND,N/A,0.0,0,0.0,0.0,0.0,0.0,0.0,0.0,0.0,0.0,0.0,0.0,0.0,36.262,2393302,0.017,0.0,11.456,0.316,21.242,0.586,11.343,0.313,0.0,0.000
0,4294967295,544,47,aclnnMul_MulAiCore_Mul,Mul,dynamic,AI_VECTOR_CORE,1785698306439410.827	,333.447,0.009000,40,0,NO,"""4096,4096;4096,4096""",FLOAT;FLOAT,ND;ND,"""4096,4096""",FLOAT,ND,N/A,0.0,0,0.0,0.0,0.0,0.0,0.0,0.0,0.0,0.0,0.0,0.0,0.0,330.648,21822749,6.784,0.021,3.032,0.009,329.059,0.995,111.231,0.336,0.0,0.000
0,4294967295,545,47,Concat,Concat,dynamic,AI_VECTOR_CORE,1785698306439744.294	,41.100,0.053000,40,0,NO,"""64,16;64,32;64,64;64,128;64,256;64,512;64,1024;64,2048;64,4096;64,8192;64,16;64,32;64,64;64,128;64,256;64,512;64,1024;64,2048;64,4096;64,8192;64,16;64,32;64,64;64,128;64,256;64,512;64,1024;64,2048;64,4096;64,8192;64,16;64,32;64,64;64,128;64,256;64,512;64,1024;64,2048;64,4096;64,8192;64,16;64,32;64,64;64,128;64,256;64,512;64,1024;64,2048;64,4096;64,8192;64,16;64,32;64,64;64,128;64,256;64,512;64,1024;64,2048;64,4096;64,8192;64,16;64,32;64,64;64,128""",FLOAT16;FLOAT16;FLOAT16;FLOAT16;FLOAT16;FLOAT16;FLOAT16;FLOAT16;FLOAT16;FLOAT16;FLOAT16;FLOAT16;FLOAT16;FLOAT16;FLOAT16;FLOAT16;FLOAT16;FLOAT16;FLOAT16;FLOAT16;FLOAT16;FLOAT16;FLOAT16;FLOAT16;FLOAT16;FLOAT16;FLOAT16;FLOAT16;FLOAT16;FLOAT16;FLOAT16;FLOAT16;FLOAT16;FLOAT16;FLOAT16;FLOAT16;FLOAT16;FLOAT16;FLOAT16;FLOAT16;FLOAT16;FLOAT16;FLOAT16;FLOAT16;FLOAT16;FLOAT16;FLOAT16;FLOAT16;FLOAT16;FLOAT16;FLOAT16;FLOAT16;FLOAT16;FLOAT16;FLOAT16;FLOAT16;FLOAT16;FLOAT16;FLOAT16;FLOAT16;FLOAT16;FLOAT16;FLOAT16;FLOAT16,ND;ND;ND;ND;ND;ND;ND;ND;ND;ND;ND;ND;ND;ND;ND;ND;ND;ND;ND;ND;ND;ND;ND;ND;ND;ND;ND;ND;ND;ND;ND;ND;ND;ND;ND;ND;ND;ND;ND;ND;ND;ND;ND;ND;ND;ND;ND;ND;ND;ND;ND;ND;ND;ND;ND;ND;ND;ND;ND;ND;ND;ND;ND;ND,"""64,98448""",FLOAT16,ND,N/A,0.0,0,0.0,0.0,0.0,0.0,0.0,0.0,0.0,0.0,0.0,0.0,0.0,38.076,2513046,0.017,0.0,7.738,0.203,22.498,0.591,11.998,0.315,0.0,0.000
0,4294967295,546,47,aclnnMul_MulAiCore_Mul,Mul,dynamic,AI_VECTOR_CORE,1785698306439785.414	,332.787,0.150000,40,0,NO,"""4096,4096;4096,4096""",FLOAT;FLOAT,ND;ND,"""4096,4096""",FLOAT,ND,N/A,0.0,0,0.0,0.0,0.0,0.0,0.0,0.0,0.0,0.0,0.0,0.0,0.0,330.698,21826088,6.784,0.021,2.922,0.009,329.218,0.996,110.95,0.336,0.0,0.000
0,4294967295,547,47,Concat,Concat,dynamic,AI_VECTOR_CORE,1785698306440118.221	,40.801,0.000000,40,0,NO,"""64,16;64,32;64,64;64,128;64,256;64,512;64,1024;64,2048;64,4096;64,8192;64,16;64,32;64,64;64,128;64,256;64,512;64,1024;64,2048;64,4096;64,8192;64,16;64,32;64,64;64,128;64,256;64,512;64,1024;64,2048;64,4096;64,8192;64,16;64,32;64,64;64,128;64,256;64,512;64,1024;64,2048;64,4096;64,8192;64,16;64,32;64,64;64,128;64,256;64,512;64,1024;64,2048;64,4096;64,8192;64,16;64,32;64,64;64,128;64,256;64,512;64,1024;64,2048;64,4096;64,8192;64,16;64,32;64,64;64,128""",FLOAT16;FLOAT16;FLOAT16;FLOAT16;FLOAT16;FLOAT16;FLOAT16;FLOAT16;FLOAT16;FLOAT16;FLOAT16;FLOAT16;FLOAT16;FLOAT16;FLOAT16;FLOAT16;FLOAT16;FLOAT16;FLOAT16;FLOAT16;FLOAT16;FLOAT16;FLOAT16;FLOAT16;FLOAT16;FLOAT16;FLOAT16;FLOAT16;FLOAT16;FLOAT16;FLOAT16;FLOAT16;FLOAT16;FLOAT16;FLOAT16;FLOAT16;FLOAT16;FLOAT16;FLOAT16;FLOAT16;FLOAT16;FLOAT16;FLOAT16;FLOAT16;FLOAT16;FLOAT16;FLOAT16;FLOAT16;FLOAT16;FLOAT16;FLOAT16;FLOAT16;FLOAT16;FLOAT16;FLOAT16;FLOAT16;FLOAT16;FLOAT16;FLOAT16;FLOAT16;FLOAT16;FLOAT16;FLOAT16;FLOAT16,ND;ND;ND;ND;ND;ND;ND;ND;ND;ND;ND;ND;ND;ND;ND;ND;ND;ND;ND;ND;ND;ND;ND;ND;ND;ND;ND;ND;ND;ND;ND;ND;ND;ND;ND;ND;ND;ND;ND;ND;ND;ND;ND;ND;ND;ND;ND;ND;ND;ND;ND;ND;ND;ND;ND;ND;ND;ND;ND;ND;ND;ND;ND;ND,"""64,98448""",FLOAT16,ND,N/A,0.0,0,0.0,0.0,0.0,0.0,0.0,0.0,0.0,0.0,0.0,0.0,0.0,37.531,2477072,0.017,0.0,8.346,0.222,22.335,0.595,11.603,0.309,0.0,0.000
0,4294967295,548,47,aclnnMul_MulAiCore_Mul,Mul,dynamic,AI_VECTOR_CORE,1785698306440159.042	,333.327,0.000000,40,0,NO,"""4096,4096;4096,4096""",FLOAT;FLOAT,ND;ND,"""4096,4096""",FLOAT,ND,N/A,0.0,0,0.0,0.0,0.0,0.0,0.0,0.0,0.0,0.0,0.0,0.0,0.0,330.824,21834376,6.784,0.021,3.011,0.009,329.282,0.995,111.402,0.337,0.0,0.000
0,4294967295,549,47,Concat,Concat,dynamic,AI_VECTOR_CORE,1785698306440492.389	,40.960,0.173000,40,0,NO,"""64,16;64,32;64,64;64,128;64,256;64,512;64,1024;64,2048;64,4096;64,8192;64,16;64,32;64,64;64,128;64,256;64,512;64,1024;64,2048;64,4096;64,8192;64,16;64,32;64,64;64,128;64,256;64,512;64,1024;64,2048;64,4096;64,8192;64,16;64,32;64,64;64,128;64,256;64,512;64,1024;64,2048;64,4096;64,8192;64,16;64,32;64,64;64,128;64,256;64,512;64,1024;64,2048;64,4096;64,8192;64,16;64,32;64,64;64,128;64,256;64,512;64,1024;64,2048;64,4096;64,8192;64,16;64,32;64,64;64,128""",FLOAT16;FLOAT16;FLOAT16;FLOAT16;FLOAT16;FLOAT16;FLOAT16;FLOAT16;FLOAT16;FLOAT16;FLOAT16;FLOAT16;FLOAT16;FLOAT16;FLOAT16;FLOAT16;FLOAT16;FLOAT16;FLOAT16;FLOAT16;FLOAT16;FLOAT16;FLOAT16;FLOAT16;FLOAT16;FLOAT16;FLOAT16;FLOAT16;FLOAT16;FLOAT16;FLOAT16;FLOAT16;FLOAT16;FLOAT16;FLOAT16;FLOAT16;FLOAT16;FLOAT16;FLOAT16;FLOAT16;FLOAT16;FLOAT16;FLOAT16;FLOAT16;FLOAT16;FLOAT16;FLOAT16;FLOAT16;FLOAT16;FLOAT16;FLOAT16;FLOAT16;FLOAT16;FLOAT16;FLOAT16;FLOAT16;FLOAT16;FLOAT16;FLOAT16;FLOAT16;FLOAT16;FLOAT16;FLOAT16;FLOAT16,ND;ND;ND;ND;ND;ND;ND;ND;ND;ND;ND;ND;ND;ND;ND;ND;ND;ND;ND;ND;ND;ND;ND;ND;ND;ND;ND;ND;ND;ND;ND;ND;ND;ND;ND;ND;ND;ND;ND;ND;ND;ND;ND;ND;ND;ND;ND;ND;ND;ND;ND;ND;ND;ND;ND;ND;ND;ND;ND;ND;ND;ND;ND;ND,"""64,98448""",FLOAT16,ND,N/A,0.0,0,0.0,0.0,0.0,0.0,0.0,0.0,0.0,0.0,0.0,0.0,0.0,36.737,2424613,0.017,0.0,9.203,0.251,21.839,0.594,11.157,0.304,0.0,0.000
0,4294967295,550,47,aclnnMul_MulAiCore_Mul,Mul,dynamic,AI_VECTOR_CORE,1785698306440533.389	,332.347,0.040000,40,0,NO,"""4096,4096;4096,4096""",FLOAT;FLOAT,ND;ND,"""4096,4096""",FLOAT,ND,N/A,0.0,0,0.0,0.0,0.0,0.0,0.0,0.0,0.0,0.0,0.0,0.0,0.0,330.317,21800923,6.784,0.021,2.945,0.009,328.823,0.995,110.955,0.336,0.0,0.000
0,4294967295,551,47,Concat,Concat,dynamic,AI_VECTOR_CORE,1785698306440865.756	,39.821,0.000000,40,0,NO,"""64,16;64,32;64,64;64,128;64,256;64,512;64,1024;64,2048;64,4096;64,8192;64,16;64,32;64,64;64,128;64,256;64,512;64,1024;64,2048;64,4096;64,8192;64,16;64,32;64,64;64,128;64,256;64,512;64,1024;64,2048;64,4096;64,8192;64,16;64,32;64,64;64,128;64,256;64,512;64,1024;64,2048;64,4096;64,8192;64,16;64,32;64,64;64,128;64,256;64,512;64,1024;64,2048;64,4096;64,8192;64,16;64,32;64,64;64,128;64,256;64,512;64,1024;64,2048;64,4096;64,8192;64,16;64,32;64,64;64,128""",FLOAT16;FLOAT16;FLOAT16;FLOAT16;FLOAT16;FLOAT16;FLOAT16;FLOAT16;FLOAT16;FLOAT16;FLOAT16;FLOAT16;FLOAT16;FLOAT16;FLOAT16;FLOAT16;FLOAT16;FLOAT16;FLOAT16;FLOAT16;FLOAT16;FLOAT16;FLOAT16;FLOAT16;FLOAT16;FLOAT16;FLOAT16;FLOAT16;FLOAT16;FLOAT16;FLOAT16;FLOAT16;FLOAT16;FLOAT16;FLOAT16;FLOAT16;FLOAT16;FLOAT16;FLOAT16;FLOAT16;FLOAT16;FLOAT16;FLOAT16;FLOAT16;FLOAT16;FLOAT16;FLOAT16;FLOAT16;FLOAT16;FLOAT16;FLOAT16;FLOAT16;FLOAT16;FLOAT16;FLOAT16;FLOAT16;FLOAT16;FLOAT16;FLOAT16;FLOAT16;FLOAT16;FLOAT16;FLOAT16;FLOAT16,ND;ND;ND;ND;ND;ND;ND;ND;ND;ND;ND;ND;ND;ND;ND;ND;ND;ND;ND;ND;ND;ND;ND;ND;ND;ND;ND;ND;ND;ND;ND;ND;ND;ND;ND;ND;ND;ND;ND;ND;ND;ND;ND;ND;ND;ND;ND;ND;ND;ND;ND;ND;ND;ND;ND;ND;ND;ND;ND;ND;ND;ND;ND;ND,"""64,98448""",FLOAT16,ND,N/A,0.0,0,0.0,0.0,0.0,0.0,0.0,0.0,0.0,0.0,0.0,0.0,0.0,36.645,2418584,0.017,0.0,9.6,0.262,21.658,0.591,11.454,0.313,0.0,0.000
0,4294967295,552,47,aclnnMul_MulAiCore_Mul,Mul,dynamic,AI_VECTOR_CORE,1785698306440905.597	,333.606,0.000000,40,0,NO,"""4096,4096;4096,4096""",FLOAT;FLOAT,ND;ND,"""4096,4096""",FLOAT,ND,N/A,0.0,0,0.0,0.0,0.0,0.0,0.0,0.0,0.0,0.0,0.0,0.0,0.0,331.548,21882176,6.784,0.02,3.15,0.01,329.831,0.995,112.605,0.34,0.0,0.000
0,4294967295,553,47,Concat,Concat,dynamic,AI_VECTOR_CORE,1785698306441239.243	,41.281,0.144000,40,0,NO,"""64,16;64,32;64,64;64,128;64,256;64,512;64,1024;64,2048;64,4096;64,8192;64,16;64,32;64,64;64,128;64,256;64,512;64,1024;64,2048;64,4096;64,8192;64,16;64,32;64,64;64,128;64,256;64,512;64,1024;64,2048;64,4096;64,8192;64,16;64,32;64,64;64,128;64,256;64,512;64,1024;64,2048;64,4096;64,8192;64,16;64,32;64,64;64,128;64,256;64,512;64,1024;64,2048;64,4096;64,8192;64,16;64,32;64,64;64,128;64,256;64,512;64,1024;64,2048;64,4096;64,8192;64,16;64,32;64,64;64,128""",FLOAT16;FLOAT16;FLOAT16;FLOAT16;FLOAT16;FLOAT16;FLOAT16;FLOAT16;FLOAT16;FLOAT16;FLOAT16;FLOAT16;FLOAT16;FLOAT16;FLOAT16;FLOAT16;FLOAT16;FLOAT16;FLOAT16;FLOAT16;FLOAT16;FLOAT16;FLOAT16;FLOAT16;FLOAT16;FLOAT16;FLOAT16;FLOAT16;FLOAT16;FLOAT16;FLOAT16;FLOAT16;FLOAT16;FLOAT16;FLOAT16;FLOAT16;FLOAT16;FLOAT16;FLOAT16;FLOAT16;FLOAT16;FLOAT16;FLOAT16;FLOAT16;FLOAT16;FLOAT16;FLOAT16;FLOAT16;FLOAT16;FLOAT16;FLOAT16;FLOAT16;FLOAT16;FLOAT16;FLOAT16;FLOAT16;FLOAT16;FLOAT16;FLOAT16;FLOAT16;FLOAT16;FLOAT16;FLOAT16;FLOAT16,ND;ND;ND;ND;ND;ND;ND;ND;ND;ND;ND;ND;ND;ND;ND;ND;ND;ND;ND;ND;ND;ND;ND;ND;ND;ND;ND;ND;ND;ND;ND;ND;ND;ND;ND;ND;ND;ND;ND;ND;ND;ND;ND;ND;ND;ND;ND;ND;ND;ND;ND;ND;ND;ND;ND;ND;ND;ND;ND;ND;ND;ND;ND;ND,"""64,98448""",FLOAT16,ND,N/A,0.0,0,0.0,0.0,0.0,0.0,0.0,0.0,0.0,0.0,0.0,0.0,0.0,38.266,2525584,0.017,0.0,14.141,0.37,22.501,0.588,11.569,0.302,0.0,0.000
0,4294967295,554,47,aclnnMul_MulAiCore_Mul,Mul,dynamic,AI_VECTOR_CORE,1785698306441280.544	,333.587,0.000000,40,0,NO,"""4096,4096;4096,4096""",FLOAT;FLOAT,ND;ND,"""4096,4096""",FLOAT,ND,N/A,0.0,0,0.0,0.0,0.0,0.0,0.0,0.0,0.0,0.0,0.0,0.0,0.0,331.734,21894442,6.784,0.02,3.017,0.009,330.177,0.995,110.888,0.334,0.0,0.000
0,4294967295,555,47,Concat,Concat,dynamic,AI_VECTOR_CORE,1785698306441614.151	,40.521,0.163000,40,0,NO,"""64,16;64,32;64,64;64,128;64,256;64,512;64,1024;64,2048;64,4096;64,8192;64,16;64,32;64,64;64,128;64,256;64,512;64,1024;64,2048;64,4096;64,8192;64,16;64,32;64,64;64,128;64,256;64,512;64,1024;64,2048;64,4096;64,8192;64,16;64,32;64,64;64,128;64,256;64,512;64,1024;64,2048;64,4096;64,8192;64,16;64,32;64,64;64,128;64,256;64,512;64,1024;64,2048;64,4096;64,8192;64,16;64,32;64,64;64,128;64,256;64,512;64,1024;64,2048;64,4096;64,8192;64,16;64,32;64,64;64,128""",FLOAT16;FLOAT16;FLOAT16;FLOAT16;FLOAT16;FLOAT16;FLOAT16;FLOAT16;FLOAT16;FLOAT16;FLOAT16;FLOAT16;FLOAT16;FLOAT16;FLOAT16;FLOAT16;FLOAT16;FLOAT16;FLOAT16;FLOAT16;FLOAT16;FLOAT16;FLOAT16;FLOAT16;FLOAT16;FLOAT16;FLOAT16;FLOAT16;FLOAT16;FLOAT16;FLOAT16;FLOAT16;FLOAT16;FLOAT16;FLOAT16;FLOAT16;FLOAT16;FLOAT16;FLOAT16;FLOAT16;FLOAT16;FLOAT16;FLOAT16;FLOAT16;FLOAT16;FLOAT16;FLOAT16;FLOAT16;FLOAT16;FLOAT16;FLOAT16;FLOAT16;FLOAT16;FLOAT16;FLOAT16;FLOAT16;FLOAT16;FLOAT16;FLOAT16;FLOAT16;FLOAT16;FLOAT16;FLOAT16;FLOAT16,ND;ND;ND;ND;ND;ND;ND;ND;ND;ND;ND;ND;ND;ND;ND;ND;ND;ND;ND;ND;ND;ND;ND;ND;ND;ND;ND;ND;ND;ND;ND;ND;ND;ND;ND;ND;ND;ND;ND;ND;ND;ND;ND;ND;ND;ND;ND;ND;ND;ND;ND;ND;ND;ND;ND;ND;ND;ND;ND;ND;ND;ND;ND;ND,"""64,98448""",FLOAT16,ND,N/A,0.0,0,0.0,0.0,0.0,0.0,0.0,0.0,0.0,0.0,0.0,0.0,0.0,36.932,2437499,0.017,0.0,13.737,0.372,21.611,0.585,11.298,0.306,0.0,0.000
0,4294967295,556,47,aclnnMul_MulAiCore_Mul,Mul,dynamic,AI_VECTOR_CORE,1785698306441654.692	,333.766,0.000000,40,0,NO,"""4096,4096;4096,4096""",FLOAT;FLOAT,ND;ND,"""4096,4096""",FLOAT,ND,N/A,0.0,0,0.0,0.0,0.0,0.0,0.0,0.0,0.0,0.0,0.0,0.0,0.0,331.447,21875503,6.784,0.02,3.13,0.009,329.809,0.995,112.002,0.338,0.0,0.000
0,4294967295,557,47,Concat,Concat,dynamic,AI_VECTOR_CORE,1785698306441988.478	,39.341,0.000000,40,0,NO,"""64,16;64,32;64,64;64,128;64,256;64,512;64,1024;64,2048;64,4096;64,8192;64,16;64,32;64,64;64,128;64,256;64,512;64,1024;64,2048;64,4096;64,8192;64,16;64,32;64,64;64,128;64,256;64,512;64,1024;64,2048;64,4096;64,8192;64,16;64,32;64,64;64,128;64,256;64,512;64,1024;64,2048;64,4096;64,8192;64,16;64,32;64,64;64,128;64,256;64,512;64,1024;64,2048;64,4096;64,8192;64,16;64,32;64,64;64,128;64,256;64,512;64,1024;64,2048;64,4096;64,8192;64,16;64,32;64,64;64,128""",FLOAT16;FLOAT16;FLOAT16;FLOAT16;FLOAT16;FLOAT16;FLOAT16;FLOAT16;FLOAT16;FLOAT16;FLOAT16;FLOAT16;FLOAT16;FLOAT16;FLOAT16;FLOAT16;FLOAT16;FLOAT16;FLOAT16;FLOAT16;FLOAT16;FLOAT16;FLOAT16;FLOAT16;FLOAT16;FLOAT16;FLOAT16;FLOAT16;FLOAT16;FLOAT16;FLOAT16;FLOAT16;FLOAT16;FLOAT16;FLOAT16;FLOAT16;FLOAT16;FLOAT16;FLOAT16;FLOAT16;FLOAT16;FLOAT16;FLOAT16;FLOAT16;FLOAT16;FLOAT16;FLOAT16;FLOAT16;FLOAT16;FLOAT16;FLOAT16;FLOAT16;FLOAT16;FLOAT16;FLOAT16;FLOAT16;FLOAT16;FLOAT16;FLOAT16;FLOAT16;FLOAT16;FLOAT16;FLOAT16;FLOAT16,ND;ND;ND;ND;ND;ND;ND;ND;ND;ND;ND;ND;ND;ND;ND;ND;ND;ND;ND;ND;ND;ND;ND;ND;ND;ND;ND;ND;ND;ND;ND;ND;ND;ND;ND;ND;ND;ND;ND;ND;ND;ND;ND;ND;ND;ND;ND;ND;ND;ND;ND;ND;ND;ND;ND;ND;ND;ND;ND;ND;ND;ND;ND;ND,"""64,98448""",FLOAT16,ND,N/A,0.0,0,0.0,0.0,0.0,0.0,0.0,0.0,0.0,0.0,0.0,0.0,0.0,36.479,2407626,0.017,0.0,12.694,0.348,21.502,0.589,11.326,0.31,0.0,0.000
0,4294967295,558,47,aclnnMul_MulAiCore_Mul,Mul,dynamic,AI_VECTOR_CORE,1785698306442027.839	,332.887,0.000000,40,0,NO,"""4096,4096;4096,4096""",FLOAT;FLOAT,ND;ND,"""4096,4096""",FLOAT,ND,N/A,0.0,0,0.0,0.0,0.0,0.0,0.0,0.0,0.0,0.0,0.0,0.0,0.0,330.447,21809483,6.784,0.021,2.978,0.009,328.929,0.995,111.796,0.338,0.0,0.000
0,4294967295,559,47,Concat,Concat,dynamic,AI_VECTOR_CORE,1785698306442360.746	,39.581,0.113000,40,0,NO,"""64,16;64,32;64,64;64,128;64,256;64,512;64,1024;64,2048;64,4096;64,8192;64,16;64,32;64,64;64,128;64,256;64,512;64,1024;64,2048;64,4096;64,8192;64,16;64,32;64,64;64,128;64,256;64,512;64,1024;64,2048;64,4096;64,8192;64,16;64,32;64,64;64,128;64,256;64,512;64,1024;64,2048;64,4096;64,8192;64,16;64,32;64,64;64,128;64,256;64,512;64,1024;64,2048;64,4096;64,8192;64,16;64,32;64,64;64,128;64,256;64,512;64,1024;64,2048;64,4096;64,8192;64,16;64,32;64,64;64,128""",FLOAT16;FLOAT16;FLOAT16;FLOAT16;FLOAT16;FLOAT16;FLOAT16;FLOAT16;FLOAT16;FLOAT16;FLOAT16;FLOAT16;FLOAT16;FLOAT16;FLOAT16;FLOAT16;FLOAT16;FLOAT16;FLOAT16;FLOAT16;FLOAT16;FLOAT16;FLOAT16;FLOAT16;FLOAT16;FLOAT16;FLOAT16;FLOAT16;FLOAT16;FLOAT16;FLOAT16;FLOAT16;FLOAT16;FLOAT16;FLOAT16;FLOAT16;FLOAT16;FLOAT16;FLOAT16;FLOAT16;FLOAT16;FLOAT16;FLOAT16;FLOAT16;FLOAT16;FLOAT16;FLOAT16;FLOAT16;FLOAT16;FLOAT16;FLOAT16;FLOAT16;FLOAT16;FLOAT16;FLOAT16;FLOAT16;FLOAT16;FLOAT16;FLOAT16;FLOAT16;FLOAT16;FLOAT16;FLOAT16;FLOAT16,ND;ND;ND;ND;ND;ND;ND;ND;ND;ND;ND;ND;ND;ND;ND;ND;ND;ND;ND;ND;ND;ND;ND;ND;ND;ND;ND;ND;ND;ND;ND;ND;ND;ND;ND;ND;ND;ND;ND;ND;ND;ND;ND;ND;ND;ND;ND;ND;ND;ND;ND;ND;ND;ND;ND;ND;ND;ND;ND;ND;ND;ND;ND;ND,"""64,98448""",FLOAT16,ND,N/A,0.0,0,0.0,0.0,0.0,0.0,0.0,0.0,0.0,0.0,0.0,0.0,0.0,36.299,2395734,0.017,0.0,12.688,0.35,21.128,0.582,11.118,0.306,0.0,0.000
0,4294967295,560,47,aclnnMul_MulAiCore_Mul,Mul,dynamic,AI_VECTOR_CORE,1785698306442400.347	,332.646,0.000000,40,0,NO,"""4096,4096;4096,4096""",FLOAT;FLOAT,ND;ND,"""4096,4096""",FLOAT,ND,N/A,0.0,0,0.0,0.0,0.0,0.0,0.0,0.0,0.0,0.0,0.0,0.0,0.0,330.425,21808059,6.784,0.021,3.009,0.009,328.829,0.995,111.085,0.336,0.0,0.000
0,4294967295,561,47,Concat,Concat,dynamic,AI_VECTOR_CORE,1785698306442733.013	,40.761,0.104000,40,0,NO,"""64,16;64,32;64,64;64,128;64,256;64,512;64,1024;64,2048;64,4096;64,8192;64,16;64,32;64,64;64,128;64,256;64,512;64,1024;64,2048;64,4096;64,8192;64,16;64,32;64,64;64,128;64,256;64,512;64,1024;64,2048;64,4096;64,8192;64,16;64,32;64,64;64,128;64,256;64,512;64,1024;64,2048;64,4096;64,8192;64,16;64,32;64,64;64,128;64,256;64,512;64,1024;64,2048;64,4096;64,8192;64,16;64,32;64,64;64,128;64,256;64,512;64,1024;64,2048;64,4096;64,8192;64,16;64,32;64,64;64,128""",FLOAT16;FLOAT16;FLOAT16;FLOAT16;FLOAT16;FLOAT16;FLOAT16;FLOAT16;FLOAT16;FLOAT16;FLOAT16;FLOAT16;FLOAT16;FLOAT16;FLOAT16;FLOAT16;FLOAT16;FLOAT16;FLOAT16;FLOAT16;FLOAT16;FLOAT16;FLOAT16;FLOAT16;FLOAT16;FLOAT16;FLOAT16;FLOAT16;FLOAT16;FLOAT16;FLOAT16;FLOAT16;FLOAT16;FLOAT16;FLOAT16;FLOAT16;FLOAT16;FLOAT16;FLOAT16;FLOAT16;FLOAT16;FLOAT16;FLOAT16;FLOAT16;FLOAT16;FLOAT16;FLOAT16;FLOAT16;FLOAT16;FLOAT16;FLOAT16;FLOAT16;FLOAT16;FLOAT16;FLOAT16;FLOAT16;FLOAT16;FLOAT16;FLOAT16;FLOAT16;FLOAT16;FLOAT16;FLOAT16;FLOAT16,ND;ND;ND;ND;ND;ND;ND;ND;ND;ND;ND;ND;ND;ND;ND;ND;ND;ND;ND;ND;ND;ND;ND;ND;ND;ND;ND;ND;ND;ND;ND;ND;ND;ND;ND;ND;ND;ND;ND;ND;ND;ND;ND;ND;ND;ND;ND;ND;ND;ND;ND;ND;ND;ND;ND;ND;ND;ND;ND;ND;ND;ND;ND;ND,"""64,98448""",FLOAT16,ND,N/A,0.0,0,0.0,0.0,0.0,0.0,0.0,0.0,0.0,0.0,0.0,0.0,0.0,37.671,2486261,0.017,0.0,8.333,0.221,22.277,0.591,11.668,0.31,0.0,0.000
0,4294967295,562,47,aclnnMul_MulAiCore_Mul,Mul,dynamic,AI_VECTOR_CORE,1785698306442773.814	,333.087,0.000000,40,0,NO,"""4096,4096;4096,4096""",FLOAT;FLOAT,ND;ND,"""4096,4096""",FLOAT,ND,N/A,0.0,0,0.0,0.0,0.0,0.0,0.0,0.0,0.0,0.0,0.0,0.0,0.0,330.789,21832081,6.784,0.021,3.07,0.009,329.163,0.995,110.405,0.334,0.0,0.000
0,4294967295,563,47,Concat,Concat,dynamic,AI_VECTOR_CORE,1785698306443106.921	,41.581,0.163000,40,0,NO,"""64,16;64,32;64,64;64,128;64,256;64,512;64,1024;64,2048;64,4096;64,8192;64,16;64,32;64,64;64,128;64,256;64,512;64,1024;64,2048;64,4096;64,8192;64,16;64,32;64,64;64,128;64,256;64,512;64,1024;64,2048;64,4096;64,8192;64,16;64,32;64,64;64,128;64,256;64,512;64,1024;64,2048;64,4096;64,8192;64,16;64,32;64,64;64,128;64,256;64,512;64,1024;64,2048;64,4096;64,8192;64,16;64,32;64,64;64,128;64,256;64,512;64,1024;64,2048;64,4096;64,8192;64,16;64,32;64,64;64,128""",FLOAT16;FLOAT16;FLOAT16;FLOAT16;FLOAT16;FLOAT16;FLOAT16;FLOAT16;FLOAT16;FLOAT16;FLOAT16;FLOAT16;FLOAT16;FLOAT16;FLOAT16;FLOAT16;FLOAT16;FLOAT16;FLOAT16;FLOAT16;FLOAT16;FLOAT16;FLOAT16;FLOAT16;FLOAT16;FLOAT16;FLOAT16;FLOAT16;FLOAT16;FLOAT16;FLOAT16;FLOAT16;FLOAT16;FLOAT16;FLOAT16;FLOAT16;FLOAT16;FLOAT16;FLOAT16;FLOAT16;FLOAT16;FLOAT16;FLOAT16;FLOAT16;FLOAT16;FLOAT16;FLOAT16;FLOAT16;FLOAT16;FLOAT16;FLOAT16;FLOAT16;FLOAT16;FLOAT16;FLOAT16;FLOAT16;FLOAT16;FLOAT16;FLOAT16;FLOAT16;FLOAT16;FLOAT16;FLOAT16;FLOAT16,ND;ND;ND;ND;ND;ND;ND;ND;ND;ND;ND;ND;ND;ND;ND;ND;ND;ND;ND;ND;ND;ND;ND;ND;ND;ND;ND;ND;ND;ND;ND;ND;ND;ND;ND;ND;ND;ND;ND;ND;ND;ND;ND;ND;ND;ND;ND;ND;ND;ND;ND;ND;ND;ND;ND;ND;ND;ND;ND;ND;ND;ND;ND;ND,"""64,98448""",FLOAT16,ND,N/A,0.0,0,0.0,0.0,0.0,0.0,0.0,0.0,0.0,0.0,0.0,0.0,0.0,38.544,2543899,0.017,0.0,7.369,0.191,23.184,0.601,11.724,0.304,0.0,0.000
0,4294967295,564,47,aclnnMul_MulAiCore_Mul,Mul,dynamic,AI_VECTOR_CORE,1785698306443148.522	,333.506,0.000000,40,0,NO,"""4096,4096;4096,4096""",FLOAT;FLOAT,ND;ND,"""4096,4096""",FLOAT,ND,N/A,0.0,0,0.0,0.0,0.0,0.0,0.0,0.0,0.0,0.0,0.0,0.0,0.0,331.278,21864373,6.784,0.02,2.899,0.009,329.824,0.996,112.285,0.339,0.0,0.000
0,4294967295,565,47,Concat,Concat,dynamic,AI_VECTOR_CORE,1785698306443482.048	,40.121,0.000000,40,0,NO,"""64,16;64,32;64,64;64,128;64,256;64,512;64,1024;64,2048;64,4096;64,8192;64,16;64,32;64,64;64,128;64,256;64,512;64,1024;64,2048;64,4096;64,8192;64,16;64,32;64,64;64,128;64,256;64,512;64,1024;64,2048;64,4096;64,8192;64,16;64,32;64,64;64,128;64,256;64,512;64,1024;64,2048;64,4096;64,8192;64,16;64,32;64,64;64,128;64,256;64,512;64,1024;64,2048;64,4096;64,8192;64,16;64,32;64,64;64,128;64,256;64,512;64,1024;64,2048;64,4096;64,8192;64,16;64,32;64,64;64,128""",FLOAT16;FLOAT16;FLOAT16;FLOAT16;FLOAT16;FLOAT16;FLOAT16;FLOAT16;FLOAT16;FLOAT16;FLOAT16;FLOAT16;FLOAT16;FLOAT16;FLOAT16;FLOAT16;FLOAT16;FLOAT16;FLOAT16;FLOAT16;FLOAT16;FLOAT16;FLOAT16;FLOAT16;FLOAT16;FLOAT16;FLOAT16;FLOAT16;FLOAT16;FLOAT16;FLOAT16;FLOAT16;FLOAT16;FLOAT16;FLOAT16;FLOAT16;FLOAT16;FLOAT16;FLOAT16;FLOAT16;FLOAT16;FLOAT16;FLOAT16;FLOAT16;FLOAT16;FLOAT16;FLOAT16;FLOAT16;FLOAT16;FLOAT16;FLOAT16;FLOAT16;FLOAT16;FLOAT16;FLOAT16;FLOAT16;FLOAT16;FLOAT16;FLOAT16;FLOAT16;FLOAT16;FLOAT16;FLOAT16;FLOAT16,ND;ND;ND;ND;ND;ND;ND;ND;ND;ND;ND;ND;ND;ND;ND;ND;ND;ND;ND;ND;ND;ND;ND;ND;ND;ND;ND;ND;ND;ND;ND;ND;ND;ND;ND;ND;ND;ND;ND;ND;ND;ND;ND;ND;ND;ND;ND;ND;ND;ND;ND;ND;ND;ND;ND;ND;ND;ND;ND;ND;ND;ND;ND;ND,"""64,98448""",FLOAT16,ND,N/A,0.0,0,0.0,0.0,0.0,0.0,0.0,0.0,0.0,0.0,0.0,0.0,0.0,36.716,2423245,0.017,0.0,10.444,0.284,21.681,0.59,11.349,0.309,0.0,0.000
0,4294967295,566,47,aclnnMul_MulAiCore_Mul,Mul,dynamic,AI_VECTOR_CORE,1785698306443522.189	,333.647,0.129000,40,0,NO,"""4096,4096;4096,4096""",FLOAT;FLOAT,ND;ND,"""4096,4096""",FLOAT,ND,N/A,0.0,0,0.0,0.0,0.0,0.0,0.0,0.0,0.0,0.0,0.0,0.0,0.0,331.481,21877717,6.784,0.02,3.006,0.009,329.942,0.995,111.605,0.337,0.0,0.000
0,4294967295,567,47,Concat,Concat,dynamic,AI_VECTOR_CORE,1785698306443855.856	,40.301,0.000000,40,0,NO,"""64,16;64,32;64,64;64,128;64,256;64,512;64,1024;64,2048;64,4096;64,8192;64,16;64,32;64,64;64,128;64,256;64,512;64,1024;64,2048;64,4096;64,8192;64,16;64,32;64,64;64,128;64,256;64,512;64,1024;64,2048;64,4096;64,8192;64,16;64,32;64,64;64,128;64,256;64,512;64,1024;64,2048;64,4096;64,8192;64,16;64,32;64,64;64,128;64,256;64,512;64,1024;64,2048;64,4096;64,8192;64,16;64,32;64,64;64,128;64,256;64,512;64,1024;64,2048;64,4096;64,8192;64,16;64,32;64,64;64,128""",FLOAT16;FLOAT16;FLOAT16;FLOAT16;FLOAT16;FLOAT16;FLOAT16;FLOAT16;FLOAT16;FLOAT16;FLOAT16;FLOAT16;FLOAT16;FLOAT16;FLOAT16;FLOAT16;FLOAT16;FLOAT16;FLOAT16;FLOAT16;FLOAT16;FLOAT16;FLOAT16;FLOAT16;FLOAT16;FLOAT16;FLOAT16;FLOAT16;FLOAT16;FLOAT16;FLOAT16;FLOAT16;FLOAT16;FLOAT16;FLOAT16;FLOAT16;FLOAT16;FLOAT16;FLOAT16;FLOAT16;FLOAT16;FLOAT16;FLOAT16;FLOAT16;FLOAT16;FLOAT16;FLOAT16;FLOAT16;FLOAT16;FLOAT16;FLOAT16;FLOAT16;FLOAT16;FLOAT16;FLOAT16;FLOAT16;FLOAT16;FLOAT16;FLOAT16;FLOAT16;FLOAT16;FLOAT16;FLOAT16;FLOAT16,ND;ND;ND;ND;ND;ND;ND;ND;ND;ND;ND;ND;ND;ND;ND;ND;ND;ND;ND;ND;ND;ND;ND;ND;ND;ND;ND;ND;ND;ND;ND;ND;ND;ND;ND;ND;ND;ND;ND;ND;ND;ND;ND;ND;ND;ND;ND;ND;ND;ND;ND;ND;ND;ND;ND;ND;ND;ND;ND;ND;ND;ND;ND;ND,"""64,98448""",FLOAT16,ND,N/A,0.0,0,0.0,0.0,0.0,0.0,0.0,0.0,0.0,0.0,0.0,0.0,0.0,37.482,2473837,0.017,0.0,10.768,0.287,22.249,0.594,11.642,0.311,0.0,0.000
0,4294967295,568,47,aclnnMul_MulAiCore_Mul,Mul,dynamic,AI_VECTOR_CORE,1785698306443896.197	,333.686,0.199000,40,0,NO,"""4096,4096;4096,4096""",FLOAT;FLOAT,ND;ND,"""4096,4096""",FLOAT,ND,N/A,0.0,0,0.0,0.0,0.0,0.0,0.0,0.0,0.0,0.0,0.0,0.0,0.0,331.742,21894983,6.784,0.02,3.043,0.009,330.156,0.995,112.751,0.34,0.0,0.000
0,4294967295,569,47,Concat,Concat,dynamic,AI_VECTOR_CORE,1785698306444229.903	,40.661,0.064000,40,0,NO,"""64,16;64,32;64,64;64,128;64,256;64,512;64,1024;64,2048;64,4096;64,8192;64,16;64,32;64,64;64,128;64,256;64,512;64,1024;64,2048;64,4096;64,8192;64,16;64,32;64,64;64,128;64,256;64,512;64,1024;64,2048;64,4096;64,8192;64,16;64,32;64,64;64,128;64,256;64,512;64,1024;64,2048;64,4096;64,8192;64,16;64,32;64,64;64,128;64,256;64,512;64,1024;64,2048;64,4096;64,8192;64,16;64,32;64,64;64,128;64,256;64,512;64,1024;64,2048;64,4096;64,8192;64,16;64,32;64,64;64,128""",FLOAT16;FLOAT16;FLOAT16;FLOAT16;FLOAT16;FLOAT16;FLOAT16;FLOAT16;FLOAT16;FLOAT16;FLOAT16;FLOAT16;FLOAT16;FLOAT16;FLOAT16;FLOAT16;FLOAT16;FLOAT16;FLOAT16;FLOAT16;FLOAT16;FLOAT16;FLOAT16;FLOAT16;FLOAT16;FLOAT16;FLOAT16;FLOAT16;FLOAT16;FLOAT16;FLOAT16;FLOAT16;FLOAT16;FLOAT16;FLOAT16;FLOAT16;FLOAT16;FLOAT16;FLOAT16;FLOAT16;FLOAT16;FLOAT16;FLOAT16;FLOAT16;FLOAT16;FLOAT16;FLOAT16;FLOAT16;FLOAT16;FLOAT16;FLOAT16;FLOAT16;FLOAT16;FLOAT16;FLOAT16;FLOAT16;FLOAT16;FLOAT16;FLOAT16;FLOAT16;FLOAT16;FLOAT16;FLOAT16;FLOAT16,ND;ND;ND;ND;ND;ND;ND;ND;ND;ND;ND;ND;ND;ND;ND;ND;ND;ND;ND;ND;ND;ND;ND;ND;ND;ND;ND;ND;ND;ND;ND;ND;ND;ND;ND;ND;ND;ND;ND;ND;ND;ND;ND;ND;ND;ND;ND;ND;ND;ND;ND;ND;ND;ND;ND;ND;ND;ND;ND;ND;ND;ND;ND;ND,"""64,98448""",FLOAT16,ND,N/A,0.0,0,0.0,0.0,0.0,0.0,0.0,0.0,0.0,0.0,0.0,0.0,0.0,37.699,2488130,0.017,0.0,12.066,0.32,21.846,0.579,11.93,0.316,0.0,0.000
0,4294967295,570,47,aclnnMul_MulAiCore_Mul,Mul,dynamic,AI_VECTOR_CORE,1785698306444270.584	,333.227,0.000000,40,0,NO,"""4096,4096;4096,4096""",FLOAT;FLOAT,ND;ND,"""4096,4096""",FLOAT,ND,N/A,0.0,0,0.0,0.0,0.0,0.0,0.0,0.0,0.0,0.0,0.0,0.0,0.0,330.755,21829824,6.784,0.021,3.145,0.01,329.056,0.995,110.325,0.334,0.0,0.000
0,4294967295,571,47,Concat,Concat,dynamic,AI_VECTOR_CORE,1785698306444603.831	,41.321,0.023000,40,0,NO,"""64,16;64,32;64,64;64,128;64,256;64,512;64,1024;64,2048;64,4096;64,8192;64,16;64,32;64,64;64,128;64,256;64,512;64,1024;64,2048;64,4096;64,8192;64,16;64,32;64,64;64,128;64,256;64,512;64,1024;64,2048;64,4096;64,8192;64,16;64,32;64,64;64,128;64,256;64,512;64,1024;64,2048;64,4096;64,8192;64,16;64,32;64,64;64,128;64,256;64,512;64,1024;64,2048;64,4096;64,8192;64,16;64,32;64,64;64,128;64,256;64,512;64,1024;64,2048;64,4096;64,8192;64,16;64,32;64,64;64,128""",FLOAT16;FLOAT16;FLOAT16;FLOAT16;FLOAT16;FLOAT16;FLOAT16;FLOAT16;FLOAT16;FLOAT16;FLOAT16;FLOAT16;FLOAT16;FLOAT16;FLOAT16;FLOAT16;FLOAT16;FLOAT16;FLOAT16;FLOAT16;FLOAT16;FLOAT16;FLOAT16;FLOAT16;FLOAT16;FLOAT16;FLOAT16;FLOAT16;FLOAT16;FLOAT16;FLOAT16;FLOAT16;FLOAT16;FLOAT16;FLOAT16;FLOAT16;FLOAT16;FLOAT16;FLOAT16;FLOAT16;FLOAT16;FLOAT16;FLOAT16;FLOAT16;FLOAT16;FLOAT16;FLOAT16;FLOAT16;FLOAT16;FLOAT16;FLOAT16;FLOAT16;FLOAT16;FLOAT16;FLOAT16;FLOAT16;FLOAT16;FLOAT16;FLOAT16;FLOAT16;FLOAT16;FLOAT16;FLOAT16;FLOAT16,ND;ND;ND;ND;ND;ND;ND;ND;ND;ND;ND;ND;ND;ND;ND;ND;ND;ND;ND;ND;ND;ND;ND;ND;ND;ND;ND;ND;ND;ND;ND;ND;ND;ND;ND;ND;ND;ND;ND;ND;ND;ND;ND;ND;ND;ND;ND;ND;ND;ND;ND;ND;ND;ND;ND;ND;ND;ND;ND;ND;ND;ND;ND;ND,"""64,98448""",FLOAT16,ND,N/A,0.0,0,0.0,0.0,0.0,0.0,0.0,0.0,0.0,0.0,0.0,0.0,0.0,38.517,2542123,0.017,0.0,15.446,0.401,22.41,0.582,11.26,0.292,0.0,0.000
0,4294967295,572,47,aclnnMul_MulAiCore_Mul,Mul,dynamic,AI_VECTOR_CORE,1785698306444645.172	,333.386,0.179000,40,0,NO,"""4096,4096;4096,4096""",FLOAT;FLOAT,ND;ND,"""4096,4096""",FLOAT,ND,N/A,0.0,0,0.0,0.0,0.0,0.0,0.0,0.0,0.0,0.0,0.0,0.0,0.0,331.289,21865053,6.784,0.02,2.99,0.009,329.79,0.995,111.417,0.336,0.0,0.000
0,4294967295,573,47,Concat,Concat,dynamic,AI_VECTOR_CORE,1785698306444978.578	,39.881,0.000000,40,0,NO,"""64,16;64,32;64,64;64,128;64,256;64,512;64,1024;64,2048;64,4096;64,8192;64,16;64,32;64,64;64,128;64,256;64,512;64,1024;64,2048;64,4096;64,8192;64,16;64,32;64,64;64,128;64,256;64,512;64,1024;64,2048;64,4096;64,8192;64,16;64,32;64,64;64,128;64,256;64,512;64,1024;64,2048;64,4096;64,8192;64,16;64,32;64,64;64,128;64,256;64,512;64,1024;64,2048;64,4096;64,8192;64,16;64,32;64,64;64,128;64,256;64,512;64,1024;64,2048;64,4096;64,8192;64,16;64,32;64,64;64,128""",FLOAT16;FLOAT16;FLOAT16;FLOAT16;FLOAT16;FLOAT16;FLOAT16;FLOAT16;FLOAT16;FLOAT16;FLOAT16;FLOAT16;FLOAT16;FLOAT16;FLOAT16;FLOAT16;FLOAT16;FLOAT16;FLOAT16;FLOAT16;FLOAT16;FLOAT16;FLOAT16;FLOAT16;FLOAT16;FLOAT16;FLOAT16;FLOAT16;FLOAT16;FLOAT16;FLOAT16;FLOAT16;FLOAT16;FLOAT16;FLOAT16;FLOAT16;FLOAT16;FLOAT16;FLOAT16;FLOAT16;FLOAT16;FLOAT16;FLOAT16;FLOAT16;FLOAT16;FLOAT16;FLOAT16;FLOAT16;FLOAT16;FLOAT16;FLOAT16;FLOAT16;FLOAT16;FLOAT16;FLOAT16;FLOAT16;FLOAT16;FLOAT16;FLOAT16;FLOAT16;FLOAT16;FLOAT16;FLOAT16;FLOAT16,ND;ND;ND;ND;ND;ND;ND;ND;ND;ND;ND;ND;ND;ND;ND;ND;ND;ND;ND;ND;ND;ND;ND;ND;ND;ND;ND;ND;ND;ND;ND;ND;ND;ND;ND;ND;ND;ND;ND;ND;ND;ND;ND;ND;ND;ND;ND;ND;ND;ND;ND;ND;ND;ND;ND;ND;ND;ND;ND;ND;ND;ND;ND;ND,"""64,98448""",FLOAT16,ND,N/A,0.0,0,0.0,0.0,0.0,0.0,0.0,0.0,0.0,0.0,0.0,0.0,0.0,36.574,2413884,0.017,0.0,12.68,0.347,21.655,0.592,11.045,0.302,0.0,0.000
0,4294967295,574,47,aclnnMul_MulAiCore_Mul,Mul,dynamic,AI_VECTOR_CORE,1785698306445018.499	,333.967,0.119000,40,0,NO,"""4096,4096;4096,4096""",FLOAT;FLOAT,ND;ND,"""4096,4096""",FLOAT,ND,N/A,0.0,0,0.0,0.0,0.0,0.0,0.0,0.0,0.0,0.0,0.0,0.0,0.0,331.641,21888298,6.784,0.02,3.093,0.009,330.005,0.995,113.617,0.343,0.0,0.000
0,4294967295,575,47,Concat,Concat,dynamic,AI_VECTOR_CORE,1785698306445352.486	,39.220,0.033000,40,0,NO,"""64,16;64,32;64,64;64,128;64,256;64,512;64,1024;64,2048;64,4096;64,8192;64,16;64,32;64,64;64,128;64,256;64,512;64,1024;64,2048;64,4096;64,8192;64,16;64,32;64,64;64,128;64,256;64,512;64,1024;64,2048;64,4096;64,8192;64,16;64,32;64,64;64,128;64,256;64,512;64,1024;64,2048;64,4096;64,8192;64,16;64,32;64,64;64,128;64,256;64,512;64,1024;64,2048;64,4096;64,8192;64,16;64,32;64,64;64,128;64,256;64,512;64,1024;64,2048;64,4096;64,8192;64,16;64,32;64,64;64,128""",FLOAT16;FLOAT16;FLOAT16;FLOAT16;FLOAT16;FLOAT16;FLOAT16;FLOAT16;FLOAT16;FLOAT16;FLOAT16;FLOAT16;FLOAT16;FLOAT16;FLOAT16;FLOAT16;FLOAT16;FLOAT16;FLOAT16;FLOAT16;FLOAT16;FLOAT16;FLOAT16;FLOAT16;FLOAT16;FLOAT16;FLOAT16;FLOAT16;FLOAT16;FLOAT16;FLOAT16;FLOAT16;FLOAT16;FLOAT16;FLOAT16;FLOAT16;FLOAT16;FLOAT16;FLOAT16;FLOAT16;FLOAT16;FLOAT16;FLOAT16;FLOAT16;FLOAT16;FLOAT16;FLOAT16;FLOAT16;FLOAT16;FLOAT16;FLOAT16;FLOAT16;FLOAT16;FLOAT16;FLOAT16;FLOAT16;FLOAT16;FLOAT16;FLOAT16;FLOAT16;FLOAT16;FLOAT16;FLOAT16;FLOAT16,ND;ND;ND;ND;ND;ND;ND;ND;ND;ND;ND;ND;ND;ND;ND;ND;ND;ND;ND;ND;ND;ND;ND;ND;ND;ND;ND;ND;ND;ND;ND;ND;ND;ND;ND;ND;ND;ND;ND;ND;ND;ND;ND;ND;ND;ND;ND;ND;ND;ND;ND;ND;ND;ND;ND;ND;ND;ND;ND;ND;ND;ND;ND;ND,"""64,98448""",FLOAT16,ND,N/A,0.0,0,0.0,0.0,0.0,0.0,0.0,0.0,0.0,0.0,0.0,0.0,0.0,35.981,2374775,0.017,0.0,10.816,0.301,21.134,0.587,11.292,0.314,0.0,0.000
0,4294967295,576,47,aclnnMul_MulAiCore_Mul,Mul,dynamic,AI_VECTOR_CORE,1785698306445391.726	,333.447,0.030000,40,0,NO,"""4096,4096;4096,4096""",FLOAT;FLOAT,ND;ND,"""4096,4096""",FLOAT,ND,N/A,0.0,0,0.0,0.0,0.0,0.0,0.0,0.0,0.0,0.0,0.0,0.0,0.0,330.938,21841935,6.784,0.021,2.987,0.009,329.398,0.995,111.67,0.337,0.0,0.000
0,4294967295,577,47,Concat,Concat,dynamic,AI_VECTOR_CORE,1785698306445725.193	,40.401,0.053000,40,0,NO,"""64,16;64,32;64,64;64,128;64,256;64,512;64,1024;64,2048;64,4096;64,8192;64,16;64,32;64,64;64,128;64,256;64,512;64,1024;64,2048;64,4096;64,8192;64,16;64,32;64,64;64,128;64,256;64,512;64,1024;64,2048;64,4096;64,8192;64,16;64,32;64,64;64,128;64,256;64,512;64,1024;64,2048;64,4096;64,8192;64,16;64,32;64,64;64,128;64,256;64,512;64,1024;64,2048;64,4096;64,8192;64,16;64,32;64,64;64,128;64,256;64,512;64,1024;64,2048;64,4096;64,8192;64,16;64,32;64,64;64,128""",FLOAT16;FLOAT16;FLOAT16;FLOAT16;FLOAT16;FLOAT16;FLOAT16;FLOAT16;FLOAT16;FLOAT16;FLOAT16;FLOAT16;FLOAT16;FLOAT16;FLOAT16;FLOAT16;FLOAT16;FLOAT16;FLOAT16;FLOAT16;FLOAT16;FLOAT16;FLOAT16;FLOAT16;FLOAT16;FLOAT16;FLOAT16;FLOAT16;FLOAT16;FLOAT16;FLOAT16;FLOAT16;FLOAT16;FLOAT16;FLOAT16;FLOAT16;FLOAT16;FLOAT16;FLOAT16;FLOAT16;FLOAT16;FLOAT16;FLOAT16;FLOAT16;FLOAT16;FLOAT16;FLOAT16;FLOAT16;FLOAT16;FLOAT16;FLOAT16;FLOAT16;FLOAT16;FLOAT16;FLOAT16;FLOAT16;FLOAT16;FLOAT16;FLOAT16;FLOAT16;FLOAT16;FLOAT16;FLOAT16;FLOAT16,ND;ND;ND;ND;ND;ND;ND;ND;ND;ND;ND;ND;ND;ND;ND;ND;ND;ND;ND;ND;ND;ND;ND;ND;ND;ND;ND;ND;ND;ND;ND;ND;ND;ND;ND;ND;ND;ND;ND;ND;ND;ND;ND;ND;ND;ND;ND;ND;ND;ND;ND;ND;ND;ND;ND;ND;ND;ND;ND;ND;ND;ND;ND;ND,"""64,98448""",FLOAT16,ND,N/A,0.0,0,0.0,0.0,0.0,0.0,0.0,0.0,0.0,0.0,0.0,0.0,0.0,37.507,2475457,0.017,0.0,10.39,0.277,22.397,0.597,11.29,0.301,0.0,0.000
0,4294967295,578,47,aclnnMul_MulAiCore_Mul,Mul,dynamic,AI_VECTOR_CORE,1785698306445765.614	,334.687,0.000000,40,0,NO,"""4096,4096;4096,4096""",FLOAT;FLOAT,ND;ND,"""4096,4096""",FLOAT,ND,N/A,0.0,0,0.0,0.0,0.0,0.0,0.0,0.0,0.0,0.0,0.0,0.0,0.0,331.979,21910587,6.784,0.02,3.08,0.009,330.326,0.995,111.629,0.336,0.0,0.000
0,4294967295,579,47,Concat,Concat,dynamic,AI_VECTOR_CORE,1785698306446100.321	,41.260,0.063000,40,0,NO,"""64,16;64,32;64,64;64,128;64,256;64,512;64,1024;64,2048;64,4096;64,8192;64,16;64,32;64,64;64,128;64,256;64,512;64,1024;64,2048;64,4096;64,8192;64,16;64,32;64,64;64,128;64,256;64,512;64,1024;64,2048;64,4096;64,8192;64,16;64,32;64,64;64,128;64,256;64,512;64,1024;64,2048;64,4096;64,8192;64,16;64,32;64,64;64,128;64,256;64,512;64,1024;64,2048;64,4096;64,8192;64,16;64,32;64,64;64,128;64,256;64,512;64,1024;64,2048;64,4096;64,8192;64,16;64,32;64,64;64,128""",FLOAT16;FLOAT16;FLOAT16;FLOAT16;FLOAT16;FLOAT16;FLOAT16;FLOAT16;FLOAT16;FLOAT16;FLOAT16;FLOAT16;FLOAT16;FLOAT16;FLOAT16;FLOAT16;FLOAT16;FLOAT16;FLOAT16;FLOAT16;FLOAT16;FLOAT16;FLOAT16;FLOAT16;FLOAT16;FLOAT16;FLOAT16;FLOAT16;FLOAT16;FLOAT16;FLOAT16;FLOAT16;FLOAT16;FLOAT16;FLOAT16;FLOAT16;FLOAT16;FLOAT16;FLOAT16;FLOAT16;FLOAT16;FLOAT16;FLOAT16;FLOAT16;FLOAT16;FLOAT16;FLOAT16;FLOAT16;FLOAT16;FLOAT16;FLOAT16;FLOAT16;FLOAT16;FLOAT16;FLOAT16;FLOAT16;FLOAT16;FLOAT16;FLOAT16;FLOAT16;FLOAT16;FLOAT16;FLOAT16;FLOAT16,ND;ND;ND;ND;ND;ND;ND;ND;ND;ND;ND;ND;ND;ND;ND;ND;ND;ND;ND;ND;ND;ND;ND;ND;ND;ND;ND;ND;ND;ND;ND;ND;ND;ND;ND;ND;ND;ND;ND;ND;ND;ND;ND;ND;ND;ND;ND;ND;ND;ND;ND;ND;ND;ND;ND;ND;ND;ND;ND;ND;ND;ND;ND;ND,"""64,98448""",FLOAT16,ND,N/A,0.0,0,0.0,0.0,0.0,0.0,0.0,0.0,0.0,0.0,0.0,0.0,0.0,38.112,2515383,0.017,0.0,6.745,0.177,22.965,0.603,11.587,0.304,0.0,0.000
0,4294967295,580,47,aclnnMul_MulAiCore_Mul,Mul,dynamic,AI_VECTOR_CORE,1785698306446141.601	,333.167,0.000000,40,0,NO,"""4096,4096;4096,4096""",FLOAT;FLOAT,ND;ND,"""4096,4096""",FLOAT,ND,N/A,0.0,0,0.0,0.0,0.0,0.0,0.0,0.0,0.0,0.0,0.0,0.0,0.0,331.122,21854059,6.784,0.02,3.074,0.009,329.558,0.995,110.597,0.334,0.0,0.000
0,4294967295,581,47,Concat,Concat,dynamic,AI_VECTOR_CORE,1785698306446474.808	,40.301,0.083000,40,0,NO,"""64,16;64,32;64,64;64,128;64,256;64,512;64,1024;64,2048;64,4096;64,8192;64,16;64,32;64,64;64,128;64,256;64,512;64,1024;64,2048;64,4096;64,8192;64,16;64,32;64,64;64,128;64,256;64,512;64,1024;64,2048;64,4096;64,8192;64,16;64,32;64,64;64,128;64,256;64,512;64,1024;64,2048;64,4096;64,8192;64,16;64,32;64,64;64,128;64,256;64,512;64,1024;64,2048;64,4096;64,8192;64,16;64,32;64,64;64,128;64,256;64,512;64,1024;64,2048;64,4096;64,8192;64,16;64,32;64,64;64,128""",FLOAT16;FLOAT16;FLOAT16;FLOAT16;FLOAT16;FLOAT16;FLOAT16;FLOAT16;FLOAT16;FLOAT16;FLOAT16;FLOAT16;FLOAT16;FLOAT16;FLOAT16;FLOAT16;FLOAT16;FLOAT16;FLOAT16;FLOAT16;FLOAT16;FLOAT16;FLOAT16;FLOAT16;FLOAT16;FLOAT16;FLOAT16;FLOAT16;FLOAT16;FLOAT16;FLOAT16;FLOAT16;FLOAT16;FLOAT16;FLOAT16;FLOAT16;FLOAT16;FLOAT16;FLOAT16;FLOAT16;FLOAT16;FLOAT16;FLOAT16;FLOAT16;FLOAT16;FLOAT16;FLOAT16;FLOAT16;FLOAT16;FLOAT16;FLOAT16;FLOAT16;FLOAT16;FLOAT16;FLOAT16;FLOAT16;FLOAT16;FLOAT16;FLOAT16;FLOAT16;FLOAT16;FLOAT16;FLOAT16;FLOAT16,ND;ND;ND;ND;ND;ND;ND;ND;ND;ND;ND;ND;ND;ND;ND;ND;ND;ND;ND;ND;ND;ND;ND;ND;ND;ND;ND;ND;ND;ND;ND;ND;ND;ND;ND;ND;ND;ND;ND;ND;ND;ND;ND;ND;ND;ND;ND;ND;ND;ND;ND;ND;ND;ND;ND;ND;ND;ND;ND;ND;ND;ND;ND;ND,"""64,98448""",FLOAT16,ND,N/A,0.0,0,0.0,0.0,0.0,0.0,0.0,0.0,0.0,0.0,0.0,0.0,0.0,36.922,2436843,0.017,0.0,8.211,0.222,21.53,0.583,11.845,0.321,0.0,0.000
0,4294967295,582,47,aclnnMul_MulAiCore_Mul,Mul,dynamic,AI_VECTOR_CORE,1785698306446515.129	,334.227,0.199000,40,0,NO,"""4096,4096;4096,4096""",FLOAT;FLOAT,ND;ND,"""4096,4096""",FLOAT,ND,N/A,0.0,0,0.0,0.0,0.0,0.0,0.0,0.0,0.0,0.0,0.0,0.0,0.0,331.71,21892846,6.784,0.02,3.117,0.009,330.053,0.995,111.56,0.336,0.0,0.000
0,4294967295,583,47,Concat,Concat,dynamic,AI_VECTOR_CORE,1785698306446849.376	,39.500,0.023000,40,0,NO,"""64,16;64,32;64,64;64,128;64,256;64,512;64,1024;64,2048;64,4096;64,8192;64,16;64,32;64,64;64,128;64,256;64,512;64,1024;64,2048;64,4096;64,8192;64,16;64,32;64,64;64,128;64,256;64,512;64,1024;64,2048;64,4096;64,8192;64,16;64,32;64,64;64,128;64,256;64,512;64,1024;64,2048;64,4096;64,8192;64,16;64,32;64,64;64,128;64,256;64,512;64,1024;64,2048;64,4096;64,8192;64,16;64,32;64,64;64,128;64,256;64,512;64,1024;64,2048;64,4096;64,8192;64,16;64,32;64,64;64,128""",FLOAT16;FLOAT16;FLOAT16;FLOAT16;FLOAT16;FLOAT16;FLOAT16;FLOAT16;FLOAT16;FLOAT16;FLOAT16;FLOAT16;FLOAT16;FLOAT16;FLOAT16;FLOAT16;FLOAT16;FLOAT16;FLOAT16;FLOAT16;FLOAT16;FLOAT16;FLOAT16;FLOAT16;FLOAT16;FLOAT16;FLOAT16;FLOAT16;FLOAT16;FLOAT16;FLOAT16;FLOAT16;FLOAT16;FLOAT16;FLOAT16;FLOAT16;FLOAT16;FLOAT16;FLOAT16;FLOAT16;FLOAT16;FLOAT16;FLOAT16;FLOAT16;FLOAT16;FLOAT16;FLOAT16;FLOAT16;FLOAT16;FLOAT16;FLOAT16;FLOAT16;FLOAT16;FLOAT16;FLOAT16;FLOAT16;FLOAT16;FLOAT16;FLOAT16;FLOAT16;FLOAT16;FLOAT16;FLOAT16;FLOAT16,ND;ND;ND;ND;ND;ND;ND;ND;ND;ND;ND;ND;ND;ND;ND;ND;ND;ND;ND;ND;ND;ND;ND;ND;ND;ND;ND;ND;ND;ND;ND;ND;ND;ND;ND;ND;ND;ND;ND;ND;ND;ND;ND;ND;ND;ND;ND;ND;ND;ND;ND;ND;ND;ND;ND;ND;ND;ND;ND;ND;ND;ND;ND;ND,"""64,98448""",FLOAT16,ND,N/A,0.0,0,0.0,0.0,0.0,0.0,0.0,0.0,0.0,0.0,0.0,0.0,0.0,36.695,2421902,0.017,0.0,9.262,0.252,21.499,0.586,11.567,0.315,0.0,0.000
0,4294967295,584,47,aclnnMul_MulAiCore_Mul,Mul,dynamic,AI_VECTOR_CORE,1785698306446888.896	,333.527,0.000000,40,0,NO,"""4096,4096;4096,4096""",FLOAT;FLOAT,ND;ND,"""4096,4096""",FLOAT,ND,N/A,0.0,0,0.0,0.0,0.0,0.0,0.0,0.0,0.0,0.0,0.0,0.0,0.0,331.476,21877395,6.784,0.02,2.934,0.009,329.973,0.995,110.929,0.335,0.0,0.000
0,4294967295,585,47,Concat,Concat,dynamic,AI_VECTOR_CORE,1785698306447222.463	,42.061,0.000000,40,0,NO,"""64,16;64,32;64,64;64,128;64,256;64,512;64,1024;64,2048;64,4096;64,8192;64,16;64,32;64,64;64,128;64,256;64,512;64,1024;64,2048;64,4096;64,8192;64,16;64,32;64,64;64,128;64,256;64,512;64,1024;64,2048;64,4096;64,8192;64,16;64,32;64,64;64,128;64,256;64,512;64,1024;64,2048;64,4096;64,8192;64,16;64,32;64,64;64,128;64,256;64,512;64,1024;64,2048;64,4096;64,8192;64,16;64,32;64,64;64,128;64,256;64,512;64,1024;64,2048;64,4096;64,8192;64,16;64,32;64,64;64,128""",FLOAT16;FLOAT16;FLOAT16;FLOAT16;FLOAT16;FLOAT16;FLOAT16;FLOAT16;FLOAT16;FLOAT16;FLOAT16;FLOAT16;FLOAT16;FLOAT16;FLOAT16;FLOAT16;FLOAT16;FLOAT16;FLOAT16;FLOAT16;FLOAT16;FLOAT16;FLOAT16;FLOAT16;FLOAT16;FLOAT16;FLOAT16;FLOAT16;FLOAT16;FLOAT16;FLOAT16;FLOAT16;FLOAT16;FLOAT16;FLOAT16;FLOAT16;FLOAT16;FLOAT16;FLOAT16;FLOAT16;FLOAT16;FLOAT16;FLOAT16;FLOAT16;FLOAT16;FLOAT16;FLOAT16;FLOAT16;FLOAT16;FLOAT16;FLOAT16;FLOAT16;FLOAT16;FLOAT16;FLOAT16;FLOAT16;FLOAT16;FLOAT16;FLOAT16;FLOAT16;FLOAT16;FLOAT16;FLOAT16;FLOAT16,ND;ND;ND;ND;ND;ND;ND;ND;ND;ND;ND;ND;ND;ND;ND;ND;ND;ND;ND;ND;ND;ND;ND;ND;ND;ND;ND;ND;ND;ND;ND;ND;ND;ND;ND;ND;ND;ND;ND;ND;ND;ND;ND;ND;ND;ND;ND;ND;ND;ND;ND;ND;ND;ND;ND;ND;ND;ND;ND;ND;ND;ND;ND;ND,"""64,98448""",FLOAT16,ND,N/A,0.0,0,0.0,0.0,0.0,0.0,0.0,0.0,0.0,0.0,0.0,0.0,0.0,38.95,2570683,0.017,0.0,13.373,0.343,22.408,0.575,11.696,0.3,0.0,0.000
0,4294967295,586,47,aclnnMul_MulAiCore_Mul,Mul,dynamic,AI_VECTOR_CORE,1785698306447264.544	,333.367,0.000000,40,0,NO,"""4096,4096;4096,4096""",FLOAT;FLOAT,ND;ND,"""4096,4096""",FLOAT,ND,N/A,0.0,0,0.0,0.0,0.0,0.0,0.0,0.0,0.0,0.0,0.0,0.0,0.0,331.252,21862638,6.784,0.02,3.043,0.009,329.678,0.995,111.997,0.338,0.0,0.000
0,4294967295,587,47,Concat,Concat,dynamic,AI_VECTOR_CORE,1785698306447597.931	,40.560,0.133000,40,0,NO,"""64,16;64,32;64,64;64,128;64,256;64,512;64,1024;64,2048;64,4096;64,8192;64,16;64,32;64,64;64,128;64,256;64,512;64,1024;64,2048;64,4096;64,8192;64,16;64,32;64,64;64,128;64,256;64,512;64,1024;64,2048;64,4096;64,8192;64,16;64,32;64,64;64,128;64,256;64,512;64,1024;64,2048;64,4096;64,8192;64,16;64,32;64,64;64,128;64,256;64,512;64,1024;64,2048;64,4096;64,8192;64,16;64,32;64,64;64,128;64,256;64,512;64,1024;64,2048;64,4096;64,8192;64,16;64,32;64,64;64,128""",FLOAT16;FLOAT16;FLOAT16;FLOAT16;FLOAT16;FLOAT16;FLOAT16;FLOAT16;FLOAT16;FLOAT16;FLOAT16;FLOAT16;FLOAT16;FLOAT16;FLOAT16;FLOAT16;FLOAT16;FLOAT16;FLOAT16;FLOAT16;FLOAT16;FLOAT16;FLOAT16;FLOAT16;FLOAT16;FLOAT16;FLOAT16;FLOAT16;FLOAT16;FLOAT16;FLOAT16;FLOAT16;FLOAT16;FLOAT16;FLOAT16;FLOAT16;FLOAT16;FLOAT16;FLOAT16;FLOAT16;FLOAT16;FLOAT16;FLOAT16;FLOAT16;FLOAT16;FLOAT16;FLOAT16;FLOAT16;FLOAT16;FLOAT16;FLOAT16;FLOAT16;FLOAT16;FLOAT16;FLOAT16;FLOAT16;FLOAT16;FLOAT16;FLOAT16;FLOAT16;FLOAT16;FLOAT16;FLOAT16;FLOAT16,ND;ND;ND;ND;ND;ND;ND;ND;ND;ND;ND;ND;ND;ND;ND;ND;ND;ND;ND;ND;ND;ND;ND;ND;ND;ND;ND;ND;ND;ND;ND;ND;ND;ND;ND;ND;ND;ND;ND;ND;ND;ND;ND;ND;ND;ND;ND;ND;ND;ND;ND;ND;ND;ND;ND;ND;ND;ND;ND;ND;ND;ND;ND;ND,"""64,98448""",FLOAT16,ND,N/A,0.0,0,0.0,0.0,0.0,0.0,0.0,0.0,0.0,0.0,0.0,0.0,0.0,36.127,2384372,0.017,0.0,11.851,0.328,19.654,0.544,11.056,0.306,0.0,0.000
0,4294967295,588,47,aclnnMul_MulAiCore_Mul,Mul,dynamic,AI_VECTOR_CORE,1785698306447638.531	,334.107,0.000000,40,0,NO,"""4096,4096;4096,4096""",FLOAT;FLOAT,ND;ND,"""4096,4096""",FLOAT,ND,N/A,0.0,0,0.0,0.0,0.0,0.0,0.0,0.0,0.0,0.0,0.0,0.0,0.0,331.57,21883600,6.784,0.02,2.955,0.009,330.068,0.995,112.389,0.339,0.0,0.000
0,4294967295,589,47,Concat,Concat,dynamic,AI_VECTOR_CORE,1785698306447972.658	,40.201,0.143000,40,0,NO,"""64,16;64,32;64,64;64,128;64,256;64,512;64,1024;64,2048;64,4096;64,8192;64,16;64,32;64,64;64,128;64,256;64,512;64,1024;64,2048;64,4096;64,8192;64,16;64,32;64,64;64,128;64,256;64,512;64,1024;64,2048;64,4096;64,8192;64,16;64,32;64,64;64,128;64,256;64,512;64,1024;64,2048;64,4096;64,8192;64,16;64,32;64,64;64,128;64,256;64,512;64,1024;64,2048;64,4096;64,8192;64,16;64,32;64,64;64,128;64,256;64,512;64,1024;64,2048;64,4096;64,8192;64,16;64,32;64,64;64,128""",FLOAT16;FLOAT16;FLOAT16;FLOAT16;FLOAT16;FLOAT16;FLOAT16;FLOAT16;FLOAT16;FLOAT16;FLOAT16;FLOAT16;FLOAT16;FLOAT16;FLOAT16;FLOAT16;FLOAT16;FLOAT16;FLOAT16;FLOAT16;FLOAT16;FLOAT16;FLOAT16;FLOAT16;FLOAT16;FLOAT16;FLOAT16;FLOAT16;FLOAT16;FLOAT16;FLOAT16;FLOAT16;FLOAT16;FLOAT16;FLOAT16;FLOAT16;FLOAT16;FLOAT16;FLOAT16;FLOAT16;FLOAT16;FLOAT16;FLOAT16;FLOAT16;FLOAT16;FLOAT16;FLOAT16;FLOAT16;FLOAT16;FLOAT16;FLOAT16;FLOAT16;FLOAT16;FLOAT16;FLOAT16;FLOAT16;FLOAT16;FLOAT16;FLOAT16;FLOAT16;FLOAT16;FLOAT16;FLOAT16;FLOAT16,ND;ND;ND;ND;ND;ND;ND;ND;ND;ND;ND;ND;ND;ND;ND;ND;ND;ND;ND;ND;ND;ND;ND;ND;ND;ND;ND;ND;ND;ND;ND;ND;ND;ND;ND;ND;ND;ND;ND;ND;ND;ND;ND;ND;ND;ND;ND;ND;ND;ND;ND;ND;ND;ND;ND;ND;ND;ND;ND;ND;ND;ND;ND;ND,"""64,98448""",FLOAT16,ND,N/A,0.0,0,0.0,0.0,0.0,0.0,0.0,0.0,0.0,0.0,0.0,0.0,0.0,36.36,2399769,0.017,0.0,14.823,0.408,20.855,0.574,11.318,0.311,0.0,0.000
0,4294967295,590,47,aclnnMul_MulAiCore_Mul,Mul,dynamic,AI_VECTOR_CORE,1785698306448012.879	,333.746,0.049000,40,0,NO,"""4096,4096;4096,4096""",FLOAT;FLOAT,ND;ND,"""4096,4096""",FLOAT,ND,N/A,0.0,0,0.0,0.0,0.0,0.0,0.0,0.0,0.0,0.0,0.0,0.0,0.0,331.487,21878113,6.784,0.02,3.058,0.009,329.885,0.995,111.683,0.337,0.0,0.000
0,4294967295,591,47,Concat,Concat,dynamic,AI_VECTOR_CORE,1785698306448346.645	,39.061,0.004000,40,0,NO,"""64,16;64,32;64,64;64,128;64,256;64,512;64,1024;64,2048;64,4096;64,8192;64,16;64,32;64,64;64,128;64,256;64,512;64,1024;64,2048;64,4096;64,8192;64,16;64,32;64,64;64,128;64,256;64,512;64,1024;64,2048;64,4096;64,8192;64,16;64,32;64,64;64,128;64,256;64,512;64,1024;64,2048;64,4096;64,8192;64,16;64,32;64,64;64,128;64,256;64,512;64,1024;64,2048;64,4096;64,8192;64,16;64,32;64,64;64,128;64,256;64,512;64,1024;64,2048;64,4096;64,8192;64,16;64,32;64,64;64,128""",FLOAT16;FLOAT16;FLOAT16;FLOAT16;FLOAT16;FLOAT16;FLOAT16;FLOAT16;FLOAT16;FLOAT16;FLOAT16;FLOAT16;FLOAT16;FLOAT16;FLOAT16;FLOAT16;FLOAT16;FLOAT16;FLOAT16;FLOAT16;FLOAT16;FLOAT16;FLOAT16;FLOAT16;FLOAT16;FLOAT16;FLOAT16;FLOAT16;FLOAT16;FLOAT16;FLOAT16;FLOAT16;FLOAT16;FLOAT16;FLOAT16;FLOAT16;FLOAT16;FLOAT16;FLOAT16;FLOAT16;FLOAT16;FLOAT16;FLOAT16;FLOAT16;FLOAT16;FLOAT16;FLOAT16;FLOAT16;FLOAT16;FLOAT16;FLOAT16;FLOAT16;FLOAT16;FLOAT16;FLOAT16;FLOAT16;FLOAT16;FLOAT16;FLOAT16;FLOAT16;FLOAT16;FLOAT16;FLOAT16;FLOAT16,ND;ND;ND;ND;ND;ND;ND;ND;ND;ND;ND;ND;ND;ND;ND;ND;ND;ND;ND;ND;ND;ND;ND;ND;ND;ND;ND;ND;ND;ND;ND;ND;ND;ND;ND;ND;ND;ND;ND;ND;ND;ND;ND;ND;ND;ND;ND;ND;ND;ND;ND;ND;ND;ND;ND;ND;ND;ND;ND;ND;ND;ND;ND;ND,"""64,98448""",FLOAT16,ND,N/A,0.0,0,0.0,0.0,0.0,0.0,0.0,0.0,0.0,0.0,0.0,0.0,0.0,35.95,2372720,0.017,0.0,11.796,0.328,21.343,0.594,10.811,0.301,0.0,0.000
0,4294967295,592,47,aclnnMul_MulAiCore_Mul,Mul,dynamic,AI_VECTOR_CORE,1785698306448385.726	,333.347,0.000000,40,0,NO,"""4096,4096;4096,4096""",FLOAT;FLOAT,ND;ND,"""4096,4096""",FLOAT,ND,N/A,0.0,0,0.0,0.0,0.0,0.0,0.0,0.0,0.0,0.0,0.0,0.0,0.0,330.999,21845943,6.784,0.02,3.09,0.009,329.328,0.995,110.968,0.335,0.0,0.000
0,4294967295,593,47,Concat,Concat,dynamic,AI_VECTOR_CORE,1785698306448719.093	,40.861,0.000000,40,0,NO,"""64,16;64,32;64,64;64,128;64,256;64,512;64,1024;64,2048;64,4096;64,8192;64,16;64,32;64,64;64,128;64,256;64,512;64,1024;64,2048;64,4096;64,8192;64,16;64,32;64,64;64,128;64,256;64,512;64,1024;64,2048;64,4096;64,8192;64,16;64,32;64,64;64,128;64,256;64,512;64,1024;64,2048;64,4096;64,8192;64,16;64,32;64,64;64,128;64,256;64,512;64,1024;64,2048;64,4096;64,8192;64,16;64,32;64,64;64,128;64,256;64,512;64,1024;64,2048;64,4096;64,8192;64,16;64,32;64,64;64,128""",FLOAT16;FLOAT16;FLOAT16;FLOAT16;FLOAT16;FLOAT16;FLOAT16;FLOAT16;FLOAT16;FLOAT16;FLOAT16;FLOAT16;FLOAT16;FLOAT16;FLOAT16;FLOAT16;FLOAT16;FLOAT16;FLOAT16;FLOAT16;FLOAT16;FLOAT16;FLOAT16;FLOAT16;FLOAT16;FLOAT16;FLOAT16;FLOAT16;FLOAT16;FLOAT16;FLOAT16;FLOAT16;FLOAT16;FLOAT16;FLOAT16;FLOAT16;FLOAT16;FLOAT16;FLOAT16;FLOAT16;FLOAT16;FLOAT16;FLOAT16;FLOAT16;FLOAT16;FLOAT16;FLOAT16;FLOAT16;FLOAT16;FLOAT16;FLOAT16;FLOAT16;FLOAT16;FLOAT16;FLOAT16;FLOAT16;FLOAT16;FLOAT16;FLOAT16;FLOAT16;FLOAT16;FLOAT16;FLOAT16;FLOAT16,ND;ND;ND;ND;ND;ND;ND;ND;ND;ND;ND;ND;ND;ND;ND;ND;ND;ND;ND;ND;ND;ND;ND;ND;ND;ND;ND;ND;ND;ND;ND;ND;ND;ND;ND;ND;ND;ND;ND;ND;ND;ND;ND;ND;ND;ND;ND;ND;ND;ND;ND;ND;ND;ND;ND;ND;ND;ND;ND;ND;ND;ND;ND;ND,"""64,98448""",FLOAT16,ND,N/A,0.0,0,0.0,0.0,0.0,0.0,0.0,0.0,0.0,0.0,0.0,0.0,0.0,37.704,2488442,0.017,0.0,8.024,0.213,22.62,0.6,11.47,0.304,0.0,0.000
0,4294967295,594,47,aclnnMul_MulAiCore_Mul,Mul,dynamic,AI_VECTOR_CORE,1785698306448759.994	,334.466,0.139000,40,0,NO,"""4096,4096;4096,4096""",FLOAT;FLOAT,ND;ND,"""4096,4096""",FLOAT,ND,N/A,0.0,0,0.0,0.0,0.0,0.0,0.0,0.0,0.0,0.0,0.0,0.0,0.0,332.211,21925902,6.784,0.02,2.985,0.009,330.669,0.995,113.148,0.341,0.0,0.000
0,4294967295,595,47,Concat,Concat,dynamic,AI_VECTOR_CORE,1785698306449094.480	,39.661,0.034000,40,0,NO,"""64,16;64,32;64,64;64,128;64,256;64,512;64,1024;64,2048;64,4096;64,8192;64,16;64,32;64,64;64,128;64,256;64,512;64,1024;64,2048;64,4096;64,8192;64,16;64,32;64,64;64,128;64,256;64,512;64,1024;64,2048;64,4096;64,8192;64,16;64,32;64,64;64,128;64,256;64,512;64,1024;64,2048;64,4096;64,8192;64,16;64,32;64,64;64,128;64,256;64,512;64,1024;64,2048;64,4096;64,8192;64,16;64,32;64,64;64,128;64,256;64,512;64,1024;64,2048;64,4096;64,8192;64,16;64,32;64,64;64,128""",FLOAT16;FLOAT16;FLOAT16;FLOAT16;FLOAT16;FLOAT16;FLOAT16;FLOAT16;FLOAT16;FLOAT16;FLOAT16;FLOAT16;FLOAT16;FLOAT16;FLOAT16;FLOAT16;FLOAT16;FLOAT16;FLOAT16;FLOAT16;FLOAT16;FLOAT16;FLOAT16;FLOAT16;FLOAT16;FLOAT16;FLOAT16;FLOAT16;FLOAT16;FLOAT16;FLOAT16;FLOAT16;FLOAT16;FLOAT16;FLOAT16;FLOAT16;FLOAT16;FLOAT16;FLOAT16;FLOAT16;FLOAT16;FLOAT16;FLOAT16;FLOAT16;FLOAT16;FLOAT16;FLOAT16;FLOAT16;FLOAT16;FLOAT16;FLOAT16;FLOAT16;FLOAT16;FLOAT16;FLOAT16;FLOAT16;FLOAT16;FLOAT16;FLOAT16;FLOAT16;FLOAT16;FLOAT16;FLOAT16;FLOAT16,ND;ND;ND;ND;ND;ND;ND;ND;ND;ND;ND;ND;ND;ND;ND;ND;ND;ND;ND;ND;ND;ND;ND;ND;ND;ND;ND;ND;ND;ND;ND;ND;ND;ND;ND;ND;ND;ND;ND;ND;ND;ND;ND;ND;ND;ND;ND;ND;ND;ND;ND;ND;ND;ND;ND;ND;ND;ND;ND;ND;ND;ND;ND;ND,"""64,98448""",FLOAT16,ND,N/A,0.0,0,0.0,0.0,0.0,0.0,0.0,0.0,0.0,0.0,0.0,0.0,0.0,36.698,2422079,0.017,0.0,8.568,0.233,21.598,0.589,11.355,0.309,0.0,0.000
0,4294967295,596,47,aclnnMul_MulAiCore_Mul,Mul,dynamic,AI_VECTOR_CORE,1785698306449134.161	,334.267,0.089000,40,0,NO,"""4096,4096;4096,4096""",FLOAT;FLOAT,ND;ND,"""4096,4096""",FLOAT,ND,N/A,0.0,0,0.0,0.0,0.0,0.0,0.0,0.0,0.0,0.0,0.0,0.0,0.0,332.241,21927895,6.784,0.02,3.17,0.01,330.515,0.995,112.59,0.339,0.0,0.000
0,4294967295,597,47,Concat,Concat,dynamic,AI_VECTOR_CORE,1785698306449468.448	,40.321,0.000000,40,0,NO,"""64,16;64,32;64,64;64,128;64,256;64,512;64,1024;64,2048;64,4096;64,8192;64,16;64,32;64,64;64,128;64,256;64,512;64,1024;64,2048;64,4096;64,8192;64,16;64,32;64,64;64,128;64,256;64,512;64,1024;64,2048;64,4096;64,8192;64,16;64,32;64,64;64,128;64,256;64,512;64,1024;64,2048;64,4096;64,8192;64,16;64,32;64,64;64,128;64,256;64,512;64,1024;64,2048;64,4096;64,8192;64,16;64,32;64,64;64,128;64,256;64,512;64,1024;64,2048;64,4096;64,8192;64,16;64,32;64,64;64,128""",FLOAT16;FLOAT16;FLOAT16;FLOAT16;FLOAT16;FLOAT16;FLOAT16;FLOAT16;FLOAT16;FLOAT16;FLOAT16;FLOAT16;FLOAT16;FLOAT16;FLOAT16;FLOAT16;FLOAT16;FLOAT16;FLOAT16;FLOAT16;FLOAT16;FLOAT16;FLOAT16;FLOAT16;FLOAT16;FLOAT16;FLOAT16;FLOAT16;FLOAT16;FLOAT16;FLOAT16;FLOAT16;FLOAT16;FLOAT16;FLOAT16;FLOAT16;FLOAT16;FLOAT16;FLOAT16;FLOAT16;FLOAT16;FLOAT16;FLOAT16;FLOAT16;FLOAT16;FLOAT16;FLOAT16;FLOAT16;FLOAT16;FLOAT16;FLOAT16;FLOAT16;FLOAT16;FLOAT16;FLOAT16;FLOAT16;FLOAT16;FLOAT16;FLOAT16;FLOAT16;FLOAT16;FLOAT16;FLOAT16;FLOAT16,ND;ND;ND;ND;ND;ND;ND;ND;ND;ND;ND;ND;ND;ND;ND;ND;ND;ND;ND;ND;ND;ND;ND;ND;ND;ND;ND;ND;ND;ND;ND;ND;ND;ND;ND;ND;ND;ND;ND;ND;ND;ND;ND;ND;ND;ND;ND;ND;ND;ND;ND;ND;ND;ND;ND;ND;ND;ND;ND;ND;ND;ND;ND;ND,"""64,98448""",FLOAT16,ND,N/A,0.0,0,0.0,0.0,0.0,0.0,0.0,0.0,0.0,0.0,0.0,0.0,0.0,37.387,2467531,0.017,0.0,7.829,0.209,22.062,0.59,11.643,0.311,0.0,0.000
0,4294967295,598,47,aclnnMul_MulAiCore_Mul,Mul,dynamic,AI_VECTOR_CORE,1785698306449508.789	,333.386,0.000000,40,0,NO,"""4096,4096;4096,4096""",FLOAT;FLOAT,ND;ND,"""4096,4096""",FLOAT,ND,N/A,0.0,0,0.0,0.0,0.0,0.0,0.0,0.0,0.0,0.0,0.0,0.0,0.0,331.377,21870861,6.784,0.02,3.036,0.009,329.82,0.995,112.217,0.339,0.0,0.000
0,4294967295,599,47,Concat,Concat,dynamic,AI_VECTOR_CORE,1785698306449842.195	,39.861,0.114000,40,0,NO,"""64,16;64,32;64,64;64,128;64,256;64,512;64,1024;64,2048;64,4096;64,8192;64,16;64,32;64,64;64,128;64,256;64,512;64,1024;64,2048;64,4096;64,8192;64,16;64,32;64,64;64,128;64,256;64,512;64,1024;64,2048;64,4096;64,8192;64,16;64,32;64,64;64,128;64,256;64,512;64,1024;64,2048;64,4096;64,8192;64,16;64,32;64,64;64,128;64,256;64,512;64,1024;64,2048;64,4096;64,8192;64,16;64,32;64,64;64,128;64,256;64,512;64,1024;64,2048;64,4096;64,8192;64,16;64,32;64,64;64,128""",FLOAT16;FLOAT16;FLOAT16;FLOAT16;FLOAT16;FLOAT16;FLOAT16;FLOAT16;FLOAT16;FLOAT16;FLOAT16;FLOAT16;FLOAT16;FLOAT16;FLOAT16;FLOAT16;FLOAT16;FLOAT16;FLOAT16;FLOAT16;FLOAT16;FLOAT16;FLOAT16;FLOAT16;FLOAT16;FLOAT16;FLOAT16;FLOAT16;FLOAT16;FLOAT16;FLOAT16;FLOAT16;FLOAT16;FLOAT16;FLOAT16;FLOAT16;FLOAT16;FLOAT16;FLOAT16;FLOAT16;FLOAT16;FLOAT16;FLOAT16;FLOAT16;FLOAT16;FLOAT16;FLOAT16;FLOAT16;FLOAT16;FLOAT16;FLOAT16;FLOAT16;FLOAT16;FLOAT16;FLOAT16;FLOAT16;FLOAT16;FLOAT16;FLOAT16;FLOAT16;FLOAT16;FLOAT16;FLOAT16;FLOAT16,ND;ND;ND;ND;ND;ND;ND;ND;ND;ND;ND;ND;ND;ND;ND;ND;ND;ND;ND;ND;ND;ND;ND;ND;ND;ND;ND;ND;ND;ND;ND;ND;ND;ND;ND;ND;ND;ND;ND;ND;ND;ND;ND;ND;ND;ND;ND;ND;ND;ND;ND;ND;ND;ND;ND;ND;ND;ND;ND;ND;ND;ND;ND;ND,"""64,98448""",FLOAT16,ND,N/A,0.0,0,0.0,0.0,0.0,0.0,0.0,0.0,0.0,0.0,0.0,0.0,0.0,36.634,2417832,0.017,0.0,9.623,0.263,21.817,0.596,11.121,0.304,0.0,0.000
