Device_id,Model ID,Task ID,Stream ID,Op Name,OP Type,OP State,Task Type,Task Start Time(us),Task Duration(us),Task Wait Time(us),Block Dim,Mix Block Dim,HF32 Eligible,Input Shapes,Input Data Types,Input Formats,Output Shapes,Output Data Types,Output Formats,Context ID,aicore_time(us),aic_total_cycles,aic_mac_time(us),aic_mac_ratio,aic_scalar_time(us),aic_scalar_ratio,aic_mte1_time(us),aic_mte1_ratio,aic_mte2_time(us),aic_mte2_ratio,aic_fixpipe_time(us),aic_fixpipe_ratio,aic_icache_miss_rate,aiv_time(us),aiv_total_cycles,aiv_vec_time(us),aiv_vec_ratio,aiv_scalar_time(us),aiv_scalar_ratio,aiv_mte2_time(us),aiv_mte2_ratio,aiv_mte3_time(us),aiv_mte3_ratio,aiv_icache_miss_rate,cube_utilization(%)
0,4294967295,0,47,aclnnMul_MulAiCore_Mul,Mul,dynamic,AI_VECTOR_CORE,1785697970258292.627	,256.045,0,40,0,NO,"""4096,4096;4096,4096""",FLOAT;FLOAT,ND;ND,"""4096,4096""",FLOAT,ND,N/A,0.0,0,0.0,0.0,0.0,0.0,0.0,0.0,0.0,0.0,0.0,0.0,0.0,250.694,16545803,6.784,0.027,4.788,0.019,244.026,0.973,76.373,0.305,0.011,0.000
0,4294967295,1,47,Concat,Concat,dynamic,AI_VECTOR_CORE,1785697972870690.903	,51.861,2612142.205000,40,0,NO,"""64,16;64,32;64,64;64,128;64,256;64,512;64,1024;64,2048;64,4096;64,8192;64,16;64,32;64,64;64,128;64,256;64,512;64,1024;64,2048;64,4096;64,8192;64,16;64,32;64,64;64,128;64,256;64,512;64,1024;64,2048;64,4096;64,8192;64,16;64,32;64,64;64,128;64,256;64,512;64,1024;64,2048;64,4096;64,8192;64,16;64,32;64,64;64,128;64,256;64,512;64,1024;64,2048;64,4096;64,8192;64,16;64,32;64,64;64,128;64,256;64,512;64,1024;64,2048;64,4096;64,8192;64,16;64,32;64,64;64,128""",FLOAT16;FLOAT16;FLOAT16;FLOAT16;FLOAT16;FLOAT16;FLOAT16;FLOAT16;FLOAT16;FLOAT16;FLOAT16;FLOAT16;FLOAT16;FLOAT16;FLOAT16;FLOAT16;FLOAT16;FLOAT16;FLOAT16;FLOAT16;FLOAT16;FLOAT16;FLOAT16;FLOAT16;FLOAT16;FLOAT16;FLOAT16;FLOAT16;FLOAT16;FLOAT16;FLOAT16;FLOAT16;FLOAT16;FLOAT16;FLOAT16;FLOAT16;FLOAT16;FLOAT16;FLOAT16;FLOAT16;FLOAT16;FLOAT16;FLOAT16;FLOAT16;FLOAT16;FLOAT16;FLOAT16;FLOAT16;FLOAT16;FLOAT16;FLOAT16;FLOAT16;FLOAT16;FLOAT16;FLOAT16;FLOAT16;FLOAT16;FLOAT16;FLOAT16;FLOAT16;FLOAT16;FLOAT16;FLOAT16;FLOAT16,ND;ND;ND;ND;ND;ND;ND;ND;ND;ND;ND;ND;ND;ND;ND;ND;ND;ND;ND;ND;ND;ND;ND;ND;ND;ND;ND;ND;ND;ND;ND;ND;ND;ND;ND;ND;ND;ND;ND;ND;ND;ND;ND;ND;ND;ND;ND;ND;ND;ND;ND;ND;ND;ND;ND;ND;ND;ND;ND;ND;ND;ND;ND;ND,"""64,98448""",FLOAT16,ND,N/A,0.0,0,0.0,0.0,0.0,0.0,0.0,0.0,0.0,0.0,0.0,0.0,0.0,44.711,1430743,0.035,0.001,11.632,0.26,19.279,0.431,12.275,0.275,0.029,0.000
0,4294967295,2,47,aclnnMul_MulAiCore_Mul,Mul,dynamic,AI_VECTOR_CORE,1785697972870843.806	,333.007,100.889000,40,0,NO,"""4096,4096;4096,4096""",FLOAT;FLOAT,ND;ND,"""4096,4096""",FLOAT,ND,N/A,0.0,0,0.0,0.0,0.0,0.0,0.0,0.0,0.0,0.0,0.0,0.0,0.0,248.266,16385546,6.784,0.027,2.709,0.011,247.037,0.995,84.557,0.341,0.0,0.000
0,4294967295,3,47,Concat,Concat,dynamic,AI_VECTOR_CORE,1785697972871176.833	,41.341,0.000000,40,0,NO,"""64,16;64,32;64,64;64,128;64,256;64,512;64,1024;64,2048;64,4096;64,8192;64,16;64,32;64,64;64,128;64,256;64,512;64,1024;64,2048;64,4096;64,8192;64,16;64,32;64,64;64,128;64,256;64,512;64,1024;64,2048;64,4096;64,8192;64,16;64,32;64,64;64,128;64,256;64,512;64,1024;64,2048;64,4096;64,8192;64,16;64,32;64,64;64,128;64,256;64,512;64,1024;64,2048;64,4096;64,8192;64,16;64,32;64,64;64,128;64,256;64,512;64,1024;64,2048;64,4096;64,8192;64,16;64,32;64,64;64,128""",FLOAT16;FLOAT16;FLOAT16;FLOAT16;FLOAT16;FLOAT16;FLOAT16;FLOAT16;FLOAT16;FLOAT16;FLOAT16;FLOAT16;FLOAT16;FLOAT16;FLOAT16;FLOAT16;FLOAT16;FLOAT16;FLOAT16;FLOAT16;FLOAT16;FLOAT16;FLOAT16;FLOAT16;FLOAT16;FLOAT16;FLOAT16;FLOAT16;FLOAT16;FLOAT16;FLOAT16;FLOAT16;FLOAT16;FLOAT16;FLOAT16;FLOAT16;FLOAT16;FLOAT16;FLOAT16;FLOAT16;FLOAT16;FLOAT16;FLOAT16;FLOAT16;FLOAT16;FLOAT16;FLOAT16;FLOAT16;FLOAT16;FLOAT16;FLOAT16;FLOAT16;FLOAT16;FLOAT16;FLOAT16;FLOAT16;FLOAT16;FLOAT16;FLOAT16;FLOAT16;FLOAT16;FLOAT16;FLOAT16;FLOAT16,ND;ND;ND;ND;ND;ND;ND;ND;ND;ND;ND;ND;ND;ND;ND;ND;ND;ND;ND;ND;ND;ND;ND;ND;ND;ND;ND;ND;ND;ND;ND;ND;ND;ND;ND;ND;ND;ND;ND;ND;ND;ND;ND;ND;ND;ND;ND;ND;ND;ND;ND;ND;ND;ND;ND;ND;ND;ND;ND;ND;ND;ND;ND;ND,"""64,98448""",FLOAT16,ND,N/A,0.0,0,0.0,0.0,0.0,0.0,0.0,0.0,0.0,0.0,0.0,0.0,0.0,37.55,2478277,0.017,0.0,6.331,0.169,20.162,0.537,13.753,0.366,0.0,0.000
0,4294967295,4,47,aclnnMul_MulAiCore_Mul,Mul,dynamic,AI_VECTOR_CORE,1785697972871218.194	,333.486,0.159000,40,0,NO,"""4096,4096;4096,4096""",FLOAT;FLOAT,ND;ND,"""4096,4096""",FLOAT,ND,N/A,0.0,0,0.0,0.0,0.0,0.0,0.0,0.0,0.0,0.0,0.0,0.0,0.0,331.317,21866924,6.784,0.02,3.003,0.009,329.75,0.995,111.698,0.337,0.0,0.000
0,4294967295,5,47,Concat,Concat,dynamic,AI_VECTOR_CORE,1785697972871551.700	,40.481,0.014000,40,0,NO,"""64,16;64,32;64,64;64,128;64,256;64,512;64,1024;64,2048;64,4096;64,8192;64,16;64,32;64,64;64,128;64,256;64,512;64,1024;64,2048;64,4096;64,8192;64,16;64,32;64,64;64,128;64,256;64,512;64,1024;64,2048;64,4096;64,8192;64,16;64,32;64,64;64,128;64,256;64,512;64,1024;64,2048;64,4096;64,8192;64,16;64,32;64,64;64,128;64,256;64,512;64,1024;64,2048;64,4096;64,8192;64,16;64,32;64,64;64,128;64,256;64,512;64,1024;64,2048;64,4096;64,8192;64,16;64,32;64,64;64,128""",FLOAT16;FLOAT16;FLOAT16;FLOAT16;FLOAT16;FLOAT16;FLOAT16;FLOAT16;FLOAT16;FLOAT16;FLOAT16;FLOAT16;FLOAT16;FLOAT16;FLOAT16;FLOAT16;FLOAT16;FLOAT16;FLOAT16;FLOAT16;FLOAT16;FLOAT16;FLOAT16;FLOAT16;FLOAT16;FLOAT16;FLOAT16;FLOAT16;FLOAT16;FLOAT16;FLOAT16;FLOAT16;FLOAT16;FLOAT16;FLOAT16;FLOAT16;FLOAT16;FLOAT16;FLOAT16;FLOAT16;FLOAT16;FLOAT16;FLOAT16;FLOAT16;FLOAT16;FLOAT16;FLOAT16;FLOAT16;FLOAT16;FLOAT16;FLOAT16;FLOAT16;FLOAT16;FLOAT16;FLOAT16;FLOAT16;FLOAT16;FLOAT16;FLOAT16;FLOAT16;FLOAT16;FLOAT16;FLOAT16;FLOAT16,ND;ND;ND;ND;ND;ND;ND;ND;ND;ND;ND;ND;ND;ND;ND;ND;ND;ND;ND;ND;ND;ND;ND;ND;ND;ND;ND;ND;ND;ND;ND;ND;ND;ND;ND;ND;ND;ND;ND;ND;ND;ND;ND;ND;ND;ND;ND;ND;ND;ND;ND;ND;ND;ND;ND;ND;ND;ND;ND;ND;ND;ND;ND;ND,"""64,98448""",FLOAT16,ND,N/A,0.0,0,0.0,0.0,0.0,0.0,0.0,0.0,0.0,0.0,0.0,0.0,0.0,36.375,2400736,0.017,0.0,7.538,0.207,21.163,0.582,11.369,0.313,0.0,0.000
0,4294967295,6,47,aclnnMul_MulAiCore_Mul,Mul,dynamic,AI_VECTOR_CORE,1785697972871592.201	,333.487,0.019000,40,0,NO,"""4096,4096;4096,4096""",FLOAT;FLOAT,ND;ND,"""4096,4096""",FLOAT,ND,N/A,0.0,0,0.0,0.0,0.0,0.0,0.0,0.0,0.0,0.0,0.0,0.0,0.0,331.042,21848765,6.784,0.02,3.089,0.009,329.448,0.995,112.69,0.34,0.0,0.000
0,4294967295,7,47,Concat,Concat,dynamic,AI_VECTOR_CORE,1785697972871925.708	,39.821,0.013000,40,0,NO,"""64,16;64,32;64,64;64,128;64,256;64,512;64,1024;64,2048;64,4096;64,8192;64,16;64,32;64,64;64,128;64,256;64,512;64,1024;64,2048;64,4096;64,8192;64,16;64,32;64,64;64,128;64,256;64,512;64,1024;64,2048;64,4096;64,8192;64,16;64,32;64,64;64,128;64,256;64,512;64,1024;64,2048;64,4096;64,8192;64,16;64,32;64,64;64,128;64,256;64,512;64,1024;64,2048;64,4096;64,8192;64,16;64,32;64,64;64,128;64,256;64,512;64,1024;64,2048;64,4096;64,8192;64,16;64,32;64,64;64,128""",FLOAT16;FLOAT16;FLOAT16;FLOAT16;FLOAT16;FLOAT16;FLOAT16;FLOAT16;FLOAT16;FLOAT16;FLOAT16;FLOAT16;FLOAT16;FLOAT16;FLOAT16;FLOAT16;FLOAT16;FLOAT16;FLOAT16;FLOAT16;FLOAT16;FLOAT16;FLOAT16;FLOAT16;FLOAT16;FLOAT16;FLOAT16;FLOAT16;FLOAT16;FLOAT16;FLOAT16;FLOAT16;FLOAT16;FLOAT16;FLOAT16;FLOAT16;FLOAT16;FLOAT16;FLOAT16;FLOAT16;FLOAT16;FLOAT16;FLOAT16;FLOAT16;FLOAT16;FLOAT16;FLOAT16;FLOAT16;FLOAT16;FLOAT16;FLOAT16;FLOAT16;FLOAT16;FLOAT16;FLOAT16;FLOAT16;FLOAT16;FLOAT16;FLOAT16;FLOAT16;FLOAT16;FLOAT16;FLOAT16;FLOAT16,ND;ND;ND;ND;ND;ND;ND;ND;ND;ND;ND;ND;ND;ND;ND;ND;ND;ND;ND;ND;ND;ND;ND;ND;ND;ND;ND;ND;ND;ND;ND;ND;ND;ND;ND;ND;ND;ND;ND;ND;ND;ND;ND;ND;ND;ND;ND;ND;ND;ND;ND;ND;ND;ND;ND;ND;ND;ND;ND;ND;ND;ND;ND;ND,"""64,98448""",FLOAT16,ND,N/A,0.0,0,0.0,0.0,0.0,0.0,0.0,0.0,0.0,0.0,0.0,0.0,0.0,36.409,2402997,0.017,0.0,7.641,0.21,21.576,0.593,11.02,0.303,0.0,0.000
0,4294967295,8,47,aclnnMul_MulAiCore_Mul,Mul,dynamic,AI_VECTOR_CORE,1785697972871965.549	,333.186,0.000000,40,0,NO,"""4096,4096;4096,4096""",FLOAT;FLOAT,ND;ND,"""4096,4096""",FLOAT,ND,N/A,0.0,0,0.0,0.0,0.0,0.0,0.0,0.0,0.0,0.0,0.0,0.0,0.0,330.766,21830565,6.784,0.021,2.927,0.009,329.286,0.996,111.77,0.338,0.0,0.000
0,4294967295,9,47,Concat,Concat,dynamic,AI_VECTOR_CORE,1785697972872298.755	,41.501,0.064000,40,0,NO,"""64,16;64,32;64,64;64,128;64,256;64,512;64,1024;64,2048;64,4096;64,8192;64,16;64,32;64,64;64,128;64,256;64,512;64,1024;64,2048;64,4096;64,8192;64,16;64,32;64,64;64,128;64,256;64,512;64,1024;64,2048;64,4096;64,8192;64,16;64,32;64,64;64,128;64,256;64,512;64,1024;64,2048;64,4096;64,8192;64,16;64,32;64,64;64,128;64,256;64,512;64,1024;64,2048;64,4096;64,8192;64,16;64,32;64,64;64,128;64,256;64,512;64,1024;64,2048;64,4096;64,8192;64,16;64,32;64,64;64,128""",FLOAT16;FLOAT16;FLOAT16;FLOAT16;FLOAT16;FLOAT16;FLOAT16;FLOAT16;FLOAT16;FLOAT16;FLOAT16;FLOAT16;FLOAT16;FLOAT16;FLOAT16;FLOAT16;FLOAT16;FLOAT16;FLOAT16;FLOAT16;FLOAT16;FLOAT16;FLOAT16;FLOAT16;FLOAT16;FLOAT16;FLOAT16;FLOAT16;FLOAT16;FLOAT16;FLOAT16;FLOAT16;FLOAT16;FLOAT16;FLOAT16;FLOAT16;FLOAT16;FLOAT16;FLOAT16;FLOAT16;FLOAT16;FLOAT16;FLOAT16;FLOAT16;FLOAT16;FLOAT16;FLOAT16;FLOAT16;FLOAT16;FLOAT16;FLOAT16;FLOAT16;FLOAT16;FLOAT16;FLOAT16;FLOAT16;FLOAT16;FLOAT16;FLOAT16;FLOAT16;FLOAT16;FLOAT16;FLOAT16;FLOAT16,ND;ND;ND;ND;ND;ND;ND;ND;ND;ND;ND;ND;ND;ND;ND;ND;ND;ND;ND;ND;ND;ND;ND;ND;ND;ND;ND;ND;ND;ND;ND;ND;ND;ND;ND;ND;ND;ND;ND;ND;ND;ND;ND;ND;ND;ND;ND;ND;ND;ND;ND;ND;ND;ND;ND;ND;ND;ND;ND;ND;ND;ND;ND;ND,"""64,98448""",FLOAT16,ND,N/A,0.0,0,0.0,0.0,0.0,0.0,0.0,0.0,0.0,0.0,0.0,0.0,0.0,38.196,2520925,0.017,0.0,8.664,0.227,22.102,0.579,11.375,0.298,0.0,0.000
0,4294967295,10,47,aclnnMul_MulAiCore_Mul,Mul,dynamic,AI_VECTOR_CORE,1785697972872340.276	,332.707,0.000000,40,0,NO,"""4096,4096;4096,4096""",FLOAT;FLOAT,ND;ND,"""4096,4096""",FLOAT,ND,N/A,0.0,0,0.0,0.0,0.0,0.0,0.0,0.0,0.0,0.0,0.0,0.0,0.0,330.457,21810168,6.784,0.021,3.049,0.009,328.83,0.995,111.411,0.337,0.0,0.000
0,4294967295,11,47,Concat,Concat,dynamic,AI_VECTOR_CORE,1785697972872673.003	,41.280,0.043000,40,0,NO,"""64,16;64,32;64,64;64,128;64,256;64,512;64,1024;64,2048;64,4096;64,8192;64,16;64,32;64,64;64,128;64,256;64,512;64,1024;64,2048;64,4096;64,8192;64,16;64,32;64,64;64,128;64,256;64,512;64,1024;64,2048;64,4096;64,8192;64,16;64,32;64,64;64,128;64,256;64,512;64,1024;64,2048;64,4096;64,8192;64,16;64,32;64,64;64,128;64,256;64,512;64,1024;64,2048;64,4096;64,8192;64,16;64,32;64,64;64,128;64,256;64,512;64,1024;64,2048;64,4096;64,8192;64,16;64,32;64,64;64,128""",FLOAT16;FLOAT16;FLOAT16;FLOAT16;FLOAT16;FLOAT16;FLOAT16;FLOAT16;FLOAT16;FLOAT16;FLOAT16;FLOAT16;FLOAT16;FLOAT16;FLOAT16;FLOAT16;FLOAT16;FLOAT16;FLOAT16;FLOAT16;FLOAT16;FLOAT16;FLOAT16;FLOAT16;FLOAT16;FLOAT16;FLOAT16;FLOAT16;FLOAT16;FLOAT16;FLOAT16;FLOAT16;FLOAT16;FLOAT16;FLOAT16;FLOAT16;FLOAT16;FLOAT16;FLOAT16;FLOAT16;FLOAT16;FLOAT16;FLOAT16;FLOAT16;FLOAT16;FLOAT16;FLOAT16;FLOAT16;FLOAT16;FLOAT16;FLOAT16;FLOAT16;FLOAT16;FLOAT16;FLOAT16;FLOAT16;FLOAT16;FLOAT16;FLOAT16;FLOAT16;FLOAT16;FLOAT16;FLOAT16;FLOAT16,ND;ND;ND;ND;ND;ND;ND;ND;ND;ND;ND;ND;ND;ND;ND;ND;ND;ND;ND;ND;ND;ND;ND;ND;ND;ND;ND;ND;ND;ND;ND;ND;ND;ND;ND;ND;ND;ND;ND;ND;ND;ND;ND;ND;ND;ND;ND;ND;ND;ND;ND;ND;ND;ND;ND;ND;ND;ND;ND;ND;ND;ND;ND;ND,"""64,98448""",FLOAT16,ND,N/A,0.0,0,0.0,0.0,0.0,0.0,0.0,0.0,0.0,0.0,0.0,0.0,0.0,37.151,2451966,0.017,0.0,7.622,0.205,21.633,0.582,11.424,0.308,0.0,0.000
0,4294967295,12,47,aclnnMul_MulAiCore_Mul,Mul,dynamic,AI_VECTOR_CORE,1785697972872714.303	,333.407,0.000000,40,0,NO,"""4096,4096;4096,4096""",FLOAT;FLOAT,ND;ND,"""4096,4096""",FLOAT,ND,N/A,0.0,0,0.0,0.0,0.0,0.0,0.0,0.0,0.0,0.0,0.0,0.0,0.0,330.924,21840995,6.784,0.021,2.934,0.009,329.461,0.996,112.611,0.34,0.0,0.000
0,4294967295,13,47,Concat,Concat,dynamic,AI_VECTOR_CORE,1785697972873047.750	,39.181,0.093000,40,0,NO,"""64,16;64,32;64,64;64,128;64,256;64,512;64,1024;64,2048;64,4096;64,8192;64,16;64,32;64,64;64,128;64,256;64,512;64,1024;64,2048;64,4096;64,8192;64,16;64,32;64,64;64,128;64,256;64,512;64,1024;64,2048;64,4096;64,8192;64,16;64,32;64,64;64,128;64,256;64,512;64,1024;64,2048;64,4096;64,8192;64,16;64,32;64,64;64,128;64,256;64,512;64,1024;64,2048;64,4096;64,8192;64,16;64,32;64,64;64,128;64,256;64,512;64,1024;64,2048;64,4096;64,8192;64,16;64,32;64,64;64,128""",FLOAT16;FLOAT16;FLOAT16;FLOAT16;FLOAT16;FLOAT16;FLOAT16;FLOAT16;FLOAT16;FLOAT16;FLOAT16;FLOAT16;FLOAT16;FLOAT16;FLOAT16;FLOAT16;FLOAT16;FLOAT16;FLOAT16;FLOAT16;FLOAT16;FLOAT16;FLOAT16;FLOAT16;FLOAT16;FLOAT16;FLOAT16;FLOAT16;FLOAT16;FLOAT16;FLOAT16;FLOAT16;FLOAT16;FLOAT16;FLOAT16;FLOAT16;FLOAT16;FLOAT16;FLOAT16;FLOAT16;FLOAT16;FLOAT16;FLOAT16;FLOAT16;FLOAT16;FLOAT16;FLOAT16;FLOAT16;FLOAT16;FLOAT16;FLOAT16;FLOAT16;FLOAT16;FLOAT16;FLOAT16;FLOAT16;FLOAT16;FLOAT16;FLOAT16;FLOAT16;FLOAT16;FLOAT16;FLOAT16;FLOAT16,ND;ND;ND;ND;ND;ND;ND;ND;ND;ND;ND;ND;ND;ND;ND;ND;ND;ND;ND;ND;ND;ND;ND;ND;ND;ND;ND;ND;ND;ND;ND;ND;ND;ND;ND;ND;ND;ND;ND;ND;ND;ND;ND;ND;ND;ND;ND;ND;ND;ND;ND;ND;ND;ND;ND;ND;ND;ND;ND;ND;ND;ND;ND;ND,"""64,98448""",FLOAT16,ND,N/A,0.0,0,0.0,0.0,0.0,0.0,0.0,0.0,0.0,0.0,0.0,0.0,0.0,35.483,2341868,0.017,0.0,8.113,0.229,20.788,0.586,10.98,0.309,0.0,0.000
0,4294967295,14,47,aclnnMul_MulAiCore_Mul,Mul,dynamic,AI_VECTOR_CORE,1785697972873086.951	,333.327,0.069000,40,0,NO,"""4096,4096;4096,4096""",FLOAT;FLOAT,ND;ND,"""4096,4096""",FLOAT,ND,N/A,0.0,0,0.0,0.0,0.0,0.0,0.0,0.0,0.0,0.0,0.0,0.0,0.0,331.425,21874033,6.784,0.02,3.052,0.009,329.858,0.995,111.055,0.335,0.0,0.000
0,4294967295,15,47,Concat,Concat,dynamic,AI_VECTOR_CORE,1785697972873420.298	,40.020,0.000000,40,0,NO,"""64,16;64,32;64,64;64,128;64,256;64,512;64,1024;64,2048;64,4096;64,8192;64,16;64,32;64,64;64,128;64,256;64,512;64,1024;64,2048;64,4096;64,8192;64,16;64,32;64,64;64,128;64,256;64,512;64,1024;64,2048;64,4096;64,8192;64,16;64,32;64,64;64,128;64,256;64,512;64,1024;64,2048;64,4096;64,8192;64,16;64,32;64,64;64,128;64,256;64,512;64,1024;64,2048;64,4096;64,8192;64,16;64,32;64,64;64,128;64,256;64,512;64,1024;64,2048;64,4096;64,8192;64,16;64,32;64,64;64,128""",FLOAT16;FLOAT16;FLOAT16;FLOAT16;FLOAT16;FLOAT16;FLOAT16;FLOAT16;FLOAT16;FLOAT16;FLOAT16;FLOAT16;FLOAT16;FLOAT16;FLOAT16;FLOAT16;FLOAT16;FLOAT16;FLOAT16;FLOAT16;FLOAT16;FLOAT16;FLOAT16;FLOAT16;FLOAT16;FLOAT16;FLOAT16;FLOAT16;FLOAT16;FLOAT16;FLOAT16;FLOAT16;FLOAT16;FLOAT16;FLOAT16;FLOAT16;FLOAT16;FLOAT16;FLOAT16;FLOAT16;FLOAT16;FLOAT16;FLOAT16;FLOAT16;FLOAT16;FLOAT16;FLOAT16;FLOAT16;FLOAT16;FLOAT16;FLOAT16;FLOAT16;FLOAT16;FLOAT16;FLOAT16;FLOAT16;FLOAT16;FLOAT16;FLOAT16;FLOAT16;FLOAT16;FLOAT16;FLOAT16;FLOAT16,ND;ND;ND;ND;ND;ND;ND;ND;ND;ND;ND;ND;ND;ND;ND;ND;ND;ND;ND;ND;ND;ND;ND;ND;ND;ND;ND;ND;ND;ND;ND;ND;ND;ND;ND;ND;ND;ND;ND;ND;ND;ND;ND;ND;ND;ND;ND;ND;ND;ND;ND;ND;ND;ND;ND;ND;ND;ND;ND;ND;ND;ND;ND;ND,"""64,98448""",FLOAT16,ND,N/A,0.0,0,0.0,0.0,0.0,0.0,0.0,0.0,0.0,0.0,0.0,0.0,0.0,36.16,2386559,0.017,0.0,7.784,0.215,20.88,0.577,11.417,0.316,0.0,0.000
0,4294967295,16,47,aclnnMul_MulAiCore_Mul,Mul,dynamic,AI_VECTOR_CORE,1785697972873460.338	,333.807,0.000000,40,0,NO,"""4096,4096;4096,4096""",FLOAT;FLOAT,ND;ND,"""4096,4096""",FLOAT,ND,N/A,0.0,0,0.0,0.0,0.0,0.0,0.0,0.0,0.0,0.0,0.0,0.0,0.0,331.875,21903728,6.784,0.02,3.143,0.009,330.187,0.995,113.124,0.341,0.0,0.000
0,4294967295,17,47,Concat,Concat,dynamic,AI_VECTOR_CORE,1785697972873794.185	,40.561,0.193000,40,0,NO,"""64,16;64,32;64,64;64,128;64,256;64,512;64,1024;64,2048;64,4096;64,8192;64,16;64,32;64,64;64,128;64,256;64,512;64,1024;64,2048;64,4096;64,8192;64,16;64,32;64,64;64,128;64,256;64,512;64,1024;64,2048;64,4096;64,8192;64,16;64,32;64,64;64,128;64,256;64,512;64,1024;64,2048;64,4096;64,8192;64,16;64,32;64,64;64,128;64,256;64,512;64,1024;64,2048;64,4096;64,8192;64,16;64,32;64,64;64,128;64,256;64,512;64,1024;64,2048;64,4096;64,8192;64,16;64,32;64,64;64,128""",FLOAT16;FLOAT16;FLOAT16;FLOAT16;FLOAT16;FLOAT16;FLOAT16;FLOAT16;FLOAT16;FLOAT16;FLOAT16;FLOAT16;FLOAT16;FLOAT16;FLOAT16;FLOAT16;FLOAT16;FLOAT16;FLOAT16;FLOAT16;FLOAT16;FLOAT16;FLOAT16;FLOAT16;FLOAT16;FLOAT16;FLOAT16;FLOAT16;FLOAT16;FLOAT16;FLOAT16;FLOAT16;FLOAT16;FLOAT16;FLOAT16;FLOAT16;FLOAT16;FLOAT16;FLOAT16;FLOAT16;FLOAT16;FLOAT16;FLOAT16;FLOAT16;FLOAT16;FLOAT16;FLOAT16;FLOAT16;FLOAT16;FLOAT16;FLOAT16;FLOAT16;FLOAT16;FLOAT16;FLOAT16;FLOAT16;FLOAT16;FLOAT16;FLOAT16;FLOAT16;FLOAT16;FLOAT16;FLOAT16;FLOAT16,ND;ND;ND;ND;ND;ND;ND;ND;ND;ND;ND;ND;ND;ND;ND;ND;ND;ND;ND;ND;ND;ND;ND;ND;ND;ND;ND;ND;ND;ND;ND;ND;ND;ND;ND;ND;ND;ND;ND;ND;ND;ND;ND;ND;ND;ND;ND;ND;ND;ND;ND;ND;ND;ND;ND;ND;ND;ND;ND;ND;ND;ND;ND;ND,"""64,98448""",FLOAT16,ND,N/A,0.0,0,0.0,0.0,0.0,0.0,0.0,0.0,0.0,0.0,0.0,0.0,0.0,37.026,2443747,0.017,0.0,6.76,0.183,21.302,0.575,11.949,0.323,0.0,0.000
0,4294967295,18,47,aclnnMul_MulAiCore_Mul,Mul,dynamic,AI_VECTOR_CORE,1785697972873834.766	,333.507,0.000000,40,0,NO,"""4096,4096;4096,4096""",FLOAT;FLOAT,ND;ND,"""4096,4096""",FLOAT,ND,N/A,0.0,0,0.0,0.0,0.0,0.0,0.0,0.0,0.0,0.0,0.0,0.0,0.0,331.51,21879648,6.784,0.02,3.07,0.009,329.9,0.995,113.168,0.341,0.0,0.000
0,4294967295,19,47,Concat,Concat,dynamic,AI_VECTOR_CORE,1785697972874168.313	,40.840,0.000000,40,0,NO,"""64,16;64,32;64,64;64,128;64,256;64,512;64,1024;64,2048;64,4096;64,8192;64,16;64,32;64,64;64,128;64,256;64,512;64,1024;64,2048;64,4096;64,8192;64,16;64,32;64,64;64,128;64,256;64,512;64,1024;64,2048;64,4096;64,8192;64,16;64,32;64,64;64,128;64,256;64,512;64,1024;64,2048;64,4096;64,8192;64,16;64,32;64,64;64,128;64,256;64,512;64,1024;64,2048;64,4096;64,8192;64,16;64,32;64,64;64,128;64,256;64,512;64,1024;64,2048;64,4096;64,8192;64,16;64,32;64,64;64,128""",FLOAT16;FLOAT16;FLOAT16;FLOAT16;FLOAT16;FLOAT16;FLOAT16;FLOAT16;FLOAT16;FLOAT16;FLOAT16;FLOAT16;FLOAT16;FLOAT16;FLOAT16;FLOAT16;FLOAT16;FLOAT16;FLOAT16;FLOAT16;FLOAT16;FLOAT16;FLOAT16;FLOAT16;FLOAT16;FLOAT16;FLOAT16;FLOAT16;FLOAT16;FLOAT16;FLOAT16;FLOAT16;FLOAT16;FLOAT16;FLOAT16;FLOAT16;FLOAT16;FLOAT16;FLOAT16;FLOAT16;FLOAT16;FLOAT16;FLOAT16;FLOAT16;FLOAT16;FLOAT16;FLOAT16;FLOAT16;FLOAT16;FLOAT16;FLOAT16;FLOAT16;FLOAT16;FLOAT16;FLOAT16;FLOAT16;FLOAT16;FLOAT16;FLOAT16;FLOAT16;FLOAT16;FLOAT16;FLOAT16;FLOAT16,ND;ND;ND;ND;ND;ND;ND;ND;ND;ND;ND;ND;ND;ND;ND;ND;ND;ND;ND;ND;ND;ND;ND;ND;ND;ND;ND;ND;ND;ND;ND;ND;ND;ND;ND;ND;ND;ND;ND;ND;ND;ND;ND;ND;ND;ND;ND;ND;ND;ND;ND;ND;ND;ND;ND;ND;ND;ND;ND;ND;ND;ND;ND;ND,"""64,98448""",FLOAT16,ND,N/A,0.0,0,0.0,0.0,0.0,0.0,0.0,0.0,0.0,0.0,0.0,0.0,0.0,37.268,2459709,0.017,0.0,7.426,0.199,21.847,0.586,11.513,0.309,0.0,0.000
0,4294967295,20,47,aclnnMul_MulAiCore_Mul,Mul,dynamic,AI_VECTOR_CORE,1785697972874209.173	,332.627,0.160000,40,0,NO,"""4096,4096;4096,4096""",FLOAT;FLOAT,ND;ND,"""4096,4096""",FLOAT,ND,N/A,0.0,0,0.0,0.0,0.0,0.0,0.0,0.0,0.0,0.0,0.0,0.0,0.0,330.564,21817218,6.784,0.021,3.084,0.009,328.958,0.995,111.651,0.338,0.0,0.000
0,4294967295,21,47,Concat,Concat,dynamic,AI_VECTOR_CORE,1785697972874541.820	,40.061,0.000000,40,0,NO,"""64,16;64,32;64,64;64,128;64,256;64,512;64,1024;64,2048;64,4096;64,8192;64,16;64,32;64,64;64,128;64,256;64,512;64,1024;64,2048;64,4096;64,8192;64,16;64,32;64,64;64,128;64,256;64,512;64,1024;64,2048;64,4096;64,8192;64,16;64,32;64,64;64,128;64,256;64,512;64,1024;64,2048;64,4096;64,8192;64,16;64,32;64,64;64,128;64,256;64,512;64,1024;64,2048;64,4096;64,8192;64,16;64,32;64,64;64,128;64,256;64,512;64,1024;64,2048;64,4096;64,8192;64,16;64,32;64,64;64,128""",FLOAT16;FLOAT16;FLOAT16;FLOAT16;FLOAT16;FLOAT16;FLOAT16;FLOAT16;FLOAT16;FLOAT16;FLOAT16;FLOAT16;FLOAT16;FLOAT16;FLOAT16;FLOAT16;FLOAT16;FLOAT16;FLOAT16;FLOAT16;FLOAT16;FLOAT16;FLOAT16;FLOAT16;FLOAT16;FLOAT16;FLOAT16;FLOAT16;FLOAT16;FLOAT16;FLOAT16;FLOAT16;FLOAT16;FLOAT16;FLOAT16;FLOAT16;FLOAT16;FLOAT16;FLOAT16;FLOAT16;FLOAT16;FLOAT16;FLOAT16;FLOAT16;FLOAT16;FLOAT16;FLOAT16;FLOAT16;FLOAT16;FLOAT16;FLOAT16;FLOAT16;FLOAT16;FLOAT16;FLOAT16;FLOAT16;FLOAT16;FLOAT16;FLOAT16;FLOAT16;FLOAT16;FLOAT16;FLOAT16;FLOAT16,ND;ND;ND;ND;ND;ND;ND;ND;ND;ND;ND;ND;ND;ND;ND;ND;ND;ND;ND;ND;ND;ND;ND;ND;ND;ND;ND;ND;ND;ND;ND;ND;ND;ND;ND;ND;ND;ND;ND;ND;ND;ND;ND;ND;ND;ND;ND;ND;ND;ND;ND;ND;ND;ND;ND;ND;ND;ND;ND;ND;ND;ND;ND;ND,"""64,98448""",FLOAT16,ND,N/A,0.0,0,0.0,0.0,0.0,0.0,0.0,0.0,0.0,0.0,0.0,0.0,0.0,36.393,2401934,0.017,0.0,7.503,0.206,21.369,0.587,11.15,0.306,0.0,0.000
0,4294967295,22,47,aclnnMul_MulAiCore_Mul,Mul,dynamic,AI_VECTOR_CORE,1785697972874581.901	,333.806,0.189000,40,0,NO,"""4096,4096;4096,4096""",FLOAT;FLOAT,ND;ND,"""4096,4096""",FLOAT,ND,N/A,0.0,0,0.0,0.0,0.0,0.0,0.0,0.0,0.0,0.0,0.0,0.0,0.0,331.304,21866041,6.784,0.02,2.986,0.009,329.768,0.995,111.814,0.337,0.0,0.000
0,4294967295,23,47,Concat,Concat,dynamic,AI_VECTOR_CORE,1785697972874915.727	,40.441,0.000000,40,0,NO,"""64,16;64,32;64,64;64,128;64,256;64,512;64,1024;64,2048;64,4096;64,8192;64,16;64,32;64,64;64,128;64,256;64,512;64,1024;64,2048;64,4096;64,8192;64,16;64,32;64,64;64,128;64,256;64,512;64,1024;64,2048;64,4096;64,8192;64,16;64,32;64,64;64,128;64,256;64,512;64,1024;64,2048;64,4096;64,8192;64,16;64,32;64,64;64,128;64,256;64,512;64,1024;64,2048;64,4096;64,8192;64,16;64,32;64,64;64,128;64,256;64,512;64,1024;64,2048;64,4096;64,8192;64,16;64,32;64,64;64,128""",FLOAT16;FLOAT16;FLOAT16;FLOAT16;FLOAT16;FLOAT16;FLOAT16;FLOAT16;FLOAT16;FLOAT16;FLOAT16;FLOAT16;FLOAT16;FLOAT16;FLOAT16;FLOAT16;FLOAT16;FLOAT16;FLOAT16;FLOAT16;FLOAT16;FLOAT16;FLOAT16;FLOAT16;FLOAT16;FLOAT16;FLOAT16;FLOAT16;FLOAT16;FLOAT16;FLOAT16;FLOAT16;FLOAT16;FLOAT16;FLOAT16;FLOAT16;FLOAT16;FLOAT16;FLOAT16;FLOAT16;FLOAT16;FLOAT16;FLOAT16;FLOAT16;FLOAT16;FLOAT16;FLOAT16;FLOAT16;FLOAT16;FLOAT16;FLOAT16;FLOAT16;FLOAT16;FLOAT16;FLOAT16;FLOAT16;FLOAT16;FLOAT16;FLOAT16;FLOAT16;FLOAT16;FLOAT16;FLOAT16;FLOAT16,ND;ND;ND;ND;ND;ND;ND;ND;ND;ND;ND;ND;ND;ND;ND;ND;ND;ND;ND;ND;ND;ND;ND;ND;ND;ND;ND;ND;ND;ND;ND;ND;ND;ND;ND;ND;ND;ND;ND;ND;ND;ND;ND;ND;ND;ND;ND;ND;ND;ND;ND;ND;ND;ND;ND;ND;ND;ND;ND;ND;ND;ND;ND;ND,"""64,98448""",FLOAT16,ND,N/A,0.0,0,0.0,0.0,0.0,0.0,0.0,0.0,0.0,0.0,0.0,0.0,0.0,37.067,2446409,0.017,0.0,7.665,0.207,21.654,0.584,11.599,0.313,0.0,0.000
0,4294967295,24,47,aclnnMul_MulAiCore_Mul,Mul,dynamic,AI_VECTOR_CORE,1785697972874956.188	,332.647,0.059000,40,0,NO,"""4096,4096;4096,4096""",FLOAT;FLOAT,ND;ND,"""4096,4096""",FLOAT,ND,N/A,0.0,0,0.0,0.0,0.0,0.0,0.0,0.0,0.0,0.0,0.0,0.0,0.0,330.64,21822235,6.784,0.021,3.06,0.009,329.022,0.995,112.265,0.34,0.0,0.000
0,4294967295,25,47,Concat,Concat,dynamic,AI_VECTOR_CORE,1785697972875288.855	,40.221,0.000000,40,0,NO,"""64,16;64,32;64,64;64,128;64,256;64,512;64,1024;64,2048;64,4096;64,8192;64,16;64,32;64,64;64,128;64,256;64,512;64,1024;64,2048;64,4096;64,8192;64,16;64,32;64,64;64,128;64,256;64,512;64,1024;64,2048;64,4096;64,8192;64,16;64,32;64,64;64,128;64,256;64,512;64,1024;64,2048;64,4096;64,8192;64,16;64,32;64,64;64,128;64,256;64,512;64,1024;64,2048;64,4096;64,8192;64,16;64,32;64,64;64,128;64,256;64,512;64,1024;64,2048;64,4096;64,8192;64,16;64,32;64,64;64,128""",FLOAT16;FLOAT16;FLOAT16;FLOAT16;FLOAT16;FLOAT16;FLOAT16;FLOAT16;FLOAT16;FLOAT16;FLOAT16;FLOAT16;FLOAT16;FLOAT16;FLOAT16;FLOAT16;FLOAT16;FLOAT16;FLOAT16;FLOAT16;FLOAT16;FLOAT16;FLOAT16;FLOAT16;FLOAT16;FLOAT16;FLOAT16;FLOAT16;FLOAT16;FLOAT16;FLOAT16;FLOAT16;FLOAT16;FLOAT16;FLOAT16;FLOAT16;FLOAT16;FLOAT16;FLOAT16;FLOAT16;FLOAT16;FLOAT16;FLOAT16;FLOAT16;FLOAT16;FLOAT16;FLOAT16;FLOAT16;FLOAT16;FLOAT16;FLOAT16;FLOAT16;FLOAT16;FLOAT16;FLOAT16;FLOAT16;FLOAT16;FLOAT16;FLOAT16;FLOAT16;FLOAT16;FLOAT16;FLOAT16;FLOAT16,ND;ND;ND;ND;ND;ND;ND;ND;ND;ND;ND;ND;ND;ND;ND;ND;ND;ND;ND;ND;ND;ND;ND;ND;ND;ND;ND;ND;ND;ND;ND;ND;ND;ND;ND;ND;ND;ND;ND;ND;ND;ND;ND;ND;ND;ND;ND;ND;ND;ND;ND;ND;ND;ND;ND;ND;ND;ND;ND;ND;ND;ND;ND;ND,"""64,98448""",FLOAT16,ND,N/A,0.0,0,0.0,0.0,0.0,0.0,0.0,0.0,0.0,0.0,0.0,0.0,0.0,37.082,2447437,0.017,0.0,7.189,0.194,21.45,0.578,11.745,0.317,0.0,0.000
0,4294967295,26,47,aclnnMul_MulAiCore_Mul,Mul,dynamic,AI_VECTOR_CORE,1785697972875329.096	,332.866,0.029000,40,0,NO,"""4096,4096;4096,4096""",FLOAT;FLOAT,ND;ND,"""4096,4096""",FLOAT,ND,N/A,0.0,0,0.0,0.0,0.0,0.0,0.0,0.0,0.0,0.0,0.0,0.0,0.0,330.666,21823937,6.784,0.021,2.962,0.009,329.178,0.996,109.547,0.331,0.0,0.000
0,4294967295,27,47,Concat,Concat,dynamic,AI_VECTOR_CORE,1785697972875661.982	,41.241,0.134000,40,0,NO,"""64,16;64,32;64,64;64,128;64,256;64,512;64,1024;64,2048;64,4096;64,8192;64,16;64,32;64,64;64,128;64,256;64,512;64,1024;64,2048;64,4096;64,8192;64,16;64,32;64,64;64,128;64,256;64,512;64,1024;64,2048;64,4096;64,8192;64,16;64,32;64,64;64,128;64,256;64,512;64,1024;64,2048;64,4096;64,8192;64,16;64,32;64,64;64,128;64,256;64,512;64,1024;64,2048;64,4096;64,8192;64,16;64,32;64,64;64,128;64,256;64,512;64,1024;64,2048;64,4096;64,8192;64,16;64,32;64,64;64,128""",FLOAT16;FLOAT16;FLOAT16;FLOAT16;FLOAT16;FLOAT16;FLOAT16;FLOAT16;FLOAT16;FLOAT16;FLOAT16;FLOAT16;FLOAT16;FLOAT16;FLOAT16;FLOAT16;FLOAT16;FLOAT16;FLOAT16;FLOAT16;FLOAT16;FLOAT16;FLOAT16;FLOAT16;FLOAT16;FLOAT16;FLOAT16;FLOAT16;FLOAT16;FLOAT16;FLOAT16;FLOAT16;FLOAT16;FLOAT16;FLOAT16;FLOAT16;FLOAT16;FLOAT16;FLOAT16;FLOAT16;FLOAT16;FLOAT16;FLOAT16;FLOAT16;FLOAT16;FLOAT16;FLOAT16;FLOAT16;FLOAT16;FLOAT16;FLOAT16;FLOAT16;FLOAT16;FLOAT16;FLOAT16;FLOAT16;FLOAT16;FLOAT16;FLOAT16;FLOAT16;FLOAT16;FLOAT16;FLOAT16;FLOAT16,ND;ND;ND;ND;ND;ND;ND;ND;ND;ND;ND;ND;ND;ND;ND;ND;ND;ND;ND;ND;ND;ND;ND;ND;ND;ND;ND;ND;ND;ND;ND;ND;ND;ND;ND;ND;ND;ND;ND;ND;ND;ND;ND;ND;ND;ND;ND;ND;ND;ND;ND;ND;ND;ND;ND;ND;ND;ND;ND;ND;ND;ND;ND;ND,"""64,98448""",FLOAT16,ND,N/A,0.0,0,0.0,0.0,0.0,0.0,0.0,0.0,0.0,0.0,0.0,0.0,0.0,37.957,2505183,0.017,0.0,9.443,0.249,21.772,0.574,11.867,0.313,0.0,0.000
0,4294967295,28,47,aclnnMul_MulAiCore_Mul,Mul,dynamic,AI_VECTOR_CORE,1785697972875703.243	,333.487,0.009000,40,0,NO,"""4096,4096;4096,4096""",FLOAT;FLOAT,ND;ND,"""4096,4096""",FLOAT,ND,N/A,0.0,0,0.0,0.0,0.0,0.0,0.0,0.0,0.0,0.0,0.0,0.0,0.0,331.099,21852525,6.784,0.02,3.032,0.009,329.484,0.995,112.386,0.339,0.0,0.000
0,4294967295,29,47,Concat,Concat,dynamic,AI_VECTOR_CORE,1785697972876036.750	,39.081,0.013000,40,0,NO,"""64,16;64,32;64,64;64,128;64,256;64,512;64,1024;64,2048;64,4096;64,8192;64,16;64,32;64,64;64,128;64,256;64,512;64,1024;64,2048;64,4096;64,8192;64,16;64,32;64,64;64,128;64,256;64,512;64,1024;64,2048;64,4096;64,8192;64,16;64,32;64,64;64,128;64,256;64,512;64,1024;64,2048;64,4096;64,8192;64,16;64,32;64,64;64,128;64,256;64,512;64,1024;64,2048;64,4096;64,8192;64,16;64,32;64,64;64,128;64,256;64,512;64,1024;64,2048;64,4096;64,8192;64,16;64,32;64,64;64,128""",FLOAT16;FLOAT16;FLOAT16;FLOAT16;FLOAT16;FLOAT16;FLOAT16;FLOAT16;FLOAT16;FLOAT16;FLOAT16;FLOAT16;FLOAT16;FLOAT16;FLOAT16;FLOAT16;FLOAT16;FLOAT16;FLOAT16;FLOAT16;FLOAT16;FLOAT16;FLOAT16;FLOAT16;FLOAT16;FLOAT16;FLOAT16;FLOAT16;FLOAT16;FLOAT16;FLOAT16;FLOAT16;FLOAT16;FLOAT16;FLOAT16;FLOAT16;FLOAT16;FLOAT16;FLOAT16;FLOAT16;FLOAT16;FLOAT16;FLOAT16;FLOAT16;FLOAT16;FLOAT16;FLOAT16;FLOAT16;FLOAT16;FLOAT16;FLOAT16;FLOAT16;FLOAT16;FLOAT16;FLOAT16;FLOAT16;FLOAT16;FLOAT16;FLOAT16;FLOAT16;FLOAT16;FLOAT16;FLOAT16;FLOAT16,ND;ND;ND;ND;ND;ND;ND;ND;ND;ND;ND;ND;ND;ND;ND;ND;ND;ND;ND;ND;ND;ND;ND;ND;ND;ND;ND;ND;ND;ND;ND;ND;ND;ND;ND;ND;ND;ND;ND;ND;ND;ND;ND;ND;ND;ND;ND;ND;ND;ND;ND;ND;ND;ND;ND;ND;ND;ND;ND;ND;ND;ND;ND;ND,"""64,98448""",FLOAT16,ND,N/A,0.0,0,0.0,0.0,0.0,0.0,0.0,0.0,0.0,0.0,0.0,0.0,0.0,35.459,2340278,0.017,0.0,7.639,0.215,20.61,0.581,11.04,0.311,0.0,0.000
0,4294967295,30,47,aclnnMul_MulAiCore_Mul,Mul,dynamic,AI_VECTOR_CORE,1785697972876075.851	,333.286,0.000000,40,0,NO,"""4096,4096;4096,4096""",FLOAT;FLOAT,ND;ND,"""4096,4096""",FLOAT,ND,N/A,0.0,0,0.0,0.0,0.0,0.0,0.0,0.0,0.0,0.0,0.0,0.0,0.0,331.184,21858130,6.784,0.02,2.946,0.009,329.698,0.996,112.817,0.341,0.0,0.000
0,4294967295,31,47,Concat,Concat,dynamic,AI_VECTOR_CORE,1785697972876409.157	,39.681,0.214000,40,0,NO,"""64,16;64,32;64,64;64,128;64,256;64,512;64,1024;64,2048;64,4096;64,8192;64,16;64,32;64,64;64,128;64,256;64,512;64,1024;64,2048;64,4096;64,8192;64,16;64,32;64,64;64,128;64,256;64,512;64,1024;64,2048;64,4096;64,8192;64,16;64,32;64,64;64,128;64,256;64,512;64,1024;64,2048;64,4096;64,8192;64,16;64,32;64,64;64,128;64,256;64,512;64,1024;64,2048;64,4096;64,8192;64,16;64,32;64,64;64,128;64,256;64,512;64,1024;64,2048;64,4096;64,8192;64,16;64,32;64,64;64,128""",FLOAT16;FLOAT16;FLOAT16;FLOAT16;FLOAT16;FLOAT16;FLOAT16;FLOAT16;FLOAT16;FLOAT16;FLOAT16;FLOAT16;FLOAT16;FLOAT16;FLOAT16;FLOAT16;FLOAT16;FLOAT16;FLOAT16;FLOAT16;FLOAT16;FLOAT16;FLOAT16;FLOAT16;FLOAT16;FLOAT16;FLOAT16;FLOAT16;FLOAT16;FLOAT16;FLOAT16;FLOAT16;FLOAT16;FLOAT16;FLOAT16;FLOAT16;FLOAT16;FLOAT16;FLOAT16;FLOAT16;FLOAT16;FLOAT16;FLOAT16;FLOAT16;FLOAT16;FLOAT16;FLOAT16;FLOAT16;FLOAT16;FLOAT16;FLOAT16;FLOAT16;FLOAT16;FLOAT16;FLOAT16;FLOAT16;FLOAT16;FLOAT16;FLOAT16;FLOAT16;FLOAT16;FLOAT16;FLOAT16;FLOAT16,ND;ND;ND;ND;ND;ND;ND;ND;ND;ND;ND;ND;ND;ND;ND;ND;ND;ND;ND;ND;ND;ND;ND;ND;ND;ND;ND;ND;ND;ND;ND;ND;ND;ND;ND;ND;ND;ND;ND;ND;ND;ND;ND;ND;ND;ND;ND;ND;ND;ND;ND;ND;ND;ND;ND;ND;ND;ND;ND;ND;ND;ND;ND;ND,"""64,98448""",FLOAT16,ND,N/A,0.0,0,0.0,0.0,0.0,0.0,0.0,0.0,0.0,0.0,0.0,0.0,0.0,36.004,2376244,0.017,0.0,7.618,0.212,20.799,0.578,11.528,0.32,0.0,0.000
0,4294967295,32,47,aclnnMul_MulAiCore_Mul,Mul,dynamic,AI_VECTOR_CORE,1785697972876448.858	,334.467,0.000000,40,0,NO,"""4096,4096;4096,4096""",FLOAT;FLOAT,ND;ND,"""4096,4096""",FLOAT,ND,N/A,0.0,0,0.0,0.0,0.0,0.0,0.0,0.0,0.0,0.0,0.0,0.0,0.0,332.048,21915190,6.784,0.02,3.081,0.009,330.403,0.995,113.015,0.34,0.0,0.000
0,4294967295,33,47,Concat,Concat,dynamic,AI_VECTOR_CORE,1785697972876783.345	,40.381,0.033000,40,0,NO,"""64,16;64,32;64,64;64,128;64,256;64,512;64,1024;64,2048;64,4096;64,8192;64,16;64,32;64,64;64,128;64,256;64,512;64,1024;64,2048;64,4096;64,8192;64,16;64,32;64,64;64,128;64,256;64,512;64,1024;64,2048;64,4096;64,8192;64,16;64,32;64,64;64,128;64,256;64,512;64,1024;64,2048;64,4096;64,8192;64,16;64,32;64,64;64,128;64,256;64,512;64,1024;64,2048;64,4096;64,8192;64,16;64,32;64,64;64,128;64,256;64,512;64,1024;64,2048;64,4096;64,8192;64,16;64,32;64,64;64,128""",FLOAT16;FLOAT16;FLOAT16;FLOAT16;FLOAT16;FLOAT16;FLOAT16;FLOAT16;FLOAT16;FLOAT16;FLOAT16;FLOAT16;FLOAT16;FLOAT16;FLOAT16;FLOAT16;FLOAT16;FLOAT16;FLOAT16;FLOAT16;FLOAT16;FLOAT16;FLOAT16;FLOAT16;FLOAT16;FLOAT16;FLOAT16;FLOAT16;FLOAT16;FLOAT16;FLOAT16;FLOAT16;FLOAT16;FLOAT16;FLOAT16;FLOAT16;FLOAT16;FLOAT16;FLOAT16;FLOAT16;FLOAT16;FLOAT16;FLOAT16;FLOAT16;FLOAT16;FLOAT16;FLOAT16;FLOAT16;FLOAT16;FLOAT16;FLOAT16;FLOAT16;FLOAT16;FLOAT16;FLOAT16;FLOAT16;FLOAT16;FLOAT16;FLOAT16;FLOAT16;FLOAT16;FLOAT16;FLOAT16;FLOAT16,ND;ND;ND;ND;ND;ND;ND;ND;ND;ND;ND;ND;ND;ND;ND;ND;ND;ND;ND;ND;ND;ND;ND;ND;ND;ND;ND;ND;ND;ND;ND;ND;ND;ND;ND;ND;ND;ND;ND;ND;ND;ND;ND;ND;ND;ND;ND;ND;ND;ND;ND;ND;ND;ND;ND;ND;ND;ND;ND;ND;ND;ND;ND;ND,"""64,98448""",FLOAT16,ND,N/A,0.0,0,0.0,0.0,0.0,0.0,0.0,0.0,0.0,0.0,0.0,0.0,0.0,36.803,2429030,0.017,0.0,6.573,0.179,21.18,0.575,11.88,0.323,0.0,0.000
0,4294967295,34,47,aclnnMul_MulAiCore_Mul,Mul,dynamic,AI_VECTOR_CORE,1785697972876823.746	,332.366,0.119000,40,0,NO,"""4096,4096;4096,4096""",FLOAT;FLOAT,ND;ND,"""4096,4096""",FLOAT,ND,N/A,0.0,0,0.0,0.0,0.0,0.0,0.0,0.0,0.0,0.0,0.0,0.0,0.0,330.607,21820065,6.784,0.021,2.994,0.009,329.062,0.995,110.992,0.336,0.0,0.000
0,4294967295,35,47,Concat,Concat,dynamic,AI_VECTOR_CORE,1785697972877156.132	,41.381,0.134000,40,0,NO,"""64,16;64,32;64,64;64,128;64,256;64,512;64,1024;64,2048;64,4096;64,8192;64,16;64,32;64,64;64,128;64,256;64,512;64,1024;64,2048;64,4096;64,8192;64,16;64,32;64,64;64,128;64,256;64,512;64,1024;64,2048;64,4096;64,8192;64,16;64,32;64,64;64,128;64,256;64,512;64,1024;64,2048;64,4096;64,8192;64,16;64,32;64,64;64,128;64,256;64,512;64,1024;64,2048;64,4096;64,8192;64,16;64,32;64,64;64,128;64,256;64,512;64,1024;64,2048;64,4096;64,8192;64,16;64,32;64,64;64,128""",FLOAT16;FLOAT16;FLOAT16;FLOAT16;FLOAT16;FLOAT16;FLOAT16;FLOAT16;FLOAT16;FLOAT16;FLOAT16;FLOAT16;FLOAT16;FLOAT16;FLOAT16;FLOAT16;FLOAT16;FLOAT16;FLOAT16;FLOAT16;FLOAT16;FLOAT16;FLOAT16;FLOAT16;FLOAT16;FLOAT16;FLOAT16;FLOAT16;FLOAT16;FLOAT16;FLOAT16;FLOAT16;FLOAT16;FLOAT16;FLOAT16;FLOAT16;FLOAT16;FLOAT16;FLOAT16;FLOAT16;FLOAT16;FLOAT16;FLOAT16;FLOAT16;FLOAT16;FLOAT16;FLOAT16;FLOAT16;FLOAT16;FLOAT16;FLOAT16;FLOAT16;FLOAT16;FLOAT16;FLOAT16;FLOAT16;FLOAT16;FLOAT16;FLOAT16;FLOAT16;FLOAT16;FLOAT16;FLOAT16;FLOAT16,ND;ND;ND;ND;ND;ND;ND;ND;ND;ND;ND;ND;ND;ND;ND;ND;ND;ND;ND;ND;ND;ND;ND;ND;ND;ND;ND;ND;ND;ND;ND;ND;ND;ND;ND;ND;ND;ND;ND;ND;ND;ND;ND;ND;ND;ND;ND;ND;ND;ND;ND;ND;ND;ND;ND;ND;ND;ND;ND;ND;ND;ND;ND;ND,"""64,98448""",FLOAT16,ND,N/A,0.0,0,0.0,0.0,0.0,0.0,0.0,0.0,0.0,0.0,0.0,0.0,0.0,37.565,2479288,0.017,0.0,6.323,0.168,21.759,0.579,12.075,0.321,0.0,0.000
0,4294967295,36,47,aclnnMul_MulAiCore_Mul,Mul,dynamic,AI_VECTOR_CORE,1785697972877197.533	,334.807,0.000000,40,0,NO,"""4096,4096;4096,4096""",FLOAT;FLOAT,ND;ND,"""4096,4096""",FLOAT,ND,N/A,0.0,0,0.0,0.0,0.0,0.0,0.0,0.0,0.0,0.0,0.0,0.0,0.0,331.885,21904379,6.784,0.02,3.125,0.009,330.189,0.995,113.425,0.342,0.0,0.000
0,4294967295,37,47,Concat,Concat,dynamic,AI_VECTOR_CORE,1785697972877532.360	,39.281,0.000000,40,0,NO,"""64,16;64,32;64,64;64,128;64,256;64,512;64,1024;64,2048;64,4096;64,8192;64,16;64,32;64,64;64,128;64,256;64,512;64,1024;64,2048;64,4096;64,8192;64,16;64,32;64,64;64,128;64,256;64,512;64,1024;64,2048;64,4096;64,8192;64,16;64,32;64,64;64,128;64,256;64,512;64,1024;64,2048;64,4096;64,8192;64,16;64,32;64,64;64,128;64,256;64,512;64,1024;64,2048;64,4096;64,8192;64,16;64,32;64,64;64,128;64,256;64,512;64,1024;64,2048;64,4096;64,8192;64,16;64,32;64,64;64,128""",FLOAT16;FLOAT16;FLOAT16;FLOAT16;FLOAT16;FLOAT16;FLOAT16;FLOAT16;FLOAT16;FLOAT16;FLOAT16;FLOAT16;FLOAT16;FLOAT16;FLOAT16;FLOAT16;FLOAT16;FLOAT16;FLOAT16;FLOAT16;FLOAT16;FLOAT16;FLOAT16;FLOAT16;FLOAT16;FLOAT16;FLOAT16;FLOAT16;FLOAT16;FLOAT16;FLOAT16;FLOAT16;FLOAT16;FLOAT16;FLOAT16;FLOAT16;FLOAT16;FLOAT16;FLOAT16;FLOAT16;FLOAT16;FLOAT16;FLOAT16;FLOAT16;FLOAT16;FLOAT16;FLOAT16;FLOAT16;FLOAT16;FLOAT16;FLOAT16;FLOAT16;FLOAT16;FLOAT16;FLOAT16;FLOAT16;FLOAT16;FLOAT16;FLOAT16;FLOAT16;FLOAT16;FLOAT16;FLOAT16;FLOAT16,ND;ND;ND;ND;ND;ND;ND;ND;ND;ND;ND;ND;ND;ND;ND;ND;ND;ND;ND;ND;ND;ND;ND;ND;ND;ND;ND;ND;ND;ND;ND;ND;ND;ND;ND;ND;ND;ND;ND;ND;ND;ND;ND;ND;ND;ND;ND;ND;ND;ND;ND;ND;ND;ND;ND;ND;ND;ND;ND;ND;ND;ND;ND;ND,"""64,98448""",FLOAT16,ND,N/A,0.0,0,0.0,0.0,0.0,0.0,0.0,0.0,0.0,0.0,0.0,0.0,0.0,36.056,2379667,0.017,0.0,7.628,0.212,21.248,0.589,11.105,0.308,0.0,0.000
0,4294967295,38,47,aclnnMul_MulAiCore_Mul,Mul,dynamic,AI_VECTOR_CORE,1785697972877571.681	,333.826,0.219000,40,0,NO,"""4096,4096;4096,4096""",FLOAT;FLOAT,ND;ND,"""4096,4096""",FLOAT,ND,N/A,0.0,0,0.0,0.0,0.0,0.0,0.0,0.0,0.0,0.0,0.0,0.0,0.0,330.866,21837131,6.784,0.021,3.034,0.009,329.246,0.995,113.079,0.342,0.0,0.000
0,4294967295,39,47,Concat,Concat,dynamic,AI_VECTOR_CORE,1785697972877905.527	,39.821,0.000000,40,0,NO,"""64,16;64,32;64,64;64,128;64,256;64,512;64,1024;64,2048;64,4096;64,8192;64,16;64,32;64,64;64,128;64,256;64,512;64,1024;64,2048;64,4096;64,8192;64,16;64,32;64,64;64,128;64,256;64,512;64,1024;64,2048;64,4096;64,8192;64,16;64,32;64,64;64,128;64,256;64,512;64,1024;64,2048;64,4096;64,8192;64,16;64,32;64,64;64,128;64,256;64,512;64,1024;64,2048;64,4096;64,8192;64,16;64,32;64,64;64,128;64,256;64,512;64,1024;64,2048;64,4096;64,8192;64,16;64,32;64,64;64,128""",FLOAT16;FLOAT16;FLOAT16;FLOAT16;FLOAT16;FLOAT16;FLOAT16;FLOAT16;FLOAT16;FLOAT16;FLOAT16;FLOAT16;FLOAT16;FLOAT16;FLOAT16;FLOAT16;FLOAT16;FLOAT16;FLOAT16;FLOAT16;FLOAT16;FLOAT16;FLOAT16;FLOAT16;FLOAT16;FLOAT16;FLOAT16;FLOAT16;FLOAT16;FLOAT16;FLOAT16;FLOAT16;FLOAT16;FLOAT16;FLOAT16;FLOAT16;FLOAT16;FLOAT16;FLOAT16;FLOAT16;FLOAT16;FLOAT16;FLOAT16;FLOAT16;FLOAT16;FLOAT16;FLOAT16;FLOAT16;FLOAT16;FLOAT16;FLOAT16;FLOAT16;FLOAT16;FLOAT16;FLOAT16;FLOAT16;FLOAT16;FLOAT16;FLOAT16;FLOAT16;FLOAT16;FLOAT16;FLOAT16;FLOAT16,ND;ND;ND;ND;ND;ND;ND;ND;ND;ND;ND;ND;ND;ND;ND;ND;ND;ND;ND;ND;ND;ND;ND;ND;ND;ND;ND;ND;ND;ND;ND;ND;ND;ND;ND;ND;ND;ND;ND;ND;ND;ND;ND;ND;ND;ND;ND;ND;ND;ND;ND;ND;ND;ND;ND;ND;ND;ND;ND;ND;ND;ND;ND;ND,"""64,98448""",FLOAT16,ND,N/A,0.0,0,0.0,0.0,0.0,0.0,0.0,0.0,0.0,0.0,0.0,0.0,0.0,36.757,2425966,0.017,0.0,7.072,0.192,21.698,0.59,11.323,0.308,0.0,0.000
0,4294967295,40,47,aclnnMul_MulAiCore_Mul,Mul,dynamic,AI_VECTOR_CORE,1785697972877945.368	,333.507,0.000000,40,0,NO,"""4096,4096;4096,4096""",FLOAT;FLOAT,ND;ND,"""4096,4096""",FLOAT,ND,N/A,0.0,0,0.0,0.0,0.0,0.0,0.0,0.0,0.0,0.0,0.0,0.0,0.0,331.148,21855749,6.784,0.02,3.052,0.009,329.559,0.995,113.167,0.342,0.0,0.000
0,4294967295,41,47,Concat,Concat,dynamic,AI_VECTOR_CORE,1785697972878278.895	,40.500,0.243000,40,0,NO,"""64,16;64,32;64,64;64,128;64,256;64,512;64,1024;64,2048;64,4096;64,8192;64,16;64,32;64,64;64,128;64,256;64,512;64,1024;64,2048;64,4096;64,8192;64,16;64,32;64,64;64,128;64,256;64,512;64,1024;64,2048;64,4096;64,8192;64,16;64,32;64,64;64,128;64,256;64,512;64,1024;64,2048;64,4096;64,8192;64,16;64,32;64,64;64,128;64,256;64,512;64,1024;64,2048;64,4096;64,8192;64,16;64,32;64,64;64,128;64,256;64,512;64,1024;64,2048;64,4096;64,8192;64,16;64,32;64,64;64,128""",FLOAT16;FLOAT16;FLOAT16;FLOAT16;FLOAT16;FLOAT16;FLOAT16;FLOAT16;FLOAT16;FLOAT16;FLOAT16;FLOAT16;FLOAT16;FLOAT16;FLOAT16;FLOAT16;FLOAT16;FLOAT16;FLOAT16;FLOAT16;FLOAT16;FLOAT16;FLOAT16;FLOAT16;FLOAT16;FLOAT16;FLOAT16;FLOAT16;FLOAT16;FLOAT16;FLOAT16;FLOAT16;FLOAT16;FLOAT16;FLOAT16;FLOAT16;FLOAT16;FLOAT16;FLOAT16;FLOAT16;FLOAT16;FLOAT16;FLOAT16;FLOAT16;FLOAT16;FLOAT16;FLOAT16;FLOAT16;FLOAT16;FLOAT16;FLOAT16;FLOAT16;FLOAT16;FLOAT16;FLOAT16;FLOAT16;FLOAT16;FLOAT16;FLOAT16;FLOAT16;FLOAT16;FLOAT16;FLOAT16;FLOAT16,ND;ND;ND;ND;ND;ND;ND;ND;ND;ND;ND;ND;ND;ND;ND;ND;ND;ND;ND;ND;ND;ND;ND;ND;ND;ND;ND;ND;ND;ND;ND;ND;ND;ND;ND;ND;ND;ND;ND;ND;ND;ND;ND;ND;ND;ND;ND;ND;ND;ND;ND;ND;ND;ND;ND;ND;ND;ND;ND;ND;ND;ND;ND;ND,"""64,98448""",FLOAT16,ND,N/A,0.0,0,0.0,0.0,0.0,0.0,0.0,0.0,0.0,0.0,0.0,0.0,0.0,36.97,2439995,0.017,0.0,7.741,0.209,21.12,0.571,11.883,0.321,0.0,0.000
0,4294967295,42,47,aclnnMul_MulAiCore_Mul,Mul,dynamic,AI_VECTOR_CORE,1785697972878319.415	,333.107,0.000000,40,0,NO,"""4096,4096;4096,4096""",FLOAT;FLOAT,ND;ND,"""4096,4096""",FLOAT,ND,N/A,0.0,0,0.0,0.0,0.0,0.0,0.0,0.0,0.0,0.0,0.0,0.0,0.0,331.258,21863023,6.784,0.02,2.945,0.009,329.766,0.995,112.2,0.339,0.0,0.000
0,4294967295,43,47,Concat,Concat,dynamic,AI_VECTOR_CORE,1785697972878652.542	,41.261,0.000000,40,0,NO,"""64,16;64,32;64,64;64,128;64,256;64,512;64,1024;64,2048;64,4096;64,8192;64,16;64,32;64,64;64,128;64,256;64,512;64,1024;64,2048;64,4096;64,8192;64,16;64,32;64,64;64,128;64,256;64,512;64,1024;64,2048;64,4096;64,8192;64,16;64,32;64,64;64,128;64,256;64,512;64,1024;64,2048;64,4096;64,8192;64,16;64,32;64,64;64,128;64,256;64,512;64,1024;64,2048;64,4096;64,8192;64,16;64,32;64,64;64,128;64,256;64,512;64,1024;64,2048;64,4096;64,8192;64,16;64,32;64,64;64,128""",FLOAT16;FLOAT16;FLOAT16;FLOAT16;FLOAT16;FLOAT16;FLOAT16;FLOAT16;FLOAT16;FLOAT16;FLOAT16;FLOAT16;FLOAT16;FLOAT16;FLOAT16;FLOAT16;FLOAT16;FLOAT16;FLOAT16;FLOAT16;FLOAT16;FLOAT16;FLOAT16;FLOAT16;FLOAT16;FLOAT16;FLOAT16;FLOAT16;FLOAT16;FLOAT16;FLOAT16;FLOAT16;FLOAT16;FLOAT16;FLOAT16;FLOAT16;FLOAT16;FLOAT16;FLOAT16;FLOAT16;FLOAT16;FLOAT16;FLOAT16;FLOAT16;FLOAT16;FLOAT16;FLOAT16;FLOAT16;FLOAT16;FLOAT16;FLOAT16;FLOAT16;FLOAT16;FLOAT16;FLOAT16;FLOAT16;FLOAT16;FLOAT16;FLOAT16;FLOAT16;FLOAT16;FLOAT16;FLOAT16;FLOAT16,ND;ND;ND;ND;ND;ND;ND;ND;ND;ND;ND;ND;ND;ND;ND;ND;ND;ND;ND;ND;ND;ND;ND;ND;ND;ND;ND;ND;ND;ND;ND;ND;ND;ND;ND;ND;ND;ND;ND;ND;ND;ND;ND;ND;ND;ND;ND;ND;ND;ND;ND;ND;ND;ND;ND;ND;ND;ND;ND;ND;ND;ND;ND;ND,"""64,98448""",FLOAT16,ND,N/A,0.0,0,0.0,0.0,0.0,0.0,0.0,0.0,0.0,0.0,0.0,0.0,0.0,38.062,2512101,0.017,0.0,7.98,0.21,21.971,0.577,11.786,0.31,0.0,0.000
0,4294967295,44,47,aclnnMul_MulAiCore_Mul,Mul,dynamic,AI_VECTOR_CORE,1785697972878693.823	,333.667,0.000000,40,0,NO,"""4096,4096;4096,4096""",FLOAT;FLOAT,ND;ND,"""4096,4096""",FLOAT,ND,N/A,0.0,0,0.0,0.0,0.0,0.0,0.0,0.0,0.0,0.0,0.0,0.0,0.0,331.441,21875090,6.784,0.02,3.038,0.009,329.834,0.995,112.379,0.339,0.0,0.000
0,4294967295,45,47,Concat,Concat,dynamic,AI_VECTOR_CORE,1785697972879027.530	,39.100,0.083000,40,0,NO,"""64,16;64,32;64,64;64,128;64,256;64,512;64,1024;64,2048;64,4096;64,8192;64,16;64,32;64,64;64,128;64,256;64,512;64,1024;64,2048;64,4096;64,8192;64,16;64,32;64,64;64,128;64,256;64,512;64,1024;64,2048;64,4096;64,8192;64,16;64,32;64,64;64,128;64,256;64,512;64,1024;64,2048;64,4096;64,8192;64,16;64,32;64,64;64,128;64,256;64,512;64,1024;64,2048;64,4096;64,8192;64,16;64,32;64,64;64,128;64,256;64,512;64,1024;64,2048;64,4096;64,8192;64,16;64,32;64,64;64,128""",FLOAT16;FLOAT16;FLOAT16;FLOAT16;FLOAT16;FLOAT16;FLOAT16;FLOAT16;FLOAT16;FLOAT16;FLOAT16;FLOAT16;FLOAT16;FLOAT16;FLOAT16;FLOAT16;FLOAT16;FLOAT16;FLOAT16;FLOAT16;FLOAT16;FLOAT16;FLOAT16;FLOAT16;FLOAT16;FLOAT16;FLOAT16;FLOAT16;FLOAT16;FLOAT16;FLOAT16;FLOAT16;FLOAT16;FLOAT16;FLOAT16;FLOAT16;FLOAT16;FLOAT16;FLOAT16;FLOAT16;FLOAT16;FLOAT16;FLOAT16;FLOAT16;FLOAT16;FLOAT16;FLOAT16;FLOAT16;FLOAT16;FLOAT16;FLOAT16;FLOAT16;FLOAT16;FLOAT16;FLOAT16;FLOAT16;FLOAT16;FLOAT16;FLOAT16;FLOAT16;FLOAT16;FLOAT16;FLOAT16;FLOAT16,ND;ND;ND;ND;ND;ND;ND;ND;ND;ND;ND;ND;ND;ND;ND;ND;ND;ND;ND;ND;ND;ND;ND;ND;ND;ND;ND;ND;ND;ND;ND;ND;ND;ND;ND;ND;ND;ND;ND;ND;ND;ND;ND;ND;ND;ND;ND;ND;ND;ND;ND;ND;ND;ND;ND;ND;ND;ND;ND;ND;ND;ND;ND;ND,"""64,98448""",FLOAT16,ND,N/A,0.0,0,0.0,0.0,0.0,0.0,0.0,0.0,0.0,0.0,0.0,0.0,0.0,35.735,2358526,0.017,0.0,8.157,0.228,20.774,0.581,11.222,0.314,0.0,0.000
0,4294967295,46,47,aclnnMul_MulAiCore_Mul,Mul,dynamic,AI_VECTOR_CORE,1785697972879066.650	,332.747,0.150000,40,0,NO,"""4096,4096;4096,4096""",FLOAT;FLOAT,ND;ND,"""4096,4096""",FLOAT,ND,N/A,0.0,0,0.0,0.0,0.0,0.0,0.0,0.0,0.0,0.0,0.0,0.0,0.0,330.82,21834116,6.784,0.021,2.945,0.009,329.384,0.996,110.556,0.334,0.0,0.000
0,4294967295,47,47,Concat,Concat,dynamic,AI_VECTOR_CORE,1785697972879399.437	,40.401,0.003000,40,0,NO,"""64,16;64,32;64,64;64,128;64,256;64,512;64,1024;64,2048;64,4096;64,8192;64,16;64,32;64,64;64,128;64,256;64,512;64,1024;64,2048;64,4096;64,8192;64,16;64,32;64,64;64,128;64,256;64,512;64,1024;64,2048;64,4096;64,8192;64,16;64,32;64,64;64,128;64,256;64,512;64,1024;64,2048;64,4096;64,8192;64,16;64,32;64,64;64,128;64,256;64,512;64,1024;64,2048;64,4096;64,8192;64,16;64,32;64,64;64,128;64,256;64,512;64,1024;64,2048;64,4096;64,8192;64,16;64,32;64,64;64,128""",FLOAT16;FLOAT16;FLOAT16;FLOAT16;FLOAT16;FLOAT16;FLOAT16;FLOAT16;FLOAT16;FLOAT16;FLOAT16;FLOAT16;FLOAT16;FLOAT16;FLOAT16;FLOAT16;FLOAT16;FLOAT16;FLOAT16;FLOAT16;FLOAT16;FLOAT16;FLOAT16;FLOAT16;FLOAT16;FLOAT16;FLOAT16;FLOAT16;FLOAT16;FLOAT16;FLOAT16;FLOAT16;FLOAT16;FLOAT16;FLOAT16;FLOAT16;FLOAT16;FLOAT16;FLOAT16;FLOAT16;FLOAT16;FLOAT16;FLOAT16;FLOAT16;FLOAT16;FLOAT16;FLOAT16;FLOAT16;FLOAT16;FLOAT16;FLOAT16;FLOAT16;FLOAT16;FLOAT16;FLOAT16;FLOAT16;FLOAT16;FLOAT16;FLOAT16;FLOAT16;FLOAT16;FLOAT16;FLOAT16;FLOAT16,ND;ND;ND;ND;ND;ND;ND;ND;ND;ND;ND;ND;ND;ND;ND;ND;ND;ND;ND;ND;ND;ND;ND;ND;ND;ND;ND;ND;ND;ND;ND;ND;ND;ND;ND;ND;ND;ND;ND;ND;ND;ND;ND;ND;ND;ND;ND;ND;ND;ND;ND;ND;ND;ND;ND;ND;ND;ND;ND;ND;ND;ND;ND;ND,"""64,98448""",FLOAT16,ND,N/A,0.0,0,0.0,0.0,0.0,0.0,0.0,0.0,0.0,0.0,0.0,0.0,0.0,35.879,2368029,0.017,0.0,7.568,0.211,21.118,0.589,11.058,0.308,0.0,0.000
0,4294967295,48,47,aclnnMul_MulAiCore_Mul,Mul,dynamic,AI_VECTOR_CORE,1785697972879439.858	,333.107,0.000000,40,0,NO,"""4096,4096;4096,4096""",FLOAT;FLOAT,ND;ND,"""4096,4096""",FLOAT,ND,N/A,0.0,0,0.0,0.0,0.0,0.0,0.0,0.0,0.0,0.0,0.0,0.0,0.0,331.074,21850861,6.784,0.02,3.034,0.009,329.488,0.995,111.96,0.338,0.0,0.000
0,4294967295,49,47,Concat,Concat,dynamic,AI_VECTOR_CORE,1785697972879772.985	,40.300,0.143000,40,0,NO,"""64,16;64,32;64,64;64,128;64,256;64,512;64,1024;64,2048;64,4096;64,8192;64,16;64,32;64,64;64,128;64,256;64,512;64,1024;64,2048;64,4096;64,8192;64,16;64,32;64,64;64,128;64,256;64,512;64,1024;64,2048;64,4096;64,8192;64,16;64,32;64,64;64,128;64,256;64,512;64,1024;64,2048;64,4096;64,8192;64,16;64,32;64,64;64,128;64,256;64,512;64,1024;64,2048;64,4096;64,8192;64,16;64,32;64,64;64,128;64,256;64,512;64,1024;64,2048;64,4096;64,8192;64,16;64,32;64,64;64,128""",FLOAT16;FLOAT16;FLOAT16;FLOAT16;FLOAT16;FLOAT16;FLOAT16;FLOAT16;FLOAT16;FLOAT16;FLOAT16;FLOAT16;FLOAT16;FLOAT16;FLOAT16;FLOAT16;FLOAT16;FLOAT16;FLOAT16;FLOAT16;FLOAT16;FLOAT16;FLOAT16;FLOAT16;FLOAT16;FLOAT16;FLOAT16;FLOAT16;FLOAT16;FLOAT16;FLOAT16;FLOAT16;FLOAT16;FLOAT16;FLOAT16;FLOAT16;FLOAT16;FLOAT16;FLOAT16;FLOAT16;FLOAT16;FLOAT16;FLOAT16;FLOAT16;FLOAT16;FLOAT16;FLOAT16;FLOAT16;FLOAT16;FLOAT16;FLOAT16;FLOAT16;FLOAT16;FLOAT16;FLOAT16;FLOAT16;FLOAT16;FLOAT16;FLOAT16;FLOAT16;FLOAT16;FLOAT16;FLOAT16;FLOAT16,ND;ND;ND;ND;ND;ND;ND;ND;ND;ND;ND;ND;ND;ND;ND;ND;ND;ND;ND;ND;ND;ND;ND;ND;ND;ND;ND;ND;ND;ND;ND;ND;ND;ND;ND;ND;ND;ND;ND;ND;ND;ND;ND;ND;ND;ND;ND;ND;ND;ND;ND;ND;ND;ND;ND;ND;ND;ND;ND;ND;ND;ND;ND;ND,"""64,98448""",FLOAT16,ND,N/A,0.0,0,0.0,0.0,0.0,0.0,0.0,0.0,0.0,0.0,0.0,0.0,0.0,36.64,2418233,0.017,0.0,6.609,0.18,21.396,0.584,11.568,0.316,0.0,0.000
0,4294967295,50,47,aclnnMul_MulAiCore_Mul,Mul,dynamic,AI_VECTOR_CORE,1785697972879813.305	,334.147,0.000000,40,0,NO,"""4096,4096;4096,4096""",FLOAT;FLOAT,ND;ND,"""4096,4096""",FLOAT,ND,N/A,0.0,0,0.0,0.0,0.0,0.0,0.0,0.0,0.0,0.0,0.0,0.0,0.0,331.679,21890830,6.784,0.02,3.153,0.01,329.931,0.995,112.683,0.34,0.0,0.000
0,4294967295,51,47,Concat,Concat,dynamic,AI_VECTOR_CORE,1785697972880147.472	,40.981,0.103000,40,0,NO,"""64,16;64,32;64,64;64,128;64,256;64,512;64,1024;64,2048;64,4096;64,8192;64,16;64,32;64,64;64,128;64,256;64,512;64,1024;64,2048;64,4096;64,8192;64,16;64,32;64,64;64,128;64,256;64,512;64,1024;64,2048;64,4096;64,8192;64,16;64,32;64,64;64,128;64,256;64,512;64,1024;64,2048;64,4096;64,8192;64,16;64,32;64,64;64,128;64,256;64,512;64,1024;64,2048;64,4096;64,8192;64,16;64,32;64,64;64,128;64,256;64,512;64,1024;64,2048;64,4096;64,8192;64,16;64,32;64,64;64,128""",FLOAT16;FLOAT16;FLOAT16;FLOAT16;FLOAT16;FLOAT16;FLOAT16;FLOAT16;FLOAT16;FLOAT16;FLOAT16;FLOAT16;FLOAT16;FLOAT16;FLOAT16;FLOAT16;FLOAT16;FLOAT16;FLOAT16;FLOAT16;FLOAT16;FLOAT16;FLOAT16;FLOAT16;FLOAT16;FLOAT16;FLOAT16;FLOAT16;FLOAT16;FLOAT16;FLOAT16;FLOAT16;FLOAT16;FLOAT16;FLOAT16;FLOAT16;FLOAT16;FLOAT16;FLOAT16;FLOAT16;FLOAT16;FLOAT16;FLOAT16;FLOAT16;FLOAT16;FLOAT16;FLOAT16;FLOAT16;FLOAT16;FLOAT16;FLOAT16;FLOAT16;FLOAT16;FLOAT16;FLOAT16;FLOAT16;FLOAT16;FLOAT16;FLOAT16;FLOAT16;FLOAT16;FLOAT16;FLOAT16;FLOAT16,ND;ND;ND;ND;ND;ND;ND;ND;ND;ND;ND;ND;ND;ND;ND;ND;ND;ND;ND;ND;ND;ND;ND;ND;ND;ND;ND;ND;ND;ND;ND;ND;ND;ND;ND;ND;ND;ND;ND;ND;ND;ND;ND;ND;ND;ND;ND;ND;ND;ND;ND;ND;ND;ND;ND;ND;ND;ND;ND;ND;ND;ND;ND;ND,"""64,98448""",FLOAT16,ND,N/A,0.0,0,0.0,0.0,0.0,0.0,0.0,0.0,0.0,0.0,0.0,0.0,0.0,37.566,2479354,0.017,0.0,6.755,0.18,21.896,0.583,11.898,0.317,0.0,0.000
0,4294967295,52,47,aclnnMul_MulAiCore_Mul,Mul,dynamic,AI_VECTOR_CORE,1785697972880188.473	,334.007,0.019000,40,0,NO,"""4096,4096;4096,4096""",FLOAT;FLOAT,ND;ND,"""4096,4096""",FLOAT,ND,N/A,0.0,0,0.0,0.0,0.0,0.0,0.0,0.0,0.0,0.0,0.0,0.0,0.0,332.086,21917675,6.784,0.02,3.022,0.009,330.524,0.995,112.403,0.338,0.0,0.000
0,4294967295,53,47,Concat,Concat,dynamic,AI_VECTOR_CORE,1785697972880522.500	,40.180,0.000000,40,0,NO,"""64,16;64,32;64,64;64,128;64,256;64,512;64,1024;64,2048;64,4096;64,8192;64,16;64,32;64,64;64,128;64,256;64,512;64,1024;64,2048;64,4096;64,8192;64,16;64,32;64,64;64,128;64,256;64,512;64,1024;64,2048;64,4096;64,8192;64,16;64,32;64,64;64,128;64,256;64,512;64,1024;64,2048;64,4096;64,8192;64,16;64,32;64,64;64,128;64,256;64,512;64,1024;64,2048;64,4096;64,8192;64,16;64,32;64,64;64,128;64,256;64,512;64,1024;64,2048;64,4096;64,8192;64,16;64,32;64,64;64,128""",FLOAT16;FLOAT16;FLOAT16;FLOAT16;FLOAT16;FLOAT16;FLOAT16;FLOAT16;FLOAT16;FLOAT16;FLOAT16;FLOAT16;FLOAT16;FLOAT16;FLOAT16;FLOAT16;FLOAT16;FLOAT16;FLOAT16;FLOAT16;FLOAT16;FLOAT16;FLOAT16;FLOAT16;FLOAT16;FLOAT16;FLOAT16;FLOAT16;FLOAT16;FLOAT16;FLOAT16;FLOAT16;FLOAT16;FLOAT16;FLOAT16;FLOAT16;FLOAT16;FLOAT16;FLOAT16;FLOAT16;FLOAT16;FLOAT16;FLOAT16;FLOAT16;FLOAT16;FLOAT16;FLOAT16;FLOAT16;FLOAT16;FLOAT16;FLOAT16;FLOAT16;FLOAT16;FLOAT16;FLOAT16;FLOAT16;FLOAT16;FLOAT16;FLOAT16;FLOAT16;FLOAT16;FLOAT16;FLOAT16;FLOAT16,ND;ND;ND;ND;ND;ND;ND;ND;ND;ND;ND;ND;ND;ND;ND;ND;ND;ND;ND;ND;ND;ND;ND;ND;ND;ND;ND;ND;ND;ND;ND;ND;ND;ND;ND;ND;ND;ND;ND;ND;ND;ND;ND;ND;ND;ND;ND;ND;ND;ND;ND;ND;ND;ND;ND;ND;ND;ND;ND;ND;ND;ND;ND;ND,"""64,98448""",FLOAT16,ND,N/A,0.0,0,0.0,0.0,0.0,0.0,0.0,0.0,0.0,0.0,0.0,0.0,0.0,36.588,2414815,0.017,0.0,6.899,0.189,21.316,0.583,11.491,0.314,0.0,0.000
0,4294967295,54,47,aclnnMul_MulAiCore_Mul,Mul,dynamic,AI_VECTOR_CORE,1785697972880562.720	,333.127,0.070000,40,0,NO,"""4096,4096;4096,4096""",FLOAT;FLOAT,ND;ND,"""4096,4096""",FLOAT,ND,N/A,0.0,0,0.0,0.0,0.0,0.0,0.0,0.0,0.0,0.0,0.0,0.0,0.0,331.016,21847025,6.784,0.02,3.187,0.01,329.269,0.995,111.006,0.335,0.0,0.000
0,4294967295,55,47,Concat,Concat,dynamic,AI_VECTOR_CORE,1785697972880895.867	,39.901,0.000000,40,0,NO,"""64,16;64,32;64,64;64,128;64,256;64,512;64,1024;64,2048;64,4096;64,8192;64,16;64,32;64,64;64,128;64,256;64,512;64,1024;64,2048;64,4096;64,8192;64,16;64,32;64,64;64,128;64,256;64,512;64,1024;64,2048;64,4096;64,8192;64,16;64,32;64,64;64,128;64,256;64,512;64,1024;64,2048;64,4096;64,8192;64,16;64,32;64,64;64,128;64,256;64,512;64,1024;64,2048;64,4096;64,8192;64,16;64,32;64,64;64,128;64,256;64,512;64,1024;64,2048;64,4096;64,8192;64,16;64,32;64,64;64,128""",FLOAT16;FLOAT16;FLOAT16;FLOAT16;FLOAT16;FLOAT16;FLOAT16;FLOAT16;FLOAT16;FLOAT16;FLOAT16;FLOAT16;FLOAT16;FLOAT16;FLOAT16;FLOAT16;FLOAT16;FLOAT16;FLOAT16;FLOAT16;FLOAT16;FLOAT16;FLOAT16;FLOAT16;FLOAT16;FLOAT16;FLOAT16;FLOAT16;FLOAT16;FLOAT16;FLOAT16;FLOAT16;FLOAT16;FLOAT16;FLOAT16;FLOAT16;FLOAT16;FLOAT16;FLOAT16;FLOAT16;FLOAT16;FLOAT16;FLOAT16;FLOAT16;FLOAT16;FLOAT16;FLOAT16;FLOAT16;FLOAT16;FLOAT16;FLOAT16;FLOAT16;FLOAT16;FLOAT16;FLOAT16;FLOAT16;FLOAT16;FLOAT16;FLOAT16;FLOAT16;FLOAT16;FLOAT16;FLOAT16;FLOAT16,ND;ND;ND;ND;ND;ND;ND;ND;ND;ND;ND;ND;ND;ND;ND;ND;ND;ND;ND;ND;ND;ND;ND;ND;ND;ND;ND;ND;ND;ND;ND;ND;ND;ND;ND;ND;ND;ND;ND;ND;ND;ND;ND;ND;ND;ND;ND;ND;ND;ND;ND;ND;ND;ND;ND;ND;ND;ND;ND;ND;ND;ND;ND;ND,"""64,98448""",FLOAT16,ND,N/A,0.0,0,0.0,0.0,0.0,0.0,0.0,0.0,0.0,0.0,0.0,0.0,0.0,36.338,2398331,0.017,0.0,7.206,0.198,21.184,0.583,11.398,0.314,0.0,0.000
0,4294967295,56,47,aclnnMul_MulAiCore_Mul,Mul,dynamic,AI_VECTOR_CORE,1785697972880935.788	,333.666,0.099000,40,0,NO,"""4096,4096;4096,4096""",FLOAT;FLOAT,ND;ND,"""4096,4096""",FLOAT,ND,N/A,0.0,0,0.0,0.0,0.0,0.0,0.0,0.0,0.0,0.0,0.0,0.0,0.0,331.199,21859107,6.784,0.02,2.897,0.009,329.793,0.996,111.021,0.335,0.0,0.000
0,4294967295,57,47,Concat,Concat,dynamic,AI_VECTOR_CORE,1785697972881269.474	,41.901,0.084000,40,0,NO,"""64,16;64,32;64,64;64,128;64,256;64,512;64,1024;64,2048;64,4096;64,8192;64,16;64,32;64,64;64,128;64,256;64,512;64,1024;64,2048;64,4096;64,8192;64,16;64,32;64,64;64,128;64,256;64,512;64,1024;64,2048;64,4096;64,8192;64,16;64,32;64,64;64,128;64,256;64,512;64,1024;64,2048;64,4096;64,8192;64,16;64,32;64,64;64,128;64,256;64,512;64,1024;64,2048;64,4096;64,8192;64,16;64,32;64,64;64,128;64,256;64,512;64,1024;64,2048;64,4096;64,8192;64,16;64,32;64,64;64,128""",FLOAT16;FLOAT16;FLOAT16;FLOAT16;FLOAT16;FLOAT16;FLOAT16;FLOAT16;FLOAT16;FLOAT16;FLOAT16;FLOAT16;FLOAT16;FLOAT16;FLOAT16;FLOAT16;FLOAT16;FLOAT16;FLOAT16;FLOAT16;FLOAT16;FLOAT16;FLOAT16;FLOAT16;FLOAT16;FLOAT16;FLOAT16;FLOAT16;FLOAT16;FLOAT16;FLOAT16;FLOAT16;FLOAT16;FLOAT16;FLOAT16;FLOAT16;FLOAT16;FLOAT16;FLOAT16;FLOAT16;FLOAT16;FLOAT16;FLOAT16;FLOAT16;FLOAT16;FLOAT16;FLOAT16;FLOAT16;FLOAT16;FLOAT16;FLOAT16;FLOAT16;FLOAT16;FLOAT16;FLOAT16;FLOAT16;FLOAT16;FLOAT16;FLOAT16;FLOAT16;FLOAT16;FLOAT16;FLOAT16;FLOAT16,ND;ND;ND;ND;ND;ND;ND;ND;ND;ND;ND;ND;ND;ND;ND;ND;ND;ND;ND;ND;ND;ND;ND;ND;ND;ND;ND;ND;ND;ND;ND;ND;ND;ND;ND;ND;ND;ND;ND;ND;ND;ND;ND;ND;ND;ND;ND;ND;ND;ND;ND;ND;ND;ND;ND;ND;ND;ND;ND;ND;ND;ND;ND;ND,"""64,98448""",FLOAT16,ND,N/A,0.0,0,0.0,0.0,0.0,0.0,0.0,0.0,0.0,0.0,0.0,0.0,0.0,38.36,2531740,0.017,0.0,8.964,0.234,21.503,0.561,11.915,0.311,0.0,0.000
0,4294967295,58,47,aclnnMul_MulAiCore_Mul,Mul,dynamic,AI_VECTOR_CORE,1785697972881311.395	,332.747,0.099000,40,0,NO,"""4096,4096;4096,4096""",FLOAT;FLOAT,ND;ND,"""4096,4096""",FLOAT,ND,N/A,0.0,0,0.0,0.0,0.0,0.0,0.0,0.0,0.0,0.0,0.0,0.0,0.0,330.705,21826497,6.784,0.021,3.038,0.009,329.155,0.995,112.095,0.339,0.0,0.000
0,4294967295,59,47,Concat,Concat,dynamic,AI_VECTOR_CORE,1785697972881644.162	,40.521,0.003000,40,0,NO,"""64,16;64,32;64,64;64,128;64,256;64,512;64,1024;64,2048;64,4096;64,8192;64,16;64,32;64,64;64,128;64,256;64,512;64,1024;64,2048;64,4096;64,8192;64,16;64,32;64,64;64,128;64,256;64,512;64,1024;64,2048;64,4096;64,8192;64,16;64,32;64,64;64,128;64,256;64,512;64,1024;64,2048;64,4096;64,8192;64,16;64,32;64,64;64,128;64,256;64,512;64,1024;64,2048;64,4096;64,8192;64,16;64,32;64,64;64,128;64,256;64,512;64,1024;64,2048;64,4096;64,8192;64,16;64,32;64,64;64,128""",FLOAT16;FLOAT16;FLOAT16;FLOAT16;FLOAT16;FLOAT16;FLOAT16;FLOAT16;FLOAT16;FLOAT16;FLOAT16;FLOAT16;FLOAT16;FLOAT16;FLOAT16;FLOAT16;FLOAT16;FLOAT16;FLOAT16;FLOAT16;FLOAT16;FLOAT16;FLOAT16;FLOAT16;FLOAT16;FLOAT16;FLOAT16;FLOAT16;FLOAT16;FLOAT16;FLOAT16;FLOAT16;FLOAT16;FLOAT16;FLOAT16;FLOAT16;FLOAT16;FLOAT16;FLOAT16;FLOAT16;FLOAT16;FLOAT16;FLOAT16;FLOAT16;FLOAT16;FLOAT16;FLOAT16;FLOAT16;FLOAT16;FLOAT16;FLOAT16;FLOAT16;FLOAT16;FLOAT16;FLOAT16;FLOAT16;FLOAT16;FLOAT16;FLOAT16;FLOAT16;FLOAT16;FLOAT16;FLOAT16;FLOAT16,ND;ND;ND;ND;ND;ND;ND;ND;ND;ND;ND;ND;ND;ND;ND;ND;ND;ND;ND;ND;ND;ND;ND;ND;ND;ND;ND;ND;ND;ND;ND;ND;ND;ND;ND;ND;ND;ND;ND;ND;ND;ND;ND;ND;ND;ND;ND;ND;ND;ND;ND;ND;ND;ND;ND;ND;ND;ND;ND;ND;ND;ND;ND;ND,"""64,98448""",FLOAT16,ND,N/A,0.0,0,0.0,0.0,0.0,0.0,0.0,0.0,0.0,0.0,0.0,0.0,0.0,36.993,2441567,0.017,0.0,8.885,0.24,19.692,0.532,11.675,0.316,0.0,0.000
0,4294967295,60,47,aclnnMul_MulAiCore_Mul,Mul,dynamic,AI_VECTOR_CORE,1785697972881684.703	,332.826,0.000000,40,0,NO,"""4096,4096;4096,4096""",FLOAT;FLOAT,ND;ND,"""4096,4096""",FLOAT,ND,N/A,0.0,0,0.0,0.0,0.0,0.0,0.0,0.0,0.0,0.0,0.0,0.0,0.0,330.705,21826498,6.784,0.021,2.918,0.009,329.27,0.996,110.893,0.335,0.0,0.000
0,4294967295,61,47,Concat,Concat,dynamic,AI_VECTOR_CORE,1785697972882017.549	,39.661,0.000000,40,0,NO,"""64,16;64,32;64,64;64,128;64,256;64,512;64,1024;64,2048;64,4096;64,8192;64,16;64,32;64,64;64,128;64,256;64,512;64,1024;64,2048;64,4096;64,8192;64,16;64,32;64,64;64,128;64,256;64,512;64,1024;64,2048;64,4096;64,8192;64,16;64,32;64,64;64,128;64,256;64,512;64,1024;64,2048;64,4096;64,8192;64,16;64,32;64,64;64,128;64,256;64,512;64,1024;64,2048;64,4096;64,8192;64,16;64,32;64,64;64,128;64,256;64,512;64,1024;64,2048;64,4096;64,8192;64,16;64,32;64,64;64,128""",FLOAT16;FLOAT16;FLOAT16;FLOAT16;FLOAT16;FLOAT16;FLOAT16;FLOAT16;FLOAT16;FLOAT16;FLOAT16;FLOAT16;FLOAT16;FLOAT16;FLOAT16;FLOAT16;FLOAT16;FLOAT16;FLOAT16;FLOAT16;FLOAT16;FLOAT16;FLOAT16;FLOAT16;FLOAT16;FLOAT16;FLOAT16;FLOAT16;FLOAT16;FLOAT16;FLOAT16;FLOAT16;FLOAT16;FLOAT16;FLOAT16;FLOAT16;FLOAT16;FLOAT16;FLOAT16;FLOAT16;FLOAT16;FLOAT16;FLOAT16;FLOAT16;FLOAT16;FLOAT16;FLOAT16;FLOAT16;FLOAT16;FLOAT16;FLOAT16;FLOAT16;FLOAT16;FLOAT16;FLOAT16;FLOAT16;FLOAT16;FLOAT16;FLOAT16;FLOAT16;FLOAT16;FLOAT16;FLOAT16;FLOAT16,ND;ND;ND;ND;ND;ND;ND;ND;ND;ND;ND;ND;ND;ND;ND;ND;ND;ND;ND;ND;ND;ND;ND;ND;ND;ND;ND;ND;ND;ND;ND;ND;ND;ND;ND;ND;ND;ND;ND;ND;ND;ND;ND;ND;ND;ND;ND;ND;ND;ND;ND;ND;ND;ND;ND;ND;ND;ND;ND;ND;ND;ND;ND;ND,"""64,98448""",FLOAT16,ND,N/A,0.0,0,0.0,0.0,0.0,0.0,0.0,0.0,0.0,0.0,0.0,0.0,0.0,35.469,2340940,0.017,0.0,8.606,0.243,20.363,0.574,11.162,0.315,0.0,0.000
0,4294967295,62,47,aclnnMul_MulAiCore_Mul,Mul,dynamic,AI_VECTOR_CORE,1785697972882057.230	,332.847,0.089000,40,0,NO,"""4096,4096;4096,4096""",FLOAT;FLOAT,ND;ND,"""4096,4096""",FLOAT,ND,N/A,0.0,0,0.0,0.0,0.0,0.0,0.0,0.0,0.0,0.0,0.0,0.0,0.0,330.609,21820161,6.784,0.021,3.076,0.009,329.004,0.995,110.044,0.333,0.0,0.000
0,4294967295,63,47,Concat,Concat,dynamic,AI_VECTOR_CORE,1785697972882390.097	,40.281,0.000000,40,0,NO,"""64,16;64,32;64,64;64,128;64,256;64,512;64,1024;64,2048;64,4096;64,8192;64,16;64,32;64,64;64,128;64,256;64,512;64,1024;64,2048;64,4096;64,8192;64,16;64,32;64,64;64,128;64,256;64,512;64,1024;64,2048;64,4096;64,8192;64,16;64,32;64,64;64,128;64,256;64,512;64,1024;64,2048;64,4096;64,8192;64,16;64,32;64,64;64,128;64,256;64,512;64,1024;64,2048;64,4096;64,8192;64,16;64,32;64,64;64,128;64,256;64,512;64,1024;64,2048;64,4096;64,8192;64,16;64,32;64,64;64,128""",FLOAT16;FLOAT16;FLOAT16;FLOAT16;FLOAT16;FLOAT16;FLOAT16;FLOAT16;FLOAT16;FLOAT16;FLOAT16;FLOAT16;FLOAT16;FLOAT16;FLOAT16;FLOAT16;FLOAT16;FLOAT16;FLOAT16;FLOAT16;FLOAT16;FLOAT16;FLOAT16;FLOAT16;FLOAT16;FLOAT16;FLOAT16;FLOAT16;FLOAT16;FLOAT16;FLOAT16;FLOAT16;FLOAT16;FLOAT16;FLOAT16;FLOAT16;FLOAT16;FLOAT16;FLOAT16;FLOAT16;FLOAT16;FLOAT16;FLOAT16;FLOAT16;FLOAT16;FLOAT16;FLOAT16;FLOAT16;FLOAT16;FLOAT16;FLOAT16;FLOAT16;FLOAT16;FLOAT16;FLOAT16;FLOAT16;FLOAT16;FLOAT16;FLOAT16;FLOAT16;FLOAT16;FLOAT16;FLOAT16;FLOAT16,ND;ND;ND;ND;ND;ND;ND;ND;ND;ND;ND;ND;ND;ND;ND;ND;ND;ND;ND;ND;ND;ND;ND;ND;ND;ND;ND;ND;ND;ND;ND;ND;ND;ND;ND;ND;ND;ND;ND;ND;ND;ND;ND;ND;ND;ND;ND;ND;ND;ND;ND;ND;ND;ND;ND;ND;ND;ND;ND;ND;ND;ND;ND;ND,"""64,98448""",FLOAT16,ND,N/A,0.0,0,0.0,0.0,0.0,0.0,0.0,0.0,0.0,0.0,0.0,0.0,0.0,36.02,2377315,0.017,0.0,7.148,0.198,19.589,0.544,12.783,0.355,0.0,0.000
0,4294967295,64,47,aclnnMul_MulAiCore_Mul,Mul,dynamic,AI_VECTOR_CORE,1785697972882430.398	,333.006,0.219000,40,0,NO,"""4096,4096;4096,4096""",FLOAT;FLOAT,ND;ND,"""4096,4096""",FLOAT,ND,N/A,0.0,0,0.0,0.0,0.0,0.0,0.0,0.0,0.0,0.0,0.0,0.0,0.0,330.768,21830673,6.784,0.021,2.964,0.009,329.248,0.995,110.977,0.336,0.0,0.000
0,4294967295,65,47,Concat,Concat,dynamic,AI_VECTOR_CORE,1785697972882763.424	,40.261,0.000000,40,0,NO,"""64,16;64,32;64,64;64,128;64,256;64,512;64,1024;64,2048;64,4096;64,8192;64,16;64,32;64,64;64,128;64,256;64,512;64,1024;64,2048;64,4096;64,8192;64,16;64,32;64,64;64,128;64,256;64,512;64,1024;64,2048;64,4096;64,8192;64,16;64,32;64,64;64,128;64,256;64,512;64,1024;64,2048;64,4096;64,8192;64,16;64,32;64,64;64,128;64,256;64,512;64,1024;64,2048;64,4096;64,8192;64,16;64,32;64,64;64,128;64,256;64,512;64,1024;64,2048;64,4096;64,8192;64,16;64,32;64,64;64,128""",FLOAT16;FLOAT16;FLOAT16;FLOAT16;FLOAT16;FLOAT16;FLOAT16;FLOAT16;FLOAT16;FLOAT16;FLOAT16;FLOAT16;FLOAT16;FLOAT16;FLOAT16;FLOAT16;FLOAT16;FLOAT16;FLOAT16;FLOAT16;FLOAT16;FLOAT16;FLOAT16;FLOAT16;FLOAT16;FLOAT16;FLOAT16;FLOAT16;FLOAT16;FLOAT16;FLOAT16;FLOAT16;FLOAT16;FLOAT16;FLOAT16;FLOAT16;FLOAT16;FLOAT16;FLOAT16;FLOAT16;FLOAT16;FLOAT16;FLOAT16;FLOAT16;FLOAT16;FLOAT16;FLOAT16;FLOAT16;FLOAT16;FLOAT16;FLOAT16;FLOAT16;FLOAT16;FLOAT16;FLOAT16;FLOAT16;FLOAT16;FLOAT16;FLOAT16;FLOAT16;FLOAT16;FLOAT16;FLOAT16;FLOAT16,ND;ND;ND;ND;ND;ND;ND;ND;ND;ND;ND;ND;ND;ND;ND;ND;ND;ND;ND;ND;ND;ND;ND;ND;ND;ND;ND;ND;ND;ND;ND;ND;ND;ND;ND;ND;ND;ND;ND;ND;ND;ND;ND;ND;ND;ND;ND;ND;ND;ND;ND;ND;ND;ND;ND;ND;ND;ND;ND;ND;ND;ND;ND;ND,"""64,98448""",FLOAT16,ND,N/A,0.0,0,0.0,0.0,0.0,0.0,0.0,0.0,0.0,0.0,0.0,0.0,0.0,36.602,2415701,0.017,0.0,6.527,0.178,21.166,0.578,11.769,0.322,0.0,0.000
0,4294967295,66,47,aclnnMul_MulAiCore_Mul,Mul,dynamic,AI_VECTOR_CORE,1785697972882803.705	,332.827,0.000000,40,0,NO,"""4096,4096;4096,4096""",FLOAT;FLOAT,ND;ND,"""4096,4096""",FLOAT,ND,N/A,0.0,0,0.0,0.0,0.0,0.0,0.0,0.0,0.0,0.0,0.0,0.0,0.0,330.662,21823707,6.784,0.021,3.059,0.009,329.074,0.995,111.754,0.338,0.0,0.000
0,4294967295,67,47,Concat,Concat,dynamic,AI_VECTOR_CORE,1785697972883136.552	,40.061,0.000000,40,0,NO,"""64,16;64,32;64,64;64,128;64,256;64,512;64,1024;64,2048;64,4096;64,8192;64,16;64,32;64,64;64,128;64,256;64,512;64,1024;64,2048;64,4096;64,8192;64,16;64,32;64,64;64,128;64,256;64,512;64,1024;64,2048;64,4096;64,8192;64,16;64,32;64,64;64,128;64,256;64,512;64,1024;64,2048;64,4096;64,8192;64,16;64,32;64,64;64,128;64,256;64,512;64,1024;64,2048;64,4096;64,8192;64,16;64,32;64,64;64,128;64,256;64,512;64,1024;64,2048;64,4096;64,8192;64,16;64,32;64,64;64,128""",FLOAT16;FLOAT16;FLOAT16;FLOAT16;FLOAT16;FLOAT16;FLOAT16;FLOAT16;FLOAT16;FLOAT16;FLOAT16;FLOAT16;FLOAT16;FLOAT16;FLOAT16;FLOAT16;FLOAT16;FLOAT16;FLOAT16;FLOAT16;FLOAT16;FLOAT16;FLOAT16;FLOAT16;FLOAT16;FLOAT16;FLOAT16;FLOAT16;FLOAT16;FLOAT16;FLOAT16;FLOAT16;FLOAT16;FLOAT16;FLOAT16;FLOAT16;FLOAT16;FLOAT16;FLOAT16;FLOAT16;FLOAT16;FLOAT16;FLOAT16;FLOAT16;FLOAT16;FLOAT16;FLOAT16;FLOAT16;FLOAT16;FLOAT16;FLOAT16;FLOAT16;FLOAT16;FLOAT16;FLOAT16;FLOAT16;FLOAT16;FLOAT16;FLOAT16;FLOAT16;FLOAT16;FLOAT16;FLOAT16;FLOAT16,ND;ND;ND;ND;ND;ND;ND;ND;ND;ND;ND;ND;ND;ND;ND;ND;ND;ND;ND;ND;ND;ND;ND;ND;ND;ND;ND;ND;ND;ND;ND;ND;ND;ND;ND;ND;ND;ND;ND;ND;ND;ND;ND;ND;ND;ND;ND;ND;ND;ND;ND;ND;ND;ND;ND;ND;ND;ND;ND;ND;ND;ND;ND;ND,"""64,98448""",FLOAT16,ND,N/A,0.0,0,0.0,0.0,0.0,0.0,0.0,0.0,0.0,0.0,0.0,0.0,0.0,36.487,2408169,0.017,0.0,6.988,0.192,21.445,0.588,11.369,0.312,0.0,0.000
0,4294967295,68,47,aclnnMul_MulAiCore_Mul,Mul,dynamic,AI_VECTOR_CORE,1785697972883176.633	,332.926,0.189000,40,0,NO,"""4096,4096;4096,4096""",FLOAT;FLOAT,ND;ND,"""4096,4096""",FLOAT,ND,N/A,0.0,0,0.0,0.0,0.0,0.0,0.0,0.0,0.0,0.0,0.0,0.0,0.0,331.084,21851555,6.784,0.02,2.946,0.009,329.61,0.996,112.549,0.34,0.0,0.000
0,4294967295,69,47,Concat,Concat,dynamic,AI_VECTOR_CORE,1785697972883509.579	,40.201,0.000000,40,0,NO,"""64,16;64,32;64,64;64,128;64,256;64,512;64,1024;64,2048;64,4096;64,8192;64,16;64,32;64,64;64,128;64,256;64,512;64,1024;64,2048;64,4096;64,8192;64,16;64,32;64,64;64,128;64,256;64,512;64,1024;64,2048;64,4096;64,8192;64,16;64,32;64,64;64,128;64,256;64,512;64,1024;64,2048;64,4096;64,8192;64,16;64,32;64,64;64,128;64,256;64,512;64,1024;64,2048;64,4096;64,8192;64,16;64,32;64,64;64,128;64,256;64,512;64,1024;64,2048;64,4096;64,8192;64,16;64,32;64,64;64,128""",FLOAT16;FLOAT16;FLOAT16;FLOAT16;FLOAT16;FLOAT16;FLOAT16;FLOAT16;FLOAT16;FLOAT16;FLOAT16;FLOAT16;FLOAT16;FLOAT16;FLOAT16;FLOAT16;FLOAT16;FLOAT16;FLOAT16;FLOAT16;FLOAT16;FLOAT16;FLOAT16;FLOAT16;FLOAT16;FLOAT16;FLOAT16;FLOAT16;FLOAT16;FLOAT16;FLOAT16;FLOAT16;FLOAT16;FLOAT16;FLOAT16;FLOAT16;FLOAT16;FLOAT16;FLOAT16;FLOAT16;FLOAT16;FLOAT16;FLOAT16;FLOAT16;FLOAT16;FLOAT16;FLOAT16;FLOAT16;FLOAT16;FLOAT16;FLOAT16;FLOAT16;FLOAT16;FLOAT16;FLOAT16;FLOAT16;FLOAT16;FLOAT16;FLOAT16;FLOAT16;FLOAT16;FLOAT16;FLOAT16;FLOAT16,ND;ND;ND;ND;ND;ND;ND;ND;ND;ND;ND;ND;ND;ND;ND;ND;ND;ND;ND;ND;ND;ND;ND;ND;ND;ND;ND;ND;ND;ND;ND;ND;ND;ND;ND;ND;ND;ND;ND;ND;ND;ND;ND;ND;ND;ND;ND;ND;ND;ND;ND;ND;ND;ND;ND;ND;ND;ND;ND;ND;ND;ND;ND;ND,"""64,98448""",FLOAT16,ND,N/A,0.0,0,0.0,0.0,0.0,0.0,0.0,0.0,0.0,0.0,0.0,0.0,0.0,36.32,2397142,0.017,0.0,7.239,0.199,21.259,0.585,11.151,0.307,0.0,0.000
0,4294967295,70,47,aclnnMul_MulAiCore_Mul,Mul,dynamic,AI_VECTOR_CORE,1785697972883549.800	,332.907,0.049000,40,0,NO,"""4096,4096;4096,4096""",FLOAT;FLOAT,ND;ND,"""4096,4096""",FLOAT,ND,N/A,0.0,0,0.0,0.0,0.0,0.0,0.0,0.0,0.0,0.0,0.0,0.0,0.0,330.963,21843537,6.784,0.02,3.016,0.009,329.4,0.995,112.818,0.341,0.0,0.000
0,4294967295,71,47,Concat,Concat,dynamic,AI_VECTOR_CORE,1785697972883882.727	,39.680,0.093000,40,0,NO,"""64,16;64,32;64,64;64,128;64,256;64,512;64,1024;64,2048;64,4096;64,8192;64,16;64,32;64,64;64,128;64,256;64,512;64,1024;64,2048;64,4096;64,8192;64,16;64,32;64,64;64,128;64,256;64,512;64,1024;64,2048;64,4096;64,8192;64,16;64,32;64,64;64,128;64,256;64,512;64,1024;64,2048;64,4096;64,8192;64,16;64,32;64,64;64,128;64,256;64,512;64,1024;64,2048;64,4096;64,8192;64,16;64,32;64,64;64,128;64,256;64,512;64,1024;64,2048;64,4096;64,8192;64,16;64,32;64,64;64,128""",FLOAT16;FLOAT16;FLOAT16;FLOAT16;FLOAT16;FLOAT16;FLOAT16;FLOAT16;FLOAT16;FLOAT16;FLOAT16;FLOAT16;FLOAT16;FLOAT16;FLOAT16;FLOAT16;FLOAT16;FLOAT16;FLOAT16;FLOAT16;FLOAT16;FLOAT16;FLOAT16;FLOAT16;FLOAT16;FLOAT16;FLOAT16;FLOAT16;FLOAT16;FLOAT16;FLOAT16;FLOAT16;FLOAT16;FLOAT16;FLOAT16;FLOAT16;FLOAT16;FLOAT16;FLOAT16;FLOAT16;FLOAT16;FLOAT16;FLOAT16;FLOAT16;FLOAT16;FLOAT16;FLOAT16;FLOAT16;FLOAT16;FLOAT16;FLOAT16;FLOAT16;FLOAT16;FLOAT16;FLOAT16;FLOAT16;FLOAT16;FLOAT16;FLOAT16;FLOAT16;FLOAT16;FLOAT16;FLOAT16;FLOAT16,ND;ND;ND;ND;ND;ND;ND;ND;ND;ND;ND;ND;ND;ND;ND;ND;ND;ND;ND;ND;ND;ND;ND;ND;ND;ND;ND;ND;ND;ND;ND;ND;ND;ND;ND;ND;ND;ND;ND;ND;ND;ND;ND;ND;ND;ND;ND;ND;ND;ND;ND;ND;ND;ND;ND;ND;ND;ND;ND;ND;ND;ND;ND;ND,"""64,98448""",FLOAT16,ND,N/A,0.0,0,0.0,0.0,0.0,0.0,0.0,0.0,0.0,0.0,0.0,0.0,0.0,36.176,2387585,0.017,0.0,7.382,0.204,21.236,0.587,11.156,0.308,0.0,0.000
0,4294967295,72,47,aclnnMul_MulAiCore_Mul,Mul,dynamic,AI_VECTOR_CORE,1785697972883922.427	,333.447,0.070000,40,0,NO,"""4096,4096;4096,4096""",FLOAT;FLOAT,ND;ND,"""4096,4096""",FLOAT,ND,N/A,0.0,0,0.0,0.0,0.0,0.0,0.0,0.0,0.0,0.0,0.0,0.0,0.0,331.631,21887627,6.784,0.02,3.031,0.009,330.082,0.995,111.596,0.337,0.0,0.000
0,4294967295,73,47,Concat,Concat,dynamic,AI_VECTOR_CORE,1785697972884255.894	,41.721,0.053000,40,0,NO,"""64,16;64,32;64,64;64,128;64,256;64,512;64,1024;64,2048;64,4096;64,8192;64,16;64,32;64,64;64,128;64,256;64,512;64,1024;64,2048;64,4096;64,8192;64,16;64,32;64,64;64,128;64,256;64,512;64,1024;64,2048;64,4096;64,8192;64,16;64,32;64,64;64,128;64,256;64,512;64,1024;64,2048;64,4096;64,8192;64,16;64,32;64,64;64,128;64,256;64,512;64,1024;64,2048;64,4096;64,8192;64,16;64,32;64,64;64,128;64,256;64,512;64,1024;64,2048;64,4096;64,8192;64,16;64,32;64,64;64,128""",FLOAT16;FLOAT16;FLOAT16;FLOAT16;FLOAT16;FLOAT16;FLOAT16;FLOAT16;FLOAT16;FLOAT16;FLOAT16;FLOAT16;FLOAT16;FLOAT16;FLOAT16;FLOAT16;FLOAT16;FLOAT16;FLOAT16;FLOAT16;FLOAT16;FLOAT16;FLOAT16;FLOAT16;FLOAT16;FLOAT16;FLOAT16;FLOAT16;FLOAT16;FLOAT16;FLOAT16;FLOAT16;FLOAT16;FLOAT16;FLOAT16;FLOAT16;FLOAT16;FLOAT16;FLOAT16;FLOAT16;FLOAT16;FLOAT16;FLOAT16;FLOAT16;FLOAT16;FLOAT16;FLOAT16;FLOAT16;FLOAT16;FLOAT16;FLOAT16;FLOAT16;FLOAT16;FLOAT16;FLOAT16;FLOAT16;FLOAT16;FLOAT16;FLOAT16;FLOAT16;FLOAT16;FLOAT16;FLOAT16;FLOAT16,ND;ND;ND;ND;ND;ND;ND;ND;ND;ND;ND;ND;ND;ND;ND;ND;ND;ND;ND;ND;ND;ND;ND;ND;ND;ND;ND;ND;ND;ND;ND;ND;ND;ND;ND;ND;ND;ND;ND;ND;ND;ND;ND;ND;ND;ND;ND;ND;ND;ND;ND;ND;ND;ND;ND;ND;ND;ND;ND;ND;ND;ND;ND;ND,"""64,98448""",FLOAT16,ND,N/A,0.0,0,0.0,0.0,0.0,0.0,0.0,0.0,0.0,0.0,0.0,0.0,0.0,38.347,2530913,0.017,0.0,8.859,0.231,22.411,0.584,11.189,0.292,0.0,0.000
0,4294967295,74,47,aclnnMul_MulAiCore_Mul,Mul,dynamic,AI_VECTOR_CORE,1785697972884297.635	,335.267,0.029000,40,0,NO,"""4096,4096;4096,4096""",FLOAT;FLOAT,ND;ND,"""4096,4096""",FLOAT,ND,N/A,0.0,0,0.0,0.0,0.0,0.0,0.0,0.0,0.0,0.0,0.0,0.0,0.0,332.321,21933207,6.784,0.02,3.125,0.009,330.656,0.995,114.031,0.343,0.0,0.000
0,4294967295,75,47,Concat,Concat,dynamic,AI_VECTOR_CORE,1785697972884632.942	,40.180,0.000000,40,0,NO,"""64,16;64,32;64,64;64,128;64,256;64,512;64,1024;64,2048;64,4096;64,8192;64,16;64,32;64,64;64,128;64,256;64,512;64,1024;64,2048;64,4096;64,8192;64,16;64,32;64,64;64,128;64,256;64,512;64,1024;64,2048;64,4096;64,8192;64,16;64,32;64,64;64,128;64,256;64,512;64,1024;64,2048;64,4096;64,8192;64,16;64,32;64,64;64,128;64,256;64,512;64,1024;64,2048;64,4096;64,8192;64,16;64,32;64,64;64,128;64,256;64,512;64,1024;64,2048;64,4096;64,8192;64,16;64,32;64,64;64,128""",FLOAT16;FLOAT16;FLOAT16;FLOAT16;FLOAT16;FLOAT16;FLOAT16;FLOAT16;FLOAT16;FLOAT16;FLOAT16;FLOAT16;FLOAT16;FLOAT16;FLOAT16;FLOAT16;FLOAT16;FLOAT16;FLOAT16;FLOAT16;FLOAT16;FLOAT16;FLOAT16;FLOAT16;FLOAT16;FLOAT16;FLOAT16;FLOAT16;FLOAT16;FLOAT16;FLOAT16;FLOAT16;FLOAT16;FLOAT16;FLOAT16;FLOAT16;FLOAT16;FLOAT16;FLOAT16;FLOAT16;FLOAT16;FLOAT16;FLOAT16;FLOAT16;FLOAT16;FLOAT16;FLOAT16;FLOAT16;FLOAT16;FLOAT16;FLOAT16;FLOAT16;FLOAT16;FLOAT16;FLOAT16;FLOAT16;FLOAT16;FLOAT16;FLOAT16;FLOAT16;FLOAT16;FLOAT16;FLOAT16;FLOAT16,ND;ND;ND;ND;ND;ND;ND;ND;ND;ND;ND;ND;ND;ND;ND;ND;ND;ND;ND;ND;ND;ND;ND;ND;ND;ND;ND;ND;ND;ND;ND;ND;ND;ND;ND;ND;ND;ND;ND;ND;ND;ND;ND;ND;ND;ND;ND;ND;ND;ND;ND;ND;ND;ND;ND;ND;ND;ND;ND;ND;ND;ND;ND;ND,"""64,98448""",FLOAT16,ND,N/A,0.0,0,0.0,0.0,0.0,0.0,0.0,0.0,0.0,0.0,0.0,0.0,0.0,36.572,2413756,0.017,0.0,7.639,0.209,21.527,0.589,11.115,0.304,0.0,0.000
0,4294967295,76,47,aclnnMul_MulAiCore_Mul,Mul,dynamic,AI_VECTOR_CORE,1785697972884673.162	,334.767,0.070000,40,0,NO,"""4096,4096;4096,4096""",FLOAT;FLOAT,ND;ND,"""4096,4096""",FLOAT,ND,N/A,0.0,0,0.0,0.0,0.0,0.0,0.0,0.0,0.0,0.0,0.0,0.0,0.0,332.393,21937916,6.784,0.02,2.984,0.009,330.879,0.995,112.759,0.339,0.0,0.000
0,4294967295,77,47,Concat,Concat,dynamic,AI_VECTOR_CORE,1785697972885007.949	,39.301,0.000000,40,0,NO,"""64,16;64,32;64,64;64,128;64,256;64,512;64,1024;64,2048;64,4096;64,8192;64,16;64,32;64,64;64,128;64,256;64,512;64,1024;64,2048;64,4096;64,8192;64,16;64,32;64,64;64,128;64,256;64,512;64,1024;64,2048;64,4096;64,8192;64,16;64,32;64,64;64,128;64,256;64,512;64,1024;64,2048;64,4096;64,8192;64,16;64,32;64,64;64,128;64,256;64,512;64,1024;64,2048;64,4096;64,8192;64,16;64,32;64,64;64,128;64,256;64,512;64,1024;64,2048;64,4096;64,8192;64,16;64,32;64,64;64,128""",FLOAT16;FLOAT16;FLOAT16;FLOAT16;FLOAT16;FLOAT16;FLOAT16;FLOAT16;FLOAT16;FLOAT16;FLOAT16;FLOAT16;FLOAT16;FLOAT16;FLOAT16;FLOAT16;FLOAT16;FLOAT16;FLOAT16;FLOAT16;FLOAT16;FLOAT16;FLOAT16;FLOAT16;FLOAT16;FLOAT16;FLOAT16;FLOAT16;FLOAT16;FLOAT16;FLOAT16;FLOAT16;FLOAT16;FLOAT16;FLOAT16;FLOAT16;FLOAT16;FLOAT16;FLOAT16;FLOAT16;FLOAT16;FLOAT16;FLOAT16;FLOAT16;FLOAT16;FLOAT16;FLOAT16;FLOAT16;FLOAT16;FLOAT16;FLOAT16;FLOAT16;FLOAT16;FLOAT16;FLOAT16;FLOAT16;FLOAT16;FLOAT16;FLOAT16;FLOAT16;FLOAT16;FLOAT16;FLOAT16;FLOAT16,ND;ND;ND;ND;ND;ND;ND;ND;ND;ND;ND;ND;ND;ND;ND;ND;ND;ND;ND;ND;ND;ND;ND;ND;ND;ND;ND;ND;ND;ND;ND;ND;ND;ND;ND;ND;ND;ND;ND;ND;ND;ND;ND;ND;ND;ND;ND;ND;ND;ND;ND;ND;ND;ND;ND;ND;ND;ND;ND;ND;ND;ND;ND;ND,"""64,98448""",FLOAT16,ND,N/A,0.0,0,0.0,0.0,0.0,0.0,0.0,0.0,0.0,0.0,0.0,0.0,0.0,35.667,2354024,0.017,0.0,8.084,0.227,20.789,0.583,11.149,0.313,0.0,0.000
0,4294967295,78,47,aclnnMul_MulAiCore_Mul,Mul,dynamic,AI_VECTOR_CORE,1785697972885047.270	,334.967,0.000000,40,0,NO,"""4096,4096;4096,4096""",FLOAT;FLOAT,ND;ND,"""4096,4096""",FLOAT,ND,N/A,0.0,0,0.0,0.0,0.0,0.0,0.0,0.0,0.0,0.0,0.0,0.0,0.0,332.217,21926331,6.784,0.02,3.107,0.009,330.56,0.995,112.768,0.339,0.0,0.000
0,4294967295,79,47,Concat,Concat,dynamic,AI_VECTOR_CORE,1785697972885382.257	,40.080,0.033000,40,0,NO,"""64,16;64,32;64,64;64,128;64,256;64,512;64,1024;64,2048;64,4096;64,8192;64,16;64,32;64,64;64,128;64,256;64,512;64,1024;64,2048;64,4096;64,8192;64,16;64,32;64,64;64,128;64,256;64,512;64,1024;64,2048;64,4096;64,8192;64,16;64,32;64,64;64,128;64,256;64,512;64,1024;64,2048;64,4096;64,8192;64,16;64,32;64,64;64,128;64,256;64,512;64,1024;64,2048;64,4096;64,8192;64,16;64,32;64,64;64,128;64,256;64,512;64,1024;64,2048;64,4096;64,8192;64,16;64,32;64,64;64,128""",FLOAT16;FLOAT16;FLOAT16;FLOAT16;FLOAT16;FLOAT16;FLOAT16;FLOAT16;FLOAT16;FLOAT16;FLOAT16;FLOAT16;FLOAT16;FLOAT16;FLOAT16;FLOAT16;FLOAT16;FLOAT16;FLOAT16;FLOAT16;FLOAT16;FLOAT16;FLOAT16;FLOAT16;FLOAT16;FLOAT16;FLOAT16;FLOAT16;FLOAT16;FLOAT16;FLOAT16;FLOAT16;FLOAT16;FLOAT16;FLOAT16;FLOAT16;FLOAT16;FLOAT16;FLOAT16;FLOAT16;FLOAT16;FLOAT16;FLOAT16;FLOAT16;FLOAT16;FLOAT16;FLOAT16;FLOAT16;FLOAT16;FLOAT16;FLOAT16;FLOAT16;FLOAT16;FLOAT16;FLOAT16;FLOAT16;FLOAT16;FLOAT16;FLOAT16;FLOAT16;FLOAT16;FLOAT16;FLOAT16;FLOAT16,ND;ND;ND;ND;ND;ND;ND;ND;ND;ND;ND;ND;ND;ND;ND;ND;ND;ND;ND;ND;ND;ND;ND;ND;ND;ND;ND;ND;ND;ND;ND;ND;ND;ND;ND;ND;ND;ND;ND;ND;ND;ND;ND;ND;ND;ND;ND;ND;ND;ND;ND;ND;ND;ND;ND;ND;ND;ND;ND;ND;ND;ND;ND;ND,"""64,98448""",FLOAT16,ND,N/A,0.0,0,0.0,0.0,0.0,0.0,0.0,0.0,0.0,0.0,0.0,0.0,0.0,35.514,2343909,0.017,0.0,7.663,0.216,20.489,0.577,11.221,0.316,0.0,0.000
0,4294967295,80,47,aclnnMul_MulAiCore_Mul,Mul,dynamic,AI_VECTOR_CORE,1785697972885422.357	,335.007,0.000000,40,0,NO,"""4096,4096;4096,4096""",FLOAT;FLOAT,ND;ND,"""4096,4096""",FLOAT,ND,N/A,0.0,0,0.0,0.0,0.0,0.0,0.0,0.0,0.0,0.0,0.0,0.0,0.0,332.234,21927458,6.784,0.02,3.231,0.01,330.43,0.995,112.708,0.339,0.0,0.000
0,4294967295,81,47,Concat,Concat,dynamic,AI_VECTOR_CORE,1785697972885757.384	,40.321,0.243000,40,0,NO,"""64,16;64,32;64,64;64,128;64,256;64,512;64,1024;64,2048;64,4096;64,8192;64,16;64,32;64,64;64,128;64,256;64,512;64,1024;64,2048;64,4096;64,8192;64,16;64,32;64,64;64,128;64,256;64,512;64,1024;64,2048;64,4096;64,8192;64,16;64,32;64,64;64,128;64,256;64,512;64,1024;64,2048;64,4096;64,8192;64,16;64,32;64,64;64,128;64,256;64,512;64,1024;64,2048;64,4096;64,8192;64,16;64,32;64,64;64,128;64,256;64,512;64,1024;64,2048;64,4096;64,8192;64,16;64,32;64,64;64,128""",FLOAT16;FLOAT16;FLOAT16;FLOAT16;FLOAT16;FLOAT16;FLOAT16;FLOAT16;FLOAT16;FLOAT16;FLOAT16;FLOAT16;FLOAT16;FLOAT16;FLOAT16;FLOAT16;FLOAT16;FLOAT16;FLOAT16;FLOAT16;FLOAT16;FLOAT16;FLOAT16;FLOAT16;FLOAT16;FLOAT16;FLOAT16;FLOAT16;FLOAT16;FLOAT16;FLOAT16;FLOAT16;FLOAT16;FLOAT16;FLOAT16;FLOAT16;FLOAT16;FLOAT16;FLOAT16;FLOAT16;FLOAT16;FLOAT16;FLOAT16;FLOAT16;FLOAT16;FLOAT16;FLOAT16;FLOAT16;FLOAT16;FLOAT16;FLOAT16;FLOAT16;FLOAT16;FLOAT16;FLOAT16;FLOAT16;FLOAT16;FLOAT16;FLOAT16;FLOAT16;FLOAT16;FLOAT16;FLOAT16;FLOAT16,ND;ND;ND;ND;ND;ND;ND;ND;ND;ND;ND;ND;ND;ND;ND;ND;ND;ND;ND;ND;ND;ND;ND;ND;ND;ND;ND;ND;ND;ND;ND;ND;ND;ND;ND;ND;ND;ND;ND;ND;ND;ND;ND;ND;ND;ND;ND;ND;ND;ND;ND;ND;ND;ND;ND;ND;ND;ND;ND;ND;ND;ND;ND;ND,"""64,98448""",FLOAT16,ND,N/A,0.0,0,0.0,0.0,0.0,0.0,0.0,0.0,0.0,0.0,0.0,0.0,0.0,36.856,2432528,0.017,0.0,6.783,0.184,21.581,0.586,11.596,0.315,0.0,0.000
0,4294967295,82,47,aclnnMul_MulAiCore_Mul,Mul,dynamic,AI_VECTOR_CORE,1785697972885797.725	,333.787,0.000000,40,0,NO,"""4096,4096;4096,4096""",FLOAT;FLOAT,ND;ND,"""4096,4096""",FLOAT,ND,N/A,0.0,0,0.0,0.0,0.0,0.0,0.0,0.0,0.0,0.0,0.0,0.0,0.0,331.602,21885708,6.784,0.02,2.973,0.009,330.091,0.995,112.744,0.34,0.0,0.000
0,4294967295,83,47,Concat,Concat,dynamic,AI_VECTOR_CORE,1785697972886131.532	,40.740,0.000000,40,0,NO,"""64,16;64,32;64,64;64,128;64,256;64,512;64,1024;64,2048;64,4096;64,8192;64,16;64,32;64,64;64,128;64,256;64,512;64,1024;64,2048;64,4096;64,8192;64,16;64,32;64,64;64,128;64,256;64,512;64,1024;64,2048;64,4096;64,8192;64,16;64,32;64,64;64,128;64,256;64,512;64,1024;64,2048;64,4096;64,8192;64,16;64,32;64,64;64,128;64,256;64,512;64,1024;64,2048;64,4096;64,8192;64,16;64,32;64,64;64,128;64,256;64,512;64,1024;64,2048;64,4096;64,8192;64,16;64,32;64,64;64,128""",FLOAT16;FLOAT16;FLOAT16;FLOAT16;FLOAT16;FLOAT16;FLOAT16;FLOAT16;FLOAT16;FLOAT16;FLOAT16;FLOAT16;FLOAT16;FLOAT16;FLOAT16;FLOAT16;FLOAT16;FLOAT16;FLOAT16;FLOAT16;FLOAT16;FLOAT16;FLOAT16;FLOAT16;FLOAT16;FLOAT16;FLOAT16;FLOAT16;FLOAT16;FLOAT16;FLOAT16;FLOAT16;FLOAT16;FLOAT16;FLOAT16;FLOAT16;FLOAT16;FLOAT16;FLOAT16;FLOAT16;FLOAT16;FLOAT16;FLOAT16;FLOAT16;FLOAT16;FLOAT16;FLOAT16;FLOAT16;FLOAT16;FLOAT16;FLOAT16;FLOAT16;FLOAT16;FLOAT16;FLOAT16;FLOAT16;FLOAT16;FLOAT16;FLOAT16;FLOAT16;FLOAT16;FLOAT16;FLOAT16;FLOAT16,ND;ND;ND;ND;ND;ND;ND;ND;ND;ND;ND;ND;ND;ND;ND;ND;ND;ND;ND;ND;ND;ND;ND;ND;ND;ND;ND;ND;ND;ND;ND;ND;ND;ND;ND;ND;ND;ND;ND;ND;ND;ND;ND;ND;ND;ND;ND;ND;ND;ND;ND;ND;ND;ND;ND;ND;ND;ND;ND;ND;ND;ND;ND;ND,"""64,98448""",FLOAT16,ND,N/A,0.0,0,0.0,0.0,0.0,0.0,0.0,0.0,0.0,0.0,0.0,0.0,0.0,36.956,2439127,0.017,0.0,6.656,0.18,21.902,0.593,11.346,0.307,0.0,0.000
0,4294967295,84,47,aclnnMul_MulAiCore_Mul,Mul,dynamic,AI_VECTOR_CORE,1785697972886172.292	,333.427,0.010000,40,0,NO,"""4096,4096;4096,4096""",FLOAT;FLOAT,ND;ND,"""4096,4096""",FLOAT,ND,N/A,0.0,0,0.0,0.0,0.0,0.0,0.0,0.0,0.0,0.0,0.0,0.0,0.0,331.312,21866597,6.784,0.02,3.013,0.009,329.728,0.995,113.233,0.342,0.0,0.000
0,4294967295,85,47,Concat,Concat,dynamic,AI_VECTOR_CORE,1785697972886505.739	,40.981,0.073000,40,0,NO,"""64,16;64,32;64,64;64,128;64,256;64,512;64,1024;64,2048;64,4096;64,8192;64,16;64,32;64,64;64,128;64,256;64,512;64,1024;64,2048;64,4096;64,8192;64,16;64,32;64,64;64,128;64,256;64,512;64,1024;64,2048;64,4096;64,8192;64,16;64,32;64,64;64,128;64,256;64,512;64,1024;64,2048;64,4096;64,8192;64,16;64,32;64,64;64,128;64,256;64,512;64,1024;64,2048;64,4096;64,8192;64,16;64,32;64,64;64,128;64,256;64,512;64,1024;64,2048;64,4096;64,8192;64,16;64,32;64,64;64,128""",FLOAT16;FLOAT16;FLOAT16;FLOAT16;FLOAT16;FLOAT16;FLOAT16;FLOAT16;FLOAT16;FLOAT16;FLOAT16;FLOAT16;FLOAT16;FLOAT16;FLOAT16;FLOAT16;FLOAT16;FLOAT16;FLOAT16;FLOAT16;FLOAT16;FLOAT16;FLOAT16;FLOAT16;FLOAT16;FLOAT16;FLOAT16;FLOAT16;FLOAT16;FLOAT16;FLOAT16;FLOAT16;FLOAT16;FLOAT16;FLOAT16;FLOAT16;FLOAT16;FLOAT16;FLOAT16;FLOAT16;FLOAT16;FLOAT16;FLOAT16;FLOAT16;FLOAT16;FLOAT16;FLOAT16;FLOAT16;FLOAT16;FLOAT16;FLOAT16;FLOAT16;FLOAT16;FLOAT16;FLOAT16;FLOAT16;FLOAT16;FLOAT16;FLOAT16;FLOAT16;FLOAT16;FLOAT16;FLOAT16;FLOAT16,ND;ND;ND;ND;ND;ND;ND;ND;ND;ND;ND;ND;ND;ND;ND;ND;ND;ND;ND;ND;ND;ND;ND;ND;ND;ND;ND;ND;ND;ND;ND;ND;ND;ND;ND;ND;ND;ND;ND;ND;ND;ND;ND;ND;ND;ND;ND;ND;ND;ND;ND;ND;ND;ND;ND;ND;ND;ND;ND;ND;ND;ND;ND;ND,"""64,98448""",FLOAT16,ND,N/A,0.0,0,0.0,0.0,0.0,0.0,0.0,0.0,0.0,0.0,0.0,0.0,0.0,37.233,2457367,0.017,0.0,6.584,0.177,21.42,0.575,12.085,0.325,0.0,0.000
0,4294967295,86,47,aclnnMul_MulAiCore_Mul,Mul,dynamic,AI_VECTOR_CORE,1785697972886546.740	,333.667,0.019000,40,0,NO,"""4096,4096;4096,4096""",FLOAT;FLOAT,ND;ND,"""4096,4096""",FLOAT,ND,N/A,0.0,0,0.0,0.0,0.0,0.0,0.0,0.0,0.0,0.0,0.0,0.0,0.0,331.47,21876987,6.784,0.02,2.914,0.009,329.998,0.996,113.419,0.342,0.0,0.000
0,4294967295,87,47,Concat,Concat,dynamic,AI_VECTOR_CORE,1785697972886880.427	,39.400,0.083000,40,0,NO,"""64,16;64,32;64,64;64,128;64,256;64,512;64,1024;64,2048;64,4096;64,8192;64,16;64,32;64,64;64,128;64,256;64,512;64,1024;64,2048;64,4096;64,8192;64,16;64,32;64,64;64,128;64,256;64,512;64,1024;64,2048;64,4096;64,8192;64,16;64,32;64,64;64,128;64,256;64,512;64,1024;64,2048;64,4096;64,8192;64,16;64,32;64,64;64,128;64,256;64,512;64,1024;64,2048;64,4096;64,8192;64,16;64,32;64,64;64,128;64,256;64,512;64,1024;64,2048;64,4096;64,8192;64,16;64,32;64,64;64,128""",FLOAT16;FLOAT16;FLOAT16;FLOAT16;FLOAT16;FLOAT16;FLOAT16;FLOAT16;FLOAT16;FLOAT16;FLOAT16;FLOAT16;FLOAT16;FLOAT16;FLOAT16;FLOAT16;FLOAT16;FLOAT16;FLOAT16;FLOAT16;FLOAT16;FLOAT16;FLOAT16;FLOAT16;FLOAT16;FLOAT16;FLOAT16;FLOAT16;FLOAT16;FLOAT16;FLOAT16;FLOAT16;FLOAT16;FLOAT16;FLOAT16;FLOAT16;FLOAT16;FLOAT16;FLOAT16;FLOAT16;FLOAT16;FLOAT16;FLOAT16;FLOAT16;FLOAT16;FLOAT16;FLOAT16;FLOAT16;FLOAT16;FLOAT16;FLOAT16;FLOAT16;FLOAT16;FLOAT16;FLOAT16;FLOAT16;FLOAT16;FLOAT16;FLOAT16;FLOAT16;FLOAT16;FLOAT16;FLOAT16;FLOAT16,ND;ND;ND;ND;ND;ND;ND;ND;ND;ND;ND;ND;ND;ND;ND;ND;ND;ND;ND;ND;ND;ND;ND;ND;ND;ND;ND;ND;ND;ND;ND;ND;ND;ND;ND;ND;ND;ND;ND;ND;ND;ND;ND;ND;ND;ND;ND;ND;ND;ND;ND;ND;ND;ND;ND;ND;ND;ND;ND;ND;ND;ND;ND;ND,"""64,98448""",FLOAT16,ND,N/A,0.0,0,0.0,0.0,0.0,0.0,0.0,0.0,0.0,0.0,0.0,0.0,0.0,36.24,2391839,0.017,0.0,7.544,0.208,21.159,0.584,11.357,0.313,0.0,0.000
0,4294967295,88,47,aclnnMul_MulAiCore_Mul,Mul,dynamic,AI_VECTOR_CORE,1785697972886919.847	,334.387,0.000000,40,0,NO,"""4096,4096;4096,4096""",FLOAT;FLOAT,ND;ND,"""4096,4096""",FLOAT,ND,N/A,0.0,0,0.0,0.0,0.0,0.0,0.0,0.0,0.0,0.0,0.0,0.0,0.0,331.789,21898051,6.784,0.02,3.132,0.009,330.138,0.995,113.818,0.343,0.0,0.000
0,4294967295,89,47,Concat,Concat,dynamic,AI_VECTOR_CORE,1785697972887254.254	,40.161,0.113000,40,0,NO,"""64,16;64,32;64,64;64,128;64,256;64,512;64,1024;64,2048;64,4096;64,8192;64,16;64,32;64,64;64,128;64,256;64,512;64,1024;64,2048;64,4096;64,8192;64,16;64,32;64,64;64,128;64,256;64,512;64,1024;64,2048;64,4096;64,8192;64,16;64,32;64,64;64,128;64,256;64,512;64,1024;64,2048;64,4096;64,8192;64,16;64,32;64,64;64,128;64,256;64,512;64,1024;64,2048;64,4096;64,8192;64,16;64,32;64,64;64,128;64,256;64,512;64,1024;64,2048;64,4096;64,8192;64,16;64,32;64,64;64,128""",FLOAT16;FLOAT16;FLOAT16;FLOAT16;FLOAT16;FLOAT16;FLOAT16;FLOAT16;FLOAT16;FLOAT16;FLOAT16;FLOAT16;FLOAT16;FLOAT16;FLOAT16;FLOAT16;FLOAT16;FLOAT16;FLOAT16;FLOAT16;FLOAT16;FLOAT16;FLOAT16;FLOAT16;FLOAT16;FLOAT16;FLOAT16;FLOAT16;FLOAT16;FLOAT16;FLOAT16;FLOAT16;FLOAT16;FLOAT16;FLOAT16;FLOAT16;FLOAT16;FLOAT16;FLOAT16;FLOAT16;FLOAT16;FLOAT16;FLOAT16;FLOAT16;FLOAT16;FLOAT16;FLOAT16;FLOAT16;FLOAT16;FLOAT16;FLOAT16;FLOAT16;FLOAT16;FLOAT16;FLOAT16;FLOAT16;FLOAT16;FLOAT16;FLOAT16;FLOAT16;FLOAT16;FLOAT16;FLOAT16;FLOAT16,ND;ND;ND;ND;ND;ND;ND;ND;ND;ND;ND;ND;ND;ND;ND;ND;ND;ND;ND;ND;ND;ND;ND;ND;ND;ND;ND;ND;ND;ND;ND;ND;ND;ND;ND;ND;ND;ND;ND;ND;ND;ND;ND;ND;ND;ND;ND;ND;ND;ND;ND;ND;ND;ND;ND;ND;ND;ND;ND;ND;ND;ND;ND;ND,"""64,98448""",FLOAT16,ND,N/A,0.0,0,0.0,0.0,0.0,0.0,0.0,0.0,0.0,0.0,0.0,0.0,0.0,36.538,2411521,0.017,0.0,7.156,0.196,21.14,0.579,11.566,0.317,0.0,0.000
0,4294967295,90,47,aclnnMul_MulAiCore_Mul,Mul,dynamic,AI_VECTOR_CORE,1785697972887294.435	,334.346,0.089000,40,0,NO,"""4096,4096;4096,4096""",FLOAT;FLOAT,ND;ND,"""4096,4096""",FLOAT,ND,N/A,0.0,0,0.0,0.0,0.0,0.0,0.0,0.0,0.0,0.0,0.0,0.0,0.0,332.202,21925324,6.784,0.02,3.048,0.009,330.607,0.995,112.734,0.339,0.0,0.000
0,4294967295,91,47,Concat,Concat,dynamic,AI_VECTOR_CORE,1785697972887628.801	,40.241,0.000000,40,0,NO,"""64,16;64,32;64,64;64,128;64,256;64,512;64,1024;64,2048;64,4096;64,8192;64,16;64,32;64,64;64,128;64,256;64,512;64,1024;64,2048;64,4096;64,8192;64,16;64,32;64,64;64,128;64,256;64,512;64,1024;64,2048;64,4096;64,8192;64,16;64,32;64,64;64,128;64,256;64,512;64,1024;64,2048;64,4096;64,8192;64,16;64,32;64,64;64,128;64,256;64,512;64,1024;64,2048;64,4096;64,8192;64,16;64,32;64,64;64,128;64,256;64,512;64,1024;64,2048;64,4096;64,8192;64,16;64,32;64,64;64,128""",FLOAT16;FLOAT16;FLOAT16;FLOAT16;FLOAT16;FLOAT16;FLOAT16;FLOAT16;FLOAT16;FLOAT16;FLOAT16;FLOAT16;FLOAT16;FLOAT16;FLOAT16;FLOAT16;FLOAT16;FLOAT16;FLOAT16;FLOAT16;FLOAT16;FLOAT16;FLOAT16;FLOAT16;FLOAT16;FLOAT16;FLOAT16;FLOAT16;FLOAT16;FLOAT16;FLOAT16;FLOAT16;FLOAT16;FLOAT16;FLOAT16;FLOAT16;FLOAT16;FLOAT16;FLOAT16;FLOAT16;FLOAT16;FLOAT16;FLOAT16;FLOAT16;FLOAT16;FLOAT16;FLOAT16;FLOAT16;FLOAT16;FLOAT16;FLOAT16;FLOAT16;FLOAT16;FLOAT16;FLOAT16;FLOAT16;FLOAT16;FLOAT16;FLOAT16;FLOAT16;FLOAT16;FLOAT16;FLOAT16;FLOAT16,ND;ND;ND;ND;ND;ND;ND;ND;ND;ND;ND;ND;ND;ND;ND;ND;ND;ND;ND;ND;ND;ND;ND;ND;ND;ND;ND;ND;ND;ND;ND;ND;ND;ND;ND;ND;ND;ND;ND;ND;ND;ND;ND;ND;ND;ND;ND;ND;ND;ND;ND;ND;ND;ND;ND;ND;ND;ND;ND;ND;ND;ND;ND;ND,"""64,98448""",FLOAT16,ND,N/A,0.0,0,0.0,0.0,0.0,0.0,0.0,0.0,0.0,0.0,0.0,0.0,0.0,36.97,2439999,0.017,0.0,8.18,0.221,21.277,0.576,11.722,0.317,0.0,0.000
0,4294967295,92,47,aclnnMul_MulAiCore_Mul,Mul,dynamic,AI_VECTOR_CORE,1785697972887669.062	,335.367,0.009000,40,0,NO,"""4096,4096;4096,4096""",FLOAT;FLOAT,ND;ND,"""4096,4096""",FLOAT,ND,N/A,0.0,0,0.0,0.0,0.0,0.0,0.0,0.0,0.0,0.0,0.0,0.0,0.0,332.582,21950391,6.784,0.02,3.1,0.009,330.922,0.995,114.367,0.344,0.0,0.000
0,4294967295,93,47,Concat,Concat,dynamic,AI_VECTOR_CORE,1785697972888004.449	,42.001,0.133000,40,0,NO,"""64,16;64,32;64,64;64,128;64,256;64,512;64,1024;64,2048;64,4096;64,8192;64,16;64,32;64,64;64,128;64,256;64,512;64,1024;64,2048;64,4096;64,8192;64,16;64,32;64,64;64,128;64,256;64,512;64,1024;64,2048;64,4096;64,8192;64,16;64,32;64,64;64,128;64,256;64,512;64,1024;64,2048;64,4096;64,8192;64,16;64,32;64,64;64,128;64,256;64,512;64,1024;64,2048;64,4096;64,8192;64,16;64,32;64,64;64,128;64,256;64,512;64,1024;64,2048;64,4096;64,8192;64,16;64,32;64,64;64,128""",FLOAT16;FLOAT16;FLOAT16;FLOAT16;FLOAT16;FLOAT16;FLOAT16;FLOAT16;FLOAT16;FLOAT16;FLOAT16;FLOAT16;FLOAT16;FLOAT16;FLOAT16;FLOAT16;FLOAT16;FLOAT16;FLOAT16;FLOAT16;FLOAT16;FLOAT16;FLOAT16;FLOAT16;FLOAT16;FLOAT16;FLOAT16;FLOAT16;FLOAT16;FLOAT16;FLOAT16;FLOAT16;FLOAT16;FLOAT16;FLOAT16;FLOAT16;FLOAT16;FLOAT16;FLOAT16;FLOAT16;FLOAT16;FLOAT16;FLOAT16;FLOAT16;FLOAT16;FLOAT16;FLOAT16;FLOAT16;FLOAT16;FLOAT16;FLOAT16;FLOAT16;FLOAT16;FLOAT16;FLOAT16;FLOAT16;FLOAT16;FLOAT16;FLOAT16;FLOAT16;FLOAT16;FLOAT16;FLOAT16;FLOAT16,ND;ND;ND;ND;ND;ND;ND;ND;ND;ND;ND;ND;ND;ND;ND;ND;ND;ND;ND;ND;ND;ND;ND;ND;ND;ND;ND;ND;ND;ND;ND;ND;ND;ND;ND;ND;ND;ND;ND;ND;ND;ND;ND;ND;ND;ND;ND;ND;ND;ND;ND;ND;ND;ND;ND;ND;ND;ND;ND;ND;ND;ND;ND;ND,"""64,98448""",FLOAT16,ND,N/A,0.0,0,0.0,0.0,0.0,0.0,0.0,0.0,0.0,0.0,0.0,0.0,0.0,38.524,2542602,0.017,0.0,9.017,0.234,22.141,0.575,11.525,0.299,0.0,0.000
0,4294967295,94,47,aclnnMul_MulAiCore_Mul,Mul,dynamic,AI_VECTOR_CORE,1785697972888046.470	,333.286,0.000000,40,0,NO,"""4096,4096;4096,4096""",FLOAT;FLOAT,ND;ND,"""4096,4096""",FLOAT,ND,N/A,0.0,0,0.0,0.0,0.0,0.0,0.0,0.0,0.0,0.0,0.0,0.0,0.0,330.712,21826980,6.784,0.021,2.98,0.009,329.18,0.995,110.916,0.335,0.0,0.000
0,4294967295,95,47,Concat,Concat,dynamic,AI_VECTOR_CORE,1785697972888379.776	,40.201,0.000000,40,0,NO,"""64,16;64,32;64,64;64,128;64,256;64,512;64,1024;64,2048;64,4096;64,8192;64,16;64,32;64,64;64,128;64,256;64,512;64,1024;64,2048;64,4096;64,8192;64,16;64,32;64,64;64,128;64,256;64,512;64,1024;64,2048;64,4096;64,8192;64,16;64,32;64,64;64,128;64,256;64,512;64,1024;64,2048;64,4096;64,8192;64,16;64,32;64,64;64,128;64,256;64,512;64,1024;64,2048;64,4096;64,8192;64,16;64,32;64,64;64,128;64,256;64,512;64,1024;64,2048;64,4096;64,8192;64,16;64,32;64,64;64,128""",FLOAT16;FLOAT16;FLOAT16;FLOAT16;FLOAT16;FLOAT16;FLOAT16;FLOAT16;FLOAT16;FLOAT16;FLOAT16;FLOAT16;FLOAT16;FLOAT16;FLOAT16;FLOAT16;FLOAT16;FLOAT16;FLOAT16;FLOAT16;FLOAT16;FLOAT16;FLOAT16;FLOAT16;FLOAT16;FLOAT16;FLOAT16;FLOAT16;FLOAT16;FLOAT16;FLOAT16;FLOAT16;FLOAT16;FLOAT16;FLOAT16;FLOAT16;FLOAT16;FLOAT16;FLOAT16;FLOAT16;FLOAT16;FLOAT16;FLOAT16;FLOAT16;FLOAT16;FLOAT16;FLOAT16;FLOAT16;FLOAT16;FLOAT16;FLOAT16;FLOAT16;FLOAT16;FLOAT16;FLOAT16;FLOAT16;FLOAT16;FLOAT16;FLOAT16;FLOAT16;FLOAT16;FLOAT16;FLOAT16;FLOAT16,ND;ND;ND;ND;ND;ND;ND;ND;ND;ND;ND;ND;ND;ND;ND;ND;ND;ND;ND;ND;ND;ND;ND;ND;ND;ND;ND;ND;ND;ND;ND;ND;ND;ND;ND;ND;ND;ND;ND;ND;ND;ND;ND;ND;ND;ND;ND;ND;ND;ND;ND;ND;ND;ND;ND;ND;ND;ND;ND;ND;ND;ND;ND;ND,"""64,98448""",FLOAT16,ND,N/A,0.0,0,0.0,0.0,0.0,0.0,0.0,0.0,0.0,0.0,0.0,0.0,0.0,35.924,2370965,0.017,0.0,7.75,0.216,20.848,0.58,11.27,0.314,0.0,0.000
0,4294967295,96,47,aclnnMul_MulAiCore_Mul,Mul,dynamic,AI_VECTOR_CORE,1785697972888419.997	,334.927,0.049000,40,0,NO,"""4096,4096;4096,4096""",FLOAT;FLOAT,ND;ND,"""4096,4096""",FLOAT,ND,N/A,0.0,0,0.0,0.0,0.0,0.0,0.0,0.0,0.0,0.0,0.0,0.0,0.0,332.06,21915973,6.784,0.02,3.024,0.009,330.48,0.995,113.442,0.342,0.0,0.000
0,4294967295,97,47,Concat,Concat,dynamic,AI_VECTOR_CORE,1785697972888754.964	,39.261,0.073000,40,0,NO,"""64,16;64,32;64,64;64,128;64,256;64,512;64,1024;64,2048;64,4096;64,8192;64,16;64,32;64,64;64,128;64,256;64,512;64,1024;64,2048;64,4096;64,8192;64,16;64,32;64,64;64,128;64,256;64,512;64,1024;64,2048;64,4096;64,8192;64,16;64,32;64,64;64,128;64,256;64,512;64,1024;64,2048;64,4096;64,8192;64,16;64,32;64,64;64,128;64,256;64,512;64,1024;64,2048;64,4096;64,8192;64,16;64,32;64,64;64,128;64,256;64,512;64,1024;64,2048;64,4096;64,8192;64,16;64,32;64,64;64,128""",FLOAT16;FLOAT16;FLOAT16;FLOAT16;FLOAT16;FLOAT16;FLOAT16;FLOAT16;FLOAT16;FLOAT16;FLOAT16;FLOAT16;FLOAT16;FLOAT16;FLOAT16;FLOAT16;FLOAT16;FLOAT16;FLOAT16;FLOAT16;FLOAT16;FLOAT16;FLOAT16;FLOAT16;FLOAT16;FLOAT16;FLOAT16;FLOAT16;FLOAT16;FLOAT16;FLOAT16;FLOAT16;FLOAT16;FLOAT16;FLOAT16;FLOAT16;FLOAT16;FLOAT16;FLOAT16;FLOAT16;FLOAT16;FLOAT16;FLOAT16;FLOAT16;FLOAT16;FLOAT16;FLOAT16;FLOAT16;FLOAT16;FLOAT16;FLOAT16;FLOAT16;FLOAT16;FLOAT16;FLOAT16;FLOAT16;FLOAT16;FLOAT16;FLOAT16;FLOAT16;FLOAT16;FLOAT16;FLOAT16;FLOAT16,ND;ND;ND;ND;ND;ND;ND;ND;ND;ND;ND;ND;ND;ND;ND;ND;ND;ND;ND;ND;ND;ND;ND;ND;ND;ND;ND;ND;ND;ND;ND;ND;ND;ND;ND;ND;ND;ND;ND;ND;ND;ND;ND;ND;ND;ND;ND;ND;ND;ND;ND;ND;ND;ND;ND;ND;ND;ND;ND;ND;ND;ND;ND;ND,"""64,98448""",FLOAT16,ND,N/A,0.0,0,0.0,0.0,0.0,0.0,0.0,0.0,0.0,0.0,0.0,0.0,0.0,35.79,2362132,0.017,0.0,8.243,0.23,20.383,0.57,11.643,0.325,0.0,0.000
0,4294967295,98,47,aclnnMul_MulAiCore_Mul,Mul,dynamic,AI_VECTOR_CORE,1785697972888794.245	,332.866,0.000000,40,0,NO,"""4096,4096;4096,4096""",FLOAT;FLOAT,ND;ND,"""4096,4096""",FLOAT,ND,N/A,0.0,0,0.0,0.0,0.0,0.0,0.0,0.0,0.0,0.0,0.0,0.0,0.0,330.542,21815757,6.784,0.021,2.913,0.009,329.084,0.996,111.67,0.338,0.0,0.000
0,4294967295,99,47,Concat,Concat,dynamic,AI_VECTOR_CORE,1785697972889127.131	,41.401,0.134000,40,0,NO,"""64,16;64,32;64,64;64,128;64,256;64,512;64,1024;64,2048;64,4096;64,8192;64,16;64,32;64,64;64,128;64,256;64,512;64,1024;64,2048;64,4096;64,8192;64,16;64,32;64,64;64,128;64,256;64,512;64,1024;64,2048;64,4096;64,8192;64,16;64,32;64,64;64,128;64,256;64,512;64,1024;64,2048;64,4096;64,8192;64,16;64,32;64,64;64,128;64,256;64,512;64,1024;64,2048;64,4096;64,8192;64,16;64,32;64,64;64,128;64,256;64,512;64,1024;64,2048;64,4096;64,8192;64,16;64,32;64,64;64,128""",FLOAT16;FLOAT16;FLOAT16;FLOAT16;FLOAT16;FLOAT16;FLOAT16;FLOAT16;FLOAT16;FLOAT16;FLOAT16;FLOAT16;FLOAT16;FLOAT16;FLOAT16;FLOAT16;FLOAT16;FLOAT16;FLOAT16;FLOAT16;FLOAT16;FLOAT16;FLOAT16;FLOAT16;FLOAT16;FLOAT16;FLOAT16;FLOAT16;FLOAT16;FLOAT16;FLOAT16;FLOAT16;FLOAT16;FLOAT16;FLOAT16;FLOAT16;FLOAT16;FLOAT16;FLOAT16;FLOAT16;FLOAT16;FLOAT16;FLOAT16;FLOAT16;FLOAT16;FLOAT16;FLOAT16;FLOAT16;FLOAT16;FLOAT16;FLOAT16;FLOAT16;FLOAT16;FLOAT16;FLOAT16;FLOAT16;FLOAT16;FLOAT16;FLOAT16;FLOAT16;FLOAT16;FLOAT16;FLOAT16;FLOAT16,ND;ND;ND;ND;ND;ND;ND;ND;ND;ND;ND;ND;ND;ND;ND;ND;ND;ND;ND;ND;ND;ND;ND;ND;ND;ND;ND;ND;ND;ND;ND;ND;ND;ND;ND;ND;ND;ND;ND;ND;ND;ND;ND;ND;ND;ND;ND;ND;ND;ND;ND;ND;ND;ND;ND;ND;ND;ND;ND;ND;ND;ND;ND;ND,"""64,98448""",FLOAT16,ND,N/A,0.0,0,0.0,0.0,0.0,0.0,0.0,0.0,0.0,0.0,0.0,0.0,0.0,37.02,2443328,0.017,0.0,6.924,0.187,21.478,0.58,11.773,0.318,0.0,0.000
0,4294967295,100,47,aclnnMul_MulAiCore_Mul,Mul,dynamic,AI_VECTOR_CORE,1785697972889168.552	,334.587,0.000000,40,0,NO,"""4096,4096;4096,4096""",FLOAT;FLOAT,ND;ND,"""4096,4096""",FLOAT,ND,N/A,0.0,0,0.0,0.0,0.0,0.0,0.0,0.0,0.0,0.0,0.0,0.0,0.0,332.062,21916074,6.784,0.02,3.066,0.009,330.376,0.995,112.731,0.339,0.0,0.000
0,4294967295,101,47,Concat,Concat,dynamic,AI_VECTOR_CORE,1785697972889503.159	,40.521,0.163000,40,0,NO,"""64,16;64,32;64,64;64,128;64,256;64,512;64,1024;64,2048;64,4096;64,8192;64,16;64,32;64,64;64,128;64,256;64,512;64,1024;64,2048;64,4096;64,8192;64,16;64,32;64,64;64,128;64,256;64,512;64,1024;64,2048;64,4096;64,8192;64,16;64,32;64,64;64,128;64,256;64,512;64,1024;64,2048;64,4096;64,8192;64,16;64,32;64,64;64,128;64,256;64,512;64,1024;64,2048;64,4096;64,8192;64,16;64,32;64,64;64,128;64,256;64,512;64,1024;64,2048;64,4096;64,8192;64,16;64,32;64,64;64,128""",FLOAT16;FLOAT16;FLOAT16;FLOAT16;FLOAT16;FLOAT16;FLOAT16;FLOAT16;FLOAT16;FLOAT16;FLOAT16;FLOAT16;FLOAT16;FLOAT16;FLOAT16;FLOAT16;FLOAT16;FLOAT16;FLOAT16;FLOAT16;FLOAT16;FLOAT16;FLOAT16;FLOAT16;FLOAT16;FLOAT16;FLOAT16;FLOAT16;FLOAT16;FLOAT16;FLOAT16;FLOAT16;FLOAT16;FLOAT16;FLOAT16;FLOAT16;FLOAT16;FLOAT16;FLOAT16;FLOAT16;FLOAT16;FLOAT16;FLOAT16;FLOAT16;FLOAT16;FLOAT16;FLOAT16;FLOAT16;FLOAT16;FLOAT16;FLOAT16;FLOAT16;FLOAT16;FLOAT16;FLOAT16;FLOAT16;FLOAT16;FLOAT16;FLOAT16;FLOAT16;FLOAT16;FLOAT16;FLOAT16;FLOAT16,ND;ND;ND;ND;ND;ND;ND;ND;ND;ND;ND;ND;ND;ND;ND;ND;ND;ND;ND;ND;ND;ND;ND;ND;ND;ND;ND;ND;ND;ND;ND;ND;ND;ND;ND;ND;ND;ND;ND;ND;ND;ND;ND;ND;ND;ND;ND;ND;ND;ND;ND;ND;ND;ND;ND;ND;ND;ND;ND;ND;ND;ND;ND;ND,"""64,98448""",FLOAT16,ND,N/A,0.0,0,0.0,0.0,0.0,0.0,0.0,0.0,0.0,0.0,0.0,0.0,0.0,36.69,2421528,0.017,0.0,6.815,0.186,21.188,0.577,11.774,0.321,0.0,0.000
0,4294967295,102,47,aclnnMul_MulAiCore_Mul,Mul,dynamic,AI_VECTOR_CORE,1785697972889543.700	,333.046,0.000000,40,0,NO,"""4096,4096;4096,4096""",FLOAT;FLOAT,ND;ND,"""4096,4096""",FLOAT,ND,N/A,0.0,0,0.0,0.0,0.0,0.0,0.0,0.0,0.0,0.0,0.0,0.0,0.0,330.788,21832038,6.784,0.021,2.926,0.009,329.356,0.996,113.156,0.342,0.0,0.000
0,4294967295,103,47,Concat,Concat,dynamic,AI_VECTOR_CORE,1785697972889876.766	,39.801,0.000000,40,0,NO,"""64,16;64,32;64,64;64,128;64,256;64,512;64,1024;64,2048;64,4096;64,8192;64,16;64,32;64,64;64,128;64,256;64,512;64,1024;64,2048;64,4096;64,8192;64,16;64,32;64,64;64,128;64,256;64,512;64,1024;64,2048;64,4096;64,8192;64,16;64,32;64,64;64,128;64,256;64,512;64,1024;64,2048;64,4096;64,8192;64,16;64,32;64,64;64,128;64,256;64,512;64,1024;64,2048;64,4096;64,8192;64,16;64,32;64,64;64,128;64,256;64,512;64,1024;64,2048;64,4096;64,8192;64,16;64,32;64,64;64,128""",FLOAT16;FLOAT16;FLOAT16;FLOAT16;FLOAT16;FLOAT16;FLOAT16;FLOAT16;FLOAT16;FLOAT16;FLOAT16;FLOAT16;FLOAT16;FLOAT16;FLOAT16;FLOAT16;FLOAT16;FLOAT16;FLOAT16;FLOAT16;FLOAT16;FLOAT16;FLOAT16;FLOAT16;FLOAT16;FLOAT16;FLOAT16;FLOAT16;FLOAT16;FLOAT16;FLOAT16;FLOAT16;FLOAT16;FLOAT16;FLOAT16;FLOAT16;FLOAT16;FLOAT16;FLOAT16;FLOAT16;FLOAT16;FLOAT16;FLOAT16;FLOAT16;FLOAT16;FLOAT16;FLOAT16;FLOAT16;FLOAT16;FLOAT16;FLOAT16;FLOAT16;FLOAT16;FLOAT16;FLOAT16;FLOAT16;FLOAT16;FLOAT16;FLOAT16;FLOAT16;FLOAT16;FLOAT16;FLOAT16;FLOAT16,ND;ND;ND;ND;ND;ND;ND;ND;ND;ND;ND;ND;ND;ND;ND;ND;ND;ND;ND;ND;ND;ND;ND;ND;ND;ND;ND;ND;ND;ND;ND;ND;ND;ND;ND;ND;ND;ND;ND;ND;ND;ND;ND;ND;ND;ND;ND;ND;ND;ND;ND;ND;ND;ND;ND;ND;ND;ND;ND;ND;ND;ND;ND;ND,"""64,98448""",FLOAT16,ND,N/A,0.0,0,0.0,0.0,0.0,0.0,0.0,0.0,0.0,0.0,0.0,0.0,0.0,36.34,2398410,0.017,0.0,7.635,0.21,21.068,0.58,11.36,0.313,0.0,0.000
0,4294967295,104,47,aclnnMul_MulAiCore_Mul,Mul,dynamic,AI_VECTOR_CORE,1785697972889916.587	,333.047,0.000000,40,0,NO,"""4096,4096;4096,4096""",FLOAT;FLOAT,ND;ND,"""4096,4096""",FLOAT,ND,N/A,0.0,0,0.0,0.0,0.0,0.0,0.0,0.0,0.0,0.0,0.0,0.0,0.0,331.218,21860402,6.784,0.02,3.084,0.009,329.619,0.995,111.792,0.338,0.0,0.000
0,4294967295,105,47,Concat,Concat,dynamic,AI_VECTOR_CORE,1785697972890249.654	,39.581,0.203000,40,0,NO,"""64,16;64,32;64,64;64,128;64,256;64,512;64,1024;64,2048;64,4096;64,8192;64,16;64,32;64,64;64,128;64,256;64,512;64,1024;64,2048;64,4096;64,8192;64,16;64,32;64,64;64,128;64,256;64,512;64,1024;64,2048;64,4096;64,8192;64,16;64,32;64,64;64,128;64,256;64,512;64,1024;64,2048;64,4096;64,8192;64,16;64,32;64,64;64,128;64,256;64,512;64,1024;64,2048;64,4096;64,8192;64,16;64,32;64,64;64,128;64,256;64,512;64,1024;64,2048;64,4096;64,8192;64,16;64,32;64,64;64,128""",FLOAT16;FLOAT16;FLOAT16;FLOAT16;FLOAT16;FLOAT16;FLOAT16;FLOAT16;FLOAT16;FLOAT16;FLOAT16;FLOAT16;FLOAT16;FLOAT16;FLOAT16;FLOAT16;FLOAT16;FLOAT16;FLOAT16;FLOAT16;FLOAT16;FLOAT16;FLOAT16;FLOAT16;FLOAT16;FLOAT16;FLOAT16;FLOAT16;FLOAT16;FLOAT16;FLOAT16;FLOAT16;FLOAT16;FLOAT16;FLOAT16;FLOAT16;FLOAT16;FLOAT16;FLOAT16;FLOAT16;FLOAT16;FLOAT16;FLOAT16;FLOAT16;FLOAT16;FLOAT16;FLOAT16;FLOAT16;FLOAT16;FLOAT16;FLOAT16;FLOAT16;FLOAT16;FLOAT16;FLOAT16;FLOAT16;FLOAT16;FLOAT16;FLOAT16;FLOAT16;FLOAT16;FLOAT16;FLOAT16;FLOAT16,ND;ND;ND;ND;ND;ND;ND;ND;ND;ND;ND;ND;ND;ND;ND;ND;ND;ND;ND;ND;ND;ND;ND;ND;ND;ND;ND;ND;ND;ND;ND;ND;ND;ND;ND;ND;ND;ND;ND;ND;ND;ND;ND;ND;ND;ND;ND;ND;ND;ND;ND;ND;ND;ND;ND;ND;ND;ND;ND;ND;ND;ND;ND;ND,"""64,98448""",FLOAT16,ND,N/A,0.0,0,0.0,0.0,0.0,0.0,0.0,0.0,0.0,0.0,0.0,0.0,0.0,36.001,2376036,0.017,0.0,7.417,0.206,20.625,0.573,11.503,0.32,0.0,0.000
0,4294967295,106,47,aclnnMul_MulAiCore_Mul,Mul,dynamic,AI_VECTOR_CORE,1785697972890289.255	,334.226,0.000000,40,0,NO,"""4096,4096;4096,4096""",FLOAT;FLOAT,ND;ND,"""4096,4096""",FLOAT,ND,N/A,0.0,0,0.0,0.0,0.0,0.0,0.0,0.0,0.0,0.0,0.0,0.0,0.0,332.027,21913763,6.784,0.02,3.016,0.009,330.446,0.995,112.764,0.34,0.0,0.000
0,4294967295,107,47,Concat,Concat,dynamic,AI_VECTOR_CORE,1785697972890623.501	,41.621,0.024000,40,0,NO,"""64,16;64,32;64,64;64,128;64,256;64,512;64,1024;64,2048;64,4096;64,8192;64,16;64,32;64,64;64,128;64,256;64,512;64,1024;64,2048;64,4096;64,8192;64,16;64,32;64,64;64,128;64,256;64,512;64,1024;64,2048;64,4096;64,8192;64,16;64,32;64,64;64,128;64,256;64,512;64,1024;64,2048;64,4096;64,8192;64,16;64,32;64,64;64,128;64,256;64,512;64,1024;64,2048;64,4096;64,8192;64,16;64,32;64,64;64,128;64,256;64,512;64,1024;64,2048;64,4096;64,8192;64,16;64,32;64,64;64,128""",FLOAT16;FLOAT16;FLOAT16;FLOAT16;FLOAT16;FLOAT16;FLOAT16;FLOAT16;FLOAT16;FLOAT16;FLOAT16;FLOAT16;FLOAT16;FLOAT16;FLOAT16;FLOAT16;FLOAT16;FLOAT16;FLOAT16;FLOAT16;FLOAT16;FLOAT16;FLOAT16;FLOAT16;FLOAT16;FLOAT16;FLOAT16;FLOAT16;FLOAT16;FLOAT16;FLOAT16;FLOAT16;FLOAT16;FLOAT16;FLOAT16;FLOAT16;FLOAT16;FLOAT16;FLOAT16;FLOAT16;FLOAT16;FLOAT16;FLOAT16;FLOAT16;FLOAT16;FLOAT16;FLOAT16;FLOAT16;FLOAT16;FLOAT16;FLOAT16;FLOAT16;FLOAT16;FLOAT16;FLOAT16;FLOAT16;FLOAT16;FLOAT16;FLOAT16;FLOAT16;FLOAT16;FLOAT16;FLOAT16;FLOAT16,ND;ND;ND;ND;ND;ND;ND;ND;ND;ND;ND;ND;ND;ND;ND;ND;ND;ND;ND;ND;ND;ND;ND;ND;ND;ND;ND;ND;ND;ND;ND;ND;ND;ND;ND;ND;ND;ND;ND;ND;ND;ND;ND;ND;ND;ND;ND;ND;ND;ND;ND;ND;ND;ND;ND;ND;ND;ND;ND;ND;ND;ND;ND;ND,"""64,98448""",FLOAT16,ND,N/A,0.0,0,0.0,0.0,0.0,0.0,0.0,0.0,0.0,0.0,0.0,0.0,0.0,38.018,2509213,0.017,0.0,8.808,0.232,21.578,0.568,11.798,0.31,0.0,0.000
0,4294967295,108,47,aclnnMul_MulAiCore_Mul,Mul,dynamic,AI_VECTOR_CORE,1785697972890665.142	,333.987,0.129000,40,0,NO,"""4096,4096;4096,4096""",FLOAT;FLOAT,ND;ND,"""4096,4096""",FLOAT,ND,N/A,0.0,0,0.0,0.0,0.0,0.0,0.0,0.0,0.0,0.0,0.0,0.0,0.0,331.346,21868807,6.784,0.02,3.118,0.009,329.679,0.995,112.695,0.34,0.0,0.000
0,4294967295,109,47,Concat,Concat,dynamic,AI_VECTOR_CORE,1785697972890999.149	,41.081,0.013000,40,0,NO,"""64,16;64,32;64,64;64,128;64,256;64,512;64,1024;64,2048;64,4096;64,8192;64,16;64,32;64,64;64,128;64,256;64,512;64,1024;64,2048;64,4096;64,8192;64,16;64,32;64,64;64,128;64,256;64,512;64,1024;64,2048;64,4096;64,8192;64,16;64,32;64,64;64,128;64,256;64,512;64,1024;64,2048;64,4096;64,8192;64,16;64,32;64,64;64,128;64,256;64,512;64,1024;64,2048;64,4096;64,8192;64,16;64,32;64,64;64,128;64,256;64,512;64,1024;64,2048;64,4096;64,8192;64,16;64,32;64,64;64,128""",FLOAT16;FLOAT16;FLOAT16;FLOAT16;FLOAT16;FLOAT16;FLOAT16;FLOAT16;FLOAT16;FLOAT16;FLOAT16;FLOAT16;FLOAT16;FLOAT16;FLOAT16;FLOAT16;FLOAT16;FLOAT16;FLOAT16;FLOAT16;FLOAT16;FLOAT16;FLOAT16;FLOAT16;FLOAT16;FLOAT16;FLOAT16;FLOAT16;FLOAT16;FLOAT16;FLOAT16;FLOAT16;FLOAT16;FLOAT16;FLOAT16;FLOAT16;FLOAT16;FLOAT16;FLOAT16;FLOAT16;FLOAT16;FLOAT16;FLOAT16;FLOAT16;FLOAT16;FLOAT16;FLOAT16;FLOAT16;FLOAT16;FLOAT16;FLOAT16;FLOAT16;FLOAT16;FLOAT16;FLOAT16;FLOAT16;FLOAT16;FLOAT16;FLOAT16;FLOAT16;FLOAT16;FLOAT16;FLOAT16;FLOAT16,ND;ND;ND;ND;ND;ND;ND;ND;ND;ND;ND;ND;ND;ND;ND;ND;ND;ND;ND;ND;ND;ND;ND;ND;ND;ND;ND;ND;ND;ND;ND;ND;ND;ND;ND;ND;ND;ND;ND;ND;ND;ND;ND;ND;ND;ND;ND;ND;ND;ND;ND;ND;ND;ND;ND;ND;ND;ND;ND;ND;ND;ND;ND;ND,"""64,98448""",FLOAT16,ND,N/A,0.0,0,0.0,0.0,0.0,0.0,0.0,0.0,0.0,0.0,0.0,0.0,0.0,37.932,2503503,0.017,0.0,8.788,0.232,21.816,0.575,11.519,0.304,0.0,0.000
0,4294967295,110,47,aclnnMul_MulAiCore_Mul,Mul,dynamic,AI_VECTOR_CORE,1785697972891040.250	,332.646,0.000000,40,0,NO,"""4096,4096;4096,4096""",FLOAT;FLOAT,ND;ND,"""4096,4096""",FLOAT,ND,N/A,0.0,0,0.0,0.0,0.0,0.0,0.0,0.0,0.0,0.0,0.0,0.0,0.0,330.546,21816003,6.784,0.021,3.027,0.009,328.982,0.995,111.444,0.337,0.0,0.000
0,4294967295,111,47,Concat,Concat,dynamic,AI_VECTOR_CORE,1785697972891372.916	,39.241,0.104000,40,0,NO,"""64,16;64,32;64,64;64,128;64,256;64,512;64,1024;64,2048;64,4096;64,8192;64,16;64,32;64,64;64,128;64,256;64,512;64,1024;64,2048;64,4096;64,8192;64,16;64,32;64,64;64,128;64,256;64,512;64,1024;64,2048;64,4096;64,8192;64,16;64,32;64,64;64,128;64,256;64,512;64,1024;64,2048;64,4096;64,8192;64,16;64,32;64,64;64,128;64,256;64,512;64,1024;64,2048;64,4096;64,8192;64,16;64,32;64,64;64,128;64,256;64,512;64,1024;64,2048;64,4096;64,8192;64,16;64,32;64,64;64,128""",FLOAT16;FLOAT16;FLOAT16;FLOAT16;FLOAT16;FLOAT16;FLOAT16;FLOAT16;FLOAT16;FLOAT16;FLOAT16;FLOAT16;FLOAT16;FLOAT16;FLOAT16;FLOAT16;FLOAT16;FLOAT16;FLOAT16;FLOAT16;FLOAT16;FLOAT16;FLOAT16;FLOAT16;FLOAT16;FLOAT16;FLOAT16;FLOAT16;FLOAT16;FLOAT16;FLOAT16;FLOAT16;FLOAT16;FLOAT16;FLOAT16;FLOAT16;FLOAT16;FLOAT16;FLOAT16;FLOAT16;FLOAT16;FLOAT16;FLOAT16;FLOAT16;FLOAT16;FLOAT16;FLOAT16;FLOAT16;FLOAT16;FLOAT16;FLOAT16;FLOAT16;FLOAT16;FLOAT16;FLOAT16;FLOAT16;FLOAT16;FLOAT16;FLOAT16;FLOAT16;FLOAT16;FLOAT16;FLOAT16;FLOAT16,ND;ND;ND;ND;ND;ND;ND;ND;ND;ND;ND;ND;ND;ND;ND;ND;ND;ND;ND;ND;ND;ND;ND;ND;ND;ND;ND;ND;ND;ND;ND;ND;ND;ND;ND;ND;ND;ND;ND;ND;ND;ND;ND;ND;ND;ND;ND;ND;ND;ND;ND;ND;ND;ND;ND;ND;ND;ND;ND;ND;ND;ND;ND;ND,"""64,98448""",FLOAT16,ND,N/A,0.0,0,0.0,0.0,0.0,0.0,0.0,0.0,0.0,0.0,0.0,0.0,0.0,35.217,2324322,0.017,0.0,8.48,0.241,20.233,0.575,11.127,0.316,0.0,0.000
0,4294967295,112,47,aclnnMul_MulAiCore_Mul,Mul,dynamic,AI_VECTOR_CORE,1785697972891412.177	,333.867,0.009000,40,0,NO,"""4096,4096;4096,4096""",FLOAT;FLOAT,ND;ND,"""4096,4096""",FLOAT,ND,N/A,0.0,0,0.0,0.0,0.0,0.0,0.0,0.0,0.0,0.0,0.0,0.0,0.0,331.596,21885332,6.784,0.02,3.425,0.01,329.63,0.994,111.205,0.335,0.0,0.000
0,4294967295,113,47,Concat,Concat,dynamic,AI_VECTOR_CORE,1785697972891746.064	,38.881,0.000000,40,0,NO,"""64,16;64,32;64,64;64,128;64,256;64,512;64,1024;64,2048;64,4096;64,8192;64,16;64,32;64,64;64,128;64,256;64,512;64,1024;64,2048;64,4096;64,8192;64,16;64,32;64,64;64,128;64,256;64,512;64,1024;64,2048;64,4096;64,8192;64,16;64,32;64,64;64,128;64,256;64,512;64,1024;64,2048;64,4096;64,8192;64,16;64,32;64,64;64,128;64,256;64,512;64,1024;64,2048;64,4096;64,8192;64,16;64,32;64,64;64,128;64,256;64,512;64,1024;64,2048;64,4096;64,8192;64,16;64,32;64,64;64,128""",FLOAT16;FLOAT16;FLOAT16;FLOAT16;FLOAT16;FLOAT16;FLOAT16;FLOAT16;FLOAT16;FLOAT16;FLOAT16;FLOAT16;FLOAT16;FLOAT16;FLOAT16;FLOAT16;FLOAT16;FLOAT16;FLOAT16;FLOAT16;FLOAT16;FLOAT16;FLOAT16;FLOAT16;FLOAT16;FLOAT16;FLOAT16;FLOAT16;FLOAT16;FLOAT16;FLOAT16;FLOAT16;FLOAT16;FLOAT16;FLOAT16;FLOAT16;FLOAT16;FLOAT16;FLOAT16;FLOAT16;FLOAT16;FLOAT16;FLOAT16;FLOAT16;FLOAT16;FLOAT16;FLOAT16;FLOAT16;FLOAT16;FLOAT16;FLOAT16;FLOAT16;FLOAT16;FLOAT16;FLOAT16;FLOAT16;FLOAT16;FLOAT16;FLOAT16;FLOAT16;FLOAT16;FLOAT16;FLOAT16;FLOAT16,ND;ND;ND;ND;ND;ND;ND;ND;ND;ND;ND;ND;ND;ND;ND;ND;ND;ND;ND;ND;ND;ND;ND;ND;ND;ND;ND;ND;ND;ND;ND;ND;ND;ND;ND;ND;ND;ND;ND;ND;ND;ND;ND;ND;ND;ND;ND;ND;ND;ND;ND;ND;ND;ND;ND;ND;ND;ND;ND;ND;ND;ND;ND;ND,"""64,98448""",FLOAT16,ND,N/A,0.0,0,0.0,0.0,0.0,0.0,0.0,0.0,0.0,0.0,0.0,0.0,0.0,35.046,2313027,0.017,0.0,7.579,0.216,20.155,0.575,11.205,0.32,0.0,0.000
0,4294967295,114,47,aclnnMul_MulAiCore_Mul,Mul,dynamic,AI_VECTOR_CORE,1785697972891784.985	,332.726,0.119000,40,0,NO,"""4096,4096;4096,4096""",FLOAT;FLOAT,ND;ND,"""4096,4096""",FLOAT,ND,N/A,0.0,0,0.0,0.0,0.0,0.0,0.0,0.0,0.0,0.0,0.0,0.0,0.0,330.746,21829259,6.784,0.021,3.025,0.009,329.153,0.995,113.286,0.343,0.0,0.000
0,4294967295,115,47,Concat,Concat,dynamic,AI_VECTOR_CORE,1785697972892117.731	,40.901,0.024000,40,0,NO,"""64,16;64,32;64,64;64,128;64,256;64,512;64,1024;64,2048;64,4096;64,8192;64,16;64,32;64,64;64,128;64,256;64,512;64,1024;64,2048;64,4096;64,8192;64,16;64,32;64,64;64,128;64,256;64,512;64,1024;64,2048;64,4096;64,8192;64,16;64,32;64,64;64,128;64,256;64,512;64,1024;64,2048;64,4096;64,8192;64,16;64,32;64,64;64,128;64,256;64,512;64,1024;64,2048;64,4096;64,8192;64,16;64,32;64,64;64,128;64,256;64,512;64,1024;64,2048;64,4096;64,8192;64,16;64,32;64,64;64,128""",FLOAT16;FLOAT16;FLOAT16;FLOAT16;FLOAT16;FLOAT16;FLOAT16;FLOAT16;FLOAT16;FLOAT16;FLOAT16;FLOAT16;FLOAT16;FLOAT16;FLOAT16;FLOAT16;FLOAT16;FLOAT16;FLOAT16;FLOAT16;FLOAT16;FLOAT16;FLOAT16;FLOAT16;FLOAT16;FLOAT16;FLOAT16;FLOAT16;FLOAT16;FLOAT16;FLOAT16;FLOAT16;FLOAT16;FLOAT16;FLOAT16;FLOAT16;FLOAT16;FLOAT16;FLOAT16;FLOAT16;FLOAT16;FLOAT16;FLOAT16;FLOAT16;FLOAT16;FLOAT16;FLOAT16;FLOAT16;FLOAT16;FLOAT16;FLOAT16;FLOAT16;FLOAT16;FLOAT16;FLOAT16;FLOAT16;FLOAT16;FLOAT16;FLOAT16;FLOAT16;FLOAT16;FLOAT16;FLOAT16;FLOAT16,ND;ND;ND;ND;ND;ND;ND;ND;ND;ND;ND;ND;ND;ND;ND;ND;ND;ND;ND;ND;ND;ND;ND;ND;ND;ND;ND;ND;ND;ND;ND;ND;ND;ND;ND;ND;ND;ND;ND;ND;ND;ND;ND;ND;ND;ND;ND;ND;ND;ND;ND;ND;ND;ND;ND;ND;ND;ND;ND;ND;ND;ND;ND;ND,"""64,98448""",FLOAT16,ND,N/A,0.0,0,0.0,0.0,0.0,0.0,0.0,0.0,0.0,0.0,0.0,0.0,0.0,37.054,2445583,0.017,0.0,6.488,0.175,21.654,0.584,11.774,0.318,0.0,0.000
0,4294967295,116,47,aclnnMul_MulAiCore_Mul,Mul,dynamic,AI_VECTOR_CORE,1785697972892158.672	,333.387,0.099000,40,0,NO,"""4096,4096;4096,4096""",FLOAT;FLOAT,ND;ND,"""4096,4096""",FLOAT,ND,N/A,0.0,0,0.0,0.0,0.0,0.0,0.0,0.0,0.0,0.0,0.0,0.0,0.0,331.074,21850851,6.784,0.02,2.94,0.009,329.589,0.996,111.78,0.338,0.0,0.000
0,4294967295,117,47,Concat,Concat,dynamic,AI_VECTOR_CORE,1785697972892492.079	,40.060,0.000000,40,0,NO,"""64,16;64,32;64,64;64,128;64,256;64,512;64,1024;64,2048;64,4096;64,8192;64,16;64,32;64,64;64,128;64,256;64,512;64,1024;64,2048;64,4096;64,8192;64,16;64,32;64,64;64,128;64,256;64,512;64,1024;64,2048;64,4096;64,8192;64,16;64,32;64,64;64,128;64,256;64,512;64,1024;64,2048;64,4096;64,8192;64,16;64,32;64,64;64,128;64,256;64,512;64,1024;64,2048;64,4096;64,8192;64,16;64,32;64,64;64,128;64,256;64,512;64,1024;64,2048;64,4096;64,8192;64,16;64,32;64,64;64,128""",FLOAT16;FLOAT16;FLOAT16;FLOAT16;FLOAT16;FLOAT16;FLOAT16;FLOAT16;FLOAT16;FLOAT16;FLOAT16;FLOAT16;FLOAT16;FLOAT16;FLOAT16;FLOAT16;FLOAT16;FLOAT16;FLOAT16;FLOAT16;FLOAT16;FLOAT16;FLOAT16;FLOAT16;FLOAT16;FLOAT16;FLOAT16;FLOAT16;FLOAT16;FLOAT16;FLOAT16;FLOAT16;FLOAT16;FLOAT16;FLOAT16;FLOAT16;FLOAT16;FLOAT16;FLOAT16;FLOAT16;FLOAT16;FLOAT16;FLOAT16;FLOAT16;FLOAT16;FLOAT16;FLOAT16;FLOAT16;FLOAT16;FLOAT16;FLOAT16;FLOAT16;FLOAT16;FLOAT16;FLOAT16;FLOAT16;FLOAT16;FLOAT16;FLOAT16;FLOAT16;FLOAT16;FLOAT16;FLOAT16;FLOAT16,ND;ND;ND;ND;ND;ND;ND;ND;ND;ND;ND;ND;ND;ND;ND;ND;ND;ND;ND;ND;ND;ND;ND;ND;ND;ND;ND;ND;ND;ND;ND;ND;ND;ND;ND;ND;ND;ND;ND;ND;ND;ND;ND;ND;ND;ND;ND;ND;ND;ND;ND;ND;ND;ND;ND;ND;ND;ND;ND;ND;ND;ND;ND;ND,"""64,98448""",FLOAT16,ND,N/A,0.0,0,0.0,0.0,0.0,0.0,0.0,0.0,0.0,0.0,0.0,0.0,0.0,36.679,2420845,0.017,0.0,7.661,0.209,21.0,0.573,11.787,0.321,0.0,0.000
0,4294967295,118,47,aclnnMul_MulAiCore_Mul,Mul,dynamic,AI_VECTOR_CORE,1785697972892532.159	,333.307,0.190000,40,0,NO,"""4096,4096;4096,4096""",FLOAT;FLOAT,ND;ND,"""4096,4096""",FLOAT,ND,N/A,0.0,0,0.0,0.0,0.0,0.0,0.0,0.0,0.0,0.0,0.0,0.0,0.0,331.424,21873984,6.784,0.02,3.024,0.009,329.878,0.995,111.078,0.335,0.0,0.000
0,4294967295,119,47,Concat,Concat,dynamic,AI_VECTOR_CORE,1785697972892865.486	,40.461,0.000000,40,0,NO,"""64,16;64,32;64,64;64,128;64,256;64,512;64,1024;64,2048;64,4096;64,8192;64,16;64,32;64,64;64,128;64,256;64,512;64,1024;64,2048;64,4096;64,8192;64,16;64,32;64,64;64,128;64,256;64,512;64,1024;64,2048;64,4096;64,8192;64,16;64,32;64,64;64,128;64,256;64,512;64,1024;64,2048;64,4096;64,8192;64,16;64,32;64,64;64,128;64,256;64,512;64,1024;64,2048;64,4096;64,8192;64,16;64,32;64,64;64,128;64,256;64,512;64,1024;64,2048;64,4096;64,8192;64,16;64,32;64,64;64,128""",FLOAT16;FLOAT16;FLOAT16;FLOAT16;FLOAT16;FLOAT16;FLOAT16;FLOAT16;FLOAT16;FLOAT16;FLOAT16;FLOAT16;FLOAT16;FLOAT16;FLOAT16;FLOAT16;FLOAT16;FLOAT16;FLOAT16;FLOAT16;FLOAT16;FLOAT16;FLOAT16;FLOAT16;FLOAT16;FLOAT16;FLOAT16;FLOAT16;FLOAT16;FLOAT16;FLOAT16;FLOAT16;FLOAT16;FLOAT16;FLOAT16;FLOAT16;FLOAT16;FLOAT16;FLOAT16;FLOAT16;FLOAT16;FLOAT16;FLOAT16;FLOAT16;FLOAT16;FLOAT16;FLOAT16;FLOAT16;FLOAT16;FLOAT16;FLOAT16;FLOAT16;FLOAT16;FLOAT16;FLOAT16;FLOAT16;FLOAT16;FLOAT16;FLOAT16;FLOAT16;FLOAT16;FLOAT16;FLOAT16;FLOAT16,ND;ND;ND;ND;ND;ND;ND;ND;ND;ND;ND;ND;ND;ND;ND;ND;ND;ND;ND;ND;ND;ND;ND;ND;ND;ND;ND;ND;ND;ND;ND;ND;ND;ND;ND;ND;ND;ND;ND;ND;ND;ND;ND;ND;ND;ND;ND;ND;ND;ND;ND;ND;ND;ND;ND;ND;ND;ND;ND;ND;ND;ND;ND;ND,"""64,98448""",FLOAT16,ND,N/A,0.0,0,0.0,0.0,0.0,0.0,0.0,0.0,0.0,0.0,0.0,0.0,0.0,36.29,2395168,0.017,0.0,6.998,0.193,21.342,0.588,11.224,0.309,0.0,0.000
0,4294967295,120,47,aclnnMul_MulAiCore_Mul,Mul,dynamic,AI_VECTOR_CORE,1785697972892905.967	,333.607,0.039000,40,0,NO,"""4096,4096;4096,4096""",FLOAT;FLOAT,ND;ND,"""4096,4096""",FLOAT,ND,N/A,0.0,0,0.0,0.0,0.0,0.0,0.0,0.0,0.0,0.0,0.0,0.0,0.0,331.323,21867350,6.784,0.02,2.997,0.009,329.807,0.995,112.542,0.34,0.0,0.000
0,4294967295,121,47,Concat,Concat,dynamic,AI_VECTOR_CORE,1785697972893239.594	,40.100,0.000000,40,0,NO,"""64,16;64,32;64,64;64,128;64,256;64,512;64,1024;64,2048;64,4096;64,8192;64,16;64,32;64,64;64,128;64,256;64,512;64,1024;64,2048;64,4096;64,8192;64,16;64,32;64,64;64,128;64,256;64,512;64,1024;64,2048;64,4096;64,8192;64,16;64,32;64,64;64,128;64,256;64,512;64,1024;64,2048;64,4096;64,8192;64,16;64,32;64,64;64,128;64,256;64,512;64,1024;64,2048;64,4096;64,8192;64,16;64,32;64,64;64,128;64,256;64,512;64,1024;64,2048;64,4096;64,8192;64,16;64,32;64,64;64,128""",FLOAT16;FLOAT16;FLOAT16;FLOAT16;FLOAT16;FLOAT16;FLOAT16;FLOAT16;FLOAT16;FLOAT16;FLOAT16;FLOAT16;FLOAT16;FLOAT16;FLOAT16;FLOAT16;FLOAT16;FLOAT16;FLOAT16;FLOAT16;FLOAT16;FLOAT16;FLOAT16;FLOAT16;FLOAT16;FLOAT16;FLOAT16;FLOAT16;FLOAT16;FLOAT16;FLOAT16;FLOAT16;FLOAT16;FLOAT16;FLOAT16;FLOAT16;FLOAT16;FLOAT16;FLOAT16;FLOAT16;FLOAT16;FLOAT16;FLOAT16;FLOAT16;FLOAT16;FLOAT16;FLOAT16;FLOAT16;FLOAT16;FLOAT16;FLOAT16;FLOAT16;FLOAT16;FLOAT16;FLOAT16;FLOAT16;FLOAT16;FLOAT16;FLOAT16;FLOAT16;FLOAT16;FLOAT16;FLOAT16;FLOAT16,ND;ND;ND;ND;ND;ND;ND;ND;ND;ND;ND;ND;ND;ND;ND;ND;ND;ND;ND;ND;ND;ND;ND;ND;ND;ND;ND;ND;ND;ND;ND;ND;ND;ND;ND;ND;ND;ND;ND;ND;ND;ND;ND;ND;ND;ND;ND;ND;ND;ND;ND;ND;ND;ND;ND;ND;ND;ND;ND;ND;ND;ND;ND;ND,"""64,98448""",FLOAT16,ND,N/A,0.0,0,0.0,0.0,0.0,0.0,0.0,0.0,0.0,0.0,0.0,0.0,0.0,36.169,2387123,0.017,0.0,7.106,0.196,21.019,0.581,11.401,0.315,0.0,0.000
0,4294967295,122,47,aclnnMul_MulAiCore_Mul,Mul,dynamic,AI_VECTOR_CORE,1785697972893279.714	,333.027,0.150000,40,0,NO,"""4096,4096;4096,4096""",FLOAT;FLOAT,ND;ND,"""4096,4096""",FLOAT,ND,N/A,0.0,0,0.0,0.0,0.0,0.0,0.0,0.0,0.0,0.0,0.0,0.0,0.0,330.899,21839329,6.784,0.021,3.142,0.009,329.204,0.995,111.942,0.338,0.0,0.000
0,4294967295,123,47,Concat,Concat,dynamic,AI_VECTOR_CORE,1785697972893612.761	,41.821,0.000000,40,0,NO,"""64,16;64,32;64,64;64,128;64,256;64,512;64,1024;64,2048;64,4096;64,8192;64,16;64,32;64,64;64,128;64,256;64,512;64,1024;64,2048;64,4096;64,8192;64,16;64,32;64,64;64,128;64,256;64,512;64,1024;64,2048;64,4096;64,8192;64,16;64,32;64,64;64,128;64,256;64,512;64,1024;64,2048;64,4096;64,8192;64,16;64,32;64,64;64,128;64,256;64,512;64,1024;64,2048;64,4096;64,8192;64,16;64,32;64,64;64,128;64,256;64,512;64,1024;64,2048;64,4096;64,8192;64,16;64,32;64,64;64,128""",FLOAT16;FLOAT16;FLOAT16;FLOAT16;FLOAT16;FLOAT16;FLOAT16;FLOAT16;FLOAT16;FLOAT16;FLOAT16;FLOAT16;FLOAT16;FLOAT16;FLOAT16;FLOAT16;FLOAT16;FLOAT16;FLOAT16;FLOAT16;FLOAT16;FLOAT16;FLOAT16;FLOAT16;FLOAT16;FLOAT16;FLOAT16;FLOAT16;FLOAT16;FLOAT16;FLOAT16;FLOAT16;FLOAT16;FLOAT16;FLOAT16;FLOAT16;FLOAT16;FLOAT16;FLOAT16;FLOAT16;FLOAT16;FLOAT16;FLOAT16;FLOAT16;FLOAT16;FLOAT16;FLOAT16;FLOAT16;FLOAT16;FLOAT16;FLOAT16;FLOAT16;FLOAT16;FLOAT16;FLOAT16;FLOAT16;FLOAT16;FLOAT16;FLOAT16;FLOAT16;FLOAT16;FLOAT16;FLOAT16;FLOAT16,ND;ND;ND;ND;ND;ND;ND;ND;ND;ND;ND;ND;ND;ND;ND;ND;ND;ND;ND;ND;ND;ND;ND;ND;ND;ND;ND;ND;ND;ND;ND;ND;ND;ND;ND;ND;ND;ND;ND;ND;ND;ND;ND;ND;ND;ND;ND;ND;ND;ND;ND;ND;ND;ND;ND;ND;ND;ND;ND;ND;ND;ND;ND;ND,"""64,98448""",FLOAT16,ND,N/A,0.0,0,0.0,0.0,0.0,0.0,0.0,0.0,0.0,0.0,0.0,0.0,0.0,39.182,2586012,0.017,0.0,8.981,0.229,22.48,0.574,11.721,0.299,0.0,0.000
0,4294967295,124,47,aclnnMul_MulAiCore_Mul,Mul,dynamic,AI_VECTOR_CORE,1785697972893654.602	,333.027,0.000000,40,0,NO,"""4096,4096;4096,4096""",FLOAT;FLOAT,ND;ND,"""4096,4096""",FLOAT,ND,N/A,0.0,0,0.0,0.0,0.0,0.0,0.0,0.0,0.0,0.0,0.0,0.0,0.0,330.963,21843567,6.784,0.02,3.045,0.009,329.414,0.995,111.023,0.335,0.0,0.000
0,4294967295,125,47,Concat,Concat,dynamic,AI_VECTOR_CORE,1785697972893987.649	,41.060,0.223000,40,0,NO,"""64,16;64,32;64,64;64,128;64,256;64,512;64,1024;64,2048;64,4096;64,8192;64,16;64,32;64,64;64,128;64,256;64,512;64,1024;64,2048;64,4096;64,8192;64,16;64,32;64,64;64,128;64,256;64,512;64,1024;64,2048;64,4096;64,8192;64,16;64,32;64,64;64,128;64,256;64,512;64,1024;64,2048;64,4096;64,8192;64,16;64,32;64,64;64,128;64,256;64,512;64,1024;64,2048;64,4096;64,8192;64,16;64,32;64,64;64,128;64,256;64,512;64,1024;64,2048;64,4096;64,8192;64,16;64,32;64,64;64,128""",FLOAT16;FLOAT16;FLOAT16;FLOAT16;FLOAT16;FLOAT16;FLOAT16;FLOAT16;FLOAT16;FLOAT16;FLOAT16;FLOAT16;FLOAT16;FLOAT16;FLOAT16;FLOAT16;FLOAT16;FLOAT16;FLOAT16;FLOAT16;FLOAT16;FLOAT16;FLOAT16;FLOAT16;FLOAT16;FLOAT16;FLOAT16;FLOAT16;FLOAT16;FLOAT16;FLOAT16;FLOAT16;FLOAT16;FLOAT16;FLOAT16;FLOAT16;FLOAT16;FLOAT16;FLOAT16;FLOAT16;FLOAT16;FLOAT16;FLOAT16;FLOAT16;FLOAT16;FLOAT16;FLOAT16;FLOAT16;FLOAT16;FLOAT16;FLOAT16;FLOAT16;FLOAT16;FLOAT16;FLOAT16;FLOAT16;FLOAT16;FLOAT16;FLOAT16;FLOAT16;FLOAT16;FLOAT16;FLOAT16;FLOAT16,ND;ND;ND;ND;ND;ND;ND;ND;ND;ND;ND;ND;ND;ND;ND;ND;ND;ND;ND;ND;ND;ND;ND;ND;ND;ND;ND;ND;ND;ND;ND;ND;ND;ND;ND;ND;ND;ND;ND;ND;ND;ND;ND;ND;ND;ND;ND;ND;ND;ND;ND;ND;ND;ND;ND;ND;ND;ND;ND;ND;ND;ND;ND;ND,"""64,98448""",FLOAT16,ND,N/A,0.0,0,0.0,0.0,0.0,0.0,0.0,0.0,0.0,0.0,0.0,0.0,0.0,37.784,2493760,0.017,0.0,8.488,0.225,21.562,0.571,11.819,0.313,0.0,0.000
0,4294967295,126,47,aclnnMul_MulAiCore_Mul,Mul,dynamic,AI_VECTOR_CORE,1785697972894028.729	,332.747,0.000000,40,0,NO,"""4096,4096;4096,4096""",FLOAT;FLOAT,ND;ND,"""4096,4096""",FLOAT,ND,N/A,0.0,0,0.0,0.0,0.0,0.0,0.0,0.0,0.0,0.0,0.0,0.0,0.0,330.527,21814785,6.784,0.021,3.197,0.01,328.796,0.995,112.451,0.34,0.0,0.000
0,4294967295,127,47,Concat,Concat,dynamic,AI_VECTOR_CORE,1785697972894361.496	,39.721,0.003000,40,0,NO,"""64,16;64,32;64,64;64,128;64,256;64,512;64,1024;64,2048;64,4096;64,8192;64,16;64,32;64,64;64,128;64,256;64,512;64,1024;64,2048;64,4096;64,8192;64,16;64,32;64,64;64,128;64,256;64,512;64,1024;64,2048;64,4096;64,8192;64,16;64,32;64,64;64,128;64,256;64,512;64,1024;64,2048;64,4096;64,8192;64,16;64,32;64,64;64,128;64,256;64,512;64,1024;64,2048;64,4096;64,8192;64,16;64,32;64,64;64,128;64,256;64,512;64,1024;64,2048;64,4096;64,8192;64,16;64,32;64,64;64,128""",FLOAT16;FLOAT16;FLOAT16;FLOAT16;FLOAT16;FLOAT16;FLOAT16;FLOAT16;FLOAT16;FLOAT16;FLOAT16;FLOAT16;FLOAT16;FLOAT16;FLOAT16;FLOAT16;FLOAT16;FLOAT16;FLOAT16;FLOAT16;FLOAT16;FLOAT16;FLOAT16;FLOAT16;FLOAT16;FLOAT16;FLOAT16;FLOAT16;FLOAT16;FLOAT16;FLOAT16;FLOAT16;FLOAT16;FLOAT16;FLOAT16;FLOAT16;FLOAT16;FLOAT16;FLOAT16;FLOAT16;FLOAT16;FLOAT16;FLOAT16;FLOAT16;FLOAT16;FLOAT16;FLOAT16;FLOAT16;FLOAT16;FLOAT16;FLOAT16;FLOAT16;FLOAT16;FLOAT16;FLOAT16;FLOAT16;FLOAT16;FLOAT16;FLOAT16;FLOAT16;FLOAT16;FLOAT16;FLOAT16;FLOAT16,ND;ND;ND;ND;ND;ND;ND;ND;ND;ND;ND;ND;ND;ND;ND;ND;ND;ND;ND;ND;ND;ND;ND;ND;ND;ND;ND;ND;ND;ND;ND;ND;ND;ND;ND;ND;ND;ND;ND;ND;ND;ND;ND;ND;ND;ND;ND;ND;ND;ND;ND;ND;ND;ND;ND;ND;ND;ND;ND;ND;ND;ND;ND;ND,"""64,98448""",FLOAT16,ND,N/A,0.0,0,0.0,0.0,0.0,0.0,0.0,0.0,0.0,0.0,0.0,0.0,0.0,35.792,2362252,0.017,0.0,7.758,0.217,20.748,0.58,11.385,0.318,0.0,0.000
0,4294967295,128,47,aclnnMul_MulAiCore_Mul,Mul,dynamic,AI_VECTOR_CORE,1785697972894401.237	,333.686,0.029000,40,0,NO,"""4096,4096;4096,4096""",FLOAT;FLOAT,ND;ND,"""4096,4096""",FLOAT,ND,N/A,0.0,0,0.0,0.0,0.0,0.0,0.0,0.0,0.0,0.0,0.0,0.0,0.0,331.093,21852145,6.784,0.02,3.011,0.009,329.552,0.995,113.764,0.344,0.0,0.000
0,4294967295,129,47,Concat,Concat,dynamic,AI_VECTOR_CORE,1785697972894734.943	,40.421,0.064000,40,0,NO,"""64,16;64,32;64,64;64,128;64,256;64,512;64,1024;64,2048;64,4096;64,8192;64,16;64,32;64,64;64,128;64,256;64,512;64,1024;64,2048;64,4096;64,8192;64,16;64,32;64,64;64,128;64,256;64,512;64,1024;64,2048;64,4096;64,8192;64,16;64,32;64,64;64,128;64,256;64,512;64,1024;64,2048;64,4096;64,8192;64,16;64,32;64,64;64,128;64,256;64,512;64,1024;64,2048;64,4096;64,8192;64,16;64,32;64,64;64,128;64,256;64,512;64,1024;64,2048;64,4096;64,8192;64,16;64,32;64,64;64,128""",FLOAT16;FLOAT16;FLOAT16;FLOAT16;FLOAT16;FLOAT16;FLOAT16;FLOAT16;FLOAT16;FLOAT16;FLOAT16;FLOAT16;FLOAT16;FLOAT16;FLOAT16;FLOAT16;FLOAT16;FLOAT16;FLOAT16;FLOAT16;FLOAT16;FLOAT16;FLOAT16;FLOAT16;FLOAT16;FLOAT16;FLOAT16;FLOAT16;FLOAT16;FLOAT16;FLOAT16;FLOAT16;FLOAT16;FLOAT16;FLOAT16;FLOAT16;FLOAT16;FLOAT16;FLOAT16;FLOAT16;FLOAT16;FLOAT16;FLOAT16;FLOAT16;FLOAT16;FLOAT16;FLOAT16;FLOAT16;FLOAT16;FLOAT16;FLOAT16;FLOAT16;FLOAT16;FLOAT16;FLOAT16;FLOAT16;FLOAT16;FLOAT16;FLOAT16;FLOAT16;FLOAT16;FLOAT16;FLOAT16;FLOAT16,ND;ND;ND;ND;ND;ND;ND;ND;ND;ND;ND;ND;ND;ND;ND;ND;ND;ND;ND;ND;ND;ND;ND;ND;ND;ND;ND;ND;ND;ND;ND;ND;ND;ND;ND;ND;ND;ND;ND;ND;ND;ND;ND;ND;ND;ND;ND;ND;ND;ND;ND;ND;ND;ND;ND;ND;ND;ND;ND;ND;ND;ND;ND;ND,"""64,98448""",FLOAT16,ND,N/A,0.0,0,0.0,0.0,0.0,0.0,0.0,0.0,0.0,0.0,0.0,0.0,0.0,36.896,2435163,0.017,0.0,7.401,0.201,21.04,0.57,11.992,0.325,0.0,0.000
0,4294967295,130,47,aclnnMul_MulAiCore_Mul,Mul,dynamic,AI_VECTOR_CORE,1785697972894775.384	,332.527,0.079000,40,0,NO,"""4096,4096;4096,4096""",FLOAT;FLOAT,ND;ND,"""4096,4096""",FLOAT,ND,N/A,0.0,0,0.0,0.0,0.0,0.0,0.0,0.0,0.0,0.0,0.0,0.0,0.0,330.461,21810435,6.784,0.021,3.163,0.01,328.775,0.995,113.093,0.342,0.0,0.000
0,4294967295,131,47,Concat,Concat,dynamic,AI_VECTOR_CORE,1785697972895107.931	,40.901,0.000000,40,0,NO,"""64,16;64,32;64,64;64,128;64,256;64,512;64,1024;64,2048;64,4096;64,8192;64,16;64,32;64,64;64,128;64,256;64,512;64,1024;64,2048;64,4096;64,8192;64,16;64,32;64,64;64,128;64,256;64,512;64,1024;64,2048;64,4096;64,8192;64,16;64,32;64,64;64,128;64,256;64,512;64,1024;64,2048;64,4096;64,8192;64,16;64,32;64,64;64,128;64,256;64,512;64,1024;64,2048;64,4096;64,8192;64,16;64,32;64,64;64,128;64,256;64,512;64,1024;64,2048;64,4096;64,8192;64,16;64,32;64,64;64,128""",FLOAT16;FLOAT16;FLOAT16;FLOAT16;FLOAT16;FLOAT16;FLOAT16;FLOAT16;FLOAT16;FLOAT16;FLOAT16;FLOAT16;FLOAT16;FLOAT16;FLOAT16;FLOAT16;FLOAT16;FLOAT16;FLOAT16;FLOAT16;FLOAT16;FLOAT16;FLOAT16;FLOAT16;FLOAT16;FLOAT16;FLOAT16;FLOAT16;FLOAT16;FLOAT16;FLOAT16;FLOAT16;FLOAT16;FLOAT16;FLOAT16;FLOAT16;FLOAT16;FLOAT16;FLOAT16;FLOAT16;FLOAT16;FLOAT16;FLOAT16;FLOAT16;FLOAT16;FLOAT16;FLOAT16;FLOAT16;FLOAT16;FLOAT16;FLOAT16;FLOAT16;FLOAT16;FLOAT16;FLOAT16;FLOAT16;FLOAT16;FLOAT16;FLOAT16;FLOAT16;FLOAT16;FLOAT16;FLOAT16;FLOAT16,ND;ND;ND;ND;ND;ND;ND;ND;ND;ND;ND;ND;ND;ND;ND;ND;ND;ND;ND;ND;ND;ND;ND;ND;ND;ND;ND;ND;ND;ND;ND;ND;ND;ND;ND;ND;ND;ND;ND;ND;ND;ND;ND;ND;ND;ND;ND;ND;ND;ND;ND;ND;ND;ND;ND;ND;ND;ND;ND;ND;ND;ND;ND;ND,"""64,98448""",FLOAT16,ND,N/A,0.0,0,0.0,0.0,0.0,0.0,0.0,0.0,0.0,0.0,0.0,0.0,0.0,36.732,2424336,0.017,0.0,7.038,0.192,21.573,0.587,11.362,0.309,0.0,0.000
0,4294967295,132,47,aclnnMul_MulAiCore_Mul,Mul,dynamic,AI_VECTOR_CORE,1785697972895148.852	,332.626,0.000000,40,0,NO,"""4096,4096;4096,4096""",FLOAT;FLOAT,ND;ND,"""4096,4096""",FLOAT,ND,N/A,0.0,0,0.0,0.0,0.0,0.0,0.0,0.0,0.0,0.0,0.0,0.0,0.0,330.255,21796822,6.784,0.021,2.995,0.009,328.689,0.995,110.521,0.335,0.0,0.000
0,4294967295,133,47,Concat,Concat,dynamic,AI_VECTOR_CORE,1785697972895481.498	,39.761,0.124000,40,0,NO,"""64,16;64,32;64,64;64,128;64,256;64,512;64,1024;64,2048;64,4096;64,8192;64,16;64,32;64,64;64,128;64,256;64,512;64,1024;64,2048;64,4096;64,8192;64,16;64,32;64,64;64,128;64,256;64,512;64,1024;64,2048;64,4096;64,8192;64,16;64,32;64,64;64,128;64,256;64,512;64,1024;64,2048;64,4096;64,8192;64,16;64,32;64,64;64,128;64,256;64,512;64,1024;64,2048;64,4096;64,8192;64,16;64,32;64,64;64,128;64,256;64,512;64,1024;64,2048;64,4096;64,8192;64,16;64,32;64,64;64,128""",FLOAT16;FLOAT16;FLOAT16;FLOAT16;FLOAT16;FLOAT16;FLOAT16;FLOAT16;FLOAT16;FLOAT16;FLOAT16;FLOAT16;FLOAT16;FLOAT16;FLOAT16;FLOAT16;FLOAT16;FLOAT16;FLOAT16;FLOAT16;FLOAT16;FLOAT16;FLOAT16;FLOAT16;FLOAT16;FLOAT16;FLOAT16;FLOAT16;FLOAT16;FLOAT16;FLOAT16;FLOAT16;FLOAT16;FLOAT16;FLOAT16;FLOAT16;FLOAT16;FLOAT16;FLOAT16;FLOAT16;FLOAT16;FLOAT16;FLOAT16;FLOAT16;FLOAT16;FLOAT16;FLOAT16;FLOAT16;FLOAT16;FLOAT16;FLOAT16;FLOAT16;FLOAT16;FLOAT16;FLOAT16;FLOAT16;FLOAT16;FLOAT16;FLOAT16;FLOAT16;FLOAT16;FLOAT16;FLOAT16;FLOAT16,ND;ND;ND;ND;ND;ND;ND;ND;ND;ND;ND;ND;ND;ND;ND;ND;ND;ND;ND;ND;ND;ND;ND;ND;ND;ND;ND;ND;ND;ND;ND;ND;ND;ND;ND;ND;ND;ND;ND;ND;ND;ND;ND;ND;ND;ND;ND;ND;ND;ND;ND;ND;ND;ND;ND;ND;ND;ND;ND;ND;ND;ND;ND;ND,"""64,98448""",FLOAT16,ND,N/A,0.0,0,0.0,0.0,0.0,0.0,0.0,0.0,0.0,0.0,0.0,0.0,0.0,36.534,2411211,0.017,0.0,8.023,0.22,20.946,0.573,11.718,0.321,0.0,0.000
0,4294967295,134,47,aclnnMul_MulAiCore_Mul,Mul,dynamic,AI_VECTOR_CORE,1785697972895521.279	,333.267,0.000000,40,0,NO,"""4096,4096;4096,4096""",FLOAT;FLOAT,ND;ND,"""4096,4096""",FLOAT,ND,N/A,0.0,0,0.0,0.0,0.0,0.0,0.0,0.0,0.0,0.0,0.0,0.0,0.0,331.113,21853436,6.784,0.02,3.307,0.01,329.274,0.994,112.388,0.339,0.0,0.000
0,4294967295,135,47,Concat,Concat,dynamic,AI_VECTOR_CORE,1785697972895854.566	,40.021,0.000000,40,0,NO,"""64,16;64,32;64,64;64,128;64,256;64,512;64,1024;64,2048;64,4096;64,8192;64,16;64,32;64,64;64,128;64,256;64,512;64,1024;64,2048;64,4096;64,8192;64,16;64,32;64,64;64,128;64,256;64,512;64,1024;64,2048;64,4096;64,8192;64,16;64,32;64,64;64,128;64,256;64,512;64,1024;64,2048;64,4096;64,8192;64,16;64,32;64,64;64,128;64,256;64,512;64,1024;64,2048;64,4096;64,8192;64,16;64,32;64,64;64,128;64,256;64,512;64,1024;64,2048;64,4096;64,8192;64,16;64,32;64,64;64,128""",FLOAT16;FLOAT16;FLOAT16;FLOAT16;FLOAT16;FLOAT16;FLOAT16;FLOAT16;FLOAT16;FLOAT16;FLOAT16;FLOAT16;FLOAT16;FLOAT16;FLOAT16;FLOAT16;FLOAT16;FLOAT16;FLOAT16;FLOAT16;FLOAT16;FLOAT16;FLOAT16;FLOAT16;FLOAT16;FLOAT16;FLOAT16;FLOAT16;FLOAT16;FLOAT16;FLOAT16;FLOAT16;FLOAT16;FLOAT16;FLOAT16;FLOAT16;FLOAT16;FLOAT16;FLOAT16;FLOAT16;FLOAT16;FLOAT16;FLOAT16;FLOAT16;FLOAT16;FLOAT16;FLOAT16;FLOAT16;FLOAT16;FLOAT16;FLOAT16;FLOAT16;FLOAT16;FLOAT16;FLOAT16;FLOAT16;FLOAT16;FLOAT16;FLOAT16;FLOAT16;FLOAT16;FLOAT16;FLOAT16;FLOAT16,ND;ND;ND;ND;ND;ND;ND;ND;ND;ND;ND;ND;ND;ND;ND;ND;ND;ND;ND;ND;ND;ND;ND;ND;ND;ND;ND;ND;ND;ND;ND;ND;ND;ND;ND;ND;ND;ND;ND;ND;ND;ND;ND;ND;ND;ND;ND;ND;ND;ND;ND;ND;ND;ND;ND;ND;ND;ND;ND;ND;ND;ND;ND;ND,"""64,98448""",FLOAT16,ND,N/A,0.0,0,0.0,0.0,0.0,0.0,0.0,0.0,0.0,0.0,0.0,0.0,0.0,37.101,2448663,0.017,0.0,7.418,0.2,21.368,0.576,11.588,0.312,0.0,0.000
0,4294967295,136,47,aclnnMul_MulAiCore_Mul,Mul,dynamic,AI_VECTOR_CORE,1785697972895894.607	,332.846,0.000000,40,0,NO,"""4096,4096;4096,4096""",FLOAT;FLOAT,ND;ND,"""4096,4096""",FLOAT,ND,N/A,0.0,0,0.0,0.0,0.0,0.0,0.0,0.0,0.0,0.0,0.0,0.0,0.0,330.471,21811098,6.784,0.021,2.936,0.009,328.995,0.996,111.184,0.336,0.0,0.000
0,4294967295,137,47,Concat,Concat,dynamic,AI_VECTOR_CORE,1785697972896227.473	,40.741,0.154000,40,0,NO,"""64,16;64,32;64,64;64,128;64,256;64,512;64,1024;64,2048;64,4096;64,8192;64,16;64,32;64,64;64,128;64,256;64,512;64,1024;64,2048;64,4096;64,8192;64,16;64,32;64,64;64,128;64,256;64,512;64,1024;64,2048;64,4096;64,8192;64,16;64,32;64,64;64,128;64,256;64,512;64,1024;64,2048;64,4096;64,8192;64,16;64,32;64,64;64,128;64,256;64,512;64,1024;64,2048;64,4096;64,8192;64,16;64,32;64,64;64,128;64,256;64,512;64,1024;64,2048;64,4096;64,8192;64,16;64,32;64,64;64,128""",FLOAT16;FLOAT16;FLOAT16;FLOAT16;FLOAT16;FLOAT16;FLOAT16;FLOAT16;FLOAT16;FLOAT16;FLOAT16;FLOAT16;FLOAT16;FLOAT16;FLOAT16;FLOAT16;FLOAT16;FLOAT16;FLOAT16;FLOAT16;FLOAT16;FLOAT16;FLOAT16;FLOAT16;FLOAT16;FLOAT16;FLOAT16;FLOAT16;FLOAT16;FLOAT16;FLOAT16;FLOAT16;FLOAT16;FLOAT16;FLOAT16;FLOAT16;FLOAT16;FLOAT16;FLOAT16;FLOAT16;FLOAT16;FLOAT16;FLOAT16;FLOAT16;FLOAT16;FLOAT16;FLOAT16;FLOAT16;FLOAT16;FLOAT16;FLOAT16;FLOAT16;FLOAT16;FLOAT16;FLOAT16;FLOAT16;FLOAT16;FLOAT16;FLOAT16;FLOAT16;FLOAT16;FLOAT16;FLOAT16;FLOAT16,ND;ND;ND;ND;ND;ND;ND;ND;ND;ND;ND;ND;ND;ND;ND;ND;ND;ND;ND;ND;ND;ND;ND;ND;ND;ND;ND;ND;ND;ND;ND;ND;ND;ND;ND;ND;ND;ND;ND;ND;ND;ND;ND;ND;ND;ND;ND;ND;ND;ND;ND;ND;ND;ND;ND;ND;ND;ND;ND;ND;ND;ND;ND;ND,"""64,98448""",FLOAT16,ND,N/A,0.0,0,0.0,0.0,0.0,0.0,0.0,0.0,0.0,0.0,0.0,0.0,0.0,37.352,2465230,0.017,0.0,9.496,0.254,21.505,0.576,11.415,0.306,0.0,0.000
0,4294967295,138,47,aclnnMul_MulAiCore_Mul,Mul,dynamic,AI_VECTOR_CORE,1785697972896268.254	,333.227,0.009000,40,0,NO,"""4096,4096;4096,4096""",FLOAT;FLOAT,ND;ND,"""4096,4096""",FLOAT,ND,N/A,0.0,0,0.0,0.0,0.0,0.0,0.0,0.0,0.0,0.0,0.0,0.0,0.0,331.172,21857381,6.784,0.02,3.044,0.009,329.607,0.995,112.593,0.34,0.0,0.000
0,4294967295,139,47,Concat,Concat,dynamic,AI_VECTOR_CORE,1785697972896601.521	,40.161,0.023000,40,0,NO,"""64,16;64,32;64,64;64,128;64,256;64,512;64,1024;64,2048;64,4096;64,8192;64,16;64,32;64,64;64,128;64,256;64,512;64,1024;64,2048;64,4096;64,8192;64,16;64,32;64,64;64,128;64,256;64,512;64,1024;64,2048;64,4096;64,8192;64,16;64,32;64,64;64,128;64,256;64,512;64,1024;64,2048;64,4096;64,8192;64,16;64,32;64,64;64,128;64,256;64,512;64,1024;64,2048;64,4096;64,8192;64,16;64,32;64,64;64,128;64,256;64,512;64,1024;64,2048;64,4096;64,8192;64,16;64,32;64,64;64,128""",FLOAT16;FLOAT16;FLOAT16;FLOAT16;FLOAT16;FLOAT16;FLOAT16;FLOAT16;FLOAT16;FLOAT16;FLOAT16;FLOAT16;FLOAT16;FLOAT16;FLOAT16;FLOAT16;FLOAT16;FLOAT16;FLOAT16;FLOAT16;FLOAT16;FLOAT16;FLOAT16;FLOAT16;FLOAT16;FLOAT16;FLOAT16;FLOAT16;FLOAT16;FLOAT16;FLOAT16;FLOAT16;FLOAT16;FLOAT16;FLOAT16;FLOAT16;FLOAT16;FLOAT16;FLOAT16;FLOAT16;FLOAT16;FLOAT16;FLOAT16;FLOAT16;FLOAT16;FLOAT16;FLOAT16;FLOAT16;FLOAT16;FLOAT16;FLOAT16;FLOAT16;FLOAT16;FLOAT16;FLOAT16;FLOAT16;FLOAT16;FLOAT16;FLOAT16;FLOAT16;FLOAT16;FLOAT16;FLOAT16;FLOAT16,ND;ND;ND;ND;ND;ND;ND;ND;ND;ND;ND;ND;ND;ND;ND;ND;ND;ND;ND;ND;ND;ND;ND;ND;ND;ND;ND;ND;ND;ND;ND;ND;ND;ND;ND;ND;ND;ND;ND;ND;ND;ND;ND;ND;ND;ND;ND;ND;ND;ND;ND;ND;ND;ND;ND;ND;ND;ND;ND;ND;ND;ND;ND;ND,"""64,98448""",FLOAT16,ND,N/A,0.0,0,0.0,0.0,0.0,0.0,0.0,0.0,0.0,0.0,0.0,0.0,0.0,35.9,2369383,0.017,0.0,7.232,0.201,20.477,0.57,11.707,0.326,0.0,0.000
0,4294967295,140,47,aclnnMul_MulAiCore_Mul,Mul,dynamic,AI_VECTOR_CORE,1785697972896641.702	,333.666,0.089000,40,0,NO,"""4096,4096;4096,4096""",FLOAT;FLOAT,ND;ND,"""4096,4096""",FLOAT,ND,N/A,0.0,0,0.0,0.0,0.0,0.0,0.0,0.0,0.0,0.0,0.0,0.0,0.0,331.419,21873646,6.784,0.02,2.932,0.009,329.883,0.995,111.199,0.336,0.0,0.000
0,4294967295,141,47,Concat,Concat,dynamic,AI_VECTOR_CORE,1785697972896975.408	,39.141,0.084000,40,0,NO,"""64,16;64,32;64,64;64,128;64,256;64,512;64,1024;64,2048;64,4096;64,8192;64,16;64,32;64,64;64,128;64,256;64,512;64,1024;64,2048;64,4096;64,8192;64,16;64,32;64,64;64,128;64,256;64,512;64,1024;64,2048;64,4096;64,8192;64,16;64,32;64,64;64,128;64,256;64,512;64,1024;64,2048;64,4096;64,8192;64,16;64,32;64,64;64,128;64,256;64,512;64,1024;64,2048;64,4096;64,8192;64,16;64,32;64,64;64,128;64,256;64,512;64,1024;64,2048;64,4096;64,8192;64,16;64,32;64,64;64,128""",FLOAT16;FLOAT16;FLOAT16;FLOAT16;FLOAT16;FLOAT16;FLOAT16;FLOAT16;FLOAT16;FLOAT16;FLOAT16;FLOAT16;FLOAT16;FLOAT16;FLOAT16;FLOAT16;FLOAT16;FLOAT16;FLOAT16;FLOAT16;FLOAT16;FLOAT16;FLOAT16;FLOAT16;FLOAT16;FLOAT16;FLOAT16;FLOAT16;FLOAT16;FLOAT16;FLOAT16;FLOAT16;FLOAT16;FLOAT16;FLOAT16;FLOAT16;FLOAT16;FLOAT16;FLOAT16;FLOAT16;FLOAT16;FLOAT16;FLOAT16;FLOAT16;FLOAT16;FLOAT16;FLOAT16;FLOAT16;FLOAT16;FLOAT16;FLOAT16;FLOAT16;FLOAT16;FLOAT16;FLOAT16;FLOAT16;FLOAT16;FLOAT16;FLOAT16;FLOAT16;FLOAT16;FLOAT16;FLOAT16;FLOAT16,ND;ND;ND;ND;ND;ND;ND;ND;ND;ND;ND;ND;ND;ND;ND;ND;ND;ND;ND;ND;ND;ND;ND;ND;ND;ND;ND;ND;ND;ND;ND;ND;ND;ND;ND;ND;ND;ND;ND;ND;ND;ND;ND;ND;ND;ND;ND;ND;ND;ND;ND;ND;ND;ND;ND;ND;ND;ND;ND;ND;ND;ND;ND;ND,"""64,98448""",FLOAT16,ND,N/A,0.0,0,0.0,0.0,0.0,0.0,0.0,0.0,0.0,0.0,0.0,0.0,0.0,35.778,2361332,0.017,0.0,7.582,0.212,20.574,0.575,11.534,0.322,0.0,0.000
0,4294967295,142,47,aclnnMul_MulAiCore_Mul,Mul,dynamic,AI_VECTOR_CORE,1785697972897014.569	,332.587,0.000000,40,0,NO,"""4096,4096;4096,4096""",FLOAT;FLOAT,ND;ND,"""4096,4096""",FLOAT,ND,N/A,0.0,0,0.0,0.0,0.0,0.0,0.0,0.0,0.0,0.0,0.0,0.0,0.0,330.579,21818203,6.784,0.021,3.047,0.009,328.999,0.995,109.992,0.333,0.0,0.000
0,4294967295,143,47,Concat,Concat,dynamic,AI_VECTOR_CORE,1785697972897347.196	,39.760,0.163000,40,0,NO,"""64,16;64,32;64,64;64,128;64,256;64,512;64,1024;64,2048;64,4096;64,8192;64,16;64,32;64,64;64,128;64,256;64,512;64,1024;64,2048;64,4096;64,8192;64,16;64,32;64,64;64,128;64,256;64,512;64,1024;64,2048;64,4096;64,8192;64,16;64,32;64,64;64,128;64,256;64,512;64,1024;64,2048;64,4096;64,8192;64,16;64,32;64,64;64,128;64,256;64,512;64,1024;64,2048;64,4096;64,8192;64,16;64,32;64,64;64,128;64,256;64,512;64,1024;64,2048;64,4096;64,8192;64,16;64,32;64,64;64,128""",FLOAT16;FLOAT16;FLOAT16;FLOAT16;FLOAT16;FLOAT16;FLOAT16;FLOAT16;FLOAT16;FLOAT16;FLOAT16;FLOAT16;FLOAT16;FLOAT16;FLOAT16;FLOAT16;FLOAT16;FLOAT16;FLOAT16;FLOAT16;FLOAT16;FLOAT16;FLOAT16;FLOAT16;FLOAT16;FLOAT16;FLOAT16;FLOAT16;FLOAT16;FLOAT16;FLOAT16;FLOAT16;FLOAT16;FLOAT16;FLOAT16;FLOAT16;FLOAT16;FLOAT16;FLOAT16;FLOAT16;FLOAT16;FLOAT16;FLOAT16;FLOAT16;FLOAT16;FLOAT16;FLOAT16;FLOAT16;FLOAT16;FLOAT16;FLOAT16;FLOAT16;FLOAT16;FLOAT16;FLOAT16;FLOAT16;FLOAT16;FLOAT16;FLOAT16;FLOAT16;FLOAT16;FLOAT16;FLOAT16;FLOAT16,ND;ND;ND;ND;ND;ND;ND;ND;ND;ND;ND;ND;ND;ND;ND;ND;ND;ND;ND;ND;ND;ND;ND;ND;ND;ND;ND;ND;ND;ND;ND;ND;ND;ND;ND;ND;ND;ND;ND;ND;ND;ND;ND;ND;ND;ND;ND;ND;ND;ND;ND;ND;ND;ND;ND;ND;ND;ND;ND;ND;ND;ND;ND;ND,"""64,98448""",FLOAT16,ND,N/A,0.0,0,0.0,0.0,0.0,0.0,0.0,0.0,0.0,0.0,0.0,0.0,0.0,35.766,2360539,0.017,0.0,7.552,0.211,20.937,0.585,11.057,0.309,0.0,0.000
0,4294967295,144,47,aclnnMul_MulAiCore_Mul,Mul,dynamic,AI_VECTOR_CORE,1785697972897386.976	,334.227,0.000000,40,0,NO,"""4096,4096;4096,4096""",FLOAT;FLOAT,ND;ND,"""4096,4096""",FLOAT,ND,N/A,0.0,0,0.0,0.0,0.0,0.0,0.0,0.0,0.0,0.0,0.0,0.0,0.0,331.727,21893977,6.784,0.02,3.159,0.01,329.984,0.995,111.627,0.337,0.0,0.000
0,4294967295,145,47,Concat,Concat,dynamic,AI_VECTOR_CORE,1785697972897721.223	,40.781,0.023000,40,0,NO,"""64,16;64,32;64,64;64,128;64,256;64,512;64,1024;64,2048;64,4096;64,8192;64,16;64,32;64,64;64,128;64,256;64,512;64,1024;64,2048;64,4096;64,8192;64,16;64,32;64,64;64,128;64,256;64,512;64,1024;64,2048;64,4096;64,8192;64,16;64,32;64,64;64,128;64,256;64,512;64,1024;64,2048;64,4096;64,8192;64,16;64,32;64,64;64,128;64,256;64,512;64,1024;64,2048;64,4096;64,8192;64,16;64,32;64,64;64,128;64,256;64,512;64,1024;64,2048;64,4096;64,8192;64,16;64,32;64,64;64,128""",FLOAT16;FLOAT16;FLOAT16;FLOAT16;FLOAT16;FLOAT16;FLOAT16;FLOAT16;FLOAT16;FLOAT16;FLOAT16;FLOAT16;FLOAT16;FLOAT16;FLOAT16;FLOAT16;FLOAT16;FLOAT16;FLOAT16;FLOAT16;FLOAT16;FLOAT16;FLOAT16;FLOAT16;FLOAT16;FLOAT16;FLOAT16;FLOAT16;FLOAT16;FLOAT16;FLOAT16;FLOAT16;FLOAT16;FLOAT16;FLOAT16;FLOAT16;FLOAT16;FLOAT16;FLOAT16;FLOAT16;FLOAT16;FLOAT16;FLOAT16;FLOAT16;FLOAT16;FLOAT16;FLOAT16;FLOAT16;FLOAT16;FLOAT16;FLOAT16;FLOAT16;FLOAT16;FLOAT16;FLOAT16;FLOAT16;FLOAT16;FLOAT16;FLOAT16;FLOAT16;FLOAT16;FLOAT16;FLOAT16;FLOAT16,ND;ND;ND;ND;ND;ND;ND;ND;ND;ND;ND;ND;ND;ND;ND;ND;ND;ND;ND;ND;ND;ND;ND;ND;ND;ND;ND;ND;ND;ND;ND;ND;ND;ND;ND;ND;ND;ND;ND;ND;ND;ND;ND;ND;ND;ND;ND;ND;ND;ND;ND;ND;ND;ND;ND;ND;ND;ND;ND;ND;ND;ND;ND;ND,"""64,98448""",FLOAT16,ND,N/A,0.0,0,0.0,0.0,0.0,0.0,0.0,0.0,0.0,0.0,0.0,0.0,0.0,37.463,2472548,0.017,0.0,7.105,0.19,21.663,0.578,11.879,0.317,0.0,0.000
0,4294967295,146,47,aclnnMul_MulAiCore_Mul,Mul,dynamic,AI_VECTOR_CORE,1785697972897762.024	,333.347,0.000000,40,0,NO,"""4096,4096;4096,4096""",FLOAT;FLOAT,ND;ND,"""4096,4096""",FLOAT,ND,N/A,0.0,0,0.0,0.0,0.0,0.0,0.0,0.0,0.0,0.0,0.0,0.0,0.0,331.708,21892736,6.784,0.02,3.025,0.009,330.181,0.995,112.323,0.339,0.0,0.000
0,4294967295,147,47,Concat,Concat,dynamic,AI_VECTOR_CORE,1785697972898095.391	,39.840,0.153000,40,0,NO,"""64,16;64,32;64,64;64,128;64,256;64,512;64,1024;64,2048;64,4096;64,8192;64,16;64,32;64,64;64,128;64,256;64,512;64,1024;64,2048;64,4096;64,8192;64,16;64,32;64,64;64,128;64,256;64,512;64,1024;64,2048;64,4096;64,8192;64,16;64,32;64,64;64,128;64,256;64,512;64,1024;64,2048;64,4096;64,8192;64,16;64,32;64,64;64,128;64,256;64,512;64,1024;64,2048;64,4096;64,8192;64,16;64,32;64,64;64,128;64,256;64,512;64,1024;64,2048;64,4096;64,8192;64,16;64,32;64,64;64,128""",FLOAT16;FLOAT16;FLOAT16;FLOAT16;FLOAT16;FLOAT16;FLOAT16;FLOAT16;FLOAT16;FLOAT16;FLOAT16;FLOAT16;FLOAT16;FLOAT16;FLOAT16;FLOAT16;FLOAT16;FLOAT16;FLOAT16;FLOAT16;FLOAT16;FLOAT16;FLOAT16;FLOAT16;FLOAT16;FLOAT16;FLOAT16;FLOAT16;FLOAT16;FLOAT16;FLOAT16;FLOAT16;FLOAT16;FLOAT16;FLOAT16;FLOAT16;FLOAT16;FLOAT16;FLOAT16;FLOAT16;FLOAT16;FLOAT16;FLOAT16;FLOAT16;FLOAT16;FLOAT16;FLOAT16;FLOAT16;FLOAT16;FLOAT16;FLOAT16;FLOAT16;FLOAT16;FLOAT16;FLOAT16;FLOAT16;FLOAT16;FLOAT16;FLOAT16;FLOAT16;FLOAT16;FLOAT16;FLOAT16;FLOAT16,ND;ND;ND;ND;ND;ND;ND;ND;ND;ND;ND;ND;ND;ND;ND;ND;ND;ND;ND;ND;ND;ND;ND;ND;ND;ND;ND;ND;ND;ND;ND;ND;ND;ND;ND;ND;ND;ND;ND;ND;ND;ND;ND;ND;ND;ND;ND;ND;ND;ND;ND;ND;ND;ND;ND;ND;ND;ND;ND;ND;ND;ND;ND;ND,"""64,98448""",FLOAT16,ND,N/A,0.0,0,0.0,0.0,0.0,0.0,0.0,0.0,0.0,0.0,0.0,0.0,0.0,36.481,2407755,0.017,0.0,6.745,0.185,21.226,0.582,11.61,0.318,0.0,0.000
0,4294967295,148,47,aclnnMul_MulAiCore_Mul,Mul,dynamic,AI_VECTOR_CORE,1785697972898135.251	,334.007,0.000000,40,0,NO,"""4096,4096;4096,4096""",FLOAT;FLOAT,ND;ND,"""4096,4096""",FLOAT,ND,N/A,0.0,0,0.0,0.0,0.0,0.0,0.0,0.0,0.0,0.0,0.0,0.0,0.0,331.699,21892156,6.784,0.02,3.127,0.009,330.054,0.995,113.34,0.342,0.0,0.000
0,4294967295,149,47,Concat,Concat,dynamic,AI_VECTOR_CORE,1785697972898469.278	,39.761,0.000000,40,0,NO,"""64,16;64,32;64,64;64,128;64,256;64,512;64,1024;64,2048;64,4096;64,8192;64,16;64,32;64,64;64,128;64,256;64,512;64,1024;64,2048;64,4096;64,8192;64,16;64,32;64,64;64,128;64,256;64,512;64,1024;64,2048;64,4096;64,8192;64,16;64,32;64,64;64,128;64,256;64,512;64,1024;64,2048;64,4096;64,8192;64,16;64,32;64,64;64,128;64,256;64,512;64,1024;64,2048;64,4096;64,8192;64,16;64,32;64,64;64,128;64,256;64,512;64,1024;64,2048;64,4096;64,8192;64,16;64,32;64,64;64,128""",FLOAT16;FLOAT16;FLOAT16;FLOAT16;FLOAT16;FLOAT16;FLOAT16;FLOAT16;FLOAT16;FLOAT16;FLOAT16;FLOAT16;FLOAT16;FLOAT16;FLOAT16;FLOAT16;FLOAT16;FLOAT16;FLOAT16;FLOAT16;FLOAT16;FLOAT16;FLOAT16;FLOAT16;FLOAT16;FLOAT16;FLOAT16;FLOAT16;FLOAT16;FLOAT16;FLOAT16;FLOAT16;FLOAT16;FLOAT16;FLOAT16;FLOAT16;FLOAT16;FLOAT16;FLOAT16;FLOAT16;FLOAT16;FLOAT16;FLOAT16;FLOAT16;FLOAT16;FLOAT16;FLOAT16;FLOAT16;FLOAT16;FLOAT16;FLOAT16;FLOAT16;FLOAT16;FLOAT16;FLOAT16;FLOAT16;FLOAT16;FLOAT16;FLOAT16;FLOAT16;FLOAT16;FLOAT16;FLOAT16;FLOAT16,ND;ND;ND;ND;ND;ND;ND;ND;ND;ND;ND;ND;ND;ND;ND;ND;ND;ND;ND;ND;ND;ND;ND;ND;ND;ND;ND;ND;ND;ND;ND;ND;ND;ND;ND;ND;ND;ND;ND;ND;ND;ND;ND;ND;ND;ND;ND;ND;ND;ND;ND;ND;ND;ND;ND;ND;ND;ND;ND;ND;ND;ND;ND;ND,"""64,98448""",FLOAT16,ND,N/A,0.0,0,0.0,0.0,0.0,0.0,0.0,0.0,0.0,0.0,0.0,0.0,0.0,36.137,2385046,0.017,0.0,7.181,0.199,21.008,0.581,11.36,0.314,0.0,0.000
0,4294967295,150,47,aclnnMul_MulAiCore_Mul,Mul,dynamic,AI_VECTOR_CORE,1785697972898509.059	,333.687,0.000000,40,0,NO,"""4096,4096;4096,4096""",FLOAT;FLOAT,ND;ND,"""4096,4096""",FLOAT,ND,N/A,0.0,0,0.0,0.0,0.0,0.0,0.0,0.0,0.0,0.0,0.0,0.0,0.0,330.498,21812850,6.784,0.021,2.983,0.009,328.976,0.995,112.738,0.341,0.0,0.000
0,4294967295,151,47,Concat,Concat,dynamic,AI_VECTOR_CORE,1785697972898842.766	,40.180,0.063000,40,0,NO,"""64,16;64,32;64,64;64,128;64,256;64,512;64,1024;64,2048;64,4096;64,8192;64,16;64,32;64,64;64,128;64,256;64,512;64,1024;64,2048;64,4096;64,8192;64,16;64,32;64,64;64,128;64,256;64,512;64,1024;64,2048;64,4096;64,8192;64,16;64,32;64,64;64,128;64,256;64,512;64,1024;64,2048;64,4096;64,8192;64,16;64,32;64,64;64,128;64,256;64,512;64,1024;64,2048;64,4096;64,8192;64,16;64,32;64,64;64,128;64,256;64,512;64,1024;64,2048;64,4096;64,8192;64,16;64,32;64,64;64,128""",FLOAT16;FLOAT16;FLOAT16;FLOAT16;FLOAT16;FLOAT16;FLOAT16;FLOAT16;FLOAT16;FLOAT16;FLOAT16;FLOAT16;FLOAT16;FLOAT16;FLOAT16;FLOAT16;FLOAT16;FLOAT16;FLOAT16;FLOAT16;FLOAT16;FLOAT16;FLOAT16;FLOAT16;FLOAT16;FLOAT16;FLOAT16;FLOAT16;FLOAT16;FLOAT16;FLOAT16;FLOAT16;FLOAT16;FLOAT16;FLOAT16;FLOAT16;FLOAT16;FLOAT16;FLOAT16;FLOAT16;FLOAT16;FLOAT16;FLOAT16;FLOAT16;FLOAT16;FLOAT16;FLOAT16;FLOAT16;FLOAT16;FLOAT16;FLOAT16;FLOAT16;FLOAT16;FLOAT16;FLOAT16;FLOAT16;FLOAT16;FLOAT16;FLOAT16;FLOAT16;FLOAT16;FLOAT16;FLOAT16;FLOAT16,ND;ND;ND;ND;ND;ND;ND;ND;ND;ND;ND;ND;ND;ND;ND;ND;ND;ND;ND;ND;ND;ND;ND;ND;ND;ND;ND;ND;ND;ND;ND;ND;ND;ND;ND;ND;ND;ND;ND;ND;ND;ND;ND;ND;ND;ND;ND;ND;ND;ND;ND;ND;ND;ND;ND;ND;ND;ND;ND;ND;ND;ND;ND;ND,"""64,98448""",FLOAT16,ND,N/A,0.0,0,0.0,0.0,0.0,0.0,0.0,0.0,0.0,0.0,0.0,0.0,0.0,36.908,2435939,0.017,0.0,7.364,0.2,21.229,0.575,11.694,0.317,0.0,0.000
0,4294967295,152,47,aclnnMul_MulAiCore_Mul,Mul,dynamic,AI_VECTOR_CORE,1785697972898882.966	,332.927,0.070000,40,0,NO,"""4096,4096;4096,4096""",FLOAT;FLOAT,ND;ND,"""4096,4096""",FLOAT,ND,N/A,0.0,0,0.0,0.0,0.0,0.0,0.0,0.0,0.0,0.0,0.0,0.0,0.0,331.002,21846133,6.784,0.02,3.05,0.009,329.443,0.995,111.006,0.335,0.0,0.000
0,4294967295,153,47,Concat,Concat,dynamic,AI_VECTOR_CORE,1785697972899215.933	,40.821,0.073000,40,0,NO,"""64,16;64,32;64,64;64,128;64,256;64,512;64,1024;64,2048;64,4096;64,8192;64,16;64,32;64,64;64,128;64,256;64,512;64,1024;64,2048;64,4096;64,8192;64,16;64,32;64,64;64,128;64,256;64,512;64,1024;64,2048;64,4096;64,8192;64,16;64,32;64,64;64,128;64,256;64,512;64,1024;64,2048;64,4096;64,8192;64,16;64,32;64,64;64,128;64,256;64,512;64,1024;64,2048;64,4096;64,8192;64,16;64,32;64,64;64,128;64,256;64,512;64,1024;64,2048;64,4096;64,8192;64,16;64,32;64,64;64,128""",FLOAT16;FLOAT16;FLOAT16;FLOAT16;FLOAT16;FLOAT16;FLOAT16;FLOAT16;FLOAT16;FLOAT16;FLOAT16;FLOAT16;FLOAT16;FLOAT16;FLOAT16;FLOAT16;FLOAT16;FLOAT16;FLOAT16;FLOAT16;FLOAT16;FLOAT16;FLOAT16;FLOAT16;FLOAT16;FLOAT16;FLOAT16;FLOAT16;FLOAT16;FLOAT16;FLOAT16;FLOAT16;FLOAT16;FLOAT16;FLOAT16;FLOAT16;FLOAT16;FLOAT16;FLOAT16;FLOAT16;FLOAT16;FLOAT16;FLOAT16;FLOAT16;FLOAT16;FLOAT16;FLOAT16;FLOAT16;FLOAT16;FLOAT16;FLOAT16;FLOAT16;FLOAT16;FLOAT16;FLOAT16;FLOAT16;FLOAT16;FLOAT16;FLOAT16;FLOAT16;FLOAT16;FLOAT16;FLOAT16;FLOAT16,ND;ND;ND;ND;ND;ND;ND;ND;ND;ND;ND;ND;ND;ND;ND;ND;ND;ND;ND;ND;ND;ND;ND;ND;ND;ND;ND;ND;ND;ND;ND;ND;ND;ND;ND;ND;ND;ND;ND;ND;ND;ND;ND;ND;ND;ND;ND;ND;ND;ND;ND;ND;ND;ND;ND;ND;ND;ND;ND;ND;ND;ND;ND;ND,"""64,98448""",FLOAT16,ND,N/A,0.0,0,0.0,0.0,0.0,0.0,0.0,0.0,0.0,0.0,0.0,0.0,0.0,37.418,2469610,0.017,0.0,8.065,0.216,21.312,0.57,12.06,0.322,0.0,0.000
0,4294967295,154,47,aclnnMul_MulAiCore_Mul,Mul,dynamic,AI_VECTOR_CORE,1785697972899256.774	,334.006,0.000000,40,0,NO,"""4096,4096;4096,4096""",FLOAT;FLOAT,ND;ND,"""4096,4096""",FLOAT,ND,N/A,0.0,0,0.0,0.0,0.0,0.0,0.0,0.0,0.0,0.0,0.0,0.0,0.0,331.587,21884762,6.784,0.02,3.48,0.01,329.572,0.994,112.783,0.34,0.0,0.000
0,4294967295,155,47,Concat,Concat,dynamic,AI_VECTOR_CORE,1785697972899590.800	,41.281,0.000000,40,0,NO,"""64,16;64,32;64,64;64,128;64,256;64,512;64,1024;64,2048;64,4096;64,8192;64,16;64,32;64,64;64,128;64,256;64,512;64,1024;64,2048;64,4096;64,8192;64,16;64,32;64,64;64,128;64,256;64,512;64,1024;64,2048;64,4096;64,8192;64,16;64,32;64,64;64,128;64,256;64,512;64,1024;64,2048;64,4096;64,8192;64,16;64,32;64,64;64,128;64,256;64,512;64,1024;64,2048;64,4096;64,8192;64,16;64,32;64,64;64,128;64,256;64,512;64,1024;64,2048;64,4096;64,8192;64,16;64,32;64,64;64,128""",FLOAT16;FLOAT16;FLOAT16;FLOAT16;FLOAT16;FLOAT16;FLOAT16;FLOAT16;FLOAT16;FLOAT16;FLOAT16;FLOAT16;FLOAT16;FLOAT16;FLOAT16;FLOAT16;FLOAT16;FLOAT16;FLOAT16;FLOAT16;FLOAT16;FLOAT16;FLOAT16;FLOAT16;FLOAT16;FLOAT16;FLOAT16;FLOAT16;FLOAT16;FLOAT16;FLOAT16;FLOAT16;FLOAT16;FLOAT16;FLOAT16;FLOAT16;FLOAT16;FLOAT16;FLOAT16;FLOAT16;FLOAT16;FLOAT16;FLOAT16;FLOAT16;FLOAT16;FLOAT16;FLOAT16;FLOAT16;FLOAT16;FLOAT16;FLOAT16;FLOAT16;FLOAT16;FLOAT16;FLOAT16;FLOAT16;FLOAT16;FLOAT16;FLOAT16;FLOAT16;FLOAT16;FLOAT16;FLOAT16;FLOAT16,ND;ND;ND;ND;ND;ND;ND;ND;ND;ND;ND;ND;ND;ND;ND;ND;ND;ND;ND;ND;ND;ND;ND;ND;ND;ND;ND;ND;ND;ND;ND;ND;ND;ND;ND;ND;ND;ND;ND;ND;ND;ND;ND;ND;ND;ND;ND;ND;ND;ND;ND;ND;ND;ND;ND;ND;ND;ND;ND;ND;ND;ND;ND;ND,"""64,98448""",FLOAT16,ND,N/A,0.0,0,0.0,0.0,0.0,0.0,0.0,0.0,0.0,0.0,0.0,0.0,0.0,37.46,2472375,0.017,0.0,9.058,0.242,21.552,0.575,11.551,0.308,0.0,0.000
0,4294967295,156,47,aclnnMul_MulAiCore_Mul,Mul,dynamic,AI_VECTOR_CORE,1785697972899632.101	,333.267,0.000000,40,0,NO,"""4096,4096;4096,4096""",FLOAT;FLOAT,ND;ND,"""4096,4096""",FLOAT,ND,N/A,0.0,0,0.0,0.0,0.0,0.0,0.0,0.0,0.0,0.0,0.0,0.0,0.0,330.66,21823552,6.784,0.021,3.119,0.009,329.014,0.995,110.856,0.335,0.0,0.000
0,4294967295,157,47,Concat,Concat,dynamic,AI_VECTOR_CORE,1785697972899965.408	,39.781,0.233000,40,0,NO,"""64,16;64,32;64,64;64,128;64,256;64,512;64,1024;64,2048;64,4096;64,8192;64,16;64,32;64,64;64,128;64,256;64,512;64,1024;64,2048;64,4096;64,8192;64,16;64,32;64,64;64,128;64,256;64,512;64,1024;64,2048;64,4096;64,8192;64,16;64,32;64,64;64,128;64,256;64,512;64,1024;64,2048;64,4096;64,8192;64,16;64,32;64,64;64,128;64,256;64,512;64,1024;64,2048;64,4096;64,8192;64,16;64,32;64,64;64,128;64,256;64,512;64,1024;64,2048;64,4096;64,8192;64,16;64,32;64,64;64,128""",FLOAT16;FLOAT16;FLOAT16;FLOAT16;FLOAT16;FLOAT16;FLOAT16;FLOAT16;FLOAT16;FLOAT16;FLOAT16;FLOAT16;FLOAT16;FLOAT16;FLOAT16;FLOAT16;FLOAT16;FLOAT16;FLOAT16;FLOAT16;FLOAT16;FLOAT16;FLOAT16;FLOAT16;FLOAT16;FLOAT16;FLOAT16;FLOAT16;FLOAT16;FLOAT16;FLOAT16;FLOAT16;FLOAT16;FLOAT16;FLOAT16;FLOAT16;FLOAT16;FLOAT16;FLOAT16;FLOAT16;FLOAT16;FLOAT16;FLOAT16;FLOAT16;FLOAT16;FLOAT16;FLOAT16;FLOAT16;FLOAT16;FLOAT16;FLOAT16;FLOAT16;FLOAT16;FLOAT16;FLOAT16;FLOAT16;FLOAT16;FLOAT16;FLOAT16;FLOAT16;FLOAT16;FLOAT16;FLOAT16;FLOAT16,ND;ND;ND;ND;ND;ND;ND;ND;ND;ND;ND;ND;ND;ND;ND;ND;ND;ND;ND;ND;ND;ND;ND;ND;ND;ND;ND;ND;ND;ND;ND;ND;ND;ND;ND;ND;ND;ND;ND;ND;ND;ND;ND;ND;ND;ND;ND;ND;ND;ND;ND;ND;ND;ND;ND;ND;ND;ND;ND;ND;ND;ND;ND;ND,"""64,98448""",FLOAT16,ND,N/A,0.0,0,0.0,0.0,0.0,0.0,0.0,0.0,0.0,0.0,0.0,0.0,0.0,35.42,2337690,0.017,0.0,7.259,0.205,20.672,0.584,10.957,0.309,0.0,0.000
0,4294967295,158,47,aclnnMul_MulAiCore_Mul,Mul,dynamic,AI_VECTOR_CORE,1785697972900005.209	,332.186,0.000000,40,0,NO,"""4096,4096;4096,4096""",FLOAT;FLOAT,ND;ND,"""4096,4096""",FLOAT,ND,N/A,0.0,0,0.0,0.0,0.0,0.0,0.0,0.0,0.0,0.0,0.0,0.0,0.0,330.351,21803163,6.784,0.021,2.906,0.009,328.951,0.996,112.217,0.34,0.0,0.000
0,4294967295,159,47,Concat,Concat,dynamic,AI_VECTOR_CORE,1785697972900337.415	,39.841,0.064000,40,0,NO,"""64,16;64,32;64,64;64,128;64,256;64,512;64,1024;64,2048;64,4096;64,8192;64,16;64,32;64,64;64,128;64,256;64,512;64,1024;64,2048;64,4096;64,8192;64,16;64,32;64,64;64,128;64,256;64,512;64,1024;64,2048;64,4096;64,8192;64,16;64,32;64,64;64,128;64,256;64,512;64,1024;64,2048;64,4096;64,8192;64,16;64,32;64,64;64,128;64,256;64,512;64,1024;64,2048;64,4096;64,8192;64,16;64,32;64,64;64,128;64,256;64,512;64,1024;64,2048;64,4096;64,8192;64,16;64,32;64,64;64,128""",FLOAT16;FLOAT16;FLOAT16;FLOAT16;FLOAT16;FLOAT16;FLOAT16;FLOAT16;FLOAT16;FLOAT16;FLOAT16;FLOAT16;FLOAT16;FLOAT16;FLOAT16;FLOAT16;FLOAT16;FLOAT16;FLOAT16;FLOAT16;FLOAT16;FLOAT16;FLOAT16;FLOAT16;FLOAT16;FLOAT16;FLOAT16;FLOAT16;FLOAT16;FLOAT16;FLOAT16;FLOAT16;FLOAT16;FLOAT16;FLOAT16;FLOAT16;FLOAT16;FLOAT16;FLOAT16;FLOAT16;FLOAT16;FLOAT16;FLOAT16;FLOAT16;FLOAT16;FLOAT16;FLOAT16;FLOAT16;FLOAT16;FLOAT16;FLOAT16;FLOAT16;FLOAT16;FLOAT16;FLOAT16;FLOAT16;FLOAT16;FLOAT16;FLOAT16;FLOAT16;FLOAT16;FLOAT16;FLOAT16;FLOAT16,ND;ND;ND;ND;ND;ND;ND;ND;ND;ND;ND;ND;ND;ND;ND;ND;ND;ND;ND;ND;ND;ND;ND;ND;ND;ND;ND;ND;ND;ND;ND;ND;ND;ND;ND;ND;ND;ND;ND;ND;ND;ND;ND;ND;ND;ND;ND;ND;ND;ND;ND;ND;ND;ND;ND;ND;ND;ND;ND;ND;ND;ND;ND;ND,"""64,98448""",FLOAT16,ND,N/A,0.0,0,0.0,0.0,0.0,0.0,0.0,0.0,0.0,0.0,0.0,0.0,0.0,35.501,2343054,0.017,0.0,7.473,0.21,20.828,0.587,10.9,0.307,0.0,0.000
0,4294967295,160,47,aclnnMul_MulAiCore_Mul,Mul,dynamic,AI_VECTOR_CORE,1785697972900377.276	,332.927,0.000000,40,0,NO,"""4096,4096;4096,4096""",FLOAT;FLOAT,ND;ND,"""4096,4096""",FLOAT,ND,N/A,0.0,0,0.0,0.0,0.0,0.0,0.0,0.0,0.0,0.0,0.0,0.0,0.0,330.767,21830617,6.784,0.021,3.115,0.009,329.132,0.995,112.361,0.34,0.0,0.000
0,4294967295,161,47,Concat,Concat,dynamic,AI_VECTOR_CORE,1785697972900710.223	,41.101,0.073000,40,0,NO,"""64,16;64,32;64,64;64,128;64,256;64,512;64,1024;64,2048;64,4096;64,8192;64,16;64,32;64,64;64,128;64,256;64,512;64,1024;64,2048;64,4096;64,8192;64,16;64,32;64,64;64,128;64,256;64,512;64,1024;64,2048;64,4096;64,8192;64,16;64,32;64,64;64,128;64,256;64,512;64,1024;64,2048;64,4096;64,8192;64,16;64,32;64,64;64,128;64,256;64,512;64,1024;64,2048;64,4096;64,8192;64,16;64,32;64,64;64,128;64,256;64,512;64,1024;64,2048;64,4096;64,8192;64,16;64,32;64,64;64,128""",FLOAT16;FLOAT16;FLOAT16;FLOAT16;FLOAT16;FLOAT16;FLOAT16;FLOAT16;FLOAT16;FLOAT16;FLOAT16;FLOAT16;FLOAT16;FLOAT16;FLOAT16;FLOAT16;FLOAT16;FLOAT16;FLOAT16;FLOAT16;FLOAT16;FLOAT16;FLOAT16;FLOAT16;FLOAT16;FLOAT16;FLOAT16;FLOAT16;FLOAT16;FLOAT16;FLOAT16;FLOAT16;FLOAT16;FLOAT16;FLOAT16;FLOAT16;FLOAT16;FLOAT16;FLOAT16;FLOAT16;FLOAT16;FLOAT16;FLOAT16;FLOAT16;FLOAT16;FLOAT16;FLOAT16;FLOAT16;FLOAT16;FLOAT16;FLOAT16;FLOAT16;FLOAT16;FLOAT16;FLOAT16;FLOAT16;FLOAT16;FLOAT16;FLOAT16;FLOAT16;FLOAT16;FLOAT16;FLOAT16;FLOAT16,ND;ND;ND;ND;ND;ND;ND;ND;ND;ND;ND;ND;ND;ND;ND;ND;ND;ND;ND;ND;ND;ND;ND;ND;ND;ND;ND;ND;ND;ND;ND;ND;ND;ND;ND;ND;ND;ND;ND;ND;ND;ND;ND;ND;ND;ND;ND;ND;ND;ND;ND;ND;ND;ND;ND;ND;ND;ND;ND;ND;ND;ND;ND;ND,"""64,98448""",FLOAT16,ND,N/A,0.0,0,0.0,0.0,0.0,0.0,0.0,0.0,0.0,0.0,0.0,0.0,0.0,37.352,2465224,0.017,0.0,6.694,0.179,21.649,0.58,12.077,0.323,0.0,0.000
0,4294967295,162,47,aclnnMul_MulAiCore_Mul,Mul,dynamic,AI_VECTOR_CORE,1785697972900751.344	,333.006,0.000000,40,0,NO,"""4096,4096;4096,4096""",FLOAT;FLOAT,ND;ND,"""4096,4096""",FLOAT,ND,N/A,0.0,0,0.0,0.0,0.0,0.0,0.0,0.0,0.0,0.0,0.0,0.0,0.0,330.967,21843812,6.784,0.02,3.03,0.009,329.408,0.995,110.183,0.333,0.0,0.000
0,4294967295,163,47,Concat,Concat,dynamic,AI_VECTOR_CORE,1785697972901084.370	,40.641,0.000000,40,0,NO,"""64,16;64,32;64,64;64,128;64,256;64,512;64,1024;64,2048;64,4096;64,8192;64,16;64,32;64,64;64,128;64,256;64,512;64,1024;64,2048;64,4096;64,8192;64,16;64,32;64,64;64,128;64,256;64,512;64,1024;64,2048;64,4096;64,8192;64,16;64,32;64,64;64,128;64,256;64,512;64,1024;64,2048;64,4096;64,8192;64,16;64,32;64,64;64,128;64,256;64,512;64,1024;64,2048;64,4096;64,8192;64,16;64,32;64,64;64,128;64,256;64,512;64,1024;64,2048;64,4096;64,8192;64,16;64,32;64,64;64,128""",FLOAT16;FLOAT16;FLOAT16;FLOAT16;FLOAT16;FLOAT16;FLOAT16;FLOAT16;FLOAT16;FLOAT16;FLOAT16;FLOAT16;FLOAT16;FLOAT16;FLOAT16;FLOAT16;FLOAT16;FLOAT16;FLOAT16;FLOAT16;FLOAT16;FLOAT16;FLOAT16;FLOAT16;FLOAT16;FLOAT16;FLOAT16;FLOAT16;FLOAT16;FLOAT16;FLOAT16;FLOAT16;FLOAT16;FLOAT16;FLOAT16;FLOAT16;FLOAT16;FLOAT16;FLOAT16;FLOAT16;FLOAT16;FLOAT16;FLOAT16;FLOAT16;FLOAT16;FLOAT16;FLOAT16;FLOAT16;FLOAT16;FLOAT16;FLOAT16;FLOAT16;FLOAT16;FLOAT16;FLOAT16;FLOAT16;FLOAT16;FLOAT16;FLOAT16;FLOAT16;FLOAT16;FLOAT16;FLOAT16;FLOAT16,ND;ND;ND;ND;ND;ND;ND;ND;ND;ND;ND;ND;ND;ND;ND;ND;ND;ND;ND;ND;ND;ND;ND;ND;ND;ND;ND;ND;ND;ND;ND;ND;ND;ND;ND;ND;ND;ND;ND;ND;ND;ND;ND;ND;ND;ND;ND;ND;ND;ND;ND;ND;ND;ND;ND;ND;ND;ND;ND;ND;ND;ND;ND;ND,"""64,98448""",FLOAT16,ND,N/A,0.0,0,0.0,0.0,0.0,0.0,0.0,0.0,0.0,0.0,0.0,0.0,0.0,37.407,2468837,0.017,0.0,7.388,0.198,21.65,0.579,11.913,0.318,0.0,0.000
0,4294967295,164,47,aclnnMul_MulAiCore_Mul,Mul,dynamic,AI_VECTOR_CORE,1785697972901125.051	,332.927,0.109000,40,0,NO,"""4096,4096;4096,4096""",FLOAT;FLOAT,ND;ND,"""4096,4096""",FLOAT,ND,N/A,0.0,0,0.0,0.0,0.0,0.0,0.0,0.0,0.0,0.0,0.0,0.0,0.0,330.826,21834493,6.784,0.021,3.119,0.009,329.176,0.995,112.267,0.339,0.0,0.000
0,4294967295,165,47,Concat,Concat,dynamic,AI_VECTOR_CORE,1785697972901457.998	,39.561,0.073000,40,0,NO,"""64,16;64,32;64,64;64,128;64,256;64,512;64,1024;64,2048;64,4096;64,8192;64,16;64,32;64,64;64,128;64,256;64,512;64,1024;64,2048;64,4096;64,8192;64,16;64,32;64,64;64,128;64,256;64,512;64,1024;64,2048;64,4096;64,8192;64,16;64,32;64,64;64,128;64,256;64,512;64,1024;64,2048;64,4096;64,8192;64,16;64,32;64,64;64,128;64,256;64,512;64,1024;64,2048;64,4096;64,8192;64,16;64,32;64,64;64,128;64,256;64,512;64,1024;64,2048;64,4096;64,8192;64,16;64,32;64,64;64,128""",FLOAT16;FLOAT16;FLOAT16;FLOAT16;FLOAT16;FLOAT16;FLOAT16;FLOAT16;FLOAT16;FLOAT16;FLOAT16;FLOAT16;FLOAT16;FLOAT16;FLOAT16;FLOAT16;FLOAT16;FLOAT16;FLOAT16;FLOAT16;FLOAT16;FLOAT16;FLOAT16;FLOAT16;FLOAT16;FLOAT16;FLOAT16;FLOAT16;FLOAT16;FLOAT16;FLOAT16;FLOAT16;FLOAT16;FLOAT16;FLOAT16;FLOAT16;FLOAT16;FLOAT16;FLOAT16;FLOAT16;FLOAT16;FLOAT16;FLOAT16;FLOAT16;FLOAT16;FLOAT16;FLOAT16;FLOAT16;FLOAT16;FLOAT16;FLOAT16;FLOAT16;FLOAT16;FLOAT16;FLOAT16;FLOAT16;FLOAT16;FLOAT16;FLOAT16;FLOAT16;FLOAT16;FLOAT16;FLOAT16;FLOAT16,ND;ND;ND;ND;ND;ND;ND;ND;ND;ND;ND;ND;ND;ND;ND;ND;ND;ND;ND;ND;ND;ND;ND;ND;ND;ND;ND;ND;ND;ND;ND;ND;ND;ND;ND;ND;ND;ND;ND;ND;ND;ND;ND;ND;ND;ND;ND;ND;ND;ND;ND;ND;ND;ND;ND;ND;ND;ND;ND;ND;ND;ND;ND;ND,"""64,98448""",FLOAT16,ND,N/A,0.0,0,0.0,0.0,0.0,0.0,0.0,0.0,0.0,0.0,0.0,0.0,0.0,36.293,2395324,0.017,0.0,7.031,0.194,21.156,0.583,11.449,0.315,0.0,0.000
0,4294967295,166,47,aclnnMul_MulAiCore_Mul,Mul,dynamic,AI_VECTOR_CORE,1785697972901497.579	,333.086,0.000000,40,0,NO,"""4096,4096;4096,4096""",FLOAT;FLOAT,ND;ND,"""4096,4096""",FLOAT,ND,N/A,0.0,0,0.0,0.0,0.0,0.0,0.0,0.0,0.0,0.0,0.0,0.0,0.0,330.736,21828568,6.784,0.021,3.046,0.009,329.126,0.995,112.571,0.34,0.0,0.000
0,4294967295,167,47,Concat,Concat,dynamic,AI_VECTOR_CORE,1785697972901830.705	,40.141,0.164000,40,0,NO,"""64,16;64,32;64,64;64,128;64,256;64,512;64,1024;64,2048;64,4096;64,8192;64,16;64,32;64,64;64,128;64,256;64,512;64,1024;64,2048;64,4096;64,8192;64,16;64,32;64,64;64,128;64,256;64,512;64,1024;64,2048;64,4096;64,8192;64,16;64,32;64,64;64,128;64,256;64,512;64,1024;64,2048;64,4096;64,8192;64,16;64,32;64,64;64,128;64,256;64,512;64,1024;64,2048;64,4096;64,8192;64,16;64,32;64,64;64,128;64,256;64,512;64,1024;64,2048;64,4096;64,8192;64,16;64,32;64,64;64,128""",FLOAT16;FLOAT16;FLOAT16;FLOAT16;FLOAT16;FLOAT16;FLOAT16;FLOAT16;FLOAT16;FLOAT16;FLOAT16;FLOAT16;FLOAT16;FLOAT16;FLOAT16;FLOAT16;FLOAT16;FLOAT16;FLOAT16;FLOAT16;FLOAT16;FLOAT16;FLOAT16;FLOAT16;FLOAT16;FLOAT16;FLOAT16;FLOAT16;FLOAT16;FLOAT16;FLOAT16;FLOAT16;FLOAT16;FLOAT16;FLOAT16;FLOAT16;FLOAT16;FLOAT16;FLOAT16;FLOAT16;FLOAT16;FLOAT16;FLOAT16;FLOAT16;FLOAT16;FLOAT16;FLOAT16;FLOAT16;FLOAT16;FLOAT16;FLOAT16;FLOAT16;FLOAT16;FLOAT16;FLOAT16;FLOAT16;FLOAT16;FLOAT16;FLOAT16;FLOAT16;FLOAT16;FLOAT16;FLOAT16;FLOAT16,ND;ND;ND;ND;ND;ND;ND;ND;ND;ND;ND;ND;ND;ND;ND;ND;ND;ND;ND;ND;ND;ND;ND;ND;ND;ND;ND;ND;ND;ND;ND;ND;ND;ND;ND;ND;ND;ND;ND;ND;ND;ND;ND;ND;ND;ND;ND;ND;ND;ND;ND;ND;ND;ND;ND;ND;ND;ND;ND;ND;ND;ND;ND;ND,"""64,98448""",FLOAT16,ND,N/A,0.0,0,0.0,0.0,0.0,0.0,0.0,0.0,0.0,0.0,0.0,0.0,0.0,36.265,2393476,0.017,0.0,7.183,0.198,21.188,0.584,11.283,0.311,0.0,0.000
0,4294967295,168,47,aclnnMul_MulAiCore_Mul,Mul,dynamic,AI_VECTOR_CORE,1785697972901870.866	,333.707,0.000000,40,0,NO,"""4096,4096;4096,4096""",FLOAT;FLOAT,ND;ND,"""4096,4096""",FLOAT,ND,N/A,0.0,0,0.0,0.0,0.0,0.0,0.0,0.0,0.0,0.0,0.0,0.0,0.0,331.317,21866905,6.784,0.02,3.041,0.009,329.744,0.995,111.348,0.336,0.0,0.000
0,4294967295,169,47,Concat,Concat,dynamic,AI_VECTOR_CORE,1785697972902204.593	,41.201,0.043000,40,0,NO,"""64,16;64,32;64,64;64,128;64,256;64,512;64,1024;64,2048;64,4096;64,8192;64,16;64,32;64,64;64,128;64,256;64,512;64,1024;64,2048;64,4096;64,8192;64,16;64,32;64,64;64,128;64,256;64,512;64,1024;64,2048;64,4096;64,8192;64,16;64,32;64,64;64,128;64,256;64,512;64,1024;64,2048;64,4096;64,8192;64,16;64,32;64,64;64,128;64,256;64,512;64,1024;64,2048;64,4096;64,8192;64,16;64,32;64,64;64,128;64,256;64,512;64,1024;64,2048;64,4096;64,8192;64,16;64,32;64,64;64,128""",FLOAT16;FLOAT16;FLOAT16;FLOAT16;FLOAT16;FLOAT16;FLOAT16;FLOAT16;FLOAT16;FLOAT16;FLOAT16;FLOAT16;FLOAT16;FLOAT16;FLOAT16;FLOAT16;FLOAT16;FLOAT16;FLOAT16;FLOAT16;FLOAT16;FLOAT16;FLOAT16;FLOAT16;FLOAT16;FLOAT16;FLOAT16;FLOAT16;FLOAT16;FLOAT16;FLOAT16;FLOAT16;FLOAT16;FLOAT16;FLOAT16;FLOAT16;FLOAT16;FLOAT16;FLOAT16;FLOAT16;FLOAT16;FLOAT16;FLOAT16;FLOAT16;FLOAT16;FLOAT16;FLOAT16;FLOAT16;FLOAT16;FLOAT16;FLOAT16;FLOAT16;FLOAT16;FLOAT16;FLOAT16;FLOAT16;FLOAT16;FLOAT16;FLOAT16;FLOAT16;FLOAT16;FLOAT16;FLOAT16;FLOAT16,ND;ND;ND;ND;ND;ND;ND;ND;ND;ND;ND;ND;ND;ND;ND;ND;ND;ND;ND;ND;ND;ND;ND;ND;ND;ND;ND;ND;ND;ND;ND;ND;ND;ND;ND;ND;ND;ND;ND;ND;ND;ND;ND;ND;ND;ND;ND;ND;ND;ND;ND;ND;ND;ND;ND;ND;ND;ND;ND;ND;ND;ND;ND;ND,"""64,98448""",FLOAT16,ND,N/A,0.0,0,0.0,0.0,0.0,0.0,0.0,0.0,0.0,0.0,0.0,0.0,0.0,37.894,2500996,0.017,0.0,8.657,0.228,21.845,0.576,11.391,0.301,0.0,0.000
0,4294967295,170,47,aclnnMul_MulAiCore_Mul,Mul,dynamic,AI_VECTOR_CORE,1785697972902245.814	,333.446,0.049000,40,0,NO,"""4096,4096;4096,4096""",FLOAT;FLOAT,ND;ND,"""4096,4096""",FLOAT,ND,N/A,0.0,0,0.0,0.0,0.0,0.0,0.0,0.0,0.0,0.0,0.0,0.0,0.0,330.727,21828011,6.784,0.021,2.935,0.009,329.241,0.996,112.179,0.339,0.0,0.000
0,4294967295,171,47,Concat,Concat,dynamic,AI_VECTOR_CORE,1785697972902579.280	,40.801,0.054000,40,0,NO,"""64,16;64,32;64,64;64,128;64,256;64,512;64,1024;64,2048;64,4096;64,8192;64,16;64,32;64,64;64,128;64,256;64,512;64,1024;64,2048;64,4096;64,8192;64,16;64,32;64,64;64,128;64,256;64,512;64,1024;64,2048;64,4096;64,8192;64,16;64,32;64,64;64,128;64,256;64,512;64,1024;64,2048;64,4096;64,8192;64,16;64,32;64,64;64,128;64,256;64,512;64,1024;64,2048;64,4096;64,8192;64,16;64,32;64,64;64,128;64,256;64,512;64,1024;64,2048;64,4096;64,8192;64,16;64,32;64,64;64,128""",FLOAT16;FLOAT16;FLOAT16;FLOAT16;FLOAT16;FLOAT16;FLOAT16;FLOAT16;FLOAT16;FLOAT16;FLOAT16;FLOAT16;FLOAT16;FLOAT16;FLOAT16;FLOAT16;FLOAT16;FLOAT16;FLOAT16;FLOAT16;FLOAT16;FLOAT16;FLOAT16;FLOAT16;FLOAT16;FLOAT16;FLOAT16;FLOAT16;FLOAT16;FLOAT16;FLOAT16;FLOAT16;FLOAT16;FLOAT16;FLOAT16;FLOAT16;FLOAT16;FLOAT16;FLOAT16;FLOAT16;FLOAT16;FLOAT16;FLOAT16;FLOAT16;FLOAT16;FLOAT16;FLOAT16;FLOAT16;FLOAT16;FLOAT16;FLOAT16;FLOAT16;FLOAT16;FLOAT16;FLOAT16;FLOAT16;FLOAT16;FLOAT16;FLOAT16;FLOAT16;FLOAT16;FLOAT16;FLOAT16;FLOAT16,ND;ND;ND;ND;ND;ND;ND;ND;ND;ND;ND;ND;ND;ND;ND;ND;ND;ND;ND;ND;ND;ND;ND;ND;ND;ND;ND;ND;ND;ND;ND;ND;ND;ND;ND;ND;ND;ND;ND;ND;ND;ND;ND;ND;ND;ND;ND;ND;ND;ND;ND;ND;ND;ND;ND;ND;ND;ND;ND;ND;ND;ND;ND;ND,"""64,98448""",FLOAT16,ND,N/A,0.0,0,0.0,0.0,0.0,0.0,0.0,0.0,0.0,0.0,0.0,0.0,0.0,37.32,2463127,0.017,0.0,8.179,0.219,21.45,0.575,11.726,0.314,0.0,0.000
0,4294967295,172,47,aclnnMul_MulAiCore_Mul,Mul,dynamic,AI_VECTOR_CORE,1785697972902620.101	,333.627,0.000000,40,0,NO,"""4096,4096;4096,4096""",FLOAT;FLOAT,ND;ND,"""4096,4096""",FLOAT,ND,N/A,0.0,0,0.0,0.0,0.0,0.0,0.0,0.0,0.0,0.0,0.0,0.0,0.0,330.653,21823101,6.784,0.021,3.044,0.009,329.051,0.995,112.115,0.339,0.0,0.000
0,4294967295,173,47,Concat,Concat,dynamic,AI_VECTOR_CORE,1785697972902953.748	,39.800,0.123000,40,0,NO,"""64,16;64,32;64,64;64,128;64,256;64,512;64,1024;64,2048;64,4096;64,8192;64,16;64,32;64,64;64,128;64,256;64,512;64,1024;64,2048;64,4096;64,8192;64,16;64,32;64,64;64,128;64,256;64,512;64,1024;64,2048;64,4096;64,8192;64,16;64,32;64,64;64,128;64,256;64,512;64,1024;64,2048;64,4096;64,8192;64,16;64,32;64,64;64,128;64,256;64,512;64,1024;64,2048;64,4096;64,8192;64,16;64,32;64,64;64,128;64,256;64,512;64,1024;64,2048;64,4096;64,8192;64,16;64,32;64,64;64,128""",FLOAT16;FLOAT16;FLOAT16;FLOAT16;FLOAT16;FLOAT16;FLOAT16;FLOAT16;FLOAT16;FLOAT16;FLOAT16;FLOAT16;FLOAT16;FLOAT16;FLOAT16;FLOAT16;FLOAT16;FLOAT16;FLOAT16;FLOAT16;FLOAT16;FLOAT16;FLOAT16;FLOAT16;FLOAT16;FLOAT16;FLOAT16;FLOAT16;FLOAT16;FLOAT16;FLOAT16;FLOAT16;FLOAT16;FLOAT16;FLOAT16;FLOAT16;FLOAT16;FLOAT16;FLOAT16;FLOAT16;FLOAT16;FLOAT16;FLOAT16;FLOAT16;FLOAT16;FLOAT16;FLOAT16;FLOAT16;FLOAT16;FLOAT16;FLOAT16;FLOAT16;FLOAT16;FLOAT16;FLOAT16;FLOAT16;FLOAT16;FLOAT16;FLOAT16;FLOAT16;FLOAT16;FLOAT16;FLOAT16;FLOAT16,ND;ND;ND;ND;ND;ND;ND;ND;ND;ND;ND;ND;ND;ND;ND;ND;ND;ND;ND;ND;ND;ND;ND;ND;ND;ND;ND;ND;ND;ND;ND;ND;ND;ND;ND;ND;ND;ND;ND;ND;ND;ND;ND;ND;ND;ND;ND;ND;ND;ND;ND;ND;ND;ND;ND;ND;ND;ND;ND;ND;ND;ND;ND;ND,"""64,98448""",FLOAT16,ND,N/A,0.0,0,0.0,0.0,0.0,0.0,0.0,0.0,0.0,0.0,0.0,0.0,0.0,35.707,2356633,0.017,0.0,8.287,0.232,21.198,0.594,10.703,0.3,0.0,0.000
0,4294967295,174,47,aclnnMul_MulAiCore_Mul,Mul,dynamic,AI_VECTOR_CORE,1785697972902993.568	,333.227,0.000000,40,0,NO,"""4096,4096;4096,4096""",FLOAT;FLOAT,ND;ND,"""4096,4096""",FLOAT,ND,N/A,0.0,0,0.0,0.0,0.0,0.0,0.0,0.0,0.0,0.0,0.0,0.0,0.0,331.103,21852769,6.784,0.02,2.983,0.009,329.572,0.995,112.838,0.341,0.0,0.000
0,4294967295,175,47,Concat,Concat,dynamic,AI_VECTOR_CORE,1785697972903326.815	,39.721,0.023000,40,0,NO,"""64,16;64,32;64,64;64,128;64,256;64,512;64,1024;64,2048;64,4096;64,8192;64,16;64,32;64,64;64,128;64,256;64,512;64,1024;64,2048;64,4096;64,8192;64,16;64,32;64,64;64,128;64,256;64,512;64,1024;64,2048;64,4096;64,8192;64,16;64,32;64,64;64,128;64,256;64,512;64,1024;64,2048;64,4096;64,8192;64,16;64,32;64,64;64,128;64,256;64,512;64,1024;64,2048;64,4096;64,8192;64,16;64,32;64,64;64,128;64,256;64,512;64,1024;64,2048;64,4096;64,8192;64,16;64,32;64,64;64,128""",FLOAT16;FLOAT16;FLOAT16;FLOAT16;FLOAT16;FLOAT16;FLOAT16;FLOAT16;FLOAT16;FLOAT16;FLOAT16;FLOAT16;FLOAT16;FLOAT16;FLOAT16;FLOAT16;FLOAT16;FLOAT16;FLOAT16;FLOAT16;FLOAT16;FLOAT16;FLOAT16;FLOAT16;FLOAT16;FLOAT16;FLOAT16;FLOAT16;FLOAT16;FLOAT16;FLOAT16;FLOAT16;FLOAT16;FLOAT16;FLOAT16;FLOAT16;FLOAT16;FLOAT16;FLOAT16;FLOAT16;FLOAT16;FLOAT16;FLOAT16;FLOAT16;FLOAT16;FLOAT16;FLOAT16;FLOAT16;FLOAT16;FLOAT16;FLOAT16;FLOAT16;FLOAT16;FLOAT16;FLOAT16;FLOAT16;FLOAT16;FLOAT16;FLOAT16;FLOAT16;FLOAT16;FLOAT16;FLOAT16;FLOAT16,ND;ND;ND;ND;ND;ND;ND;ND;ND;ND;ND;ND;ND;ND;ND;ND;ND;ND;ND;ND;ND;ND;ND;ND;ND;ND;ND;ND;ND;ND;ND;ND;ND;ND;ND;ND;ND;ND;ND;ND;ND;ND;ND;ND;ND;ND;ND;ND;ND;ND;ND;ND;ND;ND;ND;ND;ND;ND;ND;ND;ND;ND;ND;ND,"""64,98448""",FLOAT16,ND,N/A,0.0,0,0.0,0.0,0.0,0.0,0.0,0.0,0.0,0.0,0.0,0.0,0.0,36.192,2388673,0.017,0.0,7.155,0.198,21.119,0.584,11.31,0.312,0.0,0.000
0,4294967295,176,47,aclnnMul_MulAiCore_Mul,Mul,dynamic,AI_VECTOR_CORE,1785697972903366.556	,334.647,0.029000,40,0,NO,"""4096,4096;4096,4096""",FLOAT;FLOAT,ND;ND,"""4096,4096""",FLOAT,ND,N/A,0.0,0,0.0,0.0,0.0,0.0,0.0,0.0,0.0,0.0,0.0,0.0,0.0,331.308,21866332,6.784,0.02,2.975,0.009,329.781,0.995,110.637,0.334,0.0,0.000
0,4294967295,177,47,Concat,Concat,dynamic,AI_VECTOR_CORE,1785697972903701.223	,40.840,0.103000,40,0,NO,"""64,16;64,32;64,64;64,128;64,256;64,512;64,1024;64,2048;64,4096;64,8192;64,16;64,32;64,64;64,128;64,256;64,512;64,1024;64,2048;64,4096;64,8192;64,16;64,32;64,64;64,128;64,256;64,512;64,1024;64,2048;64,4096;64,8192;64,16;64,32;64,64;64,128;64,256;64,512;64,1024;64,2048;64,4096;64,8192;64,16;64,32;64,64;64,128;64,256;64,512;64,1024;64,2048;64,4096;64,8192;64,16;64,32;64,64;64,128;64,256;64,512;64,1024;64,2048;64,4096;64,8192;64,16;64,32;64,64;64,128""",FLOAT16;FLOAT16;FLOAT16;FLOAT16;FLOAT16;FLOAT16;FLOAT16;FLOAT16;FLOAT16;FLOAT16;FLOAT16;FLOAT16;FLOAT16;FLOAT16;FLOAT16;FLOAT16;FLOAT16;FLOAT16;FLOAT16;FLOAT16;FLOAT16;FLOAT16;FLOAT16;FLOAT16;FLOAT16;FLOAT16;FLOAT16;FLOAT16;FLOAT16;FLOAT16;FLOAT16;FLOAT16;FLOAT16;FLOAT16;FLOAT16;FLOAT16;FLOAT16;FLOAT16;FLOAT16;FLOAT16;FLOAT16;FLOAT16;FLOAT16;FLOAT16;FLOAT16;FLOAT16;FLOAT16;FLOAT16;FLOAT16;FLOAT16;FLOAT16;FLOAT16;FLOAT16;FLOAT16;FLOAT16;FLOAT16;FLOAT16;FLOAT16;FLOAT16;FLOAT16;FLOAT16;FLOAT16;FLOAT16;FLOAT16,ND;ND;ND;ND;ND;ND;ND;ND;ND;ND;ND;ND;ND;ND;ND;ND;ND;ND;ND;ND;ND;ND;ND;ND;ND;ND;ND;ND;ND;ND;ND;ND;ND;ND;ND;ND;ND;ND;ND;ND;ND;ND;ND;ND;ND;ND;ND;ND;ND;ND;ND;ND;ND;ND;ND;ND;ND;ND;ND;ND;ND;ND;ND;ND,"""64,98448""",FLOAT16,ND,N/A,0.0,0,0.0,0.0,0.0,0.0,0.0,0.0,0.0,0.0,0.0,0.0,0.0,37.328,2463625,0.017,0.0,6.765,0.181,21.829,0.585,11.762,0.315,0.0,0.000
0,4294967295,178,47,aclnnMul_MulAiCore_Mul,Mul,dynamic,AI_VECTOR_CORE,1785697972903742.083	,332.527,0.000000,40,0,NO,"""4096,4096;4096,4096""",FLOAT;FLOAT,ND;ND,"""4096,4096""",FLOAT,ND,N/A,0.0,0,0.0,0.0,0.0,0.0,0.0,0.0,0.0,0.0,0.0,0.0,0.0,330.752,21829661,6.784,0.021,3.097,0.009,329.151,0.995,111.922,0.338,0.0,0.000
0,4294967295,179,47,Concat,Concat,dynamic,AI_VECTOR_CORE,1785697972904074.650	,40.321,0.223000,40,0,NO,"""64,16;64,32;64,64;64,128;64,256;64,512;64,1024;64,2048;64,4096;64,8192;64,16;64,32;64,64;64,128;64,256;64,512;64,1024;64,2048;64,4096;64,8192;64,16;64,32;64,64;64,128;64,256;64,512;64,1024;64,2048;64,4096;64,8192;64,16;64,32;64,64;64,128;64,256;64,512;64,1024;64,2048;64,4096;64,8192;64,16;64,32;64,64;64,128;64,256;64,512;64,1024;64,2048;64,4096;64,8192;64,16;64,32;64,64;64,128;64,256;64,512;64,1024;64,2048;64,4096;64,8192;64,16;64,32;64,64;64,128""",FLOAT16;FLOAT16;FLOAT16;FLOAT16;FLOAT16;FLOAT16;FLOAT16;FLOAT16;FLOAT16;FLOAT16;FLOAT16;FLOAT16;FLOAT16;FLOAT16;FLOAT16;FLOAT16;FLOAT16;FLOAT16;FLOAT16;FLOAT16;FLOAT16;FLOAT16;FLOAT16;FLOAT16;FLOAT16;FLOAT16;FLOAT16;FLOAT16;FLOAT16;FLOAT16;FLOAT16;FLOAT16;FLOAT16;FLOAT16;FLOAT16;FLOAT16;FLOAT16;FLOAT16;FLOAT16;FLOAT16;FLOAT16;FLOAT16;FLOAT16;FLOAT16;FLOAT16;FLOAT16;FLOAT16;FLOAT16;FLOAT16;FLOAT16;FLOAT16;FLOAT16;FLOAT16;FLOAT16;FLOAT16;FLOAT16;FLOAT16;FLOAT16;FLOAT16;FLOAT16;FLOAT16;FLOAT16;FLOAT16;FLOAT16,ND;ND;ND;ND;ND;ND;ND;ND;ND;ND;ND;ND;ND;ND;ND;ND;ND;ND;ND;ND;ND;ND;ND;ND;ND;ND;ND;ND;ND;ND;ND;ND;ND;ND;ND;ND;ND;ND;ND;ND;ND;ND;ND;ND;ND;ND;ND;ND;ND;ND;ND;ND;ND;ND;ND;ND;ND;ND;ND;ND;ND;ND;ND;ND,"""64,98448""",FLOAT16,ND,N/A,0.0,0,0.0,0.0,0.0,0.0,0.0,0.0,0.0,0.0,0.0,0.0,0.0,36.937,2437867,0.017,0.0,6.655,0.18,21.236,0.575,11.802,0.32,0.0,0.000
0,4294967295,180,47,aclnnMul_MulAiCore_Mul,Mul,dynamic,AI_VECTOR_CORE,1785697972904114.991	,333.207,0.000000,40,0,NO,"""4096,4096;4096,4096""",FLOAT;FLOAT,ND;ND,"""4096,4096""",FLOAT,ND,N/A,0.0,0,0.0,0.0,0.0,0.0,0.0,0.0,0.0,0.0,0.0,0.0,0.0,331.178,21857741,6.784,0.02,3.024,0.009,329.647,0.995,113.032,0.341,0.0,0.000
0,4294967295,181,47,Concat,Concat,dynamic,AI_VECTOR_CORE,1785697972904448.218	,40.100,0.043000,40,0,NO,"""64,16;64,32;64,64;64,128;64,256;64,512;64,1024;64,2048;64,4096;64,8192;64,16;64,32;64,64;64,128;64,256;64,512;64,1024;64,2048;64,4096;64,8192;64,16;64,32;64,64;64,128;64,256;64,512;64,1024;64,2048;64,4096;64,8192;64,16;64,32;64,64;64,128;64,256;64,512;64,1024;64,2048;64,4096;64,8192;64,16;64,32;64,64;64,128;64,256;64,512;64,1024;64,2048;64,4096;64,8192;64,16;64,32;64,64;64,128;64,256;64,512;64,1024;64,2048;64,4096;64,8192;64,16;64,32;64,64;64,128""",FLOAT16;FLOAT16;FLOAT16;FLOAT16;FLOAT16;FLOAT16;FLOAT16;FLOAT16;FLOAT16;FLOAT16;FLOAT16;FLOAT16;FLOAT16;FLOAT16;FLOAT16;FLOAT16;FLOAT16;FLOAT16;FLOAT16;FLOAT16;FLOAT16;FLOAT16;FLOAT16;FLOAT16;FLOAT16;FLOAT16;FLOAT16;FLOAT16;FLOAT16;FLOAT16;FLOAT16;FLOAT16;FLOAT16;FLOAT16;FLOAT16;FLOAT16;FLOAT16;FLOAT16;FLOAT16;FLOAT16;FLOAT16;FLOAT16;FLOAT16;FLOAT16;FLOAT16;FLOAT16;FLOAT16;FLOAT16;FLOAT16;FLOAT16;FLOAT16;FLOAT16;FLOAT16;FLOAT16;FLOAT16;FLOAT16;FLOAT16;FLOAT16;FLOAT16;FLOAT16;FLOAT16;FLOAT16;FLOAT16;FLOAT16,ND;ND;ND;ND;ND;ND;ND;ND;ND;ND;ND;ND;ND;ND;ND;ND;ND;ND;ND;ND;ND;ND;ND;ND;ND;ND;ND;ND;ND;ND;ND;ND;ND;ND;ND;ND;ND;ND;ND;ND;ND;ND;ND;ND;ND;ND;ND;ND;ND;ND;ND;ND;ND;ND;ND;ND;ND;ND;ND;ND;ND;ND;ND;ND,"""64,98448""",FLOAT16,ND,N/A,0.0,0,0.0,0.0,0.0,0.0,0.0,0.0,0.0,0.0,0.0,0.0,0.0,35.955,2372998,0.017,0.0,7.63,0.212,20.985,0.584,11.06,0.308,0.0,0.000
0,4294967295,182,47,aclnnMul_MulAiCore_Mul,Mul,dynamic,AI_VECTOR_CORE,1785697972904488.338	,333.627,0.000000,40,0,NO,"""4096,4096;4096,4096""",FLOAT;FLOAT,ND;ND,"""4096,4096""",FLOAT,ND,N/A,0.0,0,0.0,0.0,0.0,0.0,0.0,0.0,0.0,0.0,0.0,0.0,0.0,330.891,21838803,6.784,0.021,3.131,0.009,329.216,0.995,112.397,0.34,0.0,0.000
0,4294967295,183,47,Concat,Concat,dynamic,AI_VECTOR_CORE,1785697972904822.005	,40.161,0.123000,40,0,NO,"""64,16;64,32;64,64;64,128;64,256;64,512;64,1024;64,2048;64,4096;64,8192;64,16;64,32;64,64;64,128;64,256;64,512;64,1024;64,2048;64,4096;64,8192;64,16;64,32;64,64;64,128;64,256;64,512;64,1024;64,2048;64,4096;64,8192;64,16;64,32;64,64;64,128;64,256;64,512;64,1024;64,2048;64,4096;64,8192;64,16;64,32;64,64;64,128;64,256;64,512;64,1024;64,2048;64,4096;64,8192;64,16;64,32;64,64;64,128;64,256;64,512;64,1024;64,2048;64,4096;64,8192;64,16;64,32;64,64;64,128""",FLOAT16;FLOAT16;FLOAT16;FLOAT16;FLOAT16;FLOAT16;FLOAT16;FLOAT16;FLOAT16;FLOAT16;FLOAT16;FLOAT16;FLOAT16;FLOAT16;FLOAT16;FLOAT16;FLOAT16;FLOAT16;FLOAT16;FLOAT16;FLOAT16;FLOAT16;FLOAT16;FLOAT16;FLOAT16;FLOAT16;FLOAT16;FLOAT16;FLOAT16;FLOAT16;FLOAT16;FLOAT16;FLOAT16;FLOAT16;FLOAT16;FLOAT16;FLOAT16;FLOAT16;FLOAT16;FLOAT16;FLOAT16;FLOAT16;FLOAT16;FLOAT16;FLOAT16;FLOAT16;FLOAT16;FLOAT16;FLOAT16;FLOAT16;FLOAT16;FLOAT16;FLOAT16;FLOAT16;FLOAT16;FLOAT16;FLOAT16;FLOAT16;FLOAT16;FLOAT16;FLOAT16;FLOAT16;FLOAT16;FLOAT16,ND;ND;ND;ND;ND;ND;ND;ND;ND;ND;ND;ND;ND;ND;ND;ND;ND;ND;ND;ND;ND;ND;ND;ND;ND;ND;ND;ND;ND;ND;ND;ND;ND;ND;ND;ND;ND;ND;ND;ND;ND;ND;ND;ND;ND;ND;ND;ND;ND;ND;ND;ND;ND;ND;ND;ND;ND;ND;ND;ND;ND;ND;ND;ND,"""64,98448""",FLOAT16,ND,N/A,0.0,0,0.0,0.0,0.0,0.0,0.0,0.0,0.0,0.0,0.0,0.0,0.0,36.072,2380733,0.017,0.0,7.717,0.214,21.111,0.585,11.181,0.31,0.0,0.000
0,4294967295,184,47,aclnnMul_MulAiCore_Mul,Mul,dynamic,AI_VECTOR_CORE,1785697972904862.206	,333.266,0.089000,40,0,NO,"""4096,4096;4096,4096""",FLOAT;FLOAT,ND;ND,"""4096,4096""",FLOAT,ND,N/A,0.0,0,0.0,0.0,0.0,0.0,0.0,0.0,0.0,0.0,0.0,0.0,0.0,330.67,21824221,6.784,0.021,2.928,0.009,329.169,0.995,112.29,0.34,0.0,0.000
0,4294967295,185,47,Concat,Concat,dynamic,AI_VECTOR_CORE,1785697972905195.492	,40.501,0.000000,40,0,NO,"""64,16;64,32;64,64;64,128;64,256;64,512;64,1024;64,2048;64,4096;64,8192;64,16;64,32;64,64;64,128;64,256;64,512;64,1024;64,2048;64,4096;64,8192;64,16;64,32;64,64;64,128;64,256;64,512;64,1024;64,2048;64,4096;64,8192;64,16;64,32;64,64;64,128;64,256;64,512;64,1024;64,2048;64,4096;64,8192;64,16;64,32;64,64;64,128;64,256;64,512;64,1024;64,2048;64,4096;64,8192;64,16;64,32;64,64;64,128;64,256;64,512;64,1024;64,2048;64,4096;64,8192;64,16;64,32;64,64;64,128""",FLOAT16;FLOAT16;FLOAT16;FLOAT16;FLOAT16;FLOAT16;FLOAT16;FLOAT16;FLOAT16;FLOAT16;FLOAT16;FLOAT16;FLOAT16;FLOAT16;FLOAT16;FLOAT16;FLOAT16;FLOAT16;FLOAT16;FLOAT16;FLOAT16;FLOAT16;FLOAT16;FLOAT16;FLOAT16;FLOAT16;FLOAT16;FLOAT16;FLOAT16;FLOAT16;FLOAT16;FLOAT16;FLOAT16;FLOAT16;FLOAT16;FLOAT16;FLOAT16;FLOAT16;FLOAT16;FLOAT16;FLOAT16;FLOAT16;FLOAT16;FLOAT16;FLOAT16;FLOAT16;FLOAT16;FLOAT16;FLOAT16;FLOAT16;FLOAT16;FLOAT16;FLOAT16;FLOAT16;FLOAT16;FLOAT16;FLOAT16;FLOAT16;FLOAT16;FLOAT16;FLOAT16;FLOAT16;FLOAT16;FLOAT16,ND;ND;ND;ND;ND;ND;ND;ND;ND;ND;ND;ND;ND;ND;ND;ND;ND;ND;ND;ND;ND;ND;ND;ND;ND;ND;ND;ND;ND;ND;ND;ND;ND;ND;ND;ND;ND;ND;ND;ND;ND;ND;ND;ND;ND;ND;ND;ND;ND;ND;ND;ND;ND;ND;ND;ND;ND;ND;ND;ND;ND;ND;ND;ND,"""64,98448""",FLOAT16,ND,N/A,0.0,0,0.0,0.0,0.0,0.0,0.0,0.0,0.0,0.0,0.0,0.0,0.0,37.49,2474351,0.017,0.0,7.363,0.196,22.011,0.587,11.503,0.307,0.0,0.000
0,4294967295,186,47,aclnnMul_MulAiCore_Mul,Mul,dynamic,AI_VECTOR_CORE,1785697972905236.013	,333.927,0.000000,40,0,NO,"""4096,4096;4096,4096""",FLOAT;FLOAT,ND;ND,"""4096,4096""",FLOAT,ND,N/A,0.0,0,0.0,0.0,0.0,0.0,0.0,0.0,0.0,0.0,0.0,0.0,0.0,332.128,21920472,6.784,0.02,3.049,0.009,330.554,0.995,111.948,0.337,0.0,0.000
0,4294967295,187,47,Concat,Concat,dynamic,AI_VECTOR_CORE,1785697972905569.960	,40.501,0.073000,40,0,NO,"""64,16;64,32;64,64;64,128;64,256;64,512;64,1024;64,2048;64,4096;64,8192;64,16;64,32;64,64;64,128;64,256;64,512;64,1024;64,2048;64,4096;64,8192;64,16;64,32;64,64;64,128;64,256;64,512;64,1024;64,2048;64,4096;64,8192;64,16;64,32;64,64;64,128;64,256;64,512;64,1024;64,2048;64,4096;64,8192;64,16;64,32;64,64;64,128;64,256;64,512;64,1024;64,2048;64,4096;64,8192;64,16;64,32;64,64;64,128;64,256;64,512;64,1024;64,2048;64,4096;64,8192;64,16;64,32;64,64;64,128""",FLOAT16;FLOAT16;FLOAT16;FLOAT16;FLOAT16;FLOAT16;FLOAT16;FLOAT16;FLOAT16;FLOAT16;FLOAT16;FLOAT16;FLOAT16;FLOAT16;FLOAT16;FLOAT16;FLOAT16;FLOAT16;FLOAT16;FLOAT16;FLOAT16;FLOAT16;FLOAT16;FLOAT16;FLOAT16;FLOAT16;FLOAT16;FLOAT16;FLOAT16;FLOAT16;FLOAT16;FLOAT16;FLOAT16;FLOAT16;FLOAT16;FLOAT16;FLOAT16;FLOAT16;FLOAT16;FLOAT16;FLOAT16;FLOAT16;FLOAT16;FLOAT16;FLOAT16;FLOAT16;FLOAT16;FLOAT16;FLOAT16;FLOAT16;FLOAT16;FLOAT16;FLOAT16;FLOAT16;FLOAT16;FLOAT16;FLOAT16;FLOAT16;FLOAT16;FLOAT16;FLOAT16;FLOAT16;FLOAT16;FLOAT16,ND;ND;ND;ND;ND;ND;ND;ND;ND;ND;ND;ND;ND;ND;ND;ND;ND;ND;ND;ND;ND;ND;ND;ND;ND;ND;ND;ND;ND;ND;ND;ND;ND;ND;ND;ND;ND;ND;ND;ND;ND;ND;ND;ND;ND;ND;ND;ND;ND;ND;ND;ND;ND;ND;ND;ND;ND;ND;ND;ND;ND;ND;ND;ND,"""64,98448""",FLOAT16,ND,N/A,0.0,0,0.0,0.0,0.0,0.0,0.0,0.0,0.0,0.0,0.0,0.0,0.0,36.892,2434866,0.017,0.0,8.669,0.235,21.31,0.578,11.414,0.309,0.0,0.000
0,4294967295,188,47,aclnnMul_MulAiCore_Mul,Mul,dynamic,AI_VECTOR_CORE,1785697972905610.501	,332.866,0.000000,40,0,NO,"""4096,4096;4096,4096""",FLOAT;FLOAT,ND;ND,"""4096,4096""",FLOAT,ND,N/A,0.0,0,0.0,0.0,0.0,0.0,0.0,0.0,0.0,0.0,0.0,0.0,0.0,330.948,21842546,6.784,0.021,2.955,0.009,329.491,0.996,111.174,0.336,0.0,0.000
0,4294967295,189,47,Concat,Concat,dynamic,AI_VECTOR_CORE,1785697972905943.387	,39.041,0.134000,40,0,NO,"""64,16;64,32;64,64;64,128;64,256;64,512;64,1024;64,2048;64,4096;64,8192;64,16;64,32;64,64;64,128;64,256;64,512;64,1024;64,2048;64,4096;64,8192;64,16;64,32;64,64;64,128;64,256;64,512;64,1024;64,2048;64,4096;64,8192;64,16;64,32;64,64;64,128;64,256;64,512;64,1024;64,2048;64,4096;64,8192;64,16;64,32;64,64;64,128;64,256;64,512;64,1024;64,2048;64,4096;64,8192;64,16;64,32;64,64;64,128;64,256;64,512;64,1024;64,2048;64,4096;64,8192;64,16;64,32;64,64;64,128""",FLOAT16;FLOAT16;FLOAT16;FLOAT16;FLOAT16;FLOAT16;FLOAT16;FLOAT16;FLOAT16;FLOAT16;FLOAT16;FLOAT16;FLOAT16;FLOAT16;FLOAT16;FLOAT16;FLOAT16;FLOAT16;FLOAT16;FLOAT16;FLOAT16;FLOAT16;FLOAT16;FLOAT16;FLOAT16;FLOAT16;FLOAT16;FLOAT16;FLOAT16;FLOAT16;FLOAT16;FLOAT16;FLOAT16;FLOAT16;FLOAT16;FLOAT16;FLOAT16;FLOAT16;FLOAT16;FLOAT16;FLOAT16;FLOAT16;FLOAT16;FLOAT16;FLOAT16;FLOAT16;FLOAT16;FLOAT16;FLOAT16;FLOAT16;FLOAT16;FLOAT16;FLOAT16;FLOAT16;FLOAT16;FLOAT16;FLOAT16;FLOAT16;FLOAT16;FLOAT16;FLOAT16;FLOAT16;FLOAT16;FLOAT16,ND;ND;ND;ND;ND;ND;ND;ND;ND;ND;ND;ND;ND;ND;ND;ND;ND;ND;ND;ND;ND;ND;ND;ND;ND;ND;ND;ND;ND;ND;ND;ND;ND;ND;ND;ND;ND;ND;ND;ND;ND;ND;ND;ND;ND;ND;ND;ND;ND;ND;ND;ND;ND;ND;ND;ND;ND;ND;ND;ND;ND;ND;ND;ND,"""64,98448""",FLOAT16,ND,N/A,0.0,0,0.0,0.0,0.0,0.0,0.0,0.0,0.0,0.0,0.0,0.0,0.0,35.026,2311708,0.017,0.0,7.391,0.211,20.379,0.582,11.036,0.315,0.0,0.000
0,4294967295,190,47,aclnnMul_MulAiCore_Mul,Mul,dynamic,AI_VECTOR_CORE,1785697972905982.448	,332.487,0.000000,40,0,NO,"""4096,4096;4096,4096""",FLOAT;FLOAT,ND;ND,"""4096,4096""",FLOAT,ND,N/A,0.0,0,0.0,0.0,0.0,0.0,0.0,0.0,0.0,0.0,0.0,0.0,0.0,330.455,21810052,6.784,0.021,3.039,0.009,328.904,0.995,111.859,0.338,0.0,0.000
0,4294967295,191,47,Concat,Concat,dynamic,AI_VECTOR_CORE,1785697972906314.955	,39.861,0.013000,40,0,NO,"""64,16;64,32;64,64;64,128;64,256;64,512;64,1024;64,2048;64,4096;64,8192;64,16;64,32;64,64;64,128;64,256;64,512;64,1024;64,2048;64,4096;64,8192;64,16;64,32;64,64;64,128;64,256;64,512;64,1024;64,2048;64,4096;64,8192;64,16;64,32;64,64;64,128;64,256;64,512;64,1024;64,2048;64,4096;64,8192;64,16;64,32;64,64;64,128;64,256;64,512;64,1024;64,2048;64,4096;64,8192;64,16;64,32;64,64;64,128;64,256;64,512;64,1024;64,2048;64,4096;64,8192;64,16;64,32;64,64;64,128""",FLOAT16;FLOAT16;FLOAT16;FLOAT16;FLOAT16;FLOAT16;FLOAT16;FLOAT16;FLOAT16;FLOAT16;FLOAT16;FLOAT16;FLOAT16;FLOAT16;FLOAT16;FLOAT16;FLOAT16;FLOAT16;FLOAT16;FLOAT16;FLOAT16;FLOAT16;FLOAT16;FLOAT16;FLOAT16;FLOAT16;FLOAT16;FLOAT16;FLOAT16;FLOAT16;FLOAT16;FLOAT16;FLOAT16;FLOAT16;FLOAT16;FLOAT16;FLOAT16;FLOAT16;FLOAT16;FLOAT16;FLOAT16;FLOAT16;FLOAT16;FLOAT16;FLOAT16;FLOAT16;FLOAT16;FLOAT16;FLOAT16;FLOAT16;FLOAT16;FLOAT16;FLOAT16;FLOAT16;FLOAT16;FLOAT16;FLOAT16;FLOAT16;FLOAT16;FLOAT16;FLOAT16;FLOAT16;FLOAT16;FLOAT16,ND;ND;ND;ND;ND;ND;ND;ND;ND;ND;ND;ND;ND;ND;ND;ND;ND;ND;ND;ND;ND;ND;ND;ND;ND;ND;ND;ND;ND;ND;ND;ND;ND;ND;ND;ND;ND;ND;ND;ND;ND;ND;ND;ND;ND;ND;ND;ND;ND;ND;ND;ND;ND;ND;ND;ND;ND;ND;ND;ND;ND;ND;ND;ND,"""64,98448""",FLOAT16,ND,N/A,0.0,0,0.0,0.0,0.0,0.0,0.0,0.0,0.0,0.0,0.0,0.0,0.0,35.513,2343851,0.017,0.0,7.808,0.22,20.625,0.581,11.116,0.313,0.0,0.000
0,4294967295,192,47,aclnnMul_MulAiCore_Mul,Mul,dynamic,AI_VECTOR_CORE,1785697972906354.836	,333.026,0.000000,40,0,NO,"""4096,4096;4096,4096""",FLOAT;FLOAT,ND;ND,"""4096,4096""",FLOAT,ND,N/A,0.0,0,0.0,0.0,0.0,0.0,0.0,0.0,0.0,0.0,0.0,0.0,0.0,330.797,21832593,6.784,0.021,2.949,0.009,329.308,0.995,113.08,0.342,0.0,0.000
0,4294967295,193,47,Concat,Concat,dynamic,AI_VECTOR_CORE,1785697972906687.902	,40.241,0.224000,40,0,NO,"""64,16;64,32;64,64;64,128;64,256;64,512;64,1024;64,2048;64,4096;64,8192;64,16;64,32;64,64;64,128;64,256;64,512;64,1024;64,2048;64,4096;64,8192;64,16;64,32;64,64;64,128;64,256;64,512;64,1024;64,2048;64,4096;64,8192;64,16;64,32;64,64;64,128;64,256;64,512;64,1024;64,2048;64,4096;64,8192;64,16;64,32;64,64;64,128;64,256;64,512;64,1024;64,2048;64,4096;64,8192;64,16;64,32;64,64;64,128;64,256;64,512;64,1024;64,2048;64,4096;64,8192;64,16;64,32;64,64;64,128""",FLOAT16;FLOAT16;FLOAT16;FLOAT16;FLOAT16;FLOAT16;FLOAT16;FLOAT16;FLOAT16;FLOAT16;FLOAT16;FLOAT16;FLOAT16;FLOAT16;FLOAT16;FLOAT16;FLOAT16;FLOAT16;FLOAT16;FLOAT16;FLOAT16;FLOAT16;FLOAT16;FLOAT16;FLOAT16;FLOAT16;FLOAT16;FLOAT16;FLOAT16;FLOAT16;FLOAT16;FLOAT16;FLOAT16;FLOAT16;FLOAT16;FLOAT16;FLOAT16;FLOAT16;FLOAT16;FLOAT16;FLOAT16;FLOAT16;FLOAT16;FLOAT16;FLOAT16;FLOAT16;FLOAT16;FLOAT16;FLOAT16;FLOAT16;FLOAT16;FLOAT16;FLOAT16;FLOAT16;FLOAT16;FLOAT16;FLOAT16;FLOAT16;FLOAT16;FLOAT16;FLOAT16;FLOAT16;FLOAT16;FLOAT16,ND;ND;ND;ND;ND;ND;ND;ND;ND;ND;ND;ND;ND;ND;ND;ND;ND;ND;ND;ND;ND;ND;ND;ND;ND;ND;ND;ND;ND;ND;ND;ND;ND;ND;ND;ND;ND;ND;ND;ND;ND;ND;ND;ND;ND;ND;ND;ND;ND;ND;ND;ND;ND;ND;ND;ND;ND;ND;ND;ND;ND;ND;ND;ND,"""64,98448""",FLOAT16,ND,N/A,0.0,0,0.0,0.0,0.0,0.0,0.0,0.0,0.0,0.0,0.0,0.0,0.0,36.552,2412429,0.017,0.0,6.796,0.186,21.184,0.58,11.528,0.315,0.0,0.000
0,4294967295,194,47,aclnnMul_MulAiCore_Mul,Mul,dynamic,AI_VECTOR_CORE,1785697972906728.163	,332.487,0.009000,40,0,NO,"""4096,4096;4096,4096""",FLOAT;FLOAT,ND;ND,"""4096,4096""",FLOAT,ND,N/A,0.0,0,0.0,0.0,0.0,0.0,0.0,0.0,0.0,0.0,0.0,0.0,0.0,330.409,21806981,6.784,0.021,3.042,0.009,328.793,0.995,112.757,0.341,0.0,0.000
0,4294967295,195,47,Concat,Concat,dynamic,AI_VECTOR_CORE,1785697972907060.670	,40.601,0.013000,40,0,NO,"""64,16;64,32;64,64;64,128;64,256;64,512;64,1024;64,2048;64,4096;64,8192;64,16;64,32;64,64;64,128;64,256;64,512;64,1024;64,2048;64,4096;64,8192;64,16;64,32;64,64;64,128;64,256;64,512;64,1024;64,2048;64,4096;64,8192;64,16;64,32;64,64;64,128;64,256;64,512;64,1024;64,2048;64,4096;64,8192;64,16;64,32;64,64;64,128;64,256;64,512;64,1024;64,2048;64,4096;64,8192;64,16;64,32;64,64;64,128;64,256;64,512;64,1024;64,2048;64,4096;64,8192;64,16;64,32;64,64;64,128""",FLOAT16;FLOAT16;FLOAT16;FLOAT16;FLOAT16;FLOAT16;FLOAT16;FLOAT16;FLOAT16;FLOAT16;FLOAT16;FLOAT16;FLOAT16;FLOAT16;FLOAT16;FLOAT16;FLOAT16;FLOAT16;FLOAT16;FLOAT16;FLOAT16;FLOAT16;FLOAT16;FLOAT16;FLOAT16;FLOAT16;FLOAT16;FLOAT16;FLOAT16;FLOAT16;FLOAT16;FLOAT16;FLOAT16;FLOAT16;FLOAT16;FLOAT16;FLOAT16;FLOAT16;FLOAT16;FLOAT16;FLOAT16;FLOAT16;FLOAT16;FLOAT16;FLOAT16;FLOAT16;FLOAT16;FLOAT16;FLOAT16;FLOAT16;FLOAT16;FLOAT16;FLOAT16;FLOAT16;FLOAT16;FLOAT16;FLOAT16;FLOAT16;FLOAT16;FLOAT16;FLOAT16;FLOAT16;FLOAT16;FLOAT16,ND;ND;ND;ND;ND;ND;ND;ND;ND;ND;ND;ND;ND;ND;ND;ND;ND;ND;ND;ND;ND;ND;ND;ND;ND;ND;ND;ND;ND;ND;ND;ND;ND;ND;ND;ND;ND;ND;ND;ND;ND;ND;ND;ND;ND;ND;ND;ND;ND;ND;ND;ND;ND;ND;ND;ND;ND;ND;ND;ND;ND;ND;ND;ND,"""64,98448""",FLOAT16,ND,N/A,0.0,0,0.0,0.0,0.0,0.0,0.0,0.0,0.0,0.0,0.0,0.0,0.0,36.96,2439389,0.017,0.0,6.919,0.187,21.456,0.581,11.702,0.317,0.0,0.000
0,4294967295,196,47,aclnnMul_MulAiCore_Mul,Mul,dynamic,AI_VECTOR_CORE,1785697972907101.291	,332.526,0.000000,40,0,NO,"""4096,4096;4096,4096""",FLOAT;FLOAT,ND;ND,"""4096,4096""",FLOAT,ND,N/A,0.0,0,0.0,0.0,0.0,0.0,0.0,0.0,0.0,0.0,0.0,0.0,0.0,330.091,21786010,6.784,0.021,2.912,0.009,328.646,0.996,112.149,0.34,0.0,0.000
0,4294967295,197,47,Concat,Concat,dynamic,AI_VECTOR_CORE,1785697972907433.837	,40.241,0.000000,40,0,NO,"""64,16;64,32;64,64;64,128;64,256;64,512;64,1024;64,2048;64,4096;64,8192;64,16;64,32;64,64;64,128;64,256;64,512;64,1024;64,2048;64,4096;64,8192;64,16;64,32;64,64;64,128;64,256;64,512;64,1024;64,2048;64,4096;64,8192;64,16;64,32;64,64;64,128;64,256;64,512;64,1024;64,2048;64,4096;64,8192;64,16;64,32;64,64;64,128;64,256;64,512;64,1024;64,2048;64,4096;64,8192;64,16;64,32;64,64;64,128;64,256;64,512;64,1024;64,2048;64,4096;64,8192;64,16;64,32;64,64;64,128""",FLOAT16;FLOAT16;FLOAT16;FLOAT16;FLOAT16;FLOAT16;FLOAT16;FLOAT16;FLOAT16;FLOAT16;FLOAT16;FLOAT16;FLOAT16;FLOAT16;FLOAT16;FLOAT16;FLOAT16;FLOAT16;FLOAT16;FLOAT16;FLOAT16;FLOAT16;FLOAT16;FLOAT16;FLOAT16;FLOAT16;FLOAT16;FLOAT16;FLOAT16;FLOAT16;FLOAT16;FLOAT16;FLOAT16;FLOAT16;FLOAT16;FLOAT16;FLOAT16;FLOAT16;FLOAT16;FLOAT16;FLOAT16;FLOAT16;FLOAT16;FLOAT16;FLOAT16;FLOAT16;FLOAT16;FLOAT16;FLOAT16;FLOAT16;FLOAT16;FLOAT16;FLOAT16;FLOAT16;FLOAT16;FLOAT16;FLOAT16;FLOAT16;FLOAT16;FLOAT16;FLOAT16;FLOAT16;FLOAT16;FLOAT16,ND;ND;ND;ND;ND;ND;ND;ND;ND;ND;ND;ND;ND;ND;ND;ND;ND;ND;ND;ND;ND;ND;ND;ND;ND;ND;ND;ND;ND;ND;ND;ND;ND;ND;ND;ND;ND;ND;ND;ND;ND;ND;ND;ND;ND;ND;ND;ND;ND;ND;ND;ND;ND;ND;ND;ND;ND;ND;ND;ND;ND;ND;ND;ND,"""64,98448""",FLOAT16,ND,N/A,0.0,0,0.0,0.0,0.0,0.0,0.0,0.0,0.0,0.0,0.0,0.0,0.0,36.283,2394683,0.017,0.0,7.583,0.209,21.519,0.593,10.939,0.302,0.0,0.000
0,4294967295,198,47,aclnnMul_MulAiCore_Mul,Mul,dynamic,AI_VECTOR_CORE,1785697972907474.098	,332.507,0.009000,40,0,NO,"""4096,4096;4096,4096""",FLOAT;FLOAT,ND;ND,"""4096,4096""",FLOAT,ND,N/A,0.0,0,0.0,0.0,0.0,0.0,0.0,0.0,0.0,0.0,0.0,0.0,0.0,330.166,21790956,6.784,0.021,3.001,0.009,328.645,0.995,111.473,0.338,0.0,0.000
0,4294967295,199,47,Concat,Concat,dynamic,AI_VECTOR_CORE,1785697972907806.625	,39.780,0.000000,40,0,NO,"""64,16;64,32;64,64;64,128;64,256;64,512;64,1024;64,2048;64,4096;64,8192;64,16;64,32;64,64;64,128;64,256;64,512;64,1024;64,2048;64,4096;64,8192;64,16;64,32;64,64;64,128;64,256;64,512;64,1024;64,2048;64,4096;64,8192;64,16;64,32;64,64;64,128;64,256;64,512;64,1024;64,2048;64,4096;64,8192;64,16;64,32;64,64;64,128;64,256;64,512;64,1024;64,2048;64,4096;64,8192;64,16;64,32;64,64;64,128;64,256;64,512;64,1024;64,2048;64,4096;64,8192;64,16;64,32;64,64;64,128""",FLOAT16;FLOAT16;FLOAT16;FLOAT16;FLOAT16;FLOAT16;FLOAT16;FLOAT16;FLOAT16;FLOAT16;FLOAT16;FLOAT16;FLOAT16;FLOAT16;FLOAT16;FLOAT16;FLOAT16;FLOAT16;FLOAT16;FLOAT16;FLOAT16;FLOAT16;FLOAT16;FLOAT16;FLOAT16;FLOAT16;FLOAT16;FLOAT16;FLOAT16;FLOAT16;FLOAT16;FLOAT16;FLOAT16;FLOAT16;FLOAT16;FLOAT16;FLOAT16;FLOAT16;FLOAT16;FLOAT16;FLOAT16;FLOAT16;FLOAT16;FLOAT16;FLOAT16;FLOAT16;FLOAT16;FLOAT16;FLOAT16;FLOAT16;FLOAT16;FLOAT16;FLOAT16;FLOAT16;FLOAT16;FLOAT16;FLOAT16;FLOAT16;FLOAT16;FLOAT16;FLOAT16;FLOAT16;FLOAT16;FLOAT16,ND;ND;ND;ND;ND;ND;ND;ND;ND;ND;ND;ND;ND;ND;ND;ND;ND;ND;ND;ND;ND;ND;ND;ND;ND;ND;ND;ND;ND;ND;ND;ND;ND;ND;ND;ND;ND;ND;ND;ND;ND;ND;ND;ND;ND;ND;ND;ND;ND;ND;ND;ND;ND;ND;ND;ND;ND;ND;ND;ND;ND;ND;ND;ND,"""64,98448""",FLOAT16,ND,N/A,0.0,0,0.0,0.0,0.0,0.0,0.0,0.0,0.0,0.0,0.0,0.0,0.0,36.015,2376992,0.017,0.0,7.356,0.204,21.21,0.589,11.063,0.307,0.0,0.000
0,4294967295,200,47,aclnnMul_MulAiCore_Mul,Mul,dynamic,AI_VECTOR_CORE,1785697972907846.425	,333.227,0.220000,40,0,NO,"""4096,4096;4096,4096""",FLOAT;FLOAT,ND;ND,"""4096,4096""",FLOAT,ND,N/A,0.0,0,0.0,0.0,0.0,0.0,0.0,0.0,0.0,0.0,0.0,0.0,0.0,331.262,21863262,6.784,0.02,3.064,0.009,329.665,0.995,112.72,0.34,0.0,0.000
0,4294967295,201,47,Concat,Concat,dynamic,AI_VECTOR_CORE,1785697972908179.692	,40.601,0.023000,40,0,NO,"""64,16;64,32;64,64;64,128;64,256;64,512;64,1024;64,2048;64,4096;64,8192;64,16;64,32;64,64;64,128;64,256;64,512;64,1024;64,2048;64,4096;64,8192;64,16;64,32;64,64;64,128;64,256;64,512;64,1024;64,2048;64,4096;64,8192;64,16;64,32;64,64;64,128;64,256;64,512;64,1024;64,2048;64,4096;64,8192;64,16;64,32;64,64;64,128;64,256;64,512;64,1024;64,2048;64,4096;64,8192;64,16;64,32;64,64;64,128;64,256;64,512;64,1024;64,2048;64,4096;64,8192;64,16;64,32;64,64;64,128""",FLOAT16;FLOAT16;FLOAT16;FLOAT16;FLOAT16;FLOAT16;FLOAT16;FLOAT16;FLOAT16;FLOAT16;FLOAT16;FLOAT16;FLOAT16;FLOAT16;FLOAT16;FLOAT16;FLOAT16;FLOAT16;FLOAT16;FLOAT16;FLOAT16;FLOAT16;FLOAT16;FLOAT16;FLOAT16;FLOAT16;FLOAT16;FLOAT16;FLOAT16;FLOAT16;FLOAT16;FLOAT16;FLOAT16;FLOAT16;FLOAT16;FLOAT16;FLOAT16;FLOAT16;FLOAT16;FLOAT16;FLOAT16;FLOAT16;FLOAT16;FLOAT16;FLOAT16;FLOAT16;FLOAT16;FLOAT16;FLOAT16;FLOAT16;FLOAT16;FLOAT16;FLOAT16;FLOAT16;FLOAT16;FLOAT16;FLOAT16;FLOAT16;FLOAT16;FLOAT16;FLOAT16;FLOAT16;FLOAT16;FLOAT16,ND;ND;ND;ND;ND;ND;ND;ND;ND;ND;ND;ND;ND;ND;ND;ND;ND;ND;ND;ND;ND;ND;ND;ND;ND;ND;ND;ND;ND;ND;ND;ND;ND;ND;ND;ND;ND;ND;ND;ND;ND;ND;ND;ND;ND;ND;ND;ND;ND;ND;ND;ND;ND;ND;ND;ND;ND;ND;ND;ND;ND;ND;ND;ND,"""64,98448""",FLOAT16,ND,N/A,0.0,0,0.0,0.0,0.0,0.0,0.0,0.0,0.0,0.0,0.0,0.0,0.0,36.725,2423852,0.017,0.0,8.057,0.219,21.39,0.582,11.267,0.307,0.0,0.000
0,4294967295,202,47,aclnnMul_MulAiCore_Mul,Mul,dynamic,AI_VECTOR_CORE,1785697972908220.313	,333.327,0.000000,40,0,NO,"""4096,4096;4096,4096""",FLOAT;FLOAT,ND;ND,"""4096,4096""",FLOAT,ND,N/A,0.0,0,0.0,0.0,0.0,0.0,0.0,0.0,0.0,0.0,0.0,0.0,0.0,330.831,21834866,6.784,0.021,3.135,0.009,329.148,0.995,113.444,0.343,0.0,0.000
0,4294967295,203,47,Concat,Concat,dynamic,AI_VECTOR_CORE,1785697972908553.680	,41.500,0.173000,40,0,NO,"""64,16;64,32;64,64;64,128;64,256;64,512;64,1024;64,2048;64,4096;64,8192;64,16;64,32;64,64;64,128;64,256;64,512;64,1024;64,2048;64,4096;64,8192;64,16;64,32;64,64;64,128;64,256;64,512;64,1024;64,2048;64,4096;64,8192;64,16;64,32;64,64;64,128;64,256;64,512;64,1024;64,2048;64,4096;64,8192;64,16;64,32;64,64;64,128;64,256;64,512;64,1024;64,2048;64,4096;64,8192;64,16;64,32;64,64;64,128;64,256;64,512;64,1024;64,2048;64,4096;64,8192;64,16;64,32;64,64;64,128""",FLOAT16;FLOAT16;FLOAT16;FLOAT16;FLOAT16;FLOAT16;FLOAT16;FLOAT16;FLOAT16;FLOAT16;FLOAT16;FLOAT16;FLOAT16;FLOAT16;FLOAT16;FLOAT16;FLOAT16;FLOAT16;FLOAT16;FLOAT16;FLOAT16;FLOAT16;FLOAT16;FLOAT16;FLOAT16;FLOAT16;FLOAT16;FLOAT16;FLOAT16;FLOAT16;FLOAT16;FLOAT16;FLOAT16;FLOAT16;FLOAT16;FLOAT16;FLOAT16;FLOAT16;FLOAT16;FLOAT16;FLOAT16;FLOAT16;FLOAT16;FLOAT16;FLOAT16;FLOAT16;FLOAT16;FLOAT16;FLOAT16;FLOAT16;FLOAT16;FLOAT16;FLOAT16;FLOAT16;FLOAT16;FLOAT16;FLOAT16;FLOAT16;FLOAT16;FLOAT16;FLOAT16;FLOAT16;FLOAT16;FLOAT16,ND;ND;ND;ND;ND;ND;ND;ND;ND;ND;ND;ND;ND;ND;ND;ND;ND;ND;ND;ND;ND;ND;ND;ND;ND;ND;ND;ND;ND;ND;ND;ND;ND;ND;ND;ND;ND;ND;ND;ND;ND;ND;ND;ND;ND;ND;ND;ND;ND;ND;ND;ND;ND;ND;ND;ND;ND;ND;ND;ND;ND;ND;ND;ND,"""64,98448""",FLOAT16,ND,N/A,0.0,0,0.0,0.0,0.0,0.0,0.0,0.0,0.0,0.0,0.0,0.0,0.0,38.173,2519406,0.017,0.0,9.03,0.237,21.726,0.569,11.514,0.302,0.0,0.000
0,4294967295,204,47,aclnnMul_MulAiCore_Mul,Mul,dynamic,AI_VECTOR_CORE,1785697972908595.220	,333.227,0.000000,40,0,NO,"""4096,4096;4096,4096""",FLOAT;FLOAT,ND;ND,"""4096,4096""",FLOAT,ND,N/A,0.0,0,0.0,0.0,0.0,0.0,0.0,0.0,0.0,0.0,0.0,0.0,0.0,330.958,21843249,6.784,0.02,3.006,0.009,329.421,0.995,110.862,0.335,0.0,0.000
0,4294967295,205,47,Concat,Concat,dynamic,AI_VECTOR_CORE,1785697972908928.467	,39.301,0.023000,40,0,NO,"""64,16;64,32;64,64;64,128;64,256;64,512;64,1024;64,2048;64,4096;64,8192;64,16;64,32;64,64;64,128;64,256;64,512;64,1024;64,2048;64,4096;64,8192;64,16;64,32;64,64;64,128;64,256;64,512;64,1024;64,2048;64,4096;64,8192;64,16;64,32;64,64;64,128;64,256;64,512;64,1024;64,2048;64,4096;64,8192;64,16;64,32;64,64;64,128;64,256;64,512;64,1024;64,2048;64,4096;64,8192;64,16;64,32;64,64;64,128;64,256;64,512;64,1024;64,2048;64,4096;64,8192;64,16;64,32;64,64;64,128""",FLOAT16;FLOAT16;FLOAT16;FLOAT16;FLOAT16;FLOAT16;FLOAT16;FLOAT16;FLOAT16;FLOAT16;FLOAT16;FLOAT16;FLOAT16;FLOAT16;FLOAT16;FLOAT16;FLOAT16;FLOAT16;FLOAT16;FLOAT16;FLOAT16;FLOAT16;FLOAT16;FLOAT16;FLOAT16;FLOAT16;FLOAT16;FLOAT16;FLOAT16;FLOAT16;FLOAT16;FLOAT16;FLOAT16;FLOAT16;FLOAT16;FLOAT16;FLOAT16;FLOAT16;FLOAT16;FLOAT16;FLOAT16;FLOAT16;FLOAT16;FLOAT16;FLOAT16;FLOAT16;FLOAT16;FLOAT16;FLOAT16;FLOAT16;FLOAT16;FLOAT16;FLOAT16;FLOAT16;FLOAT16;FLOAT16;FLOAT16;FLOAT16;FLOAT16;FLOAT16;FLOAT16;FLOAT16;FLOAT16;FLOAT16,ND;ND;ND;ND;ND;ND;ND;ND;ND;ND;ND;ND;ND;ND;ND;ND;ND;ND;ND;ND;ND;ND;ND;ND;ND;ND;ND;ND;ND;ND;ND;ND;ND;ND;ND;ND;ND;ND;ND;ND;ND;ND;ND;ND;ND;ND;ND;ND;ND;ND;ND;ND;ND;ND;ND;ND;ND;ND;ND;ND;ND;ND;ND;ND,"""64,98448""",FLOAT16,ND,N/A,0.0,0,0.0,0.0,0.0,0.0,0.0,0.0,0.0,0.0,0.0,0.0,0.0,35.16,2320536,0.017,0.0,8.108,0.231,20.606,0.586,10.728,0.305,0.0,0.000
0,4294967295,206,47,aclnnMul_MulAiCore_Mul,Mul,dynamic,AI_VECTOR_CORE,1785697972908967.788	,332.446,0.000000,40,0,NO,"""4096,4096;4096,4096""",FLOAT;FLOAT,ND;ND,"""4096,4096""",FLOAT,ND,N/A,0.0,0,0.0,0.0,0.0,0.0,0.0,0.0,0.0,0.0,0.0,0.0,0.0,330.632,21821711,6.784,0.021,3.095,0.009,329.017,0.995,112.462,0.34,0.0,0.000
0,4294967295,207,47,Concat,Concat,dynamic,AI_VECTOR_CORE,1785697972909300.274	,38.901,0.054000,40,0,NO,"""64,16;64,32;64,64;64,128;64,256;64,512;64,1024;64,2048;64,4096;64,8192;64,16;64,32;64,64;64,128;64,256;64,512;64,1024;64,2048;64,4096;64,8192;64,16;64,32;64,64;64,128;64,256;64,512;64,1024;64,2048;64,4096;64,8192;64,16;64,32;64,64;64,128;64,256;64,512;64,1024;64,2048;64,4096;64,8192;64,16;64,32;64,64;64,128;64,256;64,512;64,1024;64,2048;64,4096;64,8192;64,16;64,32;64,64;64,128;64,256;64,512;64,1024;64,2048;64,4096;64,8192;64,16;64,32;64,64;64,128""",FLOAT16;FLOAT16;FLOAT16;FLOAT16;FLOAT16;FLOAT16;FLOAT16;FLOAT16;FLOAT16;FLOAT16;FLOAT16;FLOAT16;FLOAT16;FLOAT16;FLOAT16;FLOAT16;FLOAT16;FLOAT16;FLOAT16;FLOAT16;FLOAT16;FLOAT16;FLOAT16;FLOAT16;FLOAT16;FLOAT16;FLOAT16;FLOAT16;FLOAT16;FLOAT16;FLOAT16;FLOAT16;FLOAT16;FLOAT16;FLOAT16;FLOAT16;FLOAT16;FLOAT16;FLOAT16;FLOAT16;FLOAT16;FLOAT16;FLOAT16;FLOAT16;FLOAT16;FLOAT16;FLOAT16;FLOAT16;FLOAT16;FLOAT16;FLOAT16;FLOAT16;FLOAT16;FLOAT16;FLOAT16;FLOAT16;FLOAT16;FLOAT16;FLOAT16;FLOAT16;FLOAT16;FLOAT16;FLOAT16;FLOAT16,ND;ND;ND;ND;ND;ND;ND;ND;ND;ND;ND;ND;ND;ND;ND;ND;ND;ND;ND;ND;ND;ND;ND;ND;ND;ND;ND;ND;ND;ND;ND;ND;ND;ND;ND;ND;ND;ND;ND;ND;ND;ND;ND;ND;ND;ND;ND;ND;ND;ND;ND;ND;ND;ND;ND;ND;ND;ND;ND;ND;ND;ND;ND;ND,"""64,98448""",FLOAT16,ND,N/A,0.0,0,0.0,0.0,0.0,0.0,0.0,0.0,0.0,0.0,0.0,0.0,0.0,35.771,2360890,0.017,0.0,8.212,0.23,20.492,0.573,11.326,0.317,0.0,0.000
0,4294967295,208,47,aclnnMul_MulAiCore_Mul,Mul,dynamic,AI_VECTOR_CORE,1785697972909339.215	,334.647,0.099000,40,0,NO,"""4096,4096;4096,4096""",FLOAT;FLOAT,ND;ND,"""4096,4096""",FLOAT,ND,N/A,0.0,0,0.0,0.0,0.0,0.0,0.0,0.0,0.0,0.0,0.0,0.0,0.0,332.073,21916801,6.784,0.02,3.041,0.009,330.463,0.995,112.683,0.339,0.0,0.000
0,4294967295,209,47,Concat,Concat,dynamic,AI_VECTOR_CORE,1785697972909673.882	,40.561,0.103000,40,0,NO,"""64,16;64,32;64,64;64,128;64,256;64,512;64,1024;64,2048;64,4096;64,8192;64,16;64,32;64,64;64,128;64,256;64,512;64,1024;64,2048;64,4096;64,8192;64,16;64,32;64,64;64,128;64,256;64,512;64,1024;64,2048;64,4096;64,8192;64,16;64,32;64,64;64,128;64,256;64,512;64,1024;64,2048;64,4096;64,8192;64,16;64,32;64,64;64,128;64,256;64,512;64,1024;64,2048;64,4096;64,8192;64,16;64,32;64,64;64,128;64,256;64,512;64,1024;64,2048;64,4096;64,8192;64,16;64,32;64,64;64,128""",FLOAT16;FLOAT16;FLOAT16;FLOAT16;FLOAT16;FLOAT16;FLOAT16;FLOAT16;FLOAT16;FLOAT16;FLOAT16;FLOAT16;FLOAT16;FLOAT16;FLOAT16;FLOAT16;FLOAT16;FLOAT16;FLOAT16;FLOAT16;FLOAT16;FLOAT16;FLOAT16;FLOAT16;FLOAT16;FLOAT16;FLOAT16;FLOAT16;FLOAT16;FLOAT16;FLOAT16;FLOAT16;FLOAT16;FLOAT16;FLOAT16;FLOAT16;FLOAT16;FLOAT16;FLOAT16;FLOAT16;FLOAT16;FLOAT16;FLOAT16;FLOAT16;FLOAT16;FLOAT16;FLOAT16;FLOAT16;FLOAT16;FLOAT16;FLOAT16;FLOAT16;FLOAT16;FLOAT16;FLOAT16;FLOAT16;FLOAT16;FLOAT16;FLOAT16;FLOAT16;FLOAT16;FLOAT16;FLOAT16;FLOAT16,ND;ND;ND;ND;ND;ND;ND;ND;ND;ND;ND;ND;ND;ND;ND;ND;ND;ND;ND;ND;ND;ND;ND;ND;ND;ND;ND;ND;ND;ND;ND;ND;ND;ND;ND;ND;ND;ND;ND;ND;ND;ND;ND;ND;ND;ND;ND;ND;ND;ND;ND;ND;ND;ND;ND;ND;ND;ND;ND;ND;ND;ND;ND;ND,"""64,98448""",FLOAT16,ND,N/A,0.0,0,0.0,0.0,0.0,0.0,0.0,0.0,0.0,0.0,0.0,0.0,0.0,37.003,2442190,0.017,0.0,7.231,0.195,21.537,0.582,11.622,0.314,0.0,0.000
0,4294967295,210,47,aclnnMul_MulAiCore_Mul,Mul,dynamic,AI_VECTOR_CORE,1785697972909714.463	,332.946,0.000000,40,0,NO,"""4096,4096;4096,4096""",FLOAT;FLOAT,ND;ND,"""4096,4096""",FLOAT,ND,N/A,0.0,0,0.0,0.0,0.0,0.0,0.0,0.0,0.0,0.0,0.0,0.0,0.0,330.796,21832531,6.784,0.021,2.974,0.009,329.27,0.995,111.555,0.337,0.0,0.000
0,4294967295,211,47,Concat,Concat,dynamic,AI_VECTOR_CORE,1785697972910047.429	,40.521,0.054000,40,0,NO,"""64,16;64,32;64,64;64,128;64,256;64,512;64,1024;64,2048;64,4096;64,8192;64,16;64,32;64,64;64,128;64,256;64,512;64,1024;64,2048;64,4096;64,8192;64,16;64,32;64,64;64,128;64,256;64,512;64,1024;64,2048;64,4096;64,8192;64,16;64,32;64,64;64,128;64,256;64,512;64,1024;64,2048;64,4096;64,8192;64,16;64,32;64,64;64,128;64,256;64,512;64,1024;64,2048;64,4096;64,8192;64,16;64,32;64,64;64,128;64,256;64,512;64,1024;64,2048;64,4096;64,8192;64,16;64,32;64,64;64,128""",FLOAT16;FLOAT16;FLOAT16;FLOAT16;FLOAT16;FLOAT16;FLOAT16;FLOAT16;FLOAT16;FLOAT16;FLOAT16;FLOAT16;FLOAT16;FLOAT16;FLOAT16;FLOAT16;FLOAT16;FLOAT16;FLOAT16;FLOAT16;FLOAT16;FLOAT16;FLOAT16;FLOAT16;FLOAT16;FLOAT16;FLOAT16;FLOAT16;FLOAT16;FLOAT16;FLOAT16;FLOAT16;FLOAT16;FLOAT16;FLOAT16;FLOAT16;FLOAT16;FLOAT16;FLOAT16;FLOAT16;FLOAT16;FLOAT16;FLOAT16;FLOAT16;FLOAT16;FLOAT16;FLOAT16;FLOAT16;FLOAT16;FLOAT16;FLOAT16;FLOAT16;FLOAT16;FLOAT16;FLOAT16;FLOAT16;FLOAT16;FLOAT16;FLOAT16;FLOAT16;FLOAT16;FLOAT16;FLOAT16;FLOAT16,ND;ND;ND;ND;ND;ND;ND;ND;ND;ND;ND;ND;ND;ND;ND;ND;ND;ND;ND;ND;ND;ND;ND;ND;ND;ND;ND;ND;ND;ND;ND;ND;ND;ND;ND;ND;ND;ND;ND;ND;ND;ND;ND;ND;ND;ND;ND;ND;ND;ND;ND;ND;ND;ND;ND;ND;ND;ND;ND;ND;ND;ND;ND;ND,"""64,98448""",FLOAT16,ND,N/A,0.0,0,0.0,0.0,0.0,0.0,0.0,0.0,0.0,0.0,0.0,0.0,0.0,36.863,2432951,0.017,0.0,6.653,0.18,21.477,0.583,11.663,0.316,0.0,0.000
0,4294967295,212,47,aclnnMul_MulAiCore_Mul,Mul,dynamic,AI_VECTOR_CORE,1785697972910087.970	,334.267,0.000000,40,0,NO,"""4096,4096;4096,4096""",FLOAT;FLOAT,ND;ND,"""4096,4096""",FLOAT,ND,N/A,0.0,0,0.0,0.0,0.0,0.0,0.0,0.0,0.0,0.0,0.0,0.0,0.0,331.908,21905909,6.784,0.02,3.027,0.009,330.359,0.995,112.026,0.338,0.0,0.000
0,4294967295,213,47,Concat,Concat,dynamic,AI_VECTOR_CORE,1785697972910422.277	,40.281,0.000000,40,0,NO,"""64,16;64,32;64,64;64,128;64,256;64,512;64,1024;64,2048;64,4096;64,8192;64,16;64,32;64,64;64,128;64,256;64,512;64,1024;64,2048;64,4096;64,8192;64,16;64,32;64,64;64,128;64,256;64,512;64,1024;64,2048;64,4096;64,8192;64,16;64,32;64,64;64,128;64,256;64,512;64,1024;64,2048;64,4096;64,8192;64,16;64,32;64,64;64,128;64,256;64,512;64,1024;64,2048;64,4096;64,8192;64,16;64,32;64,64;64,128;64,256;64,512;64,1024;64,2048;64,4096;64,8192;64,16;64,32;64,64;64,128""",FLOAT16;FLOAT16;FLOAT16;FLOAT16;FLOAT16;FLOAT16;FLOAT16;FLOAT16;FLOAT16;FLOAT16;FLOAT16;FLOAT16;FLOAT16;FLOAT16;FLOAT16;FLOAT16;FLOAT16;FLOAT16;FLOAT16;FLOAT16;FLOAT16;FLOAT16;FLOAT16;FLOAT16;FLOAT16;FLOAT16;FLOAT16;FLOAT16;FLOAT16;FLOAT16;FLOAT16;FLOAT16;FLOAT16;FLOAT16;FLOAT16;FLOAT16;FLOAT16;FLOAT16;FLOAT16;FLOAT16;FLOAT16;FLOAT16;FLOAT16;FLOAT16;FLOAT16;FLOAT16;FLOAT16;FLOAT16;FLOAT16;FLOAT16;FLOAT16;FLOAT16;FLOAT16;FLOAT16;FLOAT16;FLOAT16;FLOAT16;FLOAT16;FLOAT16;FLOAT16;FLOAT16;FLOAT16;FLOAT16;FLOAT16,ND;ND;ND;ND;ND;ND;ND;ND;ND;ND;ND;ND;ND;ND;ND;ND;ND;ND;ND;ND;ND;ND;ND;ND;ND;ND;ND;ND;ND;ND;ND;ND;ND;ND;ND;ND;ND;ND;ND;ND;ND;ND;ND;ND;ND;ND;ND;ND;ND;ND;ND;ND;ND;ND;ND;ND;ND;ND;ND;ND;ND;ND;ND;ND,"""64,98448""",FLOAT16,ND,N/A,0.0,0,0.0,0.0,0.0,0.0,0.0,0.0,0.0,0.0,0.0,0.0,0.0,36.369,2400324,0.017,0.0,7.994,0.22,20.952,0.576,11.494,0.316,0.0,0.000
0,4294967295,214,47,aclnnMul_MulAiCore_Mul,Mul,dynamic,AI_VECTOR_CORE,1785697972910462.578	,333.626,0.000000,40,0,NO,"""4096,4096;4096,4096""",FLOAT;FLOAT,ND;ND,"""4096,4096""",FLOAT,ND,N/A,0.0,0,0.0,0.0,0.0,0.0,0.0,0.0,0.0,0.0,0.0,0.0,0.0,330.798,21832693,6.784,0.021,2.92,0.009,329.332,0.996,111.075,0.336,0.0,0.000
0,4294967295,215,47,Concat,Concat,dynamic,AI_VECTOR_CORE,1785697972910796.224	,39.941,0.124000,40,0,NO,"""64,16;64,32;64,64;64,128;64,256;64,512;64,1024;64,2048;64,4096;64,8192;64,16;64,32;64,64;64,128;64,256;64,512;64,1024;64,2048;64,4096;64,8192;64,16;64,32;64,64;64,128;64,256;64,512;64,1024;64,2048;64,4096;64,8192;64,16;64,32;64,64;64,128;64,256;64,512;64,1024;64,2048;64,4096;64,8192;64,16;64,32;64,64;64,128;64,256;64,512;64,1024;64,2048;64,4096;64,8192;64,16;64,32;64,64;64,128;64,256;64,512;64,1024;64,2048;64,4096;64,8192;64,16;64,32;64,64;64,128""",FLOAT16;FLOAT16;FLOAT16;FLOAT16;FLOAT16;FLOAT16;FLOAT16;FLOAT16;FLOAT16;FLOAT16;FLOAT16;FLOAT16;FLOAT16;FLOAT16;FLOAT16;FLOAT16;FLOAT16;FLOAT16;FLOAT16;FLOAT16;FLOAT16;FLOAT16;FLOAT16;FLOAT16;FLOAT16;FLOAT16;FLOAT16;FLOAT16;FLOAT16;FLOAT16;FLOAT16;FLOAT16;FLOAT16;FLOAT16;FLOAT16;FLOAT16;FLOAT16;FLOAT16;FLOAT16;FLOAT16;FLOAT16;FLOAT16;FLOAT16;FLOAT16;FLOAT16;FLOAT16;FLOAT16;FLOAT16;FLOAT16;FLOAT16;FLOAT16;FLOAT16;FLOAT16;FLOAT16;FLOAT16;FLOAT16;FLOAT16;FLOAT16;FLOAT16;FLOAT16;FLOAT16;FLOAT16;FLOAT16;FLOAT16,ND;ND;ND;ND;ND;ND;ND;ND;ND;ND;ND;ND;ND;ND;ND;ND;ND;ND;ND;ND;ND;ND;ND;ND;ND;ND;ND;ND;ND;ND;ND;ND;ND;ND;ND;ND;ND;ND;ND;ND;ND;ND;ND;ND;ND;ND;ND;ND;ND;ND;ND;ND;ND;ND;ND;ND;ND;ND;ND;ND;ND;ND;ND;ND,"""64,98448""",FLOAT16,ND,N/A,0.0,0,0.0,0.0,0.0,0.0,0.0,0.0,0.0,0.0,0.0,0.0,0.0,35.806,2363167,0.017,0.0,7.099,0.198,20.977,0.586,11.057,0.309,0.0,0.000
0,4294967295,216,47,aclnnMul_MulAiCore_Mul,Mul,dynamic,AI_VECTOR_CORE,1785697972910836.185	,333.107,0.059000,40,0,NO,"""4096,4096;4096,4096""",FLOAT;FLOAT,ND;ND,"""4096,4096""",FLOAT,ND,N/A,0.0,0,0.0,0.0,0.0,0.0,0.0,0.0,0.0,0.0,0.0,0.0,0.0,330.658,21823430,6.784,0.021,3.188,0.01,328.92,0.995,112.828,0.341,0.0,0.000
0,4294967295,217,47,Concat,Concat,dynamic,AI_VECTOR_CORE,1785697972911169.312	,41.261,0.000000,40,0,NO,"""64,16;64,32;64,64;64,128;64,256;64,512;64,1024;64,2048;64,4096;64,8192;64,16;64,32;64,64;64,128;64,256;64,512;64,1024;64,2048;64,4096;64,8192;64,16;64,32;64,64;64,128;64,256;64,512;64,1024;64,2048;64,4096;64,8192;64,16;64,32;64,64;64,128;64,256;64,512;64,1024;64,2048;64,4096;64,8192;64,16;64,32;64,64;64,128;64,256;64,512;64,1024;64,2048;64,4096;64,8192;64,16;64,32;64,64;64,128;64,256;64,512;64,1024;64,2048;64,4096;64,8192;64,16;64,32;64,64;64,128""",FLOAT16;FLOAT16;FLOAT16;FLOAT16;FLOAT16;FLOAT16;FLOAT16;FLOAT16;FLOAT16;FLOAT16;FLOAT16;FLOAT16;FLOAT16;FLOAT16;FLOAT16;FLOAT16;FLOAT16;FLOAT16;FLOAT16;FLOAT16;FLOAT16;FLOAT16;FLOAT16;FLOAT16;FLOAT16;FLOAT16;FLOAT16;FLOAT16;FLOAT16;FLOAT16;FLOAT16;FLOAT16;FLOAT16;FLOAT16;FLOAT16;FLOAT16;FLOAT16;FLOAT16;FLOAT16;FLOAT16;FLOAT16;FLOAT16;FLOAT16;FLOAT16;FLOAT16;FLOAT16;FLOAT16;FLOAT16;FLOAT16;FLOAT16;FLOAT16;FLOAT16;FLOAT16;FLOAT16;FLOAT16;FLOAT16;FLOAT16;FLOAT16;FLOAT16;FLOAT16;FLOAT16;FLOAT16;FLOAT16;FLOAT16,ND;ND;ND;ND;ND;ND;ND;ND;ND;ND;ND;ND;ND;ND;ND;ND;ND;ND;ND;ND;ND;ND;ND;ND;ND;ND;ND;ND;ND;ND;ND;ND;ND;ND;ND;ND;ND;ND;ND;ND;ND;ND;ND;ND;ND;ND;ND;ND;ND;ND;ND;ND;ND;ND;ND;ND;ND;ND;ND;ND;ND;ND;ND;ND,"""64,98448""",FLOAT16,ND,N/A,0.0,0,0.0,0.0,0.0,0.0,0.0,0.0,0.0,0.0,0.0,0.0,0.0,37.293,2461322,0.017,0.0,8.933,0.24,21.504,0.577,11.254,0.302,0.0,0.000
0,4294967295,218,47,aclnnMul_MulAiCore_Mul,Mul,dynamic,AI_VECTOR_CORE,1785697972911210.593	,333.226,0.000000,40,0,NO,"""4096,4096;4096,4096""",FLOAT;FLOAT,ND;ND,"""4096,4096""",FLOAT,ND,N/A,0.0,0,0.0,0.0,0.0,0.0,0.0,0.0,0.0,0.0,0.0,0.0,0.0,330.995,21845702,6.784,0.02,3.028,0.009,329.41,0.995,113.178,0.342,0.0,0.000
0,4294967295,219,47,Concat,Concat,dynamic,AI_VECTOR_CORE,1785697972911543.839	,41.641,0.024000,40,0,NO,"""64,16;64,32;64,64;64,128;64,256;64,512;64,1024;64,2048;64,4096;64,8192;64,16;64,32;64,64;64,128;64,256;64,512;64,1024;64,2048;64,4096;64,8192;64,16;64,32;64,64;64,128;64,256;64,512;64,1024;64,2048;64,4096;64,8192;64,16;64,32;64,64;64,128;64,256;64,512;64,1024;64,2048;64,4096;64,8192;64,16;64,32;64,64;64,128;64,256;64,512;64,1024;64,2048;64,4096;64,8192;64,16;64,32;64,64;64,128;64,256;64,512;64,1024;64,2048;64,4096;64,8192;64,16;64,32;64,64;64,128""",FLOAT16;FLOAT16;FLOAT16;FLOAT16;FLOAT16;FLOAT16;FLOAT16;FLOAT16;FLOAT16;FLOAT16;FLOAT16;FLOAT16;FLOAT16;FLOAT16;FLOAT16;FLOAT16;FLOAT16;FLOAT16;FLOAT16;FLOAT16;FLOAT16;FLOAT16;FLOAT16;FLOAT16;FLOAT16;FLOAT16;FLOAT16;FLOAT16;FLOAT16;FLOAT16;FLOAT16;FLOAT16;FLOAT16;FLOAT16;FLOAT16;FLOAT16;FLOAT16;FLOAT16;FLOAT16;FLOAT16;FLOAT16;FLOAT16;FLOAT16;FLOAT16;FLOAT16;FLOAT16;FLOAT16;FLOAT16;FLOAT16;FLOAT16;FLOAT16;FLOAT16;FLOAT16;FLOAT16;FLOAT16;FLOAT16;FLOAT16;FLOAT16;FLOAT16;FLOAT16;FLOAT16;FLOAT16;FLOAT16;FLOAT16,ND;ND;ND;ND;ND;ND;ND;ND;ND;ND;ND;ND;ND;ND;ND;ND;ND;ND;ND;ND;ND;ND;ND;ND;ND;ND;ND;ND;ND;ND;ND;ND;ND;ND;ND;ND;ND;ND;ND;ND;ND;ND;ND;ND;ND;ND;ND;ND;ND;ND;ND;ND;ND;ND;ND;ND;ND;ND;ND;ND;ND;ND;ND;ND,"""64,98448""",FLOAT16,ND,N/A,0.0,0,0.0,0.0,0.0,0.0,0.0,0.0,0.0,0.0,0.0,0.0,0.0,37.907,2501845,0.017,0.0,9.092,0.24,22.37,0.59,10.896,0.287,0.0,0.000
0,4294967295,220,47,aclnnMul_MulAiCore_Mul,Mul,dynamic,AI_VECTOR_CORE,1785697972911585.500	,333.687,0.109000,40,0,NO,"""4096,4096;4096,4096""",FLOAT;FLOAT,ND;ND,"""4096,4096""",FLOAT,ND,N/A,0.0,0,0.0,0.0,0.0,0.0,0.0,0.0,0.0,0.0,0.0,0.0,0.0,331.454,21875950,6.784,0.02,3.113,0.009,329.808,0.995,111.605,0.337,0.0,0.000
0,4294967295,221,47,Concat,Concat,dynamic,AI_VECTOR_CORE,1785697972911919.207	,39.601,0.063000,40,0,NO,"""64,16;64,32;64,64;64,128;64,256;64,512;64,1024;64,2048;64,4096;64,8192;64,16;64,32;64,64;64,128;64,256;64,512;64,1024;64,2048;64,4096;64,8192;64,16;64,32;64,64;64,128;64,256;64,512;64,1024;64,2048;64,4096;64,8192;64,16;64,32;64,64;64,128;64,256;64,512;64,1024;64,2048;64,4096;64,8192;64,16;64,32;64,64;64,128;64,256;64,512;64,1024;64,2048;64,4096;64,8192;64,16;64,32;64,64;64,128;64,256;64,512;64,1024;64,2048;64,4096;64,8192;64,16;64,32;64,64;64,128""",FLOAT16;FLOAT16;FLOAT16;FLOAT16;FLOAT16;FLOAT16;FLOAT16;FLOAT16;FLOAT16;FLOAT16;FLOAT16;FLOAT16;FLOAT16;FLOAT16;FLOAT16;FLOAT16;FLOAT16;FLOAT16;FLOAT16;FLOAT16;FLOAT16;FLOAT16;FLOAT16;FLOAT16;FLOAT16;FLOAT16;FLOAT16;FLOAT16;FLOAT16;FLOAT16;FLOAT16;FLOAT16;FLOAT16;FLOAT16;FLOAT16;FLOAT16;FLOAT16;FLOAT16;FLOAT16;FLOAT16;FLOAT16;FLOAT16;FLOAT16;FLOAT16;FLOAT16;FLOAT16;FLOAT16;FLOAT16;FLOAT16;FLOAT16;FLOAT16;FLOAT16;FLOAT16;FLOAT16;FLOAT16;FLOAT16;FLOAT16;FLOAT16;FLOAT16;FLOAT16;FLOAT16;FLOAT16;FLOAT16;FLOAT16,ND;ND;ND;ND;ND;ND;ND;ND;ND;ND;ND;ND;ND;ND;ND;ND;ND;ND;ND;ND;ND;ND;ND;ND;ND;ND;ND;ND;ND;ND;ND;ND;ND;ND;ND;ND;ND;ND;ND;ND;ND;ND;ND;ND;ND;ND;ND;ND;ND;ND;ND;ND;ND;ND;ND;ND;ND;ND;ND;ND;ND;ND;ND;ND,"""64,98448""",FLOAT16,ND,N/A,0.0,0,0.0,0.0,0.0,0.0,0.0,0.0,0.0,0.0,0.0,0.0,0.0,35.797,2362610,0.017,0.0,8.114,0.227,20.454,0.571,11.492,0.321,0.0,0.000
0,4294967295,222,47,aclnnMul_MulAiCore_Mul,Mul,dynamic,AI_VECTOR_CORE,1785697972911958.828	,333.486,0.000000,40,0,NO,"""4096,4096;4096,4096""",FLOAT;FLOAT,ND;ND,"""4096,4096""",FLOAT,ND,N/A,0.0,0,0.0,0.0,0.0,0.0,0.0,0.0,0.0,0.0,0.0,0.0,0.0,331.018,21847173,6.784,0.02,3.009,0.009,329.472,0.995,112.378,0.339,0.0,0.000
0,4294967295,223,47,Concat,Concat,dynamic,AI_VECTOR_CORE,1785697972912292.354	,38.541,0.014000,40,0,NO,"""64,16;64,32;64,64;64,128;64,256;64,512;64,1024;64,2048;64,4096;64,8192;64,16;64,32;64,64;64,128;64,256;64,512;64,1024;64,2048;64,4096;64,8192;64,16;64,32;64,64;64,128;64,256;64,512;64,1024;64,2048;64,4096;64,8192;64,16;64,32;64,64;64,128;64,256;64,512;64,1024;64,2048;64,4096;64,8192;64,16;64,32;64,64;64,128;64,256;64,512;64,1024;64,2048;64,4096;64,8192;64,16;64,32;64,64;64,128;64,256;64,512;64,1024;64,2048;64,4096;64,8192;64,16;64,32;64,64;64,128""",FLOAT16;FLOAT16;FLOAT16;FLOAT16;FLOAT16;FLOAT16;FLOAT16;FLOAT16;FLOAT16;FLOAT16;FLOAT16;FLOAT16;FLOAT16;FLOAT16;FLOAT16;FLOAT16;FLOAT16;FLOAT16;FLOAT16;FLOAT16;FLOAT16;FLOAT16;FLOAT16;FLOAT16;FLOAT16;FLOAT16;FLOAT16;FLOAT16;FLOAT16;FLOAT16;FLOAT16;FLOAT16;FLOAT16;FLOAT16;FLOAT16;FLOAT16;FLOAT16;FLOAT16;FLOAT16;FLOAT16;FLOAT16;FLOAT16;FLOAT16;FLOAT16;FLOAT16;FLOAT16;FLOAT16;FLOAT16;FLOAT16;FLOAT16;FLOAT16;FLOAT16;FLOAT16;FLOAT16;FLOAT16;FLOAT16;FLOAT16;FLOAT16;FLOAT16;FLOAT16;FLOAT16;FLOAT16;FLOAT16;FLOAT16,ND;ND;ND;ND;ND;ND;ND;ND;ND;ND;ND;ND;ND;ND;ND;ND;ND;ND;ND;ND;ND;ND;ND;ND;ND;ND;ND;ND;ND;ND;ND;ND;ND;ND;ND;ND;ND;ND;ND;ND;ND;ND;ND;ND;ND;ND;ND;ND;ND;ND;ND;ND;ND;ND;ND;ND;ND;ND;ND;ND;ND;ND;ND;ND,"""64,98448""",FLOAT16,ND,N/A,0.0,0,0.0,0.0,0.0,0.0,0.0,0.0,0.0,0.0,0.0,0.0,0.0,34.712,2290964,0.017,0.0,7.44,0.214,20.081,0.579,11.137,0.321,0.0,0.000
0,4294967295,224,47,aclnnMul_MulAiCore_Mul,Mul,dynamic,AI_VECTOR_CORE,1785697972912330.915	,332.907,0.209000,40,0,NO,"""4096,4096;4096,4096""",FLOAT;FLOAT,ND;ND,"""4096,4096""",FLOAT,ND,N/A,0.0,0,0.0,0.0,0.0,0.0,0.0,0.0,0.0,0.0,0.0,0.0,0.0,330.687,21825346,6.784,0.021,3.016,0.009,329.151,0.995,112.161,0.339,0.0,0.000
0,4294967295,225,47,Concat,Concat,dynamic,AI_VECTOR_CORE,1785697972912663.862	,40.060,0.000000,40,0,NO,"""64,16;64,32;64,64;64,128;64,256;64,512;64,1024;64,2048;64,4096;64,8192;64,16;64,32;64,64;64,128;64,256;64,512;64,1024;64,2048;64,4096;64,8192;64,16;64,32;64,64;64,128;64,256;64,512;64,1024;64,2048;64,4096;64,8192;64,16;64,32;64,64;64,128;64,256;64,512;64,1024;64,2048;64,4096;64,8192;64,16;64,32;64,64;64,128;64,256;64,512;64,1024;64,2048;64,4096;64,8192;64,16;64,32;64,64;64,128;64,256;64,512;64,1024;64,2048;64,4096;64,8192;64,16;64,32;64,64;64,128""",FLOAT16;FLOAT16;FLOAT16;FLOAT16;FLOAT16;FLOAT16;FLOAT16;FLOAT16;FLOAT16;FLOAT16;FLOAT16;FLOAT16;FLOAT16;FLOAT16;FLOAT16;FLOAT16;FLOAT16;FLOAT16;FLOAT16;FLOAT16;FLOAT16;FLOAT16;FLOAT16;FLOAT16;FLOAT16;FLOAT16;FLOAT16;FLOAT16;FLOAT16;FLOAT16;FLOAT16;FLOAT16;FLOAT16;FLOAT16;FLOAT16;FLOAT16;FLOAT16;FLOAT16;FLOAT16;FLOAT16;FLOAT16;FLOAT16;FLOAT16;FLOAT16;FLOAT16;FLOAT16;FLOAT16;FLOAT16;FLOAT16;FLOAT16;FLOAT16;FLOAT16;FLOAT16;FLOAT16;FLOAT16;FLOAT16;FLOAT16;FLOAT16;FLOAT16;FLOAT16;FLOAT16;FLOAT16;FLOAT16;FLOAT16,ND;ND;ND;ND;ND;ND;ND;ND;ND;ND;ND;ND;ND;ND;ND;ND;ND;ND;ND;ND;ND;ND;ND;ND;ND;ND;ND;ND;ND;ND;ND;ND;ND;ND;ND;ND;ND;ND;ND;ND;ND;ND;ND;ND;ND;ND;ND;ND;ND;ND;ND;ND;ND;ND;ND;ND;ND;ND;ND;ND;ND;ND;ND;ND,"""64,98448""",FLOAT16,ND,N/A,0.0,0,0.0,0.0,0.0,0.0,0.0,0.0,0.0,0.0,0.0,0.0,0.0,36.393,2401949,0.017,0.0,7.723,0.212,20.736,0.57,11.774,0.324,0.0,0.000
0,4294967295,226,47,aclnnMul_MulAiCore_Mul,Mul,dynamic,AI_VECTOR_CORE,1785697972912703.942	,333.367,0.190000,40,0,NO,"""4096,4096;4096,4096""",FLOAT;FLOAT,ND;ND,"""4096,4096""",FLOAT,ND,N/A,0.0,0,0.0,0.0,0.0,0.0,0.0,0.0,0.0,0.0,0.0,0.0,0.0,331.417,21873508,6.784,0.02,2.968,0.009,329.889,0.995,113.814,0.343,0.0,0.000
0,4294967295,227,47,Concat,Concat,dynamic,AI_VECTOR_CORE,1785697972913037.349	,41.501,0.000000,40,0,NO,"""64,16;64,32;64,64;64,128;64,256;64,512;64,1024;64,2048;64,4096;64,8192;64,16;64,32;64,64;64,128;64,256;64,512;64,1024;64,2048;64,4096;64,8192;64,16;64,32;64,64;64,128;64,256;64,512;64,1024;64,2048;64,4096;64,8192;64,16;64,32;64,64;64,128;64,256;64,512;64,1024;64,2048;64,4096;64,8192;64,16;64,32;64,64;64,128;64,256;64,512;64,1024;64,2048;64,4096;64,8192;64,16;64,32;64,64;64,128;64,256;64,512;64,1024;64,2048;64,4096;64,8192;64,16;64,32;64,64;64,128""",FLOAT16;FLOAT16;FLOAT16;FLOAT16;FLOAT16;FLOAT16;FLOAT16;FLOAT16;FLOAT16;FLOAT16;FLOAT16;FLOAT16;FLOAT16;FLOAT16;FLOAT16;FLOAT16;FLOAT16;FLOAT16;FLOAT16;FLOAT16;FLOAT16;FLOAT16;FLOAT16;FLOAT16;FLOAT16;FLOAT16;FLOAT16;FLOAT16;FLOAT16;FLOAT16;FLOAT16;FLOAT16;FLOAT16;FLOAT16;FLOAT16;FLOAT16;FLOAT16;FLOAT16;FLOAT16;FLOAT16;FLOAT16;FLOAT16;FLOAT16;FLOAT16;FLOAT16;FLOAT16;FLOAT16;FLOAT16;FLOAT16;FLOAT16;FLOAT16;FLOAT16;FLOAT16;FLOAT16;FLOAT16;FLOAT16;FLOAT16;FLOAT16;FLOAT16;FLOAT16;FLOAT16;FLOAT16;FLOAT16;FLOAT16,ND;ND;ND;ND;ND;ND;ND;ND;ND;ND;ND;ND;ND;ND;ND;ND;ND;ND;ND;ND;ND;ND;ND;ND;ND;ND;ND;ND;ND;ND;ND;ND;ND;ND;ND;ND;ND;ND;ND;ND;ND;ND;ND;ND;ND;ND;ND;ND;ND;ND;ND;ND;ND;ND;ND;ND;ND;ND;ND;ND;ND;ND;ND;ND,"""64,98448""",FLOAT16,ND,N/A,0.0,0,0.0,0.0,0.0,0.0,0.0,0.0,0.0,0.0,0.0,0.0,0.0,37.674,2486490,0.017,0.0,6.781,0.18,21.8,0.579,12.066,0.32,0.0,0.000
0,4294967295,228,47,aclnnMul_MulAiCore_Mul,Mul,dynamic,AI_VECTOR_CORE,1785697972913078.870	,333.187,0.000000,40,0,NO,"""4096,4096;4096,4096""",FLOAT;FLOAT,ND;ND,"""4096,4096""",FLOAT,ND,N/A,0.0,0,0.0,0.0,0.0,0.0,0.0,0.0,0.0,0.0,0.0,0.0,0.0,331.056,21849690,6.784,0.02,3.063,0.009,329.471,0.995,112.469,0.34,0.0,0.000
0,4294967295,229,47,Concat,Concat,dynamic,AI_VECTOR_CORE,1785697972913412.077	,39.900,0.063000,40,0,NO,"""64,16;64,32;64,64;64,128;64,256;64,512;64,1024;64,2048;64,4096;64,8192;64,16;64,32;64,64;64,128;64,256;64,512;64,1024;64,2048;64,4096;64,8192;64,16;64,32;64,64;64,128;64,256;64,512;64,1024;64,2048;64,4096;64,8192;64,16;64,32;64,64;64,128;64,256;64,512;64,1024;64,2048;64,4096;64,8192;64,16;64,32;64,64;64,128;64,256;64,512;64,1024;64,2048;64,4096;64,8192;64,16;64,32;64,64;64,128;64,256;64,512;64,1024;64,2048;64,4096;64,8192;64,16;64,32;64,64;64,128""",FLOAT16;FLOAT16;FLOAT16;FLOAT16;FLOAT16;FLOAT16;FLOAT16;FLOAT16;FLOAT16;FLOAT16;FLOAT16;FLOAT16;FLOAT16;FLOAT16;FLOAT16;FLOAT16;FLOAT16;FLOAT16;FLOAT16;FLOAT16;FLOAT16;FLOAT16;FLOAT16;FLOAT16;FLOAT16;FLOAT16;FLOAT16;FLOAT16;FLOAT16;FLOAT16;FLOAT16;FLOAT16;FLOAT16;FLOAT16;FLOAT16;FLOAT16;FLOAT16;FLOAT16;FLOAT16;FLOAT16;FLOAT16;FLOAT16;FLOAT16;FLOAT16;FLOAT16;FLOAT16;FLOAT16;FLOAT16;FLOAT16;FLOAT16;FLOAT16;FLOAT16;FLOAT16;FLOAT16;FLOAT16;FLOAT16;FLOAT16;FLOAT16;FLOAT16;FLOAT16;FLOAT16;FLOAT16;FLOAT16;FLOAT16,ND;ND;ND;ND;ND;ND;ND;ND;ND;ND;ND;ND;ND;ND;ND;ND;ND;ND;ND;ND;ND;ND;ND;ND;ND;ND;ND;ND;ND;ND;ND;ND;ND;ND;ND;ND;ND;ND;ND;ND;ND;ND;ND;ND;ND;ND;ND;ND;ND;ND;ND;ND;ND;ND;ND;ND;ND;ND;ND;ND;ND;ND;ND;ND,"""64,98448""",FLOAT16,ND,N/A,0.0,0,0.0,0.0,0.0,0.0,0.0,0.0,0.0,0.0,0.0,0.0,0.0,36.282,2394592,0.017,0.0,7.338,0.202,20.887,0.576,11.642,0.321,0.0,0.000
0,4294967295,230,47,aclnnMul_MulAiCore_Mul,Mul,dynamic,AI_VECTOR_CORE,1785697972913451.997	,333.667,0.100000,40,0,NO,"""4096,4096;4096,4096""",FLOAT;FLOAT,ND;ND,"""4096,4096""",FLOAT,ND,N/A,0.0,0,0.0,0.0,0.0,0.0,0.0,0.0,0.0,0.0,0.0,0.0,0.0,331.385,21871424,6.784,0.02,2.978,0.009,329.885,0.995,111.35,0.336,0.0,0.000
0,4294967295,231,47,Concat,Concat,dynamic,AI_VECTOR_CORE,1785697972913785.684	,39.921,0.083000,40,0,NO,"""64,16;64,32;64,64;64,128;64,256;64,512;64,1024;64,2048;64,4096;64,8192;64,16;64,32;64,64;64,128;64,256;64,512;64,1024;64,2048;64,4096;64,8192;64,16;64,32;64,64;64,128;64,256;64,512;64,1024;64,2048;64,4096;64,8192;64,16;64,32;64,64;64,128;64,256;64,512;64,1024;64,2048;64,4096;64,8192;64,16;64,32;64,64;64,128;64,256;64,512;64,1024;64,2048;64,4096;64,8192;64,16;64,32;64,64;64,128;64,256;64,512;64,1024;64,2048;64,4096;64,8192;64,16;64,32;64,64;64,128""",FLOAT16;FLOAT16;FLOAT16;FLOAT16;FLOAT16;FLOAT16;FLOAT16;FLOAT16;FLOAT16;FLOAT16;FLOAT16;FLOAT16;FLOAT16;FLOAT16;FLOAT16;FLOAT16;FLOAT16;FLOAT16;FLOAT16;FLOAT16;FLOAT16;FLOAT16;FLOAT16;FLOAT16;FLOAT16;FLOAT16;FLOAT16;FLOAT16;FLOAT16;FLOAT16;FLOAT16;FLOAT16;FLOAT16;FLOAT16;FLOAT16;FLOAT16;FLOAT16;FLOAT16;FLOAT16;FLOAT16;FLOAT16;FLOAT16;FLOAT16;FLOAT16;FLOAT16;FLOAT16;FLOAT16;FLOAT16;FLOAT16;FLOAT16;FLOAT16;FLOAT16;FLOAT16;FLOAT16;FLOAT16;FLOAT16;FLOAT16;FLOAT16;FLOAT16;FLOAT16;FLOAT16;FLOAT16;FLOAT16;FLOAT16,ND;ND;ND;ND;ND;ND;ND;ND;ND;ND;ND;ND;ND;ND;ND;ND;ND;ND;ND;ND;ND;ND;ND;ND;ND;ND;ND;ND;ND;ND;ND;ND;ND;ND;ND;ND;ND;ND;ND;ND;ND;ND;ND;ND;ND;ND;ND;ND;ND;ND;ND;ND;ND;ND;ND;ND;ND;ND;ND;ND;ND;ND;ND;ND,"""64,98448""",FLOAT16,ND,N/A,0.0,0,0.0,0.0,0.0,0.0,0.0,0.0,0.0,0.0,0.0,0.0,0.0,36.137,2385053,0.017,0.0,7.273,0.201,21.309,0.59,11.084,0.307,0.0,0.000
0,4294967295,232,47,aclnnMul_MulAiCore_Mul,Mul,dynamic,AI_VECTOR_CORE,1785697972913825.625	,332.387,0.000000,40,0,NO,"""4096,4096;4096,4096""",FLOAT;FLOAT,ND;ND,"""4096,4096""",FLOAT,ND,N/A,0.0,0,0.0,0.0,0.0,0.0,0.0,0.0,0.0,0.0,0.0,0.0,0.0,330.278,21798338,6.784,0.021,3.19,0.01,328.576,0.995,111.572,0.338,0.0,0.000
0,4294967295,233,47,Concat,Concat,dynamic,AI_VECTOR_CORE,1785697972914158.032	,40.800,0.113000,40,0,NO,"""64,16;64,32;64,64;64,128;64,256;64,512;64,1024;64,2048;64,4096;64,8192;64,16;64,32;64,64;64,128;64,256;64,512;64,1024;64,2048;64,4096;64,8192;64,16;64,32;64,64;64,128;64,256;64,512;64,1024;64,2048;64,4096;64,8192;64,16;64,32;64,64;64,128;64,256;64,512;64,1024;64,2048;64,4096;64,8192;64,16;64,32;64,64;64,128;64,256;64,512;64,1024;64,2048;64,4096;64,8192;64,16;64,32;64,64;64,128;64,256;64,512;64,1024;64,2048;64,4096;64,8192;64,16;64,32;64,64;64,128""",FLOAT16;FLOAT16;FLOAT16;FLOAT16;FLOAT16;FLOAT16;FLOAT16;FLOAT16;FLOAT16;FLOAT16;FLOAT16;FLOAT16;FLOAT16;FLOAT16;FLOAT16;FLOAT16;FLOAT16;FLOAT16;FLOAT16;FLOAT16;FLOAT16;FLOAT16;FLOAT16;FLOAT16;FLOAT16;FLOAT16;FLOAT16;FLOAT16;FLOAT16;FLOAT16;FLOAT16;FLOAT16;FLOAT16;FLOAT16;FLOAT16;FLOAT16;FLOAT16;FLOAT16;FLOAT16;FLOAT16;FLOAT16;FLOAT16;FLOAT16;FLOAT16;FLOAT16;FLOAT16;FLOAT16;FLOAT16;FLOAT16;FLOAT16;FLOAT16;FLOAT16;FLOAT16;FLOAT16;FLOAT16;FLOAT16;FLOAT16;FLOAT16;FLOAT16;FLOAT16;FLOAT16;FLOAT16;FLOAT16;FLOAT16,ND;ND;ND;ND;ND;ND;ND;ND;ND;ND;ND;ND;ND;ND;ND;ND;ND;ND;ND;ND;ND;ND;ND;ND;ND;ND;ND;ND;ND;ND;ND;ND;ND;ND;ND;ND;ND;ND;ND;ND;ND;ND;ND;ND;ND;ND;ND;ND;ND;ND;ND;ND;ND;ND;ND;ND;ND;ND;ND;ND;ND;ND;ND;ND,"""64,98448""",FLOAT16,ND,N/A,0.0,0,0.0,0.0,0.0,0.0,0.0,0.0,0.0,0.0,0.0,0.0,0.0,36.812,2429590,0.017,0.0,7.503,0.204,21.697,0.589,11.156,0.303,0.0,0.000
0,4294967295,234,47,aclnnMul_MulAiCore_Mul,Mul,dynamic,AI_VECTOR_CORE,1785697972914198.852	,332.307,0.000000,40,0,NO,"""4096,4096;4096,4096""",FLOAT;FLOAT,ND;ND,"""4096,4096""",FLOAT,ND,N/A,0.0,0,0.0,0.0,0.0,0.0,0.0,0.0,0.0,0.0,0.0,0.0,0.0,329.837,21769244,6.784,0.021,3.045,0.009,328.257,0.995,112.268,0.34,0.0,0.000
0,4294967295,235,47,Concat,Concat,dynamic,AI_VECTOR_CORE,1785697972914531.199	,40.581,0.193000,40,0,NO,"""64,16;64,32;64,64;64,128;64,256;64,512;64,1024;64,2048;64,4096;64,8192;64,16;64,32;64,64;64,128;64,256;64,512;64,1024;64,2048;64,4096;64,8192;64,16;64,32;64,64;64,128;64,256;64,512;64,1024;64,2048;64,4096;64,8192;64,16;64,32;64,64;64,128;64,256;64,512;64,1024;64,2048;64,4096;64,8192;64,16;64,32;64,64;64,128;64,256;64,512;64,1024;64,2048;64,4096;64,8192;64,16;64,32;64,64;64,128;64,256;64,512;64,1024;64,2048;64,4096;64,8192;64,16;64,32;64,64;64,128""",FLOAT16;FLOAT16;FLOAT16;FLOAT16;FLOAT16;FLOAT16;FLOAT16;FLOAT16;FLOAT16;FLOAT16;FLOAT16;FLOAT16;FLOAT16;FLOAT16;FLOAT16;FLOAT16;FLOAT16;FLOAT16;FLOAT16;FLOAT16;FLOAT16;FLOAT16;FLOAT16;FLOAT16;FLOAT16;FLOAT16;FLOAT16;FLOAT16;FLOAT16;FLOAT16;FLOAT16;FLOAT16;FLOAT16;FLOAT16;FLOAT16;FLOAT16;FLOAT16;FLOAT16;FLOAT16;FLOAT16;FLOAT16;FLOAT16;FLOAT16;FLOAT16;FLOAT16;FLOAT16;FLOAT16;FLOAT16;FLOAT16;FLOAT16;FLOAT16;FLOAT16;FLOAT16;FLOAT16;FLOAT16;FLOAT16;FLOAT16;FLOAT16;FLOAT16;FLOAT16;FLOAT16;FLOAT16;FLOAT16;FLOAT16,ND;ND;ND;ND;ND;ND;ND;ND;ND;ND;ND;ND;ND;ND;ND;ND;ND;ND;ND;ND;ND;ND;ND;ND;ND;ND;ND;ND;ND;ND;ND;ND;ND;ND;ND;ND;ND;ND;ND;ND;ND;ND;ND;ND;ND;ND;ND;ND;ND;ND;ND;ND;ND;ND;ND;ND;ND;ND;ND;ND;ND;ND;ND;ND,"""64,98448""",FLOAT16,ND,N/A,0.0,0,0.0,0.0,0.0,0.0,0.0,0.0,0.0,0.0,0.0,0.0,0.0,36.828,2430674,0.017,0.0,9.282,0.252,19.995,0.543,11.493,0.312,0.0,0.000
0,4294967295,236,47,aclnnMul_MulAiCore_Mul,Mul,dynamic,AI_VECTOR_CORE,1785697972914571.800	,333.186,0.000000,40,0,NO,"""4096,4096;4096,4096""",FLOAT;FLOAT,ND;ND,"""4096,4096""",FLOAT,ND,N/A,0.0,0,0.0,0.0,0.0,0.0,0.0,0.0,0.0,0.0,0.0,0.0,0.0,330.899,21839347,6.784,0.021,3.147,0.01,329.19,0.995,111.631,0.337,0.0,0.000
0,4294967295,237,47,Concat,Concat,dynamic,AI_VECTOR_CORE,1785697972914905.006	,39.481,0.064000,40,0,NO,"""64,16;64,32;64,64;64,128;64,256;64,512;64,1024;64,2048;64,4096;64,8192;64,16;64,32;64,64;64,128;64,256;64,512;64,1024;64,2048;64,4096;64,8192;64,16;64,32;64,64;64,128;64,256;64,512;64,1024;64,2048;64,4096;64,8192;64,16;64,32;64,64;64,128;64,256;64,512;64,1024;64,2048;64,4096;64,8192;64,16;64,32;64,64;64,128;64,256;64,512;64,1024;64,2048;64,4096;64,8192;64,16;64,32;64,64;64,128;64,256;64,512;64,1024;64,2048;64,4096;64,8192;64,16;64,32;64,64;64,128""",FLOAT16;FLOAT16;FLOAT16;FLOAT16;FLOAT16;FLOAT16;FLOAT16;FLOAT16;FLOAT16;FLOAT16;FLOAT16;FLOAT16;FLOAT16;FLOAT16;FLOAT16;FLOAT16;FLOAT16;FLOAT16;FLOAT16;FLOAT16;FLOAT16;FLOAT16;FLOAT16;FLOAT16;FLOAT16;FLOAT16;FLOAT16;FLOAT16;FLOAT16;FLOAT16;FLOAT16;FLOAT16;FLOAT16;FLOAT16;FLOAT16;FLOAT16;FLOAT16;FLOAT16;FLOAT16;FLOAT16;FLOAT16;FLOAT16;FLOAT16;FLOAT16;FLOAT16;FLOAT16;FLOAT16;FLOAT16;FLOAT16;FLOAT16;FLOAT16;FLOAT16;FLOAT16;FLOAT16;FLOAT16;FLOAT16;FLOAT16;FLOAT16;FLOAT16;FLOAT16;FLOAT16;FLOAT16;FLOAT16;FLOAT16,ND;ND;ND;ND;ND;ND;ND;ND;ND;ND;ND;ND;ND;ND;ND;ND;ND;ND;ND;ND;ND;ND;ND;ND;ND;ND;ND;ND;ND;ND;ND;ND;ND;ND;ND;ND;ND;ND;ND;ND;ND;ND;ND;ND;ND;ND;ND;ND;ND;ND;ND;ND;ND;ND;ND;ND;ND;ND;ND;ND;ND;ND;ND;ND,"""64,98448""",FLOAT16,ND,N/A,0.0,0,0.0,0.0,0.0,0.0,0.0,0.0,0.0,0.0,0.0,0.0,0.0,35.423,2337889,0.017,0.0,8.171,0.231,20.583,0.581,10.973,0.31,0.0,0.000
0,4294967295,238,47,aclnnMul_MulAiCore_Mul,Mul,dynamic,AI_VECTOR_CORE,1785697972914944.507	,332.667,0.019000,40,0,NO,"""4096,4096;4096,4096""",FLOAT;FLOAT,ND;ND,"""4096,4096""",FLOAT,ND,N/A,0.0,0,0.0,0.0,0.0,0.0,0.0,0.0,0.0,0.0,0.0,0.0,0.0,330.417,21807531,6.784,0.021,3.031,0.009,328.84,0.995,111.603,0.338,0.0,0.000
0,4294967295,239,47,Concat,Concat,dynamic,AI_VECTOR_CORE,1785697972915277.214	,39.241,0.083000,40,0,NO,"""64,16;64,32;64,64;64,128;64,256;64,512;64,1024;64,2048;64,4096;64,8192;64,16;64,32;64,64;64,128;64,256;64,512;64,1024;64,2048;64,4096;64,8192;64,16;64,32;64,64;64,128;64,256;64,512;64,1024;64,2048;64,4096;64,8192;64,16;64,32;64,64;64,128;64,256;64,512;64,1024;64,2048;64,4096;64,8192;64,16;64,32;64,64;64,128;64,256;64,512;64,1024;64,2048;64,4096;64,8192;64,16;64,32;64,64;64,128;64,256;64,512;64,1024;64,2048;64,4096;64,8192;64,16;64,32;64,64;64,128""",FLOAT16;FLOAT16;FLOAT16;FLOAT16;FLOAT16;FLOAT16;FLOAT16;FLOAT16;FLOAT16;FLOAT16;FLOAT16;FLOAT16;FLOAT16;FLOAT16;FLOAT16;FLOAT16;FLOAT16;FLOAT16;FLOAT16;FLOAT16;FLOAT16;FLOAT16;FLOAT16;FLOAT16;FLOAT16;FLOAT16;FLOAT16;FLOAT16;FLOAT16;FLOAT16;FLOAT16;FLOAT16;FLOAT16;FLOAT16;FLOAT16;FLOAT16;FLOAT16;FLOAT16;FLOAT16;FLOAT16;FLOAT16;FLOAT16;FLOAT16;FLOAT16;FLOAT16;FLOAT16;FLOAT16;FLOAT16;FLOAT16;FLOAT16;FLOAT16;FLOAT16;FLOAT16;FLOAT16;FLOAT16;FLOAT16;FLOAT16;FLOAT16;FLOAT16;FLOAT16;FLOAT16;FLOAT16;FLOAT16;FLOAT16,ND;ND;ND;ND;ND;ND;ND;ND;ND;ND;ND;ND;ND;ND;ND;ND;ND;ND;ND;ND;ND;ND;ND;ND;ND;ND;ND;ND;ND;ND;ND;ND;ND;ND;ND;ND;ND;ND;ND;ND;ND;ND;ND;ND;ND;ND;ND;ND;ND;ND;ND;ND;ND;ND;ND;ND;ND;ND;ND;ND;ND;ND;ND;ND,"""64,98448""",FLOAT16,ND,N/A,0.0,0,0.0,0.0,0.0,0.0,0.0,0.0,0.0,0.0,0.0,0.0,0.0,35.5,2342970,0.017,0.0,7.587,0.214,20.685,0.583,11.072,0.312,0.0,0.000
0,4294967295,240,47,aclnnMul_MulAiCore_Mul,Mul,dynamic,AI_VECTOR_CORE,1785697972915316.475	,333.526,0.009000,40,0,NO,"""4096,4096;4096,4096""",FLOAT;FLOAT,ND;ND,"""4096,4096""",FLOAT,ND,N/A,0.0,0,0.0,0.0,0.0,0.0,0.0,0.0,0.0,0.0,0.0,0.0,0.0,331.258,21863054,6.784,0.02,2.906,0.009,329.804,0.996,111.125,0.335,0.0,0.000
0,4294967295,241,47,Concat,Concat,dynamic,AI_VECTOR_CORE,1785697972915650.021	,40.401,0.000000,40,0,NO,"""64,16;64,32;64,64;64,128;64,256;64,512;64,1024;64,2048;64,4096;64,8192;64,16;64,32;64,64;64,128;64,256;64,512;64,1024;64,2048;64,4096;64,8192;64,16;64,32;64,64;64,128;64,256;64,512;64,1024;64,2048;64,4096;64,8192;64,16;64,32;64,64;64,128;64,256;64,512;64,1024;64,2048;64,4096;64,8192;64,16;64,32;64,64;64,128;64,256;64,512;64,1024;64,2048;64,4096;64,8192;64,16;64,32;64,64;64,128;64,256;64,512;64,1024;64,2048;64,4096;64,8192;64,16;64,32;64,64;64,128""",FLOAT16;FLOAT16;FLOAT16;FLOAT16;FLOAT16;FLOAT16;FLOAT16;FLOAT16;FLOAT16;FLOAT16;FLOAT16;FLOAT16;FLOAT16;FLOAT16;FLOAT16;FLOAT16;FLOAT16;FLOAT16;FLOAT16;FLOAT16;FLOAT16;FLOAT16;FLOAT16;FLOAT16;FLOAT16;FLOAT16;FLOAT16;FLOAT16;FLOAT16;FLOAT16;FLOAT16;FLOAT16;FLOAT16;FLOAT16;FLOAT16;FLOAT16;FLOAT16;FLOAT16;FLOAT16;FLOAT16;FLOAT16;FLOAT16;FLOAT16;FLOAT16;FLOAT16;FLOAT16;FLOAT16;FLOAT16;FLOAT16;FLOAT16;FLOAT16;FLOAT16;FLOAT16;FLOAT16;FLOAT16;FLOAT16;FLOAT16;FLOAT16;FLOAT16;FLOAT16;FLOAT16;FLOAT16;FLOAT16;FLOAT16,ND;ND;ND;ND;ND;ND;ND;ND;ND;ND;ND;ND;ND;ND;ND;ND;ND;ND;ND;ND;ND;ND;ND;ND;ND;ND;ND;ND;ND;ND;ND;ND;ND;ND;ND;ND;ND;ND;ND;ND;ND;ND;ND;ND;ND;ND;ND;ND;ND;ND;ND;ND;ND;ND;ND;ND;ND;ND;ND;ND;ND;ND;ND;ND,"""64,98448""",FLOAT16,ND,N/A,0.0,0,0.0,0.0,0.0,0.0,0.0,0.0,0.0,0.0,0.0,0.0,0.0,36.666,2419944,0.017,0.0,7.059,0.193,21.355,0.582,11.375,0.31,0.0,0.000
0,4294967295,242,47,aclnnMul_MulAiCore_Mul,Mul,dynamic,AI_VECTOR_CORE,1785697972915690.442	,333.767,0.099000,40,0,NO,"""4096,4096;4096,4096""",FLOAT;FLOAT,ND;ND,"""4096,4096""",FLOAT,ND,N/A,0.0,0,0.0,0.0,0.0,0.0,0.0,0.0,0.0,0.0,0.0,0.0,0.0,331.275,21864136,6.784,0.02,3.0,0.009,329.715,0.995,112.27,0.339,0.0,0.000
0,4294967295,243,47,Concat,Concat,dynamic,AI_VECTOR_CORE,1785697972916024.229	,41.021,0.000000,40,0,NO,"""64,16;64,32;64,64;64,128;64,256;64,512;64,1024;64,2048;64,4096;64,8192;64,16;64,32;64,64;64,128;64,256;64,512;64,1024;64,2048;64,4096;64,8192;64,16;64,32;64,64;64,128;64,256;64,512;64,1024;64,2048;64,4096;64,8192;64,16;64,32;64,64;64,128;64,256;64,512;64,1024;64,2048;64,4096;64,8192;64,16;64,32;64,64;64,128;64,256;64,512;64,1024;64,2048;64,4096;64,8192;64,16;64,32;64,64;64,128;64,256;64,512;64,1024;64,2048;64,4096;64,8192;64,16;64,32;64,64;64,128""",FLOAT16;FLOAT16;FLOAT16;FLOAT16;FLOAT16;FLOAT16;FLOAT16;FLOAT16;FLOAT16;FLOAT16;FLOAT16;FLOAT16;FLOAT16;FLOAT16;FLOAT16;FLOAT16;FLOAT16;FLOAT16;FLOAT16;FLOAT16;FLOAT16;FLOAT16;FLOAT16;FLOAT16;FLOAT16;FLOAT16;FLOAT16;FLOAT16;FLOAT16;FLOAT16;FLOAT16;FLOAT16;FLOAT16;FLOAT16;FLOAT16;FLOAT16;FLOAT16;FLOAT16;FLOAT16;FLOAT16;FLOAT16;FLOAT16;FLOAT16;FLOAT16;FLOAT16;FLOAT16;FLOAT16;FLOAT16;FLOAT16;FLOAT16;FLOAT16;FLOAT16;FLOAT16;FLOAT16;FLOAT16;FLOAT16;FLOAT16;FLOAT16;FLOAT16;FLOAT16;FLOAT16;FLOAT16;FLOAT16;FLOAT16,ND;ND;ND;ND;ND;ND;ND;ND;ND;ND;ND;ND;ND;ND;ND;ND;ND;ND;ND;ND;ND;ND;ND;ND;ND;ND;ND;ND;ND;ND;ND;ND;ND;ND;ND;ND;ND;ND;ND;ND;ND;ND;ND;ND;ND;ND;ND;ND;ND;ND;ND;ND;ND;ND;ND;ND;ND;ND;ND;ND;ND;ND;ND;ND,"""64,98448""",FLOAT16,ND,N/A,0.0,0,0.0,0.0,0.0,0.0,0.0,0.0,0.0,0.0,0.0,0.0,0.0,37.503,2475195,0.017,0.0,6.789,0.181,21.768,0.58,11.938,0.318,0.0,0.000
0,4294967295,244,47,aclnnMul_MulAiCore_Mul,Mul,dynamic,AI_VECTOR_CORE,1785697972916065.270	,333.706,0.000000,40,0,NO,"""4096,4096;4096,4096""",FLOAT;FLOAT,ND;ND,"""4096,4096""",FLOAT,ND,N/A,0.0,0,0.0,0.0,0.0,0.0,0.0,0.0,0.0,0.0,0.0,0.0,0.0,331.337,21868245,6.784,0.02,2.918,0.009,329.844,0.995,111.631,0.337,0.0,0.000
0,4294967295,245,47,Concat,Concat,dynamic,AI_VECTOR_CORE,1785697972916398.996	,40.481,0.044000,40,0,NO,"""64,16;64,32;64,64;64,128;64,256;64,512;64,1024;64,2048;64,4096;64,8192;64,16;64,32;64,64;64,128;64,256;64,512;64,1024;64,2048;64,4096;64,8192;64,16;64,32;64,64;64,128;64,256;64,512;64,1024;64,2048;64,4096;64,8192;64,16;64,32;64,64;64,128;64,256;64,512;64,1024;64,2048;64,4096;64,8192;64,16;64,32;64,64;64,128;64,256;64,512;64,1024;64,2048;64,4096;64,8192;64,16;64,32;64,64;64,128;64,256;64,512;64,1024;64,2048;64,4096;64,8192;64,16;64,32;64,64;64,128""",FLOAT16;FLOAT16;FLOAT16;FLOAT16;FLOAT16;FLOAT16;FLOAT16;FLOAT16;FLOAT16;FLOAT16;FLOAT16;FLOAT16;FLOAT16;FLOAT16;FLOAT16;FLOAT16;FLOAT16;FLOAT16;FLOAT16;FLOAT16;FLOAT16;FLOAT16;FLOAT16;FLOAT16;FLOAT16;FLOAT16;FLOAT16;FLOAT16;FLOAT16;FLOAT16;FLOAT16;FLOAT16;FLOAT16;FLOAT16;FLOAT16;FLOAT16;FLOAT16;FLOAT16;FLOAT16;FLOAT16;FLOAT16;FLOAT16;FLOAT16;FLOAT16;FLOAT16;FLOAT16;FLOAT16;FLOAT16;FLOAT16;FLOAT16;FLOAT16;FLOAT16;FLOAT16;FLOAT16;FLOAT16;FLOAT16;FLOAT16;FLOAT16;FLOAT16;FLOAT16;FLOAT16;FLOAT16;FLOAT16;FLOAT16,ND;ND;ND;ND;ND;ND;ND;ND;ND;ND;ND;ND;ND;ND;ND;ND;ND;ND;ND;ND;ND;ND;ND;ND;ND;ND;ND;ND;ND;ND;ND;ND;ND;ND;ND;ND;ND;ND;ND;ND;ND;ND;ND;ND;ND;ND;ND;ND;ND;ND;ND;ND;ND;ND;ND;ND;ND;ND;ND;ND;ND;ND;ND;ND,"""64,98448""",FLOAT16,ND,N/A,0.0,0,0.0,0.0,0.0,0.0,0.0,0.0,0.0,0.0,0.0,0.0,0.0,36.892,2434893,0.017,0.0,8.458,0.229,21.169,0.574,11.717,0.318,0.0,0.000
0,4294967295,246,47,aclnnMul_MulAiCore_Mul,Mul,dynamic,AI_VECTOR_CORE,1785697972916439.497	,333.307,0.019000,40,0,NO,"""4096,4096;4096,4096""",FLOAT;FLOAT,ND;ND,"""4096,4096""",FLOAT,ND,N/A,0.0,0,0.0,0.0,0.0,0.0,0.0,0.0,0.0,0.0,0.0,0.0,0.0,330.552,21816417,6.784,0.021,3.106,0.009,328.892,0.995,112.064,0.339,0.0,0.000
0,4294967295,247,47,Concat,Concat,dynamic,AI_VECTOR_CORE,1785697972916772.824	,39.841,0.000000,40,0,NO,"""64,16;64,32;64,64;64,128;64,256;64,512;64,1024;64,2048;64,4096;64,8192;64,16;64,32;64,64;64,128;64,256;64,512;64,1024;64,2048;64,4096;64,8192;64,16;64,32;64,64;64,128;64,256;64,512;64,1024;64,2048;64,4096;64,8192;64,16;64,32;64,64;64,128;64,256;64,512;64,1024;64,2048;64,4096;64,8192;64,16;64,32;64,64;64,128;64,256;64,512;64,1024;64,2048;64,4096;64,8192;64,16;64,32;64,64;64,128;64,256;64,512;64,1024;64,2048;64,4096;64,8192;64,16;64,32;64,64;64,128""",FLOAT16;FLOAT16;FLOAT16;FLOAT16;FLOAT16;FLOAT16;FLOAT16;FLOAT16;FLOAT16;FLOAT16;FLOAT16;FLOAT16;FLOAT16;FLOAT16;FLOAT16;FLOAT16;FLOAT16;FLOAT16;FLOAT16;FLOAT16;FLOAT16;FLOAT16;FLOAT16;FLOAT16;FLOAT16;FLOAT16;FLOAT16;FLOAT16;FLOAT16;FLOAT16;FLOAT16;FLOAT16;FLOAT16;FLOAT16;FLOAT16;FLOAT16;FLOAT16;FLOAT16;FLOAT16;FLOAT16;FLOAT16;FLOAT16;FLOAT16;FLOAT16;FLOAT16;FLOAT16;FLOAT16;FLOAT16;FLOAT16;FLOAT16;FLOAT16;FLOAT16;FLOAT16;FLOAT16;FLOAT16;FLOAT16;FLOAT16;FLOAT16;FLOAT16;FLOAT16;FLOAT16;FLOAT16;FLOAT16;FLOAT16,ND;ND;ND;ND;ND;ND;ND;ND;ND;ND;ND;ND;ND;ND;ND;ND;ND;ND;ND;ND;ND;ND;ND;ND;ND;ND;ND;ND;ND;ND;ND;ND;ND;ND;ND;ND;ND;ND;ND;ND;ND;ND;ND;ND;ND;ND;ND;ND;ND;ND;ND;ND;ND;ND;ND;ND;ND;ND;ND;ND;ND;ND;ND;ND,"""64,98448""",FLOAT16,ND,N/A,0.0,0,0.0,0.0,0.0,0.0,0.0,0.0,0.0,0.0,0.0,0.0,0.0,36.405,2402751,0.017,0.0,7.106,0.195,21.653,0.595,11.024,0.303,0.0,0.000
0,4294967295,248,47,aclnnMul_MulAiCore_Mul,Mul,dynamic,AI_VECTOR_CORE,1785697972916812.685	,333.766,0.159000,40,0,NO,"""4096,4096;4096,4096""",FLOAT;FLOAT,ND;ND,"""4096,4096""",FLOAT,ND,N/A,0.0,0,0.0,0.0,0.0,0.0,0.0,0.0,0.0,0.0,0.0,0.0,0.0,331.042,21848787,6.784,0.02,3.289,0.01,329.154,0.994,112.061,0.339,0.0,0.000
0,4294967295,249,47,Concat,Concat,dynamic,AI_VECTOR_CORE,1785697972917146.471	,41.181,0.000000,40,0,NO,"""64,16;64,32;64,64;64,128;64,256;64,512;64,1024;64,2048;64,4096;64,8192;64,16;64,32;64,64;64,128;64,256;64,512;64,1024;64,2048;64,4096;64,8192;64,16;64,32;64,64;64,128;64,256;64,512;64,1024;64,2048;64,4096;64,8192;64,16;64,32;64,64;64,128;64,256;64,512;64,1024;64,2048;64,4096;64,8192;64,16;64,32;64,64;64,128;64,256;64,512;64,1024;64,2048;64,4096;64,8192;64,16;64,32;64,64;64,128;64,256;64,512;64,1024;64,2048;64,4096;64,8192;64,16;64,32;64,64;64,128""",FLOAT16;FLOAT16;FLOAT16;FLOAT16;FLOAT16;FLOAT16;FLOAT16;FLOAT16;FLOAT16;FLOAT16;FLOAT16;FLOAT16;FLOAT16;FLOAT16;FLOAT16;FLOAT16;FLOAT16;FLOAT16;FLOAT16;FLOAT16;FLOAT16;FLOAT16;FLOAT16;FLOAT16;FLOAT16;FLOAT16;FLOAT16;FLOAT16;FLOAT16;FLOAT16;FLOAT16;FLOAT16;FLOAT16;FLOAT16;FLOAT16;FLOAT16;FLOAT16;FLOAT16;FLOAT16;FLOAT16;FLOAT16;FLOAT16;FLOAT16;FLOAT16;FLOAT16;FLOAT16;FLOAT16;FLOAT16;FLOAT16;FLOAT16;FLOAT16;FLOAT16;FLOAT16;FLOAT16;FLOAT16;FLOAT16;FLOAT16;FLOAT16;FLOAT16;FLOAT16;FLOAT16;FLOAT16;FLOAT16;FLOAT16,ND;ND;ND;ND;ND;ND;ND;ND;ND;ND;ND;ND;ND;ND;ND;ND;ND;ND;ND;ND;ND;ND;ND;ND;ND;ND;ND;ND;ND;ND;ND;ND;ND;ND;ND;ND;ND;ND;ND;ND;ND;ND;ND;ND;ND;ND;ND;ND;ND;ND;ND;ND;ND;ND;ND;ND;ND;ND;ND;ND;ND;ND;ND;ND,"""64,98448""",FLOAT16,ND,N/A,0.0,0,0.0,0.0,0.0,0.0,0.0,0.0,0.0,0.0,0.0,0.0,0.0,37.094,2448179,0.017,0.0,8.437,0.227,21.347,0.575,11.674,0.315,0.0,0.000
0,4294967295,250,47,aclnnMul_MulAiCore_Mul,Mul,dynamic,AI_VECTOR_CORE,1785697972917187.672	,333.207,0.069000,40,0,NO,"""4096,4096;4096,4096""",FLOAT;FLOAT,ND;ND,"""4096,4096""",FLOAT,ND,N/A,0.0,0,0.0,0.0,0.0,0.0,0.0,0.0,0.0,0.0,0.0,0.0,0.0,331.031,21848018,6.784,0.02,3.094,0.009,329.39,0.995,112.092,0.339,0.0,0.000
0,4294967295,251,47,Concat,Concat,dynamic,AI_VECTOR_CORE,1785697972917520.899	,41.901,0.043000,40,0,NO,"""64,16;64,32;64,64;64,128;64,256;64,512;64,1024;64,2048;64,4096;64,8192;64,16;64,32;64,64;64,128;64,256;64,512;64,1024;64,2048;64,4096;64,8192;64,16;64,32;64,64;64,128;64,256;64,512;64,1024;64,2048;64,4096;64,8192;64,16;64,32;64,64;64,128;64,256;64,512;64,1024;64,2048;64,4096;64,8192;64,16;64,32;64,64;64,128;64,256;64,512;64,1024;64,2048;64,4096;64,8192;64,16;64,32;64,64;64,128;64,256;64,512;64,1024;64,2048;64,4096;64,8192;64,16;64,32;64,64;64,128""",FLOAT16;FLOAT16;FLOAT16;FLOAT16;FLOAT16;FLOAT16;FLOAT16;FLOAT16;FLOAT16;FLOAT16;FLOAT16;FLOAT16;FLOAT16;FLOAT16;FLOAT16;FLOAT16;FLOAT16;FLOAT16;FLOAT16;FLOAT16;FLOAT16;FLOAT16;FLOAT16;FLOAT16;FLOAT16;FLOAT16;FLOAT16;FLOAT16;FLOAT16;FLOAT16;FLOAT16;FLOAT16;FLOAT16;FLOAT16;FLOAT16;FLOAT16;FLOAT16;FLOAT16;FLOAT16;FLOAT16;FLOAT16;FLOAT16;FLOAT16;FLOAT16;FLOAT16;FLOAT16;FLOAT16;FLOAT16;FLOAT16;FLOAT16;FLOAT16;FLOAT16;FLOAT16;FLOAT16;FLOAT16;FLOAT16;FLOAT16;FLOAT16;FLOAT16;FLOAT16;FLOAT16;FLOAT16;FLOAT16;FLOAT16,ND;ND;ND;ND;ND;ND;ND;ND;ND;ND;ND;ND;ND;ND;ND;ND;ND;ND;ND;ND;ND;ND;ND;ND;ND;ND;ND;ND;ND;ND;ND;ND;ND;ND;ND;ND;ND;ND;ND;ND;ND;ND;ND;ND;ND;ND;ND;ND;ND;ND;ND;ND;ND;ND;ND;ND;ND;ND;ND;ND;ND;ND;ND;ND,"""64,98448""",FLOAT16,ND,N/A,0.0,0,0.0,0.0,0.0,0.0,0.0,0.0,0.0,0.0,0.0,0.0,0.0,38.821,2562157,0.017,0.0,8.881,0.229,22.062,0.568,11.869,0.306,0.0,0.000
0,4294967295,252,47,aclnnMul_MulAiCore_Mul,Mul,dynamic,AI_VECTOR_CORE,1785697972917562.840	,334.426,0.000000,40,0,NO,"""4096,4096;4096,4096""",FLOAT;FLOAT,ND;ND,"""4096,4096""",FLOAT,ND,N/A,0.0,0,0.0,0.0,0.0,0.0,0.0,0.0,0.0,0.0,0.0,0.0,0.0,331.708,21892756,6.784,0.02,3.048,0.009,330.081,0.995,110.963,0.335,0.0,0.000
0,4294967295,253,47,Concat,Concat,dynamic,AI_VECTOR_CORE,1785697972917897.286	,39.921,0.074000,40,0,NO,"""64,16;64,32;64,64;64,128;64,256;64,512;64,1024;64,2048;64,4096;64,8192;64,16;64,32;64,64;64,128;64,256;64,512;64,1024;64,2048;64,4096;64,8192;64,16;64,32;64,64;64,128;64,256;64,512;64,1024;64,2048;64,4096;64,8192;64,16;64,32;64,64;64,128;64,256;64,512;64,1024;64,2048;64,4096;64,8192;64,16;64,32;64,64;64,128;64,256;64,512;64,1024;64,2048;64,4096;64,8192;64,16;64,32;64,64;64,128;64,256;64,512;64,1024;64,2048;64,4096;64,8192;64,16;64,32;64,64;64,128""",FLOAT16;FLOAT16;FLOAT16;FLOAT16;FLOAT16;FLOAT16;FLOAT16;FLOAT16;FLOAT16;FLOAT16;FLOAT16;FLOAT16;FLOAT16;FLOAT16;FLOAT16;FLOAT16;FLOAT16;FLOAT16;FLOAT16;FLOAT16;FLOAT16;FLOAT16;FLOAT16;FLOAT16;FLOAT16;FLOAT16;FLOAT16;FLOAT16;FLOAT16;FLOAT16;FLOAT16;FLOAT16;FLOAT16;FLOAT16;FLOAT16;FLOAT16;FLOAT16;FLOAT16;FLOAT16;FLOAT16;FLOAT16;FLOAT16;FLOAT16;FLOAT16;FLOAT16;FLOAT16;FLOAT16;FLOAT16;FLOAT16;FLOAT16;FLOAT16;FLOAT16;FLOAT16;FLOAT16;FLOAT16;FLOAT16;FLOAT16;FLOAT16;FLOAT16;FLOAT16;FLOAT16;FLOAT16;FLOAT16;FLOAT16,ND;ND;ND;ND;ND;ND;ND;ND;ND;ND;ND;ND;ND;ND;ND;ND;ND;ND;ND;ND;ND;ND;ND;ND;ND;ND;ND;ND;ND;ND;ND;ND;ND;ND;ND;ND;ND;ND;ND;ND;ND;ND;ND;ND;ND;ND;ND;ND;ND;ND;ND;ND;ND;ND;ND;ND;ND;ND;ND;ND;ND;ND;ND;ND,"""64,98448""",FLOAT16,ND,N/A,0.0,0,0.0,0.0,0.0,0.0,0.0,0.0,0.0,0.0,0.0,0.0,0.0,35.793,2362337,0.017,0.0,7.99,0.223,20.7,0.578,11.283,0.315,0.0,0.000
0,4294967295,254,47,aclnnMul_MulAiCore_Mul,Mul,dynamic,AI_VECTOR_CORE,1785697972917937.227	,334.847,0.079000,40,0,NO,"""4096,4096;4096,4096""",FLOAT;FLOAT,ND;ND,"""4096,4096""",FLOAT,ND,N/A,0.0,0,0.0,0.0,0.0,0.0,0.0,0.0,0.0,0.0,0.0,0.0,0.0,332.164,21922803,6.784,0.02,3.175,0.01,330.395,0.995,113.311,0.341,0.0,0.000
0,4294967295,255,47,Concat,Concat,dynamic,AI_VECTOR_CORE,1785697972918272.094	,39.641,0.000000,40,0,NO,"""64,16;64,32;64,64;64,128;64,256;64,512;64,1024;64,2048;64,4096;64,8192;64,16;64,32;64,64;64,128;64,256;64,512;64,1024;64,2048;64,4096;64,8192;64,16;64,32;64,64;64,128;64,256;64,512;64,1024;64,2048;64,4096;64,8192;64,16;64,32;64,64;64,128;64,256;64,512;64,1024;64,2048;64,4096;64,8192;64,16;64,32;64,64;64,128;64,256;64,512;64,1024;64,2048;64,4096;64,8192;64,16;64,32;64,64;64,128;64,256;64,512;64,1024;64,2048;64,4096;64,8192;64,16;64,32;64,64;64,128""",FLOAT16;FLOAT16;FLOAT16;FLOAT16;FLOAT16;FLOAT16;FLOAT16;FLOAT16;FLOAT16;FLOAT16;FLOAT16;FLOAT16;FLOAT16;FLOAT16;FLOAT16;FLOAT16;FLOAT16;FLOAT16;FLOAT16;FLOAT16;FLOAT16;FLOAT16;FLOAT16;FLOAT16;FLOAT16;FLOAT16;FLOAT16;FLOAT16;FLOAT16;FLOAT16;FLOAT16;FLOAT16;FLOAT16;FLOAT16;FLOAT16;FLOAT16;FLOAT16;FLOAT16;FLOAT16;FLOAT16;FLOAT16;FLOAT16;FLOAT16;FLOAT16;FLOAT16;FLOAT16;FLOAT16;FLOAT16;FLOAT16;FLOAT16;FLOAT16;FLOAT16;FLOAT16;FLOAT16;FLOAT16;FLOAT16;FLOAT16;FLOAT16;FLOAT16;FLOAT16;FLOAT16;FLOAT16;FLOAT16;FLOAT16,ND;ND;ND;ND;ND;ND;ND;ND;ND;ND;ND;ND;ND;ND;ND;ND;ND;ND;ND;ND;ND;ND;ND;ND;ND;ND;ND;ND;ND;ND;ND;ND;ND;ND;ND;ND;ND;ND;ND;ND;ND;ND;ND;ND;ND;ND;ND;ND;ND;ND;ND;ND;ND;ND;ND;ND;ND;ND;ND;ND;ND;ND;ND;ND,"""64,98448""",FLOAT16,ND,N/A,0.0,0,0.0,0.0,0.0,0.0,0.0,0.0,0.0,0.0,0.0,0.0,0.0,36.071,2380666,0.017,0.0,7.649,0.212,20.961,0.581,11.351,0.315,0.0,0.000
0,4294967295,256,47,aclnnMul_MulAiCore_Mul,Mul,dynamic,AI_VECTOR_CORE,1785697972918311.755	,333.186,0.109000,40,0,NO,"""4096,4096;4096,4096""",FLOAT;FLOAT,ND;ND,"""4096,4096""",FLOAT,ND,N/A,0.0,0,0.0,0.0,0.0,0.0,0.0,0.0,0.0,0.0,0.0,0.0,0.0,331.147,21855701,6.784,0.02,3.008,0.009,329.596,0.995,112.689,0.34,0.0,0.000
0,4294967295,257,47,Concat,Concat,dynamic,AI_VECTOR_CORE,1785697972918644.961	,41.361,0.064000,40,0,NO,"""64,16;64,32;64,64;64,128;64,256;64,512;64,1024;64,2048;64,4096;64,8192;64,16;64,32;64,64;64,128;64,256;64,512;64,1024;64,2048;64,4096;64,8192;64,16;64,32;64,64;64,128;64,256;64,512;64,1024;64,2048;64,4096;64,8192;64,16;64,32;64,64;64,128;64,256;64,512;64,1024;64,2048;64,4096;64,8192;64,16;64,32;64,64;64,128;64,256;64,512;64,1024;64,2048;64,4096;64,8192;64,16;64,32;64,64;64,128;64,256;64,512;64,1024;64,2048;64,4096;64,8192;64,16;64,32;64,64;64,128""",FLOAT16;FLOAT16;FLOAT16;FLOAT16;FLOAT16;FLOAT16;FLOAT16;FLOAT16;FLOAT16;FLOAT16;FLOAT16;FLOAT16;FLOAT16;FLOAT16;FLOAT16;FLOAT16;FLOAT16;FLOAT16;FLOAT16;FLOAT16;FLOAT16;FLOAT16;FLOAT16;FLOAT16;FLOAT16;FLOAT16;FLOAT16;FLOAT16;FLOAT16;FLOAT16;FLOAT16;FLOAT16;FLOAT16;FLOAT16;FLOAT16;FLOAT16;FLOAT16;FLOAT16;FLOAT16;FLOAT16;FLOAT16;FLOAT16;FLOAT16;FLOAT16;FLOAT16;FLOAT16;FLOAT16;FLOAT16;FLOAT16;FLOAT16;FLOAT16;FLOAT16;FLOAT16;FLOAT16;FLOAT16;FLOAT16;FLOAT16;FLOAT16;FLOAT16;FLOAT16;FLOAT16;FLOAT16;FLOAT16;FLOAT16,ND;ND;ND;ND;ND;ND;ND;ND;ND;ND;ND;ND;ND;ND;ND;ND;ND;ND;ND;ND;ND;ND;ND;ND;ND;ND;ND;ND;ND;ND;ND;ND;ND;ND;ND;ND;ND;ND;ND;ND;ND;ND;ND;ND;ND;ND;ND;ND;ND;ND;ND;ND;ND;ND;ND;ND;ND;ND;ND;ND;ND;ND;ND;ND,"""64,98448""",FLOAT16,ND,N/A,0.0,0,0.0,0.0,0.0,0.0,0.0,0.0,0.0,0.0,0.0,0.0,0.0,37.345,2464765,0.017,0.0,6.377,0.171,21.632,0.579,12.034,0.322,0.0,0.000
0,4294967295,258,47,aclnnMul_MulAiCore_Mul,Mul,dynamic,AI_VECTOR_CORE,1785697972918686.342	,332.107,0.000000,40,0,NO,"""4096,4096;4096,4096""",FLOAT;FLOAT,ND;ND,"""4096,4096""",FLOAT,ND,N/A,0.0,0,0.0,0.0,0.0,0.0,0.0,0.0,0.0,0.0,0.0,0.0,0.0,330.144,21789473,6.784,0.021,3.091,0.009,328.513,0.995,111.969,0.339,0.0,0.000
0,4294967295,259,47,Concat,Concat,dynamic,AI_VECTOR_CORE,1785697972919018.469	,40.520,0.143000,40,0,NO,"""64,16;64,32;64,64;64,128;64,256;64,512;64,1024;64,2048;64,4096;64,8192;64,16;64,32;64,64;64,128;64,256;64,512;64,1024;64,2048;64,4096;64,8192;64,16;64,32;64,64;64,128;64,256;64,512;64,1024;64,2048;64,4096;64,8192;64,16;64,32;64,64;64,128;64,256;64,512;64,1024;64,2048;64,4096;64,8192;64,16;64,32;64,64;64,128;64,256;64,512;64,1024;64,2048;64,4096;64,8192;64,16;64,32;64,64;64,128;64,256;64,512;64,1024;64,2048;64,4096;64,8192;64,16;64,32;64,64;64,128""",FLOAT16;FLOAT16;FLOAT16;FLOAT16;FLOAT16;FLOAT16;FLOAT16;FLOAT16;FLOAT16;FLOAT16;FLOAT16;FLOAT16;FLOAT16;FLOAT16;FLOAT16;FLOAT16;FLOAT16;FLOAT16;FLOAT16;FLOAT16;FLOAT16;FLOAT16;FLOAT16;FLOAT16;FLOAT16;FLOAT16;FLOAT16;FLOAT16;FLOAT16;FLOAT16;FLOAT16;FLOAT16;FLOAT16;FLOAT16;FLOAT16;FLOAT16;FLOAT16;FLOAT16;FLOAT16;FLOAT16;FLOAT16;FLOAT16;FLOAT16;FLOAT16;FLOAT16;FLOAT16;FLOAT16;FLOAT16;FLOAT16;FLOAT16;FLOAT16;FLOAT16;FLOAT16;FLOAT16;FLOAT16;FLOAT16;FLOAT16;FLOAT16;FLOAT16;FLOAT16;FLOAT16;FLOAT16;FLOAT16;FLOAT16,ND;ND;ND;ND;ND;ND;ND;ND;ND;ND;ND;ND;ND;ND;ND;ND;ND;ND;ND;ND;ND;ND;ND;ND;ND;ND;ND;ND;ND;ND;ND;ND;ND;ND;ND;ND;ND;ND;ND;ND;ND;ND;ND;ND;ND;ND;ND;ND;ND;ND;ND;ND;ND;ND;ND;ND;ND;ND;ND;ND;ND;ND;ND;ND,"""64,98448""",FLOAT16,ND,N/A,0.0,0,0.0,0.0,0.0,0.0,0.0,0.0,0.0,0.0,0.0,0.0,0.0,37.087,2447749,0.017,0.0,7.55,0.204,21.203,0.572,12.037,0.325,0.0,0.000
0,4294967295,260,47,aclnnMul_MulAiCore_Mul,Mul,dynamic,AI_VECTOR_CORE,1785697972919059.009	,333.347,0.000000,40,0,NO,"""4096,4096;4096,4096""",FLOAT;FLOAT,ND;ND,"""4096,4096""",FLOAT,ND,N/A,0.0,0,0.0,0.0,0.0,0.0,0.0,0.0,0.0,0.0,0.0,0.0,0.0,331.282,21864588,6.784,0.02,3.085,0.009,329.672,0.995,111.927,0.338,0.0,0.000
0,4294967295,261,47,Concat,Concat,dynamic,AI_VECTOR_CORE,1785697972919392.376	,39.561,0.153000,40,0,NO,"""64,16;64,32;64,64;64,128;64,256;64,512;64,1024;64,2048;64,4096;64,8192;64,16;64,32;64,64;64,128;64,256;64,512;64,1024;64,2048;64,4096;64,8192;64,16;64,32;64,64;64,128;64,256;64,512;64,1024;64,2048;64,4096;64,8192;64,16;64,32;64,64;64,128;64,256;64,512;64,1024;64,2048;64,4096;64,8192;64,16;64,32;64,64;64,128;64,256;64,512;64,1024;64,2048;64,4096;64,8192;64,16;64,32;64,64;64,128;64,256;64,512;64,1024;64,2048;64,4096;64,8192;64,16;64,32;64,64;64,128""",FLOAT16;FLOAT16;FLOAT16;FLOAT16;FLOAT16;FLOAT16;FLOAT16;FLOAT16;FLOAT16;FLOAT16;FLOAT16;FLOAT16;FLOAT16;FLOAT16;FLOAT16;FLOAT16;FLOAT16;FLOAT16;FLOAT16;FLOAT16;FLOAT16;FLOAT16;FLOAT16;FLOAT16;FLOAT16;FLOAT16;FLOAT16;FLOAT16;FLOAT16;FLOAT16;FLOAT16;FLOAT16;FLOAT16;FLOAT16;FLOAT16;FLOAT16;FLOAT16;FLOAT16;FLOAT16;FLOAT16;FLOAT16;FLOAT16;FLOAT16;FLOAT16;FLOAT16;FLOAT16;FLOAT16;FLOAT16;FLOAT16;FLOAT16;FLOAT16;FLOAT16;FLOAT16;FLOAT16;FLOAT16;FLOAT16;FLOAT16;FLOAT16;FLOAT16;FLOAT16;FLOAT16;FLOAT16;FLOAT16;FLOAT16,ND;ND;ND;ND;ND;ND;ND;ND;ND;ND;ND;ND;ND;ND;ND;ND;ND;ND;ND;ND;ND;ND;ND;ND;ND;ND;ND;ND;ND;ND;ND;ND;ND;ND;ND;ND;ND;ND;ND;ND;ND;ND;ND;ND;ND;ND;ND;ND;ND;ND;ND;ND;ND;ND;ND;ND;ND;ND;ND;ND;ND;ND;ND;ND,"""64,98448""",FLOAT16,ND,N/A,0.0,0,0.0,0.0,0.0,0.0,0.0,0.0,0.0,0.0,0.0,0.0,0.0,36.534,2411275,0.017,0.0,7.354,0.201,21.293,0.583,11.496,0.315,0.0,0.000
0,4294967295,262,47,aclnnMul_MulAiCore_Mul,Mul,dynamic,AI_VECTOR_CORE,1785697972919431.977	,333.867,0.000000,40,0,NO,"""4096,4096;4096,4096""",FLOAT;FLOAT,ND;ND,"""4096,4096""",FLOAT,ND,N/A,0.0,0,0.0,0.0,0.0,0.0,0.0,0.0,0.0,0.0,0.0,0.0,0.0,331.464,21876656,6.784,0.02,3.148,0.009,329.788,0.995,112.694,0.34,0.0,0.000
0,4294967295,263,47,Concat,Concat,dynamic,AI_VECTOR_CORE,1785697972919765.884	,40.040,0.133000,40,0,NO,"""64,16;64,32;64,64;64,128;64,256;64,512;64,1024;64,2048;64,4096;64,8192;64,16;64,32;64,64;64,128;64,256;64,512;64,1024;64,2048;64,4096;64,8192;64,16;64,32;64,64;64,128;64,256;64,512;64,1024;64,2048;64,4096;64,8192;64,16;64,32;64,64;64,128;64,256;64,512;64,1024;64,2048;64,4096;64,8192;64,16;64,32;64,64;64,128;64,256;64,512;64,1024;64,2048;64,4096;64,8192;64,16;64,32;64,64;64,128;64,256;64,512;64,1024;64,2048;64,4096;64,8192;64,16;64,32;64,64;64,128""",FLOAT16;FLOAT16;FLOAT16;FLOAT16;FLOAT16;FLOAT16;FLOAT16;FLOAT16;FLOAT16;FLOAT16;FLOAT16;FLOAT16;FLOAT16;FLOAT16;FLOAT16;FLOAT16;FLOAT16;FLOAT16;FLOAT16;FLOAT16;FLOAT16;FLOAT16;FLOAT16;FLOAT16;FLOAT16;FLOAT16;FLOAT16;FLOAT16;FLOAT16;FLOAT16;FLOAT16;FLOAT16;FLOAT16;FLOAT16;FLOAT16;FLOAT16;FLOAT16;FLOAT16;FLOAT16;FLOAT16;FLOAT16;FLOAT16;FLOAT16;FLOAT16;FLOAT16;FLOAT16;FLOAT16;FLOAT16;FLOAT16;FLOAT16;FLOAT16;FLOAT16;FLOAT16;FLOAT16;FLOAT16;FLOAT16;FLOAT16;FLOAT16;FLOAT16;FLOAT16;FLOAT16;FLOAT16;FLOAT16;FLOAT16,ND;ND;ND;ND;ND;ND;ND;ND;ND;ND;ND;ND;ND;ND;ND;ND;ND;ND;ND;ND;ND;ND;ND;ND;ND;ND;ND;ND;ND;ND;ND;ND;ND;ND;ND;ND;ND;ND;ND;ND;ND;ND;ND;ND;ND;ND;ND;ND;ND;ND;ND;ND;ND;ND;ND;ND;ND;ND;ND;ND;ND;ND;ND;ND,"""64,98448""",FLOAT16,ND,N/A,0.0,0,0.0,0.0,0.0,0.0,0.0,0.0,0.0,0.0,0.0,0.0,0.0,35.998,2375900,0.017,0.0,7.506,0.209,21.164,0.588,10.985,0.305,0.0,0.000
0,4294967295,264,47,aclnnMul_MulAiCore_Mul,Mul,dynamic,AI_VECTOR_CORE,1785697972919805.964	,333.327,0.000000,40,0,NO,"""4096,4096;4096,4096""",FLOAT;FLOAT,ND;ND,"""4096,4096""",FLOAT,ND,N/A,0.0,0,0.0,0.0,0.0,0.0,0.0,0.0,0.0,0.0,0.0,0.0,0.0,331.625,21887260,6.784,0.02,2.909,0.009,330.213,0.996,110.171,0.332,0.0,0.000
0,4294967295,265,47,Concat,Concat,dynamic,AI_VECTOR_CORE,1785697972920139.311	,41.141,0.000000,40,0,NO,"""64,16;64,32;64,64;64,128;64,256;64,512;64,1024;64,2048;64,4096;64,8192;64,16;64,32;64,64;64,128;64,256;64,512;64,1024;64,2048;64,4096;64,8192;64,16;64,32;64,64;64,128;64,256;64,512;64,1024;64,2048;64,4096;64,8192;64,16;64,32;64,64;64,128;64,256;64,512;64,1024;64,2048;64,4096;64,8192;64,16;64,32;64,64;64,128;64,256;64,512;64,1024;64,2048;64,4096;64,8192;64,16;64,32;64,64;64,128;64,256;64,512;64,1024;64,2048;64,4096;64,8192;64,16;64,32;64,64;64,128""",FLOAT16;FLOAT16;FLOAT16;FLOAT16;FLOAT16;FLOAT16;FLOAT16;FLOAT16;FLOAT16;FLOAT16;FLOAT16;FLOAT16;FLOAT16;FLOAT16;FLOAT16;FLOAT16;FLOAT16;FLOAT16;FLOAT16;FLOAT16;FLOAT16;FLOAT16;FLOAT16;FLOAT16;FLOAT16;FLOAT16;FLOAT16;FLOAT16;FLOAT16;FLOAT16;FLOAT16;FLOAT16;FLOAT16;FLOAT16;FLOAT16;FLOAT16;FLOAT16;FLOAT16;FLOAT16;FLOAT16;FLOAT16;FLOAT16;FLOAT16;FLOAT16;FLOAT16;FLOAT16;FLOAT16;FLOAT16;FLOAT16;FLOAT16;FLOAT16;FLOAT16;FLOAT16;FLOAT16;FLOAT16;FLOAT16;FLOAT16;FLOAT16;FLOAT16;FLOAT16;FLOAT16;FLOAT16;FLOAT16;FLOAT16,ND;ND;ND;ND;ND;ND;ND;ND;ND;ND;ND;ND;ND;ND;ND;ND;ND;ND;ND;ND;ND;ND;ND;ND;ND;ND;ND;ND;ND;ND;ND;ND;ND;ND;ND;ND;ND;ND;ND;ND;ND;ND;ND;ND;ND;ND;ND;ND;ND;ND;ND;ND;ND;ND;ND;ND;ND;ND;ND;ND;ND;ND;ND;ND,"""64,98448""",FLOAT16,ND,N/A,0.0,0,0.0,0.0,0.0,0.0,0.0,0.0,0.0,0.0,0.0,0.0,0.0,37.107,2449076,0.017,0.0,8.241,0.222,21.427,0.577,11.263,0.304,0.0,0.000
0,4294967295,266,47,aclnnMul_MulAiCore_Mul,Mul,dynamic,AI_VECTOR_CORE,1785697972920180.472	,334.567,0.109000,40,0,NO,"""4096,4096;4096,4096""",FLOAT;FLOAT,ND;ND,"""4096,4096""",FLOAT,ND,N/A,0.0,0,0.0,0.0,0.0,0.0,0.0,0.0,0.0,0.0,0.0,0.0,0.0,331.866,21903183,6.784,0.02,4.024,0.012,329.209,0.992,111.362,0.336,0.0,0.000
0,4294967295,267,47,Concat,Concat,dynamic,AI_VECTOR_CORE,1785697972920515.059	,40.560,0.000000,40,0,NO,"""64,16;64,32;64,64;64,128;64,256;64,512;64,1024;64,2048;64,4096;64,8192;64,16;64,32;64,64;64,128;64,256;64,512;64,1024;64,2048;64,4096;64,8192;64,16;64,32;64,64;64,128;64,256;64,512;64,1024;64,2048;64,4096;64,8192;64,16;64,32;64,64;64,128;64,256;64,512;64,1024;64,2048;64,4096;64,8192;64,16;64,32;64,64;64,128;64,256;64,512;64,1024;64,2048;64,4096;64,8192;64,16;64,32;64,64;64,128;64,256;64,512;64,1024;64,2048;64,4096;64,8192;64,16;64,32;64,64;64,128""",FLOAT16;FLOAT16;FLOAT16;FLOAT16;FLOAT16;FLOAT16;FLOAT16;FLOAT16;FLOAT16;FLOAT16;FLOAT16;FLOAT16;FLOAT16;FLOAT16;FLOAT16;FLOAT16;FLOAT16;FLOAT16;FLOAT16;FLOAT16;FLOAT16;FLOAT16;FLOAT16;FLOAT16;FLOAT16;FLOAT16;FLOAT16;FLOAT16;FLOAT16;FLOAT16;FLOAT16;FLOAT16;FLOAT16;FLOAT16;FLOAT16;FLOAT16;FLOAT16;FLOAT16;FLOAT16;FLOAT16;FLOAT16;FLOAT16;FLOAT16;FLOAT16;FLOAT16;FLOAT16;FLOAT16;FLOAT16;FLOAT16;FLOAT16;FLOAT16;FLOAT16;FLOAT16;FLOAT16;FLOAT16;FLOAT16;FLOAT16;FLOAT16;FLOAT16;FLOAT16;FLOAT16;FLOAT16;FLOAT16;FLOAT16,ND;ND;ND;ND;ND;ND;ND;ND;ND;ND;ND;ND;ND;ND;ND;ND;ND;ND;ND;ND;ND;ND;ND;ND;ND;ND;ND;ND;ND;ND;ND;ND;ND;ND;ND;ND;ND;ND;ND;ND;ND;ND;ND;ND;ND;ND;ND;ND;ND;ND;ND;ND;ND;ND;ND;ND;ND;ND;ND;ND;ND;ND;ND;ND,"""64,98448""",FLOAT16,ND,N/A,0.0,0,0.0,0.0,0.0,0.0,0.0,0.0,0.0,0.0,0.0,0.0,0.0,36.31,2396492,0.017,0.0,8.502,0.234,20.023,0.551,11.384,0.314,0.0,0.000
0,4294967295,268,47,aclnnMul_MulAiCore_Mul,Mul,dynamic,AI_VECTOR_CORE,1785697972920555.659	,334.387,0.190000,40,0,NO,"""4096,4096;4096,4096""",FLOAT;FLOAT,ND;ND,"""4096,4096""",FLOAT,ND,N/A,0.0,0,0.0,0.0,0.0,0.0,0.0,0.0,0.0,0.0,0.0,0.0,0.0,331.796,21898559,6.784,0.02,3.281,0.01,329.914,0.994,111.831,0.337,0.0,0.000
0,4294967295,269,47,Concat,Concat,dynamic,AI_VECTOR_CORE,1785697972920890.066	,39.241,0.000000,40,0,NO,"""64,16;64,32;64,64;64,128;64,256;64,512;64,1024;64,2048;64,4096;64,8192;64,16;64,32;64,64;64,128;64,256;64,512;64,1024;64,2048;64,4096;64,8192;64,16;64,32;64,64;64,128;64,256;64,512;64,1024;64,2048;64,4096;64,8192;64,16;64,32;64,64;64,128;64,256;64,512;64,1024;64,2048;64,4096;64,8192;64,16;64,32;64,64;64,128;64,256;64,512;64,1024;64,2048;64,4096;64,8192;64,16;64,32;64,64;64,128;64,256;64,512;64,1024;64,2048;64,4096;64,8192;64,16;64,32;64,64;64,128""",FLOAT16;FLOAT16;FLOAT16;FLOAT16;FLOAT16;FLOAT16;FLOAT16;FLOAT16;FLOAT16;FLOAT16;FLOAT16;FLOAT16;FLOAT16;FLOAT16;FLOAT16;FLOAT16;FLOAT16;FLOAT16;FLOAT16;FLOAT16;FLOAT16;FLOAT16;FLOAT16;FLOAT16;FLOAT16;FLOAT16;FLOAT16;FLOAT16;FLOAT16;FLOAT16;FLOAT16;FLOAT16;FLOAT16;FLOAT16;FLOAT16;FLOAT16;FLOAT16;FLOAT16;FLOAT16;FLOAT16;FLOAT16;FLOAT16;FLOAT16;FLOAT16;FLOAT16;FLOAT16;FLOAT16;FLOAT16;FLOAT16;FLOAT16;FLOAT16;FLOAT16;FLOAT16;FLOAT16;FLOAT16;FLOAT16;FLOAT16;FLOAT16;FLOAT16;FLOAT16;FLOAT16;FLOAT16;FLOAT16;FLOAT16,ND;ND;ND;ND;ND;ND;ND;ND;ND;ND;ND;ND;ND;ND;ND;ND;ND;ND;ND;ND;ND;ND;ND;ND;ND;ND;ND;ND;ND;ND;ND;ND;ND;ND;ND;ND;ND;ND;ND;ND;ND;ND;ND;ND;ND;ND;ND;ND;ND;ND;ND;ND;ND;ND;ND;ND;ND;ND;ND;ND;ND;ND;ND;ND,"""64,98448""",FLOAT16,ND,N/A,0.0,0,0.0,0.0,0.0,0.0,0.0,0.0,0.0,0.0,0.0,0.0,0.0,35.017,2311141,0.017,0.0,7.944,0.227,20.204,0.577,10.986,0.314,0.0,0.000
0,4294967295,270,47,aclnnMul_MulAiCore_Mul,Mul,dynamic,AI_VECTOR_CORE,1785697972920929.327	,332.986,0.009000,40,0,NO,"""4096,4096;4096,4096""",FLOAT;FLOAT,ND;ND,"""4096,4096""",FLOAT,ND,N/A,0.0,0,0.0,0.0,0.0,0.0,0.0,0.0,0.0,0.0,0.0,0.0,0.0,330.857,21836545,6.784,0.021,3.058,0.009,329.261,0.995,110.018,0.333,0.0,0.000
0,4294967295,271,47,Concat,Concat,dynamic,AI_VECTOR_CORE,1785697972921262.333	,39.421,0.014000,40,0,NO,"""64,16;64,32;64,64;64,128;64,256;64,512;64,1024;64,2048;64,4096;64,8192;64,16;64,32;64,64;64,128;64,256;64,512;64,1024;64,2048;64,4096;64,8192;64,16;64,32;64,64;64,128;64,256;64,512;64,1024;64,2048;64,4096;64,8192;64,16;64,32;64,64;64,128;64,256;64,512;64,1024;64,2048;64,4096;64,8192;64,16;64,32;64,64;64,128;64,256;64,512;64,1024;64,2048;64,4096;64,8192;64,16;64,32;64,64;64,128;64,256;64,512;64,1024;64,2048;64,4096;64,8192;64,16;64,32;64,64;64,128""",FLOAT16;FLOAT16;FLOAT16;FLOAT16;FLOAT16;FLOAT16;FLOAT16;FLOAT16;FLOAT16;FLOAT16;FLOAT16;FLOAT16;FLOAT16;FLOAT16;FLOAT16;FLOAT16;FLOAT16;FLOAT16;FLOAT16;FLOAT16;FLOAT16;FLOAT16;FLOAT16;FLOAT16;FLOAT16;FLOAT16;FLOAT16;FLOAT16;FLOAT16;FLOAT16;FLOAT16;FLOAT16;FLOAT16;FLOAT16;FLOAT16;FLOAT16;FLOAT16;FLOAT16;FLOAT16;FLOAT16;FLOAT16;FLOAT16;FLOAT16;FLOAT16;FLOAT16;FLOAT16;FLOAT16;FLOAT16;FLOAT16;FLOAT16;FLOAT16;FLOAT16;FLOAT16;FLOAT16;FLOAT16;FLOAT16;FLOAT16;FLOAT16;FLOAT16;FLOAT16;FLOAT16;FLOAT16;FLOAT16;FLOAT16,ND;ND;ND;ND;ND;ND;ND;ND;ND;ND;ND;ND;ND;ND;ND;ND;ND;ND;ND;ND;ND;ND;ND;ND;ND;ND;ND;ND;ND;ND;ND;ND;ND;ND;ND;ND;ND;ND;ND;ND;ND;ND;ND;ND;ND;ND;ND;ND;ND;ND;ND;ND;ND;ND;ND;ND;ND;ND;ND;ND;ND;ND;ND;ND,"""64,98448""",FLOAT16,ND,N/A,0.0,0,0.0,0.0,0.0,0.0,0.0,0.0,0.0,0.0,0.0,0.0,0.0,35.777,2361270,0.017,0.0,7.006,0.196,20.805,0.582,11.415,0.319,0.0,0.000
0,4294967295,272,47,aclnnMul_MulAiCore_Mul,Mul,dynamic,AI_VECTOR_CORE,1785697972921301.774	,333.687,0.079000,40,0,NO,"""4096,4096;4096,4096""",FLOAT;FLOAT,ND;ND,"""4096,4096""",FLOAT,ND,N/A,0.0,0,0.0,0.0,0.0,0.0,0.0,0.0,0.0,0.0,0.0,0.0,0.0,331.651,21888981,6.784,0.02,3.11,0.009,329.991,0.995,111.757,0.337,0.0,0.000
0,4294967295,273,47,Concat,Concat,dynamic,AI_VECTOR_CORE,1785697972921635.501	,40.041,0.063000,40,0,NO,"""64,16;64,32;64,64;64,128;64,256;64,512;64,1024;64,2048;64,4096;64,8192;64,16;64,32;64,64;64,128;64,256;64,512;64,1024;64,2048;64,4096;64,8192;64,16;64,32;64,64;64,128;64,256;64,512;64,1024;64,2048;64,4096;64,8192;64,16;64,32;64,64;64,128;64,256;64,512;64,1024;64,2048;64,4096;64,8192;64,16;64,32;64,64;64,128;64,256;64,512;64,1024;64,2048;64,4096;64,8192;64,16;64,32;64,64;64,128;64,256;64,512;64,1024;64,2048;64,4096;64,8192;64,16;64,32;64,64;64,128""",FLOAT16;FLOAT16;FLOAT16;FLOAT16;FLOAT16;FLOAT16;FLOAT16;FLOAT16;FLOAT16;FLOAT16;FLOAT16;FLOAT16;FLOAT16;FLOAT16;FLOAT16;FLOAT16;FLOAT16;FLOAT16;FLOAT16;FLOAT16;FLOAT16;FLOAT16;FLOAT16;FLOAT16;FLOAT16;FLOAT16;FLOAT16;FLOAT16;FLOAT16;FLOAT16;FLOAT16;FLOAT16;FLOAT16;FLOAT16;FLOAT16;FLOAT16;FLOAT16;FLOAT16;FLOAT16;FLOAT16;FLOAT16;FLOAT16;FLOAT16;FLOAT16;FLOAT16;FLOAT16;FLOAT16;FLOAT16;FLOAT16;FLOAT16;FLOAT16;FLOAT16;FLOAT16;FLOAT16;FLOAT16;FLOAT16;FLOAT16;FLOAT16;FLOAT16;FLOAT16;FLOAT16;FLOAT16;FLOAT16;FLOAT16,ND;ND;ND;ND;ND;ND;ND;ND;ND;ND;ND;ND;ND;ND;ND;ND;ND;ND;ND;ND;ND;ND;ND;ND;ND;ND;ND;ND;ND;ND;ND;ND;ND;ND;ND;ND;ND;ND;ND;ND;ND;ND;ND;ND;ND;ND;ND;ND;ND;ND;ND;ND;ND;ND;ND;ND;ND;ND;ND;ND;ND;ND;ND;ND,"""64,98448""",FLOAT16,ND,N/A,0.0,0,0.0,0.0,0.0,0.0,0.0,0.0,0.0,0.0,0.0,0.0,0.0,36.532,2411124,0.017,0.0,6.962,0.191,21.067,0.577,11.594,0.317,0.0,0.000
0,4294967295,274,47,aclnnMul_MulAiCore_Mul,Mul,dynamic,AI_VECTOR_CORE,1785697972921675.562	,333.106,0.000000,40,0,NO,"""4096,4096;4096,4096""",FLOAT;FLOAT,ND;ND,"""4096,4096""",FLOAT,ND,N/A,0.0,0,0.0,0.0,0.0,0.0,0.0,0.0,0.0,0.0,0.0,0.0,0.0,330.867,21837204,6.784,0.021,2.993,0.009,329.324,0.995,112.51,0.34,0.0,0.000
0,4294967295,275,47,Concat,Concat,dynamic,AI_VECTOR_CORE,1785697972922008.688	,40.881,0.144000,40,0,NO,"""64,16;64,32;64,64;64,128;64,256;64,512;64,1024;64,2048;64,4096;64,8192;64,16;64,32;64,64;64,128;64,256;64,512;64,1024;64,2048;64,4096;64,8192;64,16;64,32;64,64;64,128;64,256;64,512;64,1024;64,2048;64,4096;64,8192;64,16;64,32;64,64;64,128;64,256;64,512;64,1024;64,2048;64,4096;64,8192;64,16;64,32;64,64;64,128;64,256;64,512;64,1024;64,2048;64,4096;64,8192;64,16;64,32;64,64;64,128;64,256;64,512;64,1024;64,2048;64,4096;64,8192;64,16;64,32;64,64;64,128""",FLOAT16;FLOAT16;FLOAT16;FLOAT16;FLOAT16;FLOAT16;FLOAT16;FLOAT16;FLOAT16;FLOAT16;FLOAT16;FLOAT16;FLOAT16;FLOAT16;FLOAT16;FLOAT16;FLOAT16;FLOAT16;FLOAT16;FLOAT16;FLOAT16;FLOAT16;FLOAT16;FLOAT16;FLOAT16;FLOAT16;FLOAT16;FLOAT16;FLOAT16;FLOAT16;FLOAT16;FLOAT16;FLOAT16;FLOAT16;FLOAT16;FLOAT16;FLOAT16;FLOAT16;FLOAT16;FLOAT16;FLOAT16;FLOAT16;FLOAT16;FLOAT16;FLOAT16;FLOAT16;FLOAT16;FLOAT16;FLOAT16;FLOAT16;FLOAT16;FLOAT16;FLOAT16;FLOAT16;FLOAT16;FLOAT16;FLOAT16;FLOAT16;FLOAT16;FLOAT16;FLOAT16;FLOAT16;FLOAT16;FLOAT16,ND;ND;ND;ND;ND;ND;ND;ND;ND;ND;ND;ND;ND;ND;ND;ND;ND;ND;ND;ND;ND;ND;ND;ND;ND;ND;ND;ND;ND;ND;ND;ND;ND;ND;ND;ND;ND;ND;ND;ND;ND;ND;ND;ND;ND;ND;ND;ND;ND;ND;ND;ND;ND;ND;ND;ND;ND;ND;ND;ND;ND;ND;ND;ND,"""64,98448""",FLOAT16,ND,N/A,0.0,0,0.0,0.0,0.0,0.0,0.0,0.0,0.0,0.0,0.0,0.0,0.0,37.059,2445896,0.017,0.0,7.013,0.189,21.882,0.59,11.342,0.306,0.0,0.000
0,4294967295,276,47,aclnnMul_MulAiCore_Mul,Mul,dynamic,AI_VECTOR_CORE,1785697972922049.589	,333.207,0.000000,40,0,NO,"""4096,4096;4096,4096""",FLOAT;FLOAT,ND;ND,"""4096,4096""",FLOAT,ND,N/A,0.0,0,0.0,0.0,0.0,0.0,0.0,0.0,0.0,0.0,0.0,0.0,0.0,331.064,21850193,6.784,0.02,3.157,0.01,329.369,0.995,111.624,0.337,0.0,0.000
0,4294967295,277,47,Concat,Concat,dynamic,AI_VECTOR_CORE,1785697972922382.816	,40.141,0.043000,40,0,NO,"""64,16;64,32;64,64;64,128;64,256;64,512;64,1024;64,2048;64,4096;64,8192;64,16;64,32;64,64;64,128;64,256;64,512;64,1024;64,2048;64,4096;64,8192;64,16;64,32;64,64;64,128;64,256;64,512;64,1024;64,2048;64,4096;64,8192;64,16;64,32;64,64;64,128;64,256;64,512;64,1024;64,2048;64,4096;64,8192;64,16;64,32;64,64;64,128;64,256;64,512;64,1024;64,2048;64,4096;64,8192;64,16;64,32;64,64;64,128;64,256;64,512;64,1024;64,2048;64,4096;64,8192;64,16;64,32;64,64;64,128""",FLOAT16;FLOAT16;FLOAT16;FLOAT16;FLOAT16;FLOAT16;FLOAT16;FLOAT16;FLOAT16;FLOAT16;FLOAT16;FLOAT16;FLOAT16;FLOAT16;FLOAT16;FLOAT16;FLOAT16;FLOAT16;FLOAT16;FLOAT16;FLOAT16;FLOAT16;FLOAT16;FLOAT16;FLOAT16;FLOAT16;FLOAT16;FLOAT16;FLOAT16;FLOAT16;FLOAT16;FLOAT16;FLOAT16;FLOAT16;FLOAT16;FLOAT16;FLOAT16;FLOAT16;FLOAT16;FLOAT16;FLOAT16;FLOAT16;FLOAT16;FLOAT16;FLOAT16;FLOAT16;FLOAT16;FLOAT16;FLOAT16;FLOAT16;FLOAT16;FLOAT16;FLOAT16;FLOAT16;FLOAT16;FLOAT16;FLOAT16;FLOAT16;FLOAT16;FLOAT16;FLOAT16;FLOAT16;FLOAT16;FLOAT16,ND;ND;ND;ND;ND;ND;ND;ND;ND;ND;ND;ND;ND;ND;ND;ND;ND;ND;ND;ND;ND;ND;ND;ND;ND;ND;ND;ND;ND;ND;ND;ND;ND;ND;ND;ND;ND;ND;ND;ND;ND;ND;ND;ND;ND;ND;ND;ND;ND;ND;ND;ND;ND;ND;ND;ND;ND;ND;ND;ND;ND;ND;ND;ND,"""64,98448""",FLOAT16,ND,N/A,0.0,0,0.0,0.0,0.0,0.0,0.0,0.0,0.0,0.0,0.0,0.0,0.0,36.36,2399734,0.017,0.0,7.785,0.214,20.979,0.577,11.564,0.318,0.0,0.000
0,4294967295,278,47,aclnnMul_MulAiCore_Mul,Mul,dynamic,AI_VECTOR_CORE,1785697972922422.977	,332.526,0.109000,40,0,NO,"""4096,4096;4096,4096""",FLOAT;FLOAT,ND;ND,"""4096,4096""",FLOAT,ND,N/A,0.0,0,0.0,0.0,0.0,0.0,0.0,0.0,0.0,0.0,0.0,0.0,0.0,330.624,21821184,6.784,0.021,3.038,0.009,329.079,0.995,112.326,0.34,0.0,0.000
0,4294967295,279,47,Concat,Concat,dynamic,AI_VECTOR_CORE,1785697972922755.523	,40.421,0.000000,40,0,NO,"""64,16;64,32;64,64;64,128;64,256;64,512;64,1024;64,2048;64,4096;64,8192;64,16;64,32;64,64;64,128;64,256;64,512;64,1024;64,2048;64,4096;64,8192;64,16;64,32;64,64;64,128;64,256;64,512;64,1024;64,2048;64,4096;64,8192;64,16;64,32;64,64;64,128;64,256;64,512;64,1024;64,2048;64,4096;64,8192;64,16;64,32;64,64;64,128;64,256;64,512;64,1024;64,2048;64,4096;64,8192;64,16;64,32;64,64;64,128;64,256;64,512;64,1024;64,2048;64,4096;64,8192;64,16;64,32;64,64;64,128""",FLOAT16;FLOAT16;FLOAT16;FLOAT16;FLOAT16;FLOAT16;FLOAT16;FLOAT16;FLOAT16;FLOAT16;FLOAT16;FLOAT16;FLOAT16;FLOAT16;FLOAT16;FLOAT16;FLOAT16;FLOAT16;FLOAT16;FLOAT16;FLOAT16;FLOAT16;FLOAT16;FLOAT16;FLOAT16;FLOAT16;FLOAT16;FLOAT16;FLOAT16;FLOAT16;FLOAT16;FLOAT16;FLOAT16;FLOAT16;FLOAT16;FLOAT16;FLOAT16;FLOAT16;FLOAT16;FLOAT16;FLOAT16;FLOAT16;FLOAT16;FLOAT16;FLOAT16;FLOAT16;FLOAT16;FLOAT16;FLOAT16;FLOAT16;FLOAT16;FLOAT16;FLOAT16;FLOAT16;FLOAT16;FLOAT16;FLOAT16;FLOAT16;FLOAT16;FLOAT16;FLOAT16;FLOAT16;FLOAT16;FLOAT16,ND;ND;ND;ND;ND;ND;ND;ND;ND;ND;ND;ND;ND;ND;ND;ND;ND;ND;ND;ND;ND;ND;ND;ND;ND;ND;ND;ND;ND;ND;ND;ND;ND;ND;ND;ND;ND;ND;ND;ND;ND;ND;ND;ND;ND;ND;ND;ND;ND;ND;ND;ND;ND;ND;ND;ND;ND;ND;ND;ND;ND;ND;ND;ND,"""64,98448""",FLOAT16,ND,N/A,0.0,0,0.0,0.0,0.0,0.0,0.0,0.0,0.0,0.0,0.0,0.0,0.0,36.953,2438890,0.017,0.0,7.735,0.209,21.486,0.581,11.551,0.313,0.0,0.000
0,4294967295,280,47,aclnnMul_MulAiCore_Mul,Mul,dynamic,AI_VECTOR_CORE,1785697972922795.964	,333.607,0.079000,40,0,NO,"""4096,4096;4096,4096""",FLOAT;FLOAT,ND;ND,"""4096,4096""",FLOAT,ND,N/A,0.0,0,0.0,0.0,0.0,0.0,0.0,0.0,0.0,0.0,0.0,0.0,0.0,331.485,21878004,6.784,0.02,3.029,0.009,329.908,0.995,112.66,0.34,0.0,0.000
0,4294967295,281,47,Concat,Concat,dynamic,AI_VECTOR_CORE,1785697972923129.591	,41.321,0.000000,40,0,NO,"""64,16;64,32;64,64;64,128;64,256;64,512;64,1024;64,2048;64,4096;64,8192;64,16;64,32;64,64;64,128;64,256;64,512;64,1024;64,2048;64,4096;64,8192;64,16;64,32;64,64;64,128;64,256;64,512;64,1024;64,2048;64,4096;64,8192;64,16;64,32;64,64;64,128;64,256;64,512;64,1024;64,2048;64,4096;64,8192;64,16;64,32;64,64;64,128;64,256;64,512;64,1024;64,2048;64,4096;64,8192;64,16;64,32;64,64;64,128;64,256;64,512;64,1024;64,2048;64,4096;64,8192;64,16;64,32;64,64;64,128""",FLOAT16;FLOAT16;FLOAT16;FLOAT16;FLOAT16;FLOAT16;FLOAT16;FLOAT16;FLOAT16;FLOAT16;FLOAT16;FLOAT16;FLOAT16;FLOAT16;FLOAT16;FLOAT16;FLOAT16;FLOAT16;FLOAT16;FLOAT16;FLOAT16;FLOAT16;FLOAT16;FLOAT16;FLOAT16;FLOAT16;FLOAT16;FLOAT16;FLOAT16;FLOAT16;FLOAT16;FLOAT16;FLOAT16;FLOAT16;FLOAT16;FLOAT16;FLOAT16;FLOAT16;FLOAT16;FLOAT16;FLOAT16;FLOAT16;FLOAT16;FLOAT16;FLOAT16;FLOAT16;FLOAT16;FLOAT16;FLOAT16;FLOAT16;FLOAT16;FLOAT16;FLOAT16;FLOAT16;FLOAT16;FLOAT16;FLOAT16;FLOAT16;FLOAT16;FLOAT16;FLOAT16;FLOAT16;FLOAT16;FLOAT16,ND;ND;ND;ND;ND;ND;ND;ND;ND;ND;ND;ND;ND;ND;ND;ND;ND;ND;ND;ND;ND;ND;ND;ND;ND;ND;ND;ND;ND;ND;ND;ND;ND;ND;ND;ND;ND;ND;ND;ND;ND;ND;ND;ND;ND;ND;ND;ND;ND;ND;ND;ND;ND;ND;ND;ND;ND;ND;ND;ND;ND;ND;ND;ND,"""64,98448""",FLOAT16,ND,N/A,0.0,0,0.0,0.0,0.0,0.0,0.0,0.0,0.0,0.0,0.0,0.0,0.0,37.395,2468081,0.017,0.0,8.257,0.221,21.726,0.581,11.367,0.304,0.0,0.000
0,4294967295,282,47,aclnnMul_MulAiCore_Mul,Mul,dynamic,AI_VECTOR_CORE,1785697972923170.932	,332.546,0.179000,40,0,NO,"""4096,4096;4096,4096""",FLOAT;FLOAT,ND;ND,"""4096,4096""",FLOAT,ND,N/A,0.0,0,0.0,0.0,0.0,0.0,0.0,0.0,0.0,0.0,0.0,0.0,0.0,330.798,21832660,6.784,0.021,2.936,0.009,329.328,0.996,112.974,0.342,0.0,0.000
0,4294967295,283,47,Concat,Concat,dynamic,AI_VECTOR_CORE,1785697972923503.498	,40.181,0.000000,40,0,NO,"""64,16;64,32;64,64;64,128;64,256;64,512;64,1024;64,2048;64,4096;64,8192;64,16;64,32;64,64;64,128;64,256;64,512;64,1024;64,2048;64,4096;64,8192;64,16;64,32;64,64;64,128;64,256;64,512;64,1024;64,2048;64,4096;64,8192;64,16;64,32;64,64;64,128;64,256;64,512;64,1024;64,2048;64,4096;64,8192;64,16;64,32;64,64;64,128;64,256;64,512;64,1024;64,2048;64,4096;64,8192;64,16;64,32;64,64;64,128;64,256;64,512;64,1024;64,2048;64,4096;64,8192;64,16;64,32;64,64;64,128""",FLOAT16;FLOAT16;FLOAT16;FLOAT16;FLOAT16;FLOAT16;FLOAT16;FLOAT16;FLOAT16;FLOAT16;FLOAT16;FLOAT16;FLOAT16;FLOAT16;FLOAT16;FLOAT16;FLOAT16;FLOAT16;FLOAT16;FLOAT16;FLOAT16;FLOAT16;FLOAT16;FLOAT16;FLOAT16;FLOAT16;FLOAT16;FLOAT16;FLOAT16;FLOAT16;FLOAT16;FLOAT16;FLOAT16;FLOAT16;FLOAT16;FLOAT16;FLOAT16;FLOAT16;FLOAT16;FLOAT16;FLOAT16;FLOAT16;FLOAT16;FLOAT16;FLOAT16;FLOAT16;FLOAT16;FLOAT16;FLOAT16;FLOAT16;FLOAT16;FLOAT16;FLOAT16;FLOAT16;FLOAT16;FLOAT16;FLOAT16;FLOAT16;FLOAT16;FLOAT16;FLOAT16;FLOAT16;FLOAT16;FLOAT16,ND;ND;ND;ND;ND;ND;ND;ND;ND;ND;ND;ND;ND;ND;ND;ND;ND;ND;ND;ND;ND;ND;ND;ND;ND;ND;ND;ND;ND;ND;ND;ND;ND;ND;ND;ND;ND;ND;ND;ND;ND;ND;ND;ND;ND;ND;ND;ND;ND;ND;ND;ND;ND;ND;ND;ND;ND;ND;ND;ND;ND;ND;ND;ND,"""64,98448""",FLOAT16,ND,N/A,0.0,0,0.0,0.0,0.0,0.0,0.0,0.0,0.0,0.0,0.0,0.0,0.0,36.724,2423755,0.017,0.0,8.778,0.239,20.309,0.553,12.031,0.328,0.0,0.000
0,4294967295,284,47,aclnnMul_MulAiCore_Mul,Mul,dynamic,AI_VECTOR_CORE,1785697972923543.699	,332.727,0.069000,40,0,NO,"""4096,4096;4096,4096""",FLOAT;FLOAT,ND;ND,"""4096,4096""",FLOAT,ND,N/A,0.0,0,0.0,0.0,0.0,0.0,0.0,0.0,0.0,0.0,0.0,0.0,0.0,330.879,21838007,6.784,0.021,3.027,0.009,329.283,0.995,111.01,0.336,0.0,0.000
0,4294967295,285,47,Concat,Concat,dynamic,AI_VECTOR_CORE,1785697972923876.466	,39.681,0.023000,40,0,NO,"""64,16;64,32;64,64;64,128;64,256;64,512;64,1024;64,2048;64,4096;64,8192;64,16;64,32;64,64;64,128;64,256;64,512;64,1024;64,2048;64,4096;64,8192;64,16;64,32;64,64;64,128;64,256;64,512;64,1024;64,2048;64,4096;64,8192;64,16;64,32;64,64;64,128;64,256;64,512;64,1024;64,2048;64,4096;64,8192;64,16;64,32;64,64;64,128;64,256;64,512;64,1024;64,2048;64,4096;64,8192;64,16;64,32;64,64;64,128;64,256;64,512;64,1024;64,2048;64,4096;64,8192;64,16;64,32;64,64;64,128""",FLOAT16;FLOAT16;FLOAT16;FLOAT16;FLOAT16;FLOAT16;FLOAT16;FLOAT16;FLOAT16;FLOAT16;FLOAT16;FLOAT16;FLOAT16;FLOAT16;FLOAT16;FLOAT16;FLOAT16;FLOAT16;FLOAT16;FLOAT16;FLOAT16;FLOAT16;FLOAT16;FLOAT16;FLOAT16;FLOAT16;FLOAT16;FLOAT16;FLOAT16;FLOAT16;FLOAT16;FLOAT16;FLOAT16;FLOAT16;FLOAT16;FLOAT16;FLOAT16;FLOAT16;FLOAT16;FLOAT16;FLOAT16;FLOAT16;FLOAT16;FLOAT16;FLOAT16;FLOAT16;FLOAT16;FLOAT16;FLOAT16;FLOAT16;FLOAT16;FLOAT16;FLOAT16;FLOAT16;FLOAT16;FLOAT16;FLOAT16;FLOAT16;FLOAT16;FLOAT16;FLOAT16;FLOAT16;FLOAT16;FLOAT16,ND;ND;ND;ND;ND;ND;ND;ND;ND;ND;ND;ND;ND;ND;ND;ND;ND;ND;ND;ND;ND;ND;ND;ND;ND;ND;ND;ND;ND;ND;ND;ND;ND;ND;ND;ND;ND;ND;ND;ND;ND;ND;ND;ND;ND;ND;ND;ND;ND;ND;ND;ND;ND;ND;ND;ND;ND;ND;ND;ND;ND;ND;ND;ND,"""64,98448""",FLOAT16,ND,N/A,0.0,0,0.0,0.0,0.0,0.0,0.0,0.0,0.0,0.0,0.0,0.0,0.0,35.563,2347171,0.017,0.0,7.679,0.216,20.678,0.581,11.138,0.313,0.0,0.000
0,4294967295,286,47,aclnnMul_MulAiCore_Mul,Mul,dynamic,AI_VECTOR_CORE,1785697972923916.187	,333.126,0.069000,40,0,NO,"""4096,4096;4096,4096""",FLOAT;FLOAT,ND;ND,"""4096,4096""",FLOAT,ND,N/A,0.0,0,0.0,0.0,0.0,0.0,0.0,0.0,0.0,0.0,0.0,0.0,0.0,330.789,21832088,6.784,0.021,2.985,0.009,329.277,0.995,110.788,0.335,0.0,0.000
0,4294967295,287,47,Concat,Concat,dynamic,AI_VECTOR_CORE,1785697972924249.353	,39.801,0.000000,40,0,NO,"""64,16;64,32;64,64;64,128;64,256;64,512;64,1024;64,2048;64,4096;64,8192;64,16;64,32;64,64;64,128;64,256;64,512;64,1024;64,2048;64,4096;64,8192;64,16;64,32;64,64;64,128;64,256;64,512;64,1024;64,2048;64,4096;64,8192;64,16;64,32;64,64;64,128;64,256;64,512;64,1024;64,2048;64,4096;64,8192;64,16;64,32;64,64;64,128;64,256;64,512;64,1024;64,2048;64,4096;64,8192;64,16;64,32;64,64;64,128;64,256;64,512;64,1024;64,2048;64,4096;64,8192;64,16;64,32;64,64;64,128""",FLOAT16;FLOAT16;FLOAT16;FLOAT16;FLOAT16;FLOAT16;FLOAT16;FLOAT16;FLOAT16;FLOAT16;FLOAT16;FLOAT16;FLOAT16;FLOAT16;FLOAT16;FLOAT16;FLOAT16;FLOAT16;FLOAT16;FLOAT16;FLOAT16;FLOAT16;FLOAT16;FLOAT16;FLOAT16;FLOAT16;FLOAT16;FLOAT16;FLOAT16;FLOAT16;FLOAT16;FLOAT16;FLOAT16;FLOAT16;FLOAT16;FLOAT16;FLOAT16;FLOAT16;FLOAT16;FLOAT16;FLOAT16;FLOAT16;FLOAT16;FLOAT16;FLOAT16;FLOAT16;FLOAT16;FLOAT16;FLOAT16;FLOAT16;FLOAT16;FLOAT16;FLOAT16;FLOAT16;FLOAT16;FLOAT16;FLOAT16;FLOAT16;FLOAT16;FLOAT16;FLOAT16;FLOAT16;FLOAT16;FLOAT16,ND;ND;ND;ND;ND;ND;ND;ND;ND;ND;ND;ND;ND;ND;ND;ND;ND;ND;ND;ND;ND;ND;ND;ND;ND;ND;ND;ND;ND;ND;ND;ND;ND;ND;ND;ND;ND;ND;ND;ND;ND;ND;ND;ND;ND;ND;ND;ND;ND;ND;ND;ND;ND;ND;ND;ND;ND;ND;ND;ND;ND;ND;ND;ND,"""64,98448""",FLOAT16,ND,N/A,0.0,0,0.0,0.0,0.0,0.0,0.0,0.0,0.0,0.0,0.0,0.0,0.0,36.208,2389698,0.017,0.0,7.949,0.22,20.91,0.578,11.336,0.313,0.0,0.000
0,4294967295,288,47,aclnnMul_MulAiCore_Mul,Mul,dynamic,AI_VECTOR_CORE,1785697972924289.174	,333.867,0.199000,40,0,NO,"""4096,4096;4096,4096""",FLOAT;FLOAT,ND;ND,"""4096,4096""",FLOAT,ND,N/A,0.0,0,0.0,0.0,0.0,0.0,0.0,0.0,0.0,0.0,0.0,0.0,0.0,331.824,21900392,6.784,0.02,3.151,0.009,330.157,0.995,111.87,0.337,0.0,0.000
0,4294967295,289,47,Concat,Concat,dynamic,AI_VECTOR_CORE,1785697972924623.061	,40.520,0.000000,40,0,NO,"""64,16;64,32;64,64;64,128;64,256;64,512;64,1024;64,2048;64,4096;64,8192;64,16;64,32;64,64;64,128;64,256;64,512;64,1024;64,2048;64,4096;64,8192;64,16;64,32;64,64;64,128;64,256;64,512;64,1024;64,2048;64,4096;64,8192;64,16;64,32;64,64;64,128;64,256;64,512;64,1024;64,2048;64,4096;64,8192;64,16;64,32;64,64;64,128;64,256;64,512;64,1024;64,2048;64,4096;64,8192;64,16;64,32;64,64;64,128;64,256;64,512;64,1024;64,2048;64,4096;64,8192;64,16;64,32;64,64;64,128""",FLOAT16;FLOAT16;FLOAT16;FLOAT16;FLOAT16;FLOAT16;FLOAT16;FLOAT16;FLOAT16;FLOAT16;FLOAT16;FLOAT16;FLOAT16;FLOAT16;FLOAT16;FLOAT16;FLOAT16;FLOAT16;FLOAT16;FLOAT16;FLOAT16;FLOAT16;FLOAT16;FLOAT16;FLOAT16;FLOAT16;FLOAT16;FLOAT16;FLOAT16;FLOAT16;FLOAT16;FLOAT16;FLOAT16;FLOAT16;FLOAT16;FLOAT16;FLOAT16;FLOAT16;FLOAT16;FLOAT16;FLOAT16;FLOAT16;FLOAT16;FLOAT16;FLOAT16;FLOAT16;FLOAT16;FLOAT16;FLOAT16;FLOAT16;FLOAT16;FLOAT16;FLOAT16;FLOAT16;FLOAT16;FLOAT16;FLOAT16;FLOAT16;FLOAT16;FLOAT16;FLOAT16;FLOAT16;FLOAT16;FLOAT16,ND;ND;ND;ND;ND;ND;ND;ND;ND;ND;ND;ND;ND;ND;ND;ND;ND;ND;ND;ND;ND;ND;ND;ND;ND;ND;ND;ND;ND;ND;ND;ND;ND;ND;ND;ND;ND;ND;ND;ND;ND;ND;ND;ND;ND;ND;ND;ND;ND;ND;ND;ND;ND;ND;ND;ND;ND;ND;ND;ND;ND;ND;ND;ND,"""64,98448""",FLOAT16,ND,N/A,0.0,0,0.0,0.0,0.0,0.0,0.0,0.0,0.0,0.0,0.0,0.0,0.0,36.911,2436120,0.017,0.0,7.087,0.192,21.192,0.574,11.942,0.324,0.0,0.000
0,4294967295,290,47,aclnnMul_MulAiCore_Mul,Mul,dynamic,AI_VECTOR_CORE,1785697972924663.601	,333.347,0.000000,40,0,NO,"""4096,4096;4096,4096""",FLOAT;FLOAT,ND;ND,"""4096,4096""",FLOAT,ND,N/A,0.0,0,0.0,0.0,0.0,0.0,0.0,0.0,0.0,0.0,0.0,0.0,0.0,331.106,21852999,6.784,0.02,3.033,0.009,329.545,0.995,112.042,0.338,0.0,0.000
0,4294967295,291,47,Concat,Concat,dynamic,AI_VECTOR_CORE,1785697972924996.968	,39.801,0.153000,40,0,NO,"""64,16;64,32;64,64;64,128;64,256;64,512;64,1024;64,2048;64,4096;64,8192;64,16;64,32;64,64;64,128;64,256;64,512;64,1024;64,2048;64,4096;64,8192;64,16;64,32;64,64;64,128;64,256;64,512;64,1024;64,2048;64,4096;64,8192;64,16;64,32;64,64;64,128;64,256;64,512;64,1024;64,2048;64,4096;64,8192;64,16;64,32;64,64;64,128;64,256;64,512;64,1024;64,2048;64,4096;64,8192;64,16;64,32;64,64;64,128;64,256;64,512;64,1024;64,2048;64,4096;64,8192;64,16;64,32;64,64;64,128""",FLOAT16;FLOAT16;FLOAT16;FLOAT16;FLOAT16;FLOAT16;FLOAT16;FLOAT16;FLOAT16;FLOAT16;FLOAT16;FLOAT16;FLOAT16;FLOAT16;FLOAT16;FLOAT16;FLOAT16;FLOAT16;FLOAT16;FLOAT16;FLOAT16;FLOAT16;FLOAT16;FLOAT16;FLOAT16;FLOAT16;FLOAT16;FLOAT16;FLOAT16;FLOAT16;FLOAT16;FLOAT16;FLOAT16;FLOAT16;FLOAT16;FLOAT16;FLOAT16;FLOAT16;FLOAT16;FLOAT16;FLOAT16;FLOAT16;FLOAT16;FLOAT16;FLOAT16;FLOAT16;FLOAT16;FLOAT16;FLOAT16;FLOAT16;FLOAT16;FLOAT16;FLOAT16;FLOAT16;FLOAT16;FLOAT16;FLOAT16;FLOAT16;FLOAT16;FLOAT16;FLOAT16;FLOAT16;FLOAT16;FLOAT16,ND;ND;ND;ND;ND;ND;ND;ND;ND;ND;ND;ND;ND;ND;ND;ND;ND;ND;ND;ND;ND;ND;ND;ND;ND;ND;ND;ND;ND;ND;ND;ND;ND;ND;ND;ND;ND;ND;ND;ND;ND;ND;ND;ND;ND;ND;ND;ND;ND;ND;ND;ND;ND;ND;ND;ND;ND;ND;ND;ND;ND;ND;ND;ND,"""64,98448""",FLOAT16,ND,N/A,0.0,0,0.0,0.0,0.0,0.0,0.0,0.0,0.0,0.0,0.0,0.0,0.0,36.557,2412768,0.017,0.0,7.41,0.203,21.116,0.578,11.57,0.317,0.0,0.000
0,4294967295,292,47,aclnnMul_MulAiCore_Mul,Mul,dynamic,AI_VECTOR_CORE,1785697972925036.789	,333.287,0.000000,40,0,NO,"""4096,4096;4096,4096""",FLOAT;FLOAT,ND;ND,"""4096,4096""",FLOAT,ND,N/A,0.0,0,0.0,0.0,0.0,0.0,0.0,0.0,0.0,0.0,0.0,0.0,0.0,330.383,21805279,6.784,0.021,3.074,0.009,328.784,0.995,110.371,0.334,0.0,0.000
0,4294967295,293,47,Concat,Concat,dynamic,AI_VECTOR_CORE,1785697972925370.096	,39.580,0.000000,40,0,NO,"""64,16;64,32;64,64;64,128;64,256;64,512;64,1024;64,2048;64,4096;64,8192;64,16;64,32;64,64;64,128;64,256;64,512;64,1024;64,2048;64,4096;64,8192;64,16;64,32;64,64;64,128;64,256;64,512;64,1024;64,2048;64,4096;64,8192;64,16;64,32;64,64;64,128;64,256;64,512;64,1024;64,2048;64,4096;64,8192;64,16;64,32;64,64;64,128;64,256;64,512;64,1024;64,2048;64,4096;64,8192;64,16;64,32;64,64;64,128;64,256;64,512;64,1024;64,2048;64,4096;64,8192;64,16;64,32;64,64;64,128""",FLOAT16;FLOAT16;FLOAT16;FLOAT16;FLOAT16;FLOAT16;FLOAT16;FLOAT16;FLOAT16;FLOAT16;FLOAT16;FLOAT16;FLOAT16;FLOAT16;FLOAT16;FLOAT16;FLOAT16;FLOAT16;FLOAT16;FLOAT16;FLOAT16;FLOAT16;FLOAT16;FLOAT16;FLOAT16;FLOAT16;FLOAT16;FLOAT16;FLOAT16;FLOAT16;FLOAT16;FLOAT16;FLOAT16;FLOAT16;FLOAT16;FLOAT16;FLOAT16;FLOAT16;FLOAT16;FLOAT16;FLOAT16;FLOAT16;FLOAT16;FLOAT16;FLOAT16;FLOAT16;FLOAT16;FLOAT16;FLOAT16;FLOAT16;FLOAT16;FLOAT16;FLOAT16;FLOAT16;FLOAT16;FLOAT16;FLOAT16;FLOAT16;FLOAT16;FLOAT16;FLOAT16;FLOAT16;FLOAT16;FLOAT16,ND;ND;ND;ND;ND;ND;ND;ND;ND;ND;ND;ND;ND;ND;ND;ND;ND;ND;ND;ND;ND;ND;ND;ND;ND;ND;ND;ND;ND;ND;ND;ND;ND;ND;ND;ND;ND;ND;ND;ND;ND;ND;ND;ND;ND;ND;ND;ND;ND;ND;ND;ND;ND;ND;ND;ND;ND;ND;ND;ND;ND;ND;ND;ND,"""64,98448""",FLOAT16,ND,N/A,0.0,0,0.0,0.0,0.0,0.0,0.0,0.0,0.0,0.0,0.0,0.0,0.0,36.424,2403987,0.017,0.0,7.474,0.205,21.136,0.58,11.529,0.317,0.0,0.000
0,4294967295,294,47,aclnnMul_MulAiCore_Mul,Mul,dynamic,AI_VECTOR_CORE,1785697972925409.696	,333.367,0.170000,40,0,NO,"""4096,4096;4096,4096""",FLOAT;FLOAT,ND;ND,"""4096,4096""",FLOAT,ND,N/A,0.0,0,0.0,0.0,0.0,0.0,0.0,0.0,0.0,0.0,0.0,0.0,0.0,331.478,21877543,6.784,0.02,3.022,0.009,329.944,0.995,110.873,0.334,0.0,0.000
0,4294967295,295,47,Concat,Concat,dynamic,AI_VECTOR_CORE,1785697972925743.083	,39.961,0.000000,40,0,NO,"""64,16;64,32;64,64;64,128;64,256;64,512;64,1024;64,2048;64,4096;64,8192;64,16;64,32;64,64;64,128;64,256;64,512;64,1024;64,2048;64,4096;64,8192;64,16;64,32;64,64;64,128;64,256;64,512;64,1024;64,2048;64,4096;64,8192;64,16;64,32;64,64;64,128;64,256;64,512;64,1024;64,2048;64,4096;64,8192;64,16;64,32;64,64;64,128;64,256;64,512;64,1024;64,2048;64,4096;64,8192;64,16;64,32;64,64;64,128;64,256;64,512;64,1024;64,2048;64,4096;64,8192;64,16;64,32;64,64;64,128""",FLOAT16;FLOAT16;FLOAT16;FLOAT16;FLOAT16;FLOAT16;FLOAT16;FLOAT16;FLOAT16;FLOAT16;FLOAT16;FLOAT16;FLOAT16;FLOAT16;FLOAT16;FLOAT16;FLOAT16;FLOAT16;FLOAT16;FLOAT16;FLOAT16;FLOAT16;FLOAT16;FLOAT16;FLOAT16;FLOAT16;FLOAT16;FLOAT16;FLOAT16;FLOAT16;FLOAT16;FLOAT16;FLOAT16;FLOAT16;FLOAT16;FLOAT16;FLOAT16;FLOAT16;FLOAT16;FLOAT16;FLOAT16;FLOAT16;FLOAT16;FLOAT16;FLOAT16;FLOAT16;FLOAT16;FLOAT16;FLOAT16;FLOAT16;FLOAT16;FLOAT16;FLOAT16;FLOAT16;FLOAT16;FLOAT16;FLOAT16;FLOAT16;FLOAT16;FLOAT16;FLOAT16;FLOAT16;FLOAT16;FLOAT16,ND;ND;ND;ND;ND;ND;ND;ND;ND;ND;ND;ND;ND;ND;ND;ND;ND;ND;ND;ND;ND;ND;ND;ND;ND;ND;ND;ND;ND;ND;ND;ND;ND;ND;ND;ND;ND;ND;ND;ND;ND;ND;ND;ND;ND;ND;ND;ND;ND;ND;ND;ND;ND;ND;ND;ND;ND;ND;ND;ND;ND;ND;ND;ND,"""64,98448""",FLOAT16,ND,N/A,0.0,0,0.0,0.0,0.0,0.0,0.0,0.0,0.0,0.0,0.0,0.0,0.0,36.429,2404298,0.017,0.0,7.885,0.216,20.226,0.555,11.829,0.325,0.0,0.000
0,4294967295,296,47,aclnnMul_MulAiCore_Mul,Mul,dynamic,AI_VECTOR_CORE,1785697972925783.064	,333.686,0.039000,40,0,NO,"""4096,4096;4096,4096""",FLOAT;FLOAT,ND;ND,"""4096,4096""",FLOAT,ND,N/A,0.0,0,0.0,0.0,0.0,0.0,0.0,0.0,0.0,0.0,0.0,0.0,0.0,331.268,21863661,6.784,0.02,3.034,0.009,329.734,0.995,112.174,0.339,0.0,0.000
0,4294967295,297,47,Concat,Concat,dynamic,AI_VECTOR_CORE,1785697972926116.770	,41.161,0.064000,40,0,NO,"""64,16;64,32;64,64;64,128;64,256;64,512;64,1024;64,2048;64,4096;64,8192;64,16;64,32;64,64;64,128;64,256;64,512;64,1024;64,2048;64,4096;64,8192;64,16;64,32;64,64;64,128;64,256;64,512;64,1024;64,2048;64,4096;64,8192;64,16;64,32;64,64;64,128;64,256;64,512;64,1024;64,2048;64,4096;64,8192;64,16;64,32;64,64;64,128;64,256;64,512;64,1024;64,2048;64,4096;64,8192;64,16;64,32;64,64;64,128;64,256;64,512;64,1024;64,2048;64,4096;64,8192;64,16;64,32;64,64;64,128""",FLOAT16;FLOAT16;FLOAT16;FLOAT16;FLOAT16;FLOAT16;FLOAT16;FLOAT16;FLOAT16;FLOAT16;FLOAT16;FLOAT16;FLOAT16;FLOAT16;FLOAT16;FLOAT16;FLOAT16;FLOAT16;FLOAT16;FLOAT16;FLOAT16;FLOAT16;FLOAT16;FLOAT16;FLOAT16;FLOAT16;FLOAT16;FLOAT16;FLOAT16;FLOAT16;FLOAT16;FLOAT16;FLOAT16;FLOAT16;FLOAT16;FLOAT16;FLOAT16;FLOAT16;FLOAT16;FLOAT16;FLOAT16;FLOAT16;FLOAT16;FLOAT16;FLOAT16;FLOAT16;FLOAT16;FLOAT16;FLOAT16;FLOAT16;FLOAT16;FLOAT16;FLOAT16;FLOAT16;FLOAT16;FLOAT16;FLOAT16;FLOAT16;FLOAT16;FLOAT16;FLOAT16;FLOAT16;FLOAT16;FLOAT16,ND;ND;ND;ND;ND;ND;ND;ND;ND;ND;ND;ND;ND;ND;ND;ND;ND;ND;ND;ND;ND;ND;ND;ND;ND;ND;ND;ND;ND;ND;ND;ND;ND;ND;ND;ND;ND;ND;ND;ND;ND;ND;ND;ND;ND;ND;ND;ND;ND;ND;ND;ND;ND;ND;ND;ND;ND;ND;ND;ND;ND;ND;ND;ND,"""64,98448""",FLOAT16,ND,N/A,0.0,0,0.0,0.0,0.0,0.0,0.0,0.0,0.0,0.0,0.0,0.0,0.0,37.906,2501791,0.017,0.0,8.774,0.231,21.651,0.571,11.521,0.304,0.0,0.000
0,4294967295,298,47,aclnnMul_MulAiCore_Mul,Mul,dynamic,AI_VECTOR_CORE,1785697972926157.951	,333.107,0.089000,40,0,NO,"""4096,4096;4096,4096""",FLOAT;FLOAT,ND;ND,"""4096,4096""",FLOAT,ND,N/A,0.0,0,0.0,0.0,0.0,0.0,0.0,0.0,0.0,0.0,0.0,0.0,0.0,331.191,21858621,6.784,0.02,2.953,0.009,329.717,0.996,112.141,0.339,0.0,0.000
0,4294967295,299,47,Concat,Concat,dynamic,AI_VECTOR_CORE,1785697972926491.078	,40.721,0.000000,40,0,NO,"""64,16;64,32;64,64;64,128;64,256;64,512;64,1024;64,2048;64,4096;64,8192;64,16;64,32;64,64;64,128;64,256;64,512;64,1024;64,2048;64,4096;64,8192;64,16;64,32;64,64;64,128;64,256;64,512;64,1024;64,2048;64,4096;64,8192;64,16;64,32;64,64;64,128;64,256;64,512;64,1024;64,2048;64,4096;64,8192;64,16;64,32;64,64;64,128;64,256;64,512;64,1024;64,2048;64,4096;64,8192;64,16;64,32;64,64;64,128;64,256;64,512;64,1024;64,2048;64,4096;64,8192;64,16;64,32;64,64;64,128""",FLOAT16;FLOAT16;FLOAT16;FLOAT16;FLOAT16;FLOAT16;FLOAT16;FLOAT16;FLOAT16;FLOAT16;FLOAT16;FLOAT16;FLOAT16;FLOAT16;FLOAT16;FLOAT16;FLOAT16;FLOAT16;FLOAT16;FLOAT16;FLOAT16;FLOAT16;FLOAT16;FLOAT16;FLOAT16;FLOAT16;FLOAT16;FLOAT16;FLOAT16;FLOAT16;FLOAT16;FLOAT16;FLOAT16;FLOAT16;FLOAT16;FLOAT16;FLOAT16;FLOAT16;FLOAT16;FLOAT16;FLOAT16;FLOAT16;FLOAT16;FLOAT16;FLOAT16;FLOAT16;FLOAT16;FLOAT16;FLOAT16;FLOAT16;FLOAT16;FLOAT16;FLOAT16;FLOAT16;FLOAT16;FLOAT16;FLOAT16;FLOAT16;FLOAT16;FLOAT16;FLOAT16;FLOAT16;FLOAT16;FLOAT16,ND;ND;ND;ND;ND;ND;ND;ND;ND;ND;ND;ND;ND;ND;ND;ND;ND;ND;ND;ND;ND;ND;ND;ND;ND;ND;ND;ND;ND;ND;ND;ND;ND;ND;ND;ND;ND;ND;ND;ND;ND;ND;ND;ND;ND;ND;ND;ND;ND;ND;ND;ND;ND;ND;ND;ND;ND;ND;ND;ND;ND;ND;ND;ND,"""64,98448""",FLOAT16,ND,N/A,0.0,0,0.0,0.0,0.0,0.0,0.0,0.0,0.0,0.0,0.0,0.0,0.0,37.655,2485218,0.017,0.0,7.645,0.203,22.194,0.589,11.473,0.305,0.0,0.000
0,4294967295,300,47,aclnnMul_MulAiCore_Mul,Mul,dynamic,AI_VECTOR_CORE,1785697972926531.819	,335.206,0.029000,40,0,NO,"""4096,4096;4096,4096""",FLOAT;FLOAT,ND;ND,"""4096,4096""",FLOAT,ND,N/A,0.0,0,0.0,0.0,0.0,0.0,0.0,0.0,0.0,0.0,0.0,0.0,0.0,332.225,21926829,6.784,0.02,3.031,0.009,330.656,0.995,114.557,0.345,0.0,0.000
0,4294967295,301,47,Concat,Concat,dynamic,AI_VECTOR_CORE,1785697972926867.045	,39.241,0.044000,40,0,NO,"""64,16;64,32;64,64;64,128;64,256;64,512;64,1024;64,2048;64,4096;64,8192;64,16;64,32;64,64;64,128;64,256;64,512;64,1024;64,2048;64,4096;64,8192;64,16;64,32;64,64;64,128;64,256;64,512;64,1024;64,2048;64,4096;64,8192;64,16;64,32;64,64;64,128;64,256;64,512;64,1024;64,2048;64,4096;64,8192;64,16;64,32;64,64;64,128;64,256;64,512;64,1024;64,2048;64,4096;64,8192;64,16;64,32;64,64;64,128;64,256;64,512;64,1024;64,2048;64,4096;64,8192;64,16;64,32;64,64;64,128""",FLOAT16;FLOAT16;FLOAT16;FLOAT16;FLOAT16;FLOAT16;FLOAT16;FLOAT16;FLOAT16;FLOAT16;FLOAT16;FLOAT16;FLOAT16;FLOAT16;FLOAT16;FLOAT16;FLOAT16;FLOAT16;FLOAT16;FLOAT16;FLOAT16;FLOAT16;FLOAT16;FLOAT16;FLOAT16;FLOAT16;FLOAT16;FLOAT16;FLOAT16;FLOAT16;FLOAT16;FLOAT16;FLOAT16;FLOAT16;FLOAT16;FLOAT16;FLOAT16;FLOAT16;FLOAT16;FLOAT16;FLOAT16;FLOAT16;FLOAT16;FLOAT16;FLOAT16;FLOAT16;FLOAT16;FLOAT16;FLOAT16;FLOAT16;FLOAT16;FLOAT16;FLOAT16;FLOAT16;FLOAT16;FLOAT16;FLOAT16;FLOAT16;FLOAT16;FLOAT16;FLOAT16;FLOAT16;FLOAT16;FLOAT16,ND;ND;ND;ND;ND;ND;ND;ND;ND;ND;ND;ND;ND;ND;ND;ND;ND;ND;ND;ND;ND;ND;ND;ND;ND;ND;ND;ND;ND;ND;ND;ND;ND;ND;ND;ND;ND;ND;ND;ND;ND;ND;ND;ND;ND;ND;ND;ND;ND;ND;ND;ND;ND;ND;ND;ND;ND;ND;ND;ND;ND;ND;ND;ND,"""64,98448""",FLOAT16,ND,N/A,0.0,0,0.0,0.0,0.0,0.0,0.0,0.0,0.0,0.0,0.0,0.0,0.0,35.257,2326951,0.017,0.0,8.198,0.233,20.661,0.586,10.826,0.307,0.0,0.000
0,4294967295,302,47,aclnnMul_MulAiCore_Mul,Mul,dynamic,AI_VECTOR_CORE,1785697972926906.306	,334.747,0.009000,40,0,NO,"""4096,4096;4096,4096""",FLOAT;FLOAT,ND;ND,"""4096,4096""",FLOAT,ND,N/A,0.0,0,0.0,0.0,0.0,0.0,0.0,0.0,0.0,0.0,0.0,0.0,0.0,331.845,21901752,6.784,0.02,2.987,0.009,330.305,0.995,114.138,0.344,0.0,0.000
0,4294967295,303,47,Concat,Concat,dynamic,AI_VECTOR_CORE,1785697972927241.073	,39.261,0.003000,40,0,NO,"""64,16;64,32;64,64;64,128;64,256;64,512;64,1024;64,2048;64,4096;64,8192;64,16;64,32;64,64;64,128;64,256;64,512;64,1024;64,2048;64,4096;64,8192;64,16;64,32;64,64;64,128;64,256;64,512;64,1024;64,2048;64,4096;64,8192;64,16;64,32;64,64;64,128;64,256;64,512;64,1024;64,2048;64,4096;64,8192;64,16;64,32;64,64;64,128;64,256;64,512;64,1024;64,2048;64,4096;64,8192;64,16;64,32;64,64;64,128;64,256;64,512;64,1024;64,2048;64,4096;64,8192;64,16;64,32;64,64;64,128""",FLOAT16;FLOAT16;FLOAT16;FLOAT16;FLOAT16;FLOAT16;FLOAT16;FLOAT16;FLOAT16;FLOAT16;FLOAT16;FLOAT16;FLOAT16;FLOAT16;FLOAT16;FLOAT16;FLOAT16;FLOAT16;FLOAT16;FLOAT16;FLOAT16;FLOAT16;FLOAT16;FLOAT16;FLOAT16;FLOAT16;FLOAT16;FLOAT16;FLOAT16;FLOAT16;FLOAT16;FLOAT16;FLOAT16;FLOAT16;FLOAT16;FLOAT16;FLOAT16;FLOAT16;FLOAT16;FLOAT16;FLOAT16;FLOAT16;FLOAT16;FLOAT16;FLOAT16;FLOAT16;FLOAT16;FLOAT16;FLOAT16;FLOAT16;FLOAT16;FLOAT16;FLOAT16;FLOAT16;FLOAT16;FLOAT16;FLOAT16;FLOAT16;FLOAT16;FLOAT16;FLOAT16;FLOAT16;FLOAT16;FLOAT16,ND;ND;ND;ND;ND;ND;ND;ND;ND;ND;ND;ND;ND;ND;ND;ND;ND;ND;ND;ND;ND;ND;ND;ND;ND;ND;ND;ND;ND;ND;ND;ND;ND;ND;ND;ND;ND;ND;ND;ND;ND;ND;ND;ND;ND;ND;ND;ND;ND;ND;ND;ND;ND;ND;ND;ND;ND;ND;ND;ND;ND;ND;ND;ND,"""64,98448""",FLOAT16,ND,N/A,0.0,0,0.0,0.0,0.0,0.0,0.0,0.0,0.0,0.0,0.0,0.0,0.0,35.618,2350764,0.017,0.0,7.111,0.2,20.626,0.579,11.29,0.317,0.0,0.000
0,4294967295,304,47,aclnnMul_MulAiCore_Mul,Mul,dynamic,AI_VECTOR_CORE,1785697972927280.354	,333.166,0.000000,40,0,NO,"""4096,4096;4096,4096""",FLOAT;FLOAT,ND;ND,"""4096,4096""",FLOAT,ND,N/A,0.0,0,0.0,0.0,0.0,0.0,0.0,0.0,0.0,0.0,0.0,0.0,0.0,330.595,21819250,6.784,0.021,3.04,0.009,329.03,0.995,112.172,0.339,0.0,0.000
0,4294967295,305,47,Concat,Concat,dynamic,AI_VECTOR_CORE,1785697972927613.540	,41.221,0.084000,40,0,NO,"""64,16;64,32;64,64;64,128;64,256;64,512;64,1024;64,2048;64,4096;64,8192;64,16;64,32;64,64;64,128;64,256;64,512;64,1024;64,2048;64,4096;64,8192;64,16;64,32;64,64;64,128;64,256;64,512;64,1024;64,2048;64,4096;64,8192;64,16;64,32;64,64;64,128;64,256;64,512;64,1024;64,2048;64,4096;64,8192;64,16;64,32;64,64;64,128;64,256;64,512;64,1024;64,2048;64,4096;64,8192;64,16;64,32;64,64;64,128;64,256;64,512;64,1024;64,2048;64,4096;64,8192;64,16;64,32;64,64;64,128""",FLOAT16;FLOAT16;FLOAT16;FLOAT16;FLOAT16;FLOAT16;FLOAT16;FLOAT16;FLOAT16;FLOAT16;FLOAT16;FLOAT16;FLOAT16;FLOAT16;FLOAT16;FLOAT16;FLOAT16;FLOAT16;FLOAT16;FLOAT16;FLOAT16;FLOAT16;FLOAT16;FLOAT16;FLOAT16;FLOAT16;FLOAT16;FLOAT16;FLOAT16;FLOAT16;FLOAT16;FLOAT16;FLOAT16;FLOAT16;FLOAT16;FLOAT16;FLOAT16;FLOAT16;FLOAT16;FLOAT16;FLOAT16;FLOAT16;FLOAT16;FLOAT16;FLOAT16;FLOAT16;FLOAT16;FLOAT16;FLOAT16;FLOAT16;FLOAT16;FLOAT16;FLOAT16;FLOAT16;FLOAT16;FLOAT16;FLOAT16;FLOAT16;FLOAT16;FLOAT16;FLOAT16;FLOAT16;FLOAT16;FLOAT16,ND;ND;ND;ND;ND;ND;ND;ND;ND;ND;ND;ND;ND;ND;ND;ND;ND;ND;ND;ND;ND;ND;ND;ND;ND;ND;ND;ND;ND;ND;ND;ND;ND;ND;ND;ND;ND;ND;ND;ND;ND;ND;ND;ND;ND;ND;ND;ND;ND;ND;ND;ND;ND;ND;ND;ND;ND;ND;ND;ND;ND;ND;ND;ND,"""64,98448""",FLOAT16,ND,N/A,0.0,0,0.0,0.0,0.0,0.0,0.0,0.0,0.0,0.0,0.0,0.0,0.0,37.058,2445853,0.017,0.0,6.906,0.186,21.641,0.584,11.695,0.316,0.0,0.000
0,4294967295,306,47,aclnnMul_MulAiCore_Mul,Mul,dynamic,AI_VECTOR_CORE,1785697972927654.781	,333.207,0.029000,40,0,NO,"""4096,4096;4096,4096""",FLOAT;FLOAT,ND;ND,"""4096,4096""",FLOAT,ND,N/A,0.0,0,0.0,0.0,0.0,0.0,0.0,0.0,0.0,0.0,0.0,0.0,0.0,331.008,21846503,6.784,0.02,3.153,0.01,329.324,0.995,111.744,0.338,0.0,0.000
0,4294967295,307,47,Concat,Concat,dynamic,AI_VECTOR_CORE,1785697972927988.028	,40.121,0.043000,40,0,NO,"""64,16;64,32;64,64;64,128;64,256;64,512;64,1024;64,2048;64,4096;64,8192;64,16;64,32;64,64;64,128;64,256;64,512;64,1024;64,2048;64,4096;64,8192;64,16;64,32;64,64;64,128;64,256;64,512;64,1024;64,2048;64,4096;64,8192;64,16;64,32;64,64;64,128;64,256;64,512;64,1024;64,2048;64,4096;64,8192;64,16;64,32;64,64;64,128;64,256;64,512;64,1024;64,2048;64,4096;64,8192;64,16;64,32;64,64;64,128;64,256;64,512;64,1024;64,2048;64,4096;64,8192;64,16;64,32;64,64;64,128""",FLOAT16;FLOAT16;FLOAT16;FLOAT16;FLOAT16;FLOAT16;FLOAT16;FLOAT16;FLOAT16;FLOAT16;FLOAT16;FLOAT16;FLOAT16;FLOAT16;FLOAT16;FLOAT16;FLOAT16;FLOAT16;FLOAT16;FLOAT16;FLOAT16;FLOAT16;FLOAT16;FLOAT16;FLOAT16;FLOAT16;FLOAT16;FLOAT16;FLOAT16;FLOAT16;FLOAT16;FLOAT16;FLOAT16;FLOAT16;FLOAT16;FLOAT16;FLOAT16;FLOAT16;FLOAT16;FLOAT16;FLOAT16;FLOAT16;FLOAT16;FLOAT16;FLOAT16;FLOAT16;FLOAT16;FLOAT16;FLOAT16;FLOAT16;FLOAT16;FLOAT16;FLOAT16;FLOAT16;FLOAT16;FLOAT16;FLOAT16;FLOAT16;FLOAT16;FLOAT16;FLOAT16;FLOAT16;FLOAT16;FLOAT16,ND;ND;ND;ND;ND;ND;ND;ND;ND;ND;ND;ND;ND;ND;ND;ND;ND;ND;ND;ND;ND;ND;ND;ND;ND;ND;ND;ND;ND;ND;ND;ND;ND;ND;ND;ND;ND;ND;ND;ND;ND;ND;ND;ND;ND;ND;ND;ND;ND;ND;ND;ND;ND;ND;ND;ND;ND;ND;ND;ND;ND;ND;ND;ND,"""64,98448""",FLOAT16,ND,N/A,0.0,0,0.0,0.0,0.0,0.0,0.0,0.0,0.0,0.0,0.0,0.0,0.0,36.347,2398919,0.017,0.0,8.037,0.221,20.666,0.569,11.384,0.313,0.0,0.000
0,4294967295,308,47,aclnnMul_MulAiCore_Mul,Mul,dynamic,AI_VECTOR_CORE,1785697972928028.169	,334.586,0.129000,40,0,NO,"""4096,4096;4096,4096""",FLOAT;FLOAT,ND;ND,"""4096,4096""",FLOAT,ND,N/A,0.0,0,0.0,0.0,0.0,0.0,0.0,0.0,0.0,0.0,0.0,0.0,0.0,332.268,21929655,6.784,0.02,2.987,0.009,330.739,0.995,112.234,0.338,0.0,0.000
0,4294967295,309,47,Concat,Concat,dynamic,AI_VECTOR_CORE,1785697972928362.775	,40.341,0.000000,40,0,NO,"""64,16;64,32;64,64;64,128;64,256;64,512;64,1024;64,2048;64,4096;64,8192;64,16;64,32;64,64;64,128;64,256;64,512;64,1024;64,2048;64,4096;64,8192;64,16;64,32;64,64;64,128;64,256;64,512;64,1024;64,2048;64,4096;64,8192;64,16;64,32;64,64;64,128;64,256;64,512;64,1024;64,2048;64,4096;64,8192;64,16;64,32;64,64;64,128;64,256;64,512;64,1024;64,2048;64,4096;64,8192;64,16;64,32;64,64;64,128;64,256;64,512;64,1024;64,2048;64,4096;64,8192;64,16;64,32;64,64;64,128""",FLOAT16;FLOAT16;FLOAT16;FLOAT16;FLOAT16;FLOAT16;FLOAT16;FLOAT16;FLOAT16;FLOAT16;FLOAT16;FLOAT16;FLOAT16;FLOAT16;FLOAT16;FLOAT16;FLOAT16;FLOAT16;FLOAT16;FLOAT16;FLOAT16;FLOAT16;FLOAT16;FLOAT16;FLOAT16;FLOAT16;FLOAT16;FLOAT16;FLOAT16;FLOAT16;FLOAT16;FLOAT16;FLOAT16;FLOAT16;FLOAT16;FLOAT16;FLOAT16;FLOAT16;FLOAT16;FLOAT16;FLOAT16;FLOAT16;FLOAT16;FLOAT16;FLOAT16;FLOAT16;FLOAT16;FLOAT16;FLOAT16;FLOAT16;FLOAT16;FLOAT16;FLOAT16;FLOAT16;FLOAT16;FLOAT16;FLOAT16;FLOAT16;FLOAT16;FLOAT16;FLOAT16;FLOAT16;FLOAT16;FLOAT16,ND;ND;ND;ND;ND;ND;ND;ND;ND;ND;ND;ND;ND;ND;ND;ND;ND;ND;ND;ND;ND;ND;ND;ND;ND;ND;ND;ND;ND;ND;ND;ND;ND;ND;ND;ND;ND;ND;ND;ND;ND;ND;ND;ND;ND;ND;ND;ND;ND;ND;ND;ND;ND;ND;ND;ND;ND;ND;ND;ND;ND;ND;ND;ND,"""64,98448""",FLOAT16,ND,N/A,0.0,0,0.0,0.0,0.0,0.0,0.0,0.0,0.0,0.0,0.0,0.0,0.0,36.518,2410177,0.017,0.0,7.379,0.202,21.485,0.588,11.2,0.307,0.0,0.000
0,4294967295,310,47,aclnnMul_MulAiCore_Mul,Mul,dynamic,AI_VECTOR_CORE,1785697972928403.136	,333.247,0.159000,40,0,NO,"""4096,4096;4096,4096""",FLOAT;FLOAT,ND;ND,"""4096,4096""",FLOAT,ND,N/A,0.0,0,0.0,0.0,0.0,0.0,0.0,0.0,0.0,0.0,0.0,0.0,0.0,330.972,21844130,6.784,0.02,3.14,0.009,329.256,0.995,110.947,0.335,0.0,0.000
0,4294967295,311,47,Concat,Concat,dynamic,AI_VECTOR_CORE,1785697972928736.403	,40.081,0.003000,40,0,NO,"""64,16;64,32;64,64;64,128;64,256;64,512;64,1024;64,2048;64,4096;64,8192;64,16;64,32;64,64;64,128;64,256;64,512;64,1024;64,2048;64,4096;64,8192;64,16;64,32;64,64;64,128;64,256;64,512;64,1024;64,2048;64,4096;64,8192;64,16;64,32;64,64;64,128;64,256;64,512;64,1024;64,2048;64,4096;64,8192;64,16;64,32;64,64;64,128;64,256;64,512;64,1024;64,2048;64,4096;64,8192;64,16;64,32;64,64;64,128;64,256;64,512;64,1024;64,2048;64,4096;64,8192;64,16;64,32;64,64;64,128""",FLOAT16;FLOAT16;FLOAT16;FLOAT16;FLOAT16;FLOAT16;FLOAT16;FLOAT16;FLOAT16;FLOAT16;FLOAT16;FLOAT16;FLOAT16;FLOAT16;FLOAT16;FLOAT16;FLOAT16;FLOAT16;FLOAT16;FLOAT16;FLOAT16;FLOAT16;FLOAT16;FLOAT16;FLOAT16;FLOAT16;FLOAT16;FLOAT16;FLOAT16;FLOAT16;FLOAT16;FLOAT16;FLOAT16;FLOAT16;FLOAT16;FLOAT16;FLOAT16;FLOAT16;FLOAT16;FLOAT16;FLOAT16;FLOAT16;FLOAT16;FLOAT16;FLOAT16;FLOAT16;FLOAT16;FLOAT16;FLOAT16;FLOAT16;FLOAT16;FLOAT16;FLOAT16;FLOAT16;FLOAT16;FLOAT16;FLOAT16;FLOAT16;FLOAT16;FLOAT16;FLOAT16;FLOAT16;FLOAT16;FLOAT16,ND;ND;ND;ND;ND;ND;ND;ND;ND;ND;ND;ND;ND;ND;ND;ND;ND;ND;ND;ND;ND;ND;ND;ND;ND;ND;ND;ND;ND;ND;ND;ND;ND;ND;ND;ND;ND;ND;ND;ND;ND;ND;ND;ND;ND;ND;ND;ND;ND;ND;ND;ND;ND;ND;ND;ND;ND;ND;ND;ND;ND;ND;ND;ND,"""64,98448""",FLOAT16,ND,N/A,0.0,0,0.0,0.0,0.0,0.0,0.0,0.0,0.0,0.0,0.0,0.0,0.0,36.445,2405353,0.017,0.0,7.362,0.202,21.224,0.582,11.451,0.314,0.0,0.000
0,4294967295,312,47,aclnnMul_MulAiCore_Mul,Mul,dynamic,AI_VECTOR_CORE,1785697972928776.504	,333.486,0.000000,40,0,NO,"""4096,4096;4096,4096""",FLOAT;FLOAT,ND;ND,"""4096,4096""",FLOAT,ND,N/A,0.0,0,0.0,0.0,0.0,0.0,0.0,0.0,0.0,0.0,0.0,0.0,0.0,331.018,21847159,6.784,0.02,2.927,0.009,329.521,0.995,112.203,0.339,0.0,0.000
0,4294967295,313,47,Concat,Concat,dynamic,AI_VECTOR_CORE,1785697972929110.010	,41.261,0.014000,40,0,NO,"""64,16;64,32;64,64;64,128;64,256;64,512;64,1024;64,2048;64,4096;64,8192;64,16;64,32;64,64;64,128;64,256;64,512;64,1024;64,2048;64,4096;64,8192;64,16;64,32;64,64;64,128;64,256;64,512;64,1024;64,2048;64,4096;64,8192;64,16;64,32;64,64;64,128;64,256;64,512;64,1024;64,2048;64,4096;64,8192;64,16;64,32;64,64;64,128;64,256;64,512;64,1024;64,2048;64,4096;64,8192;64,16;64,32;64,64;64,128;64,256;64,512;64,1024;64,2048;64,4096;64,8192;64,16;64,32;64,64;64,128""",FLOAT16;FLOAT16;FLOAT16;FLOAT16;FLOAT16;FLOAT16;FLOAT16;FLOAT16;FLOAT16;FLOAT16;FLOAT16;FLOAT16;FLOAT16;FLOAT16;FLOAT16;FLOAT16;FLOAT16;FLOAT16;FLOAT16;FLOAT16;FLOAT16;FLOAT16;FLOAT16;FLOAT16;FLOAT16;FLOAT16;FLOAT16;FLOAT16;FLOAT16;FLOAT16;FLOAT16;FLOAT16;FLOAT16;FLOAT16;FLOAT16;FLOAT16;FLOAT16;FLOAT16;FLOAT16;FLOAT16;FLOAT16;FLOAT16;FLOAT16;FLOAT16;FLOAT16;FLOAT16;FLOAT16;FLOAT16;FLOAT16;FLOAT16;FLOAT16;FLOAT16;FLOAT16;FLOAT16;FLOAT16;FLOAT16;FLOAT16;FLOAT16;FLOAT16;FLOAT16;FLOAT16;FLOAT16;FLOAT16;FLOAT16,ND;ND;ND;ND;ND;ND;ND;ND;ND;ND;ND;ND;ND;ND;ND;ND;ND;ND;ND;ND;ND;ND;ND;ND;ND;ND;ND;ND;ND;ND;ND;ND;ND;ND;ND;ND;ND;ND;ND;ND;ND;ND;ND;ND;ND;ND;ND;ND;ND;ND;ND;ND;ND;ND;ND;ND;ND;ND;ND;ND;ND;ND;ND;ND,"""64,98448""",FLOAT16,ND,N/A,0.0,0,0.0,0.0,0.0,0.0,0.0,0.0,0.0,0.0,0.0,0.0,0.0,37.637,2484010,0.017,0.0,8.265,0.22,21.716,0.577,11.408,0.303,0.0,0.000
0,4294967295,314,47,aclnnMul_MulAiCore_Mul,Mul,dynamic,AI_VECTOR_CORE,1785697972929151.291	,332.207,0.000000,40,0,NO,"""4096,4096;4096,4096""",FLOAT;FLOAT,ND;ND,"""4096,4096""",FLOAT,ND,N/A,0.0,0,0.0,0.0,0.0,0.0,0.0,0.0,0.0,0.0,0.0,0.0,0.0,330.066,21784387,6.784,0.021,3.023,0.009,328.492,0.995,112.462,0.341,0.0,0.000
0,4294967295,315,47,Concat,Concat,dynamic,AI_VECTOR_CORE,1785697972929483.518	,41.541,0.043000,40,0,NO,"""64,16;64,32;64,64;64,128;64,256;64,512;64,1024;64,2048;64,4096;64,8192;64,16;64,32;64,64;64,128;64,256;64,512;64,1024;64,2048;64,4096;64,8192;64,16;64,32;64,64;64,128;64,256;64,512;64,1024;64,2048;64,4096;64,8192;64,16;64,32;64,64;64,128;64,256;64,512;64,1024;64,2048;64,4096;64,8192;64,16;64,32;64,64;64,128;64,256;64,512;64,1024;64,2048;64,4096;64,8192;64,16;64,32;64,64;64,128;64,256;64,512;64,1024;64,2048;64,4096;64,8192;64,16;64,32;64,64;64,128""",FLOAT16;FLOAT16;FLOAT16;FLOAT16;FLOAT16;FLOAT16;FLOAT16;FLOAT16;FLOAT16;FLOAT16;FLOAT16;FLOAT16;FLOAT16;FLOAT16;FLOAT16;FLOAT16;FLOAT16;FLOAT16;FLOAT16;FLOAT16;FLOAT16;FLOAT16;FLOAT16;FLOAT16;FLOAT16;FLOAT16;FLOAT16;FLOAT16;FLOAT16;FLOAT16;FLOAT16;FLOAT16;FLOAT16;FLOAT16;FLOAT16;FLOAT16;FLOAT16;FLOAT16;FLOAT16;FLOAT16;FLOAT16;FLOAT16;FLOAT16;FLOAT16;FLOAT16;FLOAT16;FLOAT16;FLOAT16;FLOAT16;FLOAT16;FLOAT16;FLOAT16;FLOAT16;FLOAT16;FLOAT16;FLOAT16;FLOAT16;FLOAT16;FLOAT16;FLOAT16;FLOAT16;FLOAT16;FLOAT16;FLOAT16,ND;ND;ND;ND;ND;ND;ND;ND;ND;ND;ND;ND;ND;ND;ND;ND;ND;ND;ND;ND;ND;ND;ND;ND;ND;ND;ND;ND;ND;ND;ND;ND;ND;ND;ND;ND;ND;ND;ND;ND;ND;ND;ND;ND;ND;ND;ND;ND;ND;ND;ND;ND;ND;ND;ND;ND;ND;ND;ND;ND;ND;ND;ND;ND,"""64,98448""",FLOAT16,ND,N/A,0.0,0,0.0,0.0,0.0,0.0,0.0,0.0,0.0,0.0,0.0,0.0,0.0,37.551,2478395,0.017,0.0,9.43,0.251,21.569,0.574,11.406,0.304,0.0,0.000
0,4294967295,316,47,aclnnMul_MulAiCore_Mul,Mul,dynamic,AI_VECTOR_CORE,1785697972929525.079	,334.446,0.000000,40,0,NO,"""4096,4096;4096,4096""",FLOAT;FLOAT,ND;ND,"""4096,4096""",FLOAT,ND,N/A,0.0,0,0.0,0.0,0.0,0.0,0.0,0.0,0.0,0.0,0.0,0.0,0.0,331.333,21868005,6.784,0.02,2.92,0.009,329.909,0.996,112.816,0.34,0.0,0.000
0,4294967295,317,47,Concat,Concat,dynamic,AI_VECTOR_CORE,1785697972929859.545	,39.241,0.054000,40,0,NO,"""64,16;64,32;64,64;64,128;64,256;64,512;64,1024;64,2048;64,4096;64,8192;64,16;64,32;64,64;64,128;64,256;64,512;64,1024;64,2048;64,4096;64,8192;64,16;64,32;64,64;64,128;64,256;64,512;64,1024;64,2048;64,4096;64,8192;64,16;64,32;64,64;64,128;64,256;64,512;64,1024;64,2048;64,4096;64,8192;64,16;64,32;64,64;64,128;64,256;64,512;64,1024;64,2048;64,4096;64,8192;64,16;64,32;64,64;64,128;64,256;64,512;64,1024;64,2048;64,4096;64,8192;64,16;64,32;64,64;64,128""",FLOAT16;FLOAT16;FLOAT16;FLOAT16;FLOAT16;FLOAT16;FLOAT16;FLOAT16;FLOAT16;FLOAT16;FLOAT16;FLOAT16;FLOAT16;FLOAT16;FLOAT16;FLOAT16;FLOAT16;FLOAT16;FLOAT16;FLOAT16;FLOAT16;FLOAT16;FLOAT16;FLOAT16;FLOAT16;FLOAT16;FLOAT16;FLOAT16;FLOAT16;FLOAT16;FLOAT16;FLOAT16;FLOAT16;FLOAT16;FLOAT16;FLOAT16;FLOAT16;FLOAT16;FLOAT16;FLOAT16;FLOAT16;FLOAT16;FLOAT16;FLOAT16;FLOAT16;FLOAT16;FLOAT16;FLOAT16;FLOAT16;FLOAT16;FLOAT16;FLOAT16;FLOAT16;FLOAT16;FLOAT16;FLOAT16;FLOAT16;FLOAT16;FLOAT16;FLOAT16;FLOAT16;FLOAT16;FLOAT16;FLOAT16,ND;ND;ND;ND;ND;ND;ND;ND;ND;ND;ND;ND;ND;ND;ND;ND;ND;ND;ND;ND;ND;ND;ND;ND;ND;ND;ND;ND;ND;ND;ND;ND;ND;ND;ND;ND;ND;ND;ND;ND;ND;ND;ND;ND;ND;ND;ND;ND;ND;ND;ND;ND;ND;ND;ND;ND;ND;ND;ND;ND;ND;ND;ND;ND,"""64,98448""",FLOAT16,ND,N/A,0.0,0,0.0,0.0,0.0,0.0,0.0,0.0,0.0,0.0,0.0,0.0,0.0,35.397,2336171,0.017,0.0,7.456,0.211,20.849,0.589,10.897,0.308,0.0,0.000
0,4294967295,318,47,aclnnMul_MulAiCore_Mul,Mul,dynamic,AI_VECTOR_CORE,1785697972929898.806	,333.027,0.009000,40,0,NO,"""4096,4096;4096,4096""",FLOAT;FLOAT,ND;ND,"""4096,4096""",FLOAT,ND,N/A,0.0,0,0.0,0.0,0.0,0.0,0.0,0.0,0.0,0.0,0.0,0.0,0.0,330.974,21844293,6.784,0.02,3.027,0.009,329.384,0.995,112.689,0.34,0.0,0.000
0,4294967295,319,47,Concat,Concat,dynamic,AI_VECTOR_CORE,1785697972930231.853	,39.460,0.000000,40,0,NO,"""64,16;64,32;64,64;64,128;64,256;64,512;64,1024;64,2048;64,4096;64,8192;64,16;64,32;64,64;64,128;64,256;64,512;64,1024;64,2048;64,4096;64,8192;64,16;64,32;64,64;64,128;64,256;64,512;64,1024;64,2048;64,4096;64,8192;64,16;64,32;64,64;64,128;64,256;64,512;64,1024;64,2048;64,4096;64,8192;64,16;64,32;64,64;64,128;64,256;64,512;64,1024;64,2048;64,4096;64,8192;64,16;64,32;64,64;64,128;64,256;64,512;64,1024;64,2048;64,4096;64,8192;64,16;64,32;64,64;64,128""",FLOAT16;FLOAT16;FLOAT16;FLOAT16;FLOAT16;FLOAT16;FLOAT16;FLOAT16;FLOAT16;FLOAT16;FLOAT16;FLOAT16;FLOAT16;FLOAT16;FLOAT16;FLOAT16;FLOAT16;FLOAT16;FLOAT16;FLOAT16;FLOAT16;FLOAT16;FLOAT16;FLOAT16;FLOAT16;FLOAT16;FLOAT16;FLOAT16;FLOAT16;FLOAT16;FLOAT16;FLOAT16;FLOAT16;FLOAT16;FLOAT16;FLOAT16;FLOAT16;FLOAT16;FLOAT16;FLOAT16;FLOAT16;FLOAT16;FLOAT16;FLOAT16;FLOAT16;FLOAT16;FLOAT16;FLOAT16;FLOAT16;FLOAT16;FLOAT16;FLOAT16;FLOAT16;FLOAT16;FLOAT16;FLOAT16;FLOAT16;FLOAT16;FLOAT16;FLOAT16;FLOAT16;FLOAT16;FLOAT16;FLOAT16,ND;ND;ND;ND;ND;ND;ND;ND;ND;ND;ND;ND;ND;ND;ND;ND;ND;ND;ND;ND;ND;ND;ND;ND;ND;ND;ND;ND;ND;ND;ND;ND;ND;ND;ND;ND;ND;ND;ND;ND;ND;ND;ND;ND;ND;ND;ND;ND;ND;ND;ND;ND;ND;ND;ND;ND;ND;ND;ND;ND;ND;ND;ND;ND,"""64,98448""",FLOAT16,ND,N/A,0.0,0,0.0,0.0,0.0,0.0,0.0,0.0,0.0,0.0,0.0,0.0,0.0,35.102,2316702,0.017,0.0,7.423,0.211,20.309,0.579,11.048,0.315,0.0,0.000
0,4294967295,320,47,aclnnMul_MulAiCore_Mul,Mul,dynamic,AI_VECTOR_CORE,1785697972930271.333	,333.227,0.040000,40,0,NO,"""4096,4096;4096,4096""",FLOAT;FLOAT,ND;ND,"""4096,4096""",FLOAT,ND,N/A,0.0,0,0.0,0.0,0.0,0.0,0.0,0.0,0.0,0.0,0.0,0.0,0.0,330.853,21836301,6.784,0.021,2.948,0.009,329.363,0.995,113.289,0.342,0.0,0.000
0,4294967295,321,47,Concat,Concat,dynamic,AI_VECTOR_CORE,1785697972930604.580	,40.241,0.023000,40,0,NO,"""64,16;64,32;64,64;64,128;64,256;64,512;64,1024;64,2048;64,4096;64,8192;64,16;64,32;64,64;64,128;64,256;64,512;64,1024;64,2048;64,4096;64,8192;64,16;64,32;64,64;64,128;64,256;64,512;64,1024;64,2048;64,4096;64,8192;64,16;64,32;64,64;64,128;64,256;64,512;64,1024;64,2048;64,4096;64,8192;64,16;64,32;64,64;64,128;64,256;64,512;64,1024;64,2048;64,4096;64,8192;64,16;64,32;64,64;64,128;64,256;64,512;64,1024;64,2048;64,4096;64,8192;64,16;64,32;64,64;64,128""",FLOAT16;FLOAT16;FLOAT16;FLOAT16;FLOAT16;FLOAT16;FLOAT16;FLOAT16;FLOAT16;FLOAT16;FLOAT16;FLOAT16;FLOAT16;FLOAT16;FLOAT16;FLOAT16;FLOAT16;FLOAT16;FLOAT16;FLOAT16;FLOAT16;FLOAT16;FLOAT16;FLOAT16;FLOAT16;FLOAT16;FLOAT16;FLOAT16;FLOAT16;FLOAT16;FLOAT16;FLOAT16;FLOAT16;FLOAT16;FLOAT16;FLOAT16;FLOAT16;FLOAT16;FLOAT16;FLOAT16;FLOAT16;FLOAT16;FLOAT16;FLOAT16;FLOAT16;FLOAT16;FLOAT16;FLOAT16;FLOAT16;FLOAT16;FLOAT16;FLOAT16;FLOAT16;FLOAT16;FLOAT16;FLOAT16;FLOAT16;FLOAT16;FLOAT16;FLOAT16;FLOAT16;FLOAT16;FLOAT16;FLOAT16,ND;ND;ND;ND;ND;ND;ND;ND;ND;ND;ND;ND;ND;ND;ND;ND;ND;ND;ND;ND;ND;ND;ND;ND;ND;ND;ND;ND;ND;ND;ND;ND;ND;ND;ND;ND;ND;ND;ND;ND;ND;ND;ND;ND;ND;ND;ND;ND;ND;ND;ND;ND;ND;ND;ND;ND;ND;ND;ND;ND;ND;ND;ND;ND,"""64,98448""",FLOAT16,ND,N/A,0.0,0,0.0,0.0,0.0,0.0,0.0,0.0,0.0,0.0,0.0,0.0,0.0,36.766,2426539,0.017,0.0,7.108,0.193,21.473,0.584,11.533,0.314,0.0,0.000
0,4294967295,322,47,aclnnMul_MulAiCore_Mul,Mul,dynamic,AI_VECTOR_CORE,1785697972930644.841	,335.267,0.009000,40,0,NO,"""4096,4096;4096,4096""",FLOAT;FLOAT,ND;ND,"""4096,4096""",FLOAT,ND,N/A,0.0,0,0.0,0.0,0.0,0.0,0.0,0.0,0.0,0.0,0.0,0.0,0.0,332.335,21934130,6.784,0.02,3.026,0.009,330.765,0.995,113.369,0.341,0.0,0.000
0,4294967295,323,47,Concat,Concat,dynamic,AI_VECTOR_CORE,1785697972930980.148	,41.900,0.233000,40,0,NO,"""64,16;64,32;64,64;64,128;64,256;64,512;64,1024;64,2048;64,4096;64,8192;64,16;64,32;64,64;64,128;64,256;64,512;64,1024;64,2048;64,4096;64,8192;64,16;64,32;64,64;64,128;64,256;64,512;64,1024;64,2048;64,4096;64,8192;64,16;64,32;64,64;64,128;64,256;64,512;64,1024;64,2048;64,4096;64,8192;64,16;64,32;64,64;64,128;64,256;64,512;64,1024;64,2048;64,4096;64,8192;64,16;64,32;64,64;64,128;64,256;64,512;64,1024;64,2048;64,4096;64,8192;64,16;64,32;64,64;64,128""",FLOAT16;FLOAT16;FLOAT16;FLOAT16;FLOAT16;FLOAT16;FLOAT16;FLOAT16;FLOAT16;FLOAT16;FLOAT16;FLOAT16;FLOAT16;FLOAT16;FLOAT16;FLOAT16;FLOAT16;FLOAT16;FLOAT16;FLOAT16;FLOAT16;FLOAT16;FLOAT16;FLOAT16;FLOAT16;FLOAT16;FLOAT16;FLOAT16;FLOAT16;FLOAT16;FLOAT16;FLOAT16;FLOAT16;FLOAT16;FLOAT16;FLOAT16;FLOAT16;FLOAT16;FLOAT16;FLOAT16;FLOAT16;FLOAT16;FLOAT16;FLOAT16;FLOAT16;FLOAT16;FLOAT16;FLOAT16;FLOAT16;FLOAT16;FLOAT16;FLOAT16;FLOAT16;FLOAT16;FLOAT16;FLOAT16;FLOAT16;FLOAT16;FLOAT16;FLOAT16;FLOAT16;FLOAT16;FLOAT16;FLOAT16,ND;ND;ND;ND;ND;ND;ND;ND;ND;ND;ND;ND;ND;ND;ND;ND;ND;ND;ND;ND;ND;ND;ND;ND;ND;ND;ND;ND;ND;ND;ND;ND;ND;ND;ND;ND;ND;ND;ND;ND;ND;ND;ND;ND;ND;ND;ND;ND;ND;ND;ND;ND;ND;ND;ND;ND;ND;ND;ND;ND;ND;ND;ND;ND,"""64,98448""",FLOAT16,ND,N/A,0.0,0,0.0,0.0,0.0,0.0,0.0,0.0,0.0,0.0,0.0,0.0,0.0,37.987,2507162,0.017,0.0,6.949,0.183,21.992,0.579,12.08,0.318,0.0,0.000
0,4294967295,324,47,aclnnMul_MulAiCore_Mul,Mul,dynamic,AI_VECTOR_CORE,1785697972931022.068	,334.367,0.000000,40,0,NO,"""4096,4096;4096,4096""",FLOAT;FLOAT,ND;ND,"""4096,4096""",FLOAT,ND,N/A,0.0,0,0.0,0.0,0.0,0.0,0.0,0.0,0.0,0.0,0.0,0.0,0.0,332.094,21918192,6.784,0.02,3.231,0.01,330.308,0.995,112.821,0.34,0.0,0.000
0,4294967295,325,47,Concat,Concat,dynamic,AI_VECTOR_CORE,1785697972931356.475	,39.721,0.133000,40,0,NO,"""64,16;64,32;64,64;64,128;64,256;64,512;64,1024;64,2048;64,4096;64,8192;64,16;64,32;64,64;64,128;64,256;64,512;64,1024;64,2048;64,4096;64,8192;64,16;64,32;64,64;64,128;64,256;64,512;64,1024;64,2048;64,4096;64,8192;64,16;64,32;64,64;64,128;64,256;64,512;64,1024;64,2048;64,4096;64,8192;64,16;64,32;64,64;64,128;64,256;64,512;64,1024;64,2048;64,4096;64,8192;64,16;64,32;64,64;64,128;64,256;64,512;64,1024;64,2048;64,4096;64,8192;64,16;64,32;64,64;64,128""",FLOAT16;FLOAT16;FLOAT16;FLOAT16;FLOAT16;FLOAT16;FLOAT16;FLOAT16;FLOAT16;FLOAT16;FLOAT16;FLOAT16;FLOAT16;FLOAT16;FLOAT16;FLOAT16;FLOAT16;FLOAT16;FLOAT16;FLOAT16;FLOAT16;FLOAT16;FLOAT16;FLOAT16;FLOAT16;FLOAT16;FLOAT16;FLOAT16;FLOAT16;FLOAT16;FLOAT16;FLOAT16;FLOAT16;FLOAT16;FLOAT16;FLOAT16;FLOAT16;FLOAT16;FLOAT16;FLOAT16;FLOAT16;FLOAT16;FLOAT16;FLOAT16;FLOAT16;FLOAT16;FLOAT16;FLOAT16;FLOAT16;FLOAT16;FLOAT16;FLOAT16;FLOAT16;FLOAT16;FLOAT16;FLOAT16;FLOAT16;FLOAT16;FLOAT16;FLOAT16;FLOAT16;FLOAT16;FLOAT16;FLOAT16,ND;ND;ND;ND;ND;ND;ND;ND;ND;ND;ND;ND;ND;ND;ND;ND;ND;ND;ND;ND;ND;ND;ND;ND;ND;ND;ND;ND;ND;ND;ND;ND;ND;ND;ND;ND;ND;ND;ND;ND;ND;ND;ND;ND;ND;ND;ND;ND;ND;ND;ND;ND;ND;ND;ND;ND;ND;ND;ND;ND;ND;ND;ND;ND,"""64,98448""",FLOAT16,ND,N/A,0.0,0,0.0,0.0,0.0,0.0,0.0,0.0,0.0,0.0,0.0,0.0,0.0,35.9,2369404,0.017,0.0,7.2,0.201,21.312,0.594,10.835,0.302,0.0,0.000
0,4294967295,326,47,aclnnMul_MulAiCore_Mul,Mul,dynamic,AI_VECTOR_CORE,1785697972931396.216	,335.547,0.029000,40,0,NO,"""4096,4096;4096,4096""",FLOAT;FLOAT,ND;ND,"""4096,4096""",FLOAT,ND,N/A,0.0,0,0.0,0.0,0.0,0.0,0.0,0.0,0.0,0.0,0.0,0.0,0.0,332.446,21941416,6.784,0.02,3.055,0.009,330.81,0.995,114.243,0.344,0.0,0.000
0,4294967295,327,47,Concat,Concat,dynamic,AI_VECTOR_CORE,1785697972931731.783	,40.220,0.000000,40,0,NO,"""64,16;64,32;64,64;64,128;64,256;64,512;64,1024;64,2048;64,4096;64,8192;64,16;64,32;64,64;64,128;64,256;64,512;64,1024;64,2048;64,4096;64,8192;64,16;64,32;64,64;64,128;64,256;64,512;64,1024;64,2048;64,4096;64,8192;64,16;64,32;64,64;64,128;64,256;64,512;64,1024;64,2048;64,4096;64,8192;64,16;64,32;64,64;64,128;64,256;64,512;64,1024;64,2048;64,4096;64,8192;64,16;64,32;64,64;64,128;64,256;64,512;64,1024;64,2048;64,4096;64,8192;64,16;64,32;64,64;64,128""",FLOAT16;FLOAT16;FLOAT16;FLOAT16;FLOAT16;FLOAT16;FLOAT16;FLOAT16;FLOAT16;FLOAT16;FLOAT16;FLOAT16;FLOAT16;FLOAT16;FLOAT16;FLOAT16;FLOAT16;FLOAT16;FLOAT16;FLOAT16;FLOAT16;FLOAT16;FLOAT16;FLOAT16;FLOAT16;FLOAT16;FLOAT16;FLOAT16;FLOAT16;FLOAT16;FLOAT16;FLOAT16;FLOAT16;FLOAT16;FLOAT16;FLOAT16;FLOAT16;FLOAT16;FLOAT16;FLOAT16;FLOAT16;FLOAT16;FLOAT16;FLOAT16;FLOAT16;FLOAT16;FLOAT16;FLOAT16;FLOAT16;FLOAT16;FLOAT16;FLOAT16;FLOAT16;FLOAT16;FLOAT16;FLOAT16;FLOAT16;FLOAT16;FLOAT16;FLOAT16;FLOAT16;FLOAT16;FLOAT16;FLOAT16,ND;ND;ND;ND;ND;ND;ND;ND;ND;ND;ND;ND;ND;ND;ND;ND;ND;ND;ND;ND;ND;ND;ND;ND;ND;ND;ND;ND;ND;ND;ND;ND;ND;ND;ND;ND;ND;ND;ND;ND;ND;ND;ND;ND;ND;ND;ND;ND;ND;ND;ND;ND;ND;ND;ND;ND;ND;ND;ND;ND;ND;ND;ND;ND,"""64,98448""",FLOAT16,ND,N/A,0.0,0,0.0,0.0,0.0,0.0,0.0,0.0,0.0,0.0,0.0,0.0,0.0,36.669,2420137,0.017,0.0,7.616,0.208,21.288,0.581,11.465,0.313,0.0,0.000
0,4294967295,328,47,aclnnMul_MulAiCore_Mul,Mul,dynamic,AI_VECTOR_CORE,1785697972931772.023	,332.787,0.030000,40,0,NO,"""4096,4096;4096,4096""",FLOAT;FLOAT,ND;ND,"""4096,4096""",FLOAT,ND,N/A,0.0,0,0.0,0.0,0.0,0.0,0.0,0.0,0.0,0.0,0.0,0.0,0.0,330.784,21831722,6.784,0.021,3.003,0.009,329.255,0.995,113.032,0.342,0.0,0.000
0,4294967295,329,47,Concat,Concat,dynamic,AI_VECTOR_CORE,1785697972932104.830	,41.461,0.000000,40,0,NO,"""64,16;64,32;64,64;64,128;64,256;64,512;64,1024;64,2048;64,4096;64,8192;64,16;64,32;64,64;64,128;64,256;64,512;64,1024;64,2048;64,4096;64,8192;64,16;64,32;64,64;64,128;64,256;64,512;64,1024;64,2048;64,4096;64,8192;64,16;64,32;64,64;64,128;64,256;64,512;64,1024;64,2048;64,4096;64,8192;64,16;64,32;64,64;64,128;64,256;64,512;64,1024;64,2048;64,4096;64,8192;64,16;64,32;64,64;64,128;64,256;64,512;64,1024;64,2048;64,4096;64,8192;64,16;64,32;64,64;64,128""",FLOAT16;FLOAT16;FLOAT16;FLOAT16;FLOAT16;FLOAT16;FLOAT16;FLOAT16;FLOAT16;FLOAT16;FLOAT16;FLOAT16;FLOAT16;FLOAT16;FLOAT16;FLOAT16;FLOAT16;FLOAT16;FLOAT16;FLOAT16;FLOAT16;FLOAT16;FLOAT16;FLOAT16;FLOAT16;FLOAT16;FLOAT16;FLOAT16;FLOAT16;FLOAT16;FLOAT16;FLOAT16;FLOAT16;FLOAT16;FLOAT16;FLOAT16;FLOAT16;FLOAT16;FLOAT16;FLOAT16;FLOAT16;FLOAT16;FLOAT16;FLOAT16;FLOAT16;FLOAT16;FLOAT16;FLOAT16;FLOAT16;FLOAT16;FLOAT16;FLOAT16;FLOAT16;FLOAT16;FLOAT16;FLOAT16;FLOAT16;FLOAT16;FLOAT16;FLOAT16;FLOAT16;FLOAT16;FLOAT16;FLOAT16,ND;ND;ND;ND;ND;ND;ND;ND;ND;ND;ND;ND;ND;ND;ND;ND;ND;ND;ND;ND;ND;ND;ND;ND;ND;ND;ND;ND;ND;ND;ND;ND;ND;ND;ND;ND;ND;ND;ND;ND;ND;ND;ND;ND;ND;ND;ND;ND;ND;ND;ND;ND;ND;ND;ND;ND;ND;ND;ND;ND;ND;ND;ND;ND,"""64,98448""",FLOAT16,ND,N/A,0.0,0,0.0,0.0,0.0,0.0,0.0,0.0,0.0,0.0,0.0,0.0,0.0,37.684,2487169,0.017,0.0,8.253,0.219,22.161,0.588,11.187,0.297,0.0,0.000
0,4294967295,330,47,aclnnMul_MulAiCore_Mul,Mul,dynamic,AI_VECTOR_CORE,1785697972932146.331	,333.967,0.039000,40,0,NO,"""4096,4096;4096,4096""",FLOAT;FLOAT,ND;ND,"""4096,4096""",FLOAT,ND,N/A,0.0,0,0.0,0.0,0.0,0.0,0.0,0.0,0.0,0.0,0.0,0.0,0.0,331.758,21896033,6.784,0.02,3.098,0.009,330.08,0.995,113.853,0.343,0.0,0.000
0,4294967295,331,47,Concat,Concat,dynamic,AI_VECTOR_CORE,1785697972932480.338	,40.940,0.033000,40,0,NO,"""64,16;64,32;64,64;64,128;64,256;64,512;64,1024;64,2048;64,4096;64,8192;64,16;64,32;64,64;64,128;64,256;64,512;64,1024;64,2048;64,4096;64,8192;64,16;64,32;64,64;64,128;64,256;64,512;64,1024;64,2048;64,4096;64,8192;64,16;64,32;64,64;64,128;64,256;64,512;64,1024;64,2048;64,4096;64,8192;64,16;64,32;64,64;64,128;64,256;64,512;64,1024;64,2048;64,4096;64,8192;64,16;64,32;64,64;64,128;64,256;64,512;64,1024;64,2048;64,4096;64,8192;64,16;64,32;64,64;64,128""",FLOAT16;FLOAT16;FLOAT16;FLOAT16;FLOAT16;FLOAT16;FLOAT16;FLOAT16;FLOAT16;FLOAT16;FLOAT16;FLOAT16;FLOAT16;FLOAT16;FLOAT16;FLOAT16;FLOAT16;FLOAT16;FLOAT16;FLOAT16;FLOAT16;FLOAT16;FLOAT16;FLOAT16;FLOAT16;FLOAT16;FLOAT16;FLOAT16;FLOAT16;FLOAT16;FLOAT16;FLOAT16;FLOAT16;FLOAT16;FLOAT16;FLOAT16;FLOAT16;FLOAT16;FLOAT16;FLOAT16;FLOAT16;FLOAT16;FLOAT16;FLOAT16;FLOAT16;FLOAT16;FLOAT16;FLOAT16;FLOAT16;FLOAT16;FLOAT16;FLOAT16;FLOAT16;FLOAT16;FLOAT16;FLOAT16;FLOAT16;FLOAT16;FLOAT16;FLOAT16;FLOAT16;FLOAT16;FLOAT16;FLOAT16,ND;ND;ND;ND;ND;ND;ND;ND;ND;ND;ND;ND;ND;ND;ND;ND;ND;ND;ND;ND;ND;ND;ND;ND;ND;ND;ND;ND;ND;ND;ND;ND;ND;ND;ND;ND;ND;ND;ND;ND;ND;ND;ND;ND;ND;ND;ND;ND;ND;ND;ND;ND;ND;ND;ND;ND;ND;ND;ND;ND;ND;ND;ND;ND,"""64,98448""",FLOAT16,ND,N/A,0.0,0,0.0,0.0,0.0,0.0,0.0,0.0,0.0,0.0,0.0,0.0,0.0,37.172,2453376,0.017,0.0,8.47,0.228,22.001,0.592,10.792,0.29,0.0,0.000
0,4294967295,332,47,aclnnMul_MulAiCore_Mul,Mul,dynamic,AI_VECTOR_CORE,1785697972932521.318	,333.147,0.060000,40,0,NO,"""4096,4096;4096,4096""",FLOAT;FLOAT,ND;ND,"""4096,4096""",FLOAT,ND,N/A,0.0,0,0.0,0.0,0.0,0.0,0.0,0.0,0.0,0.0,0.0,0.0,0.0,331.027,21847770,6.784,0.02,3.021,0.009,329.46,0.995,110.92,0.335,0.0,0.000
0,4294967295,333,47,Concat,Concat,dynamic,AI_VECTOR_CORE,1785697972932854.485	,39.601,0.103000,40,0,NO,"""64,16;64,32;64,64;64,128;64,256;64,512;64,1024;64,2048;64,4096;64,8192;64,16;64,32;64,64;64,128;64,256;64,512;64,1024;64,2048;64,4096;64,8192;64,16;64,32;64,64;64,128;64,256;64,512;64,1024;64,2048;64,4096;64,8192;64,16;64,32;64,64;64,128;64,256;64,512;64,1024;64,2048;64,4096;64,8192;64,16;64,32;64,64;64,128;64,256;64,512;64,1024;64,2048;64,4096;64,8192;64,16;64,32;64,64;64,128;64,256;64,512;64,1024;64,2048;64,4096;64,8192;64,16;64,32;64,64;64,128""",FLOAT16;FLOAT16;FLOAT16;FLOAT16;FLOAT16;FLOAT16;FLOAT16;FLOAT16;FLOAT16;FLOAT16;FLOAT16;FLOAT16;FLOAT16;FLOAT16;FLOAT16;FLOAT16;FLOAT16;FLOAT16;FLOAT16;FLOAT16;FLOAT16;FLOAT16;FLOAT16;FLOAT16;FLOAT16;FLOAT16;FLOAT16;FLOAT16;FLOAT16;FLOAT16;FLOAT16;FLOAT16;FLOAT16;FLOAT16;FLOAT16;FLOAT16;FLOAT16;FLOAT16;FLOAT16;FLOAT16;FLOAT16;FLOAT16;FLOAT16;FLOAT16;FLOAT16;FLOAT16;FLOAT16;FLOAT16;FLOAT16;FLOAT16;FLOAT16;FLOAT16;FLOAT16;FLOAT16;FLOAT16;FLOAT16;FLOAT16;FLOAT16;FLOAT16;FLOAT16;FLOAT16;FLOAT16;FLOAT16;FLOAT16,ND;ND;ND;ND;ND;ND;ND;ND;ND;ND;ND;ND;ND;ND;ND;ND;ND;ND;ND;ND;ND;ND;ND;ND;ND;ND;ND;ND;ND;ND;ND;ND;ND;ND;ND;ND;ND;ND;ND;ND;ND;ND;ND;ND;ND;ND;ND;ND;ND;ND;ND;ND;ND;ND;ND;ND;ND;ND;ND;ND;ND;ND;ND;ND,"""64,98448""",FLOAT16,ND,N/A,0.0,0,0.0,0.0,0.0,0.0,0.0,0.0,0.0,0.0,0.0,0.0,0.0,35.685,2355221,0.017,0.0,7.732,0.217,20.18,0.565,11.644,0.326,0.0,0.000
0,4294967295,334,47,aclnnMul_MulAiCore_Mul,Mul,dynamic,AI_VECTOR_CORE,1785697972932894.106	,333.767,0.000000,40,0,NO,"""4096,4096;4096,4096""",FLOAT;FLOAT,ND;ND,"""4096,4096""",FLOAT,ND,N/A,0.0,0,0.0,0.0,0.0,0.0,0.0,0.0,0.0,0.0,0.0,0.0,0.0,331.813,21899662,6.784,0.02,3.128,0.009,330.141,0.995,111.877,0.337,0.0,0.000
0,4294967295,335,47,Concat,Concat,dynamic,AI_VECTOR_CORE,1785697972933227.893	,39.600,0.233000,40,0,NO,"""64,16;64,32;64,64;64,128;64,256;64,512;64,1024;64,2048;64,4096;64,8192;64,16;64,32;64,64;64,128;64,256;64,512;64,1024;64,2048;64,4096;64,8192;64,16;64,32;64,64;64,128;64,256;64,512;64,1024;64,2048;64,4096;64,8192;64,16;64,32;64,64;64,128;64,256;64,512;64,1024;64,2048;64,4096;64,8192;64,16;64,32;64,64;64,128;64,256;64,512;64,1024;64,2048;64,4096;64,8192;64,16;64,32;64,64;64,128;64,256;64,512;64,1024;64,2048;64,4096;64,8192;64,16;64,32;64,64;64,128""",FLOAT16;FLOAT16;FLOAT16;FLOAT16;FLOAT16;FLOAT16;FLOAT16;FLOAT16;FLOAT16;FLOAT16;FLOAT16;FLOAT16;FLOAT16;FLOAT16;FLOAT16;FLOAT16;FLOAT16;FLOAT16;FLOAT16;FLOAT16;FLOAT16;FLOAT16;FLOAT16;FLOAT16;FLOAT16;FLOAT16;FLOAT16;FLOAT16;FLOAT16;FLOAT16;FLOAT16;FLOAT16;FLOAT16;FLOAT16;FLOAT16;FLOAT16;FLOAT16;FLOAT16;FLOAT16;FLOAT16;FLOAT16;FLOAT16;FLOAT16;FLOAT16;FLOAT16;FLOAT16;FLOAT16;FLOAT16;FLOAT16;FLOAT16;FLOAT16;FLOAT16;FLOAT16;FLOAT16;FLOAT16;FLOAT16;FLOAT16;FLOAT16;FLOAT16;FLOAT16;FLOAT16;FLOAT16;FLOAT16;FLOAT16,ND;ND;ND;ND;ND;ND;ND;ND;ND;ND;ND;ND;ND;ND;ND;ND;ND;ND;ND;ND;ND;ND;ND;ND;ND;ND;ND;ND;ND;ND;ND;ND;ND;ND;ND;ND;ND;ND;ND;ND;ND;ND;ND;ND;ND;ND;ND;ND;ND;ND;ND;ND;ND;ND;ND;ND;ND;ND;ND;ND;ND;ND;ND;ND,"""64,98448""",FLOAT16,ND,N/A,0.0,0,0.0,0.0,0.0,0.0,0.0,0.0,0.0,0.0,0.0,0.0,0.0,35.352,2333225,0.017,0.0,8.323,0.235,20.473,0.579,10.963,0.31,0.0,0.000
0,4294967295,336,47,aclnnMul_MulAiCore_Mul,Mul,dynamic,AI_VECTOR_CORE,1785697972933267.513	,337.747,0.000000,40,0,NO,"""4096,4096;4096,4096""",FLOAT;FLOAT,ND;ND,"""4096,4096""",FLOAT,ND,N/A,0.0,0,0.0,0.0,0.0,0.0,0.0,0.0,0.0,0.0,0.0,0.0,0.0,334.722,22091678,6.784,0.02,3.048,0.009,333.083,0.995,115.018,0.344,0.0,0.000
0,4294967295,337,47,Concat,Concat,dynamic,AI_VECTOR_CORE,1785697972933605.280	,40.121,0.003000,40,0,NO,"""64,16;64,32;64,64;64,128;64,256;64,512;64,1024;64,2048;64,4096;64,8192;64,16;64,32;64,64;64,128;64,256;64,512;64,1024;64,2048;64,4096;64,8192;64,16;64,32;64,64;64,128;64,256;64,512;64,1024;64,2048;64,4096;64,8192;64,16;64,32;64,64;64,128;64,256;64,512;64,1024;64,2048;64,4096;64,8192;64,16;64,32;64,64;64,128;64,256;64,512;64,1024;64,2048;64,4096;64,8192;64,16;64,32;64,64;64,128;64,256;64,512;64,1024;64,2048;64,4096;64,8192;64,16;64,32;64,64;64,128""",FLOAT16;FLOAT16;FLOAT16;FLOAT16;FLOAT16;FLOAT16;FLOAT16;FLOAT16;FLOAT16;FLOAT16;FLOAT16;FLOAT16;FLOAT16;FLOAT16;FLOAT16;FLOAT16;FLOAT16;FLOAT16;FLOAT16;FLOAT16;FLOAT16;FLOAT16;FLOAT16;FLOAT16;FLOAT16;FLOAT16;FLOAT16;FLOAT16;FLOAT16;FLOAT16;FLOAT16;FLOAT16;FLOAT16;FLOAT16;FLOAT16;FLOAT16;FLOAT16;FLOAT16;FLOAT16;FLOAT16;FLOAT16;FLOAT16;FLOAT16;FLOAT16;FLOAT16;FLOAT16;FLOAT16;FLOAT16;FLOAT16;FLOAT16;FLOAT16;FLOAT16;FLOAT16;FLOAT16;FLOAT16;FLOAT16;FLOAT16;FLOAT16;FLOAT16;FLOAT16;FLOAT16;FLOAT16;FLOAT16;FLOAT16,ND;ND;ND;ND;ND;ND;ND;ND;ND;ND;ND;ND;ND;ND;ND;ND;ND;ND;ND;ND;ND;ND;ND;ND;ND;ND;ND;ND;ND;ND;ND;ND;ND;ND;ND;ND;ND;ND;ND;ND;ND;ND;ND;ND;ND;ND;ND;ND;ND;ND;ND;ND;ND;ND;ND;ND;ND;ND;ND;ND;ND;ND;ND;ND,"""64,98448""",FLOAT16,ND,N/A,0.0,0,0.0,0.0,0.0,0.0,0.0,0.0,0.0,0.0,0.0,0.0,0.0,36.028,2377842,0.017,0.0,6.824,0.189,20.852,0.579,11.448,0.318,0.0,0.000
0,4294967295,338,47,aclnnMul_MulAiCore_Mul,Mul,dynamic,AI_VECTOR_CORE,1785697972933645.421	,334.147,0.129000,40,0,NO,"""4096,4096;4096,4096""",FLOAT;FLOAT,ND;ND,"""4096,4096""",FLOAT,ND,N/A,0.0,0,0.0,0.0,0.0,0.0,0.0,0.0,0.0,0.0,0.0,0.0,0.0,332.076,21917045,6.784,0.02,2.911,0.009,330.646,0.996,112.643,0.339,0.0,0.000
0,4294967295,339,47,Concat,Concat,dynamic,AI_VECTOR_CORE,1785697972933979.588	,40.320,0.000000,40,0,NO,"""64,16;64,32;64,64;64,128;64,256;64,512;64,1024;64,2048;64,4096;64,8192;64,16;64,32;64,64;64,128;64,256;64,512;64,1024;64,2048;64,4096;64,8192;64,16;64,32;64,64;64,128;64,256;64,512;64,1024;64,2048;64,4096;64,8192;64,16;64,32;64,64;64,128;64,256;64,512;64,1024;64,2048;64,4096;64,8192;64,16;64,32;64,64;64,128;64,256;64,512;64,1024;64,2048;64,4096;64,8192;64,16;64,32;64,64;64,128;64,256;64,512;64,1024;64,2048;64,4096;64,8192;64,16;64,32;64,64;64,128""",FLOAT16;FLOAT16;FLOAT16;FLOAT16;FLOAT16;FLOAT16;FLOAT16;FLOAT16;FLOAT16;FLOAT16;FLOAT16;FLOAT16;FLOAT16;FLOAT16;FLOAT16;FLOAT16;FLOAT16;FLOAT16;FLOAT16;FLOAT16;FLOAT16;FLOAT16;FLOAT16;FLOAT16;FLOAT16;FLOAT16;FLOAT16;FLOAT16;FLOAT16;FLOAT16;FLOAT16;FLOAT16;FLOAT16;FLOAT16;FLOAT16;FLOAT16;FLOAT16;FLOAT16;FLOAT16;FLOAT16;FLOAT16;FLOAT16;FLOAT16;FLOAT16;FLOAT16;FLOAT16;FLOAT16;FLOAT16;FLOAT16;FLOAT16;FLOAT16;FLOAT16;FLOAT16;FLOAT16;FLOAT16;FLOAT16;FLOAT16;FLOAT16;FLOAT16;FLOAT16;FLOAT16;FLOAT16;FLOAT16;FLOAT16,ND;ND;ND;ND;ND;ND;ND;ND;ND;ND;ND;ND;ND;ND;ND;ND;ND;ND;ND;ND;ND;ND;ND;ND;ND;ND;ND;ND;ND;ND;ND;ND;ND;ND;ND;ND;ND;ND;ND;ND;ND;ND;ND;ND;ND;ND;ND;ND;ND;ND;ND;ND;ND;ND;ND;ND;ND;ND;ND;ND;ND;ND;ND;ND,"""64,98448""",FLOAT16,ND,N/A,0.0,0,0.0,0.0,0.0,0.0,0.0,0.0,0.0,0.0,0.0,0.0,0.0,37.034,2444235,0.017,0.0,6.799,0.184,21.537,0.582,11.759,0.318,0.0,0.000
0,4294967295,340,47,aclnnMul_MulAiCore_Mul,Mul,dynamic,AI_VECTOR_CORE,1785697972934019.928	,333.007,0.180000,40,0,NO,"""4096,4096;4096,4096""",FLOAT;FLOAT,ND;ND,"""4096,4096""",FLOAT,ND,N/A,0.0,0,0.0,0.0,0.0,0.0,0.0,0.0,0.0,0.0,0.0,0.0,0.0,330.884,21838371,6.784,0.021,3.072,0.009,329.266,0.995,112.706,0.341,0.0,0.000
0,4294967295,341,47,Concat,Concat,dynamic,AI_VECTOR_CORE,1785697972934352.955	,40.901,0.000000,40,0,NO,"""64,16;64,32;64,64;64,128;64,256;64,512;64,1024;64,2048;64,4096;64,8192;64,16;64,32;64,64;64,128;64,256;64,512;64,1024;64,2048;64,4096;64,8192;64,16;64,32;64,64;64,128;64,256;64,512;64,1024;64,2048;64,4096;64,8192;64,16;64,32;64,64;64,128;64,256;64,512;64,1024;64,2048;64,4096;64,8192;64,16;64,32;64,64;64,128;64,256;64,512;64,1024;64,2048;64,4096;64,8192;64,16;64,32;64,64;64,128;64,256;64,512;64,1024;64,2048;64,4096;64,8192;64,16;64,32;64,64;64,128""",FLOAT16;FLOAT16;FLOAT16;FLOAT16;FLOAT16;FLOAT16;FLOAT16;FLOAT16;FLOAT16;FLOAT16;FLOAT16;FLOAT16;FLOAT16;FLOAT16;FLOAT16;FLOAT16;FLOAT16;FLOAT16;FLOAT16;FLOAT16;FLOAT16;FLOAT16;FLOAT16;FLOAT16;FLOAT16;FLOAT16;FLOAT16;FLOAT16;FLOAT16;FLOAT16;FLOAT16;FLOAT16;FLOAT16;FLOAT16;FLOAT16;FLOAT16;FLOAT16;FLOAT16;FLOAT16;FLOAT16;FLOAT16;FLOAT16;FLOAT16;FLOAT16;FLOAT16;FLOAT16;FLOAT16;FLOAT16;FLOAT16;FLOAT16;FLOAT16;FLOAT16;FLOAT16;FLOAT16;FLOAT16;FLOAT16;FLOAT16;FLOAT16;FLOAT16;FLOAT16;FLOAT16;FLOAT16;FLOAT16;FLOAT16,ND;ND;ND;ND;ND;ND;ND;ND;ND;ND;ND;ND;ND;ND;ND;ND;ND;ND;ND;ND;ND;ND;ND;ND;ND;ND;ND;ND;ND;ND;ND;ND;ND;ND;ND;ND;ND;ND;ND;ND;ND;ND;ND;ND;ND;ND;ND;ND;ND;ND;ND;ND;ND;ND;ND;ND;ND;ND;ND;ND;ND;ND;ND;ND,"""64,98448""",FLOAT16,ND,N/A,0.0,0,0.0,0.0,0.0,0.0,0.0,0.0,0.0,0.0,0.0,0.0,0.0,36.751,2425545,0.017,0.0,7.522,0.205,21.307,0.58,11.543,0.314,0.0,0.000
0,4294967295,342,47,aclnnMul_MulAiCore_Mul,Mul,dynamic,AI_VECTOR_CORE,1785697972934393.876	,332.827,0.099000,40,0,NO,"""4096,4096;4096,4096""",FLOAT;FLOAT,ND;ND,"""4096,4096""",FLOAT,ND,N/A,0.0,0,0.0,0.0,0.0,0.0,0.0,0.0,0.0,0.0,0.0,0.0,0.0,330.601,21819645,6.784,0.021,2.959,0.009,329.087,0.995,112.12,0.339,0.0,0.000
0,4294967295,343,47,Concat,Concat,dynamic,AI_VECTOR_CORE,1785697972934726.723	,39.620,0.000000,40,0,NO,"""64,16;64,32;64,64;64,128;64,256;64,512;64,1024;64,2048;64,4096;64,8192;64,16;64,32;64,64;64,128;64,256;64,512;64,1024;64,2048;64,4096;64,8192;64,16;64,32;64,64;64,128;64,256;64,512;64,1024;64,2048;64,4096;64,8192;64,16;64,32;64,64;64,128;64,256;64,512;64,1024;64,2048;64,4096;64,8192;64,16;64,32;64,64;64,128;64,256;64,512;64,1024;64,2048;64,4096;64,8192;64,16;64,32;64,64;64,128;64,256;64,512;64,1024;64,2048;64,4096;64,8192;64,16;64,32;64,64;64,128""",FLOAT16;FLOAT16;FLOAT16;FLOAT16;FLOAT16;FLOAT16;FLOAT16;FLOAT16;FLOAT16;FLOAT16;FLOAT16;FLOAT16;FLOAT16;FLOAT16;FLOAT16;FLOAT16;FLOAT16;FLOAT16;FLOAT16;FLOAT16;FLOAT16;FLOAT16;FLOAT16;FLOAT16;FLOAT16;FLOAT16;FLOAT16;FLOAT16;FLOAT16;FLOAT16;FLOAT16;FLOAT16;FLOAT16;FLOAT16;FLOAT16;FLOAT16;FLOAT16;FLOAT16;FLOAT16;FLOAT16;FLOAT16;FLOAT16;FLOAT16;FLOAT16;FLOAT16;FLOAT16;FLOAT16;FLOAT16;FLOAT16;FLOAT16;FLOAT16;FLOAT16;FLOAT16;FLOAT16;FLOAT16;FLOAT16;FLOAT16;FLOAT16;FLOAT16;FLOAT16;FLOAT16;FLOAT16;FLOAT16;FLOAT16,ND;ND;ND;ND;ND;ND;ND;ND;ND;ND;ND;ND;ND;ND;ND;ND;ND;ND;ND;ND;ND;ND;ND;ND;ND;ND;ND;ND;ND;ND;ND;ND;ND;ND;ND;ND;ND;ND;ND;ND;ND;ND;ND;ND;ND;ND;ND;ND;ND;ND;ND;ND;ND;ND;ND;ND;ND;ND;ND;ND;ND;ND;ND;ND,"""64,98448""",FLOAT16,ND,N/A,0.0,0,0.0,0.0,0.0,0.0,0.0,0.0,0.0,0.0,0.0,0.0,0.0,36.027,2377756,0.017,0.0,7.761,0.215,19.745,0.548,11.635,0.323,0.0,0.000
0,4294967295,344,47,aclnnMul_MulAiCore_Mul,Mul,dynamic,AI_VECTOR_CORE,1785697972934766.363	,333.247,0.000000,40,0,NO,"""4096,4096;4096,4096""",FLOAT;FLOAT,ND;ND,"""4096,4096""",FLOAT,ND,N/A,0.0,0,0.0,0.0,0.0,0.0,0.0,0.0,0.0,0.0,0.0,0.0,0.0,330.941,21842078,6.784,0.021,3.104,0.009,329.303,0.995,111.458,0.337,0.0,0.000
0,4294967295,345,47,Concat,Concat,dynamic,AI_VECTOR_CORE,1785697972935099.630	,41.361,0.253000,40,0,NO,"""64,16;64,32;64,64;64,128;64,256;64,512;64,1024;64,2048;64,4096;64,8192;64,16;64,32;64,64;64,128;64,256;64,512;64,1024;64,2048;64,4096;64,8192;64,16;64,32;64,64;64,128;64,256;64,512;64,1024;64,2048;64,4096;64,8192;64,16;64,32;64,64;64,128;64,256;64,512;64,1024;64,2048;64,4096;64,8192;64,16;64,32;64,64;64,128;64,256;64,512;64,1024;64,2048;64,4096;64,8192;64,16;64,32;64,64;64,128;64,256;64,512;64,1024;64,2048;64,4096;64,8192;64,16;64,32;64,64;64,128""",FLOAT16;FLOAT16;FLOAT16;FLOAT16;FLOAT16;FLOAT16;FLOAT16;FLOAT16;FLOAT16;FLOAT16;FLOAT16;FLOAT16;FLOAT16;FLOAT16;FLOAT16;FLOAT16;FLOAT16;FLOAT16;FLOAT16;FLOAT16;FLOAT16;FLOAT16;FLOAT16;FLOAT16;FLOAT16;FLOAT16;FLOAT16;FLOAT16;FLOAT16;FLOAT16;FLOAT16;FLOAT16;FLOAT16;FLOAT16;FLOAT16;FLOAT16;FLOAT16;FLOAT16;FLOAT16;FLOAT16;FLOAT16;FLOAT16;FLOAT16;FLOAT16;FLOAT16;FLOAT16;FLOAT16;FLOAT16;FLOAT16;FLOAT16;FLOAT16;FLOAT16;FLOAT16;FLOAT16;FLOAT16;FLOAT16;FLOAT16;FLOAT16;FLOAT16;FLOAT16;FLOAT16;FLOAT16;FLOAT16;FLOAT16,ND;ND;ND;ND;ND;ND;ND;ND;ND;ND;ND;ND;ND;ND;ND;ND;ND;ND;ND;ND;ND;ND;ND;ND;ND;ND;ND;ND;ND;ND;ND;ND;ND;ND;ND;ND;ND;ND;ND;ND;ND;ND;ND;ND;ND;ND;ND;ND;ND;ND;ND;ND;ND;ND;ND;ND;ND;ND;ND;ND;ND;ND;ND;ND,"""64,98448""",FLOAT16,ND,N/A,0.0,0,0.0,0.0,0.0,0.0,0.0,0.0,0.0,0.0,0.0,0.0,0.0,37.867,2499231,0.017,0.0,8.617,0.228,22.123,0.584,11.494,0.304,0.0,0.000
0,4294967295,346,47,aclnnMul_MulAiCore_Mul,Mul,dynamic,AI_VECTOR_CORE,1785697972935141.011	,332.326,0.000000,40,0,NO,"""4096,4096;4096,4096""",FLOAT;FLOAT,ND;ND,"""4096,4096""",FLOAT,ND,N/A,0.0,0,0.0,0.0,0.0,0.0,0.0,0.0,0.0,0.0,0.0,0.0,0.0,329.879,21772020,6.784,0.021,2.979,0.009,328.395,0.996,111.662,0.338,0.0,0.000
0,4294967295,347,47,Concat,Concat,dynamic,AI_VECTOR_CORE,1785697972935473.357	,41.201,0.000000,40,0,NO,"""64,16;64,32;64,64;64,128;64,256;64,512;64,1024;64,2048;64,4096;64,8192;64,16;64,32;64,64;64,128;64,256;64,512;64,1024;64,2048;64,4096;64,8192;64,16;64,32;64,64;64,128;64,256;64,512;64,1024;64,2048;64,4096;64,8192;64,16;64,32;64,64;64,128;64,256;64,512;64,1024;64,2048;64,4096;64,8192;64,16;64,32;64,64;64,128;64,256;64,512;64,1024;64,2048;64,4096;64,8192;64,16;64,32;64,64;64,128;64,256;64,512;64,1024;64,2048;64,4096;64,8192;64,16;64,32;64,64;64,128""",FLOAT16;FLOAT16;FLOAT16;FLOAT16;FLOAT16;FLOAT16;FLOAT16;FLOAT16;FLOAT16;FLOAT16;FLOAT16;FLOAT16;FLOAT16;FLOAT16;FLOAT16;FLOAT16;FLOAT16;FLOAT16;FLOAT16;FLOAT16;FLOAT16;FLOAT16;FLOAT16;FLOAT16;FLOAT16;FLOAT16;FLOAT16;FLOAT16;FLOAT16;FLOAT16;FLOAT16;FLOAT16;FLOAT16;FLOAT16;FLOAT16;FLOAT16;FLOAT16;FLOAT16;FLOAT16;FLOAT16;FLOAT16;FLOAT16;FLOAT16;FLOAT16;FLOAT16;FLOAT16;FLOAT16;FLOAT16;FLOAT16;FLOAT16;FLOAT16;FLOAT16;FLOAT16;FLOAT16;FLOAT16;FLOAT16;FLOAT16;FLOAT16;FLOAT16;FLOAT16;FLOAT16;FLOAT16;FLOAT16;FLOAT16,ND;ND;ND;ND;ND;ND;ND;ND;ND;ND;ND;ND;ND;ND;ND;ND;ND;ND;ND;ND;ND;ND;ND;ND;ND;ND;ND;ND;ND;ND;ND;ND;ND;ND;ND;ND;ND;ND;ND;ND;ND;ND;ND;ND;ND;ND;ND;ND;ND;ND;ND;ND;ND;ND;ND;ND;ND;ND;ND;ND;ND;ND;ND;ND,"""64,98448""",FLOAT16,ND,N/A,0.0,0,0.0,0.0,0.0,0.0,0.0,0.0,0.0,0.0,0.0,0.0,0.0,37.911,2502126,0.017,0.0,7.923,0.209,22.035,0.581,11.641,0.307,0.0,0.000
0,4294967295,348,47,aclnnMul_MulAiCore_Mul,Mul,dynamic,AI_VECTOR_CORE,1785697972935514.578	,333.067,0.049000,40,0,NO,"""4096,4096;4096,4096""",FLOAT;FLOAT,ND;ND,"""4096,4096""",FLOAT,ND,N/A,0.0,0,0.0,0.0,0.0,0.0,0.0,0.0,0.0,0.0,0.0,0.0,0.0,331.038,21848509,6.784,0.02,3.128,0.009,329.338,0.995,113.564,0.343,0.0,0.000
0,4294967295,349,47,Concat,Concat,dynamic,AI_VECTOR_CORE,1785697972935847.665	,39.841,0.183000,40,0,NO,"""64,16;64,32;64,64;64,128;64,256;64,512;64,1024;64,2048;64,4096;64,8192;64,16;64,32;64,64;64,128;64,256;64,512;64,1024;64,2048;64,4096;64,8192;64,16;64,32;64,64;64,128;64,256;64,512;64,1024;64,2048;64,4096;64,8192;64,16;64,32;64,64;64,128;64,256;64,512;64,1024;64,2048;64,4096;64,8192;64,16;64,32;64,64;64,128;64,256;64,512;64,1024;64,2048;64,4096;64,8192;64,16;64,32;64,64;64,128;64,256;64,512;64,1024;64,2048;64,4096;64,8192;64,16;64,32;64,64;64,128""",FLOAT16;FLOAT16;FLOAT16;FLOAT16;FLOAT16;FLOAT16;FLOAT16;FLOAT16;FLOAT16;FLOAT16;FLOAT16;FLOAT16;FLOAT16;FLOAT16;FLOAT16;FLOAT16;FLOAT16;FLOAT16;FLOAT16;FLOAT16;FLOAT16;FLOAT16;FLOAT16;FLOAT16;FLOAT16;FLOAT16;FLOAT16;FLOAT16;FLOAT16;FLOAT16;FLOAT16;FLOAT16;FLOAT16;FLOAT16;FLOAT16;FLOAT16;FLOAT16;FLOAT16;FLOAT16;FLOAT16;FLOAT16;FLOAT16;FLOAT16;FLOAT16;FLOAT16;FLOAT16;FLOAT16;FLOAT16;FLOAT16;FLOAT16;FLOAT16;FLOAT16;FLOAT16;FLOAT16;FLOAT16;FLOAT16;FLOAT16;FLOAT16;FLOAT16;FLOAT16;FLOAT16;FLOAT16;FLOAT16;FLOAT16,ND;ND;ND;ND;ND;ND;ND;ND;ND;ND;ND;ND;ND;ND;ND;ND;ND;ND;ND;ND;ND;ND;ND;ND;ND;ND;ND;ND;ND;ND;ND;ND;ND;ND;ND;ND;ND;ND;ND;ND;ND;ND;ND;ND;ND;ND;ND;ND;ND;ND;ND;ND;ND;ND;ND;ND;ND;ND;ND;ND;ND;ND;ND;ND,"""64,98448""",FLOAT16,ND,N/A,0.0,0,0.0,0.0,0.0,0.0,0.0,0.0,0.0,0.0,0.0,0.0,0.0,35.434,2338636,0.017,0.0,8.243,0.233,20.741,0.585,10.816,0.305,0.0,0.000
0,4294967295,350,47,aclnnMul_MulAiCore_Mul,Mul,dynamic,AI_VECTOR_CORE,1785697972935887.526	,333.486,0.000000,40,0,NO,"""4096,4096;4096,4096""",FLOAT;FLOAT,ND;ND,"""4096,4096""",FLOAT,ND,N/A,0.0,0,0.0,0.0,0.0,0.0,0.0,0.0,0.0,0.0,0.0,0.0,0.0,330.948,21842561,6.784,0.021,3.015,0.009,329.416,0.995,112.322,0.339,0.0,0.000
0,4294967295,351,47,Concat,Concat,dynamic,AI_VECTOR_CORE,1785697972936221.032	,39.921,0.014000,40,0,NO,"""64,16;64,32;64,64;64,128;64,256;64,512;64,1024;64,2048;64,4096;64,8192;64,16;64,32;64,64;64,128;64,256;64,512;64,1024;64,2048;64,4096;64,8192;64,16;64,32;64,64;64,128;64,256;64,512;64,1024;64,2048;64,4096;64,8192;64,16;64,32;64,64;64,128;64,256;64,512;64,1024;64,2048;64,4096;64,8192;64,16;64,32;64,64;64,128;64,256;64,512;64,1024;64,2048;64,4096;64,8192;64,16;64,32;64,64;64,128;64,256;64,512;64,1024;64,2048;64,4096;64,8192;64,16;64,32;64,64;64,128""",FLOAT16;FLOAT16;FLOAT16;FLOAT16;FLOAT16;FLOAT16;FLOAT16;FLOAT16;FLOAT16;FLOAT16;FLOAT16;FLOAT16;FLOAT16;FLOAT16;FLOAT16;FLOAT16;FLOAT16;FLOAT16;FLOAT16;FLOAT16;FLOAT16;FLOAT16;FLOAT16;FLOAT16;FLOAT16;FLOAT16;FLOAT16;FLOAT16;FLOAT16;FLOAT16;FLOAT16;FLOAT16;FLOAT16;FLOAT16;FLOAT16;FLOAT16;FLOAT16;FLOAT16;FLOAT16;FLOAT16;FLOAT16;FLOAT16;FLOAT16;FLOAT16;FLOAT16;FLOAT16;FLOAT16;FLOAT16;FLOAT16;FLOAT16;FLOAT16;FLOAT16;FLOAT16;FLOAT16;FLOAT16;FLOAT16;FLOAT16;FLOAT16;FLOAT16;FLOAT16;FLOAT16;FLOAT16;FLOAT16;FLOAT16,ND;ND;ND;ND;ND;ND;ND;ND;ND;ND;ND;ND;ND;ND;ND;ND;ND;ND;ND;ND;ND;ND;ND;ND;ND;ND;ND;ND;ND;ND;ND;ND;ND;ND;ND;ND;ND;ND;ND;ND;ND;ND;ND;ND;ND;ND;ND;ND;ND;ND;ND;ND;ND;ND;ND;ND;ND;ND;ND;ND;ND;ND;ND;ND,"""64,98448""",FLOAT16,ND,N/A,0.0,0,0.0,0.0,0.0,0.0,0.0,0.0,0.0,0.0,0.0,0.0,0.0,35.652,2353004,0.017,0.0,7.658,0.215,20.665,0.58,11.433,0.321,0.0,0.000
0,4294967295,352,47,aclnnMul_MulAiCore_Mul,Mul,dynamic,AI_VECTOR_CORE,1785697972936260.973	,333.207,0.079000,40,0,NO,"""4096,4096;4096,4096""",FLOAT;FLOAT,ND;ND,"""4096,4096""",FLOAT,ND,N/A,0.0,0,0.0,0.0,0.0,0.0,0.0,0.0,0.0,0.0,0.0,0.0,0.0,330.631,21821633,6.784,0.021,3.053,0.009,329.026,0.995,110.108,0.333,0.0,0.000
0,4294967295,353,47,Concat,Concat,dynamic,AI_VECTOR_CORE,1785697972936594.220	,40.901,0.043000,40,0,NO,"""64,16;64,32;64,64;64,128;64,256;64,512;64,1024;64,2048;64,4096;64,8192;64,16;64,32;64,64;64,128;64,256;64,512;64,1024;64,2048;64,4096;64,8192;64,16;64,32;64,64;64,128;64,256;64,512;64,1024;64,2048;64,4096;64,8192;64,16;64,32;64,64;64,128;64,256;64,512;64,1024;64,2048;64,4096;64,8192;64,16;64,32;64,64;64,128;64,256;64,512;64,1024;64,2048;64,4096;64,8192;64,16;64,32;64,64;64,128;64,256;64,512;64,1024;64,2048;64,4096;64,8192;64,16;64,32;64,64;64,128""",FLOAT16;FLOAT16;FLOAT16;FLOAT16;FLOAT16;FLOAT16;FLOAT16;FLOAT16;FLOAT16;FLOAT16;FLOAT16;FLOAT16;FLOAT16;FLOAT16;FLOAT16;FLOAT16;FLOAT16;FLOAT16;FLOAT16;FLOAT16;FLOAT16;FLOAT16;FLOAT16;FLOAT16;FLOAT16;FLOAT16;FLOAT16;FLOAT16;FLOAT16;FLOAT16;FLOAT16;FLOAT16;FLOAT16;FLOAT16;FLOAT16;FLOAT16;FLOAT16;FLOAT16;FLOAT16;FLOAT16;FLOAT16;FLOAT16;FLOAT16;FLOAT16;FLOAT16;FLOAT16;FLOAT16;FLOAT16;FLOAT16;FLOAT16;FLOAT16;FLOAT16;FLOAT16;FLOAT16;FLOAT16;FLOAT16;FLOAT16;FLOAT16;FLOAT16;FLOAT16;FLOAT16;FLOAT16;FLOAT16;FLOAT16,ND;ND;ND;ND;ND;ND;ND;ND;ND;ND;ND;ND;ND;ND;ND;ND;ND;ND;ND;ND;ND;ND;ND;ND;ND;ND;ND;ND;ND;ND;ND;ND;ND;ND;ND;ND;ND;ND;ND;ND;ND;ND;ND;ND;ND;ND;ND;ND;ND;ND;ND;ND;ND;ND;ND;ND;ND;ND;ND;ND;ND;ND;ND;ND,"""64,98448""",FLOAT16,ND,N/A,0.0,0,0.0,0.0,0.0,0.0,0.0,0.0,0.0,0.0,0.0,0.0,0.0,37.37,2466395,0.017,0.0,6.834,0.183,21.779,0.583,11.827,0.316,0.0,0.000
0,4294967295,354,47,aclnnMul_MulAiCore_Mul,Mul,dynamic,AI_VECTOR_CORE,1785697972936635.141	,333.486,0.099000,40,0,NO,"""4096,4096;4096,4096""",FLOAT;FLOAT,ND;ND,"""4096,4096""",FLOAT,ND,N/A,0.0,0,0.0,0.0,0.0,0.0,0.0,0.0,0.0,0.0,0.0,0.0,0.0,331.193,21858722,6.784,0.02,2.987,0.009,329.688,0.995,111.885,0.338,0.0,0.000
0,4294967295,355,47,Concat,Concat,dynamic,AI_VECTOR_CORE,1785697972936968.647	,40.621,0.014000,40,0,NO,"""64,16;64,32;64,64;64,128;64,256;64,512;64,1024;64,2048;64,4096;64,8192;64,16;64,32;64,64;64,128;64,256;64,512;64,1024;64,2048;64,4096;64,8192;64,16;64,32;64,64;64,128;64,256;64,512;64,1024;64,2048;64,4096;64,8192;64,16;64,32;64,64;64,128;64,256;64,512;64,1024;64,2048;64,4096;64,8192;64,16;64,32;64,64;64,128;64,256;64,512;64,1024;64,2048;64,4096;64,8192;64,16;64,32;64,64;64,128;64,256;64,512;64,1024;64,2048;64,4096;64,8192;64,16;64,32;64,64;64,128""",FLOAT16;FLOAT16;FLOAT16;FLOAT16;FLOAT16;FLOAT16;FLOAT16;FLOAT16;FLOAT16;FLOAT16;FLOAT16;FLOAT16;FLOAT16;FLOAT16;FLOAT16;FLOAT16;FLOAT16;FLOAT16;FLOAT16;FLOAT16;FLOAT16;FLOAT16;FLOAT16;FLOAT16;FLOAT16;FLOAT16;FLOAT16;FLOAT16;FLOAT16;FLOAT16;FLOAT16;FLOAT16;FLOAT16;FLOAT16;FLOAT16;FLOAT16;FLOAT16;FLOAT16;FLOAT16;FLOAT16;FLOAT16;FLOAT16;FLOAT16;FLOAT16;FLOAT16;FLOAT16;FLOAT16;FLOAT16;FLOAT16;FLOAT16;FLOAT16;FLOAT16;FLOAT16;FLOAT16;FLOAT16;FLOAT16;FLOAT16;FLOAT16;FLOAT16;FLOAT16;FLOAT16;FLOAT16;FLOAT16;FLOAT16,ND;ND;ND;ND;ND;ND;ND;ND;ND;ND;ND;ND;ND;ND;ND;ND;ND;ND;ND;ND;ND;ND;ND;ND;ND;ND;ND;ND;ND;ND;ND;ND;ND;ND;ND;ND;ND;ND;ND;ND;ND;ND;ND;ND;ND;ND;ND;ND;ND;ND;ND;ND;ND;ND;ND;ND;ND;ND;ND;ND;ND;ND;ND;ND,"""64,98448""",FLOAT16,ND,N/A,0.0,0,0.0,0.0,0.0,0.0,0.0,0.0,0.0,0.0,0.0,0.0,0.0,36.151,2385964,0.017,0.0,6.901,0.191,20.659,0.571,11.739,0.325,0.0,0.000
0,4294967295,356,47,aclnnMul_MulAiCore_Mul,Mul,dynamic,AI_VECTOR_CORE,1785697972937009.288	,333.787,0.000000,40,0,NO,"""4096,4096;4096,4096""",FLOAT;FLOAT,ND;ND,"""4096,4096""",FLOAT,ND,N/A,0.0,0,0.0,0.0,0.0,0.0,0.0,0.0,0.0,0.0,0.0,0.0,0.0,331.437,21874868,6.784,0.02,3.036,0.009,329.843,0.995,112.148,0.338,0.0,0.000
0,4294967295,357,47,Concat,Concat,dynamic,AI_VECTOR_CORE,1785697972937343.095	,39.541,0.000000,40,0,NO,"""64,16;64,32;64,64;64,128;64,256;64,512;64,1024;64,2048;64,4096;64,8192;64,16;64,32;64,64;64,128;64,256;64,512;64,1024;64,2048;64,4096;64,8192;64,16;64,32;64,64;64,128;64,256;64,512;64,1024;64,2048;64,4096;64,8192;64,16;64,32;64,64;64,128;64,256;64,512;64,1024;64,2048;64,4096;64,8192;64,16;64,32;64,64;64,128;64,256;64,512;64,1024;64,2048;64,4096;64,8192;64,16;64,32;64,64;64,128;64,256;64,512;64,1024;64,2048;64,4096;64,8192;64,16;64,32;64,64;64,128""",FLOAT16;FLOAT16;FLOAT16;FLOAT16;FLOAT16;FLOAT16;FLOAT16;FLOAT16;FLOAT16;FLOAT16;FLOAT16;FLOAT16;FLOAT16;FLOAT16;FLOAT16;FLOAT16;FLOAT16;FLOAT16;FLOAT16;FLOAT16;FLOAT16;FLOAT16;FLOAT16;FLOAT16;FLOAT16;FLOAT16;FLOAT16;FLOAT16;FLOAT16;FLOAT16;FLOAT16;FLOAT16;FLOAT16;FLOAT16;FLOAT16;FLOAT16;FLOAT16;FLOAT16;FLOAT16;FLOAT16;FLOAT16;FLOAT16;FLOAT16;FLOAT16;FLOAT16;FLOAT16;FLOAT16;FLOAT16;FLOAT16;FLOAT16;FLOAT16;FLOAT16;FLOAT16;FLOAT16;FLOAT16;FLOAT16;FLOAT16;FLOAT16;FLOAT16;FLOAT16;FLOAT16;FLOAT16;FLOAT16;FLOAT16,ND;ND;ND;ND;ND;ND;ND;ND;ND;ND;ND;ND;ND;ND;ND;ND;ND;ND;ND;ND;ND;ND;ND;ND;ND;ND;ND;ND;ND;ND;ND;ND;ND;ND;ND;ND;ND;ND;ND;ND;ND;ND;ND;ND;ND;ND;ND;ND;ND;ND;ND;ND;ND;ND;ND;ND;ND;ND;ND;ND;ND;ND;ND;ND,"""64,98448""",FLOAT16,ND,N/A,0.0,0,0.0,0.0,0.0,0.0,0.0,0.0,0.0,0.0,0.0,0.0,0.0,35.649,2352848,0.017,0.0,7.938,0.223,19.659,0.551,11.265,0.316,0.0,0.000
0,4294967295,358,47,aclnnMul_MulAiCore_Mul,Mul,dynamic,AI_VECTOR_CORE,1785697972937382.656	,333.766,0.209000,40,0,NO,"""4096,4096;4096,4096""",FLOAT;FLOAT,ND;ND,"""4096,4096""",FLOAT,ND,N/A,0.0,0,0.0,0.0,0.0,0.0,0.0,0.0,0.0,0.0,0.0,0.0,0.0,331.354,21869371,6.784,0.02,2.953,0.009,329.805,0.995,112.81,0.34,0.0,0.000
0,4294967295,359,47,Concat,Concat,dynamic,AI_VECTOR_CORE,1785697972937716.442	,39.741,0.000000,40,0,NO,"""64,16;64,32;64,64;64,128;64,256;64,512;64,1024;64,2048;64,4096;64,8192;64,16;64,32;64,64;64,128;64,256;64,512;64,1024;64,2048;64,4096;64,8192;64,16;64,32;64,64;64,128;64,256;64,512;64,1024;64,2048;64,4096;64,8192;64,16;64,32;64,64;64,128;64,256;64,512;64,1024;64,2048;64,4096;64,8192;64,16;64,32;64,64;64,128;64,256;64,512;64,1024;64,2048;64,4096;64,8192;64,16;64,32;64,64;64,128;64,256;64,512;64,1024;64,2048;64,4096;64,8192;64,16;64,32;64,64;64,128""",FLOAT16;FLOAT16;FLOAT16;FLOAT16;FLOAT16;FLOAT16;FLOAT16;FLOAT16;FLOAT16;FLOAT16;FLOAT16;FLOAT16;FLOAT16;FLOAT16;FLOAT16;FLOAT16;FLOAT16;FLOAT16;FLOAT16;FLOAT16;FLOAT16;FLOAT16;FLOAT16;FLOAT16;FLOAT16;FLOAT16;FLOAT16;FLOAT16;FLOAT16;FLOAT16;FLOAT16;FLOAT16;FLOAT16;FLOAT16;FLOAT16;FLOAT16;FLOAT16;FLOAT16;FLOAT16;FLOAT16;FLOAT16;FLOAT16;FLOAT16;FLOAT16;FLOAT16;FLOAT16;FLOAT16;FLOAT16;FLOAT16;FLOAT16;FLOAT16;FLOAT16;FLOAT16;FLOAT16;FLOAT16;FLOAT16;FLOAT16;FLOAT16;FLOAT16;FLOAT16;FLOAT16;FLOAT16;FLOAT16;FLOAT16,ND;ND;ND;ND;ND;ND;ND;ND;ND;ND;ND;ND;ND;ND;ND;ND;ND;ND;ND;ND;ND;ND;ND;ND;ND;ND;ND;ND;ND;ND;ND;ND;ND;ND;ND;ND;ND;ND;ND;ND;ND;ND;ND;ND;ND;ND;ND;ND;ND;ND;ND;ND;ND;ND;ND;ND;ND;ND;ND;ND;ND;ND;ND;ND,"""64,98448""",FLOAT16,ND,N/A,0.0,0,0.0,0.0,0.0,0.0,0.0,0.0,0.0,0.0,0.0,0.0,0.0,36.337,2398263,0.017,0.0,7.846,0.216,21.269,0.585,11.168,0.307,0.0,0.000
0,4294967295,360,47,aclnnMul_MulAiCore_Mul,Mul,dynamic,AI_VECTOR_CORE,1785697972937756.203	,335.647,0.009000,40,0,NO,"""4096,4096;4096,4096""",FLOAT;FLOAT,ND;ND,"""4096,4096""",FLOAT,ND,N/A,0.0,0,0.0,0.0,0.0,0.0,0.0,0.0,0.0,0.0,0.0,0.0,0.0,332.818,21966007,6.784,0.02,3.112,0.009,331.105,0.995,113.465,0.341,0.0,0.000
0,4294967295,361,47,Concat,Concat,dynamic,AI_VECTOR_CORE,1785697972938091.890	,40.341,0.103000,40,0,NO,"""64,16;64,32;64,64;64,128;64,256;64,512;64,1024;64,2048;64,4096;64,8192;64,16;64,32;64,64;64,128;64,256;64,512;64,1024;64,2048;64,4096;64,8192;64,16;64,32;64,64;64,128;64,256;64,512;64,1024;64,2048;64,4096;64,8192;64,16;64,32;64,64;64,128;64,256;64,512;64,1024;64,2048;64,4096;64,8192;64,16;64,32;64,64;64,128;64,256;64,512;64,1024;64,2048;64,4096;64,8192;64,16;64,32;64,64;64,128;64,256;64,512;64,1024;64,2048;64,4096;64,8192;64,16;64,32;64,64;64,128""",FLOAT16;FLOAT16;FLOAT16;FLOAT16;FLOAT16;FLOAT16;FLOAT16;FLOAT16;FLOAT16;FLOAT16;FLOAT16;FLOAT16;FLOAT16;FLOAT16;FLOAT16;FLOAT16;FLOAT16;FLOAT16;FLOAT16;FLOAT16;FLOAT16;FLOAT16;FLOAT16;FLOAT16;FLOAT16;FLOAT16;FLOAT16;FLOAT16;FLOAT16;FLOAT16;FLOAT16;FLOAT16;FLOAT16;FLOAT16;FLOAT16;FLOAT16;FLOAT16;FLOAT16;FLOAT16;FLOAT16;FLOAT16;FLOAT16;FLOAT16;FLOAT16;FLOAT16;FLOAT16;FLOAT16;FLOAT16;FLOAT16;FLOAT16;FLOAT16;FLOAT16;FLOAT16;FLOAT16;FLOAT16;FLOAT16;FLOAT16;FLOAT16;FLOAT16;FLOAT16;FLOAT16;FLOAT16;FLOAT16;FLOAT16,ND;ND;ND;ND;ND;ND;ND;ND;ND;ND;ND;ND;ND;ND;ND;ND;ND;ND;ND;ND;ND;ND;ND;ND;ND;ND;ND;ND;ND;ND;ND;ND;ND;ND;ND;ND;ND;ND;ND;ND;ND;ND;ND;ND;ND;ND;ND;ND;ND;ND;ND;ND;ND;ND;ND;ND;ND;ND;ND;ND;ND;ND;ND;ND,"""64,98448""",FLOAT16,ND,N/A,0.0,0,0.0,0.0,0.0,0.0,0.0,0.0,0.0,0.0,0.0,0.0,0.0,36.894,2434990,0.017,0.0,8.332,0.226,21.276,0.577,11.506,0.312,0.0,0.000
0,4294967295,362,47,aclnnMul_MulAiCore_Mul,Mul,dynamic,AI_VECTOR_CORE,1785697972938132.251	,334.226,0.000000,40,0,NO,"""4096,4096;4096,4096""",FLOAT;FLOAT,ND;ND,"""4096,4096""",FLOAT,ND,N/A,0.0,0,0.0,0.0,0.0,0.0,0.0,0.0,0.0,0.0,0.0,0.0,0.0,331.784,21897712,6.784,0.02,3.016,0.009,330.188,0.995,112.829,0.34,0.0,0.000
0,4294967295,363,47,Concat,Concat,dynamic,AI_VECTOR_CORE,1785697972938466.497	,41.361,0.024000,40,0,NO,"""64,16;64,32;64,64;64,128;64,256;64,512;64,1024;64,2048;64,4096;64,8192;64,16;64,32;64,64;64,128;64,256;64,512;64,1024;64,2048;64,4096;64,8192;64,16;64,32;64,64;64,128;64,256;64,512;64,1024;64,2048;64,4096;64,8192;64,16;64,32;64,64;64,128;64,256;64,512;64,1024;64,2048;64,4096;64,8192;64,16;64,32;64,64;64,128;64,256;64,512;64,1024;64,2048;64,4096;64,8192;64,16;64,32;64,64;64,128;64,256;64,512;64,1024;64,2048;64,4096;64,8192;64,16;64,32;64,64;64,128""",FLOAT16;FLOAT16;FLOAT16;FLOAT16;FLOAT16;FLOAT16;FLOAT16;FLOAT16;FLOAT16;FLOAT16;FLOAT16;FLOAT16;FLOAT16;FLOAT16;FLOAT16;FLOAT16;FLOAT16;FLOAT16;FLOAT16;FLOAT16;FLOAT16;FLOAT16;FLOAT16;FLOAT16;FLOAT16;FLOAT16;FLOAT16;FLOAT16;FLOAT16;FLOAT16;FLOAT16;FLOAT16;FLOAT16;FLOAT16;FLOAT16;FLOAT16;FLOAT16;FLOAT16;FLOAT16;FLOAT16;FLOAT16;FLOAT16;FLOAT16;FLOAT16;FLOAT16;FLOAT16;FLOAT16;FLOAT16;FLOAT16;FLOAT16;FLOAT16;FLOAT16;FLOAT16;FLOAT16;FLOAT16;FLOAT16;FLOAT16;FLOAT16;FLOAT16;FLOAT16;FLOAT16;FLOAT16;FLOAT16;FLOAT16,ND;ND;ND;ND;ND;ND;ND;ND;ND;ND;ND;ND;ND;ND;ND;ND;ND;ND;ND;ND;ND;ND;ND;ND;ND;ND;ND;ND;ND;ND;ND;ND;ND;ND;ND;ND;ND;ND;ND;ND;ND;ND;ND;ND;ND;ND;ND;ND;ND;ND;ND;ND;ND;ND;ND;ND;ND;ND;ND;ND;ND;ND;ND;ND,"""64,98448""",FLOAT16,ND,N/A,0.0,0,0.0,0.0,0.0,0.0,0.0,0.0,0.0,0.0,0.0,0.0,0.0,38.363,2531965,0.017,0.0,9.374,0.244,21.907,0.571,11.623,0.303,0.0,0.000
0,4294967295,364,47,aclnnMul_MulAiCore_Mul,Mul,dynamic,AI_VECTOR_CORE,1785697972938507.878	,333.507,0.139000,40,0,NO,"""4096,4096;4096,4096""",FLOAT;FLOAT,ND;ND,"""4096,4096""",FLOAT,ND,N/A,0.0,0,0.0,0.0,0.0,0.0,0.0,0.0,0.0,0.0,0.0,0.0,0.0,331.474,21877315,6.784,0.02,3.12,0.009,329.806,0.995,112.907,0.341,0.0,0.000
0,4294967295,365,47,Concat,Concat,dynamic,AI_VECTOR_CORE,1785697972938841.405	,39.421,0.000000,40,0,NO,"""64,16;64,32;64,64;64,128;64,256;64,512;64,1024;64,2048;64,4096;64,8192;64,16;64,32;64,64;64,128;64,256;64,512;64,1024;64,2048;64,4096;64,8192;64,16;64,32;64,64;64,128;64,256;64,512;64,1024;64,2048;64,4096;64,8192;64,16;64,32;64,64;64,128;64,256;64,512;64,1024;64,2048;64,4096;64,8192;64,16;64,32;64,64;64,128;64,256;64,512;64,1024;64,2048;64,4096;64,8192;64,16;64,32;64,64;64,128;64,256;64,512;64,1024;64,2048;64,4096;64,8192;64,16;64,32;64,64;64,128""",FLOAT16;FLOAT16;FLOAT16;FLOAT16;FLOAT16;FLOAT16;FLOAT16;FLOAT16;FLOAT16;FLOAT16;FLOAT16;FLOAT16;FLOAT16;FLOAT16;FLOAT16;FLOAT16;FLOAT16;FLOAT16;FLOAT16;FLOAT16;FLOAT16;FLOAT16;FLOAT16;FLOAT16;FLOAT16;FLOAT16;FLOAT16;FLOAT16;FLOAT16;FLOAT16;FLOAT16;FLOAT16;FLOAT16;FLOAT16;FLOAT16;FLOAT16;FLOAT16;FLOAT16;FLOAT16;FLOAT16;FLOAT16;FLOAT16;FLOAT16;FLOAT16;FLOAT16;FLOAT16;FLOAT16;FLOAT16;FLOAT16;FLOAT16;FLOAT16;FLOAT16;FLOAT16;FLOAT16;FLOAT16;FLOAT16;FLOAT16;FLOAT16;FLOAT16;FLOAT16;FLOAT16;FLOAT16;FLOAT16;FLOAT16,ND;ND;ND;ND;ND;ND;ND;ND;ND;ND;ND;ND;ND;ND;ND;ND;ND;ND;ND;ND;ND;ND;ND;ND;ND;ND;ND;ND;ND;ND;ND;ND;ND;ND;ND;ND;ND;ND;ND;ND;ND;ND;ND;ND;ND;ND;ND;ND;ND;ND;ND;ND;ND;ND;ND;ND;ND;ND;ND;ND;ND;ND;ND;ND,"""64,98448""",FLOAT16,ND,N/A,0.0,0,0.0,0.0,0.0,0.0,0.0,0.0,0.0,0.0,0.0,0.0,0.0,35.515,2344018,0.017,0.0,7.524,0.212,20.407,0.575,11.277,0.318,0.0,0.000
0,4294967295,366,47,aclnnMul_MulAiCore_Mul,Mul,dynamic,AI_VECTOR_CORE,1785697972938880.846	,333.006,0.000000,40,0,NO,"""4096,4096;4096,4096""",FLOAT;FLOAT,ND;ND,"""4096,4096""",FLOAT,ND,N/A,0.0,0,0.0,0.0,0.0,0.0,0.0,0.0,0.0,0.0,0.0,0.0,0.0,330.806,21833190,6.784,0.021,3.068,0.009,329.221,0.995,112.149,0.339,0.0,0.000
0,4294967295,367,47,Concat,Concat,dynamic,AI_VECTOR_CORE,1785697972939213.872	,40.161,0.000000,40,0,NO,"""64,16;64,32;64,64;64,128;64,256;64,512;64,1024;64,2048;64,4096;64,8192;64,16;64,32;64,64;64,128;64,256;64,512;64,1024;64,2048;64,4096;64,8192;64,16;64,32;64,64;64,128;64,256;64,512;64,1024;64,2048;64,4096;64,8192;64,16;64,32;64,64;64,128;64,256;64,512;64,1024;64,2048;64,4096;64,8192;64,16;64,32;64,64;64,128;64,256;64,512;64,1024;64,2048;64,4096;64,8192;64,16;64,32;64,64;64,128;64,256;64,512;64,1024;64,2048;64,4096;64,8192;64,16;64,32;64,64;64,128""",FLOAT16;FLOAT16;FLOAT16;FLOAT16;FLOAT16;FLOAT16;FLOAT16;FLOAT16;FLOAT16;FLOAT16;FLOAT16;FLOAT16;FLOAT16;FLOAT16;FLOAT16;FLOAT16;FLOAT16;FLOAT16;FLOAT16;FLOAT16;FLOAT16;FLOAT16;FLOAT16;FLOAT16;FLOAT16;FLOAT16;FLOAT16;FLOAT16;FLOAT16;FLOAT16;FLOAT16;FLOAT16;FLOAT16;FLOAT16;FLOAT16;FLOAT16;FLOAT16;FLOAT16;FLOAT16;FLOAT16;FLOAT16;FLOAT16;FLOAT16;FLOAT16;FLOAT16;FLOAT16;FLOAT16;FLOAT16;FLOAT16;FLOAT16;FLOAT16;FLOAT16;FLOAT16;FLOAT16;FLOAT16;FLOAT16;FLOAT16;FLOAT16;FLOAT16;FLOAT16;FLOAT16;FLOAT16;FLOAT16;FLOAT16,ND;ND;ND;ND;ND;ND;ND;ND;ND;ND;ND;ND;ND;ND;ND;ND;ND;ND;ND;ND;ND;ND;ND;ND;ND;ND;ND;ND;ND;ND;ND;ND;ND;ND;ND;ND;ND;ND;ND;ND;ND;ND;ND;ND;ND;ND;ND;ND;ND;ND;ND;ND;ND;ND;ND;ND;ND;ND;ND;ND;ND;ND;ND;ND,"""64,98448""",FLOAT16,ND,N/A,0.0,0,0.0,0.0,0.0,0.0,0.0,0.0,0.0,0.0,0.0,0.0,0.0,36.312,2396567,0.017,0.0,8.348,0.23,20.912,0.576,11.571,0.319,0.0,0.000
0,4294967295,368,47,aclnnMul_MulAiCore_Mul,Mul,dynamic,AI_VECTOR_CORE,1785697972939254.073	,333.687,0.089000,40,0,NO,"""4096,4096;4096,4096""",FLOAT;FLOAT,ND;ND,"""4096,4096""",FLOAT,ND,N/A,0.0,0,0.0,0.0,0.0,0.0,0.0,0.0,0.0,0.0,0.0,0.0,0.0,331.415,21873394,6.784,0.02,2.927,0.009,329.934,0.996,112.234,0.339,0.0,0.000
0,4294967295,369,47,Concat,Concat,dynamic,AI_VECTOR_CORE,1785697972939587.780	,40.380,0.063000,40,0,NO,"""64,16;64,32;64,64;64,128;64,256;64,512;64,1024;64,2048;64,4096;64,8192;64,16;64,32;64,64;64,128;64,256;64,512;64,1024;64,2048;64,4096;64,8192;64,16;64,32;64,64;64,128;64,256;64,512;64,1024;64,2048;64,4096;64,8192;64,16;64,32;64,64;64,128;64,256;64,512;64,1024;64,2048;64,4096;64,8192;64,16;64,32;64,64;64,128;64,256;64,512;64,1024;64,2048;64,4096;64,8192;64,16;64,32;64,64;64,128;64,256;64,512;64,1024;64,2048;64,4096;64,8192;64,16;64,32;64,64;64,128""",FLOAT16;FLOAT16;FLOAT16;FLOAT16;FLOAT16;FLOAT16;FLOAT16;FLOAT16;FLOAT16;FLOAT16;FLOAT16;FLOAT16;FLOAT16;FLOAT16;FLOAT16;FLOAT16;FLOAT16;FLOAT16;FLOAT16;FLOAT16;FLOAT16;FLOAT16;FLOAT16;FLOAT16;FLOAT16;FLOAT16;FLOAT16;FLOAT16;FLOAT16;FLOAT16;FLOAT16;FLOAT16;FLOAT16;FLOAT16;FLOAT16;FLOAT16;FLOAT16;FLOAT16;FLOAT16;FLOAT16;FLOAT16;FLOAT16;FLOAT16;FLOAT16;FLOAT16;FLOAT16;FLOAT16;FLOAT16;FLOAT16;FLOAT16;FLOAT16;FLOAT16;FLOAT16;FLOAT16;FLOAT16;FLOAT16;FLOAT16;FLOAT16;FLOAT16;FLOAT16;FLOAT16;FLOAT16;FLOAT16;FLOAT16,ND;ND;ND;ND;ND;ND;ND;ND;ND;ND;ND;ND;ND;ND;ND;ND;ND;ND;ND;ND;ND;ND;ND;ND;ND;ND;ND;ND;ND;ND;ND;ND;ND;ND;ND;ND;ND;ND;ND;ND;ND;ND;ND;ND;ND;ND;ND;ND;ND;ND;ND;ND;ND;ND;ND;ND;ND;ND;ND;ND;ND;ND;ND;ND,"""64,98448""",FLOAT16,ND,N/A,0.0,0,0.0,0.0,0.0,0.0,0.0,0.0,0.0,0.0,0.0,0.0,0.0,36.802,2428923,0.017,0.0,7.079,0.192,21.6,0.587,11.334,0.308,0.0,0.000
0,4294967295,370,47,aclnnMul_MulAiCore_Mul,Mul,dynamic,AI_VECTOR_CORE,1785697972939628.180	,333.027,0.120000,40,0,NO,"""4096,4096;4096,4096""",FLOAT;FLOAT,ND;ND,"""4096,4096""",FLOAT,ND,N/A,0.0,0,0.0,0.0,0.0,0.0,0.0,0.0,0.0,0.0,0.0,0.0,0.0,331.068,21850468,6.784,0.02,3.052,0.009,329.504,0.995,111.415,0.337,0.0,0.000
0,4294967295,371,47,Concat,Concat,dynamic,AI_VECTOR_CORE,1785697972939961.227	,40.761,0.000000,40,0,NO,"""64,16;64,32;64,64;64,128;64,256;64,512;64,1024;64,2048;64,4096;64,8192;64,16;64,32;64,64;64,128;64,256;64,512;64,1024;64,2048;64,4096;64,8192;64,16;64,32;64,64;64,128;64,256;64,512;64,1024;64,2048;64,4096;64,8192;64,16;64,32;64,64;64,128;64,256;64,512;64,1024;64,2048;64,4096;64,8192;64,16;64,32;64,64;64,128;64,256;64,512;64,1024;64,2048;64,4096;64,8192;64,16;64,32;64,64;64,128;64,256;64,512;64,1024;64,2048;64,4096;64,8192;64,16;64,32;64,64;64,128""",FLOAT16;FLOAT16;FLOAT16;FLOAT16;FLOAT16;FLOAT16;FLOAT16;FLOAT16;FLOAT16;FLOAT16;FLOAT16;FLOAT16;FLOAT16;FLOAT16;FLOAT16;FLOAT16;FLOAT16;FLOAT16;FLOAT16;FLOAT16;FLOAT16;FLOAT16;FLOAT16;FLOAT16;FLOAT16;FLOAT16;FLOAT16;FLOAT16;FLOAT16;FLOAT16;FLOAT16;FLOAT16;FLOAT16;FLOAT16;FLOAT16;FLOAT16;FLOAT16;FLOAT16;FLOAT16;FLOAT16;FLOAT16;FLOAT16;FLOAT16;FLOAT16;FLOAT16;FLOAT16;FLOAT16;FLOAT16;FLOAT16;FLOAT16;FLOAT16;FLOAT16;FLOAT16;FLOAT16;FLOAT16;FLOAT16;FLOAT16;FLOAT16;FLOAT16;FLOAT16;FLOAT16;FLOAT16;FLOAT16;FLOAT16,ND;ND;ND;ND;ND;ND;ND;ND;ND;ND;ND;ND;ND;ND;ND;ND;ND;ND;ND;ND;ND;ND;ND;ND;ND;ND;ND;ND;ND;ND;ND;ND;ND;ND;ND;ND;ND;ND;ND;ND;ND;ND;ND;ND;ND;ND;ND;ND;ND;ND;ND;ND;ND;ND;ND;ND;ND;ND;ND;ND;ND;ND;ND;ND,"""64,98448""",FLOAT16,ND,N/A,0.0,0,0.0,0.0,0.0,0.0,0.0,0.0,0.0,0.0,0.0,0.0,0.0,37.332,2463900,0.017,0.0,6.398,0.171,21.711,0.582,11.951,0.32,0.0,0.000
0,4294967295,372,47,aclnnMul_MulAiCore_Mul,Mul,dynamic,AI_VECTOR_CORE,1785697972940002.028	,333.027,0.000000,40,0,NO,"""4096,4096;4096,4096""",FLOAT;FLOAT,ND;ND,"""4096,4096""",FLOAT,ND,N/A,0.0,0,0.0,0.0,0.0,0.0,0.0,0.0,0.0,0.0,0.0,0.0,0.0,331.169,21857128,6.784,0.02,2.918,0.009,329.72,0.996,110.907,0.335,0.0,0.000
0,4294967295,373,47,Concat,Concat,dynamic,AI_VECTOR_CORE,1785697972940335.095	,40.020,0.000000,40,0,NO,"""64,16;64,32;64,64;64,128;64,256;64,512;64,1024;64,2048;64,4096;64,8192;64,16;64,32;64,64;64,128;64,256;64,512;64,1024;64,2048;64,4096;64,8192;64,16;64,32;64,64;64,128;64,256;64,512;64,1024;64,2048;64,4096;64,8192;64,16;64,32;64,64;64,128;64,256;64,512;64,1024;64,2048;64,4096;64,8192;64,16;64,32;64,64;64,128;64,256;64,512;64,1024;64,2048;64,4096;64,8192;64,16;64,32;64,64;64,128;64,256;64,512;64,1024;64,2048;64,4096;64,8192;64,16;64,32;64,64;64,128""",FLOAT16;FLOAT16;FLOAT16;FLOAT16;FLOAT16;FLOAT16;FLOAT16;FLOAT16;FLOAT16;FLOAT16;FLOAT16;FLOAT16;FLOAT16;FLOAT16;FLOAT16;FLOAT16;FLOAT16;FLOAT16;FLOAT16;FLOAT16;FLOAT16;FLOAT16;FLOAT16;FLOAT16;FLOAT16;FLOAT16;FLOAT16;FLOAT16;FLOAT16;FLOAT16;FLOAT16;FLOAT16;FLOAT16;FLOAT16;FLOAT16;FLOAT16;FLOAT16;FLOAT16;FLOAT16;FLOAT16;FLOAT16;FLOAT16;FLOAT16;FLOAT16;FLOAT16;FLOAT16;FLOAT16;FLOAT16;FLOAT16;FLOAT16;FLOAT16;FLOAT16;FLOAT16;FLOAT16;FLOAT16;FLOAT16;FLOAT16;FLOAT16;FLOAT16;FLOAT16;FLOAT16;FLOAT16;FLOAT16;FLOAT16,ND;ND;ND;ND;ND;ND;ND;ND;ND;ND;ND;ND;ND;ND;ND;ND;ND;ND;ND;ND;ND;ND;ND;ND;ND;ND;ND;ND;ND;ND;ND;ND;ND;ND;ND;ND;ND;ND;ND;ND;ND;ND;ND;ND;ND;ND;ND;ND;ND;ND;ND;ND;ND;ND;ND;ND;ND;ND;ND;ND;ND;ND;ND;ND,"""64,98448""",FLOAT16,ND,N/A,0.0,0,0.0,0.0,0.0,0.0,0.0,0.0,0.0,0.0,0.0,0.0,0.0,36.097,2382423,0.017,0.0,7.058,0.196,21.42,0.593,10.997,0.305,0.0,0.000
0,4294967295,374,47,aclnnMul_MulAiCore_Mul,Mul,dynamic,AI_VECTOR_CORE,1785697972940375.135	,333.247,0.230000,40,0,NO,"""4096,4096;4096,4096""",FLOAT;FLOAT,ND;ND,"""4096,4096""",FLOAT,ND,N/A,0.0,0,0.0,0.0,0.0,0.0,0.0,0.0,0.0,0.0,0.0,0.0,0.0,330.702,21826344,6.784,0.021,3.039,0.009,329.13,0.995,111.773,0.338,0.0,0.000
0,4294967295,375,47,Concat,Concat,dynamic,AI_VECTOR_CORE,1785697972940708.402	,40.621,0.003000,40,0,NO,"""64,16;64,32;64,64;64,128;64,256;64,512;64,1024;64,2048;64,4096;64,8192;64,16;64,32;64,64;64,128;64,256;64,512;64,1024;64,2048;64,4096;64,8192;64,16;64,32;64,64;64,128;64,256;64,512;64,1024;64,2048;64,4096;64,8192;64,16;64,32;64,64;64,128;64,256;64,512;64,1024;64,2048;64,4096;64,8192;64,16;64,32;64,64;64,128;64,256;64,512;64,1024;64,2048;64,4096;64,8192;64,16;64,32;64,64;64,128;64,256;64,512;64,1024;64,2048;64,4096;64,8192;64,16;64,32;64,64;64,128""",FLOAT16;FLOAT16;FLOAT16;FLOAT16;FLOAT16;FLOAT16;FLOAT16;FLOAT16;FLOAT16;FLOAT16;FLOAT16;FLOAT16;FLOAT16;FLOAT16;FLOAT16;FLOAT16;FLOAT16;FLOAT16;FLOAT16;FLOAT16;FLOAT16;FLOAT16;FLOAT16;FLOAT16;FLOAT16;FLOAT16;FLOAT16;FLOAT16;FLOAT16;FLOAT16;FLOAT16;FLOAT16;FLOAT16;FLOAT16;FLOAT16;FLOAT16;FLOAT16;FLOAT16;FLOAT16;FLOAT16;FLOAT16;FLOAT16;FLOAT16;FLOAT16;FLOAT16;FLOAT16;FLOAT16;FLOAT16;FLOAT16;FLOAT16;FLOAT16;FLOAT16;FLOAT16;FLOAT16;FLOAT16;FLOAT16;FLOAT16;FLOAT16;FLOAT16;FLOAT16;FLOAT16;FLOAT16;FLOAT16;FLOAT16,ND;ND;ND;ND;ND;ND;ND;ND;ND;ND;ND;ND;ND;ND;ND;ND;ND;ND;ND;ND;ND;ND;ND;ND;ND;ND;ND;ND;ND;ND;ND;ND;ND;ND;ND;ND;ND;ND;ND;ND;ND;ND;ND;ND;ND;ND;ND;ND;ND;ND;ND;ND;ND;ND;ND;ND;ND;ND;ND;ND;ND;ND;ND;ND,"""64,98448""",FLOAT16,ND,N/A,0.0,0,0.0,0.0,0.0,0.0,0.0,0.0,0.0,0.0,0.0,0.0,0.0,37.174,2453476,0.017,0.0,7.573,0.204,21.664,0.583,11.65,0.313,0.0,0.000
0,4294967295,376,47,aclnnMul_MulAiCore_Mul,Mul,dynamic,AI_VECTOR_CORE,1785697972940749.043	,333.626,0.000000,40,0,NO,"""4096,4096;4096,4096""",FLOAT;FLOAT,ND;ND,"""4096,4096""",FLOAT,ND,N/A,0.0,0,0.0,0.0,0.0,0.0,0.0,0.0,0.0,0.0,0.0,0.0,0.0,330.938,21841901,6.784,0.021,3.041,0.009,329.293,0.995,112.205,0.339,0.0,0.000
0,4294967295,377,47,Concat,Concat,dynamic,AI_VECTOR_CORE,1785697972941082.709	,40.841,0.124000,40,0,NO,"""64,16;64,32;64,64;64,128;64,256;64,512;64,1024;64,2048;64,4096;64,8192;64,16;64,32;64,64;64,128;64,256;64,512;64,1024;64,2048;64,4096;64,8192;64,16;64,32;64,64;64,128;64,256;64,512;64,1024;64,2048;64,4096;64,8192;64,16;64,32;64,64;64,128;64,256;64,512;64,1024;64,2048;64,4096;64,8192;64,16;64,32;64,64;64,128;64,256;64,512;64,1024;64,2048;64,4096;64,8192;64,16;64,32;64,64;64,128;64,256;64,512;64,1024;64,2048;64,4096;64,8192;64,16;64,32;64,64;64,128""",FLOAT16;FLOAT16;FLOAT16;FLOAT16;FLOAT16;FLOAT16;FLOAT16;FLOAT16;FLOAT16;FLOAT16;FLOAT16;FLOAT16;FLOAT16;FLOAT16;FLOAT16;FLOAT16;FLOAT16;FLOAT16;FLOAT16;FLOAT16;FLOAT16;FLOAT16;FLOAT16;FLOAT16;FLOAT16;FLOAT16;FLOAT16;FLOAT16;FLOAT16;FLOAT16;FLOAT16;FLOAT16;FLOAT16;FLOAT16;FLOAT16;FLOAT16;FLOAT16;FLOAT16;FLOAT16;FLOAT16;FLOAT16;FLOAT16;FLOAT16;FLOAT16;FLOAT16;FLOAT16;FLOAT16;FLOAT16;FLOAT16;FLOAT16;FLOAT16;FLOAT16;FLOAT16;FLOAT16;FLOAT16;FLOAT16;FLOAT16;FLOAT16;FLOAT16;FLOAT16;FLOAT16;FLOAT16;FLOAT16;FLOAT16,ND;ND;ND;ND;ND;ND;ND;ND;ND;ND;ND;ND;ND;ND;ND;ND;ND;ND;ND;ND;ND;ND;ND;ND;ND;ND;ND;ND;ND;ND;ND;ND;ND;ND;ND;ND;ND;ND;ND;ND;ND;ND;ND;ND;ND;ND;ND;ND;ND;ND;ND;ND;ND;ND;ND;ND;ND;ND;ND;ND;ND;ND;ND;ND,"""64,98448""",FLOAT16,ND,N/A,0.0,0,0.0,0.0,0.0,0.0,0.0,0.0,0.0,0.0,0.0,0.0,0.0,36.842,2431548,0.017,0.0,8.351,0.227,21.578,0.586,11.309,0.307,0.0,0.000
0,4294967295,378,47,aclnnMul_MulAiCore_Mul,Mul,dynamic,AI_VECTOR_CORE,1785697972941123.570	,333.267,0.000000,40,0,NO,"""4096,4096;4096,4096""",FLOAT;FLOAT,ND;ND,"""4096,4096""",FLOAT,ND,N/A,0.0,0,0.0,0.0,0.0,0.0,0.0,0.0,0.0,0.0,0.0,0.0,0.0,330.987,21845132,6.784,0.02,3.163,0.01,329.273,0.995,112.017,0.338,0.0,0.000
0,4294967295,379,47,Concat,Concat,dynamic,AI_VECTOR_CORE,1785697972941456.857	,41.581,0.000000,40,0,NO,"""64,16;64,32;64,64;64,128;64,256;64,512;64,1024;64,2048;64,4096;64,8192;64,16;64,32;64,64;64,128;64,256;64,512;64,1024;64,2048;64,4096;64,8192;64,16;64,32;64,64;64,128;64,256;64,512;64,1024;64,2048;64,4096;64,8192;64,16;64,32;64,64;64,128;64,256;64,512;64,1024;64,2048;64,4096;64,8192;64,16;64,32;64,64;64,128;64,256;64,512;64,1024;64,2048;64,4096;64,8192;64,16;64,32;64,64;64,128;64,256;64,512;64,1024;64,2048;64,4096;64,8192;64,16;64,32;64,64;64,128""",FLOAT16;FLOAT16;FLOAT16;FLOAT16;FLOAT16;FLOAT16;FLOAT16;FLOAT16;FLOAT16;FLOAT16;FLOAT16;FLOAT16;FLOAT16;FLOAT16;FLOAT16;FLOAT16;FLOAT16;FLOAT16;FLOAT16;FLOAT16;FLOAT16;FLOAT16;FLOAT16;FLOAT16;FLOAT16;FLOAT16;FLOAT16;FLOAT16;FLOAT16;FLOAT16;FLOAT16;FLOAT16;FLOAT16;FLOAT16;FLOAT16;FLOAT16;FLOAT16;FLOAT16;FLOAT16;FLOAT16;FLOAT16;FLOAT16;FLOAT16;FLOAT16;FLOAT16;FLOAT16;FLOAT16;FLOAT16;FLOAT16;FLOAT16;FLOAT16;FLOAT16;FLOAT16;FLOAT16;FLOAT16;FLOAT16;FLOAT16;FLOAT16;FLOAT16;FLOAT16;FLOAT16;FLOAT16;FLOAT16;FLOAT16,ND;ND;ND;ND;ND;ND;ND;ND;ND;ND;ND;ND;ND;ND;ND;ND;ND;ND;ND;ND;ND;ND;ND;ND;ND;ND;ND;ND;ND;ND;ND;ND;ND;ND;ND;ND;ND;ND;ND;ND;ND;ND;ND;ND;ND;ND;ND;ND;ND;ND;ND;ND;ND;ND;ND;ND;ND;ND;ND;ND;ND;ND;ND;ND,"""64,98448""",FLOAT16,ND,N/A,0.0,0,0.0,0.0,0.0,0.0,0.0,0.0,0.0,0.0,0.0,0.0,0.0,38.311,2528511,0.017,0.0,8.41,0.22,22.131,0.578,11.524,0.301,0.0,0.000
0,4294967295,380,47,aclnnMul_MulAiCore_Mul,Mul,dynamic,AI_VECTOR_CORE,1785697972941498.478	,332.926,0.169000,40,0,NO,"""4096,4096;4096,4096""",FLOAT;FLOAT,ND;ND,"""4096,4096""",FLOAT,ND,N/A,0.0,0,0.0,0.0,0.0,0.0,0.0,0.0,0.0,0.0,0.0,0.0,0.0,330.838,21835290,6.784,0.021,3.015,0.009,329.309,0.995,111.94,0.338,0.0,0.000
0,4294967295,381,47,Concat,Concat,dynamic,AI_VECTOR_CORE,1785697972941831.424	,40.101,0.074000,40,0,NO,"""64,16;64,32;64,64;64,128;64,256;64,512;64,1024;64,2048;64,4096;64,8192;64,16;64,32;64,64;64,128;64,256;64,512;64,1024;64,2048;64,4096;64,8192;64,16;64,32;64,64;64,128;64,256;64,512;64,1024;64,2048;64,4096;64,8192;64,16;64,32;64,64;64,128;64,256;64,512;64,1024;64,2048;64,4096;64,8192;64,16;64,32;64,64;64,128;64,256;64,512;64,1024;64,2048;64,4096;64,8192;64,16;64,32;64,64;64,128;64,256;64,512;64,1024;64,2048;64,4096;64,8192;64,16;64,32;64,64;64,128""",FLOAT16;FLOAT16;FLOAT16;FLOAT16;FLOAT16;FLOAT16;FLOAT16;FLOAT16;FLOAT16;FLOAT16;FLOAT16;FLOAT16;FLOAT16;FLOAT16;FLOAT16;FLOAT16;FLOAT16;FLOAT16;FLOAT16;FLOAT16;FLOAT16;FLOAT16;FLOAT16;FLOAT16;FLOAT16;FLOAT16;FLOAT16;FLOAT16;FLOAT16;FLOAT16;FLOAT16;FLOAT16;FLOAT16;FLOAT16;FLOAT16;FLOAT16;FLOAT16;FLOAT16;FLOAT16;FLOAT16;FLOAT16;FLOAT16;FLOAT16;FLOAT16;FLOAT16;FLOAT16;FLOAT16;FLOAT16;FLOAT16;FLOAT16;FLOAT16;FLOAT16;FLOAT16;FLOAT16;FLOAT16;FLOAT16;FLOAT16;FLOAT16;FLOAT16;FLOAT16;FLOAT16;FLOAT16;FLOAT16;FLOAT16,ND;ND;ND;ND;ND;ND;ND;ND;ND;ND;ND;ND;ND;ND;ND;ND;ND;ND;ND;ND;ND;ND;ND;ND;ND;ND;ND;ND;ND;ND;ND;ND;ND;ND;ND;ND;ND;ND;ND;ND;ND;ND;ND;ND;ND;ND;ND;ND;ND;ND;ND;ND;ND;ND;ND;ND;ND;ND;ND;ND;ND;ND;ND;ND,"""64,98448""",FLOAT16,ND,N/A,0.0,0,0.0,0.0,0.0,0.0,0.0,0.0,0.0,0.0,0.0,0.0,0.0,35.54,2345666,0.017,0.0,7.646,0.215,20.433,0.575,11.231,0.316,0.0,0.000
0,4294967295,382,47,aclnnMul_MulAiCore_Mul,Mul,dynamic,AI_VECTOR_CORE,1785697972941871.545	,332.847,0.000000,40,0,NO,"""4096,4096;4096,4096""",FLOAT;FLOAT,ND;ND,"""4096,4096""",FLOAT,ND,N/A,0.0,0,0.0,0.0,0.0,0.0,0.0,0.0,0.0,0.0,0.0,0.0,0.0,330.895,21839100,6.784,0.021,3.094,0.009,329.249,0.995,111.684,0.338,0.0,0.000
0,4294967295,383,47,Concat,Concat,dynamic,AI_VECTOR_CORE,1785697972942204.412	,39.361,0.153000,40,0,NO,"""64,16;64,32;64,64;64,128;64,256;64,512;64,1024;64,2048;64,4096;64,8192;64,16;64,32;64,64;64,128;64,256;64,512;64,1024;64,2048;64,4096;64,8192;64,16;64,32;64,64;64,128;64,256;64,512;64,1024;64,2048;64,4096;64,8192;64,16;64,32;64,64;64,128;64,256;64,512;64,1024;64,2048;64,4096;64,8192;64,16;64,32;64,64;64,128;64,256;64,512;64,1024;64,2048;64,4096;64,8192;64,16;64,32;64,64;64,128;64,256;64,512;64,1024;64,2048;64,4096;64,8192;64,16;64,32;64,64;64,128""",FLOAT16;FLOAT16;FLOAT16;FLOAT16;FLOAT16;FLOAT16;FLOAT16;FLOAT16;FLOAT16;FLOAT16;FLOAT16;FLOAT16;FLOAT16;FLOAT16;FLOAT16;FLOAT16;FLOAT16;FLOAT16;FLOAT16;FLOAT16;FLOAT16;FLOAT16;FLOAT16;FLOAT16;FLOAT16;FLOAT16;FLOAT16;FLOAT16;FLOAT16;FLOAT16;FLOAT16;FLOAT16;FLOAT16;FLOAT16;FLOAT16;FLOAT16;FLOAT16;FLOAT16;FLOAT16;FLOAT16;FLOAT16;FLOAT16;FLOAT16;FLOAT16;FLOAT16;FLOAT16;FLOAT16;FLOAT16;FLOAT16;FLOAT16;FLOAT16;FLOAT16;FLOAT16;FLOAT16;FLOAT16;FLOAT16;FLOAT16;FLOAT16;FLOAT16;FLOAT16;FLOAT16;FLOAT16;FLOAT16;FLOAT16,ND;ND;ND;ND;ND;ND;ND;ND;ND;ND;ND;ND;ND;ND;ND;ND;ND;ND;ND;ND;ND;ND;ND;ND;ND;ND;ND;ND;ND;ND;ND;ND;ND;ND;ND;ND;ND;ND;ND;ND;ND;ND;ND;ND;ND;ND;ND;ND;ND;ND;ND;ND;ND;ND;ND;ND;ND;ND;ND;ND;ND;ND;ND;ND,"""64,98448""",FLOAT16,ND,N/A,0.0,0,0.0,0.0,0.0,0.0,0.0,0.0,0.0,0.0,0.0,0.0,0.0,35.773,2361005,0.017,0.0,7.909,0.221,20.73,0.579,11.396,0.319,0.0,0.000
0,4294967295,384,47,aclnnMul_MulAiCore_Mul,Mul,dynamic,AI_VECTOR_CORE,1785697972942243.813	,333.906,0.000000,40,0,NO,"""4096,4096;4096,4096""",FLOAT;FLOAT,ND;ND,"""4096,4096""",FLOAT,ND,N/A,0.0,0,0.0,0.0,0.0,0.0,0.0,0.0,0.0,0.0,0.0,0.0,0.0,331.656,21889274,6.784,0.02,3.05,0.009,330.007,0.995,111.661,0.337,0.0,0.000
0,4294967295,385,47,Concat,Concat,dynamic,AI_VECTOR_CORE,1785697972942577.739	,41.621,0.094000,40,0,NO,"""64,16;64,32;64,64;64,128;64,256;64,512;64,1024;64,2048;64,4096;64,8192;64,16;64,32;64,64;64,128;64,256;64,512;64,1024;64,2048;64,4096;64,8192;64,16;64,32;64,64;64,128;64,256;64,512;64,1024;64,2048;64,4096;64,8192;64,16;64,32;64,64;64,128;64,256;64,512;64,1024;64,2048;64,4096;64,8192;64,16;64,32;64,64;64,128;64,256;64,512;64,1024;64,2048;64,4096;64,8192;64,16;64,32;64,64;64,128;64,256;64,512;64,1024;64,2048;64,4096;64,8192;64,16;64,32;64,64;64,128""",FLOAT16;FLOAT16;FLOAT16;FLOAT16;FLOAT16;FLOAT16;FLOAT16;FLOAT16;FLOAT16;FLOAT16;FLOAT16;FLOAT16;FLOAT16;FLOAT16;FLOAT16;FLOAT16;FLOAT16;FLOAT16;FLOAT16;FLOAT16;FLOAT16;FLOAT16;FLOAT16;FLOAT16;FLOAT16;FLOAT16;FLOAT16;FLOAT16;FLOAT16;FLOAT16;FLOAT16;FLOAT16;FLOAT16;FLOAT16;FLOAT16;FLOAT16;FLOAT16;FLOAT16;FLOAT16;FLOAT16;FLOAT16;FLOAT16;FLOAT16;FLOAT16;FLOAT16;FLOAT16;FLOAT16;FLOAT16;FLOAT16;FLOAT16;FLOAT16;FLOAT16;FLOAT16;FLOAT16;FLOAT16;FLOAT16;FLOAT16;FLOAT16;FLOAT16;FLOAT16;FLOAT16;FLOAT16;FLOAT16;FLOAT16,ND;ND;ND;ND;ND;ND;ND;ND;ND;ND;ND;ND;ND;ND;ND;ND;ND;ND;ND;ND;ND;ND;ND;ND;ND;ND;ND;ND;ND;ND;ND;ND;ND;ND;ND;ND;ND;ND;ND;ND;ND;ND;ND;ND;ND;ND;ND;ND;ND;ND;ND;ND;ND;ND;ND;ND;ND;ND;ND;ND;ND;ND;ND;ND,"""64,98448""",FLOAT16,ND,N/A,0.0,0,0.0,0.0,0.0,0.0,0.0,0.0,0.0,0.0,0.0,0.0,0.0,37.789,2494099,0.017,0.0,6.764,0.179,22.074,0.584,11.897,0.315,0.0,0.000
0,4294967295,386,47,aclnnMul_MulAiCore_Mul,Mul,dynamic,AI_VECTOR_CORE,1785697972942619.380	,333.027,0.129000,40,0,NO,"""4096,4096;4096,4096""",FLOAT;FLOAT,ND;ND,"""4096,4096""",FLOAT,ND,N/A,0.0,0,0.0,0.0,0.0,0.0,0.0,0.0,0.0,0.0,0.0,0.0,0.0,330.622,21821062,6.784,0.021,3.111,0.009,328.977,0.995,112.252,0.34,0.0,0.000
0,4294967295,387,47,Concat,Concat,dynamic,AI_VECTOR_CORE,1785697972942952.427	,41.361,0.000000,40,0,NO,"""64,16;64,32;64,64;64,128;64,256;64,512;64,1024;64,2048;64,4096;64,8192;64,16;64,32;64,64;64,128;64,256;64,512;64,1024;64,2048;64,4096;64,8192;64,16;64,32;64,64;64,128;64,256;64,512;64,1024;64,2048;64,4096;64,8192;64,16;64,32;64,64;64,128;64,256;64,512;64,1024;64,2048;64,4096;64,8192;64,16;64,32;64,64;64,128;64,256;64,512;64,1024;64,2048;64,4096;64,8192;64,16;64,32;64,64;64,128;64,256;64,512;64,1024;64,2048;64,4096;64,8192;64,16;64,32;64,64;64,128""",FLOAT16;FLOAT16;FLOAT16;FLOAT16;FLOAT16;FLOAT16;FLOAT16;FLOAT16;FLOAT16;FLOAT16;FLOAT16;FLOAT16;FLOAT16;FLOAT16;FLOAT16;FLOAT16;FLOAT16;FLOAT16;FLOAT16;FLOAT16;FLOAT16;FLOAT16;FLOAT16;FLOAT16;FLOAT16;FLOAT16;FLOAT16;FLOAT16;FLOAT16;FLOAT16;FLOAT16;FLOAT16;FLOAT16;FLOAT16;FLOAT16;FLOAT16;FLOAT16;FLOAT16;FLOAT16;FLOAT16;FLOAT16;FLOAT16;FLOAT16;FLOAT16;FLOAT16;FLOAT16;FLOAT16;FLOAT16;FLOAT16;FLOAT16;FLOAT16;FLOAT16;FLOAT16;FLOAT16;FLOAT16;FLOAT16;FLOAT16;FLOAT16;FLOAT16;FLOAT16;FLOAT16;FLOAT16;FLOAT16;FLOAT16,ND;ND;ND;ND;ND;ND;ND;ND;ND;ND;ND;ND;ND;ND;ND;ND;ND;ND;ND;ND;ND;ND;ND;ND;ND;ND;ND;ND;ND;ND;ND;ND;ND;ND;ND;ND;ND;ND;ND;ND;ND;ND;ND;ND;ND;ND;ND;ND;ND;ND;ND;ND;ND;ND;ND;ND;ND;ND;ND;ND;ND;ND;ND;ND,"""64,98448""",FLOAT16,ND,N/A,0.0,0,0.0,0.0,0.0,0.0,0.0,0.0,0.0,0.0,0.0,0.0,0.0,37.656,2485288,0.017,0.0,6.612,0.176,21.915,0.582,12.042,0.32,0.0,0.000
0,4294967295,388,47,aclnnMul_MulAiCore_Mul,Mul,dynamic,AI_VECTOR_CORE,1785697972942993.808	,333.746,0.000000,40,0,NO,"""4096,4096;4096,4096""",FLOAT;FLOAT,ND;ND,"""4096,4096""",FLOAT,ND,N/A,0.0,0,0.0,0.0,0.0,0.0,0.0,0.0,0.0,0.0,0.0,0.0,0.0,331.36,21869752,6.784,0.02,3.034,0.009,329.789,0.995,112.415,0.339,0.0,0.000
0,4294967295,389,47,Concat,Concat,dynamic,AI_VECTOR_CORE,1785697972943327.594	,39.941,0.004000,40,0,NO,"""64,16;64,32;64,64;64,128;64,256;64,512;64,1024;64,2048;64,4096;64,8192;64,16;64,32;64,64;64,128;64,256;64,512;64,1024;64,2048;64,4096;64,8192;64,16;64,32;64,64;64,128;64,256;64,512;64,1024;64,2048;64,4096;64,8192;64,16;64,32;64,64;64,128;64,256;64,512;64,1024;64,2048;64,4096;64,8192;64,16;64,32;64,64;64,128;64,256;64,512;64,1024;64,2048;64,4096;64,8192;64,16;64,32;64,64;64,128;64,256;64,512;64,1024;64,2048;64,4096;64,8192;64,16;64,32;64,64;64,128""",FLOAT16;FLOAT16;FLOAT16;FLOAT16;FLOAT16;FLOAT16;FLOAT16;FLOAT16;FLOAT16;FLOAT16;FLOAT16;FLOAT16;FLOAT16;FLOAT16;FLOAT16;FLOAT16;FLOAT16;FLOAT16;FLOAT16;FLOAT16;FLOAT16;FLOAT16;FLOAT16;FLOAT16;FLOAT16;FLOAT16;FLOAT16;FLOAT16;FLOAT16;FLOAT16;FLOAT16;FLOAT16;FLOAT16;FLOAT16;FLOAT16;FLOAT16;FLOAT16;FLOAT16;FLOAT16;FLOAT16;FLOAT16;FLOAT16;FLOAT16;FLOAT16;FLOAT16;FLOAT16;FLOAT16;FLOAT16;FLOAT16;FLOAT16;FLOAT16;FLOAT16;FLOAT16;FLOAT16;FLOAT16;FLOAT16;FLOAT16;FLOAT16;FLOAT16;FLOAT16;FLOAT16;FLOAT16;FLOAT16;FLOAT16,ND;ND;ND;ND;ND;ND;ND;ND;ND;ND;ND;ND;ND;ND;ND;ND;ND;ND;ND;ND;ND;ND;ND;ND;ND;ND;ND;ND;ND;ND;ND;ND;ND;ND;ND;ND;ND;ND;ND;ND;ND;ND;ND;ND;ND;ND;ND;ND;ND;ND;ND;ND;ND;ND;ND;ND;ND;ND;ND;ND;ND;ND;ND;ND,"""64,98448""",FLOAT16,ND,N/A,0.0,0,0.0,0.0,0.0,0.0,0.0,0.0,0.0,0.0,0.0,0.0,0.0,36.624,2417155,0.017,0.0,7.02,0.192,21.715,0.593,11.16,0.305,0.0,0.000
0,4294967295,390,47,aclnnMul_MulAiCore_Mul,Mul,dynamic,AI_VECTOR_CORE,1785697972943367.555	,334.047,0.059000,40,0,NO,"""4096,4096;4096,4096""",FLOAT;FLOAT,ND;ND,"""4096,4096""",FLOAT,ND,N/A,0.0,0,0.0,0.0,0.0,0.0,0.0,0.0,0.0,0.0,0.0,0.0,0.0,331.642,21888364,6.784,0.02,3.173,0.01,329.887,0.995,114.063,0.344,0.0,0.000
0,4294967295,391,47,Concat,Concat,dynamic,AI_VECTOR_CORE,1785697972943701.622	,40.421,0.000000,40,0,NO,"""64,16;64,32;64,64;64,128;64,256;64,512;64,1024;64,2048;64,4096;64,8192;64,16;64,32;64,64;64,128;64,256;64,512;64,1024;64,2048;64,4096;64,8192;64,16;64,32;64,64;64,128;64,256;64,512;64,1024;64,2048;64,4096;64,8192;64,16;64,32;64,64;64,128;64,256;64,512;64,1024;64,2048;64,4096;64,8192;64,16;64,32;64,64;64,128;64,256;64,512;64,1024;64,2048;64,4096;64,8192;64,16;64,32;64,64;64,128;64,256;64,512;64,1024;64,2048;64,4096;64,8192;64,16;64,32;64,64;64,128""",FLOAT16;FLOAT16;FLOAT16;FLOAT16;FLOAT16;FLOAT16;FLOAT16;FLOAT16;FLOAT16;FLOAT16;FLOAT16;FLOAT16;FLOAT16;FLOAT16;FLOAT16;FLOAT16;FLOAT16;FLOAT16;FLOAT16;FLOAT16;FLOAT16;FLOAT16;FLOAT16;FLOAT16;FLOAT16;FLOAT16;FLOAT16;FLOAT16;FLOAT16;FLOAT16;FLOAT16;FLOAT16;FLOAT16;FLOAT16;FLOAT16;FLOAT16;FLOAT16;FLOAT16;FLOAT16;FLOAT16;FLOAT16;FLOAT16;FLOAT16;FLOAT16;FLOAT16;FLOAT16;FLOAT16;FLOAT16;FLOAT16;FLOAT16;FLOAT16;FLOAT16;FLOAT16;FLOAT16;FLOAT16;FLOAT16;FLOAT16;FLOAT16;FLOAT16;FLOAT16;FLOAT16;FLOAT16;FLOAT16;FLOAT16,ND;ND;ND;ND;ND;ND;ND;ND;ND;ND;ND;ND;ND;ND;ND;ND;ND;ND;ND;ND;ND;ND;ND;ND;ND;ND;ND;ND;ND;ND;ND;ND;ND;ND;ND;ND;ND;ND;ND;ND;ND;ND;ND;ND;ND;ND;ND;ND;ND;ND;ND;ND;ND;ND;ND;ND;ND;ND;ND;ND;ND;ND;ND;ND,"""64,98448""",FLOAT16,ND,N/A,0.0,0,0.0,0.0,0.0,0.0,0.0,0.0,0.0,0.0,0.0,0.0,0.0,36.623,2417133,0.017,0.0,7.511,0.205,21.57,0.589,11.195,0.306,0.0,0.000
0,4294967295,392,47,aclnnMul_MulAiCore_Mul,Mul,dynamic,AI_VECTOR_CORE,1785697972943742.063	,333.826,0.079000,40,0,NO,"""4096,4096;4096,4096""",FLOAT;FLOAT,ND;ND,"""4096,4096""",FLOAT,ND,N/A,0.0,0,0.0,0.0,0.0,0.0,0.0,0.0,0.0,0.0,0.0,0.0,0.0,330.893,21838910,6.784,0.021,3.029,0.009,329.32,0.995,111.471,0.337,0.0,0.000
0,4294967295,393,47,Concat,Concat,dynamic,AI_VECTOR_CORE,1785697972944075.909	,41.921,0.174000,40,0,NO,"""64,16;64,32;64,64;64,128;64,256;64,512;64,1024;64,2048;64,4096;64,8192;64,16;64,32;64,64;64,128;64,256;64,512;64,1024;64,2048;64,4096;64,8192;64,16;64,32;64,64;64,128;64,256;64,512;64,1024;64,2048;64,4096;64,8192;64,16;64,32;64,64;64,128;64,256;64,512;64,1024;64,2048;64,4096;64,8192;64,16;64,32;64,64;64,128;64,256;64,512;64,1024;64,2048;64,4096;64,8192;64,16;64,32;64,64;64,128;64,256;64,512;64,1024;64,2048;64,4096;64,8192;64,16;64,32;64,64;64,128""",FLOAT16;FLOAT16;FLOAT16;FLOAT16;FLOAT16;FLOAT16;FLOAT16;FLOAT16;FLOAT16;FLOAT16;FLOAT16;FLOAT16;FLOAT16;FLOAT16;FLOAT16;FLOAT16;FLOAT16;FLOAT16;FLOAT16;FLOAT16;FLOAT16;FLOAT16;FLOAT16;FLOAT16;FLOAT16;FLOAT16;FLOAT16;FLOAT16;FLOAT16;FLOAT16;FLOAT16;FLOAT16;FLOAT16;FLOAT16;FLOAT16;FLOAT16;FLOAT16;FLOAT16;FLOAT16;FLOAT16;FLOAT16;FLOAT16;FLOAT16;FLOAT16;FLOAT16;FLOAT16;FLOAT16;FLOAT16;FLOAT16;FLOAT16;FLOAT16;FLOAT16;FLOAT16;FLOAT16;FLOAT16;FLOAT16;FLOAT16;FLOAT16;FLOAT16;FLOAT16;FLOAT16;FLOAT16;FLOAT16;FLOAT16,ND;ND;ND;ND;ND;ND;ND;ND;ND;ND;ND;ND;ND;ND;ND;ND;ND;ND;ND;ND;ND;ND;ND;ND;ND;ND;ND;ND;ND;ND;ND;ND;ND;ND;ND;ND;ND;ND;ND;ND;ND;ND;ND;ND;ND;ND;ND;ND;ND;ND;ND;ND;ND;ND;ND;ND;ND;ND;ND;ND;ND;ND;ND;ND,"""64,98448""",FLOAT16,ND,N/A,0.0,0,0.0,0.0,0.0,0.0,0.0,0.0,0.0,0.0,0.0,0.0,0.0,38.253,2524715,0.017,0.0,9.081,0.237,21.641,0.566,11.612,0.304,0.0,0.000
0,4294967295,394,47,aclnnMul_MulAiCore_Mul,Mul,dynamic,AI_VECTOR_CORE,1785697972944117.850	,332.847,0.000000,40,0,NO,"""4096,4096;4096,4096""",FLOAT;FLOAT,ND;ND,"""4096,4096""",FLOAT,ND,N/A,0.0,0,0.0,0.0,0.0,0.0,0.0,0.0,0.0,0.0,0.0,0.0,0.0,330.572,21817720,6.784,0.021,3.011,0.009,329.022,0.995,111.861,0.338,0.0,0.000
0,4294967295,395,47,Concat,Concat,dynamic,AI_VECTOR_CORE,1785697972944450.717	,40.501,0.153000,40,0,NO,"""64,16;64,32;64,64;64,128;64,256;64,512;64,1024;64,2048;64,4096;64,8192;64,16;64,32;64,64;64,128;64,256;64,512;64,1024;64,2048;64,4096;64,8192;64,16;64,32;64,64;64,128;64,256;64,512;64,1024;64,2048;64,4096;64,8192;64,16;64,32;64,64;64,128;64,256;64,512;64,1024;64,2048;64,4096;64,8192;64,16;64,32;64,64;64,128;64,256;64,512;64,1024;64,2048;64,4096;64,8192;64,16;64,32;64,64;64,128;64,256;64,512;64,1024;64,2048;64,4096;64,8192;64,16;64,32;64,64;64,128""",FLOAT16;FLOAT16;FLOAT16;FLOAT16;FLOAT16;FLOAT16;FLOAT16;FLOAT16;FLOAT16;FLOAT16;FLOAT16;FLOAT16;FLOAT16;FLOAT16;FLOAT16;FLOAT16;FLOAT16;FLOAT16;FLOAT16;FLOAT16;FLOAT16;FLOAT16;FLOAT16;FLOAT16;FLOAT16;FLOAT16;FLOAT16;FLOAT16;FLOAT16;FLOAT16;FLOAT16;FLOAT16;FLOAT16;FLOAT16;FLOAT16;FLOAT16;FLOAT16;FLOAT16;FLOAT16;FLOAT16;FLOAT16;FLOAT16;FLOAT16;FLOAT16;FLOAT16;FLOAT16;FLOAT16;FLOAT16;FLOAT16;FLOAT16;FLOAT16;FLOAT16;FLOAT16;FLOAT16;FLOAT16;FLOAT16;FLOAT16;FLOAT16;FLOAT16;FLOAT16;FLOAT16;FLOAT16;FLOAT16;FLOAT16,ND;ND;ND;ND;ND;ND;ND;ND;ND;ND;ND;ND;ND;ND;ND;ND;ND;ND;ND;ND;ND;ND;ND;ND;ND;ND;ND;ND;ND;ND;ND;ND;ND;ND;ND;ND;ND;ND;ND;ND;ND;ND;ND;ND;ND;ND;ND;ND;ND;ND;ND;ND;ND;ND;ND;ND;ND;ND;ND;ND;ND;ND;ND;ND,"""64,98448""",FLOAT16,ND,N/A,0.0,0,0.0,0.0,0.0,0.0,0.0,0.0,0.0,0.0,0.0,0.0,0.0,37.196,2454914,0.017,0.0,8.183,0.22,21.699,0.583,11.599,0.312,0.0,0.000
0,4294967295,396,47,aclnnMul_MulAiCore_Mul,Mul,dynamic,AI_VECTOR_CORE,1785697972944491.238	,333.426,0.000000,40,0,NO,"""4096,4096;4096,4096""",FLOAT;FLOAT,ND;ND,"""4096,4096""",FLOAT,ND,N/A,0.0,0,0.0,0.0,0.0,0.0,0.0,0.0,0.0,0.0,0.0,0.0,0.0,331.189,21858504,6.784,0.02,2.929,0.009,329.72,0.996,111.58,0.337,0.0,0.000
0,4294967295,397,47,Concat,Concat,dynamic,AI_VECTOR_CORE,1785697972944824.684	,39.261,0.074000,40,0,NO,"""64,16;64,32;64,64;64,128;64,256;64,512;64,1024;64,2048;64,4096;64,8192;64,16;64,32;64,64;64,128;64,256;64,512;64,1024;64,2048;64,4096;64,8192;64,16;64,32;64,64;64,128;64,256;64,512;64,1024;64,2048;64,4096;64,8192;64,16;64,32;64,64;64,128;64,256;64,512;64,1024;64,2048;64,4096;64,8192;64,16;64,32;64,64;64,128;64,256;64,512;64,1024;64,2048;64,4096;64,8192;64,16;64,32;64,64;64,128;64,256;64,512;64,1024;64,2048;64,4096;64,8192;64,16;64,32;64,64;64,128""",FLOAT16;FLOAT16;FLOAT16;FLOAT16;FLOAT16;FLOAT16;FLOAT16;FLOAT16;FLOAT16;FLOAT16;FLOAT16;FLOAT16;FLOAT16;FLOAT16;FLOAT16;FLOAT16;FLOAT16;FLOAT16;FLOAT16;FLOAT16;FLOAT16;FLOAT16;FLOAT16;FLOAT16;FLOAT16;FLOAT16;FLOAT16;FLOAT16;FLOAT16;FLOAT16;FLOAT16;FLOAT16;FLOAT16;FLOAT16;FLOAT16;FLOAT16;FLOAT16;FLOAT16;FLOAT16;FLOAT16;FLOAT16;FLOAT16;FLOAT16;FLOAT16;FLOAT16;FLOAT16;FLOAT16;FLOAT16;FLOAT16;FLOAT16;FLOAT16;FLOAT16;FLOAT16;FLOAT16;FLOAT16;FLOAT16;FLOAT16;FLOAT16;FLOAT16;FLOAT16;FLOAT16;FLOAT16;FLOAT16;FLOAT16,ND;ND;ND;ND;ND;ND;ND;ND;ND;ND;ND;ND;ND;ND;ND;ND;ND;ND;ND;ND;ND;ND;ND;ND;ND;ND;ND;ND;ND;ND;ND;ND;ND;ND;ND;ND;ND;ND;ND;ND;ND;ND;ND;ND;ND;ND;ND;ND;ND;ND;ND;ND;ND;ND;ND;ND;ND;ND;ND;ND;ND;ND;ND;ND,"""64,98448""",FLOAT16,ND,N/A,0.0,0,0.0,0.0,0.0,0.0,0.0,0.0,0.0,0.0,0.0,0.0,0.0,35.15,2319895,0.017,0.0,8.589,0.244,20.4,0.58,10.948,0.311,0.0,0.000
0,4294967295,398,47,aclnnMul_MulAiCore_Mul,Mul,dynamic,AI_VECTOR_CORE,1785697972944863.965	,333.387,0.000000,40,0,NO,"""4096,4096;4096,4096""",FLOAT;FLOAT,ND;ND,"""4096,4096""",FLOAT,ND,N/A,0.0,0,0.0,0.0,0.0,0.0,0.0,0.0,0.0,0.0,0.0,0.0,0.0,331.75,21895479,6.784,0.02,3.053,0.009,330.185,0.995,112.214,0.338,0.0,0.000
0,4294967295,399,47,Concat,Concat,dynamic,AI_VECTOR_CORE,1785697972945197.372	,39.200,0.000000,40,0,NO,"""64,16;64,32;64,64;64,128;64,256;64,512;64,1024;64,2048;64,4096;64,8192;64,16;64,32;64,64;64,128;64,256;64,512;64,1024;64,2048;64,4096;64,8192;64,16;64,32;64,64;64,128;64,256;64,512;64,1024;64,2048;64,4096;64,8192;64,16;64,32;64,64;64,128;64,256;64,512;64,1024;64,2048;64,4096;64,8192;64,16;64,32;64,64;64,128;64,256;64,512;64,1024;64,2048;64,4096;64,8192;64,16;64,32;64,64;64,128;64,256;64,512;64,1024;64,2048;64,4096;64,8192;64,16;64,32;64,64;64,128""",FLOAT16;FLOAT16;FLOAT16;FLOAT16;FLOAT16;FLOAT16;FLOAT16;FLOAT16;FLOAT16;FLOAT16;FLOAT16;FLOAT16;FLOAT16;FLOAT16;FLOAT16;FLOAT16;FLOAT16;FLOAT16;FLOAT16;FLOAT16;FLOAT16;FLOAT16;FLOAT16;FLOAT16;FLOAT16;FLOAT16;FLOAT16;FLOAT16;FLOAT16;FLOAT16;FLOAT16;FLOAT16;FLOAT16;FLOAT16;FLOAT16;FLOAT16;FLOAT16;FLOAT16;FLOAT16;FLOAT16;FLOAT16;FLOAT16;FLOAT16;FLOAT16;FLOAT16;FLOAT16;FLOAT16;FLOAT16;FLOAT16;FLOAT16;FLOAT16;FLOAT16;FLOAT16;FLOAT16;FLOAT16;FLOAT16;FLOAT16;FLOAT16;FLOAT16;FLOAT16;FLOAT16;FLOAT16;FLOAT16;FLOAT16,ND;ND;ND;ND;ND;ND;ND;ND;ND;ND;ND;ND;ND;ND;ND;ND;ND;ND;ND;ND;ND;ND;ND;ND;ND;ND;ND;ND;ND;ND;ND;ND;ND;ND;ND;ND;ND;ND;ND;ND;ND;ND;ND;ND;ND;ND;ND;ND;ND;ND;ND;ND;ND;ND;ND;ND;ND;ND;ND;ND;ND;ND;ND;ND,"""64,98448""",FLOAT16,ND,N/A,0.0,0,0.0,0.0,0.0,0.0,0.0,0.0,0.0,0.0,0.0,0.0,0.0,35.975,2374334,0.017,0.0,7.379,0.205,20.689,0.575,11.481,0.319,0.0,0.000
0,4294967295,400,47,aclnnMul_MulAiCore_Mul,Mul,dynamic,AI_VECTOR_CORE,1785697972945236.592	,333.787,0.050000,40,0,NO,"""4096,4096;4096,4096""",FLOAT;FLOAT,ND;ND,"""4096,4096""",FLOAT,ND,N/A,0.0,0,0.0,0.0,0.0,0.0,0.0,0.0,0.0,0.0,0.0,0.0,0.0,331.357,21869586,6.784,0.02,3.116,0.009,329.616,0.995,112.073,0.338,0.0,0.000
0,4294967295,401,47,Concat,Concat,dynamic,AI_VECTOR_CORE,1785697972945570.399	,40.661,0.213000,40,0,NO,"""64,16;64,32;64,64;64,128;64,256;64,512;64,1024;64,2048;64,4096;64,8192;64,16;64,32;64,64;64,128;64,256;64,512;64,1024;64,2048;64,4096;64,8192;64,16;64,32;64,64;64,128;64,256;64,512;64,1024;64,2048;64,4096;64,8192;64,16;64,32;64,64;64,128;64,256;64,512;64,1024;64,2048;64,4096;64,8192;64,16;64,32;64,64;64,128;64,256;64,512;64,1024;64,2048;64,4096;64,8192;64,16;64,32;64,64;64,128;64,256;64,512;64,1024;64,2048;64,4096;64,8192;64,16;64,32;64,64;64,128""",FLOAT16;FLOAT16;FLOAT16;FLOAT16;FLOAT16;FLOAT16;FLOAT16;FLOAT16;FLOAT16;FLOAT16;FLOAT16;FLOAT16;FLOAT16;FLOAT16;FLOAT16;FLOAT16;FLOAT16;FLOAT16;FLOAT16;FLOAT16;FLOAT16;FLOAT16;FLOAT16;FLOAT16;FLOAT16;FLOAT16;FLOAT16;FLOAT16;FLOAT16;FLOAT16;FLOAT16;FLOAT16;FLOAT16;FLOAT16;FLOAT16;FLOAT16;FLOAT16;FLOAT16;FLOAT16;FLOAT16;FLOAT16;FLOAT16;FLOAT16;FLOAT16;FLOAT16;FLOAT16;FLOAT16;FLOAT16;FLOAT16;FLOAT16;FLOAT16;FLOAT16;FLOAT16;FLOAT16;FLOAT16;FLOAT16;FLOAT16;FLOAT16;FLOAT16;FLOAT16;FLOAT16;FLOAT16;FLOAT16;FLOAT16,ND;ND;ND;ND;ND;ND;ND;ND;ND;ND;ND;ND;ND;ND;ND;ND;ND;ND;ND;ND;ND;ND;ND;ND;ND;ND;ND;ND;ND;ND;ND;ND;ND;ND;ND;ND;ND;ND;ND;ND;ND;ND;ND;ND;ND;ND;ND;ND;ND;ND;ND;ND;ND;ND;ND;ND;ND;ND;ND;ND;ND;ND;ND;ND,"""64,98448""",FLOAT16,ND,N/A,0.0,0,0.0,0.0,0.0,0.0,0.0,0.0,0.0,0.0,0.0,0.0,0.0,36.929,2437286,0.017,0.0,6.744,0.183,21.492,0.582,11.7,0.317,0.0,0.000
0,4294967295,402,47,aclnnMul_MulAiCore_Mul,Mul,dynamic,AI_VECTOR_CORE,1785697972945611.080	,333.107,0.000000,40,0,NO,"""4096,4096;4096,4096""",FLOAT;FLOAT,ND;ND,"""4096,4096""",FLOAT,ND,N/A,0.0,0,0.0,0.0,0.0,0.0,0.0,0.0,0.0,0.0,0.0,0.0,0.0,331.283,21864681,6.784,0.02,3.073,0.009,329.666,0.995,112.337,0.339,0.0,0.000
0,4294967295,403,47,Concat,Concat,dynamic,AI_VECTOR_CORE,1785697972945944.207	,40.980,0.143000,40,0,NO,"""64,16;64,32;64,64;64,128;64,256;64,512;64,1024;64,2048;64,4096;64,8192;64,16;64,32;64,64;64,128;64,256;64,512;64,1024;64,2048;64,4096;64,8192;64,16;64,32;64,64;64,128;64,256;64,512;64,1024;64,2048;64,4096;64,8192;64,16;64,32;64,64;64,128;64,256;64,512;64,1024;64,2048;64,4096;64,8192;64,16;64,32;64,64;64,128;64,256;64,512;64,1024;64,2048;64,4096;64,8192;64,16;64,32;64,64;64,128;64,256;64,512;64,1024;64,2048;64,4096;64,8192;64,16;64,32;64,64;64,128""",FLOAT16;FLOAT16;FLOAT16;FLOAT16;FLOAT16;FLOAT16;FLOAT16;FLOAT16;FLOAT16;FLOAT16;FLOAT16;FLOAT16;FLOAT16;FLOAT16;FLOAT16;FLOAT16;FLOAT16;FLOAT16;FLOAT16;FLOAT16;FLOAT16;FLOAT16;FLOAT16;FLOAT16;FLOAT16;FLOAT16;FLOAT16;FLOAT16;FLOAT16;FLOAT16;FLOAT16;FLOAT16;FLOAT16;FLOAT16;FLOAT16;FLOAT16;FLOAT16;FLOAT16;FLOAT16;FLOAT16;FLOAT16;FLOAT16;FLOAT16;FLOAT16;FLOAT16;FLOAT16;FLOAT16;FLOAT16;FLOAT16;FLOAT16;FLOAT16;FLOAT16;FLOAT16;FLOAT16;FLOAT16;FLOAT16;FLOAT16;FLOAT16;FLOAT16;FLOAT16;FLOAT16;FLOAT16;FLOAT16;FLOAT16,ND;ND;ND;ND;ND;ND;ND;ND;ND;ND;ND;ND;ND;ND;ND;ND;ND;ND;ND;ND;ND;ND;ND;ND;ND;ND;ND;ND;ND;ND;ND;ND;ND;ND;ND;ND;ND;ND;ND;ND;ND;ND;ND;ND;ND;ND;ND;ND;ND;ND;ND;ND;ND;ND;ND;ND;ND;ND;ND;ND;ND;ND;ND;ND,"""64,98448""",FLOAT16,ND,N/A,0.0,0,0.0,0.0,0.0,0.0,0.0,0.0,0.0,0.0,0.0,0.0,0.0,37.451,2471779,0.017,0.0,7.179,0.192,21.662,0.578,11.978,0.32,0.0,0.000
0,4294967295,404,47,aclnnMul_MulAiCore_Mul,Mul,dynamic,AI_VECTOR_CORE,1785697972945985.207	,334.687,0.020000,40,0,NO,"""4096,4096;4096,4096""",FLOAT;FLOAT,ND;ND,"""4096,4096""",FLOAT,ND,N/A,0.0,0,0.0,0.0,0.0,0.0,0.0,0.0,0.0,0.0,0.0,0.0,0.0,332.007,21912481,6.784,0.02,3.141,0.009,330.325,0.995,112.234,0.338,0.0,0.000
0,4294967295,405,47,Concat,Concat,dynamic,AI_VECTOR_CORE,1785697972946319.914	,40.021,0.063000,40,0,NO,"""64,16;64,32;64,64;64,128;64,256;64,512;64,1024;64,2048;64,4096;64,8192;64,16;64,32;64,64;64,128;64,256;64,512;64,1024;64,2048;64,4096;64,8192;64,16;64,32;64,64;64,128;64,256;64,512;64,1024;64,2048;64,4096;64,8192;64,16;64,32;64,64;64,128;64,256;64,512;64,1024;64,2048;64,4096;64,8192;64,16;64,32;64,64;64,128;64,256;64,512;64,1024;64,2048;64,4096;64,8192;64,16;64,32;64,64;64,128;64,256;64,512;64,1024;64,2048;64,4096;64,8192;64,16;64,32;64,64;64,128""",FLOAT16;FLOAT16;FLOAT16;FLOAT16;FLOAT16;FLOAT16;FLOAT16;FLOAT16;FLOAT16;FLOAT16;FLOAT16;FLOAT16;FLOAT16;FLOAT16;FLOAT16;FLOAT16;FLOAT16;FLOAT16;FLOAT16;FLOAT16;FLOAT16;FLOAT16;FLOAT16;FLOAT16;FLOAT16;FLOAT16;FLOAT16;FLOAT16;FLOAT16;FLOAT16;FLOAT16;FLOAT16;FLOAT16;FLOAT16;FLOAT16;FLOAT16;FLOAT16;FLOAT16;FLOAT16;FLOAT16;FLOAT16;FLOAT16;FLOAT16;FLOAT16;FLOAT16;FLOAT16;FLOAT16;FLOAT16;FLOAT16;FLOAT16;FLOAT16;FLOAT16;FLOAT16;FLOAT16;FLOAT16;FLOAT16;FLOAT16;FLOAT16;FLOAT16;FLOAT16;FLOAT16;FLOAT16;FLOAT16;FLOAT16,ND;ND;ND;ND;ND;ND;ND;ND;ND;ND;ND;ND;ND;ND;ND;ND;ND;ND;ND;ND;ND;ND;ND;ND;ND;ND;ND;ND;ND;ND;ND;ND;ND;ND;ND;ND;ND;ND;ND;ND;ND;ND;ND;ND;ND;ND;ND;ND;ND;ND;ND;ND;ND;ND;ND;ND;ND;ND;ND;ND;ND;ND;ND;ND,"""64,98448""",FLOAT16,ND,N/A,0.0,0,0.0,0.0,0.0,0.0,0.0,0.0,0.0,0.0,0.0,0.0,0.0,36.002,2376105,0.017,0.0,6.989,0.194,20.989,0.583,11.167,0.31,0.0,0.000
0,4294967295,406,47,aclnnMul_MulAiCore_Mul,Mul,dynamic,AI_VECTOR_CORE,1785697972946359.955	,332.767,0.000000,40,0,NO,"""4096,4096;4096,4096""",FLOAT;FLOAT,ND;ND,"""4096,4096""",FLOAT,ND,N/A,0.0,0,0.0,0.0,0.0,0.0,0.0,0.0,0.0,0.0,0.0,0.0,0.0,331.086,21851668,6.784,0.02,3.023,0.009,329.552,0.995,110.434,0.334,0.0,0.000
0,4294967295,407,47,Concat,Concat,dynamic,AI_VECTOR_CORE,1785697972946692.742	,40.200,0.000000,40,0,NO,"""64,16;64,32;64,64;64,128;64,256;64,512;64,1024;64,2048;64,4096;64,8192;64,16;64,32;64,64;64,128;64,256;64,512;64,1024;64,2048;64,4096;64,8192;64,16;64,32;64,64;64,128;64,256;64,512;64,1024;64,2048;64,4096;64,8192;64,16;64,32;64,64;64,128;64,256;64,512;64,1024;64,2048;64,4096;64,8192;64,16;64,32;64,64;64,128;64,256;64,512;64,1024;64,2048;64,4096;64,8192;64,16;64,32;64,64;64,128;64,256;64,512;64,1024;64,2048;64,4096;64,8192;64,16;64,32;64,64;64,128""",FLOAT16;FLOAT16;FLOAT16;FLOAT16;FLOAT16;FLOAT16;FLOAT16;FLOAT16;FLOAT16;FLOAT16;FLOAT16;FLOAT16;FLOAT16;FLOAT16;FLOAT16;FLOAT16;FLOAT16;FLOAT16;FLOAT16;FLOAT16;FLOAT16;FLOAT16;FLOAT16;FLOAT16;FLOAT16;FLOAT16;FLOAT16;FLOAT16;FLOAT16;FLOAT16;FLOAT16;FLOAT16;FLOAT16;FLOAT16;FLOAT16;FLOAT16;FLOAT16;FLOAT16;FLOAT16;FLOAT16;FLOAT16;FLOAT16;FLOAT16;FLOAT16;FLOAT16;FLOAT16;FLOAT16;FLOAT16;FLOAT16;FLOAT16;FLOAT16;FLOAT16;FLOAT16;FLOAT16;FLOAT16;FLOAT16;FLOAT16;FLOAT16;FLOAT16;FLOAT16;FLOAT16;FLOAT16;FLOAT16;FLOAT16,ND;ND;ND;ND;ND;ND;ND;ND;ND;ND;ND;ND;ND;ND;ND;ND;ND;ND;ND;ND;ND;ND;ND;ND;ND;ND;ND;ND;ND;ND;ND;ND;ND;ND;ND;ND;ND;ND;ND;ND;ND;ND;ND;ND;ND;ND;ND;ND;ND;ND;ND;ND;ND;ND;ND;ND;ND;ND;ND;ND;ND;ND;ND;ND,"""64,98448""",FLOAT16,ND,N/A,0.0,0,0.0,0.0,0.0,0.0,0.0,0.0,0.0,0.0,0.0,0.0,0.0,36.323,2397324,0.017,0.0,7.766,0.214,21.002,0.578,11.57,0.319,0.0,0.000
0,4294967295,408,47,aclnnMul_MulAiCore_Mul,Mul,dynamic,AI_VECTOR_CORE,1785697972946732.962	,334.447,0.050000,40,0,NO,"""4096,4096;4096,4096""",FLOAT;FLOAT,ND;ND,"""4096,4096""",FLOAT,ND,N/A,0.0,0,0.0,0.0,0.0,0.0,0.0,0.0,0.0,0.0,0.0,0.0,0.0,331.375,21870752,6.784,0.02,3.02,0.009,329.807,0.995,113.62,0.343,0.0,0.000
0,4294967295,409,47,Concat,Concat,dynamic,AI_VECTOR_CORE,1785697972947067.429	,41.321,0.053000,40,0,NO,"""64,16;64,32;64,64;64,128;64,256;64,512;64,1024;64,2048;64,4096;64,8192;64,16;64,32;64,64;64,128;64,256;64,512;64,1024;64,2048;64,4096;64,8192;64,16;64,32;64,64;64,128;64,256;64,512;64,1024;64,2048;64,4096;64,8192;64,16;64,32;64,64;64,128;64,256;64,512;64,1024;64,2048;64,4096;64,8192;64,16;64,32;64,64;64,128;64,256;64,512;64,1024;64,2048;64,4096;64,8192;64,16;64,32;64,64;64,128;64,256;64,512;64,1024;64,2048;64,4096;64,8192;64,16;64,32;64,64;64,128""",FLOAT16;FLOAT16;FLOAT16;FLOAT16;FLOAT16;FLOAT16;FLOAT16;FLOAT16;FLOAT16;FLOAT16;FLOAT16;FLOAT16;FLOAT16;FLOAT16;FLOAT16;FLOAT16;FLOAT16;FLOAT16;FLOAT16;FLOAT16;FLOAT16;FLOAT16;FLOAT16;FLOAT16;FLOAT16;FLOAT16;FLOAT16;FLOAT16;FLOAT16;FLOAT16;FLOAT16;FLOAT16;FLOAT16;FLOAT16;FLOAT16;FLOAT16;FLOAT16;FLOAT16;FLOAT16;FLOAT16;FLOAT16;FLOAT16;FLOAT16;FLOAT16;FLOAT16;FLOAT16;FLOAT16;FLOAT16;FLOAT16;FLOAT16;FLOAT16;FLOAT16;FLOAT16;FLOAT16;FLOAT16;FLOAT16;FLOAT16;FLOAT16;FLOAT16;FLOAT16;FLOAT16;FLOAT16;FLOAT16;FLOAT16,ND;ND;ND;ND;ND;ND;ND;ND;ND;ND;ND;ND;ND;ND;ND;ND;ND;ND;ND;ND;ND;ND;ND;ND;ND;ND;ND;ND;ND;ND;ND;ND;ND;ND;ND;ND;ND;ND;ND;ND;ND;ND;ND;ND;ND;ND;ND;ND;ND;ND;ND;ND;ND;ND;ND;ND;ND;ND;ND;ND;ND;ND;ND;ND,"""64,98448""",FLOAT16,ND,N/A,0.0,0,0.0,0.0,0.0,0.0,0.0,0.0,0.0,0.0,0.0,0.0,0.0,38.01,2508640,0.017,0.0,8.675,0.228,22.172,0.583,11.179,0.294,0.0,0.000
0,4294967295,410,47,aclnnMul_MulAiCore_Mul,Mul,dynamic,AI_VECTOR_CORE,1785697972947108.790	,333.187,0.000000,40,0,NO,"""4096,4096;4096,4096""",FLOAT;FLOAT,ND;ND,"""4096,4096""",FLOAT,ND,N/A,0.0,0,0.0,0.0,0.0,0.0,0.0,0.0,0.0,0.0,0.0,0.0,0.0,330.691,21825629,6.784,0.021,2.908,0.009,329.227,0.996,111.741,0.338,0.0,0.000
0,4294967295,411,47,Concat,Concat,dynamic,AI_VECTOR_CORE,1785697972947441.997	,40.600,0.063000,40,0,NO,"""64,16;64,32;64,64;64,128;64,256;64,512;64,1024;64,2048;64,4096;64,8192;64,16;64,32;64,64;64,128;64,256;64,512;64,1024;64,2048;64,4096;64,8192;64,16;64,32;64,64;64,128;64,256;64,512;64,1024;64,2048;64,4096;64,8192;64,16;64,32;64,64;64,128;64,256;64,512;64,1024;64,2048;64,4096;64,8192;64,16;64,32;64,64;64,128;64,256;64,512;64,1024;64,2048;64,4096;64,8192;64,16;64,32;64,64;64,128;64,256;64,512;64,1024;64,2048;64,4096;64,8192;64,16;64,32;64,64;64,128""",FLOAT16;FLOAT16;FLOAT16;FLOAT16;FLOAT16;FLOAT16;FLOAT16;FLOAT16;FLOAT16;FLOAT16;FLOAT16;FLOAT16;FLOAT16;FLOAT16;FLOAT16;FLOAT16;FLOAT16;FLOAT16;FLOAT16;FLOAT16;FLOAT16;FLOAT16;FLOAT16;FLOAT16;FLOAT16;FLOAT16;FLOAT16;FLOAT16;FLOAT16;FLOAT16;FLOAT16;FLOAT16;FLOAT16;FLOAT16;FLOAT16;FLOAT16;FLOAT16;FLOAT16;FLOAT16;FLOAT16;FLOAT16;FLOAT16;FLOAT16;FLOAT16;FLOAT16;FLOAT16;FLOAT16;FLOAT16;FLOAT16;FLOAT16;FLOAT16;FLOAT16;FLOAT16;FLOAT16;FLOAT16;FLOAT16;FLOAT16;FLOAT16;FLOAT16;FLOAT16;FLOAT16;FLOAT16;FLOAT16;FLOAT16,ND;ND;ND;ND;ND;ND;ND;ND;ND;ND;ND;ND;ND;ND;ND;ND;ND;ND;ND;ND;ND;ND;ND;ND;ND;ND;ND;ND;ND;ND;ND;ND;ND;ND;ND;ND;ND;ND;ND;ND;ND;ND;ND;ND;ND;ND;ND;ND;ND;ND;ND;ND;ND;ND;ND;ND;ND;ND;ND;ND;ND;ND;ND;ND,"""64,98448""",FLOAT16,ND,N/A,0.0,0,0.0,0.0,0.0,0.0,0.0,0.0,0.0,0.0,0.0,0.0,0.0,37.316,2462847,0.017,0.0,8.102,0.217,21.762,0.583,11.543,0.309,0.0,0.000
0,4294967295,412,47,aclnnMul_MulAiCore_Mul,Mul,dynamic,AI_VECTOR_CORE,1785697972947482.617	,333.827,0.000000,40,0,NO,"""4096,4096;4096,4096""",FLOAT;FLOAT,ND;ND,"""4096,4096""",FLOAT,ND,N/A,0.0,0,0.0,0.0,0.0,0.0,0.0,0.0,0.0,0.0,0.0,0.0,0.0,331.454,21875956,6.784,0.02,3.033,0.009,329.876,0.995,112.112,0.338,0.0,0.000
0,4294967295,413,47,Concat,Concat,dynamic,AI_VECTOR_CORE,1785697972947816.464	,39.841,0.173000,40,0,NO,"""64,16;64,32;64,64;64,128;64,256;64,512;64,1024;64,2048;64,4096;64,8192;64,16;64,32;64,64;64,128;64,256;64,512;64,1024;64,2048;64,4096;64,8192;64,16;64,32;64,64;64,128;64,256;64,512;64,1024;64,2048;64,4096;64,8192;64,16;64,32;64,64;64,128;64,256;64,512;64,1024;64,2048;64,4096;64,8192;64,16;64,32;64,64;64,128;64,256;64,512;64,1024;64,2048;64,4096;64,8192;64,16;64,32;64,64;64,128;64,256;64,512;64,1024;64,2048;64,4096;64,8192;64,16;64,32;64,64;64,128""",FLOAT16;FLOAT16;FLOAT16;FLOAT16;FLOAT16;FLOAT16;FLOAT16;FLOAT16;FLOAT16;FLOAT16;FLOAT16;FLOAT16;FLOAT16;FLOAT16;FLOAT16;FLOAT16;FLOAT16;FLOAT16;FLOAT16;FLOAT16;FLOAT16;FLOAT16;FLOAT16;FLOAT16;FLOAT16;FLOAT16;FLOAT16;FLOAT16;FLOAT16;FLOAT16;FLOAT16;FLOAT16;FLOAT16;FLOAT16;FLOAT16;FLOAT16;FLOAT16;FLOAT16;FLOAT16;FLOAT16;FLOAT16;FLOAT16;FLOAT16;FLOAT16;FLOAT16;FLOAT16;FLOAT16;FLOAT16;FLOAT16;FLOAT16;FLOAT16;FLOAT16;FLOAT16;FLOAT16;FLOAT16;FLOAT16;FLOAT16;FLOAT16;FLOAT16;FLOAT16;FLOAT16;FLOAT16;FLOAT16;FLOAT16,ND;ND;ND;ND;ND;ND;ND;ND;ND;ND;ND;ND;ND;ND;ND;ND;ND;ND;ND;ND;ND;ND;ND;ND;ND;ND;ND;ND;ND;ND;ND;ND;ND;ND;ND;ND;ND;ND;ND;ND;ND;ND;ND;ND;ND;ND;ND;ND;ND;ND;ND;ND;ND;ND;ND;ND;ND;ND;ND;ND;ND;ND;ND;ND,"""64,98448""",FLOAT16,ND,N/A,0.0,0,0.0,0.0,0.0,0.0,0.0,0.0,0.0,0.0,0.0,0.0,0.0,35.98,2374657,0.017,0.0,7.504,0.209,20.747,0.577,11.693,0.325,0.0,0.000
0,4294967295,414,47,aclnnMul_MulAiCore_Mul,Mul,dynamic,AI_VECTOR_CORE,1785697972947856.325	,333.206,0.000000,40,0,NO,"""4096,4096;4096,4096""",FLOAT;FLOAT,ND;ND,"""4096,4096""",FLOAT,ND,N/A,0.0,0,0.0,0.0,0.0,0.0,0.0,0.0,0.0,0.0,0.0,0.0,0.0,331.109,21853209,6.784,0.02,2.93,0.009,329.683,0.996,111.991,0.338,0.0,0.000
0,4294967295,415,47,Concat,Concat,dynamic,AI_VECTOR_CORE,1785697972948189.551	,40.281,0.044000,40,0,NO,"""64,16;64,32;64,64;64,128;64,256;64,512;64,1024;64,2048;64,4096;64,8192;64,16;64,32;64,64;64,128;64,256;64,512;64,1024;64,2048;64,4096;64,8192;64,16;64,32;64,64;64,128;64,256;64,512;64,1024;64,2048;64,4096;64,8192;64,16;64,32;64,64;64,128;64,256;64,512;64,1024;64,2048;64,4096;64,8192;64,16;64,32;64,64;64,128;64,256;64,512;64,1024;64,2048;64,4096;64,8192;64,16;64,32;64,64;64,128;64,256;64,512;64,1024;64,2048;64,4096;64,8192;64,16;64,32;64,64;64,128""",FLOAT16;FLOAT16;FLOAT16;FLOAT16;FLOAT16;FLOAT16;FLOAT16;FLOAT16;FLOAT16;FLOAT16;FLOAT16;FLOAT16;FLOAT16;FLOAT16;FLOAT16;FLOAT16;FLOAT16;FLOAT16;FLOAT16;FLOAT16;FLOAT16;FLOAT16;FLOAT16;FLOAT16;FLOAT16;FLOAT16;FLOAT16;FLOAT16;FLOAT16;FLOAT16;FLOAT16;FLOAT16;FLOAT16;FLOAT16;FLOAT16;FLOAT16;FLOAT16;FLOAT16;FLOAT16;FLOAT16;FLOAT16;FLOAT16;FLOAT16;FLOAT16;FLOAT16;FLOAT16;FLOAT16;FLOAT16;FLOAT16;FLOAT16;FLOAT16;FLOAT16;FLOAT16;FLOAT16;FLOAT16;FLOAT16;FLOAT16;FLOAT16;FLOAT16;FLOAT16;FLOAT16;FLOAT16;FLOAT16;FLOAT16,ND;ND;ND;ND;ND;ND;ND;ND;ND;ND;ND;ND;ND;ND;ND;ND;ND;ND;ND;ND;ND;ND;ND;ND;ND;ND;ND;ND;ND;ND;ND;ND;ND;ND;ND;ND;ND;ND;ND;ND;ND;ND;ND;ND;ND;ND;ND;ND;ND;ND;ND;ND;ND;ND;ND;ND;ND;ND;ND;ND;ND;ND;ND;ND,"""64,98448""",FLOAT16,ND,N/A,0.0,0,0.0,0.0,0.0,0.0,0.0,0.0,0.0,0.0,0.0,0.0,0.0,36.51,2409691,0.017,0.0,8.012,0.219,21.366,0.585,11.353,0.311,0.0,0.000
0,4294967295,416,47,aclnnMul_MulAiCore_Mul,Mul,dynamic,AI_VECTOR_CORE,1785697972948229.872	,334.387,0.000000,40,0,NO,"""4096,4096;4096,4096""",FLOAT;FLOAT,ND;ND,"""4096,4096""",FLOAT,ND,N/A,0.0,0,0.0,0.0,0.0,0.0,0.0,0.0,0.0,0.0,0.0,0.0,0.0,331.769,21896741,6.784,0.02,3.127,0.009,330.044,0.995,112.606,0.339,0.0,0.000
0,4294967295,417,47,Concat,Concat,dynamic,AI_VECTOR_CORE,1785697972948564.299	,41.161,0.113000,40,0,NO,"""64,16;64,32;64,64;64,128;64,256;64,512;64,1024;64,2048;64,4096;64,8192;64,16;64,32;64,64;64,128;64,256;64,512;64,1024;64,2048;64,4096;64,8192;64,16;64,32;64,64;64,128;64,256;64,512;64,1024;64,2048;64,4096;64,8192;64,16;64,32;64,64;64,128;64,256;64,512;64,1024;64,2048;64,4096;64,8192;64,16;64,32;64,64;64,128;64,256;64,512;64,1024;64,2048;64,4096;64,8192;64,16;64,32;64,64;64,128;64,256;64,512;64,1024;64,2048;64,4096;64,8192;64,16;64,32;64,64;64,128""",FLOAT16;FLOAT16;FLOAT16;FLOAT16;FLOAT16;FLOAT16;FLOAT16;FLOAT16;FLOAT16;FLOAT16;FLOAT16;FLOAT16;FLOAT16;FLOAT16;FLOAT16;FLOAT16;FLOAT16;FLOAT16;FLOAT16;FLOAT16;FLOAT16;FLOAT16;FLOAT16;FLOAT16;FLOAT16;FLOAT16;FLOAT16;FLOAT16;FLOAT16;FLOAT16;FLOAT16;FLOAT16;FLOAT16;FLOAT16;FLOAT16;FLOAT16;FLOAT16;FLOAT16;FLOAT16;FLOAT16;FLOAT16;FLOAT16;FLOAT16;FLOAT16;FLOAT16;FLOAT16;FLOAT16;FLOAT16;FLOAT16;FLOAT16;FLOAT16;FLOAT16;FLOAT16;FLOAT16;FLOAT16;FLOAT16;FLOAT16;FLOAT16;FLOAT16;FLOAT16;FLOAT16;FLOAT16;FLOAT16;FLOAT16,ND;ND;ND;ND;ND;ND;ND;ND;ND;ND;ND;ND;ND;ND;ND;ND;ND;ND;ND;ND;ND;ND;ND;ND;ND;ND;ND;ND;ND;ND;ND;ND;ND;ND;ND;ND;ND;ND;ND;ND;ND;ND;ND;ND;ND;ND;ND;ND;ND;ND;ND;ND;ND;ND;ND;ND;ND;ND;ND;ND;ND;ND;ND;ND,"""64,98448""",FLOAT16,ND,N/A,0.0,0,0.0,0.0,0.0,0.0,0.0,0.0,0.0,0.0,0.0,0.0,0.0,37.443,2471258,0.017,0.0,6.779,0.181,22.024,0.588,11.67,0.312,0.0,0.000
0,4294967295,418,47,aclnnMul_MulAiCore_Mul,Mul,dynamic,AI_VECTOR_CORE,1785697972948605.500	,332.666,0.089000,40,0,NO,"""4096,4096;4096,4096""",FLOAT;FLOAT,ND;ND,"""4096,4096""",FLOAT,ND,N/A,0.0,0,0.0,0.0,0.0,0.0,0.0,0.0,0.0,0.0,0.0,0.0,0.0,330.712,21826967,6.784,0.021,3.015,0.009,329.177,0.995,109.724,0.332,0.0,0.000
0,4294967295,419,47,Concat,Concat,dynamic,AI_VECTOR_CORE,1785697972948938.206	,40.161,0.084000,40,0,NO,"""64,16;64,32;64,64;64,128;64,256;64,512;64,1024;64,2048;64,4096;64,8192;64,16;64,32;64,64;64,128;64,256;64,512;64,1024;64,2048;64,4096;64,8192;64,16;64,32;64,64;64,128;64,256;64,512;64,1024;64,2048;64,4096;64,8192;64,16;64,32;64,64;64,128;64,256;64,512;64,1024;64,2048;64,4096;64,8192;64,16;64,32;64,64;64,128;64,256;64,512;64,1024;64,2048;64,4096;64,8192;64,16;64,32;64,64;64,128;64,256;64,512;64,1024;64,2048;64,4096;64,8192;64,16;64,32;64,64;64,128""",FLOAT16;FLOAT16;FLOAT16;FLOAT16;FLOAT16;FLOAT16;FLOAT16;FLOAT16;FLOAT16;FLOAT16;FLOAT16;FLOAT16;FLOAT16;FLOAT16;FLOAT16;FLOAT16;FLOAT16;FLOAT16;FLOAT16;FLOAT16;FLOAT16;FLOAT16;FLOAT16;FLOAT16;FLOAT16;FLOAT16;FLOAT16;FLOAT16;FLOAT16;FLOAT16;FLOAT16;FLOAT16;FLOAT16;FLOAT16;FLOAT16;FLOAT16;FLOAT16;FLOAT16;FLOAT16;FLOAT16;FLOAT16;FLOAT16;FLOAT16;FLOAT16;FLOAT16;FLOAT16;FLOAT16;FLOAT16;FLOAT16;FLOAT16;FLOAT16;FLOAT16;FLOAT16;FLOAT16;FLOAT16;FLOAT16;FLOAT16;FLOAT16;FLOAT16;FLOAT16;FLOAT16;FLOAT16;FLOAT16;FLOAT16,ND;ND;ND;ND;ND;ND;ND;ND;ND;ND;ND;ND;ND;ND;ND;ND;ND;ND;ND;ND;ND;ND;ND;ND;ND;ND;ND;ND;ND;ND;ND;ND;ND;ND;ND;ND;ND;ND;ND;ND;ND;ND;ND;ND;ND;ND;ND;ND;ND;ND;ND;ND;ND;ND;ND;ND;ND;ND;ND;ND;ND;ND;ND;ND,"""64,98448""",FLOAT16,ND,N/A,0.0,0,0.0,0.0,0.0,0.0,0.0,0.0,0.0,0.0,0.0,0.0,0.0,36.979,2440597,0.017,0.0,6.434,0.174,21.675,0.586,11.622,0.314,0.0,0.000
0,4294967295,420,47,aclnnMul_MulAiCore_Mul,Mul,dynamic,AI_VECTOR_CORE,1785697972948978.387	,334.187,0.089000,40,0,NO,"""4096,4096;4096,4096""",FLOAT;FLOAT,ND;ND,"""4096,4096""",FLOAT,ND,N/A,0.0,0,0.0,0.0,0.0,0.0,0.0,0.0,0.0,0.0,0.0,0.0,0.0,331.562,21883111,6.784,0.02,3.105,0.009,329.872,0.995,113.425,0.342,0.0,0.000
0,4294967295,421,47,Concat,Concat,dynamic,AI_VECTOR_CORE,1785697972949312.614	,40.341,0.000000,40,0,NO,"""64,16;64,32;64,64;64,128;64,256;64,512;64,1024;64,2048;64,4096;64,8192;64,16;64,32;64,64;64,128;64,256;64,512;64,1024;64,2048;64,4096;64,8192;64,16;64,32;64,64;64,128;64,256;64,512;64,1024;64,2048;64,4096;64,8192;64,16;64,32;64,64;64,128;64,256;64,512;64,1024;64,2048;64,4096;64,8192;64,16;64,32;64,64;64,128;64,256;64,512;64,1024;64,2048;64,4096;64,8192;64,16;64,32;64,64;64,128;64,256;64,512;64,1024;64,2048;64,4096;64,8192;64,16;64,32;64,64;64,128""",FLOAT16;FLOAT16;FLOAT16;FLOAT16;FLOAT16;FLOAT16;FLOAT16;FLOAT16;FLOAT16;FLOAT16;FLOAT16;FLOAT16;FLOAT16;FLOAT16;FLOAT16;FLOAT16;FLOAT16;FLOAT16;FLOAT16;FLOAT16;FLOAT16;FLOAT16;FLOAT16;FLOAT16;FLOAT16;FLOAT16;FLOAT16;FLOAT16;FLOAT16;FLOAT16;FLOAT16;FLOAT16;FLOAT16;FLOAT16;FLOAT16;FLOAT16;FLOAT16;FLOAT16;FLOAT16;FLOAT16;FLOAT16;FLOAT16;FLOAT16;FLOAT16;FLOAT16;FLOAT16;FLOAT16;FLOAT16;FLOAT16;FLOAT16;FLOAT16;FLOAT16;FLOAT16;FLOAT16;FLOAT16;FLOAT16;FLOAT16;FLOAT16;FLOAT16;FLOAT16;FLOAT16;FLOAT16;FLOAT16;FLOAT16,ND;ND;ND;ND;ND;ND;ND;ND;ND;ND;ND;ND;ND;ND;ND;ND;ND;ND;ND;ND;ND;ND;ND;ND;ND;ND;ND;ND;ND;ND;ND;ND;ND;ND;ND;ND;ND;ND;ND;ND;ND;ND;ND;ND;ND;ND;ND;ND;ND;ND;ND;ND;ND;ND;ND;ND;ND;ND;ND;ND;ND;ND;ND;ND,"""64,98448""",FLOAT16,ND,N/A,0.0,0,0.0,0.0,0.0,0.0,0.0,0.0,0.0,0.0,0.0,0.0,0.0,36.2,2389202,0.017,0.0,7.004,0.193,20.975,0.579,11.485,0.317,0.0,0.000
0,4294967295,422,47,aclnnMul_MulAiCore_Mul,Mul,dynamic,AI_VECTOR_CORE,1785697972949352.995	,333.206,0.159000,40,0,NO,"""4096,4096;4096,4096""",FLOAT;FLOAT,ND;ND,"""4096,4096""",FLOAT,ND,N/A,0.0,0,0.0,0.0,0.0,0.0,0.0,0.0,0.0,0.0,0.0,0.0,0.0,330.88,21838048,6.784,0.021,3.025,0.009,329.334,0.995,112.088,0.339,0.0,0.000
0,4294967295,423,47,Concat,Concat,dynamic,AI_VECTOR_CORE,1785697972949686.221	,40.001,0.044000,40,0,NO,"""64,16;64,32;64,64;64,128;64,256;64,512;64,1024;64,2048;64,4096;64,8192;64,16;64,32;64,64;64,128;64,256;64,512;64,1024;64,2048;64,4096;64,8192;64,16;64,32;64,64;64,128;64,256;64,512;64,1024;64,2048;64,4096;64,8192;64,16;64,32;64,64;64,128;64,256;64,512;64,1024;64,2048;64,4096;64,8192;64,16;64,32;64,64;64,128;64,256;64,512;64,1024;64,2048;64,4096;64,8192;64,16;64,32;64,64;64,128;64,256;64,512;64,1024;64,2048;64,4096;64,8192;64,16;64,32;64,64;64,128""",FLOAT16;FLOAT16;FLOAT16;FLOAT16;FLOAT16;FLOAT16;FLOAT16;FLOAT16;FLOAT16;FLOAT16;FLOAT16;FLOAT16;FLOAT16;FLOAT16;FLOAT16;FLOAT16;FLOAT16;FLOAT16;FLOAT16;FLOAT16;FLOAT16;FLOAT16;FLOAT16;FLOAT16;FLOAT16;FLOAT16;FLOAT16;FLOAT16;FLOAT16;FLOAT16;FLOAT16;FLOAT16;FLOAT16;FLOAT16;FLOAT16;FLOAT16;FLOAT16;FLOAT16;FLOAT16;FLOAT16;FLOAT16;FLOAT16;FLOAT16;FLOAT16;FLOAT16;FLOAT16;FLOAT16;FLOAT16;FLOAT16;FLOAT16;FLOAT16;FLOAT16;FLOAT16;FLOAT16;FLOAT16;FLOAT16;FLOAT16;FLOAT16;FLOAT16;FLOAT16;FLOAT16;FLOAT16;FLOAT16;FLOAT16,ND;ND;ND;ND;ND;ND;ND;ND;ND;ND;ND;ND;ND;ND;ND;ND;ND;ND;ND;ND;ND;ND;ND;ND;ND;ND;ND;ND;ND;ND;ND;ND;ND;ND;ND;ND;ND;ND;ND;ND;ND;ND;ND;ND;ND;ND;ND;ND;ND;ND;ND;ND;ND;ND;ND;ND;ND;ND;ND;ND;ND;ND;ND;ND,"""64,98448""",FLOAT16,ND,N/A,0.0,0,0.0,0.0,0.0,0.0,0.0,0.0,0.0,0.0,0.0,0.0,0.0,36.026,2377746,0.017,0.0,7.259,0.202,21.06,0.585,11.159,0.31,0.0,0.000
0,4294967295,424,47,aclnnMul_MulAiCore_Mul,Mul,dynamic,AI_VECTOR_CORE,1785697972949726.262	,332.707,0.000000,40,0,NO,"""4096,4096;4096,4096""",FLOAT;FLOAT,ND;ND,"""4096,4096""",FLOAT,ND,N/A,0.0,0,0.0,0.0,0.0,0.0,0.0,0.0,0.0,0.0,0.0,0.0,0.0,330.683,21825105,6.784,0.021,3.044,0.009,329.125,0.995,110.694,0.335,0.0,0.000
0,4294967295,425,47,Concat,Concat,dynamic,AI_VECTOR_CORE,1785697972950058.989	,41.261,0.043000,40,0,NO,"""64,16;64,32;64,64;64,128;64,256;64,512;64,1024;64,2048;64,4096;64,8192;64,16;64,32;64,64;64,128;64,256;64,512;64,1024;64,2048;64,4096;64,8192;64,16;64,32;64,64;64,128;64,256;64,512;64,1024;64,2048;64,4096;64,8192;64,16;64,32;64,64;64,128;64,256;64,512;64,1024;64,2048;64,4096;64,8192;64,16;64,32;64,64;64,128;64,256;64,512;64,1024;64,2048;64,4096;64,8192;64,16;64,32;64,64;64,128;64,256;64,512;64,1024;64,2048;64,4096;64,8192;64,16;64,32;64,64;64,128""",FLOAT16;FLOAT16;FLOAT16;FLOAT16;FLOAT16;FLOAT16;FLOAT16;FLOAT16;FLOAT16;FLOAT16;FLOAT16;FLOAT16;FLOAT16;FLOAT16;FLOAT16;FLOAT16;FLOAT16;FLOAT16;FLOAT16;FLOAT16;FLOAT16;FLOAT16;FLOAT16;FLOAT16;FLOAT16;FLOAT16;FLOAT16;FLOAT16;FLOAT16;FLOAT16;FLOAT16;FLOAT16;FLOAT16;FLOAT16;FLOAT16;FLOAT16;FLOAT16;FLOAT16;FLOAT16;FLOAT16;FLOAT16;FLOAT16;FLOAT16;FLOAT16;FLOAT16;FLOAT16;FLOAT16;FLOAT16;FLOAT16;FLOAT16;FLOAT16;FLOAT16;FLOAT16;FLOAT16;FLOAT16;FLOAT16;FLOAT16;FLOAT16;FLOAT16;FLOAT16;FLOAT16;FLOAT16;FLOAT16;FLOAT16,ND;ND;ND;ND;ND;ND;ND;ND;ND;ND;ND;ND;ND;ND;ND;ND;ND;ND;ND;ND;ND;ND;ND;ND;ND;ND;ND;ND;ND;ND;ND;ND;ND;ND;ND;ND;ND;ND;ND;ND;ND;ND;ND;ND;ND;ND;ND;ND;ND;ND;ND;ND;ND;ND;ND;ND;ND;ND;ND;ND;ND;ND;ND;ND,"""64,98448""",FLOAT16,ND,N/A,0.0,0,0.0,0.0,0.0,0.0,0.0,0.0,0.0,0.0,0.0,0.0,0.0,38.043,2510865,0.017,0.0,8.813,0.232,21.848,0.574,11.776,0.31,0.0,0.000
0,4294967295,426,47,aclnnMul_MulAiCore_Mul,Mul,dynamic,AI_VECTOR_CORE,1785697972950100.290	,332.826,0.000000,40,0,NO,"""4096,4096;4096,4096""",FLOAT;FLOAT,ND;ND,"""4096,4096""",FLOAT,ND,N/A,0.0,0,0.0,0.0,0.0,0.0,0.0,0.0,0.0,0.0,0.0,0.0,0.0,330.841,21835476,6.784,0.021,2.954,0.009,329.348,0.995,111.012,0.336,0.0,0.000
0,4294967295,427,47,Concat,Concat,dynamic,AI_VECTOR_CORE,1785697972950433.136	,40.541,0.174000,40,0,NO,"""64,16;64,32;64,64;64,128;64,256;64,512;64,1024;64,2048;64,4096;64,8192;64,16;64,32;64,64;64,128;64,256;64,512;64,1024;64,2048;64,4096;64,8192;64,16;64,32;64,64;64,128;64,256;64,512;64,1024;64,2048;64,4096;64,8192;64,16;64,32;64,64;64,128;64,256;64,512;64,1024;64,2048;64,4096;64,8192;64,16;64,32;64,64;64,128;64,256;64,512;64,1024;64,2048;64,4096;64,8192;64,16;64,32;64,64;64,128;64,256;64,512;64,1024;64,2048;64,4096;64,8192;64,16;64,32;64,64;64,128""",FLOAT16;FLOAT16;FLOAT16;FLOAT16;FLOAT16;FLOAT16;FLOAT16;FLOAT16;FLOAT16;FLOAT16;FLOAT16;FLOAT16;FLOAT16;FLOAT16;FLOAT16;FLOAT16;FLOAT16;FLOAT16;FLOAT16;FLOAT16;FLOAT16;FLOAT16;FLOAT16;FLOAT16;FLOAT16;FLOAT16;FLOAT16;FLOAT16;FLOAT16;FLOAT16;FLOAT16;FLOAT16;FLOAT16;FLOAT16;FLOAT16;FLOAT16;FLOAT16;FLOAT16;FLOAT16;FLOAT16;FLOAT16;FLOAT16;FLOAT16;FLOAT16;FLOAT16;FLOAT16;FLOAT16;FLOAT16;FLOAT16;FLOAT16;FLOAT16;FLOAT16;FLOAT16;FLOAT16;FLOAT16;FLOAT16;FLOAT16;FLOAT16;FLOAT16;FLOAT16;FLOAT16;FLOAT16;FLOAT16;FLOAT16,ND;ND;ND;ND;ND;ND;ND;ND;ND;ND;ND;ND;ND;ND;ND;ND;ND;ND;ND;ND;ND;ND;ND;ND;ND;ND;ND;ND;ND;ND;ND;ND;ND;ND;ND;ND;ND;ND;ND;ND;ND;ND;ND;ND;ND;ND;ND;ND;ND;ND;ND;ND;ND;ND;ND;ND;ND;ND;ND;ND;ND;ND;ND;ND,"""64,98448""",FLOAT16,ND,N/A,0.0,0,0.0,0.0,0.0,0.0,0.0,0.0,0.0,0.0,0.0,0.0,0.0,36.36,2399773,0.017,0.0,8.631,0.237,19.91,0.548,11.648,0.32,0.0,0.000
0,4294967295,428,47,aclnnMul_MulAiCore_Mul,Mul,dynamic,AI_VECTOR_CORE,1785697972950473.697	,333.567,0.000000,40,0,NO,"""4096,4096;4096,4096""",FLOAT;FLOAT,ND;ND,"""4096,4096""",FLOAT,ND,N/A,0.0,0,0.0,0.0,0.0,0.0,0.0,0.0,0.0,0.0,0.0,0.0,0.0,331.143,21855446,6.784,0.02,3.041,0.009,329.58,0.995,112.532,0.34,0.0,0.000
0,4294967295,429,47,Concat,Concat,dynamic,AI_VECTOR_CORE,1785697972950807.284	,39.581,0.000000,40,0,NO,"""64,16;64,32;64,64;64,128;64,256;64,512;64,1024;64,2048;64,4096;64,8192;64,16;64,32;64,64;64,128;64,256;64,512;64,1024;64,2048;64,4096;64,8192;64,16;64,32;64,64;64,128;64,256;64,512;64,1024;64,2048;64,4096;64,8192;64,16;64,32;64,64;64,128;64,256;64,512;64,1024;64,2048;64,4096;64,8192;64,16;64,32;64,64;64,128;64,256;64,512;64,1024;64,2048;64,4096;64,8192;64,16;64,32;64,64;64,128;64,256;64,512;64,1024;64,2048;64,4096;64,8192;64,16;64,32;64,64;64,128""",FLOAT16;FLOAT16;FLOAT16;FLOAT16;FLOAT16;FLOAT16;FLOAT16;FLOAT16;FLOAT16;FLOAT16;FLOAT16;FLOAT16;FLOAT16;FLOAT16;FLOAT16;FLOAT16;FLOAT16;FLOAT16;FLOAT16;FLOAT16;FLOAT16;FLOAT16;FLOAT16;FLOAT16;FLOAT16;FLOAT16;FLOAT16;FLOAT16;FLOAT16;FLOAT16;FLOAT16;FLOAT16;FLOAT16;FLOAT16;FLOAT16;FLOAT16;FLOAT16;FLOAT16;FLOAT16;FLOAT16;FLOAT16;FLOAT16;FLOAT16;FLOAT16;FLOAT16;FLOAT16;FLOAT16;FLOAT16;FLOAT16;FLOAT16;FLOAT16;FLOAT16;FLOAT16;FLOAT16;FLOAT16;FLOAT16;FLOAT16;FLOAT16;FLOAT16;FLOAT16;FLOAT16;FLOAT16;FLOAT16;FLOAT16,ND;ND;ND;ND;ND;ND;ND;ND;ND;ND;ND;ND;ND;ND;ND;ND;ND;ND;ND;ND;ND;ND;ND;ND;ND;ND;ND;ND;ND;ND;ND;ND;ND;ND;ND;ND;ND;ND;ND;ND;ND;ND;ND;ND;ND;ND;ND;ND;ND;ND;ND;ND;ND;ND;ND;ND;ND;ND;ND;ND;ND;ND;ND;ND,"""64,98448""",FLOAT16,ND,N/A,0.0,0,0.0,0.0,0.0,0.0,0.0,0.0,0.0,0.0,0.0,0.0,0.0,35.546,2346005,0.017,0.0,8.154,0.229,20.555,0.578,11.223,0.316,0.0,0.000
0,4294967295,430,47,aclnnMul_MulAiCore_Mul,Mul,dynamic,AI_VECTOR_CORE,1785697972950846.885	,333.946,0.169000,40,0,NO,"""4096,4096;4096,4096""",FLOAT;FLOAT,ND;ND,"""4096,4096""",FLOAT,ND,N/A,0.0,0,0.0,0.0,0.0,0.0,0.0,0.0,0.0,0.0,0.0,0.0,0.0,331.135,21854901,6.784,0.02,2.913,0.009,329.656,0.996,113.394,0.342,0.0,0.000
0,4294967295,431,47,Concat,Concat,dynamic,AI_VECTOR_CORE,1785697972951180.851	,38.741,0.000000,40,0,NO,"""64,16;64,32;64,64;64,128;64,256;64,512;64,1024;64,2048;64,4096;64,8192;64,16;64,32;64,64;64,128;64,256;64,512;64,1024;64,2048;64,4096;64,8192;64,16;64,32;64,64;64,128;64,256;64,512;64,1024;64,2048;64,4096;64,8192;64,16;64,32;64,64;64,128;64,256;64,512;64,1024;64,2048;64,4096;64,8192;64,16;64,32;64,64;64,128;64,256;64,512;64,1024;64,2048;64,4096;64,8192;64,16;64,32;64,64;64,128;64,256;64,512;64,1024;64,2048;64,4096;64,8192;64,16;64,32;64,64;64,128""",FLOAT16;FLOAT16;FLOAT16;FLOAT16;FLOAT16;FLOAT16;FLOAT16;FLOAT16;FLOAT16;FLOAT16;FLOAT16;FLOAT16;FLOAT16;FLOAT16;FLOAT16;FLOAT16;FLOAT16;FLOAT16;FLOAT16;FLOAT16;FLOAT16;FLOAT16;FLOAT16;FLOAT16;FLOAT16;FLOAT16;FLOAT16;FLOAT16;FLOAT16;FLOAT16;FLOAT16;FLOAT16;FLOAT16;FLOAT16;FLOAT16;FLOAT16;FLOAT16;FLOAT16;FLOAT16;FLOAT16;FLOAT16;FLOAT16;FLOAT16;FLOAT16;FLOAT16;FLOAT16;FLOAT16;FLOAT16;FLOAT16;FLOAT16;FLOAT16;FLOAT16;FLOAT16;FLOAT16;FLOAT16;FLOAT16;FLOAT16;FLOAT16;FLOAT16;FLOAT16;FLOAT16;FLOAT16;FLOAT16;FLOAT16,ND;ND;ND;ND;ND;ND;ND;ND;ND;ND;ND;ND;ND;ND;ND;ND;ND;ND;ND;ND;ND;ND;ND;ND;ND;ND;ND;ND;ND;ND;ND;ND;ND;ND;ND;ND;ND;ND;ND;ND;ND;ND;ND;ND;ND;ND;ND;ND;ND;ND;ND;ND;ND;ND;ND;ND;ND;ND;ND;ND;ND;ND;ND;ND,"""64,98448""",FLOAT16,ND,N/A,0.0,0,0.0,0.0,0.0,0.0,0.0,0.0,0.0,0.0,0.0,0.0,0.0,35.367,2334245,0.017,0.0,6.987,0.198,20.461,0.579,11.304,0.32,0.0,0.000
0,4294967295,432,47,aclnnMul_MulAiCore_Mul,Mul,dynamic,AI_VECTOR_CORE,1785697972951219.612	,332.047,0.009000,40,0,NO,"""4096,4096;4096,4096""",FLOAT;FLOAT,ND;ND,"""4096,4096""",FLOAT,ND,N/A,0.0,0,0.0,0.0,0.0,0.0,0.0,0.0,0.0,0.0,0.0,0.0,0.0,330.147,21789708,6.784,0.021,3.016,0.009,328.605,0.995,111.464,0.338,0.0,0.000
0,4294967295,433,47,Concat,Concat,dynamic,AI_VECTOR_CORE,1785697972951551.679	,40.880,0.203000,40,0,NO,"""64,16;64,32;64,64;64,128;64,256;64,512;64,1024;64,2048;64,4096;64,8192;64,16;64,32;64,64;64,128;64,256;64,512;64,1024;64,2048;64,4096;64,8192;64,16;64,32;64,64;64,128;64,256;64,512;64,1024;64,2048;64,4096;64,8192;64,16;64,32;64,64;64,128;64,256;64,512;64,1024;64,2048;64,4096;64,8192;64,16;64,32;64,64;64,128;64,256;64,512;64,1024;64,2048;64,4096;64,8192;64,16;64,32;64,64;64,128;64,256;64,512;64,1024;64,2048;64,4096;64,8192;64,16;64,32;64,64;64,128""",FLOAT16;FLOAT16;FLOAT16;FLOAT16;FLOAT16;FLOAT16;FLOAT16;FLOAT16;FLOAT16;FLOAT16;FLOAT16;FLOAT16;FLOAT16;FLOAT16;FLOAT16;FLOAT16;FLOAT16;FLOAT16;FLOAT16;FLOAT16;FLOAT16;FLOAT16;FLOAT16;FLOAT16;FLOAT16;FLOAT16;FLOAT16;FLOAT16;FLOAT16;FLOAT16;FLOAT16;FLOAT16;FLOAT16;FLOAT16;FLOAT16;FLOAT16;FLOAT16;FLOAT16;FLOAT16;FLOAT16;FLOAT16;FLOAT16;FLOAT16;FLOAT16;FLOAT16;FLOAT16;FLOAT16;FLOAT16;FLOAT16;FLOAT16;FLOAT16;FLOAT16;FLOAT16;FLOAT16;FLOAT16;FLOAT16;FLOAT16;FLOAT16;FLOAT16;FLOAT16;FLOAT16;FLOAT16;FLOAT16;FLOAT16,ND;ND;ND;ND;ND;ND;ND;ND;ND;ND;ND;ND;ND;ND;ND;ND;ND;ND;ND;ND;ND;ND;ND;ND;ND;ND;ND;ND;ND;ND;ND;ND;ND;ND;ND;ND;ND;ND;ND;ND;ND;ND;ND;ND;ND;ND;ND;ND;ND;ND;ND;ND;ND;ND;ND;ND;ND;ND;ND;ND;ND;ND;ND;ND,"""64,98448""",FLOAT16,ND,N/A,0.0,0,0.0,0.0,0.0,0.0,0.0,0.0,0.0,0.0,0.0,0.0,0.0,37.371,2466474,0.017,0.0,6.719,0.18,21.872,0.585,11.687,0.313,0.0,0.000
0,4294967295,434,47,aclnnMul_MulAiCore_Mul,Mul,dynamic,AI_VECTOR_CORE,1785697972951592.579	,332.927,0.000000,40,0,NO,"""4096,4096;4096,4096""",FLOAT;FLOAT,ND;ND,"""4096,4096""",FLOAT,ND,N/A,0.0,0,0.0,0.0,0.0,0.0,0.0,0.0,0.0,0.0,0.0,0.0,0.0,330.698,21826042,6.784,0.021,3.128,0.009,329.064,0.995,110.995,0.336,0.0,0.000
0,4294967295,435,47,Concat,Concat,dynamic,AI_VECTOR_CORE,1785697972951925.526	,39.961,0.073000,40,0,NO,"""64,16;64,32;64,64;64,128;64,256;64,512;64,1024;64,2048;64,4096;64,8192;64,16;64,32;64,64;64,128;64,256;64,512;64,1024;64,2048;64,4096;64,8192;64,16;64,32;64,64;64,128;64,256;64,512;64,1024;64,2048;64,4096;64,8192;64,16;64,32;64,64;64,128;64,256;64,512;64,1024;64,2048;64,4096;64,8192;64,16;64,32;64,64;64,128;64,256;64,512;64,1024;64,2048;64,4096;64,8192;64,16;64,32;64,64;64,128;64,256;64,512;64,1024;64,2048;64,4096;64,8192;64,16;64,32;64,64;64,128""",FLOAT16;FLOAT16;FLOAT16;FLOAT16;FLOAT16;FLOAT16;FLOAT16;FLOAT16;FLOAT16;FLOAT16;FLOAT16;FLOAT16;FLOAT16;FLOAT16;FLOAT16;FLOAT16;FLOAT16;FLOAT16;FLOAT16;FLOAT16;FLOAT16;FLOAT16;FLOAT16;FLOAT16;FLOAT16;FLOAT16;FLOAT16;FLOAT16;FLOAT16;FLOAT16;FLOAT16;FLOAT16;FLOAT16;FLOAT16;FLOAT16;FLOAT16;FLOAT16;FLOAT16;FLOAT16;FLOAT16;FLOAT16;FLOAT16;FLOAT16;FLOAT16;FLOAT16;FLOAT16;FLOAT16;FLOAT16;FLOAT16;FLOAT16;FLOAT16;FLOAT16;FLOAT16;FLOAT16;FLOAT16;FLOAT16;FLOAT16;FLOAT16;FLOAT16;FLOAT16;FLOAT16;FLOAT16;FLOAT16;FLOAT16,ND;ND;ND;ND;ND;ND;ND;ND;ND;ND;ND;ND;ND;ND;ND;ND;ND;ND;ND;ND;ND;ND;ND;ND;ND;ND;ND;ND;ND;ND;ND;ND;ND;ND;ND;ND;ND;ND;ND;ND;ND;ND;ND;ND;ND;ND;ND;ND;ND;ND;ND;ND;ND;ND;ND;ND;ND;ND;ND;ND;ND;ND;ND;ND,"""64,98448""",FLOAT16,ND,N/A,0.0,0,0.0,0.0,0.0,0.0,0.0,0.0,0.0,0.0,0.0,0.0,0.0,36.65,2418920,0.017,0.0,7.326,0.2,21.175,0.578,11.695,0.319,0.0,0.000
0,4294967295,436,47,aclnnMul_MulAiCore_Mul,Mul,dynamic,AI_VECTOR_CORE,1785697972951965.527	,332.187,0.039000,40,0,NO,"""4096,4096;4096,4096""",FLOAT;FLOAT,ND;ND,"""4096,4096""",FLOAT,ND,N/A,0.0,0,0.0,0.0,0.0,0.0,0.0,0.0,0.0,0.0,0.0,0.0,0.0,330.237,21795614,6.784,0.021,2.993,0.009,328.697,0.995,112.372,0.34,0.0,0.000
0,4294967295,437,47,Concat,Concat,dynamic,AI_VECTOR_CORE,1785697972952297.734	,39.740,0.063000,40,0,NO,"""64,16;64,32;64,64;64,128;64,256;64,512;64,1024;64,2048;64,4096;64,8192;64,16;64,32;64,64;64,128;64,256;64,512;64,1024;64,2048;64,4096;64,8192;64,16;64,32;64,64;64,128;64,256;64,512;64,1024;64,2048;64,4096;64,8192;64,16;64,32;64,64;64,128;64,256;64,512;64,1024;64,2048;64,4096;64,8192;64,16;64,32;64,64;64,128;64,256;64,512;64,1024;64,2048;64,4096;64,8192;64,16;64,32;64,64;64,128;64,256;64,512;64,1024;64,2048;64,4096;64,8192;64,16;64,32;64,64;64,128""",FLOAT16;FLOAT16;FLOAT16;FLOAT16;FLOAT16;FLOAT16;FLOAT16;FLOAT16;FLOAT16;FLOAT16;FLOAT16;FLOAT16;FLOAT16;FLOAT16;FLOAT16;FLOAT16;FLOAT16;FLOAT16;FLOAT16;FLOAT16;FLOAT16;FLOAT16;FLOAT16;FLOAT16;FLOAT16;FLOAT16;FLOAT16;FLOAT16;FLOAT16;FLOAT16;FLOAT16;FLOAT16;FLOAT16;FLOAT16;FLOAT16;FLOAT16;FLOAT16;FLOAT16;FLOAT16;FLOAT16;FLOAT16;FLOAT16;FLOAT16;FLOAT16;FLOAT16;FLOAT16;FLOAT16;FLOAT16;FLOAT16;FLOAT16;FLOAT16;FLOAT16;FLOAT16;FLOAT16;FLOAT16;FLOAT16;FLOAT16;FLOAT16;FLOAT16;FLOAT16;FLOAT16;FLOAT16;FLOAT16;FLOAT16,ND;ND;ND;ND;ND;ND;ND;ND;ND;ND;ND;ND;ND;ND;ND;ND;ND;ND;ND;ND;ND;ND;ND;ND;ND;ND;ND;ND;ND;ND;ND;ND;ND;ND;ND;ND;ND;ND;ND;ND;ND;ND;ND;ND;ND;ND;ND;ND;ND;ND;ND;ND;ND;ND;ND;ND;ND;ND;ND;ND;ND;ND;ND;ND,"""64,98448""",FLOAT16,ND,N/A,0.0,0,0.0,0.0,0.0,0.0,0.0,0.0,0.0,0.0,0.0,0.0,0.0,35.995,2375668,0.017,0.0,7.032,0.195,20.678,0.574,11.614,0.323,0.0,0.000
0,4294967295,438,47,aclnnMul_MulAiCore_Mul,Mul,dynamic,AI_VECTOR_CORE,1785697972952337.494	,333.047,0.010000,40,0,NO,"""4096,4096;4096,4096""",FLOAT;FLOAT,ND;ND,"""4096,4096""",FLOAT,ND,N/A,0.0,0,0.0,0.0,0.0,0.0,0.0,0.0,0.0,0.0,0.0,0.0,0.0,330.543,21815836,6.784,0.021,3.135,0.009,328.878,0.995,110.076,0.333,0.0,0.000
0,4294967295,439,47,Concat,Concat,dynamic,AI_VECTOR_CORE,1785697972952670.561	,39.201,0.000000,40,0,NO,"""64,16;64,32;64,64;64,128;64,256;64,512;64,1024;64,2048;64,4096;64,8192;64,16;64,32;64,64;64,128;64,256;64,512;64,1024;64,2048;64,4096;64,8192;64,16;64,32;64,64;64,128;64,256;64,512;64,1024;64,2048;64,4096;64,8192;64,16;64,32;64,64;64,128;64,256;64,512;64,1024;64,2048;64,4096;64,8192;64,16;64,32;64,64;64,128;64,256;64,512;64,1024;64,2048;64,4096;64,8192;64,16;64,32;64,64;64,128;64,256;64,512;64,1024;64,2048;64,4096;64,8192;64,16;64,32;64,64;64,128""",FLOAT16;FLOAT16;FLOAT16;FLOAT16;FLOAT16;FLOAT16;FLOAT16;FLOAT16;FLOAT16;FLOAT16;FLOAT16;FLOAT16;FLOAT16;FLOAT16;FLOAT16;FLOAT16;FLOAT16;FLOAT16;FLOAT16;FLOAT16;FLOAT16;FLOAT16;FLOAT16;FLOAT16;FLOAT16;FLOAT16;FLOAT16;FLOAT16;FLOAT16;FLOAT16;FLOAT16;FLOAT16;FLOAT16;FLOAT16;FLOAT16;FLOAT16;FLOAT16;FLOAT16;FLOAT16;FLOAT16;FLOAT16;FLOAT16;FLOAT16;FLOAT16;FLOAT16;FLOAT16;FLOAT16;FLOAT16;FLOAT16;FLOAT16;FLOAT16;FLOAT16;FLOAT16;FLOAT16;FLOAT16;FLOAT16;FLOAT16;FLOAT16;FLOAT16;FLOAT16;FLOAT16;FLOAT16;FLOAT16;FLOAT16,ND;ND;ND;ND;ND;ND;ND;ND;ND;ND;ND;ND;ND;ND;ND;ND;ND;ND;ND;ND;ND;ND;ND;ND;ND;ND;ND;ND;ND;ND;ND;ND;ND;ND;ND;ND;ND;ND;ND;ND;ND;ND;ND;ND;ND;ND;ND;ND;ND;ND;ND;ND;ND;ND;ND;ND;ND;ND;ND;ND;ND;ND;ND;ND,"""64,98448""",FLOAT16,ND,N/A,0.0,0,0.0,0.0,0.0,0.0,0.0,0.0,0.0,0.0,0.0,0.0,0.0,35.949,2372624,0.017,0.0,7.986,0.222,21.28,0.592,10.753,0.299,0.0,0.000
0,4294967295,440,47,aclnnMul_MulAiCore_Mul,Mul,dynamic,AI_VECTOR_CORE,1785697972952709.782	,333.446,0.049000,40,0,NO,"""4096,4096;4096,4096""",FLOAT;FLOAT,ND;ND,"""4096,4096""",FLOAT,ND,N/A,0.0,0,0.0,0.0,0.0,0.0,0.0,0.0,0.0,0.0,0.0,0.0,0.0,330.647,21822704,6.784,0.021,2.929,0.009,329.162,0.996,112.427,0.34,0.0,0.000
0,4294967295,441,47,Concat,Concat,dynamic,AI_VECTOR_CORE,1785697972953043.268	,41.741,0.054000,40,0,NO,"""64,16;64,32;64,64;64,128;64,256;64,512;64,1024;64,2048;64,4096;64,8192;64,16;64,32;64,64;64,128;64,256;64,512;64,1024;64,2048;64,4096;64,8192;64,16;64,32;64,64;64,128;64,256;64,512;64,1024;64,2048;64,4096;64,8192;64,16;64,32;64,64;64,128;64,256;64,512;64,1024;64,2048;64,4096;64,8192;64,16;64,32;64,64;64,128;64,256;64,512;64,1024;64,2048;64,4096;64,8192;64,16;64,32;64,64;64,128;64,256;64,512;64,1024;64,2048;64,4096;64,8192;64,16;64,32;64,64;64,128""",FLOAT16;FLOAT16;FLOAT16;FLOAT16;FLOAT16;FLOAT16;FLOAT16;FLOAT16;FLOAT16;FLOAT16;FLOAT16;FLOAT16;FLOAT16;FLOAT16;FLOAT16;FLOAT16;FLOAT16;FLOAT16;FLOAT16;FLOAT16;FLOAT16;FLOAT16;FLOAT16;FLOAT16;FLOAT16;FLOAT16;FLOAT16;FLOAT16;FLOAT16;FLOAT16;FLOAT16;FLOAT16;FLOAT16;FLOAT16;FLOAT16;FLOAT16;FLOAT16;FLOAT16;FLOAT16;FLOAT16;FLOAT16;FLOAT16;FLOAT16;FLOAT16;FLOAT16;FLOAT16;FLOAT16;FLOAT16;FLOAT16;FLOAT16;FLOAT16;FLOAT16;FLOAT16;FLOAT16;FLOAT16;FLOAT16;FLOAT16;FLOAT16;FLOAT16;FLOAT16;FLOAT16;FLOAT16;FLOAT16;FLOAT16,ND;ND;ND;ND;ND;ND;ND;ND;ND;ND;ND;ND;ND;ND;ND;ND;ND;ND;ND;ND;ND;ND;ND;ND;ND;ND;ND;ND;ND;ND;ND;ND;ND;ND;ND;ND;ND;ND;ND;ND;ND;ND;ND;ND;ND;ND;ND;ND;ND;ND;ND;ND;ND;ND;ND;ND;ND;ND;ND;ND;ND;ND;ND;ND,"""64,98448""",FLOAT16,ND,N/A,0.0,0,0.0,0.0,0.0,0.0,0.0,0.0,0.0,0.0,0.0,0.0,0.0,38.4,2534403,0.017,0.0,8.449,0.22,22.339,0.582,11.214,0.292,0.0,0.000
0,4294967295,442,47,aclnnMul_MulAiCore_Mul,Mul,dynamic,AI_VECTOR_CORE,1785697972953085.029	,333.767,0.009000,40,0,NO,"""4096,4096;4096,4096""",FLOAT;FLOAT,ND;ND,"""4096,4096""",FLOAT,ND,N/A,0.0,0,0.0,0.0,0.0,0.0,0.0,0.0,0.0,0.0,0.0,0.0,0.0,331.207,21859654,6.784,0.02,3.025,0.009,329.639,0.995,111.416,0.336,0.0,0.000
0,4294967295,443,47,Concat,Concat,dynamic,AI_VECTOR_CORE,1785697972953418.836	,40.281,0.000000,40,0,NO,"""64,16;64,32;64,64;64,128;64,256;64,512;64,1024;64,2048;64,4096;64,8192;64,16;64,32;64,64;64,128;64,256;64,512;64,1024;64,2048;64,4096;64,8192;64,16;64,32;64,64;64,128;64,256;64,512;64,1024;64,2048;64,4096;64,8192;64,16;64,32;64,64;64,128;64,256;64,512;64,1024;64,2048;64,4096;64,8192;64,16;64,32;64,64;64,128;64,256;64,512;64,1024;64,2048;64,4096;64,8192;64,16;64,32;64,64;64,128;64,256;64,512;64,1024;64,2048;64,4096;64,8192;64,16;64,32;64,64;64,128""",FLOAT16;FLOAT16;FLOAT16;FLOAT16;FLOAT16;FLOAT16;FLOAT16;FLOAT16;FLOAT16;FLOAT16;FLOAT16;FLOAT16;FLOAT16;FLOAT16;FLOAT16;FLOAT16;FLOAT16;FLOAT16;FLOAT16;FLOAT16;FLOAT16;FLOAT16;FLOAT16;FLOAT16;FLOAT16;FLOAT16;FLOAT16;FLOAT16;FLOAT16;FLOAT16;FLOAT16;FLOAT16;FLOAT16;FLOAT16;FLOAT16;FLOAT16;FLOAT16;FLOAT16;FLOAT16;FLOAT16;FLOAT16;FLOAT16;FLOAT16;FLOAT16;FLOAT16;FLOAT16;FLOAT16;FLOAT16;FLOAT16;FLOAT16;FLOAT16;FLOAT16;FLOAT16;FLOAT16;FLOAT16;FLOAT16;FLOAT16;FLOAT16;FLOAT16;FLOAT16;FLOAT16;FLOAT16;FLOAT16;FLOAT16,ND;ND;ND;ND;ND;ND;ND;ND;ND;ND;ND;ND;ND;ND;ND;ND;ND;ND;ND;ND;ND;ND;ND;ND;ND;ND;ND;ND;ND;ND;ND;ND;ND;ND;ND;ND;ND;ND;ND;ND;ND;ND;ND;ND;ND;ND;ND;ND;ND;ND;ND;ND;ND;ND;ND;ND;ND;ND;ND;ND;ND;ND;ND;ND,"""64,98448""",FLOAT16,ND,N/A,0.0,0,0.0,0.0,0.0,0.0,0.0,0.0,0.0,0.0,0.0,0.0,0.0,36.767,2426649,0.017,0.0,8.44,0.23,21.595,0.587,11.188,0.304,0.0,0.000
0,4294967295,444,47,aclnnMul_MulAiCore_Mul,Mul,dynamic,AI_VECTOR_CORE,1785697972953459.137	,332.246,0.219000,40,0,NO,"""4096,4096;4096,4096""",FLOAT;FLOAT,ND;ND,"""4096,4096""",FLOAT,ND,N/A,0.0,0,0.0,0.0,0.0,0.0,0.0,0.0,0.0,0.0,0.0,0.0,0.0,330.41,21807041,6.784,0.021,2.935,0.009,328.98,0.996,110.92,0.336,0.0,0.000
0,4294967295,445,47,Concat,Concat,dynamic,AI_VECTOR_CORE,1785697972953791.403	,39.301,0.004000,40,0,NO,"""64,16;64,32;64,64;64,128;64,256;64,512;64,1024;64,2048;64,4096;64,8192;64,16;64,32;64,64;64,128;64,256;64,512;64,1024;64,2048;64,4096;64,8192;64,16;64,32;64,64;64,128;64,256;64,512;64,1024;64,2048;64,4096;64,8192;64,16;64,32;64,64;64,128;64,256;64,512;64,1024;64,2048;64,4096;64,8192;64,16;64,32;64,64;64,128;64,256;64,512;64,1024;64,2048;64,4096;64,8192;64,16;64,32;64,64;64,128;64,256;64,512;64,1024;64,2048;64,4096;64,8192;64,16;64,32;64,64;64,128""",FLOAT16;FLOAT16;FLOAT16;FLOAT16;FLOAT16;FLOAT16;FLOAT16;FLOAT16;FLOAT16;FLOAT16;FLOAT16;FLOAT16;FLOAT16;FLOAT16;FLOAT16;FLOAT16;FLOAT16;FLOAT16;FLOAT16;FLOAT16;FLOAT16;FLOAT16;FLOAT16;FLOAT16;FLOAT16;FLOAT16;FLOAT16;FLOAT16;FLOAT16;FLOAT16;FLOAT16;FLOAT16;FLOAT16;FLOAT16;FLOAT16;FLOAT16;FLOAT16;FLOAT16;FLOAT16;FLOAT16;FLOAT16;FLOAT16;FLOAT16;FLOAT16;FLOAT16;FLOAT16;FLOAT16;FLOAT16;FLOAT16;FLOAT16;FLOAT16;FLOAT16;FLOAT16;FLOAT16;FLOAT16;FLOAT16;FLOAT16;FLOAT16;FLOAT16;FLOAT16;FLOAT16;FLOAT16;FLOAT16;FLOAT16,ND;ND;ND;ND;ND;ND;ND;ND;ND;ND;ND;ND;ND;ND;ND;ND;ND;ND;ND;ND;ND;ND;ND;ND;ND;ND;ND;ND;ND;ND;ND;ND;ND;ND;ND;ND;ND;ND;ND;ND;ND;ND;ND;ND;ND;ND;ND;ND;ND;ND;ND;ND;ND;ND;ND;ND;ND;ND;ND;ND;ND;ND;ND;ND,"""64,98448""",FLOAT16,ND,N/A,0.0,0,0.0,0.0,0.0,0.0,0.0,0.0,0.0,0.0,0.0,0.0,0.0,35.609,2350208,0.017,0.0,8.146,0.229,20.972,0.589,10.811,0.304,0.0,0.000
0,4294967295,446,47,aclnnMul_MulAiCore_Mul,Mul,dynamic,AI_VECTOR_CORE,1785697972953830.724	,332.407,0.000000,40,0,NO,"""4096,4096;4096,4096""",FLOAT;FLOAT,ND;ND,"""4096,4096""",FLOAT,ND,N/A,0.0,0,0.0,0.0,0.0,0.0,0.0,0.0,0.0,0.0,0.0,0.0,0.0,330.549,21816220,6.784,0.021,3.04,0.009,328.984,0.995,112.526,0.34,0.0,0.000
0,4294967295,447,47,Concat,Concat,dynamic,AI_VECTOR_CORE,1785697972954163.151	,39.661,0.093000,40,0,NO,"""64,16;64,32;64,64;64,128;64,256;64,512;64,1024;64,2048;64,4096;64,8192;64,16;64,32;64,64;64,128;64,256;64,512;64,1024;64,2048;64,4096;64,8192;64,16;64,32;64,64;64,128;64,256;64,512;64,1024;64,2048;64,4096;64,8192;64,16;64,32;64,64;64,128;64,256;64,512;64,1024;64,2048;64,4096;64,8192;64,16;64,32;64,64;64,128;64,256;64,512;64,1024;64,2048;64,4096;64,8192;64,16;64,32;64,64;64,128;64,256;64,512;64,1024;64,2048;64,4096;64,8192;64,16;64,32;64,64;64,128""",FLOAT16;FLOAT16;FLOAT16;FLOAT16;FLOAT16;FLOAT16;FLOAT16;FLOAT16;FLOAT16;FLOAT16;FLOAT16;FLOAT16;FLOAT16;FLOAT16;FLOAT16;FLOAT16;FLOAT16;FLOAT16;FLOAT16;FLOAT16;FLOAT16;FLOAT16;FLOAT16;FLOAT16;FLOAT16;FLOAT16;FLOAT16;FLOAT16;FLOAT16;FLOAT16;FLOAT16;FLOAT16;FLOAT16;FLOAT16;FLOAT16;FLOAT16;FLOAT16;FLOAT16;FLOAT16;FLOAT16;FLOAT16;FLOAT16;FLOAT16;FLOAT16;FLOAT16;FLOAT16;FLOAT16;FLOAT16;FLOAT16;FLOAT16;FLOAT16;FLOAT16;FLOAT16;FLOAT16;FLOAT16;FLOAT16;FLOAT16;FLOAT16;FLOAT16;FLOAT16;FLOAT16;FLOAT16;FLOAT16;FLOAT16,ND;ND;ND;ND;ND;ND;ND;ND;ND;ND;ND;ND;ND;ND;ND;ND;ND;ND;ND;ND;ND;ND;ND;ND;ND;ND;ND;ND;ND;ND;ND;ND;ND;ND;ND;ND;ND;ND;ND;ND;ND;ND;ND;ND;ND;ND;ND;ND;ND;ND;ND;ND;ND;ND;ND;ND;ND;ND;ND;ND;ND;ND;ND;ND,"""64,98448""",FLOAT16,ND,N/A,0.0,0,0.0,0.0,0.0,0.0,0.0,0.0,0.0,0.0,0.0,0.0,0.0,35.298,2329655,0.017,0.0,7.2,0.204,20.601,0.584,10.929,0.31,0.0,0.000
0,4294967295,448,47,aclnnMul_MulAiCore_Mul,Mul,dynamic,AI_VECTOR_CORE,1785697972954202.832	,332.746,0.000000,40,0,NO,"""4096,4096;4096,4096""",FLOAT;FLOAT,ND;ND,"""4096,4096""",FLOAT,ND,N/A,0.0,0,0.0,0.0,0.0,0.0,0.0,0.0,0.0,0.0,0.0,0.0,0.0,330.978,21844545,6.784,0.02,2.929,0.009,329.527,0.996,111.564,0.337,0.0,0.000
0,4294967295,449,47,Concat,Concat,dynamic,AI_VECTOR_CORE,1785697972954535.598	,40.441,0.004000,40,0,NO,"""64,16;64,32;64,64;64,128;64,256;64,512;64,1024;64,2048;64,4096;64,8192;64,16;64,32;64,64;64,128;64,256;64,512;64,1024;64,2048;64,4096;64,8192;64,16;64,32;64,64;64,128;64,256;64,512;64,1024;64,2048;64,4096;64,8192;64,16;64,32;64,64;64,128;64,256;64,512;64,1024;64,2048;64,4096;64,8192;64,16;64,32;64,64;64,128;64,256;64,512;64,1024;64,2048;64,4096;64,8192;64,16;64,32;64,64;64,128;64,256;64,512;64,1024;64,2048;64,4096;64,8192;64,16;64,32;64,64;64,128""",FLOAT16;FLOAT16;FLOAT16;FLOAT16;FLOAT16;FLOAT16;FLOAT16;FLOAT16;FLOAT16;FLOAT16;FLOAT16;FLOAT16;FLOAT16;FLOAT16;FLOAT16;FLOAT16;FLOAT16;FLOAT16;FLOAT16;FLOAT16;FLOAT16;FLOAT16;FLOAT16;FLOAT16;FLOAT16;FLOAT16;FLOAT16;FLOAT16;FLOAT16;FLOAT16;FLOAT16;FLOAT16;FLOAT16;FLOAT16;FLOAT16;FLOAT16;FLOAT16;FLOAT16;FLOAT16;FLOAT16;FLOAT16;FLOAT16;FLOAT16;FLOAT16;FLOAT16;FLOAT16;FLOAT16;FLOAT16;FLOAT16;FLOAT16;FLOAT16;FLOAT16;FLOAT16;FLOAT16;FLOAT16;FLOAT16;FLOAT16;FLOAT16;FLOAT16;FLOAT16;FLOAT16;FLOAT16;FLOAT16;FLOAT16,ND;ND;ND;ND;ND;ND;ND;ND;ND;ND;ND;ND;ND;ND;ND;ND;ND;ND;ND;ND;ND;ND;ND;ND;ND;ND;ND;ND;ND;ND;ND;ND;ND;ND;ND;ND;ND;ND;ND;ND;ND;ND;ND;ND;ND;ND;ND;ND;ND;ND;ND;ND;ND;ND;ND;ND;ND;ND;ND;ND;ND;ND;ND;ND,"""64,98448""",FLOAT16,ND,N/A,0.0,0,0.0,0.0,0.0,0.0,0.0,0.0,0.0,0.0,0.0,0.0,0.0,36.334,2398023,0.017,0.0,7.773,0.214,20.959,0.577,11.597,0.319,0.0,0.000
0,4294967295,450,47,aclnnMul_MulAiCore_Mul,Mul,dynamic,AI_VECTOR_CORE,1785697972954576.059	,333.487,0.059000,40,0,NO,"""4096,4096;4096,4096""",FLOAT;FLOAT,ND;ND,"""4096,4096""",FLOAT,ND,N/A,0.0,0,0.0,0.0,0.0,0.0,0.0,0.0,0.0,0.0,0.0,0.0,0.0,331.469,21876980,6.784,0.02,3.026,0.009,329.922,0.995,112.978,0.341,0.0,0.000
0,4294967295,451,47,Concat,Concat,dynamic,AI_VECTOR_CORE,1785697972954909.566	,41.041,0.013000,40,0,NO,"""64,16;64,32;64,64;64,128;64,256;64,512;64,1024;64,2048;64,4096;64,8192;64,16;64,32;64,64;64,128;64,256;64,512;64,1024;64,2048;64,4096;64,8192;64,16;64,32;64,64;64,128;64,256;64,512;64,1024;64,2048;64,4096;64,8192;64,16;64,32;64,64;64,128;64,256;64,512;64,1024;64,2048;64,4096;64,8192;64,16;64,32;64,64;64,128;64,256;64,512;64,1024;64,2048;64,4096;64,8192;64,16;64,32;64,64;64,128;64,256;64,512;64,1024;64,2048;64,4096;64,8192;64,16;64,32;64,64;64,128""",FLOAT16;FLOAT16;FLOAT16;FLOAT16;FLOAT16;FLOAT16;FLOAT16;FLOAT16;FLOAT16;FLOAT16;FLOAT16;FLOAT16;FLOAT16;FLOAT16;FLOAT16;FLOAT16;FLOAT16;FLOAT16;FLOAT16;FLOAT16;FLOAT16;FLOAT16;FLOAT16;FLOAT16;FLOAT16;FLOAT16;FLOAT16;FLOAT16;FLOAT16;FLOAT16;FLOAT16;FLOAT16;FLOAT16;FLOAT16;FLOAT16;FLOAT16;FLOAT16;FLOAT16;FLOAT16;FLOAT16;FLOAT16;FLOAT16;FLOAT16;FLOAT16;FLOAT16;FLOAT16;FLOAT16;FLOAT16;FLOAT16;FLOAT16;FLOAT16;FLOAT16;FLOAT16;FLOAT16;FLOAT16;FLOAT16;FLOAT16;FLOAT16;FLOAT16;FLOAT16;FLOAT16;FLOAT16;FLOAT16;FLOAT16,ND;ND;ND;ND;ND;ND;ND;ND;ND;ND;ND;ND;ND;ND;ND;ND;ND;ND;ND;ND;ND;ND;ND;ND;ND;ND;ND;ND;ND;ND;ND;ND;ND;ND;ND;ND;ND;ND;ND;ND;ND;ND;ND;ND;ND;ND;ND;ND;ND;ND;ND;ND;ND;ND;ND;ND;ND;ND;ND;ND;ND;ND;ND;ND,"""64,98448""",FLOAT16,ND,N/A,0.0,0,0.0,0.0,0.0,0.0,0.0,0.0,0.0,0.0,0.0,0.0,0.0,37.328,2463668,0.017,0.0,6.809,0.182,21.774,0.583,11.867,0.318,0.0,0.000
0,4294967295,452,47,aclnnMul_MulAiCore_Mul,Mul,dynamic,AI_VECTOR_CORE,1785697972954950.627	,333.186,0.209000,40,0,NO,"""4096,4096;4096,4096""",FLOAT;FLOAT,ND;ND,"""4096,4096""",FLOAT,ND,N/A,0.0,0,0.0,0.0,0.0,0.0,0.0,0.0,0.0,0.0,0.0,0.0,0.0,331.054,21849565,6.784,0.02,2.966,0.009,329.506,0.995,111.264,0.336,0.0,0.000
0,4294967295,453,47,Concat,Concat,dynamic,AI_VECTOR_CORE,1785697972955283.833	,39.941,0.000000,40,0,NO,"""64,16;64,32;64,64;64,128;64,256;64,512;64,1024;64,2048;64,4096;64,8192;64,16;64,32;64,64;64,128;64,256;64,512;64,1024;64,2048;64,4096;64,8192;64,16;64,32;64,64;64,128;64,256;64,512;64,1024;64,2048;64,4096;64,8192;64,16;64,32;64,64;64,128;64,256;64,512;64,1024;64,2048;64,4096;64,8192;64,16;64,32;64,64;64,128;64,256;64,512;64,1024;64,2048;64,4096;64,8192;64,16;64,32;64,64;64,128;64,256;64,512;64,1024;64,2048;64,4096;64,8192;64,16;64,32;64,64;64,128""",FLOAT16;FLOAT16;FLOAT16;FLOAT16;FLOAT16;FLOAT16;FLOAT16;FLOAT16;FLOAT16;FLOAT16;FLOAT16;FLOAT16;FLOAT16;FLOAT16;FLOAT16;FLOAT16;FLOAT16;FLOAT16;FLOAT16;FLOAT16;FLOAT16;FLOAT16;FLOAT16;FLOAT16;FLOAT16;FLOAT16;FLOAT16;FLOAT16;FLOAT16;FLOAT16;FLOAT16;FLOAT16;FLOAT16;FLOAT16;FLOAT16;FLOAT16;FLOAT16;FLOAT16;FLOAT16;FLOAT16;FLOAT16;FLOAT16;FLOAT16;FLOAT16;FLOAT16;FLOAT16;FLOAT16;FLOAT16;FLOAT16;FLOAT16;FLOAT16;FLOAT16;FLOAT16;FLOAT16;FLOAT16;FLOAT16;FLOAT16;FLOAT16;FLOAT16;FLOAT16;FLOAT16;FLOAT16;FLOAT16;FLOAT16,ND;ND;ND;ND;ND;ND;ND;ND;ND;ND;ND;ND;ND;ND;ND;ND;ND;ND;ND;ND;ND;ND;ND;ND;ND;ND;ND;ND;ND;ND;ND;ND;ND;ND;ND;ND;ND;ND;ND;ND;ND;ND;ND;ND;ND;ND;ND;ND;ND;ND;ND;ND;ND;ND;ND;ND;ND;ND;ND;ND;ND;ND;ND;ND,"""64,98448""",FLOAT16,ND,N/A,0.0,0,0.0,0.0,0.0,0.0,0.0,0.0,0.0,0.0,0.0,0.0,0.0,36.016,2377023,0.017,0.0,7.79,0.216,21.19,0.588,10.907,0.303,0.0,0.000
0,4294967295,454,47,aclnnMul_MulAiCore_Mul,Mul,dynamic,AI_VECTOR_CORE,1785697972955323.794	,332.507,0.059000,40,0,NO,"""4096,4096;4096,4096""",FLOAT;FLOAT,ND;ND,"""4096,4096""",FLOAT,ND,N/A,0.0,0,0.0,0.0,0.0,0.0,0.0,0.0,0.0,0.0,0.0,0.0,0.0,330.214,21794117,6.784,0.021,3.045,0.009,328.653,0.995,111.25,0.337,0.0,0.000
0,4294967295,455,47,Concat,Concat,dynamic,AI_VECTOR_CORE,1785697972955656.321	,39.480,0.000000,40,0,NO,"""64,16;64,32;64,64;64,128;64,256;64,512;64,1024;64,2048;64,4096;64,8192;64,16;64,32;64,64;64,128;64,256;64,512;64,1024;64,2048;64,4096;64,8192;64,16;64,32;64,64;64,128;64,256;64,512;64,1024;64,2048;64,4096;64,8192;64,16;64,32;64,64;64,128;64,256;64,512;64,1024;64,2048;64,4096;64,8192;64,16;64,32;64,64;64,128;64,256;64,512;64,1024;64,2048;64,4096;64,8192;64,16;64,32;64,64;64,128;64,256;64,512;64,1024;64,2048;64,4096;64,8192;64,16;64,32;64,64;64,128""",FLOAT16;FLOAT16;FLOAT16;FLOAT16;FLOAT16;FLOAT16;FLOAT16;FLOAT16;FLOAT16;FLOAT16;FLOAT16;FLOAT16;FLOAT16;FLOAT16;FLOAT16;FLOAT16;FLOAT16;FLOAT16;FLOAT16;FLOAT16;FLOAT16;FLOAT16;FLOAT16;FLOAT16;FLOAT16;FLOAT16;FLOAT16;FLOAT16;FLOAT16;FLOAT16;FLOAT16;FLOAT16;FLOAT16;FLOAT16;FLOAT16;FLOAT16;FLOAT16;FLOAT16;FLOAT16;FLOAT16;FLOAT16;FLOAT16;FLOAT16;FLOAT16;FLOAT16;FLOAT16;FLOAT16;FLOAT16;FLOAT16;FLOAT16;FLOAT16;FLOAT16;FLOAT16;FLOAT16;FLOAT16;FLOAT16;FLOAT16;FLOAT16;FLOAT16;FLOAT16;FLOAT16;FLOAT16;FLOAT16;FLOAT16,ND;ND;ND;ND;ND;ND;ND;ND;ND;ND;ND;ND;ND;ND;ND;ND;ND;ND;ND;ND;ND;ND;ND;ND;ND;ND;ND;ND;ND;ND;ND;ND;ND;ND;ND;ND;ND;ND;ND;ND;ND;ND;ND;ND;ND;ND;ND;ND;ND;ND;ND;ND;ND;ND;ND;ND;ND;ND;ND;ND;ND;ND;ND;ND,"""64,98448""",FLOAT16,ND,N/A,0.0,0,0.0,0.0,0.0,0.0,0.0,0.0,0.0,0.0,0.0,0.0,0.0,36.542,2411787,0.017,0.0,7.492,0.205,21.131,0.578,11.739,0.321,0.0,0.000
0,4294967295,456,47,aclnnMul_MulAiCore_Mul,Mul,dynamic,AI_VECTOR_CORE,1785697972955695.821	,333.527,0.020000,40,0,NO,"""4096,4096;4096,4096""",FLOAT;FLOAT,ND;ND,"""4096,4096""",FLOAT,ND,N/A,0.0,0,0.0,0.0,0.0,0.0,0.0,0.0,0.0,0.0,0.0,0.0,0.0,331.394,21872035,6.784,0.02,3.011,0.009,329.822,0.995,111.341,0.336,0.0,0.000
0,4294967295,457,47,Concat,Concat,dynamic,AI_VECTOR_CORE,1785697972956029.368	,40.741,0.000000,40,0,NO,"""64,16;64,32;64,64;64,128;64,256;64,512;64,1024;64,2048;64,4096;64,8192;64,16;64,32;64,64;64,128;64,256;64,512;64,1024;64,2048;64,4096;64,8192;64,16;64,32;64,64;64,128;64,256;64,512;64,1024;64,2048;64,4096;64,8192;64,16;64,32;64,64;64,128;64,256;64,512;64,1024;64,2048;64,4096;64,8192;64,16;64,32;64,64;64,128;64,256;64,512;64,1024;64,2048;64,4096;64,8192;64,16;64,32;64,64;64,128;64,256;64,512;64,1024;64,2048;64,4096;64,8192;64,16;64,32;64,64;64,128""",FLOAT16;FLOAT16;FLOAT16;FLOAT16;FLOAT16;FLOAT16;FLOAT16;FLOAT16;FLOAT16;FLOAT16;FLOAT16;FLOAT16;FLOAT16;FLOAT16;FLOAT16;FLOAT16;FLOAT16;FLOAT16;FLOAT16;FLOAT16;FLOAT16;FLOAT16;FLOAT16;FLOAT16;FLOAT16;FLOAT16;FLOAT16;FLOAT16;FLOAT16;FLOAT16;FLOAT16;FLOAT16;FLOAT16;FLOAT16;FLOAT16;FLOAT16;FLOAT16;FLOAT16;FLOAT16;FLOAT16;FLOAT16;FLOAT16;FLOAT16;FLOAT16;FLOAT16;FLOAT16;FLOAT16;FLOAT16;FLOAT16;FLOAT16;FLOAT16;FLOAT16;FLOAT16;FLOAT16;FLOAT16;FLOAT16;FLOAT16;FLOAT16;FLOAT16;FLOAT16;FLOAT16;FLOAT16;FLOAT16;FLOAT16,ND;ND;ND;ND;ND;ND;ND;ND;ND;ND;ND;ND;ND;ND;ND;ND;ND;ND;ND;ND;ND;ND;ND;ND;ND;ND;ND;ND;ND;ND;ND;ND;ND;ND;ND;ND;ND;ND;ND;ND;ND;ND;ND;ND;ND;ND;ND;ND;ND;ND;ND;ND;ND;ND;ND;ND;ND;ND;ND;ND;ND;ND;ND;ND,"""64,98448""",FLOAT16,ND,N/A,0.0,0,0.0,0.0,0.0,0.0,0.0,0.0,0.0,0.0,0.0,0.0,0.0,36.853,2432317,0.017,0.0,7.823,0.212,20.962,0.569,11.658,0.316,0.0,0.000
0,4294967295,458,47,aclnnMul_MulAiCore_Mul,Mul,dynamic,AI_VECTOR_CORE,1785697972956070.129	,334.187,0.259000,40,0,NO,"""4096,4096;4096,4096""",FLOAT;FLOAT,ND;ND,"""4096,4096""",FLOAT,ND,N/A,0.0,0,0.0,0.0,0.0,0.0,0.0,0.0,0.0,0.0,0.0,0.0,0.0,332.109,21919178,6.784,0.02,3.1,0.009,330.433,0.995,112.484,0.339,0.0,0.000
0,4294967295,459,47,Concat,Concat,dynamic,AI_VECTOR_CORE,1785697972956404.356	,41.360,0.000000,40,0,NO,"""64,16;64,32;64,64;64,128;64,256;64,512;64,1024;64,2048;64,4096;64,8192;64,16;64,32;64,64;64,128;64,256;64,512;64,1024;64,2048;64,4096;64,8192;64,16;64,32;64,64;64,128;64,256;64,512;64,1024;64,2048;64,4096;64,8192;64,16;64,32;64,64;64,128;64,256;64,512;64,1024;64,2048;64,4096;64,8192;64,16;64,32;64,64;64,128;64,256;64,512;64,1024;64,2048;64,4096;64,8192;64,16;64,32;64,64;64,128;64,256;64,512;64,1024;64,2048;64,4096;64,8192;64,16;64,32;64,64;64,128""",FLOAT16;FLOAT16;FLOAT16;FLOAT16;FLOAT16;FLOAT16;FLOAT16;FLOAT16;FLOAT16;FLOAT16;FLOAT16;FLOAT16;FLOAT16;FLOAT16;FLOAT16;FLOAT16;FLOAT16;FLOAT16;FLOAT16;FLOAT16;FLOAT16;FLOAT16;FLOAT16;FLOAT16;FLOAT16;FLOAT16;FLOAT16;FLOAT16;FLOAT16;FLOAT16;FLOAT16;FLOAT16;FLOAT16;FLOAT16;FLOAT16;FLOAT16;FLOAT16;FLOAT16;FLOAT16;FLOAT16;FLOAT16;FLOAT16;FLOAT16;FLOAT16;FLOAT16;FLOAT16;FLOAT16;FLOAT16;FLOAT16;FLOAT16;FLOAT16;FLOAT16;FLOAT16;FLOAT16;FLOAT16;FLOAT16;FLOAT16;FLOAT16;FLOAT16;FLOAT16;FLOAT16;FLOAT16;FLOAT16;FLOAT16,ND;ND;ND;ND;ND;ND;ND;ND;ND;ND;ND;ND;ND;ND;ND;ND;ND;ND;ND;ND;ND;ND;ND;ND;ND;ND;ND;ND;ND;ND;ND;ND;ND;ND;ND;ND;ND;ND;ND;ND;ND;ND;ND;ND;ND;ND;ND;ND;ND;ND;ND;ND;ND;ND;ND;ND;ND;ND;ND;ND;ND;ND;ND;ND,"""64,98448""",FLOAT16,ND,N/A,0.0,0,0.0,0.0,0.0,0.0,0.0,0.0,0.0,0.0,0.0,0.0,0.0,38.002,2508160,0.017,0.0,9.571,0.252,21.806,0.574,11.395,0.3,0.0,0.000
0,4294967295,460,47,aclnnMul_MulAiCore_Mul,Mul,dynamic,AI_VECTOR_CORE,1785697972956445.736	,333.707,0.140000,40,0,NO,"""4096,4096;4096,4096""",FLOAT;FLOAT,ND;ND,"""4096,4096""",FLOAT,ND,N/A,0.0,0,0.0,0.0,0.0,0.0,0.0,0.0,0.0,0.0,0.0,0.0,0.0,331.297,21865605,6.784,0.02,3.033,0.009,329.656,0.995,113.008,0.341,0.0,0.000
0,4294967295,461,47,Concat,Concat,dynamic,AI_VECTOR_CORE,1785697972956779.463	,38.781,0.043000,40,0,NO,"""64,16;64,32;64,64;64,128;64,256;64,512;64,1024;64,2048;64,4096;64,8192;64,16;64,32;64,64;64,128;64,256;64,512;64,1024;64,2048;64,4096;64,8192;64,16;64,32;64,64;64,128;64,256;64,512;64,1024;64,2048;64,4096;64,8192;64,16;64,32;64,64;64,128;64,256;64,512;64,1024;64,2048;64,4096;64,8192;64,16;64,32;64,64;64,128;64,256;64,512;64,1024;64,2048;64,4096;64,8192;64,16;64,32;64,64;64,128;64,256;64,512;64,1024;64,2048;64,4096;64,8192;64,16;64,32;64,64;64,128""",FLOAT16;FLOAT16;FLOAT16;FLOAT16;FLOAT16;FLOAT16;FLOAT16;FLOAT16;FLOAT16;FLOAT16;FLOAT16;FLOAT16;FLOAT16;FLOAT16;FLOAT16;FLOAT16;FLOAT16;FLOAT16;FLOAT16;FLOAT16;FLOAT16;FLOAT16;FLOAT16;FLOAT16;FLOAT16;FLOAT16;FLOAT16;FLOAT16;FLOAT16;FLOAT16;FLOAT16;FLOAT16;FLOAT16;FLOAT16;FLOAT16;FLOAT16;FLOAT16;FLOAT16;FLOAT16;FLOAT16;FLOAT16;FLOAT16;FLOAT16;FLOAT16;FLOAT16;FLOAT16;FLOAT16;FLOAT16;FLOAT16;FLOAT16;FLOAT16;FLOAT16;FLOAT16;FLOAT16;FLOAT16;FLOAT16;FLOAT16;FLOAT16;FLOAT16;FLOAT16;FLOAT16;FLOAT16;FLOAT16;FLOAT16,ND;ND;ND;ND;ND;ND;ND;ND;ND;ND;ND;ND;ND;ND;ND;ND;ND;ND;ND;ND;ND;ND;ND;ND;ND;ND;ND;ND;ND;ND;ND;ND;ND;ND;ND;ND;ND;ND;ND;ND;ND;ND;ND;ND;ND;ND;ND;ND;ND;ND;ND;ND;ND;ND;ND;ND;ND;ND;ND;ND;ND;ND;ND;ND,"""64,98448""",FLOAT16,ND,N/A,0.0,0,0.0,0.0,0.0,0.0,0.0,0.0,0.0,0.0,0.0,0.0,0.0,35.091,2316038,0.017,0.0,7.319,0.209,20.154,0.574,11.283,0.322,0.0,0.000
0,4294967295,462,47,aclnnMul_MulAiCore_Mul,Mul,dynamic,AI_VECTOR_CORE,1785697972956818.264	,333.007,0.000000,40,0,NO,"""4096,4096;4096,4096""",FLOAT;FLOAT,ND;ND,"""4096,4096""",FLOAT,ND,N/A,0.0,0,0.0,0.0,0.0,0.0,0.0,0.0,0.0,0.0,0.0,0.0,0.0,330.577,21818054,6.784,0.021,3.134,0.009,328.858,0.995,114.187,0.345,0.0,0.000
0,4294967295,463,47,Concat,Concat,dynamic,AI_VECTOR_CORE,1785697972957151.291	,39.560,0.000000,40,0,NO,"""64,16;64,32;64,64;64,128;64,256;64,512;64,1024;64,2048;64,4096;64,8192;64,16;64,32;64,64;64,128;64,256;64,512;64,1024;64,2048;64,4096;64,8192;64,16;64,32;64,64;64,128;64,256;64,512;64,1024;64,2048;64,4096;64,8192;64,16;64,32;64,64;64,128;64,256;64,512;64,1024;64,2048;64,4096;64,8192;64,16;64,32;64,64;64,128;64,256;64,512;64,1024;64,2048;64,4096;64,8192;64,16;64,32;64,64;64,128;64,256;64,512;64,1024;64,2048;64,4096;64,8192;64,16;64,32;64,64;64,128""",FLOAT16;FLOAT16;FLOAT16;FLOAT16;FLOAT16;FLOAT16;FLOAT16;FLOAT16;FLOAT16;FLOAT16;FLOAT16;FLOAT16;FLOAT16;FLOAT16;FLOAT16;FLOAT16;FLOAT16;FLOAT16;FLOAT16;FLOAT16;FLOAT16;FLOAT16;FLOAT16;FLOAT16;FLOAT16;FLOAT16;FLOAT16;FLOAT16;FLOAT16;FLOAT16;FLOAT16;FLOAT16;FLOAT16;FLOAT16;FLOAT16;FLOAT16;FLOAT16;FLOAT16;FLOAT16;FLOAT16;FLOAT16;FLOAT16;FLOAT16;FLOAT16;FLOAT16;FLOAT16;FLOAT16;FLOAT16;FLOAT16;FLOAT16;FLOAT16;FLOAT16;FLOAT16;FLOAT16;FLOAT16;FLOAT16;FLOAT16;FLOAT16;FLOAT16;FLOAT16;FLOAT16;FLOAT16;FLOAT16;FLOAT16,ND;ND;ND;ND;ND;ND;ND;ND;ND;ND;ND;ND;ND;ND;ND;ND;ND;ND;ND;ND;ND;ND;ND;ND;ND;ND;ND;ND;ND;ND;ND;ND;ND;ND;ND;ND;ND;ND;ND;ND;ND;ND;ND;ND;ND;ND;ND;ND;ND;ND;ND;ND;ND;ND;ND;ND;ND;ND;ND;ND;ND;ND;ND;ND,"""64,98448""",FLOAT16,ND,N/A,0.0,0,0.0,0.0,0.0,0.0,0.0,0.0,0.0,0.0,0.0,0.0,0.0,35.597,2349415,0.017,0.0,7.857,0.221,20.267,0.569,11.48,0.322,0.0,0.000
0,4294967295,464,47,aclnnMul_MulAiCore_Mul,Mul,dynamic,AI_VECTOR_CORE,1785697972957190.871	,334.147,0.000000,40,0,NO,"""4096,4096;4096,4096""",FLOAT;FLOAT,ND;ND,"""4096,4096""",FLOAT,ND,N/A,0.0,0,0.0,0.0,0.0,0.0,0.0,0.0,0.0,0.0,0.0,0.0,0.0,331.984,21910973,6.784,0.02,3.048,0.009,330.415,0.995,111.469,0.336,0.0,0.000
0,4294967295,465,47,Concat,Concat,dynamic,AI_VECTOR_CORE,1785697972957525.038	,40.681,0.103000,40,0,NO,"""64,16;64,32;64,64;64,128;64,256;64,512;64,1024;64,2048;64,4096;64,8192;64,16;64,32;64,64;64,128;64,256;64,512;64,1024;64,2048;64,4096;64,8192;64,16;64,32;64,64;64,128;64,256;64,512;64,1024;64,2048;64,4096;64,8192;64,16;64,32;64,64;64,128;64,256;64,512;64,1024;64,2048;64,4096;64,8192;64,16;64,32;64,64;64,128;64,256;64,512;64,1024;64,2048;64,4096;64,8192;64,16;64,32;64,64;64,128;64,256;64,512;64,1024;64,2048;64,4096;64,8192;64,16;64,32;64,64;64,128""",FLOAT16;FLOAT16;FLOAT16;FLOAT16;FLOAT16;FLOAT16;FLOAT16;FLOAT16;FLOAT16;FLOAT16;FLOAT16;FLOAT16;FLOAT16;FLOAT16;FLOAT16;FLOAT16;FLOAT16;FLOAT16;FLOAT16;FLOAT16;FLOAT16;FLOAT16;FLOAT16;FLOAT16;FLOAT16;FLOAT16;FLOAT16;FLOAT16;FLOAT16;FLOAT16;FLOAT16;FLOAT16;FLOAT16;FLOAT16;FLOAT16;FLOAT16;FLOAT16;FLOAT16;FLOAT16;FLOAT16;FLOAT16;FLOAT16;FLOAT16;FLOAT16;FLOAT16;FLOAT16;FLOAT16;FLOAT16;FLOAT16;FLOAT16;FLOAT16;FLOAT16;FLOAT16;FLOAT16;FLOAT16;FLOAT16;FLOAT16;FLOAT16;FLOAT16;FLOAT16;FLOAT16;FLOAT16;FLOAT16;FLOAT16,ND;ND;ND;ND;ND;ND;ND;ND;ND;ND;ND;ND;ND;ND;ND;ND;ND;ND;ND;ND;ND;ND;ND;ND;ND;ND;ND;ND;ND;ND;ND;ND;ND;ND;ND;ND;ND;ND;ND;ND;ND;ND;ND;ND;ND;ND;ND;ND;ND;ND;ND;ND;ND;ND;ND;ND;ND;ND;ND;ND;ND;ND;ND;ND,"""64,98448""",FLOAT16,ND,N/A,0.0,0,0.0,0.0,0.0,0.0,0.0,0.0,0.0,0.0,0.0,0.0,0.0,37.002,2442145,0.017,0.0,7.303,0.197,21.295,0.575,11.903,0.322,0.0,0.000
0,4294967295,466,47,aclnnMul_MulAiCore_Mul,Mul,dynamic,AI_VECTOR_CORE,1785697972957565.739	,332.946,0.069000,40,0,NO,"""4096,4096;4096,4096""",FLOAT;FLOAT,ND;ND,"""4096,4096""",FLOAT,ND,N/A,0.0,0,0.0,0.0,0.0,0.0,0.0,0.0,0.0,0.0,0.0,0.0,0.0,330.684,21825172,6.784,0.021,2.952,0.009,329.184,0.995,111.019,0.336,0.0,0.000
0,4294967295,467,47,Concat,Concat,dynamic,AI_VECTOR_CORE,1785697972957898.705	,40.681,0.054000,40,0,NO,"""64,16;64,32;64,64;64,128;64,256;64,512;64,1024;64,2048;64,4096;64,8192;64,16;64,32;64,64;64,128;64,256;64,512;64,1024;64,2048;64,4096;64,8192;64,16;64,32;64,64;64,128;64,256;64,512;64,1024;64,2048;64,4096;64,8192;64,16;64,32;64,64;64,128;64,256;64,512;64,1024;64,2048;64,4096;64,8192;64,16;64,32;64,64;64,128;64,256;64,512;64,1024;64,2048;64,4096;64,8192;64,16;64,32;64,64;64,128;64,256;64,512;64,1024;64,2048;64,4096;64,8192;64,16;64,32;64,64;64,128""",FLOAT16;FLOAT16;FLOAT16;FLOAT16;FLOAT16;FLOAT16;FLOAT16;FLOAT16;FLOAT16;FLOAT16;FLOAT16;FLOAT16;FLOAT16;FLOAT16;FLOAT16;FLOAT16;FLOAT16;FLOAT16;FLOAT16;FLOAT16;FLOAT16;FLOAT16;FLOAT16;FLOAT16;FLOAT16;FLOAT16;FLOAT16;FLOAT16;FLOAT16;FLOAT16;FLOAT16;FLOAT16;FLOAT16;FLOAT16;FLOAT16;FLOAT16;FLOAT16;FLOAT16;FLOAT16;FLOAT16;FLOAT16;FLOAT16;FLOAT16;FLOAT16;FLOAT16;FLOAT16;FLOAT16;FLOAT16;FLOAT16;FLOAT16;FLOAT16;FLOAT16;FLOAT16;FLOAT16;FLOAT16;FLOAT16;FLOAT16;FLOAT16;FLOAT16;FLOAT16;FLOAT16;FLOAT16;FLOAT16;FLOAT16,ND;ND;ND;ND;ND;ND;ND;ND;ND;ND;ND;ND;ND;ND;ND;ND;ND;ND;ND;ND;ND;ND;ND;ND;ND;ND;ND;ND;ND;ND;ND;ND;ND;ND;ND;ND;ND;ND;ND;ND;ND;ND;ND;ND;ND;ND;ND;ND;ND;ND;ND;ND;ND;ND;ND;ND;ND;ND;ND;ND;ND;ND;ND;ND,"""64,98448""",FLOAT16,ND,N/A,0.0,0,0.0,0.0,0.0,0.0,0.0,0.0,0.0,0.0,0.0,0.0,0.0,37.236,2457584,0.017,0.0,6.547,0.176,21.747,0.584,11.752,0.316,0.0,0.000
0,4294967295,468,47,aclnnMul_MulAiCore_Mul,Mul,dynamic,AI_VECTOR_CORE,1785697972957939.426	,333.647,0.069000,40,0,NO,"""4096,4096;4096,4096""",FLOAT;FLOAT,ND;ND,"""4096,4096""",FLOAT,ND,N/A,0.0,0,0.0,0.0,0.0,0.0,0.0,0.0,0.0,0.0,0.0,0.0,0.0,331.619,21886861,6.784,0.02,3.034,0.009,330.072,0.995,111.7,0.337,0.0,0.000
0,4294967295,469,47,Concat,Concat,dynamic,AI_VECTOR_CORE,1785697972958273.093	,40.001,0.000000,40,0,NO,"""64,16;64,32;64,64;64,128;64,256;64,512;64,1024;64,2048;64,4096;64,8192;64,16;64,32;64,64;64,128;64,256;64,512;64,1024;64,2048;64,4096;64,8192;64,16;64,32;64,64;64,128;64,256;64,512;64,1024;64,2048;64,4096;64,8192;64,16;64,32;64,64;64,128;64,256;64,512;64,1024;64,2048;64,4096;64,8192;64,16;64,32;64,64;64,128;64,256;64,512;64,1024;64,2048;64,4096;64,8192;64,16;64,32;64,64;64,128;64,256;64,512;64,1024;64,2048;64,4096;64,8192;64,16;64,32;64,64;64,128""",FLOAT16;FLOAT16;FLOAT16;FLOAT16;FLOAT16;FLOAT16;FLOAT16;FLOAT16;FLOAT16;FLOAT16;FLOAT16;FLOAT16;FLOAT16;FLOAT16;FLOAT16;FLOAT16;FLOAT16;FLOAT16;FLOAT16;FLOAT16;FLOAT16;FLOAT16;FLOAT16;FLOAT16;FLOAT16;FLOAT16;FLOAT16;FLOAT16;FLOAT16;FLOAT16;FLOAT16;FLOAT16;FLOAT16;FLOAT16;FLOAT16;FLOAT16;FLOAT16;FLOAT16;FLOAT16;FLOAT16;FLOAT16;FLOAT16;FLOAT16;FLOAT16;FLOAT16;FLOAT16;FLOAT16;FLOAT16;FLOAT16;FLOAT16;FLOAT16;FLOAT16;FLOAT16;FLOAT16;FLOAT16;FLOAT16;FLOAT16;FLOAT16;FLOAT16;FLOAT16;FLOAT16;FLOAT16;FLOAT16;FLOAT16,ND;ND;ND;ND;ND;ND;ND;ND;ND;ND;ND;ND;ND;ND;ND;ND;ND;ND;ND;ND;ND;ND;ND;ND;ND;ND;ND;ND;ND;ND;ND;ND;ND;ND;ND;ND;ND;ND;ND;ND;ND;ND;ND;ND;ND;ND;ND;ND;ND;ND;ND;ND;ND;ND;ND;ND;ND;ND;ND;ND;ND;ND;ND;ND,"""64,98448""",FLOAT16,ND,N/A,0.0,0,0.0,0.0,0.0,0.0,0.0,0.0,0.0,0.0,0.0,0.0,0.0,36.384,2401343,0.017,0.0,7.848,0.216,21.466,0.59,11.03,0.303,0.0,0.000
0,4294967295,470,47,aclnnMul_MulAiCore_Mul,Mul,dynamic,AI_VECTOR_CORE,1785697972958313.114	,333.586,0.000000,40,0,NO,"""4096,4096;4096,4096""",FLOAT;FLOAT,ND;ND,"""4096,4096""",FLOAT,ND,N/A,0.0,0,0.0,0.0,0.0,0.0,0.0,0.0,0.0,0.0,0.0,0.0,0.0,331.22,21860503,6.784,0.02,2.937,0.009,329.727,0.995,112.337,0.339,0.0,0.000
0,4294967295,471,47,Concat,Concat,dynamic,AI_VECTOR_CORE,1785697972958646.740	,40.081,0.164000,40,0,NO,"""64,16;64,32;64,64;64,128;64,256;64,512;64,1024;64,2048;64,4096;64,8192;64,16;64,32;64,64;64,128;64,256;64,512;64,1024;64,2048;64,4096;64,8192;64,16;64,32;64,64;64,128;64,256;64,512;64,1024;64,2048;64,4096;64,8192;64,16;64,32;64,64;64,128;64,256;64,512;64,1024;64,2048;64,4096;64,8192;64,16;64,32;64,64;64,128;64,256;64,512;64,1024;64,2048;64,4096;64,8192;64,16;64,32;64,64;64,128;64,256;64,512;64,1024;64,2048;64,4096;64,8192;64,16;64,32;64,64;64,128""",FLOAT16;FLOAT16;FLOAT16;FLOAT16;FLOAT16;FLOAT16;FLOAT16;FLOAT16;FLOAT16;FLOAT16;FLOAT16;FLOAT16;FLOAT16;FLOAT16;FLOAT16;FLOAT16;FLOAT16;FLOAT16;FLOAT16;FLOAT16;FLOAT16;FLOAT16;FLOAT16;FLOAT16;FLOAT16;FLOAT16;FLOAT16;FLOAT16;FLOAT16;FLOAT16;FLOAT16;FLOAT16;FLOAT16;FLOAT16;FLOAT16;FLOAT16;FLOAT16;FLOAT16;FLOAT16;FLOAT16;FLOAT16;FLOAT16;FLOAT16;FLOAT16;FLOAT16;FLOAT16;FLOAT16;FLOAT16;FLOAT16;FLOAT16;FLOAT16;FLOAT16;FLOAT16;FLOAT16;FLOAT16;FLOAT16;FLOAT16;FLOAT16;FLOAT16;FLOAT16;FLOAT16;FLOAT16;FLOAT16;FLOAT16,ND;ND;ND;ND;ND;ND;ND;ND;ND;ND;ND;ND;ND;ND;ND;ND;ND;ND;ND;ND;ND;ND;ND;ND;ND;ND;ND;ND;ND;ND;ND;ND;ND;ND;ND;ND;ND;ND;ND;ND;ND;ND;ND;ND;ND;ND;ND;ND;ND;ND;ND;ND;ND;ND;ND;ND;ND;ND;ND;ND;ND;ND;ND;ND,"""64,98448""",FLOAT16,ND,N/A,0.0,0,0.0,0.0,0.0,0.0,0.0,0.0,0.0,0.0,0.0,0.0,0.0,36.327,2397580,0.017,0.0,7.08,0.195,21.083,0.58,11.466,0.316,0.0,0.000
0,4294967295,472,47,aclnnMul_MulAiCore_Mul,Mul,dynamic,AI_VECTOR_CORE,1785697972958686.841	,333.047,0.000000,40,0,NO,"""4096,4096;4096,4096""",FLOAT;FLOAT,ND;ND,"""4096,4096""",FLOAT,ND,N/A,0.0,0,0.0,0.0,0.0,0.0,0.0,0.0,0.0,0.0,0.0,0.0,0.0,330.879,21838009,6.784,0.021,3.121,0.009,329.241,0.995,112.537,0.34,0.0,0.000
0,4294967295,473,47,Concat,Concat,dynamic,AI_VECTOR_CORE,1785697972959019.908	,40.681,0.203000,40,0,NO,"""64,16;64,32;64,64;64,128;64,256;64,512;64,1024;64,2048;64,4096;64,8192;64,16;64,32;64,64;64,128;64,256;64,512;64,1024;64,2048;64,4096;64,8192;64,16;64,32;64,64;64,128;64,256;64,512;64,1024;64,2048;64,4096;64,8192;64,16;64,32;64,64;64,128;64,256;64,512;64,1024;64,2048;64,4096;64,8192;64,16;64,32;64,64;64,128;64,256;64,512;64,1024;64,2048;64,4096;64,8192;64,16;64,32;64,64;64,128;64,256;64,512;64,1024;64,2048;64,4096;64,8192;64,16;64,32;64,64;64,128""",FLOAT16;FLOAT16;FLOAT16;FLOAT16;FLOAT16;FLOAT16;FLOAT16;FLOAT16;FLOAT16;FLOAT16;FLOAT16;FLOAT16;FLOAT16;FLOAT16;FLOAT16;FLOAT16;FLOAT16;FLOAT16;FLOAT16;FLOAT16;FLOAT16;FLOAT16;FLOAT16;FLOAT16;FLOAT16;FLOAT16;FLOAT16;FLOAT16;FLOAT16;FLOAT16;FLOAT16;FLOAT16;FLOAT16;FLOAT16;FLOAT16;FLOAT16;FLOAT16;FLOAT16;FLOAT16;FLOAT16;FLOAT16;FLOAT16;FLOAT16;FLOAT16;FLOAT16;FLOAT16;FLOAT16;FLOAT16;FLOAT16;FLOAT16;FLOAT16;FLOAT16;FLOAT16;FLOAT16;FLOAT16;FLOAT16;FLOAT16;FLOAT16;FLOAT16;FLOAT16;FLOAT16;FLOAT16;FLOAT16;FLOAT16,ND;ND;ND;ND;ND;ND;ND;ND;ND;ND;ND;ND;ND;ND;ND;ND;ND;ND;ND;ND;ND;ND;ND;ND;ND;ND;ND;ND;ND;ND;ND;ND;ND;ND;ND;ND;ND;ND;ND;ND;ND;ND;ND;ND;ND;ND;ND;ND;ND;ND;ND;ND;ND;ND;ND;ND;ND;ND;ND;ND;ND;ND;ND;ND,"""64,98448""",FLOAT16,ND,N/A,0.0,0,0.0,0.0,0.0,0.0,0.0,0.0,0.0,0.0,0.0,0.0,0.0,37.001,2442068,0.017,0.0,8.189,0.221,21.637,0.585,11.359,0.307,0.0,0.000
0,4294967295,474,47,aclnnMul_MulAiCore_Mul,Mul,dynamic,AI_VECTOR_CORE,1785697972959060.609	,332.946,0.000000,40,0,NO,"""4096,4096;4096,4096""",FLOAT;FLOAT,ND;ND,"""4096,4096""",FLOAT,ND,N/A,0.0,0,0.0,0.0,0.0,0.0,0.0,0.0,0.0,0.0,0.0,0.0,0.0,330.502,21813159,6.784,0.021,3.015,0.009,328.95,0.995,112.165,0.339,0.0,0.000
0,4294967295,475,47,Concat,Concat,dynamic,AI_VECTOR_CORE,1785697972959393.595	,41.801,0.054000,40,0,NO,"""64,16;64,32;64,64;64,128;64,256;64,512;64,1024;64,2048;64,4096;64,8192;64,16;64,32;64,64;64,128;64,256;64,512;64,1024;64,2048;64,4096;64,8192;64,16;64,32;64,64;64,128;64,256;64,512;64,1024;64,2048;64,4096;64,8192;64,16;64,32;64,64;64,128;64,256;64,512;64,1024;64,2048;64,4096;64,8192;64,16;64,32;64,64;64,128;64,256;64,512;64,1024;64,2048;64,4096;64,8192;64,16;64,32;64,64;64,128;64,256;64,512;64,1024;64,2048;64,4096;64,8192;64,16;64,32;64,64;64,128""",FLOAT16;FLOAT16;FLOAT16;FLOAT16;FLOAT16;FLOAT16;FLOAT16;FLOAT16;FLOAT16;FLOAT16;FLOAT16;FLOAT16;FLOAT16;FLOAT16;FLOAT16;FLOAT16;FLOAT16;FLOAT16;FLOAT16;FLOAT16;FLOAT16;FLOAT16;FLOAT16;FLOAT16;FLOAT16;FLOAT16;FLOAT16;FLOAT16;FLOAT16;FLOAT16;FLOAT16;FLOAT16;FLOAT16;FLOAT16;FLOAT16;FLOAT16;FLOAT16;FLOAT16;FLOAT16;FLOAT16;FLOAT16;FLOAT16;FLOAT16;FLOAT16;FLOAT16;FLOAT16;FLOAT16;FLOAT16;FLOAT16;FLOAT16;FLOAT16;FLOAT16;FLOAT16;FLOAT16;FLOAT16;FLOAT16;FLOAT16;FLOAT16;FLOAT16;FLOAT16;FLOAT16;FLOAT16;FLOAT16;FLOAT16,ND;ND;ND;ND;ND;ND;ND;ND;ND;ND;ND;ND;ND;ND;ND;ND;ND;ND;ND;ND;ND;ND;ND;ND;ND;ND;ND;ND;ND;ND;ND;ND;ND;ND;ND;ND;ND;ND;ND;ND;ND;ND;ND;ND;ND;ND;ND;ND;ND;ND;ND;ND;ND;ND;ND;ND;ND;ND;ND;ND;ND;ND;ND;ND,"""64,98448""",FLOAT16,ND,N/A,0.0,0,0.0,0.0,0.0,0.0,0.0,0.0,0.0,0.0,0.0,0.0,0.0,38.368,2532306,0.017,0.0,8.711,0.227,22.052,0.575,11.422,0.298,0.0,0.000
0,4294967295,476,47,aclnnMul_MulAiCore_Mul,Mul,dynamic,AI_VECTOR_CORE,1785697972959435.416	,332.767,0.199000,40,0,NO,"""4096,4096;4096,4096""",FLOAT;FLOAT,ND;ND,"""4096,4096""",FLOAT,ND,N/A,0.0,0,0.0,0.0,0.0,0.0,0.0,0.0,0.0,0.0,0.0,0.0,0.0,330.8,21832801,6.784,0.021,3.171,0.01,329.067,0.995,111.993,0.339,0.0,0.000
0,4294967295,477,47,Concat,Concat,dynamic,AI_VECTOR_CORE,1785697972959768.203	,39.401,0.000000,40,0,NO,"""64,16;64,32;64,64;64,128;64,256;64,512;64,1024;64,2048;64,4096;64,8192;64,16;64,32;64,64;64,128;64,256;64,512;64,1024;64,2048;64,4096;64,8192;64,16;64,32;64,64;64,128;64,256;64,512;64,1024;64,2048;64,4096;64,8192;64,16;64,32;64,64;64,128;64,256;64,512;64,1024;64,2048;64,4096;64,8192;64,16;64,32;64,64;64,128;64,256;64,512;64,1024;64,2048;64,4096;64,8192;64,16;64,32;64,64;64,128;64,256;64,512;64,1024;64,2048;64,4096;64,8192;64,16;64,32;64,64;64,128""",FLOAT16;FLOAT16;FLOAT16;FLOAT16;FLOAT16;FLOAT16;FLOAT16;FLOAT16;FLOAT16;FLOAT16;FLOAT16;FLOAT16;FLOAT16;FLOAT16;FLOAT16;FLOAT16;FLOAT16;FLOAT16;FLOAT16;FLOAT16;FLOAT16;FLOAT16;FLOAT16;FLOAT16;FLOAT16;FLOAT16;FLOAT16;FLOAT16;FLOAT16;FLOAT16;FLOAT16;FLOAT16;FLOAT16;FLOAT16;FLOAT16;FLOAT16;FLOAT16;FLOAT16;FLOAT16;FLOAT16;FLOAT16;FLOAT16;FLOAT16;FLOAT16;FLOAT16;FLOAT16;FLOAT16;FLOAT16;FLOAT16;FLOAT16;FLOAT16;FLOAT16;FLOAT16;FLOAT16;FLOAT16;FLOAT16;FLOAT16;FLOAT16;FLOAT16;FLOAT16;FLOAT16;FLOAT16;FLOAT16;FLOAT16,ND;ND;ND;ND;ND;ND;ND;ND;ND;ND;ND;ND;ND;ND;ND;ND;ND;ND;ND;ND;ND;ND;ND;ND;ND;ND;ND;ND;ND;ND;ND;ND;ND;ND;ND;ND;ND;ND;ND;ND;ND;ND;ND;ND;ND;ND;ND;ND;ND;ND;ND;ND;ND;ND;ND;ND;ND;ND;ND;ND;ND;ND;ND;ND,"""64,98448""",FLOAT16,ND,N/A,0.0,0,0.0,0.0,0.0,0.0,0.0,0.0,0.0,0.0,0.0,0.0,0.0,35.221,2324566,0.017,0.0,8.394,0.238,20.141,0.572,11.051,0.314,0.0,0.000
0,4294967295,478,47,aclnnMul_MulAiCore_Mul,Mul,dynamic,AI_VECTOR_CORE,1785697972959807.624	,333.066,0.000000,40,0,NO,"""4096,4096;4096,4096""",FLOAT;FLOAT,ND;ND,"""4096,4096""",FLOAT,ND,N/A,0.0,0,0.0,0.0,0.0,0.0,0.0,0.0,0.0,0.0,0.0,0.0,0.0,331.132,21854694,6.784,0.02,3.048,0.009,329.575,0.995,112.392,0.339,0.0,0.000
0,4294967295,479,47,Concat,Concat,dynamic,AI_VECTOR_CORE,1785697972960140.710	,39.561,0.184000,40,0,NO,"""64,16;64,32;64,64;64,128;64,256;64,512;64,1024;64,2048;64,4096;64,8192;64,16;64,32;64,64;64,128;64,256;64,512;64,1024;64,2048;64,4096;64,8192;64,16;64,32;64,64;64,128;64,256;64,512;64,1024;64,2048;64,4096;64,8192;64,16;64,32;64,64;64,128;64,256;64,512;64,1024;64,2048;64,4096;64,8192;64,16;64,32;64,64;64,128;64,256;64,512;64,1024;64,2048;64,4096;64,8192;64,16;64,32;64,64;64,128;64,256;64,512;64,1024;64,2048;64,4096;64,8192;64,16;64,32;64,64;64,128""",FLOAT16;FLOAT16;FLOAT16;FLOAT16;FLOAT16;FLOAT16;FLOAT16;FLOAT16;FLOAT16;FLOAT16;FLOAT16;FLOAT16;FLOAT16;FLOAT16;FLOAT16;FLOAT16;FLOAT16;FLOAT16;FLOAT16;FLOAT16;FLOAT16;FLOAT16;FLOAT16;FLOAT16;FLOAT16;FLOAT16;FLOAT16;FLOAT16;FLOAT16;FLOAT16;FLOAT16;FLOAT16;FLOAT16;FLOAT16;FLOAT16;FLOAT16;FLOAT16;FLOAT16;FLOAT16;FLOAT16;FLOAT16;FLOAT16;FLOAT16;FLOAT16;FLOAT16;FLOAT16;FLOAT16;FLOAT16;FLOAT16;FLOAT16;FLOAT16;FLOAT16;FLOAT16;FLOAT16;FLOAT16;FLOAT16;FLOAT16;FLOAT16;FLOAT16;FLOAT16;FLOAT16;FLOAT16;FLOAT16;FLOAT16,ND;ND;ND;ND;ND;ND;ND;ND;ND;ND;ND;ND;ND;ND;ND;ND;ND;ND;ND;ND;ND;ND;ND;ND;ND;ND;ND;ND;ND;ND;ND;ND;ND;ND;ND;ND;ND;ND;ND;ND;ND;ND;ND;ND;ND;ND;ND;ND;ND;ND;ND;ND;ND;ND;ND;ND;ND;ND;ND;ND;ND;ND;ND;ND,"""64,98448""",FLOAT16,ND,N/A,0.0,0,0.0,0.0,0.0,0.0,0.0,0.0,0.0,0.0,0.0,0.0,0.0,35.406,2336770,0.017,0.0,7.745,0.219,20.512,0.579,11.209,0.317,0.0,0.000
0,4294967295,480,47,aclnnMul_MulAiCore_Mul,Mul,dynamic,AI_VECTOR_CORE,1785697972960180.291	,332.347,0.000000,40,0,NO,"""4096,4096;4096,4096""",FLOAT;FLOAT,ND;ND,"""4096,4096""",FLOAT,ND,N/A,0.0,0,0.0,0.0,0.0,0.0,0.0,0.0,0.0,0.0,0.0,0.0,0.0,330.335,21802082,6.784,0.021,3.046,0.009,328.748,0.995,112.158,0.34,0.0,0.000
0,4294967295,481,47,Concat,Concat,dynamic,AI_VECTOR_CORE,1785697972960512.658	,40.081,0.153000,40,0,NO,"""64,16;64,32;64,64;64,128;64,256;64,512;64,1024;64,2048;64,4096;64,8192;64,16;64,32;64,64;64,128;64,256;64,512;64,1024;64,2048;64,4096;64,8192;64,16;64,32;64,64;64,128;64,256;64,512;64,1024;64,2048;64,4096;64,8192;64,16;64,32;64,64;64,128;64,256;64,512;64,1024;64,2048;64,4096;64,8192;64,16;64,32;64,64;64,128;64,256;64,512;64,1024;64,2048;64,4096;64,8192;64,16;64,32;64,64;64,128;64,256;64,512;64,1024;64,2048;64,4096;64,8192;64,16;64,32;64,64;64,128""",FLOAT16;FLOAT16;FLOAT16;FLOAT16;FLOAT16;FLOAT16;FLOAT16;FLOAT16;FLOAT16;FLOAT16;FLOAT16;FLOAT16;FLOAT16;FLOAT16;FLOAT16;FLOAT16;FLOAT16;FLOAT16;FLOAT16;FLOAT16;FLOAT16;FLOAT16;FLOAT16;FLOAT16;FLOAT16;FLOAT16;FLOAT16;FLOAT16;FLOAT16;FLOAT16;FLOAT16;FLOAT16;FLOAT16;FLOAT16;FLOAT16;FLOAT16;FLOAT16;FLOAT16;FLOAT16;FLOAT16;FLOAT16;FLOAT16;FLOAT16;FLOAT16;FLOAT16;FLOAT16;FLOAT16;FLOAT16;FLOAT16;FLOAT16;FLOAT16;FLOAT16;FLOAT16;FLOAT16;FLOAT16;FLOAT16;FLOAT16;FLOAT16;FLOAT16;FLOAT16;FLOAT16;FLOAT16;FLOAT16;FLOAT16,ND;ND;ND;ND;ND;ND;ND;ND;ND;ND;ND;ND;ND;ND;ND;ND;ND;ND;ND;ND;ND;ND;ND;ND;ND;ND;ND;ND;ND;ND;ND;ND;ND;ND;ND;ND;ND;ND;ND;ND;ND;ND;ND;ND;ND;ND;ND;ND;ND;ND;ND;ND;ND;ND;ND;ND;ND;ND;ND;ND;ND;ND;ND;ND,"""64,98448""",FLOAT16,ND,N/A,0.0,0,0.0,0.0,0.0,0.0,0.0,0.0,0.0,0.0,0.0,0.0,0.0,36.495,2408702,0.017,0.0,7.249,0.199,21.448,0.588,11.236,0.308,0.0,0.000
0,4294967295,482,47,aclnnMul_MulAiCore_Mul,Mul,dynamic,AI_VECTOR_CORE,1785697972960552.759	,333.046,0.000000,40,0,NO,"""4096,4096;4096,4096""",FLOAT;FLOAT,ND;ND,"""4096,4096""",FLOAT,ND,N/A,0.0,0,0.0,0.0,0.0,0.0,0.0,0.0,0.0,0.0,0.0,0.0,0.0,330.25,21796524,6.784,0.021,2.926,0.009,328.781,0.996,112.328,0.34,0.0,0.000
0,4294967295,483,47,Concat,Concat,dynamic,AI_VECTOR_CORE,1785697972960885.825	,39.401,0.000000,40,0,NO,"""64,16;64,32;64,64;64,128;64,256;64,512;64,1024;64,2048;64,4096;64,8192;64,16;64,32;64,64;64,128;64,256;64,512;64,1024;64,2048;64,4096;64,8192;64,16;64,32;64,64;64,128;64,256;64,512;64,1024;64,2048;64,4096;64,8192;64,16;64,32;64,64;64,128;64,256;64,512;64,1024;64,2048;64,4096;64,8192;64,16;64,32;64,64;64,128;64,256;64,512;64,1024;64,2048;64,4096;64,8192;64,16;64,32;64,64;64,128;64,256;64,512;64,1024;64,2048;64,4096;64,8192;64,16;64,32;64,64;64,128""",FLOAT16;FLOAT16;FLOAT16;FLOAT16;FLOAT16;FLOAT16;FLOAT16;FLOAT16;FLOAT16;FLOAT16;FLOAT16;FLOAT16;FLOAT16;FLOAT16;FLOAT16;FLOAT16;FLOAT16;FLOAT16;FLOAT16;FLOAT16;FLOAT16;FLOAT16;FLOAT16;FLOAT16;FLOAT16;FLOAT16;FLOAT16;FLOAT16;FLOAT16;FLOAT16;FLOAT16;FLOAT16;FLOAT16;FLOAT16;FLOAT16;FLOAT16;FLOAT16;FLOAT16;FLOAT16;FLOAT16;FLOAT16;FLOAT16;FLOAT16;FLOAT16;FLOAT16;FLOAT16;FLOAT16;FLOAT16;FLOAT16;FLOAT16;FLOAT16;FLOAT16;FLOAT16;FLOAT16;FLOAT16;FLOAT16;FLOAT16;FLOAT16;FLOAT16;FLOAT16;FLOAT16;FLOAT16;FLOAT16;FLOAT16,ND;ND;ND;ND;ND;ND;ND;ND;ND;ND;ND;ND;ND;ND;ND;ND;ND;ND;ND;ND;ND;ND;ND;ND;ND;ND;ND;ND;ND;ND;ND;ND;ND;ND;ND;ND;ND;ND;ND;ND;ND;ND;ND;ND;ND;ND;ND;ND;ND;ND;ND;ND;ND;ND;ND;ND;ND;ND;ND;ND;ND;ND;ND;ND,"""64,98448""",FLOAT16,ND,N/A,0.0,0,0.0,0.0,0.0,0.0,0.0,0.0,0.0,0.0,0.0,0.0,0.0,35.832,2364941,0.017,0.0,8.461,0.236,19.81,0.553,11.073,0.309,0.0,0.000
0,4294967295,484,47,aclnnMul_MulAiCore_Mul,Mul,dynamic,AI_VECTOR_CORE,1785697972960925.246	,332.867,0.099000,40,0,NO,"""4096,4096;4096,4096""",FLOAT;FLOAT,ND;ND,"""4096,4096""",FLOAT,ND,N/A,0.0,0,0.0,0.0,0.0,0.0,0.0,0.0,0.0,0.0,0.0,0.0,0.0,330.531,21815034,6.784,0.021,3.018,0.009,328.996,0.995,110.475,0.334,0.0,0.000
0,4294967295,485,47,Concat,Concat,dynamic,AI_VECTOR_CORE,1785697972961258.133	,40.680,0.133000,40,0,NO,"""64,16;64,32;64,64;64,128;64,256;64,512;64,1024;64,2048;64,4096;64,8192;64,16;64,32;64,64;64,128;64,256;64,512;64,1024;64,2048;64,4096;64,8192;64,16;64,32;64,64;64,128;64,256;64,512;64,1024;64,2048;64,4096;64,8192;64,16;64,32;64,64;64,128;64,256;64,512;64,1024;64,2048;64,4096;64,8192;64,16;64,32;64,64;64,128;64,256;64,512;64,1024;64,2048;64,4096;64,8192;64,16;64,32;64,64;64,128;64,256;64,512;64,1024;64,2048;64,4096;64,8192;64,16;64,32;64,64;64,128""",FLOAT16;FLOAT16;FLOAT16;FLOAT16;FLOAT16;FLOAT16;FLOAT16;FLOAT16;FLOAT16;FLOAT16;FLOAT16;FLOAT16;FLOAT16;FLOAT16;FLOAT16;FLOAT16;FLOAT16;FLOAT16;FLOAT16;FLOAT16;FLOAT16;FLOAT16;FLOAT16;FLOAT16;FLOAT16;FLOAT16;FLOAT16;FLOAT16;FLOAT16;FLOAT16;FLOAT16;FLOAT16;FLOAT16;FLOAT16;FLOAT16;FLOAT16;FLOAT16;FLOAT16;FLOAT16;FLOAT16;FLOAT16;FLOAT16;FLOAT16;FLOAT16;FLOAT16;FLOAT16;FLOAT16;FLOAT16;FLOAT16;FLOAT16;FLOAT16;FLOAT16;FLOAT16;FLOAT16;FLOAT16;FLOAT16;FLOAT16;FLOAT16;FLOAT16;FLOAT16;FLOAT16;FLOAT16;FLOAT16;FLOAT16,ND;ND;ND;ND;ND;ND;ND;ND;ND;ND;ND;ND;ND;ND;ND;ND;ND;ND;ND;ND;ND;ND;ND;ND;ND;ND;ND;ND;ND;ND;ND;ND;ND;ND;ND;ND;ND;ND;ND;ND;ND;ND;ND;ND;ND;ND;ND;ND;ND;ND;ND;ND;ND;ND;ND;ND;ND;ND;ND;ND;ND;ND;ND;ND,"""64,98448""",FLOAT16,ND,N/A,0.0,0,0.0,0.0,0.0,0.0,0.0,0.0,0.0,0.0,0.0,0.0,0.0,36.241,2391897,0.017,0.0,7.156,0.197,21.107,0.582,11.37,0.314,0.0,0.000
0,4294967295,486,47,aclnnMul_MulAiCore_Mul,Mul,dynamic,AI_VECTOR_CORE,1785697972961298.833	,331.487,0.000000,40,0,NO,"""4096,4096;4096,4096""",FLOAT;FLOAT,ND;ND,"""4096,4096""",FLOAT,ND,N/A,0.0,0,0.0,0.0,0.0,0.0,0.0,0.0,0.0,0.0,0.0,0.0,0.0,329.434,21742663,6.784,0.021,2.977,0.009,327.958,0.996,111.098,0.337,0.0,0.000
0,4294967295,487,47,Concat,Concat,dynamic,AI_VECTOR_CORE,1785697972961630.340	,40.661,0.013000,40,0,NO,"""64,16;64,32;64,64;64,128;64,256;64,512;64,1024;64,2048;64,4096;64,8192;64,16;64,32;64,64;64,128;64,256;64,512;64,1024;64,2048;64,4096;64,8192;64,16;64,32;64,64;64,128;64,256;64,512;64,1024;64,2048;64,4096;64,8192;64,16;64,32;64,64;64,128;64,256;64,512;64,1024;64,2048;64,4096;64,8192;64,16;64,32;64,64;64,128;64,256;64,512;64,1024;64,2048;64,4096;64,8192;64,16;64,32;64,64;64,128;64,256;64,512;64,1024;64,2048;64,4096;64,8192;64,16;64,32;64,64;64,128""",FLOAT16;FLOAT16;FLOAT16;FLOAT16;FLOAT16;FLOAT16;FLOAT16;FLOAT16;FLOAT16;FLOAT16;FLOAT16;FLOAT16;FLOAT16;FLOAT16;FLOAT16;FLOAT16;FLOAT16;FLOAT16;FLOAT16;FLOAT16;FLOAT16;FLOAT16;FLOAT16;FLOAT16;FLOAT16;FLOAT16;FLOAT16;FLOAT16;FLOAT16;FLOAT16;FLOAT16;FLOAT16;FLOAT16;FLOAT16;FLOAT16;FLOAT16;FLOAT16;FLOAT16;FLOAT16;FLOAT16;FLOAT16;FLOAT16;FLOAT16;FLOAT16;FLOAT16;FLOAT16;FLOAT16;FLOAT16;FLOAT16;FLOAT16;FLOAT16;FLOAT16;FLOAT16;FLOAT16;FLOAT16;FLOAT16;FLOAT16;FLOAT16;FLOAT16;FLOAT16;FLOAT16;FLOAT16;FLOAT16;FLOAT16,ND;ND;ND;ND;ND;ND;ND;ND;ND;ND;ND;ND;ND;ND;ND;ND;ND;ND;ND;ND;ND;ND;ND;ND;ND;ND;ND;ND;ND;ND;ND;ND;ND;ND;ND;ND;ND;ND;ND;ND;ND;ND;ND;ND;ND;ND;ND;ND;ND;ND;ND;ND;ND;ND;ND;ND;ND;ND;ND;ND;ND;ND;ND;ND,"""64,98448""",FLOAT16,ND,N/A,0.0,0,0.0,0.0,0.0,0.0,0.0,0.0,0.0,0.0,0.0,0.0,0.0,37.24,2457850,0.017,0.0,7.584,0.204,21.891,0.588,11.6,0.311,0.0,0.000
0,4294967295,488,47,aclnnMul_MulAiCore_Mul,Mul,dynamic,AI_VECTOR_CORE,1785697972961671.021	,334.167,0.089000,40,0,NO,"""4096,4096;4096,4096""",FLOAT;FLOAT,ND;ND,"""4096,4096""",FLOAT,ND,N/A,0.0,0,0.0,0.0,0.0,0.0,0.0,0.0,0.0,0.0,0.0,0.0,0.0,331.752,21895624,6.784,0.02,3.175,0.01,330.018,0.995,113.92,0.343,0.0,0.000
0,4294967295,489,47,Concat,Concat,dynamic,AI_VECTOR_CORE,1785697972962005.208	,39.540,0.083000,40,0,NO,"""64,16;64,32;64,64;64,128;64,256;64,512;64,1024;64,2048;64,4096;64,8192;64,16;64,32;64,64;64,128;64,256;64,512;64,1024;64,2048;64,4096;64,8192;64,16;64,32;64,64;64,128;64,256;64,512;64,1024;64,2048;64,4096;64,8192;64,16;64,32;64,64;64,128;64,256;64,512;64,1024;64,2048;64,4096;64,8192;64,16;64,32;64,64;64,128;64,256;64,512;64,1024;64,2048;64,4096;64,8192;64,16;64,32;64,64;64,128;64,256;64,512;64,1024;64,2048;64,4096;64,8192;64,16;64,32;64,64;64,128""",FLOAT16;FLOAT16;FLOAT16;FLOAT16;FLOAT16;FLOAT16;FLOAT16;FLOAT16;FLOAT16;FLOAT16;FLOAT16;FLOAT16;FLOAT16;FLOAT16;FLOAT16;FLOAT16;FLOAT16;FLOAT16;FLOAT16;FLOAT16;FLOAT16;FLOAT16;FLOAT16;FLOAT16;FLOAT16;FLOAT16;FLOAT16;FLOAT16;FLOAT16;FLOAT16;FLOAT16;FLOAT16;FLOAT16;FLOAT16;FLOAT16;FLOAT16;FLOAT16;FLOAT16;FLOAT16;FLOAT16;FLOAT16;FLOAT16;FLOAT16;FLOAT16;FLOAT16;FLOAT16;FLOAT16;FLOAT16;FLOAT16;FLOAT16;FLOAT16;FLOAT16;FLOAT16;FLOAT16;FLOAT16;FLOAT16;FLOAT16;FLOAT16;FLOAT16;FLOAT16;FLOAT16;FLOAT16;FLOAT16;FLOAT16,ND;ND;ND;ND;ND;ND;ND;ND;ND;ND;ND;ND;ND;ND;ND;ND;ND;ND;ND;ND;ND;ND;ND;ND;ND;ND;ND;ND;ND;ND;ND;ND;ND;ND;ND;ND;ND;ND;ND;ND;ND;ND;ND;ND;ND;ND;ND;ND;ND;ND;ND;ND;ND;ND;ND;ND;ND;ND;ND;ND;ND;ND;ND;ND,"""64,98448""",FLOAT16,ND,N/A,0.0,0,0.0,0.0,0.0,0.0,0.0,0.0,0.0,0.0,0.0,0.0,0.0,35.858,2366640,0.017,0.0,8.355,0.233,19.759,0.551,10.937,0.305,0.0,0.000
0,4294967295,490,47,aclnnMul_MulAiCore_Mul,Mul,dynamic,AI_VECTOR_CORE,1785697972962044.768	,333.287,0.000000,40,0,NO,"""4096,4096;4096,4096""",FLOAT;FLOAT,ND;ND,"""4096,4096""",FLOAT,ND,N/A,0.0,0,0.0,0.0,0.0,0.0,0.0,0.0,0.0,0.0,0.0,0.0,0.0,330.958,21843205,6.784,0.02,3.035,0.009,329.347,0.995,113.208,0.342,0.0,0.000
0,4294967295,491,47,Concat,Concat,dynamic,AI_VECTOR_CORE,1785697972962378.075	,41.481,0.000000,40,0,NO,"""64,16;64,32;64,64;64,128;64,256;64,512;64,1024;64,2048;64,4096;64,8192;64,16;64,32;64,64;64,128;64,256;64,512;64,1024;64,2048;64,4096;64,8192;64,16;64,32;64,64;64,128;64,256;64,512;64,1024;64,2048;64,4096;64,8192;64,16;64,32;64,64;64,128;64,256;64,512;64,1024;64,2048;64,4096;64,8192;64,16;64,32;64,64;64,128;64,256;64,512;64,1024;64,2048;64,4096;64,8192;64,16;64,32;64,64;64,128;64,256;64,512;64,1024;64,2048;64,4096;64,8192;64,16;64,32;64,64;64,128""",FLOAT16;FLOAT16;FLOAT16;FLOAT16;FLOAT16;FLOAT16;FLOAT16;FLOAT16;FLOAT16;FLOAT16;FLOAT16;FLOAT16;FLOAT16;FLOAT16;FLOAT16;FLOAT16;FLOAT16;FLOAT16;FLOAT16;FLOAT16;FLOAT16;FLOAT16;FLOAT16;FLOAT16;FLOAT16;FLOAT16;FLOAT16;FLOAT16;FLOAT16;FLOAT16;FLOAT16;FLOAT16;FLOAT16;FLOAT16;FLOAT16;FLOAT16;FLOAT16;FLOAT16;FLOAT16;FLOAT16;FLOAT16;FLOAT16;FLOAT16;FLOAT16;FLOAT16;FLOAT16;FLOAT16;FLOAT16;FLOAT16;FLOAT16;FLOAT16;FLOAT16;FLOAT16;FLOAT16;FLOAT16;FLOAT16;FLOAT16;FLOAT16;FLOAT16;FLOAT16;FLOAT16;FLOAT16;FLOAT16;FLOAT16,ND;ND;ND;ND;ND;ND;ND;ND;ND;ND;ND;ND;ND;ND;ND;ND;ND;ND;ND;ND;ND;ND;ND;ND;ND;ND;ND;ND;ND;ND;ND;ND;ND;ND;ND;ND;ND;ND;ND;ND;ND;ND;ND;ND;ND;ND;ND;ND;ND;ND;ND;ND;ND;ND;ND;ND;ND;ND;ND;ND;ND;ND;ND;ND,"""64,98448""",FLOAT16,ND,N/A,0.0,0,0.0,0.0,0.0,0.0,0.0,0.0,0.0,0.0,0.0,0.0,0.0,37.893,2500909,0.017,0.0,9.67,0.255,21.924,0.579,11.263,0.297,0.0,0.000
0,4294967295,492,47,aclnnMul_MulAiCore_Mul,Mul,dynamic,AI_VECTOR_CORE,1785697972962419.576	,334.186,0.019000,40,0,NO,"""4096,4096;4096,4096""",FLOAT;FLOAT,ND;ND,"""4096,4096""",FLOAT,ND,N/A,0.0,0,0.0,0.0,0.0,0.0,0.0,0.0,0.0,0.0,0.0,0.0,0.0,331.465,21876714,6.784,0.02,3.105,0.009,329.8,0.995,113.52,0.342,0.0,0.000
0,4294967295,493,47,Concat,Concat,dynamic,AI_VECTOR_CORE,1785697972962753.782	,39.201,0.064000,40,0,NO,"""64,16;64,32;64,64;64,128;64,256;64,512;64,1024;64,2048;64,4096;64,8192;64,16;64,32;64,64;64,128;64,256;64,512;64,1024;64,2048;64,4096;64,8192;64,16;64,32;64,64;64,128;64,256;64,512;64,1024;64,2048;64,4096;64,8192;64,16;64,32;64,64;64,128;64,256;64,512;64,1024;64,2048;64,4096;64,8192;64,16;64,32;64,64;64,128;64,256;64,512;64,1024;64,2048;64,4096;64,8192;64,16;64,32;64,64;64,128;64,256;64,512;64,1024;64,2048;64,4096;64,8192;64,16;64,32;64,64;64,128""",FLOAT16;FLOAT16;FLOAT16;FLOAT16;FLOAT16;FLOAT16;FLOAT16;FLOAT16;FLOAT16;FLOAT16;FLOAT16;FLOAT16;FLOAT16;FLOAT16;FLOAT16;FLOAT16;FLOAT16;FLOAT16;FLOAT16;FLOAT16;FLOAT16;FLOAT16;FLOAT16;FLOAT16;FLOAT16;FLOAT16;FLOAT16;FLOAT16;FLOAT16;FLOAT16;FLOAT16;FLOAT16;FLOAT16;FLOAT16;FLOAT16;FLOAT16;FLOAT16;FLOAT16;FLOAT16;FLOAT16;FLOAT16;FLOAT16;FLOAT16;FLOAT16;FLOAT16;FLOAT16;FLOAT16;FLOAT16;FLOAT16;FLOAT16;FLOAT16;FLOAT16;FLOAT16;FLOAT16;FLOAT16;FLOAT16;FLOAT16;FLOAT16;FLOAT16;FLOAT16;FLOAT16;FLOAT16;FLOAT16;FLOAT16,ND;ND;ND;ND;ND;ND;ND;ND;ND;ND;ND;ND;ND;ND;ND;ND;ND;ND;ND;ND;ND;ND;ND;ND;ND;ND;ND;ND;ND;ND;ND;ND;ND;ND;ND;ND;ND;ND;ND;ND;ND;ND;ND;ND;ND;ND;ND;ND;ND;ND;ND;ND;ND;ND;ND;ND;ND;ND;ND;ND;ND;ND;ND;ND,"""64,98448""",FLOAT16,ND,N/A,0.0,0,0.0,0.0,0.0,0.0,0.0,0.0,0.0,0.0,0.0,0.0,0.0,35.366,2334184,0.017,0.0,7.902,0.223,19.465,0.55,11.545,0.326,0.0,0.000
0,4294967295,494,47,aclnnMul_MulAiCore_Mul,Mul,dynamic,AI_VECTOR_CORE,1785697972962793.003	,333.847,0.049000,40,0,NO,"""4096,4096;4096,4096""",FLOAT;FLOAT,ND;ND,"""4096,4096""",FLOAT,ND,N/A,0.0,0,0.0,0.0,0.0,0.0,0.0,0.0,0.0,0.0,0.0,0.0,0.0,331.142,21855346,6.784,0.02,3.01,0.009,329.582,0.995,111.661,0.337,0.0,0.000
0,4294967295,495,47,Concat,Concat,dynamic,AI_VECTOR_CORE,1785697972963126.870	,39.641,0.000000,40,0,NO,"""64,16;64,32;64,64;64,128;64,256;64,512;64,1024;64,2048;64,4096;64,8192;64,16;64,32;64,64;64,128;64,256;64,512;64,1024;64,2048;64,4096;64,8192;64,16;64,32;64,64;64,128;64,256;64,512;64,1024;64,2048;64,4096;64,8192;64,16;64,32;64,64;64,128;64,256;64,512;64,1024;64,2048;64,4096;64,8192;64,16;64,32;64,64;64,128;64,256;64,512;64,1024;64,2048;64,4096;64,8192;64,16;64,32;64,64;64,128;64,256;64,512;64,1024;64,2048;64,4096;64,8192;64,16;64,32;64,64;64,128""",FLOAT16;FLOAT16;FLOAT16;FLOAT16;FLOAT16;FLOAT16;FLOAT16;FLOAT16;FLOAT16;FLOAT16;FLOAT16;FLOAT16;FLOAT16;FLOAT16;FLOAT16;FLOAT16;FLOAT16;FLOAT16;FLOAT16;FLOAT16;FLOAT16;FLOAT16;FLOAT16;FLOAT16;FLOAT16;FLOAT16;FLOAT16;FLOAT16;FLOAT16;FLOAT16;FLOAT16;FLOAT16;FLOAT16;FLOAT16;FLOAT16;FLOAT16;FLOAT16;FLOAT16;FLOAT16;FLOAT16;FLOAT16;FLOAT16;FLOAT16;FLOAT16;FLOAT16;FLOAT16;FLOAT16;FLOAT16;FLOAT16;FLOAT16;FLOAT16;FLOAT16;FLOAT16;FLOAT16;FLOAT16;FLOAT16;FLOAT16;FLOAT16;FLOAT16;FLOAT16;FLOAT16;FLOAT16;FLOAT16;FLOAT16,ND;ND;ND;ND;ND;ND;ND;ND;ND;ND;ND;ND;ND;ND;ND;ND;ND;ND;ND;ND;ND;ND;ND;ND;ND;ND;ND;ND;ND;ND;ND;ND;ND;ND;ND;ND;ND;ND;ND;ND;ND;ND;ND;ND;ND;ND;ND;ND;ND;ND;ND;ND;ND;ND;ND;ND;ND;ND;ND;ND;ND;ND;ND;ND,"""64,98448""",FLOAT16,ND,N/A,0.0,0,0.0,0.0,0.0,0.0,0.0,0.0,0.0,0.0,0.0,0.0,0.0,35.632,2351738,0.017,0.0,7.671,0.215,21.307,0.598,10.577,0.297,0.0,0.000
0,4294967295,496,47,aclnnMul_MulAiCore_Mul,Mul,dynamic,AI_VECTOR_CORE,1785697972963166.531	,334.066,0.109000,40,0,NO,"""4096,4096;4096,4096""",FLOAT;FLOAT,ND;ND,"""4096,4096""",FLOAT,ND,N/A,0.0,0,0.0,0.0,0.0,0.0,0.0,0.0,0.0,0.0,0.0,0.0,0.0,331.541,21881731,6.784,0.02,2.956,0.009,330.023,0.995,112.37,0.339,0.0,0.000
0,4294967295,497,47,Concat,Concat,dynamic,AI_VECTOR_CORE,1785697972963500.617	,40.141,0.000000,40,0,NO,"""64,16;64,32;64,64;64,128;64,256;64,512;64,1024;64,2048;64,4096;64,8192;64,16;64,32;64,64;64,128;64,256;64,512;64,1024;64,2048;64,4096;64,8192;64,16;64,32;64,64;64,128;64,256;64,512;64,1024;64,2048;64,4096;64,8192;64,16;64,32;64,64;64,128;64,256;64,512;64,1024;64,2048;64,4096;64,8192;64,16;64,32;64,64;64,128;64,256;64,512;64,1024;64,2048;64,4096;64,8192;64,16;64,32;64,64;64,128;64,256;64,512;64,1024;64,2048;64,4096;64,8192;64,16;64,32;64,64;64,128""",FLOAT16;FLOAT16;FLOAT16;FLOAT16;FLOAT16;FLOAT16;FLOAT16;FLOAT16;FLOAT16;FLOAT16;FLOAT16;FLOAT16;FLOAT16;FLOAT16;FLOAT16;FLOAT16;FLOAT16;FLOAT16;FLOAT16;FLOAT16;FLOAT16;FLOAT16;FLOAT16;FLOAT16;FLOAT16;FLOAT16;FLOAT16;FLOAT16;FLOAT16;FLOAT16;FLOAT16;FLOAT16;FLOAT16;FLOAT16;FLOAT16;FLOAT16;FLOAT16;FLOAT16;FLOAT16;FLOAT16;FLOAT16;FLOAT16;FLOAT16;FLOAT16;FLOAT16;FLOAT16;FLOAT16;FLOAT16;FLOAT16;FLOAT16;FLOAT16;FLOAT16;FLOAT16;FLOAT16;FLOAT16;FLOAT16;FLOAT16;FLOAT16;FLOAT16;FLOAT16;FLOAT16;FLOAT16;FLOAT16;FLOAT16,ND;ND;ND;ND;ND;ND;ND;ND;ND;ND;ND;ND;ND;ND;ND;ND;ND;ND;ND;ND;ND;ND;ND;ND;ND;ND;ND;ND;ND;ND;ND;ND;ND;ND;ND;ND;ND;ND;ND;ND;ND;ND;ND;ND;ND;ND;ND;ND;ND;ND;ND;ND;ND;ND;ND;ND;ND;ND;ND;ND;ND;ND;ND;ND,"""64,98448""",FLOAT16,ND,N/A,0.0,0,0.0,0.0,0.0,0.0,0.0,0.0,0.0,0.0,0.0,0.0,0.0,36.519,2410246,0.017,0.0,6.691,0.183,21.602,0.592,11.268,0.309,0.0,0.000
0,4294967295,498,47,aclnnMul_MulAiCore_Mul,Mul,dynamic,AI_VECTOR_CORE,1785697972963540.778	,332.307,0.109000,40,0,NO,"""4096,4096;4096,4096""",FLOAT;FLOAT,ND;ND,"""4096,4096""",FLOAT,ND,N/A,0.0,0,0.0,0.0,0.0,0.0,0.0,0.0,0.0,0.0,0.0,0.0,0.0,330.408,21806952,6.784,0.021,3.047,0.009,328.811,0.995,112.341,0.34,0.0,0.000
0,4294967295,499,47,Concat,Concat,dynamic,AI_VECTOR_CORE,1785697972963873.105	,40.661,0.000000,40,0,NO,"""64,16;64,32;64,64;64,128;64,256;64,512;64,1024;64,2048;64,4096;64,8192;64,16;64,32;64,64;64,128;64,256;64,512;64,1024;64,2048;64,4096;64,8192;64,16;64,32;64,64;64,128;64,256;64,512;64,1024;64,2048;64,4096;64,8192;64,16;64,32;64,64;64,128;64,256;64,512;64,1024;64,2048;64,4096;64,8192;64,16;64,32;64,64;64,128;64,256;64,512;64,1024;64,2048;64,4096;64,8192;64,16;64,32;64,64;64,128;64,256;64,512;64,1024;64,2048;64,4096;64,8192;64,16;64,32;64,64;64,128""",FLOAT16;FLOAT16;FLOAT16;FLOAT16;FLOAT16;FLOAT16;FLOAT16;FLOAT16;FLOAT16;FLOAT16;FLOAT16;FLOAT16;FLOAT16;FLOAT16;FLOAT16;FLOAT16;FLOAT16;FLOAT16;FLOAT16;FLOAT16;FLOAT16;FLOAT16;FLOAT16;FLOAT16;FLOAT16;FLOAT16;FLOAT16;FLOAT16;FLOAT16;FLOAT16;FLOAT16;FLOAT16;FLOAT16;FLOAT16;FLOAT16;FLOAT16;FLOAT16;FLOAT16;FLOAT16;FLOAT16;FLOAT16;FLOAT16;FLOAT16;FLOAT16;FLOAT16;FLOAT16;FLOAT16;FLOAT16;FLOAT16;FLOAT16;FLOAT16;FLOAT16;FLOAT16;FLOAT16;FLOAT16;FLOAT16;FLOAT16;FLOAT16;FLOAT16;FLOAT16;FLOAT16;FLOAT16;FLOAT16;FLOAT16,ND;ND;ND;ND;ND;ND;ND;ND;ND;ND;ND;ND;ND;ND;ND;ND;ND;ND;ND;ND;ND;ND;ND;ND;ND;ND;ND;ND;ND;ND;ND;ND;ND;ND;ND;ND;ND;ND;ND;ND;ND;ND;ND;ND;ND;ND;ND;ND;ND;ND;ND;ND;ND;ND;ND;ND;ND;ND;ND;ND;ND;ND;ND;ND,"""64,98448""",FLOAT16,ND,N/A,0.0,0,0.0,0.0,0.0,0.0,0.0,0.0,0.0,0.0,0.0,0.0,0.0,36.957,2439155,0.017,0.0,6.645,0.18,21.644,0.586,11.592,0.314,0.0,0.000
0,4294967295,500,47,aclnnMul_MulAiCore_Mul,Mul,dynamic,AI_VECTOR_CORE,1785697972963913.786	,333.346,0.089000,40,0,NO,"""4096,4096;4096,4096""",FLOAT;FLOAT,ND;ND,"""4096,4096""",FLOAT,ND,N/A,0.0,0,0.0,0.0,0.0,0.0,0.0,0.0,0.0,0.0,0.0,0.0,0.0,331.264,21863446,6.784,0.02,2.909,0.009,329.835,0.996,112.119,0.338,0.0,0.000
0,4294967295,501,47,Concat,Concat,dynamic,AI_VECTOR_CORE,1785697972964247.152	,39.821,0.154000,40,0,NO,"""64,16;64,32;64,64;64,128;64,256;64,512;64,1024;64,2048;64,4096;64,8192;64,16;64,32;64,64;64,128;64,256;64,512;64,1024;64,2048;64,4096;64,8192;64,16;64,32;64,64;64,128;64,256;64,512;64,1024;64,2048;64,4096;64,8192;64,16;64,32;64,64;64,128;64,256;64,512;64,1024;64,2048;64,4096;64,8192;64,16;64,32;64,64;64,128;64,256;64,512;64,1024;64,2048;64,4096;64,8192;64,16;64,32;64,64;64,128;64,256;64,512;64,1024;64,2048;64,4096;64,8192;64,16;64,32;64,64;64,128""",FLOAT16;FLOAT16;FLOAT16;FLOAT16;FLOAT16;FLOAT16;FLOAT16;FLOAT16;FLOAT16;FLOAT16;FLOAT16;FLOAT16;FLOAT16;FLOAT16;FLOAT16;FLOAT16;FLOAT16;FLOAT16;FLOAT16;FLOAT16;FLOAT16;FLOAT16;FLOAT16;FLOAT16;FLOAT16;FLOAT16;FLOAT16;FLOAT16;FLOAT16;FLOAT16;FLOAT16;FLOAT16;FLOAT16;FLOAT16;FLOAT16;FLOAT16;FLOAT16;FLOAT16;FLOAT16;FLOAT16;FLOAT16;FLOAT16;FLOAT16;FLOAT16;FLOAT16;FLOAT16;FLOAT16;FLOAT16;FLOAT16;FLOAT16;FLOAT16;FLOAT16;FLOAT16;FLOAT16;FLOAT16;FLOAT16;FLOAT16;FLOAT16;FLOAT16;FLOAT16;FLOAT16;FLOAT16;FLOAT16;FLOAT16,ND;ND;ND;ND;ND;ND;ND;ND;ND;ND;ND;ND;ND;ND;ND;ND;ND;ND;ND;ND;ND;ND;ND;ND;ND;ND;ND;ND;ND;ND;ND;ND;ND;ND;ND;ND;ND;ND;ND;ND;ND;ND;ND;ND;ND;ND;ND;ND;ND;ND;ND;ND;ND;ND;ND;ND;ND;ND;ND;ND;ND;ND;ND;ND,"""64,98448""",FLOAT16,ND,N/A,0.0,0,0.0,0.0,0.0,0.0,0.0,0.0,0.0,0.0,0.0,0.0,0.0,36.458,2406199,0.017,0.0,7.579,0.208,21.165,0.581,11.437,0.314,0.0,0.000
0,4294967295,502,47,aclnnMul_MulAiCore_Mul,Mul,dynamic,AI_VECTOR_CORE,1785697972964286.993	,332.387,0.000000,40,0,NO,"""4096,4096;4096,4096""",FLOAT;FLOAT,ND;ND,"""4096,4096""",FLOAT,ND,N/A,0.0,0,0.0,0.0,0.0,0.0,0.0,0.0,0.0,0.0,0.0,0.0,0.0,330.32,21801146,6.784,0.021,3.05,0.009,328.738,0.995,111.996,0.339,0.0,0.000
0,4294967295,503,47,Concat,Concat,dynamic,AI_VECTOR_CORE,1785697972964619.400	,40.041,0.113000,40,0,NO,"""64,16;64,32;64,64;64,128;64,256;64,512;64,1024;64,2048;64,4096;64,8192;64,16;64,32;64,64;64,128;64,256;64,512;64,1024;64,2048;64,4096;64,8192;64,16;64,32;64,64;64,128;64,256;64,512;64,1024;64,2048;64,4096;64,8192;64,16;64,32;64,64;64,128;64,256;64,512;64,1024;64,2048;64,4096;64,8192;64,16;64,32;64,64;64,128;64,256;64,512;64,1024;64,2048;64,4096;64,8192;64,16;64,32;64,64;64,128;64,256;64,512;64,1024;64,2048;64,4096;64,8192;64,16;64,32;64,64;64,128""",FLOAT16;FLOAT16;FLOAT16;FLOAT16;FLOAT16;FLOAT16;FLOAT16;FLOAT16;FLOAT16;FLOAT16;FLOAT16;FLOAT16;FLOAT16;FLOAT16;FLOAT16;FLOAT16;FLOAT16;FLOAT16;FLOAT16;FLOAT16;FLOAT16;FLOAT16;FLOAT16;FLOAT16;FLOAT16;FLOAT16;FLOAT16;FLOAT16;FLOAT16;FLOAT16;FLOAT16;FLOAT16;FLOAT16;FLOAT16;FLOAT16;FLOAT16;FLOAT16;FLOAT16;FLOAT16;FLOAT16;FLOAT16;FLOAT16;FLOAT16;FLOAT16;FLOAT16;FLOAT16;FLOAT16;FLOAT16;FLOAT16;FLOAT16;FLOAT16;FLOAT16;FLOAT16;FLOAT16;FLOAT16;FLOAT16;FLOAT16;FLOAT16;FLOAT16;FLOAT16;FLOAT16;FLOAT16;FLOAT16;FLOAT16,ND;ND;ND;ND;ND;ND;ND;ND;ND;ND;ND;ND;ND;ND;ND;ND;ND;ND;ND;ND;ND;ND;ND;ND;ND;ND;ND;ND;ND;ND;ND;ND;ND;ND;ND;ND;ND;ND;ND;ND;ND;ND;ND;ND;ND;ND;ND;ND;ND;ND;ND;ND;ND;ND;ND;ND;ND;ND;ND;ND;ND;ND;ND;ND,"""64,98448""",FLOAT16,ND,N/A,0.0,0,0.0,0.0,0.0,0.0,0.0,0.0,0.0,0.0,0.0,0.0,0.0,36.596,2415339,0.017,0.0,7.964,0.218,20.165,0.551,11.775,0.322,0.0,0.000
0,4294967295,504,47,aclnnMul_MulAiCore_Mul,Mul,dynamic,AI_VECTOR_CORE,1785697972964659.461	,332.566,0.000000,40,0,NO,"""4096,4096;4096,4096""",FLOAT;FLOAT,ND;ND,"""4096,4096""",FLOAT,ND,N/A,0.0,0,0.0,0.0,0.0,0.0,0.0,0.0,0.0,0.0,0.0,0.0,0.0,330.162,21790724,6.784,0.021,3.073,0.009,328.488,0.995,111.8,0.339,0.0,0.000
0,4294967295,505,47,Concat,Concat,dynamic,AI_VECTOR_CORE,1785697972964992.047	,41.121,0.000000,40,0,NO,"""64,16;64,32;64,64;64,128;64,256;64,512;64,1024;64,2048;64,4096;64,8192;64,16;64,32;64,64;64,128;64,256;64,512;64,1024;64,2048;64,4096;64,8192;64,16;64,32;64,64;64,128;64,256;64,512;64,1024;64,2048;64,4096;64,8192;64,16;64,32;64,64;64,128;64,256;64,512;64,1024;64,2048;64,4096;64,8192;64,16;64,32;64,64;64,128;64,256;64,512;64,1024;64,2048;64,4096;64,8192;64,16;64,32;64,64;64,128;64,256;64,512;64,1024;64,2048;64,4096;64,8192;64,16;64,32;64,64;64,128""",FLOAT16;FLOAT16;FLOAT16;FLOAT16;FLOAT16;FLOAT16;FLOAT16;FLOAT16;FLOAT16;FLOAT16;FLOAT16;FLOAT16;FLOAT16;FLOAT16;FLOAT16;FLOAT16;FLOAT16;FLOAT16;FLOAT16;FLOAT16;FLOAT16;FLOAT16;FLOAT16;FLOAT16;FLOAT16;FLOAT16;FLOAT16;FLOAT16;FLOAT16;FLOAT16;FLOAT16;FLOAT16;FLOAT16;FLOAT16;FLOAT16;FLOAT16;FLOAT16;FLOAT16;FLOAT16;FLOAT16;FLOAT16;FLOAT16;FLOAT16;FLOAT16;FLOAT16;FLOAT16;FLOAT16;FLOAT16;FLOAT16;FLOAT16;FLOAT16;FLOAT16;FLOAT16;FLOAT16;FLOAT16;FLOAT16;FLOAT16;FLOAT16;FLOAT16;FLOAT16;FLOAT16;FLOAT16;FLOAT16;FLOAT16,ND;ND;ND;ND;ND;ND;ND;ND;ND;ND;ND;ND;ND;ND;ND;ND;ND;ND;ND;ND;ND;ND;ND;ND;ND;ND;ND;ND;ND;ND;ND;ND;ND;ND;ND;ND;ND;ND;ND;ND;ND;ND;ND;ND;ND;ND;ND;ND;ND;ND;ND;ND;ND;ND;ND;ND;ND;ND;ND;ND;ND;ND;ND;ND,"""64,98448""",FLOAT16,ND,N/A,0.0,0,0.0,0.0,0.0,0.0,0.0,0.0,0.0,0.0,0.0,0.0,0.0,37.214,2456145,0.017,0.0,8.896,0.239,21.305,0.573,11.4,0.306,0.0,0.000
0,4294967295,506,47,aclnnMul_MulAiCore_Mul,Mul,dynamic,AI_VECTOR_CORE,1785697972965033.188	,333.507,0.129000,40,0,NO,"""4096,4096;4096,4096""",FLOAT;FLOAT,ND;ND,"""4096,4096""",FLOAT,ND,N/A,0.0,0,0.0,0.0,0.0,0.0,0.0,0.0,0.0,0.0,0.0,0.0,0.0,331.086,21851671,6.784,0.02,3.117,0.009,329.42,0.995,111.458,0.337,0.0,0.000
0,4294967295,507,47,Concat,Concat,dynamic,AI_VECTOR_CORE,1785697972965366.715	,41.421,0.000000,40,0,NO,"""64,16;64,32;64,64;64,128;64,256;64,512;64,1024;64,2048;64,4096;64,8192;64,16;64,32;64,64;64,128;64,256;64,512;64,1024;64,2048;64,4096;64,8192;64,16;64,32;64,64;64,128;64,256;64,512;64,1024;64,2048;64,4096;64,8192;64,16;64,32;64,64;64,128;64,256;64,512;64,1024;64,2048;64,4096;64,8192;64,16;64,32;64,64;64,128;64,256;64,512;64,1024;64,2048;64,4096;64,8192;64,16;64,32;64,64;64,128;64,256;64,512;64,1024;64,2048;64,4096;64,8192;64,16;64,32;64,64;64,128""",FLOAT16;FLOAT16;FLOAT16;FLOAT16;FLOAT16;FLOAT16;FLOAT16;FLOAT16;FLOAT16;FLOAT16;FLOAT16;FLOAT16;FLOAT16;FLOAT16;FLOAT16;FLOAT16;FLOAT16;FLOAT16;FLOAT16;FLOAT16;FLOAT16;FLOAT16;FLOAT16;FLOAT16;FLOAT16;FLOAT16;FLOAT16;FLOAT16;FLOAT16;FLOAT16;FLOAT16;FLOAT16;FLOAT16;FLOAT16;FLOAT16;FLOAT16;FLOAT16;FLOAT16;FLOAT16;FLOAT16;FLOAT16;FLOAT16;FLOAT16;FLOAT16;FLOAT16;FLOAT16;FLOAT16;FLOAT16;FLOAT16;FLOAT16;FLOAT16;FLOAT16;FLOAT16;FLOAT16;FLOAT16;FLOAT16;FLOAT16;FLOAT16;FLOAT16;FLOAT16;FLOAT16;FLOAT16;FLOAT16;FLOAT16,ND;ND;ND;ND;ND;ND;ND;ND;ND;ND;ND;ND;ND;ND;ND;ND;ND;ND;ND;ND;ND;ND;ND;ND;ND;ND;ND;ND;ND;ND;ND;ND;ND;ND;ND;ND;ND;ND;ND;ND;ND;ND;ND;ND;ND;ND;ND;ND;ND;ND;ND;ND;ND;ND;ND;ND;ND;ND;ND;ND;ND;ND;ND;ND,"""64,98448""",FLOAT16,ND,N/A,0.0,0,0.0,0.0,0.0,0.0,0.0,0.0,0.0,0.0,0.0,0.0,0.0,38.487,2540124,0.017,0.0,8.674,0.225,22.152,0.576,11.67,0.303,0.0,0.000
0,4294967295,508,47,aclnnMul_MulAiCore_Mul,Mul,dynamic,AI_VECTOR_CORE,1785697972965408.156	,333.866,0.079000,40,0,NO,"""4096,4096;4096,4096""",FLOAT;FLOAT,ND;ND,"""4096,4096""",FLOAT,ND,N/A,0.0,0,0.0,0.0,0.0,0.0,0.0,0.0,0.0,0.0,0.0,0.0,0.0,331.43,21874348,6.784,0.02,3.044,0.009,329.769,0.995,112.491,0.339,0.0,0.000
0,4294967295,509,47,Concat,Concat,dynamic,AI_VECTOR_CORE,1785697972965742.042	,39.401,0.000000,40,0,NO,"""64,16;64,32;64,64;64,128;64,256;64,512;64,1024;64,2048;64,4096;64,8192;64,16;64,32;64,64;64,128;64,256;64,512;64,1024;64,2048;64,4096;64,8192;64,16;64,32;64,64;64,128;64,256;64,512;64,1024;64,2048;64,4096;64,8192;64,16;64,32;64,64;64,128;64,256;64,512;64,1024;64,2048;64,4096;64,8192;64,16;64,32;64,64;64,128;64,256;64,512;64,1024;64,2048;64,4096;64,8192;64,16;64,32;64,64;64,128;64,256;64,512;64,1024;64,2048;64,4096;64,8192;64,16;64,32;64,64;64,128""",FLOAT16;FLOAT16;FLOAT16;FLOAT16;FLOAT16;FLOAT16;FLOAT16;FLOAT16;FLOAT16;FLOAT16;FLOAT16;FLOAT16;FLOAT16;FLOAT16;FLOAT16;FLOAT16;FLOAT16;FLOAT16;FLOAT16;FLOAT16;FLOAT16;FLOAT16;FLOAT16;FLOAT16;FLOAT16;FLOAT16;FLOAT16;FLOAT16;FLOAT16;FLOAT16;FLOAT16;FLOAT16;FLOAT16;FLOAT16;FLOAT16;FLOAT16;FLOAT16;FLOAT16;FLOAT16;FLOAT16;FLOAT16;FLOAT16;FLOAT16;FLOAT16;FLOAT16;FLOAT16;FLOAT16;FLOAT16;FLOAT16;FLOAT16;FLOAT16;FLOAT16;FLOAT16;FLOAT16;FLOAT16;FLOAT16;FLOAT16;FLOAT16;FLOAT16;FLOAT16;FLOAT16;FLOAT16;FLOAT16;FLOAT16,ND;ND;ND;ND;ND;ND;ND;ND;ND;ND;ND;ND;ND;ND;ND;ND;ND;ND;ND;ND;ND;ND;ND;ND;ND;ND;ND;ND;ND;ND;ND;ND;ND;ND;ND;ND;ND;ND;ND;ND;ND;ND;ND;ND;ND;ND;ND;ND;ND;ND;ND;ND;ND;ND;ND;ND;ND;ND;ND;ND;ND;ND;ND;ND,"""64,98448""",FLOAT16,ND,N/A,0.0,0,0.0,0.0,0.0,0.0,0.0,0.0,0.0,0.0,0.0,0.0,0.0,35.552,2346448,0.017,0.0,7.802,0.219,20.704,0.582,11.11,0.312,0.0,0.000
0,4294967295,510,47,aclnnMul_MulAiCore_Mul,Mul,dynamic,AI_VECTOR_CORE,1785697972965781.463	,332.647,0.099000,40,0,NO,"""4096,4096;4096,4096""",FLOAT;FLOAT,ND;ND,"""4096,4096""",FLOAT,ND,N/A,0.0,0,0.0,0.0,0.0,0.0,0.0,0.0,0.0,0.0,0.0,0.0,0.0,330.761,21830237,6.784,0.021,3.107,0.009,329.107,0.995,113.127,0.342,0.0,0.000
0,4294967295,511,47,Concat,Concat,dynamic,AI_VECTOR_CORE,1785697972966114.130	,39.420,0.103000,40,0,NO,"""64,16;64,32;64,64;64,128;64,256;64,512;64,1024;64,2048;64,4096;64,8192;64,16;64,32;64,64;64,128;64,256;64,512;64,1024;64,2048;64,4096;64,8192;64,16;64,32;64,64;64,128;64,256;64,512;64,1024;64,2048;64,4096;64,8192;64,16;64,32;64,64;64,128;64,256;64,512;64,1024;64,2048;64,4096;64,8192;64,16;64,32;64,64;64,128;64,256;64,512;64,1024;64,2048;64,4096;64,8192;64,16;64,32;64,64;64,128;64,256;64,512;64,1024;64,2048;64,4096;64,8192;64,16;64,32;64,64;64,128""",FLOAT16;FLOAT16;FLOAT16;FLOAT16;FLOAT16;FLOAT16;FLOAT16;FLOAT16;FLOAT16;FLOAT16;FLOAT16;FLOAT16;FLOAT16;FLOAT16;FLOAT16;FLOAT16;FLOAT16;FLOAT16;FLOAT16;FLOAT16;FLOAT16;FLOAT16;FLOAT16;FLOAT16;FLOAT16;FLOAT16;FLOAT16;FLOAT16;FLOAT16;FLOAT16;FLOAT16;FLOAT16;FLOAT16;FLOAT16;FLOAT16;FLOAT16;FLOAT16;FLOAT16;FLOAT16;FLOAT16;FLOAT16;FLOAT16;FLOAT16;FLOAT16;FLOAT16;FLOAT16;FLOAT16;FLOAT16;FLOAT16;FLOAT16;FLOAT16;FLOAT16;FLOAT16;FLOAT16;FLOAT16;FLOAT16;FLOAT16;FLOAT16;FLOAT16;FLOAT16;FLOAT16;FLOAT16;FLOAT16;FLOAT16,ND;ND;ND;ND;ND;ND;ND;ND;ND;ND;ND;ND;ND;ND;ND;ND;ND;ND;ND;ND;ND;ND;ND;ND;ND;ND;ND;ND;ND;ND;ND;ND;ND;ND;ND;ND;ND;ND;ND;ND;ND;ND;ND;ND;ND;ND;ND;ND;ND;ND;ND;ND;ND;ND;ND;ND;ND;ND;ND;ND;ND;ND;ND;ND,"""64,98448""",FLOAT16,ND,N/A,0.0,0,0.0,0.0,0.0,0.0,0.0,0.0,0.0,0.0,0.0,0.0,0.0,35.61,2350264,0.017,0.0,7.839,0.22,20.711,0.582,11.078,0.311,0.0,0.000
0,4294967295,512,47,aclnnMul_MulAiCore_Mul,Mul,dynamic,AI_VECTOR_CORE,1785697972966153.590	,334.627,0.000000,40,0,NO,"""4096,4096;4096,4096""",FLOAT;FLOAT,ND;ND,"""4096,4096""",FLOAT,ND,N/A,0.0,0,0.0,0.0,0.0,0.0,0.0,0.0,0.0,0.0,0.0,0.0,0.0,331.709,21892783,6.784,0.02,3.27,0.01,329.878,0.994,111.903,0.337,0.0,0.000
0,4294967295,513,47,Concat,Concat,dynamic,AI_VECTOR_CORE,1785697972966488.237	,41.161,0.123000,40,0,NO,"""64,16;64,32;64,64;64,128;64,256;64,512;64,1024;64,2048;64,4096;64,8192;64,16;64,32;64,64;64,128;64,256;64,512;64,1024;64,2048;64,4096;64,8192;64,16;64,32;64,64;64,128;64,256;64,512;64,1024;64,2048;64,4096;64,8192;64,16;64,32;64,64;64,128;64,256;64,512;64,1024;64,2048;64,4096;64,8192;64,16;64,32;64,64;64,128;64,256;64,512;64,1024;64,2048;64,4096;64,8192;64,16;64,32;64,64;64,128;64,256;64,512;64,1024;64,2048;64,4096;64,8192;64,16;64,32;64,64;64,128""",FLOAT16;FLOAT16;FLOAT16;FLOAT16;FLOAT16;FLOAT16;FLOAT16;FLOAT16;FLOAT16;FLOAT16;FLOAT16;FLOAT16;FLOAT16;FLOAT16;FLOAT16;FLOAT16;FLOAT16;FLOAT16;FLOAT16;FLOAT16;FLOAT16;FLOAT16;FLOAT16;FLOAT16;FLOAT16;FLOAT16;FLOAT16;FLOAT16;FLOAT16;FLOAT16;FLOAT16;FLOAT16;FLOAT16;FLOAT16;FLOAT16;FLOAT16;FLOAT16;FLOAT16;FLOAT16;FLOAT16;FLOAT16;FLOAT16;FLOAT16;FLOAT16;FLOAT16;FLOAT16;FLOAT16;FLOAT16;FLOAT16;FLOAT16;FLOAT16;FLOAT16;FLOAT16;FLOAT16;FLOAT16;FLOAT16;FLOAT16;FLOAT16;FLOAT16;FLOAT16;FLOAT16;FLOAT16;FLOAT16;FLOAT16,ND;ND;ND;ND;ND;ND;ND;ND;ND;ND;ND;ND;ND;ND;ND;ND;ND;ND;ND;ND;ND;ND;ND;ND;ND;ND;ND;ND;ND;ND;ND;ND;ND;ND;ND;ND;ND;ND;ND;ND;ND;ND;ND;ND;ND;ND;ND;ND;ND;ND;ND;ND;ND;ND;ND;ND;ND;ND;ND;ND;ND;ND;ND;ND,"""64,98448""",FLOAT16,ND,N/A,0.0,0,0.0,0.0,0.0,0.0,0.0,0.0,0.0,0.0,0.0,0.0,0.0,37.445,2471375,0.017,0.0,6.952,0.186,21.717,0.58,11.89,0.318,0.0,0.000
0,4294967295,514,47,aclnnMul_MulAiCore_Mul,Mul,dynamic,AI_VECTOR_CORE,1785697972966529.418	,332.887,0.089000,40,0,NO,"""4096,4096;4096,4096""",FLOAT;FLOAT,ND;ND,"""4096,4096""",FLOAT,ND,N/A,0.0,0,0.0,0.0,0.0,0.0,0.0,0.0,0.0,0.0,0.0,0.0,0.0,330.389,21805701,6.784,0.021,3.037,0.009,328.765,0.995,112.604,0.341,0.0,0.000
0,4294967295,515,47,Concat,Concat,dynamic,AI_VECTOR_CORE,1785697972966862.325	,40.920,0.000000,40,0,NO,"""64,16;64,32;64,64;64,128;64,256;64,512;64,1024;64,2048;64,4096;64,8192;64,16;64,32;64,64;64,128;64,256;64,512;64,1024;64,2048;64,4096;64,8192;64,16;64,32;64,64;64,128;64,256;64,512;64,1024;64,2048;64,4096;64,8192;64,16;64,32;64,64;64,128;64,256;64,512;64,1024;64,2048;64,4096;64,8192;64,16;64,32;64,64;64,128;64,256;64,512;64,1024;64,2048;64,4096;64,8192;64,16;64,32;64,64;64,128;64,256;64,512;64,1024;64,2048;64,4096;64,8192;64,16;64,32;64,64;64,128""",FLOAT16;FLOAT16;FLOAT16;FLOAT16;FLOAT16;FLOAT16;FLOAT16;FLOAT16;FLOAT16;FLOAT16;FLOAT16;FLOAT16;FLOAT16;FLOAT16;FLOAT16;FLOAT16;FLOAT16;FLOAT16;FLOAT16;FLOAT16;FLOAT16;FLOAT16;FLOAT16;FLOAT16;FLOAT16;FLOAT16;FLOAT16;FLOAT16;FLOAT16;FLOAT16;FLOAT16;FLOAT16;FLOAT16;FLOAT16;FLOAT16;FLOAT16;FLOAT16;FLOAT16;FLOAT16;FLOAT16;FLOAT16;FLOAT16;FLOAT16;FLOAT16;FLOAT16;FLOAT16;FLOAT16;FLOAT16;FLOAT16;FLOAT16;FLOAT16;FLOAT16;FLOAT16;FLOAT16;FLOAT16;FLOAT16;FLOAT16;FLOAT16;FLOAT16;FLOAT16;FLOAT16;FLOAT16;FLOAT16;FLOAT16,ND;ND;ND;ND;ND;ND;ND;ND;ND;ND;ND;ND;ND;ND;ND;ND;ND;ND;ND;ND;ND;ND;ND;ND;ND;ND;ND;ND;ND;ND;ND;ND;ND;ND;ND;ND;ND;ND;ND;ND;ND;ND;ND;ND;ND;ND;ND;ND;ND;ND;ND;ND;ND;ND;ND;ND;ND;ND;ND;ND;ND;ND;ND;ND,"""64,98448""",FLOAT16,ND,N/A,0.0,0,0.0,0.0,0.0,0.0,0.0,0.0,0.0,0.0,0.0,0.0,0.0,37.609,2482188,0.017,0.0,6.451,0.172,21.82,0.58,12.188,0.324,0.0,0.000
0,4294967295,516,47,aclnnMul_MulAiCore_Mul,Mul,dynamic,AI_VECTOR_CORE,1785697972966903.265	,333.467,0.080000,40,0,NO,"""4096,4096;4096,4096""",FLOAT;FLOAT,ND;ND,"""4096,4096""",FLOAT,ND,N/A,0.0,0,0.0,0.0,0.0,0.0,0.0,0.0,0.0,0.0,0.0,0.0,0.0,330.925,21841067,6.784,0.021,2.947,0.009,329.415,0.995,113.114,0.342,0.0,0.000
0,4294967295,517,47,Concat,Concat,dynamic,AI_VECTOR_CORE,1785697972967236.752	,40.021,0.033000,40,0,NO,"""64,16;64,32;64,64;64,128;64,256;64,512;64,1024;64,2048;64,4096;64,8192;64,16;64,32;64,64;64,128;64,256;64,512;64,1024;64,2048;64,4096;64,8192;64,16;64,32;64,64;64,128;64,256;64,512;64,1024;64,2048;64,4096;64,8192;64,16;64,32;64,64;64,128;64,256;64,512;64,1024;64,2048;64,4096;64,8192;64,16;64,32;64,64;64,128;64,256;64,512;64,1024;64,2048;64,4096;64,8192;64,16;64,32;64,64;64,128;64,256;64,512;64,1024;64,2048;64,4096;64,8192;64,16;64,32;64,64;64,128""",FLOAT16;FLOAT16;FLOAT16;FLOAT16;FLOAT16;FLOAT16;FLOAT16;FLOAT16;FLOAT16;FLOAT16;FLOAT16;FLOAT16;FLOAT16;FLOAT16;FLOAT16;FLOAT16;FLOAT16;FLOAT16;FLOAT16;FLOAT16;FLOAT16;FLOAT16;FLOAT16;FLOAT16;FLOAT16;FLOAT16;FLOAT16;FLOAT16;FLOAT16;FLOAT16;FLOAT16;FLOAT16;FLOAT16;FLOAT16;FLOAT16;FLOAT16;FLOAT16;FLOAT16;FLOAT16;FLOAT16;FLOAT16;FLOAT16;FLOAT16;FLOAT16;FLOAT16;FLOAT16;FLOAT16;FLOAT16;FLOAT16;FLOAT16;FLOAT16;FLOAT16;FLOAT16;FLOAT16;FLOAT16;FLOAT16;FLOAT16;FLOAT16;FLOAT16;FLOAT16;FLOAT16;FLOAT16;FLOAT16;FLOAT16,ND;ND;ND;ND;ND;ND;ND;ND;ND;ND;ND;ND;ND;ND;ND;ND;ND;ND;ND;ND;ND;ND;ND;ND;ND;ND;ND;ND;ND;ND;ND;ND;ND;ND;ND;ND;ND;ND;ND;ND;ND;ND;ND;ND;ND;ND;ND;ND;ND;ND;ND;ND;ND;ND;ND;ND;ND;ND;ND;ND;ND;ND;ND;ND,"""64,98448""",FLOAT16,ND,N/A,0.0,0,0.0,0.0,0.0,0.0,0.0,0.0,0.0,0.0,0.0,0.0,0.0,36.329,2397741,0.017,0.0,7.264,0.2,21.598,0.595,10.96,0.302,0.0,0.000
0,4294967295,518,47,aclnnMul_MulAiCore_Mul,Mul,dynamic,AI_VECTOR_CORE,1785697972967276.793	,332.386,0.000000,40,0,NO,"""4096,4096;4096,4096""",FLOAT;FLOAT,ND;ND,"""4096,4096""",FLOAT,ND,N/A,0.0,0,0.0,0.0,0.0,0.0,0.0,0.0,0.0,0.0,0.0,0.0,0.0,330.259,21797085,6.784,0.021,3.045,0.009,328.712,0.995,111.483,0.338,0.0,0.000
0,4294967295,519,47,Concat,Concat,dynamic,AI_VECTOR_CORE,1785697972967609.219	,40.521,0.114000,40,0,NO,"""64,16;64,32;64,64;64,128;64,256;64,512;64,1024;64,2048;64,4096;64,8192;64,16;64,32;64,64;64,128;64,256;64,512;64,1024;64,2048;64,4096;64,8192;64,16;64,32;64,64;64,128;64,256;64,512;64,1024;64,2048;64,4096;64,8192;64,16;64,32;64,64;64,128;64,256;64,512;64,1024;64,2048;64,4096;64,8192;64,16;64,32;64,64;64,128;64,256;64,512;64,1024;64,2048;64,4096;64,8192;64,16;64,32;64,64;64,128;64,256;64,512;64,1024;64,2048;64,4096;64,8192;64,16;64,32;64,64;64,128""",FLOAT16;FLOAT16;FLOAT16;FLOAT16;FLOAT16;FLOAT16;FLOAT16;FLOAT16;FLOAT16;FLOAT16;FLOAT16;FLOAT16;FLOAT16;FLOAT16;FLOAT16;FLOAT16;FLOAT16;FLOAT16;FLOAT16;FLOAT16;FLOAT16;FLOAT16;FLOAT16;FLOAT16;FLOAT16;FLOAT16;FLOAT16;FLOAT16;FLOAT16;FLOAT16;FLOAT16;FLOAT16;FLOAT16;FLOAT16;FLOAT16;FLOAT16;FLOAT16;FLOAT16;FLOAT16;FLOAT16;FLOAT16;FLOAT16;FLOAT16;FLOAT16;FLOAT16;FLOAT16;FLOAT16;FLOAT16;FLOAT16;FLOAT16;FLOAT16;FLOAT16;FLOAT16;FLOAT16;FLOAT16;FLOAT16;FLOAT16;FLOAT16;FLOAT16;FLOAT16;FLOAT16;FLOAT16;FLOAT16;FLOAT16,ND;ND;ND;ND;ND;ND;ND;ND;ND;ND;ND;ND;ND;ND;ND;ND;ND;ND;ND;ND;ND;ND;ND;ND;ND;ND;ND;ND;ND;ND;ND;ND;ND;ND;ND;ND;ND;ND;ND;ND;ND;ND;ND;ND;ND;ND;ND;ND;ND;ND;ND;ND;ND;ND;ND;ND;ND;ND;ND;ND;ND;ND;ND;ND,"""64,98448""",FLOAT16,ND,N/A,0.0,0,0.0,0.0,0.0,0.0,0.0,0.0,0.0,0.0,0.0,0.0,0.0,36.961,2439451,0.017,0.0,7.32,0.198,21.713,0.587,11.34,0.307,0.0,0.000
0,4294967295,520,47,aclnnMul_MulAiCore_Mul,Mul,dynamic,AI_VECTOR_CORE,1785697972967649.760	,333.767,0.000000,40,0,NO,"""4096,4096;4096,4096""",FLOAT;FLOAT,ND;ND,"""4096,4096""",FLOAT,ND,N/A,0.0,0,0.0,0.0,0.0,0.0,0.0,0.0,0.0,0.0,0.0,0.0,0.0,330.956,21843125,6.784,0.02,3.053,0.009,329.275,0.995,114.011,0.344,0.0,0.000
0,4294967295,521,47,Concat,Concat,dynamic,AI_VECTOR_CORE,1785697972967983.547	,40.921,0.000000,40,0,NO,"""64,16;64,32;64,64;64,128;64,256;64,512;64,1024;64,2048;64,4096;64,8192;64,16;64,32;64,64;64,128;64,256;64,512;64,1024;64,2048;64,4096;64,8192;64,16;64,32;64,64;64,128;64,256;64,512;64,1024;64,2048;64,4096;64,8192;64,16;64,32;64,64;64,128;64,256;64,512;64,1024;64,2048;64,4096;64,8192;64,16;64,32;64,64;64,128;64,256;64,512;64,1024;64,2048;64,4096;64,8192;64,16;64,32;64,64;64,128;64,256;64,512;64,1024;64,2048;64,4096;64,8192;64,16;64,32;64,64;64,128""",FLOAT16;FLOAT16;FLOAT16;FLOAT16;FLOAT16;FLOAT16;FLOAT16;FLOAT16;FLOAT16;FLOAT16;FLOAT16;FLOAT16;FLOAT16;FLOAT16;FLOAT16;FLOAT16;FLOAT16;FLOAT16;FLOAT16;FLOAT16;FLOAT16;FLOAT16;FLOAT16;FLOAT16;FLOAT16;FLOAT16;FLOAT16;FLOAT16;FLOAT16;FLOAT16;FLOAT16;FLOAT16;FLOAT16;FLOAT16;FLOAT16;FLOAT16;FLOAT16;FLOAT16;FLOAT16;FLOAT16;FLOAT16;FLOAT16;FLOAT16;FLOAT16;FLOAT16;FLOAT16;FLOAT16;FLOAT16;FLOAT16;FLOAT16;FLOAT16;FLOAT16;FLOAT16;FLOAT16;FLOAT16;FLOAT16;FLOAT16;FLOAT16;FLOAT16;FLOAT16;FLOAT16;FLOAT16;FLOAT16;FLOAT16,ND;ND;ND;ND;ND;ND;ND;ND;ND;ND;ND;ND;ND;ND;ND;ND;ND;ND;ND;ND;ND;ND;ND;ND;ND;ND;ND;ND;ND;ND;ND;ND;ND;ND;ND;ND;ND;ND;ND;ND;ND;ND;ND;ND;ND;ND;ND;ND;ND;ND;ND;ND;ND;ND;ND;ND;ND;ND;ND;ND;ND;ND;ND;ND,"""64,98448""",FLOAT16,ND,N/A,0.0,0,0.0,0.0,0.0,0.0,0.0,0.0,0.0,0.0,0.0,0.0,0.0,37.806,2495199,0.017,0.0,8.395,0.222,21.844,0.578,11.565,0.306,0.0,0.000
0,4294967295,522,47,aclnnMul_MulAiCore_Mul,Mul,dynamic,AI_VECTOR_CORE,1785697972968024.508	,332.646,0.079000,40,0,NO,"""4096,4096;4096,4096""",FLOAT;FLOAT,ND;ND,"""4096,4096""",FLOAT,ND,N/A,0.0,0,0.0,0.0,0.0,0.0,0.0,0.0,0.0,0.0,0.0,0.0,0.0,330.537,21815413,6.784,0.021,3.147,0.01,328.878,0.995,111.572,0.338,0.0,0.000
0,4294967295,523,47,Concat,Concat,dynamic,AI_VECTOR_CORE,1785697972968357.174	,40.841,0.104000,40,0,NO,"""64,16;64,32;64,64;64,128;64,256;64,512;64,1024;64,2048;64,4096;64,8192;64,16;64,32;64,64;64,128;64,256;64,512;64,1024;64,2048;64,4096;64,8192;64,16;64,32;64,64;64,128;64,256;64,512;64,1024;64,2048;64,4096;64,8192;64,16;64,32;64,64;64,128;64,256;64,512;64,1024;64,2048;64,4096;64,8192;64,16;64,32;64,64;64,128;64,256;64,512;64,1024;64,2048;64,4096;64,8192;64,16;64,32;64,64;64,128;64,256;64,512;64,1024;64,2048;64,4096;64,8192;64,16;64,32;64,64;64,128""",FLOAT16;FLOAT16;FLOAT16;FLOAT16;FLOAT16;FLOAT16;FLOAT16;FLOAT16;FLOAT16;FLOAT16;FLOAT16;FLOAT16;FLOAT16;FLOAT16;FLOAT16;FLOAT16;FLOAT16;FLOAT16;FLOAT16;FLOAT16;FLOAT16;FLOAT16;FLOAT16;FLOAT16;FLOAT16;FLOAT16;FLOAT16;FLOAT16;FLOAT16;FLOAT16;FLOAT16;FLOAT16;FLOAT16;FLOAT16;FLOAT16;FLOAT16;FLOAT16;FLOAT16;FLOAT16;FLOAT16;FLOAT16;FLOAT16;FLOAT16;FLOAT16;FLOAT16;FLOAT16;FLOAT16;FLOAT16;FLOAT16;FLOAT16;FLOAT16;FLOAT16;FLOAT16;FLOAT16;FLOAT16;FLOAT16;FLOAT16;FLOAT16;FLOAT16;FLOAT16;FLOAT16;FLOAT16;FLOAT16;FLOAT16,ND;ND;ND;ND;ND;ND;ND;ND;ND;ND;ND;ND;ND;ND;ND;ND;ND;ND;ND;ND;ND;ND;ND;ND;ND;ND;ND;ND;ND;ND;ND;ND;ND;ND;ND;ND;ND;ND;ND;ND;ND;ND;ND;ND;ND;ND;ND;ND;ND;ND;ND;ND;ND;ND;ND;ND;ND;ND;ND;ND;ND;ND;ND;ND,"""64,98448""",FLOAT16,ND,N/A,0.0,0,0.0,0.0,0.0,0.0,0.0,0.0,0.0,0.0,0.0,0.0,0.0,36.962,2439515,0.017,0.0,7.711,0.209,21.924,0.593,11.019,0.298,0.0,0.000
0,4294967295,524,47,aclnnMul_MulAiCore_Mul,Mul,dynamic,AI_VECTOR_CORE,1785697972968398.035	,333.667,0.000000,40,0,NO,"""4096,4096;4096,4096""",FLOAT;FLOAT,ND;ND,"""4096,4096""",FLOAT,ND,N/A,0.0,0,0.0,0.0,0.0,0.0,0.0,0.0,0.0,0.0,0.0,0.0,0.0,331.042,21848750,6.784,0.02,3.025,0.009,329.464,0.995,112.011,0.338,0.0,0.000
0,4294967295,525,47,Concat,Concat,dynamic,AI_VECTOR_CORE,1785697972968731.742	,39.521,0.083000,40,0,NO,"""64,16;64,32;64,64;64,128;64,256;64,512;64,1024;64,2048;64,4096;64,8192;64,16;64,32;64,64;64,128;64,256;64,512;64,1024;64,2048;64,4096;64,8192;64,16;64,32;64,64;64,128;64,256;64,512;64,1024;64,2048;64,4096;64,8192;64,16;64,32;64,64;64,128;64,256;64,512;64,1024;64,2048;64,4096;64,8192;64,16;64,32;64,64;64,128;64,256;64,512;64,1024;64,2048;64,4096;64,8192;64,16;64,32;64,64;64,128;64,256;64,512;64,1024;64,2048;64,4096;64,8192;64,16;64,32;64,64;64,128""",FLOAT16;FLOAT16;FLOAT16;FLOAT16;FLOAT16;FLOAT16;FLOAT16;FLOAT16;FLOAT16;FLOAT16;FLOAT16;FLOAT16;FLOAT16;FLOAT16;FLOAT16;FLOAT16;FLOAT16;FLOAT16;FLOAT16;FLOAT16;FLOAT16;FLOAT16;FLOAT16;FLOAT16;FLOAT16;FLOAT16;FLOAT16;FLOAT16;FLOAT16;FLOAT16;FLOAT16;FLOAT16;FLOAT16;FLOAT16;FLOAT16;FLOAT16;FLOAT16;FLOAT16;FLOAT16;FLOAT16;FLOAT16;FLOAT16;FLOAT16;FLOAT16;FLOAT16;FLOAT16;FLOAT16;FLOAT16;FLOAT16;FLOAT16;FLOAT16;FLOAT16;FLOAT16;FLOAT16;FLOAT16;FLOAT16;FLOAT16;FLOAT16;FLOAT16;FLOAT16;FLOAT16;FLOAT16;FLOAT16;FLOAT16,ND;ND;ND;ND;ND;ND;ND;ND;ND;ND;ND;ND;ND;ND;ND;ND;ND;ND;ND;ND;ND;ND;ND;ND;ND;ND;ND;ND;ND;ND;ND;ND;ND;ND;ND;ND;ND;ND;ND;ND;ND;ND;ND;ND;ND;ND;ND;ND;ND;ND;ND;ND;ND;ND;ND;ND;ND;ND;ND;ND;ND;ND;ND;ND,"""64,98448""",FLOAT16,ND,N/A,0.0,0,0.0,0.0,0.0,0.0,0.0,0.0,0.0,0.0,0.0,0.0,0.0,35.992,2375450,0.017,0.0,7.917,0.22,20.772,0.577,11.305,0.314,0.0,0.000
0,4294967295,526,47,aclnnMul_MulAiCore_Mul,Mul,dynamic,AI_VECTOR_CORE,1785697972968771.283	,333.526,0.000000,40,0,NO,"""4096,4096;4096,4096""",FLOAT;FLOAT,ND;ND,"""4096,4096""",FLOAT,ND,N/A,0.0,0,0.0,0.0,0.0,0.0,0.0,0.0,0.0,0.0,0.0,0.0,0.0,331.447,21875506,6.784,0.02,3.085,0.009,329.817,0.995,113.705,0.343,0.0,0.000
0,4294967295,527,47,Concat,Concat,dynamic,AI_VECTOR_CORE,1785697972969104.829	,39.321,0.000000,40,0,NO,"""64,16;64,32;64,64;64,128;64,256;64,512;64,1024;64,2048;64,4096;64,8192;64,16;64,32;64,64;64,128;64,256;64,512;64,1024;64,2048;64,4096;64,8192;64,16;64,32;64,64;64,128;64,256;64,512;64,1024;64,2048;64,4096;64,8192;64,16;64,32;64,64;64,128;64,256;64,512;64,1024;64,2048;64,4096;64,8192;64,16;64,32;64,64;64,128;64,256;64,512;64,1024;64,2048;64,4096;64,8192;64,16;64,32;64,64;64,128;64,256;64,512;64,1024;64,2048;64,4096;64,8192;64,16;64,32;64,64;64,128""",FLOAT16;FLOAT16;FLOAT16;FLOAT16;FLOAT16;FLOAT16;FLOAT16;FLOAT16;FLOAT16;FLOAT16;FLOAT16;FLOAT16;FLOAT16;FLOAT16;FLOAT16;FLOAT16;FLOAT16;FLOAT16;FLOAT16;FLOAT16;FLOAT16;FLOAT16;FLOAT16;FLOAT16;FLOAT16;FLOAT16;FLOAT16;FLOAT16;FLOAT16;FLOAT16;FLOAT16;FLOAT16;FLOAT16;FLOAT16;FLOAT16;FLOAT16;FLOAT16;FLOAT16;FLOAT16;FLOAT16;FLOAT16;FLOAT16;FLOAT16;FLOAT16;FLOAT16;FLOAT16;FLOAT16;FLOAT16;FLOAT16;FLOAT16;FLOAT16;FLOAT16;FLOAT16;FLOAT16;FLOAT16;FLOAT16;FLOAT16;FLOAT16;FLOAT16;FLOAT16;FLOAT16;FLOAT16;FLOAT16;FLOAT16,ND;ND;ND;ND;ND;ND;ND;ND;ND;ND;ND;ND;ND;ND;ND;ND;ND;ND;ND;ND;ND;ND;ND;ND;ND;ND;ND;ND;ND;ND;ND;ND;ND;ND;ND;ND;ND;ND;ND;ND;ND;ND;ND;ND;ND;ND;ND;ND;ND;ND;ND;ND;ND;ND;ND;ND;ND;ND;ND;ND;ND;ND;ND;ND,"""64,98448""",FLOAT16,ND,N/A,0.0,0,0.0,0.0,0.0,0.0,0.0,0.0,0.0,0.0,0.0,0.0,0.0,35.521,2344358,0.017,0.0,7.21,0.203,20.33,0.572,11.484,0.323,0.0,0.000
0,4294967295,528,47,aclnnMul_MulAiCore_Mul,Mul,dynamic,AI_VECTOR_CORE,1785697972969144.170	,333.967,0.179000,40,0,NO,"""4096,4096;4096,4096""",FLOAT;FLOAT,ND;ND,"""4096,4096""",FLOAT,ND,N/A,0.0,0,0.0,0.0,0.0,0.0,0.0,0.0,0.0,0.0,0.0,0.0,0.0,331.594,21885231,6.784,0.02,3.029,0.009,329.997,0.995,110.237,0.332,0.0,0.000
0,4294967295,529,47,Concat,Concat,dynamic,AI_VECTOR_CORE,1785697972969478.157	,41.241,0.033000,40,0,NO,"""64,16;64,32;64,64;64,128;64,256;64,512;64,1024;64,2048;64,4096;64,8192;64,16;64,32;64,64;64,128;64,256;64,512;64,1024;64,2048;64,4096;64,8192;64,16;64,32;64,64;64,128;64,256;64,512;64,1024;64,2048;64,4096;64,8192;64,16;64,32;64,64;64,128;64,256;64,512;64,1024;64,2048;64,4096;64,8192;64,16;64,32;64,64;64,128;64,256;64,512;64,1024;64,2048;64,4096;64,8192;64,16;64,32;64,64;64,128;64,256;64,512;64,1024;64,2048;64,4096;64,8192;64,16;64,32;64,64;64,128""",FLOAT16;FLOAT16;FLOAT16;FLOAT16;FLOAT16;FLOAT16;FLOAT16;FLOAT16;FLOAT16;FLOAT16;FLOAT16;FLOAT16;FLOAT16;FLOAT16;FLOAT16;FLOAT16;FLOAT16;FLOAT16;FLOAT16;FLOAT16;FLOAT16;FLOAT16;FLOAT16;FLOAT16;FLOAT16;FLOAT16;FLOAT16;FLOAT16;FLOAT16;FLOAT16;FLOAT16;FLOAT16;FLOAT16;FLOAT16;FLOAT16;FLOAT16;FLOAT16;FLOAT16;FLOAT16;FLOAT16;FLOAT16;FLOAT16;FLOAT16;FLOAT16;FLOAT16;FLOAT16;FLOAT16;FLOAT16;FLOAT16;FLOAT16;FLOAT16;FLOAT16;FLOAT16;FLOAT16;FLOAT16;FLOAT16;FLOAT16;FLOAT16;FLOAT16;FLOAT16;FLOAT16;FLOAT16;FLOAT16;FLOAT16,ND;ND;ND;ND;ND;ND;ND;ND;ND;ND;ND;ND;ND;ND;ND;ND;ND;ND;ND;ND;ND;ND;ND;ND;ND;ND;ND;ND;ND;ND;ND;ND;ND;ND;ND;ND;ND;ND;ND;ND;ND;ND;ND;ND;ND;ND;ND;ND;ND;ND;ND;ND;ND;ND;ND;ND;ND;ND;ND;ND;ND;ND;ND;ND,"""64,98448""",FLOAT16,ND,N/A,0.0,0,0.0,0.0,0.0,0.0,0.0,0.0,0.0,0.0,0.0,0.0,0.0,37.053,2445465,0.017,0.0,6.692,0.181,21.62,0.584,11.738,0.317,0.0,0.000
0,4294967295,530,47,aclnnMul_MulAiCore_Mul,Mul,dynamic,AI_VECTOR_CORE,1785697972969519.418	,333.606,0.009000,40,0,NO,"""4096,4096;4096,4096""",FLOAT;FLOAT,ND;ND,"""4096,4096""",FLOAT,ND,N/A,0.0,0,0.0,0.0,0.0,0.0,0.0,0.0,0.0,0.0,0.0,0.0,0.0,330.839,21835348,6.784,0.021,2.934,0.009,329.378,0.996,112.616,0.34,0.0,0.000
0,4294967295,531,47,Concat,Concat,dynamic,AI_VECTOR_CORE,1785697972969853.044	,40.741,0.000000,40,0,NO,"""64,16;64,32;64,64;64,128;64,256;64,512;64,1024;64,2048;64,4096;64,8192;64,16;64,32;64,64;64,128;64,256;64,512;64,1024;64,2048;64,4096;64,8192;64,16;64,32;64,64;64,128;64,256;64,512;64,1024;64,2048;64,4096;64,8192;64,16;64,32;64,64;64,128;64,256;64,512;64,1024;64,2048;64,4096;64,8192;64,16;64,32;64,64;64,128;64,256;64,512;64,1024;64,2048;64,4096;64,8192;64,16;64,32;64,64;64,128;64,256;64,512;64,1024;64,2048;64,4096;64,8192;64,16;64,32;64,64;64,128""",FLOAT16;FLOAT16;FLOAT16;FLOAT16;FLOAT16;FLOAT16;FLOAT16;FLOAT16;FLOAT16;FLOAT16;FLOAT16;FLOAT16;FLOAT16;FLOAT16;FLOAT16;FLOAT16;FLOAT16;FLOAT16;FLOAT16;FLOAT16;FLOAT16;FLOAT16;FLOAT16;FLOAT16;FLOAT16;FLOAT16;FLOAT16;FLOAT16;FLOAT16;FLOAT16;FLOAT16;FLOAT16;FLOAT16;FLOAT16;FLOAT16;FLOAT16;FLOAT16;FLOAT16;FLOAT16;FLOAT16;FLOAT16;FLOAT16;FLOAT16;FLOAT16;FLOAT16;FLOAT16;FLOAT16;FLOAT16;FLOAT16;FLOAT16;FLOAT16;FLOAT16;FLOAT16;FLOAT16;FLOAT16;FLOAT16;FLOAT16;FLOAT16;FLOAT16;FLOAT16;FLOAT16;FLOAT16;FLOAT16;FLOAT16,ND;ND;ND;ND;ND;ND;ND;ND;ND;ND;ND;ND;ND;ND;ND;ND;ND;ND;ND;ND;ND;ND;ND;ND;ND;ND;ND;ND;ND;ND;ND;ND;ND;ND;ND;ND;ND;ND;ND;ND;ND;ND;ND;ND;ND;ND;ND;ND;ND;ND;ND;ND;ND;ND;ND;ND;ND;ND;ND;ND;ND;ND;ND;ND,"""64,98448""",FLOAT16,ND,N/A,0.0,0,0.0,0.0,0.0,0.0,0.0,0.0,0.0,0.0,0.0,0.0,0.0,37.307,2462240,0.017,0.0,7.127,0.191,21.644,0.58,11.824,0.317,0.0,0.000
0,4294967295,532,47,aclnnMul_MulAiCore_Mul,Mul,dynamic,AI_VECTOR_CORE,1785697972969893.805	,333.047,0.009000,40,0,NO,"""4096,4096;4096,4096""",FLOAT;FLOAT,ND;ND,"""4096,4096""",FLOAT,ND,N/A,0.0,0,0.0,0.0,0.0,0.0,0.0,0.0,0.0,0.0,0.0,0.0,0.0,330.691,21825583,6.784,0.021,3.036,0.009,329.1,0.995,111.949,0.339,0.0,0.000
0,4294967295,533,47,Concat,Concat,dynamic,AI_VECTOR_CORE,1785697972970226.872	,39.821,0.000000,40,0,NO,"""64,16;64,32;64,64;64,128;64,256;64,512;64,1024;64,2048;64,4096;64,8192;64,16;64,32;64,64;64,128;64,256;64,512;64,1024;64,2048;64,4096;64,8192;64,16;64,32;64,64;64,128;64,256;64,512;64,1024;64,2048;64,4096;64,8192;64,16;64,32;64,64;64,128;64,256;64,512;64,1024;64,2048;64,4096;64,8192;64,16;64,32;64,64;64,128;64,256;64,512;64,1024;64,2048;64,4096;64,8192;64,16;64,32;64,64;64,128;64,256;64,512;64,1024;64,2048;64,4096;64,8192;64,16;64,32;64,64;64,128""",FLOAT16;FLOAT16;FLOAT16;FLOAT16;FLOAT16;FLOAT16;FLOAT16;FLOAT16;FLOAT16;FLOAT16;FLOAT16;FLOAT16;FLOAT16;FLOAT16;FLOAT16;FLOAT16;FLOAT16;FLOAT16;FLOAT16;FLOAT16;FLOAT16;FLOAT16;FLOAT16;FLOAT16;FLOAT16;FLOAT16;FLOAT16;FLOAT16;FLOAT16;FLOAT16;FLOAT16;FLOAT16;FLOAT16;FLOAT16;FLOAT16;FLOAT16;FLOAT16;FLOAT16;FLOAT16;FLOAT16;FLOAT16;FLOAT16;FLOAT16;FLOAT16;FLOAT16;FLOAT16;FLOAT16;FLOAT16;FLOAT16;FLOAT16;FLOAT16;FLOAT16;FLOAT16;FLOAT16;FLOAT16;FLOAT16;FLOAT16;FLOAT16;FLOAT16;FLOAT16;FLOAT16;FLOAT16;FLOAT16;FLOAT16,ND;ND;ND;ND;ND;ND;ND;ND;ND;ND;ND;ND;ND;ND;ND;ND;ND;ND;ND;ND;ND;ND;ND;ND;ND;ND;ND;ND;ND;ND;ND;ND;ND;ND;ND;ND;ND;ND;ND;ND;ND;ND;ND;ND;ND;ND;ND;ND;ND;ND;ND;ND;ND;ND;ND;ND;ND;ND;ND;ND;ND;ND;ND;ND,"""64,98448""",FLOAT16,ND,N/A,0.0,0,0.0,0.0,0.0,0.0,0.0,0.0,0.0,0.0,0.0,0.0,0.0,36.355,2399434,0.017,0.0,7.163,0.197,21.447,0.59,11.136,0.306,0.0,0.000
0,4294967295,534,47,aclnnMul_MulAiCore_Mul,Mul,dynamic,AI_VECTOR_CORE,1785697972970266.733	,333.326,0.179000,40,0,NO,"""4096,4096;4096,4096""",FLOAT;FLOAT,ND;ND,"""4096,4096""",FLOAT,ND,N/A,0.0,0,0.0,0.0,0.0,0.0,0.0,0.0,0.0,0.0,0.0,0.0,0.0,331.122,21854081,6.784,0.02,2.916,0.009,329.624,0.995,111.2,0.336,0.0,0.000
0,4294967295,535,47,Concat,Concat,dynamic,AI_VECTOR_CORE,1785697972970600.079	,40.561,0.000000,40,0,NO,"""64,16;64,32;64,64;64,128;64,256;64,512;64,1024;64,2048;64,4096;64,8192;64,16;64,32;64,64;64,128;64,256;64,512;64,1024;64,2048;64,4096;64,8192;64,16;64,32;64,64;64,128;64,256;64,512;64,1024;64,2048;64,4096;64,8192;64,16;64,32;64,64;64,128;64,256;64,512;64,1024;64,2048;64,4096;64,8192;64,16;64,32;64,64;64,128;64,256;64,512;64,1024;64,2048;64,4096;64,8192;64,16;64,32;64,64;64,128;64,256;64,512;64,1024;64,2048;64,4096;64,8192;64,16;64,32;64,64;64,128""",FLOAT16;FLOAT16;FLOAT16;FLOAT16;FLOAT16;FLOAT16;FLOAT16;FLOAT16;FLOAT16;FLOAT16;FLOAT16;FLOAT16;FLOAT16;FLOAT16;FLOAT16;FLOAT16;FLOAT16;FLOAT16;FLOAT16;FLOAT16;FLOAT16;FLOAT16;FLOAT16;FLOAT16;FLOAT16;FLOAT16;FLOAT16;FLOAT16;FLOAT16;FLOAT16;FLOAT16;FLOAT16;FLOAT16;FLOAT16;FLOAT16;FLOAT16;FLOAT16;FLOAT16;FLOAT16;FLOAT16;FLOAT16;FLOAT16;FLOAT16;FLOAT16;FLOAT16;FLOAT16;FLOAT16;FLOAT16;FLOAT16;FLOAT16;FLOAT16;FLOAT16;FLOAT16;FLOAT16;FLOAT16;FLOAT16;FLOAT16;FLOAT16;FLOAT16;FLOAT16;FLOAT16;FLOAT16;FLOAT16;FLOAT16,ND;ND;ND;ND;ND;ND;ND;ND;ND;ND;ND;ND;ND;ND;ND;ND;ND;ND;ND;ND;ND;ND;ND;ND;ND;ND;ND;ND;ND;ND;ND;ND;ND;ND;ND;ND;ND;ND;ND;ND;ND;ND;ND;ND;ND;ND;ND;ND;ND;ND;ND;ND;ND;ND;ND;ND;ND;ND;ND;ND;ND;ND;ND;ND,"""64,98448""",FLOAT16,ND,N/A,0.0,0,0.0,0.0,0.0,0.0,0.0,0.0,0.0,0.0,0.0,0.0,0.0,36.608,2416148,0.017,0.0,7.983,0.218,21.237,0.58,11.451,0.313,0.0,0.000
0,4294967295,536,47,aclnnMul_MulAiCore_Mul,Mul,dynamic,AI_VECTOR_CORE,1785697972970640.660	,333.547,0.189000,40,0,NO,"""4096,4096;4096,4096""",FLOAT;FLOAT,ND;ND,"""4096,4096""",FLOAT,ND,N/A,0.0,0,0.0,0.0,0.0,0.0,0.0,0.0,0.0,0.0,0.0,0.0,0.0,331.542,21881752,6.784,0.02,3.177,0.01,329.85,0.995,112.18,0.338,0.0,0.000
0,4294967295,537,47,Concat,Concat,dynamic,AI_VECTOR_CORE,1785697972970974.227	,41.501,0.000000,40,0,NO,"""64,16;64,32;64,64;64,128;64,256;64,512;64,1024;64,2048;64,4096;64,8192;64,16;64,32;64,64;64,128;64,256;64,512;64,1024;64,2048;64,4096;64,8192;64,16;64,32;64,64;64,128;64,256;64,512;64,1024;64,2048;64,4096;64,8192;64,16;64,32;64,64;64,128;64,256;64,512;64,1024;64,2048;64,4096;64,8192;64,16;64,32;64,64;64,128;64,256;64,512;64,1024;64,2048;64,4096;64,8192;64,16;64,32;64,64;64,128;64,256;64,512;64,1024;64,2048;64,4096;64,8192;64,16;64,32;64,64;64,128""",FLOAT16;FLOAT16;FLOAT16;FLOAT16;FLOAT16;FLOAT16;FLOAT16;FLOAT16;FLOAT16;FLOAT16;FLOAT16;FLOAT16;FLOAT16;FLOAT16;FLOAT16;FLOAT16;FLOAT16;FLOAT16;FLOAT16;FLOAT16;FLOAT16;FLOAT16;FLOAT16;FLOAT16;FLOAT16;FLOAT16;FLOAT16;FLOAT16;FLOAT16;FLOAT16;FLOAT16;FLOAT16;FLOAT16;FLOAT16;FLOAT16;FLOAT16;FLOAT16;FLOAT16;FLOAT16;FLOAT16;FLOAT16;FLOAT16;FLOAT16;FLOAT16;FLOAT16;FLOAT16;FLOAT16;FLOAT16;FLOAT16;FLOAT16;FLOAT16;FLOAT16;FLOAT16;FLOAT16;FLOAT16;FLOAT16;FLOAT16;FLOAT16;FLOAT16;FLOAT16;FLOAT16;FLOAT16;FLOAT16;FLOAT16,ND;ND;ND;ND;ND;ND;ND;ND;ND;ND;ND;ND;ND;ND;ND;ND;ND;ND;ND;ND;ND;ND;ND;ND;ND;ND;ND;ND;ND;ND;ND;ND;ND;ND;ND;ND;ND;ND;ND;ND;ND;ND;ND;ND;ND;ND;ND;ND;ND;ND;ND;ND;ND;ND;ND;ND;ND;ND;ND;ND;ND;ND;ND;ND,"""64,98448""",FLOAT16,ND,N/A,0.0,0,0.0,0.0,0.0,0.0,0.0,0.0,0.0,0.0,0.0,0.0,0.0,37.815,2495770,0.017,0.0,7.726,0.204,22.344,0.591,11.319,0.299,0.0,0.000
0,4294967295,538,47,aclnnMul_MulAiCore_Mul,Mul,dynamic,AI_VECTOR_CORE,1785697972971015.768	,332.786,0.000000,40,0,NO,"""4096,4096;4096,4096""",FLOAT;FLOAT,ND;ND,"""4096,4096""",FLOAT,ND,N/A,0.0,0,0.0,0.0,0.0,0.0,0.0,0.0,0.0,0.0,0.0,0.0,0.0,330.253,21796722,6.784,0.021,3.042,0.009,328.671,0.995,110.813,0.336,0.0,0.000
0,4294967295,539,47,Concat,Concat,dynamic,AI_VECTOR_CORE,1785697972971348.594	,40.561,0.000000,40,0,NO,"""64,16;64,32;64,64;64,128;64,256;64,512;64,1024;64,2048;64,4096;64,8192;64,16;64,32;64,64;64,128;64,256;64,512;64,1024;64,2048;64,4096;64,8192;64,16;64,32;64,64;64,128;64,256;64,512;64,1024;64,2048;64,4096;64,8192;64,16;64,32;64,64;64,128;64,256;64,512;64,1024;64,2048;64,4096;64,8192;64,16;64,32;64,64;64,128;64,256;64,512;64,1024;64,2048;64,4096;64,8192;64,16;64,32;64,64;64,128;64,256;64,512;64,1024;64,2048;64,4096;64,8192;64,16;64,32;64,64;64,128""",FLOAT16;FLOAT16;FLOAT16;FLOAT16;FLOAT16;FLOAT16;FLOAT16;FLOAT16;FLOAT16;FLOAT16;FLOAT16;FLOAT16;FLOAT16;FLOAT16;FLOAT16;FLOAT16;FLOAT16;FLOAT16;FLOAT16;FLOAT16;FLOAT16;FLOAT16;FLOAT16;FLOAT16;FLOAT16;FLOAT16;FLOAT16;FLOAT16;FLOAT16;FLOAT16;FLOAT16;FLOAT16;FLOAT16;FLOAT16;FLOAT16;FLOAT16;FLOAT16;FLOAT16;FLOAT16;FLOAT16;FLOAT16;FLOAT16;FLOAT16;FLOAT16;FLOAT16;FLOAT16;FLOAT16;FLOAT16;FLOAT16;FLOAT16;FLOAT16;FLOAT16;FLOAT16;FLOAT16;FLOAT16;FLOAT16;FLOAT16;FLOAT16;FLOAT16;FLOAT16;FLOAT16;FLOAT16;FLOAT16;FLOAT16,ND;ND;ND;ND;ND;ND;ND;ND;ND;ND;ND;ND;ND;ND;ND;ND;ND;ND;ND;ND;ND;ND;ND;ND;ND;ND;ND;ND;ND;ND;ND;ND;ND;ND;ND;ND;ND;ND;ND;ND;ND;ND;ND;ND;ND;ND;ND;ND;ND;ND;ND;ND;ND;ND;ND;ND;ND;ND;ND;ND;ND;ND;ND;ND,"""64,98448""",FLOAT16,ND,N/A,0.0,0,0.0,0.0,0.0,0.0,0.0,0.0,0.0,0.0,0.0,0.0,0.0,36.963,2439532,0.017,0.0,8.4,0.227,21.497,0.582,11.333,0.307,0.0,0.000
0,4294967295,540,47,aclnnMul_MulAiCore_Mul,Mul,dynamic,AI_VECTOR_CORE,1785697972971389.175	,333.567,0.189000,40,0,NO,"""4096,4096;4096,4096""",FLOAT;FLOAT,ND;ND,"""4096,4096""",FLOAT,ND,N/A,0.0,0,0.0,0.0,0.0,0.0,0.0,0.0,0.0,0.0,0.0,0.0,0.0,330.994,21845619,6.784,0.02,3.105,0.009,329.353,0.995,113.07,0.342,0.0,0.000
0,4294967295,541,47,Concat,Concat,dynamic,AI_VECTOR_CORE,1785697972971722.762	,39.680,0.000000,40,0,NO,"""64,16;64,32;64,64;64,128;64,256;64,512;64,1024;64,2048;64,4096;64,8192;64,16;64,32;64,64;64,128;64,256;64,512;64,1024;64,2048;64,4096;64,8192;64,16;64,32;64,64;64,128;64,256;64,512;64,1024;64,2048;64,4096;64,8192;64,16;64,32;64,64;64,128;64,256;64,512;64,1024;64,2048;64,4096;64,8192;64,16;64,32;64,64;64,128;64,256;64,512;64,1024;64,2048;64,4096;64,8192;64,16;64,32;64,64;64,128;64,256;64,512;64,1024;64,2048;64,4096;64,8192;64,16;64,32;64,64;64,128""",FLOAT16;FLOAT16;FLOAT16;FLOAT16;FLOAT16;FLOAT16;FLOAT16;FLOAT16;FLOAT16;FLOAT16;FLOAT16;FLOAT16;FLOAT16;FLOAT16;FLOAT16;FLOAT16;FLOAT16;FLOAT16;FLOAT16;FLOAT16;FLOAT16;FLOAT16;FLOAT16;FLOAT16;FLOAT16;FLOAT16;FLOAT16;FLOAT16;FLOAT16;FLOAT16;FLOAT16;FLOAT16;FLOAT16;FLOAT16;FLOAT16;FLOAT16;FLOAT16;FLOAT16;FLOAT16;FLOAT16;FLOAT16;FLOAT16;FLOAT16;FLOAT16;FLOAT16;FLOAT16;FLOAT16;FLOAT16;FLOAT16;FLOAT16;FLOAT16;FLOAT16;FLOAT16;FLOAT16;FLOAT16;FLOAT16;FLOAT16;FLOAT16;FLOAT16;FLOAT16;FLOAT16;FLOAT16;FLOAT16;FLOAT16,ND;ND;ND;ND;ND;ND;ND;ND;ND;ND;ND;ND;ND;ND;ND;ND;ND;ND;ND;ND;ND;ND;ND;ND;ND;ND;ND;ND;ND;ND;ND;ND;ND;ND;ND;ND;ND;ND;ND;ND;ND;ND;ND;ND;ND;ND;ND;ND;ND;ND;ND;ND;ND;ND;ND;ND;ND;ND;ND;ND;ND;ND;ND;ND,"""64,98448""",FLOAT16,ND,N/A,0.0,0,0.0,0.0,0.0,0.0,0.0,0.0,0.0,0.0,0.0,0.0,0.0,35.531,2345074,0.017,0.0,7.893,0.222,20.629,0.581,11.153,0.314,0.0,0.000
0,4294967295,542,47,aclnnMul_MulAiCore_Mul,Mul,dynamic,AI_VECTOR_CORE,1785697972971762.462	,333.527,0.070000,40,0,NO,"""4096,4096;4096,4096""",FLOAT;FLOAT,ND;ND,"""4096,4096""",FLOAT,ND,N/A,0.0,0,0.0,0.0,0.0,0.0,0.0,0.0,0.0,0.0,0.0,0.0,0.0,330.597,21819414,6.784,0.021,3.024,0.009,329.008,0.995,111.441,0.337,0.0,0.000
0,4294967295,543,47,Concat,Concat,dynamic,AI_VECTOR_CORE,1785697972972096.029	,39.781,0.000000,40,0,NO,"""64,16;64,32;64,64;64,128;64,256;64,512;64,1024;64,2048;64,4096;64,8192;64,16;64,32;64,64;64,128;64,256;64,512;64,1024;64,2048;64,4096;64,8192;64,16;64,32;64,64;64,128;64,256;64,512;64,1024;64,2048;64,4096;64,8192;64,16;64,32;64,64;64,128;64,256;64,512;64,1024;64,2048;64,4096;64,8192;64,16;64,32;64,64;64,128;64,256;64,512;64,1024;64,2048;64,4096;64,8192;64,16;64,32;64,64;64,128;64,256;64,512;64,1024;64,2048;64,4096;64,8192;64,16;64,32;64,64;64,128""",FLOAT16;FLOAT16;FLOAT16;FLOAT16;FLOAT16;FLOAT16;FLOAT16;FLOAT16;FLOAT16;FLOAT16;FLOAT16;FLOAT16;FLOAT16;FLOAT16;FLOAT16;FLOAT16;FLOAT16;FLOAT16;FLOAT16;FLOAT16;FLOAT16;FLOAT16;FLOAT16;FLOAT16;FLOAT16;FLOAT16;FLOAT16;FLOAT16;FLOAT16;FLOAT16;FLOAT16;FLOAT16;FLOAT16;FLOAT16;FLOAT16;FLOAT16;FLOAT16;FLOAT16;FLOAT16;FLOAT16;FLOAT16;FLOAT16;FLOAT16;FLOAT16;FLOAT16;FLOAT16;FLOAT16;FLOAT16;FLOAT16;FLOAT16;FLOAT16;FLOAT16;FLOAT16;FLOAT16;FLOAT16;FLOAT16;FLOAT16;FLOAT16;FLOAT16;FLOAT16;FLOAT16;FLOAT16;FLOAT16;FLOAT16,ND;ND;ND;ND;ND;ND;ND;ND;ND;ND;ND;ND;ND;ND;ND;ND;ND;ND;ND;ND;ND;ND;ND;ND;ND;ND;ND;ND;ND;ND;ND;ND;ND;ND;ND;ND;ND;ND;ND;ND;ND;ND;ND;ND;ND;ND;ND;ND;ND;ND;ND;ND;ND;ND;ND;ND;ND;ND;ND;ND;ND;ND;ND;ND,"""64,98448""",FLOAT16,ND,N/A,0.0,0,0.0,0.0,0.0,0.0,0.0,0.0,0.0,0.0,0.0,0.0,0.0,35.901,2369441,0.017,0.0,7.194,0.2,20.536,0.572,11.642,0.324,0.0,0.000
0,4294967295,544,47,aclnnMul_MulAiCore_Mul,Mul,dynamic,AI_VECTOR_CORE,1785697972972135.830	,333.607,0.000000,40,0,NO,"""4096,4096;4096,4096""",FLOAT;FLOAT,ND;ND,"""4096,4096""",FLOAT,ND,N/A,0.0,0,0.0,0.0,0.0,0.0,0.0,0.0,0.0,0.0,0.0,0.0,0.0,331.571,21883662,6.784,0.02,3.312,0.01,329.738,0.994,112.946,0.341,0.0,0.000
0,4294967295,545,47,Concat,Concat,dynamic,AI_VECTOR_CORE,1785697972972469.457	,40.040,0.143000,40,0,NO,"""64,16;64,32;64,64;64,128;64,256;64,512;64,1024;64,2048;64,4096;64,8192;64,16;64,32;64,64;64,128;64,256;64,512;64,1024;64,2048;64,4096;64,8192;64,16;64,32;64,64;64,128;64,256;64,512;64,1024;64,2048;64,4096;64,8192;64,16;64,32;64,64;64,128;64,256;64,512;64,1024;64,2048;64,4096;64,8192;64,16;64,32;64,64;64,128;64,256;64,512;64,1024;64,2048;64,4096;64,8192;64,16;64,32;64,64;64,128;64,256;64,512;64,1024;64,2048;64,4096;64,8192;64,16;64,32;64,64;64,128""",FLOAT16;FLOAT16;FLOAT16;FLOAT16;FLOAT16;FLOAT16;FLOAT16;FLOAT16;FLOAT16;FLOAT16;FLOAT16;FLOAT16;FLOAT16;FLOAT16;FLOAT16;FLOAT16;FLOAT16;FLOAT16;FLOAT16;FLOAT16;FLOAT16;FLOAT16;FLOAT16;FLOAT16;FLOAT16;FLOAT16;FLOAT16;FLOAT16;FLOAT16;FLOAT16;FLOAT16;FLOAT16;FLOAT16;FLOAT16;FLOAT16;FLOAT16;FLOAT16;FLOAT16;FLOAT16;FLOAT16;FLOAT16;FLOAT16;FLOAT16;FLOAT16;FLOAT16;FLOAT16;FLOAT16;FLOAT16;FLOAT16;FLOAT16;FLOAT16;FLOAT16;FLOAT16;FLOAT16;FLOAT16;FLOAT16;FLOAT16;FLOAT16;FLOAT16;FLOAT16;FLOAT16;FLOAT16;FLOAT16;FLOAT16,ND;ND;ND;ND;ND;ND;ND;ND;ND;ND;ND;ND;ND;ND;ND;ND;ND;ND;ND;ND;ND;ND;ND;ND;ND;ND;ND;ND;ND;ND;ND;ND;ND;ND;ND;ND;ND;ND;ND;ND;ND;ND;ND;ND;ND;ND;ND;ND;ND;ND;ND;ND;ND;ND;ND;ND;ND;ND;ND;ND;ND;ND;ND;ND,"""64,98448""",FLOAT16,ND,N/A,0.0,0,0.0,0.0,0.0,0.0,0.0,0.0,0.0,0.0,0.0,0.0,0.0,36.747,2425292,0.017,0.0,6.878,0.187,21.514,0.585,11.478,0.312,0.0,0.000
0,4294967295,546,47,aclnnMul_MulAiCore_Mul,Mul,dynamic,AI_VECTOR_CORE,1785697972972509.517	,332.647,0.000000,40,0,NO,"""4096,4096;4096,4096""",FLOAT;FLOAT,ND;ND,"""4096,4096""",FLOAT,ND,N/A,0.0,0,0.0,0.0,0.0,0.0,0.0,0.0,0.0,0.0,0.0,0.0,0.0,330.526,21814696,6.784,0.021,2.945,0.009,329.03,0.995,111.046,0.336,0.0,0.000
0,4294967295,547,47,Concat,Concat,dynamic,AI_VECTOR_CORE,1785697972972842.184	,40.561,0.103000,40,0,NO,"""64,16;64,32;64,64;64,128;64,256;64,512;64,1024;64,2048;64,4096;64,8192;64,16;64,32;64,64;64,128;64,256;64,512;64,1024;64,2048;64,4096;64,8192;64,16;64,32;64,64;64,128;64,256;64,512;64,1024;64,2048;64,4096;64,8192;64,16;64,32;64,64;64,128;64,256;64,512;64,1024;64,2048;64,4096;64,8192;64,16;64,32;64,64;64,128;64,256;64,512;64,1024;64,2048;64,4096;64,8192;64,16;64,32;64,64;64,128;64,256;64,512;64,1024;64,2048;64,4096;64,8192;64,16;64,32;64,64;64,128""",FLOAT16;FLOAT16;FLOAT16;FLOAT16;FLOAT16;FLOAT16;FLOAT16;FLOAT16;FLOAT16;FLOAT16;FLOAT16;FLOAT16;FLOAT16;FLOAT16;FLOAT16;FLOAT16;FLOAT16;FLOAT16;FLOAT16;FLOAT16;FLOAT16;FLOAT16;FLOAT16;FLOAT16;FLOAT16;FLOAT16;FLOAT16;FLOAT16;FLOAT16;FLOAT16;FLOAT16;FLOAT16;FLOAT16;FLOAT16;FLOAT16;FLOAT16;FLOAT16;FLOAT16;FLOAT16;FLOAT16;FLOAT16;FLOAT16;FLOAT16;FLOAT16;FLOAT16;FLOAT16;FLOAT16;FLOAT16;FLOAT16;FLOAT16;FLOAT16;FLOAT16;FLOAT16;FLOAT16;FLOAT16;FLOAT16;FLOAT16;FLOAT16;FLOAT16;FLOAT16;FLOAT16;FLOAT16;FLOAT16;FLOAT16,ND;ND;ND;ND;ND;ND;ND;ND;ND;ND;ND;ND;ND;ND;ND;ND;ND;ND;ND;ND;ND;ND;ND;ND;ND;ND;ND;ND;ND;ND;ND;ND;ND;ND;ND;ND;ND;ND;ND;ND;ND;ND;ND;ND;ND;ND;ND;ND;ND;ND;ND;ND;ND;ND;ND;ND;ND;ND;ND;ND;ND;ND;ND;ND,"""64,98448""",FLOAT16,ND,N/A,0.0,0,0.0,0.0,0.0,0.0,0.0,0.0,0.0,0.0,0.0,0.0,0.0,36.839,2431351,0.017,0.0,6.356,0.173,22.036,0.598,11.074,0.301,0.0,0.000
0,4294967295,548,47,aclnnMul_MulAiCore_Mul,Mul,dynamic,AI_VECTOR_CORE,1785697972972882.765	,333.527,0.000000,40,0,NO,"""4096,4096;4096,4096""",FLOAT;FLOAT,ND;ND,"""4096,4096""",FLOAT,ND,N/A,0.0,0,0.0,0.0,0.0,0.0,0.0,0.0,0.0,0.0,0.0,0.0,0.0,331.161,21856608,6.784,0.02,3.029,0.009,329.585,0.995,111.993,0.338,0.0,0.000
0,4294967295,549,47,Concat,Concat,dynamic,AI_VECTOR_CORE,1785697972973216.312	,40.240,0.000000,40,0,NO,"""64,16;64,32;64,64;64,128;64,256;64,512;64,1024;64,2048;64,4096;64,8192;64,16;64,32;64,64;64,128;64,256;64,512;64,1024;64,2048;64,4096;64,8192;64,16;64,32;64,64;64,128;64,256;64,512;64,1024;64,2048;64,4096;64,8192;64,16;64,32;64,64;64,128;64,256;64,512;64,1024;64,2048;64,4096;64,8192;64,16;64,32;64,64;64,128;64,256;64,512;64,1024;64,2048;64,4096;64,8192;64,16;64,32;64,64;64,128;64,256;64,512;64,1024;64,2048;64,4096;64,8192;64,16;64,32;64,64;64,128""",FLOAT16;FLOAT16;FLOAT16;FLOAT16;FLOAT16;FLOAT16;FLOAT16;FLOAT16;FLOAT16;FLOAT16;FLOAT16;FLOAT16;FLOAT16;FLOAT16;FLOAT16;FLOAT16;FLOAT16;FLOAT16;FLOAT16;FLOAT16;FLOAT16;FLOAT16;FLOAT16;FLOAT16;FLOAT16;FLOAT16;FLOAT16;FLOAT16;FLOAT16;FLOAT16;FLOAT16;FLOAT16;FLOAT16;FLOAT16;FLOAT16;FLOAT16;FLOAT16;FLOAT16;FLOAT16;FLOAT16;FLOAT16;FLOAT16;FLOAT16;FLOAT16;FLOAT16;FLOAT16;FLOAT16;FLOAT16;FLOAT16;FLOAT16;FLOAT16;FLOAT16;FLOAT16;FLOAT16;FLOAT16;FLOAT16;FLOAT16;FLOAT16;FLOAT16;FLOAT16;FLOAT16;FLOAT16;FLOAT16;FLOAT16,ND;ND;ND;ND;ND;ND;ND;ND;ND;ND;ND;ND;ND;ND;ND;ND;ND;ND;ND;ND;ND;ND;ND;ND;ND;ND;ND;ND;ND;ND;ND;ND;ND;ND;ND;ND;ND;ND;ND;ND;ND;ND;ND;ND;ND;ND;ND;ND;ND;ND;ND;ND;ND;ND;ND;ND;ND;ND;ND;ND;ND;ND;ND;ND,"""64,98448""",FLOAT16,ND,N/A,0.0,0,0.0,0.0,0.0,0.0,0.0,0.0,0.0,0.0,0.0,0.0,0.0,36.391,2401825,0.017,0.0,7.604,0.209,21.413,0.588,11.21,0.308,0.0,0.000
0,4294967295,550,47,aclnnMul_MulAiCore_Mul,Mul,dynamic,AI_VECTOR_CORE,1785697972973256.572	,332.127,0.010000,40,0,NO,"""4096,4096;4096,4096""",FLOAT;FLOAT,ND;ND,"""4096,4096""",FLOAT,ND,N/A,0.0,0,0.0,0.0,0.0,0.0,0.0,0.0,0.0,0.0,0.0,0.0,0.0,329.82,21768122,6.784,0.021,2.924,0.009,328.377,0.996,111.492,0.338,0.0,0.000
0,4294967295,551,47,Concat,Concat,dynamic,AI_VECTOR_CORE,1785697972973588.719	,40.521,0.123000,40,0,NO,"""64,16;64,32;64,64;64,128;64,256;64,512;64,1024;64,2048;64,4096;64,8192;64,16;64,32;64,64;64,128;64,256;64,512;64,1024;64,2048;64,4096;64,8192;64,16;64,32;64,64;64,128;64,256;64,512;64,1024;64,2048;64,4096;64,8192;64,16;64,32;64,64;64,128;64,256;64,512;64,1024;64,2048;64,4096;64,8192;64,16;64,32;64,64;64,128;64,256;64,512;64,1024;64,2048;64,4096;64,8192;64,16;64,32;64,64;64,128;64,256;64,512;64,1024;64,2048;64,4096;64,8192;64,16;64,32;64,64;64,128""",FLOAT16;FLOAT16;FLOAT16;FLOAT16;FLOAT16;FLOAT16;FLOAT16;FLOAT16;FLOAT16;FLOAT16;FLOAT16;FLOAT16;FLOAT16;FLOAT16;FLOAT16;FLOAT16;FLOAT16;FLOAT16;FLOAT16;FLOAT16;FLOAT16;FLOAT16;FLOAT16;FLOAT16;FLOAT16;FLOAT16;FLOAT16;FLOAT16;FLOAT16;FLOAT16;FLOAT16;FLOAT16;FLOAT16;FLOAT16;FLOAT16;FLOAT16;FLOAT16;FLOAT16;FLOAT16;FLOAT16;FLOAT16;FLOAT16;FLOAT16;FLOAT16;FLOAT16;FLOAT16;FLOAT16;FLOAT16;FLOAT16;FLOAT16;FLOAT16;FLOAT16;FLOAT16;FLOAT16;FLOAT16;FLOAT16;FLOAT16;FLOAT16;FLOAT16;FLOAT16;FLOAT16;FLOAT16;FLOAT16;FLOAT16,ND;ND;ND;ND;ND;ND;ND;ND;ND;ND;ND;ND;ND;ND;ND;ND;ND;ND;ND;ND;ND;ND;ND;ND;ND;ND;ND;ND;ND;ND;ND;ND;ND;ND;ND;ND;ND;ND;ND;ND;ND;ND;ND;ND;ND;ND;ND;ND;ND;ND;ND;ND;ND;ND;ND;ND;ND;ND;ND;ND;ND;ND;ND;ND,"""64,98448""",FLOAT16,ND,N/A,0.0,0,0.0,0.0,0.0,0.0,0.0,0.0,0.0,0.0,0.0,0.0,0.0,36.092,2382056,0.017,0.0,6.893,0.191,21.233,0.588,11.118,0.308,0.0,0.000
0,4294967295,552,47,aclnnMul_MulAiCore_Mul,Mul,dynamic,AI_VECTOR_CORE,1785697972973629.280	,332.906,0.000000,40,0,NO,"""4096,4096;4096,4096""",FLOAT;FLOAT,ND;ND,"""4096,4096""",FLOAT,ND,N/A,0.0,0,0.0,0.0,0.0,0.0,0.0,0.0,0.0,0.0,0.0,0.0,0.0,330.886,21838479,6.784,0.021,3.084,0.009,329.27,0.995,111.592,0.337,0.0,0.000
0,4294967295,553,47,Concat,Concat,dynamic,AI_VECTOR_CORE,1785697972973962.226	,40.821,0.094000,40,0,NO,"""64,16;64,32;64,64;64,128;64,256;64,512;64,1024;64,2048;64,4096;64,8192;64,16;64,32;64,64;64,128;64,256;64,512;64,1024;64,2048;64,4096;64,8192;64,16;64,32;64,64;64,128;64,256;64,512;64,1024;64,2048;64,4096;64,8192;64,16;64,32;64,64;64,128;64,256;64,512;64,1024;64,2048;64,4096;64,8192;64,16;64,32;64,64;64,128;64,256;64,512;64,1024;64,2048;64,4096;64,8192;64,16;64,32;64,64;64,128;64,256;64,512;64,1024;64,2048;64,4096;64,8192;64,16;64,32;64,64;64,128""",FLOAT16;FLOAT16;FLOAT16;FLOAT16;FLOAT16;FLOAT16;FLOAT16;FLOAT16;FLOAT16;FLOAT16;FLOAT16;FLOAT16;FLOAT16;FLOAT16;FLOAT16;FLOAT16;FLOAT16;FLOAT16;FLOAT16;FLOAT16;FLOAT16;FLOAT16;FLOAT16;FLOAT16;FLOAT16;FLOAT16;FLOAT16;FLOAT16;FLOAT16;FLOAT16;FLOAT16;FLOAT16;FLOAT16;FLOAT16;FLOAT16;FLOAT16;FLOAT16;FLOAT16;FLOAT16;FLOAT16;FLOAT16;FLOAT16;FLOAT16;FLOAT16;FLOAT16;FLOAT16;FLOAT16;FLOAT16;FLOAT16;FLOAT16;FLOAT16;FLOAT16;FLOAT16;FLOAT16;FLOAT16;FLOAT16;FLOAT16;FLOAT16;FLOAT16;FLOAT16;FLOAT16;FLOAT16;FLOAT16;FLOAT16,ND;ND;ND;ND;ND;ND;ND;ND;ND;ND;ND;ND;ND;ND;ND;ND;ND;ND;ND;ND;ND;ND;ND;ND;ND;ND;ND;ND;ND;ND;ND;ND;ND;ND;ND;ND;ND;ND;ND;ND;ND;ND;ND;ND;ND;ND;ND;ND;ND;ND;ND;ND;ND;ND;ND;ND;ND;ND;ND;ND;ND;ND;ND;ND,"""64,98448""",FLOAT16,ND,N/A,0.0,0,0.0,0.0,0.0,0.0,0.0,0.0,0.0,0.0,0.0,0.0,0.0,37.715,2489180,0.017,0.0,8.348,0.221,21.544,0.571,11.689,0.31,0.0,0.000
0,4294967295,554,47,aclnnMul_MulAiCore_Mul,Mul,dynamic,AI_VECTOR_CORE,1785697972974003.087	,332.707,0.000000,40,0,NO,"""4096,4096;4096,4096""",FLOAT;FLOAT,ND;ND,"""4096,4096""",FLOAT,ND,N/A,0.0,0,0.0,0.0,0.0,0.0,0.0,0.0,0.0,0.0,0.0,0.0,0.0,330.893,21838926,6.784,0.021,3.018,0.009,329.344,0.995,112.937,0.341,0.0,0.000
0,4294967295,555,47,Concat,Concat,dynamic,AI_VECTOR_CORE,1785697972974335.814	,41.381,0.043000,40,0,NO,"""64,16;64,32;64,64;64,128;64,256;64,512;64,1024;64,2048;64,4096;64,8192;64,16;64,32;64,64;64,128;64,256;64,512;64,1024;64,2048;64,4096;64,8192;64,16;64,32;64,64;64,128;64,256;64,512;64,1024;64,2048;64,4096;64,8192;64,16;64,32;64,64;64,128;64,256;64,512;64,1024;64,2048;64,4096;64,8192;64,16;64,32;64,64;64,128;64,256;64,512;64,1024;64,2048;64,4096;64,8192;64,16;64,32;64,64;64,128;64,256;64,512;64,1024;64,2048;64,4096;64,8192;64,16;64,32;64,64;64,128""",FLOAT16;FLOAT16;FLOAT16;FLOAT16;FLOAT16;FLOAT16;FLOAT16;FLOAT16;FLOAT16;FLOAT16;FLOAT16;FLOAT16;FLOAT16;FLOAT16;FLOAT16;FLOAT16;FLOAT16;FLOAT16;FLOAT16;FLOAT16;FLOAT16;FLOAT16;FLOAT16;FLOAT16;FLOAT16;FLOAT16;FLOAT16;FLOAT16;FLOAT16;FLOAT16;FLOAT16;FLOAT16;FLOAT16;FLOAT16;FLOAT16;FLOAT16;FLOAT16;FLOAT16;FLOAT16;FLOAT16;FLOAT16;FLOAT16;FLOAT16;FLOAT16;FLOAT16;FLOAT16;FLOAT16;FLOAT16;FLOAT16;FLOAT16;FLOAT16;FLOAT16;FLOAT16;FLOAT16;FLOAT16;FLOAT16;FLOAT16;FLOAT16;FLOAT16;FLOAT16;FLOAT16;FLOAT16;FLOAT16;FLOAT16,ND;ND;ND;ND;ND;ND;ND;ND;ND;ND;ND;ND;ND;ND;ND;ND;ND;ND;ND;ND;ND;ND;ND;ND;ND;ND;ND;ND;ND;ND;ND;ND;ND;ND;ND;ND;ND;ND;ND;ND;ND;ND;ND;ND;ND;ND;ND;ND;ND;ND;ND;ND;ND;ND;ND;ND;ND;ND;ND;ND;ND;ND;ND;ND,"""64,98448""",FLOAT16,ND,N/A,0.0,0,0.0,0.0,0.0,0.0,0.0,0.0,0.0,0.0,0.0,0.0,0.0,38.059,2511926,0.017,0.0,9.286,0.244,21.353,0.561,11.635,0.306,0.0,0.000
0,4294967295,556,47,aclnnMul_MulAiCore_Mul,Mul,dynamic,AI_VECTOR_CORE,1785697972974377.235	,333.106,0.119000,40,0,NO,"""4096,4096;4096,4096""",FLOAT;FLOAT,ND;ND,"""4096,4096""",FLOAT,ND,N/A,0.0,0,0.0,0.0,0.0,0.0,0.0,0.0,0.0,0.0,0.0,0.0,0.0,330.858,21836653,6.784,0.021,3.125,0.009,329.221,0.995,111.471,0.337,0.0,0.000
0,4294967295,557,47,Concat,Concat,dynamic,AI_VECTOR_CORE,1785697972974710.361	,39.221,0.000000,40,0,NO,"""64,16;64,32;64,64;64,128;64,256;64,512;64,1024;64,2048;64,4096;64,8192;64,16;64,32;64,64;64,128;64,256;64,512;64,1024;64,2048;64,4096;64,8192;64,16;64,32;64,64;64,128;64,256;64,512;64,1024;64,2048;64,4096;64,8192;64,16;64,32;64,64;64,128;64,256;64,512;64,1024;64,2048;64,4096;64,8192;64,16;64,32;64,64;64,128;64,256;64,512;64,1024;64,2048;64,4096;64,8192;64,16;64,32;64,64;64,128;64,256;64,512;64,1024;64,2048;64,4096;64,8192;64,16;64,32;64,64;64,128""",FLOAT16;FLOAT16;FLOAT16;FLOAT16;FLOAT16;FLOAT16;FLOAT16;FLOAT16;FLOAT16;FLOAT16;FLOAT16;FLOAT16;FLOAT16;FLOAT16;FLOAT16;FLOAT16;FLOAT16;FLOAT16;FLOAT16;FLOAT16;FLOAT16;FLOAT16;FLOAT16;FLOAT16;FLOAT16;FLOAT16;FLOAT16;FLOAT16;FLOAT16;FLOAT16;FLOAT16;FLOAT16;FLOAT16;FLOAT16;FLOAT16;FLOAT16;FLOAT16;FLOAT16;FLOAT16;FLOAT16;FLOAT16;FLOAT16;FLOAT16;FLOAT16;FLOAT16;FLOAT16;FLOAT16;FLOAT16;FLOAT16;FLOAT16;FLOAT16;FLOAT16;FLOAT16;FLOAT16;FLOAT16;FLOAT16;FLOAT16;FLOAT16;FLOAT16;FLOAT16;FLOAT16;FLOAT16;FLOAT16;FLOAT16,ND;ND;ND;ND;ND;ND;ND;ND;ND;ND;ND;ND;ND;ND;ND;ND;ND;ND;ND;ND;ND;ND;ND;ND;ND;ND;ND;ND;ND;ND;ND;ND;ND;ND;ND;ND;ND;ND;ND;ND;ND;ND;ND;ND;ND;ND;ND;ND;ND;ND;ND;ND;ND;ND;ND;ND;ND;ND;ND;ND;ND;ND;ND;ND,"""64,98448""",FLOAT16,ND,N/A,0.0,0,0.0,0.0,0.0,0.0,0.0,0.0,0.0,0.0,0.0,0.0,0.0,35.098,2316495,0.017,0.0,7.783,0.222,20.462,0.583,10.745,0.306,0.0,0.000
0,4294967295,558,47,aclnnMul_MulAiCore_Mul,Mul,dynamic,AI_VECTOR_CORE,1785697972974749.602	,332.787,0.029000,40,0,NO,"""4096,4096;4096,4096""",FLOAT;FLOAT,ND;ND,"""4096,4096""",FLOAT,ND,N/A,0.0,0,0.0,0.0,0.0,0.0,0.0,0.0,0.0,0.0,0.0,0.0,0.0,330.346,21802863,6.784,0.021,3.028,0.009,328.804,0.995,112.082,0.339,0.0,0.000
0,4294967295,559,47,Concat,Concat,dynamic,AI_VECTOR_CORE,1785697972975082.409	,39.341,0.213000,40,0,NO,"""64,16;64,32;64,64;64,128;64,256;64,512;64,1024;64,2048;64,4096;64,8192;64,16;64,32;64,64;64,128;64,256;64,512;64,1024;64,2048;64,4096;64,8192;64,16;64,32;64,64;64,128;64,256;64,512;64,1024;64,2048;64,4096;64,8192;64,16;64,32;64,64;64,128;64,256;64,512;64,1024;64,2048;64,4096;64,8192;64,16;64,32;64,64;64,128;64,256;64,512;64,1024;64,2048;64,4096;64,8192;64,16;64,32;64,64;64,128;64,256;64,512;64,1024;64,2048;64,4096;64,8192;64,16;64,32;64,64;64,128""",FLOAT16;FLOAT16;FLOAT16;FLOAT16;FLOAT16;FLOAT16;FLOAT16;FLOAT16;FLOAT16;FLOAT16;FLOAT16;FLOAT16;FLOAT16;FLOAT16;FLOAT16;FLOAT16;FLOAT16;FLOAT16;FLOAT16;FLOAT16;FLOAT16;FLOAT16;FLOAT16;FLOAT16;FLOAT16;FLOAT16;FLOAT16;FLOAT16;FLOAT16;FLOAT16;FLOAT16;FLOAT16;FLOAT16;FLOAT16;FLOAT16;FLOAT16;FLOAT16;FLOAT16;FLOAT16;FLOAT16;FLOAT16;FLOAT16;FLOAT16;FLOAT16;FLOAT16;FLOAT16;FLOAT16;FLOAT16;FLOAT16;FLOAT16;FLOAT16;FLOAT16;FLOAT16;FLOAT16;FLOAT16;FLOAT16;FLOAT16;FLOAT16;FLOAT16;FLOAT16;FLOAT16;FLOAT16;FLOAT16;FLOAT16,ND;ND;ND;ND;ND;ND;ND;ND;ND;ND;ND;ND;ND;ND;ND;ND;ND;ND;ND;ND;ND;ND;ND;ND;ND;ND;ND;ND;ND;ND;ND;ND;ND;ND;ND;ND;ND;ND;ND;ND;ND;ND;ND;ND;ND;ND;ND;ND;ND;ND;ND;ND;ND;ND;ND;ND;ND;ND;ND;ND;ND;ND;ND;ND,"""64,98448""",FLOAT16,ND,N/A,0.0,0,0.0,0.0,0.0,0.0,0.0,0.0,0.0,0.0,0.0,0.0,0.0,35.222,2324684,0.017,0.0,7.654,0.217,20.115,0.571,11.542,0.328,0.0,0.000
0,4294967295,560,47,aclnnMul_MulAiCore_Mul,Mul,dynamic,AI_VECTOR_CORE,1785697972975121.770	,334.546,0.000000,40,0,NO,"""4096,4096;4096,4096""",FLOAT;FLOAT,ND;ND,"""4096,4096""",FLOAT,ND,N/A,0.0,0,0.0,0.0,0.0,0.0,0.0,0.0,0.0,0.0,0.0,0.0,0.0,331.62,21886950,6.784,0.02,2.918,0.009,330.176,0.996,110.917,0.334,0.0,0.000
0,4294967295,561,47,Concat,Concat,dynamic,AI_VECTOR_CORE,1785697972975456.356	,40.501,0.000000,40,0,NO,"""64,16;64,32;64,64;64,128;64,256;64,512;64,1024;64,2048;64,4096;64,8192;64,16;64,32;64,64;64,128;64,256;64,512;64,1024;64,2048;64,4096;64,8192;64,16;64,32;64,64;64,128;64,256;64,512;64,1024;64,2048;64,4096;64,8192;64,16;64,32;64,64;64,128;64,256;64,512;64,1024;64,2048;64,4096;64,8192;64,16;64,32;64,64;64,128;64,256;64,512;64,1024;64,2048;64,4096;64,8192;64,16;64,32;64,64;64,128;64,256;64,512;64,1024;64,2048;64,4096;64,8192;64,16;64,32;64,64;64,128""",FLOAT16;FLOAT16;FLOAT16;FLOAT16;FLOAT16;FLOAT16;FLOAT16;FLOAT16;FLOAT16;FLOAT16;FLOAT16;FLOAT16;FLOAT16;FLOAT16;FLOAT16;FLOAT16;FLOAT16;FLOAT16;FLOAT16;FLOAT16;FLOAT16;FLOAT16;FLOAT16;FLOAT16;FLOAT16;FLOAT16;FLOAT16;FLOAT16;FLOAT16;FLOAT16;FLOAT16;FLOAT16;FLOAT16;FLOAT16;FLOAT16;FLOAT16;FLOAT16;FLOAT16;FLOAT16;FLOAT16;FLOAT16;FLOAT16;FLOAT16;FLOAT16;FLOAT16;FLOAT16;FLOAT16;FLOAT16;FLOAT16;FLOAT16;FLOAT16;FLOAT16;FLOAT16;FLOAT16;FLOAT16;FLOAT16;FLOAT16;FLOAT16;FLOAT16;FLOAT16;FLOAT16;FLOAT16;FLOAT16;FLOAT16,ND;ND;ND;ND;ND;ND;ND;ND;ND;ND;ND;ND;ND;ND;ND;ND;ND;ND;ND;ND;ND;ND;ND;ND;ND;ND;ND;ND;ND;ND;ND;ND;ND;ND;ND;ND;ND;ND;ND;ND;ND;ND;ND;ND;ND;ND;ND;ND;ND;ND;ND;ND;ND;ND;ND;ND;ND;ND;ND;ND;ND;ND;ND;ND,"""64,98448""",FLOAT16,ND,N/A,0.0,0,0.0,0.0,0.0,0.0,0.0,0.0,0.0,0.0,0.0,0.0,0.0,37.122,2450071,0.017,0.0,6.737,0.181,21.777,0.587,11.601,0.313,0.0,0.000
0,4294967295,562,47,aclnnMul_MulAiCore_Mul,Mul,dynamic,AI_VECTOR_CORE,1785697972975496.877	,333.647,0.249000,40,0,NO,"""4096,4096;4096,4096""",FLOAT;FLOAT,ND;ND,"""4096,4096""",FLOAT,ND,N/A,0.0,0,0.0,0.0,0.0,0.0,0.0,0.0,0.0,0.0,0.0,0.0,0.0,331.482,21877815,6.784,0.02,3.018,0.009,329.92,0.995,110.733,0.334,0.0,0.000
0,4294967295,563,47,Concat,Concat,dynamic,AI_VECTOR_CORE,1785697972975830.564	,39.661,0.000000,40,0,NO,"""64,16;64,32;64,64;64,128;64,256;64,512;64,1024;64,2048;64,4096;64,8192;64,16;64,32;64,64;64,128;64,256;64,512;64,1024;64,2048;64,4096;64,8192;64,16;64,32;64,64;64,128;64,256;64,512;64,1024;64,2048;64,4096;64,8192;64,16;64,32;64,64;64,128;64,256;64,512;64,1024;64,2048;64,4096;64,8192;64,16;64,32;64,64;64,128;64,256;64,512;64,1024;64,2048;64,4096;64,8192;64,16;64,32;64,64;64,128;64,256;64,512;64,1024;64,2048;64,4096;64,8192;64,16;64,32;64,64;64,128""",FLOAT16;FLOAT16;FLOAT16;FLOAT16;FLOAT16;FLOAT16;FLOAT16;FLOAT16;FLOAT16;FLOAT16;FLOAT16;FLOAT16;FLOAT16;FLOAT16;FLOAT16;FLOAT16;FLOAT16;FLOAT16;FLOAT16;FLOAT16;FLOAT16;FLOAT16;FLOAT16;FLOAT16;FLOAT16;FLOAT16;FLOAT16;FLOAT16;FLOAT16;FLOAT16;FLOAT16;FLOAT16;FLOAT16;FLOAT16;FLOAT16;FLOAT16;FLOAT16;FLOAT16;FLOAT16;FLOAT16;FLOAT16;FLOAT16;FLOAT16;FLOAT16;FLOAT16;FLOAT16;FLOAT16;FLOAT16;FLOAT16;FLOAT16;FLOAT16;FLOAT16;FLOAT16;FLOAT16;FLOAT16;FLOAT16;FLOAT16;FLOAT16;FLOAT16;FLOAT16;FLOAT16;FLOAT16;FLOAT16;FLOAT16,ND;ND;ND;ND;ND;ND;ND;ND;ND;ND;ND;ND;ND;ND;ND;ND;ND;ND;ND;ND;ND;ND;ND;ND;ND;ND;ND;ND;ND;ND;ND;ND;ND;ND;ND;ND;ND;ND;ND;ND;ND;ND;ND;ND;ND;ND;ND;ND;ND;ND;ND;ND;ND;ND;ND;ND;ND;ND;ND;ND;ND;ND;ND;ND,"""64,98448""",FLOAT16,ND,N/A,0.0,0,0.0,0.0,0.0,0.0,0.0,0.0,0.0,0.0,0.0,0.0,0.0,36.217,2390317,0.017,0.0,6.786,0.187,21.314,0.589,11.231,0.31,0.0,0.000
0,4294967295,564,47,aclnnMul_MulAiCore_Mul,Mul,dynamic,AI_VECTOR_CORE,1785697972975870.265	,333.306,0.089000,40,0,NO,"""4096,4096;4096,4096""",FLOAT;FLOAT,ND;ND,"""4096,4096""",FLOAT,ND,N/A,0.0,0,0.0,0.0,0.0,0.0,0.0,0.0,0.0,0.0,0.0,0.0,0.0,330.948,21842545,6.784,0.021,2.925,0.009,329.483,0.996,112.391,0.34,0.0,0.000
0,4294967295,565,47,Concat,Concat,dynamic,AI_VECTOR_CORE,1785697972976203.591	,40.101,0.000000,40,0,NO,"""64,16;64,32;64,64;64,128;64,256;64,512;64,1024;64,2048;64,4096;64,8192;64,16;64,32;64,64;64,128;64,256;64,512;64,1024;64,2048;64,4096;64,8192;64,16;64,32;64,64;64,128;64,256;64,512;64,1024;64,2048;64,4096;64,8192;64,16;64,32;64,64;64,128;64,256;64,512;64,1024;64,2048;64,4096;64,8192;64,16;64,32;64,64;64,128;64,256;64,512;64,1024;64,2048;64,4096;64,8192;64,16;64,32;64,64;64,128;64,256;64,512;64,1024;64,2048;64,4096;64,8192;64,16;64,32;64,64;64,128""",FLOAT16;FLOAT16;FLOAT16;FLOAT16;FLOAT16;FLOAT16;FLOAT16;FLOAT16;FLOAT16;FLOAT16;FLOAT16;FLOAT16;FLOAT16;FLOAT16;FLOAT16;FLOAT16;FLOAT16;FLOAT16;FLOAT16;FLOAT16;FLOAT16;FLOAT16;FLOAT16;FLOAT16;FLOAT16;FLOAT16;FLOAT16;FLOAT16;FLOAT16;FLOAT16;FLOAT16;FLOAT16;FLOAT16;FLOAT16;FLOAT16;FLOAT16;FLOAT16;FLOAT16;FLOAT16;FLOAT16;FLOAT16;FLOAT16;FLOAT16;FLOAT16;FLOAT16;FLOAT16;FLOAT16;FLOAT16;FLOAT16;FLOAT16;FLOAT16;FLOAT16;FLOAT16;FLOAT16;FLOAT16;FLOAT16;FLOAT16;FLOAT16;FLOAT16;FLOAT16;FLOAT16;FLOAT16;FLOAT16;FLOAT16,ND;ND;ND;ND;ND;ND;ND;ND;ND;ND;ND;ND;ND;ND;ND;ND;ND;ND;ND;ND;ND;ND;ND;ND;ND;ND;ND;ND;ND;ND;ND;ND;ND;ND;ND;ND;ND;ND;ND;ND;ND;ND;ND;ND;ND;ND;ND;ND;ND;ND;ND;ND;ND;ND;ND;ND;ND;ND;ND;ND;ND;ND;ND;ND,"""64,98448""",FLOAT16,ND,N/A,0.0,0,0.0,0.0,0.0,0.0,0.0,0.0,0.0,0.0,0.0,0.0,0.0,36.597,2415419,0.017,0.0,7.285,0.199,21.352,0.583,11.333,0.31,0.0,0.000
0,4294967295,566,47,aclnnMul_MulAiCore_Mul,Mul,dynamic,AI_VECTOR_CORE,1785697972976243.712	,333.887,0.149000,40,0,NO,"""4096,4096;4096,4096""",FLOAT;FLOAT,ND;ND,"""4096,4096""",FLOAT,ND,N/A,0.0,0,0.0,0.0,0.0,0.0,0.0,0.0,0.0,0.0,0.0,0.0,0.0,331.262,21863290,6.784,0.02,3.027,0.009,329.669,0.995,112.172,0.339,0.0,0.000
0,4294967295,567,47,Concat,Concat,dynamic,AI_VECTOR_CORE,1785697972976577.619	,39.840,0.000000,40,0,NO,"""64,16;64,32;64,64;64,128;64,256;64,512;64,1024;64,2048;64,4096;64,8192;64,16;64,32;64,64;64,128;64,256;64,512;64,1024;64,2048;64,4096;64,8192;64,16;64,32;64,64;64,128;64,256;64,512;64,1024;64,2048;64,4096;64,8192;64,16;64,32;64,64;64,128;64,256;64,512;64,1024;64,2048;64,4096;64,8192;64,16;64,32;64,64;64,128;64,256;64,512;64,1024;64,2048;64,4096;64,8192;64,16;64,32;64,64;64,128;64,256;64,512;64,1024;64,2048;64,4096;64,8192;64,16;64,32;64,64;64,128""",FLOAT16;FLOAT16;FLOAT16;FLOAT16;FLOAT16;FLOAT16;FLOAT16;FLOAT16;FLOAT16;FLOAT16;FLOAT16;FLOAT16;FLOAT16;FLOAT16;FLOAT16;FLOAT16;FLOAT16;FLOAT16;FLOAT16;FLOAT16;FLOAT16;FLOAT16;FLOAT16;FLOAT16;FLOAT16;FLOAT16;FLOAT16;FLOAT16;FLOAT16;FLOAT16;FLOAT16;FLOAT16;FLOAT16;FLOAT16;FLOAT16;FLOAT16;FLOAT16;FLOAT16;FLOAT16;FLOAT16;FLOAT16;FLOAT16;FLOAT16;FLOAT16;FLOAT16;FLOAT16;FLOAT16;FLOAT16;FLOAT16;FLOAT16;FLOAT16;FLOAT16;FLOAT16;FLOAT16;FLOAT16;FLOAT16;FLOAT16;FLOAT16;FLOAT16;FLOAT16;FLOAT16;FLOAT16;FLOAT16;FLOAT16,ND;ND;ND;ND;ND;ND;ND;ND;ND;ND;ND;ND;ND;ND;ND;ND;ND;ND;ND;ND;ND;ND;ND;ND;ND;ND;ND;ND;ND;ND;ND;ND;ND;ND;ND;ND;ND;ND;ND;ND;ND;ND;ND;ND;ND;ND;ND;ND;ND;ND;ND;ND;ND;ND;ND;ND;ND;ND;ND;ND;ND;ND;ND;ND,"""64,98448""",FLOAT16,ND,N/A,0.0,0,0.0,0.0,0.0,0.0,0.0,0.0,0.0,0.0,0.0,0.0,0.0,35.84,2365440,0.017,0.0,7.818,0.218,20.712,0.578,11.358,0.317,0.0,0.000
0,4294967295,568,47,aclnnMul_MulAiCore_Mul,Mul,dynamic,AI_VECTOR_CORE,1785697972976617.479	,332.647,0.160000,40,0,NO,"""4096,4096;4096,4096""",FLOAT;FLOAT,ND;ND,"""4096,4096""",FLOAT,ND,N/A,0.0,0,0.0,0.0,0.0,0.0,0.0,0.0,0.0,0.0,0.0,0.0,0.0,330.553,21816493,6.784,0.021,3.054,0.009,328.979,0.995,111.27,0.337,0.0,0.000
0,4294967295,569,47,Concat,Concat,dynamic,AI_VECTOR_CORE,1785697972976950.146	,41.781,0.103000,40,0,NO,"""64,16;64,32;64,64;64,128;64,256;64,512;64,1024;64,2048;64,4096;64,8192;64,16;64,32;64,64;64,128;64,256;64,512;64,1024;64,2048;64,4096;64,8192;64,16;64,32;64,64;64,128;64,256;64,512;64,1024;64,2048;64,4096;64,8192;64,16;64,32;64,64;64,128;64,256;64,512;64,1024;64,2048;64,4096;64,8192;64,16;64,32;64,64;64,128;64,256;64,512;64,1024;64,2048;64,4096;64,8192;64,16;64,32;64,64;64,128;64,256;64,512;64,1024;64,2048;64,4096;64,8192;64,16;64,32;64,64;64,128""",FLOAT16;FLOAT16;FLOAT16;FLOAT16;FLOAT16;FLOAT16;FLOAT16;FLOAT16;FLOAT16;FLOAT16;FLOAT16;FLOAT16;FLOAT16;FLOAT16;FLOAT16;FLOAT16;FLOAT16;FLOAT16;FLOAT16;FLOAT16;FLOAT16;FLOAT16;FLOAT16;FLOAT16;FLOAT16;FLOAT16;FLOAT16;FLOAT16;FLOAT16;FLOAT16;FLOAT16;FLOAT16;FLOAT16;FLOAT16;FLOAT16;FLOAT16;FLOAT16;FLOAT16;FLOAT16;FLOAT16;FLOAT16;FLOAT16;FLOAT16;FLOAT16;FLOAT16;FLOAT16;FLOAT16;FLOAT16;FLOAT16;FLOAT16;FLOAT16;FLOAT16;FLOAT16;FLOAT16;FLOAT16;FLOAT16;FLOAT16;FLOAT16;FLOAT16;FLOAT16;FLOAT16;FLOAT16;FLOAT16;FLOAT16,ND;ND;ND;ND;ND;ND;ND;ND;ND;ND;ND;ND;ND;ND;ND;ND;ND;ND;ND;ND;ND;ND;ND;ND;ND;ND;ND;ND;ND;ND;ND;ND;ND;ND;ND;ND;ND;ND;ND;ND;ND;ND;ND;ND;ND;ND;ND;ND;ND;ND;ND;ND;ND;ND;ND;ND;ND;ND;ND;ND;ND;ND;ND;ND,"""64,98448""",FLOAT16,ND,N/A,0.0,0,0.0,0.0,0.0,0.0,0.0,0.0,0.0,0.0,0.0,0.0,0.0,38.201,2521248,0.017,0.0,8.779,0.23,21.71,0.568,11.686,0.306,0.0,0.000
0,4294967295,570,47,aclnnMul_MulAiCore_Mul,Mul,dynamic,AI_VECTOR_CORE,1785697972976991.947	,332.627,0.000000,40,0,NO,"""4096,4096;4096,4096""",FLOAT;FLOAT,ND;ND,"""4096,4096""",FLOAT,ND,N/A,0.0,0,0.0,0.0,0.0,0.0,0.0,0.0,0.0,0.0,0.0,0.0,0.0,330.386,21805501,6.784,0.021,3.088,0.009,328.768,0.995,112.801,0.341,0.0,0.000
0,4294967295,571,47,Concat,Concat,dynamic,AI_VECTOR_CORE,1785697972977324.594	,40.500,0.000000,40,0,NO,"""64,16;64,32;64,64;64,128;64,256;64,512;64,1024;64,2048;64,4096;64,8192;64,16;64,32;64,64;64,128;64,256;64,512;64,1024;64,2048;64,4096;64,8192;64,16;64,32;64,64;64,128;64,256;64,512;64,1024;64,2048;64,4096;64,8192;64,16;64,32;64,64;64,128;64,256;64,512;64,1024;64,2048;64,4096;64,8192;64,16;64,32;64,64;64,128;64,256;64,512;64,1024;64,2048;64,4096;64,8192;64,16;64,32;64,64;64,128;64,256;64,512;64,1024;64,2048;64,4096;64,8192;64,16;64,32;64,64;64,128""",FLOAT16;FLOAT16;FLOAT16;FLOAT16;FLOAT16;FLOAT16;FLOAT16;FLOAT16;FLOAT16;FLOAT16;FLOAT16;FLOAT16;FLOAT16;FLOAT16;FLOAT16;FLOAT16;FLOAT16;FLOAT16;FLOAT16;FLOAT16;FLOAT16;FLOAT16;FLOAT16;FLOAT16;FLOAT16;FLOAT16;FLOAT16;FLOAT16;FLOAT16;FLOAT16;FLOAT16;FLOAT16;FLOAT16;FLOAT16;FLOAT16;FLOAT16;FLOAT16;FLOAT16;FLOAT16;FLOAT16;FLOAT16;FLOAT16;FLOAT16;FLOAT16;FLOAT16;FLOAT16;FLOAT16;FLOAT16;FLOAT16;FLOAT16;FLOAT16;FLOAT16;FLOAT16;FLOAT16;FLOAT16;FLOAT16;FLOAT16;FLOAT16;FLOAT16;FLOAT16;FLOAT16;FLOAT16;FLOAT16;FLOAT16,ND;ND;ND;ND;ND;ND;ND;ND;ND;ND;ND;ND;ND;ND;ND;ND;ND;ND;ND;ND;ND;ND;ND;ND;ND;ND;ND;ND;ND;ND;ND;ND;ND;ND;ND;ND;ND;ND;ND;ND;ND;ND;ND;ND;ND;ND;ND;ND;ND;ND;ND;ND;ND;ND;ND;ND;ND;ND;ND;ND;ND;ND;ND;ND,"""64,98448""",FLOAT16,ND,N/A,0.0,0,0.0,0.0,0.0,0.0,0.0,0.0,0.0,0.0,0.0,0.0,0.0,36.648,2418739,0.017,0.0,8.142,0.222,21.258,0.58,11.347,0.31,0.0,0.000
0,4294967295,572,47,aclnnMul_MulAiCore_Mul,Mul,dynamic,AI_VECTOR_CORE,1785697972977365.134	,332.747,0.250000,40,0,NO,"""4096,4096;4096,4096""",FLOAT;FLOAT,ND;ND,"""4096,4096""",FLOAT,ND,N/A,0.0,0,0.0,0.0,0.0,0.0,0.0,0.0,0.0,0.0,0.0,0.0,0.0,330.631,21821638,6.784,0.021,3.307,0.01,328.805,0.994,110.519,0.334,0.0,0.000
0,4294967295,573,47,Concat,Concat,dynamic,AI_VECTOR_CORE,1785697972977697.901	,39.081,0.003000,40,0,NO,"""64,16;64,32;64,64;64,128;64,256;64,512;64,1024;64,2048;64,4096;64,8192;64,16;64,32;64,64;64,128;64,256;64,512;64,1024;64,2048;64,4096;64,8192;64,16;64,32;64,64;64,128;64,256;64,512;64,1024;64,2048;64,4096;64,8192;64,16;64,32;64,64;64,128;64,256;64,512;64,1024;64,2048;64,4096;64,8192;64,16;64,32;64,64;64,128;64,256;64,512;64,1024;64,2048;64,4096;64,8192;64,16;64,32;64,64;64,128;64,256;64,512;64,1024;64,2048;64,4096;64,8192;64,16;64,32;64,64;64,128""",FLOAT16;FLOAT16;FLOAT16;FLOAT16;FLOAT16;FLOAT16;FLOAT16;FLOAT16;FLOAT16;FLOAT16;FLOAT16;FLOAT16;FLOAT16;FLOAT16;FLOAT16;FLOAT16;FLOAT16;FLOAT16;FLOAT16;FLOAT16;FLOAT16;FLOAT16;FLOAT16;FLOAT16;FLOAT16;FLOAT16;FLOAT16;FLOAT16;FLOAT16;FLOAT16;FLOAT16;FLOAT16;FLOAT16;FLOAT16;FLOAT16;FLOAT16;FLOAT16;FLOAT16;FLOAT16;FLOAT16;FLOAT16;FLOAT16;FLOAT16;FLOAT16;FLOAT16;FLOAT16;FLOAT16;FLOAT16;FLOAT16;FLOAT16;FLOAT16;FLOAT16;FLOAT16;FLOAT16;FLOAT16;FLOAT16;FLOAT16;FLOAT16;FLOAT16;FLOAT16;FLOAT16;FLOAT16;FLOAT16;FLOAT16,ND;ND;ND;ND;ND;ND;ND;ND;ND;ND;ND;ND;ND;ND;ND;ND;ND;ND;ND;ND;ND;ND;ND;ND;ND;ND;ND;ND;ND;ND;ND;ND;ND;ND;ND;ND;ND;ND;ND;ND;ND;ND;ND;ND;ND;ND;ND;ND;ND;ND;ND;ND;ND;ND;ND;ND;ND;ND;ND;ND;ND;ND;ND;ND,"""64,98448""",FLOAT16,ND,N/A,0.0,0,0.0,0.0,0.0,0.0,0.0,0.0,0.0,0.0,0.0,0.0,0.0,35.07,2314606,0.017,0.0,7.957,0.227,20.14,0.574,11.164,0.318,0.0,0.000
0,4294967295,574,47,aclnnMul_MulAiCore_Mul,Mul,dynamic,AI_VECTOR_CORE,1785697972977737.002	,332.947,0.000000,40,0,NO,"""4096,4096;4096,4096""",FLOAT;FLOAT,ND;ND,"""4096,4096""",FLOAT,ND,N/A,0.0,0,0.0,0.0,0.0,0.0,0.0,0.0,0.0,0.0,0.0,0.0,0.0,331.049,21849231,6.784,0.02,3.184,0.01,329.338,0.995,111.552,0.337,0.0,0.000
0,4294967295,575,47,Concat,Concat,dynamic,AI_VECTOR_CORE,1785697972978069.969	,39.520,0.053000,40,0,NO,"""64,16;64,32;64,64;64,128;64,256;64,512;64,1024;64,2048;64,4096;64,8192;64,16;64,32;64,64;64,128;64,256;64,512;64,1024;64,2048;64,4096;64,8192;64,16;64,32;64,64;64,128;64,256;64,512;64,1024;64,2048;64,4096;64,8192;64,16;64,32;64,64;64,128;64,256;64,512;64,1024;64,2048;64,4096;64,8192;64,16;64,32;64,64;64,128;64,256;64,512;64,1024;64,2048;64,4096;64,8192;64,16;64,32;64,64;64,128;64,256;64,512;64,1024;64,2048;64,4096;64,8192;64,16;64,32;64,64;64,128""",FLOAT16;FLOAT16;FLOAT16;FLOAT16;FLOAT16;FLOAT16;FLOAT16;FLOAT16;FLOAT16;FLOAT16;FLOAT16;FLOAT16;FLOAT16;FLOAT16;FLOAT16;FLOAT16;FLOAT16;FLOAT16;FLOAT16;FLOAT16;FLOAT16;FLOAT16;FLOAT16;FLOAT16;FLOAT16;FLOAT16;FLOAT16;FLOAT16;FLOAT16;FLOAT16;FLOAT16;FLOAT16;FLOAT16;FLOAT16;FLOAT16;FLOAT16;FLOAT16;FLOAT16;FLOAT16;FLOAT16;FLOAT16;FLOAT16;FLOAT16;FLOAT16;FLOAT16;FLOAT16;FLOAT16;FLOAT16;FLOAT16;FLOAT16;FLOAT16;FLOAT16;FLOAT16;FLOAT16;FLOAT16;FLOAT16;FLOAT16;FLOAT16;FLOAT16;FLOAT16;FLOAT16;FLOAT16;FLOAT16;FLOAT16,ND;ND;ND;ND;ND;ND;ND;ND;ND;ND;ND;ND;ND;ND;ND;ND;ND;ND;ND;ND;ND;ND;ND;ND;ND;ND;ND;ND;ND;ND;ND;ND;ND;ND;ND;ND;ND;ND;ND;ND;ND;ND;ND;ND;ND;ND;ND;ND;ND;ND;ND;ND;ND;ND;ND;ND;ND;ND;ND;ND;ND;ND;ND;ND,"""64,98448""",FLOAT16,ND,N/A,0.0,0,0.0,0.0,0.0,0.0,0.0,0.0,0.0,0.0,0.0,0.0,0.0,35.633,2351772,0.017,0.0,7.252,0.204,20.708,0.581,11.13,0.312,0.0,0.000
0,4294967295,576,47,aclnnMul_MulAiCore_Mul,Mul,dynamic,AI_VECTOR_CORE,1785697972978109.509	,333.027,0.000000,40,0,NO,"""4096,4096;4096,4096""",FLOAT;FLOAT,ND;ND,"""4096,4096""",FLOAT,ND,N/A,0.0,0,0.0,0.0,0.0,0.0,0.0,0.0,0.0,0.0,0.0,0.0,0.0,330.29,21799121,6.784,0.021,3.052,0.009,328.726,0.995,111.078,0.336,0.0,0.000
0,4294967295,577,47,Concat,Concat,dynamic,AI_VECTOR_CORE,1785697972978442.556	,40.341,0.000000,40,0,NO,"""64,16;64,32;64,64;64,128;64,256;64,512;64,1024;64,2048;64,4096;64,8192;64,16;64,32;64,64;64,128;64,256;64,512;64,1024;64,2048;64,4096;64,8192;64,16;64,32;64,64;64,128;64,256;64,512;64,1024;64,2048;64,4096;64,8192;64,16;64,32;64,64;64,128;64,256;64,512;64,1024;64,2048;64,4096;64,8192;64,16;64,32;64,64;64,128;64,256;64,512;64,1024;64,2048;64,4096;64,8192;64,16;64,32;64,64;64,128;64,256;64,512;64,1024;64,2048;64,4096;64,8192;64,16;64,32;64,64;64,128""",FLOAT16;FLOAT16;FLOAT16;FLOAT16;FLOAT16;FLOAT16;FLOAT16;FLOAT16;FLOAT16;FLOAT16;FLOAT16;FLOAT16;FLOAT16;FLOAT16;FLOAT16;FLOAT16;FLOAT16;FLOAT16;FLOAT16;FLOAT16;FLOAT16;FLOAT16;FLOAT16;FLOAT16;FLOAT16;FLOAT16;FLOAT16;FLOAT16;FLOAT16;FLOAT16;FLOAT16;FLOAT16;FLOAT16;FLOAT16;FLOAT16;FLOAT16;FLOAT16;FLOAT16;FLOAT16;FLOAT16;FLOAT16;FLOAT16;FLOAT16;FLOAT16;FLOAT16;FLOAT16;FLOAT16;FLOAT16;FLOAT16;FLOAT16;FLOAT16;FLOAT16;FLOAT16;FLOAT16;FLOAT16;FLOAT16;FLOAT16;FLOAT16;FLOAT16;FLOAT16;FLOAT16;FLOAT16;FLOAT16;FLOAT16,ND;ND;ND;ND;ND;ND;ND;ND;ND;ND;ND;ND;ND;ND;ND;ND;ND;ND;ND;ND;ND;ND;ND;ND;ND;ND;ND;ND;ND;ND;ND;ND;ND;ND;ND;ND;ND;ND;ND;ND;ND;ND;ND;ND;ND;ND;ND;ND;ND;ND;ND;ND;ND;ND;ND;ND;ND;ND;ND;ND;ND;ND;ND;ND,"""64,98448""",FLOAT16,ND,N/A,0.0,0,0.0,0.0,0.0,0.0,0.0,0.0,0.0,0.0,0.0,0.0,0.0,36.758,2426054,0.017,0.0,6.784,0.185,21.344,0.581,11.669,0.317,0.0,0.000
0,4294967295,578,47,aclnnMul_MulAiCore_Mul,Mul,dynamic,AI_VECTOR_CORE,1785697972978482.917	,333.246,0.159000,40,0,NO,"""4096,4096;4096,4096""",FLOAT;FLOAT,ND;ND,"""4096,4096""",FLOAT,ND,N/A,0.0,0,0.0,0.0,0.0,0.0,0.0,0.0,0.0,0.0,0.0,0.0,0.0,330.916,21840476,6.784,0.021,3.125,0.009,329.191,0.995,112.024,0.339,0.0,0.000
0,4294967295,579,47,Concat,Concat,dynamic,AI_VECTOR_CORE,1785697972978816.203	,39.781,0.004000,40,0,NO,"""64,16;64,32;64,64;64,128;64,256;64,512;64,1024;64,2048;64,4096;64,8192;64,16;64,32;64,64;64,128;64,256;64,512;64,1024;64,2048;64,4096;64,8192;64,16;64,32;64,64;64,128;64,256;64,512;64,1024;64,2048;64,4096;64,8192;64,16;64,32;64,64;64,128;64,256;64,512;64,1024;64,2048;64,4096;64,8192;64,16;64,32;64,64;64,128;64,256;64,512;64,1024;64,2048;64,4096;64,8192;64,16;64,32;64,64;64,128;64,256;64,512;64,1024;64,2048;64,4096;64,8192;64,16;64,32;64,64;64,128""",FLOAT16;FLOAT16;FLOAT16;FLOAT16;FLOAT16;FLOAT16;FLOAT16;FLOAT16;FLOAT16;FLOAT16;FLOAT16;FLOAT16;FLOAT16;FLOAT16;FLOAT16;FLOAT16;FLOAT16;FLOAT16;FLOAT16;FLOAT16;FLOAT16;FLOAT16;FLOAT16;FLOAT16;FLOAT16;FLOAT16;FLOAT16;FLOAT16;FLOAT16;FLOAT16;FLOAT16;FLOAT16;FLOAT16;FLOAT16;FLOAT16;FLOAT16;FLOAT16;FLOAT16;FLOAT16;FLOAT16;FLOAT16;FLOAT16;FLOAT16;FLOAT16;FLOAT16;FLOAT16;FLOAT16;FLOAT16;FLOAT16;FLOAT16;FLOAT16;FLOAT16;FLOAT16;FLOAT16;FLOAT16;FLOAT16;FLOAT16;FLOAT16;FLOAT16;FLOAT16;FLOAT16;FLOAT16;FLOAT16;FLOAT16,ND;ND;ND;ND;ND;ND;ND;ND;ND;ND;ND;ND;ND;ND;ND;ND;ND;ND;ND;ND;ND;ND;ND;ND;ND;ND;ND;ND;ND;ND;ND;ND;ND;ND;ND;ND;ND;ND;ND;ND;ND;ND;ND;ND;ND;ND;ND;ND;ND;ND;ND;ND;ND;ND;ND;ND;ND;ND;ND;ND;ND;ND;ND;ND,"""64,98448""",FLOAT16,ND,N/A,0.0,0,0.0,0.0,0.0,0.0,0.0,0.0,0.0,0.0,0.0,0.0,0.0,36.511,2409730,0.017,0.0,6.769,0.185,21.515,0.589,11.305,0.31,0.0,0.000
0,4294967295,580,47,aclnnMul_MulAiCore_Mul,Mul,dynamic,AI_VECTOR_CORE,1785697972978856.004	,334.527,0.000000,40,0,NO,"""4096,4096;4096,4096""",FLOAT;FLOAT,ND;ND,"""4096,4096""",FLOAT,ND,N/A,0.0,0,0.0,0.0,0.0,0.0,0.0,0.0,0.0,0.0,0.0,0.0,0.0,332.038,21914487,6.784,0.02,2.997,0.009,330.497,0.995,113.112,0.341,0.0,0.000
0,4294967295,581,47,Concat,Concat,dynamic,AI_VECTOR_CORE,1785697972979190.551	,40.061,0.000000,40,0,NO,"""64,16;64,32;64,64;64,128;64,256;64,512;64,1024;64,2048;64,4096;64,8192;64,16;64,32;64,64;64,128;64,256;64,512;64,1024;64,2048;64,4096;64,8192;64,16;64,32;64,64;64,128;64,256;64,512;64,1024;64,2048;64,4096;64,8192;64,16;64,32;64,64;64,128;64,256;64,512;64,1024;64,2048;64,4096;64,8192;64,16;64,32;64,64;64,128;64,256;64,512;64,1024;64,2048;64,4096;64,8192;64,16;64,32;64,64;64,128;64,256;64,512;64,1024;64,2048;64,4096;64,8192;64,16;64,32;64,64;64,128""",FLOAT16;FLOAT16;FLOAT16;FLOAT16;FLOAT16;FLOAT16;FLOAT16;FLOAT16;FLOAT16;FLOAT16;FLOAT16;FLOAT16;FLOAT16;FLOAT16;FLOAT16;FLOAT16;FLOAT16;FLOAT16;FLOAT16;FLOAT16;FLOAT16;FLOAT16;FLOAT16;FLOAT16;FLOAT16;FLOAT16;FLOAT16;FLOAT16;FLOAT16;FLOAT16;FLOAT16;FLOAT16;FLOAT16;FLOAT16;FLOAT16;FLOAT16;FLOAT16;FLOAT16;FLOAT16;FLOAT16;FLOAT16;FLOAT16;FLOAT16;FLOAT16;FLOAT16;FLOAT16;FLOAT16;FLOAT16;FLOAT16;FLOAT16;FLOAT16;FLOAT16;FLOAT16;FLOAT16;FLOAT16;FLOAT16;FLOAT16;FLOAT16;FLOAT16;FLOAT16;FLOAT16;FLOAT16;FLOAT16;FLOAT16,ND;ND;ND;ND;ND;ND;ND;ND;ND;ND;ND;ND;ND;ND;ND;ND;ND;ND;ND;ND;ND;ND;ND;ND;ND;ND;ND;ND;ND;ND;ND;ND;ND;ND;ND;ND;ND;ND;ND;ND;ND;ND;ND;ND;ND;ND;ND;ND;ND;ND;ND;ND;ND;ND;ND;ND;ND;ND;ND;ND;ND;ND;ND;ND,"""64,98448""",FLOAT16,ND,N/A,0.0,0,0.0,0.0,0.0,0.0,0.0,0.0,0.0,0.0,0.0,0.0,0.0,36.239,2391783,0.017,0.0,7.658,0.211,21.248,0.586,11.157,0.308,0.0,0.000
0,4294967295,582,47,aclnnMul_MulAiCore_Mul,Mul,dynamic,AI_VECTOR_CORE,1785697972979230.632	,333.266,0.189000,40,0,NO,"""4096,4096;4096,4096""",FLOAT;FLOAT,ND;ND,"""4096,4096""",FLOAT,ND,N/A,0.0,0,0.0,0.0,0.0,0.0,0.0,0.0,0.0,0.0,0.0,0.0,0.0,331.243,21862066,6.784,0.02,3.112,0.009,329.585,0.995,111.245,0.336,0.0,0.000
0,4294967295,583,47,Concat,Concat,dynamic,AI_VECTOR_CORE,1785697972979563.918	,39.581,0.000000,40,0,NO,"""64,16;64,32;64,64;64,128;64,256;64,512;64,1024;64,2048;64,4096;64,8192;64,16;64,32;64,64;64,128;64,256;64,512;64,1024;64,2048;64,4096;64,8192;64,16;64,32;64,64;64,128;64,256;64,512;64,1024;64,2048;64,4096;64,8192;64,16;64,32;64,64;64,128;64,256;64,512;64,1024;64,2048;64,4096;64,8192;64,16;64,32;64,64;64,128;64,256;64,512;64,1024;64,2048;64,4096;64,8192;64,16;64,32;64,64;64,128;64,256;64,512;64,1024;64,2048;64,4096;64,8192;64,16;64,32;64,64;64,128""",FLOAT16;FLOAT16;FLOAT16;FLOAT16;FLOAT16;FLOAT16;FLOAT16;FLOAT16;FLOAT16;FLOAT16;FLOAT16;FLOAT16;FLOAT16;FLOAT16;FLOAT16;FLOAT16;FLOAT16;FLOAT16;FLOAT16;FLOAT16;FLOAT16;FLOAT16;FLOAT16;FLOAT16;FLOAT16;FLOAT16;FLOAT16;FLOAT16;FLOAT16;FLOAT16;FLOAT16;FLOAT16;FLOAT16;FLOAT16;FLOAT16;FLOAT16;FLOAT16;FLOAT16;FLOAT16;FLOAT16;FLOAT16;FLOAT16;FLOAT16;FLOAT16;FLOAT16;FLOAT16;FLOAT16;FLOAT16;FLOAT16;FLOAT16;FLOAT16;FLOAT16;FLOAT16;FLOAT16;FLOAT16;FLOAT16;FLOAT16;FLOAT16;FLOAT16;FLOAT16;FLOAT16;FLOAT16;FLOAT16;FLOAT16,ND;ND;ND;ND;ND;ND;ND;ND;ND;ND;ND;ND;ND;ND;ND;ND;ND;ND;ND;ND;ND;ND;ND;ND;ND;ND;ND;ND;ND;ND;ND;ND;ND;ND;ND;ND;ND;ND;ND;ND;ND;ND;ND;ND;ND;ND;ND;ND;ND;ND;ND;ND;ND;ND;ND;ND;ND;ND;ND;ND;ND;ND;ND;ND,"""64,98448""",FLOAT16,ND,N/A,0.0,0,0.0,0.0,0.0,0.0,0.0,0.0,0.0,0.0,0.0,0.0,0.0,36.343,2398614,0.017,0.0,7.211,0.198,21.41,0.589,11.221,0.309,0.0,0.000
0,4294967295,584,47,aclnnMul_MulAiCore_Mul,Mul,dynamic,AI_VECTOR_CORE,1785697972979603.519	,333.367,0.000000,40,0,NO,"""4096,4096;4096,4096""",FLOAT;FLOAT,ND;ND,"""4096,4096""",FLOAT,ND,N/A,0.0,0,0.0,0.0,0.0,0.0,0.0,0.0,0.0,0.0,0.0,0.0,0.0,331.162,21856695,6.784,0.02,2.929,0.009,329.695,0.996,111.377,0.336,0.0,0.000
0,4294967295,585,47,Concat,Concat,dynamic,AI_VECTOR_CORE,1785697972979936.906	,39.861,0.133000,40,0,NO,"""64,16;64,32;64,64;64,128;64,256;64,512;64,1024;64,2048;64,4096;64,8192;64,16;64,32;64,64;64,128;64,256;64,512;64,1024;64,2048;64,4096;64,8192;64,16;64,32;64,64;64,128;64,256;64,512;64,1024;64,2048;64,4096;64,8192;64,16;64,32;64,64;64,128;64,256;64,512;64,1024;64,2048;64,4096;64,8192;64,16;64,32;64,64;64,128;64,256;64,512;64,1024;64,2048;64,4096;64,8192;64,16;64,32;64,64;64,128;64,256;64,512;64,1024;64,2048;64,4096;64,8192;64,16;64,32;64,64;64,128""",FLOAT16;FLOAT16;FLOAT16;FLOAT16;FLOAT16;FLOAT16;FLOAT16;FLOAT16;FLOAT16;FLOAT16;FLOAT16;FLOAT16;FLOAT16;FLOAT16;FLOAT16;FLOAT16;FLOAT16;FLOAT16;FLOAT16;FLOAT16;FLOAT16;FLOAT16;FLOAT16;FLOAT16;FLOAT16;FLOAT16;FLOAT16;FLOAT16;FLOAT16;FLOAT16;FLOAT16;FLOAT16;FLOAT16;FLOAT16;FLOAT16;FLOAT16;FLOAT16;FLOAT16;FLOAT16;FLOAT16;FLOAT16;FLOAT16;FLOAT16;FLOAT16;FLOAT16;FLOAT16;FLOAT16;FLOAT16;FLOAT16;FLOAT16;FLOAT16;FLOAT16;FLOAT16;FLOAT16;FLOAT16;FLOAT16;FLOAT16;FLOAT16;FLOAT16;FLOAT16;FLOAT16;FLOAT16;FLOAT16;FLOAT16,ND;ND;ND;ND;ND;ND;ND;ND;ND;ND;ND;ND;ND;ND;ND;ND;ND;ND;ND;ND;ND;ND;ND;ND;ND;ND;ND;ND;ND;ND;ND;ND;ND;ND;ND;ND;ND;ND;ND;ND;ND;ND;ND;ND;ND;ND;ND;ND;ND;ND;ND;ND;ND;ND;ND;ND;ND;ND;ND;ND;ND;ND;ND;ND,"""64,98448""",FLOAT16,ND,N/A,0.0,0,0.0,0.0,0.0,0.0,0.0,0.0,0.0,0.0,0.0,0.0,0.0,36.739,2424782,0.017,0.0,7.515,0.205,21.255,0.579,11.544,0.314,0.0,0.000
0,4294967295,586,47,aclnnMul_MulAiCore_Mul,Mul,dynamic,AI_VECTOR_CORE,1785697972979976.787	,332.086,0.000000,40,0,NO,"""4096,4096;4096,4096""",FLOAT;FLOAT,ND;ND,"""4096,4096""",FLOAT,ND,N/A,0.0,0,0.0,0.0,0.0,0.0,0.0,0.0,0.0,0.0,0.0,0.0,0.0,330.277,21798299,6.784,0.021,3.088,0.009,328.673,0.995,109.605,0.332,0.0,0.000
0,4294967295,587,47,Concat,Concat,dynamic,AI_VECTOR_CORE,1785697972980308.893	,39.861,0.164000,40,0,NO,"""64,16;64,32;64,64;64,128;64,256;64,512;64,1024;64,2048;64,4096;64,8192;64,16;64,32;64,64;64,128;64,256;64,512;64,1024;64,2048;64,4096;64,8192;64,16;64,32;64,64;64,128;64,256;64,512;64,1024;64,2048;64,4096;64,8192;64,16;64,32;64,64;64,128;64,256;64,512;64,1024;64,2048;64,4096;64,8192;64,16;64,32;64,64;64,128;64,256;64,512;64,1024;64,2048;64,4096;64,8192;64,16;64,32;64,64;64,128;64,256;64,512;64,1024;64,2048;64,4096;64,8192;64,16;64,32;64,64;64,128""",FLOAT16;FLOAT16;FLOAT16;FLOAT16;FLOAT16;FLOAT16;FLOAT16;FLOAT16;FLOAT16;FLOAT16;FLOAT16;FLOAT16;FLOAT16;FLOAT16;FLOAT16;FLOAT16;FLOAT16;FLOAT16;FLOAT16;FLOAT16;FLOAT16;FLOAT16;FLOAT16;FLOAT16;FLOAT16;FLOAT16;FLOAT16;FLOAT16;FLOAT16;FLOAT16;FLOAT16;FLOAT16;FLOAT16;FLOAT16;FLOAT16;FLOAT16;FLOAT16;FLOAT16;FLOAT16;FLOAT16;FLOAT16;FLOAT16;FLOAT16;FLOAT16;FLOAT16;FLOAT16;FLOAT16;FLOAT16;FLOAT16;FLOAT16;FLOAT16;FLOAT16;FLOAT16;FLOAT16;FLOAT16;FLOAT16;FLOAT16;FLOAT16;FLOAT16;FLOAT16;FLOAT16;FLOAT16;FLOAT16;FLOAT16,ND;ND;ND;ND;ND;ND;ND;ND;ND;ND;ND;ND;ND;ND;ND;ND;ND;ND;ND;ND;ND;ND;ND;ND;ND;ND;ND;ND;ND;ND;ND;ND;ND;ND;ND;ND;ND;ND;ND;ND;ND;ND;ND;ND;ND;ND;ND;ND;ND;ND;ND;ND;ND;ND;ND;ND;ND;ND;ND;ND;ND;ND;ND;ND,"""64,98448""",FLOAT16,ND,N/A,0.0,0,0.0,0.0,0.0,0.0,0.0,0.0,0.0,0.0,0.0,0.0,0.0,36.389,2401658,0.017,0.0,8.928,0.245,20.042,0.551,11.099,0.305,0.0,0.000
0,4294967295,588,47,aclnnMul_MulAiCore_Mul,Mul,dynamic,AI_VECTOR_CORE,1785697972980348.774	,334.167,0.000000,40,0,NO,"""4096,4096;4096,4096""",FLOAT;FLOAT,ND;ND,"""4096,4096""",FLOAT,ND,N/A,0.0,0,0.0,0.0,0.0,0.0,0.0,0.0,0.0,0.0,0.0,0.0,0.0,331.661,21889607,6.784,0.02,2.917,0.009,330.212,0.996,111.424,0.336,0.0,0.000
0,4294967295,589,47,Concat,Concat,dynamic,AI_VECTOR_CORE,1785697972980682.961	,39.140,0.083000,40,0,NO,"""64,16;64,32;64,64;64,128;64,256;64,512;64,1024;64,2048;64,4096;64,8192;64,16;64,32;64,64;64,128;64,256;64,512;64,1024;64,2048;64,4096;64,8192;64,16;64,32;64,64;64,128;64,256;64,512;64,1024;64,2048;64,4096;64,8192;64,16;64,32;64,64;64,128;64,256;64,512;64,1024;64,2048;64,4096;64,8192;64,16;64,32;64,64;64,128;64,256;64,512;64,1024;64,2048;64,4096;64,8192;64,16;64,32;64,64;64,128;64,256;64,512;64,1024;64,2048;64,4096;64,8192;64,16;64,32;64,64;64,128""",FLOAT16;FLOAT16;FLOAT16;FLOAT16;FLOAT16;FLOAT16;FLOAT16;FLOAT16;FLOAT16;FLOAT16;FLOAT16;FLOAT16;FLOAT16;FLOAT16;FLOAT16;FLOAT16;FLOAT16;FLOAT16;FLOAT16;FLOAT16;FLOAT16;FLOAT16;FLOAT16;FLOAT16;FLOAT16;FLOAT16;FLOAT16;FLOAT16;FLOAT16;FLOAT16;FLOAT16;FLOAT16;FLOAT16;FLOAT16;FLOAT16;FLOAT16;FLOAT16;FLOAT16;FLOAT16;FLOAT16;FLOAT16;FLOAT16;FLOAT16;FLOAT16;FLOAT16;FLOAT16;FLOAT16;FLOAT16;FLOAT16;FLOAT16;FLOAT16;FLOAT16;FLOAT16;FLOAT16;FLOAT16;FLOAT16;FLOAT16;FLOAT16;FLOAT16;FLOAT16;FLOAT16;FLOAT16;FLOAT16;FLOAT16,ND;ND;ND;ND;ND;ND;ND;ND;ND;ND;ND;ND;ND;ND;ND;ND;ND;ND;ND;ND;ND;ND;ND;ND;ND;ND;ND;ND;ND;ND;ND;ND;ND;ND;ND;ND;ND;ND;ND;ND;ND;ND;ND;ND;ND;ND;ND;ND;ND;ND;ND;ND;ND;ND;ND;ND;ND;ND;ND;ND;ND;ND;ND;ND,"""64,98448""",FLOAT16,ND,N/A,0.0,0,0.0,0.0,0.0,0.0,0.0,0.0,0.0,0.0,0.0,0.0,0.0,35.778,2361342,0.017,0.0,7.584,0.212,20.783,0.581,11.232,0.314,0.0,0.000
0,4294967295,590,47,aclnnMul_MulAiCore_Mul,Mul,dynamic,AI_VECTOR_CORE,1785697972980722.121	,332.487,0.000000,40,0,NO,"""4096,4096;4096,4096""",FLOAT;FLOAT,ND;ND,"""4096,4096""",FLOAT,ND,N/A,0.0,0,0.0,0.0,0.0,0.0,0.0,0.0,0.0,0.0,0.0,0.0,0.0,330.439,21808964,6.784,0.021,3.057,0.009,328.852,0.995,112.433,0.34,0.0,0.000
0,4294967295,591,47,Concat,Concat,dynamic,AI_VECTOR_CORE,1785697972981054.628	,39.181,0.263000,40,0,NO,"""64,16;64,32;64,64;64,128;64,256;64,512;64,1024;64,2048;64,4096;64,8192;64,16;64,32;64,64;64,128;64,256;64,512;64,1024;64,2048;64,4096;64,8192;64,16;64,32;64,64;64,128;64,256;64,512;64,1024;64,2048;64,4096;64,8192;64,16;64,32;64,64;64,128;64,256;64,512;64,1024;64,2048;64,4096;64,8192;64,16;64,32;64,64;64,128;64,256;64,512;64,1024;64,2048;64,4096;64,8192;64,16;64,32;64,64;64,128;64,256;64,512;64,1024;64,2048;64,4096;64,8192;64,16;64,32;64,64;64,128""",FLOAT16;FLOAT16;FLOAT16;FLOAT16;FLOAT16;FLOAT16;FLOAT16;FLOAT16;FLOAT16;FLOAT16;FLOAT16;FLOAT16;FLOAT16;FLOAT16;FLOAT16;FLOAT16;FLOAT16;FLOAT16;FLOAT16;FLOAT16;FLOAT16;FLOAT16;FLOAT16;FLOAT16;FLOAT16;FLOAT16;FLOAT16;FLOAT16;FLOAT16;FLOAT16;FLOAT16;FLOAT16;FLOAT16;FLOAT16;FLOAT16;FLOAT16;FLOAT16;FLOAT16;FLOAT16;FLOAT16;FLOAT16;FLOAT16;FLOAT16;FLOAT16;FLOAT16;FLOAT16;FLOAT16;FLOAT16;FLOAT16;FLOAT16;FLOAT16;FLOAT16;FLOAT16;FLOAT16;FLOAT16;FLOAT16;FLOAT16;FLOAT16;FLOAT16;FLOAT16;FLOAT16;FLOAT16;FLOAT16;FLOAT16,ND;ND;ND;ND;ND;ND;ND;ND;ND;ND;ND;ND;ND;ND;ND;ND;ND;ND;ND;ND;ND;ND;ND;ND;ND;ND;ND;ND;ND;ND;ND;ND;ND;ND;ND;ND;ND;ND;ND;ND;ND;ND;ND;ND;ND;ND;ND;ND;ND;ND;ND;ND;ND;ND;ND;ND;ND;ND;ND;ND;ND;ND;ND;ND,"""64,98448""",FLOAT16,ND,N/A,0.0,0,0.0,0.0,0.0,0.0,0.0,0.0,0.0,0.0,0.0,0.0,0.0,35.521,2344395,0.017,0.0,7.949,0.224,20.854,0.587,10.976,0.309,0.0,0.000
0,4294967295,592,47,aclnnMul_MulAiCore_Mul,Mul,dynamic,AI_VECTOR_CORE,1785697972981093.829	,333.187,0.000000,40,0,NO,"""4096,4096;4096,4096""",FLOAT;FLOAT,ND;ND,"""4096,4096""",FLOAT,ND,N/A,0.0,0,0.0,0.0,0.0,0.0,0.0,0.0,0.0,0.0,0.0,0.0,0.0,331.025,21847653,6.784,0.02,3.158,0.01,329.257,0.995,113.523,0.343,0.0,0.000
0,4294967295,593,47,Concat,Concat,dynamic,AI_VECTOR_CORE,1785697972981427.036	,40.840,0.063000,40,0,NO,"""64,16;64,32;64,64;64,128;64,256;64,512;64,1024;64,2048;64,4096;64,8192;64,16;64,32;64,64;64,128;64,256;64,512;64,1024;64,2048;64,4096;64,8192;64,16;64,32;64,64;64,128;64,256;64,512;64,1024;64,2048;64,4096;64,8192;64,16;64,32;64,64;64,128;64,256;64,512;64,1024;64,2048;64,4096;64,8192;64,16;64,32;64,64;64,128;64,256;64,512;64,1024;64,2048;64,4096;64,8192;64,16;64,32;64,64;64,128;64,256;64,512;64,1024;64,2048;64,4096;64,8192;64,16;64,32;64,64;64,128""",FLOAT16;FLOAT16;FLOAT16;FLOAT16;FLOAT16;FLOAT16;FLOAT16;FLOAT16;FLOAT16;FLOAT16;FLOAT16;FLOAT16;FLOAT16;FLOAT16;FLOAT16;FLOAT16;FLOAT16;FLOAT16;FLOAT16;FLOAT16;FLOAT16;FLOAT16;FLOAT16;FLOAT16;FLOAT16;FLOAT16;FLOAT16;FLOAT16;FLOAT16;FLOAT16;FLOAT16;FLOAT16;FLOAT16;FLOAT16;FLOAT16;FLOAT16;FLOAT16;FLOAT16;FLOAT16;FLOAT16;FLOAT16;FLOAT16;FLOAT16;FLOAT16;FLOAT16;FLOAT16;FLOAT16;FLOAT16;FLOAT16;FLOAT16;FLOAT16;FLOAT16;FLOAT16;FLOAT16;FLOAT16;FLOAT16;FLOAT16;FLOAT16;FLOAT16;FLOAT16;FLOAT16;FLOAT16;FLOAT16;FLOAT16,ND;ND;ND;ND;ND;ND;ND;ND;ND;ND;ND;ND;ND;ND;ND;ND;ND;ND;ND;ND;ND;ND;ND;ND;ND;ND;ND;ND;ND;ND;ND;ND;ND;ND;ND;ND;ND;ND;ND;ND;ND;ND;ND;ND;ND;ND;ND;ND;ND;ND;ND;ND;ND;ND;ND;ND;ND;ND;ND;ND;ND;ND;ND;ND,"""64,98448""",FLOAT16,ND,N/A,0.0,0,0.0,0.0,0.0,0.0,0.0,0.0,0.0,0.0,0.0,0.0,0.0,36.802,2428942,0.017,0.0,7.278,0.198,21.128,0.574,11.726,0.319,0.0,0.000
0,4294967295,594,47,aclnnMul_MulAiCore_Mul,Mul,dynamic,AI_VECTOR_CORE,1785697972981467.916	,332.887,0.160000,40,0,NO,"""4096,4096;4096,4096""",FLOAT;FLOAT,ND;ND,"""4096,4096""",FLOAT,ND,N/A,0.0,0,0.0,0.0,0.0,0.0,0.0,0.0,0.0,0.0,0.0,0.0,0.0,330.605,21819914,6.784,0.021,3.037,0.009,329.059,0.995,110.448,0.334,0.0,0.000
0,4294967295,595,47,Concat,Concat,dynamic,AI_VECTOR_CORE,1785697972981800.823	,42.001,0.000000,40,0,NO,"""64,16;64,32;64,64;64,128;64,256;64,512;64,1024;64,2048;64,4096;64,8192;64,16;64,32;64,64;64,128;64,256;64,512;64,1024;64,2048;64,4096;64,8192;64,16;64,32;64,64;64,128;64,256;64,512;64,1024;64,2048;64,4096;64,8192;64,16;64,32;64,64;64,128;64,256;64,512;64,1024;64,2048;64,4096;64,8192;64,16;64,32;64,64;64,128;64,256;64,512;64,1024;64,2048;64,4096;64,8192;64,16;64,32;64,64;64,128;64,256;64,512;64,1024;64,2048;64,4096;64,8192;64,16;64,32;64,64;64,128""",FLOAT16;FLOAT16;FLOAT16;FLOAT16;FLOAT16;FLOAT16;FLOAT16;FLOAT16;FLOAT16;FLOAT16;FLOAT16;FLOAT16;FLOAT16;FLOAT16;FLOAT16;FLOAT16;FLOAT16;FLOAT16;FLOAT16;FLOAT16;FLOAT16;FLOAT16;FLOAT16;FLOAT16;FLOAT16;FLOAT16;FLOAT16;FLOAT16;FLOAT16;FLOAT16;FLOAT16;FLOAT16;FLOAT16;FLOAT16;FLOAT16;FLOAT16;FLOAT16;FLOAT16;FLOAT16;FLOAT16;FLOAT16;FLOAT16;FLOAT16;FLOAT16;FLOAT16;FLOAT16;FLOAT16;FLOAT16;FLOAT16;FLOAT16;FLOAT16;FLOAT16;FLOAT16;FLOAT16;FLOAT16;FLOAT16;FLOAT16;FLOAT16;FLOAT16;FLOAT16;FLOAT16;FLOAT16;FLOAT16;FLOAT16,ND;ND;ND;ND;ND;ND;ND;ND;ND;ND;ND;ND;ND;ND;ND;ND;ND;ND;ND;ND;ND;ND;ND;ND;ND;ND;ND;ND;ND;ND;ND;ND;ND;ND;ND;ND;ND;ND;ND;ND;ND;ND;ND;ND;ND;ND;ND;ND;ND;ND;ND;ND;ND;ND;ND;ND;ND;ND;ND;ND;ND;ND;ND;ND,"""64,98448""",FLOAT16,ND,N/A,0.0,0,0.0,0.0,0.0,0.0,0.0,0.0,0.0,0.0,0.0,0.0,0.0,37.839,2497399,0.017,0.0,6.899,0.182,22.105,0.584,11.871,0.314,0.0,0.000
0,4294967295,596,47,aclnnMul_MulAiCore_Mul,Mul,dynamic,AI_VECTOR_CORE,1785697972981842.844	,332.267,0.000000,40,0,NO,"""4096,4096;4096,4096""",FLOAT;FLOAT,ND;ND,"""4096,4096""",FLOAT,ND,N/A,0.0,0,0.0,0.0,0.0,0.0,0.0,0.0,0.0,0.0,0.0,0.0,0.0,330.442,21809196,6.784,0.021,3.096,0.009,328.804,0.995,109.868,0.332,0.0,0.000
0,4294967295,597,47,Concat,Concat,dynamic,AI_VECTOR_CORE,1785697972982175.131	,39.900,0.233000,40,0,NO,"""64,16;64,32;64,64;64,128;64,256;64,512;64,1024;64,2048;64,4096;64,8192;64,16;64,32;64,64;64,128;64,256;64,512;64,1024;64,2048;64,4096;64,8192;64,16;64,32;64,64;64,128;64,256;64,512;64,1024;64,2048;64,4096;64,8192;64,16;64,32;64,64;64,128;64,256;64,512;64,1024;64,2048;64,4096;64,8192;64,16;64,32;64,64;64,128;64,256;64,512;64,1024;64,2048;64,4096;64,8192;64,16;64,32;64,64;64,128;64,256;64,512;64,1024;64,2048;64,4096;64,8192;64,16;64,32;64,64;64,128""",FLOAT16;FLOAT16;FLOAT16;FLOAT16;FLOAT16;FLOAT16;FLOAT16;FLOAT16;FLOAT16;FLOAT16;FLOAT16;FLOAT16;FLOAT16;FLOAT16;FLOAT16;FLOAT16;FLOAT16;FLOAT16;FLOAT16;FLOAT16;FLOAT16;FLOAT16;FLOAT16;FLOAT16;FLOAT16;FLOAT16;FLOAT16;FLOAT16;FLOAT16;FLOAT16;FLOAT16;FLOAT16;FLOAT16;FLOAT16;FLOAT16;FLOAT16;FLOAT16;FLOAT16;FLOAT16;FLOAT16;FLOAT16;FLOAT16;FLOAT16;FLOAT16;FLOAT16;FLOAT16;FLOAT16;FLOAT16;FLOAT16;FLOAT16;FLOAT16;FLOAT16;FLOAT16;FLOAT16;FLOAT16;FLOAT16;FLOAT16;FLOAT16;FLOAT16;FLOAT16;FLOAT16;FLOAT16;FLOAT16;FLOAT16,ND;ND;ND;ND;ND;ND;ND;ND;ND;ND;ND;ND;ND;ND;ND;ND;ND;ND;ND;ND;ND;ND;ND;ND;ND;ND;ND;ND;ND;ND;ND;ND;ND;ND;ND;ND;ND;ND;ND;ND;ND;ND;ND;ND;ND;ND;ND;ND;ND;ND;ND;ND;ND;ND;ND;ND;ND;ND;ND;ND;ND;ND;ND;ND,"""64,98448""",FLOAT16,ND,N/A,0.0,0,0.0,0.0,0.0,0.0,0.0,0.0,0.0,0.0,0.0,0.0,0.0,36.077,2381097,0.017,0.0,7.846,0.217,21.257,0.589,11.032,0.306,0.0,0.000
0,4294967295,598,47,aclnnMul_MulAiCore_Mul,Mul,dynamic,AI_VECTOR_CORE,1785697972982215.051	,334.107,0.000000,40,0,NO,"""4096,4096;4096,4096""",FLOAT;FLOAT,ND;ND,"""4096,4096""",FLOAT,ND,N/A,0.0,0,0.0,0.0,0.0,0.0,0.0,0.0,0.0,0.0,0.0,0.0,0.0,331.53,21880973,6.784,0.02,2.994,0.009,330.017,0.995,111.318,0.336,0.0,0.000
0,4294967295,599,47,Concat,Concat,dynamic,AI_VECTOR_CORE,1785697972982549.178	,39.961,0.143000,40,0,NO,"""64,16;64,32;64,64;64,128;64,256;64,512;64,1024;64,2048;64,4096;64,8192;64,16;64,32;64,64;64,128;64,256;64,512;64,1024;64,2048;64,4096;64,8192;64,16;64,32;64,64;64,128;64,256;64,512;64,1024;64,2048;64,4096;64,8192;64,16;64,32;64,64;64,128;64,256;64,512;64,1024;64,2048;64,4096;64,8192;64,16;64,32;64,64;64,128;64,256;64,512;64,1024;64,2048;64,4096;64,8192;64,16;64,32;64,64;64,128;64,256;64,512;64,1024;64,2048;64,4096;64,8192;64,16;64,32;64,64;64,128""",FLOAT16;FLOAT16;FLOAT16;FLOAT16;FLOAT16;FLOAT16;FLOAT16;FLOAT16;FLOAT16;FLOAT16;FLOAT16;FLOAT16;FLOAT16;FLOAT16;FLOAT16;FLOAT16;FLOAT16;FLOAT16;FLOAT16;FLOAT16;FLOAT16;FLOAT16;FLOAT16;FLOAT16;FLOAT16;FLOAT16;FLOAT16;FLOAT16;FLOAT16;FLOAT16;FLOAT16;FLOAT16;FLOAT16;FLOAT16;FLOAT16;FLOAT16;FLOAT16;FLOAT16;FLOAT16;FLOAT16;FLOAT16;FLOAT16;FLOAT16;FLOAT16;FLOAT16;FLOAT16;FLOAT16;FLOAT16;FLOAT16;FLOAT16;FLOAT16;FLOAT16;FLOAT16;FLOAT16;FLOAT16;FLOAT16;FLOAT16;FLOAT16;FLOAT16;FLOAT16;FLOAT16;FLOAT16;FLOAT16;FLOAT16,ND;ND;ND;ND;ND;ND;ND;ND;ND;ND;ND;ND;ND;ND;ND;ND;ND;ND;ND;ND;ND;ND;ND;ND;ND;ND;ND;ND;ND;ND;ND;ND;ND;ND;ND;ND;ND;ND;ND;ND;ND;ND;ND;ND;ND;ND;ND;ND;ND;ND;ND;ND;ND;ND;ND;ND;ND;ND;ND;ND;ND;ND;ND;ND,"""64,98448""",FLOAT16,ND,N/A,0.0,0,0.0,0.0,0.0,0.0,0.0,0.0,0.0,0.0,0.0,0.0,0.0,36.432,2404501,0.017,0.0,7.351,0.202,21.108,0.579,11.466,0.315,0.0,0.000
