Device_id,Model ID,Task ID,Stream ID,Op Name,OP Type,OP State,Task Type,Task Start Time(us),Task Duration(us),Task Wait Time(us),Block Dim,Mix Block Dim,HF32 Eligible,Input Shapes,Input Data Types,Input Formats,Output Shapes,Output Data Types,Output Formats,Context ID,aicore_time(us),aic_total_cycles,aic_mac_time(us),aic_mac_ratio,aic_scalar_time(us),aic_scalar_ratio,aic_mte1_time(us),aic_mte1_ratio,aic_mte2_time(us),aic_mte2_ratio,aic_fixpipe_time(us),aic_fixpipe_ratio,aic_icache_miss_rate,aiv_time(us),aiv_total_cycles,aiv_vec_time(us),aiv_vec_ratio,aiv_scalar_time(us),aiv_scalar_ratio,aiv_mte2_time(us),aiv_mte2_ratio,aiv_mte3_time(us),aiv_mte3_ratio,aiv_icache_miss_rate,cube_utilization(%)
0,4294967295,0,47,aclnnMul_MulAiCore_Mul,Mul,dynamic,AI_VECTOR_CORE,1785698094323134.443	,258.605,0,40,0,NO,"""4096,4096;4096,4096""",FLOAT;FLOAT,ND;ND,"""4096,4096""",FLOAT,ND,N/A,0.0,0,0.0,0.0,0.0,0.0,0.0,0.0,0.0,0.0,0.0,0.0,0.0,253.879,16756015,6.784,0.027,3.928,0.015,248.135,0.977,79.238,0.312,0.011,0.000
0,4294967295,1,47,Concat,Concat,dynamic,AI_VECTOR_CORE,1785698096497833.133	,47.761,2174440.145000,40,0,NO,"""128,16;128,32;128,64;128,128;128,256;128,512;128,2048;128,8192;128,32768""",FLOAT16;FLOAT16;FLOAT16;FLOAT16;FLOAT16;FLOAT16;FLOAT16;FLOAT16;FLOAT16,ND;ND;ND;ND;ND;ND;ND;ND;ND,"""128,44016""",FLOAT16,ND,N/A,0.0,0,0.0,0.0,0.0,0.0,0.0,0.0,0.0,0.0,0.0,0.0,0.0,42.516,1360499,0.035,0.001,8.061,0.19,16.198,0.381,13.14,0.309,0.05,0.000
0,4294967295,2,47,aclnnMul_MulAiCore_Mul,Mul,dynamic,AI_VECTOR_CORE,1785698096497937.575	,331.887,56.489000,40,0,NO,"""4096,4096;4096,4096""",FLOAT;FLOAT,ND;ND,"""4096,4096""",FLOAT,ND,N/A,0.0,0,0.0,0.0,0.0,0.0,0.0,0.0,0.0,0.0,0.0,0.0,0.0,458.071,14658287,13.993,0.031,5.464,0.012,455.636,0.995,152.896,0.334,0.0,0.000
0,4294967295,3,47,Concat,Concat,dynamic,AI_VECTOR_CORE,1785698096498269.482	,36.421,0.113000,40,0,NO,"""128,16;128,32;128,64;128,128;128,256;128,512;128,2048;128,8192;128,32768""",FLOAT16;FLOAT16;FLOAT16;FLOAT16;FLOAT16;FLOAT16;FLOAT16;FLOAT16;FLOAT16,ND;ND;ND;ND;ND;ND;ND;ND;ND,"""128,44016""",FLOAT16,ND,N/A,0.0,0,0.0,0.0,0.0,0.0,0.0,0.0,0.0,0.0,0.0,0.0,0.0,32.482,2143808,0.017,0.001,4.849,0.149,18.605,0.573,10.433,0.321,0.0,0.000
0,4294967295,4,47,aclnnMul_MulAiCore_Mul,Mul,dynamic,AI_VECTOR_CORE,1785698096498305.923	,332.386,0.079000,40,0,NO,"""4096,4096;4096,4096""",FLOAT;FLOAT,ND;ND,"""4096,4096""",FLOAT,ND,N/A,0.0,0,0.0,0.0,0.0,0.0,0.0,0.0,0.0,0.0,0.0,0.0,0.0,330.523,21814534,6.784,0.021,3.105,0.009,328.842,0.995,112.086,0.339,0.0,0.000
0,4294967295,5,47,Concat,Concat,dynamic,AI_VECTOR_CORE,1785698096498638.329	,38.061,0.000000,40,0,NO,"""128,16;128,32;128,64;128,128;128,256;128,512;128,2048;128,8192;128,32768""",FLOAT16;FLOAT16;FLOAT16;FLOAT16;FLOAT16;FLOAT16;FLOAT16;FLOAT16;FLOAT16,ND;ND;ND;ND;ND;ND;ND;ND;ND,"""128,44016""",FLOAT16,ND,N/A,0.0,0,0.0,0.0,0.0,0.0,0.0,0.0,0.0,0.0,0.0,0.0,0.0,33.596,2217351,0.017,0.001,4.745,0.141,20.714,0.617,9.359,0.279,0.0,0.000
0,4294967295,6,47,aclnnMul_MulAiCore_Mul,Mul,dynamic,AI_VECTOR_CORE,1785698096498676.410	,332.147,0.189000,40,0,NO,"""4096,4096;4096,4096""",FLOAT;FLOAT,ND;ND,"""4096,4096""",FLOAT,ND,N/A,0.0,0,0.0,0.0,0.0,0.0,0.0,0.0,0.0,0.0,0.0,0.0,0.0,330.164,21790793,6.784,0.021,3.021,0.009,328.616,0.995,112.018,0.339,0.0,0.000
0,4294967295,7,47,Concat,Concat,dynamic,AI_VECTOR_CORE,1785698096499008.577	,36.781,0.000000,40,0,NO,"""128,16;128,32;128,64;128,128;128,256;128,512;128,2048;128,8192;128,32768""",FLOAT16;FLOAT16;FLOAT16;FLOAT16;FLOAT16;FLOAT16;FLOAT16;FLOAT16;FLOAT16,ND;ND;ND;ND;ND;ND;ND;ND;ND,"""128,44016""",FLOAT16,ND,N/A,0.0,0,0.0,0.0,0.0,0.0,0.0,0.0,0.0,0.0,0.0,0.0,0.0,31.798,2098646,0.017,0.001,4.877,0.153,19.791,0.622,8.357,0.263,0.0,0.000
0,4294967295,8,47,aclnnMul_MulAiCore_Mul,Mul,dynamic,AI_VECTOR_CORE,1785698096499045.378	,334.286,0.219000,40,0,NO,"""4096,4096;4096,4096""",FLOAT;FLOAT,ND;ND,"""4096,4096""",FLOAT,ND,N/A,0.0,0,0.0,0.0,0.0,0.0,0.0,0.0,0.0,0.0,0.0,0.0,0.0,331.485,21878016,6.784,0.02,3.06,0.009,329.905,0.995,112.876,0.341,0.0,0.000
0,4294967295,9,47,Concat,Concat,dynamic,AI_VECTOR_CORE,1785698096499379.684	,37.341,0.000000,40,0,NO,"""128,16;128,32;128,64;128,128;128,256;128,512;128,2048;128,8192;128,32768""",FLOAT16;FLOAT16;FLOAT16;FLOAT16;FLOAT16;FLOAT16;FLOAT16;FLOAT16;FLOAT16,ND;ND;ND;ND;ND;ND;ND;ND;ND,"""128,44016""",FLOAT16,ND,N/A,0.0,0,0.0,0.0,0.0,0.0,0.0,0.0,0.0,0.0,0.0,0.0,0.0,31.237,2061632,0.017,0.001,5.075,0.162,18.626,0.596,9.008,0.288,0.0,0.000
0,4294967295,10,47,aclnnMul_MulAiCore_Mul,Mul,dynamic,AI_VECTOR_CORE,1785698096499417.045	,331.327,0.000000,40,0,NO,"""4096,4096;4096,4096""",FLOAT;FLOAT,ND;ND,"""4096,4096""",FLOAT,ND,N/A,0.0,0,0.0,0.0,0.0,0.0,0.0,0.0,0.0,0.0,0.0,0.0,0.0,329.258,21731033,6.784,0.021,2.972,0.009,327.724,0.995,110.828,0.337,0.0,0.000
0,4294967295,11,47,Concat,Concat,dynamic,AI_VECTOR_CORE,1785698096499748.392	,35.920,0.173000,40,0,NO,"""128,16;128,32;128,64;128,128;128,256;128,512;128,2048;128,8192;128,32768""",FLOAT16;FLOAT16;FLOAT16;FLOAT16;FLOAT16;FLOAT16;FLOAT16;FLOAT16;FLOAT16,ND;ND;ND;ND;ND;ND;ND;ND;ND,"""128,44016""",FLOAT16,ND,N/A,0.0,0,0.0,0.0,0.0,0.0,0.0,0.0,0.0,0.0,0.0,0.0,0.0,30.561,2016994,0.017,0.001,4.982,0.163,18.447,0.604,8.537,0.279,0.0,0.000
0,4294967295,12,47,aclnnMul_MulAiCore_Mul,Mul,dynamic,AI_VECTOR_CORE,1785698096499784.352	,332.587,0.000000,40,0,NO,"""4096,4096;4096,4096""",FLOAT;FLOAT,ND;ND,"""4096,4096""",FLOAT,ND,N/A,0.0,0,0.0,0.0,0.0,0.0,0.0,0.0,0.0,0.0,0.0,0.0,0.0,330.07,21784644,6.784,0.021,3.036,0.009,328.502,0.995,110.984,0.336,0.0,0.000
0,4294967295,13,47,Concat,Concat,dynamic,AI_VECTOR_CORE,1785698096500116.979	,37.141,0.163000,40,0,NO,"""128,16;128,32;128,64;128,128;128,256;128,512;128,2048;128,8192;128,32768""",FLOAT16;FLOAT16;FLOAT16;FLOAT16;FLOAT16;FLOAT16;FLOAT16;FLOAT16;FLOAT16,ND;ND;ND;ND;ND;ND;ND;ND;ND,"""128,44016""",FLOAT16,ND,N/A,0.0,0,0.0,0.0,0.0,0.0,0.0,0.0,0.0,0.0,0.0,0.0,0.0,31.921,2106776,0.017,0.001,4.953,0.155,19.665,0.616,8.545,0.268,0.0,0.000
0,4294967295,14,47,aclnnMul_MulAiCore_Mul,Mul,dynamic,AI_VECTOR_CORE,1785698096500154.140	,330.546,0.109000,40,0,NO,"""4096,4096;4096,4096""",FLOAT;FLOAT,ND;ND,"""4096,4096""",FLOAT,ND,N/A,0.0,0,0.0,0.0,0.0,0.0,0.0,0.0,0.0,0.0,0.0,0.0,0.0,328.595,21687275,6.784,0.021,3.109,0.009,326.964,0.995,110.165,0.335,0.0,0.000
0,4294967295,15,47,Concat,Concat,dynamic,AI_VECTOR_CORE,1785698096500484.706	,36.741,0.000000,40,0,NO,"""128,16;128,32;128,64;128,128;128,256;128,512;128,2048;128,8192;128,32768""",FLOAT16;FLOAT16;FLOAT16;FLOAT16;FLOAT16;FLOAT16;FLOAT16;FLOAT16;FLOAT16,ND;ND;ND;ND;ND;ND;ND;ND;ND,"""128,44016""",FLOAT16,ND,N/A,0.0,0,0.0,0.0,0.0,0.0,0.0,0.0,0.0,0.0,0.0,0.0,0.0,31.339,2068364,0.017,0.001,4.834,0.154,19.259,0.615,8.502,0.271,0.0,0.000
0,4294967295,16,47,aclnnMul_MulAiCore_Mul,Mul,dynamic,AI_VECTOR_CORE,1785698096500521.487	,333.047,0.009000,40,0,NO,"""4096,4096;4096,4096""",FLOAT;FLOAT,ND;ND,"""4096,4096""",FLOAT,ND,N/A,0.0,0,0.0,0.0,0.0,0.0,0.0,0.0,0.0,0.0,0.0,0.0,0.0,330.807,21833289,6.784,0.021,3.027,0.009,329.204,0.995,111.251,0.336,0.0,0.000
0,4294967295,17,47,Concat,Concat,dynamic,AI_VECTOR_CORE,1785698096500854.554	,36.580,0.000000,40,0,NO,"""128,16;128,32;128,64;128,128;128,256;128,512;128,2048;128,8192;128,32768""",FLOAT16;FLOAT16;FLOAT16;FLOAT16;FLOAT16;FLOAT16;FLOAT16;FLOAT16;FLOAT16,ND;ND;ND;ND;ND;ND;ND;ND;ND,"""128,44016""",FLOAT16,ND,N/A,0.0,0,0.0,0.0,0.0,0.0,0.0,0.0,0.0,0.0,0.0,0.0,0.0,31.084,2051532,0.017,0.001,4.892,0.157,18.845,0.606,8.767,0.282,0.0,0.000
0,4294967295,18,47,aclnnMul_MulAiCore_Mul,Mul,dynamic,AI_VECTOR_CORE,1785698096500891.154	,331.107,0.170000,40,0,NO,"""4096,4096;4096,4096""",FLOAT;FLOAT,ND;ND,"""4096,4096""",FLOAT,ND,N/A,0.0,0,0.0,0.0,0.0,0.0,0.0,0.0,0.0,0.0,0.0,0.0,0.0,329.092,21720096,6.784,0.021,3.146,0.01,327.387,0.995,111.257,0.338,0.0,0.000
0,4294967295,19,47,Concat,Concat,dynamic,AI_VECTOR_CORE,1785698096501222.301	,35.681,0.000000,40,0,NO,"""128,16;128,32;128,64;128,128;128,256;128,512;128,2048;128,8192;128,32768""",FLOAT16;FLOAT16;FLOAT16;FLOAT16;FLOAT16;FLOAT16;FLOAT16;FLOAT16;FLOAT16,ND;ND;ND;ND;ND;ND;ND;ND;ND,"""128,44016""",FLOAT16,ND,N/A,0.0,0,0.0,0.0,0.0,0.0,0.0,0.0,0.0,0.0,0.0,0.0,0.0,29.954,1976988,0.017,0.001,5.255,0.175,18.396,0.614,7.881,0.263,0.0,0.000
0,4294967295,20,47,aclnnMul_MulAiCore_Mul,Mul,dynamic,AI_VECTOR_CORE,1785698096501258.002	,332.286,0.069000,40,0,NO,"""4096,4096;4096,4096""",FLOAT;FLOAT,ND;ND,"""4096,4096""",FLOAT,ND,N/A,0.0,0,0.0,0.0,0.0,0.0,0.0,0.0,0.0,0.0,0.0,0.0,0.0,330.072,21784740,6.784,0.021,3.176,0.01,328.344,0.995,111.934,0.339,0.0,0.000
0,4294967295,21,47,Concat,Concat,dynamic,AI_VECTOR_CORE,1785698096501590.308	,37.501,0.000000,40,0,NO,"""128,16;128,32;128,64;128,128;128,256;128,512;128,2048;128,8192;128,32768""",FLOAT16;FLOAT16;FLOAT16;FLOAT16;FLOAT16;FLOAT16;FLOAT16;FLOAT16;FLOAT16,ND;ND;ND;ND;ND;ND;ND;ND;ND,"""128,44016""",FLOAT16,ND,N/A,0.0,0,0.0,0.0,0.0,0.0,0.0,0.0,0.0,0.0,0.0,0.0,0.0,31.717,2093312,0.017,0.001,4.801,0.151,19.291,0.608,8.874,0.28,0.0,0.000
0,4294967295,22,47,aclnnMul_MulAiCore_Mul,Mul,dynamic,AI_VECTOR_CORE,1785698096501627.829	,331.807,0.000000,40,0,NO,"""4096,4096;4096,4096""",FLOAT;FLOAT,ND;ND,"""4096,4096""",FLOAT,ND,N/A,0.0,0,0.0,0.0,0.0,0.0,0.0,0.0,0.0,0.0,0.0,0.0,0.0,329.641,21756289,6.784,0.021,3.095,0.009,328.017,0.995,112.014,0.34,0.0,0.000
0,4294967295,23,47,Concat,Concat,dynamic,AI_VECTOR_CORE,1785698096501959.656	,37.001,0.193000,40,0,NO,"""128,16;128,32;128,64;128,128;128,256;128,512;128,2048;128,8192;128,32768""",FLOAT16;FLOAT16;FLOAT16;FLOAT16;FLOAT16;FLOAT16;FLOAT16;FLOAT16;FLOAT16,ND;ND;ND;ND;ND;ND;ND;ND;ND,"""128,44016""",FLOAT16,ND,N/A,0.0,0,0.0,0.0,0.0,0.0,0.0,0.0,0.0,0.0,0.0,0.0,0.0,31.899,2105353,0.017,0.001,4.876,0.153,19.317,0.606,8.958,0.281,0.0,0.000
0,4294967295,24,47,aclnnMul_MulAiCore_Mul,Mul,dynamic,AI_VECTOR_CORE,1785698096501996.677	,334.286,0.000000,40,0,NO,"""4096,4096;4096,4096""",FLOAT;FLOAT,ND;ND,"""4096,4096""",FLOAT,ND,N/A,0.0,0,0.0,0.0,0.0,0.0,0.0,0.0,0.0,0.0,0.0,0.0,0.0,332.034,21914273,6.784,0.02,3.012,0.009,330.447,0.995,111.657,0.336,0.0,0.000
0,4294967295,25,47,Concat,Concat,dynamic,AI_VECTOR_CORE,1785698096502330.983	,37.521,0.000000,40,0,NO,"""128,16;128,32;128,64;128,128;128,256;128,512;128,2048;128,8192;128,32768""",FLOAT16;FLOAT16;FLOAT16;FLOAT16;FLOAT16;FLOAT16;FLOAT16;FLOAT16;FLOAT16,ND;ND;ND;ND;ND;ND;ND;ND;ND,"""128,44016""",FLOAT16,ND,N/A,0.0,0,0.0,0.0,0.0,0.0,0.0,0.0,0.0,0.0,0.0,0.0,0.0,32.015,2113001,0.017,0.001,4.905,0.153,19.667,0.614,8.834,0.276,0.0,0.000
0,4294967295,26,47,aclnnMul_MulAiCore_Mul,Mul,dynamic,AI_VECTOR_CORE,1785698096502368.524	,332.607,0.000000,40,0,NO,"""4096,4096;4096,4096""",FLOAT;FLOAT,ND;ND,"""4096,4096""",FLOAT,ND,N/A,0.0,0,0.0,0.0,0.0,0.0,0.0,0.0,0.0,0.0,0.0,0.0,0.0,329.994,21779586,6.784,0.021,3.04,0.009,328.367,0.995,112.049,0.34,0.0,0.000
0,4294967295,27,47,Concat,Concat,dynamic,AI_VECTOR_CORE,1785698096502701.171	,36.400,0.143000,40,0,NO,"""128,16;128,32;128,64;128,128;128,256;128,512;128,2048;128,8192;128,32768""",FLOAT16;FLOAT16;FLOAT16;FLOAT16;FLOAT16;FLOAT16;FLOAT16;FLOAT16;FLOAT16,ND;ND;ND;ND;ND;ND;ND;ND;ND,"""128,44016""",FLOAT16,ND,N/A,0.0,0,0.0,0.0,0.0,0.0,0.0,0.0,0.0,0.0,0.0,0.0,0.0,31.117,2053753,0.017,0.001,5.119,0.165,19.343,0.622,8.251,0.265,0.0,0.000
0,4294967295,28,47,aclnnMul_MulAiCore_Mul,Mul,dynamic,AI_VECTOR_CORE,1785698096502737.611	,333.147,0.000000,40,0,NO,"""4096,4096;4096,4096""",FLOAT;FLOAT,ND;ND,"""4096,4096""",FLOAT,ND,N/A,0.0,0,0.0,0.0,0.0,0.0,0.0,0.0,0.0,0.0,0.0,0.0,0.0,331.143,21855468,6.784,0.02,2.954,0.009,329.659,0.996,111.179,0.336,0.0,0.000
0,4294967295,29,47,Concat,Concat,dynamic,AI_VECTOR_CORE,1785698096503070.778	,37.641,0.103000,40,0,NO,"""128,16;128,32;128,64;128,128;128,256;128,512;128,2048;128,8192;128,32768""",FLOAT16;FLOAT16;FLOAT16;FLOAT16;FLOAT16;FLOAT16;FLOAT16;FLOAT16;FLOAT16,ND;ND;ND;ND;ND;ND;ND;ND;ND,"""128,44016""",FLOAT16,ND,N/A,0.0,0,0.0,0.0,0.0,0.0,0.0,0.0,0.0,0.0,0.0,0.0,0.0,32.105,2118939,0.017,0.001,4.782,0.149,19.883,0.619,8.656,0.27,0.0,0.000
0,4294967295,30,47,aclnnMul_MulAiCore_Mul,Mul,dynamic,AI_VECTOR_CORE,1785698096503108.459	,332.606,0.109000,40,0,NO,"""4096,4096;4096,4096""",FLOAT;FLOAT,ND;ND,"""4096,4096""",FLOAT,ND,N/A,0.0,0,0.0,0.0,0.0,0.0,0.0,0.0,0.0,0.0,0.0,0.0,0.0,330.073,21784842,6.784,0.021,3.041,0.009,328.446,0.995,111.108,0.337,0.0,0.000
0,4294967295,31,47,Concat,Concat,dynamic,AI_VECTOR_CORE,1785698096503441.085	,38.101,0.000000,40,0,NO,"""128,16;128,32;128,64;128,128;128,256;128,512;128,2048;128,8192;128,32768""",FLOAT16;FLOAT16;FLOAT16;FLOAT16;FLOAT16;FLOAT16;FLOAT16;FLOAT16;FLOAT16,ND;ND;ND;ND;ND;ND;ND;ND;ND,"""128,44016""",FLOAT16,ND,N/A,0.0,0,0.0,0.0,0.0,0.0,0.0,0.0,0.0,0.0,0.0,0.0,0.0,32.292,2131259,0.017,0.001,4.807,0.149,19.844,0.615,8.869,0.275,0.0,0.000
0,4294967295,32,47,aclnnMul_MulAiCore_Mul,Mul,dynamic,AI_VECTOR_CORE,1785698096503479.206	,332.527,0.149000,40,0,NO,"""4096,4096;4096,4096""",FLOAT;FLOAT,ND;ND,"""4096,4096""",FLOAT,ND,N/A,0.0,0,0.0,0.0,0.0,0.0,0.0,0.0,0.0,0.0,0.0,0.0,0.0,330.627,21821383,6.784,0.021,3.02,0.009,329.024,0.995,111.94,0.339,0.0,0.000
0,4294967295,33,47,Concat,Concat,dynamic,AI_VECTOR_CORE,1785698096503811.753	,37.721,0.000000,40,0,NO,"""128,16;128,32;128,64;128,128;128,256;128,512;128,2048;128,8192;128,32768""",FLOAT16;FLOAT16;FLOAT16;FLOAT16;FLOAT16;FLOAT16;FLOAT16;FLOAT16;FLOAT16,ND;ND;ND;ND;ND;ND;ND;ND;ND,"""128,44016""",FLOAT16,ND,N/A,0.0,0,0.0,0.0,0.0,0.0,0.0,0.0,0.0,0.0,0.0,0.0,0.0,32.854,2168331,0.017,0.001,5.054,0.154,20.116,0.612,9.137,0.278,0.0,0.000
0,4294967295,34,47,aclnnMul_MulAiCore_Mul,Mul,dynamic,AI_VECTOR_CORE,1785698096503849.514	,331.306,0.029000,40,0,NO,"""4096,4096;4096,4096""",FLOAT;FLOAT,ND;ND,"""4096,4096""",FLOAT,ND,N/A,0.0,0,0.0,0.0,0.0,0.0,0.0,0.0,0.0,0.0,0.0,0.0,0.0,328.796,21700519,6.784,0.021,3.076,0.009,327.187,0.995,109.84,0.334,0.0,0.000
0,4294967295,35,47,Concat,Concat,dynamic,AI_VECTOR_CORE,1785698096504180.840	,37.581,0.000000,40,0,NO,"""128,16;128,32;128,64;128,128;128,256;128,512;128,2048;128,8192;128,32768""",FLOAT16;FLOAT16;FLOAT16;FLOAT16;FLOAT16;FLOAT16;FLOAT16;FLOAT16;FLOAT16,ND;ND;ND;ND;ND;ND;ND;ND;ND,"""128,44016""",FLOAT16,ND,N/A,0.0,0,0.0,0.0,0.0,0.0,0.0,0.0,0.0,0.0,0.0,0.0,0.0,33.188,2190414,0.017,0.001,5.208,0.157,20.168,0.608,9.416,0.284,0.0,0.000
0,4294967295,36,47,aclnnMul_MulAiCore_Mul,Mul,dynamic,AI_VECTOR_CORE,1785698096504218.441	,332.447,0.169000,40,0,NO,"""4096,4096;4096,4096""",FLOAT;FLOAT,ND;ND,"""4096,4096""",FLOAT,ND,N/A,0.0,0,0.0,0.0,0.0,0.0,0.0,0.0,0.0,0.0,0.0,0.0,0.0,330.219,21794475,6.784,0.021,3.047,0.009,328.633,0.995,112.902,0.342,0.0,0.000
0,4294967295,37,47,Concat,Concat,dynamic,AI_VECTOR_CORE,1785698096504550.908	,37.320,0.053000,40,0,NO,"""128,16;128,32;128,64;128,128;128,256;128,512;128,2048;128,8192;128,32768""",FLOAT16;FLOAT16;FLOAT16;FLOAT16;FLOAT16;FLOAT16;FLOAT16;FLOAT16;FLOAT16,ND;ND;ND;ND;ND;ND;ND;ND;ND,"""128,44016""",FLOAT16,ND,N/A,0.0,0,0.0,0.0,0.0,0.0,0.0,0.0,0.0,0.0,0.0,0.0,0.0,32.035,2114309,0.017,0.001,4.761,0.149,19.705,0.615,8.79,0.274,0.0,0.000
0,4294967295,38,47,aclnnMul_MulAiCore_Mul,Mul,dynamic,AI_VECTOR_CORE,1785698096504588.248	,333.007,0.000000,40,0,NO,"""4096,4096;4096,4096""",FLOAT;FLOAT,ND;ND,"""4096,4096""",FLOAT,ND,N/A,0.0,0,0.0,0.0,0.0,0.0,0.0,0.0,0.0,0.0,0.0,0.0,0.0,330.127,21788366,6.784,0.021,3.145,0.01,328.42,0.995,112.213,0.34,0.0,0.000
0,4294967295,39,47,Concat,Concat,dynamic,AI_VECTOR_CORE,1785698096504921.295	,36.421,0.000000,40,0,NO,"""128,16;128,32;128,64;128,128;128,256;128,512;128,2048;128,8192;128,32768""",FLOAT16;FLOAT16;FLOAT16;FLOAT16;FLOAT16;FLOAT16;FLOAT16;FLOAT16;FLOAT16,ND;ND;ND;ND;ND;ND;ND;ND;ND,"""128,44016""",FLOAT16,ND,N/A,0.0,0,0.0,0.0,0.0,0.0,0.0,0.0,0.0,0.0,0.0,0.0,0.0,31.416,2073472,0.017,0.001,4.659,0.148,19.427,0.618,8.547,0.272,0.0,0.000
0,4294967295,40,47,aclnnMul_MulAiCore_Mul,Mul,dynamic,AI_VECTOR_CORE,1785698096504957.756	,332.986,0.079000,40,0,NO,"""4096,4096;4096,4096""",FLOAT;FLOAT,ND;ND,"""4096,4096""",FLOAT,ND,N/A,0.0,0,0.0,0.0,0.0,0.0,0.0,0.0,0.0,0.0,0.0,0.0,0.0,330.592,21819083,6.784,0.021,2.952,0.009,329.08,0.995,111.188,0.336,0.0,0.000
0,4294967295,41,47,Concat,Concat,dynamic,AI_VECTOR_CORE,1785698096505290.762	,37.601,0.014000,40,0,NO,"""128,16;128,32;128,64;128,128;128,256;128,512;128,2048;128,8192;128,32768""",FLOAT16;FLOAT16;FLOAT16;FLOAT16;FLOAT16;FLOAT16;FLOAT16;FLOAT16;FLOAT16,ND;ND;ND;ND;ND;ND;ND;ND;ND,"""128,44016""",FLOAT16,ND,N/A,0.0,0,0.0,0.0,0.0,0.0,0.0,0.0,0.0,0.0,0.0,0.0,0.0,32.34,2134460,0.017,0.001,5.15,0.159,19.555,0.605,9.175,0.284,0.0,0.000
0,4294967295,42,47,aclnnMul_MulAiCore_Mul,Mul,dynamic,AI_VECTOR_CORE,1785698096505328.403	,331.687,0.149000,40,0,NO,"""4096,4096;4096,4096""",FLOAT;FLOAT,ND;ND,"""4096,4096""",FLOAT,ND,N/A,0.0,0,0.0,0.0,0.0,0.0,0.0,0.0,0.0,0.0,0.0,0.0,0.0,329.64,21756269,6.784,0.021,3.045,0.009,328.004,0.995,111.709,0.339,0.0,0.000
0,4294967295,43,47,Concat,Concat,dynamic,AI_VECTOR_CORE,1785698096505660.110	,37.021,0.000000,40,0,NO,"""128,16;128,32;128,64;128,128;128,256;128,512;128,2048;128,8192;128,32768""",FLOAT16;FLOAT16;FLOAT16;FLOAT16;FLOAT16;FLOAT16;FLOAT16;FLOAT16;FLOAT16,ND;ND;ND;ND;ND;ND;ND;ND;ND,"""128,44016""",FLOAT16,ND,N/A,0.0,0,0.0,0.0,0.0,0.0,0.0,0.0,0.0,0.0,0.0,0.0,0.0,31.595,2085268,0.017,0.001,5.43,0.172,19.456,0.616,8.25,0.261,0.0,0.000
0,4294967295,44,47,aclnnMul_MulAiCore_Mul,Mul,dynamic,AI_VECTOR_CORE,1785698096505697.151	,332.926,0.229000,40,0,NO,"""4096,4096;4096,4096""",FLOAT;FLOAT,ND;ND,"""4096,4096""",FLOAT,ND,N/A,0.0,0,0.0,0.0,0.0,0.0,0.0,0.0,0.0,0.0,0.0,0.0,0.0,330.625,21821263,6.784,0.021,2.946,0.009,329.135,0.995,111.58,0.337,0.0,0.000
0,4294967295,45,47,Concat,Concat,dynamic,AI_VECTOR_CORE,1785698096506030.097	,37.121,0.000000,40,0,NO,"""128,16;128,32;128,64;128,128;128,256;128,512;128,2048;128,8192;128,32768""",FLOAT16;FLOAT16;FLOAT16;FLOAT16;FLOAT16;FLOAT16;FLOAT16;FLOAT16;FLOAT16,ND;ND;ND;ND;ND;ND;ND;ND;ND,"""128,44016""",FLOAT16,ND,N/A,0.0,0,0.0,0.0,0.0,0.0,0.0,0.0,0.0,0.0,0.0,0.0,0.0,31.905,2105740,0.017,0.001,4.967,0.156,19.594,0.614,8.622,0.27,0.0,0.000
0,4294967295,46,47,aclnnMul_MulAiCore_Mul,Mul,dynamic,AI_VECTOR_CORE,1785698096506067.238	,331.027,0.129000,40,0,NO,"""4096,4096;4096,4096""",FLOAT;FLOAT,ND;ND,"""4096,4096""",FLOAT,ND,N/A,0.0,0,0.0,0.0,0.0,0.0,0.0,0.0,0.0,0.0,0.0,0.0,0.0,328.641,21690302,6.784,0.021,3.034,0.009,327.111,0.995,111.439,0.339,0.0,0.000
0,4294967295,47,47,Concat,Concat,dynamic,AI_VECTOR_CORE,1785698096506398.305	,36.060,0.000000,40,0,NO,"""128,16;128,32;128,64;128,128;128,256;128,512;128,2048;128,8192;128,32768""",FLOAT16;FLOAT16;FLOAT16;FLOAT16;FLOAT16;FLOAT16;FLOAT16;FLOAT16;FLOAT16,ND;ND;ND;ND;ND;ND;ND;ND;ND,"""128,44016""",FLOAT16,ND,N/A,0.0,0,0.0,0.0,0.0,0.0,0.0,0.0,0.0,0.0,0.0,0.0,0.0,30.277,1998277,0.017,0.001,5.003,0.165,18.576,0.614,7.981,0.264,0.0,0.000
0,4294967295,48,47,aclnnMul_MulAiCore_Mul,Mul,dynamic,AI_VECTOR_CORE,1785698096506434.405	,333.767,0.190000,40,0,NO,"""4096,4096;4096,4096""",FLOAT;FLOAT,ND;ND,"""4096,4096""",FLOAT,ND,N/A,0.0,0,0.0,0.0,0.0,0.0,0.0,0.0,0.0,0.0,0.0,0.0,0.0,330.676,21824625,6.784,0.021,3.109,0.009,328.957,0.995,112.89,0.341,0.0,0.000
0,4294967295,49,47,Concat,Concat,dynamic,AI_VECTOR_CORE,1785698096506768.192	,37.241,0.000000,40,0,NO,"""128,16;128,32;128,64;128,128;128,256;128,512;128,2048;128,8192;128,32768""",FLOAT16;FLOAT16;FLOAT16;FLOAT16;FLOAT16;FLOAT16;FLOAT16;FLOAT16;FLOAT16,ND;ND;ND;ND;ND;ND;ND;ND;ND,"""128,44016""",FLOAT16,ND,N/A,0.0,0,0.0,0.0,0.0,0.0,0.0,0.0,0.0,0.0,0.0,0.0,0.0,31.555,2082601,0.017,0.001,4.865,0.154,19.235,0.61,8.784,0.278,0.0,0.000
0,4294967295,50,47,aclnnMul_MulAiCore_Mul,Mul,dynamic,AI_VECTOR_CORE,1785698096506805.453	,333.686,0.009000,40,0,NO,"""4096,4096;4096,4096""",FLOAT;FLOAT,ND;ND,"""4096,4096""",FLOAT,ND,N/A,0.0,0,0.0,0.0,0.0,0.0,0.0,0.0,0.0,0.0,0.0,0.0,0.0,330.998,21845861,6.784,0.02,3.0,0.009,329.406,0.995,113.656,0.343,0.0,0.000
0,4294967295,51,47,Concat,Concat,dynamic,AI_VECTOR_CORE,1785698096507139.179	,36.501,0.064000,40,0,NO,"""128,16;128,32;128,64;128,128;128,256;128,512;128,2048;128,8192;128,32768""",FLOAT16;FLOAT16;FLOAT16;FLOAT16;FLOAT16;FLOAT16;FLOAT16;FLOAT16;FLOAT16,ND;ND;ND;ND;ND;ND;ND;ND;ND,"""128,44016""",FLOAT16,ND,N/A,0.0,0,0.0,0.0,0.0,0.0,0.0,0.0,0.0,0.0,0.0,0.0,0.0,31.254,2062746,0.017,0.001,5.553,0.178,19.143,0.613,8.351,0.267,0.0,0.000
0,4294967295,52,47,aclnnMul_MulAiCore_Mul,Mul,dynamic,AI_VECTOR_CORE,1785698096507175.700	,332.307,0.000000,40,0,NO,"""4096,4096;4096,4096""",FLOAT;FLOAT,ND;ND,"""4096,4096""",FLOAT,ND,N/A,0.0,0,0.0,0.0,0.0,0.0,0.0,0.0,0.0,0.0,0.0,0.0,0.0,330.41,21807029,6.784,0.021,3.137,0.009,328.724,0.995,110.428,0.334,0.0,0.000
0,4294967295,53,47,Concat,Concat,dynamic,AI_VECTOR_CORE,1785698096507508.047	,36.340,0.000000,40,0,NO,"""128,16;128,32;128,64;128,128;128,256;128,512;128,2048;128,8192;128,32768""",FLOAT16;FLOAT16;FLOAT16;FLOAT16;FLOAT16;FLOAT16;FLOAT16;FLOAT16;FLOAT16,ND;ND;ND;ND;ND;ND;ND;ND;ND,"""128,44016""",FLOAT16,ND,N/A,0.0,0,0.0,0.0,0.0,0.0,0.0,0.0,0.0,0.0,0.0,0.0,0.0,30.612,2020375,0.017,0.001,6.832,0.223,16.925,0.553,8.196,0.268,0.0,0.000
0,4294967295,54,47,aclnnMul_MulAiCore_Mul,Mul,dynamic,AI_VECTOR_CORE,1785698096507544.407	,333.207,0.160000,40,0,NO,"""4096,4096;4096,4096""",FLOAT;FLOAT,ND;ND,"""4096,4096""",FLOAT,ND,N/A,0.0,0,0.0,0.0,0.0,0.0,0.0,0.0,0.0,0.0,0.0,0.0,0.0,330.329,21801706,6.784,0.021,3.028,0.009,328.741,0.995,112.576,0.341,0.0,0.000
0,4294967295,55,47,Concat,Concat,dynamic,AI_VECTOR_CORE,1785698096507877.634	,36.001,0.043000,40,0,NO,"""128,16;128,32;128,64;128,128;128,256;128,512;128,2048;128,8192;128,32768""",FLOAT16;FLOAT16;FLOAT16;FLOAT16;FLOAT16;FLOAT16;FLOAT16;FLOAT16;FLOAT16,ND;ND;ND;ND;ND;ND;ND;ND;ND,"""128,44016""",FLOAT16,ND,N/A,0.0,0,0.0,0.0,0.0,0.0,0.0,0.0,0.0,0.0,0.0,0.0,0.0,30.804,2033091,0.017,0.001,4.858,0.158,18.483,0.6,8.745,0.284,0.0,0.000
0,4294967295,56,47,aclnnMul_MulAiCore_Mul,Mul,dynamic,AI_VECTOR_CORE,1785698096507913.655	,332.546,0.000000,40,0,NO,"""4096,4096;4096,4096""",FLOAT;FLOAT,ND;ND,"""4096,4096""",FLOAT,ND,N/A,0.0,0,0.0,0.0,0.0,0.0,0.0,0.0,0.0,0.0,0.0,0.0,0.0,330.506,21813365,6.784,0.021,3.025,0.009,328.925,0.995,112.012,0.339,0.0,0.000
0,4294967295,57,47,Concat,Concat,dynamic,AI_VECTOR_CORE,1785698096508246.221	,38.021,0.000000,40,0,NO,"""128,16;128,32;128,64;128,128;128,256;128,512;128,2048;128,8192;128,32768""",FLOAT16;FLOAT16;FLOAT16;FLOAT16;FLOAT16;FLOAT16;FLOAT16;FLOAT16;FLOAT16,ND;ND;ND;ND;ND;ND;ND;ND;ND,"""128,44016""",FLOAT16,ND,N/A,0.0,0,0.0,0.0,0.0,0.0,0.0,0.0,0.0,0.0,0.0,0.0,0.0,32.598,2151459,0.017,0.001,4.814,0.148,19.954,0.612,9.118,0.28,0.0,0.000
0,4294967295,58,47,aclnnMul_MulAiCore_Mul,Mul,dynamic,AI_VECTOR_CORE,1785698096508284.262	,332.027,0.000000,40,0,NO,"""4096,4096;4096,4096""",FLOAT;FLOAT,ND;ND,"""4096,4096""",FLOAT,ND,N/A,0.0,0,0.0,0.0,0.0,0.0,0.0,0.0,0.0,0.0,0.0,0.0,0.0,330.014,21780942,6.784,0.021,2.925,0.009,328.504,0.995,113.03,0.342,0.0,0.000
0,4294967295,59,47,Concat,Concat,dynamic,AI_VECTOR_CORE,1785698096508616.309	,36.941,0.000000,40,0,NO,"""128,16;128,32;128,64;128,128;128,256;128,512;128,2048;128,8192;128,32768""",FLOAT16;FLOAT16;FLOAT16;FLOAT16;FLOAT16;FLOAT16;FLOAT16;FLOAT16;FLOAT16,ND;ND;ND;ND;ND;ND;ND;ND;ND,"""128,44016""",FLOAT16,ND,N/A,0.0,0,0.0,0.0,0.0,0.0,0.0,0.0,0.0,0.0,0.0,0.0,0.0,31.654,2089141,0.017,0.001,5.593,0.177,19.523,0.617,8.381,0.265,0.0,0.000
0,4294967295,60,47,aclnnMul_MulAiCore_Mul,Mul,dynamic,AI_VECTOR_CORE,1785698096508653.270	,333.446,0.059000,40,0,NO,"""4096,4096;4096,4096""",FLOAT;FLOAT,ND;ND,"""4096,4096""",FLOAT,ND,N/A,0.0,0,0.0,0.0,0.0,0.0,0.0,0.0,0.0,0.0,0.0,0.0,0.0,331.448,21875553,6.784,0.02,3.034,0.009,329.886,0.995,112.409,0.339,0.0,0.000
0,4294967295,61,47,Concat,Concat,dynamic,AI_VECTOR_CORE,1785698096508986.736	,37.141,0.054000,40,0,NO,"""128,16;128,32;128,64;128,128;128,256;128,512;128,2048;128,8192;128,32768""",FLOAT16;FLOAT16;FLOAT16;FLOAT16;FLOAT16;FLOAT16;FLOAT16;FLOAT16;FLOAT16,ND;ND;ND;ND;ND;ND;ND;ND;ND,"""128,44016""",FLOAT16,ND,N/A,0.0,0,0.0,0.0,0.0,0.0,0.0,0.0,0.0,0.0,0.0,0.0,0.0,31.803,2098990,0.017,0.001,4.64,0.146,19.482,0.613,8.906,0.28,0.0,0.000
0,4294967295,62,47,aclnnMul_MulAiCore_Mul,Mul,dynamic,AI_VECTOR_CORE,1785698096509023.897	,332.447,0.109000,40,0,NO,"""4096,4096;4096,4096""",FLOAT;FLOAT,ND;ND,"""4096,4096""",FLOAT,ND,N/A,0.0,0,0.0,0.0,0.0,0.0,0.0,0.0,0.0,0.0,0.0,0.0,0.0,329.909,21773981,6.784,0.021,2.935,0.009,328.452,0.996,111.205,0.337,0.0,0.000
0,4294967295,63,47,Concat,Concat,dynamic,AI_VECTOR_CORE,1785698096509356.364	,37.960,0.000000,40,0,NO,"""128,16;128,32;128,64;128,128;128,256;128,512;128,2048;128,8192;128,32768""",FLOAT16;FLOAT16;FLOAT16;FLOAT16;FLOAT16;FLOAT16;FLOAT16;FLOAT16;FLOAT16,ND;ND;ND;ND;ND;ND;ND;ND;ND,"""128,44016""",FLOAT16,ND,N/A,0.0,0,0.0,0.0,0.0,0.0,0.0,0.0,0.0,0.0,0.0,0.0,0.0,33.281,2196575,0.017,0.001,4.624,0.139,17.428,0.524,12.451,0.374,0.0,0.000
0,4294967295,64,47,aclnnMul_MulAiCore_Mul,Mul,dynamic,AI_VECTOR_CORE,1785698096509394.344	,334.487,0.040000,40,0,NO,"""4096,4096;4096,4096""",FLOAT;FLOAT,ND;ND,"""4096,4096""",FLOAT,ND,N/A,0.0,0,0.0,0.0,0.0,0.0,0.0,0.0,0.0,0.0,0.0,0.0,0.0,332.682,21957017,6.784,0.02,3.075,0.009,331.081,0.995,112.701,0.339,0.0,0.000
0,4294967295,65,47,Concat,Concat,dynamic,AI_VECTOR_CORE,1785698096509728.851	,37.341,0.013000,40,0,NO,"""128,16;128,32;128,64;128,128;128,256;128,512;128,2048;128,8192;128,32768""",FLOAT16;FLOAT16;FLOAT16;FLOAT16;FLOAT16;FLOAT16;FLOAT16;FLOAT16;FLOAT16,ND;ND;ND;ND;ND;ND;ND;ND;ND,"""128,44016""",FLOAT16,ND,N/A,0.0,0,0.0,0.0,0.0,0.0,0.0,0.0,0.0,0.0,0.0,0.0,0.0,32.533,2147203,0.017,0.001,5.074,0.156,19.94,0.613,9.08,0.279,0.0,0.000
0,4294967295,66,47,aclnnMul_MulAiCore_Mul,Mul,dynamic,AI_VECTOR_CORE,1785698096509766.212	,332.106,0.159000,40,0,NO,"""4096,4096;4096,4096""",FLOAT;FLOAT,ND;ND,"""4096,4096""",FLOAT,ND,N/A,0.0,0,0.0,0.0,0.0,0.0,0.0,0.0,0.0,0.0,0.0,0.0,0.0,330.078,21785173,6.784,0.021,2.943,0.009,328.58,0.995,112.392,0.34,0.0,0.000
0,4294967295,67,47,Concat,Concat,dynamic,AI_VECTOR_CORE,1785698096510098.338	,36.721,0.000000,40,0,NO,"""128,16;128,32;128,64;128,128;128,256;128,512;128,2048;128,8192;128,32768""",FLOAT16;FLOAT16;FLOAT16;FLOAT16;FLOAT16;FLOAT16;FLOAT16;FLOAT16;FLOAT16,ND;ND;ND;ND;ND;ND;ND;ND;ND,"""128,44016""",FLOAT16,ND,N/A,0.0,0,0.0,0.0,0.0,0.0,0.0,0.0,0.0,0.0,0.0,0.0,0.0,32.057,2115776,0.017,0.001,4.962,0.155,19.425,0.606,9.115,0.284,0.0,0.000
0,4294967295,68,47,aclnnMul_MulAiCore_Mul,Mul,dynamic,AI_VECTOR_CORE,1785698096510135.079	,332.627,0.029000,40,0,NO,"""4096,4096;4096,4096""",FLOAT;FLOAT,ND;ND,"""4096,4096""",FLOAT,ND,N/A,0.0,0,0.0,0.0,0.0,0.0,0.0,0.0,0.0,0.0,0.0,0.0,0.0,330.118,21787785,6.784,0.021,3.067,0.009,328.543,0.995,111.181,0.337,0.0,0.000
0,4294967295,69,47,Concat,Concat,dynamic,AI_VECTOR_CORE,1785698096510467.726	,37.441,0.123000,40,0,NO,"""128,16;128,32;128,64;128,128;128,256;128,512;128,2048;128,8192;128,32768""",FLOAT16;FLOAT16;FLOAT16;FLOAT16;FLOAT16;FLOAT16;FLOAT16;FLOAT16;FLOAT16,ND;ND;ND;ND;ND;ND;ND;ND;ND,"""128,44016""",FLOAT16,ND,N/A,0.0,0,0.0,0.0,0.0,0.0,0.0,0.0,0.0,0.0,0.0,0.0,0.0,32.796,2164554,0.017,0.001,5.079,0.155,19.727,0.602,9.56,0.291,0.0,0.000
0,4294967295,70,47,aclnnMul_MulAiCore_Mul,Mul,dynamic,AI_VECTOR_CORE,1785698096510505.187	,331.266,0.059000,40,0,NO,"""4096,4096;4096,4096""",FLOAT;FLOAT,ND;ND,"""4096,4096""",FLOAT,ND,N/A,0.0,0,0.0,0.0,0.0,0.0,0.0,0.0,0.0,0.0,0.0,0.0,0.0,329.291,21733228,6.784,0.021,2.971,0.009,327.778,0.995,111.379,0.338,0.0,0.000
0,4294967295,71,47,Concat,Concat,dynamic,AI_VECTOR_CORE,1785698096510836.473	,36.941,0.000000,40,0,NO,"""128,16;128,32;128,64;128,128;128,256;128,512;128,2048;128,8192;128,32768""",FLOAT16;FLOAT16;FLOAT16;FLOAT16;FLOAT16;FLOAT16;FLOAT16;FLOAT16;FLOAT16,ND;ND;ND;ND;ND;ND;ND;ND;ND,"""128,44016""",FLOAT16,ND,N/A,0.0,0,0.0,0.0,0.0,0.0,0.0,0.0,0.0,0.0,0.0,0.0,0.0,31.929,2107342,0.017,0.001,4.852,0.152,19.295,0.604,9.187,0.288,0.0,0.000
0,4294967295,72,47,aclnnMul_MulAiCore_Mul,Mul,dynamic,AI_VECTOR_CORE,1785698096510873.434	,332.927,0.059000,40,0,NO,"""4096,4096;4096,4096""",FLOAT;FLOAT,ND;ND,"""4096,4096""",FLOAT,ND,N/A,0.0,0,0.0,0.0,0.0,0.0,0.0,0.0,0.0,0.0,0.0,0.0,0.0,330.979,21844633,6.784,0.02,3.168,0.01,329.299,0.995,112.2,0.339,0.0,0.000
0,4294967295,73,47,Concat,Concat,dynamic,AI_VECTOR_CORE,1785698096511206.381	,38.140,0.073000,40,0,NO,"""128,16;128,32;128,64;128,128;128,256;128,512;128,2048;128,8192;128,32768""",FLOAT16;FLOAT16;FLOAT16;FLOAT16;FLOAT16;FLOAT16;FLOAT16;FLOAT16;FLOAT16,ND;ND;ND;ND;ND;ND;ND;ND;ND,"""128,44016""",FLOAT16,ND,N/A,0.0,0,0.0,0.0,0.0,0.0,0.0,0.0,0.0,0.0,0.0,0.0,0.0,32.675,2156577,0.017,0.001,4.894,0.15,20.063,0.614,8.948,0.274,0.0,0.000
0,4294967295,74,47,aclnnMul_MulAiCore_Mul,Mul,dynamic,AI_VECTOR_CORE,1785698096511244.561	,330.967,0.000000,40,0,NO,"""4096,4096;4096,4096""",FLOAT;FLOAT,ND;ND,"""4096,4096""",FLOAT,ND,N/A,0.0,0,0.0,0.0,0.0,0.0,0.0,0.0,0.0,0.0,0.0,0.0,0.0,328.736,21696569,6.784,0.021,3.038,0.009,327.103,0.995,111.096,0.338,0.0,0.000
0,4294967295,75,47,Concat,Concat,dynamic,AI_VECTOR_CORE,1785698096511575.568	,37.061,0.033000,40,0,NO,"""128,16;128,32;128,64;128,128;128,256;128,512;128,2048;128,8192;128,32768""",FLOAT16;FLOAT16;FLOAT16;FLOAT16;FLOAT16;FLOAT16;FLOAT16;FLOAT16;FLOAT16,ND;ND;ND;ND;ND;ND;ND;ND;ND,"""128,44016""",FLOAT16,ND,N/A,0.0,0,0.0,0.0,0.0,0.0,0.0,0.0,0.0,0.0,0.0,0.0,0.0,31.423,2073925,0.017,0.001,4.832,0.154,19.328,0.615,8.489,0.27,0.0,0.000
0,4294967295,76,47,aclnnMul_MulAiCore_Mul,Mul,dynamic,AI_VECTOR_CORE,1785698096511612.649	,332.306,0.189000,40,0,NO,"""4096,4096;4096,4096""",FLOAT;FLOAT,ND;ND,"""4096,4096""",FLOAT,ND,N/A,0.0,0,0.0,0.0,0.0,0.0,0.0,0.0,0.0,0.0,0.0,0.0,0.0,330.433,21808585,6.784,0.021,3.132,0.009,328.781,0.995,111.06,0.336,0.0,0.000
0,4294967295,77,47,Concat,Concat,dynamic,AI_VECTOR_CORE,1785698096511944.975	,37.061,0.000000,40,0,NO,"""128,16;128,32;128,64;128,128;128,256;128,512;128,2048;128,8192;128,32768""",FLOAT16;FLOAT16;FLOAT16;FLOAT16;FLOAT16;FLOAT16;FLOAT16;FLOAT16;FLOAT16,ND;ND;ND;ND;ND;ND;ND;ND;ND,"""128,44016""",FLOAT16,ND,N/A,0.0,0,0.0,0.0,0.0,0.0,0.0,0.0,0.0,0.0,0.0,0.0,0.0,31.765,2096501,0.017,0.001,5.118,0.161,19.248,0.606,8.982,0.283,0.0,0.000
0,4294967295,78,47,aclnnMul_MulAiCore_Mul,Mul,dynamic,AI_VECTOR_CORE,1785698096511982.056	,330.747,0.000000,40,0,NO,"""4096,4096;4096,4096""",FLOAT;FLOAT,ND;ND,"""4096,4096""",FLOAT,ND,N/A,0.0,0,0.0,0.0,0.0,0.0,0.0,0.0,0.0,0.0,0.0,0.0,0.0,328.833,21702955,6.784,0.021,3.012,0.009,327.28,0.995,111.195,0.338,0.0,0.000
0,4294967295,79,47,Concat,Concat,dynamic,AI_VECTOR_CORE,1785698096512312.823	,37.460,0.003000,40,0,NO,"""128,16;128,32;128,64;128,128;128,256;128,512;128,2048;128,8192;128,32768""",FLOAT16;FLOAT16;FLOAT16;FLOAT16;FLOAT16;FLOAT16;FLOAT16;FLOAT16;FLOAT16,ND;ND;ND;ND;ND;ND;ND;ND;ND,"""128,44016""",FLOAT16,ND,N/A,0.0,0,0.0,0.0,0.0,0.0,0.0,0.0,0.0,0.0,0.0,0.0,0.0,32.32,2133114,0.017,0.001,4.835,0.15,20.019,0.619,8.694,0.269,0.0,0.000
0,4294967295,80,47,aclnnMul_MulAiCore_Mul,Mul,dynamic,AI_VECTOR_CORE,1785698096512350.303	,332.047,0.040000,40,0,NO,"""4096,4096;4096,4096""",FLOAT;FLOAT,ND;ND,"""4096,4096""",FLOAT,ND,N/A,0.0,0,0.0,0.0,0.0,0.0,0.0,0.0,0.0,0.0,0.0,0.0,0.0,329.7,21760170,6.784,0.021,2.92,0.009,328.235,0.996,111.107,0.337,0.0,0.000
0,4294967295,81,47,Concat,Concat,dynamic,AI_VECTOR_CORE,1785698096512682.370	,37.821,0.000000,40,0,NO,"""128,16;128,32;128,64;128,128;128,256;128,512;128,2048;128,8192;128,32768""",FLOAT16;FLOAT16;FLOAT16;FLOAT16;FLOAT16;FLOAT16;FLOAT16;FLOAT16;FLOAT16,ND;ND;ND;ND;ND;ND;ND;ND;ND,"""128,44016""",FLOAT16,ND,N/A,0.0,0,0.0,0.0,0.0,0.0,0.0,0.0,0.0,0.0,0.0,0.0,0.0,32.482,2143815,0.017,0.001,4.803,0.148,20.078,0.618,8.82,0.272,0.0,0.000
0,4294967295,82,47,aclnnMul_MulAiCore_Mul,Mul,dynamic,AI_VECTOR_CORE,1785698096512720.211	,332.626,0.179000,40,0,NO,"""4096,4096;4096,4096""",FLOAT;FLOAT,ND;ND,"""4096,4096""",FLOAT,ND,N/A,0.0,0,0.0,0.0,0.0,0.0,0.0,0.0,0.0,0.0,0.0,0.0,0.0,330.055,21783609,6.784,0.021,3.042,0.009,328.378,0.995,112.002,0.339,0.0,0.000
0,4294967295,83,47,Concat,Concat,dynamic,AI_VECTOR_CORE,1785698096513052.857	,35.941,0.000000,40,0,NO,"""128,16;128,32;128,64;128,128;128,256;128,512;128,2048;128,8192;128,32768""",FLOAT16;FLOAT16;FLOAT16;FLOAT16;FLOAT16;FLOAT16;FLOAT16;FLOAT16;FLOAT16,ND;ND;ND;ND;ND;ND;ND;ND;ND,"""128,44016""",FLOAT16,ND,N/A,0.0,0,0.0,0.0,0.0,0.0,0.0,0.0,0.0,0.0,0.0,0.0,0.0,30.796,2032557,0.017,0.001,5.063,0.164,18.827,0.611,8.467,0.275,0.0,0.000
0,4294967295,84,47,aclnnMul_MulAiCore_Mul,Mul,dynamic,AI_VECTOR_CORE,1785698096513088.818	,333.107,0.059000,40,0,NO,"""4096,4096;4096,4096""",FLOAT;FLOAT,ND;ND,"""4096,4096""",FLOAT,ND,N/A,0.0,0,0.0,0.0,0.0,0.0,0.0,0.0,0.0,0.0,0.0,0.0,0.0,331.139,21855206,6.784,0.02,3.3,0.01,329.281,0.994,112.741,0.34,0.0,0.000
0,4294967295,85,47,Concat,Concat,dynamic,AI_VECTOR_CORE,1785698096513421.945	,37.221,0.143000,40,0,NO,"""128,16;128,32;128,64;128,128;128,256;128,512;128,2048;128,8192;128,32768""",FLOAT16;FLOAT16;FLOAT16;FLOAT16;FLOAT16;FLOAT16;FLOAT16;FLOAT16;FLOAT16,ND;ND;ND;ND;ND;ND;ND;ND;ND,"""128,44016""",FLOAT16,ND,N/A,0.0,0,0.0,0.0,0.0,0.0,0.0,0.0,0.0,0.0,0.0,0.0,0.0,31.743,2095028,0.017,0.001,4.942,0.156,19.233,0.606,8.973,0.283,0.0,0.000
0,4294967295,86,47,aclnnMul_MulAiCore_Mul,Mul,dynamic,AI_VECTOR_CORE,1785698096513459.186	,331.886,0.029000,40,0,NO,"""4096,4096;4096,4096""",FLOAT;FLOAT,ND;ND,"""4096,4096""",FLOAT,ND,N/A,0.0,0,0.0,0.0,0.0,0.0,0.0,0.0,0.0,0.0,0.0,0.0,0.0,329.699,21760105,6.784,0.021,3.051,0.009,328.098,0.995,112.121,0.34,0.0,0.000
0,4294967295,87,47,Concat,Concat,dynamic,AI_VECTOR_CORE,1785698096513791.112	,36.741,0.000000,40,0,NO,"""128,16;128,32;128,64;128,128;128,256;128,512;128,2048;128,8192;128,32768""",FLOAT16;FLOAT16;FLOAT16;FLOAT16;FLOAT16;FLOAT16;FLOAT16;FLOAT16;FLOAT16,ND;ND;ND;ND;ND;ND;ND;ND;ND,"""128,44016""",FLOAT16,ND,N/A,0.0,0,0.0,0.0,0.0,0.0,0.0,0.0,0.0,0.0,0.0,0.0,0.0,31.277,2064292,0.017,0.001,5.138,0.164,19.045,0.609,8.355,0.267,0.0,0.000
0,4294967295,88,47,aclnnMul_MulAiCore_Mul,Mul,dynamic,AI_VECTOR_CORE,1785698096513827.873	,332.547,0.009000,40,0,NO,"""4096,4096;4096,4096""",FLOAT;FLOAT,ND;ND,"""4096,4096""",FLOAT,ND,N/A,0.0,0,0.0,0.0,0.0,0.0,0.0,0.0,0.0,0.0,0.0,0.0,0.0,330.408,21806901,6.784,0.021,3.041,0.009,328.851,0.995,111.646,0.338,0.0,0.000
0,4294967295,89,47,Concat,Concat,dynamic,AI_VECTOR_CORE,1785698096514160.440	,36.980,0.203000,40,0,NO,"""128,16;128,32;128,64;128,128;128,256;128,512;128,2048;128,8192;128,32768""",FLOAT16;FLOAT16;FLOAT16;FLOAT16;FLOAT16;FLOAT16;FLOAT16;FLOAT16;FLOAT16,ND;ND;ND;ND;ND;ND;ND;ND;ND,"""128,44016""",FLOAT16,ND,N/A,0.0,0,0.0,0.0,0.0,0.0,0.0,0.0,0.0,0.0,0.0,0.0,0.0,31.691,2091628,0.017,0.001,4.836,0.153,19.391,0.612,8.7,0.275,0.0,0.000
0,4294967295,90,47,aclnnMul_MulAiCore_Mul,Mul,dynamic,AI_VECTOR_CORE,1785698096514197.440	,331.747,0.020000,40,0,NO,"""4096,4096;4096,4096""",FLOAT;FLOAT,ND;ND,"""4096,4096""",FLOAT,ND,N/A,0.0,0,0.0,0.0,0.0,0.0,0.0,0.0,0.0,0.0,0.0,0.0,0.0,329.904,21773692,6.784,0.021,3.13,0.009,328.221,0.995,112.384,0.341,0.0,0.000
0,4294967295,91,47,Concat,Concat,dynamic,AI_VECTOR_CORE,1785698096514529.227	,36.261,0.003000,40,0,NO,"""128,16;128,32;128,64;128,128;128,256;128,512;128,2048;128,8192;128,32768""",FLOAT16;FLOAT16;FLOAT16;FLOAT16;FLOAT16;FLOAT16;FLOAT16;FLOAT16;FLOAT16,ND;ND;ND;ND;ND;ND;ND;ND;ND,"""128,44016""",FLOAT16,ND,N/A,0.0,0,0.0,0.0,0.0,0.0,0.0,0.0,0.0,0.0,0.0,0.0,0.0,30.824,2034368,0.017,0.001,5.036,0.163,18.768,0.609,8.417,0.273,0.0,0.000
0,4294967295,92,47,aclnnMul_MulAiCore_Mul,Mul,dynamic,AI_VECTOR_CORE,1785698096514565.528	,332.206,0.000000,40,0,NO,"""4096,4096;4096,4096""",FLOAT;FLOAT,ND;ND,"""4096,4096""",FLOAT,ND,N/A,0.0,0,0.0,0.0,0.0,0.0,0.0,0.0,0.0,0.0,0.0,0.0,0.0,330.427,21808194,6.784,0.021,2.986,0.009,328.921,0.995,110.507,0.334,0.0,0.000
0,4294967295,93,47,Concat,Concat,dynamic,AI_VECTOR_CORE,1785698096514897.754	,36.561,0.044000,40,0,NO,"""128,16;128,32;128,64;128,128;128,256;128,512;128,2048;128,8192;128,32768""",FLOAT16;FLOAT16;FLOAT16;FLOAT16;FLOAT16;FLOAT16;FLOAT16;FLOAT16;FLOAT16,ND;ND;ND;ND;ND;ND;ND;ND;ND,"""128,44016""",FLOAT16,ND,N/A,0.0,0,0.0,0.0,0.0,0.0,0.0,0.0,0.0,0.0,0.0,0.0,0.0,30.995,2045696,0.017,0.001,5.23,0.169,18.939,0.611,8.407,0.271,0.0,0.000
0,4294967295,94,47,aclnnMul_MulAiCore_Mul,Mul,dynamic,AI_VECTOR_CORE,1785698096514934.335	,331.407,0.000000,40,0,NO,"""4096,4096;4096,4096""",FLOAT;FLOAT,ND;ND,"""4096,4096""",FLOAT,ND,N/A,0.0,0,0.0,0.0,0.0,0.0,0.0,0.0,0.0,0.0,0.0,0.0,0.0,329.007,21714452,6.784,0.021,3.077,0.009,327.378,0.995,111.853,0.34,0.0,0.000
0,4294967295,95,47,Concat,Concat,dynamic,AI_VECTOR_CORE,1785698096515265.782	,36.500,0.093000,40,0,NO,"""128,16;128,32;128,64;128,128;128,256;128,512;128,2048;128,8192;128,32768""",FLOAT16;FLOAT16;FLOAT16;FLOAT16;FLOAT16;FLOAT16;FLOAT16;FLOAT16;FLOAT16,ND;ND;ND;ND;ND;ND;ND;ND;ND,"""128,44016""",FLOAT16,ND,N/A,0.0,0,0.0,0.0,0.0,0.0,0.0,0.0,0.0,0.0,0.0,0.0,0.0,31.172,2057375,0.017,0.001,4.783,0.153,19.013,0.61,8.618,0.276,0.0,0.000
0,4294967295,96,47,aclnnMul_MulAiCore_Mul,Mul,dynamic,AI_VECTOR_CORE,1785698096515302.322	,332.667,0.000000,40,0,NO,"""4096,4096;4096,4096""",FLOAT;FLOAT,ND;ND,"""4096,4096""",FLOAT,ND,N/A,0.0,0,0.0,0.0,0.0,0.0,0.0,0.0,0.0,0.0,0.0,0.0,0.0,330.418,21807583,6.784,0.021,2.923,0.009,328.928,0.995,110.585,0.335,0.0,0.000
0,4294967295,97,47,Concat,Concat,dynamic,AI_VECTOR_CORE,1785698096515635.009	,37.861,0.083000,40,0,NO,"""128,16;128,32;128,64;128,128;128,256;128,512;128,2048;128,8192;128,32768""",FLOAT16;FLOAT16;FLOAT16;FLOAT16;FLOAT16;FLOAT16;FLOAT16;FLOAT16;FLOAT16,ND;ND;ND;ND;ND;ND;ND;ND;ND,"""128,44016""",FLOAT16,ND,N/A,0.0,0,0.0,0.0,0.0,0.0,0.0,0.0,0.0,0.0,0.0,0.0,0.0,32.228,2127025,0.017,0.001,4.835,0.15,19.289,0.599,9.331,0.29,0.0,0.000
0,4294967295,98,47,aclnnMul_MulAiCore_Mul,Mul,dynamic,AI_VECTOR_CORE,1785698096515672.890	,332.646,0.139000,40,0,NO,"""4096,4096;4096,4096""",FLOAT;FLOAT,ND;ND,"""4096,4096""",FLOAT,ND,N/A,0.0,0,0.0,0.0,0.0,0.0,0.0,0.0,0.0,0.0,0.0,0.0,0.0,330.207,21793691,6.784,0.021,3.02,0.009,328.63,0.995,113.18,0.343,0.0,0.000
0,4294967295,99,47,Concat,Concat,dynamic,AI_VECTOR_CORE,1785698096516005.556	,36.461,0.000000,40,0,NO,"""128,16;128,32;128,64;128,128;128,256;128,512;128,2048;128,8192;128,32768""",FLOAT16;FLOAT16;FLOAT16;FLOAT16;FLOAT16;FLOAT16;FLOAT16;FLOAT16;FLOAT16,ND;ND;ND;ND;ND;ND;ND;ND;ND,"""128,44016""",FLOAT16,ND,N/A,0.0,0,0.0,0.0,0.0,0.0,0.0,0.0,0.0,0.0,0.0,0.0,0.0,30.984,2044975,0.017,0.001,4.924,0.159,19.15,0.618,8.279,0.267,0.0,0.000
0,4294967295,100,47,aclnnMul_MulAiCore_Mul,Mul,dynamic,AI_VECTOR_CORE,1785698096516042.037	,332.787,0.039000,40,0,NO,"""4096,4096;4096,4096""",FLOAT;FLOAT,ND;ND,"""4096,4096""",FLOAT,ND,N/A,0.0,0,0.0,0.0,0.0,0.0,0.0,0.0,0.0,0.0,0.0,0.0,0.0,330.925,21841018,6.784,0.021,2.942,0.009,329.463,0.996,111.911,0.338,0.0,0.000
0,4294967295,101,47,Concat,Concat,dynamic,AI_VECTOR_CORE,1785698096516374.844	,37.421,0.000000,40,0,NO,"""128,16;128,32;128,64;128,128;128,256;128,512;128,2048;128,8192;128,32768""",FLOAT16;FLOAT16;FLOAT16;FLOAT16;FLOAT16;FLOAT16;FLOAT16;FLOAT16;FLOAT16,ND;ND;ND;ND;ND;ND;ND;ND;ND,"""128,44016""",FLOAT16,ND,N/A,0.0,0,0.0,0.0,0.0,0.0,0.0,0.0,0.0,0.0,0.0,0.0,0.0,31.329,2067710,0.017,0.001,5.324,0.17,19.012,0.607,8.624,0.275,0.0,0.000
0,4294967295,102,47,aclnnMul_MulAiCore_Mul,Mul,dynamic,AI_VECTOR_CORE,1785698096516412.285	,332.226,0.079000,40,0,NO,"""4096,4096;4096,4096""",FLOAT;FLOAT,ND;ND,"""4096,4096""",FLOAT,ND,N/A,0.0,0,0.0,0.0,0.0,0.0,0.0,0.0,0.0,0.0,0.0,0.0,0.0,329.631,21755637,6.784,0.021,3.04,0.009,328.048,0.995,112.173,0.34,0.0,0.000
0,4294967295,103,47,Concat,Concat,dynamic,AI_VECTOR_CORE,1785698096516744.531	,37.041,0.024000,40,0,NO,"""128,16;128,32;128,64;128,128;128,256;128,512;128,2048;128,8192;128,32768""",FLOAT16;FLOAT16;FLOAT16;FLOAT16;FLOAT16;FLOAT16;FLOAT16;FLOAT16;FLOAT16,ND;ND;ND;ND;ND;ND;ND;ND;ND,"""128,44016""",FLOAT16,ND,N/A,0.0,0,0.0,0.0,0.0,0.0,0.0,0.0,0.0,0.0,0.0,0.0,0.0,31.617,2086719,0.017,0.001,4.69,0.148,19.284,0.61,8.86,0.28,0.0,0.000
0,4294967295,104,47,aclnnMul_MulAiCore_Mul,Mul,dynamic,AI_VECTOR_CORE,1785698096516781.592	,333.747,0.000000,40,0,NO,"""4096,4096;4096,4096""",FLOAT;FLOAT,ND;ND,"""4096,4096""",FLOAT,ND,N/A,0.0,0,0.0,0.0,0.0,0.0,0.0,0.0,0.0,0.0,0.0,0.0,0.0,330.936,21841774,6.784,0.021,2.991,0.009,329.38,0.995,113.146,0.342,0.0,0.000
0,4294967295,105,47,Concat,Concat,dynamic,AI_VECTOR_CORE,1785698096517115.359	,38.300,0.003000,40,0,NO,"""128,16;128,32;128,64;128,128;128,256;128,512;128,2048;128,8192;128,32768""",FLOAT16;FLOAT16;FLOAT16;FLOAT16;FLOAT16;FLOAT16;FLOAT16;FLOAT16;FLOAT16,ND;ND;ND;ND;ND;ND;ND;ND;ND,"""128,44016""",FLOAT16,ND,N/A,0.0,0,0.0,0.0,0.0,0.0,0.0,0.0,0.0,0.0,0.0,0.0,0.0,32.884,2170338,0.017,0.001,4.82,0.147,19.974,0.607,9.312,0.283,0.0,0.000
0,4294967295,106,47,aclnnMul_MulAiCore_Mul,Mul,dynamic,AI_VECTOR_CORE,1785698096517153.679	,333.207,0.200000,40,0,NO,"""4096,4096;4096,4096""",FLOAT;FLOAT,ND;ND,"""4096,4096""",FLOAT,ND,N/A,0.0,0,0.0,0.0,0.0,0.0,0.0,0.0,0.0,0.0,0.0,0.0,0.0,331.058,21849853,6.784,0.02,3.112,0.009,329.398,0.995,110.534,0.334,0.0,0.000
0,4294967295,107,47,Concat,Concat,dynamic,AI_VECTOR_CORE,1785698096517486.906	,37.601,0.043000,40,0,NO,"""128,16;128,32;128,64;128,128;128,256;128,512;128,2048;128,8192;128,32768""",FLOAT16;FLOAT16;FLOAT16;FLOAT16;FLOAT16;FLOAT16;FLOAT16;FLOAT16;FLOAT16,ND;ND;ND;ND;ND;ND;ND;ND;ND,"""128,44016""",FLOAT16,ND,N/A,0.0,0,0.0,0.0,0.0,0.0,0.0,0.0,0.0,0.0,0.0,0.0,0.0,32.837,2167243,0.017,0.001,4.964,0.151,20.055,0.611,9.238,0.281,0.0,0.000
0,4294967295,108,47,aclnnMul_MulAiCore_Mul,Mul,dynamic,AI_VECTOR_CORE,1785698096517524.527	,332.866,0.000000,40,0,NO,"""4096,4096;4096,4096""",FLOAT;FLOAT,ND;ND,"""4096,4096""",FLOAT,ND,N/A,0.0,0,0.0,0.0,0.0,0.0,0.0,0.0,0.0,0.0,0.0,0.0,0.0,330.775,21831120,6.784,0.021,3.052,0.009,329.154,0.995,112.061,0.339,0.0,0.000
0,4294967295,109,47,Concat,Concat,dynamic,AI_VECTOR_CORE,1785698096517857.413	,38.341,0.134000,40,0,NO,"""128,16;128,32;128,64;128,128;128,256;128,512;128,2048;128,8192;128,32768""",FLOAT16;FLOAT16;FLOAT16;FLOAT16;FLOAT16;FLOAT16;FLOAT16;FLOAT16;FLOAT16,ND;ND;ND;ND;ND;ND;ND;ND;ND,"""128,44016""",FLOAT16,ND,N/A,0.0,0,0.0,0.0,0.0,0.0,0.0,0.0,0.0,0.0,0.0,0.0,0.0,33.702,2224353,0.017,0.001,5.156,0.153,20.31,0.603,9.798,0.291,0.0,0.000
0,4294967295,110,47,aclnnMul_MulAiCore_Mul,Mul,dynamic,AI_VECTOR_CORE,1785698096517895.794	,331.227,0.000000,40,0,NO,"""4096,4096;4096,4096""",FLOAT;FLOAT,ND;ND,"""4096,4096""",FLOAT,ND,N/A,0.0,0,0.0,0.0,0.0,0.0,0.0,0.0,0.0,0.0,0.0,0.0,0.0,328.995,21713660,6.784,0.021,3.136,0.01,327.338,0.995,110.514,0.336,0.0,0.000
0,4294967295,111,47,Concat,Concat,dynamic,AI_VECTOR_CORE,1785698096518227.041	,35.601,0.023000,40,0,NO,"""128,16;128,32;128,64;128,128;128,256;128,512;128,2048;128,8192;128,32768""",FLOAT16;FLOAT16;FLOAT16;FLOAT16;FLOAT16;FLOAT16;FLOAT16;FLOAT16;FLOAT16,ND;ND;ND;ND;ND;ND;ND;ND;ND,"""128,44016""",FLOAT16,ND,N/A,0.0,0,0.0,0.0,0.0,0.0,0.0,0.0,0.0,0.0,0.0,0.0,0.0,30.835,2035090,0.017,0.001,4.786,0.155,18.943,0.614,8.321,0.27,0.0,0.000
0,4294967295,112,47,aclnnMul_MulAiCore_Mul,Mul,dynamic,AI_VECTOR_CORE,1785698096518262.682	,332.566,0.149000,40,0,NO,"""4096,4096;4096,4096""",FLOAT;FLOAT,ND;ND,"""4096,4096""",FLOAT,ND,N/A,0.0,0,0.0,0.0,0.0,0.0,0.0,0.0,0.0,0.0,0.0,0.0,0.0,330.65,21822892,6.784,0.021,3.005,0.009,329.104,0.995,112.137,0.339,0.0,0.000
0,4294967295,113,47,Concat,Concat,dynamic,AI_VECTOR_CORE,1785698096518595.268	,37.821,0.000000,40,0,NO,"""128,16;128,32;128,64;128,128;128,256;128,512;128,2048;128,8192;128,32768""",FLOAT16;FLOAT16;FLOAT16;FLOAT16;FLOAT16;FLOAT16;FLOAT16;FLOAT16;FLOAT16,ND;ND;ND;ND;ND;ND;ND;ND;ND,"""128,44016""",FLOAT16,ND,N/A,0.0,0,0.0,0.0,0.0,0.0,0.0,0.0,0.0,0.0,0.0,0.0,0.0,32.143,2121440,0.017,0.001,4.617,0.144,19.647,0.611,9.098,0.283,0.0,0.000
0,4294967295,114,47,aclnnMul_MulAiCore_Mul,Mul,dynamic,AI_VECTOR_CORE,1785698096518633.109	,331.407,0.000000,40,0,NO,"""4096,4096;4096,4096""",FLOAT;FLOAT,ND;ND,"""4096,4096""",FLOAT,ND,N/A,0.0,0,0.0,0.0,0.0,0.0,0.0,0.0,0.0,0.0,0.0,0.0,0.0,329.367,21738215,6.784,0.021,2.951,0.009,327.895,0.996,111.215,0.338,0.0,0.000
0,4294967295,115,47,Concat,Concat,dynamic,AI_VECTOR_CORE,1785698096518964.536	,36.820,0.093000,40,0,NO,"""128,16;128,32;128,64;128,128;128,256;128,512;128,2048;128,8192;128,32768""",FLOAT16;FLOAT16;FLOAT16;FLOAT16;FLOAT16;FLOAT16;FLOAT16;FLOAT16;FLOAT16,ND;ND;ND;ND;ND;ND;ND;ND;ND,"""128,44016""",FLOAT16,ND,N/A,0.0,0,0.0,0.0,0.0,0.0,0.0,0.0,0.0,0.0,0.0,0.0,0.0,31.432,2074497,0.017,0.001,5.106,0.162,19.408,0.617,8.433,0.268,0.0,0.000
0,4294967295,116,47,aclnnMul_MulAiCore_Mul,Mul,dynamic,AI_VECTOR_CORE,1785698096519001.376	,332.227,0.180000,40,0,NO,"""4096,4096;4096,4096""",FLOAT;FLOAT,ND;ND,"""4096,4096""",FLOAT,ND,N/A,0.0,0,0.0,0.0,0.0,0.0,0.0,0.0,0.0,0.0,0.0,0.0,0.0,329.961,21777427,6.784,0.021,3.026,0.009,328.413,0.995,110.909,0.336,0.0,0.000
0,4294967295,117,47,Concat,Concat,dynamic,AI_VECTOR_CORE,1785698096519333.643	,37.201,0.023000,40,0,NO,"""128,16;128,32;128,64;128,128;128,256;128,512;128,2048;128,8192;128,32768""",FLOAT16;FLOAT16;FLOAT16;FLOAT16;FLOAT16;FLOAT16;FLOAT16;FLOAT16;FLOAT16,ND;ND;ND;ND;ND;ND;ND;ND;ND,"""128,44016""",FLOAT16,ND,N/A,0.0,0,0.0,0.0,0.0,0.0,0.0,0.0,0.0,0.0,0.0,0.0,0.0,31.97,2109990,0.017,0.001,5.288,0.165,19.205,0.601,9.018,0.282,0.0,0.000
0,4294967295,118,47,aclnnMul_MulAiCore_Mul,Mul,dynamic,AI_VECTOR_CORE,1785698096519370.864	,331.766,0.000000,40,0,NO,"""4096,4096;4096,4096""",FLOAT;FLOAT,ND;ND,"""4096,4096""",FLOAT,ND,N/A,0.0,0,0.0,0.0,0.0,0.0,0.0,0.0,0.0,0.0,0.0,0.0,0.0,329.568,21751517,6.784,0.021,2.939,0.009,328.093,0.996,110.811,0.336,0.0,0.000
0,4294967295,119,47,Concat,Concat,dynamic,AI_VECTOR_CORE,1785698096519702.650	,35.961,0.234000,40,0,NO,"""128,16;128,32;128,64;128,128;128,256;128,512;128,2048;128,8192;128,32768""",FLOAT16;FLOAT16;FLOAT16;FLOAT16;FLOAT16;FLOAT16;FLOAT16;FLOAT16;FLOAT16,ND;ND;ND;ND;ND;ND;ND;ND;ND,"""128,44016""",FLOAT16,ND,N/A,0.0,0,0.0,0.0,0.0,0.0,0.0,0.0,0.0,0.0,0.0,0.0,0.0,30.538,2015490,0.017,0.001,4.823,0.158,18.436,0.604,8.528,0.279,0.0,0.000
0,4294967295,120,47,aclnnMul_MulAiCore_Mul,Mul,dynamic,AI_VECTOR_CORE,1785698096519738.631	,332.107,0.039000,40,0,NO,"""4096,4096;4096,4096""",FLOAT;FLOAT,ND;ND,"""4096,4096""",FLOAT,ND,N/A,0.0,0,0.0,0.0,0.0,0.0,0.0,0.0,0.0,0.0,0.0,0.0,0.0,329.685,21759220,6.784,0.021,3.065,0.009,328.065,0.995,111.128,0.337,0.0,0.000
0,4294967295,121,47,Concat,Concat,dynamic,AI_VECTOR_CORE,1785698096520070.758	,36.540,0.000000,40,0,NO,"""128,16;128,32;128,64;128,128;128,256;128,512;128,2048;128,8192;128,32768""",FLOAT16;FLOAT16;FLOAT16;FLOAT16;FLOAT16;FLOAT16;FLOAT16;FLOAT16;FLOAT16,ND;ND;ND;ND;ND;ND;ND;ND;ND,"""128,44016""",FLOAT16,ND,N/A,0.0,0,0.0,0.0,0.0,0.0,0.0,0.0,0.0,0.0,0.0,0.0,0.0,30.996,2045750,0.017,0.001,4.725,0.152,18.771,0.606,8.739,0.282,0.0,0.000
0,4294967295,122,47,aclnnMul_MulAiCore_Mul,Mul,dynamic,AI_VECTOR_CORE,1785698096520107.318	,331.627,0.000000,40,0,NO,"""4096,4096;4096,4096""",FLOAT;FLOAT,ND;ND,"""4096,4096""",FLOAT,ND,N/A,0.0,0,0.0,0.0,0.0,0.0,0.0,0.0,0.0,0.0,0.0,0.0,0.0,329.453,21743911,6.784,0.021,2.986,0.009,327.897,0.995,111.705,0.339,0.0,0.000
0,4294967295,123,47,Concat,Concat,dynamic,AI_VECTOR_CORE,1785698096520438.985	,36.281,0.123000,40,0,NO,"""128,16;128,32;128,64;128,128;128,256;128,512;128,2048;128,8192;128,32768""",FLOAT16;FLOAT16;FLOAT16;FLOAT16;FLOAT16;FLOAT16;FLOAT16;FLOAT16;FLOAT16,ND;ND;ND;ND;ND;ND;ND;ND;ND,"""128,44016""",FLOAT16,ND,N/A,0.0,0,0.0,0.0,0.0,0.0,0.0,0.0,0.0,0.0,0.0,0.0,0.0,30.546,2016051,0.017,0.001,4.911,0.161,18.732,0.613,8.232,0.27,0.0,0.000
0,4294967295,124,47,aclnnMul_MulAiCore_Mul,Mul,dynamic,AI_VECTOR_CORE,1785698096520475.286	,333.066,0.000000,40,0,NO,"""4096,4096;4096,4096""",FLOAT;FLOAT,ND;ND,"""4096,4096""",FLOAT,ND,N/A,0.0,0,0.0,0.0,0.0,0.0,0.0,0.0,0.0,0.0,0.0,0.0,0.0,330.957,21843186,6.784,0.02,3.135,0.009,329.272,0.995,111.959,0.338,0.0,0.000
0,4294967295,125,47,Concat,Concat,dynamic,AI_VECTOR_CORE,1785698096520808.372	,37.161,0.000000,40,0,NO,"""128,16;128,32;128,64;128,128;128,256;128,512;128,2048;128,8192;128,32768""",FLOAT16;FLOAT16;FLOAT16;FLOAT16;FLOAT16;FLOAT16;FLOAT16;FLOAT16;FLOAT16,ND;ND;ND;ND;ND;ND;ND;ND;ND,"""128,44016""",FLOAT16,ND,N/A,0.0,0,0.0,0.0,0.0,0.0,0.0,0.0,0.0,0.0,0.0,0.0,0.0,31.607,2086047,0.017,0.001,5.423,0.172,19.399,0.614,8.571,0.271,0.0,0.000
0,4294967295,126,47,aclnnMul_MulAiCore_Mul,Mul,dynamic,AI_VECTOR_CORE,1785698096520845.573	,332.027,0.089000,40,0,NO,"""4096,4096;4096,4096""",FLOAT;FLOAT,ND;ND,"""4096,4096""",FLOAT,ND,N/A,0.0,0,0.0,0.0,0.0,0.0,0.0,0.0,0.0,0.0,0.0,0.0,0.0,329.781,21765527,6.784,0.021,3.021,0.009,328.209,0.995,112.684,0.342,0.0,0.000
0,4294967295,127,47,Concat,Concat,dynamic,AI_VECTOR_CORE,1785698096521177.640	,35.841,0.223000,40,0,NO,"""128,16;128,32;128,64;128,128;128,256;128,512;128,2048;128,8192;128,32768""",FLOAT16;FLOAT16;FLOAT16;FLOAT16;FLOAT16;FLOAT16;FLOAT16;FLOAT16;FLOAT16,ND;ND;ND;ND;ND;ND;ND;ND;ND,"""128,44016""",FLOAT16,ND,N/A,0.0,0,0.0,0.0,0.0,0.0,0.0,0.0,0.0,0.0,0.0,0.0,0.0,30.596,2019361,0.017,0.001,4.836,0.158,18.52,0.605,8.505,0.278,0.0,0.000
0,4294967295,128,47,aclnnMul_MulAiCore_Mul,Mul,dynamic,AI_VECTOR_CORE,1785698096521213.501	,332.846,0.000000,40,0,NO,"""4096,4096;4096,4096""",FLOAT;FLOAT,ND;ND,"""4096,4096""",FLOAT,ND,N/A,0.0,0,0.0,0.0,0.0,0.0,0.0,0.0,0.0,0.0,0.0,0.0,0.0,330.768,21830686,6.784,0.021,3.139,0.009,329.09,0.995,112.004,0.339,0.0,0.000
0,4294967295,129,47,Concat,Concat,dynamic,AI_VECTOR_CORE,1785698096521546.387	,36.941,0.154000,40,0,NO,"""128,16;128,32;128,64;128,128;128,256;128,512;128,2048;128,8192;128,32768""",FLOAT16;FLOAT16;FLOAT16;FLOAT16;FLOAT16;FLOAT16;FLOAT16;FLOAT16;FLOAT16,ND;ND;ND;ND;ND;ND;ND;ND;ND,"""128,44016""",FLOAT16,ND,N/A,0.0,0,0.0,0.0,0.0,0.0,0.0,0.0,0.0,0.0,0.0,0.0,0.0,31.122,2054028,0.017,0.001,5.096,0.164,18.887,0.607,8.558,0.275,0.0,0.000
0,4294967295,130,47,aclnnMul_MulAiCore_Mul,Mul,dynamic,AI_VECTOR_CORE,1785698096521583.348	,331.847,0.000000,40,0,NO,"""4096,4096;4096,4096""",FLOAT;FLOAT,ND;ND,"""4096,4096""",FLOAT,ND,N/A,0.0,0,0.0,0.0,0.0,0.0,0.0,0.0,0.0,0.0,0.0,0.0,0.0,329.968,21777892,6.784,0.021,3.034,0.009,328.398,0.995,111.566,0.338,0.0,0.000
0,4294967295,131,47,Concat,Concat,dynamic,AI_VECTOR_CORE,1785698096521915.215	,36.500,0.153000,40,0,NO,"""128,16;128,32;128,64;128,128;128,256;128,512;128,2048;128,8192;128,32768""",FLOAT16;FLOAT16;FLOAT16;FLOAT16;FLOAT16;FLOAT16;FLOAT16;FLOAT16;FLOAT16,ND;ND;ND;ND;ND;ND;ND;ND;ND,"""128,44016""",FLOAT16,ND,N/A,0.0,0,0.0,0.0,0.0,0.0,0.0,0.0,0.0,0.0,0.0,0.0,0.0,31.581,2084373,0.017,0.001,4.953,0.157,19.401,0.614,8.48,0.269,0.0,0.000
0,4294967295,132,47,aclnnMul_MulAiCore_Mul,Mul,dynamic,AI_VECTOR_CORE,1785698096521951.735	,331.867,0.000000,40,0,NO,"""4096,4096;4096,4096""",FLOAT;FLOAT,ND;ND,"""4096,4096""",FLOAT,ND,N/A,0.0,0,0.0,0.0,0.0,0.0,0.0,0.0,0.0,0.0,0.0,0.0,0.0,329.84,21769452,6.784,0.021,3.09,0.009,328.236,0.995,110.56,0.335,0.0,0.000
0,4294967295,133,47,Concat,Concat,dynamic,AI_VECTOR_CORE,1785698096522283.622	,36.921,0.000000,40,0,NO,"""128,16;128,32;128,64;128,128;128,256;128,512;128,2048;128,8192;128,32768""",FLOAT16;FLOAT16;FLOAT16;FLOAT16;FLOAT16;FLOAT16;FLOAT16;FLOAT16;FLOAT16,ND;ND;ND;ND;ND;ND;ND;ND;ND,"""128,44016""",FLOAT16,ND,N/A,0.0,0,0.0,0.0,0.0,0.0,0.0,0.0,0.0,0.0,0.0,0.0,0.0,31.623,2087091,0.017,0.001,4.886,0.155,19.339,0.612,8.633,0.273,0.0,0.000
0,4294967295,134,47,aclnnMul_MulAiCore_Mul,Mul,dynamic,AI_VECTOR_CORE,1785698096522320.563	,332.526,0.079000,40,0,NO,"""4096,4096;4096,4096""",FLOAT;FLOAT,ND;ND,"""4096,4096""",FLOAT,ND,N/A,0.0,0,0.0,0.0,0.0,0.0,0.0,0.0,0.0,0.0,0.0,0.0,0.0,329.994,21779608,6.784,0.021,2.98,0.009,328.426,0.995,112.96,0.342,0.0,0.000
0,4294967295,135,47,Concat,Concat,dynamic,AI_VECTOR_CORE,1785698096522653.109	,36.021,0.000000,40,0,NO,"""128,16;128,32;128,64;128,128;128,256;128,512;128,2048;128,8192;128,32768""",FLOAT16;FLOAT16;FLOAT16;FLOAT16;FLOAT16;FLOAT16;FLOAT16;FLOAT16;FLOAT16,ND;ND;ND;ND;ND;ND;ND;ND;ND,"""128,44016""",FLOAT16,ND,N/A,0.0,0,0.0,0.0,0.0,0.0,0.0,0.0,0.0,0.0,0.0,0.0,0.0,30.3,1999813,0.017,0.001,5.039,0.166,18.193,0.6,8.484,0.28,0.0,0.000
0,4294967295,136,47,aclnnMul_MulAiCore_Mul,Mul,dynamic,AI_VECTOR_CORE,1785698096522689.150	,332.067,0.229000,40,0,NO,"""4096,4096;4096,4096""",FLOAT;FLOAT,ND;ND,"""4096,4096""",FLOAT,ND,N/A,0.0,0,0.0,0.0,0.0,0.0,0.0,0.0,0.0,0.0,0.0,0.0,0.0,330.163,21790761,6.784,0.021,3.049,0.009,328.614,0.995,109.285,0.331,0.0,0.000
0,4294967295,137,47,Concat,Concat,dynamic,AI_VECTOR_CORE,1785698096523021.237	,36.580,0.000000,40,0,NO,"""128,16;128,32;128,64;128,128;128,256;128,512;128,2048;128,8192;128,32768""",FLOAT16;FLOAT16;FLOAT16;FLOAT16;FLOAT16;FLOAT16;FLOAT16;FLOAT16;FLOAT16,ND;ND;ND;ND;ND;ND;ND;ND;ND,"""128,44016""",FLOAT16,ND,N/A,0.0,0,0.0,0.0,0.0,0.0,0.0,0.0,0.0,0.0,0.0,0.0,0.0,31.424,2074003,0.017,0.001,4.863,0.155,19.111,0.608,8.707,0.277,0.0,0.000
0,4294967295,138,47,aclnnMul_MulAiCore_Mul,Mul,dynamic,AI_VECTOR_CORE,1785698096523057.837	,331.027,0.000000,40,0,NO,"""4096,4096;4096,4096""",FLOAT;FLOAT,ND;ND,"""4096,4096""",FLOAT,ND,N/A,0.0,0,0.0,0.0,0.0,0.0,0.0,0.0,0.0,0.0,0.0,0.0,0.0,328.957,21711153,6.784,0.021,2.918,0.009,327.494,0.996,111.754,0.34,0.0,0.000
0,4294967295,139,47,Concat,Concat,dynamic,AI_VECTOR_CORE,1785698096523388.884	,37.401,0.223000,40,0,NO,"""128,16;128,32;128,64;128,128;128,256;128,512;128,2048;128,8192;128,32768""",FLOAT16;FLOAT16;FLOAT16;FLOAT16;FLOAT16;FLOAT16;FLOAT16;FLOAT16;FLOAT16,ND;ND;ND;ND;ND;ND;ND;ND;ND,"""128,44016""",FLOAT16,ND,N/A,0.0,0,0.0,0.0,0.0,0.0,0.0,0.0,0.0,0.0,0.0,0.0,0.0,32.248,2128364,0.017,0.001,4.827,0.15,19.803,0.614,8.904,0.276,0.0,0.000
0,4294967295,140,47,aclnnMul_MulAiCore_Mul,Mul,dynamic,AI_VECTOR_CORE,1785698096523426.325	,331.966,0.000000,40,0,NO,"""4096,4096;4096,4096""",FLOAT;FLOAT,ND;ND,"""4096,4096""",FLOAT,ND,N/A,0.0,0,0.0,0.0,0.0,0.0,0.0,0.0,0.0,0.0,0.0,0.0,0.0,330.101,21786669,6.784,0.021,3.038,0.009,328.55,0.995,111.283,0.337,0.0,0.000
0,4294967295,141,47,Concat,Concat,dynamic,AI_VECTOR_CORE,1785698096523758.311	,38.381,0.034000,40,0,NO,"""128,16;128,32;128,64;128,128;128,256;128,512;128,2048;128,8192;128,32768""",FLOAT16;FLOAT16;FLOAT16;FLOAT16;FLOAT16;FLOAT16;FLOAT16;FLOAT16;FLOAT16,ND;ND;ND;ND;ND;ND;ND;ND;ND,"""128,44016""",FLOAT16,ND,N/A,0.0,0,0.0,0.0,0.0,0.0,0.0,0.0,0.0,0.0,0.0,0.0,0.0,32.437,2140833,0.017,0.001,5.546,0.171,19.955,0.615,8.792,0.271,0.0,0.000
0,4294967295,142,47,aclnnMul_MulAiCore_Mul,Mul,dynamic,AI_VECTOR_CORE,1785698096523796.712	,330.947,0.119000,40,0,NO,"""4096,4096;4096,4096""",FLOAT;FLOAT,ND;ND,"""4096,4096""",FLOAT,ND,N/A,0.0,0,0.0,0.0,0.0,0.0,0.0,0.0,0.0,0.0,0.0,0.0,0.0,329.168,21725062,6.784,0.021,2.959,0.009,327.662,0.995,111.043,0.337,0.0,0.000
0,4294967295,143,47,Concat,Concat,dynamic,AI_VECTOR_CORE,1785698096524127.699	,37.280,0.053000,40,0,NO,"""128,16;128,32;128,64;128,128;128,256;128,512;128,2048;128,8192;128,32768""",FLOAT16;FLOAT16;FLOAT16;FLOAT16;FLOAT16;FLOAT16;FLOAT16;FLOAT16;FLOAT16,ND;ND;ND;ND;ND;ND;ND;ND;ND,"""128,44016""",FLOAT16,ND,N/A,0.0,0,0.0,0.0,0.0,0.0,0.0,0.0,0.0,0.0,0.0,0.0,0.0,31.447,2075534,0.017,0.001,4.671,0.149,19.242,0.612,8.745,0.278,0.0,0.000
0,4294967295,144,47,aclnnMul_MulAiCore_Mul,Mul,dynamic,AI_VECTOR_CORE,1785698096524164.999	,331.847,0.000000,40,0,NO,"""4096,4096;4096,4096""",FLOAT;FLOAT,ND;ND,"""4096,4096""",FLOAT,ND,N/A,0.0,0,0.0,0.0,0.0,0.0,0.0,0.0,0.0,0.0,0.0,0.0,0.0,330.082,21785413,6.784,0.021,3.015,0.009,328.566,0.995,111.046,0.336,0.0,0.000
0,4294967295,145,47,Concat,Concat,dynamic,AI_VECTOR_CORE,1785698096524496.866	,37.561,0.000000,40,0,NO,"""128,16;128,32;128,64;128,128;128,256;128,512;128,2048;128,8192;128,32768""",FLOAT16;FLOAT16;FLOAT16;FLOAT16;FLOAT16;FLOAT16;FLOAT16;FLOAT16;FLOAT16,ND;ND;ND;ND;ND;ND;ND;ND;ND,"""128,44016""",FLOAT16,ND,N/A,0.0,0,0.0,0.0,0.0,0.0,0.0,0.0,0.0,0.0,0.0,0.0,0.0,31.922,2106863,0.017,0.001,4.675,0.146,19.497,0.611,8.988,0.282,0.0,0.000
0,4294967295,146,47,aclnnMul_MulAiCore_Mul,Mul,dynamic,AI_VECTOR_CORE,1785698096524534.447	,331.847,0.189000,40,0,NO,"""4096,4096;4096,4096""",FLOAT;FLOAT,ND;ND,"""4096,4096""",FLOAT,ND,N/A,0.0,0,0.0,0.0,0.0,0.0,0.0,0.0,0.0,0.0,0.0,0.0,0.0,329.823,21768321,6.784,0.021,3.144,0.01,328.155,0.995,112.782,0.342,0.0,0.000
0,4294967295,147,47,Concat,Concat,dynamic,AI_VECTOR_CORE,1785698096524866.334	,36.060,0.000000,40,0,NO,"""128,16;128,32;128,64;128,128;128,256;128,512;128,2048;128,8192;128,32768""",FLOAT16;FLOAT16;FLOAT16;FLOAT16;FLOAT16;FLOAT16;FLOAT16;FLOAT16;FLOAT16,ND;ND;ND;ND;ND;ND;ND;ND;ND,"""128,44016""",FLOAT16,ND,N/A,0.0,0,0.0,0.0,0.0,0.0,0.0,0.0,0.0,0.0,0.0,0.0,0.0,32.051,2115389,0.017,0.001,4.83,0.151,19.675,0.614,8.936,0.279,0.0,0.000
0,4294967295,148,47,aclnnMul_MulAiCore_Mul,Mul,dynamic,AI_VECTOR_CORE,1785698096524902.414	,332.847,0.190000,40,0,NO,"""4096,4096;4096,4096""",FLOAT;FLOAT,ND;ND,"""4096,4096""",FLOAT,ND,N/A,0.0,0,0.0,0.0,0.0,0.0,0.0,0.0,0.0,0.0,0.0,0.0,0.0,330.123,21788105,6.784,0.021,2.985,0.009,328.566,0.995,113.26,0.343,0.0,0.000
0,4294967295,149,47,Concat,Concat,dynamic,AI_VECTOR_CORE,1785698096525235.281	,37.021,0.000000,40,0,NO,"""128,16;128,32;128,64;128,128;128,256;128,512;128,2048;128,8192;128,32768""",FLOAT16;FLOAT16;FLOAT16;FLOAT16;FLOAT16;FLOAT16;FLOAT16;FLOAT16;FLOAT16,ND;ND;ND;ND;ND;ND;ND;ND;ND,"""128,44016""",FLOAT16,ND,N/A,0.0,0,0.0,0.0,0.0,0.0,0.0,0.0,0.0,0.0,0.0,0.0,0.0,32.625,2153243,0.017,0.001,5.022,0.154,19.848,0.608,9.284,0.285,0.0,0.000
0,4294967295,150,47,aclnnMul_MulAiCore_Mul,Mul,dynamic,AI_VECTOR_CORE,1785698096525272.322	,331.646,0.000000,40,0,NO,"""4096,4096;4096,4096""",FLOAT;FLOAT,ND;ND,"""4096,4096""",FLOAT,ND,N/A,0.0,0,0.0,0.0,0.0,0.0,0.0,0.0,0.0,0.0,0.0,0.0,0.0,328.885,21706384,6.784,0.021,3.07,0.009,327.228,0.995,112.355,0.342,0.0,0.000
0,4294967295,151,47,Concat,Concat,dynamic,AI_VECTOR_CORE,1785698096525603.988	,36.781,0.104000,40,0,NO,"""128,16;128,32;128,64;128,128;128,256;128,512;128,2048;128,8192;128,32768""",FLOAT16;FLOAT16;FLOAT16;FLOAT16;FLOAT16;FLOAT16;FLOAT16;FLOAT16;FLOAT16,ND;ND;ND;ND;ND;ND;ND;ND;ND,"""128,44016""",FLOAT16,ND,N/A,0.0,0,0.0,0.0,0.0,0.0,0.0,0.0,0.0,0.0,0.0,0.0,0.0,31.373,2070614,0.017,0.001,4.94,0.157,19.337,0.616,8.334,0.266,0.0,0.000
0,4294967295,152,47,aclnnMul_MulAiCore_Mul,Mul,dynamic,AI_VECTOR_CORE,1785698096525640.789	,332.547,0.000000,40,0,NO,"""4096,4096;4096,4096""",FLOAT;FLOAT,ND;ND,"""4096,4096""",FLOAT,ND,N/A,0.0,0,0.0,0.0,0.0,0.0,0.0,0.0,0.0,0.0,0.0,0.0,0.0,330.361,21803801,6.784,0.021,2.986,0.009,328.837,0.995,110.481,0.334,0.0,0.000
0,4294967295,153,47,Concat,Concat,dynamic,AI_VECTOR_CORE,1785698096525973.356	,38.420,0.000000,40,0,NO,"""128,16;128,32;128,64;128,128;128,256;128,512;128,2048;128,8192;128,32768""",FLOAT16;FLOAT16;FLOAT16;FLOAT16;FLOAT16;FLOAT16;FLOAT16;FLOAT16;FLOAT16,ND;ND;ND;ND;ND;ND;ND;ND;ND,"""128,44016""",FLOAT16,ND,N/A,0.0,0,0.0,0.0,0.0,0.0,0.0,0.0,0.0,0.0,0.0,0.0,0.0,32.716,2159263,0.017,0.001,4.792,0.146,20.272,0.62,8.875,0.271,0.0,0.000
0,4294967295,154,47,aclnnMul_MulAiCore_Mul,Mul,dynamic,AI_VECTOR_CORE,1785698096526011.796	,331.087,0.080000,40,0,NO,"""4096,4096;4096,4096""",FLOAT;FLOAT,ND;ND,"""4096,4096""",FLOAT,ND,N/A,0.0,0,0.0,0.0,0.0,0.0,0.0,0.0,0.0,0.0,0.0,0.0,0.0,328.946,21710442,6.784,0.021,3.053,0.009,327.365,0.995,112.364,0.342,0.0,0.000
0,4294967295,155,47,Concat,Concat,dynamic,AI_VECTOR_CORE,1785698096526342.903	,35.961,0.163000,40,0,NO,"""128,16;128,32;128,64;128,128;128,256;128,512;128,2048;128,8192;128,32768""",FLOAT16;FLOAT16;FLOAT16;FLOAT16;FLOAT16;FLOAT16;FLOAT16;FLOAT16;FLOAT16,ND;ND;ND;ND;ND;ND;ND;ND;ND,"""128,44016""",FLOAT16,ND,N/A,0.0,0,0.0,0.0,0.0,0.0,0.0,0.0,0.0,0.0,0.0,0.0,0.0,30.817,2033940,0.017,0.001,4.883,0.158,18.932,0.614,8.396,0.272,0.0,0.000
0,4294967295,156,47,aclnnMul_MulAiCore_Mul,Mul,dynamic,AI_VECTOR_CORE,1785698096526378.884	,332.486,0.039000,40,0,NO,"""4096,4096;4096,4096""",FLOAT;FLOAT,ND;ND,"""4096,4096""",FLOAT,ND,N/A,0.0,0,0.0,0.0,0.0,0.0,0.0,0.0,0.0,0.0,0.0,0.0,0.0,330.327,21801608,6.784,0.021,2.91,0.009,328.814,0.995,112.261,0.34,0.0,0.000
0,4294967295,157,47,Concat,Concat,dynamic,AI_VECTOR_CORE,1785698096526711.410	,36.901,0.014000,40,0,NO,"""128,16;128,32;128,64;128,128;128,256;128,512;128,2048;128,8192;128,32768""",FLOAT16;FLOAT16;FLOAT16;FLOAT16;FLOAT16;FLOAT16;FLOAT16;FLOAT16;FLOAT16,ND;ND;ND;ND;ND;ND;ND;ND;ND,"""128,44016""",FLOAT16,ND,N/A,0.0,0,0.0,0.0,0.0,0.0,0.0,0.0,0.0,0.0,0.0,0.0,0.0,31.294,2065434,0.017,0.001,5.083,0.162,18.851,0.602,8.938,0.286,0.0,0.000
0,4294967295,158,47,aclnnMul_MulAiCore_Mul,Mul,dynamic,AI_VECTOR_CORE,1785698096526748.331	,331.367,0.000000,40,0,NO,"""4096,4096;4096,4096""",FLOAT;FLOAT,ND;ND,"""4096,4096""",FLOAT,ND,N/A,0.0,0,0.0,0.0,0.0,0.0,0.0,0.0,0.0,0.0,0.0,0.0,0.0,329.471,21745093,6.784,0.021,3.014,0.009,327.908,0.995,111.165,0.337,0.0,0.000
0,4294967295,159,47,Concat,Concat,dynamic,AI_VECTOR_CORE,1785698096527079.738	,36.120,0.133000,40,0,NO,"""128,16;128,32;128,64;128,128;128,256;128,512;128,2048;128,8192;128,32768""",FLOAT16;FLOAT16;FLOAT16;FLOAT16;FLOAT16;FLOAT16;FLOAT16;FLOAT16;FLOAT16,ND;ND;ND;ND;ND;ND;ND;ND;ND,"""128,44016""",FLOAT16,ND,N/A,0.0,0,0.0,0.0,0.0,0.0,0.0,0.0,0.0,0.0,0.0,0.0,0.0,31.148,2055742,0.017,0.001,4.871,0.156,18.933,0.608,8.591,0.276,0.0,0.000
0,4294967295,160,47,aclnnMul_MulAiCore_Mul,Mul,dynamic,AI_VECTOR_CORE,1785698096527115.878	,332.527,0.130000,40,0,NO,"""4096,4096;4096,4096""",FLOAT;FLOAT,ND;ND,"""4096,4096""",FLOAT,ND,N/A,0.0,0,0.0,0.0,0.0,0.0,0.0,0.0,0.0,0.0,0.0,0.0,0.0,330.474,21811280,6.784,0.021,3.66,0.011,328.213,0.993,111.807,0.338,0.0,0.000
0,4294967295,161,47,Concat,Concat,dynamic,AI_VECTOR_CORE,1785698096527448.425	,37.041,0.000000,40,0,NO,"""128,16;128,32;128,64;128,128;128,256;128,512;128,2048;128,8192;128,32768""",FLOAT16;FLOAT16;FLOAT16;FLOAT16;FLOAT16;FLOAT16;FLOAT16;FLOAT16;FLOAT16,ND;ND;ND;ND;ND;ND;ND;ND;ND,"""128,44016""",FLOAT16,ND,N/A,0.0,0,0.0,0.0,0.0,0.0,0.0,0.0,0.0,0.0,0.0,0.0,0.0,31.429,2074307,0.017,0.001,5.018,0.16,19.072,0.607,8.586,0.273,0.0,0.000
0,4294967295,162,47,aclnnMul_MulAiCore_Mul,Mul,dynamic,AI_VECTOR_CORE,1785698096527485.486	,331.486,0.000000,40,0,NO,"""4096,4096;4096,4096""",FLOAT;FLOAT,ND;ND,"""4096,4096""",FLOAT,ND,N/A,0.0,0,0.0,0.0,0.0,0.0,0.0,0.0,0.0,0.0,0.0,0.0,0.0,329.045,21716982,6.784,0.021,3.785,0.012,326.717,0.993,110.428,0.336,0.0,0.000
0,4294967295,163,47,Concat,Concat,dynamic,AI_VECTOR_CORE,1785698096527816.992	,36.341,0.014000,40,0,NO,"""128,16;128,32;128,64;128,128;128,256;128,512;128,2048;128,8192;128,32768""",FLOAT16;FLOAT16;FLOAT16;FLOAT16;FLOAT16;FLOAT16;FLOAT16;FLOAT16;FLOAT16,ND;ND;ND;ND;ND;ND;ND;ND;ND,"""128,44016""",FLOAT16,ND,N/A,0.0,0,0.0,0.0,0.0,0.0,0.0,0.0,0.0,0.0,0.0,0.0,0.0,30.606,2020016,0.017,0.001,5.149,0.168,18.809,0.615,8.225,0.269,0.0,0.000
0,4294967295,164,47,aclnnMul_MulAiCore_Mul,Mul,dynamic,AI_VECTOR_CORE,1785698096527853.353	,333.647,0.000000,40,0,NO,"""4096,4096;4096,4096""",FLOAT;FLOAT,ND;ND,"""4096,4096""",FLOAT,ND,N/A,0.0,0,0.0,0.0,0.0,0.0,0.0,0.0,0.0,0.0,0.0,0.0,0.0,330.448,21809551,6.784,0.021,3.023,0.009,328.878,0.995,113.071,0.342,0.0,0.000
0,4294967295,165,47,Concat,Concat,dynamic,AI_VECTOR_CORE,1785698096528187.020	,36.681,0.103000,40,0,NO,"""128,16;128,32;128,64;128,128;128,256;128,512;128,2048;128,8192;128,32768""",FLOAT16;FLOAT16;FLOAT16;FLOAT16;FLOAT16;FLOAT16;FLOAT16;FLOAT16;FLOAT16,ND;ND;ND;ND;ND;ND;ND;ND;ND,"""128,44016""",FLOAT16,ND,N/A,0.0,0,0.0,0.0,0.0,0.0,0.0,0.0,0.0,0.0,0.0,0.0,0.0,31.076,2051008,0.017,0.001,4.963,0.16,18.951,0.61,8.585,0.276,0.0,0.000
0,4294967295,166,47,aclnnMul_MulAiCore_Mul,Mul,dynamic,AI_VECTOR_CORE,1785698096528223.721	,331.626,0.069000,40,0,NO,"""4096,4096;4096,4096""",FLOAT;FLOAT,ND;ND,"""4096,4096""",FLOAT,ND,N/A,0.0,0,0.0,0.0,0.0,0.0,0.0,0.0,0.0,0.0,0.0,0.0,0.0,329.859,21770716,6.784,0.021,3.131,0.009,328.188,0.995,111.597,0.338,0.0,0.000
0,4294967295,167,47,Concat,Concat,dynamic,AI_VECTOR_CORE,1785698096528555.367	,36.861,0.000000,40,0,NO,"""128,16;128,32;128,64;128,128;128,256;128,512;128,2048;128,8192;128,32768""",FLOAT16;FLOAT16;FLOAT16;FLOAT16;FLOAT16;FLOAT16;FLOAT16;FLOAT16;FLOAT16,ND;ND;ND;ND;ND;ND;ND;ND;ND,"""128,44016""",FLOAT16,ND,N/A,0.0,0,0.0,0.0,0.0,0.0,0.0,0.0,0.0,0.0,0.0,0.0,0.0,31.666,2089946,0.017,0.001,4.805,0.152,19.318,0.61,8.772,0.277,0.0,0.000
0,4294967295,168,47,aclnnMul_MulAiCore_Mul,Mul,dynamic,AI_VECTOR_CORE,1785698096528592.248	,332.987,0.139000,40,0,NO,"""4096,4096;4096,4096""",FLOAT;FLOAT,ND;ND,"""4096,4096""",FLOAT,ND,N/A,0.0,0,0.0,0.0,0.0,0.0,0.0,0.0,0.0,0.0,0.0,0.0,0.0,331.016,21847080,6.784,0.02,2.919,0.009,329.564,0.996,112.684,0.34,0.0,0.000
0,4294967295,169,47,Concat,Concat,dynamic,AI_VECTOR_CORE,1785698096528925.275	,36.780,0.013000,40,0,NO,"""128,16;128,32;128,64;128,128;128,256;128,512;128,2048;128,8192;128,32768""",FLOAT16;FLOAT16;FLOAT16;FLOAT16;FLOAT16;FLOAT16;FLOAT16;FLOAT16;FLOAT16,ND;ND;ND;ND;ND;ND;ND;ND;ND,"""128,44016""",FLOAT16,ND,N/A,0.0,0,0.0,0.0,0.0,0.0,0.0,0.0,0.0,0.0,0.0,0.0,0.0,31.352,2069222,0.017,0.001,4.835,0.154,19.199,0.612,8.561,0.273,0.0,0.000
0,4294967295,170,47,aclnnMul_MulAiCore_Mul,Mul,dynamic,AI_VECTOR_CORE,1785698096528962.075	,332.627,0.000000,40,0,NO,"""4096,4096;4096,4096""",FLOAT;FLOAT,ND;ND,"""4096,4096""",FLOAT,ND,N/A,0.0,0,0.0,0.0,0.0,0.0,0.0,0.0,0.0,0.0,0.0,0.0,0.0,330.333,21801992,6.784,0.021,3.016,0.009,328.788,0.995,111.131,0.336,0.0,0.000
0,4294967295,171,47,Concat,Concat,dynamic,AI_VECTOR_CORE,1785698096529294.722	,36.701,0.123000,40,0,NO,"""128,16;128,32;128,64;128,128;128,256;128,512;128,2048;128,8192;128,32768""",FLOAT16;FLOAT16;FLOAT16;FLOAT16;FLOAT16;FLOAT16;FLOAT16;FLOAT16;FLOAT16,ND;ND;ND;ND;ND;ND;ND;ND;ND,"""128,44016""",FLOAT16,ND,N/A,0.0,0,0.0,0.0,0.0,0.0,0.0,0.0,0.0,0.0,0.0,0.0,0.0,31.313,2066689,0.017,0.001,5.241,0.167,19.234,0.614,8.432,0.269,0.0,0.000
0,4294967295,172,47,aclnnMul_MulAiCore_Mul,Mul,dynamic,AI_VECTOR_CORE,1785698096529331.443	,332.506,0.049000,40,0,NO,"""4096,4096;4096,4096""",FLOAT;FLOAT,ND;ND,"""4096,4096""",FLOAT,ND,N/A,0.0,0,0.0,0.0,0.0,0.0,0.0,0.0,0.0,0.0,0.0,0.0,0.0,330.472,21811129,6.784,0.021,2.953,0.009,328.988,0.996,111.274,0.337,0.0,0.000
0,4294967295,173,47,Concat,Concat,dynamic,AI_VECTOR_CORE,1785698096529663.969	,36.961,0.000000,40,0,NO,"""128,16;128,32;128,64;128,128;128,256;128,512;128,2048;128,8192;128,32768""",FLOAT16;FLOAT16;FLOAT16;FLOAT16;FLOAT16;FLOAT16;FLOAT16;FLOAT16;FLOAT16,ND;ND;ND;ND;ND;ND;ND;ND;ND,"""128,44016""",FLOAT16,ND,N/A,0.0,0,0.0,0.0,0.0,0.0,0.0,0.0,0.0,0.0,0.0,0.0,0.0,31.547,2082081,0.017,0.001,4.953,0.157,19.121,0.606,8.855,0.281,0.0,0.000
0,4294967295,174,47,aclnnMul_MulAiCore_Mul,Mul,dynamic,AI_VECTOR_CORE,1785698096529700.970	,331.507,0.039000,40,0,NO,"""4096,4096;4096,4096""",FLOAT;FLOAT,ND;ND,"""4096,4096""",FLOAT,ND,N/A,0.0,0,0.0,0.0,0.0,0.0,0.0,0.0,0.0,0.0,0.0,0.0,0.0,329.243,21730013,6.784,0.021,3.06,0.009,327.663,0.995,111.276,0.338,0.0,0.000
0,4294967295,175,47,Concat,Concat,dynamic,AI_VECTOR_CORE,1785698096530032.497	,36.780,0.000000,40,0,NO,"""128,16;128,32;128,64;128,128;128,256;128,512;128,2048;128,8192;128,32768""",FLOAT16;FLOAT16;FLOAT16;FLOAT16;FLOAT16;FLOAT16;FLOAT16;FLOAT16;FLOAT16,ND;ND;ND;ND;ND;ND;ND;ND;ND,"""128,44016""",FLOAT16,ND,N/A,0.0,0,0.0,0.0,0.0,0.0,0.0,0.0,0.0,0.0,0.0,0.0,0.0,31.933,2107579,0.017,0.001,4.829,0.151,19.475,0.61,8.842,0.277,0.0,0.000
0,4294967295,176,47,aclnnMul_MulAiCore_Mul,Mul,dynamic,AI_VECTOR_CORE,1785698096530069.317	,333.987,0.000000,40,0,NO,"""4096,4096;4096,4096""",FLOAT;FLOAT,ND;ND,"""4096,4096""",FLOAT,ND,N/A,0.0,0,0.0,0.0,0.0,0.0,0.0,0.0,0.0,0.0,0.0,0.0,0.0,331.314,21866756,6.784,0.02,3.086,0.009,329.64,0.995,111.929,0.338,0.0,0.000
0,4294967295,177,47,Concat,Concat,dynamic,AI_VECTOR_CORE,1785698096530403.324	,37.721,0.013000,40,0,NO,"""128,16;128,32;128,64;128,128;128,256;128,512;128,2048;128,8192;128,32768""",FLOAT16;FLOAT16;FLOAT16;FLOAT16;FLOAT16;FLOAT16;FLOAT16;FLOAT16;FLOAT16,ND;ND;ND;ND;ND;ND;ND;ND;ND,"""128,44016""",FLOAT16,ND,N/A,0.0,0,0.0,0.0,0.0,0.0,0.0,0.0,0.0,0.0,0.0,0.0,0.0,32.246,2128255,0.017,0.001,4.789,0.149,19.922,0.618,8.763,0.272,0.0,0.000
0,4294967295,178,47,aclnnMul_MulAiCore_Mul,Mul,dynamic,AI_VECTOR_CORE,1785698096530441.085	,331.607,0.029000,40,0,NO,"""4096,4096;4096,4096""",FLOAT;FLOAT,ND;ND,"""4096,4096""",FLOAT,ND,N/A,0.0,0,0.0,0.0,0.0,0.0,0.0,0.0,0.0,0.0,0.0,0.0,0.0,329.466,21744738,6.784,0.021,3.026,0.009,327.856,0.995,109.734,0.333,0.0,0.000
0,4294967295,179,47,Concat,Concat,dynamic,AI_VECTOR_CORE,1785698096530772.712	,37.200,0.143000,40,0,NO,"""128,16;128,32;128,64;128,128;128,256;128,512;128,2048;128,8192;128,32768""",FLOAT16;FLOAT16;FLOAT16;FLOAT16;FLOAT16;FLOAT16;FLOAT16;FLOAT16;FLOAT16,ND;ND;ND;ND;ND;ND;ND;ND;ND,"""128,44016""",FLOAT16,ND,N/A,0.0,0,0.0,0.0,0.0,0.0,0.0,0.0,0.0,0.0,0.0,0.0,0.0,32.774,2163053,0.017,0.001,5.137,0.157,19.802,0.604,9.402,0.287,0.0,0.000
0,4294967295,180,47,aclnnMul_MulAiCore_Mul,Mul,dynamic,AI_VECTOR_CORE,1785698096530809.932	,333.067,0.050000,40,0,NO,"""4096,4096;4096,4096""",FLOAT;FLOAT,ND;ND,"""4096,4096""",FLOAT,ND,N/A,0.0,0,0.0,0.0,0.0,0.0,0.0,0.0,0.0,0.0,0.0,0.0,0.0,330.645,21822589,6.784,0.021,3.156,0.01,328.975,0.995,111.456,0.337,0.0,0.000
0,4294967295,181,47,Concat,Concat,dynamic,AI_VECTOR_CORE,1785698096531143.019	,35.841,0.000000,40,0,NO,"""128,16;128,32;128,64;128,128;128,256;128,512;128,2048;128,8192;128,32768""",FLOAT16;FLOAT16;FLOAT16;FLOAT16;FLOAT16;FLOAT16;FLOAT16;FLOAT16;FLOAT16,ND;ND;ND;ND;ND;ND;ND;ND;ND,"""128,44016""",FLOAT16,ND,N/A,0.0,0,0.0,0.0,0.0,0.0,0.0,0.0,0.0,0.0,0.0,0.0,0.0,30.018,1981186,0.017,0.001,6.966,0.232,16.377,0.546,7.971,0.266,0.0,0.000
0,4294967295,182,47,aclnnMul_MulAiCore_Mul,Mul,dynamic,AI_VECTOR_CORE,1785698096531178.900	,331.626,0.159000,40,0,NO,"""4096,4096;4096,4096""",FLOAT;FLOAT,ND;ND,"""4096,4096""",FLOAT,ND,N/A,0.0,0,0.0,0.0,0.0,0.0,0.0,0.0,0.0,0.0,0.0,0.0,0.0,329.739,21762768,6.784,0.021,3.068,0.009,328.149,0.995,108.999,0.331,0.0,0.000
0,4294967295,183,47,Concat,Concat,dynamic,AI_VECTOR_CORE,1785698096531510.546	,36.681,0.000000,40,0,NO,"""128,16;128,32;128,64;128,128;128,256;128,512;128,2048;128,8192;128,32768""",FLOAT16;FLOAT16;FLOAT16;FLOAT16;FLOAT16;FLOAT16;FLOAT16;FLOAT16;FLOAT16,ND;ND;ND;ND;ND;ND;ND;ND;ND,"""128,44016""",FLOAT16,ND,N/A,0.0,0,0.0,0.0,0.0,0.0,0.0,0.0,0.0,0.0,0.0,0.0,0.0,31.031,2048062,0.017,0.001,4.783,0.154,19.065,0.614,8.401,0.271,0.0,0.000
0,4294967295,184,47,aclnnMul_MulAiCore_Mul,Mul,dynamic,AI_VECTOR_CORE,1785698096531547.247	,332.567,0.069000,40,0,NO,"""4096,4096;4096,4096""",FLOAT;FLOAT,ND;ND,"""4096,4096""",FLOAT,ND,N/A,0.0,0,0.0,0.0,0.0,0.0,0.0,0.0,0.0,0.0,0.0,0.0,0.0,330.781,21831531,6.784,0.021,3.012,0.009,329.233,0.995,110.341,0.334,0.0,0.000
0,4294967295,185,47,Concat,Concat,dynamic,AI_VECTOR_CORE,1785698096531879.854	,37.140,0.000000,40,0,NO,"""128,16;128,32;128,64;128,128;128,256;128,512;128,2048;128,8192;128,32768""",FLOAT16;FLOAT16;FLOAT16;FLOAT16;FLOAT16;FLOAT16;FLOAT16;FLOAT16;FLOAT16,ND;ND;ND;ND;ND;ND;ND;ND;ND,"""128,44016""",FLOAT16,ND,N/A,0.0,0,0.0,0.0,0.0,0.0,0.0,0.0,0.0,0.0,0.0,0.0,0.0,32.219,2126457,0.017,0.001,4.675,0.145,19.858,0.616,8.905,0.276,0.0,0.000
0,4294967295,186,47,aclnnMul_MulAiCore_Mul,Mul,dynamic,AI_VECTOR_CORE,1785698096531917.014	,331.887,0.110000,40,0,NO,"""4096,4096;4096,4096""",FLOAT;FLOAT,ND;ND,"""4096,4096""",FLOAT,ND,N/A,0.0,0,0.0,0.0,0.0,0.0,0.0,0.0,0.0,0.0,0.0,0.0,0.0,329.785,21765809,6.784,0.021,2.928,0.009,328.324,0.996,110.73,0.336,0.0,0.000
0,4294967295,187,47,Concat,Concat,dynamic,AI_VECTOR_CORE,1785698096532248.921	,36.321,0.113000,40,0,NO,"""128,16;128,32;128,64;128,128;128,256;128,512;128,2048;128,8192;128,32768""",FLOAT16;FLOAT16;FLOAT16;FLOAT16;FLOAT16;FLOAT16;FLOAT16;FLOAT16;FLOAT16,ND;ND;ND;ND;ND;ND;ND;ND;ND,"""128,44016""",FLOAT16,ND,N/A,0.0,0,0.0,0.0,0.0,0.0,0.0,0.0,0.0,0.0,0.0,0.0,0.0,31.795,2098448,0.017,0.001,5.074,0.16,19.47,0.612,8.765,0.276,0.0,0.000
0,4294967295,188,47,aclnnMul_MulAiCore_Mul,Mul,dynamic,AI_VECTOR_CORE,1785698096532285.262	,332.006,0.000000,40,0,NO,"""4096,4096;4096,4096""",FLOAT;FLOAT,ND;ND,"""4096,4096""",FLOAT,ND,N/A,0.0,0,0.0,0.0,0.0,0.0,0.0,0.0,0.0,0.0,0.0,0.0,0.0,329.65,21756875,6.784,0.021,3.036,0.009,328.062,0.995,111.289,0.338,0.0,0.000
0,4294967295,189,47,Concat,Concat,dynamic,AI_VECTOR_CORE,1785698096532617.288	,37.201,0.000000,40,0,NO,"""128,16;128,32;128,64;128,128;128,256;128,512;128,2048;128,8192;128,32768""",FLOAT16;FLOAT16;FLOAT16;FLOAT16;FLOAT16;FLOAT16;FLOAT16;FLOAT16;FLOAT16,ND;ND;ND;ND;ND;ND;ND;ND;ND,"""128,44016""",FLOAT16,ND,N/A,0.0,0,0.0,0.0,0.0,0.0,0.0,0.0,0.0,0.0,0.0,0.0,0.0,31.373,2070621,0.017,0.001,6.492,0.207,17.887,0.57,8.436,0.269,0.0,0.000
0,4294967295,190,47,aclnnMul_MulAiCore_Mul,Mul,dynamic,AI_VECTOR_CORE,1785698096532654.509	,331.087,0.049000,40,0,NO,"""4096,4096;4096,4096""",FLOAT;FLOAT,ND;ND,"""4096,4096""",FLOAT,ND,N/A,0.0,0,0.0,0.0,0.0,0.0,0.0,0.0,0.0,0.0,0.0,0.0,0.0,329.272,21731956,6.784,0.021,2.937,0.009,327.802,0.996,110.603,0.336,0.0,0.000
0,4294967295,191,47,Concat,Concat,dynamic,AI_VECTOR_CORE,1785698096532985.616	,35.860,0.000000,40,0,NO,"""128,16;128,32;128,64;128,128;128,256;128,512;128,2048;128,8192;128,32768""",FLOAT16;FLOAT16;FLOAT16;FLOAT16;FLOAT16;FLOAT16;FLOAT16;FLOAT16;FLOAT16,ND;ND;ND;ND;ND;ND;ND;ND;ND,"""128,44016""",FLOAT16,ND,N/A,0.0,0,0.0,0.0,0.0,0.0,0.0,0.0,0.0,0.0,0.0,0.0,0.0,30.678,2024774,0.017,0.001,4.776,0.156,18.676,0.609,8.478,0.276,0.0,0.000
0,4294967295,192,47,aclnnMul_MulAiCore_Mul,Mul,dynamic,AI_VECTOR_CORE,1785698096533021.496	,333.027,0.140000,40,0,NO,"""4096,4096;4096,4096""",FLOAT;FLOAT,ND;ND,"""4096,4096""",FLOAT,ND,N/A,0.0,0,0.0,0.0,0.0,0.0,0.0,0.0,0.0,0.0,0.0,0.0,0.0,330.524,21814579,6.784,0.021,3.05,0.009,328.93,0.995,112.623,0.341,0.0,0.000
0,4294967295,193,47,Concat,Concat,dynamic,AI_VECTOR_CORE,1785698096533354.543	,36.601,0.000000,40,0,NO,"""128,16;128,32;128,64;128,128;128,256;128,512;128,2048;128,8192;128,32768""",FLOAT16;FLOAT16;FLOAT16;FLOAT16;FLOAT16;FLOAT16;FLOAT16;FLOAT16;FLOAT16,ND;ND;ND;ND;ND;ND;ND;ND;ND,"""128,44016""",FLOAT16,ND,N/A,0.0,0,0.0,0.0,0.0,0.0,0.0,0.0,0.0,0.0,0.0,0.0,0.0,30.897,2039222,0.017,0.001,4.812,0.156,18.746,0.607,8.594,0.278,0.0,0.000
0,4294967295,194,47,aclnnMul_MulAiCore_Mul,Mul,dynamic,AI_VECTOR_CORE,1785698096533391.184	,333.246,0.149000,40,0,NO,"""4096,4096;4096,4096""",FLOAT;FLOAT,ND;ND,"""4096,4096""",FLOAT,ND,N/A,0.0,0,0.0,0.0,0.0,0.0,0.0,0.0,0.0,0.0,0.0,0.0,0.0,330.765,21830482,6.784,0.021,2.964,0.009,329.202,0.995,111.924,0.338,0.0,0.000
0,4294967295,195,47,Concat,Concat,dynamic,AI_VECTOR_CORE,1785698096533724.450	,37.581,0.004000,40,0,NO,"""128,16;128,32;128,64;128,128;128,256;128,512;128,2048;128,8192;128,32768""",FLOAT16;FLOAT16;FLOAT16;FLOAT16;FLOAT16;FLOAT16;FLOAT16;FLOAT16;FLOAT16,ND;ND;ND;ND;ND;ND;ND;ND;ND,"""128,44016""",FLOAT16,ND,N/A,0.0,0,0.0,0.0,0.0,0.0,0.0,0.0,0.0,0.0,0.0,0.0,0.0,31.712,2092979,0.017,0.001,5.657,0.178,19.291,0.608,8.568,0.27,0.0,0.000
0,4294967295,196,47,aclnnMul_MulAiCore_Mul,Mul,dynamic,AI_VECTOR_CORE,1785698096533762.051	,333.147,0.000000,40,0,NO,"""4096,4096;4096,4096""",FLOAT;FLOAT,ND;ND,"""4096,4096""",FLOAT,ND,N/A,0.0,0,0.0,0.0,0.0,0.0,0.0,0.0,0.0,0.0,0.0,0.0,0.0,331.302,21865945,6.784,0.02,3.015,0.009,329.742,0.995,110.546,0.334,0.0,0.000
0,4294967295,197,47,Concat,Concat,dynamic,AI_VECTOR_CORE,1785698096534095.218	,37.041,0.103000,40,0,NO,"""128,16;128,32;128,64;128,128;128,256;128,512;128,2048;128,8192;128,32768""",FLOAT16;FLOAT16;FLOAT16;FLOAT16;FLOAT16;FLOAT16;FLOAT16;FLOAT16;FLOAT16,ND;ND;ND;ND;ND;ND;ND;ND;ND,"""128,44016""",FLOAT16,ND,N/A,0.0,0,0.0,0.0,0.0,0.0,0.0,0.0,0.0,0.0,0.0,0.0,0.0,31.595,2085280,0.017,0.001,4.91,0.155,19.262,0.61,8.742,0.277,0.0,0.000
0,4294967295,198,47,aclnnMul_MulAiCore_Mul,Mul,dynamic,AI_VECTOR_CORE,1785698096534132.279	,331.706,0.000000,40,0,NO,"""4096,4096;4096,4096""",FLOAT;FLOAT,ND;ND,"""4096,4096""",FLOAT,ND,N/A,0.0,0,0.0,0.0,0.0,0.0,0.0,0.0,0.0,0.0,0.0,0.0,0.0,329.863,21770971,6.784,0.021,2.949,0.009,328.342,0.995,111.476,0.338,0.0,0.000
0,4294967295,199,47,Concat,Concat,dynamic,AI_VECTOR_CORE,1785698096534464.025	,36.201,0.044000,40,0,NO,"""128,16;128,32;128,64;128,128;128,256;128,512;128,2048;128,8192;128,32768""",FLOAT16;FLOAT16;FLOAT16;FLOAT16;FLOAT16;FLOAT16;FLOAT16;FLOAT16;FLOAT16,ND;ND;ND;ND;ND;ND;ND;ND;ND,"""128,44016""",FLOAT16,ND,N/A,0.0,0,0.0,0.0,0.0,0.0,0.0,0.0,0.0,0.0,0.0,0.0,0.0,30.482,2011786,0.017,0.001,4.807,0.158,18.647,0.612,8.284,0.272,0.0,0.000
0,4294967295,200,47,aclnnMul_MulAiCore_Mul,Mul,dynamic,AI_VECTOR_CORE,1785698096534500.246	,333.427,0.049000,40,0,NO,"""4096,4096;4096,4096""",FLOAT;FLOAT,ND;ND,"""4096,4096""",FLOAT,ND,N/A,0.0,0,0.0,0.0,0.0,0.0,0.0,0.0,0.0,0.0,0.0,0.0,0.0,330.886,21838459,6.784,0.021,3.158,0.01,329.185,0.995,111.943,0.338,0.0,0.000
0,4294967295,201,47,Concat,Concat,dynamic,AI_VECTOR_CORE,1785698096534833.693	,36.980,0.073000,40,0,NO,"""128,16;128,32;128,64;128,128;128,256;128,512;128,2048;128,8192;128,32768""",FLOAT16;FLOAT16;FLOAT16;FLOAT16;FLOAT16;FLOAT16;FLOAT16;FLOAT16;FLOAT16,ND;ND;ND;ND;ND;ND;ND;ND;ND,"""128,44016""",FLOAT16,ND,N/A,0.0,0,0.0,0.0,0.0,0.0,0.0,0.0,0.0,0.0,0.0,0.0,0.0,30.893,2038953,0.017,0.001,4.915,0.159,18.813,0.609,8.427,0.273,0.0,0.000
0,4294967295,202,47,aclnnMul_MulAiCore_Mul,Mul,dynamic,AI_VECTOR_CORE,1785698096534870.693	,331.507,0.020000,40,0,NO,"""4096,4096;4096,4096""",FLOAT;FLOAT,ND;ND,"""4096,4096""",FLOAT,ND,N/A,0.0,0,0.0,0.0,0.0,0.0,0.0,0.0,0.0,0.0,0.0,0.0,0.0,329.071,21718685,6.784,0.021,3.05,0.009,327.471,0.995,113.039,0.344,0.0,0.000
0,4294967295,203,47,Concat,Concat,dynamic,AI_VECTOR_CORE,1785698096535202.240	,37.881,0.000000,40,0,NO,"""128,16;128,32;128,64;128,128;128,256;128,512;128,2048;128,8192;128,32768""",FLOAT16;FLOAT16;FLOAT16;FLOAT16;FLOAT16;FLOAT16;FLOAT16;FLOAT16;FLOAT16,ND;ND;ND;ND;ND;ND;ND;ND;ND,"""128,44016""",FLOAT16,ND,N/A,0.0,0,0.0,0.0,0.0,0.0,0.0,0.0,0.0,0.0,0.0,0.0,0.0,31.974,2110257,0.017,0.001,5.59,0.175,19.892,0.622,8.357,0.261,0.0,0.000
0,4294967295,204,47,aclnnMul_MulAiCore_Mul,Mul,dynamic,AI_VECTOR_CORE,1785698096535240.141	,333.466,0.119000,40,0,NO,"""4096,4096;4096,4096""",FLOAT;FLOAT,ND;ND,"""4096,4096""",FLOAT,ND,N/A,0.0,0,0.0,0.0,0.0,0.0,0.0,0.0,0.0,0.0,0.0,0.0,0.0,331.148,21855735,6.784,0.02,3.096,0.009,329.49,0.995,112.567,0.34,0.0,0.000
0,4294967295,205,47,Concat,Concat,dynamic,AI_VECTOR_CORE,1785698096535573.627	,37.801,0.034000,40,0,NO,"""128,16;128,32;128,64;128,128;128,256;128,512;128,2048;128,8192;128,32768""",FLOAT16;FLOAT16;FLOAT16;FLOAT16;FLOAT16;FLOAT16;FLOAT16;FLOAT16;FLOAT16,ND;ND;ND;ND;ND;ND;ND;ND;ND,"""128,44016""",FLOAT16,ND,N/A,0.0,0,0.0,0.0,0.0,0.0,0.0,0.0,0.0,0.0,0.0,0.0,0.0,32.189,2124492,0.017,0.001,4.855,0.151,19.777,0.614,8.866,0.275,0.0,0.000
0,4294967295,206,47,aclnnMul_MulAiCore_Mul,Mul,dynamic,AI_VECTOR_CORE,1785698096535611.448	,331.487,0.000000,40,0,NO,"""4096,4096;4096,4096""",FLOAT;FLOAT,ND;ND,"""4096,4096""",FLOAT,ND,N/A,0.0,0,0.0,0.0,0.0,0.0,0.0,0.0,0.0,0.0,0.0,0.0,0.0,328.968,21711904,6.784,0.021,3.015,0.009,327.412,0.995,109.966,0.334,0.0,0.000
0,4294967295,207,47,Concat,Concat,dynamic,AI_VECTOR_CORE,1785698096535942.955	,36.961,0.013000,40,0,NO,"""128,16;128,32;128,64;128,128;128,256;128,512;128,2048;128,8192;128,32768""",FLOAT16;FLOAT16;FLOAT16;FLOAT16;FLOAT16;FLOAT16;FLOAT16;FLOAT16;FLOAT16,ND;ND;ND;ND;ND;ND;ND;ND;ND,"""128,44016""",FLOAT16,ND,N/A,0.0,0,0.0,0.0,0.0,0.0,0.0,0.0,0.0,0.0,0.0,0.0,0.0,31.436,2074799,0.017,0.001,4.719,0.15,19.377,0.616,8.57,0.273,0.0,0.000
0,4294967295,208,47,aclnnMul_MulAiCore_Mul,Mul,dynamic,AI_VECTOR_CORE,1785698096535979.936	,332.526,0.039000,40,0,NO,"""4096,4096;4096,4096""",FLOAT;FLOAT,ND;ND,"""4096,4096""",FLOAT,ND,N/A,0.0,0,0.0,0.0,0.0,0.0,0.0,0.0,0.0,0.0,0.0,0.0,0.0,330.389,21805663,6.784,0.021,2.964,0.009,328.923,0.996,111.305,0.337,0.0,0.000
0,4294967295,209,47,Concat,Concat,dynamic,AI_VECTOR_CORE,1785698096536312.482	,37.141,0.000000,40,0,NO,"""128,16;128,32;128,64;128,128;128,256;128,512;128,2048;128,8192;128,32768""",FLOAT16;FLOAT16;FLOAT16;FLOAT16;FLOAT16;FLOAT16;FLOAT16;FLOAT16;FLOAT16,ND;ND;ND;ND;ND;ND;ND;ND;ND,"""128,44016""",FLOAT16,ND,N/A,0.0,0,0.0,0.0,0.0,0.0,0.0,0.0,0.0,0.0,0.0,0.0,0.0,31.83,2100796,0.017,0.001,4.642,0.146,19.567,0.615,8.841,0.278,0.0,0.000
0,4294967295,210,47,aclnnMul_MulAiCore_Mul,Mul,dynamic,AI_VECTOR_CORE,1785698096536349.643	,331.687,0.109000,40,0,NO,"""4096,4096;4096,4096""",FLOAT;FLOAT,ND;ND,"""4096,4096""",FLOAT,ND,N/A,0.0,0,0.0,0.0,0.0,0.0,0.0,0.0,0.0,0.0,0.0,0.0,0.0,329.736,21762606,6.784,0.021,3.028,0.009,328.15,0.995,111.579,0.338,0.0,0.000
0,4294967295,211,47,Concat,Concat,dynamic,AI_VECTOR_CORE,1785698096536681.350	,36.600,0.000000,40,0,NO,"""128,16;128,32;128,64;128,128;128,256;128,512;128,2048;128,8192;128,32768""",FLOAT16;FLOAT16;FLOAT16;FLOAT16;FLOAT16;FLOAT16;FLOAT16;FLOAT16;FLOAT16,ND;ND;ND;ND;ND;ND;ND;ND;ND,"""128,44016""",FLOAT16,ND,N/A,0.0,0,0.0,0.0,0.0,0.0,0.0,0.0,0.0,0.0,0.0,0.0,0.0,32.047,2115095,0.017,0.001,4.83,0.151,19.436,0.606,9.203,0.287,0.0,0.000
0,4294967295,212,47,aclnnMul_MulAiCore_Mul,Mul,dynamic,AI_VECTOR_CORE,1785698096536717.970	,332.227,0.150000,40,0,NO,"""4096,4096;4096,4096""",FLOAT;FLOAT,ND;ND,"""4096,4096""",FLOAT,ND,N/A,0.0,0,0.0,0.0,0.0,0.0,0.0,0.0,0.0,0.0,0.0,0.0,0.0,330.274,21798100,6.784,0.021,2.909,0.009,328.842,0.996,112.435,0.34,0.0,0.000
0,4294967295,213,47,Concat,Concat,dynamic,AI_VECTOR_CORE,1785698096537050.217	,37.221,0.023000,40,0,NO,"""128,16;128,32;128,64;128,128;128,256;128,512;128,2048;128,8192;128,32768""",FLOAT16;FLOAT16;FLOAT16;FLOAT16;FLOAT16;FLOAT16;FLOAT16;FLOAT16;FLOAT16,ND;ND;ND;ND;ND;ND;ND;ND;ND,"""128,44016""",FLOAT16,ND,N/A,0.0,0,0.0,0.0,0.0,0.0,0.0,0.0,0.0,0.0,0.0,0.0,0.0,32.323,2133291,0.017,0.001,5.081,0.157,19.86,0.614,8.949,0.277,0.0,0.000
0,4294967295,214,47,aclnnMul_MulAiCore_Mul,Mul,dynamic,AI_VECTOR_CORE,1785698096537087.458	,332.386,0.029000,40,0,NO,"""4096,4096;4096,4096""",FLOAT;FLOAT,ND;ND,"""4096,4096""",FLOAT,ND,N/A,0.0,0,0.0,0.0,0.0,0.0,0.0,0.0,0.0,0.0,0.0,0.0,0.0,329.787,21765928,6.784,0.021,3.037,0.009,328.18,0.995,112.145,0.34,0.0,0.000
0,4294967295,215,47,Concat,Concat,dynamic,AI_VECTOR_CORE,1785698096537419.884	,36.541,0.114000,40,0,NO,"""128,16;128,32;128,64;128,128;128,256;128,512;128,2048;128,8192;128,32768""",FLOAT16;FLOAT16;FLOAT16;FLOAT16;FLOAT16;FLOAT16;FLOAT16;FLOAT16;FLOAT16,ND;ND;ND;ND;ND;ND;ND;ND;ND,"""128,44016""",FLOAT16,ND,N/A,0.0,0,0.0,0.0,0.0,0.0,0.0,0.0,0.0,0.0,0.0,0.0,0.0,31.311,2066493,0.017,0.001,4.902,0.157,19.425,0.62,8.205,0.262,0.0,0.000
0,4294967295,216,47,aclnnMul_MulAiCore_Mul,Mul,dynamic,AI_VECTOR_CORE,1785698096537456.445	,333.407,0.000000,40,0,NO,"""4096,4096;4096,4096""",FLOAT;FLOAT,ND;ND,"""4096,4096""",FLOAT,ND,N/A,0.0,0,0.0,0.0,0.0,0.0,0.0,0.0,0.0,0.0,0.0,0.0,0.0,331.227,21860985,6.784,0.02,3.071,0.009,329.631,0.995,112.77,0.34,0.0,0.000
0,4294967295,217,47,Concat,Concat,dynamic,AI_VECTOR_CORE,1785698096537789.872	,37.840,0.000000,40,0,NO,"""128,16;128,32;128,64;128,128;128,256;128,512;128,2048;128,8192;128,32768""",FLOAT16;FLOAT16;FLOAT16;FLOAT16;FLOAT16;FLOAT16;FLOAT16;FLOAT16;FLOAT16,ND;ND;ND;ND;ND;ND;ND;ND;ND,"""128,44016""",FLOAT16,ND,N/A,0.0,0,0.0,0.0,0.0,0.0,0.0,0.0,0.0,0.0,0.0,0.0,0.0,32.898,2171267,0.017,0.001,4.841,0.147,20.39,0.62,8.886,0.27,0.0,0.000
0,4294967295,218,47,aclnnMul_MulAiCore_Mul,Mul,dynamic,AI_VECTOR_CORE,1785698096537827.732	,332.287,0.160000,40,0,NO,"""4096,4096;4096,4096""",FLOAT;FLOAT,ND;ND,"""4096,4096""",FLOAT,ND,N/A,0.0,0,0.0,0.0,0.0,0.0,0.0,0.0,0.0,0.0,0.0,0.0,0.0,329.926,21775138,6.784,0.021,3.135,0.01,328.166,0.995,111.104,0.337,0.0,0.000
0,4294967295,219,47,Concat,Concat,dynamic,AI_VECTOR_CORE,1785698096538160.039	,35.621,0.000000,40,0,NO,"""128,16;128,32;128,64;128,128;128,256;128,512;128,2048;128,8192;128,32768""",FLOAT16;FLOAT16;FLOAT16;FLOAT16;FLOAT16;FLOAT16;FLOAT16;FLOAT16;FLOAT16,ND;ND;ND;ND;ND;ND;ND;ND;ND,"""128,44016""",FLOAT16,ND,N/A,0.0,0,0.0,0.0,0.0,0.0,0.0,0.0,0.0,0.0,0.0,0.0,0.0,30.781,2031530,0.017,0.001,4.918,0.16,18.828,0.612,8.438,0.274,0.0,0.000
0,4294967295,220,47,aclnnMul_MulAiCore_Mul,Mul,dynamic,AI_VECTOR_CORE,1785698096538195.680	,332.666,0.129000,40,0,NO,"""4096,4096;4096,4096""",FLOAT;FLOAT,ND;ND,"""4096,4096""",FLOAT,ND,N/A,0.0,0,0.0,0.0,0.0,0.0,0.0,0.0,0.0,0.0,0.0,0.0,0.0,330.447,21809497,6.784,0.021,3.002,0.009,328.882,0.995,112.284,0.34,0.0,0.000
0,4294967295,221,47,Concat,Concat,dynamic,AI_VECTOR_CORE,1785698096538528.386	,36.881,0.084000,40,0,NO,"""128,16;128,32;128,64;128,128;128,256;128,512;128,2048;128,8192;128,32768""",FLOAT16;FLOAT16;FLOAT16;FLOAT16;FLOAT16;FLOAT16;FLOAT16;FLOAT16;FLOAT16,ND;ND;ND;ND;ND;ND;ND;ND;ND,"""128,44016""",FLOAT16,ND,N/A,0.0,0,0.0,0.0,0.0,0.0,0.0,0.0,0.0,0.0,0.0,0.0,0.0,31.408,2072950,0.017,0.001,5.114,0.163,19.168,0.61,8.658,0.276,0.0,0.000
0,4294967295,222,47,aclnnMul_MulAiCore_Mul,Mul,dynamic,AI_VECTOR_CORE,1785698096538565.287	,331.827,0.000000,40,0,NO,"""4096,4096;4096,4096""",FLOAT;FLOAT,ND;ND,"""4096,4096""",FLOAT,ND,N/A,0.0,0,0.0,0.0,0.0,0.0,0.0,0.0,0.0,0.0,0.0,0.0,0.0,329.728,21762035,6.784,0.021,3.077,0.009,328.087,0.995,111.054,0.337,0.0,0.000
0,4294967295,223,47,Concat,Concat,dynamic,AI_VECTOR_CORE,1785698096538897.134	,36.521,0.173000,40,0,NO,"""128,16;128,32;128,64;128,128;128,256;128,512;128,2048;128,8192;128,32768""",FLOAT16;FLOAT16;FLOAT16;FLOAT16;FLOAT16;FLOAT16;FLOAT16;FLOAT16;FLOAT16,ND;ND;ND;ND;ND;ND;ND;ND;ND,"""128,44016""",FLOAT16,ND,N/A,0.0,0,0.0,0.0,0.0,0.0,0.0,0.0,0.0,0.0,0.0,0.0,0.0,31.499,2078951,0.017,0.001,4.967,0.158,19.28,0.612,8.492,0.27,0.0,0.000
0,4294967295,224,47,aclnnMul_MulAiCore_Mul,Mul,dynamic,AI_VECTOR_CORE,1785698096538933.675	,332.206,0.000000,40,0,NO,"""4096,4096;4096,4096""",FLOAT;FLOAT,ND;ND,"""4096,4096""",FLOAT,ND,N/A,0.0,0,0.0,0.0,0.0,0.0,0.0,0.0,0.0,0.0,0.0,0.0,0.0,330.499,21812953,6.784,0.021,2.937,0.009,329.038,0.996,111.362,0.337,0.0,0.000
0,4294967295,225,47,Concat,Concat,dynamic,AI_VECTOR_CORE,1785698096539265.901	,37.541,0.044000,40,0,NO,"""128,16;128,32;128,64;128,128;128,256;128,512;128,2048;128,8192;128,32768""",FLOAT16;FLOAT16;FLOAT16;FLOAT16;FLOAT16;FLOAT16;FLOAT16;FLOAT16;FLOAT16,ND;ND;ND;ND;ND;ND;ND;ND;ND,"""128,44016""",FLOAT16,ND,N/A,0.0,0,0.0,0.0,0.0,0.0,0.0,0.0,0.0,0.0,0.0,0.0,0.0,31.87,2103407,0.017,0.001,4.959,0.156,19.344,0.607,8.842,0.277,0.0,0.000
0,4294967295,226,47,aclnnMul_MulAiCore_Mul,Mul,dynamic,AI_VECTOR_CORE,1785698096539303.482	,331.487,0.000000,40,0,NO,"""4096,4096;4096,4096""",FLOAT;FLOAT,ND;ND,"""4096,4096""",FLOAT,ND,N/A,0.0,0,0.0,0.0,0.0,0.0,0.0,0.0,0.0,0.0,0.0,0.0,0.0,329.874,21771678,6.784,0.021,3.011,0.009,328.366,0.995,110.254,0.334,0.0,0.000
0,4294967295,227,47,Concat,Concat,dynamic,AI_VECTOR_CORE,1785698096539634.989	,37.140,0.013000,40,0,NO,"""128,16;128,32;128,64;128,128;128,256;128,512;128,2048;128,8192;128,32768""",FLOAT16;FLOAT16;FLOAT16;FLOAT16;FLOAT16;FLOAT16;FLOAT16;FLOAT16;FLOAT16,ND;ND;ND;ND;ND;ND;ND;ND;ND,"""128,44016""",FLOAT16,ND,N/A,0.0,0,0.0,0.0,0.0,0.0,0.0,0.0,0.0,0.0,0.0,0.0,0.0,31.46,2076354,0.017,0.001,5.251,0.167,18.873,0.6,8.932,0.284,0.0,0.000
0,4294967295,228,47,aclnnMul_MulAiCore_Mul,Mul,dynamic,AI_VECTOR_CORE,1785698096539672.149	,333.027,0.110000,40,0,NO,"""4096,4096;4096,4096""",FLOAT;FLOAT,ND;ND,"""4096,4096""",FLOAT,ND,N/A,0.0,0,0.0,0.0,0.0,0.0,0.0,0.0,0.0,0.0,0.0,0.0,0.0,331.038,21848502,6.784,0.02,2.944,0.009,329.558,0.996,111.863,0.338,0.0,0.000
0,4294967295,229,47,Concat,Concat,dynamic,AI_VECTOR_CORE,1785698096540005.196	,36.801,0.000000,40,0,NO,"""128,16;128,32;128,64;128,128;128,256;128,512;128,2048;128,8192;128,32768""",FLOAT16;FLOAT16;FLOAT16;FLOAT16;FLOAT16;FLOAT16;FLOAT16;FLOAT16;FLOAT16,ND;ND;ND;ND;ND;ND;ND;ND;ND,"""128,44016""",FLOAT16,ND,N/A,0.0,0,0.0,0.0,0.0,0.0,0.0,0.0,0.0,0.0,0.0,0.0,0.0,30.824,2034383,0.017,0.001,4.926,0.16,18.886,0.613,8.422,0.273,0.0,0.000
0,4294967295,230,47,aclnnMul_MulAiCore_Mul,Mul,dynamic,AI_VECTOR_CORE,1785698096540042.017	,330.606,0.000000,40,0,NO,"""4096,4096;4096,4096""",FLOAT;FLOAT,ND;ND,"""4096,4096""",FLOAT,ND,N/A,0.0,0,0.0,0.0,0.0,0.0,0.0,0.0,0.0,0.0,0.0,0.0,0.0,328.427,21676183,6.784,0.021,3.079,0.009,326.829,0.995,109.912,0.335,0.0,0.000
0,4294967295,231,47,Concat,Concat,dynamic,AI_VECTOR_CORE,1785698096540372.643	,36.901,0.144000,40,0,NO,"""128,16;128,32;128,64;128,128;128,256;128,512;128,2048;128,8192;128,32768""",FLOAT16;FLOAT16;FLOAT16;FLOAT16;FLOAT16;FLOAT16;FLOAT16;FLOAT16;FLOAT16,ND;ND;ND;ND;ND;ND;ND;ND;ND,"""128,44016""",FLOAT16,ND,N/A,0.0,0,0.0,0.0,0.0,0.0,0.0,0.0,0.0,0.0,0.0,0.0,0.0,31.267,2063653,0.017,0.001,4.805,0.154,19.235,0.615,8.46,0.271,0.0,0.000
0,4294967295,232,47,aclnnMul_MulAiCore_Mul,Mul,dynamic,AI_VECTOR_CORE,1785698096540409.584	,332.767,0.000000,40,0,NO,"""4096,4096;4096,4096""",FLOAT;FLOAT,ND;ND,"""4096,4096""",FLOAT,ND,N/A,0.0,0,0.0,0.0,0.0,0.0,0.0,0.0,0.0,0.0,0.0,0.0,0.0,330.498,21812846,6.784,0.021,2.993,0.009,328.971,0.995,111.212,0.336,0.0,0.000
0,4294967295,233,47,Concat,Concat,dynamic,AI_VECTOR_CORE,1785698096540742.391	,37.080,0.233000,40,0,NO,"""128,16;128,32;128,64;128,128;128,256;128,512;128,2048;128,8192;128,32768""",FLOAT16;FLOAT16;FLOAT16;FLOAT16;FLOAT16;FLOAT16;FLOAT16;FLOAT16;FLOAT16,ND;ND;ND;ND;ND;ND;ND;ND;ND,"""128,44016""",FLOAT16,ND,N/A,0.0,0,0.0,0.0,0.0,0.0,0.0,0.0,0.0,0.0,0.0,0.0,0.0,31.281,2064554,0.017,0.001,4.933,0.158,19.037,0.609,8.543,0.273,0.0,0.000
0,4294967295,234,47,aclnnMul_MulAiCore_Mul,Mul,dynamic,AI_VECTOR_CORE,1785698096540779.491	,331.967,0.000000,40,0,NO,"""4096,4096;4096,4096""",FLOAT;FLOAT,ND;ND,"""4096,4096""",FLOAT,ND,N/A,0.0,0,0.0,0.0,0.0,0.0,0.0,0.0,0.0,0.0,0.0,0.0,0.0,329.644,21756488,6.784,0.021,3.106,0.009,327.988,0.995,112.256,0.341,0.0,0.000
0,4294967295,235,47,Concat,Concat,dynamic,AI_VECTOR_CORE,1785698096541111.478	,36.981,0.033000,40,0,NO,"""128,16;128,32;128,64;128,128;128,256;128,512;128,2048;128,8192;128,32768""",FLOAT16;FLOAT16;FLOAT16;FLOAT16;FLOAT16;FLOAT16;FLOAT16;FLOAT16;FLOAT16,ND;ND;ND;ND;ND;ND;ND;ND;ND,"""128,44016""",FLOAT16,ND,N/A,0.0,0,0.0,0.0,0.0,0.0,0.0,0.0,0.0,0.0,0.0,0.0,0.0,31.653,2089114,0.017,0.001,5.189,0.164,19.421,0.614,8.626,0.273,0.0,0.000
0,4294967295,236,47,aclnnMul_MulAiCore_Mul,Mul,dynamic,AI_VECTOR_CORE,1785698096541148.479	,331.626,0.019000,40,0,NO,"""4096,4096;4096,4096""",FLOAT;FLOAT,ND;ND,"""4096,4096""",FLOAT,ND,N/A,0.0,0,0.0,0.0,0.0,0.0,0.0,0.0,0.0,0.0,0.0,0.0,0.0,329.528,21748830,6.784,0.021,3.352,0.01,327.644,0.994,108.455,0.329,0.0,0.000
0,4294967295,237,47,Concat,Concat,dynamic,AI_VECTOR_CORE,1785698096541480.145	,35.961,0.124000,40,0,NO,"""128,16;128,32;128,64;128,128;128,256;128,512;128,2048;128,8192;128,32768""",FLOAT16;FLOAT16;FLOAT16;FLOAT16;FLOAT16;FLOAT16;FLOAT16;FLOAT16;FLOAT16,ND;ND;ND;ND;ND;ND;ND;ND;ND,"""128,44016""",FLOAT16,ND,N/A,0.0,0,0.0,0.0,0.0,0.0,0.0,0.0,0.0,0.0,0.0,0.0,0.0,30.6,2019605,0.017,0.001,6.366,0.208,17.102,0.559,8.423,0.275,0.0,0.000
0,4294967295,238,47,aclnnMul_MulAiCore_Mul,Mul,dynamic,AI_VECTOR_CORE,1785698096541516.126	,331.547,0.039000,40,0,NO,"""4096,4096;4096,4096""",FLOAT;FLOAT,ND;ND,"""4096,4096""",FLOAT,ND,N/A,0.0,0,0.0,0.0,0.0,0.0,0.0,0.0,0.0,0.0,0.0,0.0,0.0,329.516,21748064,6.784,0.021,3.161,0.01,327.827,0.995,111.695,0.339,0.0,0.000
0,4294967295,239,47,Concat,Concat,dynamic,AI_VECTOR_CORE,1785698096541847.713	,37.221,0.000000,40,0,NO,"""128,16;128,32;128,64;128,128;128,256;128,512;128,2048;128,8192;128,32768""",FLOAT16;FLOAT16;FLOAT16;FLOAT16;FLOAT16;FLOAT16;FLOAT16;FLOAT16;FLOAT16,ND;ND;ND;ND;ND;ND;ND;ND;ND,"""128,44016""",FLOAT16,ND,N/A,0.0,0,0.0,0.0,0.0,0.0,0.0,0.0,0.0,0.0,0.0,0.0,0.0,31.878,2103972,0.017,0.001,4.859,0.152,19.636,0.616,8.615,0.27,0.0,0.000
0,4294967295,240,47,aclnnMul_MulAiCore_Mul,Mul,dynamic,AI_VECTOR_CORE,1785698096541884.954	,332.766,0.029000,40,0,NO,"""4096,4096;4096,4096""",FLOAT;FLOAT,ND;ND,"""4096,4096""",FLOAT,ND,N/A,0.0,0,0.0,0.0,0.0,0.0,0.0,0.0,0.0,0.0,0.0,0.0,0.0,330.53,21814965,6.784,0.021,3.065,0.009,328.908,0.995,112.853,0.341,0.0,0.000
0,4294967295,241,47,Concat,Concat,dynamic,AI_VECTOR_CORE,1785698096542217.740	,37.701,0.000000,40,0,NO,"""128,16;128,32;128,64;128,128;128,256;128,512;128,2048;128,8192;128,32768""",FLOAT16;FLOAT16;FLOAT16;FLOAT16;FLOAT16;FLOAT16;FLOAT16;FLOAT16;FLOAT16,ND;ND;ND;ND;ND;ND;ND;ND;ND,"""128,44016""",FLOAT16,ND,N/A,0.0,0,0.0,0.0,0.0,0.0,0.0,0.0,0.0,0.0,0.0,0.0,0.0,32.355,2135410,0.017,0.001,4.776,0.148,19.996,0.618,8.796,0.272,0.0,0.000
0,4294967295,242,47,aclnnMul_MulAiCore_Mul,Mul,dynamic,AI_VECTOR_CORE,1785698096542255.461	,332.047,0.049000,40,0,NO,"""4096,4096;4096,4096""",FLOAT;FLOAT,ND;ND,"""4096,4096""",FLOAT,ND,N/A,0.0,0,0.0,0.0,0.0,0.0,0.0,0.0,0.0,0.0,0.0,0.0,0.0,329.473,21745189,6.784,0.021,2.934,0.009,328.007,0.996,111.891,0.34,0.0,0.000
0,4294967295,243,47,Concat,Concat,dynamic,AI_VECTOR_CORE,1785698096542587.528	,37.200,0.000000,40,0,NO,"""128,16;128,32;128,64;128,128;128,256;128,512;128,2048;128,8192;128,32768""",FLOAT16;FLOAT16;FLOAT16;FLOAT16;FLOAT16;FLOAT16;FLOAT16;FLOAT16;FLOAT16,ND;ND;ND;ND;ND;ND;ND;ND;ND,"""128,44016""",FLOAT16,ND,N/A,0.0,0,0.0,0.0,0.0,0.0,0.0,0.0,0.0,0.0,0.0,0.0,0.0,32.544,2147880,0.017,0.001,5.216,0.16,19.697,0.605,9.182,0.282,0.0,0.000
0,4294967295,244,47,aclnnMul_MulAiCore_Mul,Mul,dynamic,AI_VECTOR_CORE,1785698096542624.748	,333.327,0.050000,40,0,NO,"""4096,4096;4096,4096""",FLOAT;FLOAT,ND;ND,"""4096,4096""",FLOAT,ND,N/A,0.0,0,0.0,0.0,0.0,0.0,0.0,0.0,0.0,0.0,0.0,0.0,0.0,330.834,21835034,6.784,0.021,3.031,0.009,329.263,0.995,111.384,0.337,0.0,0.000
0,4294967295,245,47,Concat,Concat,dynamic,AI_VECTOR_CORE,1785698096542958.095	,37.221,0.000000,40,0,NO,"""128,16;128,32;128,64;128,128;128,256;128,512;128,2048;128,8192;128,32768""",FLOAT16;FLOAT16;FLOAT16;FLOAT16;FLOAT16;FLOAT16;FLOAT16;FLOAT16;FLOAT16,ND;ND;ND;ND;ND;ND;ND;ND;ND,"""128,44016""",FLOAT16,ND,N/A,0.0,0,0.0,0.0,0.0,0.0,0.0,0.0,0.0,0.0,0.0,0.0,0.0,32.416,2139470,0.017,0.001,5.035,0.155,19.844,0.612,9.003,0.278,0.0,0.000
0,4294967295,246,47,aclnnMul_MulAiCore_Mul,Mul,dynamic,AI_VECTOR_CORE,1785698096542995.336	,330.986,0.029000,40,0,NO,"""4096,4096;4096,4096""",FLOAT;FLOAT,ND;ND,"""4096,4096""",FLOAT,ND,N/A,0.0,0,0.0,0.0,0.0,0.0,0.0,0.0,0.0,0.0,0.0,0.0,0.0,329.066,21718367,6.784,0.021,2.994,0.009,327.524,0.995,111.863,0.34,0.0,0.000
0,4294967295,247,47,Concat,Concat,dynamic,AI_VECTOR_CORE,1785698096543326.342	,36.481,0.014000,40,0,NO,"""128,16;128,32;128,64;128,128;128,256;128,512;128,2048;128,8192;128,32768""",FLOAT16;FLOAT16;FLOAT16;FLOAT16;FLOAT16;FLOAT16;FLOAT16;FLOAT16;FLOAT16,ND;ND;ND;ND;ND;ND;ND;ND;ND,"""128,44016""",FLOAT16,ND,N/A,0.0,0,0.0,0.0,0.0,0.0,0.0,0.0,0.0,0.0,0.0,0.0,0.0,31.218,2060398,0.017,0.001,4.763,0.153,19.308,0.618,8.367,0.268,0.0,0.000
0,4294967295,248,47,aclnnMul_MulAiCore_Mul,Mul,dynamic,AI_VECTOR_CORE,1785698096543362.843	,332.467,0.019000,40,0,NO,"""4096,4096;4096,4096""",FLOAT;FLOAT,ND;ND,"""4096,4096""",FLOAT,ND,N/A,0.0,0,0.0,0.0,0.0,0.0,0.0,0.0,0.0,0.0,0.0,0.0,0.0,330.124,21788175,6.784,0.021,3.173,0.01,328.401,0.995,112.272,0.34,0.0,0.000
0,4294967295,249,47,Concat,Concat,dynamic,AI_VECTOR_CORE,1785698096543695.330	,37.260,0.033000,40,0,NO,"""128,16;128,32;128,64;128,128;128,256;128,512;128,2048;128,8192;128,32768""",FLOAT16;FLOAT16;FLOAT16;FLOAT16;FLOAT16;FLOAT16;FLOAT16;FLOAT16;FLOAT16,ND;ND;ND;ND;ND;ND;ND;ND;ND,"""128,44016""",FLOAT16,ND,N/A,0.0,0,0.0,0.0,0.0,0.0,0.0,0.0,0.0,0.0,0.0,0.0,0.0,31.826,2100547,0.017,0.001,4.763,0.15,19.399,0.61,8.889,0.279,0.0,0.000
0,4294967295,250,47,aclnnMul_MulAiCore_Mul,Mul,dynamic,AI_VECTOR_CORE,1785698096543732.610	,331.247,0.000000,40,0,NO,"""4096,4096;4096,4096""",FLOAT;FLOAT,ND;ND,"""4096,4096""",FLOAT,ND,N/A,0.0,0,0.0,0.0,0.0,0.0,0.0,0.0,0.0,0.0,0.0,0.0,0.0,328.859,21704673,6.784,0.021,3.433,0.01,326.913,0.994,111.254,0.338,0.0,0.000
0,4294967295,251,47,Concat,Concat,dynamic,AI_VECTOR_CORE,1785698096544063.877	,36.461,0.253000,40,0,NO,"""128,16;128,32;128,64;128,128;128,256;128,512;128,2048;128,8192;128,32768""",FLOAT16;FLOAT16;FLOAT16;FLOAT16;FLOAT16;FLOAT16;FLOAT16;FLOAT16;FLOAT16,ND;ND;ND;ND;ND;ND;ND;ND;ND,"""128,44016""",FLOAT16,ND,N/A,0.0,0,0.0,0.0,0.0,0.0,0.0,0.0,0.0,0.0,0.0,0.0,0.0,31.392,2071896,0.017,0.001,5.147,0.164,19.025,0.606,8.765,0.279,0.0,0.000
0,4294967295,252,47,aclnnMul_MulAiCore_Mul,Mul,dynamic,AI_VECTOR_CORE,1785698096544100.358	,331.966,0.000000,40,0,NO,"""4096,4096;4096,4096""",FLOAT;FLOAT,ND;ND,"""4096,4096""",FLOAT,ND,N/A,0.0,0,0.0,0.0,0.0,0.0,0.0,0.0,0.0,0.0,0.0,0.0,0.0,330.158,21790420,6.784,0.021,3.142,0.01,328.469,0.995,112.457,0.341,0.0,0.000
0,4294967295,253,47,Concat,Concat,dynamic,AI_VECTOR_CORE,1785698096544432.364	,37.381,0.034000,40,0,NO,"""128,16;128,32;128,64;128,128;128,256;128,512;128,2048;128,8192;128,32768""",FLOAT16;FLOAT16;FLOAT16;FLOAT16;FLOAT16;FLOAT16;FLOAT16;FLOAT16;FLOAT16,ND;ND;ND;ND;ND;ND;ND;ND;ND,"""128,44016""",FLOAT16,ND,N/A,0.0,0,0.0,0.0,0.0,0.0,0.0,0.0,0.0,0.0,0.0,0.0,0.0,31.98,2110696,0.017,0.001,5.209,0.163,19.604,0.613,8.685,0.272,0.0,0.000
0,4294967295,254,47,aclnnMul_MulAiCore_Mul,Mul,dynamic,AI_VECTOR_CORE,1785698096544469.765	,331.487,0.119000,40,0,NO,"""4096,4096;4096,4096""",FLOAT;FLOAT,ND;ND,"""4096,4096""",FLOAT,ND,N/A,0.0,0,0.0,0.0,0.0,0.0,0.0,0.0,0.0,0.0,0.0,0.0,0.0,329.47,21745031,6.784,0.021,3.034,0.009,327.876,0.995,110.044,0.334,0.0,0.000
0,4294967295,255,47,Concat,Concat,dynamic,AI_VECTOR_CORE,1785698096544801.272	,35.841,0.013000,40,0,NO,"""128,16;128,32;128,64;128,128;128,256;128,512;128,2048;128,8192;128,32768""",FLOAT16;FLOAT16;FLOAT16;FLOAT16;FLOAT16;FLOAT16;FLOAT16;FLOAT16;FLOAT16,ND;ND;ND;ND;ND;ND;ND;ND;ND,"""128,44016""",FLOAT16,ND,N/A,0.0,0,0.0,0.0,0.0,0.0,0.0,0.0,0.0,0.0,0.0,0.0,0.0,30.384,2005335,0.017,0.001,4.739,0.156,18.648,0.614,8.244,0.271,0.0,0.000
0,4294967295,256,47,aclnnMul_MulAiCore_Mul,Mul,dynamic,AI_VECTOR_CORE,1785698096544837.133	,332.786,0.159000,40,0,NO,"""4096,4096;4096,4096""",FLOAT;FLOAT,ND;ND,"""4096,4096""",FLOAT,ND,N/A,0.0,0,0.0,0.0,0.0,0.0,0.0,0.0,0.0,0.0,0.0,0.0,0.0,330.585,21818614,6.784,0.021,3.715,0.011,328.34,0.993,110.975,0.336,0.0,0.000
0,4294967295,257,47,Concat,Concat,dynamic,AI_VECTOR_CORE,1785698096545169.959	,36.721,0.000000,40,0,NO,"""128,16;128,32;128,64;128,128;128,256;128,512;128,2048;128,8192;128,32768""",FLOAT16;FLOAT16;FLOAT16;FLOAT16;FLOAT16;FLOAT16;FLOAT16;FLOAT16;FLOAT16,ND;ND;ND;ND;ND;ND;ND;ND;ND,"""128,44016""",FLOAT16,ND,N/A,0.0,0,0.0,0.0,0.0,0.0,0.0,0.0,0.0,0.0,0.0,0.0,0.0,31.075,2050974,0.017,0.001,4.922,0.158,18.946,0.61,8.475,0.273,0.0,0.000
0,4294967295,258,47,aclnnMul_MulAiCore_Mul,Mul,dynamic,AI_VECTOR_CORE,1785698096545206.700	,332.107,0.029000,40,0,NO,"""4096,4096;4096,4096""",FLOAT;FLOAT,ND;ND,"""4096,4096""",FLOAT,ND,N/A,0.0,0,0.0,0.0,0.0,0.0,0.0,0.0,0.0,0.0,0.0,0.0,0.0,329.838,21769334,6.784,0.021,3.032,0.009,328.249,0.995,111.786,0.339,0.0,0.000
0,4294967295,259,47,Concat,Concat,dynamic,AI_VECTOR_CORE,1785698096545538.827	,36.500,0.000000,40,0,NO,"""128,16;128,32;128,64;128,128;128,256;128,512;128,2048;128,8192;128,32768""",FLOAT16;FLOAT16;FLOAT16;FLOAT16;FLOAT16;FLOAT16;FLOAT16;FLOAT16;FLOAT16,ND;ND;ND;ND;ND;ND;ND;ND;ND,"""128,44016""",FLOAT16,ND,N/A,0.0,0,0.0,0.0,0.0,0.0,0.0,0.0,0.0,0.0,0.0,0.0,0.0,31.357,2069540,0.017,0.001,5.532,0.176,19.076,0.608,8.564,0.273,0.0,0.000
0,4294967295,260,47,aclnnMul_MulAiCore_Mul,Mul,dynamic,AI_VECTOR_CORE,1785698096545575.347	,333.227,0.000000,40,0,NO,"""4096,4096;4096,4096""",FLOAT;FLOAT,ND;ND,"""4096,4096""",FLOAT,ND,N/A,0.0,0,0.0,0.0,0.0,0.0,0.0,0.0,0.0,0.0,0.0,0.0,0.0,330.87,21837388,6.784,0.021,3.154,0.01,329.177,0.995,110.988,0.335,0.0,0.000
0,4294967295,261,47,Concat,Concat,dynamic,AI_VECTOR_CORE,1785698096545908.594	,36.741,0.023000,40,0,NO,"""128,16;128,32;128,64;128,128;128,256;128,512;128,2048;128,8192;128,32768""",FLOAT16;FLOAT16;FLOAT16;FLOAT16;FLOAT16;FLOAT16;FLOAT16;FLOAT16;FLOAT16,ND;ND;ND;ND;ND;ND;ND;ND;ND,"""128,44016""",FLOAT16,ND,N/A,0.0,0,0.0,0.0,0.0,0.0,0.0,0.0,0.0,0.0,0.0,0.0,0.0,31.406,2072808,0.017,0.001,4.935,0.157,19.405,0.618,8.399,0.267,0.0,0.000
0,4294967295,262,47,aclnnMul_MulAiCore_Mul,Mul,dynamic,AI_VECTOR_CORE,1785698096545945.375	,331.026,0.259000,40,0,NO,"""4096,4096;4096,4096""",FLOAT;FLOAT,ND;ND,"""4096,4096""",FLOAT,ND,N/A,0.0,0,0.0,0.0,0.0,0.0,0.0,0.0,0.0,0.0,0.0,0.0,0.0,328.721,21695614,6.784,0.021,3.524,0.011,326.646,0.994,110.405,0.336,0.0,0.000
0,4294967295,263,47,Concat,Concat,dynamic,AI_VECTOR_CORE,1785698096546276.441	,36.121,0.000000,40,0,NO,"""128,16;128,32;128,64;128,128;128,256;128,512;128,2048;128,8192;128,32768""",FLOAT16;FLOAT16;FLOAT16;FLOAT16;FLOAT16;FLOAT16;FLOAT16;FLOAT16;FLOAT16,ND;ND;ND;ND;ND;ND;ND;ND;ND,"""128,44016""",FLOAT16,ND,N/A,0.0,0,0.0,0.0,0.0,0.0,0.0,0.0,0.0,0.0,0.0,0.0,0.0,30.821,2034173,0.017,0.001,4.861,0.158,18.658,0.605,8.557,0.278,0.0,0.000
0,4294967295,264,47,aclnnMul_MulAiCore_Mul,Mul,dynamic,AI_VECTOR_CORE,1785698096546312.602	,332.347,0.000000,40,0,NO,"""4096,4096;4096,4096""",FLOAT;FLOAT,ND;ND,"""4096,4096""",FLOAT,ND,N/A,0.0,0,0.0,0.0,0.0,0.0,0.0,0.0,0.0,0.0,0.0,0.0,0.0,330.223,21794722,6.784,0.021,3.306,0.01,328.401,0.994,112.066,0.339,0.0,0.000
0,4294967295,265,47,Concat,Concat,dynamic,AI_VECTOR_CORE,1785698096546644.969	,36.800,0.153000,40,0,NO,"""128,16;128,32;128,64;128,128;128,256;128,512;128,2048;128,8192;128,32768""",FLOAT16;FLOAT16;FLOAT16;FLOAT16;FLOAT16;FLOAT16;FLOAT16;FLOAT16;FLOAT16,ND;ND;ND;ND;ND;ND;ND;ND;ND,"""128,44016""",FLOAT16,ND,N/A,0.0,0,0.0,0.0,0.0,0.0,0.0,0.0,0.0,0.0,0.0,0.0,0.0,31.162,2056667,0.017,0.001,4.789,0.154,19.019,0.61,8.609,0.276,0.0,0.000
0,4294967295,266,47,aclnnMul_MulAiCore_Mul,Mul,dynamic,AI_VECTOR_CORE,1785698096546681.789	,330.927,0.000000,40,0,NO,"""4096,4096;4096,4096""",FLOAT;FLOAT,ND;ND,"""4096,4096""",FLOAT,ND,N/A,0.0,0,0.0,0.0,0.0,0.0,0.0,0.0,0.0,0.0,0.0,0.0,0.0,328.451,21677750,6.784,0.021,2.9,0.009,326.959,0.995,111.09,0.338,0.0,0.000
0,4294967295,267,47,Concat,Concat,dynamic,AI_VECTOR_CORE,1785698096547012.736	,36.881,0.073000,40,0,NO,"""128,16;128,32;128,64;128,128;128,256;128,512;128,2048;128,8192;128,32768""",FLOAT16;FLOAT16;FLOAT16;FLOAT16;FLOAT16;FLOAT16;FLOAT16;FLOAT16;FLOAT16,ND;ND;ND;ND;ND;ND;ND;ND;ND,"""128,44016""",FLOAT16,ND,N/A,0.0,0,0.0,0.0,0.0,0.0,0.0,0.0,0.0,0.0,0.0,0.0,0.0,31.818,2099971,0.017,0.001,5.553,0.175,19.537,0.614,8.596,0.27,0.0,0.000
0,4294967295,268,47,aclnnMul_MulAiCore_Mul,Mul,dynamic,AI_VECTOR_CORE,1785698096547049.657	,332.026,0.119000,40,0,NO,"""4096,4096;4096,4096""",FLOAT;FLOAT,ND;ND,"""4096,4096""",FLOAT,ND,N/A,0.0,0,0.0,0.0,0.0,0.0,0.0,0.0,0.0,0.0,0.0,0.0,0.0,329.965,21777673,6.784,0.021,3.065,0.009,328.354,0.995,110.717,0.336,0.0,0.000
0,4294967295,269,47,Concat,Concat,dynamic,AI_VECTOR_CORE,1785698096547381.723	,37.741,0.000000,40,0,NO,"""128,16;128,32;128,64;128,128;128,256;128,512;128,2048;128,8192;128,32768""",FLOAT16;FLOAT16;FLOAT16;FLOAT16;FLOAT16;FLOAT16;FLOAT16;FLOAT16;FLOAT16,ND;ND;ND;ND;ND;ND;ND;ND;ND,"""128,44016""",FLOAT16,ND,N/A,0.0,0,0.0,0.0,0.0,0.0,0.0,0.0,0.0,0.0,0.0,0.0,0.0,32.31,2132478,0.017,0.001,4.879,0.151,19.714,0.61,9.018,0.279,0.0,0.000
0,4294967295,270,47,aclnnMul_MulAiCore_Mul,Mul,dynamic,AI_VECTOR_CORE,1785698096547419.484	,330.847,0.009000,40,0,NO,"""4096,4096;4096,4096""",FLOAT;FLOAT,ND;ND,"""4096,4096""",FLOAT,ND,N/A,0.0,0,0.0,0.0,0.0,0.0,0.0,0.0,0.0,0.0,0.0,0.0,0.0,328.993,21713507,6.784,0.021,3.031,0.009,327.464,0.995,110.695,0.336,0.0,0.000
0,4294967295,271,47,Concat,Concat,dynamic,AI_VECTOR_CORE,1785698096547750.351	,36.180,0.000000,40,0,NO,"""128,16;128,32;128,64;128,128;128,256;128,512;128,2048;128,8192;128,32768""",FLOAT16;FLOAT16;FLOAT16;FLOAT16;FLOAT16;FLOAT16;FLOAT16;FLOAT16;FLOAT16,ND;ND;ND;ND;ND;ND;ND;ND;ND,"""128,44016""",FLOAT16,ND,N/A,0.0,0,0.0,0.0,0.0,0.0,0.0,0.0,0.0,0.0,0.0,0.0,0.0,31.079,2051210,0.017,0.001,4.721,0.152,19.067,0.614,8.513,0.274,0.0,0.000
0,4294967295,272,47,aclnnMul_MulAiCore_Mul,Mul,dynamic,AI_VECTOR_CORE,1785698096547786.551	,333.267,0.070000,40,0,NO,"""4096,4096;4096,4096""",FLOAT;FLOAT,ND;ND,"""4096,4096""",FLOAT,ND,N/A,0.0,0,0.0,0.0,0.0,0.0,0.0,0.0,0.0,0.0,0.0,0.0,0.0,330.689,21825445,6.784,0.021,3.002,0.009,329.091,0.995,112.626,0.341,0.0,0.000
0,4294967295,273,47,Concat,Concat,dynamic,AI_VECTOR_CORE,1785698096548119.838	,37.781,0.000000,40,0,NO,"""128,16;128,32;128,64;128,128;128,256;128,512;128,2048;128,8192;128,32768""",FLOAT16;FLOAT16;FLOAT16;FLOAT16;FLOAT16;FLOAT16;FLOAT16;FLOAT16;FLOAT16,ND;ND;ND;ND;ND;ND;ND;ND;ND,"""128,44016""",FLOAT16,ND,N/A,0.0,0,0.0,0.0,0.0,0.0,0.0,0.0,0.0,0.0,0.0,0.0,0.0,31.976,2110408,0.017,0.001,4.645,0.145,19.468,0.609,9.091,0.284,0.0,0.000
0,4294967295,274,47,aclnnMul_MulAiCore_Mul,Mul,dynamic,AI_VECTOR_CORE,1785698096548157.639	,330.426,0.219000,40,0,NO,"""4096,4096;4096,4096""",FLOAT;FLOAT,ND;ND,"""4096,4096""",FLOAT,ND,N/A,0.0,0,0.0,0.0,0.0,0.0,0.0,0.0,0.0,0.0,0.0,0.0,0.0,328.584,21686552,6.784,0.021,3.087,0.009,326.924,0.995,111.391,0.339,0.0,0.000
0,4294967295,275,47,Concat,Concat,dynamic,AI_VECTOR_CORE,1785698096548488.085	,37.081,0.000000,40,0,NO,"""128,16;128,32;128,64;128,128;128,256;128,512;128,2048;128,8192;128,32768""",FLOAT16;FLOAT16;FLOAT16;FLOAT16;FLOAT16;FLOAT16;FLOAT16;FLOAT16;FLOAT16,ND;ND;ND;ND;ND;ND;ND;ND;ND,"""128,44016""",FLOAT16,ND,N/A,0.0,0,0.0,0.0,0.0,0.0,0.0,0.0,0.0,0.0,0.0,0.0,0.0,32.84,2167407,0.017,0.001,5.022,0.153,20.03,0.61,9.258,0.282,0.0,0.000
0,4294967295,276,47,aclnnMul_MulAiCore_Mul,Mul,dynamic,AI_VECTOR_CORE,1785698096548525.206	,333.667,0.169000,40,0,NO,"""4096,4096;4096,4096""",FLOAT;FLOAT,ND;ND,"""4096,4096""",FLOAT,ND,N/A,0.0,0,0.0,0.0,0.0,0.0,0.0,0.0,0.0,0.0,0.0,0.0,0.0,331.616,21886677,6.784,0.02,3.056,0.009,330.045,0.995,112.58,0.339,0.0,0.000
0,4294967295,277,47,Concat,Concat,dynamic,AI_VECTOR_CORE,1785698096548858.893	,37.701,0.083000,40,0,NO,"""128,16;128,32;128,64;128,128;128,256;128,512;128,2048;128,8192;128,32768""",FLOAT16;FLOAT16;FLOAT16;FLOAT16;FLOAT16;FLOAT16;FLOAT16;FLOAT16;FLOAT16,ND;ND;ND;ND;ND;ND;ND;ND;ND,"""128,44016""",FLOAT16,ND,N/A,0.0,0,0.0,0.0,0.0,0.0,0.0,0.0,0.0,0.0,0.0,0.0,0.0,33.561,2215058,0.017,0.001,5.173,0.154,20.396,0.608,9.573,0.285,0.0,0.000
0,4294967295,278,47,aclnnMul_MulAiCore_Mul,Mul,dynamic,AI_VECTOR_CORE,1785698096548896.614	,332.006,0.000000,40,0,NO,"""4096,4096;4096,4096""",FLOAT;FLOAT,ND;ND,"""4096,4096""",FLOAT,ND,N/A,0.0,0,0.0,0.0,0.0,0.0,0.0,0.0,0.0,0.0,0.0,0.0,0.0,330.133,21788752,6.784,0.021,3.107,0.009,328.483,0.995,112.955,0.342,0.0,0.000
0,4294967295,279,47,Concat,Concat,dynamic,AI_VECTOR_CORE,1785698096549228.640	,35.241,0.244000,40,0,NO,"""128,16;128,32;128,64;128,128;128,256;128,512;128,2048;128,8192;128,32768""",FLOAT16;FLOAT16;FLOAT16;FLOAT16;FLOAT16;FLOAT16;FLOAT16;FLOAT16;FLOAT16,ND;ND;ND;ND;ND;ND;ND;ND;ND,"""128,44016""",FLOAT16,ND,N/A,0.0,0,0.0,0.0,0.0,0.0,0.0,0.0,0.0,0.0,0.0,0.0,0.0,29.977,1978511,0.017,0.001,6.011,0.201,17.184,0.573,8.06,0.269,0.0,0.000
0,4294967295,280,47,aclnnMul_MulAiCore_Mul,Mul,dynamic,AI_VECTOR_CORE,1785698096549263.901	,332.947,0.009000,40,0,NO,"""4096,4096;4096,4096""",FLOAT;FLOAT,ND;ND,"""4096,4096""",FLOAT,ND,N/A,0.0,0,0.0,0.0,0.0,0.0,0.0,0.0,0.0,0.0,0.0,0.0,0.0,330.99,21845350,6.784,0.02,2.908,0.009,329.516,0.996,111.755,0.338,0.0,0.000
0,4294967295,281,47,Concat,Concat,dynamic,AI_VECTOR_CORE,1785698096549596.888	,37.100,0.053000,40,0,NO,"""128,16;128,32;128,64;128,128;128,256;128,512;128,2048;128,8192;128,32768""",FLOAT16;FLOAT16;FLOAT16;FLOAT16;FLOAT16;FLOAT16;FLOAT16;FLOAT16;FLOAT16,ND;ND;ND;ND;ND;ND;ND;ND;ND,"""128,44016""",FLOAT16,ND,N/A,0.0,0,0.0,0.0,0.0,0.0,0.0,0.0,0.0,0.0,0.0,0.0,0.0,31.952,2108864,0.017,0.001,4.726,0.148,19.476,0.61,8.966,0.281,0.0,0.000
0,4294967295,282,47,aclnnMul_MulAiCore_Mul,Mul,dynamic,AI_VECTOR_CORE,1785698096549634.008	,332.187,0.000000,40,0,NO,"""4096,4096;4096,4096""",FLOAT;FLOAT,ND;ND,"""4096,4096""",FLOAT,ND,N/A,0.0,0,0.0,0.0,0.0,0.0,0.0,0.0,0.0,0.0,0.0,0.0,0.0,329.504,21747237,6.784,0.021,3.034,0.009,327.886,0.995,112.723,0.342,0.0,0.000
0,4294967295,283,47,Concat,Concat,dynamic,AI_VECTOR_CORE,1785698096549966.215	,36.681,0.063000,40,0,NO,"""128,16;128,32;128,64;128,128;128,256;128,512;128,2048;128,8192;128,32768""",FLOAT16;FLOAT16;FLOAT16;FLOAT16;FLOAT16;FLOAT16;FLOAT16;FLOAT16;FLOAT16,ND;ND;ND;ND;ND;ND;ND;ND;ND,"""128,44016""",FLOAT16,ND,N/A,0.0,0,0.0,0.0,0.0,0.0,0.0,0.0,0.0,0.0,0.0,0.0,0.0,32.034,2114221,0.017,0.001,5.108,0.159,19.711,0.615,8.734,0.273,0.0,0.000
0,4294967295,284,47,aclnnMul_MulAiCore_Mul,Mul,dynamic,AI_VECTOR_CORE,1785698096550002.916	,332.546,0.069000,40,0,NO,"""4096,4096;4096,4096""",FLOAT;FLOAT,ND;ND,"""4096,4096""",FLOAT,ND,N/A,0.0,0,0.0,0.0,0.0,0.0,0.0,0.0,0.0,0.0,0.0,0.0,0.0,330.676,21824610,6.784,0.021,2.946,0.009,329.225,0.996,109.942,0.332,0.0,0.000
0,4294967295,285,47,Concat,Concat,dynamic,AI_VECTOR_CORE,1785698096550335.482	,37.261,0.000000,40,0,NO,"""128,16;128,32;128,64;128,128;128,256;128,512;128,2048;128,8192;128,32768""",FLOAT16;FLOAT16;FLOAT16;FLOAT16;FLOAT16;FLOAT16;FLOAT16;FLOAT16;FLOAT16,ND;ND;ND;ND;ND;ND;ND;ND;ND,"""128,44016""",FLOAT16,ND,N/A,0.0,0,0.0,0.0,0.0,0.0,0.0,0.0,0.0,0.0,0.0,0.0,0.0,31.794,2098380,0.017,0.001,5.723,0.18,18.701,0.588,8.896,0.28,0.0,0.000
0,4294967295,286,47,aclnnMul_MulAiCore_Mul,Mul,dynamic,AI_VECTOR_CORE,1785698096550372.783	,331.987,0.000000,40,0,NO,"""4096,4096;4096,4096""",FLOAT;FLOAT,ND;ND,"""4096,4096""",FLOAT,ND,N/A,0.0,0,0.0,0.0,0.0,0.0,0.0,0.0,0.0,0.0,0.0,0.0,0.0,329.779,21765433,6.784,0.021,3.059,0.009,328.158,0.995,111.4,0.338,0.0,0.000
0,4294967295,287,47,Concat,Concat,dynamic,AI_VECTOR_CORE,1785698096550704.810	,35.620,0.013000,40,0,NO,"""128,16;128,32;128,64;128,128;128,256;128,512;128,2048;128,8192;128,32768""",FLOAT16;FLOAT16;FLOAT16;FLOAT16;FLOAT16;FLOAT16;FLOAT16;FLOAT16;FLOAT16,ND;ND;ND;ND;ND;ND;ND;ND;ND,"""128,44016""",FLOAT16,ND,N/A,0.0,0,0.0,0.0,0.0,0.0,0.0,0.0,0.0,0.0,0.0,0.0,0.0,30.654,2023193,0.017,0.001,4.899,0.16,18.695,0.61,8.328,0.272,0.0,0.000
0,4294967295,288,47,aclnnMul_MulAiCore_Mul,Mul,dynamic,AI_VECTOR_CORE,1785698096550740.450	,332.827,0.130000,40,0,NO,"""4096,4096;4096,4096""",FLOAT;FLOAT,ND;ND,"""4096,4096""",FLOAT,ND,N/A,0.0,0,0.0,0.0,0.0,0.0,0.0,0.0,0.0,0.0,0.0,0.0,0.0,330.454,21809994,6.784,0.021,3.024,0.009,328.906,0.995,110.205,0.333,0.0,0.000
0,4294967295,289,47,Concat,Concat,dynamic,AI_VECTOR_CORE,1785698096551073.297	,36.721,0.000000,40,0,NO,"""128,16;128,32;128,64;128,128;128,256;128,512;128,2048;128,8192;128,32768""",FLOAT16;FLOAT16;FLOAT16;FLOAT16;FLOAT16;FLOAT16;FLOAT16;FLOAT16;FLOAT16,ND;ND;ND;ND;ND;ND;ND;ND;ND,"""128,44016""",FLOAT16,ND,N/A,0.0,0,0.0,0.0,0.0,0.0,0.0,0.0,0.0,0.0,0.0,0.0,0.0,31.355,2069436,0.017,0.001,4.96,0.158,19.024,0.607,8.626,0.275,0.0,0.000
0,4294967295,290,47,aclnnMul_MulAiCore_Mul,Mul,dynamic,AI_VECTOR_CORE,1785698096551110.038	,332.066,0.029000,40,0,NO,"""4096,4096;4096,4096""",FLOAT;FLOAT,ND;ND,"""4096,4096""",FLOAT,ND,N/A,0.0,0,0.0,0.0,0.0,0.0,0.0,0.0,0.0,0.0,0.0,0.0,0.0,329.513,21747865,6.784,0.021,3.158,0.01,327.764,0.995,112.177,0.34,0.0,0.000
0,4294967295,291,47,Concat,Concat,dynamic,AI_VECTOR_CORE,1785698096551442.144	,36.221,0.184000,40,0,NO,"""128,16;128,32;128,64;128,128;128,256;128,512;128,2048;128,8192;128,32768""",FLOAT16;FLOAT16;FLOAT16;FLOAT16;FLOAT16;FLOAT16;FLOAT16;FLOAT16;FLOAT16,ND;ND;ND;ND;ND;ND;ND;ND;ND,"""128,44016""",FLOAT16,ND,N/A,0.0,0,0.0,0.0,0.0,0.0,0.0,0.0,0.0,0.0,0.0,0.0,0.0,31.17,2057224,0.017,0.001,5.007,0.161,19.086,0.612,8.398,0.269,0.0,0.000
0,4294967295,292,47,aclnnMul_MulAiCore_Mul,Mul,dynamic,AI_VECTOR_CORE,1785698096551478.385	,332.847,0.029000,40,0,NO,"""4096,4096;4096,4096""",FLOAT;FLOAT,ND;ND,"""4096,4096""",FLOAT,ND,N/A,0.0,0,0.0,0.0,0.0,0.0,0.0,0.0,0.0,0.0,0.0,0.0,0.0,331.085,21851579,6.784,0.02,2.984,0.009,329.578,0.995,112.541,0.34,0.0,0.000
0,4294967295,293,47,Concat,Concat,dynamic,AI_VECTOR_CORE,1785698096551811.252	,37.321,0.000000,40,0,NO,"""128,16;128,32;128,64;128,128;128,256;128,512;128,2048;128,8192;128,32768""",FLOAT16;FLOAT16;FLOAT16;FLOAT16;FLOAT16;FLOAT16;FLOAT16;FLOAT16;FLOAT16,ND;ND;ND;ND;ND;ND;ND;ND;ND,"""128,44016""",FLOAT16,ND,N/A,0.0,0,0.0,0.0,0.0,0.0,0.0,0.0,0.0,0.0,0.0,0.0,0.0,32.03,2114003,0.017,0.001,5.501,0.172,19.537,0.61,8.787,0.274,0.0,0.000
0,4294967295,294,47,aclnnMul_MulAiCore_Mul,Mul,dynamic,AI_VECTOR_CORE,1785698096551848.593	,331.346,0.000000,40,0,NO,"""4096,4096;4096,4096""",FLOAT;FLOAT,ND;ND,"""4096,4096""",FLOAT,ND,N/A,0.0,0,0.0,0.0,0.0,0.0,0.0,0.0,0.0,0.0,0.0,0.0,0.0,328.797,21700573,6.784,0.021,3.137,0.01,327.102,0.995,112.373,0.342,0.0,0.000
0,4294967295,295,47,Concat,Concat,dynamic,AI_VECTOR_CORE,1785698096552179.979	,35.941,0.154000,40,0,NO,"""128,16;128,32;128,64;128,128;128,256;128,512;128,2048;128,8192;128,32768""",FLOAT16;FLOAT16;FLOAT16;FLOAT16;FLOAT16;FLOAT16;FLOAT16;FLOAT16;FLOAT16,ND;ND;ND;ND;ND;ND;ND;ND;ND,"""128,44016""",FLOAT16,ND,N/A,0.0,0,0.0,0.0,0.0,0.0,0.0,0.0,0.0,0.0,0.0,0.0,0.0,30.396,2006105,0.017,0.001,6.87,0.226,16.825,0.554,8.044,0.265,0.0,0.000
0,4294967295,296,47,aclnnMul_MulAiCore_Mul,Mul,dynamic,AI_VECTOR_CORE,1785698096552215.940	,333.047,0.059000,40,0,NO,"""4096,4096;4096,4096""",FLOAT;FLOAT,ND;ND,"""4096,4096""",FLOAT,ND,N/A,0.0,0,0.0,0.0,0.0,0.0,0.0,0.0,0.0,0.0,0.0,0.0,0.0,330.736,21828557,6.784,0.021,2.934,0.009,329.239,0.995,111.49,0.337,0.0,0.000
0,4294967295,297,47,Concat,Concat,dynamic,AI_VECTOR_CORE,1785698096552549.027	,37.240,0.000000,40,0,NO,"""128,16;128,32;128,64;128,128;128,256;128,512;128,2048;128,8192;128,32768""",FLOAT16;FLOAT16;FLOAT16;FLOAT16;FLOAT16;FLOAT16;FLOAT16;FLOAT16;FLOAT16,ND;ND;ND;ND;ND;ND;ND;ND;ND,"""128,44016""",FLOAT16,ND,N/A,0.0,0,0.0,0.0,0.0,0.0,0.0,0.0,0.0,0.0,0.0,0.0,0.0,31.504,2079267,0.017,0.001,4.91,0.156,19.012,0.603,8.842,0.281,0.0,0.000
0,4294967295,298,47,aclnnMul_MulAiCore_Mul,Mul,dynamic,AI_VECTOR_CORE,1785698096552586.287	,332.807,0.010000,40,0,NO,"""4096,4096;4096,4096""",FLOAT;FLOAT,ND;ND,"""4096,4096""",FLOAT,ND,N/A,0.0,0,0.0,0.0,0.0,0.0,0.0,0.0,0.0,0.0,0.0,0.0,0.0,329.902,21773547,6.784,0.021,3.047,0.009,328.314,0.995,110.958,0.336,0.0,0.000
0,4294967295,299,47,Concat,Concat,dynamic,AI_VECTOR_CORE,1785698096552919.134	,36.961,0.193000,40,0,NO,"""128,16;128,32;128,64;128,128;128,256;128,512;128,2048;128,8192;128,32768""",FLOAT16;FLOAT16;FLOAT16;FLOAT16;FLOAT16;FLOAT16;FLOAT16;FLOAT16;FLOAT16,ND;ND;ND;ND;ND;ND;ND;ND;ND,"""128,44016""",FLOAT16,ND,N/A,0.0,0,0.0,0.0,0.0,0.0,0.0,0.0,0.0,0.0,0.0,0.0,0.0,31.559,2082865,0.017,0.001,4.837,0.153,19.288,0.611,8.718,0.276,0.0,0.000
0,4294967295,300,47,aclnnMul_MulAiCore_Mul,Mul,dynamic,AI_VECTOR_CORE,1785698096552956.135	,333.406,0.039000,40,0,NO,"""4096,4096;4096,4096""",FLOAT;FLOAT,ND;ND,"""4096,4096""",FLOAT,ND,N/A,0.0,0,0.0,0.0,0.0,0.0,0.0,0.0,0.0,0.0,0.0,0.0,0.0,331.219,21860466,6.784,0.02,2.959,0.009,329.698,0.995,112.083,0.338,0.0,0.000
0,4294967295,301,47,Concat,Concat,dynamic,AI_VECTOR_CORE,1785698096553289.581	,37.861,0.000000,40,0,NO,"""128,16;128,32;128,64;128,128;128,256;128,512;128,2048;128,8192;128,32768""",FLOAT16;FLOAT16;FLOAT16;FLOAT16;FLOAT16;FLOAT16;FLOAT16;FLOAT16;FLOAT16,ND;ND;ND;ND;ND;ND;ND;ND;ND,"""128,44016""",FLOAT16,ND,N/A,0.0,0,0.0,0.0,0.0,0.0,0.0,0.0,0.0,0.0,0.0,0.0,0.0,32.456,2142074,0.017,0.001,5.528,0.17,20.067,0.618,8.719,0.269,0.0,0.000
0,4294967295,302,47,aclnnMul_MulAiCore_Mul,Mul,dynamic,AI_VECTOR_CORE,1785698096553327.482	,331.327,0.139000,40,0,NO,"""4096,4096;4096,4096""",FLOAT;FLOAT,ND;ND,"""4096,4096""",FLOAT,ND,N/A,0.0,0,0.0,0.0,0.0,0.0,0.0,0.0,0.0,0.0,0.0,0.0,0.0,329.378,21738956,6.784,0.021,3.024,0.009,327.835,0.995,111.185,0.338,0.0,0.000
0,4294967295,303,47,Concat,Concat,dynamic,AI_VECTOR_CORE,1785698096553658.849	,37.561,0.000000,40,0,NO,"""128,16;128,32;128,64;128,128;128,256;128,512;128,2048;128,8192;128,32768""",FLOAT16;FLOAT16;FLOAT16;FLOAT16;FLOAT16;FLOAT16;FLOAT16;FLOAT16;FLOAT16,ND;ND;ND;ND;ND;ND;ND;ND;ND,"""128,44016""",FLOAT16,ND,N/A,0.0,0,0.0,0.0,0.0,0.0,0.0,0.0,0.0,0.0,0.0,0.0,0.0,31.76,2096137,0.017,0.001,4.67,0.147,19.472,0.613,8.844,0.278,0.0,0.000
0,4294967295,304,47,aclnnMul_MulAiCore_Mul,Mul,dynamic,AI_VECTOR_CORE,1785698096553696.450	,333.246,0.189000,40,0,NO,"""4096,4096;4096,4096""",FLOAT;FLOAT,ND;ND,"""4096,4096""",FLOAT,ND,N/A,0.0,0,0.0,0.0,0.0,0.0,0.0,0.0,0.0,0.0,0.0,0.0,0.0,331.458,21876196,6.784,0.02,3.127,0.009,329.801,0.995,110.692,0.334,0.0,0.000
0,4294967295,305,47,Concat,Concat,dynamic,AI_VECTOR_CORE,1785698096554029.716	,37.681,0.004000,40,0,NO,"""128,16;128,32;128,64;128,128;128,256;128,512;128,2048;128,8192;128,32768""",FLOAT16;FLOAT16;FLOAT16;FLOAT16;FLOAT16;FLOAT16;FLOAT16;FLOAT16;FLOAT16,ND;ND;ND;ND;ND;ND;ND;ND;ND,"""128,44016""",FLOAT16,ND,N/A,0.0,0,0.0,0.0,0.0,0.0,0.0,0.0,0.0,0.0,0.0,0.0,0.0,31.817,2099933,0.017,0.001,4.671,0.147,19.455,0.611,8.908,0.28,0.0,0.000
0,4294967295,306,47,aclnnMul_MulAiCore_Mul,Mul,dynamic,AI_VECTOR_CORE,1785698096554067.417	,331.367,0.069000,40,0,NO,"""4096,4096;4096,4096""",FLOAT;FLOAT,ND;ND,"""4096,4096""",FLOAT,ND,N/A,0.0,0,0.0,0.0,0.0,0.0,0.0,0.0,0.0,0.0,0.0,0.0,0.0,329.414,21741298,6.784,0.021,3.034,0.009,327.881,0.995,111.171,0.337,0.0,0.000
0,4294967295,307,47,Concat,Concat,dynamic,AI_VECTOR_CORE,1785698096554398.804	,36.900,0.000000,40,0,NO,"""128,16;128,32;128,64;128,128;128,256;128,512;128,2048;128,8192;128,32768""",FLOAT16;FLOAT16;FLOAT16;FLOAT16;FLOAT16;FLOAT16;FLOAT16;FLOAT16;FLOAT16,ND;ND;ND;ND;ND;ND;ND;ND;ND,"""128,44016""",FLOAT16,ND,N/A,0.0,0,0.0,0.0,0.0,0.0,0.0,0.0,0.0,0.0,0.0,0.0,0.0,32.508,2145517,0.017,0.001,5.044,0.155,19.841,0.61,9.163,0.282,0.0,0.000
0,4294967295,308,47,aclnnMul_MulAiCore_Mul,Mul,dynamic,AI_VECTOR_CORE,1785698096554435.724	,331.907,0.100000,40,0,NO,"""4096,4096;4096,4096""",FLOAT;FLOAT,ND;ND,"""4096,4096""",FLOAT,ND,N/A,0.0,0,0.0,0.0,0.0,0.0,0.0,0.0,0.0,0.0,0.0,0.0,0.0,329.932,21775491,6.784,0.021,3.081,0.009,328.334,0.995,111.887,0.339,0.0,0.000
0,4294967295,309,47,Concat,Concat,dynamic,AI_VECTOR_CORE,1785698096554767.651	,37.141,0.093000,40,0,NO,"""128,16;128,32;128,64;128,128;128,256;128,512;128,2048;128,8192;128,32768""",FLOAT16;FLOAT16;FLOAT16;FLOAT16;FLOAT16;FLOAT16;FLOAT16;FLOAT16;FLOAT16,ND;ND;ND;ND;ND;ND;ND;ND;ND,"""128,44016""",FLOAT16,ND,N/A,0.0,0,0.0,0.0,0.0,0.0,0.0,0.0,0.0,0.0,0.0,0.0,0.0,32.503,2145211,0.017,0.001,4.875,0.15,19.759,0.608,9.273,0.285,0.0,0.000
0,4294967295,310,47,aclnnMul_MulAiCore_Mul,Mul,dynamic,AI_VECTOR_CORE,1785698096554804.812	,331.386,0.000000,40,0,NO,"""4096,4096;4096,4096""",FLOAT;FLOAT,ND;ND,"""4096,4096""",FLOAT,ND,N/A,0.0,0,0.0,0.0,0.0,0.0,0.0,0.0,0.0,0.0,0.0,0.0,0.0,329.526,21748701,6.784,0.021,3.03,0.009,327.974,0.995,110.244,0.335,0.0,0.000
0,4294967295,311,47,Concat,Concat,dynamic,AI_VECTOR_CORE,1785698096555136.218	,37.581,0.114000,40,0,NO,"""128,16;128,32;128,64;128,128;128,256;128,512;128,2048;128,8192;128,32768""",FLOAT16;FLOAT16;FLOAT16;FLOAT16;FLOAT16;FLOAT16;FLOAT16;FLOAT16;FLOAT16,ND;ND;ND;ND;ND;ND;ND;ND;ND,"""128,44016""",FLOAT16,ND,N/A,0.0,0,0.0,0.0,0.0,0.0,0.0,0.0,0.0,0.0,0.0,0.0,0.0,32.477,2143490,0.017,0.001,4.792,0.148,20.065,0.618,8.846,0.272,0.0,0.000
0,4294967295,312,47,aclnnMul_MulAiCore_Mul,Mul,dynamic,AI_VECTOR_CORE,1785698096555173.819	,332.227,0.000000,40,0,NO,"""4096,4096;4096,4096""",FLOAT;FLOAT,ND;ND,"""4096,4096""",FLOAT,ND,N/A,0.0,0,0.0,0.0,0.0,0.0,0.0,0.0,0.0,0.0,0.0,0.0,0.0,330.353,21803330,6.784,0.021,3.038,0.009,328.797,0.995,111.354,0.337,0.0,0.000
0,4294967295,313,47,Concat,Concat,dynamic,AI_VECTOR_CORE,1785698096555506.066	,38.420,0.023000,40,0,NO,"""128,16;128,32;128,64;128,128;128,256;128,512;128,2048;128,8192;128,32768""",FLOAT16;FLOAT16;FLOAT16;FLOAT16;FLOAT16;FLOAT16;FLOAT16;FLOAT16;FLOAT16,ND;ND;ND;ND;ND;ND;ND;ND;ND,"""128,44016""",FLOAT16,ND,N/A,0.0,0,0.0,0.0,0.0,0.0,0.0,0.0,0.0,0.0,0.0,0.0,0.0,33.025,2179664,0.017,0.001,4.842,0.147,20.164,0.611,9.256,0.28,0.0,0.000
0,4294967295,314,47,aclnnMul_MulAiCore_Mul,Mul,dynamic,AI_VECTOR_CORE,1785698096555544.506	,331.667,0.080000,40,0,NO,"""4096,4096;4096,4096""",FLOAT;FLOAT,ND;ND,"""4096,4096""",FLOAT,ND,N/A,0.0,0,0.0,0.0,0.0,0.0,0.0,0.0,0.0,0.0,0.0,0.0,0.0,329.314,21734720,6.784,0.021,2.981,0.009,327.777,0.995,110.04,0.334,0.0,0.000
0,4294967295,315,47,Concat,Concat,dynamic,AI_VECTOR_CORE,1785698096555876.193	,36.601,0.083000,40,0,NO,"""128,16;128,32;128,64;128,128;128,256;128,512;128,2048;128,8192;128,32768""",FLOAT16;FLOAT16;FLOAT16;FLOAT16;FLOAT16;FLOAT16;FLOAT16;FLOAT16;FLOAT16,ND;ND;ND;ND;ND;ND;ND;ND;ND,"""128,44016""",FLOAT16,ND,N/A,0.0,0,0.0,0.0,0.0,0.0,0.0,0.0,0.0,0.0,0.0,0.0,0.0,31.195,2058856,0.017,0.001,5.271,0.169,19.061,0.611,8.445,0.271,0.0,0.000
0,4294967295,316,47,aclnnMul_MulAiCore_Mul,Mul,dynamic,AI_VECTOR_CORE,1785698096555912.814	,333.566,0.000000,40,0,NO,"""4096,4096;4096,4096""",FLOAT;FLOAT,ND;ND,"""4096,4096""",FLOAT,ND,N/A,0.0,0,0.0,0.0,0.0,0.0,0.0,0.0,0.0,0.0,0.0,0.0,0.0,330.706,21826605,6.784,0.021,3.024,0.009,329.089,0.995,112.141,0.339,0.0,0.000
0,4294967295,317,47,Concat,Concat,dynamic,AI_VECTOR_CORE,1785698096556246.400	,36.541,0.184000,40,0,NO,"""128,16;128,32;128,64;128,128;128,256;128,512;128,2048;128,8192;128,32768""",FLOAT16;FLOAT16;FLOAT16;FLOAT16;FLOAT16;FLOAT16;FLOAT16;FLOAT16;FLOAT16,ND;ND;ND;ND;ND;ND;ND;ND;ND,"""128,44016""",FLOAT16,ND,N/A,0.0,0,0.0,0.0,0.0,0.0,0.0,0.0,0.0,0.0,0.0,0.0,0.0,31.396,2072136,0.017,0.001,4.921,0.157,19.236,0.613,8.648,0.275,0.0,0.000
0,4294967295,318,47,aclnnMul_MulAiCore_Mul,Mul,dynamic,AI_VECTOR_CORE,1785698096556282.961	,332.627,0.000000,40,0,NO,"""4096,4096;4096,4096""",FLOAT;FLOAT,ND;ND,"""4096,4096""",FLOAT,ND,N/A,0.0,0,0.0,0.0,0.0,0.0,0.0,0.0,0.0,0.0,0.0,0.0,0.0,330.317,21800946,6.784,0.021,2.916,0.009,328.865,0.996,111.943,0.339,0.0,0.000
0,4294967295,319,47,Concat,Concat,dynamic,AI_VECTOR_CORE,1785698096556615.608	,36.621,0.000000,40,0,NO,"""128,16;128,32;128,64;128,128;128,256;128,512;128,2048;128,8192;128,32768""",FLOAT16;FLOAT16;FLOAT16;FLOAT16;FLOAT16;FLOAT16;FLOAT16;FLOAT16;FLOAT16,ND;ND;ND;ND;ND;ND;ND;ND;ND,"""128,44016""",FLOAT16,ND,N/A,0.0,0,0.0,0.0,0.0,0.0,0.0,0.0,0.0,0.0,0.0,0.0,0.0,31.356,2069478,0.017,0.001,4.869,0.155,19.181,0.612,8.542,0.272,0.0,0.000
0,4294967295,320,47,aclnnMul_MulAiCore_Mul,Mul,dynamic,AI_VECTOR_CORE,1785698096556652.249	,332.886,0.129000,40,0,NO,"""4096,4096;4096,4096""",FLOAT;FLOAT,ND;ND,"""4096,4096""",FLOAT,ND,N/A,0.0,0,0.0,0.0,0.0,0.0,0.0,0.0,0.0,0.0,0.0,0.0,0.0,330.663,21823750,6.784,0.021,3.049,0.009,329.075,0.995,111.228,0.336,0.0,0.000
0,4294967295,321,47,Concat,Concat,dynamic,AI_VECTOR_CORE,1785698096556985.155	,36.961,0.114000,40,0,NO,"""128,16;128,32;128,64;128,128;128,256;128,512;128,2048;128,8192;128,32768""",FLOAT16;FLOAT16;FLOAT16;FLOAT16;FLOAT16;FLOAT16;FLOAT16;FLOAT16;FLOAT16,ND;ND;ND;ND;ND;ND;ND;ND;ND,"""128,44016""",FLOAT16,ND,N/A,0.0,0,0.0,0.0,0.0,0.0,0.0,0.0,0.0,0.0,0.0,0.0,0.0,31.727,2094005,0.017,0.001,4.814,0.152,19.687,0.62,8.467,0.267,0.0,0.000
0,4294967295,322,47,aclnnMul_MulAiCore_Mul,Mul,dynamic,AI_VECTOR_CORE,1785698096557022.136	,331.687,0.039000,40,0,NO,"""4096,4096;4096,4096""",FLOAT;FLOAT,ND;ND,"""4096,4096""",FLOAT,ND,N/A,0.0,0,0.0,0.0,0.0,0.0,0.0,0.0,0.0,0.0,0.0,0.0,0.0,329.314,21734752,6.784,0.021,2.936,0.009,327.842,0.996,111.781,0.339,0.0,0.000
0,4294967295,323,47,Concat,Concat,dynamic,AI_VECTOR_CORE,1785698096557353.843	,36.200,0.000000,40,0,NO,"""128,16;128,32;128,64;128,128;128,256;128,512;128,2048;128,8192;128,32768""",FLOAT16;FLOAT16;FLOAT16;FLOAT16;FLOAT16;FLOAT16;FLOAT16;FLOAT16;FLOAT16,ND;ND;ND;ND;ND;ND;ND;ND;ND,"""128,44016""",FLOAT16,ND,N/A,0.0,0,0.0,0.0,0.0,0.0,0.0,0.0,0.0,0.0,0.0,0.0,0.0,30.738,2028698,0.017,0.001,5.1,0.166,18.583,0.605,8.46,0.275,0.0,0.000
0,4294967295,324,47,aclnnMul_MulAiCore_Mul,Mul,dynamic,AI_VECTOR_CORE,1785698096557390.063	,333.067,0.050000,40,0,NO,"""4096,4096;4096,4096""",FLOAT;FLOAT,ND;ND,"""4096,4096""",FLOAT,ND,N/A,0.0,0,0.0,0.0,0.0,0.0,0.0,0.0,0.0,0.0,0.0,0.0,0.0,330.159,21790518,6.784,0.021,3.611,0.011,328.012,0.993,110.934,0.336,0.0,0.000
0,4294967295,325,47,Concat,Concat,dynamic,AI_VECTOR_CORE,1785698096557723.150	,37.041,0.183000,40,0,NO,"""128,16;128,32;128,64;128,128;128,256;128,512;128,2048;128,8192;128,32768""",FLOAT16;FLOAT16;FLOAT16;FLOAT16;FLOAT16;FLOAT16;FLOAT16;FLOAT16;FLOAT16,ND;ND;ND;ND;ND;ND;ND;ND;ND,"""128,44016""",FLOAT16,ND,N/A,0.0,0,0.0,0.0,0.0,0.0,0.0,0.0,0.0,0.0,0.0,0.0,0.0,31.427,2074204,0.017,0.001,5.149,0.164,19.072,0.607,8.786,0.28,0.0,0.000
0,4294967295,326,47,aclnnMul_MulAiCore_Mul,Mul,dynamic,AI_VECTOR_CORE,1785698096557760.211	,330.766,0.000000,40,0,NO,"""4096,4096;4096,4096""",FLOAT;FLOAT,ND;ND,"""4096,4096""",FLOAT,ND,N/A,0.0,0,0.0,0.0,0.0,0.0,0.0,0.0,0.0,0.0,0.0,0.0,0.0,328.631,21689630,6.784,0.021,2.923,0.009,327.135,0.995,110.554,0.336,0.0,0.000
0,4294967295,327,47,Concat,Concat,dynamic,AI_VECTOR_CORE,1785698096558090.997	,36.801,0.000000,40,0,NO,"""128,16;128,32;128,64;128,128;128,256;128,512;128,2048;128,8192;128,32768""",FLOAT16;FLOAT16;FLOAT16;FLOAT16;FLOAT16;FLOAT16;FLOAT16;FLOAT16;FLOAT16,ND;ND;ND;ND;ND;ND;ND;ND;ND,"""128,44016""",FLOAT16,ND,N/A,0.0,0,0.0,0.0,0.0,0.0,0.0,0.0,0.0,0.0,0.0,0.0,0.0,31.261,2063216,0.017,0.001,4.822,0.154,19.027,0.609,8.636,0.276,0.0,0.000
0,4294967295,328,47,aclnnMul_MulAiCore_Mul,Mul,dynamic,AI_VECTOR_CORE,1785698096558127.818	,332.807,0.000000,40,0,NO,"""4096,4096;4096,4096""",FLOAT;FLOAT,ND;ND,"""4096,4096""",FLOAT,ND,N/A,0.0,0,0.0,0.0,0.0,0.0,0.0,0.0,0.0,0.0,0.0,0.0,0.0,330.396,21806155,6.784,0.021,3.67,0.011,328.143,0.993,110.999,0.336,0.0,0.000
0,4294967295,329,47,Concat,Concat,dynamic,AI_VECTOR_CORE,1785698096558460.665	,37.620,0.193000,40,0,NO,"""128,16;128,32;128,64;128,128;128,256;128,512;128,2048;128,8192;128,32768""",FLOAT16;FLOAT16;FLOAT16;FLOAT16;FLOAT16;FLOAT16;FLOAT16;FLOAT16;FLOAT16,ND;ND;ND;ND;ND;ND;ND;ND;ND,"""128,44016""",FLOAT16,ND,N/A,0.0,0,0.0,0.0,0.0,0.0,0.0,0.0,0.0,0.0,0.0,0.0,0.0,32.584,2150519,0.017,0.001,4.803,0.147,19.665,0.604,9.332,0.286,0.0,0.000
0,4294967295,330,47,aclnnMul_MulAiCore_Mul,Mul,dynamic,AI_VECTOR_CORE,1785698096558498.305	,331.327,0.000000,40,0,NO,"""4096,4096;4096,4096""",FLOAT;FLOAT,ND;ND,"""4096,4096""",FLOAT,ND,N/A,0.0,0,0.0,0.0,0.0,0.0,0.0,0.0,0.0,0.0,0.0,0.0,0.0,329.191,21726592,6.784,0.021,3.039,0.009,327.573,0.995,110.986,0.337,0.0,0.000
0,4294967295,331,47,Concat,Concat,dynamic,AI_VECTOR_CORE,1785698096558829.652	,37.181,0.173000,40,0,NO,"""128,16;128,32;128,64;128,128;128,256;128,512;128,2048;128,8192;128,32768""",FLOAT16;FLOAT16;FLOAT16;FLOAT16;FLOAT16;FLOAT16;FLOAT16;FLOAT16;FLOAT16,ND;ND;ND;ND;ND;ND;ND;ND;ND,"""128,44016""",FLOAT16,ND,N/A,0.0,0,0.0,0.0,0.0,0.0,0.0,0.0,0.0,0.0,0.0,0.0,0.0,31.41,2073031,0.017,0.001,4.964,0.158,19.177,0.611,8.659,0.276,0.0,0.000
0,4294967295,332,47,aclnnMul_MulAiCore_Mul,Mul,dynamic,AI_VECTOR_CORE,1785698096558866.873	,334.087,0.000000,40,0,NO,"""4096,4096;4096,4096""",FLOAT;FLOAT,ND;ND,"""4096,4096""",FLOAT,ND,N/A,0.0,0,0.0,0.0,0.0,0.0,0.0,0.0,0.0,0.0,0.0,0.0,0.0,331.693,21891755,6.784,0.02,3.134,0.009,329.994,0.995,113.785,0.343,0.0,0.000
0,4294967295,333,47,Concat,Concat,dynamic,AI_VECTOR_CORE,1785698096559201.000	,37.860,0.163000,40,0,NO,"""128,16;128,32;128,64;128,128;128,256;128,512;128,2048;128,8192;128,32768""",FLOAT16;FLOAT16;FLOAT16;FLOAT16;FLOAT16;FLOAT16;FLOAT16;FLOAT16;FLOAT16,ND;ND;ND;ND;ND;ND;ND;ND;ND,"""128,44016""",FLOAT16,ND,N/A,0.0,0,0.0,0.0,0.0,0.0,0.0,0.0,0.0,0.0,0.0,0.0,0.0,32.447,2141526,0.017,0.001,5.167,0.159,20.018,0.617,8.842,0.272,0.0,0.000
0,4294967295,334,47,aclnnMul_MulAiCore_Mul,Mul,dynamic,AI_VECTOR_CORE,1785698096559238.880	,331.387,0.140000,40,0,NO,"""4096,4096;4096,4096""",FLOAT;FLOAT,ND;ND,"""4096,4096""",FLOAT,ND,N/A,0.0,0,0.0,0.0,0.0,0.0,0.0,0.0,0.0,0.0,0.0,0.0,0.0,329.033,21716156,6.784,0.021,3.047,0.009,327.411,0.995,110.209,0.335,0.0,0.000
0,4294967295,335,47,Concat,Concat,dynamic,AI_VECTOR_CORE,1785698096559570.287	,37.281,0.000000,40,0,NO,"""128,16;128,32;128,64;128,128;128,256;128,512;128,2048;128,8192;128,32768""",FLOAT16;FLOAT16;FLOAT16;FLOAT16;FLOAT16;FLOAT16;FLOAT16;FLOAT16;FLOAT16,ND;ND;ND;ND;ND;ND;ND;ND;ND,"""128,44016""",FLOAT16,ND,N/A,0.0,0,0.0,0.0,0.0,0.0,0.0,0.0,0.0,0.0,0.0,0.0,0.0,32.111,2119321,0.017,0.001,4.706,0.147,19.589,0.61,9.03,0.281,0.0,0.000
0,4294967295,336,47,aclnnMul_MulAiCore_Mul,Mul,dynamic,AI_VECTOR_CORE,1785698096559607.588	,332.946,0.000000,40,0,NO,"""4096,4096;4096,4096""",FLOAT;FLOAT,ND;ND,"""4096,4096""",FLOAT,ND,N/A,0.0,0,0.0,0.0,0.0,0.0,0.0,0.0,0.0,0.0,0.0,0.0,0.0,330.65,21822888,6.784,0.021,2.944,0.009,329.169,0.996,112.489,0.34,0.0,0.000
0,4294967295,337,47,Concat,Concat,dynamic,AI_VECTOR_CORE,1785698096559940.554	,38.521,0.054000,40,0,NO,"""128,16;128,32;128,64;128,128;128,256;128,512;128,2048;128,8192;128,32768""",FLOAT16;FLOAT16;FLOAT16;FLOAT16;FLOAT16;FLOAT16;FLOAT16;FLOAT16;FLOAT16,ND;ND;ND;ND;ND;ND;ND;ND;ND,"""128,44016""",FLOAT16,ND,N/A,0.0,0,0.0,0.0,0.0,0.0,0.0,0.0,0.0,0.0,0.0,0.0,0.0,33.073,2182848,0.017,0.001,4.826,0.146,20.098,0.608,9.376,0.283,0.0,0.000
0,4294967295,338,47,aclnnMul_MulAiCore_Mul,Mul,dynamic,AI_VECTOR_CORE,1785698096559979.095	,331.627,0.000000,40,0,NO,"""4096,4096;4096,4096""",FLOAT;FLOAT,ND;ND,"""4096,4096""",FLOAT,ND,N/A,0.0,0,0.0,0.0,0.0,0.0,0.0,0.0,0.0,0.0,0.0,0.0,0.0,329.179,21725842,6.784,0.021,3.214,0.01,327.411,0.995,112.728,0.342,0.0,0.000
0,4294967295,339,47,Concat,Concat,dynamic,AI_VECTOR_CORE,1785698096560310.742	,37.880,0.123000,40,0,NO,"""128,16;128,32;128,64;128,128;128,256;128,512;128,2048;128,8192;128,32768""",FLOAT16;FLOAT16;FLOAT16;FLOAT16;FLOAT16;FLOAT16;FLOAT16;FLOAT16;FLOAT16,ND;ND;ND;ND;ND;ND;ND;ND;ND,"""128,44016""",FLOAT16,ND,N/A,0.0,0,0.0,0.0,0.0,0.0,0.0,0.0,0.0,0.0,0.0,0.0,0.0,33.254,2194751,0.017,0.001,5.013,0.151,20.261,0.609,9.429,0.284,0.0,0.000
0,4294967295,340,47,aclnnMul_MulAiCore_Mul,Mul,dynamic,AI_VECTOR_CORE,1785698096560348.642	,333.367,0.120000,40,0,NO,"""4096,4096;4096,4096""",FLOAT;FLOAT,ND;ND,"""4096,4096""",FLOAT,ND,N/A,0.0,0,0.0,0.0,0.0,0.0,0.0,0.0,0.0,0.0,0.0,0.0,0.0,331.145,21855554,6.784,0.02,2.932,0.009,329.664,0.996,111.721,0.337,0.0,0.000
0,4294967295,341,47,Concat,Concat,dynamic,AI_VECTOR_CORE,1785698096560682.029	,37.781,0.000000,40,0,NO,"""128,16;128,32;128,64;128,128;128,256;128,512;128,2048;128,8192;128,32768""",FLOAT16;FLOAT16;FLOAT16;FLOAT16;FLOAT16;FLOAT16;FLOAT16;FLOAT16;FLOAT16,ND;ND;ND;ND;ND;ND;ND;ND;ND,"""128,44016""",FLOAT16,ND,N/A,0.0,0,0.0,0.0,0.0,0.0,0.0,0.0,0.0,0.0,0.0,0.0,0.0,32.884,2170337,0.017,0.001,5.161,0.157,19.948,0.607,9.329,0.284,0.0,0.000
0,4294967295,342,47,aclnnMul_MulAiCore_Mul,Mul,dynamic,AI_VECTOR_CORE,1785698096560719.850	,332.026,0.000000,40,0,NO,"""4096,4096;4096,4096""",FLOAT;FLOAT,ND;ND,"""4096,4096""",FLOAT,ND,N/A,0.0,0,0.0,0.0,0.0,0.0,0.0,0.0,0.0,0.0,0.0,0.0,0.0,328.871,21705487,6.784,0.021,3.423,0.01,326.906,0.994,111.478,0.339,0.0,0.000
0,4294967295,343,47,Concat,Concat,dynamic,AI_VECTOR_CORE,1785698096561051.896	,36.621,0.224000,40,0,NO,"""128,16;128,32;128,64;128,128;128,256;128,512;128,2048;128,8192;128,32768""",FLOAT16;FLOAT16;FLOAT16;FLOAT16;FLOAT16;FLOAT16;FLOAT16;FLOAT16;FLOAT16,ND;ND;ND;ND;ND;ND;ND;ND;ND,"""128,44016""",FLOAT16,ND,N/A,0.0,0,0.0,0.0,0.0,0.0,0.0,0.0,0.0,0.0,0.0,0.0,0.0,31.401,2072462,0.017,0.001,4.759,0.152,19.329,0.616,8.545,0.272,0.0,0.000
0,4294967295,344,47,aclnnMul_MulAiCore_Mul,Mul,dynamic,AI_VECTOR_CORE,1785698096561088.537	,332.727,0.000000,40,0,NO,"""4096,4096;4096,4096""",FLOAT;FLOAT,ND;ND,"""4096,4096""",FLOAT,ND,N/A,0.0,0,0.0,0.0,0.0,0.0,0.0,0.0,0.0,0.0,0.0,0.0,0.0,330.193,21792748,6.784,0.021,3.019,0.009,328.593,0.995,110.175,0.334,0.0,0.000
0,4294967295,345,47,Concat,Concat,dynamic,AI_VECTOR_CORE,1785698096561421.284	,37.061,0.023000,40,0,NO,"""128,16;128,32;128,64;128,128;128,256;128,512;128,2048;128,8192;128,32768""",FLOAT16;FLOAT16;FLOAT16;FLOAT16;FLOAT16;FLOAT16;FLOAT16;FLOAT16;FLOAT16,ND;ND;ND;ND;ND;ND;ND;ND;ND,"""128,44016""",FLOAT16,ND,N/A,0.0,0,0.0,0.0,0.0,0.0,0.0,0.0,0.0,0.0,0.0,0.0,0.0,32.133,2120762,0.017,0.001,4.652,0.145,19.732,0.614,8.963,0.279,0.0,0.000
0,4294967295,346,47,aclnnMul_MulAiCore_Mul,Mul,dynamic,AI_VECTOR_CORE,1785698096561458.385	,332.406,0.189000,40,0,NO,"""4096,4096;4096,4096""",FLOAT;FLOAT,ND;ND,"""4096,4096""",FLOAT,ND,N/A,0.0,0,0.0,0.0,0.0,0.0,0.0,0.0,0.0,0.0,0.0,0.0,0.0,330.136,21788974,6.784,0.021,3.119,0.009,328.466,0.995,111.178,0.337,0.0,0.000
0,4294967295,347,47,Concat,Concat,dynamic,AI_VECTOR_CORE,1785698096561790.811	,37.021,0.000000,40,0,NO,"""128,16;128,32;128,64;128,128;128,256;128,512;128,2048;128,8192;128,32768""",FLOAT16;FLOAT16;FLOAT16;FLOAT16;FLOAT16;FLOAT16;FLOAT16;FLOAT16;FLOAT16,ND;ND;ND;ND;ND;ND;ND;ND;ND,"""128,44016""",FLOAT16,ND,N/A,0.0,0,0.0,0.0,0.0,0.0,0.0,0.0,0.0,0.0,0.0,0.0,0.0,32.036,2114348,0.017,0.001,5.181,0.162,19.459,0.607,8.894,0.278,0.0,0.000
0,4294967295,348,47,aclnnMul_MulAiCore_Mul,Mul,dynamic,AI_VECTOR_CORE,1785698096561827.852	,332.727,0.000000,40,0,NO,"""4096,4096;4096,4096""",FLOAT;FLOAT,ND;ND,"""4096,4096""",FLOAT,ND,N/A,0.0,0,0.0,0.0,0.0,0.0,0.0,0.0,0.0,0.0,0.0,0.0,0.0,330.644,21822512,6.784,0.021,3.049,0.009,329.04,0.995,111.953,0.339,0.0,0.000
0,4294967295,349,47,Concat,Concat,dynamic,AI_VECTOR_CORE,1785698096562160.599	,36.700,0.023000,40,0,NO,"""128,16;128,32;128,64;128,128;128,256;128,512;128,2048;128,8192;128,32768""",FLOAT16;FLOAT16;FLOAT16;FLOAT16;FLOAT16;FLOAT16;FLOAT16;FLOAT16;FLOAT16,ND;ND;ND;ND;ND;ND;ND;ND;ND,"""128,44016""",FLOAT16,ND,N/A,0.0,0,0.0,0.0,0.0,0.0,0.0,0.0,0.0,0.0,0.0,0.0,0.0,32.143,2121447,0.017,0.001,5.124,0.159,19.557,0.608,9.055,0.282,0.0,0.000
0,4294967295,350,47,aclnnMul_MulAiCore_Mul,Mul,dynamic,AI_VECTOR_CORE,1785698096562197.319	,331.347,0.050000,40,0,NO,"""4096,4096;4096,4096""",FLOAT;FLOAT,ND;ND,"""4096,4096""",FLOAT,ND,N/A,0.0,0,0.0,0.0,0.0,0.0,0.0,0.0,0.0,0.0,0.0,0.0,0.0,329.26,21731149,6.784,0.021,3.15,0.01,327.553,0.995,110.015,0.334,0.0,0.000
0,4294967295,351,47,Concat,Concat,dynamic,AI_VECTOR_CORE,1785698096562528.686	,36.281,0.153000,40,0,NO,"""128,16;128,32;128,64;128,128;128,256;128,512;128,2048;128,8192;128,32768""",FLOAT16;FLOAT16;FLOAT16;FLOAT16;FLOAT16;FLOAT16;FLOAT16;FLOAT16;FLOAT16,ND;ND;ND;ND;ND;ND;ND;ND;ND,"""128,44016""",FLOAT16,ND,N/A,0.0,0,0.0,0.0,0.0,0.0,0.0,0.0,0.0,0.0,0.0,0.0,0.0,30.724,2027780,0.017,0.001,5.019,0.163,18.679,0.608,8.316,0.271,0.0,0.000
0,4294967295,352,47,aclnnMul_MulAiCore_Mul,Mul,dynamic,AI_VECTOR_CORE,1785698096562564.987	,332.126,0.000000,40,0,NO,"""4096,4096;4096,4096""",FLOAT;FLOAT,ND;ND,"""4096,4096""",FLOAT,ND,N/A,0.0,0,0.0,0.0,0.0,0.0,0.0,0.0,0.0,0.0,0.0,0.0,0.0,329.956,21777070,6.784,0.021,2.933,0.009,328.46,0.995,111.064,0.337,0.0,0.000
0,4294967295,353,47,Concat,Concat,dynamic,AI_VECTOR_CORE,1785698096562897.133	,36.881,0.124000,40,0,NO,"""128,16;128,32;128,64;128,128;128,256;128,512;128,2048;128,8192;128,32768""",FLOAT16;FLOAT16;FLOAT16;FLOAT16;FLOAT16;FLOAT16;FLOAT16;FLOAT16;FLOAT16,ND;ND;ND;ND;ND;ND;ND;ND;ND,"""128,44016""",FLOAT16,ND,N/A,0.0,0,0.0,0.0,0.0,0.0,0.0,0.0,0.0,0.0,0.0,0.0,0.0,30.883,2038303,0.017,0.001,4.7,0.152,18.786,0.608,8.625,0.279,0.0,0.000
0,4294967295,354,47,aclnnMul_MulAiCore_Mul,Mul,dynamic,AI_VECTOR_CORE,1785698096562934.034	,332.047,0.000000,40,0,NO,"""4096,4096;4096,4096""",FLOAT;FLOAT,ND;ND,"""4096,4096""",FLOAT,ND,N/A,0.0,0,0.0,0.0,0.0,0.0,0.0,0.0,0.0,0.0,0.0,0.0,0.0,329.502,21747129,6.784,0.021,3.045,0.009,327.923,0.995,110.783,0.336,0.0,0.000
0,4294967295,355,47,Concat,Concat,dynamic,AI_VECTOR_CORE,1785698096563266.121	,36.380,0.000000,40,0,NO,"""128,16;128,32;128,64;128,128;128,256;128,512;128,2048;128,8192;128,32768""",FLOAT16;FLOAT16;FLOAT16;FLOAT16;FLOAT16;FLOAT16;FLOAT16;FLOAT16;FLOAT16,ND;ND;ND;ND;ND;ND;ND;ND;ND,"""128,44016""",FLOAT16,ND,N/A,0.0,0,0.0,0.0,0.0,0.0,0.0,0.0,0.0,0.0,0.0,0.0,0.0,30.913,2040288,0.017,0.001,5.007,0.162,18.909,0.612,8.351,0.27,0.0,0.000
0,4294967295,356,47,aclnnMul_MulAiCore_Mul,Mul,dynamic,AI_VECTOR_CORE,1785698096563302.521	,333.207,0.120000,40,0,NO,"""4096,4096;4096,4096""",FLOAT;FLOAT,ND;ND,"""4096,4096""",FLOAT,ND,N/A,0.0,0,0.0,0.0,0.0,0.0,0.0,0.0,0.0,0.0,0.0,0.0,0.0,331.182,21857996,6.784,0.02,2.926,0.009,329.757,0.996,112.355,0.339,0.0,0.000
0,4294967295,357,47,Concat,Concat,dynamic,AI_VECTOR_CORE,1785698096563635.768	,37.741,0.043000,40,0,NO,"""128,16;128,32;128,64;128,128;128,256;128,512;128,2048;128,8192;128,32768""",FLOAT16;FLOAT16;FLOAT16;FLOAT16;FLOAT16;FLOAT16;FLOAT16;FLOAT16;FLOAT16,ND;ND;ND;ND;ND;ND;ND;ND;ND,"""128,44016""",FLOAT16,ND,N/A,0.0,0,0.0,0.0,0.0,0.0,0.0,0.0,0.0,0.0,0.0,0.0,0.0,31.84,2101456,0.017,0.001,5.49,0.172,19.32,0.607,8.84,0.278,0.0,0.000
0,4294967295,358,47,aclnnMul_MulAiCore_Mul,Mul,dynamic,AI_VECTOR_CORE,1785698096563673.529	,332.727,0.009000,40,0,NO,"""4096,4096;4096,4096""",FLOAT;FLOAT,ND;ND,"""4096,4096""",FLOAT,ND,N/A,0.0,0,0.0,0.0,0.0,0.0,0.0,0.0,0.0,0.0,0.0,0.0,0.0,330.133,21788776,6.784,0.021,3.029,0.009,328.567,0.995,112.279,0.34,0.0,0.000
0,4294967295,359,47,Concat,Concat,dynamic,AI_VECTOR_CORE,1785698096564006.276	,35.880,0.023000,40,0,NO,"""128,16;128,32;128,64;128,128;128,256;128,512;128,2048;128,8192;128,32768""",FLOAT16;FLOAT16;FLOAT16;FLOAT16;FLOAT16;FLOAT16;FLOAT16;FLOAT16;FLOAT16,ND;ND;ND;ND;ND;ND;ND;ND;ND,"""128,44016""",FLOAT16,ND,N/A,0.0,0,0.0,0.0,0.0,0.0,0.0,0.0,0.0,0.0,0.0,0.0,0.0,30.436,2008786,0.017,0.001,4.875,0.16,18.467,0.607,8.327,0.274,0.0,0.000
0,4294967295,360,47,aclnnMul_MulAiCore_Mul,Mul,dynamic,AI_VECTOR_CORE,1785698096564042.176	,332.967,0.120000,40,0,NO,"""4096,4096;4096,4096""",FLOAT;FLOAT,ND;ND,"""4096,4096""",FLOAT,ND,N/A,0.0,0,0.0,0.0,0.0,0.0,0.0,0.0,0.0,0.0,0.0,0.0,0.0,330.853,21836327,6.784,0.021,3.028,0.009,329.304,0.995,112.351,0.34,0.0,0.000
0,4294967295,361,47,Concat,Concat,dynamic,AI_VECTOR_CORE,1785698096564375.163	,36.941,0.033000,40,0,NO,"""128,16;128,32;128,64;128,128;128,256;128,512;128,2048;128,8192;128,32768""",FLOAT16;FLOAT16;FLOAT16;FLOAT16;FLOAT16;FLOAT16;FLOAT16;FLOAT16;FLOAT16,ND;ND;ND;ND;ND;ND;ND;ND;ND,"""128,44016""",FLOAT16,ND,N/A,0.0,0,0.0,0.0,0.0,0.0,0.0,0.0,0.0,0.0,0.0,0.0,0.0,31.62,2086911,0.017,0.001,4.881,0.154,19.124,0.605,8.885,0.281,0.0,0.000
0,4294967295,362,47,aclnnMul_MulAiCore_Mul,Mul,dynamic,AI_VECTOR_CORE,1785698096564412.124	,331.186,0.000000,40,0,NO,"""4096,4096;4096,4096""",FLOAT;FLOAT,ND;ND,"""4096,4096""",FLOAT,ND,N/A,0.0,0,0.0,0.0,0.0,0.0,0.0,0.0,0.0,0.0,0.0,0.0,0.0,328.98,21712659,6.784,0.021,3.116,0.009,327.347,0.995,110.976,0.337,0.0,0.000
0,4294967295,363,47,Concat,Concat,dynamic,AI_VECTOR_CORE,1785698096564743.330	,36.561,0.064000,40,0,NO,"""128,16;128,32;128,64;128,128;128,256;128,512;128,2048;128,8192;128,32768""",FLOAT16;FLOAT16;FLOAT16;FLOAT16;FLOAT16;FLOAT16;FLOAT16;FLOAT16;FLOAT16,ND;ND;ND;ND;ND;ND;ND;ND;ND,"""128,44016""",FLOAT16,ND,N/A,0.0,0,0.0,0.0,0.0,0.0,0.0,0.0,0.0,0.0,0.0,0.0,0.0,31.517,2080140,0.017,0.001,4.825,0.153,19.282,0.612,8.683,0.275,0.0,0.000
0,4294967295,364,47,aclnnMul_MulAiCore_Mul,Mul,dynamic,AI_VECTOR_CORE,1785698096564779.911	,332.307,0.189000,40,0,NO,"""4096,4096;4096,4096""",FLOAT;FLOAT,ND;ND,"""4096,4096""",FLOAT,ND,N/A,0.0,0,0.0,0.0,0.0,0.0,0.0,0.0,0.0,0.0,0.0,0.0,0.0,330.107,21787046,6.784,0.021,3.01,0.009,328.542,0.995,112.026,0.339,0.0,0.000
0,4294967295,365,47,Concat,Concat,dynamic,AI_VECTOR_CORE,1785698096565112.238	,37.700,0.000000,40,0,NO,"""128,16;128,32;128,64;128,128;128,256;128,512;128,2048;128,8192;128,32768""",FLOAT16;FLOAT16;FLOAT16;FLOAT16;FLOAT16;FLOAT16;FLOAT16;FLOAT16;FLOAT16,ND;ND;ND;ND;ND;ND;ND;ND;ND,"""128,44016""",FLOAT16,ND,N/A,0.0,0,0.0,0.0,0.0,0.0,0.0,0.0,0.0,0.0,0.0,0.0,0.0,32.214,2126153,0.017,0.001,5.61,0.174,19.821,0.615,8.67,0.269,0.0,0.000
0,4294967295,366,47,aclnnMul_MulAiCore_Mul,Mul,dynamic,AI_VECTOR_CORE,1785698096565149.978	,332.367,0.050000,40,0,NO,"""4096,4096;4096,4096""",FLOAT;FLOAT,ND;ND,"""4096,4096""",FLOAT,ND,N/A,0.0,0,0.0,0.0,0.0,0.0,0.0,0.0,0.0,0.0,0.0,0.0,0.0,329.286,21732853,6.784,0.021,3.096,0.009,327.559,0.995,111.593,0.339,0.0,0.000
0,4294967295,367,47,Concat,Concat,dynamic,AI_VECTOR_CORE,1785698096565482.365	,36.521,0.000000,40,0,NO,"""128,16;128,32;128,64;128,128;128,256;128,512;128,2048;128,8192;128,32768""",FLOAT16;FLOAT16;FLOAT16;FLOAT16;FLOAT16;FLOAT16;FLOAT16;FLOAT16;FLOAT16,ND;ND;ND;ND;ND;ND;ND;ND;ND,"""128,44016""",FLOAT16,ND,N/A,0.0,0,0.0,0.0,0.0,0.0,0.0,0.0,0.0,0.0,0.0,0.0,0.0,31.165,2056922,0.017,0.001,4.672,0.15,19.267,0.618,8.45,0.271,0.0,0.000
0,4294967295,368,47,aclnnMul_MulAiCore_Mul,Mul,dynamic,AI_VECTOR_CORE,1785698096565518.906	,334.226,0.229000,40,0,NO,"""4096,4096;4096,4096""",FLOAT;FLOAT,ND;ND,"""4096,4096""",FLOAT,ND,N/A,0.0,0,0.0,0.0,0.0,0.0,0.0,0.0,0.0,0.0,0.0,0.0,0.0,331.571,21883690,6.784,0.02,3.035,0.009,329.939,0.995,113.636,0.343,0.0,0.000
0,4294967295,369,47,Concat,Concat,dynamic,AI_VECTOR_CORE,1785698096565853.152	,37.521,0.024000,40,0,NO,"""128,16;128,32;128,64;128,128;128,256;128,512;128,2048;128,8192;128,32768""",FLOAT16;FLOAT16;FLOAT16;FLOAT16;FLOAT16;FLOAT16;FLOAT16;FLOAT16;FLOAT16,ND;ND;ND;ND;ND;ND;ND;ND;ND,"""128,44016""",FLOAT16,ND,N/A,0.0,0,0.0,0.0,0.0,0.0,0.0,0.0,0.0,0.0,0.0,0.0,0.0,32.016,2113047,0.017,0.001,4.702,0.147,19.476,0.608,9.063,0.283,0.0,0.000
0,4294967295,370,47,aclnnMul_MulAiCore_Mul,Mul,dynamic,AI_VECTOR_CORE,1785698096565890.693	,331.727,0.000000,40,0,NO,"""4096,4096;4096,4096""",FLOAT;FLOAT,ND;ND,"""4096,4096""",FLOAT,ND,N/A,0.0,0,0.0,0.0,0.0,0.0,0.0,0.0,0.0,0.0,0.0,0.0,0.0,329.698,21760044,6.784,0.021,2.938,0.009,328.181,0.995,111.146,0.337,0.0,0.000
0,4294967295,371,47,Concat,Concat,dynamic,AI_VECTOR_CORE,1785698096566222.440	,36.421,0.023000,40,0,NO,"""128,16;128,32;128,64;128,128;128,256;128,512;128,2048;128,8192;128,32768""",FLOAT16;FLOAT16;FLOAT16;FLOAT16;FLOAT16;FLOAT16;FLOAT16;FLOAT16;FLOAT16,ND;ND;ND;ND;ND;ND;ND;ND;ND,"""128,44016""",FLOAT16,ND,N/A,0.0,0,0.0,0.0,0.0,0.0,0.0,0.0,0.0,0.0,0.0,0.0,0.0,31.852,2102199,0.017,0.001,5.02,0.158,19.488,0.612,8.894,0.279,0.0,0.000
0,4294967295,372,47,aclnnMul_MulAiCore_Mul,Mul,dynamic,AI_VECTOR_CORE,1785698096566258.881	,333.886,0.079000,40,0,NO,"""4096,4096;4096,4096""",FLOAT;FLOAT,ND;ND,"""4096,4096""",FLOAT,ND,N/A,0.0,0,0.0,0.0,0.0,0.0,0.0,0.0,0.0,0.0,0.0,0.0,0.0,331.109,21853192,6.784,0.02,3.0,0.009,329.586,0.995,112.583,0.34,0.0,0.000
0,4294967295,373,47,Concat,Concat,dynamic,AI_VECTOR_CORE,1785698096566592.787	,37.041,0.000000,40,0,NO,"""128,16;128,32;128,64;128,128;128,256;128,512;128,2048;128,8192;128,32768""",FLOAT16;FLOAT16;FLOAT16;FLOAT16;FLOAT16;FLOAT16;FLOAT16;FLOAT16;FLOAT16,ND;ND;ND;ND;ND;ND;ND;ND;ND,"""128,44016""",FLOAT16,ND,N/A,0.0,0,0.0,0.0,0.0,0.0,0.0,0.0,0.0,0.0,0.0,0.0,0.0,32.473,2143229,0.017,0.001,4.876,0.15,19.753,0.608,9.259,0.285,0.0,0.000
0,4294967295,374,47,aclnnMul_MulAiCore_Mul,Mul,dynamic,AI_VECTOR_CORE,1785698096566629.848	,331.647,0.000000,40,0,NO,"""4096,4096;4096,4096""",FLOAT;FLOAT,ND;ND,"""4096,4096""",FLOAT,ND,N/A,0.0,0,0.0,0.0,0.0,0.0,0.0,0.0,0.0,0.0,0.0,0.0,0.0,329.003,21714190,6.784,0.021,2.932,0.009,327.493,0.995,110.677,0.336,0.0,0.000
0,4294967295,375,47,Concat,Concat,dynamic,AI_VECTOR_CORE,1785698096566961.515	,37.180,0.103000,40,0,NO,"""128,16;128,32;128,64;128,128;128,256;128,512;128,2048;128,8192;128,32768""",FLOAT16;FLOAT16;FLOAT16;FLOAT16;FLOAT16;FLOAT16;FLOAT16;FLOAT16;FLOAT16,ND;ND;ND;ND;ND;ND;ND;ND;ND,"""128,44016""",FLOAT16,ND,N/A,0.0,0,0.0,0.0,0.0,0.0,0.0,0.0,0.0,0.0,0.0,0.0,0.0,32.281,2130546,0.017,0.001,4.865,0.151,19.699,0.61,8.954,0.277,0.0,0.000
0,4294967295,376,47,aclnnMul_MulAiCore_Mul,Mul,dynamic,AI_VECTOR_CORE,1785698096566998.715	,332.687,0.070000,40,0,NO,"""4096,4096;4096,4096""",FLOAT;FLOAT,ND;ND,"""4096,4096""",FLOAT,ND,N/A,0.0,0,0.0,0.0,0.0,0.0,0.0,0.0,0.0,0.0,0.0,0.0,0.0,330.473,21811247,6.784,0.021,3.111,0.009,328.8,0.995,112.202,0.34,0.0,0.000
0,4294967295,377,47,Concat,Concat,dynamic,AI_VECTOR_CORE,1785698096567331.422	,37.701,0.063000,40,0,NO,"""128,16;128,32;128,64;128,128;128,256;128,512;128,2048;128,8192;128,32768""",FLOAT16;FLOAT16;FLOAT16;FLOAT16;FLOAT16;FLOAT16;FLOAT16;FLOAT16;FLOAT16,ND;ND;ND;ND;ND;ND;ND;ND;ND,"""128,44016""",FLOAT16,ND,N/A,0.0,0,0.0,0.0,0.0,0.0,0.0,0.0,0.0,0.0,0.0,0.0,0.0,32.294,2131436,0.017,0.001,4.801,0.149,19.999,0.619,8.715,0.27,0.0,0.000
0,4294967295,378,47,aclnnMul_MulAiCore_Mul,Mul,dynamic,AI_VECTOR_CORE,1785698096567369.143	,332.006,0.049000,40,0,NO,"""4096,4096;4096,4096""",FLOAT;FLOAT,ND;ND,"""4096,4096""",FLOAT,ND,N/A,0.0,0,0.0,0.0,0.0,0.0,0.0,0.0,0.0,0.0,0.0,0.0,0.0,329.312,21734621,6.784,0.021,3.027,0.009,327.68,0.995,112.447,0.341,0.0,0.000
0,4294967295,379,47,Concat,Concat,dynamic,AI_VECTOR_CORE,1785698096567701.189	,36.081,0.000000,40,0,NO,"""128,16;128,32;128,64;128,128;128,256;128,512;128,2048;128,8192;128,32768""",FLOAT16;FLOAT16;FLOAT16;FLOAT16;FLOAT16;FLOAT16;FLOAT16;FLOAT16;FLOAT16,ND;ND;ND;ND;ND;ND;ND;ND;ND,"""128,44016""",FLOAT16,ND,N/A,0.0,0,0.0,0.0,0.0,0.0,0.0,0.0,0.0,0.0,0.0,0.0,0.0,30.901,2039447,0.017,0.001,5.143,0.166,18.917,0.612,8.427,0.273,0.0,0.000
0,4294967295,380,47,aclnnMul_MulAiCore_Mul,Mul,dynamic,AI_VECTOR_CORE,1785698096567737.290	,332.407,0.000000,40,0,NO,"""4096,4096;4096,4096""",FLOAT;FLOAT,ND;ND,"""4096,4096""",FLOAT,ND,N/A,0.0,0,0.0,0.0,0.0,0.0,0.0,0.0,0.0,0.0,0.0,0.0,0.0,330.353,21803320,6.784,0.021,3.083,0.009,328.734,0.995,111.249,0.337,0.0,0.000
0,4294967295,381,47,Concat,Concat,dynamic,AI_VECTOR_CORE,1785698096568069.717	,37.000,0.093000,40,0,NO,"""128,16;128,32;128,64;128,128;128,256;128,512;128,2048;128,8192;128,32768""",FLOAT16;FLOAT16;FLOAT16;FLOAT16;FLOAT16;FLOAT16;FLOAT16;FLOAT16;FLOAT16,ND;ND;ND;ND;ND;ND;ND;ND;ND,"""128,44016""",FLOAT16,ND,N/A,0.0,0,0.0,0.0,0.0,0.0,0.0,0.0,0.0,0.0,0.0,0.0,0.0,31.667,2089994,0.017,0.001,4.894,0.155,19.358,0.611,8.811,0.278,0.0,0.000
0,4294967295,382,47,aclnnMul_MulAiCore_Mul,Mul,dynamic,AI_VECTOR_CORE,1785698096568106.737	,331.407,0.000000,40,0,NO,"""4096,4096;4096,4096""",FLOAT;FLOAT,ND;ND,"""4096,4096""",FLOAT,ND,N/A,0.0,0,0.0,0.0,0.0,0.0,0.0,0.0,0.0,0.0,0.0,0.0,0.0,329.544,21749917,6.784,0.021,3.025,0.009,328.003,0.995,110.936,0.337,0.0,0.000
0,4294967295,383,47,Concat,Concat,dynamic,AI_VECTOR_CORE,1785698096568438.164	,36.601,0.093000,40,0,NO,"""128,16;128,32;128,64;128,128;128,256;128,512;128,2048;128,8192;128,32768""",FLOAT16;FLOAT16;FLOAT16;FLOAT16;FLOAT16;FLOAT16;FLOAT16;FLOAT16;FLOAT16,ND;ND;ND;ND;ND;ND;ND;ND;ND,"""128,44016""",FLOAT16,ND,N/A,0.0,0,0.0,0.0,0.0,0.0,0.0,0.0,0.0,0.0,0.0,0.0,0.0,31.021,2047386,0.017,0.001,4.886,0.158,19.111,0.616,8.267,0.267,0.0,0.000
0,4294967295,384,47,aclnnMul_MulAiCore_Mul,Mul,dynamic,AI_VECTOR_CORE,1785698096568474.785	,332.986,0.000000,40,0,NO,"""4096,4096;4096,4096""",FLOAT;FLOAT,ND;ND,"""4096,4096""",FLOAT,ND,N/A,0.0,0,0.0,0.0,0.0,0.0,0.0,0.0,0.0,0.0,0.0,0.0,0.0,330.843,21835647,6.784,0.021,3.118,0.009,329.179,0.995,111.309,0.336,0.0,0.000
0,4294967295,385,47,Concat,Concat,dynamic,AI_VECTOR_CORE,1785698096568807.791	,37.181,0.014000,40,0,NO,"""128,16;128,32;128,64;128,128;128,256;128,512;128,2048;128,8192;128,32768""",FLOAT16;FLOAT16;FLOAT16;FLOAT16;FLOAT16;FLOAT16;FLOAT16;FLOAT16;FLOAT16,ND;ND;ND;ND;ND;ND;ND;ND;ND,"""128,44016""",FLOAT16,ND,N/A,0.0,0,0.0,0.0,0.0,0.0,0.0,0.0,0.0,0.0,0.0,0.0,0.0,31.394,2071972,0.017,0.001,4.782,0.152,19.394,0.618,8.453,0.269,0.0,0.000
0,4294967295,386,47,aclnnMul_MulAiCore_Mul,Mul,dynamic,AI_VECTOR_CORE,1785698096568844.992	,331.927,0.069000,40,0,NO,"""4096,4096;4096,4096""",FLOAT;FLOAT,ND;ND,"""4096,4096""",FLOAT,ND,N/A,0.0,0,0.0,0.0,0.0,0.0,0.0,0.0,0.0,0.0,0.0,0.0,0.0,329.671,21758262,6.784,0.021,3.013,0.009,328.092,0.995,110.761,0.336,0.0,0.000
0,4294967295,387,47,Concat,Concat,dynamic,AI_VECTOR_CORE,1785698096569176.959	,36.101,0.073000,40,0,NO,"""128,16;128,32;128,64;128,128;128,256;128,512;128,2048;128,8192;128,32768""",FLOAT16;FLOAT16;FLOAT16;FLOAT16;FLOAT16;FLOAT16;FLOAT16;FLOAT16;FLOAT16,ND;ND;ND;ND;ND;ND;ND;ND;ND,"""128,44016""",FLOAT16,ND,N/A,0.0,0,0.0,0.0,0.0,0.0,0.0,0.0,0.0,0.0,0.0,0.0,0.0,30.536,2015362,0.017,0.001,5.089,0.167,18.761,0.614,8.126,0.266,0.0,0.000
0,4294967295,388,47,aclnnMul_MulAiCore_Mul,Mul,dynamic,AI_VECTOR_CORE,1785698096569213.080	,333.066,0.000000,40,0,NO,"""4096,4096;4096,4096""",FLOAT;FLOAT,ND;ND,"""4096,4096""",FLOAT,ND,N/A,0.0,0,0.0,0.0,0.0,0.0,0.0,0.0,0.0,0.0,0.0,0.0,0.0,330.534,21815259,6.784,0.021,3.414,0.01,328.554,0.994,111.748,0.338,0.0,0.000
0,4294967295,389,47,Concat,Concat,dynamic,AI_VECTOR_CORE,1785698096569546.186	,36.881,0.184000,40,0,NO,"""128,16;128,32;128,64;128,128;128,256;128,512;128,2048;128,8192;128,32768""",FLOAT16;FLOAT16;FLOAT16;FLOAT16;FLOAT16;FLOAT16;FLOAT16;FLOAT16;FLOAT16,ND;ND;ND;ND;ND;ND;ND;ND;ND,"""128,44016""",FLOAT16,ND,N/A,0.0,0,0.0,0.0,0.0,0.0,0.0,0.0,0.0,0.0,0.0,0.0,0.0,31.345,2068793,0.017,0.001,5.254,0.168,18.742,0.598,8.931,0.285,0.0,0.000
0,4294967295,390,47,aclnnMul_MulAiCore_Mul,Mul,dynamic,AI_VECTOR_CORE,1785698096569583.087	,332.307,0.000000,40,0,NO,"""4096,4096;4096,4096""",FLOAT;FLOAT,ND;ND,"""4096,4096""",FLOAT,ND,N/A,0.0,0,0.0,0.0,0.0,0.0,0.0,0.0,0.0,0.0,0.0,0.0,0.0,329.782,21765591,6.784,0.021,3.048,0.009,328.172,0.995,111.205,0.337,0.0,0.000
0,4294967295,391,47,Concat,Concat,dynamic,AI_VECTOR_CORE,1785698096569915.434	,36.100,0.193000,40,0,NO,"""128,16;128,32;128,64;128,128;128,256;128,512;128,2048;128,8192;128,32768""",FLOAT16;FLOAT16;FLOAT16;FLOAT16;FLOAT16;FLOAT16;FLOAT16;FLOAT16;FLOAT16,ND;ND;ND;ND;ND;ND;ND;ND;ND,"""128,44016""",FLOAT16,ND,N/A,0.0,0,0.0,0.0,0.0,0.0,0.0,0.0,0.0,0.0,0.0,0.0,0.0,30.723,2027706,0.017,0.001,4.826,0.157,18.753,0.61,8.381,0.273,0.0,0.000
0,4294967295,392,47,aclnnMul_MulAiCore_Mul,Mul,dynamic,AI_VECTOR_CORE,1785698096569951.554	,332.587,0.000000,40,0,NO,"""4096,4096;4096,4096""",FLOAT;FLOAT,ND;ND,"""4096,4096""",FLOAT,ND,N/A,0.0,0,0.0,0.0,0.0,0.0,0.0,0.0,0.0,0.0,0.0,0.0,0.0,330.524,21814561,6.784,0.021,3.041,0.009,328.941,0.995,111.255,0.337,0.0,0.000
0,4294967295,393,47,Concat,Concat,dynamic,AI_VECTOR_CORE,1785698096570284.161	,37.581,0.163000,40,0,NO,"""128,16;128,32;128,64;128,128;128,256;128,512;128,2048;128,8192;128,32768""",FLOAT16;FLOAT16;FLOAT16;FLOAT16;FLOAT16;FLOAT16;FLOAT16;FLOAT16;FLOAT16,ND;ND;ND;ND;ND;ND;ND;ND;ND,"""128,44016""",FLOAT16,ND,N/A,0.0,0,0.0,0.0,0.0,0.0,0.0,0.0,0.0,0.0,0.0,0.0,0.0,32.018,2113198,0.017,0.001,4.884,0.153,19.659,0.614,8.713,0.272,0.0,0.000
0,4294967295,394,47,aclnnMul_MulAiCore_Mul,Mul,dynamic,AI_VECTOR_CORE,1785698096570321.762	,330.886,0.000000,40,0,NO,"""4096,4096;4096,4096""",FLOAT;FLOAT,ND;ND,"""4096,4096""",FLOAT,ND,N/A,0.0,0,0.0,0.0,0.0,0.0,0.0,0.0,0.0,0.0,0.0,0.0,0.0,328.657,21691384,6.784,0.021,2.906,0.009,327.205,0.996,110.664,0.337,0.0,0.000
0,4294967295,395,47,Concat,Concat,dynamic,AI_VECTOR_CORE,1785698096570652.668	,37.181,0.114000,40,0,NO,"""128,16;128,32;128,64;128,128;128,256;128,512;128,2048;128,8192;128,32768""",FLOAT16;FLOAT16;FLOAT16;FLOAT16;FLOAT16;FLOAT16;FLOAT16;FLOAT16;FLOAT16,ND;ND;ND;ND;ND;ND;ND;ND;ND,"""128,44016""",FLOAT16,ND,N/A,0.0,0,0.0,0.0,0.0,0.0,0.0,0.0,0.0,0.0,0.0,0.0,0.0,31.585,2084616,0.017,0.001,4.848,0.153,19.348,0.613,8.765,0.278,0.0,0.000
0,4294967295,396,47,aclnnMul_MulAiCore_Mul,Mul,dynamic,AI_VECTOR_CORE,1785698096570689.869	,333.387,0.000000,40,0,NO,"""4096,4096;4096,4096""",FLOAT;FLOAT,ND;ND,"""4096,4096""",FLOAT,ND,N/A,0.0,0,0.0,0.0,0.0,0.0,0.0,0.0,0.0,0.0,0.0,0.0,0.0,331.195,21858868,6.784,0.02,3.029,0.009,329.623,0.995,111.594,0.337,0.0,0.000
0,4294967295,397,47,Concat,Concat,dynamic,AI_VECTOR_CORE,1785698096571023.276	,37.240,0.113000,40,0,NO,"""128,16;128,32;128,64;128,128;128,256;128,512;128,2048;128,8192;128,32768""",FLOAT16;FLOAT16;FLOAT16;FLOAT16;FLOAT16;FLOAT16;FLOAT16;FLOAT16;FLOAT16,ND;ND;ND;ND;ND;ND;ND;ND;ND,"""128,44016""",FLOAT16,ND,N/A,0.0,0,0.0,0.0,0.0,0.0,0.0,0.0,0.0,0.0,0.0,0.0,0.0,32.185,2124201,0.017,0.001,5.187,0.161,19.676,0.611,8.916,0.277,0.0,0.000
0,4294967295,398,47,aclnnMul_MulAiCore_Mul,Mul,dynamic,AI_VECTOR_CORE,1785698096571060.536	,330.547,0.010000,40,0,NO,"""4096,4096;4096,4096""",FLOAT;FLOAT,ND;ND,"""4096,4096""",FLOAT,ND,N/A,0.0,0,0.0,0.0,0.0,0.0,0.0,0.0,0.0,0.0,0.0,0.0,0.0,328.518,21682209,6.784,0.021,2.934,0.009,327.075,0.996,111.559,0.34,0.0,0.000
0,4294967295,399,47,Concat,Concat,dynamic,AI_VECTOR_CORE,1785698096571391.103	,37.061,0.000000,40,0,NO,"""128,16;128,32;128,64;128,128;128,256;128,512;128,2048;128,8192;128,32768""",FLOAT16;FLOAT16;FLOAT16;FLOAT16;FLOAT16;FLOAT16;FLOAT16;FLOAT16;FLOAT16,ND;ND;ND;ND;ND;ND;ND;ND;ND,"""128,44016""",FLOAT16,ND,N/A,0.0,0,0.0,0.0,0.0,0.0,0.0,0.0,0.0,0.0,0.0,0.0,0.0,31.964,2109599,0.017,0.001,4.775,0.149,19.589,0.613,8.827,0.276,0.0,0.000
0,4294967295,400,47,aclnnMul_MulAiCore_Mul,Mul,dynamic,AI_VECTOR_CORE,1785698096571428.184	,332.826,0.189000,40,0,NO,"""4096,4096;4096,4096""",FLOAT;FLOAT,ND;ND,"""4096,4096""",FLOAT,ND,N/A,0.0,0,0.0,0.0,0.0,0.0,0.0,0.0,0.0,0.0,0.0,0.0,0.0,330.52,21814311,6.784,0.021,3.097,0.009,328.887,0.995,112.291,0.34,0.0,0.000
0,4294967295,401,47,Concat,Concat,dynamic,AI_VECTOR_CORE,1785698096571761.050	,38.221,0.000000,40,0,NO,"""128,16;128,32;128,64;128,128;128,256;128,512;128,2048;128,8192;128,32768""",FLOAT16;FLOAT16;FLOAT16;FLOAT16;FLOAT16;FLOAT16;FLOAT16;FLOAT16;FLOAT16,ND;ND;ND;ND;ND;ND;ND;ND;ND,"""128,44016""",FLOAT16,ND,N/A,0.0,0,0.0,0.0,0.0,0.0,0.0,0.0,0.0,0.0,0.0,0.0,0.0,33.042,2180777,0.017,0.001,4.811,0.146,20.17,0.61,9.285,0.281,0.0,0.000
0,4294967295,402,47,aclnnMul_MulAiCore_Mul,Mul,dynamic,AI_VECTOR_CORE,1785698096571799.291	,330.547,0.029000,40,0,NO,"""4096,4096;4096,4096""",FLOAT;FLOAT,ND;ND,"""4096,4096""",FLOAT,ND,N/A,0.0,0,0.0,0.0,0.0,0.0,0.0,0.0,0.0,0.0,0.0,0.0,0.0,328.78,21699464,6.784,0.021,3.077,0.009,327.159,0.995,111.52,0.339,0.0,0.000
0,4294967295,403,47,Concat,Concat,dynamic,AI_VECTOR_CORE,1785698096572129.878	,37.341,0.203000,40,0,NO,"""128,16;128,32;128,64;128,128;128,256;128,512;128,2048;128,8192;128,32768""",FLOAT16;FLOAT16;FLOAT16;FLOAT16;FLOAT16;FLOAT16;FLOAT16;FLOAT16;FLOAT16,ND;ND;ND;ND;ND;ND;ND;ND;ND,"""128,44016""",FLOAT16,ND,N/A,0.0,0,0.0,0.0,0.0,0.0,0.0,0.0,0.0,0.0,0.0,0.0,0.0,33.042,2180787,0.017,0.001,5.17,0.156,20.196,0.611,9.249,0.28,0.0,0.000
0,4294967295,404,47,aclnnMul_MulAiCore_Mul,Mul,dynamic,AI_VECTOR_CORE,1785698096572167.239	,331.866,0.000000,40,0,NO,"""4096,4096;4096,4096""",FLOAT;FLOAT,ND;ND,"""4096,4096""",FLOAT,ND,N/A,0.0,0,0.0,0.0,0.0,0.0,0.0,0.0,0.0,0.0,0.0,0.0,0.0,330.06,21783976,6.784,0.021,3.058,0.009,328.43,0.995,111.87,0.339,0.0,0.000
0,4294967295,405,47,Concat,Concat,dynamic,AI_VECTOR_CORE,1785698096572499.125	,37.781,0.000000,40,0,NO,"""128,16;128,32;128,64;128,128;128,256;128,512;128,2048;128,8192;128,32768""",FLOAT16;FLOAT16;FLOAT16;FLOAT16;FLOAT16;FLOAT16;FLOAT16;FLOAT16;FLOAT16,ND;ND;ND;ND;ND;ND;ND;ND;ND,"""128,44016""",FLOAT16,ND,N/A,0.0,0,0.0,0.0,0.0,0.0,0.0,0.0,0.0,0.0,0.0,0.0,0.0,33.061,2182023,0.017,0.001,5.049,0.153,20.11,0.608,9.355,0.283,0.0,0.000
0,4294967295,406,47,aclnnMul_MulAiCore_Mul,Mul,dynamic,AI_VECTOR_CORE,1785698096572536.926	,331.947,0.219000,40,0,NO,"""4096,4096;4096,4096""",FLOAT;FLOAT,ND;ND,"""4096,4096""",FLOAT,ND,N/A,0.0,0,0.0,0.0,0.0,0.0,0.0,0.0,0.0,0.0,0.0,0.0,0.0,329.226,21728920,6.784,0.021,3.123,0.009,327.505,0.995,111.915,0.34,0.0,0.000
0,4294967295,407,47,Concat,Concat,dynamic,AI_VECTOR_CORE,1785698096572868.893	,36.520,0.053000,40,0,NO,"""128,16;128,32;128,64;128,128;128,256;128,512;128,2048;128,8192;128,32768""",FLOAT16;FLOAT16;FLOAT16;FLOAT16;FLOAT16;FLOAT16;FLOAT16;FLOAT16;FLOAT16,ND;ND;ND;ND;ND;ND;ND;ND;ND,"""128,44016""",FLOAT16,ND,N/A,0.0,0,0.0,0.0,0.0,0.0,0.0,0.0,0.0,0.0,0.0,0.0,0.0,31.498,2078861,0.017,0.001,4.618,0.147,19.372,0.615,8.733,0.277,0.0,0.000
0,4294967295,408,47,aclnnMul_MulAiCore_Mul,Mul,dynamic,AI_VECTOR_CORE,1785698096572905.433	,333.367,0.000000,40,0,NO,"""4096,4096;4096,4096""",FLOAT;FLOAT,ND;ND,"""4096,4096""",FLOAT,ND,N/A,0.0,0,0.0,0.0,0.0,0.0,0.0,0.0,0.0,0.0,0.0,0.0,0.0,330.979,21844636,6.784,0.02,2.951,0.009,329.443,0.995,111.189,0.336,0.0,0.000
0,4294967295,409,47,Concat,Concat,dynamic,AI_VECTOR_CORE,1785698096573238.840	,36.961,0.000000,40,0,NO,"""128,16;128,32;128,64;128,128;128,256;128,512;128,2048;128,8192;128,32768""",FLOAT16;FLOAT16;FLOAT16;FLOAT16;FLOAT16;FLOAT16;FLOAT16;FLOAT16;FLOAT16,ND;ND;ND;ND;ND;ND;ND;ND;ND,"""128,44016""",FLOAT16,ND,N/A,0.0,0,0.0,0.0,0.0,0.0,0.0,0.0,0.0,0.0,0.0,0.0,0.0,31.81,2099483,0.017,0.001,4.629,0.146,19.596,0.616,8.798,0.277,0.0,0.000
0,4294967295,410,47,aclnnMul_MulAiCore_Mul,Mul,dynamic,AI_VECTOR_CORE,1785698096573275.821	,332.406,0.039000,40,0,NO,"""4096,4096;4096,4096""",FLOAT;FLOAT,ND;ND,"""4096,4096""",FLOAT,ND,N/A,0.0,0,0.0,0.0,0.0,0.0,0.0,0.0,0.0,0.0,0.0,0.0,0.0,329.85,21770068,6.784,0.021,3.014,0.009,328.252,0.995,112.627,0.341,0.0,0.000
0,4294967295,411,47,Concat,Concat,dynamic,AI_VECTOR_CORE,1785698096573608.247	,36.541,0.094000,40,0,NO,"""128,16;128,32;128,64;128,128;128,256;128,512;128,2048;128,8192;128,32768""",FLOAT16;FLOAT16;FLOAT16;FLOAT16;FLOAT16;FLOAT16;FLOAT16;FLOAT16;FLOAT16,ND;ND;ND;ND;ND;ND;ND;ND;ND,"""128,44016""",FLOAT16,ND,N/A,0.0,0,0.0,0.0,0.0,0.0,0.0,0.0,0.0,0.0,0.0,0.0,0.0,31.712,2092966,0.017,0.001,5.267,0.166,19.434,0.613,8.574,0.27,0.0,0.000
0,4294967295,412,47,aclnnMul_MulAiCore_Mul,Mul,dynamic,AI_VECTOR_CORE,1785698096573644.808	,332.367,0.000000,40,0,NO,"""4096,4096;4096,4096""",FLOAT;FLOAT,ND;ND,"""4096,4096""",FLOAT,ND,N/A,0.0,0,0.0,0.0,0.0,0.0,0.0,0.0,0.0,0.0,0.0,0.0,0.0,330.381,21805170,6.784,0.021,2.924,0.009,328.93,0.996,109.741,0.332,0.0,0.000
0,4294967295,413,47,Concat,Concat,dynamic,AI_VECTOR_CORE,1785698096573977.195	,37.160,0.133000,40,0,NO,"""128,16;128,32;128,64;128,128;128,256;128,512;128,2048;128,8192;128,32768""",FLOAT16;FLOAT16;FLOAT16;FLOAT16;FLOAT16;FLOAT16;FLOAT16;FLOAT16;FLOAT16,ND;ND;ND;ND;ND;ND;ND;ND;ND,"""128,44016""",FLOAT16,ND,N/A,0.0,0,0.0,0.0,0.0,0.0,0.0,0.0,0.0,0.0,0.0,0.0,0.0,31.842,2101564,0.017,0.001,5.08,0.16,19.45,0.611,8.826,0.277,0.0,0.000
0,4294967295,414,47,aclnnMul_MulAiCore_Mul,Mul,dynamic,AI_VECTOR_CORE,1785698096574014.375	,332.207,0.090000,40,0,NO,"""4096,4096;4096,4096""",FLOAT;FLOAT,ND;ND,"""4096,4096""",FLOAT,ND,N/A,0.0,0,0.0,0.0,0.0,0.0,0.0,0.0,0.0,0.0,0.0,0.0,0.0,330.28,21798448,6.784,0.021,3.036,0.009,328.7,0.995,112.81,0.342,0.0,0.000
0,4294967295,415,47,Concat,Concat,dynamic,AI_VECTOR_CORE,1785698096574346.602	,35.861,0.000000,40,0,NO,"""128,16;128,32;128,64;128,128;128,256;128,512;128,2048;128,8192;128,32768""",FLOAT16;FLOAT16;FLOAT16;FLOAT16;FLOAT16;FLOAT16;FLOAT16;FLOAT16;FLOAT16,ND;ND;ND;ND;ND;ND;ND;ND;ND,"""128,44016""",FLOAT16,ND,N/A,0.0,0,0.0,0.0,0.0,0.0,0.0,0.0,0.0,0.0,0.0,0.0,0.0,30.687,2025353,0.017,0.001,4.963,0.162,18.705,0.61,8.281,0.27,0.0,0.000
0,4294967295,416,47,aclnnMul_MulAiCore_Mul,Mul,dynamic,AI_VECTOR_CORE,1785698096574382.483	,332.766,0.139000,40,0,NO,"""4096,4096;4096,4096""",FLOAT;FLOAT,ND;ND,"""4096,4096""",FLOAT,ND,N/A,0.0,0,0.0,0.0,0.0,0.0,0.0,0.0,0.0,0.0,0.0,0.0,0.0,330.66,21823561,6.784,0.021,3.038,0.009,329.061,0.995,112.792,0.341,0.0,0.000
0,4294967295,417,47,Concat,Concat,dynamic,AI_VECTOR_CORE,1785698096574715.269	,36.821,0.000000,40,0,NO,"""128,16;128,32;128,64;128,128;128,256;128,512;128,2048;128,8192;128,32768""",FLOAT16;FLOAT16;FLOAT16;FLOAT16;FLOAT16;FLOAT16;FLOAT16;FLOAT16;FLOAT16,ND;ND;ND;ND;ND;ND;ND;ND;ND,"""128,44016""",FLOAT16,ND,N/A,0.0,0,0.0,0.0,0.0,0.0,0.0,0.0,0.0,0.0,0.0,0.0,0.0,31.164,2056840,0.017,0.001,4.916,0.158,18.898,0.606,8.616,0.276,0.0,0.000
0,4294967295,418,47,aclnnMul_MulAiCore_Mul,Mul,dynamic,AI_VECTOR_CORE,1785698096574752.110	,331.787,0.000000,40,0,NO,"""4096,4096;4096,4096""",FLOAT;FLOAT,ND;ND,"""4096,4096""",FLOAT,ND,N/A,0.0,0,0.0,0.0,0.0,0.0,0.0,0.0,0.0,0.0,0.0,0.0,0.0,329.65,21756894,6.784,0.021,3.122,0.009,327.955,0.995,112.675,0.342,0.0,0.000
0,4294967295,419,47,Concat,Concat,dynamic,AI_VECTOR_CORE,1785698096575083.917	,37.021,0.213000,40,0,NO,"""128,16;128,32;128,64;128,128;128,256;128,512;128,2048;128,8192;128,32768""",FLOAT16;FLOAT16;FLOAT16;FLOAT16;FLOAT16;FLOAT16;FLOAT16;FLOAT16;FLOAT16,ND;ND;ND;ND;ND;ND;ND;ND;ND,"""128,44016""",FLOAT16,ND,N/A,0.0,0,0.0,0.0,0.0,0.0,0.0,0.0,0.0,0.0,0.0,0.0,0.0,31.402,2072562,0.017,0.001,5.483,0.175,18.998,0.605,8.712,0.277,0.0,0.000
0,4294967295,420,47,aclnnMul_MulAiCore_Mul,Mul,dynamic,AI_VECTOR_CORE,1785698096575120.978	,332.306,0.000000,40,0,NO,"""4096,4096;4096,4096""",FLOAT;FLOAT,ND;ND,"""4096,4096""",FLOAT,ND,N/A,0.0,0,0.0,0.0,0.0,0.0,0.0,0.0,0.0,0.0,0.0,0.0,0.0,330.329,21801708,6.784,0.021,2.989,0.009,328.789,0.995,111.627,0.338,0.0,0.000
0,4294967295,421,47,Concat,Concat,dynamic,AI_VECTOR_CORE,1785698096575453.304	,37.161,0.000000,40,0,NO,"""128,16;128,32;128,64;128,128;128,256;128,512;128,2048;128,8192;128,32768""",FLOAT16;FLOAT16;FLOAT16;FLOAT16;FLOAT16;FLOAT16;FLOAT16;FLOAT16;FLOAT16,ND;ND;ND;ND;ND;ND;ND;ND;ND,"""128,44016""",FLOAT16,ND,N/A,0.0,0,0.0,0.0,0.0,0.0,0.0,0.0,0.0,0.0,0.0,0.0,0.0,31.635,2087877,0.017,0.001,4.923,0.156,19.427,0.614,8.615,0.272,0.0,0.000
0,4294967295,422,47,aclnnMul_MulAiCore_Mul,Mul,dynamic,AI_VECTOR_CORE,1785698096575490.485	,331.567,0.089000,40,0,NO,"""4096,4096;4096,4096""",FLOAT;FLOAT,ND;ND,"""4096,4096""",FLOAT,ND,N/A,0.0,0,0.0,0.0,0.0,0.0,0.0,0.0,0.0,0.0,0.0,0.0,0.0,329.492,21746473,6.784,0.021,3.07,0.009,327.889,0.995,110.548,0.336,0.0,0.000
0,4294967295,423,47,Concat,Concat,dynamic,AI_VECTOR_CORE,1785698096575822.092	,35.800,0.000000,40,0,NO,"""128,16;128,32;128,64;128,128;128,256;128,512;128,2048;128,8192;128,32768""",FLOAT16;FLOAT16;FLOAT16;FLOAT16;FLOAT16;FLOAT16;FLOAT16;FLOAT16;FLOAT16,ND;ND;ND;ND;ND;ND;ND;ND;ND,"""128,44016""",FLOAT16,ND,N/A,0.0,0,0.0,0.0,0.0,0.0,0.0,0.0,0.0,0.0,0.0,0.0,0.0,30.788,2031998,0.017,0.001,4.846,0.157,18.819,0.611,8.39,0.272,0.0,0.000
0,4294967295,424,47,aclnnMul_MulAiCore_Mul,Mul,dynamic,AI_VECTOR_CORE,1785698096575857.912	,332.847,0.200000,40,0,NO,"""4096,4096;4096,4096""",FLOAT;FLOAT,ND;ND,"""4096,4096""",FLOAT,ND,N/A,0.0,0,0.0,0.0,0.0,0.0,0.0,0.0,0.0,0.0,0.0,0.0,0.0,330.618,21820778,6.784,0.021,2.922,0.009,329.142,0.996,111.809,0.338,0.0,0.000
0,4294967295,425,47,Concat,Concat,dynamic,AI_VECTOR_CORE,1785698096576190.799	,36.921,0.000000,40,0,NO,"""128,16;128,32;128,64;128,128;128,256;128,512;128,2048;128,8192;128,32768""",FLOAT16;FLOAT16;FLOAT16;FLOAT16;FLOAT16;FLOAT16;FLOAT16;FLOAT16;FLOAT16,ND;ND;ND;ND;ND;ND;ND;ND;ND,"""128,44016""",FLOAT16,ND,N/A,0.0,0,0.0,0.0,0.0,0.0,0.0,0.0,0.0,0.0,0.0,0.0,0.0,31.584,2084512,0.017,0.001,4.861,0.154,19.2,0.608,8.77,0.278,0.0,0.000
0,4294967295,426,47,aclnnMul_MulAiCore_Mul,Mul,dynamic,AI_VECTOR_CORE,1785698096576227.740	,333.826,0.079000,40,0,NO,"""4096,4096;4096,4096""",FLOAT;FLOAT,ND;ND,"""4096,4096""",FLOAT,ND,N/A,0.0,0,0.0,0.0,0.0,0.0,0.0,0.0,0.0,0.0,0.0,0.0,0.0,330.747,21829320,6.784,0.021,3.072,0.009,329.115,0.995,112.914,0.341,0.0,0.000
0,4294967295,427,47,Concat,Concat,dynamic,AI_VECTOR_CORE,1785698096576561.606	,37.481,0.000000,40,0,NO,"""128,16;128,32;128,64;128,128;128,256;128,512;128,2048;128,8192;128,32768""",FLOAT16;FLOAT16;FLOAT16;FLOAT16;FLOAT16;FLOAT16;FLOAT16;FLOAT16;FLOAT16,ND;ND;ND;ND;ND;ND;ND;ND;ND,"""128,44016""",FLOAT16,ND,N/A,0.0,0,0.0,0.0,0.0,0.0,0.0,0.0,0.0,0.0,0.0,0.0,0.0,32.178,2123761,0.017,0.001,5.543,0.172,19.861,0.617,8.631,0.268,0.0,0.000
0,4294967295,428,47,aclnnMul_MulAiCore_Mul,Mul,dynamic,AI_VECTOR_CORE,1785698096576599.107	,333.387,0.019000,40,0,NO,"""4096,4096;4096,4096""",FLOAT;FLOAT,ND;ND,"""4096,4096""",FLOAT,ND,N/A,0.0,0,0.0,0.0,0.0,0.0,0.0,0.0,0.0,0.0,0.0,0.0,0.0,330.898,21839298,6.784,0.021,2.895,0.009,329.454,0.996,111.627,0.337,0.0,0.000
0,4294967295,429,47,Concat,Concat,dynamic,AI_VECTOR_CORE,1785698096576932.514	,37.801,0.113000,40,0,NO,"""128,16;128,32;128,64;128,128;128,256;128,512;128,2048;128,8192;128,32768""",FLOAT16;FLOAT16;FLOAT16;FLOAT16;FLOAT16;FLOAT16;FLOAT16;FLOAT16;FLOAT16,ND;ND;ND;ND;ND;ND;ND;ND;ND,"""128,44016""",FLOAT16,ND,N/A,0.0,0,0.0,0.0,0.0,0.0,0.0,0.0,0.0,0.0,0.0,0.0,0.0,32.277,2130268,0.017,0.001,4.837,0.15,19.828,0.614,8.907,0.276,0.0,0.000
0,4294967295,430,47,aclnnMul_MulAiCore_Mul,Mul,dynamic,AI_VECTOR_CORE,1785698096576970.335	,332.286,0.000000,40,0,NO,"""4096,4096;4096,4096""",FLOAT;FLOAT,ND;ND,"""4096,4096""",FLOAT,ND,N/A,0.0,0,0.0,0.0,0.0,0.0,0.0,0.0,0.0,0.0,0.0,0.0,0.0,330.123,21788134,6.784,0.021,3.11,0.009,328.497,0.995,112.347,0.34,0.0,0.000
0,4294967295,431,47,Concat,Concat,dynamic,AI_VECTOR_CORE,1785698096577302.641	,37.001,0.214000,40,0,NO,"""128,16;128,32;128,64;128,128;128,256;128,512;128,2048;128,8192;128,32768""",FLOAT16;FLOAT16;FLOAT16;FLOAT16;FLOAT16;FLOAT16;FLOAT16;FLOAT16;FLOAT16,ND;ND;ND;ND;ND;ND;ND;ND;ND,"""128,44016""",FLOAT16,ND,N/A,0.0,0,0.0,0.0,0.0,0.0,0.0,0.0,0.0,0.0,0.0,0.0,0.0,31.543,2081868,0.017,0.001,4.635,0.147,19.381,0.614,8.746,0.277,0.0,0.000
0,4294967295,432,47,aclnnMul_MulAiCore_Mul,Mul,dynamic,AI_VECTOR_CORE,1785698096577339.662	,333.067,0.000000,40,0,NO,"""4096,4096;4096,4096""",FLOAT;FLOAT,ND;ND,"""4096,4096""",FLOAT,ND,N/A,0.0,0,0.0,0.0,0.0,0.0,0.0,0.0,0.0,0.0,0.0,0.0,0.0,330.577,21818071,6.784,0.021,3.108,0.009,328.956,0.995,111.439,0.337,0.0,0.000
0,4294967295,433,47,Concat,Concat,dynamic,AI_VECTOR_CORE,1785698096577672.749	,37.180,0.000000,40,0,NO,"""128,16;128,32;128,64;128,128;128,256;128,512;128,2048;128,8192;128,32768""",FLOAT16;FLOAT16;FLOAT16;FLOAT16;FLOAT16;FLOAT16;FLOAT16;FLOAT16;FLOAT16,ND;ND;ND;ND;ND;ND;ND;ND;ND,"""128,44016""",FLOAT16,ND,N/A,0.0,0,0.0,0.0,0.0,0.0,0.0,0.0,0.0,0.0,0.0,0.0,0.0,32.046,2115059,0.017,0.001,4.662,0.145,19.506,0.609,9.1,0.284,0.0,0.000
0,4294967295,434,47,aclnnMul_MulAiCore_Mul,Mul,dynamic,AI_VECTOR_CORE,1785698096577709.969	,331.247,0.070000,40,0,NO,"""4096,4096;4096,4096""",FLOAT;FLOAT,ND;ND,"""4096,4096""",FLOAT,ND,N/A,0.0,0,0.0,0.0,0.0,0.0,0.0,0.0,0.0,0.0,0.0,0.0,0.0,329.434,21742611,6.784,0.021,3.042,0.009,327.831,0.995,111.237,0.338,0.0,0.000
0,4294967295,435,47,Concat,Concat,dynamic,AI_VECTOR_CORE,1785698096578041.236	,37.001,0.003000,40,0,NO,"""128,16;128,32;128,64;128,128;128,256;128,512;128,2048;128,8192;128,32768""",FLOAT16;FLOAT16;FLOAT16;FLOAT16;FLOAT16;FLOAT16;FLOAT16;FLOAT16;FLOAT16,ND;ND;ND;ND;ND;ND;ND;ND;ND,"""128,44016""",FLOAT16,ND,N/A,0.0,0,0.0,0.0,0.0,0.0,0.0,0.0,0.0,0.0,0.0,0.0,0.0,32.406,2138813,0.017,0.001,4.902,0.151,19.703,0.608,9.194,0.284,0.0,0.000
0,4294967295,436,47,aclnnMul_MulAiCore_Mul,Mul,dynamic,AI_VECTOR_CORE,1785698096578078.257	,332.206,0.000000,40,0,NO,"""4096,4096;4096,4096""",FLOAT;FLOAT,ND;ND,"""4096,4096""",FLOAT,ND,N/A,0.0,0,0.0,0.0,0.0,0.0,0.0,0.0,0.0,0.0,0.0,0.0,0.0,329.59,21752960,6.784,0.021,3.716,0.011,327.281,0.993,110.875,0.336,0.0,0.000
0,4294967295,437,47,Concat,Concat,dynamic,AI_VECTOR_CORE,1785698096578410.483	,38.181,0.044000,40,0,NO,"""128,16;128,32;128,64;128,128;128,256;128,512;128,2048;128,8192;128,32768""",FLOAT16;FLOAT16;FLOAT16;FLOAT16;FLOAT16;FLOAT16;FLOAT16;FLOAT16;FLOAT16,ND;ND;ND;ND;ND;ND;ND;ND;ND,"""128,44016""",FLOAT16,ND,N/A,0.0,0,0.0,0.0,0.0,0.0,0.0,0.0,0.0,0.0,0.0,0.0,0.0,33.035,2180315,0.017,0.001,5.064,0.153,19.946,0.604,9.553,0.289,0.0,0.000
0,4294967295,438,47,aclnnMul_MulAiCore_Mul,Mul,dynamic,AI_VECTOR_CORE,1785698096578448.684	,332.507,0.069000,40,0,NO,"""4096,4096;4096,4096""",FLOAT;FLOAT,ND;ND,"""4096,4096""",FLOAT,ND,N/A,0.0,0,0.0,0.0,0.0,0.0,0.0,0.0,0.0,0.0,0.0,0.0,0.0,329.895,21773098,6.784,0.021,3.021,0.009,328.342,0.995,112.26,0.34,0.0,0.000
0,4294967295,439,47,Concat,Concat,dynamic,AI_VECTOR_CORE,1785698096578781.231	,37.020,0.000000,40,0,NO,"""128,16;128,32;128,64;128,128;128,256;128,512;128,2048;128,8192;128,32768""",FLOAT16;FLOAT16;FLOAT16;FLOAT16;FLOAT16;FLOAT16;FLOAT16;FLOAT16;FLOAT16,ND;ND;ND;ND;ND;ND;ND;ND;ND,"""128,44016""",FLOAT16,ND,N/A,0.0,0,0.0,0.0,0.0,0.0,0.0,0.0,0.0,0.0,0.0,0.0,0.0,31.697,2092006,0.017,0.001,4.788,0.151,19.743,0.623,8.397,0.265,0.0,0.000
0,4294967295,440,47,aclnnMul_MulAiCore_Mul,Mul,dynamic,AI_VECTOR_CORE,1785698096578818.271	,333.507,0.000000,40,0,NO,"""4096,4096;4096,4096""",FLOAT;FLOAT,ND;ND,"""4096,4096""",FLOAT,ND,N/A,0.0,0,0.0,0.0,0.0,0.0,0.0,0.0,0.0,0.0,0.0,0.0,0.0,331.156,21856285,6.784,0.02,3.09,0.009,329.51,0.995,113.515,0.343,0.0,0.000
0,4294967295,441,47,Concat,Concat,dynamic,AI_VECTOR_CORE,1785698096579151.798	,37.981,0.000000,40,0,NO,"""128,16;128,32;128,64;128,128;128,256;128,512;128,2048;128,8192;128,32768""",FLOAT16;FLOAT16;FLOAT16;FLOAT16;FLOAT16;FLOAT16;FLOAT16;FLOAT16;FLOAT16,ND;ND;ND;ND;ND;ND;ND;ND;ND,"""128,44016""",FLOAT16,ND,N/A,0.0,0,0.0,0.0,0.0,0.0,0.0,0.0,0.0,0.0,0.0,0.0,0.0,32.801,2164869,0.017,0.001,4.786,0.146,20.368,0.621,8.864,0.27,0.0,0.000
0,4294967295,442,47,aclnnMul_MulAiCore_Mul,Mul,dynamic,AI_VECTOR_CORE,1785698096579189.819	,332.347,0.019000,40,0,NO,"""4096,4096;4096,4096""",FLOAT;FLOAT,ND;ND,"""4096,4096""",FLOAT,ND,N/A,0.0,0,0.0,0.0,0.0,0.0,0.0,0.0,0.0,0.0,0.0,0.0,0.0,329.464,21744613,6.784,0.021,3.212,0.01,327.688,0.995,110.418,0.335,0.0,0.000
0,4294967295,443,47,Concat,Concat,dynamic,AI_VECTOR_CORE,1785698096579522.186	,36.140,0.153000,40,0,NO,"""128,16;128,32;128,64;128,128;128,256;128,512;128,2048;128,8192;128,32768""",FLOAT16;FLOAT16;FLOAT16;FLOAT16;FLOAT16;FLOAT16;FLOAT16;FLOAT16;FLOAT16,ND;ND;ND;ND;ND;ND;ND;ND;ND,"""128,44016""",FLOAT16,ND,N/A,0.0,0,0.0,0.0,0.0,0.0,0.0,0.0,0.0,0.0,0.0,0.0,0.0,30.247,1996277,0.017,0.001,4.921,0.163,18.55,0.613,8.18,0.27,0.0,0.000
0,4294967295,444,47,aclnnMul_MulAiCore_Mul,Mul,dynamic,AI_VECTOR_CORE,1785698096579558.346	,332.707,0.000000,40,0,NO,"""4096,4096;4096,4096""",FLOAT;FLOAT,ND;ND,"""4096,4096""",FLOAT,ND,N/A,0.0,0,0.0,0.0,0.0,0.0,0.0,0.0,0.0,0.0,0.0,0.0,0.0,330.742,21828958,6.784,0.021,3.001,0.009,329.19,0.995,113.395,0.343,0.0,0.000
0,4294967295,445,47,Concat,Concat,dynamic,AI_VECTOR_CORE,1785698096579891.073	,36.941,0.043000,40,0,NO,"""128,16;128,32;128,64;128,128;128,256;128,512;128,2048;128,8192;128,32768""",FLOAT16;FLOAT16;FLOAT16;FLOAT16;FLOAT16;FLOAT16;FLOAT16;FLOAT16;FLOAT16,ND;ND;ND;ND;ND;ND;ND;ND;ND,"""128,44016""",FLOAT16,ND,N/A,0.0,0,0.0,0.0,0.0,0.0,0.0,0.0,0.0,0.0,0.0,0.0,0.0,31.247,2062316,0.017,0.001,5.268,0.169,19.111,0.612,8.499,0.272,0.0,0.000
0,4294967295,446,47,aclnnMul_MulAiCore_Mul,Mul,dynamic,AI_VECTOR_CORE,1785698096579928.034	,331.486,0.059000,40,0,NO,"""4096,4096;4096,4096""",FLOAT;FLOAT,ND;ND,"""4096,4096""",FLOAT,ND,N/A,0.0,0,0.0,0.0,0.0,0.0,0.0,0.0,0.0,0.0,0.0,0.0,0.0,329.176,21725632,6.784,0.021,2.938,0.009,327.653,0.995,111.361,0.338,0.0,0.000
0,4294967295,447,47,Concat,Concat,dynamic,AI_VECTOR_CORE,1785698096580259.540	,36.601,0.014000,40,0,NO,"""128,16;128,32;128,64;128,128;128,256;128,512;128,2048;128,8192;128,32768""",FLOAT16;FLOAT16;FLOAT16;FLOAT16;FLOAT16;FLOAT16;FLOAT16;FLOAT16;FLOAT16,ND;ND;ND;ND;ND;ND;ND;ND;ND,"""128,44016""",FLOAT16,ND,N/A,0.0,0,0.0,0.0,0.0,0.0,0.0,0.0,0.0,0.0,0.0,0.0,0.0,31.309,2066377,0.017,0.001,4.839,0.155,19.028,0.608,8.675,0.277,0.0,0.000
0,4294967295,448,47,aclnnMul_MulAiCore_Mul,Mul,dynamic,AI_VECTOR_CORE,1785698096580296.161	,333.207,0.149000,40,0,NO,"""4096,4096;4096,4096""",FLOAT;FLOAT,ND;ND,"""4096,4096""",FLOAT,ND,N/A,0.0,0,0.0,0.0,0.0,0.0,0.0,0.0,0.0,0.0,0.0,0.0,0.0,330.72,21827517,6.784,0.021,3.024,0.009,329.117,0.995,110.936,0.335,0.0,0.000
0,4294967295,449,47,Concat,Concat,dynamic,AI_VECTOR_CORE,1785698096580629.408	,37.620,0.043000,40,0,NO,"""128,16;128,32;128,64;128,128;128,256;128,512;128,2048;128,8192;128,32768""",FLOAT16;FLOAT16;FLOAT16;FLOAT16;FLOAT16;FLOAT16;FLOAT16;FLOAT16;FLOAT16,ND;ND;ND;ND;ND;ND;ND;ND;ND,"""128,44016""",FLOAT16,ND,N/A,0.0,0,0.0,0.0,0.0,0.0,0.0,0.0,0.0,0.0,0.0,0.0,0.0,32.165,2122896,0.017,0.001,5.04,0.157,19.668,0.611,8.718,0.271,0.0,0.000
0,4294967295,450,47,aclnnMul_MulAiCore_Mul,Mul,dynamic,AI_VECTOR_CORE,1785698096580667.048	,331.447,0.000000,40,0,NO,"""4096,4096;4096,4096""",FLOAT;FLOAT,ND;ND,"""4096,4096""",FLOAT,ND,N/A,0.0,0,0.0,0.0,0.0,0.0,0.0,0.0,0.0,0.0,0.0,0.0,0.0,328.868,21705298,6.784,0.021,2.919,0.009,327.381,0.995,112.262,0.341,0.0,0.000
0,4294967295,451,47,Concat,Concat,dynamic,AI_VECTOR_CORE,1785698096580998.515	,36.121,0.053000,40,0,NO,"""128,16;128,32;128,64;128,128;128,256;128,512;128,2048;128,8192;128,32768""",FLOAT16;FLOAT16;FLOAT16;FLOAT16;FLOAT16;FLOAT16;FLOAT16;FLOAT16;FLOAT16,ND;ND;ND;ND;ND;ND;ND;ND;ND,"""128,44016""",FLOAT16,ND,N/A,0.0,0,0.0,0.0,0.0,0.0,0.0,0.0,0.0,0.0,0.0,0.0,0.0,30.938,2041895,0.017,0.001,5.238,0.169,18.923,0.612,8.369,0.271,0.0,0.000
0,4294967295,452,47,aclnnMul_MulAiCore_Mul,Mul,dynamic,AI_VECTOR_CORE,1785698096581034.676	,332.586,0.129000,40,0,NO,"""4096,4096;4096,4096""",FLOAT;FLOAT,ND;ND,"""4096,4096""",FLOAT,ND,N/A,0.0,0,0.0,0.0,0.0,0.0,0.0,0.0,0.0,0.0,0.0,0.0,0.0,330.338,21802312,6.784,0.021,3.031,0.009,328.773,0.995,110.978,0.336,0.0,0.000
0,4294967295,453,47,Concat,Concat,dynamic,AI_VECTOR_CORE,1785698096581367.282	,36.921,0.000000,40,0,NO,"""128,16;128,32;128,64;128,128;128,256;128,512;128,2048;128,8192;128,32768""",FLOAT16;FLOAT16;FLOAT16;FLOAT16;FLOAT16;FLOAT16;FLOAT16;FLOAT16;FLOAT16,ND;ND;ND;ND;ND;ND;ND;ND;ND,"""128,44016""",FLOAT16,ND,N/A,0.0,0,0.0,0.0,0.0,0.0,0.0,0.0,0.0,0.0,0.0,0.0,0.0,30.988,2045183,0.017,0.001,5.011,0.162,18.84,0.608,8.559,0.276,0.0,0.000
0,4294967295,454,47,aclnnMul_MulAiCore_Mul,Mul,dynamic,AI_VECTOR_CORE,1785698096581404.223	,331.267,0.079000,40,0,NO,"""4096,4096;4096,4096""",FLOAT;FLOAT,ND;ND,"""4096,4096""",FLOAT,ND,N/A,0.0,0,0.0,0.0,0.0,0.0,0.0,0.0,0.0,0.0,0.0,0.0,0.0,329.048,21717163,6.784,0.021,2.915,0.009,327.57,0.996,111.906,0.34,0.0,0.000
0,4294967295,455,47,Concat,Concat,dynamic,AI_VECTOR_CORE,1785698096581735.510	,37.621,0.000000,40,0,NO,"""128,16;128,32;128,64;128,128;128,256;128,512;128,2048;128,8192;128,32768""",FLOAT16;FLOAT16;FLOAT16;FLOAT16;FLOAT16;FLOAT16;FLOAT16;FLOAT16;FLOAT16,ND;ND;ND;ND;ND;ND;ND;ND;ND,"""128,44016""",FLOAT16,ND,N/A,0.0,0,0.0,0.0,0.0,0.0,0.0,0.0,0.0,0.0,0.0,0.0,0.0,31.472,2077170,0.017,0.001,4.826,0.153,19.244,0.611,8.65,0.275,0.0,0.000
0,4294967295,456,47,aclnnMul_MulAiCore_Mul,Mul,dynamic,AI_VECTOR_CORE,1785698096581773.171	,332.046,0.129000,40,0,NO,"""4096,4096;4096,4096""",FLOAT;FLOAT,ND;ND,"""4096,4096""",FLOAT,ND,N/A,0.0,0,0.0,0.0,0.0,0.0,0.0,0.0,0.0,0.0,0.0,0.0,0.0,329.975,21778351,6.784,0.021,3.12,0.009,328.327,0.995,111.177,0.337,0.0,0.000
0,4294967295,457,47,Concat,Concat,dynamic,AI_VECTOR_CORE,1785698096582105.237	,37.001,0.000000,40,0,NO,"""128,16;128,32;128,64;128,128;128,256;128,512;128,2048;128,8192;128,32768""",FLOAT16;FLOAT16;FLOAT16;FLOAT16;FLOAT16;FLOAT16;FLOAT16;FLOAT16;FLOAT16,ND;ND;ND;ND;ND;ND;ND;ND;ND,"""128,44016""",FLOAT16,ND,N/A,0.0,0,0.0,0.0,0.0,0.0,0.0,0.0,0.0,0.0,0.0,0.0,0.0,31.243,2062020,0.017,0.001,4.777,0.153,19.38,0.62,8.326,0.267,0.0,0.000
0,4294967295,458,47,aclnnMul_MulAiCore_Mul,Mul,dynamic,AI_VECTOR_CORE,1785698096582142.258	,331.947,0.000000,40,0,NO,"""4096,4096;4096,4096""",FLOAT;FLOAT,ND;ND,"""4096,4096""",FLOAT,ND,N/A,0.0,0,0.0,0.0,0.0,0.0,0.0,0.0,0.0,0.0,0.0,0.0,0.0,329.305,21734160,6.784,0.021,3.152,0.01,327.599,0.995,110.822,0.337,0.0,0.000
0,4294967295,459,47,Concat,Concat,dynamic,AI_VECTOR_CORE,1785698096582474.225	,36.620,0.053000,40,0,NO,"""128,16;128,32;128,64;128,128;128,256;128,512;128,2048;128,8192;128,32768""",FLOAT16;FLOAT16;FLOAT16;FLOAT16;FLOAT16;FLOAT16;FLOAT16;FLOAT16;FLOAT16,ND;ND;ND;ND;ND;ND;ND;ND;ND,"""128,44016""",FLOAT16,ND,N/A,0.0,0,0.0,0.0,0.0,0.0,0.0,0.0,0.0,0.0,0.0,0.0,0.0,31.309,2066402,0.017,0.001,5.134,0.164,19.147,0.612,8.603,0.275,0.0,0.000
0,4294967295,460,47,aclnnMul_MulAiCore_Mul,Mul,dynamic,AI_VECTOR_CORE,1785698096582510.885	,332.587,0.130000,40,0,NO,"""4096,4096;4096,4096""",FLOAT;FLOAT,ND;ND,"""4096,4096""",FLOAT,ND,N/A,0.0,0,0.0,0.0,0.0,0.0,0.0,0.0,0.0,0.0,0.0,0.0,0.0,330.046,21783028,6.784,0.021,3.582,0.011,327.89,0.993,113.094,0.343,0.0,0.000
0,4294967295,461,47,Concat,Concat,dynamic,AI_VECTOR_CORE,1785698096582843.492	,37.541,0.000000,40,0,NO,"""128,16;128,32;128,64;128,128;128,256;128,512;128,2048;128,8192;128,32768""",FLOAT16;FLOAT16;FLOAT16;FLOAT16;FLOAT16;FLOAT16;FLOAT16;FLOAT16;FLOAT16,ND;ND;ND;ND;ND;ND;ND;ND;ND,"""128,44016""",FLOAT16,ND,N/A,0.0,0,0.0,0.0,0.0,0.0,0.0,0.0,0.0,0.0,0.0,0.0,0.0,31.804,2099082,0.017,0.001,4.901,0.154,19.289,0.606,8.995,0.283,0.0,0.000
0,4294967295,462,47,aclnnMul_MulAiCore_Mul,Mul,dynamic,AI_VECTOR_CORE,1785698096582881.053	,331.066,0.000000,40,0,NO,"""4096,4096;4096,4096""",FLOAT;FLOAT,ND;ND,"""4096,4096""",FLOAT,ND,N/A,0.0,0,0.0,0.0,0.0,0.0,0.0,0.0,0.0,0.0,0.0,0.0,0.0,328.764,21698414,6.784,0.021,3.04,0.009,327.185,0.995,109.763,0.334,0.0,0.000
0,4294967295,463,47,Concat,Concat,dynamic,AI_VECTOR_CORE,1785698096583212.139	,37.241,0.184000,40,0,NO,"""128,16;128,32;128,64;128,128;128,256;128,512;128,2048;128,8192;128,32768""",FLOAT16;FLOAT16;FLOAT16;FLOAT16;FLOAT16;FLOAT16;FLOAT16;FLOAT16;FLOAT16,ND;ND;ND;ND;ND;ND;ND;ND;ND,"""128,44016""",FLOAT16,ND,N/A,0.0,0,0.0,0.0,0.0,0.0,0.0,0.0,0.0,0.0,0.0,0.0,0.0,32.238,2127727,0.017,0.001,4.756,0.148,20.11,0.624,8.583,0.266,0.0,0.000
0,4294967295,464,47,aclnnMul_MulAiCore_Mul,Mul,dynamic,AI_VECTOR_CORE,1785698096583249.400	,331.967,0.009000,40,0,NO,"""4096,4096;4096,4096""",FLOAT;FLOAT,ND;ND,"""4096,4096""",FLOAT,ND,N/A,0.0,0,0.0,0.0,0.0,0.0,0.0,0.0,0.0,0.0,0.0,0.0,0.0,329.601,21753693,6.784,0.021,2.922,0.009,328.136,0.996,111.528,0.338,0.0,0.000
0,4294967295,465,47,Concat,Concat,dynamic,AI_VECTOR_CORE,1785698096583581.387	,37.940,0.033000,40,0,NO,"""128,16;128,32;128,64;128,128;128,256;128,512;128,2048;128,8192;128,32768""",FLOAT16;FLOAT16;FLOAT16;FLOAT16;FLOAT16;FLOAT16;FLOAT16;FLOAT16;FLOAT16,ND;ND;ND;ND;ND;ND;ND;ND;ND,"""128,44016""",FLOAT16,ND,N/A,0.0,0,0.0,0.0,0.0,0.0,0.0,0.0,0.0,0.0,0.0,0.0,0.0,32.7,2158177,0.017,0.001,4.799,0.147,20.102,0.615,9.023,0.276,0.0,0.000
0,4294967295,466,47,aclnnMul_MulAiCore_Mul,Mul,dynamic,AI_VECTOR_CORE,1785698096583619.347	,331.667,0.000000,40,0,NO,"""4096,4096;4096,4096""",FLOAT;FLOAT,ND;ND,"""4096,4096""",FLOAT,ND,N/A,0.0,0,0.0,0.0,0.0,0.0,0.0,0.0,0.0,0.0,0.0,0.0,0.0,329.091,21720016,6.784,0.021,3.024,0.009,327.541,0.995,110.469,0.336,0.0,0.000
0,4294967295,467,47,Concat,Concat,dynamic,AI_VECTOR_CORE,1785698096583951.034	,36.981,0.083000,40,0,NO,"""128,16;128,32;128,64;128,128;128,256;128,512;128,2048;128,8192;128,32768""",FLOAT16;FLOAT16;FLOAT16;FLOAT16;FLOAT16;FLOAT16;FLOAT16;FLOAT16;FLOAT16,ND;ND;ND;ND;ND;ND;ND;ND;ND,"""128,44016""",FLOAT16,ND,N/A,0.0,0,0.0,0.0,0.0,0.0,0.0,0.0,0.0,0.0,0.0,0.0,0.0,32.476,2143422,0.017,0.001,5.135,0.158,19.889,0.612,9.007,0.277,0.0,0.000
0,4294967295,468,47,aclnnMul_MulAiCore_Mul,Mul,dynamic,AI_VECTOR_CORE,1785698096583988.035	,333.286,0.019000,40,0,NO,"""4096,4096;4096,4096""",FLOAT;FLOAT,ND;ND,"""4096,4096""",FLOAT,ND,N/A,0.0,0,0.0,0.0,0.0,0.0,0.0,0.0,0.0,0.0,0.0,0.0,0.0,330.882,21838196,6.784,0.021,2.941,0.009,329.413,0.996,110.726,0.335,0.0,0.000
0,4294967295,469,47,Concat,Concat,dynamic,AI_VECTOR_CORE,1785698096584321.341	,38.061,0.000000,40,0,NO,"""128,16;128,32;128,64;128,128;128,256;128,512;128,2048;128,8192;128,32768""",FLOAT16;FLOAT16;FLOAT16;FLOAT16;FLOAT16;FLOAT16;FLOAT16;FLOAT16;FLOAT16,ND;ND;ND;ND;ND;ND;ND;ND;ND,"""128,44016""",FLOAT16,ND,N/A,0.0,0,0.0,0.0,0.0,0.0,0.0,0.0,0.0,0.0,0.0,0.0,0.0,33.161,2188597,0.017,0.001,5.072,0.153,20.513,0.619,9.037,0.273,0.0,0.000
0,4294967295,470,47,aclnnMul_MulAiCore_Mul,Mul,dynamic,AI_VECTOR_CORE,1785698096584359.442	,330.447,0.189000,40,0,NO,"""4096,4096;4096,4096""",FLOAT;FLOAT,ND;ND,"""4096,4096""",FLOAT,ND,N/A,0.0,0,0.0,0.0,0.0,0.0,0.0,0.0,0.0,0.0,0.0,0.0,0.0,328.58,21686299,6.784,0.021,3.058,0.009,327.013,0.995,110.768,0.337,0.0,0.000
0,4294967295,471,47,Concat,Concat,dynamic,AI_VECTOR_CORE,1785698096584689.909	,36.661,0.053000,40,0,NO,"""128,16;128,32;128,64;128,128;128,256;128,512;128,2048;128,8192;128,32768""",FLOAT16;FLOAT16;FLOAT16;FLOAT16;FLOAT16;FLOAT16;FLOAT16;FLOAT16;FLOAT16,ND;ND;ND;ND;ND;ND;ND;ND;ND,"""128,44016""",FLOAT16,ND,N/A,0.0,0,0.0,0.0,0.0,0.0,0.0,0.0,0.0,0.0,0.0,0.0,0.0,31.14,2055235,0.017,0.001,4.725,0.152,19.249,0.618,8.379,0.269,0.0,0.000
0,4294967295,472,47,aclnnMul_MulAiCore_Mul,Mul,dynamic,AI_VECTOR_CORE,1785698096584726.590	,334.166,0.000000,40,0,NO,"""4096,4096;4096,4096""",FLOAT;FLOAT,ND;ND,"""4096,4096""",FLOAT,ND,N/A,0.0,0,0.0,0.0,0.0,0.0,0.0,0.0,0.0,0.0,0.0,0.0,0.0,331.355,21869401,6.784,0.02,3.348,0.01,329.445,0.994,112.429,0.339,0.0,0.000
0,4294967295,473,47,Concat,Concat,dynamic,AI_VECTOR_CORE,1785698096585060.796	,37.041,0.084000,40,0,NO,"""128,16;128,32;128,64;128,128;128,256;128,512;128,2048;128,8192;128,32768""",FLOAT16;FLOAT16;FLOAT16;FLOAT16;FLOAT16;FLOAT16;FLOAT16;FLOAT16;FLOAT16,ND;ND;ND;ND;ND;ND;ND;ND;ND,"""128,44016""",FLOAT16,ND,N/A,0.0,0,0.0,0.0,0.0,0.0,0.0,0.0,0.0,0.0,0.0,0.0,0.0,31.843,2101664,0.017,0.001,4.747,0.149,19.486,0.612,8.827,0.277,0.0,0.000
0,4294967295,474,47,aclnnMul_MulAiCore_Mul,Mul,dynamic,AI_VECTOR_CORE,1785698096585097.857	,331.447,0.000000,40,0,NO,"""4096,4096;4096,4096""",FLOAT;FLOAT,ND;ND,"""4096,4096""",FLOAT,ND,N/A,0.0,0,0.0,0.0,0.0,0.0,0.0,0.0,0.0,0.0,0.0,0.0,0.0,329.291,21733185,6.784,0.021,3.125,0.009,327.587,0.995,111.119,0.337,0.0,0.000
0,4294967295,475,47,Concat,Concat,dynamic,AI_VECTOR_CORE,1785698096585429.344	,36.280,0.053000,40,0,NO,"""128,16;128,32;128,64;128,128;128,256;128,512;128,2048;128,8192;128,32768""",FLOAT16;FLOAT16;FLOAT16;FLOAT16;FLOAT16;FLOAT16;FLOAT16;FLOAT16;FLOAT16,ND;ND;ND;ND;ND;ND;ND;ND;ND,"""128,44016""",FLOAT16,ND,N/A,0.0,0,0.0,0.0,0.0,0.0,0.0,0.0,0.0,0.0,0.0,0.0,0.0,31.624,2087197,0.017,0.001,5.095,0.161,19.058,0.603,9.016,0.285,0.0,0.000
0,4294967295,476,47,aclnnMul_MulAiCore_Mul,Mul,dynamic,AI_VECTOR_CORE,1785698096585465.644	,332.487,0.220000,40,0,NO,"""4096,4096;4096,4096""",FLOAT;FLOAT,ND;ND,"""4096,4096""",FLOAT,ND,N/A,0.0,0,0.0,0.0,0.0,0.0,0.0,0.0,0.0,0.0,0.0,0.0,0.0,330.379,21805013,6.784,0.021,3.063,0.009,328.789,0.995,111.07,0.336,0.0,0.000
0,4294967295,477,47,Concat,Concat,dynamic,AI_VECTOR_CORE,1785698096585798.151	,37.381,0.013000,40,0,NO,"""128,16;128,32;128,64;128,128;128,256;128,512;128,2048;128,8192;128,32768""",FLOAT16;FLOAT16;FLOAT16;FLOAT16;FLOAT16;FLOAT16;FLOAT16;FLOAT16;FLOAT16,ND;ND;ND;ND;ND;ND;ND;ND;ND,"""128,44016""",FLOAT16,ND,N/A,0.0,0,0.0,0.0,0.0,0.0,0.0,0.0,0.0,0.0,0.0,0.0,0.0,32.472,2143145,0.017,0.001,5.154,0.159,19.851,0.611,8.988,0.277,0.0,0.000
0,4294967295,478,47,aclnnMul_MulAiCore_Mul,Mul,dynamic,AI_VECTOR_CORE,1785698096585835.552	,332.166,0.000000,40,0,NO,"""4096,4096;4096,4096""",FLOAT;FLOAT,ND;ND,"""4096,4096""",FLOAT,ND,N/A,0.0,0,0.0,0.0,0.0,0.0,0.0,0.0,0.0,0.0,0.0,0.0,0.0,329.86,21770776,6.784,0.021,3.132,0.009,328.188,0.995,113.4,0.344,0.0,0.000
0,4294967295,479,47,Concat,Concat,dynamic,AI_VECTOR_CORE,1785698096586167.738	,36.401,0.084000,40,0,NO,"""128,16;128,32;128,64;128,128;128,256;128,512;128,2048;128,8192;128,32768""",FLOAT16;FLOAT16;FLOAT16;FLOAT16;FLOAT16;FLOAT16;FLOAT16;FLOAT16;FLOAT16,ND;ND;ND;ND;ND;ND;ND;ND;ND,"""128,44016""",FLOAT16,ND,N/A,0.0,0,0.0,0.0,0.0,0.0,0.0,0.0,0.0,0.0,0.0,0.0,0.0,30.8,2032829,0.017,0.001,4.857,0.158,18.908,0.614,8.303,0.27,0.0,0.000
0,4294967295,480,47,aclnnMul_MulAiCore_Mul,Mul,dynamic,AI_VECTOR_CORE,1785698096586204.159	,332.847,0.099000,40,0,NO,"""4096,4096;4096,4096""",FLOAT;FLOAT,ND;ND,"""4096,4096""",FLOAT,ND,N/A,0.0,0,0.0,0.0,0.0,0.0,0.0,0.0,0.0,0.0,0.0,0.0,0.0,330.992,21845487,6.784,0.02,2.949,0.009,329.55,0.996,111.85,0.338,0.0,0.000
0,4294967295,481,47,Concat,Concat,dynamic,AI_VECTOR_CORE,1785698096586537.026	,36.340,0.000000,40,0,NO,"""128,16;128,32;128,64;128,128;128,256;128,512;128,2048;128,8192;128,32768""",FLOAT16;FLOAT16;FLOAT16;FLOAT16;FLOAT16;FLOAT16;FLOAT16;FLOAT16;FLOAT16,ND;ND;ND;ND;ND;ND;ND;ND;ND,"""128,44016""",FLOAT16,ND,N/A,0.0,0,0.0,0.0,0.0,0.0,0.0,0.0,0.0,0.0,0.0,0.0,0.0,30.928,2041244,0.017,0.001,4.733,0.153,19.0,0.614,8.431,0.273,0.0,0.000
0,4294967295,482,47,aclnnMul_MulAiCore_Mul,Mul,dynamic,AI_VECTOR_CORE,1785698096586573.386	,332.347,0.160000,40,0,NO,"""4096,4096;4096,4096""",FLOAT;FLOAT,ND;ND,"""4096,4096""",FLOAT,ND,N/A,0.0,0,0.0,0.0,0.0,0.0,0.0,0.0,0.0,0.0,0.0,0.0,0.0,329.934,21775631,6.784,0.021,3.155,0.01,328.236,0.995,111.206,0.337,0.0,0.000
0,4294967295,483,47,Concat,Concat,dynamic,AI_VECTOR_CORE,1785698096586905.753	,36.461,0.000000,40,0,NO,"""128,16;128,32;128,64;128,128;128,256;128,512;128,2048;128,8192;128,32768""",FLOAT16;FLOAT16;FLOAT16;FLOAT16;FLOAT16;FLOAT16;FLOAT16;FLOAT16;FLOAT16,ND;ND;ND;ND;ND;ND;ND;ND;ND,"""128,44016""",FLOAT16,ND,N/A,0.0,0,0.0,0.0,0.0,0.0,0.0,0.0,0.0,0.0,0.0,0.0,0.0,31.157,2056381,0.017,0.001,5.581,0.179,19.101,0.613,8.272,0.265,0.0,0.000
0,4294967295,484,47,aclnnMul_MulAiCore_Mul,Mul,dynamic,AI_VECTOR_CORE,1785698096586942.234	,332.266,0.039000,40,0,NO,"""4096,4096;4096,4096""",FLOAT;FLOAT,ND;ND,"""4096,4096""",FLOAT,ND,N/A,0.0,0,0.0,0.0,0.0,0.0,0.0,0.0,0.0,0.0,0.0,0.0,0.0,330.192,21792683,6.784,0.021,2.932,0.009,328.72,0.996,110.355,0.334,0.0,0.000
0,4294967295,485,47,Concat,Concat,dynamic,AI_VECTOR_CORE,1785698096587274.520	,37.341,0.000000,40,0,NO,"""128,16;128,32;128,64;128,128;128,256;128,512;128,2048;128,8192;128,32768""",FLOAT16;FLOAT16;FLOAT16;FLOAT16;FLOAT16;FLOAT16;FLOAT16;FLOAT16;FLOAT16,ND;ND;ND;ND;ND;ND;ND;ND;ND,"""128,44016""",FLOAT16,ND,N/A,0.0,0,0.0,0.0,0.0,0.0,0.0,0.0,0.0,0.0,0.0,0.0,0.0,31.888,2104621,0.017,0.001,4.799,0.151,19.546,0.613,8.853,0.278,0.0,0.000
0,4294967295,486,47,aclnnMul_MulAiCore_Mul,Mul,dynamic,AI_VECTOR_CORE,1785698096587311.901	,332.047,0.159000,40,0,NO,"""4096,4096;4096,4096""",FLOAT;FLOAT,ND;ND,"""4096,4096""",FLOAT,ND,N/A,0.0,0,0.0,0.0,0.0,0.0,0.0,0.0,0.0,0.0,0.0,0.0,0.0,329.865,21771084,6.784,0.021,3.012,0.009,328.309,0.995,111.996,0.34,0.0,0.000
0,4294967295,487,47,Concat,Concat,dynamic,AI_VECTOR_CORE,1785698096587643.968	,36.261,0.000000,40,0,NO,"""128,16;128,32;128,64;128,128;128,256;128,512;128,2048;128,8192;128,32768""",FLOAT16;FLOAT16;FLOAT16;FLOAT16;FLOAT16;FLOAT16;FLOAT16;FLOAT16;FLOAT16,ND;ND;ND;ND;ND;ND;ND;ND;ND,"""128,44016""",FLOAT16,ND,N/A,0.0,0,0.0,0.0,0.0,0.0,0.0,0.0,0.0,0.0,0.0,0.0,0.0,30.514,2013913,0.017,0.001,5.181,0.17,18.629,0.611,8.001,0.262,0.0,0.000
0,4294967295,488,47,aclnnMul_MulAiCore_Mul,Mul,dynamic,AI_VECTOR_CORE,1785698096587680.269	,332.726,0.000000,40,0,NO,"""4096,4096;4096,4096""",FLOAT;FLOAT,ND;ND,"""4096,4096""",FLOAT,ND,N/A,0.0,0,0.0,0.0,0.0,0.0,0.0,0.0,0.0,0.0,0.0,0.0,0.0,330.715,21827169,6.784,0.021,3.527,0.011,328.633,0.994,110.948,0.335,0.0,0.000
0,4294967295,489,47,Concat,Concat,dynamic,AI_VECTOR_CORE,1785698096588013.035	,36.941,0.024000,40,0,NO,"""128,16;128,32;128,64;128,128;128,256;128,512;128,2048;128,8192;128,32768""",FLOAT16;FLOAT16;FLOAT16;FLOAT16;FLOAT16;FLOAT16;FLOAT16;FLOAT16;FLOAT16,ND;ND;ND;ND;ND;ND;ND;ND;ND,"""128,44016""",FLOAT16,ND,N/A,0.0,0,0.0,0.0,0.0,0.0,0.0,0.0,0.0,0.0,0.0,0.0,0.0,31.198,2059087,0.017,0.001,4.908,0.157,18.756,0.601,8.8,0.282,0.0,0.000
0,4294967295,490,47,aclnnMul_MulAiCore_Mul,Mul,dynamic,AI_VECTOR_CORE,1785698096588049.996	,331.847,0.059000,40,0,NO,"""4096,4096;4096,4096""",FLOAT;FLOAT,ND;ND,"""4096,4096""",FLOAT,ND,N/A,0.0,0,0.0,0.0,0.0,0.0,0.0,0.0,0.0,0.0,0.0,0.0,0.0,329.809,21767405,6.784,0.021,3.133,0.009,328.146,0.995,111.369,0.338,0.0,0.000
0,4294967295,491,47,Concat,Concat,dynamic,AI_VECTOR_CORE,1785698096588381.863	,37.660,0.000000,40,0,NO,"""128,16;128,32;128,64;128,128;128,256;128,512;128,2048;128,8192;128,32768""",FLOAT16;FLOAT16;FLOAT16;FLOAT16;FLOAT16;FLOAT16;FLOAT16;FLOAT16;FLOAT16,ND;ND;ND;ND;ND;ND;ND;ND;ND,"""128,44016""",FLOAT16,ND,N/A,0.0,0,0.0,0.0,0.0,0.0,0.0,0.0,0.0,0.0,0.0,0.0,0.0,32.437,2140869,0.017,0.001,5.59,0.172,19.926,0.614,8.802,0.271,0.0,0.000
0,4294967295,492,47,aclnnMul_MulAiCore_Mul,Mul,dynamic,AI_VECTOR_CORE,1785698096588419.543	,332.927,0.090000,40,0,NO,"""4096,4096;4096,4096""",FLOAT;FLOAT,ND;ND,"""4096,4096""",FLOAT,ND,N/A,0.0,0,0.0,0.0,0.0,0.0,0.0,0.0,0.0,0.0,0.0,0.0,0.0,330.472,21811165,6.784,0.021,3.002,0.009,328.957,0.995,112.069,0.339,0.0,0.000
0,4294967295,493,47,Concat,Concat,dynamic,AI_VECTOR_CORE,1785698096588752.490	,37.941,0.073000,40,0,NO,"""128,16;128,32;128,64;128,128;128,256;128,512;128,2048;128,8192;128,32768""",FLOAT16;FLOAT16;FLOAT16;FLOAT16;FLOAT16;FLOAT16;FLOAT16;FLOAT16;FLOAT16,ND;ND;ND;ND;ND;ND;ND;ND;ND,"""128,44016""",FLOAT16,ND,N/A,0.0,0,0.0,0.0,0.0,0.0,0.0,0.0,0.0,0.0,0.0,0.0,0.0,32.428,2140276,0.017,0.001,4.855,0.15,19.905,0.614,8.966,0.276,0.0,0.000
0,4294967295,494,47,aclnnMul_MulAiCore_Mul,Mul,dynamic,AI_VECTOR_CORE,1785698096588790.451	,331.526,0.059000,40,0,NO,"""4096,4096;4096,4096""",FLOAT;FLOAT,ND;ND,"""4096,4096""",FLOAT,ND,N/A,0.0,0,0.0,0.0,0.0,0.0,0.0,0.0,0.0,0.0,0.0,0.0,0.0,329.408,21740896,6.784,0.021,3.102,0.009,327.746,0.995,110.991,0.337,0.0,0.000
0,4294967295,495,47,Concat,Concat,dynamic,AI_VECTOR_CORE,1785698096589122.017	,36.801,0.000000,40,0,NO,"""128,16;128,32;128,64;128,128;128,256;128,512;128,2048;128,8192;128,32768""",FLOAT16;FLOAT16;FLOAT16;FLOAT16;FLOAT16;FLOAT16;FLOAT16;FLOAT16;FLOAT16,ND;ND;ND;ND;ND;ND;ND;ND;ND,"""128,44016""",FLOAT16,ND,N/A,0.0,0,0.0,0.0,0.0,0.0,0.0,0.0,0.0,0.0,0.0,0.0,0.0,31.445,2075389,0.017,0.001,4.787,0.152,19.483,0.62,8.406,0.267,0.0,0.000
0,4294967295,496,47,aclnnMul_MulAiCore_Mul,Mul,dynamic,AI_VECTOR_CORE,1785698096589158.838	,332.347,0.000000,40,0,NO,"""4096,4096;4096,4096""",FLOAT;FLOAT,ND;ND,"""4096,4096""",FLOAT,ND,N/A,0.0,0,0.0,0.0,0.0,0.0,0.0,0.0,0.0,0.0,0.0,0.0,0.0,330.202,21793332,6.784,0.021,3.679,0.011,327.983,0.993,111.531,0.338,0.0,0.000
0,4294967295,497,47,Concat,Concat,dynamic,AI_VECTOR_CORE,1785698096589491.205	,37.660,0.153000,40,0,NO,"""128,16;128,32;128,64;128,128;128,256;128,512;128,2048;128,8192;128,32768""",FLOAT16;FLOAT16;FLOAT16;FLOAT16;FLOAT16;FLOAT16;FLOAT16;FLOAT16;FLOAT16,ND;ND;ND;ND;ND;ND;ND;ND;ND,"""128,44016""",FLOAT16,ND,N/A,0.0,0,0.0,0.0,0.0,0.0,0.0,0.0,0.0,0.0,0.0,0.0,0.0,32.181,2123962,0.017,0.001,4.716,0.147,19.572,0.608,9.113,0.283,0.0,0.000
0,4294967295,498,47,aclnnMul_MulAiCore_Mul,Mul,dynamic,AI_VECTOR_CORE,1785698096589528.885	,331.767,0.090000,40,0,NO,"""4096,4096;4096,4096""",FLOAT;FLOAT,ND;ND,"""4096,4096""",FLOAT,ND,N/A,0.0,0,0.0,0.0,0.0,0.0,0.0,0.0,0.0,0.0,0.0,0.0,0.0,329.555,21750599,6.784,0.021,2.947,0.009,328.089,0.996,111.176,0.337,0.0,0.000
0,4294967295,499,47,Concat,Concat,dynamic,AI_VECTOR_CORE,1785698096589860.672	,36.121,0.000000,40,0,NO,"""128,16;128,32;128,64;128,128;128,256;128,512;128,2048;128,8192;128,32768""",FLOAT16;FLOAT16;FLOAT16;FLOAT16;FLOAT16;FLOAT16;FLOAT16;FLOAT16;FLOAT16,ND;ND;ND;ND;ND;ND;ND;ND;ND,"""128,44016""",FLOAT16,ND,N/A,0.0,0,0.0,0.0,0.0,0.0,0.0,0.0,0.0,0.0,0.0,0.0,0.0,31.26,2063137,0.017,0.001,5.004,0.16,19.12,0.612,8.59,0.275,0.0,0.000
0,4294967295,500,47,aclnnMul_MulAiCore_Mul,Mul,dynamic,AI_VECTOR_CORE,1785698096589896.813	,332.126,0.000000,40,0,NO,"""4096,4096;4096,4096""",FLOAT;FLOAT,ND;ND,"""4096,4096""",FLOAT,ND,N/A,0.0,0,0.0,0.0,0.0,0.0,0.0,0.0,0.0,0.0,0.0,0.0,0.0,330.255,21796826,6.784,0.021,3.017,0.009,328.719,0.995,110.936,0.336,0.0,0.000
0,4294967295,501,47,Concat,Concat,dynamic,AI_VECTOR_CORE,1785698096590228.959	,37.561,0.124000,40,0,NO,"""128,16;128,32;128,64;128,128;128,256;128,512;128,2048;128,8192;128,32768""",FLOAT16;FLOAT16;FLOAT16;FLOAT16;FLOAT16;FLOAT16;FLOAT16;FLOAT16;FLOAT16,ND;ND;ND;ND;ND;ND;ND;ND;ND,"""128,44016""",FLOAT16,ND,N/A,0.0,0,0.0,0.0,0.0,0.0,0.0,0.0,0.0,0.0,0.0,0.0,0.0,32.363,2135925,0.017,0.001,5.083,0.157,19.789,0.611,9.048,0.28,0.0,0.000
0,4294967295,502,47,aclnnMul_MulAiCore_Mul,Mul,dynamic,AI_VECTOR_CORE,1785698096590266.540	,331.327,0.000000,40,0,NO,"""4096,4096;4096,4096""",FLOAT;FLOAT,ND;ND,"""4096,4096""",FLOAT,ND,N/A,0.0,0,0.0,0.0,0.0,0.0,0.0,0.0,0.0,0.0,0.0,0.0,0.0,329.009,21714601,6.784,0.021,2.917,0.009,327.551,0.996,110.936,0.337,0.0,0.000
0,4294967295,503,47,Concat,Concat,dynamic,AI_VECTOR_CORE,1785698096590597.887	,36.661,0.173000,40,0,NO,"""128,16;128,32;128,64;128,128;128,256;128,512;128,2048;128,8192;128,32768""",FLOAT16;FLOAT16;FLOAT16;FLOAT16;FLOAT16;FLOAT16;FLOAT16;FLOAT16;FLOAT16,ND;ND;ND;ND;ND;ND;ND;ND;ND,"""128,44016""",FLOAT16,ND,N/A,0.0,0,0.0,0.0,0.0,0.0,0.0,0.0,0.0,0.0,0.0,0.0,0.0,31.609,2086189,0.017,0.001,4.848,0.153,19.39,0.613,8.586,0.272,0.0,0.000
0,4294967295,504,47,aclnnMul_MulAiCore_Mul,Mul,dynamic,AI_VECTOR_CORE,1785698096590634.568	,333.126,0.000000,40,0,NO,"""4096,4096;4096,4096""",FLOAT;FLOAT,ND;ND,"""4096,4096""",FLOAT,ND,N/A,0.0,0,0.0,0.0,0.0,0.0,0.0,0.0,0.0,0.0,0.0,0.0,0.0,330.476,21811440,6.784,0.021,3.126,0.009,328.801,0.995,113.02,0.342,0.0,0.000
0,4294967295,505,47,Concat,Concat,dynamic,AI_VECTOR_CORE,1785698096590967.714	,37.541,0.124000,40,0,NO,"""128,16;128,32;128,64;128,128;128,256;128,512;128,2048;128,8192;128,32768""",FLOAT16;FLOAT16;FLOAT16;FLOAT16;FLOAT16;FLOAT16;FLOAT16;FLOAT16;FLOAT16,ND;ND;ND;ND;ND;ND;ND;ND;ND,"""128,44016""",FLOAT16,ND,N/A,0.0,0,0.0,0.0,0.0,0.0,0.0,0.0,0.0,0.0,0.0,0.0,0.0,32.252,2128601,0.017,0.001,4.847,0.15,20.121,0.624,8.515,0.264,0.0,0.000
0,4294967295,506,47,aclnnMul_MulAiCore_Mul,Mul,dynamic,AI_VECTOR_CORE,1785698096591005.275	,332.347,0.000000,40,0,NO,"""4096,4096;4096,4096""",FLOAT;FLOAT,ND;ND,"""4096,4096""",FLOAT,ND,N/A,0.0,0,0.0,0.0,0.0,0.0,0.0,0.0,0.0,0.0,0.0,0.0,0.0,329.934,21775612,6.784,0.021,3.057,0.009,328.346,0.995,111.71,0.339,0.0,0.000
0,4294967295,507,47,Concat,Concat,dynamic,AI_VECTOR_CORE,1785698096591337.642	,35.760,0.153000,40,0,NO,"""128,16;128,32;128,64;128,128;128,256;128,512;128,2048;128,8192;128,32768""",FLOAT16;FLOAT16;FLOAT16;FLOAT16;FLOAT16;FLOAT16;FLOAT16;FLOAT16;FLOAT16,ND;ND;ND;ND;ND;ND;ND;ND;ND,"""128,44016""",FLOAT16,ND,N/A,0.0,0,0.0,0.0,0.0,0.0,0.0,0.0,0.0,0.0,0.0,0.0,0.0,30.565,2017262,0.017,0.001,5.124,0.168,18.488,0.605,8.383,0.274,0.0,0.000
0,4294967295,508,47,aclnnMul_MulAiCore_Mul,Mul,dynamic,AI_VECTOR_CORE,1785698096591373.422	,332.827,0.000000,40,0,NO,"""4096,4096;4096,4096""",FLOAT;FLOAT,ND;ND,"""4096,4096""",FLOAT,ND,N/A,0.0,0,0.0,0.0,0.0,0.0,0.0,0.0,0.0,0.0,0.0,0.0,0.0,330.857,21836554,6.784,0.021,3.083,0.009,329.246,0.995,110.809,0.335,0.0,0.000
0,4294967295,509,47,Concat,Concat,dynamic,AI_VECTOR_CORE,1785698096591706.269	,36.801,0.000000,40,0,NO,"""128,16;128,32;128,64;128,128;128,256;128,512;128,2048;128,8192;128,32768""",FLOAT16;FLOAT16;FLOAT16;FLOAT16;FLOAT16;FLOAT16;FLOAT16;FLOAT16;FLOAT16,ND;ND;ND;ND;ND;ND;ND;ND;ND,"""128,44016""",FLOAT16,ND,N/A,0.0,0,0.0,0.0,0.0,0.0,0.0,0.0,0.0,0.0,0.0,0.0,0.0,31.662,2089715,0.017,0.001,5.259,0.166,19.286,0.609,8.692,0.275,0.0,0.000
0,4294967295,510,47,aclnnMul_MulAiCore_Mul,Mul,dynamic,AI_VECTOR_CORE,1785698096591743.090	,331.206,0.000000,40,0,NO,"""4096,4096;4096,4096""",FLOAT;FLOAT,ND;ND,"""4096,4096""",FLOAT,ND,N/A,0.0,0,0.0,0.0,0.0,0.0,0.0,0.0,0.0,0.0,0.0,0.0,0.0,329.35,21737099,6.784,0.021,3.006,0.009,327.827,0.995,109.566,0.333,0.0,0.000
0,4294967295,511,47,Concat,Concat,dynamic,AI_VECTOR_CORE,1785698096592074.316	,36.501,0.044000,40,0,NO,"""128,16;128,32;128,64;128,128;128,256;128,512;128,2048;128,8192;128,32768""",FLOAT16;FLOAT16;FLOAT16;FLOAT16;FLOAT16;FLOAT16;FLOAT16;FLOAT16;FLOAT16,ND;ND;ND;ND;ND;ND;ND;ND;ND,"""128,44016""",FLOAT16,ND,N/A,0.0,0,0.0,0.0,0.0,0.0,0.0,0.0,0.0,0.0,0.0,0.0,0.0,30.923,2040912,0.017,0.001,4.828,0.156,18.946,0.613,8.404,0.272,0.0,0.000
0,4294967295,512,47,aclnnMul_MulAiCore_Mul,Mul,dynamic,AI_VECTOR_CORE,1785698096592110.837	,333.067,0.000000,40,0,NO,"""4096,4096;4096,4096""",FLOAT;FLOAT,ND;ND,"""4096,4096""",FLOAT,ND,N/A,0.0,0,0.0,0.0,0.0,0.0,0.0,0.0,0.0,0.0,0.0,0.0,0.0,330.683,21825091,6.784,0.021,3.06,0.009,329.012,0.995,113.773,0.344,0.0,0.000
0,4294967295,513,47,Concat,Concat,dynamic,AI_VECTOR_CORE,1785698096592443.924	,37.440,0.183000,40,0,NO,"""128,16;128,32;128,64;128,128;128,256;128,512;128,2048;128,8192;128,32768""",FLOAT16;FLOAT16;FLOAT16;FLOAT16;FLOAT16;FLOAT16;FLOAT16;FLOAT16;FLOAT16,ND;ND;ND;ND;ND;ND;ND;ND;ND,"""128,44016""",FLOAT16,ND,N/A,0.0,0,0.0,0.0,0.0,0.0,0.0,0.0,0.0,0.0,0.0,0.0,0.0,31.923,2106900,0.017,0.001,4.871,0.153,19.628,0.615,8.668,0.272,0.0,0.000
0,4294967295,514,47,aclnnMul_MulAiCore_Mul,Mul,dynamic,AI_VECTOR_CORE,1785698096592481.384	,332.267,0.060000,40,0,NO,"""4096,4096;4096,4096""",FLOAT;FLOAT,ND;ND,"""4096,4096""",FLOAT,ND,N/A,0.0,0,0.0,0.0,0.0,0.0,0.0,0.0,0.0,0.0,0.0,0.0,0.0,329.663,21757769,6.784,0.021,2.966,0.009,328.124,0.995,112.609,0.342,0.0,0.000
0,4294967295,515,47,Concat,Concat,dynamic,AI_VECTOR_CORE,1785698096592813.671	,36.021,0.000000,40,0,NO,"""128,16;128,32;128,64;128,128;128,256;128,512;128,2048;128,8192;128,32768""",FLOAT16;FLOAT16;FLOAT16;FLOAT16;FLOAT16;FLOAT16;FLOAT16;FLOAT16;FLOAT16,ND;ND;ND;ND;ND;ND;ND;ND;ND,"""128,44016""",FLOAT16,ND,N/A,0.0,0,0.0,0.0,0.0,0.0,0.0,0.0,0.0,0.0,0.0,0.0,0.0,30.477,2011512,0.017,0.001,5.264,0.173,18.704,0.614,8.095,0.266,0.0,0.000
0,4294967295,516,47,aclnnMul_MulAiCore_Mul,Mul,dynamic,AI_VECTOR_CORE,1785698096592849.712	,332.826,0.000000,40,0,NO,"""4096,4096;4096,4096""",FLOAT;FLOAT,ND;ND,"""4096,4096""",FLOAT,ND,N/A,0.0,0,0.0,0.0,0.0,0.0,0.0,0.0,0.0,0.0,0.0,0.0,0.0,330.606,21820011,6.784,0.021,3.55,0.011,328.497,0.994,111.315,0.337,0.0,0.000
0,4294967295,517,47,Concat,Concat,dynamic,AI_VECTOR_CORE,1785698096593182.558	,36.961,0.000000,40,0,NO,"""128,16;128,32;128,64;128,128;128,256;128,512;128,2048;128,8192;128,32768""",FLOAT16;FLOAT16;FLOAT16;FLOAT16;FLOAT16;FLOAT16;FLOAT16;FLOAT16;FLOAT16,ND;ND;ND;ND;ND;ND;ND;ND;ND,"""128,44016""",FLOAT16,ND,N/A,0.0,0,0.0,0.0,0.0,0.0,0.0,0.0,0.0,0.0,0.0,0.0,0.0,31.15,2055903,0.017,0.001,4.918,0.158,19.088,0.613,8.533,0.274,0.0,0.000
0,4294967295,518,47,aclnnMul_MulAiCore_Mul,Mul,dynamic,AI_VECTOR_CORE,1785698096593219.539	,332.047,0.039000,40,0,NO,"""4096,4096;4096,4096""",FLOAT;FLOAT,ND;ND,"""4096,4096""",FLOAT,ND,N/A,0.0,0,0.0,0.0,0.0,0.0,0.0,0.0,0.0,0.0,0.0,0.0,0.0,330.113,21787482,6.784,0.021,2.895,0.009,328.666,0.996,112.04,0.339,0.0,0.000
0,4294967295,519,47,Concat,Concat,dynamic,AI_VECTOR_CORE,1785698096593551.626	,36.361,0.203000,40,0,NO,"""128,16;128,32;128,64;128,128;128,256;128,512;128,2048;128,8192;128,32768""",FLOAT16;FLOAT16;FLOAT16;FLOAT16;FLOAT16;FLOAT16;FLOAT16;FLOAT16;FLOAT16,ND;ND;ND;ND;ND;ND;ND;ND;ND,"""128,44016""",FLOAT16,ND,N/A,0.0,0,0.0,0.0,0.0,0.0,0.0,0.0,0.0,0.0,0.0,0.0,0.0,31.292,2065270,0.017,0.001,4.804,0.154,19.125,0.611,8.605,0.275,0.0,0.000
0,4294967295,520,47,aclnnMul_MulAiCore_Mul,Mul,dynamic,AI_VECTOR_CORE,1785698096593588.007	,333.586,0.000000,40,0,NO,"""4096,4096;4096,4096""",FLOAT;FLOAT,ND;ND,"""4096,4096""",FLOAT,ND,N/A,0.0,0,0.0,0.0,0.0,0.0,0.0,0.0,0.0,0.0,0.0,0.0,0.0,331.684,21891144,6.784,0.02,3.131,0.009,330.049,0.995,111.878,0.337,0.0,0.000
0,4294967295,521,47,Concat,Concat,dynamic,AI_VECTOR_CORE,1785698096593921.613	,37.481,0.000000,40,0,NO,"""128,16;128,32;128,64;128,128;128,256;128,512;128,2048;128,8192;128,32768""",FLOAT16;FLOAT16;FLOAT16;FLOAT16;FLOAT16;FLOAT16;FLOAT16;FLOAT16;FLOAT16,ND;ND;ND;ND;ND;ND;ND;ND;ND,"""128,44016""",FLOAT16,ND,N/A,0.0,0,0.0,0.0,0.0,0.0,0.0,0.0,0.0,0.0,0.0,0.0,0.0,31.626,2087331,0.017,0.001,5.078,0.161,19.469,0.616,8.321,0.263,0.0,0.000
0,4294967295,522,47,aclnnMul_MulAiCore_Mul,Mul,dynamic,AI_VECTOR_CORE,1785698096593959.134	,331.367,0.269000,40,0,NO,"""4096,4096;4096,4096""",FLOAT;FLOAT,ND;ND,"""4096,4096""",FLOAT,ND,N/A,0.0,0,0.0,0.0,0.0,0.0,0.0,0.0,0.0,0.0,0.0,0.0,0.0,329.245,21730138,6.784,0.021,3.041,0.009,327.618,0.995,110.78,0.336,0.0,0.000
0,4294967295,523,47,Concat,Concat,dynamic,AI_VECTOR_CORE,1785698096594290.521	,36.580,0.000000,40,0,NO,"""128,16;128,32;128,64;128,128;128,256;128,512;128,2048;128,8192;128,32768""",FLOAT16;FLOAT16;FLOAT16;FLOAT16;FLOAT16;FLOAT16;FLOAT16;FLOAT16;FLOAT16,ND;ND;ND;ND;ND;ND;ND;ND;ND,"""128,44016""",FLOAT16,ND,N/A,0.0,0,0.0,0.0,0.0,0.0,0.0,0.0,0.0,0.0,0.0,0.0,0.0,31.424,2074013,0.017,0.001,5.086,0.162,19.413,0.618,8.526,0.271,0.0,0.000
0,4294967295,524,47,aclnnMul_MulAiCore_Mul,Mul,dynamic,AI_VECTOR_CORE,1785698096594327.121	,334.407,0.000000,40,0,NO,"""4096,4096;4096,4096""",FLOAT;FLOAT,ND;ND,"""4096,4096""",FLOAT,ND,N/A,0.0,0,0.0,0.0,0.0,0.0,0.0,0.0,0.0,0.0,0.0,0.0,0.0,331.993,21911538,6.784,0.02,3.105,0.009,330.357,0.995,111.616,0.336,0.0,0.000
0,4294967295,525,47,Concat,Concat,dynamic,AI_VECTOR_CORE,1785698096594661.548	,37.101,0.093000,40,0,NO,"""128,16;128,32;128,64;128,128;128,256;128,512;128,2048;128,8192;128,32768""",FLOAT16;FLOAT16;FLOAT16;FLOAT16;FLOAT16;FLOAT16;FLOAT16;FLOAT16;FLOAT16,ND;ND;ND;ND;ND;ND;ND;ND;ND,"""128,44016""",FLOAT16,ND,N/A,0.0,0,0.0,0.0,0.0,0.0,0.0,0.0,0.0,0.0,0.0,0.0,0.0,31.834,2101059,0.017,0.001,4.841,0.152,19.374,0.609,8.998,0.283,0.0,0.000
0,4294967295,526,47,aclnnMul_MulAiCore_Mul,Mul,dynamic,AI_VECTOR_CORE,1785698096594698.669	,333.506,0.149000,40,0,NO,"""4096,4096;4096,4096""",FLOAT;FLOAT,ND;ND,"""4096,4096""",FLOAT,ND,N/A,0.0,0,0.0,0.0,0.0,0.0,0.0,0.0,0.0,0.0,0.0,0.0,0.0,330.364,21804042,6.784,0.021,3.01,0.009,328.806,0.995,112.338,0.34,0.0,0.000
0,4294967295,527,47,Concat,Concat,dynamic,AI_VECTOR_CORE,1785698096595032.195	,37.461,0.000000,40,0,NO,"""128,16;128,32;128,64;128,128;128,256;128,512;128,2048;128,8192;128,32768""",FLOAT16;FLOAT16;FLOAT16;FLOAT16;FLOAT16;FLOAT16;FLOAT16;FLOAT16;FLOAT16,ND;ND;ND;ND;ND;ND;ND;ND;ND,"""128,44016""",FLOAT16,ND,N/A,0.0,0,0.0,0.0,0.0,0.0,0.0,0.0,0.0,0.0,0.0,0.0,0.0,32.06,2115982,0.017,0.001,4.829,0.151,19.694,0.614,8.757,0.273,0.0,0.000
0,4294967295,528,47,aclnnMul_MulAiCore_Mul,Mul,dynamic,AI_VECTOR_CORE,1785698096595069.676	,332.467,0.039000,40,0,NO,"""4096,4096;4096,4096""",FLOAT;FLOAT,ND;ND,"""4096,4096""",FLOAT,ND,N/A,0.0,0,0.0,0.0,0.0,0.0,0.0,0.0,0.0,0.0,0.0,0.0,0.0,330.619,21820879,6.784,0.021,2.979,0.009,329.072,0.995,111.868,0.338,0.0,0.000
0,4294967295,529,47,Concat,Concat,dynamic,AI_VECTOR_CORE,1785698096595402.163	,38.001,0.033000,40,0,NO,"""128,16;128,32;128,64;128,128;128,256;128,512;128,2048;128,8192;128,32768""",FLOAT16;FLOAT16;FLOAT16;FLOAT16;FLOAT16;FLOAT16;FLOAT16;FLOAT16;FLOAT16,ND;ND;ND;ND;ND;ND;ND;ND;ND,"""128,44016""",FLOAT16,ND,N/A,0.0,0,0.0,0.0,0.0,0.0,0.0,0.0,0.0,0.0,0.0,0.0,0.0,32.477,2143507,0.017,0.001,4.742,0.146,20.007,0.616,8.948,0.276,0.0,0.000
0,4294967295,530,47,aclnnMul_MulAiCore_Mul,Mul,dynamic,AI_VECTOR_CORE,1785698096595440.204	,331.046,0.000000,40,0,NO,"""4096,4096;4096,4096""",FLOAT;FLOAT,ND;ND,"""4096,4096""",FLOAT,ND,N/A,0.0,0,0.0,0.0,0.0,0.0,0.0,0.0,0.0,0.0,0.0,0.0,0.0,329.027,21715797,6.784,0.021,3.046,0.009,327.439,0.995,110.634,0.336,0.0,0.000
0,4294967295,531,47,Concat,Concat,dynamic,AI_VECTOR_CORE,1785698096595771.270	,36.161,0.000000,40,0,NO,"""128,16;128,32;128,64;128,128;128,256;128,512;128,2048;128,8192;128,32768""",FLOAT16;FLOAT16;FLOAT16;FLOAT16;FLOAT16;FLOAT16;FLOAT16;FLOAT16;FLOAT16,ND;ND;ND;ND;ND;ND;ND;ND;ND,"""128,44016""",FLOAT16,ND,N/A,0.0,0,0.0,0.0,0.0,0.0,0.0,0.0,0.0,0.0,0.0,0.0,0.0,31.551,2082352,0.017,0.001,5.209,0.165,19.387,0.614,8.504,0.27,0.0,0.000
0,4294967295,532,47,aclnnMul_MulAiCore_Mul,Mul,dynamic,AI_VECTOR_CORE,1785698096595807.451	,333.547,0.089000,40,0,NO,"""4096,4096;4096,4096""",FLOAT;FLOAT,ND;ND,"""4096,4096""",FLOAT,ND,N/A,0.0,0,0.0,0.0,0.0,0.0,0.0,0.0,0.0,0.0,0.0,0.0,0.0,330.881,21838166,6.784,0.021,2.899,0.009,329.446,0.996,111.482,0.337,0.0,0.000
0,4294967295,533,47,Concat,Concat,dynamic,AI_VECTOR_CORE,1785698096596141.018	,37.880,0.000000,40,0,NO,"""128,16;128,32;128,64;128,128;128,256;128,512;128,2048;128,8192;128,32768""",FLOAT16;FLOAT16;FLOAT16;FLOAT16;FLOAT16;FLOAT16;FLOAT16;FLOAT16;FLOAT16,ND;ND;ND;ND;ND;ND;ND;ND;ND,"""128,44016""",FLOAT16,ND,N/A,0.0,0,0.0,0.0,0.0,0.0,0.0,0.0,0.0,0.0,0.0,0.0,0.0,32.795,2164482,0.017,0.001,4.988,0.152,19.942,0.608,9.349,0.285,0.0,0.000
0,4294967295,534,47,aclnnMul_MulAiCore_Mul,Mul,dynamic,AI_VECTOR_CORE,1785698096596178.918	,331.707,0.120000,40,0,NO,"""4096,4096;4096,4096""",FLOAT;FLOAT,ND;ND,"""4096,4096""",FLOAT,ND,N/A,0.0,0,0.0,0.0,0.0,0.0,0.0,0.0,0.0,0.0,0.0,0.0,0.0,329.697,21760001,6.784,0.021,3.037,0.009,328.097,0.995,112.478,0.341,0.0,0.000
0,4294967295,535,47,Concat,Concat,dynamic,AI_VECTOR_CORE,1785698096596510.645	,36.941,0.043000,40,0,NO,"""128,16;128,32;128,64;128,128;128,256;128,512;128,2048;128,8192;128,32768""",FLOAT16;FLOAT16;FLOAT16;FLOAT16;FLOAT16;FLOAT16;FLOAT16;FLOAT16;FLOAT16,ND;ND;ND;ND;ND;ND;ND;ND;ND,"""128,44016""",FLOAT16,ND,N/A,0.0,0,0.0,0.0,0.0,0.0,0.0,0.0,0.0,0.0,0.0,0.0,0.0,32.115,2119577,0.017,0.001,4.758,0.148,19.742,0.615,8.837,0.275,0.0,0.000
0,4294967295,536,47,aclnnMul_MulAiCore_Mul,Mul,dynamic,AI_VECTOR_CORE,1785698096596547.606	,332.746,0.000000,40,0,NO,"""4096,4096;4096,4096""",FLOAT;FLOAT,ND;ND,"""4096,4096""",FLOAT,ND,N/A,0.0,0,0.0,0.0,0.0,0.0,0.0,0.0,0.0,0.0,0.0,0.0,0.0,330.63,21821601,6.784,0.021,3.019,0.009,329.092,0.995,111.035,0.336,0.0,0.000
0,4294967295,537,47,Concat,Concat,dynamic,AI_VECTOR_CORE,1785698096596880.392	,37.441,0.254000,40,0,NO,"""128,16;128,32;128,64;128,128;128,256;128,512;128,2048;128,8192;128,32768""",FLOAT16;FLOAT16;FLOAT16;FLOAT16;FLOAT16;FLOAT16;FLOAT16;FLOAT16;FLOAT16,ND;ND;ND;ND;ND;ND;ND;ND;ND,"""128,44016""",FLOAT16,ND,N/A,0.0,0,0.0,0.0,0.0,0.0,0.0,0.0,0.0,0.0,0.0,0.0,0.0,32.219,2126478,0.017,0.001,4.771,0.148,20.015,0.621,8.649,0.268,0.0,0.000
0,4294967295,538,47,aclnnMul_MulAiCore_Mul,Mul,dynamic,AI_VECTOR_CORE,1785698096596917.853	,331.967,0.000000,40,0,NO,"""4096,4096;4096,4096""",FLOAT;FLOAT,ND;ND,"""4096,4096""",FLOAT,ND,N/A,0.0,0,0.0,0.0,0.0,0.0,0.0,0.0,0.0,0.0,0.0,0.0,0.0,329.448,21743592,6.784,0.021,3.138,0.01,327.739,0.995,112.624,0.342,0.0,0.000
0,4294967295,539,47,Concat,Concat,dynamic,AI_VECTOR_CORE,1785698096597249.840	,35.420,0.033000,40,0,NO,"""128,16;128,32;128,64;128,128;128,256;128,512;128,2048;128,8192;128,32768""",FLOAT16;FLOAT16;FLOAT16;FLOAT16;FLOAT16;FLOAT16;FLOAT16;FLOAT16;FLOAT16,ND;ND;ND;ND;ND;ND;ND;ND;ND,"""128,44016""",FLOAT16,ND,N/A,0.0,0,0.0,0.0,0.0,0.0,0.0,0.0,0.0,0.0,0.0,0.0,0.0,30.837,2035262,0.017,0.001,5.092,0.165,18.949,0.614,8.376,0.272,0.0,0.000
0,4294967295,540,47,aclnnMul_MulAiCore_Mul,Mul,dynamic,AI_VECTOR_CORE,1785698096597285.280	,332.867,0.080000,40,0,NO,"""4096,4096;4096,4096""",FLOAT;FLOAT,ND;ND,"""4096,4096""",FLOAT,ND,N/A,0.0,0,0.0,0.0,0.0,0.0,0.0,0.0,0.0,0.0,0.0,0.0,0.0,330.256,21796916,6.784,0.021,3.46,0.01,328.242,0.994,110.813,0.336,0.0,0.000
0,4294967295,541,47,Concat,Concat,dynamic,AI_VECTOR_CORE,1785698096597618.187	,37.181,0.133000,40,0,NO,"""128,16;128,32;128,64;128,128;128,256;128,512;128,2048;128,8192;128,32768""",FLOAT16;FLOAT16;FLOAT16;FLOAT16;FLOAT16;FLOAT16;FLOAT16;FLOAT16;FLOAT16,ND;ND;ND;ND;ND;ND;ND;ND;ND,"""128,44016""",FLOAT16,ND,N/A,0.0,0,0.0,0.0,0.0,0.0,0.0,0.0,0.0,0.0,0.0,0.0,0.0,31.409,2072979,0.017,0.001,4.941,0.157,18.831,0.6,9.046,0.288,0.0,0.000
0,4294967295,542,47,aclnnMul_MulAiCore_Mul,Mul,dynamic,AI_VECTOR_CORE,1785698096597655.388	,331.166,0.069000,40,0,NO,"""4096,4096;4096,4096""",FLOAT;FLOAT,ND;ND,"""4096,4096""",FLOAT,ND,N/A,0.0,0,0.0,0.0,0.0,0.0,0.0,0.0,0.0,0.0,0.0,0.0,0.0,328.916,21708483,6.784,0.021,3.083,0.009,327.25,0.995,108.91,0.331,0.0,0.000
0,4294967295,543,47,Concat,Concat,dynamic,AI_VECTOR_CORE,1785698096597986.574	,36.901,0.000000,40,0,NO,"""128,16;128,32;128,64;128,128;128,256;128,512;128,2048;128,8192;128,32768""",FLOAT16;FLOAT16;FLOAT16;FLOAT16;FLOAT16;FLOAT16;FLOAT16;FLOAT16;FLOAT16,ND;ND;ND;ND;ND;ND;ND;ND;ND,"""128,44016""",FLOAT16,ND,N/A,0.0,0,0.0,0.0,0.0,0.0,0.0,0.0,0.0,0.0,0.0,0.0,0.0,31.306,2066184,0.017,0.001,4.837,0.155,19.269,0.615,8.445,0.27,0.0,0.000
0,4294967295,544,47,aclnnMul_MulAiCore_Mul,Mul,dynamic,AI_VECTOR_CORE,1785698096598023.495	,333.447,0.099000,40,0,NO,"""4096,4096;4096,4096""",FLOAT;FLOAT,ND;ND,"""4096,4096""",FLOAT,ND,N/A,0.0,0,0.0,0.0,0.0,0.0,0.0,0.0,0.0,0.0,0.0,0.0,0.0,330.742,21828956,6.784,0.021,2.944,0.009,329.277,0.996,111.632,0.338,0.0,0.000
0,4294967295,545,47,Concat,Concat,dynamic,AI_VECTOR_CORE,1785698096598356.962	,37.181,0.053000,40,0,NO,"""128,16;128,32;128,64;128,128;128,256;128,512;128,2048;128,8192;128,32768""",FLOAT16;FLOAT16;FLOAT16;FLOAT16;FLOAT16;FLOAT16;FLOAT16;FLOAT16;FLOAT16,ND;ND;ND;ND;ND;ND;ND;ND;ND,"""128,44016""",FLOAT16,ND,N/A,0.0,0,0.0,0.0,0.0,0.0,0.0,0.0,0.0,0.0,0.0,0.0,0.0,31.717,2093331,0.017,0.001,4.766,0.15,19.604,0.618,8.571,0.27,0.0,0.000
0,4294967295,546,47,aclnnMul_MulAiCore_Mul,Mul,dynamic,AI_VECTOR_CORE,1785698096598394.183	,334.086,0.069000,40,0,NO,"""4096,4096;4096,4096""",FLOAT;FLOAT,ND;ND,"""4096,4096""",FLOAT,ND,N/A,0.0,0,0.0,0.0,0.0,0.0,0.0,0.0,0.0,0.0,0.0,0.0,0.0,331.944,21908278,6.784,0.02,3.021,0.009,330.344,0.995,113.227,0.341,0.0,0.000
0,4294967295,547,47,Concat,Concat,dynamic,AI_VECTOR_CORE,1785698096598728.289	,36.041,0.000000,40,0,NO,"""128,16;128,32;128,64;128,128;128,256;128,512;128,2048;128,8192;128,32768""",FLOAT16;FLOAT16;FLOAT16;FLOAT16;FLOAT16;FLOAT16;FLOAT16;FLOAT16;FLOAT16,ND;ND;ND;ND;ND;ND;ND;ND;ND,"""128,44016""",FLOAT16,ND,N/A,0.0,0,0.0,0.0,0.0,0.0,0.0,0.0,0.0,0.0,0.0,0.0,0.0,30.479,2011592,0.017,0.001,5.012,0.164,18.733,0.615,8.139,0.267,0.0,0.000
0,4294967295,548,47,aclnnMul_MulAiCore_Mul,Mul,dynamic,AI_VECTOR_CORE,1785698096598764.350	,333.007,0.000000,40,0,NO,"""4096,4096;4096,4096""",FLOAT;FLOAT,ND;ND,"""4096,4096""",FLOAT,ND,N/A,0.0,0,0.0,0.0,0.0,0.0,0.0,0.0,0.0,0.0,0.0,0.0,0.0,330.896,21839134,6.784,0.021,2.937,0.009,329.417,0.996,112.189,0.339,0.0,0.000
0,4294967295,549,47,Concat,Concat,dynamic,AI_VECTOR_CORE,1785698096599097.377	,36.620,0.243000,40,0,NO,"""128,16;128,32;128,64;128,128;128,256;128,512;128,2048;128,8192;128,32768""",FLOAT16;FLOAT16;FLOAT16;FLOAT16;FLOAT16;FLOAT16;FLOAT16;FLOAT16;FLOAT16,ND;ND;ND;ND;ND;ND;ND;ND;ND,"""128,44016""",FLOAT16,ND,N/A,0.0,0,0.0,0.0,0.0,0.0,0.0,0.0,0.0,0.0,0.0,0.0,0.0,31.251,2062534,0.017,0.001,5.126,0.164,18.921,0.605,8.786,0.281,0.0,0.000
0,4294967295,550,47,aclnnMul_MulAiCore_Mul,Mul,dynamic,AI_VECTOR_CORE,1785698096599134.017	,331.747,0.000000,40,0,NO,"""4096,4096;4096,4096""",FLOAT;FLOAT,ND;ND,"""4096,4096""",FLOAT,ND,N/A,0.0,0,0.0,0.0,0.0,0.0,0.0,0.0,0.0,0.0,0.0,0.0,0.0,329.805,21767114,6.784,0.021,3.033,0.009,328.255,0.995,110.463,0.335,0.0,0.000
0,4294967295,551,47,Concat,Concat,dynamic,AI_VECTOR_CORE,1785698096599465.784	,36.121,0.003000,40,0,NO,"""128,16;128,32;128,64;128,128;128,256;128,512;128,2048;128,8192;128,32768""",FLOAT16;FLOAT16;FLOAT16;FLOAT16;FLOAT16;FLOAT16;FLOAT16;FLOAT16;FLOAT16,ND;ND;ND;ND;ND;ND;ND;ND;ND,"""128,44016""",FLOAT16,ND,N/A,0.0,0,0.0,0.0,0.0,0.0,0.0,0.0,0.0,0.0,0.0,0.0,0.0,30.457,2010143,0.017,0.001,5.662,0.186,17.733,0.582,8.335,0.274,0.0,0.000
0,4294967295,552,47,aclnnMul_MulAiCore_Mul,Mul,dynamic,AI_VECTOR_CORE,1785698096599501.945	,333.566,0.129000,40,0,NO,"""4096,4096;4096,4096""",FLOAT;FLOAT,ND;ND,"""4096,4096""",FLOAT,ND,N/A,0.0,0,0.0,0.0,0.0,0.0,0.0,0.0,0.0,0.0,0.0,0.0,0.0,331.041,21848704,6.784,0.02,2.981,0.009,329.523,0.995,111.653,0.337,0.0,0.000
0,4294967295,553,47,Concat,Concat,dynamic,AI_VECTOR_CORE,1785698096599835.531	,37.881,0.000000,40,0,NO,"""128,16;128,32;128,64;128,128;128,256;128,512;128,2048;128,8192;128,32768""",FLOAT16;FLOAT16;FLOAT16;FLOAT16;FLOAT16;FLOAT16;FLOAT16;FLOAT16;FLOAT16,ND;ND;ND;ND;ND;ND;ND;ND;ND,"""128,44016""",FLOAT16,ND,N/A,0.0,0,0.0,0.0,0.0,0.0,0.0,0.0,0.0,0.0,0.0,0.0,0.0,32.43,2140352,0.017,0.001,4.857,0.15,19.539,0.603,9.27,0.286,0.0,0.000
0,4294967295,554,47,aclnnMul_MulAiCore_Mul,Mul,dynamic,AI_VECTOR_CORE,1785698096599873.432	,331.787,0.119000,40,0,NO,"""4096,4096;4096,4096""",FLOAT;FLOAT,ND;ND,"""4096,4096""",FLOAT,ND,N/A,0.0,0,0.0,0.0,0.0,0.0,0.0,0.0,0.0,0.0,0.0,0.0,0.0,329.199,21727126,6.784,0.021,3.098,0.009,327.553,0.995,110.741,0.336,0.0,0.000
0,4294967295,555,47,Concat,Concat,dynamic,AI_VECTOR_CORE,1785698096600205.239	,37.261,0.000000,40,0,NO,"""128,16;128,32;128,64;128,128;128,256;128,512;128,2048;128,8192;128,32768""",FLOAT16;FLOAT16;FLOAT16;FLOAT16;FLOAT16;FLOAT16;FLOAT16;FLOAT16;FLOAT16,ND;ND;ND;ND;ND;ND;ND;ND;ND,"""128,44016""",FLOAT16,ND,N/A,0.0,0,0.0,0.0,0.0,0.0,0.0,0.0,0.0,0.0,0.0,0.0,0.0,31.444,2075280,0.017,0.001,4.888,0.155,19.258,0.612,8.678,0.276,0.0,0.000
0,4294967295,556,47,aclnnMul_MulAiCore_Mul,Mul,dynamic,AI_VECTOR_CORE,1785698096600242.520	,332.066,0.000000,40,0,NO,"""4096,4096;4096,4096""",FLOAT;FLOAT,ND;ND,"""4096,4096""",FLOAT,ND,N/A,0.0,0,0.0,0.0,0.0,0.0,0.0,0.0,0.0,0.0,0.0,0.0,0.0,329.873,21771595,6.784,0.021,3.065,0.009,328.277,0.995,109.884,0.333,0.0,0.000
0,4294967295,557,47,Concat,Concat,dynamic,AI_VECTOR_CORE,1785698096600574.606	,37.341,0.000000,40,0,NO,"""128,16;128,32;128,64;128,128;128,256;128,512;128,2048;128,8192;128,32768""",FLOAT16;FLOAT16;FLOAT16;FLOAT16;FLOAT16;FLOAT16;FLOAT16;FLOAT16;FLOAT16,ND;ND;ND;ND;ND;ND;ND;ND;ND,"""128,44016""",FLOAT16,ND,N/A,0.0,0,0.0,0.0,0.0,0.0,0.0,0.0,0.0,0.0,0.0,0.0,0.0,31.77,2096790,0.017,0.001,5.142,0.162,19.47,0.613,8.727,0.275,0.0,0.000
0,4294967295,558,47,aclnnMul_MulAiCore_Mul,Mul,dynamic,AI_VECTOR_CORE,1785698096600611.967	,332.987,0.159000,40,0,NO,"""4096,4096;4096,4096""",FLOAT;FLOAT,ND;ND,"""4096,4096""",FLOAT,ND,N/A,0.0,0,0.0,0.0,0.0,0.0,0.0,0.0,0.0,0.0,0.0,0.0,0.0,330.588,21818831,6.784,0.021,3.129,0.009,328.943,0.995,112.581,0.341,0.0,0.000
0,4294967295,559,47,Concat,Concat,dynamic,AI_VECTOR_CORE,1785698096600944.974	,37.320,0.013000,40,0,NO,"""128,16;128,32;128,64;128,128;128,256;128,512;128,2048;128,8192;128,32768""",FLOAT16;FLOAT16;FLOAT16;FLOAT16;FLOAT16;FLOAT16;FLOAT16;FLOAT16;FLOAT16,ND;ND;ND;ND;ND;ND;ND;ND;ND,"""128,44016""",FLOAT16,ND,N/A,0.0,0,0.0,0.0,0.0,0.0,0.0,0.0,0.0,0.0,0.0,0.0,0.0,31.819,2100041,0.017,0.001,4.767,0.15,19.453,0.611,8.819,0.277,0.0,0.000
0,4294967295,560,47,aclnnMul_MulAiCore_Mul,Mul,dynamic,AI_VECTOR_CORE,1785698096600982.314	,333.607,0.000000,40,0,NO,"""4096,4096;4096,4096""",FLOAT;FLOAT,ND;ND,"""4096,4096""",FLOAT,ND,N/A,0.0,0,0.0,0.0,0.0,0.0,0.0,0.0,0.0,0.0,0.0,0.0,0.0,331.179,21857803,6.784,0.02,3.017,0.009,329.603,0.995,111.107,0.335,0.0,0.000
0,4294967295,561,47,Concat,Concat,dynamic,AI_VECTOR_CORE,1785698096601315.961	,38.021,0.143000,40,0,NO,"""128,16;128,32;128,64;128,128;128,256;128,512;128,2048;128,8192;128,32768""",FLOAT16;FLOAT16;FLOAT16;FLOAT16;FLOAT16;FLOAT16;FLOAT16;FLOAT16;FLOAT16,ND;ND;ND;ND;ND;ND;ND;ND;ND,"""128,44016""",FLOAT16,ND,N/A,0.0,0,0.0,0.0,0.0,0.0,0.0,0.0,0.0,0.0,0.0,0.0,0.0,33.06,2181937,0.017,0.001,4.8,0.145,20.204,0.611,9.283,0.281,0.0,0.000
0,4294967295,562,47,aclnnMul_MulAiCore_Mul,Mul,dynamic,AI_VECTOR_CORE,1785698096601354.022	,331.866,0.000000,40,0,NO,"""4096,4096;4096,4096""",FLOAT;FLOAT,ND;ND,"""4096,4096""",FLOAT,ND,N/A,0.0,0,0.0,0.0,0.0,0.0,0.0,0.0,0.0,0.0,0.0,0.0,0.0,329.506,21747423,6.784,0.021,2.897,0.009,328.047,0.996,110.879,0.336,0.0,0.000
0,4294967295,563,47,Concat,Concat,dynamic,AI_VECTOR_CORE,1785698096601685.908	,37.421,0.134000,40,0,NO,"""128,16;128,32;128,64;128,128;128,256;128,512;128,2048;128,8192;128,32768""",FLOAT16;FLOAT16;FLOAT16;FLOAT16;FLOAT16;FLOAT16;FLOAT16;FLOAT16;FLOAT16,ND;ND;ND;ND;ND;ND;ND;ND;ND,"""128,44016""",FLOAT16,ND,N/A,0.0,0,0.0,0.0,0.0,0.0,0.0,0.0,0.0,0.0,0.0,0.0,0.0,33.01,2178675,0.017,0.001,5.024,0.152,20.329,0.616,9.097,0.276,0.0,0.000
0,4294967295,564,47,aclnnMul_MulAiCore_Mul,Mul,dynamic,AI_VECTOR_CORE,1785698096601723.349	,332.967,0.000000,40,0,NO,"""4096,4096;4096,4096""",FLOAT;FLOAT,ND;ND,"""4096,4096""",FLOAT,ND,N/A,0.0,0,0.0,0.0,0.0,0.0,0.0,0.0,0.0,0.0,0.0,0.0,0.0,330.55,21816281,6.784,0.021,3.028,0.009,329.005,0.995,110.935,0.336,0.0,0.000
0,4294967295,565,47,Concat,Concat,dynamic,AI_VECTOR_CORE,1785698096602056.336	,38.141,0.033000,40,0,NO,"""128,16;128,32;128,64;128,128;128,256;128,512;128,2048;128,8192;128,32768""",FLOAT16;FLOAT16;FLOAT16;FLOAT16;FLOAT16;FLOAT16;FLOAT16;FLOAT16;FLOAT16,ND;ND;ND;ND;ND;ND;ND;ND;ND,"""128,44016""",FLOAT16,ND,N/A,0.0,0,0.0,0.0,0.0,0.0,0.0,0.0,0.0,0.0,0.0,0.0,0.0,33.104,2184837,0.017,0.001,5.129,0.155,20.236,0.611,9.324,0.282,0.0,0.000
0,4294967295,566,47,aclnnMul_MulAiCore_Mul,Mul,dynamic,AI_VECTOR_CORE,1785698096602094.497	,332.126,0.109000,40,0,NO,"""4096,4096;4096,4096""",FLOAT;FLOAT,ND;ND,"""4096,4096""",FLOAT,ND,N/A,0.0,0,0.0,0.0,0.0,0.0,0.0,0.0,0.0,0.0,0.0,0.0,0.0,329.813,21767687,6.784,0.021,2.966,0.009,328.339,0.996,111.487,0.338,0.0,0.000
0,4294967295,567,47,Concat,Concat,dynamic,AI_VECTOR_CORE,1785698096602426.643	,36.601,0.124000,40,0,NO,"""128,16;128,32;128,64;128,128;128,256;128,512;128,2048;128,8192;128,32768""",FLOAT16;FLOAT16;FLOAT16;FLOAT16;FLOAT16;FLOAT16;FLOAT16;FLOAT16;FLOAT16,ND;ND;ND;ND;ND;ND;ND;ND;ND,"""128,44016""",FLOAT16,ND,N/A,0.0,0,0.0,0.0,0.0,0.0,0.0,0.0,0.0,0.0,0.0,0.0,0.0,31.33,2067801,0.017,0.001,4.78,0.153,19.117,0.61,8.649,0.276,0.0,0.000
0,4294967295,568,47,aclnnMul_MulAiCore_Mul,Mul,dynamic,AI_VECTOR_CORE,1785698096602463.284	,332.967,0.000000,40,0,NO,"""4096,4096;4096,4096""",FLOAT;FLOAT,ND;ND,"""4096,4096""",FLOAT,ND,N/A,0.0,0,0.0,0.0,0.0,0.0,0.0,0.0,0.0,0.0,0.0,0.0,0.0,330.597,21819433,6.784,0.021,3.083,0.009,328.974,0.995,112.346,0.34,0.0,0.000
0,4294967295,569,47,Concat,Concat,dynamic,AI_VECTOR_CORE,1785698096602796.271	,37.300,0.033000,40,0,NO,"""128,16;128,32;128,64;128,128;128,256;128,512;128,2048;128,8192;128,32768""",FLOAT16;FLOAT16;FLOAT16;FLOAT16;FLOAT16;FLOAT16;FLOAT16;FLOAT16;FLOAT16,ND;ND;ND;ND;ND;ND;ND;ND;ND,"""128,44016""",FLOAT16,ND,N/A,0.0,0,0.0,0.0,0.0,0.0,0.0,0.0,0.0,0.0,0.0,0.0,0.0,32.407,2138878,0.017,0.001,4.663,0.144,19.815,0.611,9.149,0.282,0.0,0.000
0,4294967295,570,47,aclnnMul_MulAiCore_Mul,Mul,dynamic,AI_VECTOR_CORE,1785698096602833.591	,331.127,0.000000,40,0,NO,"""4096,4096;4096,4096""",FLOAT;FLOAT,ND;ND,"""4096,4096""",FLOAT,ND,N/A,0.0,0,0.0,0.0,0.0,0.0,0.0,0.0,0.0,0.0,0.0,0.0,0.0,329.144,21723493,6.784,0.021,3.017,0.009,327.577,0.995,110.818,0.337,0.0,0.000
0,4294967295,571,47,Concat,Concat,dynamic,AI_VECTOR_CORE,1785698096603164.758	,36.661,0.123000,40,0,NO,"""128,16;128,32;128,64;128,128;128,256;128,512;128,2048;128,8192;128,32768""",FLOAT16;FLOAT16;FLOAT16;FLOAT16;FLOAT16;FLOAT16;FLOAT16;FLOAT16;FLOAT16,ND;ND;ND;ND;ND;ND;ND;ND;ND,"""128,44016""",FLOAT16,ND,N/A,0.0,0,0.0,0.0,0.0,0.0,0.0,0.0,0.0,0.0,0.0,0.0,0.0,31.48,2077702,0.017,0.001,5.127,0.163,19.136,0.608,8.726,0.277,0.0,0.000
0,4294967295,572,47,aclnnMul_MulAiCore_Mul,Mul,dynamic,AI_VECTOR_CORE,1785698096603201.439	,332.566,0.089000,40,0,NO,"""4096,4096;4096,4096""",FLOAT;FLOAT,ND;ND,"""4096,4096""",FLOAT,ND,N/A,0.0,0,0.0,0.0,0.0,0.0,0.0,0.0,0.0,0.0,0.0,0.0,0.0,330.343,21802610,6.784,0.021,3.185,0.01,328.604,0.995,111.313,0.337,0.0,0.000
0,4294967295,573,47,Concat,Concat,dynamic,AI_VECTOR_CORE,1785698096603534.025	,36.641,0.000000,40,0,NO,"""128,16;128,32;128,64;128,128;128,256;128,512;128,2048;128,8192;128,32768""",FLOAT16;FLOAT16;FLOAT16;FLOAT16;FLOAT16;FLOAT16;FLOAT16;FLOAT16;FLOAT16,ND;ND;ND;ND;ND;ND;ND;ND;ND,"""128,44016""",FLOAT16,ND,N/A,0.0,0,0.0,0.0,0.0,0.0,0.0,0.0,0.0,0.0,0.0,0.0,0.0,31.72,2093516,0.017,0.001,5.066,0.16,19.399,0.612,8.8,0.277,0.0,0.000
0,4294967295,574,47,aclnnMul_MulAiCore_Mul,Mul,dynamic,AI_VECTOR_CORE,1785698096603570.686	,331.167,0.109000,40,0,NO,"""4096,4096;4096,4096""",FLOAT;FLOAT,ND;ND,"""4096,4096""",FLOAT,ND,N/A,0.0,0,0.0,0.0,0.0,0.0,0.0,0.0,0.0,0.0,0.0,0.0,0.0,329.469,21744973,6.784,0.021,3.061,0.009,327.876,0.995,109.533,0.332,0.0,0.000
0,4294967295,575,47,Concat,Concat,dynamic,AI_VECTOR_CORE,1785698096603901.873	,36.180,0.000000,40,0,NO,"""128,16;128,32;128,64;128,128;128,256;128,512;128,2048;128,8192;128,32768""",FLOAT16;FLOAT16;FLOAT16;FLOAT16;FLOAT16;FLOAT16;FLOAT16;FLOAT16;FLOAT16,ND;ND;ND;ND;ND;ND;ND;ND;ND,"""128,44016""",FLOAT16,ND,N/A,0.0,0,0.0,0.0,0.0,0.0,0.0,0.0,0.0,0.0,0.0,0.0,0.0,30.563,2017133,0.017,0.001,4.837,0.158,18.615,0.609,8.358,0.273,0.0,0.000
0,4294967295,576,47,aclnnMul_MulAiCore_Mul,Mul,dynamic,AI_VECTOR_CORE,1785698096603938.073	,333.187,0.070000,40,0,NO,"""4096,4096;4096,4096""",FLOAT;FLOAT,ND;ND,"""4096,4096""",FLOAT,ND,N/A,0.0,0,0.0,0.0,0.0,0.0,0.0,0.0,0.0,0.0,0.0,0.0,0.0,331.298,21865697,6.784,0.02,3.165,0.01,329.612,0.995,110.612,0.334,0.0,0.000
0,4294967295,577,47,Concat,Concat,dynamic,AI_VECTOR_CORE,1785698096604271.280	,36.701,0.063000,40,0,NO,"""128,16;128,32;128,64;128,128;128,256;128,512;128,2048;128,8192;128,32768""",FLOAT16;FLOAT16;FLOAT16;FLOAT16;FLOAT16;FLOAT16;FLOAT16;FLOAT16;FLOAT16,ND;ND;ND;ND;ND;ND;ND;ND;ND,"""128,44016""",FLOAT16,ND,N/A,0.0,0,0.0,0.0,0.0,0.0,0.0,0.0,0.0,0.0,0.0,0.0,0.0,30.903,2039584,0.017,0.001,4.942,0.16,18.795,0.608,8.424,0.273,0.0,0.000
0,4294967295,578,47,aclnnMul_MulAiCore_Mul,Mul,dynamic,AI_VECTOR_CORE,1785698096604308.001	,331.146,0.049000,40,0,NO,"""4096,4096;4096,4096""",FLOAT;FLOAT,ND;ND,"""4096,4096""",FLOAT,ND,N/A,0.0,0,0.0,0.0,0.0,0.0,0.0,0.0,0.0,0.0,0.0,0.0,0.0,328.687,21693338,6.784,0.021,3.029,0.009,327.108,0.995,111.044,0.338,0.0,0.000
0,4294967295,579,47,Concat,Concat,dynamic,AI_VECTOR_CORE,1785698096604639.167	,36.501,0.104000,40,0,NO,"""128,16;128,32;128,64;128,128;128,256;128,512;128,2048;128,8192;128,32768""",FLOAT16;FLOAT16;FLOAT16;FLOAT16;FLOAT16;FLOAT16;FLOAT16;FLOAT16;FLOAT16,ND;ND;ND;ND;ND;ND;ND;ND;ND,"""128,44016""",FLOAT16,ND,N/A,0.0,0,0.0,0.0,0.0,0.0,0.0,0.0,0.0,0.0,0.0,0.0,0.0,30.897,2039222,0.017,0.001,4.956,0.16,18.795,0.608,8.478,0.274,0.0,0.000
0,4294967295,580,47,aclnnMul_MulAiCore_Mul,Mul,dynamic,AI_VECTOR_CORE,1785698096604675.688	,333.307,0.000000,40,0,NO,"""4096,4096;4096,4096""",FLOAT;FLOAT,ND;ND,"""4096,4096""",FLOAT,ND,N/A,0.0,0,0.0,0.0,0.0,0.0,0.0,0.0,0.0,0.0,0.0,0.0,0.0,330.451,21809777,6.784,0.021,3.61,0.011,328.26,0.993,111.131,0.336,0.0,0.000
0,4294967295,581,47,Concat,Concat,dynamic,AI_VECTOR_CORE,1785698096605009.015	,36.820,0.000000,40,0,NO,"""128,16;128,32;128,64;128,128;128,256;128,512;128,2048;128,8192;128,32768""",FLOAT16;FLOAT16;FLOAT16;FLOAT16;FLOAT16;FLOAT16;FLOAT16;FLOAT16;FLOAT16,ND;ND;ND;ND;ND;ND;ND;ND;ND,"""128,44016""",FLOAT16,ND,N/A,0.0,0,0.0,0.0,0.0,0.0,0.0,0.0,0.0,0.0,0.0,0.0,0.0,31.662,2089702,0.017,0.001,5.479,0.173,19.501,0.616,8.471,0.268,0.0,0.000
0,4294967295,582,47,aclnnMul_MulAiCore_Mul,Mul,dynamic,AI_VECTOR_CORE,1785698096605045.855	,331.187,0.000000,40,0,NO,"""4096,4096;4096,4096""",FLOAT;FLOAT,ND;ND,"""4096,4096""",FLOAT,ND,N/A,0.0,0,0.0,0.0,0.0,0.0,0.0,0.0,0.0,0.0,0.0,0.0,0.0,328.838,21703332,6.784,0.021,3.002,0.009,327.301,0.995,111.79,0.34,0.0,0.000
0,4294967295,583,47,Concat,Concat,dynamic,AI_VECTOR_CORE,1785698096605377.062	,35.861,0.063000,40,0,NO,"""128,16;128,32;128,64;128,128;128,256;128,512;128,2048;128,8192;128,32768""",FLOAT16;FLOAT16;FLOAT16;FLOAT16;FLOAT16;FLOAT16;FLOAT16;FLOAT16;FLOAT16,ND;ND;ND;ND;ND;ND;ND;ND;ND,"""128,44016""",FLOAT16,ND,N/A,0.0,0,0.0,0.0,0.0,0.0,0.0,0.0,0.0,0.0,0.0,0.0,0.0,30.297,1999575,0.017,0.001,4.906,0.162,18.365,0.606,8.293,0.274,0.0,0.000
0,4294967295,584,47,aclnnMul_MulAiCore_Mul,Mul,dynamic,AI_VECTOR_CORE,1785698096605412.943	,331.926,0.139000,40,0,NO,"""4096,4096;4096,4096""",FLOAT;FLOAT,ND;ND,"""4096,4096""",FLOAT,ND,N/A,0.0,0,0.0,0.0,0.0,0.0,0.0,0.0,0.0,0.0,0.0,0.0,0.0,329.692,21759695,6.784,0.021,3.037,0.009,328.153,0.995,111.026,0.337,0.0,0.000
0,4294967295,585,47,Concat,Concat,dynamic,AI_VECTOR_CORE,1785698096605744.909	,37.101,0.074000,40,0,NO,"""128,16;128,32;128,64;128,128;128,256;128,512;128,2048;128,8192;128,32768""",FLOAT16;FLOAT16;FLOAT16;FLOAT16;FLOAT16;FLOAT16;FLOAT16;FLOAT16;FLOAT16,ND;ND;ND;ND;ND;ND;ND;ND;ND,"""128,44016""",FLOAT16,ND,N/A,0.0,0,0.0,0.0,0.0,0.0,0.0,0.0,0.0,0.0,0.0,0.0,0.0,31.315,2066763,0.017,0.001,4.844,0.155,19.017,0.607,8.713,0.278,0.0,0.000
0,4294967295,586,47,aclnnMul_MulAiCore_Mul,Mul,dynamic,AI_VECTOR_CORE,1785698096605782.030	,331.267,0.000000,40,0,NO,"""4096,4096;4096,4096""",FLOAT;FLOAT,ND;ND,"""4096,4096""",FLOAT,ND,N/A,0.0,0,0.0,0.0,0.0,0.0,0.0,0.0,0.0,0.0,0.0,0.0,0.0,329.03,21715995,6.784,0.021,2.906,0.009,327.582,0.996,109.905,0.334,0.0,0.000
0,4294967295,587,47,Concat,Concat,dynamic,AI_VECTOR_CORE,1785698096606113.317	,36.901,0.000000,40,0,NO,"""128,16;128,32;128,64;128,128;128,256;128,512;128,2048;128,8192;128,32768""",FLOAT16;FLOAT16;FLOAT16;FLOAT16;FLOAT16;FLOAT16;FLOAT16;FLOAT16;FLOAT16,ND;ND;ND;ND;ND;ND;ND;ND;ND,"""128,44016""",FLOAT16,ND,N/A,0.0,0,0.0,0.0,0.0,0.0,0.0,0.0,0.0,0.0,0.0,0.0,0.0,31.708,2092698,0.017,0.001,4.861,0.153,19.71,0.622,8.41,0.265,0.0,0.000
0,4294967295,588,47,aclnnMul_MulAiCore_Mul,Mul,dynamic,AI_VECTOR_CORE,1785698096606150.238	,333.646,0.099000,40,0,NO,"""4096,4096;4096,4096""",FLOAT;FLOAT,ND;ND,"""4096,4096""",FLOAT,ND,N/A,0.0,0,0.0,0.0,0.0,0.0,0.0,0.0,0.0,0.0,0.0,0.0,0.0,331.567,21883423,6.784,0.02,3.052,0.009,329.989,0.995,111.205,0.335,0.0,0.000
0,4294967295,589,47,Concat,Concat,dynamic,AI_VECTOR_CORE,1785698096606483.904	,37.781,0.104000,40,0,NO,"""128,16;128,32;128,64;128,128;128,256;128,512;128,2048;128,8192;128,32768""",FLOAT16;FLOAT16;FLOAT16;FLOAT16;FLOAT16;FLOAT16;FLOAT16;FLOAT16;FLOAT16,ND;ND;ND;ND;ND;ND;ND;ND;ND,"""128,44016""",FLOAT16,ND,N/A,0.0,0,0.0,0.0,0.0,0.0,0.0,0.0,0.0,0.0,0.0,0.0,0.0,32.473,2143222,0.017,0.001,5.636,0.174,19.93,0.614,8.766,0.27,0.0,0.000
0,4294967295,590,47,aclnnMul_MulAiCore_Mul,Mul,dynamic,AI_VECTOR_CORE,1785698096606521.725	,331.027,0.000000,40,0,NO,"""4096,4096;4096,4096""",FLOAT;FLOAT,ND;ND,"""4096,4096""",FLOAT,ND,N/A,0.0,0,0.0,0.0,0.0,0.0,0.0,0.0,0.0,0.0,0.0,0.0,0.0,328.95,21710696,6.784,0.021,2.904,0.009,327.544,0.996,111.035,0.338,0.0,0.000
0,4294967295,591,47,Concat,Concat,dynamic,AI_VECTOR_CORE,1785698096606852.792	,36.940,0.000000,40,0,NO,"""128,16;128,32;128,64;128,128;128,256;128,512;128,2048;128,8192;128,32768""",FLOAT16;FLOAT16;FLOAT16;FLOAT16;FLOAT16;FLOAT16;FLOAT16;FLOAT16;FLOAT16,ND;ND;ND;ND;ND;ND;ND;ND;ND,"""128,44016""",FLOAT16,ND,N/A,0.0,0,0.0,0.0,0.0,0.0,0.0,0.0,0.0,0.0,0.0,0.0,0.0,31.575,2083965,0.017,0.001,4.658,0.148,19.255,0.61,8.882,0.281,0.0,0.000
0,4294967295,592,47,aclnnMul_MulAiCore_Mul,Mul,dynamic,AI_VECTOR_CORE,1785698096606889.772	,332.027,0.060000,40,0,NO,"""4096,4096;4096,4096""",FLOAT;FLOAT,ND;ND,"""4096,4096""",FLOAT,ND,N/A,0.0,0,0.0,0.0,0.0,0.0,0.0,0.0,0.0,0.0,0.0,0.0,0.0,329.882,21772186,6.784,0.021,3.031,0.009,328.334,0.995,110.918,0.336,0.0,0.000
0,4294967295,593,47,Concat,Concat,dynamic,AI_VECTOR_CORE,1785698096607221.819	,37.461,0.000000,40,0,NO,"""128,16;128,32;128,64;128,128;128,256;128,512;128,2048;128,8192;128,32768""",FLOAT16;FLOAT16;FLOAT16;FLOAT16;FLOAT16;FLOAT16;FLOAT16;FLOAT16;FLOAT16,ND;ND;ND;ND;ND;ND;ND;ND;ND,"""128,44016""",FLOAT16,ND,N/A,0.0,0,0.0,0.0,0.0,0.0,0.0,0.0,0.0,0.0,0.0,0.0,0.0,32.024,2113578,0.017,0.001,4.709,0.147,19.777,0.618,8.764,0.274,0.0,0.000
0,4294967295,594,47,aclnnMul_MulAiCore_Mul,Mul,dynamic,AI_VECTOR_CORE,1785698096607259.300	,331.406,0.039000,40,0,NO,"""4096,4096;4096,4096""",FLOAT;FLOAT,ND;ND,"""4096,4096""",FLOAT,ND,N/A,0.0,0,0.0,0.0,0.0,0.0,0.0,0.0,0.0,0.0,0.0,0.0,0.0,329.428,21742243,6.784,0.021,3.138,0.01,327.721,0.995,110.335,0.335,0.0,0.000
0,4294967295,595,47,Concat,Concat,dynamic,AI_VECTOR_CORE,1785698096607590.726	,36.441,0.094000,40,0,NO,"""128,16;128,32;128,64;128,128;128,256;128,512;128,2048;128,8192;128,32768""",FLOAT16;FLOAT16;FLOAT16;FLOAT16;FLOAT16;FLOAT16;FLOAT16;FLOAT16;FLOAT16,ND;ND;ND;ND;ND;ND;ND;ND;ND,"""128,44016""",FLOAT16,ND,N/A,0.0,0,0.0,0.0,0.0,0.0,0.0,0.0,0.0,0.0,0.0,0.0,0.0,31.287,2064934,0.017,0.001,5.196,0.166,19.345,0.618,8.276,0.265,0.0,0.000
0,4294967295,596,47,aclnnMul_MulAiCore_Mul,Mul,dynamic,AI_VECTOR_CORE,1785698096607627.187	,332.227,0.059000,40,0,NO,"""4096,4096;4096,4096""",FLOAT;FLOAT,ND;ND,"""4096,4096""",FLOAT,ND,N/A,0.0,0,0.0,0.0,0.0,0.0,0.0,0.0,0.0,0.0,0.0,0.0,0.0,329.76,21764161,6.784,0.021,3.0,0.009,328.247,0.995,110.671,0.336,0.0,0.000
0,4294967295,597,47,Concat,Concat,dynamic,AI_VECTOR_CORE,1785698096607959.434	,36.960,0.023000,40,0,NO,"""128,16;128,32;128,64;128,128;128,256;128,512;128,2048;128,8192;128,32768""",FLOAT16;FLOAT16;FLOAT16;FLOAT16;FLOAT16;FLOAT16;FLOAT16;FLOAT16;FLOAT16,ND;ND;ND;ND;ND;ND;ND;ND;ND,"""128,44016""",FLOAT16,ND,N/A,0.0,0,0.0,0.0,0.0,0.0,0.0,0.0,0.0,0.0,0.0,0.0,0.0,32.067,2116447,0.017,0.001,4.915,0.153,19.562,0.61,8.999,0.281,0.0,0.000
0,4294967295,598,47,aclnnMul_MulAiCore_Mul,Mul,dynamic,AI_VECTOR_CORE,1785698096607996.414	,331.927,0.040000,40,0,NO,"""4096,4096;4096,4096""",FLOAT;FLOAT,ND;ND,"""4096,4096""",FLOAT,ND,N/A,0.0,0,0.0,0.0,0.0,0.0,0.0,0.0,0.0,0.0,0.0,0.0,0.0,329.653,21757128,6.784,0.021,3.084,0.009,327.961,0.995,110.932,0.337,0.0,0.000
0,4294967295,599,47,Concat,Concat,dynamic,AI_VECTOR_CORE,1785698096608328.361	,37.381,0.000000,40,0,NO,"""128,16;128,32;128,64;128,128;128,256;128,512;128,2048;128,8192;128,32768""",FLOAT16;FLOAT16;FLOAT16;FLOAT16;FLOAT16;FLOAT16;FLOAT16;FLOAT16;FLOAT16,ND;ND;ND;ND;ND;ND;ND;ND;ND,"""128,44016""",FLOAT16,ND,N/A,0.0,0,0.0,0.0,0.0,0.0,0.0,0.0,0.0,0.0,0.0,0.0,0.0,32.318,2133015,0.017,0.001,4.891,0.151,19.943,0.617,8.71,0.27,0.0,0.000
