Device_id,Model ID,Task ID,Stream ID,Op Name,OP Type,OP State,Task Type,Task Start Time(us),Task Duration(us),Task Wait Time(us),Block Dim,Mix Block Dim,HF32 Eligible,Input Shapes,Input Data Types,Input Formats,Output Shapes,Output Data Types,Output Formats,Context ID,aicore_time(us),aic_total_cycles,aic_mac_time(us),aic_mac_ratio,aic_scalar_time(us),aic_scalar_ratio,aic_mte1_time(us),aic_mte1_ratio,aic_mte2_time(us),aic_mte2_ratio,aic_fixpipe_time(us),aic_fixpipe_ratio,aic_icache_miss_rate,aiv_time(us),aiv_total_cycles,aiv_vec_time(us),aiv_vec_ratio,aiv_scalar_time(us),aiv_scalar_ratio,aiv_mte2_time(us),aiv_mte2_ratio,aiv_mte3_time(us),aiv_mte3_ratio,aiv_icache_miss_rate,cube_utilization(%)
0,4294967295,0,47,aclnnMul_MulAiCore_Mul,Mul,dynamic,AI_VECTOR_CORE,1785698865292241.121	,261.465,0,40,0,NO,"""4096,4096;4096,4096""",FLOAT;FLOAT,ND;ND,"""4096,4096""",FLOAT,ND,N/A,0.0,0,0.0,0.0,0.0,0.0,0.0,0.0,0.0,0.0,0.0,0.0,0.0,258.934,17089614,6.784,0.026,3.25,0.013,253.651,0.98,81.403,0.314,0.011,0.000
0,4294967295,1,47,Concat,Concat,dynamic,AI_VECTOR_CORE,1785698867239136.060	,27.621,1946633.535000,40,0,NO,"""2048,32;2048,32;2048,32;2048,32;2048,32;2048,32;2048,32;2048,32;2048,32;2048,32;2048,32;2048,32;2048,32;2048,32;2048,32;2048,32;2048,32;2048,32;2048,32;2048,32;2048,32;2048,32;2048,32;2048,32;2048,32;2048,32;2048,32;2048,32;2048,32;2048,32;2048,32;2048,32""",FLOAT16;FLOAT16;FLOAT16;FLOAT16;FLOAT16;FLOAT16;FLOAT16;FLOAT16;FLOAT16;FLOAT16;FLOAT16;FLOAT16;FLOAT16;FLOAT16;FLOAT16;FLOAT16;FLOAT16;FLOAT16;FLOAT16;FLOAT16;FLOAT16;FLOAT16;FLOAT16;FLOAT16;FLOAT16;FLOAT16;FLOAT16;FLOAT16;FLOAT16;FLOAT16;FLOAT16;FLOAT16,ND;ND;ND;ND;ND;ND;ND;ND;ND;ND;ND;ND;ND;ND;ND;ND;ND;ND;ND;ND;ND;ND;ND;ND;ND;ND;ND;ND;ND;ND;ND;ND,"""2048,1024""",FLOAT16,ND,N/A,0.0,0,0.0,0.0,0.0,0.0,0.0,0.0,0.0,0.0,0.0,0.0,0.0,22.62,723828,0.035,0.002,8.667,0.383,7.54,0.333,2.556,0.113,0.054,0.000
0,4294967295,2,47,aclnnMul_MulAiCore_Mul,Mul,dynamic,AI_VECTOR_CORE,1785698867239258.123	,329.126,94.379000,40,0,NO,"""4096,4096;4096,4096""",FLOAT;FLOAT,ND;ND,"""4096,4096""",FLOAT,ND,N/A,0.0,0,0.0,0.0,0.0,0.0,0.0,0.0,0.0,0.0,0.0,0.0,0.0,228.424,15075959,6.784,0.03,2.608,0.011,227.249,0.995,76.785,0.336,0.0,0.000
0,4294967295,3,47,Concat,Concat,dynamic,AI_VECTOR_CORE,1785698867239587.269	,17.381,0.124000,40,0,NO,"""2048,32;2048,32;2048,32;2048,32;2048,32;2048,32;2048,32;2048,32;2048,32;2048,32;2048,32;2048,32;2048,32;2048,32;2048,32;2048,32;2048,32;2048,32;2048,32;2048,32;2048,32;2048,32;2048,32;2048,32;2048,32;2048,32;2048,32;2048,32;2048,32;2048,32;2048,32;2048,32""",FLOAT16;FLOAT16;FLOAT16;FLOAT16;FLOAT16;FLOAT16;FLOAT16;FLOAT16;FLOAT16;FLOAT16;FLOAT16;FLOAT16;FLOAT16;FLOAT16;FLOAT16;FLOAT16;FLOAT16;FLOAT16;FLOAT16;FLOAT16;FLOAT16;FLOAT16;FLOAT16;FLOAT16;FLOAT16;FLOAT16;FLOAT16;FLOAT16;FLOAT16;FLOAT16;FLOAT16;FLOAT16,ND;ND;ND;ND;ND;ND;ND;ND;ND;ND;ND;ND;ND;ND;ND;ND;ND;ND;ND;ND;ND;ND;ND;ND;ND;ND;ND;ND;ND;ND;ND;ND,"""2048,1024""",FLOAT16,ND,N/A,0.0,0,0.0,0.0,0.0,0.0,0.0,0.0,0.0,0.0,0.0,0.0,0.0,14.38,949059,0.017,0.001,5.077,0.353,9.63,0.67,1.346,0.094,0.0,0.000
0,4294967295,4,47,aclnnMul_MulAiCore_Mul,Mul,dynamic,AI_VECTOR_CORE,1785698867239604.690	,329.786,0.119000,40,0,NO,"""4096,4096;4096,4096""",FLOAT;FLOAT,ND;ND,"""4096,4096""",FLOAT,ND,N/A,0.0,0,0.0,0.0,0.0,0.0,0.0,0.0,0.0,0.0,0.0,0.0,0.0,327.696,21627950,6.784,0.021,3.066,0.009,326.076,0.995,111.154,0.339,0.0,0.000
0,4294967295,5,47,Concat,Concat,dynamic,AI_VECTOR_CORE,1785698867239934.496	,17.280,0.000000,40,0,NO,"""2048,32;2048,32;2048,32;2048,32;2048,32;2048,32;2048,32;2048,32;2048,32;2048,32;2048,32;2048,32;2048,32;2048,32;2048,32;2048,32;2048,32;2048,32;2048,32;2048,32;2048,32;2048,32;2048,32;2048,32;2048,32;2048,32;2048,32;2048,32;2048,32;2048,32;2048,32;2048,32""",FLOAT16;FLOAT16;FLOAT16;FLOAT16;FLOAT16;FLOAT16;FLOAT16;FLOAT16;FLOAT16;FLOAT16;FLOAT16;FLOAT16;FLOAT16;FLOAT16;FLOAT16;FLOAT16;FLOAT16;FLOAT16;FLOAT16;FLOAT16;FLOAT16;FLOAT16;FLOAT16;FLOAT16;FLOAT16;FLOAT16;FLOAT16;FLOAT16;FLOAT16;FLOAT16;FLOAT16;FLOAT16,ND;ND;ND;ND;ND;ND;ND;ND;ND;ND;ND;ND;ND;ND;ND;ND;ND;ND;ND;ND;ND;ND;ND;ND;ND;ND;ND;ND;ND;ND;ND;ND,"""2048,1024""",FLOAT16,ND,N/A,0.0,0,0.0,0.0,0.0,0.0,0.0,0.0,0.0,0.0,0.0,0.0,0.0,13.715,905183,0.017,0.001,5.357,0.391,9.207,0.671,1.188,0.087,0.0,0.000
0,4294967295,6,47,aclnnMul_MulAiCore_Mul,Mul,dynamic,AI_VECTOR_CORE,1785698867239951.796	,330.167,0.000000,40,0,NO,"""4096,4096;4096,4096""",FLOAT;FLOAT,ND;ND,"""4096,4096""",FLOAT,ND,N/A,0.0,0,0.0,0.0,0.0,0.0,0.0,0.0,0.0,0.0,0.0,0.0,0.0,327.815,21635766,6.784,0.021,2.918,0.009,326.358,0.996,111.065,0.339,0.0,0.000
0,4294967295,7,47,Concat,Concat,dynamic,AI_VECTOR_CORE,1785698867240281.983	,16.940,0.083000,40,0,NO,"""2048,32;2048,32;2048,32;2048,32;2048,32;2048,32;2048,32;2048,32;2048,32;2048,32;2048,32;2048,32;2048,32;2048,32;2048,32;2048,32;2048,32;2048,32;2048,32;2048,32;2048,32;2048,32;2048,32;2048,32;2048,32;2048,32;2048,32;2048,32;2048,32;2048,32;2048,32;2048,32""",FLOAT16;FLOAT16;FLOAT16;FLOAT16;FLOAT16;FLOAT16;FLOAT16;FLOAT16;FLOAT16;FLOAT16;FLOAT16;FLOAT16;FLOAT16;FLOAT16;FLOAT16;FLOAT16;FLOAT16;FLOAT16;FLOAT16;FLOAT16;FLOAT16;FLOAT16;FLOAT16;FLOAT16;FLOAT16;FLOAT16;FLOAT16;FLOAT16;FLOAT16;FLOAT16;FLOAT16;FLOAT16,ND;ND;ND;ND;ND;ND;ND;ND;ND;ND;ND;ND;ND;ND;ND;ND;ND;ND;ND;ND;ND;ND;ND;ND;ND;ND;ND;ND;ND;ND;ND;ND,"""2048,1024""",FLOAT16,ND,N/A,0.0,0,0.0,0.0,0.0,0.0,0.0,0.0,0.0,0.0,0.0,0.0,0.0,13.758,908052,0.017,0.001,5.409,0.393,9.305,0.676,1.11,0.081,0.0,0.000
0,4294967295,8,47,aclnnMul_MulAiCore_Mul,Mul,dynamic,AI_VECTOR_CORE,1785698867240298.943	,330.307,0.060000,40,0,NO,"""4096,4096;4096,4096""",FLOAT;FLOAT,ND;ND,"""4096,4096""",FLOAT,ND,N/A,0.0,0,0.0,0.0,0.0,0.0,0.0,0.0,0.0,0.0,0.0,0.0,0.0,327.687,21627333,6.784,0.021,3.135,0.01,326.006,0.995,111.973,0.342,0.0,0.000
0,4294967295,9,47,Concat,Concat,dynamic,AI_VECTOR_CORE,1785698867240629.270	,17.620,0.000000,40,0,NO,"""2048,32;2048,32;2048,32;2048,32;2048,32;2048,32;2048,32;2048,32;2048,32;2048,32;2048,32;2048,32;2048,32;2048,32;2048,32;2048,32;2048,32;2048,32;2048,32;2048,32;2048,32;2048,32;2048,32;2048,32;2048,32;2048,32;2048,32;2048,32;2048,32;2048,32;2048,32;2048,32""",FLOAT16;FLOAT16;FLOAT16;FLOAT16;FLOAT16;FLOAT16;FLOAT16;FLOAT16;FLOAT16;FLOAT16;FLOAT16;FLOAT16;FLOAT16;FLOAT16;FLOAT16;FLOAT16;FLOAT16;FLOAT16;FLOAT16;FLOAT16;FLOAT16;FLOAT16;FLOAT16;FLOAT16;FLOAT16;FLOAT16;FLOAT16;FLOAT16;FLOAT16;FLOAT16;FLOAT16;FLOAT16,ND;ND;ND;ND;ND;ND;ND;ND;ND;ND;ND;ND;ND;ND;ND;ND;ND;ND;ND;ND;ND;ND;ND;ND;ND;ND;ND;ND;ND;ND;ND;ND,"""2048,1024""",FLOAT16,ND,N/A,0.0,0,0.0,0.0,0.0,0.0,0.0,0.0,0.0,0.0,0.0,0.0,0.0,14.442,953167,0.017,0.001,5.426,0.376,9.63,0.667,1.415,0.098,0.0,0.000
0,4294967295,10,47,aclnnMul_MulAiCore_Mul,Mul,dynamic,AI_VECTOR_CORE,1785698867240646.910	,330.227,0.130000,40,0,NO,"""4096,4096;4096,4096""",FLOAT;FLOAT,ND;ND,"""4096,4096""",FLOAT,ND,N/A,0.0,0,0.0,0.0,0.0,0.0,0.0,0.0,0.0,0.0,0.0,0.0,0.0,327.84,21637434,6.784,0.021,3.048,0.009,326.253,0.995,111.403,0.34,0.0,0.000
0,4294967295,11,47,Concat,Concat,dynamic,AI_VECTOR_CORE,1785698867240977.177	,16.840,0.023000,40,0,NO,"""2048,32;2048,32;2048,32;2048,32;2048,32;2048,32;2048,32;2048,32;2048,32;2048,32;2048,32;2048,32;2048,32;2048,32;2048,32;2048,32;2048,32;2048,32;2048,32;2048,32;2048,32;2048,32;2048,32;2048,32;2048,32;2048,32;2048,32;2048,32;2048,32;2048,32;2048,32;2048,32""",FLOAT16;FLOAT16;FLOAT16;FLOAT16;FLOAT16;FLOAT16;FLOAT16;FLOAT16;FLOAT16;FLOAT16;FLOAT16;FLOAT16;FLOAT16;FLOAT16;FLOAT16;FLOAT16;FLOAT16;FLOAT16;FLOAT16;FLOAT16;FLOAT16;FLOAT16;FLOAT16;FLOAT16;FLOAT16;FLOAT16;FLOAT16;FLOAT16;FLOAT16;FLOAT16;FLOAT16;FLOAT16,ND;ND;ND;ND;ND;ND;ND;ND;ND;ND;ND;ND;ND;ND;ND;ND;ND;ND;ND;ND;ND;ND;ND;ND;ND;ND;ND;ND;ND;ND;ND;ND,"""2048,1024""",FLOAT16,ND,N/A,0.0,0,0.0,0.0,0.0,0.0,0.0,0.0,0.0,0.0,0.0,0.0,0.0,13.687,903338,0.017,0.001,5.665,0.414,9.139,0.668,1.224,0.089,0.0,0.000
0,4294967295,12,47,aclnnMul_MulAiCore_Mul,Mul,dynamic,AI_VECTOR_CORE,1785698867240994.057	,331.107,0.000000,40,0,NO,"""4096,4096;4096,4096""",FLOAT;FLOAT,ND;ND,"""4096,4096""",FLOAT,ND,N/A,0.0,0,0.0,0.0,0.0,0.0,0.0,0.0,0.0,0.0,0.0,0.0,0.0,328.0,21648005,6.784,0.021,3.101,0.009,326.395,0.995,112.289,0.342,0.0,0.000
0,4294967295,13,47,Concat,Concat,dynamic,AI_VECTOR_CORE,1785698867241325.204	,16.500,0.143000,40,0,NO,"""2048,32;2048,32;2048,32;2048,32;2048,32;2048,32;2048,32;2048,32;2048,32;2048,32;2048,32;2048,32;2048,32;2048,32;2048,32;2048,32;2048,32;2048,32;2048,32;2048,32;2048,32;2048,32;2048,32;2048,32;2048,32;2048,32;2048,32;2048,32;2048,32;2048,32;2048,32;2048,32""",FLOAT16;FLOAT16;FLOAT16;FLOAT16;FLOAT16;FLOAT16;FLOAT16;FLOAT16;FLOAT16;FLOAT16;FLOAT16;FLOAT16;FLOAT16;FLOAT16;FLOAT16;FLOAT16;FLOAT16;FLOAT16;FLOAT16;FLOAT16;FLOAT16;FLOAT16;FLOAT16;FLOAT16;FLOAT16;FLOAT16;FLOAT16;FLOAT16;FLOAT16;FLOAT16;FLOAT16;FLOAT16,ND;ND;ND;ND;ND;ND;ND;ND;ND;ND;ND;ND;ND;ND;ND;ND;ND;ND;ND;ND;ND;ND;ND;ND;ND;ND;ND;ND;ND;ND;ND;ND,"""2048,1024""",FLOAT16,ND,N/A,0.0,0,0.0,0.0,0.0,0.0,0.0,0.0,0.0,0.0,0.0,0.0,0.0,13.211,871929,0.017,0.001,5.6,0.424,8.798,0.666,1.169,0.088,0.0,0.000
0,4294967295,14,47,aclnnMul_MulAiCore_Mul,Mul,dynamic,AI_VECTOR_CORE,1785698867241341.744	,329.907,0.000000,40,0,NO,"""4096,4096;4096,4096""",FLOAT;FLOAT,ND;ND,"""4096,4096""",FLOAT,ND,N/A,0.0,0,0.0,0.0,0.0,0.0,0.0,0.0,0.0,0.0,0.0,0.0,0.0,327.38,21607049,6.784,0.021,3.48,0.011,325.308,0.994,111.042,0.339,0.0,0.000
0,4294967295,15,47,Concat,Concat,dynamic,AI_VECTOR_CORE,1785698867241671.671	,16.420,0.093000,40,0,NO,"""2048,32;2048,32;2048,32;2048,32;2048,32;2048,32;2048,32;2048,32;2048,32;2048,32;2048,32;2048,32;2048,32;2048,32;2048,32;2048,32;2048,32;2048,32;2048,32;2048,32;2048,32;2048,32;2048,32;2048,32;2048,32;2048,32;2048,32;2048,32;2048,32;2048,32;2048,32;2048,32""",FLOAT16;FLOAT16;FLOAT16;FLOAT16;FLOAT16;FLOAT16;FLOAT16;FLOAT16;FLOAT16;FLOAT16;FLOAT16;FLOAT16;FLOAT16;FLOAT16;FLOAT16;FLOAT16;FLOAT16;FLOAT16;FLOAT16;FLOAT16;FLOAT16;FLOAT16;FLOAT16;FLOAT16;FLOAT16;FLOAT16;FLOAT16;FLOAT16;FLOAT16;FLOAT16;FLOAT16;FLOAT16,ND;ND;ND;ND;ND;ND;ND;ND;ND;ND;ND;ND;ND;ND;ND;ND;ND;ND;ND;ND;ND;ND;ND;ND;ND;ND;ND;ND;ND;ND;ND;ND,"""2048,1024""",FLOAT16,ND,N/A,0.0,0,0.0,0.0,0.0,0.0,0.0,0.0,0.0,0.0,0.0,0.0,0.0,12.907,851881,0.017,0.001,5.821,0.451,8.43,0.653,1.123,0.087,0.0,0.000
0,4294967295,16,47,aclnnMul_MulAiCore_Mul,Mul,dynamic,AI_VECTOR_CORE,1785698867241688.111	,330.447,0.000000,40,0,NO,"""4096,4096;4096,4096""",FLOAT;FLOAT,ND;ND,"""4096,4096""",FLOAT,ND,N/A,0.0,0,0.0,0.0,0.0,0.0,0.0,0.0,0.0,0.0,0.0,0.0,0.0,327.963,21645541,6.784,0.021,2.958,0.009,326.419,0.995,111.43,0.34,0.0,0.000
0,4294967295,17,47,Concat,Concat,dynamic,AI_VECTOR_CORE,1785698867242018.578	,16.600,0.053000,40,0,NO,"""2048,32;2048,32;2048,32;2048,32;2048,32;2048,32;2048,32;2048,32;2048,32;2048,32;2048,32;2048,32;2048,32;2048,32;2048,32;2048,32;2048,32;2048,32;2048,32;2048,32;2048,32;2048,32;2048,32;2048,32;2048,32;2048,32;2048,32;2048,32;2048,32;2048,32;2048,32;2048,32""",FLOAT16;FLOAT16;FLOAT16;FLOAT16;FLOAT16;FLOAT16;FLOAT16;FLOAT16;FLOAT16;FLOAT16;FLOAT16;FLOAT16;FLOAT16;FLOAT16;FLOAT16;FLOAT16;FLOAT16;FLOAT16;FLOAT16;FLOAT16;FLOAT16;FLOAT16;FLOAT16;FLOAT16;FLOAT16;FLOAT16;FLOAT16;FLOAT16;FLOAT16;FLOAT16;FLOAT16;FLOAT16,ND;ND;ND;ND;ND;ND;ND;ND;ND;ND;ND;ND;ND;ND;ND;ND;ND;ND;ND;ND;ND;ND;ND;ND;ND;ND;ND;ND;ND;ND;ND;ND,"""2048,1024""",FLOAT16,ND,N/A,0.0,0,0.0,0.0,0.0,0.0,0.0,0.0,0.0,0.0,0.0,0.0,0.0,13.599,897516,0.017,0.001,5.433,0.4,9.082,0.668,1.213,0.089,0.0,0.000
0,4294967295,18,47,aclnnMul_MulAiCore_Mul,Mul,dynamic,AI_VECTOR_CORE,1785698867242035.198	,329.927,0.150000,40,0,NO,"""4096,4096;4096,4096""",FLOAT;FLOAT,ND;ND,"""4096,4096""",FLOAT,ND,N/A,0.0,0,0.0,0.0,0.0,0.0,0.0,0.0,0.0,0.0,0.0,0.0,0.0,327.792,21634286,6.784,0.021,3.037,0.009,326.171,0.995,111.197,0.339,0.0,0.000
0,4294967295,19,47,Concat,Concat,dynamic,AI_VECTOR_CORE,1785698867242365.145	,17.060,0.073000,40,0,NO,"""2048,32;2048,32;2048,32;2048,32;2048,32;2048,32;2048,32;2048,32;2048,32;2048,32;2048,32;2048,32;2048,32;2048,32;2048,32;2048,32;2048,32;2048,32;2048,32;2048,32;2048,32;2048,32;2048,32;2048,32;2048,32;2048,32;2048,32;2048,32;2048,32;2048,32;2048,32;2048,32""",FLOAT16;FLOAT16;FLOAT16;FLOAT16;FLOAT16;FLOAT16;FLOAT16;FLOAT16;FLOAT16;FLOAT16;FLOAT16;FLOAT16;FLOAT16;FLOAT16;FLOAT16;FLOAT16;FLOAT16;FLOAT16;FLOAT16;FLOAT16;FLOAT16;FLOAT16;FLOAT16;FLOAT16;FLOAT16;FLOAT16;FLOAT16;FLOAT16;FLOAT16;FLOAT16;FLOAT16;FLOAT16,ND;ND;ND;ND;ND;ND;ND;ND;ND;ND;ND;ND;ND;ND;ND;ND;ND;ND;ND;ND;ND;ND;ND;ND;ND;ND;ND;ND;ND;ND;ND;ND,"""2048,1024""",FLOAT16,ND,N/A,0.0,0,0.0,0.0,0.0,0.0,0.0,0.0,0.0,0.0,0.0,0.0,0.0,14.115,931609,0.017,0.001,5.404,0.383,9.51,0.674,1.236,0.088,0.0,0.000
0,4294967295,20,47,aclnnMul_MulAiCore_Mul,Mul,dynamic,AI_VECTOR_CORE,1785698867242382.225	,330.007,0.000000,40,0,NO,"""4096,4096;4096,4096""",FLOAT;FLOAT,ND;ND,"""4096,4096""",FLOAT,ND,N/A,0.0,0,0.0,0.0,0.0,0.0,0.0,0.0,0.0,0.0,0.0,0.0,0.0,328.297,21667573,6.784,0.021,2.93,0.009,326.871,0.996,111.978,0.341,0.0,0.000
0,4294967295,21,47,Concat,Concat,dynamic,AI_VECTOR_CORE,1785698867242712.252	,16.900,0.000000,40,0,NO,"""2048,32;2048,32;2048,32;2048,32;2048,32;2048,32;2048,32;2048,32;2048,32;2048,32;2048,32;2048,32;2048,32;2048,32;2048,32;2048,32;2048,32;2048,32;2048,32;2048,32;2048,32;2048,32;2048,32;2048,32;2048,32;2048,32;2048,32;2048,32;2048,32;2048,32;2048,32;2048,32""",FLOAT16;FLOAT16;FLOAT16;FLOAT16;FLOAT16;FLOAT16;FLOAT16;FLOAT16;FLOAT16;FLOAT16;FLOAT16;FLOAT16;FLOAT16;FLOAT16;FLOAT16;FLOAT16;FLOAT16;FLOAT16;FLOAT16;FLOAT16;FLOAT16;FLOAT16;FLOAT16;FLOAT16;FLOAT16;FLOAT16;FLOAT16;FLOAT16;FLOAT16;FLOAT16;FLOAT16;FLOAT16,ND;ND;ND;ND;ND;ND;ND;ND;ND;ND;ND;ND;ND;ND;ND;ND;ND;ND;ND;ND;ND;ND;ND;ND;ND;ND;ND;ND;ND;ND;ND;ND,"""2048,1024""",FLOAT16,ND,N/A,0.0,0,0.0,0.0,0.0,0.0,0.0,0.0,0.0,0.0,0.0,0.0,0.0,13.253,874697,0.017,0.001,5.512,0.416,8.718,0.658,1.229,0.093,0.0,0.000
0,4294967295,22,47,aclnnMul_MulAiCore_Mul,Mul,dynamic,AI_VECTOR_CORE,1785698867242729.172	,330.507,0.100000,40,0,NO,"""4096,4096;4096,4096""",FLOAT;FLOAT,ND;ND,"""4096,4096""",FLOAT,ND,N/A,0.0,0,0.0,0.0,0.0,0.0,0.0,0.0,0.0,0.0,0.0,0.0,0.0,328.256,21664871,6.784,0.021,3.013,0.009,326.714,0.995,111.858,0.341,0.0,0.000
0,4294967295,23,47,Concat,Concat,dynamic,AI_VECTOR_CORE,1785698867243059.699	,16.660,0.000000,40,0,NO,"""2048,32;2048,32;2048,32;2048,32;2048,32;2048,32;2048,32;2048,32;2048,32;2048,32;2048,32;2048,32;2048,32;2048,32;2048,32;2048,32;2048,32;2048,32;2048,32;2048,32;2048,32;2048,32;2048,32;2048,32;2048,32;2048,32;2048,32;2048,32;2048,32;2048,32;2048,32;2048,32""",FLOAT16;FLOAT16;FLOAT16;FLOAT16;FLOAT16;FLOAT16;FLOAT16;FLOAT16;FLOAT16;FLOAT16;FLOAT16;FLOAT16;FLOAT16;FLOAT16;FLOAT16;FLOAT16;FLOAT16;FLOAT16;FLOAT16;FLOAT16;FLOAT16;FLOAT16;FLOAT16;FLOAT16;FLOAT16;FLOAT16;FLOAT16;FLOAT16;FLOAT16;FLOAT16;FLOAT16;FLOAT16,ND;ND;ND;ND;ND;ND;ND;ND;ND;ND;ND;ND;ND;ND;ND;ND;ND;ND;ND;ND;ND;ND;ND;ND;ND;ND;ND;ND;ND;ND;ND;ND,"""2048,1024""",FLOAT16,ND,N/A,0.0,0,0.0,0.0,0.0,0.0,0.0,0.0,0.0,0.0,0.0,0.0,0.0,13.253,874723,0.017,0.001,5.63,0.425,8.62,0.65,1.21,0.091,0.0,0.000
0,4294967295,24,47,aclnnMul_MulAiCore_Mul,Mul,dynamic,AI_VECTOR_CORE,1785698867243076.379	,330.586,0.090000,40,0,NO,"""4096,4096;4096,4096""",FLOAT;FLOAT,ND;ND,"""4096,4096""",FLOAT,ND,N/A,0.0,0,0.0,0.0,0.0,0.0,0.0,0.0,0.0,0.0,0.0,0.0,0.0,328.295,21667466,6.784,0.021,3.039,0.009,326.732,0.995,112.537,0.343,0.0,0.000
0,4294967295,25,47,Concat,Concat,dynamic,AI_VECTOR_CORE,1785698867243406.985	,17.501,0.000000,40,0,NO,"""2048,32;2048,32;2048,32;2048,32;2048,32;2048,32;2048,32;2048,32;2048,32;2048,32;2048,32;2048,32;2048,32;2048,32;2048,32;2048,32;2048,32;2048,32;2048,32;2048,32;2048,32;2048,32;2048,32;2048,32;2048,32;2048,32;2048,32;2048,32;2048,32;2048,32;2048,32;2048,32""",FLOAT16;FLOAT16;FLOAT16;FLOAT16;FLOAT16;FLOAT16;FLOAT16;FLOAT16;FLOAT16;FLOAT16;FLOAT16;FLOAT16;FLOAT16;FLOAT16;FLOAT16;FLOAT16;FLOAT16;FLOAT16;FLOAT16;FLOAT16;FLOAT16;FLOAT16;FLOAT16;FLOAT16;FLOAT16;FLOAT16;FLOAT16;FLOAT16;FLOAT16;FLOAT16;FLOAT16;FLOAT16,ND;ND;ND;ND;ND;ND;ND;ND;ND;ND;ND;ND;ND;ND;ND;ND;ND;ND;ND;ND;ND;ND;ND;ND;ND;ND;ND;ND;ND;ND;ND;ND,"""2048,1024""",FLOAT16,ND,N/A,0.0,0,0.0,0.0,0.0,0.0,0.0,0.0,0.0,0.0,0.0,0.0,0.0,14.18,935850,0.017,0.001,5.081,0.358,9.559,0.674,1.212,0.085,0.0,0.000
0,4294967295,26,47,aclnnMul_MulAiCore_Mul,Mul,dynamic,AI_VECTOR_CORE,1785698867243424.506	,329.906,0.000000,40,0,NO,"""4096,4096;4096,4096""",FLOAT;FLOAT,ND;ND,"""4096,4096""",FLOAT,ND,N/A,0.0,0,0.0,0.0,0.0,0.0,0.0,0.0,0.0,0.0,0.0,0.0,0.0,327.643,21624433,6.784,0.021,3.143,0.01,325.937,0.995,112.688,0.344,0.0,0.000
0,4294967295,27,47,Concat,Concat,dynamic,AI_VECTOR_CORE,1785698867243754.432	,17.901,0.094000,40,0,NO,"""2048,32;2048,32;2048,32;2048,32;2048,32;2048,32;2048,32;2048,32;2048,32;2048,32;2048,32;2048,32;2048,32;2048,32;2048,32;2048,32;2048,32;2048,32;2048,32;2048,32;2048,32;2048,32;2048,32;2048,32;2048,32;2048,32;2048,32;2048,32;2048,32;2048,32;2048,32;2048,32""",FLOAT16;FLOAT16;FLOAT16;FLOAT16;FLOAT16;FLOAT16;FLOAT16;FLOAT16;FLOAT16;FLOAT16;FLOAT16;FLOAT16;FLOAT16;FLOAT16;FLOAT16;FLOAT16;FLOAT16;FLOAT16;FLOAT16;FLOAT16;FLOAT16;FLOAT16;FLOAT16;FLOAT16;FLOAT16;FLOAT16;FLOAT16;FLOAT16;FLOAT16;FLOAT16;FLOAT16;FLOAT16,ND;ND;ND;ND;ND;ND;ND;ND;ND;ND;ND;ND;ND;ND;ND;ND;ND;ND;ND;ND;ND;ND;ND;ND;ND;ND;ND;ND;ND;ND;ND;ND,"""2048,1024""",FLOAT16,ND,N/A,0.0,0,0.0,0.0,0.0,0.0,0.0,0.0,0.0,0.0,0.0,0.0,0.0,14.63,965596,0.017,0.001,5.179,0.354,9.916,0.678,1.255,0.086,0.0,0.000
0,4294967295,28,47,aclnnMul_MulAiCore_Mul,Mul,dynamic,AI_VECTOR_CORE,1785698867243772.353	,331.186,0.000000,40,0,NO,"""4096,4096;4096,4096""",FLOAT;FLOAT,ND;ND,"""4096,4096""",FLOAT,ND,N/A,0.0,0,0.0,0.0,0.0,0.0,0.0,0.0,0.0,0.0,0.0,0.0,0.0,328.607,21688091,6.784,0.021,3.007,0.009,327.05,0.995,111.988,0.341,0.0,0.000
0,4294967295,29,47,Concat,Concat,dynamic,AI_VECTOR_CORE,1785698867244103.559	,17.061,0.064000,40,0,NO,"""2048,32;2048,32;2048,32;2048,32;2048,32;2048,32;2048,32;2048,32;2048,32;2048,32;2048,32;2048,32;2048,32;2048,32;2048,32;2048,32;2048,32;2048,32;2048,32;2048,32;2048,32;2048,32;2048,32;2048,32;2048,32;2048,32;2048,32;2048,32;2048,32;2048,32;2048,32;2048,32""",FLOAT16;FLOAT16;FLOAT16;FLOAT16;FLOAT16;FLOAT16;FLOAT16;FLOAT16;FLOAT16;FLOAT16;FLOAT16;FLOAT16;FLOAT16;FLOAT16;FLOAT16;FLOAT16;FLOAT16;FLOAT16;FLOAT16;FLOAT16;FLOAT16;FLOAT16;FLOAT16;FLOAT16;FLOAT16;FLOAT16;FLOAT16;FLOAT16;FLOAT16;FLOAT16;FLOAT16;FLOAT16,ND;ND;ND;ND;ND;ND;ND;ND;ND;ND;ND;ND;ND;ND;ND;ND;ND;ND;ND;ND;ND;ND;ND;ND;ND;ND;ND;ND;ND;ND;ND;ND,"""2048,1024""",FLOAT16,ND,N/A,0.0,0,0.0,0.0,0.0,0.0,0.0,0.0,0.0,0.0,0.0,0.0,0.0,13.903,917589,0.017,0.001,5.371,0.386,9.31,0.67,1.259,0.091,0.0,0.000
0,4294967295,30,47,aclnnMul_MulAiCore_Mul,Mul,dynamic,AI_VECTOR_CORE,1785698867244120.640	,331.026,0.189000,40,0,NO,"""4096,4096;4096,4096""",FLOAT;FLOAT,ND;ND,"""4096,4096""",FLOAT,ND,N/A,0.0,0,0.0,0.0,0.0,0.0,0.0,0.0,0.0,0.0,0.0,0.0,0.0,328.611,21688312,6.784,0.021,3.095,0.009,326.94,0.995,112.993,0.344,0.0,0.000
0,4294967295,31,47,Concat,Concat,dynamic,AI_VECTOR_CORE,1785698867244451.686	,17.041,0.000000,40,0,NO,"""2048,32;2048,32;2048,32;2048,32;2048,32;2048,32;2048,32;2048,32;2048,32;2048,32;2048,32;2048,32;2048,32;2048,32;2048,32;2048,32;2048,32;2048,32;2048,32;2048,32;2048,32;2048,32;2048,32;2048,32;2048,32;2048,32;2048,32;2048,32;2048,32;2048,32;2048,32;2048,32""",FLOAT16;FLOAT16;FLOAT16;FLOAT16;FLOAT16;FLOAT16;FLOAT16;FLOAT16;FLOAT16;FLOAT16;FLOAT16;FLOAT16;FLOAT16;FLOAT16;FLOAT16;FLOAT16;FLOAT16;FLOAT16;FLOAT16;FLOAT16;FLOAT16;FLOAT16;FLOAT16;FLOAT16;FLOAT16;FLOAT16;FLOAT16;FLOAT16;FLOAT16;FLOAT16;FLOAT16;FLOAT16,ND;ND;ND;ND;ND;ND;ND;ND;ND;ND;ND;ND;ND;ND;ND;ND;ND;ND;ND;ND;ND;ND;ND;ND;ND;ND;ND;ND;ND;ND;ND;ND,"""2048,1024""",FLOAT16,ND,N/A,0.0,0,0.0,0.0,0.0,0.0,0.0,0.0,0.0,0.0,0.0,0.0,0.0,14.031,926058,0.017,0.001,5.275,0.376,9.331,0.665,1.276,0.091,0.0,0.000
0,4294967295,32,47,aclnnMul_MulAiCore_Mul,Mul,dynamic,AI_VECTOR_CORE,1785698867244468.767	,331.486,0.000000,40,0,NO,"""4096,4096;4096,4096""",FLOAT;FLOAT,ND;ND,"""4096,4096""",FLOAT,ND,N/A,0.0,0,0.0,0.0,0.0,0.0,0.0,0.0,0.0,0.0,0.0,0.0,0.0,329.369,21738377,6.784,0.021,2.925,0.009,327.929,0.996,111.996,0.34,0.0,0.000
0,4294967295,33,47,Concat,Concat,dynamic,AI_VECTOR_CORE,1785698867244800.273	,16.901,0.014000,40,0,NO,"""2048,32;2048,32;2048,32;2048,32;2048,32;2048,32;2048,32;2048,32;2048,32;2048,32;2048,32;2048,32;2048,32;2048,32;2048,32;2048,32;2048,32;2048,32;2048,32;2048,32;2048,32;2048,32;2048,32;2048,32;2048,32;2048,32;2048,32;2048,32;2048,32;2048,32;2048,32;2048,32""",FLOAT16;FLOAT16;FLOAT16;FLOAT16;FLOAT16;FLOAT16;FLOAT16;FLOAT16;FLOAT16;FLOAT16;FLOAT16;FLOAT16;FLOAT16;FLOAT16;FLOAT16;FLOAT16;FLOAT16;FLOAT16;FLOAT16;FLOAT16;FLOAT16;FLOAT16;FLOAT16;FLOAT16;FLOAT16;FLOAT16;FLOAT16;FLOAT16;FLOAT16;FLOAT16;FLOAT16;FLOAT16,ND;ND;ND;ND;ND;ND;ND;ND;ND;ND;ND;ND;ND;ND;ND;ND;ND;ND;ND;ND;ND;ND;ND;ND;ND;ND;ND;ND;ND;ND;ND;ND,"""2048,1024""",FLOAT16,ND,N/A,0.0,0,0.0,0.0,0.0,0.0,0.0,0.0,0.0,0.0,0.0,0.0,0.0,13.682,902994,0.017,0.001,5.118,0.374,9.188,0.672,1.158,0.085,0.0,0.000
0,4294967295,34,47,aclnnMul_MulAiCore_Mul,Mul,dynamic,AI_VECTOR_CORE,1785698867244817.194	,330.186,0.099000,40,0,NO,"""4096,4096;4096,4096""",FLOAT;FLOAT,ND;ND,"""4096,4096""",FLOAT,ND,N/A,0.0,0,0.0,0.0,0.0,0.0,0.0,0.0,0.0,0.0,0.0,0.0,0.0,327.86,21638775,6.784,0.021,3.079,0.009,326.262,0.995,110.596,0.337,0.0,0.000
0,4294967295,35,47,Concat,Concat,dynamic,AI_VECTOR_CORE,1785698867245147.400	,17.161,0.064000,40,0,NO,"""2048,32;2048,32;2048,32;2048,32;2048,32;2048,32;2048,32;2048,32;2048,32;2048,32;2048,32;2048,32;2048,32;2048,32;2048,32;2048,32;2048,32;2048,32;2048,32;2048,32;2048,32;2048,32;2048,32;2048,32;2048,32;2048,32;2048,32;2048,32;2048,32;2048,32;2048,32;2048,32""",FLOAT16;FLOAT16;FLOAT16;FLOAT16;FLOAT16;FLOAT16;FLOAT16;FLOAT16;FLOAT16;FLOAT16;FLOAT16;FLOAT16;FLOAT16;FLOAT16;FLOAT16;FLOAT16;FLOAT16;FLOAT16;FLOAT16;FLOAT16;FLOAT16;FLOAT16;FLOAT16;FLOAT16;FLOAT16;FLOAT16;FLOAT16;FLOAT16;FLOAT16;FLOAT16;FLOAT16;FLOAT16,ND;ND;ND;ND;ND;ND;ND;ND;ND;ND;ND;ND;ND;ND;ND;ND;ND;ND;ND;ND;ND;ND;ND;ND;ND;ND;ND;ND;ND;ND;ND;ND,"""2048,1024""",FLOAT16,ND,N/A,0.0,0,0.0,0.0,0.0,0.0,0.0,0.0,0.0,0.0,0.0,0.0,0.0,13.873,915594,0.017,0.001,5.2,0.375,9.344,0.674,1.205,0.087,0.0,0.000
0,4294967295,36,47,aclnnMul_MulAiCore_Mul,Mul,dynamic,AI_VECTOR_CORE,1785698867245164.581	,329.466,0.000000,40,0,NO,"""4096,4096;4096,4096""",FLOAT;FLOAT,ND;ND,"""4096,4096""",FLOAT,ND,N/A,0.0,0,0.0,0.0,0.0,0.0,0.0,0.0,0.0,0.0,0.0,0.0,0.0,327.224,21596769,6.784,0.021,2.965,0.009,325.764,0.996,109.852,0.336,0.0,0.000
0,4294967295,37,47,Concat,Concat,dynamic,AI_VECTOR_CORE,1785698867245494.067	,17.821,0.034000,40,0,NO,"""2048,32;2048,32;2048,32;2048,32;2048,32;2048,32;2048,32;2048,32;2048,32;2048,32;2048,32;2048,32;2048,32;2048,32;2048,32;2048,32;2048,32;2048,32;2048,32;2048,32;2048,32;2048,32;2048,32;2048,32;2048,32;2048,32;2048,32;2048,32;2048,32;2048,32;2048,32;2048,32""",FLOAT16;FLOAT16;FLOAT16;FLOAT16;FLOAT16;FLOAT16;FLOAT16;FLOAT16;FLOAT16;FLOAT16;FLOAT16;FLOAT16;FLOAT16;FLOAT16;FLOAT16;FLOAT16;FLOAT16;FLOAT16;FLOAT16;FLOAT16;FLOAT16;FLOAT16;FLOAT16;FLOAT16;FLOAT16;FLOAT16;FLOAT16;FLOAT16;FLOAT16;FLOAT16;FLOAT16;FLOAT16,ND;ND;ND;ND;ND;ND;ND;ND;ND;ND;ND;ND;ND;ND;ND;ND;ND;ND;ND;ND;ND;ND;ND;ND;ND;ND;ND;ND;ND;ND;ND;ND,"""2048,1024""",FLOAT16,ND,N/A,0.0,0,0.0,0.0,0.0,0.0,0.0,0.0,0.0,0.0,0.0,0.0,0.0,14.397,950215,0.017,0.001,5.554,0.386,9.672,0.672,1.23,0.085,0.0,0.000
0,4294967295,38,47,aclnnMul_MulAiCore_Mul,Mul,dynamic,AI_VECTOR_CORE,1785698867245511.908	,330.246,0.179000,40,0,NO,"""4096,4096;4096,4096""",FLOAT;FLOAT,ND;ND,"""4096,4096""",FLOAT,ND,N/A,0.0,0,0.0,0.0,0.0,0.0,0.0,0.0,0.0,0.0,0.0,0.0,0.0,328.211,21661920,6.784,0.021,3.077,0.009,326.581,0.995,112.7,0.343,0.0,0.000
0,4294967295,39,47,Concat,Concat,dynamic,AI_VECTOR_CORE,1785698867245842.174	,17.541,0.004000,40,0,NO,"""2048,32;2048,32;2048,32;2048,32;2048,32;2048,32;2048,32;2048,32;2048,32;2048,32;2048,32;2048,32;2048,32;2048,32;2048,32;2048,32;2048,32;2048,32;2048,32;2048,32;2048,32;2048,32;2048,32;2048,32;2048,32;2048,32;2048,32;2048,32;2048,32;2048,32;2048,32;2048,32""",FLOAT16;FLOAT16;FLOAT16;FLOAT16;FLOAT16;FLOAT16;FLOAT16;FLOAT16;FLOAT16;FLOAT16;FLOAT16;FLOAT16;FLOAT16;FLOAT16;FLOAT16;FLOAT16;FLOAT16;FLOAT16;FLOAT16;FLOAT16;FLOAT16;FLOAT16;FLOAT16;FLOAT16;FLOAT16;FLOAT16;FLOAT16;FLOAT16;FLOAT16;FLOAT16;FLOAT16;FLOAT16,ND;ND;ND;ND;ND;ND;ND;ND;ND;ND;ND;ND;ND;ND;ND;ND;ND;ND;ND;ND;ND;ND;ND;ND;ND;ND;ND;ND;ND;ND;ND;ND,"""2048,1024""",FLOAT16,ND,N/A,0.0,0,0.0,0.0,0.0,0.0,0.0,0.0,0.0,0.0,0.0,0.0,0.0,14.591,962993,0.017,0.001,5.415,0.371,9.912,0.679,1.256,0.086,0.0,0.000
0,4294967295,40,47,aclnnMul_MulAiCore_Mul,Mul,dynamic,AI_VECTOR_CORE,1785698867245859.735	,330.626,0.000000,40,0,NO,"""4096,4096;4096,4096""",FLOAT;FLOAT,ND;ND,"""4096,4096""",FLOAT,ND,N/A,0.0,0,0.0,0.0,0.0,0.0,0.0,0.0,0.0,0.0,0.0,0.0,0.0,327.982,21646810,6.784,0.021,2.976,0.009,326.491,0.995,112.062,0.342,0.0,0.000
0,4294967295,41,47,Concat,Concat,dynamic,AI_VECTOR_CORE,1785698867246190.381	,16.680,0.124000,40,0,NO,"""2048,32;2048,32;2048,32;2048,32;2048,32;2048,32;2048,32;2048,32;2048,32;2048,32;2048,32;2048,32;2048,32;2048,32;2048,32;2048,32;2048,32;2048,32;2048,32;2048,32;2048,32;2048,32;2048,32;2048,32;2048,32;2048,32;2048,32;2048,32;2048,32;2048,32;2048,32;2048,32""",FLOAT16;FLOAT16;FLOAT16;FLOAT16;FLOAT16;FLOAT16;FLOAT16;FLOAT16;FLOAT16;FLOAT16;FLOAT16;FLOAT16;FLOAT16;FLOAT16;FLOAT16;FLOAT16;FLOAT16;FLOAT16;FLOAT16;FLOAT16;FLOAT16;FLOAT16;FLOAT16;FLOAT16;FLOAT16;FLOAT16;FLOAT16;FLOAT16;FLOAT16;FLOAT16;FLOAT16;FLOAT16,ND;ND;ND;ND;ND;ND;ND;ND;ND;ND;ND;ND;ND;ND;ND;ND;ND;ND;ND;ND;ND;ND;ND;ND;ND;ND;ND;ND;ND;ND;ND;ND,"""2048,1024""",FLOAT16,ND,N/A,0.0,0,0.0,0.0,0.0,0.0,0.0,0.0,0.0,0.0,0.0,0.0,0.0,13.46,888360,0.017,0.001,5.423,0.403,9.079,0.675,1.182,0.088,0.0,0.000
0,4294967295,42,47,aclnnMul_MulAiCore_Mul,Mul,dynamic,AI_VECTOR_CORE,1785698867246207.101	,329.827,0.000000,40,0,NO,"""4096,4096;4096,4096""",FLOAT;FLOAT,ND;ND,"""4096,4096""",FLOAT,ND,N/A,0.0,0,0.0,0.0,0.0,0.0,0.0,0.0,0.0,0.0,0.0,0.0,0.0,327.392,21607897,6.784,0.021,3.137,0.01,325.72,0.995,110.88,0.339,0.0,0.000
0,4294967295,43,47,Concat,Concat,dynamic,AI_VECTOR_CORE,1785698867246536.948	,16.600,0.173000,40,0,NO,"""2048,32;2048,32;2048,32;2048,32;2048,32;2048,32;2048,32;2048,32;2048,32;2048,32;2048,32;2048,32;2048,32;2048,32;2048,32;2048,32;2048,32;2048,32;2048,32;2048,32;2048,32;2048,32;2048,32;2048,32;2048,32;2048,32;2048,32;2048,32;2048,32;2048,32;2048,32;2048,32""",FLOAT16;FLOAT16;FLOAT16;FLOAT16;FLOAT16;FLOAT16;FLOAT16;FLOAT16;FLOAT16;FLOAT16;FLOAT16;FLOAT16;FLOAT16;FLOAT16;FLOAT16;FLOAT16;FLOAT16;FLOAT16;FLOAT16;FLOAT16;FLOAT16;FLOAT16;FLOAT16;FLOAT16;FLOAT16;FLOAT16;FLOAT16;FLOAT16;FLOAT16;FLOAT16;FLOAT16;FLOAT16,ND;ND;ND;ND;ND;ND;ND;ND;ND;ND;ND;ND;ND;ND;ND;ND;ND;ND;ND;ND;ND;ND;ND;ND;ND;ND;ND;ND;ND;ND;ND;ND,"""2048,1024""",FLOAT16,ND,N/A,0.0,0,0.0,0.0,0.0,0.0,0.0,0.0,0.0,0.0,0.0,0.0,0.0,13.184,870137,0.017,0.001,5.458,0.414,8.773,0.665,1.135,0.086,0.0,0.000
0,4294967295,44,47,aclnnMul_MulAiCore_Mul,Mul,dynamic,AI_VECTOR_CORE,1785698867246553.568	,329.667,0.000000,40,0,NO,"""4096,4096;4096,4096""",FLOAT;FLOAT,ND;ND,"""4096,4096""",FLOAT,ND,N/A,0.0,0,0.0,0.0,0.0,0.0,0.0,0.0,0.0,0.0,0.0,0.0,0.0,327.254,21598741,6.784,0.021,3.022,0.009,325.683,0.995,111.543,0.341,0.0,0.000
0,4294967295,45,47,Concat,Concat,dynamic,AI_VECTOR_CORE,1785698867246883.255	,17.100,0.083000,40,0,NO,"""2048,32;2048,32;2048,32;2048,32;2048,32;2048,32;2048,32;2048,32;2048,32;2048,32;2048,32;2048,32;2048,32;2048,32;2048,32;2048,32;2048,32;2048,32;2048,32;2048,32;2048,32;2048,32;2048,32;2048,32;2048,32;2048,32;2048,32;2048,32;2048,32;2048,32;2048,32;2048,32""",FLOAT16;FLOAT16;FLOAT16;FLOAT16;FLOAT16;FLOAT16;FLOAT16;FLOAT16;FLOAT16;FLOAT16;FLOAT16;FLOAT16;FLOAT16;FLOAT16;FLOAT16;FLOAT16;FLOAT16;FLOAT16;FLOAT16;FLOAT16;FLOAT16;FLOAT16;FLOAT16;FLOAT16;FLOAT16;FLOAT16;FLOAT16;FLOAT16;FLOAT16;FLOAT16;FLOAT16;FLOAT16,ND;ND;ND;ND;ND;ND;ND;ND;ND;ND;ND;ND;ND;ND;ND;ND;ND;ND;ND;ND;ND;ND;ND;ND;ND;ND;ND;ND;ND;ND;ND;ND,"""2048,1024""",FLOAT16,ND,N/A,0.0,0,0.0,0.0,0.0,0.0,0.0,0.0,0.0,0.0,0.0,0.0,0.0,13.806,911202,0.017,0.001,5.753,0.417,9.135,0.662,1.294,0.094,0.0,0.000
0,4294967295,46,47,aclnnMul_MulAiCore_Mul,Mul,dynamic,AI_VECTOR_CORE,1785698867246900.375	,330.387,0.150000,40,0,NO,"""4096,4096;4096,4096""",FLOAT;FLOAT,ND;ND,"""4096,4096""",FLOAT,ND,N/A,0.0,0,0.0,0.0,0.0,0.0,0.0,0.0,0.0,0.0,0.0,0.0,0.0,327.966,21645737,6.784,0.021,3.151,0.01,326.32,0.995,110.143,0.336,0.0,0.000
0,4294967295,47,47,Concat,Concat,dynamic,AI_VECTOR_CORE,1785698867247230.782	,16.820,0.000000,40,0,NO,"""2048,32;2048,32;2048,32;2048,32;2048,32;2048,32;2048,32;2048,32;2048,32;2048,32;2048,32;2048,32;2048,32;2048,32;2048,32;2048,32;2048,32;2048,32;2048,32;2048,32;2048,32;2048,32;2048,32;2048,32;2048,32;2048,32;2048,32;2048,32;2048,32;2048,32;2048,32;2048,32""",FLOAT16;FLOAT16;FLOAT16;FLOAT16;FLOAT16;FLOAT16;FLOAT16;FLOAT16;FLOAT16;FLOAT16;FLOAT16;FLOAT16;FLOAT16;FLOAT16;FLOAT16;FLOAT16;FLOAT16;FLOAT16;FLOAT16;FLOAT16;FLOAT16;FLOAT16;FLOAT16;FLOAT16;FLOAT16;FLOAT16;FLOAT16;FLOAT16;FLOAT16;FLOAT16;FLOAT16;FLOAT16,ND;ND;ND;ND;ND;ND;ND;ND;ND;ND;ND;ND;ND;ND;ND;ND;ND;ND;ND;ND;ND;ND;ND;ND;ND;ND;ND;ND;ND;ND;ND;ND,"""2048,1024""",FLOAT16,ND,N/A,0.0,0,0.0,0.0,0.0,0.0,0.0,0.0,0.0,0.0,0.0,0.0,0.0,13.597,897370,0.017,0.001,5.871,0.432,9.063,0.667,1.213,0.089,0.0,0.000
0,4294967295,48,47,aclnnMul_MulAiCore_Mul,Mul,dynamic,AI_VECTOR_CORE,1785698867247247.622	,330.647,0.000000,40,0,NO,"""4096,4096;4096,4096""",FLOAT;FLOAT,ND;ND,"""4096,4096""",FLOAT,ND,N/A,0.0,0,0.0,0.0,0.0,0.0,0.0,0.0,0.0,0.0,0.0,0.0,0.0,327.956,21645069,6.784,0.021,3.23,0.01,326.128,0.994,112.069,0.342,0.0,0.000
0,4294967295,49,47,Concat,Concat,dynamic,AI_VECTOR_CORE,1785698867247578.289	,15.660,0.103000,40,0,NO,"""2048,32;2048,32;2048,32;2048,32;2048,32;2048,32;2048,32;2048,32;2048,32;2048,32;2048,32;2048,32;2048,32;2048,32;2048,32;2048,32;2048,32;2048,32;2048,32;2048,32;2048,32;2048,32;2048,32;2048,32;2048,32;2048,32;2048,32;2048,32;2048,32;2048,32;2048,32;2048,32""",FLOAT16;FLOAT16;FLOAT16;FLOAT16;FLOAT16;FLOAT16;FLOAT16;FLOAT16;FLOAT16;FLOAT16;FLOAT16;FLOAT16;FLOAT16;FLOAT16;FLOAT16;FLOAT16;FLOAT16;FLOAT16;FLOAT16;FLOAT16;FLOAT16;FLOAT16;FLOAT16;FLOAT16;FLOAT16;FLOAT16;FLOAT16;FLOAT16;FLOAT16;FLOAT16;FLOAT16;FLOAT16,ND;ND;ND;ND;ND;ND;ND;ND;ND;ND;ND;ND;ND;ND;ND;ND;ND;ND;ND;ND;ND;ND;ND;ND;ND;ND;ND;ND;ND;ND;ND;ND,"""2048,1024""",FLOAT16,ND,N/A,0.0,0,0.0,0.0,0.0,0.0,0.0,0.0,0.0,0.0,0.0,0.0,0.0,11.409,752967,0.017,0.001,6.333,0.555,5.991,0.525,0.957,0.084,0.0,0.000
0,4294967295,50,47,aclnnMul_MulAiCore_Mul,Mul,dynamic,AI_VECTOR_CORE,1785698867247593.969	,330.467,0.090000,40,0,NO,"""4096,4096;4096,4096""",FLOAT;FLOAT,ND;ND,"""4096,4096""",FLOAT,ND,N/A,0.0,0,0.0,0.0,0.0,0.0,0.0,0.0,0.0,0.0,0.0,0.0,0.0,327.867,21639224,6.784,0.021,2.933,0.009,326.381,0.995,112.195,0.342,0.0,0.000
0,4294967295,51,47,Concat,Concat,dynamic,AI_VECTOR_CORE,1785698867247924.456	,16.180,0.033000,40,0,NO,"""2048,32;2048,32;2048,32;2048,32;2048,32;2048,32;2048,32;2048,32;2048,32;2048,32;2048,32;2048,32;2048,32;2048,32;2048,32;2048,32;2048,32;2048,32;2048,32;2048,32;2048,32;2048,32;2048,32;2048,32;2048,32;2048,32;2048,32;2048,32;2048,32;2048,32;2048,32;2048,32""",FLOAT16;FLOAT16;FLOAT16;FLOAT16;FLOAT16;FLOAT16;FLOAT16;FLOAT16;FLOAT16;FLOAT16;FLOAT16;FLOAT16;FLOAT16;FLOAT16;FLOAT16;FLOAT16;FLOAT16;FLOAT16;FLOAT16;FLOAT16;FLOAT16;FLOAT16;FLOAT16;FLOAT16;FLOAT16;FLOAT16;FLOAT16;FLOAT16;FLOAT16;FLOAT16;FLOAT16;FLOAT16,ND;ND;ND;ND;ND;ND;ND;ND;ND;ND;ND;ND;ND;ND;ND;ND;ND;ND;ND;ND;ND;ND;ND;ND;ND;ND;ND;ND;ND;ND;ND;ND,"""2048,1024""",FLOAT16,ND,N/A,0.0,0,0.0,0.0,0.0,0.0,0.0,0.0,0.0,0.0,0.0,0.0,0.0,13.086,863648,0.017,0.001,5.162,0.395,8.66,0.662,1.184,0.09,0.0,0.000
0,4294967295,52,47,aclnnMul_MulAiCore_Mul,Mul,dynamic,AI_VECTOR_CORE,1785698867247940.656	,329.687,0.070000,40,0,NO,"""4096,4096;4096,4096""",FLOAT;FLOAT,ND;ND,"""4096,4096""",FLOAT,ND,N/A,0.0,0,0.0,0.0,0.0,0.0,0.0,0.0,0.0,0.0,0.0,0.0,0.0,327.376,21606845,6.784,0.021,3.051,0.009,325.789,0.995,111.369,0.34,0.0,0.000
0,4294967295,53,47,Concat,Concat,dynamic,AI_VECTOR_CORE,1785698867248270.363	,16.660,0.000000,40,0,NO,"""2048,32;2048,32;2048,32;2048,32;2048,32;2048,32;2048,32;2048,32;2048,32;2048,32;2048,32;2048,32;2048,32;2048,32;2048,32;2048,32;2048,32;2048,32;2048,32;2048,32;2048,32;2048,32;2048,32;2048,32;2048,32;2048,32;2048,32;2048,32;2048,32;2048,32;2048,32;2048,32""",FLOAT16;FLOAT16;FLOAT16;FLOAT16;FLOAT16;FLOAT16;FLOAT16;FLOAT16;FLOAT16;FLOAT16;FLOAT16;FLOAT16;FLOAT16;FLOAT16;FLOAT16;FLOAT16;FLOAT16;FLOAT16;FLOAT16;FLOAT16;FLOAT16;FLOAT16;FLOAT16;FLOAT16;FLOAT16;FLOAT16;FLOAT16;FLOAT16;FLOAT16;FLOAT16;FLOAT16;FLOAT16,ND;ND;ND;ND;ND;ND;ND;ND;ND;ND;ND;ND;ND;ND;ND;ND;ND;ND;ND;ND;ND;ND;ND;ND;ND;ND;ND;ND;ND;ND;ND;ND,"""2048,1024""",FLOAT16,ND,N/A,0.0,0,0.0,0.0,0.0,0.0,0.0,0.0,0.0,0.0,0.0,0.0,0.0,13.686,903275,0.017,0.001,5.723,0.418,9.25,0.676,1.163,0.085,0.0,0.000
0,4294967295,54,47,aclnnMul_MulAiCore_Mul,Mul,dynamic,AI_VECTOR_CORE,1785698867248287.043	,330.127,0.090000,40,0,NO,"""4096,4096;4096,4096""",FLOAT;FLOAT,ND;ND,"""4096,4096""",FLOAT,ND,N/A,0.0,0,0.0,0.0,0.0,0.0,0.0,0.0,0.0,0.0,0.0,0.0,0.0,327.875,21639728,6.784,0.021,2.936,0.009,326.414,0.996,111.038,0.339,0.0,0.000
0,4294967295,55,47,Concat,Concat,dynamic,AI_VECTOR_CORE,1785698867248617.190	,16.780,0.123000,40,0,NO,"""2048,32;2048,32;2048,32;2048,32;2048,32;2048,32;2048,32;2048,32;2048,32;2048,32;2048,32;2048,32;2048,32;2048,32;2048,32;2048,32;2048,32;2048,32;2048,32;2048,32;2048,32;2048,32;2048,32;2048,32;2048,32;2048,32;2048,32;2048,32;2048,32;2048,32;2048,32;2048,32""",FLOAT16;FLOAT16;FLOAT16;FLOAT16;FLOAT16;FLOAT16;FLOAT16;FLOAT16;FLOAT16;FLOAT16;FLOAT16;FLOAT16;FLOAT16;FLOAT16;FLOAT16;FLOAT16;FLOAT16;FLOAT16;FLOAT16;FLOAT16;FLOAT16;FLOAT16;FLOAT16;FLOAT16;FLOAT16;FLOAT16;FLOAT16;FLOAT16;FLOAT16;FLOAT16;FLOAT16;FLOAT16,ND;ND;ND;ND;ND;ND;ND;ND;ND;ND;ND;ND;ND;ND;ND;ND;ND;ND;ND;ND;ND;ND;ND;ND;ND;ND;ND;ND;ND;ND;ND;ND,"""2048,1024""",FLOAT16,ND,N/A,0.0,0,0.0,0.0,0.0,0.0,0.0,0.0,0.0,0.0,0.0,0.0,0.0,13.897,917205,0.017,0.001,5.556,0.4,9.354,0.673,1.188,0.086,0.0,0.000
0,4294967295,56,47,aclnnMul_MulAiCore_Mul,Mul,dynamic,AI_VECTOR_CORE,1785698867248633.990	,330.007,0.000000,40,0,NO,"""4096,4096;4096,4096""",FLOAT;FLOAT,ND;ND,"""4096,4096""",FLOAT,ND,N/A,0.0,0,0.0,0.0,0.0,0.0,0.0,0.0,0.0,0.0,0.0,0.0,0.0,328.094,21654189,6.784,0.021,3.091,0.009,326.452,0.995,111.901,0.341,0.0,0.000
0,4294967295,57,47,Concat,Concat,dynamic,AI_VECTOR_CORE,1785698867248964.037	,16.960,0.000000,40,0,NO,"""2048,32;2048,32;2048,32;2048,32;2048,32;2048,32;2048,32;2048,32;2048,32;2048,32;2048,32;2048,32;2048,32;2048,32;2048,32;2048,32;2048,32;2048,32;2048,32;2048,32;2048,32;2048,32;2048,32;2048,32;2048,32;2048,32;2048,32;2048,32;2048,32;2048,32;2048,32;2048,32""",FLOAT16;FLOAT16;FLOAT16;FLOAT16;FLOAT16;FLOAT16;FLOAT16;FLOAT16;FLOAT16;FLOAT16;FLOAT16;FLOAT16;FLOAT16;FLOAT16;FLOAT16;FLOAT16;FLOAT16;FLOAT16;FLOAT16;FLOAT16;FLOAT16;FLOAT16;FLOAT16;FLOAT16;FLOAT16;FLOAT16;FLOAT16;FLOAT16;FLOAT16;FLOAT16;FLOAT16;FLOAT16,ND;ND;ND;ND;ND;ND;ND;ND;ND;ND;ND;ND;ND;ND;ND;ND;ND;ND;ND;ND;ND;ND;ND;ND;ND;ND;ND;ND;ND;ND;ND;ND,"""2048,1024""",FLOAT16,ND,N/A,0.0,0,0.0,0.0,0.0,0.0,0.0,0.0,0.0,0.0,0.0,0.0,0.0,13.667,902011,0.017,0.001,5.245,0.384,9.048,0.662,1.224,0.09,0.0,0.000
0,4294967295,58,47,aclnnMul_MulAiCore_Mul,Mul,dynamic,AI_VECTOR_CORE,1785698867248981.017	,330.406,0.040000,40,0,NO,"""4096,4096;4096,4096""",FLOAT;FLOAT,ND;ND,"""4096,4096""",FLOAT,ND,N/A,0.0,0,0.0,0.0,0.0,0.0,0.0,0.0,0.0,0.0,0.0,0.0,0.0,328.321,21669169,6.784,0.021,3.035,0.009,326.732,0.995,111.923,0.341,0.0,0.000
0,4294967295,59,47,Concat,Concat,dynamic,AI_VECTOR_CORE,1785698867249311.463	,17.241,0.094000,40,0,NO,"""2048,32;2048,32;2048,32;2048,32;2048,32;2048,32;2048,32;2048,32;2048,32;2048,32;2048,32;2048,32;2048,32;2048,32;2048,32;2048,32;2048,32;2048,32;2048,32;2048,32;2048,32;2048,32;2048,32;2048,32;2048,32;2048,32;2048,32;2048,32;2048,32;2048,32;2048,32;2048,32""",FLOAT16;FLOAT16;FLOAT16;FLOAT16;FLOAT16;FLOAT16;FLOAT16;FLOAT16;FLOAT16;FLOAT16;FLOAT16;FLOAT16;FLOAT16;FLOAT16;FLOAT16;FLOAT16;FLOAT16;FLOAT16;FLOAT16;FLOAT16;FLOAT16;FLOAT16;FLOAT16;FLOAT16;FLOAT16;FLOAT16;FLOAT16;FLOAT16;FLOAT16;FLOAT16;FLOAT16;FLOAT16,ND;ND;ND;ND;ND;ND;ND;ND;ND;ND;ND;ND;ND;ND;ND;ND;ND;ND;ND;ND;ND;ND;ND;ND;ND;ND;ND;ND;ND;ND;ND;ND,"""2048,1024""",FLOAT16,ND,N/A,0.0,0,0.0,0.0,0.0,0.0,0.0,0.0,0.0,0.0,0.0,0.0,0.0,13.944,920324,0.017,0.001,4.994,0.358,9.386,0.673,1.241,0.089,0.0,0.000
0,4294967295,60,47,aclnnMul_MulAiCore_Mul,Mul,dynamic,AI_VECTOR_CORE,1785698867249328.724	,330.946,0.009000,40,0,NO,"""4096,4096;4096,4096""",FLOAT;FLOAT,ND;ND,"""4096,4096""",FLOAT,ND,N/A,0.0,0,0.0,0.0,0.0,0.0,0.0,0.0,0.0,0.0,0.0,0.0,0.0,328.387,21673537,6.784,0.021,3.135,0.01,326.717,0.995,112.774,0.343,0.0,0.000
0,4294967295,61,47,Concat,Concat,dynamic,AI_VECTOR_CORE,1785698867249659.690	,17.441,0.054000,40,0,NO,"""2048,32;2048,32;2048,32;2048,32;2048,32;2048,32;2048,32;2048,32;2048,32;2048,32;2048,32;2048,32;2048,32;2048,32;2048,32;2048,32;2048,32;2048,32;2048,32;2048,32;2048,32;2048,32;2048,32;2048,32;2048,32;2048,32;2048,32;2048,32;2048,32;2048,32;2048,32;2048,32""",FLOAT16;FLOAT16;FLOAT16;FLOAT16;FLOAT16;FLOAT16;FLOAT16;FLOAT16;FLOAT16;FLOAT16;FLOAT16;FLOAT16;FLOAT16;FLOAT16;FLOAT16;FLOAT16;FLOAT16;FLOAT16;FLOAT16;FLOAT16;FLOAT16;FLOAT16;FLOAT16;FLOAT16;FLOAT16;FLOAT16;FLOAT16;FLOAT16;FLOAT16;FLOAT16;FLOAT16;FLOAT16,ND;ND;ND;ND;ND;ND;ND;ND;ND;ND;ND;ND;ND;ND;ND;ND;ND;ND;ND;ND;ND;ND;ND;ND;ND;ND;ND;ND;ND;ND;ND;ND,"""2048,1024""",FLOAT16,ND,N/A,0.0,0,0.0,0.0,0.0,0.0,0.0,0.0,0.0,0.0,0.0,0.0,0.0,14.386,949502,0.017,0.001,5.565,0.387,9.819,0.683,1.164,0.081,0.0,0.000
0,4294967295,62,47,aclnnMul_MulAiCore_Mul,Mul,dynamic,AI_VECTOR_CORE,1785698867249677.151	,329.006,0.059000,40,0,NO,"""4096,4096;4096,4096""",FLOAT;FLOAT,ND;ND,"""4096,4096""",FLOAT,ND,N/A,0.0,0,0.0,0.0,0.0,0.0,0.0,0.0,0.0,0.0,0.0,0.0,0.0,327.14,21591242,6.784,0.021,3.049,0.009,325.517,0.995,111.909,0.342,0.0,0.000
0,4294967295,63,47,Concat,Concat,dynamic,AI_VECTOR_CORE,1785698867250006.177	,18.381,0.000000,40,0,NO,"""2048,32;2048,32;2048,32;2048,32;2048,32;2048,32;2048,32;2048,32;2048,32;2048,32;2048,32;2048,32;2048,32;2048,32;2048,32;2048,32;2048,32;2048,32;2048,32;2048,32;2048,32;2048,32;2048,32;2048,32;2048,32;2048,32;2048,32;2048,32;2048,32;2048,32;2048,32;2048,32""",FLOAT16;FLOAT16;FLOAT16;FLOAT16;FLOAT16;FLOAT16;FLOAT16;FLOAT16;FLOAT16;FLOAT16;FLOAT16;FLOAT16;FLOAT16;FLOAT16;FLOAT16;FLOAT16;FLOAT16;FLOAT16;FLOAT16;FLOAT16;FLOAT16;FLOAT16;FLOAT16;FLOAT16;FLOAT16;FLOAT16;FLOAT16;FLOAT16;FLOAT16;FLOAT16;FLOAT16;FLOAT16,ND;ND;ND;ND;ND;ND;ND;ND;ND;ND;ND;ND;ND;ND;ND;ND;ND;ND;ND;ND;ND;ND;ND;ND;ND;ND;ND;ND;ND;ND;ND;ND,"""2048,1024""",FLOAT16,ND,N/A,0.0,0,0.0,0.0,0.0,0.0,0.0,0.0,0.0,0.0,0.0,0.0,0.0,15.305,1010135,0.017,0.001,5.277,0.345,9.874,0.645,2.017,0.132,0.0,0.000
0,4294967295,64,47,aclnnMul_MulAiCore_Mul,Mul,dynamic,AI_VECTOR_CORE,1785698867250024.578	,328.286,0.000000,40,0,NO,"""4096,4096;4096,4096""",FLOAT;FLOAT,ND;ND,"""4096,4096""",FLOAT,ND,N/A,0.0,0,0.0,0.0,0.0,0.0,0.0,0.0,0.0,0.0,0.0,0.0,0.0,326.139,21525173,6.784,0.021,3.122,0.01,324.491,0.995,109.158,0.335,0.0,0.000
0,4294967295,65,47,Concat,Concat,dynamic,AI_VECTOR_CORE,1785698867250352.884	,18.281,0.214000,40,0,NO,"""2048,32;2048,32;2048,32;2048,32;2048,32;2048,32;2048,32;2048,32;2048,32;2048,32;2048,32;2048,32;2048,32;2048,32;2048,32;2048,32;2048,32;2048,32;2048,32;2048,32;2048,32;2048,32;2048,32;2048,32;2048,32;2048,32;2048,32;2048,32;2048,32;2048,32;2048,32;2048,32""",FLOAT16;FLOAT16;FLOAT16;FLOAT16;FLOAT16;FLOAT16;FLOAT16;FLOAT16;FLOAT16;FLOAT16;FLOAT16;FLOAT16;FLOAT16;FLOAT16;FLOAT16;FLOAT16;FLOAT16;FLOAT16;FLOAT16;FLOAT16;FLOAT16;FLOAT16;FLOAT16;FLOAT16;FLOAT16;FLOAT16;FLOAT16;FLOAT16;FLOAT16;FLOAT16;FLOAT16;FLOAT16,ND;ND;ND;ND;ND;ND;ND;ND;ND;ND;ND;ND;ND;ND;ND;ND;ND;ND;ND;ND;ND;ND;ND;ND;ND;ND;ND;ND;ND;ND;ND;ND,"""2048,1024""",FLOAT16,ND,N/A,0.0,0,0.0,0.0,0.0,0.0,0.0,0.0,0.0,0.0,0.0,0.0,0.0,14.734,972427,0.017,0.001,5.157,0.35,9.917,0.673,1.365,0.093,0.0,0.000
0,4294967295,66,47,aclnnMul_MulAiCore_Mul,Mul,dynamic,AI_VECTOR_CORE,1785698867250371.185	,329.026,0.000000,40,0,NO,"""4096,4096;4096,4096""",FLOAT;FLOAT,ND;ND,"""4096,4096""",FLOAT,ND,N/A,0.0,0,0.0,0.0,0.0,0.0,0.0,0.0,0.0,0.0,0.0,0.0,0.0,326.702,21562361,6.784,0.021,3.018,0.009,325.17,0.995,110.782,0.339,0.0,0.000
0,4294967295,67,47,Concat,Concat,dynamic,AI_VECTOR_CORE,1785698867250700.231	,18.921,0.000000,40,0,NO,"""2048,32;2048,32;2048,32;2048,32;2048,32;2048,32;2048,32;2048,32;2048,32;2048,32;2048,32;2048,32;2048,32;2048,32;2048,32;2048,32;2048,32;2048,32;2048,32;2048,32;2048,32;2048,32;2048,32;2048,32;2048,32;2048,32;2048,32;2048,32;2048,32;2048,32;2048,32;2048,32""",FLOAT16;FLOAT16;FLOAT16;FLOAT16;FLOAT16;FLOAT16;FLOAT16;FLOAT16;FLOAT16;FLOAT16;FLOAT16;FLOAT16;FLOAT16;FLOAT16;FLOAT16;FLOAT16;FLOAT16;FLOAT16;FLOAT16;FLOAT16;FLOAT16;FLOAT16;FLOAT16;FLOAT16;FLOAT16;FLOAT16;FLOAT16;FLOAT16;FLOAT16;FLOAT16;FLOAT16;FLOAT16,ND;ND;ND;ND;ND;ND;ND;ND;ND;ND;ND;ND;ND;ND;ND;ND;ND;ND;ND;ND;ND;ND;ND;ND;ND;ND;ND;ND;ND;ND;ND;ND,"""2048,1024""",FLOAT16,ND,N/A,0.0,0,0.0,0.0,0.0,0.0,0.0,0.0,0.0,0.0,0.0,0.0,0.0,15.563,1027134,0.017,0.001,5.249,0.337,10.503,0.675,1.621,0.104,0.0,0.000
0,4294967295,68,47,aclnnMul_MulAiCore_Mul,Mul,dynamic,AI_VECTOR_CORE,1785698867250719.192	,329.726,0.079000,40,0,NO,"""4096,4096;4096,4096""",FLOAT;FLOAT,ND;ND,"""4096,4096""",FLOAT,ND,N/A,0.0,0,0.0,0.0,0.0,0.0,0.0,0.0,0.0,0.0,0.0,0.0,0.0,327.144,21591515,6.784,0.021,3.097,0.009,325.479,0.995,111.738,0.342,0.0,0.000
0,4294967295,69,47,Concat,Concat,dynamic,AI_VECTOR_CORE,1785698867251048.938	,17.641,0.024000,40,0,NO,"""2048,32;2048,32;2048,32;2048,32;2048,32;2048,32;2048,32;2048,32;2048,32;2048,32;2048,32;2048,32;2048,32;2048,32;2048,32;2048,32;2048,32;2048,32;2048,32;2048,32;2048,32;2048,32;2048,32;2048,32;2048,32;2048,32;2048,32;2048,32;2048,32;2048,32;2048,32;2048,32""",FLOAT16;FLOAT16;FLOAT16;FLOAT16;FLOAT16;FLOAT16;FLOAT16;FLOAT16;FLOAT16;FLOAT16;FLOAT16;FLOAT16;FLOAT16;FLOAT16;FLOAT16;FLOAT16;FLOAT16;FLOAT16;FLOAT16;FLOAT16;FLOAT16;FLOAT16;FLOAT16;FLOAT16;FLOAT16;FLOAT16;FLOAT16;FLOAT16;FLOAT16;FLOAT16;FLOAT16;FLOAT16,ND;ND;ND;ND;ND;ND;ND;ND;ND;ND;ND;ND;ND;ND;ND;ND;ND;ND;ND;ND;ND;ND;ND;ND;ND;ND;ND;ND;ND;ND;ND;ND,"""2048,1024""",FLOAT16,ND,N/A,0.0,0,0.0,0.0,0.0,0.0,0.0,0.0,0.0,0.0,0.0,0.0,0.0,14.349,947041,0.017,0.001,5.023,0.35,9.737,0.679,1.251,0.087,0.0,0.000
0,4294967295,70,47,aclnnMul_MulAiCore_Mul,Mul,dynamic,AI_VECTOR_CORE,1785698867251066.599	,330.166,0.000000,40,0,NO,"""4096,4096;4096,4096""",FLOAT;FLOAT,ND;ND,"""4096,4096""",FLOAT,ND,N/A,0.0,0,0.0,0.0,0.0,0.0,0.0,0.0,0.0,0.0,0.0,0.0,0.0,327.89,21640756,6.784,0.021,3.002,0.009,326.369,0.995,111.015,0.339,0.0,0.000
0,4294967295,71,47,Concat,Concat,dynamic,AI_VECTOR_CORE,1785698867251396.785	,17.840,0.084000,40,0,NO,"""2048,32;2048,32;2048,32;2048,32;2048,32;2048,32;2048,32;2048,32;2048,32;2048,32;2048,32;2048,32;2048,32;2048,32;2048,32;2048,32;2048,32;2048,32;2048,32;2048,32;2048,32;2048,32;2048,32;2048,32;2048,32;2048,32;2048,32;2048,32;2048,32;2048,32;2048,32;2048,32""",FLOAT16;FLOAT16;FLOAT16;FLOAT16;FLOAT16;FLOAT16;FLOAT16;FLOAT16;FLOAT16;FLOAT16;FLOAT16;FLOAT16;FLOAT16;FLOAT16;FLOAT16;FLOAT16;FLOAT16;FLOAT16;FLOAT16;FLOAT16;FLOAT16;FLOAT16;FLOAT16;FLOAT16;FLOAT16;FLOAT16;FLOAT16;FLOAT16;FLOAT16;FLOAT16;FLOAT16;FLOAT16,ND;ND;ND;ND;ND;ND;ND;ND;ND;ND;ND;ND;ND;ND;ND;ND;ND;ND;ND;ND;ND;ND;ND;ND;ND;ND;ND;ND;ND;ND;ND;ND,"""2048,1024""",FLOAT16,ND,N/A,0.0,0,0.0,0.0,0.0,0.0,0.0,0.0,0.0,0.0,0.0,0.0,0.0,14.338,946322,0.017,0.001,5.532,0.386,9.593,0.669,1.347,0.094,0.0,0.000
0,4294967295,72,47,aclnnMul_MulAiCore_Mul,Mul,dynamic,AI_VECTOR_CORE,1785698867251414.645	,329.507,0.160000,40,0,NO,"""4096,4096;4096,4096""",FLOAT;FLOAT,ND;ND,"""4096,4096""",FLOAT,ND,N/A,0.0,0,0.0,0.0,0.0,0.0,0.0,0.0,0.0,0.0,0.0,0.0,0.0,327.376,21606803,6.784,0.021,3.126,0.01,325.711,0.995,109.499,0.334,0.0,0.000
0,4294967295,73,47,Concat,Concat,dynamic,AI_VECTOR_CORE,1785698867251744.172	,17.080,0.000000,40,0,NO,"""2048,32;2048,32;2048,32;2048,32;2048,32;2048,32;2048,32;2048,32;2048,32;2048,32;2048,32;2048,32;2048,32;2048,32;2048,32;2048,32;2048,32;2048,32;2048,32;2048,32;2048,32;2048,32;2048,32;2048,32;2048,32;2048,32;2048,32;2048,32;2048,32;2048,32;2048,32;2048,32""",FLOAT16;FLOAT16;FLOAT16;FLOAT16;FLOAT16;FLOAT16;FLOAT16;FLOAT16;FLOAT16;FLOAT16;FLOAT16;FLOAT16;FLOAT16;FLOAT16;FLOAT16;FLOAT16;FLOAT16;FLOAT16;FLOAT16;FLOAT16;FLOAT16;FLOAT16;FLOAT16;FLOAT16;FLOAT16;FLOAT16;FLOAT16;FLOAT16;FLOAT16;FLOAT16;FLOAT16;FLOAT16,ND;ND;ND;ND;ND;ND;ND;ND;ND;ND;ND;ND;ND;ND;ND;ND;ND;ND;ND;ND;ND;ND;ND;ND;ND;ND;ND;ND;ND;ND;ND;ND,"""2048,1024""",FLOAT16,ND,N/A,0.0,0,0.0,0.0,0.0,0.0,0.0,0.0,0.0,0.0,0.0,0.0,0.0,13.553,894495,0.017,0.001,5.41,0.399,8.991,0.663,1.223,0.09,0.0,0.000
0,4294967295,74,47,aclnnMul_MulAiCore_Mul,Mul,dynamic,AI_VECTOR_CORE,1785698867251761.292	,329.307,0.000000,40,0,NO,"""4096,4096;4096,4096""",FLOAT;FLOAT,ND;ND,"""4096,4096""",FLOAT,ND,N/A,0.0,0,0.0,0.0,0.0,0.0,0.0,0.0,0.0,0.0,0.0,0.0,0.0,327.468,21612893,6.784,0.021,2.958,0.009,326.007,0.996,110.124,0.336,0.0,0.000
0,4294967295,75,47,Concat,Concat,dynamic,AI_VECTOR_CORE,1785698867252090.639	,17.520,0.193000,40,0,NO,"""2048,32;2048,32;2048,32;2048,32;2048,32;2048,32;2048,32;2048,32;2048,32;2048,32;2048,32;2048,32;2048,32;2048,32;2048,32;2048,32;2048,32;2048,32;2048,32;2048,32;2048,32;2048,32;2048,32;2048,32;2048,32;2048,32;2048,32;2048,32;2048,32;2048,32;2048,32;2048,32""",FLOAT16;FLOAT16;FLOAT16;FLOAT16;FLOAT16;FLOAT16;FLOAT16;FLOAT16;FLOAT16;FLOAT16;FLOAT16;FLOAT16;FLOAT16;FLOAT16;FLOAT16;FLOAT16;FLOAT16;FLOAT16;FLOAT16;FLOAT16;FLOAT16;FLOAT16;FLOAT16;FLOAT16;FLOAT16;FLOAT16;FLOAT16;FLOAT16;FLOAT16;FLOAT16;FLOAT16;FLOAT16,ND;ND;ND;ND;ND;ND;ND;ND;ND;ND;ND;ND;ND;ND;ND;ND;ND;ND;ND;ND;ND;ND;ND;ND;ND;ND;ND;ND;ND;ND;ND;ND,"""2048,1024""",FLOAT16,ND,N/A,0.0,0,0.0,0.0,0.0,0.0,0.0,0.0,0.0,0.0,0.0,0.0,0.0,14.603,963813,0.017,0.001,5.475,0.375,9.69,0.664,1.541,0.106,0.0,0.000
0,4294967295,76,47,aclnnMul_MulAiCore_Mul,Mul,dynamic,AI_VECTOR_CORE,1785698867252108.199	,328.867,0.000000,40,0,NO,"""4096,4096;4096,4096""",FLOAT;FLOAT,ND;ND,"""4096,4096""",FLOAT,ND,N/A,0.0,0,0.0,0.0,0.0,0.0,0.0,0.0,0.0,0.0,0.0,0.0,0.0,326.434,21544647,6.784,0.021,3.048,0.009,324.82,0.995,110.851,0.34,0.0,0.000
0,4294967295,77,47,Concat,Concat,dynamic,AI_VECTOR_CORE,1785698867252437.106	,16.800,0.000000,40,0,NO,"""2048,32;2048,32;2048,32;2048,32;2048,32;2048,32;2048,32;2048,32;2048,32;2048,32;2048,32;2048,32;2048,32;2048,32;2048,32;2048,32;2048,32;2048,32;2048,32;2048,32;2048,32;2048,32;2048,32;2048,32;2048,32;2048,32;2048,32;2048,32;2048,32;2048,32;2048,32;2048,32""",FLOAT16;FLOAT16;FLOAT16;FLOAT16;FLOAT16;FLOAT16;FLOAT16;FLOAT16;FLOAT16;FLOAT16;FLOAT16;FLOAT16;FLOAT16;FLOAT16;FLOAT16;FLOAT16;FLOAT16;FLOAT16;FLOAT16;FLOAT16;FLOAT16;FLOAT16;FLOAT16;FLOAT16;FLOAT16;FLOAT16;FLOAT16;FLOAT16;FLOAT16;FLOAT16;FLOAT16;FLOAT16,ND;ND;ND;ND;ND;ND;ND;ND;ND;ND;ND;ND;ND;ND;ND;ND;ND;ND;ND;ND;ND;ND;ND;ND;ND;ND;ND;ND;ND;ND;ND;ND,"""2048,1024""",FLOAT16,ND,N/A,0.0,0,0.0,0.0,0.0,0.0,0.0,0.0,0.0,0.0,0.0,0.0,0.0,13.61,898248,0.017,0.001,5.464,0.401,9.088,0.668,1.202,0.088,0.0,0.000
0,4294967295,78,47,aclnnMul_MulAiCore_Mul,Mul,dynamic,AI_VECTOR_CORE,1785698867252453.946	,329.467,0.200000,40,0,NO,"""4096,4096;4096,4096""",FLOAT;FLOAT,ND;ND,"""4096,4096""",FLOAT,ND,N/A,0.0,0,0.0,0.0,0.0,0.0,0.0,0.0,0.0,0.0,0.0,0.0,0.0,327.744,21631075,6.784,0.021,2.931,0.009,326.3,0.996,111.551,0.34,0.0,0.000
0,4294967295,79,47,Concat,Concat,dynamic,AI_VECTOR_CORE,1785698867252783.453	,18.000,0.033000,40,0,NO,"""2048,32;2048,32;2048,32;2048,32;2048,32;2048,32;2048,32;2048,32;2048,32;2048,32;2048,32;2048,32;2048,32;2048,32;2048,32;2048,32;2048,32;2048,32;2048,32;2048,32;2048,32;2048,32;2048,32;2048,32;2048,32;2048,32;2048,32;2048,32;2048,32;2048,32;2048,32;2048,32""",FLOAT16;FLOAT16;FLOAT16;FLOAT16;FLOAT16;FLOAT16;FLOAT16;FLOAT16;FLOAT16;FLOAT16;FLOAT16;FLOAT16;FLOAT16;FLOAT16;FLOAT16;FLOAT16;FLOAT16;FLOAT16;FLOAT16;FLOAT16;FLOAT16;FLOAT16;FLOAT16;FLOAT16;FLOAT16;FLOAT16;FLOAT16;FLOAT16;FLOAT16;FLOAT16;FLOAT16;FLOAT16,ND;ND;ND;ND;ND;ND;ND;ND;ND;ND;ND;ND;ND;ND;ND;ND;ND;ND;ND;ND;ND;ND;ND;ND;ND;ND;ND;ND;ND;ND;ND;ND,"""2048,1024""",FLOAT16,ND,N/A,0.0,0,0.0,0.0,0.0,0.0,0.0,0.0,0.0,0.0,0.0,0.0,0.0,14.848,979997,0.017,0.001,5.09,0.343,10.063,0.678,1.395,0.094,0.0,0.000
0,4294967295,80,47,aclnnMul_MulAiCore_Mul,Mul,dynamic,AI_VECTOR_CORE,1785698867252801.493	,328.887,0.000000,40,0,NO,"""4096,4096;4096,4096""",FLOAT;FLOAT,ND;ND,"""4096,4096""",FLOAT,ND,N/A,0.0,0,0.0,0.0,0.0,0.0,0.0,0.0,0.0,0.0,0.0,0.0,0.0,326.461,21546423,6.784,0.021,3.027,0.009,324.885,0.995,110.339,0.338,0.0,0.000
0,4294967295,81,47,Concat,Concat,dynamic,AI_VECTOR_CORE,1785698867253130.420	,17.040,0.113000,40,0,NO,"""2048,32;2048,32;2048,32;2048,32;2048,32;2048,32;2048,32;2048,32;2048,32;2048,32;2048,32;2048,32;2048,32;2048,32;2048,32;2048,32;2048,32;2048,32;2048,32;2048,32;2048,32;2048,32;2048,32;2048,32;2048,32;2048,32;2048,32;2048,32;2048,32;2048,32;2048,32;2048,32""",FLOAT16;FLOAT16;FLOAT16;FLOAT16;FLOAT16;FLOAT16;FLOAT16;FLOAT16;FLOAT16;FLOAT16;FLOAT16;FLOAT16;FLOAT16;FLOAT16;FLOAT16;FLOAT16;FLOAT16;FLOAT16;FLOAT16;FLOAT16;FLOAT16;FLOAT16;FLOAT16;FLOAT16;FLOAT16;FLOAT16;FLOAT16;FLOAT16;FLOAT16;FLOAT16;FLOAT16;FLOAT16,ND;ND;ND;ND;ND;ND;ND;ND;ND;ND;ND;ND;ND;ND;ND;ND;ND;ND;ND;ND;ND;ND;ND;ND;ND;ND;ND;ND;ND;ND;ND;ND,"""2048,1024""",FLOAT16,ND,N/A,0.0,0,0.0,0.0,0.0,0.0,0.0,0.0,0.0,0.0,0.0,0.0,0.0,13.894,917028,0.017,0.001,5.338,0.384,9.405,0.677,1.197,0.086,0.0,0.000
0,4294967295,82,47,aclnnMul_MulAiCore_Mul,Mul,dynamic,AI_VECTOR_CORE,1785698867253147.500	,329.607,0.000000,40,0,NO,"""4096,4096;4096,4096""",FLOAT;FLOAT,ND;ND,"""4096,4096""",FLOAT,ND,N/A,0.0,0,0.0,0.0,0.0,0.0,0.0,0.0,0.0,0.0,0.0,0.0,0.0,326.857,21572560,6.784,0.021,3.134,0.01,325.187,0.995,111.095,0.34,0.0,0.000
0,4294967295,83,47,Concat,Concat,dynamic,AI_VECTOR_CORE,1785698867253477.147	,17.600,0.143000,40,0,NO,"""2048,32;2048,32;2048,32;2048,32;2048,32;2048,32;2048,32;2048,32;2048,32;2048,32;2048,32;2048,32;2048,32;2048,32;2048,32;2048,32;2048,32;2048,32;2048,32;2048,32;2048,32;2048,32;2048,32;2048,32;2048,32;2048,32;2048,32;2048,32;2048,32;2048,32;2048,32;2048,32""",FLOAT16;FLOAT16;FLOAT16;FLOAT16;FLOAT16;FLOAT16;FLOAT16;FLOAT16;FLOAT16;FLOAT16;FLOAT16;FLOAT16;FLOAT16;FLOAT16;FLOAT16;FLOAT16;FLOAT16;FLOAT16;FLOAT16;FLOAT16;FLOAT16;FLOAT16;FLOAT16;FLOAT16;FLOAT16;FLOAT16;FLOAT16;FLOAT16;FLOAT16;FLOAT16;FLOAT16;FLOAT16,ND;ND;ND;ND;ND;ND;ND;ND;ND;ND;ND;ND;ND;ND;ND;ND;ND;ND;ND;ND;ND;ND;ND;ND;ND;ND;ND;ND;ND;ND;ND;ND,"""2048,1024""",FLOAT16,ND,N/A,0.0,0,0.0,0.0,0.0,0.0,0.0,0.0,0.0,0.0,0.0,0.0,0.0,14.383,949293,0.017,0.001,5.379,0.374,9.709,0.675,1.38,0.096,0.0,0.000
0,4294967295,84,47,aclnnMul_MulAiCore_Mul,Mul,dynamic,AI_VECTOR_CORE,1785698867253494.767	,328.827,0.000000,40,0,NO,"""4096,4096;4096,4096""",FLOAT;FLOAT,ND;ND,"""4096,4096""",FLOAT,ND,N/A,0.0,0,0.0,0.0,0.0,0.0,0.0,0.0,0.0,0.0,0.0,0.0,0.0,326.673,21560389,6.784,0.021,3.026,0.009,325.133,0.995,110.001,0.337,0.0,0.000
0,4294967295,85,47,Concat,Concat,dynamic,AI_VECTOR_CORE,1785698867253823.634	,17.060,0.173000,40,0,NO,"""2048,32;2048,32;2048,32;2048,32;2048,32;2048,32;2048,32;2048,32;2048,32;2048,32;2048,32;2048,32;2048,32;2048,32;2048,32;2048,32;2048,32;2048,32;2048,32;2048,32;2048,32;2048,32;2048,32;2048,32;2048,32;2048,32;2048,32;2048,32;2048,32;2048,32;2048,32;2048,32""",FLOAT16;FLOAT16;FLOAT16;FLOAT16;FLOAT16;FLOAT16;FLOAT16;FLOAT16;FLOAT16;FLOAT16;FLOAT16;FLOAT16;FLOAT16;FLOAT16;FLOAT16;FLOAT16;FLOAT16;FLOAT16;FLOAT16;FLOAT16;FLOAT16;FLOAT16;FLOAT16;FLOAT16;FLOAT16;FLOAT16;FLOAT16;FLOAT16;FLOAT16;FLOAT16;FLOAT16;FLOAT16,ND;ND;ND;ND;ND;ND;ND;ND;ND;ND;ND;ND;ND;ND;ND;ND;ND;ND;ND;ND;ND;ND;ND;ND;ND;ND;ND;ND;ND;ND;ND;ND,"""2048,1024""",FLOAT16,ND,N/A,0.0,0,0.0,0.0,0.0,0.0,0.0,0.0,0.0,0.0,0.0,0.0,0.0,13.951,920752,0.017,0.001,5.464,0.392,9.374,0.672,1.233,0.088,0.0,0.000
0,4294967295,86,47,aclnnMul_MulAiCore_Mul,Mul,dynamic,AI_VECTOR_CORE,1785698867253840.714	,330.367,0.000000,40,0,NO,"""4096,4096;4096,4096""",FLOAT;FLOAT,ND;ND,"""4096,4096""",FLOAT,ND,N/A,0.0,0,0.0,0.0,0.0,0.0,0.0,0.0,0.0,0.0,0.0,0.0,0.0,327.849,21638001,6.784,0.021,3.843,0.012,325.418,0.993,109.522,0.334,0.0,0.000
0,4294967295,87,47,Concat,Concat,dynamic,AI_VECTOR_CORE,1785698867254171.101	,17.240,0.000000,40,0,NO,"""2048,32;2048,32;2048,32;2048,32;2048,32;2048,32;2048,32;2048,32;2048,32;2048,32;2048,32;2048,32;2048,32;2048,32;2048,32;2048,32;2048,32;2048,32;2048,32;2048,32;2048,32;2048,32;2048,32;2048,32;2048,32;2048,32;2048,32;2048,32;2048,32;2048,32;2048,32;2048,32""",FLOAT16;FLOAT16;FLOAT16;FLOAT16;FLOAT16;FLOAT16;FLOAT16;FLOAT16;FLOAT16;FLOAT16;FLOAT16;FLOAT16;FLOAT16;FLOAT16;FLOAT16;FLOAT16;FLOAT16;FLOAT16;FLOAT16;FLOAT16;FLOAT16;FLOAT16;FLOAT16;FLOAT16;FLOAT16;FLOAT16;FLOAT16;FLOAT16;FLOAT16;FLOAT16;FLOAT16;FLOAT16,ND;ND;ND;ND;ND;ND;ND;ND;ND;ND;ND;ND;ND;ND;ND;ND;ND;ND;ND;ND;ND;ND;ND;ND;ND;ND;ND;ND;ND;ND;ND;ND,"""2048,1024""",FLOAT16,ND,N/A,0.0,0,0.0,0.0,0.0,0.0,0.0,0.0,0.0,0.0,0.0,0.0,0.0,14.035,926306,0.017,0.001,5.345,0.381,9.243,0.659,1.465,0.104,0.0,0.000
0,4294967295,88,47,aclnnMul_MulAiCore_Mul,Mul,dynamic,AI_VECTOR_CORE,1785698867254188.381	,328.586,0.260000,40,0,NO,"""4096,4096;4096,4096""",FLOAT;FLOAT,ND;ND,"""4096,4096""",FLOAT,ND,N/A,0.0,0,0.0,0.0,0.0,0.0,0.0,0.0,0.0,0.0,0.0,0.0,0.0,326.543,21551859,6.784,0.021,2.924,0.009,325.081,0.996,110.719,0.339,0.0,0.000
0,4294967295,89,47,Concat,Concat,dynamic,AI_VECTOR_CORE,1785698867254516.987	,16.561,0.000000,40,0,NO,"""2048,32;2048,32;2048,32;2048,32;2048,32;2048,32;2048,32;2048,32;2048,32;2048,32;2048,32;2048,32;2048,32;2048,32;2048,32;2048,32;2048,32;2048,32;2048,32;2048,32;2048,32;2048,32;2048,32;2048,32;2048,32;2048,32;2048,32;2048,32;2048,32;2048,32;2048,32;2048,32""",FLOAT16;FLOAT16;FLOAT16;FLOAT16;FLOAT16;FLOAT16;FLOAT16;FLOAT16;FLOAT16;FLOAT16;FLOAT16;FLOAT16;FLOAT16;FLOAT16;FLOAT16;FLOAT16;FLOAT16;FLOAT16;FLOAT16;FLOAT16;FLOAT16;FLOAT16;FLOAT16;FLOAT16;FLOAT16;FLOAT16;FLOAT16;FLOAT16;FLOAT16;FLOAT16;FLOAT16;FLOAT16,ND;ND;ND;ND;ND;ND;ND;ND;ND;ND;ND;ND;ND;ND;ND;ND;ND;ND;ND;ND;ND;ND;ND;ND;ND;ND;ND;ND;ND;ND;ND;ND,"""2048,1024""",FLOAT16,ND,N/A,0.0,0,0.0,0.0,0.0,0.0,0.0,0.0,0.0,0.0,0.0,0.0,0.0,13.26,875158,0.017,0.001,5.657,0.427,8.937,0.674,1.072,0.081,0.0,0.000
0,4294967295,90,47,aclnnMul_MulAiCore_Mul,Mul,dynamic,AI_VECTOR_CORE,1785698867254533.588	,329.766,0.000000,40,0,NO,"""4096,4096;4096,4096""",FLOAT;FLOAT,ND;ND,"""4096,4096""",FLOAT,ND,N/A,0.0,0,0.0,0.0,0.0,0.0,0.0,0.0,0.0,0.0,0.0,0.0,0.0,327.014,21582909,6.784,0.021,3.053,0.009,325.419,0.995,111.679,0.342,0.0,0.000
0,4294967295,91,47,Concat,Concat,dynamic,AI_VECTOR_CORE,1785698867254863.374	,17.221,0.000000,40,0,NO,"""2048,32;2048,32;2048,32;2048,32;2048,32;2048,32;2048,32;2048,32;2048,32;2048,32;2048,32;2048,32;2048,32;2048,32;2048,32;2048,32;2048,32;2048,32;2048,32;2048,32;2048,32;2048,32;2048,32;2048,32;2048,32;2048,32;2048,32;2048,32;2048,32;2048,32;2048,32;2048,32""",FLOAT16;FLOAT16;FLOAT16;FLOAT16;FLOAT16;FLOAT16;FLOAT16;FLOAT16;FLOAT16;FLOAT16;FLOAT16;FLOAT16;FLOAT16;FLOAT16;FLOAT16;FLOAT16;FLOAT16;FLOAT16;FLOAT16;FLOAT16;FLOAT16;FLOAT16;FLOAT16;FLOAT16;FLOAT16;FLOAT16;FLOAT16;FLOAT16;FLOAT16;FLOAT16;FLOAT16;FLOAT16,ND;ND;ND;ND;ND;ND;ND;ND;ND;ND;ND;ND;ND;ND;ND;ND;ND;ND;ND;ND;ND;ND;ND;ND;ND;ND;ND;ND;ND;ND;ND;ND,"""2048,1024""",FLOAT16,ND,N/A,0.0,0,0.0,0.0,0.0,0.0,0.0,0.0,0.0,0.0,0.0,0.0,0.0,13.369,882329,0.017,0.001,5.903,0.442,8.651,0.647,1.333,0.1,0.0,0.000
0,4294967295,92,47,aclnnMul_MulAiCore_Mul,Mul,dynamic,AI_VECTOR_CORE,1785698867254880.615	,329.426,0.029000,40,0,NO,"""4096,4096;4096,4096""",FLOAT;FLOAT,ND;ND,"""4096,4096""",FLOAT,ND,N/A,0.0,0,0.0,0.0,0.0,0.0,0.0,0.0,0.0,0.0,0.0,0.0,0.0,326.944,21578327,6.784,0.021,2.936,0.009,325.504,0.996,113.4,0.347,0.0,0.000
0,4294967295,93,47,Concat,Concat,dynamic,AI_VECTOR_CORE,1785698867255210.081	,15.881,0.074000,40,0,NO,"""2048,32;2048,32;2048,32;2048,32;2048,32;2048,32;2048,32;2048,32;2048,32;2048,32;2048,32;2048,32;2048,32;2048,32;2048,32;2048,32;2048,32;2048,32;2048,32;2048,32;2048,32;2048,32;2048,32;2048,32;2048,32;2048,32;2048,32;2048,32;2048,32;2048,32;2048,32;2048,32""",FLOAT16;FLOAT16;FLOAT16;FLOAT16;FLOAT16;FLOAT16;FLOAT16;FLOAT16;FLOAT16;FLOAT16;FLOAT16;FLOAT16;FLOAT16;FLOAT16;FLOAT16;FLOAT16;FLOAT16;FLOAT16;FLOAT16;FLOAT16;FLOAT16;FLOAT16;FLOAT16;FLOAT16;FLOAT16;FLOAT16;FLOAT16;FLOAT16;FLOAT16;FLOAT16;FLOAT16;FLOAT16,ND;ND;ND;ND;ND;ND;ND;ND;ND;ND;ND;ND;ND;ND;ND;ND;ND;ND;ND;ND;ND;ND;ND;ND;ND;ND;ND;ND;ND;ND;ND;ND,"""2048,1024""",FLOAT16,ND,N/A,0.0,0,0.0,0.0,0.0,0.0,0.0,0.0,0.0,0.0,0.0,0.0,0.0,11.33,747774,0.017,0.001,6.424,0.567,5.838,0.515,0.887,0.078,0.0,0.000
0,4294967295,94,47,aclnnMul_MulAiCore_Mul,Mul,dynamic,AI_VECTOR_CORE,1785698867255225.982	,329.366,0.119000,40,0,NO,"""4096,4096;4096,4096""",FLOAT;FLOAT,ND;ND,"""4096,4096""",FLOAT,ND,N/A,0.0,0,0.0,0.0,0.0,0.0,0.0,0.0,0.0,0.0,0.0,0.0,0.0,327.451,21611783,6.784,0.021,3.01,0.009,325.912,0.995,110.51,0.337,0.0,0.000
0,4294967295,95,47,Concat,Concat,dynamic,AI_VECTOR_CORE,1785698867255555.368	,17.401,0.000000,40,0,NO,"""2048,32;2048,32;2048,32;2048,32;2048,32;2048,32;2048,32;2048,32;2048,32;2048,32;2048,32;2048,32;2048,32;2048,32;2048,32;2048,32;2048,32;2048,32;2048,32;2048,32;2048,32;2048,32;2048,32;2048,32;2048,32;2048,32;2048,32;2048,32;2048,32;2048,32;2048,32;2048,32""",FLOAT16;FLOAT16;FLOAT16;FLOAT16;FLOAT16;FLOAT16;FLOAT16;FLOAT16;FLOAT16;FLOAT16;FLOAT16;FLOAT16;FLOAT16;FLOAT16;FLOAT16;FLOAT16;FLOAT16;FLOAT16;FLOAT16;FLOAT16;FLOAT16;FLOAT16;FLOAT16;FLOAT16;FLOAT16;FLOAT16;FLOAT16;FLOAT16;FLOAT16;FLOAT16;FLOAT16;FLOAT16,ND;ND;ND;ND;ND;ND;ND;ND;ND;ND;ND;ND;ND;ND;ND;ND;ND;ND;ND;ND;ND;ND;ND;ND;ND;ND;ND;ND;ND;ND;ND;ND,"""2048,1024""",FLOAT16,ND,N/A,0.0,0,0.0,0.0,0.0,0.0,0.0,0.0,0.0,0.0,0.0,0.0,0.0,14.415,951407,0.017,0.001,5.543,0.385,9.677,0.671,1.316,0.091,0.0,0.000
0,4294967295,96,47,aclnnMul_MulAiCore_Mul,Mul,dynamic,AI_VECTOR_CORE,1785698867255572.789	,329.206,0.099000,40,0,NO,"""4096,4096;4096,4096""",FLOAT;FLOAT,ND;ND,"""4096,4096""",FLOAT,ND,N/A,0.0,0,0.0,0.0,0.0,0.0,0.0,0.0,0.0,0.0,0.0,0.0,0.0,326.909,21575984,6.784,0.021,3.095,0.009,325.282,0.995,110.293,0.337,0.0,0.000
0,4294967295,97,47,Concat,Concat,dynamic,AI_VECTOR_CORE,1785698867255902.035	,16.320,0.044000,40,0,NO,"""2048,32;2048,32;2048,32;2048,32;2048,32;2048,32;2048,32;2048,32;2048,32;2048,32;2048,32;2048,32;2048,32;2048,32;2048,32;2048,32;2048,32;2048,32;2048,32;2048,32;2048,32;2048,32;2048,32;2048,32;2048,32;2048,32;2048,32;2048,32;2048,32;2048,32;2048,32;2048,32""",FLOAT16;FLOAT16;FLOAT16;FLOAT16;FLOAT16;FLOAT16;FLOAT16;FLOAT16;FLOAT16;FLOAT16;FLOAT16;FLOAT16;FLOAT16;FLOAT16;FLOAT16;FLOAT16;FLOAT16;FLOAT16;FLOAT16;FLOAT16;FLOAT16;FLOAT16;FLOAT16;FLOAT16;FLOAT16;FLOAT16;FLOAT16;FLOAT16;FLOAT16;FLOAT16;FLOAT16;FLOAT16,ND;ND;ND;ND;ND;ND;ND;ND;ND;ND;ND;ND;ND;ND;ND;ND;ND;ND;ND;ND;ND;ND;ND;ND;ND;ND;ND;ND;ND;ND;ND;ND,"""2048,1024""",FLOAT16,ND,N/A,0.0,0,0.0,0.0,0.0,0.0,0.0,0.0,0.0,0.0,0.0,0.0,0.0,13.087,863773,0.017,0.001,5.573,0.426,8.534,0.652,1.288,0.098,0.0,0.000
0,4294967295,98,47,aclnnMul_MulAiCore_Mul,Mul,dynamic,AI_VECTOR_CORE,1785698867255918.375	,329.027,0.180000,40,0,NO,"""4096,4096;4096,4096""",FLOAT;FLOAT,ND;ND,"""4096,4096""",FLOAT,ND,N/A,0.0,0,0.0,0.0,0.0,0.0,0.0,0.0,0.0,0.0,0.0,0.0,0.0,326.817,21569943,6.784,0.021,3.081,0.009,325.153,0.995,111.627,0.342,0.0,0.000
0,4294967295,99,47,Concat,Concat,dynamic,AI_VECTOR_CORE,1785698867256247.442	,16.960,0.000000,40,0,NO,"""2048,32;2048,32;2048,32;2048,32;2048,32;2048,32;2048,32;2048,32;2048,32;2048,32;2048,32;2048,32;2048,32;2048,32;2048,32;2048,32;2048,32;2048,32;2048,32;2048,32;2048,32;2048,32;2048,32;2048,32;2048,32;2048,32;2048,32;2048,32;2048,32;2048,32;2048,32;2048,32""",FLOAT16;FLOAT16;FLOAT16;FLOAT16;FLOAT16;FLOAT16;FLOAT16;FLOAT16;FLOAT16;FLOAT16;FLOAT16;FLOAT16;FLOAT16;FLOAT16;FLOAT16;FLOAT16;FLOAT16;FLOAT16;FLOAT16;FLOAT16;FLOAT16;FLOAT16;FLOAT16;FLOAT16;FLOAT16;FLOAT16;FLOAT16;FLOAT16;FLOAT16;FLOAT16;FLOAT16;FLOAT16,ND;ND;ND;ND;ND;ND;ND;ND;ND;ND;ND;ND;ND;ND;ND;ND;ND;ND;ND;ND;ND;ND;ND;ND;ND;ND;ND;ND;ND;ND;ND;ND,"""2048,1024""",FLOAT16,ND,N/A,0.0,0,0.0,0.0,0.0,0.0,0.0,0.0,0.0,0.0,0.0,0.0,0.0,13.949,920629,0.017,0.001,5.523,0.396,9.22,0.661,1.403,0.101,0.0,0.000
0,4294967295,100,47,aclnnMul_MulAiCore_Mul,Mul,dynamic,AI_VECTOR_CORE,1785698867256264.422	,328.267,0.040000,40,0,NO,"""4096,4096;4096,4096""",FLOAT;FLOAT,ND;ND,"""4096,4096""",FLOAT,ND,N/A,0.0,0,0.0,0.0,0.0,0.0,0.0,0.0,0.0,0.0,0.0,0.0,0.0,326.179,21527841,6.784,0.021,3.065,0.009,324.565,0.995,109.805,0.337,0.0,0.000
0,4294967295,101,47,Concat,Concat,dynamic,AI_VECTOR_CORE,1785698867256592.709	,17.580,0.000000,40,0,NO,"""2048,32;2048,32;2048,32;2048,32;2048,32;2048,32;2048,32;2048,32;2048,32;2048,32;2048,32;2048,32;2048,32;2048,32;2048,32;2048,32;2048,32;2048,32;2048,32;2048,32;2048,32;2048,32;2048,32;2048,32;2048,32;2048,32;2048,32;2048,32;2048,32;2048,32;2048,32;2048,32""",FLOAT16;FLOAT16;FLOAT16;FLOAT16;FLOAT16;FLOAT16;FLOAT16;FLOAT16;FLOAT16;FLOAT16;FLOAT16;FLOAT16;FLOAT16;FLOAT16;FLOAT16;FLOAT16;FLOAT16;FLOAT16;FLOAT16;FLOAT16;FLOAT16;FLOAT16;FLOAT16;FLOAT16;FLOAT16;FLOAT16;FLOAT16;FLOAT16;FLOAT16;FLOAT16;FLOAT16;FLOAT16,ND;ND;ND;ND;ND;ND;ND;ND;ND;ND;ND;ND;ND;ND;ND;ND;ND;ND;ND;ND;ND;ND;ND;ND;ND;ND;ND;ND;ND;ND;ND;ND,"""2048,1024""",FLOAT16,ND,N/A,0.0,0,0.0,0.0,0.0,0.0,0.0,0.0,0.0,0.0,0.0,0.0,0.0,14.101,930691,0.017,0.001,5.07,0.36,9.599,0.681,1.102,0.078,0.0,0.000
0,4294967295,102,47,aclnnMul_MulAiCore_Mul,Mul,dynamic,AI_VECTOR_CORE,1785698867256610.309	,329.147,0.000000,40,0,NO,"""4096,4096;4096,4096""",FLOAT;FLOAT,ND;ND,"""4096,4096""",FLOAT,ND,N/A,0.0,0,0.0,0.0,0.0,0.0,0.0,0.0,0.0,0.0,0.0,0.0,0.0,326.785,21567834,6.784,0.021,3.166,0.01,325.065,0.995,110.773,0.339,0.0,0.000
0,4294967295,103,47,Concat,Concat,dynamic,AI_VECTOR_CORE,1785698867256939.476	,18.140,0.103000,40,0,NO,"""2048,32;2048,32;2048,32;2048,32;2048,32;2048,32;2048,32;2048,32;2048,32;2048,32;2048,32;2048,32;2048,32;2048,32;2048,32;2048,32;2048,32;2048,32;2048,32;2048,32;2048,32;2048,32;2048,32;2048,32;2048,32;2048,32;2048,32;2048,32;2048,32;2048,32;2048,32;2048,32""",FLOAT16;FLOAT16;FLOAT16;FLOAT16;FLOAT16;FLOAT16;FLOAT16;FLOAT16;FLOAT16;FLOAT16;FLOAT16;FLOAT16;FLOAT16;FLOAT16;FLOAT16;FLOAT16;FLOAT16;FLOAT16;FLOAT16;FLOAT16;FLOAT16;FLOAT16;FLOAT16;FLOAT16;FLOAT16;FLOAT16;FLOAT16;FLOAT16;FLOAT16;FLOAT16;FLOAT16;FLOAT16,ND;ND;ND;ND;ND;ND;ND;ND;ND;ND;ND;ND;ND;ND;ND;ND;ND;ND;ND;ND;ND;ND;ND;ND;ND;ND;ND;ND;ND;ND;ND;ND,"""2048,1024""",FLOAT16,ND,N/A,0.0,0,0.0,0.0,0.0,0.0,0.0,0.0,0.0,0.0,0.0,0.0,0.0,14.822,978234,0.017,0.001,5.164,0.348,10.06,0.679,1.341,0.09,0.0,0.000
0,4294967295,104,47,aclnnMul_MulAiCore_Mul,Mul,dynamic,AI_VECTOR_CORE,1785698867256957.636	,328.447,0.110000,40,0,NO,"""4096,4096;4096,4096""",FLOAT;FLOAT,ND;ND,"""4096,4096""",FLOAT,ND,N/A,0.0,0,0.0,0.0,0.0,0.0,0.0,0.0,0.0,0.0,0.0,0.0,0.0,326.366,21540165,6.784,0.021,2.929,0.009,324.92,0.996,111.303,0.341,0.0,0.000
0,4294967295,105,47,Concat,Concat,dynamic,AI_VECTOR_CORE,1785698867257286.103	,16.880,0.000000,40,0,NO,"""2048,32;2048,32;2048,32;2048,32;2048,32;2048,32;2048,32;2048,32;2048,32;2048,32;2048,32;2048,32;2048,32;2048,32;2048,32;2048,32;2048,32;2048,32;2048,32;2048,32;2048,32;2048,32;2048,32;2048,32;2048,32;2048,32;2048,32;2048,32;2048,32;2048,32;2048,32;2048,32""",FLOAT16;FLOAT16;FLOAT16;FLOAT16;FLOAT16;FLOAT16;FLOAT16;FLOAT16;FLOAT16;FLOAT16;FLOAT16;FLOAT16;FLOAT16;FLOAT16;FLOAT16;FLOAT16;FLOAT16;FLOAT16;FLOAT16;FLOAT16;FLOAT16;FLOAT16;FLOAT16;FLOAT16;FLOAT16;FLOAT16;FLOAT16;FLOAT16;FLOAT16;FLOAT16;FLOAT16;FLOAT16,ND;ND;ND;ND;ND;ND;ND;ND;ND;ND;ND;ND;ND;ND;ND;ND;ND;ND;ND;ND;ND;ND;ND;ND;ND;ND;ND;ND;ND;ND;ND;ND,"""2048,1024""",FLOAT16,ND,N/A,0.0,0,0.0,0.0,0.0,0.0,0.0,0.0,0.0,0.0,0.0,0.0,0.0,13.73,906200,0.017,0.001,5.489,0.4,9.291,0.677,1.095,0.08,0.0,0.000
0,4294967295,106,47,aclnnMul_MulAiCore_Mul,Mul,dynamic,AI_VECTOR_CORE,1785698867257303.003	,329.107,0.120000,40,0,NO,"""4096,4096;4096,4096""",FLOAT;FLOAT,ND;ND,"""4096,4096""",FLOAT,ND,N/A,0.0,0,0.0,0.0,0.0,0.0,0.0,0.0,0.0,0.0,0.0,0.0,0.0,327.146,21591625,6.784,0.021,3.048,0.009,325.568,0.995,111.799,0.342,0.0,0.000
0,4294967295,107,47,Concat,Concat,dynamic,AI_VECTOR_CORE,1785698867257632.130	,17.560,0.143000,40,0,NO,"""2048,32;2048,32;2048,32;2048,32;2048,32;2048,32;2048,32;2048,32;2048,32;2048,32;2048,32;2048,32;2048,32;2048,32;2048,32;2048,32;2048,32;2048,32;2048,32;2048,32;2048,32;2048,32;2048,32;2048,32;2048,32;2048,32;2048,32;2048,32;2048,32;2048,32;2048,32;2048,32""",FLOAT16;FLOAT16;FLOAT16;FLOAT16;FLOAT16;FLOAT16;FLOAT16;FLOAT16;FLOAT16;FLOAT16;FLOAT16;FLOAT16;FLOAT16;FLOAT16;FLOAT16;FLOAT16;FLOAT16;FLOAT16;FLOAT16;FLOAT16;FLOAT16;FLOAT16;FLOAT16;FLOAT16;FLOAT16;FLOAT16;FLOAT16;FLOAT16;FLOAT16;FLOAT16;FLOAT16;FLOAT16,ND;ND;ND;ND;ND;ND;ND;ND;ND;ND;ND;ND;ND;ND;ND;ND;ND;ND;ND;ND;ND;ND;ND;ND;ND;ND;ND;ND;ND;ND;ND;ND,"""2048,1024""",FLOAT16,ND,N/A,0.0,0,0.0,0.0,0.0,0.0,0.0,0.0,0.0,0.0,0.0,0.0,0.0,14.595,963281,0.017,0.001,5.102,0.35,9.86,0.676,1.423,0.098,0.0,0.000
0,4294967295,108,47,aclnnMul_MulAiCore_Mul,Mul,dynamic,AI_VECTOR_CORE,1785698867257649.710	,328.567,0.000000,40,0,NO,"""4096,4096;4096,4096""",FLOAT;FLOAT,ND;ND,"""4096,4096""",FLOAT,ND,N/A,0.0,0,0.0,0.0,0.0,0.0,0.0,0.0,0.0,0.0,0.0,0.0,0.0,326.387,21541510,6.784,0.021,2.969,0.009,324.922,0.996,111.001,0.34,0.0,0.000
0,4294967295,109,47,Concat,Concat,dynamic,AI_VECTOR_CORE,1785698867257978.297	,17.120,0.000000,40,0,NO,"""2048,32;2048,32;2048,32;2048,32;2048,32;2048,32;2048,32;2048,32;2048,32;2048,32;2048,32;2048,32;2048,32;2048,32;2048,32;2048,32;2048,32;2048,32;2048,32;2048,32;2048,32;2048,32;2048,32;2048,32;2048,32;2048,32;2048,32;2048,32;2048,32;2048,32;2048,32;2048,32""",FLOAT16;FLOAT16;FLOAT16;FLOAT16;FLOAT16;FLOAT16;FLOAT16;FLOAT16;FLOAT16;FLOAT16;FLOAT16;FLOAT16;FLOAT16;FLOAT16;FLOAT16;FLOAT16;FLOAT16;FLOAT16;FLOAT16;FLOAT16;FLOAT16;FLOAT16;FLOAT16;FLOAT16;FLOAT16;FLOAT16;FLOAT16;FLOAT16;FLOAT16;FLOAT16;FLOAT16;FLOAT16,ND;ND;ND;ND;ND;ND;ND;ND;ND;ND;ND;ND;ND;ND;ND;ND;ND;ND;ND;ND;ND;ND;ND;ND;ND;ND;ND;ND;ND;ND;ND;ND,"""2048,1024""",FLOAT16,ND,N/A,0.0,0,0.0,0.0,0.0,0.0,0.0,0.0,0.0,0.0,0.0,0.0,0.0,13.957,921133,0.017,0.001,5.067,0.363,9.354,0.67,1.3,0.093,0.0,0.000
0,4294967295,110,47,aclnnMul_MulAiCore_Mul,Mul,dynamic,AI_VECTOR_CORE,1785698867257995.437	,329.027,0.130000,40,0,NO,"""4096,4096;4096,4096""",FLOAT;FLOAT,ND;ND,"""4096,4096""",FLOAT,ND,N/A,0.0,0,0.0,0.0,0.0,0.0,0.0,0.0,0.0,0.0,0.0,0.0,0.0,327.125,21590218,6.784,0.021,3.029,0.009,325.583,0.995,110.258,0.337,0.0,0.000
0,4294967295,111,47,Concat,Concat,dynamic,AI_VECTOR_CORE,1785698867258324.484	,17.500,0.000000,40,0,NO,"""2048,32;2048,32;2048,32;2048,32;2048,32;2048,32;2048,32;2048,32;2048,32;2048,32;2048,32;2048,32;2048,32;2048,32;2048,32;2048,32;2048,32;2048,32;2048,32;2048,32;2048,32;2048,32;2048,32;2048,32;2048,32;2048,32;2048,32;2048,32;2048,32;2048,32;2048,32;2048,32""",FLOAT16;FLOAT16;FLOAT16;FLOAT16;FLOAT16;FLOAT16;FLOAT16;FLOAT16;FLOAT16;FLOAT16;FLOAT16;FLOAT16;FLOAT16;FLOAT16;FLOAT16;FLOAT16;FLOAT16;FLOAT16;FLOAT16;FLOAT16;FLOAT16;FLOAT16;FLOAT16;FLOAT16;FLOAT16;FLOAT16;FLOAT16;FLOAT16;FLOAT16;FLOAT16;FLOAT16;FLOAT16,ND;ND;ND;ND;ND;ND;ND;ND;ND;ND;ND;ND;ND;ND;ND;ND;ND;ND;ND;ND;ND;ND;ND;ND;ND;ND;ND;ND;ND;ND;ND;ND,"""2048,1024""",FLOAT16,ND,N/A,0.0,0,0.0,0.0,0.0,0.0,0.0,0.0,0.0,0.0,0.0,0.0,0.0,14.5,956999,0.017,0.001,5.219,0.36,9.787,0.675,1.357,0.094,0.0,0.000
0,4294967295,112,47,aclnnMul_MulAiCore_Mul,Mul,dynamic,AI_VECTOR_CORE,1785698867258342.004	,328.426,0.000000,40,0,NO,"""4096,4096;4096,4096""",FLOAT;FLOAT,ND;ND,"""4096,4096""",FLOAT,ND,N/A,0.0,0,0.0,0.0,0.0,0.0,0.0,0.0,0.0,0.0,0.0,0.0,0.0,326.537,21551469,6.784,0.021,3.066,0.009,324.973,0.995,112.038,0.343,0.0,0.000
0,4294967295,113,47,Concat,Concat,dynamic,AI_VECTOR_CORE,1785698867258670.450	,17.661,0.074000,40,0,NO,"""2048,32;2048,32;2048,32;2048,32;2048,32;2048,32;2048,32;2048,32;2048,32;2048,32;2048,32;2048,32;2048,32;2048,32;2048,32;2048,32;2048,32;2048,32;2048,32;2048,32;2048,32;2048,32;2048,32;2048,32;2048,32;2048,32;2048,32;2048,32;2048,32;2048,32;2048,32;2048,32""",FLOAT16;FLOAT16;FLOAT16;FLOAT16;FLOAT16;FLOAT16;FLOAT16;FLOAT16;FLOAT16;FLOAT16;FLOAT16;FLOAT16;FLOAT16;FLOAT16;FLOAT16;FLOAT16;FLOAT16;FLOAT16;FLOAT16;FLOAT16;FLOAT16;FLOAT16;FLOAT16;FLOAT16;FLOAT16;FLOAT16;FLOAT16;FLOAT16;FLOAT16;FLOAT16;FLOAT16;FLOAT16,ND;ND;ND;ND;ND;ND;ND;ND;ND;ND;ND;ND;ND;ND;ND;ND;ND;ND;ND;ND;ND;ND;ND;ND;ND;ND;ND;ND;ND;ND;ND;ND,"""2048,1024""",FLOAT16,ND,N/A,0.0,0,0.0,0.0,0.0,0.0,0.0,0.0,0.0,0.0,0.0,0.0,0.0,14.46,954344,0.017,0.001,5.443,0.376,9.786,0.677,1.247,0.086,0.0,0.000
0,4294967295,114,47,aclnnMul_MulAiCore_Mul,Mul,dynamic,AI_VECTOR_CORE,1785698867258688.131	,330.326,0.089000,40,0,NO,"""4096,4096;4096,4096""",FLOAT;FLOAT,ND;ND,"""4096,4096""",FLOAT,ND,N/A,0.0,0,0.0,0.0,0.0,0.0,0.0,0.0,0.0,0.0,0.0,0.0,0.0,327.925,21643072,6.784,0.021,3.007,0.009,326.397,0.995,111.759,0.341,0.0,0.000
0,4294967295,115,47,Concat,Concat,dynamic,AI_VECTOR_CORE,1785698867259018.477	,17.981,0.000000,40,0,NO,"""2048,32;2048,32;2048,32;2048,32;2048,32;2048,32;2048,32;2048,32;2048,32;2048,32;2048,32;2048,32;2048,32;2048,32;2048,32;2048,32;2048,32;2048,32;2048,32;2048,32;2048,32;2048,32;2048,32;2048,32;2048,32;2048,32;2048,32;2048,32;2048,32;2048,32;2048,32;2048,32""",FLOAT16;FLOAT16;FLOAT16;FLOAT16;FLOAT16;FLOAT16;FLOAT16;FLOAT16;FLOAT16;FLOAT16;FLOAT16;FLOAT16;FLOAT16;FLOAT16;FLOAT16;FLOAT16;FLOAT16;FLOAT16;FLOAT16;FLOAT16;FLOAT16;FLOAT16;FLOAT16;FLOAT16;FLOAT16;FLOAT16;FLOAT16;FLOAT16;FLOAT16;FLOAT16;FLOAT16;FLOAT16,ND;ND;ND;ND;ND;ND;ND;ND;ND;ND;ND;ND;ND;ND;ND;ND;ND;ND;ND;ND;ND;ND;ND;ND;ND;ND;ND;ND;ND;ND;ND;ND,"""2048,1024""",FLOAT16,ND,N/A,0.0,0,0.0,0.0,0.0,0.0,0.0,0.0,0.0,0.0,0.0,0.0,0.0,14.656,967309,0.017,0.001,5.43,0.37,9.953,0.679,1.287,0.088,0.0,0.000
0,4294967295,116,47,aclnnMul_MulAiCore_Mul,Mul,dynamic,AI_VECTOR_CORE,1785698867259036.478	,329.306,0.019000,40,0,NO,"""4096,4096;4096,4096""",FLOAT;FLOAT,ND;ND,"""4096,4096""",FLOAT,ND,N/A,0.0,0,0.0,0.0,0.0,0.0,0.0,0.0,0.0,0.0,0.0,0.0,0.0,327.015,21583009,6.784,0.021,3.154,0.01,325.336,0.995,111.376,0.341,0.0,0.000
0,4294967295,117,47,Concat,Concat,dynamic,AI_VECTOR_CORE,1785698867259365.804	,16.281,0.000000,40,0,NO,"""2048,32;2048,32;2048,32;2048,32;2048,32;2048,32;2048,32;2048,32;2048,32;2048,32;2048,32;2048,32;2048,32;2048,32;2048,32;2048,32;2048,32;2048,32;2048,32;2048,32;2048,32;2048,32;2048,32;2048,32;2048,32;2048,32;2048,32;2048,32;2048,32;2048,32;2048,32;2048,32""",FLOAT16;FLOAT16;FLOAT16;FLOAT16;FLOAT16;FLOAT16;FLOAT16;FLOAT16;FLOAT16;FLOAT16;FLOAT16;FLOAT16;FLOAT16;FLOAT16;FLOAT16;FLOAT16;FLOAT16;FLOAT16;FLOAT16;FLOAT16;FLOAT16;FLOAT16;FLOAT16;FLOAT16;FLOAT16;FLOAT16;FLOAT16;FLOAT16;FLOAT16;FLOAT16;FLOAT16;FLOAT16,ND;ND;ND;ND;ND;ND;ND;ND;ND;ND;ND;ND;ND;ND;ND;ND;ND;ND;ND;ND;ND;ND;ND;ND;ND;ND;ND;ND;ND;ND;ND;ND,"""2048,1024""",FLOAT16,ND,N/A,0.0,0,0.0,0.0,0.0,0.0,0.0,0.0,0.0,0.0,0.0,0.0,0.0,13.237,873615,0.017,0.001,5.251,0.397,8.752,0.661,1.238,0.093,0.0,0.000
0,4294967295,118,47,aclnnMul_MulAiCore_Mul,Mul,dynamic,AI_VECTOR_CORE,1785698867259382.105	,330.566,0.000000,40,0,NO,"""4096,4096;4096,4096""",FLOAT;FLOAT,ND;ND,"""4096,4096""",FLOAT,ND,N/A,0.0,0,0.0,0.0,0.0,0.0,0.0,0.0,0.0,0.0,0.0,0.0,0.0,328.245,21664153,6.784,0.021,3.029,0.009,326.628,0.995,112.532,0.343,0.0,0.000
0,4294967295,119,47,Concat,Concat,dynamic,AI_VECTOR_CORE,1785698867259712.691	,16.581,0.184000,40,0,NO,"""2048,32;2048,32;2048,32;2048,32;2048,32;2048,32;2048,32;2048,32;2048,32;2048,32;2048,32;2048,32;2048,32;2048,32;2048,32;2048,32;2048,32;2048,32;2048,32;2048,32;2048,32;2048,32;2048,32;2048,32;2048,32;2048,32;2048,32;2048,32;2048,32;2048,32;2048,32;2048,32""",FLOAT16;FLOAT16;FLOAT16;FLOAT16;FLOAT16;FLOAT16;FLOAT16;FLOAT16;FLOAT16;FLOAT16;FLOAT16;FLOAT16;FLOAT16;FLOAT16;FLOAT16;FLOAT16;FLOAT16;FLOAT16;FLOAT16;FLOAT16;FLOAT16;FLOAT16;FLOAT16;FLOAT16;FLOAT16;FLOAT16;FLOAT16;FLOAT16;FLOAT16;FLOAT16;FLOAT16;FLOAT16,ND;ND;ND;ND;ND;ND;ND;ND;ND;ND;ND;ND;ND;ND;ND;ND;ND;ND;ND;ND;ND;ND;ND;ND;ND;ND;ND;ND;ND;ND;ND;ND,"""2048,1024""",FLOAT16,ND,N/A,0.0,0,0.0,0.0,0.0,0.0,0.0,0.0,0.0,0.0,0.0,0.0,0.0,13.632,899697,0.017,0.001,5.404,0.396,9.098,0.667,1.266,0.093,0.0,0.000
0,4294967295,120,47,aclnnMul_MulAiCore_Mul,Mul,dynamic,AI_VECTOR_CORE,1785698867259729.292	,329.586,0.000000,40,0,NO,"""4096,4096;4096,4096""",FLOAT;FLOAT,ND;ND,"""4096,4096""",FLOAT,ND,N/A,0.0,0,0.0,0.0,0.0,0.0,0.0,0.0,0.0,0.0,0.0,0.0,0.0,326.912,21576192,6.784,0.021,3.172,0.01,325.205,0.995,111.993,0.343,0.0,0.000
0,4294967295,121,47,Concat,Concat,dynamic,AI_VECTOR_CORE,1785698867260058.898	,17.321,0.164000,40,0,NO,"""2048,32;2048,32;2048,32;2048,32;2048,32;2048,32;2048,32;2048,32;2048,32;2048,32;2048,32;2048,32;2048,32;2048,32;2048,32;2048,32;2048,32;2048,32;2048,32;2048,32;2048,32;2048,32;2048,32;2048,32;2048,32;2048,32;2048,32;2048,32;2048,32;2048,32;2048,32;2048,32""",FLOAT16;FLOAT16;FLOAT16;FLOAT16;FLOAT16;FLOAT16;FLOAT16;FLOAT16;FLOAT16;FLOAT16;FLOAT16;FLOAT16;FLOAT16;FLOAT16;FLOAT16;FLOAT16;FLOAT16;FLOAT16;FLOAT16;FLOAT16;FLOAT16;FLOAT16;FLOAT16;FLOAT16;FLOAT16;FLOAT16;FLOAT16;FLOAT16;FLOAT16;FLOAT16;FLOAT16;FLOAT16,ND;ND;ND;ND;ND;ND;ND;ND;ND;ND;ND;ND;ND;ND;ND;ND;ND;ND;ND;ND;ND;ND;ND;ND;ND;ND;ND;ND;ND;ND;ND;ND,"""2048,1024""",FLOAT16,ND,N/A,0.0,0,0.0,0.0,0.0,0.0,0.0,0.0,0.0,0.0,0.0,0.0,0.0,14.081,929374,0.017,0.001,5.689,0.404,9.297,0.66,1.32,0.094,0.0,0.000
0,4294967295,122,47,aclnnMul_MulAiCore_Mul,Mul,dynamic,AI_VECTOR_CORE,1785698867260076.239	,330.086,0.000000,40,0,NO,"""4096,4096;4096,4096""",FLOAT;FLOAT,ND;ND,"""4096,4096""",FLOAT,ND,N/A,0.0,0,0.0,0.0,0.0,0.0,0.0,0.0,0.0,0.0,0.0,0.0,0.0,327.805,21635106,6.784,0.021,2.954,0.009,326.293,0.995,112.402,0.343,0.0,0.000
0,4294967295,123,47,Concat,Concat,dynamic,AI_VECTOR_CORE,1785698867260406.345	,16.860,0.000000,40,0,NO,"""2048,32;2048,32;2048,32;2048,32;2048,32;2048,32;2048,32;2048,32;2048,32;2048,32;2048,32;2048,32;2048,32;2048,32;2048,32;2048,32;2048,32;2048,32;2048,32;2048,32;2048,32;2048,32;2048,32;2048,32;2048,32;2048,32;2048,32;2048,32;2048,32;2048,32;2048,32;2048,32""",FLOAT16;FLOAT16;FLOAT16;FLOAT16;FLOAT16;FLOAT16;FLOAT16;FLOAT16;FLOAT16;FLOAT16;FLOAT16;FLOAT16;FLOAT16;FLOAT16;FLOAT16;FLOAT16;FLOAT16;FLOAT16;FLOAT16;FLOAT16;FLOAT16;FLOAT16;FLOAT16;FLOAT16;FLOAT16;FLOAT16;FLOAT16;FLOAT16;FLOAT16;FLOAT16;FLOAT16;FLOAT16,ND;ND;ND;ND;ND;ND;ND;ND;ND;ND;ND;ND;ND;ND;ND;ND;ND;ND;ND;ND;ND;ND;ND;ND;ND;ND;ND;ND;ND;ND;ND;ND,"""2048,1024""",FLOAT16,ND,N/A,0.0,0,0.0,0.0,0.0,0.0,0.0,0.0,0.0,0.0,0.0,0.0,0.0,13.389,883673,0.017,0.001,5.753,0.43,8.839,0.66,1.164,0.087,0.0,0.000
0,4294967295,124,47,aclnnMul_MulAiCore_Mul,Mul,dynamic,AI_VECTOR_CORE,1785698867260423.225	,330.247,0.140000,40,0,NO,"""4096,4096;4096,4096""",FLOAT;FLOAT,ND;ND,"""4096,4096""",FLOAT,ND,N/A,0.0,0,0.0,0.0,0.0,0.0,0.0,0.0,0.0,0.0,0.0,0.0,0.0,327.453,21611923,6.784,0.021,3.049,0.009,325.831,0.995,111.092,0.339,0.0,0.000
0,4294967295,125,47,Concat,Concat,dynamic,AI_VECTOR_CORE,1785698867260753.492	,16.640,0.003000,40,0,NO,"""2048,32;2048,32;2048,32;2048,32;2048,32;2048,32;2048,32;2048,32;2048,32;2048,32;2048,32;2048,32;2048,32;2048,32;2048,32;2048,32;2048,32;2048,32;2048,32;2048,32;2048,32;2048,32;2048,32;2048,32;2048,32;2048,32;2048,32;2048,32;2048,32;2048,32;2048,32;2048,32""",FLOAT16;FLOAT16;FLOAT16;FLOAT16;FLOAT16;FLOAT16;FLOAT16;FLOAT16;FLOAT16;FLOAT16;FLOAT16;FLOAT16;FLOAT16;FLOAT16;FLOAT16;FLOAT16;FLOAT16;FLOAT16;FLOAT16;FLOAT16;FLOAT16;FLOAT16;FLOAT16;FLOAT16;FLOAT16;FLOAT16;FLOAT16;FLOAT16;FLOAT16;FLOAT16;FLOAT16;FLOAT16,ND;ND;ND;ND;ND;ND;ND;ND;ND;ND;ND;ND;ND;ND;ND;ND;ND;ND;ND;ND;ND;ND;ND;ND;ND;ND;ND;ND;ND;ND;ND;ND,"""2048,1024""",FLOAT16,ND,N/A,0.0,0,0.0,0.0,0.0,0.0,0.0,0.0,0.0,0.0,0.0,0.0,0.0,13.116,865671,0.017,0.001,5.389,0.411,8.648,0.659,1.158,0.088,0.0,0.000
0,4294967295,126,47,aclnnMul_MulAiCore_Mul,Mul,dynamic,AI_VECTOR_CORE,1785698867260770.152	,330.487,0.110000,40,0,NO,"""4096,4096;4096,4096""",FLOAT;FLOAT,ND;ND,"""4096,4096""",FLOAT,ND,N/A,0.0,0,0.0,0.0,0.0,0.0,0.0,0.0,0.0,0.0,0.0,0.0,0.0,328.007,21648434,6.784,0.021,2.975,0.009,326.511,0.995,111.418,0.34,0.0,0.000
0,4294967295,127,47,Concat,Concat,dynamic,AI_VECTOR_CORE,1785698867261100.659	,16.680,0.013000,40,0,NO,"""2048,32;2048,32;2048,32;2048,32;2048,32;2048,32;2048,32;2048,32;2048,32;2048,32;2048,32;2048,32;2048,32;2048,32;2048,32;2048,32;2048,32;2048,32;2048,32;2048,32;2048,32;2048,32;2048,32;2048,32;2048,32;2048,32;2048,32;2048,32;2048,32;2048,32;2048,32;2048,32""",FLOAT16;FLOAT16;FLOAT16;FLOAT16;FLOAT16;FLOAT16;FLOAT16;FLOAT16;FLOAT16;FLOAT16;FLOAT16;FLOAT16;FLOAT16;FLOAT16;FLOAT16;FLOAT16;FLOAT16;FLOAT16;FLOAT16;FLOAT16;FLOAT16;FLOAT16;FLOAT16;FLOAT16;FLOAT16;FLOAT16;FLOAT16;FLOAT16;FLOAT16;FLOAT16;FLOAT16;FLOAT16,ND;ND;ND;ND;ND;ND;ND;ND;ND;ND;ND;ND;ND;ND;ND;ND;ND;ND;ND;ND;ND;ND;ND;ND;ND;ND;ND;ND;ND;ND;ND;ND,"""2048,1024""",FLOAT16,ND,N/A,0.0,0,0.0,0.0,0.0,0.0,0.0,0.0,0.0,0.0,0.0,0.0,0.0,13.234,873462,0.017,0.001,5.472,0.414,8.881,0.671,1.119,0.085,0.0,0.000
0,4294967295,128,47,aclnnMul_MulAiCore_Mul,Mul,dynamic,AI_VECTOR_CORE,1785698867261117.359	,329.387,0.000000,40,0,NO,"""4096,4096;4096,4096""",FLOAT;FLOAT,ND;ND,"""4096,4096""",FLOAT,ND,N/A,0.0,0,0.0,0.0,0.0,0.0,0.0,0.0,0.0,0.0,0.0,0.0,0.0,327.427,21610189,6.784,0.021,3.04,0.009,325.841,0.995,110.962,0.339,0.0,0.000
0,4294967295,129,47,Concat,Concat,dynamic,AI_VECTOR_CORE,1785698867261446.786	,16.580,0.113000,40,0,NO,"""2048,32;2048,32;2048,32;2048,32;2048,32;2048,32;2048,32;2048,32;2048,32;2048,32;2048,32;2048,32;2048,32;2048,32;2048,32;2048,32;2048,32;2048,32;2048,32;2048,32;2048,32;2048,32;2048,32;2048,32;2048,32;2048,32;2048,32;2048,32;2048,32;2048,32;2048,32;2048,32""",FLOAT16;FLOAT16;FLOAT16;FLOAT16;FLOAT16;FLOAT16;FLOAT16;FLOAT16;FLOAT16;FLOAT16;FLOAT16;FLOAT16;FLOAT16;FLOAT16;FLOAT16;FLOAT16;FLOAT16;FLOAT16;FLOAT16;FLOAT16;FLOAT16;FLOAT16;FLOAT16;FLOAT16;FLOAT16;FLOAT16;FLOAT16;FLOAT16;FLOAT16;FLOAT16;FLOAT16;FLOAT16,ND;ND;ND;ND;ND;ND;ND;ND;ND;ND;ND;ND;ND;ND;ND;ND;ND;ND;ND;ND;ND;ND;ND;ND;ND;ND;ND;ND;ND;ND;ND;ND,"""2048,1024""",FLOAT16,ND,N/A,0.0,0,0.0,0.0,0.0,0.0,0.0,0.0,0.0,0.0,0.0,0.0,0.0,13.44,887015,0.017,0.001,5.571,0.415,8.937,0.665,1.176,0.087,0.0,0.000
0,4294967295,130,47,aclnnMul_MulAiCore_Mul,Mul,dynamic,AI_VECTOR_CORE,1785698867261463.386	,328.827,0.170000,40,0,NO,"""4096,4096;4096,4096""",FLOAT;FLOAT,ND;ND,"""4096,4096""",FLOAT,ND,N/A,0.0,0,0.0,0.0,0.0,0.0,0.0,0.0,0.0,0.0,0.0,0.0,0.0,326.635,21557902,6.784,0.021,2.942,0.009,325.154,0.995,112.099,0.343,0.0,0.000
0,4294967295,131,47,Concat,Concat,dynamic,AI_VECTOR_CORE,1785698867261792.233	,16.280,0.000000,40,0,NO,"""2048,32;2048,32;2048,32;2048,32;2048,32;2048,32;2048,32;2048,32;2048,32;2048,32;2048,32;2048,32;2048,32;2048,32;2048,32;2048,32;2048,32;2048,32;2048,32;2048,32;2048,32;2048,32;2048,32;2048,32;2048,32;2048,32;2048,32;2048,32;2048,32;2048,32;2048,32;2048,32""",FLOAT16;FLOAT16;FLOAT16;FLOAT16;FLOAT16;FLOAT16;FLOAT16;FLOAT16;FLOAT16;FLOAT16;FLOAT16;FLOAT16;FLOAT16;FLOAT16;FLOAT16;FLOAT16;FLOAT16;FLOAT16;FLOAT16;FLOAT16;FLOAT16;FLOAT16;FLOAT16;FLOAT16;FLOAT16;FLOAT16;FLOAT16;FLOAT16;FLOAT16;FLOAT16;FLOAT16;FLOAT16,ND;ND;ND;ND;ND;ND;ND;ND;ND;ND;ND;ND;ND;ND;ND;ND;ND;ND;ND;ND;ND;ND;ND;ND;ND;ND;ND;ND;ND;ND;ND;ND,"""2048,1024""",FLOAT16,ND,N/A,0.0,0,0.0,0.0,0.0,0.0,0.0,0.0,0.0,0.0,0.0,0.0,0.0,12.688,837438,0.017,0.001,5.805,0.457,8.264,0.651,1.107,0.087,0.0,0.000
0,4294967295,132,47,aclnnMul_MulAiCore_Mul,Mul,dynamic,AI_VECTOR_CORE,1785698867261808.533	,329.767,0.000000,40,0,NO,"""4096,4096;4096,4096""",FLOAT;FLOAT,ND;ND,"""4096,4096""",FLOAT,ND,N/A,0.0,0,0.0,0.0,0.0,0.0,0.0,0.0,0.0,0.0,0.0,0.0,0.0,327.609,21622192,6.784,0.021,3.034,0.009,326.036,0.995,110.58,0.338,0.0,0.000
0,4294967295,133,47,Concat,Concat,dynamic,AI_VECTOR_CORE,1785698867262138.320	,17.300,0.000000,40,0,NO,"""2048,32;2048,32;2048,32;2048,32;2048,32;2048,32;2048,32;2048,32;2048,32;2048,32;2048,32;2048,32;2048,32;2048,32;2048,32;2048,32;2048,32;2048,32;2048,32;2048,32;2048,32;2048,32;2048,32;2048,32;2048,32;2048,32;2048,32;2048,32;2048,32;2048,32;2048,32;2048,32""",FLOAT16;FLOAT16;FLOAT16;FLOAT16;FLOAT16;FLOAT16;FLOAT16;FLOAT16;FLOAT16;FLOAT16;FLOAT16;FLOAT16;FLOAT16;FLOAT16;FLOAT16;FLOAT16;FLOAT16;FLOAT16;FLOAT16;FLOAT16;FLOAT16;FLOAT16;FLOAT16;FLOAT16;FLOAT16;FLOAT16;FLOAT16;FLOAT16;FLOAT16;FLOAT16;FLOAT16;FLOAT16,ND;ND;ND;ND;ND;ND;ND;ND;ND;ND;ND;ND;ND;ND;ND;ND;ND;ND;ND;ND;ND;ND;ND;ND;ND;ND;ND;ND;ND;ND;ND;ND,"""2048,1024""",FLOAT16,ND,N/A,0.0,0,0.0,0.0,0.0,0.0,0.0,0.0,0.0,0.0,0.0,0.0,0.0,13.729,906129,0.017,0.001,5.419,0.395,9.054,0.659,1.318,0.096,0.0,0.000
0,4294967295,134,47,aclnnMul_MulAiCore_Mul,Mul,dynamic,AI_VECTOR_CORE,1785698867262155.640	,329.827,0.200000,40,0,NO,"""4096,4096;4096,4096""",FLOAT;FLOAT,ND;ND,"""4096,4096""",FLOAT,ND,N/A,0.0,0,0.0,0.0,0.0,0.0,0.0,0.0,0.0,0.0,0.0,0.0,0.0,327.353,21605278,6.784,0.021,2.91,0.009,325.889,0.996,111.37,0.34,0.0,0.000
0,4294967295,135,47,Concat,Concat,dynamic,AI_VECTOR_CORE,1785698867262485.487	,16.900,0.000000,40,0,NO,"""2048,32;2048,32;2048,32;2048,32;2048,32;2048,32;2048,32;2048,32;2048,32;2048,32;2048,32;2048,32;2048,32;2048,32;2048,32;2048,32;2048,32;2048,32;2048,32;2048,32;2048,32;2048,32;2048,32;2048,32;2048,32;2048,32;2048,32;2048,32;2048,32;2048,32;2048,32;2048,32""",FLOAT16;FLOAT16;FLOAT16;FLOAT16;FLOAT16;FLOAT16;FLOAT16;FLOAT16;FLOAT16;FLOAT16;FLOAT16;FLOAT16;FLOAT16;FLOAT16;FLOAT16;FLOAT16;FLOAT16;FLOAT16;FLOAT16;FLOAT16;FLOAT16;FLOAT16;FLOAT16;FLOAT16;FLOAT16;FLOAT16;FLOAT16;FLOAT16;FLOAT16;FLOAT16;FLOAT16;FLOAT16,ND;ND;ND;ND;ND;ND;ND;ND;ND;ND;ND;ND;ND;ND;ND;ND;ND;ND;ND;ND;ND;ND;ND;ND;ND;ND;ND;ND;ND;ND;ND;ND,"""2048,1024""",FLOAT16,ND,N/A,0.0,0,0.0,0.0,0.0,0.0,0.0,0.0,0.0,0.0,0.0,0.0,0.0,13.791,910176,0.017,0.001,5.446,0.395,9.227,0.669,1.188,0.086,0.0,0.000
0,4294967295,136,47,aclnnMul_MulAiCore_Mul,Mul,dynamic,AI_VECTOR_CORE,1785698867262502.407	,329.867,0.100000,40,0,NO,"""4096,4096;4096,4096""",FLOAT;FLOAT,ND;ND,"""4096,4096""",FLOAT,ND,N/A,0.0,0,0.0,0.0,0.0,0.0,0.0,0.0,0.0,0.0,0.0,0.0,0.0,327.577,21620108,6.784,0.021,3.162,0.01,325.865,0.995,111.182,0.339,0.0,0.000
0,4294967295,137,47,Concat,Concat,dynamic,AI_VECTOR_CORE,1785698867262832.294	,16.340,0.000000,40,0,NO,"""2048,32;2048,32;2048,32;2048,32;2048,32;2048,32;2048,32;2048,32;2048,32;2048,32;2048,32;2048,32;2048,32;2048,32;2048,32;2048,32;2048,32;2048,32;2048,32;2048,32;2048,32;2048,32;2048,32;2048,32;2048,32;2048,32;2048,32;2048,32;2048,32;2048,32;2048,32;2048,32""",FLOAT16;FLOAT16;FLOAT16;FLOAT16;FLOAT16;FLOAT16;FLOAT16;FLOAT16;FLOAT16;FLOAT16;FLOAT16;FLOAT16;FLOAT16;FLOAT16;FLOAT16;FLOAT16;FLOAT16;FLOAT16;FLOAT16;FLOAT16;FLOAT16;FLOAT16;FLOAT16;FLOAT16;FLOAT16;FLOAT16;FLOAT16;FLOAT16;FLOAT16;FLOAT16;FLOAT16;FLOAT16,ND;ND;ND;ND;ND;ND;ND;ND;ND;ND;ND;ND;ND;ND;ND;ND;ND;ND;ND;ND;ND;ND;ND;ND;ND;ND;ND;ND;ND;ND;ND;ND,"""2048,1024""",FLOAT16,ND,N/A,0.0,0,0.0,0.0,0.0,0.0,0.0,0.0,0.0,0.0,0.0,0.0,0.0,13.365,882079,0.017,0.001,5.688,0.426,8.809,0.659,1.267,0.095,0.0,0.000
0,4294967295,138,47,aclnnMul_MulAiCore_Mul,Mul,dynamic,AI_VECTOR_CORE,1785698867262848.654	,329.627,0.160000,40,0,NO,"""4096,4096;4096,4096""",FLOAT;FLOAT,ND;ND,"""4096,4096""",FLOAT,ND,N/A,0.0,0,0.0,0.0,0.0,0.0,0.0,0.0,0.0,0.0,0.0,0.0,0.0,327.403,21608592,6.784,0.021,3.015,0.009,325.861,0.995,111.141,0.339,0.0,0.000
0,4294967295,139,47,Concat,Concat,dynamic,AI_VECTOR_CORE,1785698867263178.301	,16.760,0.000000,40,0,NO,"""2048,32;2048,32;2048,32;2048,32;2048,32;2048,32;2048,32;2048,32;2048,32;2048,32;2048,32;2048,32;2048,32;2048,32;2048,32;2048,32;2048,32;2048,32;2048,32;2048,32;2048,32;2048,32;2048,32;2048,32;2048,32;2048,32;2048,32;2048,32;2048,32;2048,32;2048,32;2048,32""",FLOAT16;FLOAT16;FLOAT16;FLOAT16;FLOAT16;FLOAT16;FLOAT16;FLOAT16;FLOAT16;FLOAT16;FLOAT16;FLOAT16;FLOAT16;FLOAT16;FLOAT16;FLOAT16;FLOAT16;FLOAT16;FLOAT16;FLOAT16;FLOAT16;FLOAT16;FLOAT16;FLOAT16;FLOAT16;FLOAT16;FLOAT16;FLOAT16;FLOAT16;FLOAT16;FLOAT16;FLOAT16,ND;ND;ND;ND;ND;ND;ND;ND;ND;ND;ND;ND;ND;ND;ND;ND;ND;ND;ND;ND;ND;ND;ND;ND;ND;ND;ND;ND;ND;ND;ND;ND,"""2048,1024""",FLOAT16,ND,N/A,0.0,0,0.0,0.0,0.0,0.0,0.0,0.0,0.0,0.0,0.0,0.0,0.0,13.461,888411,0.017,0.001,5.865,0.436,9.029,0.671,1.135,0.084,0.0,0.000
0,4294967295,140,47,aclnnMul_MulAiCore_Mul,Mul,dynamic,AI_VECTOR_CORE,1785698867263195.081	,330.586,0.000000,40,0,NO,"""4096,4096;4096,4096""",FLOAT;FLOAT,ND;ND,"""4096,4096""",FLOAT,ND,N/A,0.0,0,0.0,0.0,0.0,0.0,0.0,0.0,0.0,0.0,0.0,0.0,0.0,328.233,21663388,6.784,0.021,3.082,0.009,326.63,0.995,111.464,0.34,0.0,0.000
0,4294967295,141,47,Concat,Concat,dynamic,AI_VECTOR_CORE,1785698867263525.707	,17.081,0.164000,40,0,NO,"""2048,32;2048,32;2048,32;2048,32;2048,32;2048,32;2048,32;2048,32;2048,32;2048,32;2048,32;2048,32;2048,32;2048,32;2048,32;2048,32;2048,32;2048,32;2048,32;2048,32;2048,32;2048,32;2048,32;2048,32;2048,32;2048,32;2048,32;2048,32;2048,32;2048,32;2048,32;2048,32""",FLOAT16;FLOAT16;FLOAT16;FLOAT16;FLOAT16;FLOAT16;FLOAT16;FLOAT16;FLOAT16;FLOAT16;FLOAT16;FLOAT16;FLOAT16;FLOAT16;FLOAT16;FLOAT16;FLOAT16;FLOAT16;FLOAT16;FLOAT16;FLOAT16;FLOAT16;FLOAT16;FLOAT16;FLOAT16;FLOAT16;FLOAT16;FLOAT16;FLOAT16;FLOAT16;FLOAT16;FLOAT16,ND;ND;ND;ND;ND;ND;ND;ND;ND;ND;ND;ND;ND;ND;ND;ND;ND;ND;ND;ND;ND;ND;ND;ND;ND;ND;ND;ND;ND;ND;ND;ND,"""2048,1024""",FLOAT16,ND,N/A,0.0,0,0.0,0.0,0.0,0.0,0.0,0.0,0.0,0.0,0.0,0.0,0.0,14.118,931809,0.017,0.001,5.617,0.398,9.575,0.678,1.164,0.082,0.0,0.000
0,4294967295,142,47,aclnnMul_MulAiCore_Mul,Mul,dynamic,AI_VECTOR_CORE,1785698867263542.808	,329.566,0.000000,40,0,NO,"""4096,4096;4096,4096""",FLOAT;FLOAT,ND;ND,"""4096,4096""",FLOAT,ND,N/A,0.0,0,0.0,0.0,0.0,0.0,0.0,0.0,0.0,0.0,0.0,0.0,0.0,327.121,21589997,6.784,0.021,3.037,0.009,325.555,0.995,110.654,0.338,0.0,0.000
0,4294967295,143,47,Concat,Concat,dynamic,AI_VECTOR_CORE,1785698867263872.414	,17.081,0.184000,40,0,NO,"""2048,32;2048,32;2048,32;2048,32;2048,32;2048,32;2048,32;2048,32;2048,32;2048,32;2048,32;2048,32;2048,32;2048,32;2048,32;2048,32;2048,32;2048,32;2048,32;2048,32;2048,32;2048,32;2048,32;2048,32;2048,32;2048,32;2048,32;2048,32;2048,32;2048,32;2048,32;2048,32""",FLOAT16;FLOAT16;FLOAT16;FLOAT16;FLOAT16;FLOAT16;FLOAT16;FLOAT16;FLOAT16;FLOAT16;FLOAT16;FLOAT16;FLOAT16;FLOAT16;FLOAT16;FLOAT16;FLOAT16;FLOAT16;FLOAT16;FLOAT16;FLOAT16;FLOAT16;FLOAT16;FLOAT16;FLOAT16;FLOAT16;FLOAT16;FLOAT16;FLOAT16;FLOAT16;FLOAT16;FLOAT16,ND;ND;ND;ND;ND;ND;ND;ND;ND;ND;ND;ND;ND;ND;ND;ND;ND;ND;ND;ND;ND;ND;ND;ND;ND;ND;ND;ND;ND;ND;ND;ND,"""2048,1024""",FLOAT16,ND,N/A,0.0,0,0.0,0.0,0.0,0.0,0.0,0.0,0.0,0.0,0.0,0.0,0.0,13.689,903486,0.017,0.001,5.097,0.372,9.143,0.668,1.201,0.088,0.0,0.000
0,4294967295,144,47,aclnnMul_MulAiCore_Mul,Mul,dynamic,AI_VECTOR_CORE,1785698867263889.515	,330.126,0.000000,40,0,NO,"""4096,4096;4096,4096""",FLOAT;FLOAT,ND;ND,"""4096,4096""",FLOAT,ND,N/A,0.0,0,0.0,0.0,0.0,0.0,0.0,0.0,0.0,0.0,0.0,0.0,0.0,327.755,21631824,6.784,0.021,3.009,0.009,326.17,0.995,111.727,0.341,0.0,0.000
0,4294967295,145,47,Concat,Concat,dynamic,AI_VECTOR_CORE,1785698867264219.661	,17.101,0.124000,40,0,NO,"""2048,32;2048,32;2048,32;2048,32;2048,32;2048,32;2048,32;2048,32;2048,32;2048,32;2048,32;2048,32;2048,32;2048,32;2048,32;2048,32;2048,32;2048,32;2048,32;2048,32;2048,32;2048,32;2048,32;2048,32;2048,32;2048,32;2048,32;2048,32;2048,32;2048,32;2048,32;2048,32""",FLOAT16;FLOAT16;FLOAT16;FLOAT16;FLOAT16;FLOAT16;FLOAT16;FLOAT16;FLOAT16;FLOAT16;FLOAT16;FLOAT16;FLOAT16;FLOAT16;FLOAT16;FLOAT16;FLOAT16;FLOAT16;FLOAT16;FLOAT16;FLOAT16;FLOAT16;FLOAT16;FLOAT16;FLOAT16;FLOAT16;FLOAT16;FLOAT16;FLOAT16;FLOAT16;FLOAT16;FLOAT16,ND;ND;ND;ND;ND;ND;ND;ND;ND;ND;ND;ND;ND;ND;ND;ND;ND;ND;ND;ND;ND;ND;ND;ND;ND;ND;ND;ND;ND;ND;ND;ND,"""2048,1024""",FLOAT16,ND,N/A,0.0,0,0.0,0.0,0.0,0.0,0.0,0.0,0.0,0.0,0.0,0.0,0.0,13.952,920846,0.017,0.001,4.976,0.357,9.375,0.672,1.261,0.09,0.0,0.000
0,4294967295,146,47,aclnnMul_MulAiCore_Mul,Mul,dynamic,AI_VECTOR_CORE,1785698867264236.782	,329.626,0.000000,40,0,NO,"""4096,4096;4096,4096""",FLOAT;FLOAT,ND;ND,"""4096,4096""",FLOAT,ND,N/A,0.0,0,0.0,0.0,0.0,0.0,0.0,0.0,0.0,0.0,0.0,0.0,0.0,327.611,21622336,6.784,0.021,3.041,0.009,326.038,0.995,110.968,0.339,0.0,0.000
0,4294967295,147,47,Concat,Concat,dynamic,AI_VECTOR_CORE,1785698867264566.428	,17.761,0.124000,40,0,NO,"""2048,32;2048,32;2048,32;2048,32;2048,32;2048,32;2048,32;2048,32;2048,32;2048,32;2048,32;2048,32;2048,32;2048,32;2048,32;2048,32;2048,32;2048,32;2048,32;2048,32;2048,32;2048,32;2048,32;2048,32;2048,32;2048,32;2048,32;2048,32;2048,32;2048,32;2048,32;2048,32""",FLOAT16;FLOAT16;FLOAT16;FLOAT16;FLOAT16;FLOAT16;FLOAT16;FLOAT16;FLOAT16;FLOAT16;FLOAT16;FLOAT16;FLOAT16;FLOAT16;FLOAT16;FLOAT16;FLOAT16;FLOAT16;FLOAT16;FLOAT16;FLOAT16;FLOAT16;FLOAT16;FLOAT16;FLOAT16;FLOAT16;FLOAT16;FLOAT16;FLOAT16;FLOAT16;FLOAT16;FLOAT16,ND;ND;ND;ND;ND;ND;ND;ND;ND;ND;ND;ND;ND;ND;ND;ND;ND;ND;ND;ND;ND;ND;ND;ND;ND;ND;ND;ND;ND;ND;ND;ND,"""2048,1024""",FLOAT16,ND,N/A,0.0,0,0.0,0.0,0.0,0.0,0.0,0.0,0.0,0.0,0.0,0.0,0.0,13.941,920135,0.017,0.001,5.733,0.411,9.296,0.667,1.135,0.081,0.0,0.000
0,4294967295,148,47,aclnnMul_MulAiCore_Mul,Mul,dynamic,AI_VECTOR_CORE,1785698867264584.209	,330.146,0.000000,40,0,NO,"""4096,4096;4096,4096""",FLOAT;FLOAT,ND;ND,"""4096,4096""",FLOAT,ND,N/A,0.0,0,0.0,0.0,0.0,0.0,0.0,0.0,0.0,0.0,0.0,0.0,0.0,327.408,21608903,6.784,0.021,2.938,0.009,325.938,0.996,111.415,0.34,0.0,0.000
0,4294967295,149,47,Concat,Concat,dynamic,AI_VECTOR_CORE,1785698867264914.375	,18.081,0.104000,40,0,NO,"""2048,32;2048,32;2048,32;2048,32;2048,32;2048,32;2048,32;2048,32;2048,32;2048,32;2048,32;2048,32;2048,32;2048,32;2048,32;2048,32;2048,32;2048,32;2048,32;2048,32;2048,32;2048,32;2048,32;2048,32;2048,32;2048,32;2048,32;2048,32;2048,32;2048,32;2048,32;2048,32""",FLOAT16;FLOAT16;FLOAT16;FLOAT16;FLOAT16;FLOAT16;FLOAT16;FLOAT16;FLOAT16;FLOAT16;FLOAT16;FLOAT16;FLOAT16;FLOAT16;FLOAT16;FLOAT16;FLOAT16;FLOAT16;FLOAT16;FLOAT16;FLOAT16;FLOAT16;FLOAT16;FLOAT16;FLOAT16;FLOAT16;FLOAT16;FLOAT16;FLOAT16;FLOAT16;FLOAT16;FLOAT16,ND;ND;ND;ND;ND;ND;ND;ND;ND;ND;ND;ND;ND;ND;ND;ND;ND;ND;ND;ND;ND;ND;ND;ND;ND;ND;ND;ND;ND;ND;ND;ND,"""2048,1024""",FLOAT16,ND,N/A,0.0,0,0.0,0.0,0.0,0.0,0.0,0.0,0.0,0.0,0.0,0.0,0.0,14.85,980120,0.017,0.001,5.268,0.355,10.125,0.682,1.274,0.086,0.0,0.000
0,4294967295,150,47,aclnnMul_MulAiCore_Mul,Mul,dynamic,AI_VECTOR_CORE,1785698867264932.476	,330.006,0.000000,40,0,NO,"""4096,4096;4096,4096""",FLOAT;FLOAT,ND;ND,"""4096,4096""",FLOAT,ND,N/A,0.0,0,0.0,0.0,0.0,0.0,0.0,0.0,0.0,0.0,0.0,0.0,0.0,327.796,21634513,6.784,0.021,3.032,0.009,326.267,0.995,110.028,0.336,0.0,0.000
0,4294967295,151,47,Concat,Concat,dynamic,AI_VECTOR_CORE,1785698867265262.522	,17.721,0.000000,40,0,NO,"""2048,32;2048,32;2048,32;2048,32;2048,32;2048,32;2048,32;2048,32;2048,32;2048,32;2048,32;2048,32;2048,32;2048,32;2048,32;2048,32;2048,32;2048,32;2048,32;2048,32;2048,32;2048,32;2048,32;2048,32;2048,32;2048,32;2048,32;2048,32;2048,32;2048,32;2048,32;2048,32""",FLOAT16;FLOAT16;FLOAT16;FLOAT16;FLOAT16;FLOAT16;FLOAT16;FLOAT16;FLOAT16;FLOAT16;FLOAT16;FLOAT16;FLOAT16;FLOAT16;FLOAT16;FLOAT16;FLOAT16;FLOAT16;FLOAT16;FLOAT16;FLOAT16;FLOAT16;FLOAT16;FLOAT16;FLOAT16;FLOAT16;FLOAT16;FLOAT16;FLOAT16;FLOAT16;FLOAT16;FLOAT16,ND;ND;ND;ND;ND;ND;ND;ND;ND;ND;ND;ND;ND;ND;ND;ND;ND;ND;ND;ND;ND;ND;ND;ND;ND;ND;ND;ND;ND;ND;ND;ND,"""2048,1024""",FLOAT16,ND,N/A,0.0,0,0.0,0.0,0.0,0.0,0.0,0.0,0.0,0.0,0.0,0.0,0.0,14.394,950036,0.017,0.001,5.068,0.352,9.753,0.678,1.248,0.087,0.0,0.000
0,4294967295,152,47,aclnnMul_MulAiCore_Mul,Mul,dynamic,AI_VECTOR_CORE,1785698867265280.263	,329.986,0.029000,40,0,NO,"""4096,4096;4096,4096""",FLOAT;FLOAT,ND;ND,"""4096,4096""",FLOAT,ND,N/A,0.0,0,0.0,0.0,0.0,0.0,0.0,0.0,0.0,0.0,0.0,0.0,0.0,328.293,21667309,6.784,0.021,3.057,0.009,326.717,0.995,111.761,0.34,0.0,0.000
0,4294967295,153,47,Concat,Concat,dynamic,AI_VECTOR_CORE,1785698867265610.269	,18.360,0.014000,40,0,NO,"""2048,32;2048,32;2048,32;2048,32;2048,32;2048,32;2048,32;2048,32;2048,32;2048,32;2048,32;2048,32;2048,32;2048,32;2048,32;2048,32;2048,32;2048,32;2048,32;2048,32;2048,32;2048,32;2048,32;2048,32;2048,32;2048,32;2048,32;2048,32;2048,32;2048,32;2048,32;2048,32""",FLOAT16;FLOAT16;FLOAT16;FLOAT16;FLOAT16;FLOAT16;FLOAT16;FLOAT16;FLOAT16;FLOAT16;FLOAT16;FLOAT16;FLOAT16;FLOAT16;FLOAT16;FLOAT16;FLOAT16;FLOAT16;FLOAT16;FLOAT16;FLOAT16;FLOAT16;FLOAT16;FLOAT16;FLOAT16;FLOAT16;FLOAT16;FLOAT16;FLOAT16;FLOAT16;FLOAT16;FLOAT16,ND;ND;ND;ND;ND;ND;ND;ND;ND;ND;ND;ND;ND;ND;ND;ND;ND;ND;ND;ND;ND;ND;ND;ND;ND;ND;ND;ND;ND;ND;ND;ND,"""2048,1024""",FLOAT16,ND,N/A,0.0,0,0.0,0.0,0.0,0.0,0.0,0.0,0.0,0.0,0.0,0.0,0.0,14.773,975002,0.017,0.001,5.235,0.354,10.067,0.681,1.305,0.088,0.0,0.000
0,4294967295,154,47,aclnnMul_MulAiCore_Mul,Mul,dynamic,AI_VECTOR_CORE,1785698867265628.649	,330.367,0.140000,40,0,NO,"""4096,4096;4096,4096""",FLOAT;FLOAT,ND;ND,"""4096,4096""",FLOAT,ND,N/A,0.0,0,0.0,0.0,0.0,0.0,0.0,0.0,0.0,0.0,0.0,0.0,0.0,328.112,21655411,6.784,0.021,3.116,0.009,326.486,0.995,112.055,0.342,0.0,0.000
0,4294967295,155,47,Concat,Concat,dynamic,AI_VECTOR_CORE,1785698867265959.036	,15.760,0.000000,40,0,NO,"""2048,32;2048,32;2048,32;2048,32;2048,32;2048,32;2048,32;2048,32;2048,32;2048,32;2048,32;2048,32;2048,32;2048,32;2048,32;2048,32;2048,32;2048,32;2048,32;2048,32;2048,32;2048,32;2048,32;2048,32;2048,32;2048,32;2048,32;2048,32;2048,32;2048,32;2048,32;2048,32""",FLOAT16;FLOAT16;FLOAT16;FLOAT16;FLOAT16;FLOAT16;FLOAT16;FLOAT16;FLOAT16;FLOAT16;FLOAT16;FLOAT16;FLOAT16;FLOAT16;FLOAT16;FLOAT16;FLOAT16;FLOAT16;FLOAT16;FLOAT16;FLOAT16;FLOAT16;FLOAT16;FLOAT16;FLOAT16;FLOAT16;FLOAT16;FLOAT16;FLOAT16;FLOAT16;FLOAT16;FLOAT16,ND;ND;ND;ND;ND;ND;ND;ND;ND;ND;ND;ND;ND;ND;ND;ND;ND;ND;ND;ND;ND;ND;ND;ND;ND;ND;ND;ND;ND;ND;ND;ND,"""2048,1024""",FLOAT16,ND,N/A,0.0,0,0.0,0.0,0.0,0.0,0.0,0.0,0.0,0.0,0.0,0.0,0.0,11.113,733473,0.017,0.002,6.467,0.582,5.59,0.503,0.825,0.074,0.0,0.000
0,4294967295,156,47,aclnnMul_MulAiCore_Mul,Mul,dynamic,AI_VECTOR_CORE,1785698867265974.816	,329.367,0.000000,40,0,NO,"""4096,4096;4096,4096""",FLOAT;FLOAT,ND;ND,"""4096,4096""",FLOAT,ND,N/A,0.0,0,0.0,0.0,0.0,0.0,0.0,0.0,0.0,0.0,0.0,0.0,0.0,327.314,21602720,6.784,0.021,3.058,0.009,325.73,0.995,110.605,0.338,0.0,0.000
0,4294967295,157,47,Concat,Concat,dynamic,AI_VECTOR_CORE,1785698867266304.223	,17.120,0.133000,40,0,NO,"""2048,32;2048,32;2048,32;2048,32;2048,32;2048,32;2048,32;2048,32;2048,32;2048,32;2048,32;2048,32;2048,32;2048,32;2048,32;2048,32;2048,32;2048,32;2048,32;2048,32;2048,32;2048,32;2048,32;2048,32;2048,32;2048,32;2048,32;2048,32;2048,32;2048,32;2048,32;2048,32""",FLOAT16;FLOAT16;FLOAT16;FLOAT16;FLOAT16;FLOAT16;FLOAT16;FLOAT16;FLOAT16;FLOAT16;FLOAT16;FLOAT16;FLOAT16;FLOAT16;FLOAT16;FLOAT16;FLOAT16;FLOAT16;FLOAT16;FLOAT16;FLOAT16;FLOAT16;FLOAT16;FLOAT16;FLOAT16;FLOAT16;FLOAT16;FLOAT16;FLOAT16;FLOAT16;FLOAT16;FLOAT16,ND;ND;ND;ND;ND;ND;ND;ND;ND;ND;ND;ND;ND;ND;ND;ND;ND;ND;ND;ND;ND;ND;ND;ND;ND;ND;ND;ND;ND;ND;ND;ND,"""2048,1024""",FLOAT16,ND,N/A,0.0,0,0.0,0.0,0.0,0.0,0.0,0.0,0.0,0.0,0.0,0.0,0.0,13.995,923656,0.017,0.001,5.335,0.381,9.56,0.683,1.121,0.08,0.0,0.000
0,4294967295,158,47,aclnnMul_MulAiCore_Mul,Mul,dynamic,AI_VECTOR_CORE,1785698867266321.363	,330.147,0.000000,40,0,NO,"""4096,4096;4096,4096""",FLOAT;FLOAT,ND;ND,"""4096,4096""",FLOAT,ND,N/A,0.0,0,0.0,0.0,0.0,0.0,0.0,0.0,0.0,0.0,0.0,0.0,0.0,327.874,21639669,6.784,0.021,3.121,0.01,326.17,0.995,110.05,0.336,0.0,0.000
0,4294967295,159,47,Concat,Concat,dynamic,AI_VECTOR_CORE,1785698867266651.530	,16.940,0.103000,40,0,NO,"""2048,32;2048,32;2048,32;2048,32;2048,32;2048,32;2048,32;2048,32;2048,32;2048,32;2048,32;2048,32;2048,32;2048,32;2048,32;2048,32;2048,32;2048,32;2048,32;2048,32;2048,32;2048,32;2048,32;2048,32;2048,32;2048,32;2048,32;2048,32;2048,32;2048,32;2048,32;2048,32""",FLOAT16;FLOAT16;FLOAT16;FLOAT16;FLOAT16;FLOAT16;FLOAT16;FLOAT16;FLOAT16;FLOAT16;FLOAT16;FLOAT16;FLOAT16;FLOAT16;FLOAT16;FLOAT16;FLOAT16;FLOAT16;FLOAT16;FLOAT16;FLOAT16;FLOAT16;FLOAT16;FLOAT16;FLOAT16;FLOAT16;FLOAT16;FLOAT16;FLOAT16;FLOAT16;FLOAT16;FLOAT16,ND;ND;ND;ND;ND;ND;ND;ND;ND;ND;ND;ND;ND;ND;ND;ND;ND;ND;ND;ND;ND;ND;ND;ND;ND;ND;ND;ND;ND;ND;ND;ND,"""2048,1024""",FLOAT16,ND,N/A,0.0,0,0.0,0.0,0.0,0.0,0.0,0.0,0.0,0.0,0.0,0.0,0.0,13.525,892618,0.017,0.001,5.447,0.403,9.071,0.671,1.149,0.085,0.0,0.000
0,4294967295,160,47,aclnnMul_MulAiCore_Mul,Mul,dynamic,AI_VECTOR_CORE,1785698867266668.490	,331.127,0.060000,40,0,NO,"""4096,4096;4096,4096""",FLOAT;FLOAT,ND;ND,"""4096,4096""",FLOAT,ND,N/A,0.0,0,0.0,0.0,0.0,0.0,0.0,0.0,0.0,0.0,0.0,0.0,0.0,328.334,21670018,6.784,0.021,2.921,0.009,326.857,0.996,112.654,0.343,0.0,0.000
0,4294967295,161,47,Concat,Concat,dynamic,AI_VECTOR_CORE,1785698867266999.637	,17.580,0.123000,40,0,NO,"""2048,32;2048,32;2048,32;2048,32;2048,32;2048,32;2048,32;2048,32;2048,32;2048,32;2048,32;2048,32;2048,32;2048,32;2048,32;2048,32;2048,32;2048,32;2048,32;2048,32;2048,32;2048,32;2048,32;2048,32;2048,32;2048,32;2048,32;2048,32;2048,32;2048,32;2048,32;2048,32""",FLOAT16;FLOAT16;FLOAT16;FLOAT16;FLOAT16;FLOAT16;FLOAT16;FLOAT16;FLOAT16;FLOAT16;FLOAT16;FLOAT16;FLOAT16;FLOAT16;FLOAT16;FLOAT16;FLOAT16;FLOAT16;FLOAT16;FLOAT16;FLOAT16;FLOAT16;FLOAT16;FLOAT16;FLOAT16;FLOAT16;FLOAT16;FLOAT16;FLOAT16;FLOAT16;FLOAT16;FLOAT16,ND;ND;ND;ND;ND;ND;ND;ND;ND;ND;ND;ND;ND;ND;ND;ND;ND;ND;ND;ND;ND;ND;ND;ND;ND;ND;ND;ND;ND;ND;ND;ND,"""2048,1024""",FLOAT16,ND,N/A,0.0,0,0.0,0.0,0.0,0.0,0.0,0.0,0.0,0.0,0.0,0.0,0.0,14.275,942146,0.017,0.001,5.718,0.401,9.416,0.66,1.415,0.099,0.0,0.000
0,4294967295,162,47,aclnnMul_MulAiCore_Mul,Mul,dynamic,AI_VECTOR_CORE,1785698867267017.237	,329.107,0.000000,40,0,NO,"""4096,4096;4096,4096""",FLOAT;FLOAT,ND;ND,"""4096,4096""",FLOAT,ND,N/A,0.0,0,0.0,0.0,0.0,0.0,0.0,0.0,0.0,0.0,0.0,0.0,0.0,327.086,21587704,6.784,0.021,3.026,0.009,325.514,0.995,109.353,0.334,0.0,0.000
0,4294967295,163,47,Concat,Concat,dynamic,AI_VECTOR_CORE,1785698867267346.364	,16.020,0.000000,40,0,NO,"""2048,32;2048,32;2048,32;2048,32;2048,32;2048,32;2048,32;2048,32;2048,32;2048,32;2048,32;2048,32;2048,32;2048,32;2048,32;2048,32;2048,32;2048,32;2048,32;2048,32;2048,32;2048,32;2048,32;2048,32;2048,32;2048,32;2048,32;2048,32;2048,32;2048,32;2048,32;2048,32""",FLOAT16;FLOAT16;FLOAT16;FLOAT16;FLOAT16;FLOAT16;FLOAT16;FLOAT16;FLOAT16;FLOAT16;FLOAT16;FLOAT16;FLOAT16;FLOAT16;FLOAT16;FLOAT16;FLOAT16;FLOAT16;FLOAT16;FLOAT16;FLOAT16;FLOAT16;FLOAT16;FLOAT16;FLOAT16;FLOAT16;FLOAT16;FLOAT16;FLOAT16;FLOAT16;FLOAT16;FLOAT16,ND;ND;ND;ND;ND;ND;ND;ND;ND;ND;ND;ND;ND;ND;ND;ND;ND;ND;ND;ND;ND;ND;ND;ND;ND;ND;ND;ND;ND;ND;ND;ND,"""2048,1024""",FLOAT16,ND,N/A,0.0,0,0.0,0.0,0.0,0.0,0.0,0.0,0.0,0.0,0.0,0.0,0.0,12.851,848187,0.017,0.001,6.131,0.477,8.217,0.639,1.194,0.093,0.0,0.000
0,4294967295,164,47,aclnnMul_MulAiCore_Mul,Mul,dynamic,AI_VECTOR_CORE,1785698867267362.404	,328.847,0.230000,40,0,NO,"""4096,4096;4096,4096""",FLOAT;FLOAT,ND;ND,"""4096,4096""",FLOAT,ND,N/A,0.0,0,0.0,0.0,0.0,0.0,0.0,0.0,0.0,0.0,0.0,0.0,0.0,326.749,21565428,6.784,0.021,2.938,0.009,325.294,0.996,109.654,0.336,0.0,0.000
0,4294967295,165,47,Concat,Concat,dynamic,AI_VECTOR_CORE,1785698867267691.271	,16.500,0.000000,40,0,NO,"""2048,32;2048,32;2048,32;2048,32;2048,32;2048,32;2048,32;2048,32;2048,32;2048,32;2048,32;2048,32;2048,32;2048,32;2048,32;2048,32;2048,32;2048,32;2048,32;2048,32;2048,32;2048,32;2048,32;2048,32;2048,32;2048,32;2048,32;2048,32;2048,32;2048,32;2048,32;2048,32""",FLOAT16;FLOAT16;FLOAT16;FLOAT16;FLOAT16;FLOAT16;FLOAT16;FLOAT16;FLOAT16;FLOAT16;FLOAT16;FLOAT16;FLOAT16;FLOAT16;FLOAT16;FLOAT16;FLOAT16;FLOAT16;FLOAT16;FLOAT16;FLOAT16;FLOAT16;FLOAT16;FLOAT16;FLOAT16;FLOAT16;FLOAT16;FLOAT16;FLOAT16;FLOAT16;FLOAT16;FLOAT16,ND;ND;ND;ND;ND;ND;ND;ND;ND;ND;ND;ND;ND;ND;ND;ND;ND;ND;ND;ND;ND;ND;ND;ND;ND;ND;ND;ND;ND;ND;ND;ND,"""2048,1024""",FLOAT16,ND,N/A,0.0,0,0.0,0.0,0.0,0.0,0.0,0.0,0.0,0.0,0.0,0.0,0.0,13.37,882401,0.017,0.001,5.772,0.432,8.902,0.666,1.222,0.091,0.0,0.000
0,4294967295,166,47,aclnnMul_MulAiCore_Mul,Mul,dynamic,AI_VECTOR_CORE,1785698867267707.791	,329.087,0.000000,40,0,NO,"""4096,4096;4096,4096""",FLOAT;FLOAT,ND;ND,"""4096,4096""",FLOAT,ND,N/A,0.0,0,0.0,0.0,0.0,0.0,0.0,0.0,0.0,0.0,0.0,0.0,0.0,327.047,21585085,6.784,0.021,3.064,0.009,325.459,0.995,110.088,0.337,0.0,0.000
0,4294967295,167,47,Concat,Concat,dynamic,AI_VECTOR_CORE,1785698867268036.898	,16.840,0.163000,40,0,NO,"""2048,32;2048,32;2048,32;2048,32;2048,32;2048,32;2048,32;2048,32;2048,32;2048,32;2048,32;2048,32;2048,32;2048,32;2048,32;2048,32;2048,32;2048,32;2048,32;2048,32;2048,32;2048,32;2048,32;2048,32;2048,32;2048,32;2048,32;2048,32;2048,32;2048,32;2048,32;2048,32""",FLOAT16;FLOAT16;FLOAT16;FLOAT16;FLOAT16;FLOAT16;FLOAT16;FLOAT16;FLOAT16;FLOAT16;FLOAT16;FLOAT16;FLOAT16;FLOAT16;FLOAT16;FLOAT16;FLOAT16;FLOAT16;FLOAT16;FLOAT16;FLOAT16;FLOAT16;FLOAT16;FLOAT16;FLOAT16;FLOAT16;FLOAT16;FLOAT16;FLOAT16;FLOAT16;FLOAT16;FLOAT16,ND;ND;ND;ND;ND;ND;ND;ND;ND;ND;ND;ND;ND;ND;ND;ND;ND;ND;ND;ND;ND;ND;ND;ND;ND;ND;ND;ND;ND;ND;ND;ND,"""2048,1024""",FLOAT16,ND,N/A,0.0,0,0.0,0.0,0.0,0.0,0.0,0.0,0.0,0.0,0.0,0.0,0.0,13.845,913770,0.017,0.001,5.472,0.395,9.236,0.667,1.209,0.087,0.0,0.000
0,4294967295,168,47,aclnnMul_MulAiCore_Mul,Mul,dynamic,AI_VECTOR_CORE,1785698867268053.758	,330.247,0.000000,40,0,NO,"""4096,4096;4096,4096""",FLOAT;FLOAT,ND;ND,"""4096,4096""",FLOAT,ND,N/A,0.0,0,0.0,0.0,0.0,0.0,0.0,0.0,0.0,0.0,0.0,0.0,0.0,327.607,21622092,6.784,0.021,3.326,0.01,325.677,0.994,111.214,0.339,0.0,0.000
0,4294967295,169,47,Concat,Concat,dynamic,AI_VECTOR_CORE,1785698867268384.025	,16.760,0.003000,40,0,NO,"""2048,32;2048,32;2048,32;2048,32;2048,32;2048,32;2048,32;2048,32;2048,32;2048,32;2048,32;2048,32;2048,32;2048,32;2048,32;2048,32;2048,32;2048,32;2048,32;2048,32;2048,32;2048,32;2048,32;2048,32;2048,32;2048,32;2048,32;2048,32;2048,32;2048,32;2048,32;2048,32""",FLOAT16;FLOAT16;FLOAT16;FLOAT16;FLOAT16;FLOAT16;FLOAT16;FLOAT16;FLOAT16;FLOAT16;FLOAT16;FLOAT16;FLOAT16;FLOAT16;FLOAT16;FLOAT16;FLOAT16;FLOAT16;FLOAT16;FLOAT16;FLOAT16;FLOAT16;FLOAT16;FLOAT16;FLOAT16;FLOAT16;FLOAT16;FLOAT16;FLOAT16;FLOAT16;FLOAT16;FLOAT16,ND;ND;ND;ND;ND;ND;ND;ND;ND;ND;ND;ND;ND;ND;ND;ND;ND;ND;ND;ND;ND;ND;ND;ND;ND;ND;ND;ND;ND;ND;ND;ND,"""2048,1024""",FLOAT16,ND,N/A,0.0,0,0.0,0.0,0.0,0.0,0.0,0.0,0.0,0.0,0.0,0.0,0.0,13.577,896107,0.017,0.001,5.35,0.394,9.064,0.668,1.203,0.089,0.0,0.000
0,4294967295,170,47,aclnnMul_MulAiCore_Mul,Mul,dynamic,AI_VECTOR_CORE,1785698867268400.805	,330.546,0.000000,40,0,NO,"""4096,4096;4096,4096""",FLOAT;FLOAT,ND;ND,"""4096,4096""",FLOAT,ND,N/A,0.0,0,0.0,0.0,0.0,0.0,0.0,0.0,0.0,0.0,0.0,0.0,0.0,328.173,21659401,6.784,0.021,3.081,0.009,326.58,0.995,111.872,0.341,0.0,0.000
0,4294967295,171,47,Concat,Concat,dynamic,AI_VECTOR_CORE,1785698867268731.371	,16.421,0.000000,40,0,NO,"""2048,32;2048,32;2048,32;2048,32;2048,32;2048,32;2048,32;2048,32;2048,32;2048,32;2048,32;2048,32;2048,32;2048,32;2048,32;2048,32;2048,32;2048,32;2048,32;2048,32;2048,32;2048,32;2048,32;2048,32;2048,32;2048,32;2048,32;2048,32;2048,32;2048,32;2048,32;2048,32""",FLOAT16;FLOAT16;FLOAT16;FLOAT16;FLOAT16;FLOAT16;FLOAT16;FLOAT16;FLOAT16;FLOAT16;FLOAT16;FLOAT16;FLOAT16;FLOAT16;FLOAT16;FLOAT16;FLOAT16;FLOAT16;FLOAT16;FLOAT16;FLOAT16;FLOAT16;FLOAT16;FLOAT16;FLOAT16;FLOAT16;FLOAT16;FLOAT16;FLOAT16;FLOAT16;FLOAT16;FLOAT16,ND;ND;ND;ND;ND;ND;ND;ND;ND;ND;ND;ND;ND;ND;ND;ND;ND;ND;ND;ND;ND;ND;ND;ND;ND;ND;ND;ND;ND;ND;ND;ND,"""2048,1024""",FLOAT16,ND,N/A,0.0,0,0.0,0.0,0.0,0.0,0.0,0.0,0.0,0.0,0.0,0.0,0.0,13.429,886321,0.017,0.001,5.626,0.419,8.935,0.665,1.257,0.094,0.0,0.000
0,4294967295,172,47,aclnnMul_MulAiCore_Mul,Mul,dynamic,AI_VECTOR_CORE,1785698867268747.832	,329.866,0.079000,40,0,NO,"""4096,4096;4096,4096""",FLOAT;FLOAT,ND;ND,"""4096,4096""",FLOAT,ND,N/A,0.0,0,0.0,0.0,0.0,0.0,0.0,0.0,0.0,0.0,0.0,0.0,0.0,327.163,21592749,6.784,0.021,3.024,0.009,325.567,0.995,111.934,0.342,0.0,0.000
0,4294967295,173,47,Concat,Concat,dynamic,AI_VECTOR_CORE,1785698867269077.718	,16.121,0.134000,40,0,NO,"""2048,32;2048,32;2048,32;2048,32;2048,32;2048,32;2048,32;2048,32;2048,32;2048,32;2048,32;2048,32;2048,32;2048,32;2048,32;2048,32;2048,32;2048,32;2048,32;2048,32;2048,32;2048,32;2048,32;2048,32;2048,32;2048,32;2048,32;2048,32;2048,32;2048,32;2048,32;2048,32""",FLOAT16;FLOAT16;FLOAT16;FLOAT16;FLOAT16;FLOAT16;FLOAT16;FLOAT16;FLOAT16;FLOAT16;FLOAT16;FLOAT16;FLOAT16;FLOAT16;FLOAT16;FLOAT16;FLOAT16;FLOAT16;FLOAT16;FLOAT16;FLOAT16;FLOAT16;FLOAT16;FLOAT16;FLOAT16;FLOAT16;FLOAT16;FLOAT16;FLOAT16;FLOAT16;FLOAT16;FLOAT16,ND;ND;ND;ND;ND;ND;ND;ND;ND;ND;ND;ND;ND;ND;ND;ND;ND;ND;ND;ND;ND;ND;ND;ND;ND;ND;ND;ND;ND;ND;ND;ND,"""2048,1024""",FLOAT16,ND,N/A,0.0,0,0.0,0.0,0.0,0.0,0.0,0.0,0.0,0.0,0.0,0.0,0.0,13.194,870831,0.017,0.001,5.572,0.422,8.641,0.655,1.27,0.096,0.0,0.000
0,4294967295,174,47,aclnnMul_MulAiCore_Mul,Mul,dynamic,AI_VECTOR_CORE,1785698867269093.859	,329.786,0.000000,40,0,NO,"""4096,4096;4096,4096""",FLOAT;FLOAT,ND;ND,"""4096,4096""",FLOAT,ND,N/A,0.0,0,0.0,0.0,0.0,0.0,0.0,0.0,0.0,0.0,0.0,0.0,0.0,327.5,21615026,6.784,0.021,3.149,0.01,325.772,0.995,111.636,0.341,0.0,0.000
0,4294967295,175,47,Concat,Concat,dynamic,AI_VECTOR_CORE,1785698867269423.665	,17.601,0.214000,40,0,NO,"""2048,32;2048,32;2048,32;2048,32;2048,32;2048,32;2048,32;2048,32;2048,32;2048,32;2048,32;2048,32;2048,32;2048,32;2048,32;2048,32;2048,32;2048,32;2048,32;2048,32;2048,32;2048,32;2048,32;2048,32;2048,32;2048,32;2048,32;2048,32;2048,32;2048,32;2048,32;2048,32""",FLOAT16;FLOAT16;FLOAT16;FLOAT16;FLOAT16;FLOAT16;FLOAT16;FLOAT16;FLOAT16;FLOAT16;FLOAT16;FLOAT16;FLOAT16;FLOAT16;FLOAT16;FLOAT16;FLOAT16;FLOAT16;FLOAT16;FLOAT16;FLOAT16;FLOAT16;FLOAT16;FLOAT16;FLOAT16;FLOAT16;FLOAT16;FLOAT16;FLOAT16;FLOAT16;FLOAT16;FLOAT16,ND;ND;ND;ND;ND;ND;ND;ND;ND;ND;ND;ND;ND;ND;ND;ND;ND;ND;ND;ND;ND;ND;ND;ND;ND;ND;ND;ND;ND;ND;ND;ND,"""2048,1024""",FLOAT16,ND,N/A,0.0,0,0.0,0.0,0.0,0.0,0.0,0.0,0.0,0.0,0.0,0.0,0.0,14.467,954852,0.017,0.001,5.136,0.355,9.783,0.676,1.232,0.085,0.0,0.000
0,4294967295,176,47,aclnnMul_MulAiCore_Mul,Mul,dynamic,AI_VECTOR_CORE,1785698867269441.286	,329.766,0.000000,40,0,NO,"""4096,4096;4096,4096""",FLOAT;FLOAT,ND;ND,"""4096,4096""",FLOAT,ND,N/A,0.0,0,0.0,0.0,0.0,0.0,0.0,0.0,0.0,0.0,0.0,0.0,0.0,327.675,21626552,6.784,0.021,3.014,0.009,326.085,0.995,109.433,0.334,0.0,0.000
0,4294967295,177,47,Concat,Concat,dynamic,AI_VECTOR_CORE,1785698867269771.092	,17.801,0.000000,40,0,NO,"""2048,32;2048,32;2048,32;2048,32;2048,32;2048,32;2048,32;2048,32;2048,32;2048,32;2048,32;2048,32;2048,32;2048,32;2048,32;2048,32;2048,32;2048,32;2048,32;2048,32;2048,32;2048,32;2048,32;2048,32;2048,32;2048,32;2048,32;2048,32;2048,32;2048,32;2048,32;2048,32""",FLOAT16;FLOAT16;FLOAT16;FLOAT16;FLOAT16;FLOAT16;FLOAT16;FLOAT16;FLOAT16;FLOAT16;FLOAT16;FLOAT16;FLOAT16;FLOAT16;FLOAT16;FLOAT16;FLOAT16;FLOAT16;FLOAT16;FLOAT16;FLOAT16;FLOAT16;FLOAT16;FLOAT16;FLOAT16;FLOAT16;FLOAT16;FLOAT16;FLOAT16;FLOAT16;FLOAT16;FLOAT16,ND;ND;ND;ND;ND;ND;ND;ND;ND;ND;ND;ND;ND;ND;ND;ND;ND;ND;ND;ND;ND;ND;ND;ND;ND;ND;ND;ND;ND;ND;ND;ND,"""2048,1024""",FLOAT16,ND,N/A,0.0,0,0.0,0.0,0.0,0.0,0.0,0.0,0.0,0.0,0.0,0.0,0.0,14.252,940619,0.017,0.001,5.091,0.357,9.653,0.677,1.185,0.083,0.0,0.000
0,4294967295,178,47,aclnnMul_MulAiCore_Mul,Mul,dynamic,AI_VECTOR_CORE,1785698867269788.913	,329.286,0.199000,40,0,NO,"""4096,4096;4096,4096""",FLOAT;FLOAT,ND;ND,"""4096,4096""",FLOAT,ND,N/A,0.0,0,0.0,0.0,0.0,0.0,0.0,0.0,0.0,0.0,0.0,0.0,0.0,327.17,21593211,6.784,0.021,2.92,0.009,325.663,0.995,109.698,0.335,0.0,0.000
0,4294967295,179,47,Concat,Concat,dynamic,AI_VECTOR_CORE,1785698867270118.239	,17.021,0.000000,40,0,NO,"""2048,32;2048,32;2048,32;2048,32;2048,32;2048,32;2048,32;2048,32;2048,32;2048,32;2048,32;2048,32;2048,32;2048,32;2048,32;2048,32;2048,32;2048,32;2048,32;2048,32;2048,32;2048,32;2048,32;2048,32;2048,32;2048,32;2048,32;2048,32;2048,32;2048,32;2048,32;2048,32""",FLOAT16;FLOAT16;FLOAT16;FLOAT16;FLOAT16;FLOAT16;FLOAT16;FLOAT16;FLOAT16;FLOAT16;FLOAT16;FLOAT16;FLOAT16;FLOAT16;FLOAT16;FLOAT16;FLOAT16;FLOAT16;FLOAT16;FLOAT16;FLOAT16;FLOAT16;FLOAT16;FLOAT16;FLOAT16;FLOAT16;FLOAT16;FLOAT16;FLOAT16;FLOAT16;FLOAT16;FLOAT16,ND;ND;ND;ND;ND;ND;ND;ND;ND;ND;ND;ND;ND;ND;ND;ND;ND;ND;ND;ND;ND;ND;ND;ND;ND;ND;ND;ND;ND;ND;ND;ND,"""2048,1024""",FLOAT16,ND,N/A,0.0,0,0.0,0.0,0.0,0.0,0.0,0.0,0.0,0.0,0.0,0.0,0.0,13.877,915909,0.017,0.001,5.11,0.368,9.358,0.674,1.233,0.089,0.0,0.000
0,4294967295,180,47,aclnnMul_MulAiCore_Mul,Mul,dynamic,AI_VECTOR_CORE,1785698867270135.280	,328.986,0.000000,40,0,NO,"""4096,4096;4096,4096""",FLOAT;FLOAT,ND;ND,"""4096,4096""",FLOAT,ND,N/A,0.0,0,0.0,0.0,0.0,0.0,0.0,0.0,0.0,0.0,0.0,0.0,0.0,326.862,21572904,6.784,0.021,3.032,0.009,325.309,0.995,110.692,0.339,0.0,0.000
0,4294967295,181,47,Concat,Concat,dynamic,AI_VECTOR_CORE,1785698867270464.286	,17.260,0.014000,40,0,NO,"""2048,32;2048,32;2048,32;2048,32;2048,32;2048,32;2048,32;2048,32;2048,32;2048,32;2048,32;2048,32;2048,32;2048,32;2048,32;2048,32;2048,32;2048,32;2048,32;2048,32;2048,32;2048,32;2048,32;2048,32;2048,32;2048,32;2048,32;2048,32;2048,32;2048,32;2048,32;2048,32""",FLOAT16;FLOAT16;FLOAT16;FLOAT16;FLOAT16;FLOAT16;FLOAT16;FLOAT16;FLOAT16;FLOAT16;FLOAT16;FLOAT16;FLOAT16;FLOAT16;FLOAT16;FLOAT16;FLOAT16;FLOAT16;FLOAT16;FLOAT16;FLOAT16;FLOAT16;FLOAT16;FLOAT16;FLOAT16;FLOAT16;FLOAT16;FLOAT16;FLOAT16;FLOAT16;FLOAT16;FLOAT16,ND;ND;ND;ND;ND;ND;ND;ND;ND;ND;ND;ND;ND;ND;ND;ND;ND;ND;ND;ND;ND;ND;ND;ND;ND;ND;ND;ND;ND;ND;ND;ND,"""2048,1024""",FLOAT16,ND,N/A,0.0,0,0.0,0.0,0.0,0.0,0.0,0.0,0.0,0.0,0.0,0.0,0.0,13.978,922521,0.017,0.001,5.454,0.39,9.269,0.663,1.379,0.099,0.0,0.000
0,4294967295,182,47,aclnnMul_MulAiCore_Mul,Mul,dynamic,AI_VECTOR_CORE,1785698867270481.566	,329.787,0.000000,40,0,NO,"""4096,4096;4096,4096""",FLOAT;FLOAT,ND;ND,"""4096,4096""",FLOAT,ND,N/A,0.0,0,0.0,0.0,0.0,0.0,0.0,0.0,0.0,0.0,0.0,0.0,0.0,327.593,21621146,6.784,0.021,2.922,0.009,326.126,0.996,109.98,0.336,0.0,0.000
0,4294967295,183,47,Concat,Concat,dynamic,AI_VECTOR_CORE,1785698867270811.373	,17.440,0.000000,40,0,NO,"""2048,32;2048,32;2048,32;2048,32;2048,32;2048,32;2048,32;2048,32;2048,32;2048,32;2048,32;2048,32;2048,32;2048,32;2048,32;2048,32;2048,32;2048,32;2048,32;2048,32;2048,32;2048,32;2048,32;2048,32;2048,32;2048,32;2048,32;2048,32;2048,32;2048,32;2048,32;2048,32""",FLOAT16;FLOAT16;FLOAT16;FLOAT16;FLOAT16;FLOAT16;FLOAT16;FLOAT16;FLOAT16;FLOAT16;FLOAT16;FLOAT16;FLOAT16;FLOAT16;FLOAT16;FLOAT16;FLOAT16;FLOAT16;FLOAT16;FLOAT16;FLOAT16;FLOAT16;FLOAT16;FLOAT16;FLOAT16;FLOAT16;FLOAT16;FLOAT16;FLOAT16;FLOAT16;FLOAT16;FLOAT16,ND;ND;ND;ND;ND;ND;ND;ND;ND;ND;ND;ND;ND;ND;ND;ND;ND;ND;ND;ND;ND;ND;ND;ND;ND;ND;ND;ND;ND;ND;ND;ND,"""2048,1024""",FLOAT16,ND,N/A,0.0,0,0.0,0.0,0.0,0.0,0.0,0.0,0.0,0.0,0.0,0.0,0.0,14.194,936785,0.017,0.001,5.086,0.358,9.57,0.674,1.284,0.09,0.0,0.000
0,4294967295,184,47,aclnnMul_MulAiCore_Mul,Mul,dynamic,AI_VECTOR_CORE,1785698867270828.833	,329.347,0.060000,40,0,NO,"""4096,4096;4096,4096""",FLOAT;FLOAT,ND;ND,"""4096,4096""",FLOAT,ND,N/A,0.0,0,0.0,0.0,0.0,0.0,0.0,0.0,0.0,0.0,0.0,0.0,0.0,327.094,21588180,6.784,0.021,3.094,0.009,325.396,0.995,111.19,0.34,0.0,0.000
0,4294967295,185,47,Concat,Concat,dynamic,AI_VECTOR_CORE,1785698867271158.220	,17.060,0.153000,40,0,NO,"""2048,32;2048,32;2048,32;2048,32;2048,32;2048,32;2048,32;2048,32;2048,32;2048,32;2048,32;2048,32;2048,32;2048,32;2048,32;2048,32;2048,32;2048,32;2048,32;2048,32;2048,32;2048,32;2048,32;2048,32;2048,32;2048,32;2048,32;2048,32;2048,32;2048,32;2048,32;2048,32""",FLOAT16;FLOAT16;FLOAT16;FLOAT16;FLOAT16;FLOAT16;FLOAT16;FLOAT16;FLOAT16;FLOAT16;FLOAT16;FLOAT16;FLOAT16;FLOAT16;FLOAT16;FLOAT16;FLOAT16;FLOAT16;FLOAT16;FLOAT16;FLOAT16;FLOAT16;FLOAT16;FLOAT16;FLOAT16;FLOAT16;FLOAT16;FLOAT16;FLOAT16;FLOAT16;FLOAT16;FLOAT16,ND;ND;ND;ND;ND;ND;ND;ND;ND;ND;ND;ND;ND;ND;ND;ND;ND;ND;ND;ND;ND;ND;ND;ND;ND;ND;ND;ND;ND;ND;ND;ND,"""2048,1024""",FLOAT16,ND,N/A,0.0,0,0.0,0.0,0.0,0.0,0.0,0.0,0.0,0.0,0.0,0.0,0.0,13.875,915731,0.017,0.001,5.033,0.363,9.359,0.675,1.201,0.087,0.0,0.000
0,4294967295,186,47,aclnnMul_MulAiCore_Mul,Mul,dynamic,AI_VECTOR_CORE,1785698867271175.320	,330.227,0.000000,40,0,NO,"""4096,4096;4096,4096""",FLOAT;FLOAT,ND;ND,"""4096,4096""",FLOAT,ND,N/A,0.0,0,0.0,0.0,0.0,0.0,0.0,0.0,0.0,0.0,0.0,0.0,0.0,327.068,21586505,6.784,0.021,3.027,0.009,325.463,0.995,111.536,0.341,0.0,0.000
0,4294967295,187,47,Concat,Concat,dynamic,AI_VECTOR_CORE,1785698867271505.567	,17.940,0.023000,40,0,NO,"""2048,32;2048,32;2048,32;2048,32;2048,32;2048,32;2048,32;2048,32;2048,32;2048,32;2048,32;2048,32;2048,32;2048,32;2048,32;2048,32;2048,32;2048,32;2048,32;2048,32;2048,32;2048,32;2048,32;2048,32;2048,32;2048,32;2048,32;2048,32;2048,32;2048,32;2048,32;2048,32""",FLOAT16;FLOAT16;FLOAT16;FLOAT16;FLOAT16;FLOAT16;FLOAT16;FLOAT16;FLOAT16;FLOAT16;FLOAT16;FLOAT16;FLOAT16;FLOAT16;FLOAT16;FLOAT16;FLOAT16;FLOAT16;FLOAT16;FLOAT16;FLOAT16;FLOAT16;FLOAT16;FLOAT16;FLOAT16;FLOAT16;FLOAT16;FLOAT16;FLOAT16;FLOAT16;FLOAT16;FLOAT16,ND;ND;ND;ND;ND;ND;ND;ND;ND;ND;ND;ND;ND;ND;ND;ND;ND;ND;ND;ND;ND;ND;ND;ND;ND;ND;ND;ND;ND;ND;ND;ND,"""2048,1024""",FLOAT16,ND,N/A,0.0,0,0.0,0.0,0.0,0.0,0.0,0.0,0.0,0.0,0.0,0.0,0.0,14.91,984046,0.017,0.001,5.452,0.366,10.154,0.681,1.375,0.092,0.0,0.000
0,4294967295,188,47,aclnnMul_MulAiCore_Mul,Mul,dynamic,AI_VECTOR_CORE,1785698867271523.547	,329.327,0.060000,40,0,NO,"""4096,4096;4096,4096""",FLOAT;FLOAT,ND;ND,"""4096,4096""",FLOAT,ND,N/A,0.0,0,0.0,0.0,0.0,0.0,0.0,0.0,0.0,0.0,0.0,0.0,0.0,326.887,21574513,6.784,0.021,3.125,0.01,325.212,0.995,110.842,0.339,0.0,0.000
0,4294967295,189,47,Concat,Concat,dynamic,AI_VECTOR_CORE,1785698867271852.894	,17.920,0.173000,40,0,NO,"""2048,32;2048,32;2048,32;2048,32;2048,32;2048,32;2048,32;2048,32;2048,32;2048,32;2048,32;2048,32;2048,32;2048,32;2048,32;2048,32;2048,32;2048,32;2048,32;2048,32;2048,32;2048,32;2048,32;2048,32;2048,32;2048,32;2048,32;2048,32;2048,32;2048,32;2048,32;2048,32""",FLOAT16;FLOAT16;FLOAT16;FLOAT16;FLOAT16;FLOAT16;FLOAT16;FLOAT16;FLOAT16;FLOAT16;FLOAT16;FLOAT16;FLOAT16;FLOAT16;FLOAT16;FLOAT16;FLOAT16;FLOAT16;FLOAT16;FLOAT16;FLOAT16;FLOAT16;FLOAT16;FLOAT16;FLOAT16;FLOAT16;FLOAT16;FLOAT16;FLOAT16;FLOAT16;FLOAT16;FLOAT16,ND;ND;ND;ND;ND;ND;ND;ND;ND;ND;ND;ND;ND;ND;ND;ND;ND;ND;ND;ND;ND;ND;ND;ND;ND;ND;ND;ND;ND;ND;ND;ND,"""2048,1024""",FLOAT16,ND,N/A,0.0,0,0.0,0.0,0.0,0.0,0.0,0.0,0.0,0.0,0.0,0.0,0.0,14.503,957179,0.017,0.001,5.396,0.372,9.821,0.677,1.227,0.085,0.0,0.000
0,4294967295,190,47,aclnnMul_MulAiCore_Mul,Mul,dynamic,AI_VECTOR_CORE,1785698867271870.834	,329.987,0.000000,40,0,NO,"""4096,4096;4096,4096""",FLOAT;FLOAT,ND;ND,"""4096,4096""",FLOAT,ND,N/A,0.0,0,0.0,0.0,0.0,0.0,0.0,0.0,0.0,0.0,0.0,0.0,0.0,327.812,21635619,6.784,0.021,3.065,0.009,326.226,0.995,110.277,0.336,0.0,0.000
0,4294967295,191,47,Concat,Concat,dynamic,AI_VECTOR_CORE,1785698867272200.841	,16.580,0.013000,40,0,NO,"""2048,32;2048,32;2048,32;2048,32;2048,32;2048,32;2048,32;2048,32;2048,32;2048,32;2048,32;2048,32;2048,32;2048,32;2048,32;2048,32;2048,32;2048,32;2048,32;2048,32;2048,32;2048,32;2048,32;2048,32;2048,32;2048,32;2048,32;2048,32;2048,32;2048,32;2048,32;2048,32""",FLOAT16;FLOAT16;FLOAT16;FLOAT16;FLOAT16;FLOAT16;FLOAT16;FLOAT16;FLOAT16;FLOAT16;FLOAT16;FLOAT16;FLOAT16;FLOAT16;FLOAT16;FLOAT16;FLOAT16;FLOAT16;FLOAT16;FLOAT16;FLOAT16;FLOAT16;FLOAT16;FLOAT16;FLOAT16;FLOAT16;FLOAT16;FLOAT16;FLOAT16;FLOAT16;FLOAT16;FLOAT16,ND;ND;ND;ND;ND;ND;ND;ND;ND;ND;ND;ND;ND;ND;ND;ND;ND;ND;ND;ND;ND;ND;ND;ND;ND;ND;ND;ND;ND;ND;ND;ND,"""2048,1024""",FLOAT16,ND,N/A,0.0,0,0.0,0.0,0.0,0.0,0.0,0.0,0.0,0.0,0.0,0.0,0.0,13.325,879426,0.017,0.001,5.443,0.408,8.728,0.655,1.267,0.095,0.0,0.000
0,4294967295,192,47,aclnnMul_MulAiCore_Mul,Mul,dynamic,AI_VECTOR_CORE,1785698867272217.441	,330.127,0.170000,40,0,NO,"""4096,4096;4096,4096""",FLOAT;FLOAT,ND;ND,"""4096,4096""",FLOAT,ND,N/A,0.0,0,0.0,0.0,0.0,0.0,0.0,0.0,0.0,0.0,0.0,0.0,0.0,327.603,21621813,6.784,0.021,3.481,0.011,325.596,0.994,112.108,0.342,0.0,0.000
0,4294967295,193,47,Concat,Concat,dynamic,AI_VECTOR_CORE,1785698867272547.588	,16.180,0.000000,40,0,NO,"""2048,32;2048,32;2048,32;2048,32;2048,32;2048,32;2048,32;2048,32;2048,32;2048,32;2048,32;2048,32;2048,32;2048,32;2048,32;2048,32;2048,32;2048,32;2048,32;2048,32;2048,32;2048,32;2048,32;2048,32;2048,32;2048,32;2048,32;2048,32;2048,32;2048,32;2048,32;2048,32""",FLOAT16;FLOAT16;FLOAT16;FLOAT16;FLOAT16;FLOAT16;FLOAT16;FLOAT16;FLOAT16;FLOAT16;FLOAT16;FLOAT16;FLOAT16;FLOAT16;FLOAT16;FLOAT16;FLOAT16;FLOAT16;FLOAT16;FLOAT16;FLOAT16;FLOAT16;FLOAT16;FLOAT16;FLOAT16;FLOAT16;FLOAT16;FLOAT16;FLOAT16;FLOAT16;FLOAT16;FLOAT16,ND;ND;ND;ND;ND;ND;ND;ND;ND;ND;ND;ND;ND;ND;ND;ND;ND;ND;ND;ND;ND;ND;ND;ND;ND;ND;ND;ND;ND;ND;ND;ND,"""2048,1024""",FLOAT16,ND,N/A,0.0,0,0.0,0.0,0.0,0.0,0.0,0.0,0.0,0.0,0.0,0.0,0.0,12.993,857542,0.017,0.001,5.368,0.413,8.534,0.657,1.205,0.093,0.0,0.000
0,4294967295,194,47,aclnnMul_MulAiCore_Mul,Mul,dynamic,AI_VECTOR_CORE,1785698867272563.808	,330.227,0.070000,40,0,NO,"""4096,4096;4096,4096""",FLOAT;FLOAT,ND;ND,"""4096,4096""",FLOAT,ND,N/A,0.0,0,0.0,0.0,0.0,0.0,0.0,0.0,0.0,0.0,0.0,0.0,0.0,327.773,21633012,6.784,0.021,3.008,0.009,326.176,0.995,111.44,0.34,0.0,0.000
0,4294967295,195,47,Concat,Concat,dynamic,AI_VECTOR_CORE,1785698867272894.075	,17.240,0.023000,40,0,NO,"""2048,32;2048,32;2048,32;2048,32;2048,32;2048,32;2048,32;2048,32;2048,32;2048,32;2048,32;2048,32;2048,32;2048,32;2048,32;2048,32;2048,32;2048,32;2048,32;2048,32;2048,32;2048,32;2048,32;2048,32;2048,32;2048,32;2048,32;2048,32;2048,32;2048,32;2048,32;2048,32""",FLOAT16;FLOAT16;FLOAT16;FLOAT16;FLOAT16;FLOAT16;FLOAT16;FLOAT16;FLOAT16;FLOAT16;FLOAT16;FLOAT16;FLOAT16;FLOAT16;FLOAT16;FLOAT16;FLOAT16;FLOAT16;FLOAT16;FLOAT16;FLOAT16;FLOAT16;FLOAT16;FLOAT16;FLOAT16;FLOAT16;FLOAT16;FLOAT16;FLOAT16;FLOAT16;FLOAT16;FLOAT16,ND;ND;ND;ND;ND;ND;ND;ND;ND;ND;ND;ND;ND;ND;ND;ND;ND;ND;ND;ND;ND;ND;ND;ND;ND;ND;ND;ND;ND;ND;ND;ND,"""2048,1024""",FLOAT16,ND,N/A,0.0,0,0.0,0.0,0.0,0.0,0.0,0.0,0.0,0.0,0.0,0.0,0.0,13.914,918309,0.017,0.001,5.655,0.406,9.178,0.66,1.39,0.1,0.0,0.000
0,4294967295,196,47,aclnnMul_MulAiCore_Mul,Mul,dynamic,AI_VECTOR_CORE,1785698867272911.335	,329.567,0.010000,40,0,NO,"""4096,4096;4096,4096""",FLOAT;FLOAT,ND;ND,"""4096,4096""",FLOAT,ND,N/A,0.0,0,0.0,0.0,0.0,0.0,0.0,0.0,0.0,0.0,0.0,0.0,0.0,327.017,21583107,6.784,0.021,3.703,0.011,324.758,0.993,110.406,0.338,0.0,0.000
0,4294967295,197,47,Concat,Concat,dynamic,AI_VECTOR_CORE,1785698867273240.922	,16.880,0.183000,40,0,NO,"""2048,32;2048,32;2048,32;2048,32;2048,32;2048,32;2048,32;2048,32;2048,32;2048,32;2048,32;2048,32;2048,32;2048,32;2048,32;2048,32;2048,32;2048,32;2048,32;2048,32;2048,32;2048,32;2048,32;2048,32;2048,32;2048,32;2048,32;2048,32;2048,32;2048,32;2048,32;2048,32""",FLOAT16;FLOAT16;FLOAT16;FLOAT16;FLOAT16;FLOAT16;FLOAT16;FLOAT16;FLOAT16;FLOAT16;FLOAT16;FLOAT16;FLOAT16;FLOAT16;FLOAT16;FLOAT16;FLOAT16;FLOAT16;FLOAT16;FLOAT16;FLOAT16;FLOAT16;FLOAT16;FLOAT16;FLOAT16;FLOAT16;FLOAT16;FLOAT16;FLOAT16;FLOAT16;FLOAT16;FLOAT16,ND;ND;ND;ND;ND;ND;ND;ND;ND;ND;ND;ND;ND;ND;ND;ND;ND;ND;ND;ND;ND;ND;ND;ND;ND;ND;ND;ND;ND;ND;ND;ND,"""2048,1024""",FLOAT16,ND,N/A,0.0,0,0.0,0.0,0.0,0.0,0.0,0.0,0.0,0.0,0.0,0.0,0.0,13.727,905973,0.017,0.001,5.943,0.433,9.255,0.674,1.075,0.078,0.0,0.000
0,4294967295,198,47,aclnnMul_MulAiCore_Mul,Mul,dynamic,AI_VECTOR_CORE,1785698867273257.822	,330.267,0.000000,40,0,NO,"""4096,4096;4096,4096""",FLOAT;FLOAT,ND;ND,"""4096,4096""",FLOAT,ND,N/A,0.0,0,0.0,0.0,0.0,0.0,0.0,0.0,0.0,0.0,0.0,0.0,0.0,327.973,21646196,6.784,0.021,3.026,0.009,326.418,0.995,111.149,0.339,0.0,0.000
0,4294967295,199,47,Concat,Concat,dynamic,AI_VECTOR_CORE,1785698867273588.109	,16.800,0.000000,40,0,NO,"""2048,32;2048,32;2048,32;2048,32;2048,32;2048,32;2048,32;2048,32;2048,32;2048,32;2048,32;2048,32;2048,32;2048,32;2048,32;2048,32;2048,32;2048,32;2048,32;2048,32;2048,32;2048,32;2048,32;2048,32;2048,32;2048,32;2048,32;2048,32;2048,32;2048,32;2048,32;2048,32""",FLOAT16;FLOAT16;FLOAT16;FLOAT16;FLOAT16;FLOAT16;FLOAT16;FLOAT16;FLOAT16;FLOAT16;FLOAT16;FLOAT16;FLOAT16;FLOAT16;FLOAT16;FLOAT16;FLOAT16;FLOAT16;FLOAT16;FLOAT16;FLOAT16;FLOAT16;FLOAT16;FLOAT16;FLOAT16;FLOAT16;FLOAT16;FLOAT16;FLOAT16;FLOAT16;FLOAT16;FLOAT16,ND;ND;ND;ND;ND;ND;ND;ND;ND;ND;ND;ND;ND;ND;ND;ND;ND;ND;ND;ND;ND;ND;ND;ND;ND;ND;ND;ND;ND;ND;ND;ND,"""2048,1024""",FLOAT16,ND,N/A,0.0,0,0.0,0.0,0.0,0.0,0.0,0.0,0.0,0.0,0.0,0.0,0.0,13.804,911037,0.017,0.001,5.365,0.389,9.147,0.663,1.358,0.098,0.0,0.000
0,4294967295,200,47,aclnnMul_MulAiCore_Mul,Mul,dynamic,AI_VECTOR_CORE,1785698867273604.929	,329.786,0.200000,40,0,NO,"""4096,4096;4096,4096""",FLOAT;FLOAT,ND;ND,"""4096,4096""",FLOAT,ND,N/A,0.0,0,0.0,0.0,0.0,0.0,0.0,0.0,0.0,0.0,0.0,0.0,0.0,326.982,21580843,6.784,0.021,3.069,0.009,325.401,0.995,111.957,0.342,0.0,0.000
0,4294967295,201,47,Concat,Concat,dynamic,AI_VECTOR_CORE,1785698867273934.735	,16.221,0.000000,40,0,NO,"""2048,32;2048,32;2048,32;2048,32;2048,32;2048,32;2048,32;2048,32;2048,32;2048,32;2048,32;2048,32;2048,32;2048,32;2048,32;2048,32;2048,32;2048,32;2048,32;2048,32;2048,32;2048,32;2048,32;2048,32;2048,32;2048,32;2048,32;2048,32;2048,32;2048,32;2048,32;2048,32""",FLOAT16;FLOAT16;FLOAT16;FLOAT16;FLOAT16;FLOAT16;FLOAT16;FLOAT16;FLOAT16;FLOAT16;FLOAT16;FLOAT16;FLOAT16;FLOAT16;FLOAT16;FLOAT16;FLOAT16;FLOAT16;FLOAT16;FLOAT16;FLOAT16;FLOAT16;FLOAT16;FLOAT16;FLOAT16;FLOAT16;FLOAT16;FLOAT16;FLOAT16;FLOAT16;FLOAT16;FLOAT16,ND;ND;ND;ND;ND;ND;ND;ND;ND;ND;ND;ND;ND;ND;ND;ND;ND;ND;ND;ND;ND;ND;ND;ND;ND;ND;ND;ND;ND;ND;ND;ND,"""2048,1024""",FLOAT16,ND,N/A,0.0,0,0.0,0.0,0.0,0.0,0.0,0.0,0.0,0.0,0.0,0.0,0.0,13.025,859676,0.017,0.001,5.439,0.418,8.588,0.659,1.165,0.089,0.0,0.000
0,4294967295,202,47,aclnnMul_MulAiCore_Mul,Mul,dynamic,AI_VECTOR_CORE,1785698867273950.976	,328.366,0.029000,40,0,NO,"""4096,4096;4096,4096""",FLOAT;FLOAT,ND;ND,"""4096,4096""",FLOAT,ND,N/A,0.0,0,0.0,0.0,0.0,0.0,0.0,0.0,0.0,0.0,0.0,0.0,0.0,326.199,21529114,6.784,0.021,2.968,0.009,324.707,0.995,109.556,0.336,0.0,0.000
0,4294967295,203,47,Concat,Concat,dynamic,AI_VECTOR_CORE,1785698867274279.362	,17.781,0.000000,40,0,NO,"""2048,32;2048,32;2048,32;2048,32;2048,32;2048,32;2048,32;2048,32;2048,32;2048,32;2048,32;2048,32;2048,32;2048,32;2048,32;2048,32;2048,32;2048,32;2048,32;2048,32;2048,32;2048,32;2048,32;2048,32;2048,32;2048,32;2048,32;2048,32;2048,32;2048,32;2048,32;2048,32""",FLOAT16;FLOAT16;FLOAT16;FLOAT16;FLOAT16;FLOAT16;FLOAT16;FLOAT16;FLOAT16;FLOAT16;FLOAT16;FLOAT16;FLOAT16;FLOAT16;FLOAT16;FLOAT16;FLOAT16;FLOAT16;FLOAT16;FLOAT16;FLOAT16;FLOAT16;FLOAT16;FLOAT16;FLOAT16;FLOAT16;FLOAT16;FLOAT16;FLOAT16;FLOAT16;FLOAT16;FLOAT16,ND;ND;ND;ND;ND;ND;ND;ND;ND;ND;ND;ND;ND;ND;ND;ND;ND;ND;ND;ND;ND;ND;ND;ND;ND;ND;ND;ND;ND;ND;ND;ND,"""2048,1024""",FLOAT16,ND,N/A,0.0,0,0.0,0.0,0.0,0.0,0.0,0.0,0.0,0.0,0.0,0.0,0.0,14.716,971286,0.017,0.001,5.626,0.382,9.867,0.67,1.457,0.099,0.0,0.000
0,4294967295,204,47,aclnnMul_MulAiCore_Mul,Mul,dynamic,AI_VECTOR_CORE,1785698867274297.183	,330.146,0.219000,40,0,NO,"""4096,4096;4096,4096""",FLOAT;FLOAT,ND;ND,"""4096,4096""",FLOAT,ND,N/A,0.0,0,0.0,0.0,0.0,0.0,0.0,0.0,0.0,0.0,0.0,0.0,0.0,327.751,21631558,6.784,0.021,3.065,0.009,326.172,0.995,108.849,0.332,0.0,0.000
0,4294967295,205,47,Concat,Concat,dynamic,AI_VECTOR_CORE,1785698867274627.349	,16.441,0.000000,40,0,NO,"""2048,32;2048,32;2048,32;2048,32;2048,32;2048,32;2048,32;2048,32;2048,32;2048,32;2048,32;2048,32;2048,32;2048,32;2048,32;2048,32;2048,32;2048,32;2048,32;2048,32;2048,32;2048,32;2048,32;2048,32;2048,32;2048,32;2048,32;2048,32;2048,32;2048,32;2048,32;2048,32""",FLOAT16;FLOAT16;FLOAT16;FLOAT16;FLOAT16;FLOAT16;FLOAT16;FLOAT16;FLOAT16;FLOAT16;FLOAT16;FLOAT16;FLOAT16;FLOAT16;FLOAT16;FLOAT16;FLOAT16;FLOAT16;FLOAT16;FLOAT16;FLOAT16;FLOAT16;FLOAT16;FLOAT16;FLOAT16;FLOAT16;FLOAT16;FLOAT16;FLOAT16;FLOAT16;FLOAT16;FLOAT16,ND;ND;ND;ND;ND;ND;ND;ND;ND;ND;ND;ND;ND;ND;ND;ND;ND;ND;ND;ND;ND;ND;ND;ND;ND;ND;ND;ND;ND;ND;ND;ND,"""2048,1024""",FLOAT16,ND,N/A,0.0,0,0.0,0.0,0.0,0.0,0.0,0.0,0.0,0.0,0.0,0.0,0.0,13.666,901970,0.017,0.001,5.928,0.434,9.183,0.672,1.187,0.087,0.0,0.000
0,4294967295,206,47,aclnnMul_MulAiCore_Mul,Mul,dynamic,AI_VECTOR_CORE,1785698867274643.830	,329.326,0.059000,40,0,NO,"""4096,4096;4096,4096""",FLOAT;FLOAT,ND;ND,"""4096,4096""",FLOAT,ND,N/A,0.0,0,0.0,0.0,0.0,0.0,0.0,0.0,0.0,0.0,0.0,0.0,0.0,327.126,21590306,6.784,0.021,2.91,0.009,325.65,0.995,110.736,0.339,0.0,0.000
0,4294967295,207,47,Concat,Concat,dynamic,AI_VECTOR_CORE,1785698867274973.176	,17.821,0.174000,40,0,NO,"""2048,32;2048,32;2048,32;2048,32;2048,32;2048,32;2048,32;2048,32;2048,32;2048,32;2048,32;2048,32;2048,32;2048,32;2048,32;2048,32;2048,32;2048,32;2048,32;2048,32;2048,32;2048,32;2048,32;2048,32;2048,32;2048,32;2048,32;2048,32;2048,32;2048,32;2048,32;2048,32""",FLOAT16;FLOAT16;FLOAT16;FLOAT16;FLOAT16;FLOAT16;FLOAT16;FLOAT16;FLOAT16;FLOAT16;FLOAT16;FLOAT16;FLOAT16;FLOAT16;FLOAT16;FLOAT16;FLOAT16;FLOAT16;FLOAT16;FLOAT16;FLOAT16;FLOAT16;FLOAT16;FLOAT16;FLOAT16;FLOAT16;FLOAT16;FLOAT16;FLOAT16;FLOAT16;FLOAT16;FLOAT16,ND;ND;ND;ND;ND;ND;ND;ND;ND;ND;ND;ND;ND;ND;ND;ND;ND;ND;ND;ND;ND;ND;ND;ND;ND;ND;ND;ND;ND;ND;ND;ND,"""2048,1024""",FLOAT16,ND,N/A,0.0,0,0.0,0.0,0.0,0.0,0.0,0.0,0.0,0.0,0.0,0.0,0.0,14.404,950643,0.017,0.001,5.015,0.348,9.746,0.677,1.315,0.091,0.0,0.000
0,4294967295,208,47,aclnnMul_MulAiCore_Mul,Mul,dynamic,AI_VECTOR_CORE,1785698867274991.017	,329.286,0.000000,40,0,NO,"""4096,4096;4096,4096""",FLOAT;FLOAT,ND;ND,"""4096,4096""",FLOAT,ND,N/A,0.0,0,0.0,0.0,0.0,0.0,0.0,0.0,0.0,0.0,0.0,0.0,0.0,327.054,21585577,6.784,0.021,3.037,0.009,325.506,0.995,111.021,0.339,0.0,0.000
0,4294967295,209,47,Concat,Concat,dynamic,AI_VECTOR_CORE,1785698867275320.323	,17.300,0.000000,40,0,NO,"""2048,32;2048,32;2048,32;2048,32;2048,32;2048,32;2048,32;2048,32;2048,32;2048,32;2048,32;2048,32;2048,32;2048,32;2048,32;2048,32;2048,32;2048,32;2048,32;2048,32;2048,32;2048,32;2048,32;2048,32;2048,32;2048,32;2048,32;2048,32;2048,32;2048,32;2048,32;2048,32""",FLOAT16;FLOAT16;FLOAT16;FLOAT16;FLOAT16;FLOAT16;FLOAT16;FLOAT16;FLOAT16;FLOAT16;FLOAT16;FLOAT16;FLOAT16;FLOAT16;FLOAT16;FLOAT16;FLOAT16;FLOAT16;FLOAT16;FLOAT16;FLOAT16;FLOAT16;FLOAT16;FLOAT16;FLOAT16;FLOAT16;FLOAT16;FLOAT16;FLOAT16;FLOAT16;FLOAT16;FLOAT16,ND;ND;ND;ND;ND;ND;ND;ND;ND;ND;ND;ND;ND;ND;ND;ND;ND;ND;ND;ND;ND;ND;ND;ND;ND;ND;ND;ND;ND;ND;ND;ND,"""2048,1024""",FLOAT16,ND,N/A,0.0,0,0.0,0.0,0.0,0.0,0.0,0.0,0.0,0.0,0.0,0.0,0.0,13.957,921173,0.017,0.001,4.979,0.357,9.397,0.673,1.237,0.089,0.0,0.000
0,4294967295,210,47,aclnnMul_MulAiCore_Mul,Mul,dynamic,AI_VECTOR_CORE,1785698867275337.643	,330.427,0.200000,40,0,NO,"""4096,4096;4096,4096""",FLOAT;FLOAT,ND;ND,"""4096,4096""",FLOAT,ND,N/A,0.0,0,0.0,0.0,0.0,0.0,0.0,0.0,0.0,0.0,0.0,0.0,0.0,327.44,21611027,6.784,0.021,3.716,0.011,325.051,0.993,112.619,0.344,0.0,0.000
0,4294967295,211,47,Concat,Concat,dynamic,AI_VECTOR_CORE,1785698867275668.090	,18.460,0.000000,40,0,NO,"""2048,32;2048,32;2048,32;2048,32;2048,32;2048,32;2048,32;2048,32;2048,32;2048,32;2048,32;2048,32;2048,32;2048,32;2048,32;2048,32;2048,32;2048,32;2048,32;2048,32;2048,32;2048,32;2048,32;2048,32;2048,32;2048,32;2048,32;2048,32;2048,32;2048,32;2048,32;2048,32""",FLOAT16;FLOAT16;FLOAT16;FLOAT16;FLOAT16;FLOAT16;FLOAT16;FLOAT16;FLOAT16;FLOAT16;FLOAT16;FLOAT16;FLOAT16;FLOAT16;FLOAT16;FLOAT16;FLOAT16;FLOAT16;FLOAT16;FLOAT16;FLOAT16;FLOAT16;FLOAT16;FLOAT16;FLOAT16;FLOAT16;FLOAT16;FLOAT16;FLOAT16;FLOAT16;FLOAT16;FLOAT16,ND;ND;ND;ND;ND;ND;ND;ND;ND;ND;ND;ND;ND;ND;ND;ND;ND;ND;ND;ND;ND;ND;ND;ND;ND;ND;ND;ND;ND;ND;ND;ND,"""2048,1024""",FLOAT16,ND,N/A,0.0,0,0.0,0.0,0.0,0.0,0.0,0.0,0.0,0.0,0.0,0.0,0.0,14.994,989577,0.017,0.001,5.323,0.355,10.146,0.677,1.392,0.093,0.0,0.000
0,4294967295,212,47,aclnnMul_MulAiCore_Mul,Mul,dynamic,AI_VECTOR_CORE,1785698867275686.570	,328.907,0.040000,40,0,NO,"""4096,4096;4096,4096""",FLOAT;FLOAT,ND;ND,"""4096,4096""",FLOAT,ND,N/A,0.0,0,0.0,0.0,0.0,0.0,0.0,0.0,0.0,0.0,0.0,0.0,0.0,326.787,21567962,6.784,0.021,3.044,0.009,325.191,0.995,109.775,0.336,0.0,0.000
0,4294967295,213,47,Concat,Concat,dynamic,AI_VECTOR_CORE,1785698867276015.517	,17.540,0.093000,40,0,NO,"""2048,32;2048,32;2048,32;2048,32;2048,32;2048,32;2048,32;2048,32;2048,32;2048,32;2048,32;2048,32;2048,32;2048,32;2048,32;2048,32;2048,32;2048,32;2048,32;2048,32;2048,32;2048,32;2048,32;2048,32;2048,32;2048,32;2048,32;2048,32;2048,32;2048,32;2048,32;2048,32""",FLOAT16;FLOAT16;FLOAT16;FLOAT16;FLOAT16;FLOAT16;FLOAT16;FLOAT16;FLOAT16;FLOAT16;FLOAT16;FLOAT16;FLOAT16;FLOAT16;FLOAT16;FLOAT16;FLOAT16;FLOAT16;FLOAT16;FLOAT16;FLOAT16;FLOAT16;FLOAT16;FLOAT16;FLOAT16;FLOAT16;FLOAT16;FLOAT16;FLOAT16;FLOAT16;FLOAT16;FLOAT16,ND;ND;ND;ND;ND;ND;ND;ND;ND;ND;ND;ND;ND;ND;ND;ND;ND;ND;ND;ND;ND;ND;ND;ND;ND;ND;ND;ND;ND;ND;ND;ND,"""2048,1024""",FLOAT16,ND,N/A,0.0,0,0.0,0.0,0.0,0.0,0.0,0.0,0.0,0.0,0.0,0.0,0.0,14.614,964513,0.017,0.001,5.581,0.382,9.988,0.683,1.226,0.084,0.0,0.000
0,4294967295,214,47,aclnnMul_MulAiCore_Mul,Mul,dynamic,AI_VECTOR_CORE,1785698867276033.077	,330.727,0.000000,40,0,NO,"""4096,4096;4096,4096""",FLOAT;FLOAT,ND;ND,"""4096,4096""",FLOAT,ND,N/A,0.0,0,0.0,0.0,0.0,0.0,0.0,0.0,0.0,0.0,0.0,0.0,0.0,327.66,21625568,6.784,0.021,3.092,0.009,325.998,0.995,111.259,0.34,0.0,0.000
0,4294967295,215,47,Concat,Concat,dynamic,AI_VECTOR_CORE,1785698867276363.824	,17.980,0.023000,40,0,NO,"""2048,32;2048,32;2048,32;2048,32;2048,32;2048,32;2048,32;2048,32;2048,32;2048,32;2048,32;2048,32;2048,32;2048,32;2048,32;2048,32;2048,32;2048,32;2048,32;2048,32;2048,32;2048,32;2048,32;2048,32;2048,32;2048,32;2048,32;2048,32;2048,32;2048,32;2048,32;2048,32""",FLOAT16;FLOAT16;FLOAT16;FLOAT16;FLOAT16;FLOAT16;FLOAT16;FLOAT16;FLOAT16;FLOAT16;FLOAT16;FLOAT16;FLOAT16;FLOAT16;FLOAT16;FLOAT16;FLOAT16;FLOAT16;FLOAT16;FLOAT16;FLOAT16;FLOAT16;FLOAT16;FLOAT16;FLOAT16;FLOAT16;FLOAT16;FLOAT16;FLOAT16;FLOAT16;FLOAT16;FLOAT16,ND;ND;ND;ND;ND;ND;ND;ND;ND;ND;ND;ND;ND;ND;ND;ND;ND;ND;ND;ND;ND;ND;ND;ND;ND;ND;ND;ND;ND;ND;ND;ND,"""2048,1024""",FLOAT16,ND,N/A,0.0,0,0.0,0.0,0.0,0.0,0.0,0.0,0.0,0.0,0.0,0.0,0.0,14.738,972732,0.017,0.001,5.149,0.349,9.969,0.676,1.334,0.091,0.0,0.000
0,4294967295,216,47,aclnnMul_MulAiCore_Mul,Mul,dynamic,AI_VECTOR_CORE,1785698867276381.824	,328.727,0.020000,40,0,NO,"""4096,4096;4096,4096""",FLOAT;FLOAT,ND;ND,"""4096,4096""",FLOAT,ND,N/A,0.0,0,0.0,0.0,0.0,0.0,0.0,0.0,0.0,0.0,0.0,0.0,0.0,326.505,21549357,6.784,0.021,2.974,0.009,325.019,0.995,111.494,0.341,0.0,0.000
0,4294967295,217,47,Concat,Concat,dynamic,AI_VECTOR_CORE,1785698867276710.591	,18.240,0.023000,40,0,NO,"""2048,32;2048,32;2048,32;2048,32;2048,32;2048,32;2048,32;2048,32;2048,32;2048,32;2048,32;2048,32;2048,32;2048,32;2048,32;2048,32;2048,32;2048,32;2048,32;2048,32;2048,32;2048,32;2048,32;2048,32;2048,32;2048,32;2048,32;2048,32;2048,32;2048,32;2048,32;2048,32""",FLOAT16;FLOAT16;FLOAT16;FLOAT16;FLOAT16;FLOAT16;FLOAT16;FLOAT16;FLOAT16;FLOAT16;FLOAT16;FLOAT16;FLOAT16;FLOAT16;FLOAT16;FLOAT16;FLOAT16;FLOAT16;FLOAT16;FLOAT16;FLOAT16;FLOAT16;FLOAT16;FLOAT16;FLOAT16;FLOAT16;FLOAT16;FLOAT16;FLOAT16;FLOAT16;FLOAT16;FLOAT16,ND;ND;ND;ND;ND;ND;ND;ND;ND;ND;ND;ND;ND;ND;ND;ND;ND;ND;ND;ND;ND;ND;ND;ND;ND;ND;ND;ND;ND;ND;ND;ND,"""2048,1024""",FLOAT16,ND,N/A,0.0,0,0.0,0.0,0.0,0.0,0.0,0.0,0.0,0.0,0.0,0.0,0.0,14.964,987649,0.017,0.001,5.121,0.342,10.197,0.681,1.351,0.09,0.0,0.000
0,4294967295,218,47,aclnnMul_MulAiCore_Mul,Mul,dynamic,AI_VECTOR_CORE,1785698867276728.851	,331.547,0.010000,40,0,NO,"""4096,4096;4096,4096""",FLOAT;FLOAT,ND;ND,"""4096,4096""",FLOAT,ND,N/A,0.0,0,0.0,0.0,0.0,0.0,0.0,0.0,0.0,0.0,0.0,0.0,0.0,329.198,21727035,6.784,0.021,3.028,0.009,327.594,0.995,112.332,0.341,0.0,0.000
0,4294967295,219,47,Concat,Concat,dynamic,AI_VECTOR_CORE,1785698867277060.418	,18.040,0.203000,40,0,NO,"""2048,32;2048,32;2048,32;2048,32;2048,32;2048,32;2048,32;2048,32;2048,32;2048,32;2048,32;2048,32;2048,32;2048,32;2048,32;2048,32;2048,32;2048,32;2048,32;2048,32;2048,32;2048,32;2048,32;2048,32;2048,32;2048,32;2048,32;2048,32;2048,32;2048,32;2048,32;2048,32""",FLOAT16;FLOAT16;FLOAT16;FLOAT16;FLOAT16;FLOAT16;FLOAT16;FLOAT16;FLOAT16;FLOAT16;FLOAT16;FLOAT16;FLOAT16;FLOAT16;FLOAT16;FLOAT16;FLOAT16;FLOAT16;FLOAT16;FLOAT16;FLOAT16;FLOAT16;FLOAT16;FLOAT16;FLOAT16;FLOAT16;FLOAT16;FLOAT16;FLOAT16;FLOAT16;FLOAT16;FLOAT16,ND;ND;ND;ND;ND;ND;ND;ND;ND;ND;ND;ND;ND;ND;ND;ND;ND;ND;ND;ND;ND;ND;ND;ND;ND;ND;ND;ND;ND;ND;ND;ND,"""2048,1024""",FLOAT16,ND,N/A,0.0,0,0.0,0.0,0.0,0.0,0.0,0.0,0.0,0.0,0.0,0.0,0.0,14.485,955986,0.017,0.001,5.606,0.387,9.732,0.672,1.426,0.098,0.0,0.000
0,4294967295,220,47,aclnnMul_MulAiCore_Mul,Mul,dynamic,AI_VECTOR_CORE,1785698867277078.478	,328.687,0.000000,40,0,NO,"""4096,4096;4096,4096""",FLOAT;FLOAT,ND;ND,"""4096,4096""",FLOAT,ND,N/A,0.0,0,0.0,0.0,0.0,0.0,0.0,0.0,0.0,0.0,0.0,0.0,0.0,326.537,21551429,6.784,0.021,2.965,0.009,325.048,0.995,110.272,0.338,0.0,0.000
0,4294967295,221,47,Concat,Concat,dynamic,AI_VECTOR_CORE,1785698867277407.205	,17.000,0.063000,40,0,NO,"""2048,32;2048,32;2048,32;2048,32;2048,32;2048,32;2048,32;2048,32;2048,32;2048,32;2048,32;2048,32;2048,32;2048,32;2048,32;2048,32;2048,32;2048,32;2048,32;2048,32;2048,32;2048,32;2048,32;2048,32;2048,32;2048,32;2048,32;2048,32;2048,32;2048,32;2048,32;2048,32""",FLOAT16;FLOAT16;FLOAT16;FLOAT16;FLOAT16;FLOAT16;FLOAT16;FLOAT16;FLOAT16;FLOAT16;FLOAT16;FLOAT16;FLOAT16;FLOAT16;FLOAT16;FLOAT16;FLOAT16;FLOAT16;FLOAT16;FLOAT16;FLOAT16;FLOAT16;FLOAT16;FLOAT16;FLOAT16;FLOAT16;FLOAT16;FLOAT16;FLOAT16;FLOAT16;FLOAT16;FLOAT16,ND;ND;ND;ND;ND;ND;ND;ND;ND;ND;ND;ND;ND;ND;ND;ND;ND;ND;ND;ND;ND;ND;ND;ND;ND;ND;ND;ND;ND;ND;ND;ND,"""2048,1024""",FLOAT16,ND,N/A,0.0,0,0.0,0.0,0.0,0.0,0.0,0.0,0.0,0.0,0.0,0.0,0.0,14.077,929063,0.017,0.001,5.314,0.377,9.543,0.678,1.258,0.089,0.0,0.000
0,4294967295,222,47,aclnnMul_MulAiCore_Mul,Mul,dynamic,AI_VECTOR_CORE,1785698867277424.225	,329.867,0.000000,40,0,NO,"""4096,4096;4096,4096""",FLOAT;FLOAT,ND;ND,"""4096,4096""",FLOAT,ND,N/A,0.0,0,0.0,0.0,0.0,0.0,0.0,0.0,0.0,0.0,0.0,0.0,0.0,328.026,21649709,6.784,0.021,3.013,0.009,326.506,0.995,110.717,0.338,0.0,0.000
0,4294967295,223,47,Concat,Concat,dynamic,AI_VECTOR_CORE,1785698867277754.132	,17.580,0.133000,40,0,NO,"""2048,32;2048,32;2048,32;2048,32;2048,32;2048,32;2048,32;2048,32;2048,32;2048,32;2048,32;2048,32;2048,32;2048,32;2048,32;2048,32;2048,32;2048,32;2048,32;2048,32;2048,32;2048,32;2048,32;2048,32;2048,32;2048,32;2048,32;2048,32;2048,32;2048,32;2048,32;2048,32""",FLOAT16;FLOAT16;FLOAT16;FLOAT16;FLOAT16;FLOAT16;FLOAT16;FLOAT16;FLOAT16;FLOAT16;FLOAT16;FLOAT16;FLOAT16;FLOAT16;FLOAT16;FLOAT16;FLOAT16;FLOAT16;FLOAT16;FLOAT16;FLOAT16;FLOAT16;FLOAT16;FLOAT16;FLOAT16;FLOAT16;FLOAT16;FLOAT16;FLOAT16;FLOAT16;FLOAT16;FLOAT16,ND;ND;ND;ND;ND;ND;ND;ND;ND;ND;ND;ND;ND;ND;ND;ND;ND;ND;ND;ND;ND;ND;ND;ND;ND;ND;ND;ND;ND;ND;ND;ND,"""2048,1024""",FLOAT16,ND,N/A,0.0,0,0.0,0.0,0.0,0.0,0.0,0.0,0.0,0.0,0.0,0.0,0.0,14.314,944718,0.017,0.001,5.443,0.38,9.729,0.68,1.257,0.088,0.0,0.000
0,4294967295,224,47,aclnnMul_MulAiCore_Mul,Mul,dynamic,AI_VECTOR_CORE,1785698867277771.752	,327.867,0.000000,40,0,NO,"""4096,4096;4096,4096""",FLOAT;FLOAT,ND;ND,"""4096,4096""",FLOAT,ND,N/A,0.0,0,0.0,0.0,0.0,0.0,0.0,0.0,0.0,0.0,0.0,0.0,0.0,326.081,21521355,6.784,0.021,3.034,0.009,324.543,0.995,110.599,0.339,0.0,0.000
0,4294967295,225,47,Concat,Concat,dynamic,AI_VECTOR_CORE,1785698867278099.659	,17.180,0.133000,40,0,NO,"""2048,32;2048,32;2048,32;2048,32;2048,32;2048,32;2048,32;2048,32;2048,32;2048,32;2048,32;2048,32;2048,32;2048,32;2048,32;2048,32;2048,32;2048,32;2048,32;2048,32;2048,32;2048,32;2048,32;2048,32;2048,32;2048,32;2048,32;2048,32;2048,32;2048,32;2048,32;2048,32""",FLOAT16;FLOAT16;FLOAT16;FLOAT16;FLOAT16;FLOAT16;FLOAT16;FLOAT16;FLOAT16;FLOAT16;FLOAT16;FLOAT16;FLOAT16;FLOAT16;FLOAT16;FLOAT16;FLOAT16;FLOAT16;FLOAT16;FLOAT16;FLOAT16;FLOAT16;FLOAT16;FLOAT16;FLOAT16;FLOAT16;FLOAT16;FLOAT16;FLOAT16;FLOAT16;FLOAT16;FLOAT16,ND;ND;ND;ND;ND;ND;ND;ND;ND;ND;ND;ND;ND;ND;ND;ND;ND;ND;ND;ND;ND;ND;ND;ND;ND;ND;ND;ND;ND;ND;ND;ND,"""2048,1024""",FLOAT16,ND,N/A,0.0,0,0.0,0.0,0.0,0.0,0.0,0.0,0.0,0.0,0.0,0.0,0.0,13.849,914024,0.017,0.001,5.509,0.398,9.302,0.672,1.181,0.085,0.0,0.000
0,4294967295,226,47,aclnnMul_MulAiCore_Mul,Mul,dynamic,AI_VECTOR_CORE,1785698867278116.879	,328.967,0.070000,40,0,NO,"""4096,4096;4096,4096""",FLOAT;FLOAT,ND;ND,"""4096,4096""",FLOAT,ND,N/A,0.0,0,0.0,0.0,0.0,0.0,0.0,0.0,0.0,0.0,0.0,0.0,0.0,326.954,21578944,6.784,0.021,3.088,0.009,325.349,0.995,110.136,0.337,0.0,0.000
0,4294967295,227,47,Concat,Concat,dynamic,AI_VECTOR_CORE,1785698867278445.866	,16.780,0.000000,40,0,NO,"""2048,32;2048,32;2048,32;2048,32;2048,32;2048,32;2048,32;2048,32;2048,32;2048,32;2048,32;2048,32;2048,32;2048,32;2048,32;2048,32;2048,32;2048,32;2048,32;2048,32;2048,32;2048,32;2048,32;2048,32;2048,32;2048,32;2048,32;2048,32;2048,32;2048,32;2048,32;2048,32""",FLOAT16;FLOAT16;FLOAT16;FLOAT16;FLOAT16;FLOAT16;FLOAT16;FLOAT16;FLOAT16;FLOAT16;FLOAT16;FLOAT16;FLOAT16;FLOAT16;FLOAT16;FLOAT16;FLOAT16;FLOAT16;FLOAT16;FLOAT16;FLOAT16;FLOAT16;FLOAT16;FLOAT16;FLOAT16;FLOAT16;FLOAT16;FLOAT16;FLOAT16;FLOAT16;FLOAT16;FLOAT16,ND;ND;ND;ND;ND;ND;ND;ND;ND;ND;ND;ND;ND;ND;ND;ND;ND;ND;ND;ND;ND;ND;ND;ND;ND;ND;ND;ND;ND;ND;ND;ND,"""2048,1024""",FLOAT16,ND,N/A,0.0,0,0.0,0.0,0.0,0.0,0.0,0.0,0.0,0.0,0.0,0.0,0.0,13.462,888486,0.017,0.001,5.739,0.426,8.937,0.664,1.228,0.091,0.0,0.000
0,4294967295,228,47,aclnnMul_MulAiCore_Mul,Mul,dynamic,AI_VECTOR_CORE,1785698867278462.666	,329.186,0.220000,40,0,NO,"""4096,4096;4096,4096""",FLOAT;FLOAT,ND;ND,"""4096,4096""",FLOAT,ND,N/A,0.0,0,0.0,0.0,0.0,0.0,0.0,0.0,0.0,0.0,0.0,0.0,0.0,327.042,21584785,6.784,0.021,3.047,0.009,325.435,0.995,110.62,0.338,0.0,0.000
0,4294967295,229,47,Concat,Concat,dynamic,AI_VECTOR_CORE,1785698867278791.872	,16.381,0.000000,40,0,NO,"""2048,32;2048,32;2048,32;2048,32;2048,32;2048,32;2048,32;2048,32;2048,32;2048,32;2048,32;2048,32;2048,32;2048,32;2048,32;2048,32;2048,32;2048,32;2048,32;2048,32;2048,32;2048,32;2048,32;2048,32;2048,32;2048,32;2048,32;2048,32;2048,32;2048,32;2048,32;2048,32""",FLOAT16;FLOAT16;FLOAT16;FLOAT16;FLOAT16;FLOAT16;FLOAT16;FLOAT16;FLOAT16;FLOAT16;FLOAT16;FLOAT16;FLOAT16;FLOAT16;FLOAT16;FLOAT16;FLOAT16;FLOAT16;FLOAT16;FLOAT16;FLOAT16;FLOAT16;FLOAT16;FLOAT16;FLOAT16;FLOAT16;FLOAT16;FLOAT16;FLOAT16;FLOAT16;FLOAT16;FLOAT16,ND;ND;ND;ND;ND;ND;ND;ND;ND;ND;ND;ND;ND;ND;ND;ND;ND;ND;ND;ND;ND;ND;ND;ND;ND;ND;ND;ND;ND;ND;ND;ND,"""2048,1024""",FLOAT16,ND,N/A,0.0,0,0.0,0.0,0.0,0.0,0.0,0.0,0.0,0.0,0.0,0.0,0.0,12.918,852558,0.017,0.001,5.786,0.448,8.48,0.656,1.112,0.086,0.0,0.000
0,4294967295,230,47,aclnnMul_MulAiCore_Mul,Mul,dynamic,AI_VECTOR_CORE,1785698867278808.293	,329.626,0.119000,40,0,NO,"""4096,4096;4096,4096""",FLOAT;FLOAT,ND;ND,"""4096,4096""",FLOAT,ND,N/A,0.0,0,0.0,0.0,0.0,0.0,0.0,0.0,0.0,0.0,0.0,0.0,0.0,327.404,21608668,6.784,0.021,3.143,0.01,325.753,0.995,110.478,0.337,0.0,0.000
0,4294967295,231,47,Concat,Concat,dynamic,AI_VECTOR_CORE,1785698867279137.939	,17.441,0.124000,40,0,NO,"""2048,32;2048,32;2048,32;2048,32;2048,32;2048,32;2048,32;2048,32;2048,32;2048,32;2048,32;2048,32;2048,32;2048,32;2048,32;2048,32;2048,32;2048,32;2048,32;2048,32;2048,32;2048,32;2048,32;2048,32;2048,32;2048,32;2048,32;2048,32;2048,32;2048,32;2048,32;2048,32""",FLOAT16;FLOAT16;FLOAT16;FLOAT16;FLOAT16;FLOAT16;FLOAT16;FLOAT16;FLOAT16;FLOAT16;FLOAT16;FLOAT16;FLOAT16;FLOAT16;FLOAT16;FLOAT16;FLOAT16;FLOAT16;FLOAT16;FLOAT16;FLOAT16;FLOAT16;FLOAT16;FLOAT16;FLOAT16;FLOAT16;FLOAT16;FLOAT16;FLOAT16;FLOAT16;FLOAT16;FLOAT16,ND;ND;ND;ND;ND;ND;ND;ND;ND;ND;ND;ND;ND;ND;ND;ND;ND;ND;ND;ND;ND;ND;ND;ND;ND;ND;ND;ND;ND;ND;ND;ND,"""2048,1024""",FLOAT16,ND,N/A,0.0,0,0.0,0.0,0.0,0.0,0.0,0.0,0.0,0.0,0.0,0.0,0.0,14.42,951706,0.017,0.001,5.492,0.381,9.725,0.674,1.301,0.09,0.0,0.000
0,4294967295,232,47,aclnnMul_MulAiCore_Mul,Mul,dynamic,AI_VECTOR_CORE,1785698867279155.400	,328.386,0.059000,40,0,NO,"""4096,4096;4096,4096""",FLOAT;FLOAT,ND;ND,"""4096,4096""",FLOAT,ND,N/A,0.0,0,0.0,0.0,0.0,0.0,0.0,0.0,0.0,0.0,0.0,0.0,0.0,325.962,21513520,6.784,0.021,2.924,0.009,324.517,0.996,110.341,0.339,0.0,0.000
0,4294967295,233,47,Concat,Concat,dynamic,AI_VECTOR_CORE,1785698867279483.806	,16.501,0.000000,40,0,NO,"""2048,32;2048,32;2048,32;2048,32;2048,32;2048,32;2048,32;2048,32;2048,32;2048,32;2048,32;2048,32;2048,32;2048,32;2048,32;2048,32;2048,32;2048,32;2048,32;2048,32;2048,32;2048,32;2048,32;2048,32;2048,32;2048,32;2048,32;2048,32;2048,32;2048,32;2048,32;2048,32""",FLOAT16;FLOAT16;FLOAT16;FLOAT16;FLOAT16;FLOAT16;FLOAT16;FLOAT16;FLOAT16;FLOAT16;FLOAT16;FLOAT16;FLOAT16;FLOAT16;FLOAT16;FLOAT16;FLOAT16;FLOAT16;FLOAT16;FLOAT16;FLOAT16;FLOAT16;FLOAT16;FLOAT16;FLOAT16;FLOAT16;FLOAT16;FLOAT16;FLOAT16;FLOAT16;FLOAT16;FLOAT16,ND;ND;ND;ND;ND;ND;ND;ND;ND;ND;ND;ND;ND;ND;ND;ND;ND;ND;ND;ND;ND;ND;ND;ND;ND;ND;ND;ND;ND;ND;ND;ND,"""2048,1024""",FLOAT16,ND,N/A,0.0,0,0.0,0.0,0.0,0.0,0.0,0.0,0.0,0.0,0.0,0.0,0.0,13.707,904633,0.017,0.001,5.358,0.391,9.151,0.668,1.259,0.092,0.0,0.000
0,4294967295,234,47,aclnnMul_MulAiCore_Mul,Mul,dynamic,AI_VECTOR_CORE,1785698867279500.327	,330.006,0.000000,40,0,NO,"""4096,4096;4096,4096""",FLOAT;FLOAT,ND;ND,"""4096,4096""",FLOAT,ND,N/A,0.0,0,0.0,0.0,0.0,0.0,0.0,0.0,0.0,0.0,0.0,0.0,0.0,327.913,21642243,6.784,0.021,3.026,0.009,326.35,0.995,110.054,0.336,0.0,0.000
0,4294967295,235,47,Concat,Concat,dynamic,AI_VECTOR_CORE,1785698867279830.353	,16.961,0.000000,40,0,NO,"""2048,32;2048,32;2048,32;2048,32;2048,32;2048,32;2048,32;2048,32;2048,32;2048,32;2048,32;2048,32;2048,32;2048,32;2048,32;2048,32;2048,32;2048,32;2048,32;2048,32;2048,32;2048,32;2048,32;2048,32;2048,32;2048,32;2048,32;2048,32;2048,32;2048,32;2048,32;2048,32""",FLOAT16;FLOAT16;FLOAT16;FLOAT16;FLOAT16;FLOAT16;FLOAT16;FLOAT16;FLOAT16;FLOAT16;FLOAT16;FLOAT16;FLOAT16;FLOAT16;FLOAT16;FLOAT16;FLOAT16;FLOAT16;FLOAT16;FLOAT16;FLOAT16;FLOAT16;FLOAT16;FLOAT16;FLOAT16;FLOAT16;FLOAT16;FLOAT16;FLOAT16;FLOAT16;FLOAT16;FLOAT16,ND;ND;ND;ND;ND;ND;ND;ND;ND;ND;ND;ND;ND;ND;ND;ND;ND;ND;ND;ND;ND;ND;ND;ND;ND;ND;ND;ND;ND;ND;ND;ND,"""2048,1024""",FLOAT16,ND,N/A,0.0,0,0.0,0.0,0.0,0.0,0.0,0.0,0.0,0.0,0.0,0.0,0.0,13.671,902300,0.017,0.001,5.604,0.41,9.006,0.659,1.322,0.097,0.0,0.000
0,4294967295,236,47,aclnnMul_MulAiCore_Mul,Mul,dynamic,AI_VECTOR_CORE,1785698867279847.334	,328.406,0.039000,40,0,NO,"""4096,4096;4096,4096""",FLOAT;FLOAT,ND;ND,"""4096,4096""",FLOAT,ND,N/A,0.0,0,0.0,0.0,0.0,0.0,0.0,0.0,0.0,0.0,0.0,0.0,0.0,326.196,21528919,6.784,0.021,2.934,0.009,324.706,0.995,109.802,0.337,0.0,0.000
0,4294967295,237,47,Concat,Concat,dynamic,AI_VECTOR_CORE,1785698867280175.760	,16.520,0.094000,40,0,NO,"""2048,32;2048,32;2048,32;2048,32;2048,32;2048,32;2048,32;2048,32;2048,32;2048,32;2048,32;2048,32;2048,32;2048,32;2048,32;2048,32;2048,32;2048,32;2048,32;2048,32;2048,32;2048,32;2048,32;2048,32;2048,32;2048,32;2048,32;2048,32;2048,32;2048,32;2048,32;2048,32""",FLOAT16;FLOAT16;FLOAT16;FLOAT16;FLOAT16;FLOAT16;FLOAT16;FLOAT16;FLOAT16;FLOAT16;FLOAT16;FLOAT16;FLOAT16;FLOAT16;FLOAT16;FLOAT16;FLOAT16;FLOAT16;FLOAT16;FLOAT16;FLOAT16;FLOAT16;FLOAT16;FLOAT16;FLOAT16;FLOAT16;FLOAT16;FLOAT16;FLOAT16;FLOAT16;FLOAT16;FLOAT16,ND;ND;ND;ND;ND;ND;ND;ND;ND;ND;ND;ND;ND;ND;ND;ND;ND;ND;ND;ND;ND;ND;ND;ND;ND;ND;ND;ND;ND;ND;ND;ND,"""2048,1024""",FLOAT16,ND,N/A,0.0,0,0.0,0.0,0.0,0.0,0.0,0.0,0.0,0.0,0.0,0.0,0.0,13.287,876945,0.017,0.001,5.478,0.412,8.782,0.661,1.228,0.092,0.0,0.000
0,4294967295,238,47,aclnnMul_MulAiCore_Mul,Mul,dynamic,AI_VECTOR_CORE,1785698867280192.300	,329.827,0.000000,40,0,NO,"""4096,4096;4096,4096""",FLOAT;FLOAT,ND;ND,"""4096,4096""",FLOAT,ND,N/A,0.0,0,0.0,0.0,0.0,0.0,0.0,0.0,0.0,0.0,0.0,0.0,0.0,327.396,21608167,6.784,0.021,3.072,0.009,325.741,0.995,111.325,0.34,0.0,0.000
0,4294967295,239,47,Concat,Concat,dynamic,AI_VECTOR_CORE,1785698867280522.147	,18.480,0.173000,40,0,NO,"""2048,32;2048,32;2048,32;2048,32;2048,32;2048,32;2048,32;2048,32;2048,32;2048,32;2048,32;2048,32;2048,32;2048,32;2048,32;2048,32;2048,32;2048,32;2048,32;2048,32;2048,32;2048,32;2048,32;2048,32;2048,32;2048,32;2048,32;2048,32;2048,32;2048,32;2048,32;2048,32""",FLOAT16;FLOAT16;FLOAT16;FLOAT16;FLOAT16;FLOAT16;FLOAT16;FLOAT16;FLOAT16;FLOAT16;FLOAT16;FLOAT16;FLOAT16;FLOAT16;FLOAT16;FLOAT16;FLOAT16;FLOAT16;FLOAT16;FLOAT16;FLOAT16;FLOAT16;FLOAT16;FLOAT16;FLOAT16;FLOAT16;FLOAT16;FLOAT16;FLOAT16;FLOAT16;FLOAT16;FLOAT16,ND;ND;ND;ND;ND;ND;ND;ND;ND;ND;ND;ND;ND;ND;ND;ND;ND;ND;ND;ND;ND;ND;ND;ND;ND;ND;ND;ND;ND;ND;ND;ND,"""2048,1024""",FLOAT16,ND,N/A,0.0,0,0.0,0.0,0.0,0.0,0.0,0.0,0.0,0.0,0.0,0.0,0.0,15.24,1005862,0.017,0.001,5.126,0.336,10.292,0.675,1.529,0.1,0.0,0.000
0,4294967295,240,47,aclnnMul_MulAiCore_Mul,Mul,dynamic,AI_VECTOR_CORE,1785698867280540.647	,329.667,0.020000,40,0,NO,"""4096,4096;4096,4096""",FLOAT;FLOAT,ND;ND,"""4096,4096""",FLOAT,ND,N/A,0.0,0,0.0,0.0,0.0,0.0,0.0,0.0,0.0,0.0,0.0,0.0,0.0,327.463,21612572,6.784,0.021,3.098,0.009,325.846,0.995,112.43,0.343,0.0,0.000
0,4294967295,241,47,Concat,Concat,dynamic,AI_VECTOR_CORE,1785698867280870.354	,17.720,0.000000,40,0,NO,"""2048,32;2048,32;2048,32;2048,32;2048,32;2048,32;2048,32;2048,32;2048,32;2048,32;2048,32;2048,32;2048,32;2048,32;2048,32;2048,32;2048,32;2048,32;2048,32;2048,32;2048,32;2048,32;2048,32;2048,32;2048,32;2048,32;2048,32;2048,32;2048,32;2048,32;2048,32;2048,32""",FLOAT16;FLOAT16;FLOAT16;FLOAT16;FLOAT16;FLOAT16;FLOAT16;FLOAT16;FLOAT16;FLOAT16;FLOAT16;FLOAT16;FLOAT16;FLOAT16;FLOAT16;FLOAT16;FLOAT16;FLOAT16;FLOAT16;FLOAT16;FLOAT16;FLOAT16;FLOAT16;FLOAT16;FLOAT16;FLOAT16;FLOAT16;FLOAT16;FLOAT16;FLOAT16;FLOAT16;FLOAT16,ND;ND;ND;ND;ND;ND;ND;ND;ND;ND;ND;ND;ND;ND;ND;ND;ND;ND;ND;ND;ND;ND;ND;ND;ND;ND;ND;ND;ND;ND;ND;ND,"""2048,1024""",FLOAT16,ND,N/A,0.0,0,0.0,0.0,0.0,0.0,0.0,0.0,0.0,0.0,0.0,0.0,0.0,14.701,970276,0.017,0.001,5.071,0.345,9.951,0.677,1.397,0.095,0.0,0.000
0,4294967295,242,47,aclnnMul_MulAiCore_Mul,Mul,dynamic,AI_VECTOR_CORE,1785698867280888.094	,330.267,0.030000,40,0,NO,"""4096,4096;4096,4096""",FLOAT;FLOAT,ND;ND,"""4096,4096""",FLOAT,ND,N/A,0.0,0,0.0,0.0,0.0,0.0,0.0,0.0,0.0,0.0,0.0,0.0,0.0,327.551,21618396,6.784,0.021,3.004,0.009,325.998,0.995,112.441,0.343,0.0,0.000
0,4294967295,243,47,Concat,Concat,dynamic,AI_VECTOR_CORE,1785698867281218.381	,17.060,0.233000,40,0,NO,"""2048,32;2048,32;2048,32;2048,32;2048,32;2048,32;2048,32;2048,32;2048,32;2048,32;2048,32;2048,32;2048,32;2048,32;2048,32;2048,32;2048,32;2048,32;2048,32;2048,32;2048,32;2048,32;2048,32;2048,32;2048,32;2048,32;2048,32;2048,32;2048,32;2048,32;2048,32;2048,32""",FLOAT16;FLOAT16;FLOAT16;FLOAT16;FLOAT16;FLOAT16;FLOAT16;FLOAT16;FLOAT16;FLOAT16;FLOAT16;FLOAT16;FLOAT16;FLOAT16;FLOAT16;FLOAT16;FLOAT16;FLOAT16;FLOAT16;FLOAT16;FLOAT16;FLOAT16;FLOAT16;FLOAT16;FLOAT16;FLOAT16;FLOAT16;FLOAT16;FLOAT16;FLOAT16;FLOAT16;FLOAT16,ND;ND;ND;ND;ND;ND;ND;ND;ND;ND;ND;ND;ND;ND;ND;ND;ND;ND;ND;ND;ND;ND;ND;ND;ND;ND;ND;ND;ND;ND;ND;ND,"""2048,1024""",FLOAT16,ND,N/A,0.0,0,0.0,0.0,0.0,0.0,0.0,0.0,0.0,0.0,0.0,0.0,0.0,13.851,914192,0.017,0.001,5.102,0.368,9.328,0.673,1.205,0.087,0.0,0.000
0,4294967295,244,47,aclnnMul_MulAiCore_Mul,Mul,dynamic,AI_VECTOR_CORE,1785698867281235.481	,329.887,0.000000,40,0,NO,"""4096,4096;4096,4096""",FLOAT;FLOAT,ND;ND,"""4096,4096""",FLOAT,ND,N/A,0.0,0,0.0,0.0,0.0,0.0,0.0,0.0,0.0,0.0,0.0,0.0,0.0,328.127,21656388,6.784,0.021,3.142,0.01,326.423,0.995,112.835,0.344,0.0,0.000
0,4294967295,245,47,Concat,Concat,dynamic,AI_VECTOR_CORE,1785698867281565.388	,17.220,0.113000,40,0,NO,"""2048,32;2048,32;2048,32;2048,32;2048,32;2048,32;2048,32;2048,32;2048,32;2048,32;2048,32;2048,32;2048,32;2048,32;2048,32;2048,32;2048,32;2048,32;2048,32;2048,32;2048,32;2048,32;2048,32;2048,32;2048,32;2048,32;2048,32;2048,32;2048,32;2048,32;2048,32;2048,32""",FLOAT16;FLOAT16;FLOAT16;FLOAT16;FLOAT16;FLOAT16;FLOAT16;FLOAT16;FLOAT16;FLOAT16;FLOAT16;FLOAT16;FLOAT16;FLOAT16;FLOAT16;FLOAT16;FLOAT16;FLOAT16;FLOAT16;FLOAT16;FLOAT16;FLOAT16;FLOAT16;FLOAT16;FLOAT16;FLOAT16;FLOAT16;FLOAT16;FLOAT16;FLOAT16;FLOAT16;FLOAT16,ND;ND;ND;ND;ND;ND;ND;ND;ND;ND;ND;ND;ND;ND;ND;ND;ND;ND;ND;ND;ND;ND;ND;ND;ND;ND;ND;ND;ND;ND;ND;ND,"""2048,1024""",FLOAT16,ND,N/A,0.0,0,0.0,0.0,0.0,0.0,0.0,0.0,0.0,0.0,0.0,0.0,0.0,13.549,894240,0.017,0.001,5.404,0.399,8.908,0.657,1.291,0.095,0.0,0.000
0,4294967295,246,47,aclnnMul_MulAiCore_Mul,Mul,dynamic,AI_VECTOR_CORE,1785698867281582.628	,329.287,0.030000,40,0,NO,"""4096,4096;4096,4096""",FLOAT;FLOAT,ND;ND,"""4096,4096""",FLOAT,ND,N/A,0.0,0,0.0,0.0,0.0,0.0,0.0,0.0,0.0,0.0,0.0,0.0,0.0,327.214,21596112,6.784,0.021,3.029,0.009,325.634,0.995,110.916,0.339,0.0,0.000
0,4294967295,247,47,Concat,Concat,dynamic,AI_VECTOR_CORE,1785698867281911.935	,17.220,0.000000,40,0,NO,"""2048,32;2048,32;2048,32;2048,32;2048,32;2048,32;2048,32;2048,32;2048,32;2048,32;2048,32;2048,32;2048,32;2048,32;2048,32;2048,32;2048,32;2048,32;2048,32;2048,32;2048,32;2048,32;2048,32;2048,32;2048,32;2048,32;2048,32;2048,32;2048,32;2048,32;2048,32;2048,32""",FLOAT16;FLOAT16;FLOAT16;FLOAT16;FLOAT16;FLOAT16;FLOAT16;FLOAT16;FLOAT16;FLOAT16;FLOAT16;FLOAT16;FLOAT16;FLOAT16;FLOAT16;FLOAT16;FLOAT16;FLOAT16;FLOAT16;FLOAT16;FLOAT16;FLOAT16;FLOAT16;FLOAT16;FLOAT16;FLOAT16;FLOAT16;FLOAT16;FLOAT16;FLOAT16;FLOAT16;FLOAT16,ND;ND;ND;ND;ND;ND;ND;ND;ND;ND;ND;ND;ND;ND;ND;ND;ND;ND;ND;ND;ND;ND;ND;ND;ND;ND;ND;ND;ND;ND;ND;ND,"""2048,1024""",FLOAT16,ND,N/A,0.0,0,0.0,0.0,0.0,0.0,0.0,0.0,0.0,0.0,0.0,0.0,0.0,13.64,900271,0.017,0.001,4.942,0.362,9.223,0.676,1.152,0.084,0.0,0.000
0,4294967295,248,47,aclnnMul_MulAiCore_Mul,Mul,dynamic,AI_VECTOR_CORE,1785698867281929.175	,329.107,0.030000,40,0,NO,"""4096,4096;4096,4096""",FLOAT;FLOAT,ND;ND,"""4096,4096""",FLOAT,ND,N/A,0.0,0,0.0,0.0,0.0,0.0,0.0,0.0,0.0,0.0,0.0,0.0,0.0,327.092,21588098,6.784,0.021,3.003,0.009,325.527,0.995,108.654,0.332,0.0,0.000
0,4294967295,249,47,Concat,Concat,dynamic,AI_VECTOR_CORE,1785698867282258.302	,17.000,0.000000,40,0,NO,"""2048,32;2048,32;2048,32;2048,32;2048,32;2048,32;2048,32;2048,32;2048,32;2048,32;2048,32;2048,32;2048,32;2048,32;2048,32;2048,32;2048,32;2048,32;2048,32;2048,32;2048,32;2048,32;2048,32;2048,32;2048,32;2048,32;2048,32;2048,32;2048,32;2048,32;2048,32;2048,32""",FLOAT16;FLOAT16;FLOAT16;FLOAT16;FLOAT16;FLOAT16;FLOAT16;FLOAT16;FLOAT16;FLOAT16;FLOAT16;FLOAT16;FLOAT16;FLOAT16;FLOAT16;FLOAT16;FLOAT16;FLOAT16;FLOAT16;FLOAT16;FLOAT16;FLOAT16;FLOAT16;FLOAT16;FLOAT16;FLOAT16;FLOAT16;FLOAT16;FLOAT16;FLOAT16;FLOAT16;FLOAT16,ND;ND;ND;ND;ND;ND;ND;ND;ND;ND;ND;ND;ND;ND;ND;ND;ND;ND;ND;ND;ND;ND;ND;ND;ND;ND;ND;ND;ND;ND;ND;ND,"""2048,1024""",FLOAT16,ND,N/A,0.0,0,0.0,0.0,0.0,0.0,0.0,0.0,0.0,0.0,0.0,0.0,0.0,14.026,925710,0.017,0.001,5.062,0.361,9.404,0.67,1.317,0.094,0.0,0.000
0,4294967295,250,47,aclnnMul_MulAiCore_Mul,Mul,dynamic,AI_VECTOR_CORE,1785698867282275.322	,329.827,0.000000,40,0,NO,"""4096,4096;4096,4096""",FLOAT;FLOAT,ND;ND,"""4096,4096""",FLOAT,ND,N/A,0.0,0,0.0,0.0,0.0,0.0,0.0,0.0,0.0,0.0,0.0,0.0,0.0,327.078,21587148,6.784,0.021,3.022,0.009,325.508,0.995,110.354,0.337,0.0,0.000
0,4294967295,251,47,Concat,Concat,dynamic,AI_VECTOR_CORE,1785698867282605.169	,17.560,0.173000,40,0,NO,"""2048,32;2048,32;2048,32;2048,32;2048,32;2048,32;2048,32;2048,32;2048,32;2048,32;2048,32;2048,32;2048,32;2048,32;2048,32;2048,32;2048,32;2048,32;2048,32;2048,32;2048,32;2048,32;2048,32;2048,32;2048,32;2048,32;2048,32;2048,32;2048,32;2048,32;2048,32;2048,32""",FLOAT16;FLOAT16;FLOAT16;FLOAT16;FLOAT16;FLOAT16;FLOAT16;FLOAT16;FLOAT16;FLOAT16;FLOAT16;FLOAT16;FLOAT16;FLOAT16;FLOAT16;FLOAT16;FLOAT16;FLOAT16;FLOAT16;FLOAT16;FLOAT16;FLOAT16;FLOAT16;FLOAT16;FLOAT16;FLOAT16;FLOAT16;FLOAT16;FLOAT16;FLOAT16;FLOAT16;FLOAT16,ND;ND;ND;ND;ND;ND;ND;ND;ND;ND;ND;ND;ND;ND;ND;ND;ND;ND;ND;ND;ND;ND;ND;ND;ND;ND;ND;ND;ND;ND;ND;ND,"""2048,1024""",FLOAT16,ND,N/A,0.0,0,0.0,0.0,0.0,0.0,0.0,0.0,0.0,0.0,0.0,0.0,0.0,14.154,934145,0.017,0.001,5.453,0.385,9.546,0.674,1.226,0.087,0.0,0.000
0,4294967295,252,47,aclnnMul_MulAiCore_Mul,Mul,dynamic,AI_VECTOR_CORE,1785698867282622.769	,329.167,0.000000,40,0,NO,"""4096,4096;4096,4096""",FLOAT;FLOAT,ND;ND,"""4096,4096""",FLOAT,ND,N/A,0.0,0,0.0,0.0,0.0,0.0,0.0,0.0,0.0,0.0,0.0,0.0,0.0,327.26,21599168,6.784,0.021,3.037,0.009,325.727,0.995,109.758,0.335,0.0,0.000
0,4294967295,253,47,Concat,Concat,dynamic,AI_VECTOR_CORE,1785698867282951.976	,17.880,0.083000,40,0,NO,"""2048,32;2048,32;2048,32;2048,32;2048,32;2048,32;2048,32;2048,32;2048,32;2048,32;2048,32;2048,32;2048,32;2048,32;2048,32;2048,32;2048,32;2048,32;2048,32;2048,32;2048,32;2048,32;2048,32;2048,32;2048,32;2048,32;2048,32;2048,32;2048,32;2048,32;2048,32;2048,32""",FLOAT16;FLOAT16;FLOAT16;FLOAT16;FLOAT16;FLOAT16;FLOAT16;FLOAT16;FLOAT16;FLOAT16;FLOAT16;FLOAT16;FLOAT16;FLOAT16;FLOAT16;FLOAT16;FLOAT16;FLOAT16;FLOAT16;FLOAT16;FLOAT16;FLOAT16;FLOAT16;FLOAT16;FLOAT16;FLOAT16;FLOAT16;FLOAT16;FLOAT16;FLOAT16;FLOAT16;FLOAT16,ND;ND;ND;ND;ND;ND;ND;ND;ND;ND;ND;ND;ND;ND;ND;ND;ND;ND;ND;ND;ND;ND;ND;ND;ND;ND;ND;ND;ND;ND;ND;ND,"""2048,1024""",FLOAT16,ND,N/A,0.0,0,0.0,0.0,0.0,0.0,0.0,0.0,0.0,0.0,0.0,0.0,0.0,14.672,968342,0.017,0.001,5.496,0.375,9.971,0.68,1.261,0.086,0.0,0.000
0,4294967295,254,47,aclnnMul_MulAiCore_Mul,Mul,dynamic,AI_VECTOR_CORE,1785698867282969.876	,329.507,0.120000,40,0,NO,"""4096,4096;4096,4096""",FLOAT;FLOAT,ND;ND,"""4096,4096""",FLOAT,ND,N/A,0.0,0,0.0,0.0,0.0,0.0,0.0,0.0,0.0,0.0,0.0,0.0,0.0,327.433,21610589,6.784,0.021,2.942,0.009,325.99,0.996,109.02,0.333,0.0,0.000
0,4294967295,255,47,Concat,Concat,dynamic,AI_VECTOR_CORE,1785698867283299.403	,16.360,0.000000,40,0,NO,"""2048,32;2048,32;2048,32;2048,32;2048,32;2048,32;2048,32;2048,32;2048,32;2048,32;2048,32;2048,32;2048,32;2048,32;2048,32;2048,32;2048,32;2048,32;2048,32;2048,32;2048,32;2048,32;2048,32;2048,32;2048,32;2048,32;2048,32;2048,32;2048,32;2048,32;2048,32;2048,32""",FLOAT16;FLOAT16;FLOAT16;FLOAT16;FLOAT16;FLOAT16;FLOAT16;FLOAT16;FLOAT16;FLOAT16;FLOAT16;FLOAT16;FLOAT16;FLOAT16;FLOAT16;FLOAT16;FLOAT16;FLOAT16;FLOAT16;FLOAT16;FLOAT16;FLOAT16;FLOAT16;FLOAT16;FLOAT16;FLOAT16;FLOAT16;FLOAT16;FLOAT16;FLOAT16;FLOAT16;FLOAT16,ND;ND;ND;ND;ND;ND;ND;ND;ND;ND;ND;ND;ND;ND;ND;ND;ND;ND;ND;ND;ND;ND;ND;ND;ND;ND;ND;ND;ND;ND;ND;ND,"""2048,1024""",FLOAT16,ND,N/A,0.0,0,0.0,0.0,0.0,0.0,0.0,0.0,0.0,0.0,0.0,0.0,0.0,12.782,843641,0.017,0.001,5.489,0.429,8.359,0.654,1.054,0.082,0.0,0.000
0,4294967295,256,47,aclnnMul_MulAiCore_Mul,Mul,dynamic,AI_VECTOR_CORE,1785698867283315.783	,330.066,0.000000,40,0,NO,"""4096,4096;4096,4096""",FLOAT;FLOAT,ND;ND,"""4096,4096""",FLOAT,ND,N/A,0.0,0,0.0,0.0,0.0,0.0,0.0,0.0,0.0,0.0,0.0,0.0,0.0,327.909,21641976,6.784,0.021,3.282,0.01,326.102,0.994,111.147,0.339,0.0,0.000
0,4294967295,257,47,Concat,Concat,dynamic,AI_VECTOR_CORE,1785698867283645.869	,16.341,0.000000,40,0,NO,"""2048,32;2048,32;2048,32;2048,32;2048,32;2048,32;2048,32;2048,32;2048,32;2048,32;2048,32;2048,32;2048,32;2048,32;2048,32;2048,32;2048,32;2048,32;2048,32;2048,32;2048,32;2048,32;2048,32;2048,32;2048,32;2048,32;2048,32;2048,32;2048,32;2048,32;2048,32;2048,32""",FLOAT16;FLOAT16;FLOAT16;FLOAT16;FLOAT16;FLOAT16;FLOAT16;FLOAT16;FLOAT16;FLOAT16;FLOAT16;FLOAT16;FLOAT16;FLOAT16;FLOAT16;FLOAT16;FLOAT16;FLOAT16;FLOAT16;FLOAT16;FLOAT16;FLOAT16;FLOAT16;FLOAT16;FLOAT16;FLOAT16;FLOAT16;FLOAT16;FLOAT16;FLOAT16;FLOAT16;FLOAT16,ND;ND;ND;ND;ND;ND;ND;ND;ND;ND;ND;ND;ND;ND;ND;ND;ND;ND;ND;ND;ND;ND;ND;ND;ND;ND;ND;ND;ND;ND;ND;ND,"""2048,1024""",FLOAT16,ND,N/A,0.0,0,0.0,0.0,0.0,0.0,0.0,0.0,0.0,0.0,0.0,0.0,0.0,13.028,859859,0.017,0.001,5.253,0.403,8.655,0.664,1.126,0.086,0.0,0.000
0,4294967295,258,47,aclnnMul_MulAiCore_Mul,Mul,dynamic,AI_VECTOR_CORE,1785698867283662.230	,330.166,0.159000,40,0,NO,"""4096,4096;4096,4096""",FLOAT;FLOAT,ND;ND,"""4096,4096""",FLOAT,ND,N/A,0.0,0,0.0,0.0,0.0,0.0,0.0,0.0,0.0,0.0,0.0,0.0,0.0,327.54,21617662,6.784,0.021,2.944,0.009,326.051,0.995,112.288,0.343,0.0,0.000
0,4294967295,259,47,Concat,Concat,dynamic,AI_VECTOR_CORE,1785698867283992.416	,16.981,0.084000,40,0,NO,"""2048,32;2048,32;2048,32;2048,32;2048,32;2048,32;2048,32;2048,32;2048,32;2048,32;2048,32;2048,32;2048,32;2048,32;2048,32;2048,32;2048,32;2048,32;2048,32;2048,32;2048,32;2048,32;2048,32;2048,32;2048,32;2048,32;2048,32;2048,32;2048,32;2048,32;2048,32;2048,32""",FLOAT16;FLOAT16;FLOAT16;FLOAT16;FLOAT16;FLOAT16;FLOAT16;FLOAT16;FLOAT16;FLOAT16;FLOAT16;FLOAT16;FLOAT16;FLOAT16;FLOAT16;FLOAT16;FLOAT16;FLOAT16;FLOAT16;FLOAT16;FLOAT16;FLOAT16;FLOAT16;FLOAT16;FLOAT16;FLOAT16;FLOAT16;FLOAT16;FLOAT16;FLOAT16;FLOAT16;FLOAT16,ND;ND;ND;ND;ND;ND;ND;ND;ND;ND;ND;ND;ND;ND;ND;ND;ND;ND;ND;ND;ND;ND;ND;ND;ND;ND;ND;ND;ND;ND;ND;ND,"""2048,1024""",FLOAT16,ND,N/A,0.0,0,0.0,0.0,0.0,0.0,0.0,0.0,0.0,0.0,0.0,0.0,0.0,13.697,903993,0.017,0.001,5.614,0.41,9.169,0.669,1.23,0.09,0.0,0.000
0,4294967295,260,47,aclnnMul_MulAiCore_Mul,Mul,dynamic,AI_VECTOR_CORE,1785698867284009.417	,329.726,0.019000,40,0,NO,"""4096,4096;4096,4096""",FLOAT;FLOAT,ND;ND,"""4096,4096""",FLOAT,ND,N/A,0.0,0,0.0,0.0,0.0,0.0,0.0,0.0,0.0,0.0,0.0,0.0,0.0,327.669,21626150,6.784,0.021,3.021,0.009,326.111,0.995,111.12,0.339,0.0,0.000
0,4294967295,261,47,Concat,Concat,dynamic,AI_VECTOR_CORE,1785698867284339.183	,17.621,0.024000,40,0,NO,"""2048,32;2048,32;2048,32;2048,32;2048,32;2048,32;2048,32;2048,32;2048,32;2048,32;2048,32;2048,32;2048,32;2048,32;2048,32;2048,32;2048,32;2048,32;2048,32;2048,32;2048,32;2048,32;2048,32;2048,32;2048,32;2048,32;2048,32;2048,32;2048,32;2048,32;2048,32;2048,32""",FLOAT16;FLOAT16;FLOAT16;FLOAT16;FLOAT16;FLOAT16;FLOAT16;FLOAT16;FLOAT16;FLOAT16;FLOAT16;FLOAT16;FLOAT16;FLOAT16;FLOAT16;FLOAT16;FLOAT16;FLOAT16;FLOAT16;FLOAT16;FLOAT16;FLOAT16;FLOAT16;FLOAT16;FLOAT16;FLOAT16;FLOAT16;FLOAT16;FLOAT16;FLOAT16;FLOAT16;FLOAT16,ND;ND;ND;ND;ND;ND;ND;ND;ND;ND;ND;ND;ND;ND;ND;ND;ND;ND;ND;ND;ND;ND;ND;ND;ND;ND;ND;ND;ND;ND;ND;ND,"""2048,1024""",FLOAT16,ND,N/A,0.0,0,0.0,0.0,0.0,0.0,0.0,0.0,0.0,0.0,0.0,0.0,0.0,14.061,928008,0.017,0.001,5.766,0.41,9.204,0.655,1.385,0.098,0.0,0.000
0,4294967295,262,47,aclnnMul_MulAiCore_Mul,Mul,dynamic,AI_VECTOR_CORE,1785698867284356.824	,330.866,0.000000,40,0,NO,"""4096,4096;4096,4096""",FLOAT;FLOAT,ND;ND,"""4096,4096""",FLOAT,ND,N/A,0.0,0,0.0,0.0,0.0,0.0,0.0,0.0,0.0,0.0,0.0,0.0,0.0,327.934,21643653,6.784,0.021,2.914,0.009,326.473,0.996,112.483,0.343,0.0,0.000
0,4294967295,263,47,Concat,Concat,dynamic,AI_VECTOR_CORE,1785698867284687.710	,16.261,0.134000,40,0,NO,"""2048,32;2048,32;2048,32;2048,32;2048,32;2048,32;2048,32;2048,32;2048,32;2048,32;2048,32;2048,32;2048,32;2048,32;2048,32;2048,32;2048,32;2048,32;2048,32;2048,32;2048,32;2048,32;2048,32;2048,32;2048,32;2048,32;2048,32;2048,32;2048,32;2048,32;2048,32;2048,32""",FLOAT16;FLOAT16;FLOAT16;FLOAT16;FLOAT16;FLOAT16;FLOAT16;FLOAT16;FLOAT16;FLOAT16;FLOAT16;FLOAT16;FLOAT16;FLOAT16;FLOAT16;FLOAT16;FLOAT16;FLOAT16;FLOAT16;FLOAT16;FLOAT16;FLOAT16;FLOAT16;FLOAT16;FLOAT16;FLOAT16;FLOAT16;FLOAT16;FLOAT16;FLOAT16;FLOAT16;FLOAT16,ND;ND;ND;ND;ND;ND;ND;ND;ND;ND;ND;ND;ND;ND;ND;ND;ND;ND;ND;ND;ND;ND;ND;ND;ND;ND;ND;ND;ND;ND;ND;ND,"""2048,1024""",FLOAT16,ND,N/A,0.0,0,0.0,0.0,0.0,0.0,0.0,0.0,0.0,0.0,0.0,0.0,0.0,13.193,870710,0.017,0.001,5.273,0.4,8.825,0.669,1.136,0.086,0.0,0.000
0,4294967295,264,47,aclnnMul_MulAiCore_Mul,Mul,dynamic,AI_VECTOR_CORE,1785698867284703.991	,329.126,0.000000,40,0,NO,"""4096,4096;4096,4096""",FLOAT;FLOAT,ND;ND,"""4096,4096""",FLOAT,ND,N/A,0.0,0,0.0,0.0,0.0,0.0,0.0,0.0,0.0,0.0,0.0,0.0,0.0,326.689,21561475,6.784,0.021,3.086,0.009,325.05,0.995,111.599,0.342,0.0,0.000
0,4294967295,265,47,Concat,Concat,dynamic,AI_VECTOR_CORE,1785698867285033.137	,16.341,0.124000,40,0,NO,"""2048,32;2048,32;2048,32;2048,32;2048,32;2048,32;2048,32;2048,32;2048,32;2048,32;2048,32;2048,32;2048,32;2048,32;2048,32;2048,32;2048,32;2048,32;2048,32;2048,32;2048,32;2048,32;2048,32;2048,32;2048,32;2048,32;2048,32;2048,32;2048,32;2048,32;2048,32;2048,32""",FLOAT16;FLOAT16;FLOAT16;FLOAT16;FLOAT16;FLOAT16;FLOAT16;FLOAT16;FLOAT16;FLOAT16;FLOAT16;FLOAT16;FLOAT16;FLOAT16;FLOAT16;FLOAT16;FLOAT16;FLOAT16;FLOAT16;FLOAT16;FLOAT16;FLOAT16;FLOAT16;FLOAT16;FLOAT16;FLOAT16;FLOAT16;FLOAT16;FLOAT16;FLOAT16;FLOAT16;FLOAT16,ND;ND;ND;ND;ND;ND;ND;ND;ND;ND;ND;ND;ND;ND;ND;ND;ND;ND;ND;ND;ND;ND;ND;ND;ND;ND;ND;ND;ND;ND;ND;ND,"""2048,1024""",FLOAT16,ND,N/A,0.0,0,0.0,0.0,0.0,0.0,0.0,0.0,0.0,0.0,0.0,0.0,0.0,13.312,878588,0.017,0.001,5.608,0.421,8.824,0.663,1.191,0.089,0.0,0.000
0,4294967295,266,47,aclnnMul_MulAiCore_Mul,Mul,dynamic,AI_VECTOR_CORE,1785698867285049.498	,329.906,0.000000,40,0,NO,"""4096,4096;4096,4096""",FLOAT;FLOAT,ND;ND,"""4096,4096""",FLOAT,ND,N/A,0.0,0,0.0,0.0,0.0,0.0,0.0,0.0,0.0,0.0,0.0,0.0,0.0,327.456,21612091,6.784,0.021,2.997,0.009,325.932,0.995,110.943,0.339,0.0,0.000
0,4294967295,267,47,Concat,Concat,dynamic,AI_VECTOR_CORE,1785698867285379.424	,16.920,0.094000,40,0,NO,"""2048,32;2048,32;2048,32;2048,32;2048,32;2048,32;2048,32;2048,32;2048,32;2048,32;2048,32;2048,32;2048,32;2048,32;2048,32;2048,32;2048,32;2048,32;2048,32;2048,32;2048,32;2048,32;2048,32;2048,32;2048,32;2048,32;2048,32;2048,32;2048,32;2048,32;2048,32;2048,32""",FLOAT16;FLOAT16;FLOAT16;FLOAT16;FLOAT16;FLOAT16;FLOAT16;FLOAT16;FLOAT16;FLOAT16;FLOAT16;FLOAT16;FLOAT16;FLOAT16;FLOAT16;FLOAT16;FLOAT16;FLOAT16;FLOAT16;FLOAT16;FLOAT16;FLOAT16;FLOAT16;FLOAT16;FLOAT16;FLOAT16;FLOAT16;FLOAT16;FLOAT16;FLOAT16;FLOAT16;FLOAT16,ND;ND;ND;ND;ND;ND;ND;ND;ND;ND;ND;ND;ND;ND;ND;ND;ND;ND;ND;ND;ND;ND;ND;ND;ND;ND;ND;ND;ND;ND;ND;ND,"""2048,1024""",FLOAT16,ND,N/A,0.0,0,0.0,0.0,0.0,0.0,0.0,0.0,0.0,0.0,0.0,0.0,0.0,13.927,919168,0.017,0.001,5.56,0.399,9.379,0.673,1.186,0.085,0.0,0.000
0,4294967295,268,47,aclnnMul_MulAiCore_Mul,Mul,dynamic,AI_VECTOR_CORE,1785698867285396.364	,329.787,0.000000,40,0,NO,"""4096,4096;4096,4096""",FLOAT;FLOAT,ND;ND,"""4096,4096""",FLOAT,ND,N/A,0.0,0,0.0,0.0,0.0,0.0,0.0,0.0,0.0,0.0,0.0,0.0,0.0,327.535,21617320,6.784,0.021,3.14,0.01,325.876,0.995,110.236,0.337,0.0,0.000
0,4294967295,269,47,Concat,Concat,dynamic,AI_VECTOR_CORE,1785698867285726.171	,17.020,0.213000,40,0,NO,"""2048,32;2048,32;2048,32;2048,32;2048,32;2048,32;2048,32;2048,32;2048,32;2048,32;2048,32;2048,32;2048,32;2048,32;2048,32;2048,32;2048,32;2048,32;2048,32;2048,32;2048,32;2048,32;2048,32;2048,32;2048,32;2048,32;2048,32;2048,32;2048,32;2048,32;2048,32;2048,32""",FLOAT16;FLOAT16;FLOAT16;FLOAT16;FLOAT16;FLOAT16;FLOAT16;FLOAT16;FLOAT16;FLOAT16;FLOAT16;FLOAT16;FLOAT16;FLOAT16;FLOAT16;FLOAT16;FLOAT16;FLOAT16;FLOAT16;FLOAT16;FLOAT16;FLOAT16;FLOAT16;FLOAT16;FLOAT16;FLOAT16;FLOAT16;FLOAT16;FLOAT16;FLOAT16;FLOAT16;FLOAT16,ND;ND;ND;ND;ND;ND;ND;ND;ND;ND;ND;ND;ND;ND;ND;ND;ND;ND;ND;ND;ND;ND;ND;ND;ND;ND;ND;ND;ND;ND;ND;ND,"""2048,1024""",FLOAT16,ND,N/A,0.0,0,0.0,0.0,0.0,0.0,0.0,0.0,0.0,0.0,0.0,0.0,0.0,13.769,908784,0.017,0.001,5.901,0.429,9.284,0.674,1.197,0.087,0.0,0.000
0,4294967295,270,47,aclnnMul_MulAiCore_Mul,Mul,dynamic,AI_VECTOR_CORE,1785698867285743.231	,330.427,0.000000,40,0,NO,"""4096,4096;4096,4096""",FLOAT;FLOAT,ND;ND,"""4096,4096""",FLOAT,ND,N/A,0.0,0,0.0,0.0,0.0,0.0,0.0,0.0,0.0,0.0,0.0,0.0,0.0,327.875,21639771,6.784,0.021,3.039,0.009,326.288,0.995,111.647,0.341,0.0,0.000
0,4294967295,271,47,Concat,Concat,dynamic,AI_VECTOR_CORE,1785698867286073.678	,16.880,0.073000,40,0,NO,"""2048,32;2048,32;2048,32;2048,32;2048,32;2048,32;2048,32;2048,32;2048,32;2048,32;2048,32;2048,32;2048,32;2048,32;2048,32;2048,32;2048,32;2048,32;2048,32;2048,32;2048,32;2048,32;2048,32;2048,32;2048,32;2048,32;2048,32;2048,32;2048,32;2048,32;2048,32;2048,32""",FLOAT16;FLOAT16;FLOAT16;FLOAT16;FLOAT16;FLOAT16;FLOAT16;FLOAT16;FLOAT16;FLOAT16;FLOAT16;FLOAT16;FLOAT16;FLOAT16;FLOAT16;FLOAT16;FLOAT16;FLOAT16;FLOAT16;FLOAT16;FLOAT16;FLOAT16;FLOAT16;FLOAT16;FLOAT16;FLOAT16;FLOAT16;FLOAT16;FLOAT16;FLOAT16;FLOAT16;FLOAT16,ND;ND;ND;ND;ND;ND;ND;ND;ND;ND;ND;ND;ND;ND;ND;ND;ND;ND;ND;ND;ND;ND;ND;ND;ND;ND;ND;ND;ND;ND;ND;ND,"""2048,1024""",FLOAT16,ND,N/A,0.0,0,0.0,0.0,0.0,0.0,0.0,0.0,0.0,0.0,0.0,0.0,0.0,13.799,910762,0.017,0.001,4.966,0.36,9.212,0.668,1.279,0.093,0.0,0.000
0,4294967295,272,47,aclnnMul_MulAiCore_Mul,Mul,dynamic,AI_VECTOR_CORE,1785698867286090.578	,328.707,0.000000,40,0,NO,"""4096,4096;4096,4096""",FLOAT;FLOAT,ND;ND,"""4096,4096""",FLOAT,ND,N/A,0.0,0,0.0,0.0,0.0,0.0,0.0,0.0,0.0,0.0,0.0,0.0,0.0,326.879,21574002,6.784,0.021,2.922,0.009,325.443,0.996,109.357,0.335,0.0,0.000
0,4294967295,273,47,Concat,Concat,dynamic,AI_VECTOR_CORE,1785698867286419.305	,15.980,0.043000,40,0,NO,"""2048,32;2048,32;2048,32;2048,32;2048,32;2048,32;2048,32;2048,32;2048,32;2048,32;2048,32;2048,32;2048,32;2048,32;2048,32;2048,32;2048,32;2048,32;2048,32;2048,32;2048,32;2048,32;2048,32;2048,32;2048,32;2048,32;2048,32;2048,32;2048,32;2048,32;2048,32;2048,32""",FLOAT16;FLOAT16;FLOAT16;FLOAT16;FLOAT16;FLOAT16;FLOAT16;FLOAT16;FLOAT16;FLOAT16;FLOAT16;FLOAT16;FLOAT16;FLOAT16;FLOAT16;FLOAT16;FLOAT16;FLOAT16;FLOAT16;FLOAT16;FLOAT16;FLOAT16;FLOAT16;FLOAT16;FLOAT16;FLOAT16;FLOAT16;FLOAT16;FLOAT16;FLOAT16;FLOAT16;FLOAT16,ND;ND;ND;ND;ND;ND;ND;ND;ND;ND;ND;ND;ND;ND;ND;ND;ND;ND;ND;ND;ND;ND;ND;ND;ND;ND;ND;ND;ND;ND;ND;ND,"""2048,1024""",FLOAT16,ND,N/A,0.0,0,0.0,0.0,0.0,0.0,0.0,0.0,0.0,0.0,0.0,0.0,0.0,11.407,752850,0.017,0.001,6.527,0.572,5.683,0.498,0.844,0.074,0.0,0.000
0,4294967295,274,47,aclnnMul_MulAiCore_Mul,Mul,dynamic,AI_VECTOR_CORE,1785698867286435.305	,330.027,0.020000,40,0,NO,"""4096,4096;4096,4096""",FLOAT;FLOAT,ND;ND,"""4096,4096""",FLOAT,ND,N/A,0.0,0,0.0,0.0,0.0,0.0,0.0,0.0,0.0,0.0,0.0,0.0,0.0,327.823,21636289,6.784,0.021,3.298,0.01,325.856,0.994,110.977,0.339,0.0,0.000
0,4294967295,275,47,Concat,Concat,dynamic,AI_VECTOR_CORE,1785698867286765.352	,17.780,0.000000,40,0,NO,"""2048,32;2048,32;2048,32;2048,32;2048,32;2048,32;2048,32;2048,32;2048,32;2048,32;2048,32;2048,32;2048,32;2048,32;2048,32;2048,32;2048,32;2048,32;2048,32;2048,32;2048,32;2048,32;2048,32;2048,32;2048,32;2048,32;2048,32;2048,32;2048,32;2048,32;2048,32;2048,32""",FLOAT16;FLOAT16;FLOAT16;FLOAT16;FLOAT16;FLOAT16;FLOAT16;FLOAT16;FLOAT16;FLOAT16;FLOAT16;FLOAT16;FLOAT16;FLOAT16;FLOAT16;FLOAT16;FLOAT16;FLOAT16;FLOAT16;FLOAT16;FLOAT16;FLOAT16;FLOAT16;FLOAT16;FLOAT16;FLOAT16;FLOAT16;FLOAT16;FLOAT16;FLOAT16;FLOAT16;FLOAT16,ND;ND;ND;ND;ND;ND;ND;ND;ND;ND;ND;ND;ND;ND;ND;ND;ND;ND;ND;ND;ND;ND;ND;ND;ND;ND;ND;ND;ND;ND;ND;ND,"""2048,1024""",FLOAT16,ND,N/A,0.0,0,0.0,0.0,0.0,0.0,0.0,0.0,0.0,0.0,0.0,0.0,0.0,14.704,970474,0.017,0.001,5.228,0.356,10.026,0.682,1.267,0.086,0.0,0.000
0,4294967295,276,47,aclnnMul_MulAiCore_Mul,Mul,dynamic,AI_VECTOR_CORE,1785698867286783.152	,331.167,0.220000,40,0,NO,"""4096,4096;4096,4096""",FLOAT;FLOAT,ND;ND,"""4096,4096""",FLOAT,ND,N/A,0.0,0,0.0,0.0,0.0,0.0,0.0,0.0,0.0,0.0,0.0,0.0,0.0,328.507,21681447,6.784,0.021,3.288,0.01,326.655,0.994,110.627,0.337,0.0,0.000
0,4294967295,277,47,Concat,Concat,dynamic,AI_VECTOR_CORE,1785698867287114.359	,17.760,0.000000,40,0,NO,"""2048,32;2048,32;2048,32;2048,32;2048,32;2048,32;2048,32;2048,32;2048,32;2048,32;2048,32;2048,32;2048,32;2048,32;2048,32;2048,32;2048,32;2048,32;2048,32;2048,32;2048,32;2048,32;2048,32;2048,32;2048,32;2048,32;2048,32;2048,32;2048,32;2048,32;2048,32;2048,32""",FLOAT16;FLOAT16;FLOAT16;FLOAT16;FLOAT16;FLOAT16;FLOAT16;FLOAT16;FLOAT16;FLOAT16;FLOAT16;FLOAT16;FLOAT16;FLOAT16;FLOAT16;FLOAT16;FLOAT16;FLOAT16;FLOAT16;FLOAT16;FLOAT16;FLOAT16;FLOAT16;FLOAT16;FLOAT16;FLOAT16;FLOAT16;FLOAT16;FLOAT16;FLOAT16;FLOAT16;FLOAT16,ND;ND;ND;ND;ND;ND;ND;ND;ND;ND;ND;ND;ND;ND;ND;ND;ND;ND;ND;ND;ND;ND;ND;ND;ND;ND;ND;ND;ND;ND;ND;ND,"""2048,1024""",FLOAT16,ND,N/A,0.0,0,0.0,0.0,0.0,0.0,0.0,0.0,0.0,0.0,0.0,0.0,0.0,14.437,952833,0.017,0.001,5.739,0.398,9.761,0.676,1.254,0.087,0.0,0.000
0,4294967295,278,47,aclnnMul_MulAiCore_Mul,Mul,dynamic,AI_VECTOR_CORE,1785698867287132.159	,328.627,0.240000,40,0,NO,"""4096,4096;4096,4096""",FLOAT;FLOAT,ND;ND,"""4096,4096""",FLOAT,ND,N/A,0.0,0,0.0,0.0,0.0,0.0,0.0,0.0,0.0,0.0,0.0,0.0,0.0,326.489,21548288,6.784,0.021,3.053,0.009,324.895,0.995,110.305,0.338,0.0,0.000
0,4294967295,279,47,Concat,Concat,dynamic,AI_VECTOR_CORE,1785698867287460.826	,16.700,0.000000,40,0,NO,"""2048,32;2048,32;2048,32;2048,32;2048,32;2048,32;2048,32;2048,32;2048,32;2048,32;2048,32;2048,32;2048,32;2048,32;2048,32;2048,32;2048,32;2048,32;2048,32;2048,32;2048,32;2048,32;2048,32;2048,32;2048,32;2048,32;2048,32;2048,32;2048,32;2048,32;2048,32;2048,32""",FLOAT16;FLOAT16;FLOAT16;FLOAT16;FLOAT16;FLOAT16;FLOAT16;FLOAT16;FLOAT16;FLOAT16;FLOAT16;FLOAT16;FLOAT16;FLOAT16;FLOAT16;FLOAT16;FLOAT16;FLOAT16;FLOAT16;FLOAT16;FLOAT16;FLOAT16;FLOAT16;FLOAT16;FLOAT16;FLOAT16;FLOAT16;FLOAT16;FLOAT16;FLOAT16;FLOAT16;FLOAT16,ND;ND;ND;ND;ND;ND;ND;ND;ND;ND;ND;ND;ND;ND;ND;ND;ND;ND;ND;ND;ND;ND;ND;ND;ND;ND;ND;ND;ND;ND;ND;ND,"""2048,1024""",FLOAT16,ND,N/A,0.0,0,0.0,0.0,0.0,0.0,0.0,0.0,0.0,0.0,0.0,0.0,0.0,14.003,924189,0.017,0.001,4.94,0.353,9.458,0.675,1.25,0.089,0.0,0.000
0,4294967295,280,47,aclnnMul_MulAiCore_Mul,Mul,dynamic,AI_VECTOR_CORE,1785698867287477.546	,330.327,0.050000,40,0,NO,"""4096,4096;4096,4096""",FLOAT;FLOAT,ND;ND,"""4096,4096""",FLOAT,ND,N/A,0.0,0,0.0,0.0,0.0,0.0,0.0,0.0,0.0,0.0,0.0,0.0,0.0,327.765,21632473,6.784,0.021,3.088,0.009,326.14,0.995,111.344,0.34,0.0,0.000
0,4294967295,281,47,Concat,Concat,dynamic,AI_VECTOR_CORE,1785698867287807.913	,17.380,0.173000,40,0,NO,"""2048,32;2048,32;2048,32;2048,32;2048,32;2048,32;2048,32;2048,32;2048,32;2048,32;2048,32;2048,32;2048,32;2048,32;2048,32;2048,32;2048,32;2048,32;2048,32;2048,32;2048,32;2048,32;2048,32;2048,32;2048,32;2048,32;2048,32;2048,32;2048,32;2048,32;2048,32;2048,32""",FLOAT16;FLOAT16;FLOAT16;FLOAT16;FLOAT16;FLOAT16;FLOAT16;FLOAT16;FLOAT16;FLOAT16;FLOAT16;FLOAT16;FLOAT16;FLOAT16;FLOAT16;FLOAT16;FLOAT16;FLOAT16;FLOAT16;FLOAT16;FLOAT16;FLOAT16;FLOAT16;FLOAT16;FLOAT16;FLOAT16;FLOAT16;FLOAT16;FLOAT16;FLOAT16;FLOAT16;FLOAT16,ND;ND;ND;ND;ND;ND;ND;ND;ND;ND;ND;ND;ND;ND;ND;ND;ND;ND;ND;ND;ND;ND;ND;ND;ND;ND;ND;ND;ND;ND;ND;ND,"""2048,1024""",FLOAT16,ND,N/A,0.0,0,0.0,0.0,0.0,0.0,0.0,0.0,0.0,0.0,0.0,0.0,0.0,13.653,901070,0.017,0.001,5.019,0.368,9.13,0.669,1.225,0.09,0.0,0.000
0,4294967295,282,47,aclnnMul_MulAiCore_Mul,Mul,dynamic,AI_VECTOR_CORE,1785698867287825.313	,329.147,0.000000,40,0,NO,"""4096,4096;4096,4096""",FLOAT;FLOAT,ND;ND,"""4096,4096""",FLOAT,ND,N/A,0.0,0,0.0,0.0,0.0,0.0,0.0,0.0,0.0,0.0,0.0,0.0,0.0,327.218,21596394,6.784,0.021,3.122,0.01,325.575,0.995,111.224,0.34,0.0,0.000
0,4294967295,283,47,Concat,Concat,dynamic,AI_VECTOR_CORE,1785698867288154.480	,17.960,0.103000,40,0,NO,"""2048,32;2048,32;2048,32;2048,32;2048,32;2048,32;2048,32;2048,32;2048,32;2048,32;2048,32;2048,32;2048,32;2048,32;2048,32;2048,32;2048,32;2048,32;2048,32;2048,32;2048,32;2048,32;2048,32;2048,32;2048,32;2048,32;2048,32;2048,32;2048,32;2048,32;2048,32;2048,32""",FLOAT16;FLOAT16;FLOAT16;FLOAT16;FLOAT16;FLOAT16;FLOAT16;FLOAT16;FLOAT16;FLOAT16;FLOAT16;FLOAT16;FLOAT16;FLOAT16;FLOAT16;FLOAT16;FLOAT16;FLOAT16;FLOAT16;FLOAT16;FLOAT16;FLOAT16;FLOAT16;FLOAT16;FLOAT16;FLOAT16;FLOAT16;FLOAT16;FLOAT16;FLOAT16;FLOAT16;FLOAT16,ND;ND;ND;ND;ND;ND;ND;ND;ND;ND;ND;ND;ND;ND;ND;ND;ND;ND;ND;ND;ND;ND;ND;ND;ND;ND;ND;ND;ND;ND;ND;ND,"""2048,1024""",FLOAT16,ND,N/A,0.0,0,0.0,0.0,0.0,0.0,0.0,0.0,0.0,0.0,0.0,0.0,0.0,14.427,952188,0.017,0.001,5.408,0.375,9.563,0.663,1.412,0.098,0.0,0.000
0,4294967295,284,47,aclnnMul_MulAiCore_Mul,Mul,dynamic,AI_VECTOR_CORE,1785698867288172.460	,329.907,0.040000,40,0,NO,"""4096,4096;4096,4096""",FLOAT;FLOAT,ND;ND,"""4096,4096""",FLOAT,ND,N/A,0.0,0,0.0,0.0,0.0,0.0,0.0,0.0,0.0,0.0,0.0,0.0,0.0,327.771,21632867,6.784,0.021,3.065,0.009,326.17,0.995,111.033,0.339,0.0,0.000
0,4294967295,285,47,Concat,Concat,dynamic,AI_VECTOR_CORE,1785698867288502.387	,17.840,0.093000,40,0,NO,"""2048,32;2048,32;2048,32;2048,32;2048,32;2048,32;2048,32;2048,32;2048,32;2048,32;2048,32;2048,32;2048,32;2048,32;2048,32;2048,32;2048,32;2048,32;2048,32;2048,32;2048,32;2048,32;2048,32;2048,32;2048,32;2048,32;2048,32;2048,32;2048,32;2048,32;2048,32;2048,32""",FLOAT16;FLOAT16;FLOAT16;FLOAT16;FLOAT16;FLOAT16;FLOAT16;FLOAT16;FLOAT16;FLOAT16;FLOAT16;FLOAT16;FLOAT16;FLOAT16;FLOAT16;FLOAT16;FLOAT16;FLOAT16;FLOAT16;FLOAT16;FLOAT16;FLOAT16;FLOAT16;FLOAT16;FLOAT16;FLOAT16;FLOAT16;FLOAT16;FLOAT16;FLOAT16;FLOAT16;FLOAT16,ND;ND;ND;ND;ND;ND;ND;ND;ND;ND;ND;ND;ND;ND;ND;ND;ND;ND;ND;ND;ND;ND;ND;ND;ND;ND;ND;ND;ND;ND;ND;ND,"""2048,1024""",FLOAT16,ND,N/A,0.0,0,0.0,0.0,0.0,0.0,0.0,0.0,0.0,0.0,0.0,0.0,0.0,14.343,946640,0.017,0.001,5.438,0.379,9.634,0.672,1.302,0.091,0.0,0.000
0,4294967295,286,47,aclnnMul_MulAiCore_Mul,Mul,dynamic,AI_VECTOR_CORE,1785698867288520.247	,329.466,0.000000,40,0,NO,"""4096,4096;4096,4096""",FLOAT;FLOAT,ND;ND,"""4096,4096""",FLOAT,ND,N/A,0.0,0,0.0,0.0,0.0,0.0,0.0,0.0,0.0,0.0,0.0,0.0,0.0,327.451,21611773,6.784,0.021,3.121,0.01,325.837,0.995,111.987,0.342,0.0,0.000
0,4294967295,287,47,Concat,Concat,dynamic,AI_VECTOR_CORE,1785698867288849.733	,16.581,0.034000,40,0,NO,"""2048,32;2048,32;2048,32;2048,32;2048,32;2048,32;2048,32;2048,32;2048,32;2048,32;2048,32;2048,32;2048,32;2048,32;2048,32;2048,32;2048,32;2048,32;2048,32;2048,32;2048,32;2048,32;2048,32;2048,32;2048,32;2048,32;2048,32;2048,32;2048,32;2048,32;2048,32;2048,32""",FLOAT16;FLOAT16;FLOAT16;FLOAT16;FLOAT16;FLOAT16;FLOAT16;FLOAT16;FLOAT16;FLOAT16;FLOAT16;FLOAT16;FLOAT16;FLOAT16;FLOAT16;FLOAT16;FLOAT16;FLOAT16;FLOAT16;FLOAT16;FLOAT16;FLOAT16;FLOAT16;FLOAT16;FLOAT16;FLOAT16;FLOAT16;FLOAT16;FLOAT16;FLOAT16;FLOAT16;FLOAT16,ND;ND;ND;ND;ND;ND;ND;ND;ND;ND;ND;ND;ND;ND;ND;ND;ND;ND;ND;ND;ND;ND;ND;ND;ND;ND;ND;ND;ND;ND;ND;ND,"""2048,1024""",FLOAT16,ND,N/A,0.0,0,0.0,0.0,0.0,0.0,0.0,0.0,0.0,0.0,0.0,0.0,0.0,13.058,861815,0.017,0.001,5.467,0.419,8.464,0.648,1.239,0.095,0.0,0.000
0,4294967295,288,47,aclnnMul_MulAiCore_Mul,Mul,dynamic,AI_VECTOR_CORE,1785698867288866.334	,329.806,0.000000,40,0,NO,"""4096,4096;4096,4096""",FLOAT;FLOAT,ND;ND,"""4096,4096""",FLOAT,ND,N/A,0.0,0,0.0,0.0,0.0,0.0,0.0,0.0,0.0,0.0,0.0,0.0,0.0,327.224,21596793,6.784,0.021,2.925,0.009,325.73,0.995,112.491,0.344,0.0,0.000
0,4294967295,289,47,Concat,Concat,dynamic,AI_VECTOR_CORE,1785698867289196.160	,16.501,0.194000,40,0,NO,"""2048,32;2048,32;2048,32;2048,32;2048,32;2048,32;2048,32;2048,32;2048,32;2048,32;2048,32;2048,32;2048,32;2048,32;2048,32;2048,32;2048,32;2048,32;2048,32;2048,32;2048,32;2048,32;2048,32;2048,32;2048,32;2048,32;2048,32;2048,32;2048,32;2048,32;2048,32;2048,32""",FLOAT16;FLOAT16;FLOAT16;FLOAT16;FLOAT16;FLOAT16;FLOAT16;FLOAT16;FLOAT16;FLOAT16;FLOAT16;FLOAT16;FLOAT16;FLOAT16;FLOAT16;FLOAT16;FLOAT16;FLOAT16;FLOAT16;FLOAT16;FLOAT16;FLOAT16;FLOAT16;FLOAT16;FLOAT16;FLOAT16;FLOAT16;FLOAT16;FLOAT16;FLOAT16;FLOAT16;FLOAT16,ND;ND;ND;ND;ND;ND;ND;ND;ND;ND;ND;ND;ND;ND;ND;ND;ND;ND;ND;ND;ND;ND;ND;ND;ND;ND;ND;ND;ND;ND;ND;ND,"""2048,1024""",FLOAT16,ND,N/A,0.0,0,0.0,0.0,0.0,0.0,0.0,0.0,0.0,0.0,0.0,0.0,0.0,13.36,881742,0.017,0.001,5.263,0.394,8.924,0.668,1.215,0.091,0.0,0.000
0,4294967295,290,47,aclnnMul_MulAiCore_Mul,Mul,dynamic,AI_VECTOR_CORE,1785698867289212.681	,329.266,0.000000,40,0,NO,"""4096,4096;4096,4096""",FLOAT;FLOAT,ND;ND,"""4096,4096""",FLOAT,ND,N/A,0.0,0,0.0,0.0,0.0,0.0,0.0,0.0,0.0,0.0,0.0,0.0,0.0,327.24,21597863,6.784,0.021,3.037,0.009,325.661,0.995,110.923,0.339,0.0,0.000
0,4294967295,291,47,Concat,Concat,dynamic,AI_VECTOR_CORE,1785698867289541.967	,17.281,0.000000,40,0,NO,"""2048,32;2048,32;2048,32;2048,32;2048,32;2048,32;2048,32;2048,32;2048,32;2048,32;2048,32;2048,32;2048,32;2048,32;2048,32;2048,32;2048,32;2048,32;2048,32;2048,32;2048,32;2048,32;2048,32;2048,32;2048,32;2048,32;2048,32;2048,32;2048,32;2048,32;2048,32;2048,32""",FLOAT16;FLOAT16;FLOAT16;FLOAT16;FLOAT16;FLOAT16;FLOAT16;FLOAT16;FLOAT16;FLOAT16;FLOAT16;FLOAT16;FLOAT16;FLOAT16;FLOAT16;FLOAT16;FLOAT16;FLOAT16;FLOAT16;FLOAT16;FLOAT16;FLOAT16;FLOAT16;FLOAT16;FLOAT16;FLOAT16;FLOAT16;FLOAT16;FLOAT16;FLOAT16;FLOAT16;FLOAT16,ND;ND;ND;ND;ND;ND;ND;ND;ND;ND;ND;ND;ND;ND;ND;ND;ND;ND;ND;ND;ND;ND;ND;ND;ND;ND;ND;ND;ND;ND;ND;ND,"""2048,1024""",FLOAT16,ND,N/A,0.0,0,0.0,0.0,0.0,0.0,0.0,0.0,0.0,0.0,0.0,0.0,0.0,14.068,928497,0.017,0.001,5.786,0.411,9.377,0.667,1.319,0.094,0.0,0.000
0,4294967295,292,47,aclnnMul_MulAiCore_Mul,Mul,dynamic,AI_VECTOR_CORE,1785698867289559.268	,329.106,0.000000,40,0,NO,"""4096,4096;4096,4096""",FLOAT;FLOAT,ND;ND,"""4096,4096""",FLOAT,ND,N/A,0.0,0,0.0,0.0,0.0,0.0,0.0,0.0,0.0,0.0,0.0,0.0,0.0,327.108,21589109,6.784,0.021,2.935,0.009,325.67,0.996,109.705,0.335,0.0,0.000
0,4294967295,293,47,Concat,Concat,dynamic,AI_VECTOR_CORE,1785698867289888.394	,16.901,0.144000,40,0,NO,"""2048,32;2048,32;2048,32;2048,32;2048,32;2048,32;2048,32;2048,32;2048,32;2048,32;2048,32;2048,32;2048,32;2048,32;2048,32;2048,32;2048,32;2048,32;2048,32;2048,32;2048,32;2048,32;2048,32;2048,32;2048,32;2048,32;2048,32;2048,32;2048,32;2048,32;2048,32;2048,32""",FLOAT16;FLOAT16;FLOAT16;FLOAT16;FLOAT16;FLOAT16;FLOAT16;FLOAT16;FLOAT16;FLOAT16;FLOAT16;FLOAT16;FLOAT16;FLOAT16;FLOAT16;FLOAT16;FLOAT16;FLOAT16;FLOAT16;FLOAT16;FLOAT16;FLOAT16;FLOAT16;FLOAT16;FLOAT16;FLOAT16;FLOAT16;FLOAT16;FLOAT16;FLOAT16;FLOAT16;FLOAT16,ND;ND;ND;ND;ND;ND;ND;ND;ND;ND;ND;ND;ND;ND;ND;ND;ND;ND;ND;ND;ND;ND;ND;ND;ND;ND;ND;ND;ND;ND;ND;ND,"""2048,1024""",FLOAT16,ND,N/A,0.0,0,0.0,0.0,0.0,0.0,0.0,0.0,0.0,0.0,0.0,0.0,0.0,13.833,912990,0.017,0.001,5.591,0.404,9.37,0.677,1.194,0.086,0.0,0.000
0,4294967295,294,47,aclnnMul_MulAiCore_Mul,Mul,dynamic,AI_VECTOR_CORE,1785698867289905.315	,330.046,0.000000,40,0,NO,"""4096,4096;4096,4096""",FLOAT;FLOAT,ND;ND,"""4096,4096""",FLOAT,ND,N/A,0.0,0,0.0,0.0,0.0,0.0,0.0,0.0,0.0,0.0,0.0,0.0,0.0,327.551,21618357,6.784,0.021,3.022,0.009,325.945,0.995,111.092,0.339,0.0,0.000
0,4294967295,295,47,Concat,Concat,dynamic,AI_VECTOR_CORE,1785698867290235.381	,16.440,0.204000,40,0,NO,"""2048,32;2048,32;2048,32;2048,32;2048,32;2048,32;2048,32;2048,32;2048,32;2048,32;2048,32;2048,32;2048,32;2048,32;2048,32;2048,32;2048,32;2048,32;2048,32;2048,32;2048,32;2048,32;2048,32;2048,32;2048,32;2048,32;2048,32;2048,32;2048,32;2048,32;2048,32;2048,32""",FLOAT16;FLOAT16;FLOAT16;FLOAT16;FLOAT16;FLOAT16;FLOAT16;FLOAT16;FLOAT16;FLOAT16;FLOAT16;FLOAT16;FLOAT16;FLOAT16;FLOAT16;FLOAT16;FLOAT16;FLOAT16;FLOAT16;FLOAT16;FLOAT16;FLOAT16;FLOAT16;FLOAT16;FLOAT16;FLOAT16;FLOAT16;FLOAT16;FLOAT16;FLOAT16;FLOAT16;FLOAT16,ND;ND;ND;ND;ND;ND;ND;ND;ND;ND;ND;ND;ND;ND;ND;ND;ND;ND;ND;ND;ND;ND;ND;ND;ND;ND;ND;ND;ND;ND;ND;ND,"""2048,1024""",FLOAT16,ND,N/A,0.0,0,0.0,0.0,0.0,0.0,0.0,0.0,0.0,0.0,0.0,0.0,0.0,12.929,853299,0.017,0.001,5.336,0.413,8.472,0.655,1.147,0.089,0.0,0.000
0,4294967295,296,47,aclnnMul_MulAiCore_Mul,Mul,dynamic,AI_VECTOR_CORE,1785698867290251.861	,330.147,0.000000,40,0,NO,"""4096,4096;4096,4096""",FLOAT;FLOAT,ND;ND,"""4096,4096""",FLOAT,ND,N/A,0.0,0,0.0,0.0,0.0,0.0,0.0,0.0,0.0,0.0,0.0,0.0,0.0,327.427,21610161,6.784,0.021,3.08,0.009,325.809,0.995,112.19,0.343,0.0,0.000
0,4294967295,297,47,Concat,Concat,dynamic,AI_VECTOR_CORE,1785698867290582.028	,16.480,0.103000,40,0,NO,"""2048,32;2048,32;2048,32;2048,32;2048,32;2048,32;2048,32;2048,32;2048,32;2048,32;2048,32;2048,32;2048,32;2048,32;2048,32;2048,32;2048,32;2048,32;2048,32;2048,32;2048,32;2048,32;2048,32;2048,32;2048,32;2048,32;2048,32;2048,32;2048,32;2048,32;2048,32;2048,32""",FLOAT16;FLOAT16;FLOAT16;FLOAT16;FLOAT16;FLOAT16;FLOAT16;FLOAT16;FLOAT16;FLOAT16;FLOAT16;FLOAT16;FLOAT16;FLOAT16;FLOAT16;FLOAT16;FLOAT16;FLOAT16;FLOAT16;FLOAT16;FLOAT16;FLOAT16;FLOAT16;FLOAT16;FLOAT16;FLOAT16;FLOAT16;FLOAT16;FLOAT16;FLOAT16;FLOAT16;FLOAT16,ND;ND;ND;ND;ND;ND;ND;ND;ND;ND;ND;ND;ND;ND;ND;ND;ND;ND;ND;ND;ND;ND;ND;ND;ND;ND;ND;ND;ND;ND;ND;ND,"""2048,1024""",FLOAT16,ND,N/A,0.0,0,0.0,0.0,0.0,0.0,0.0,0.0,0.0,0.0,0.0,0.0,0.0,13.345,880779,0.017,0.001,5.449,0.408,8.935,0.67,1.161,0.087,0.0,0.000
0,4294967295,298,47,aclnnMul_MulAiCore_Mul,Mul,dynamic,AI_VECTOR_CORE,1785698867290598.528	,330.987,0.020000,40,0,NO,"""4096,4096;4096,4096""",FLOAT;FLOAT,ND;ND,"""4096,4096""",FLOAT,ND,N/A,0.0,0,0.0,0.0,0.0,0.0,0.0,0.0,0.0,0.0,0.0,0.0,0.0,328.811,21701549,6.784,0.021,3.146,0.01,327.069,0.995,111.008,0.338,0.0,0.000
0,4294967295,299,47,Concat,Concat,dynamic,AI_VECTOR_CORE,1785698867290929.535	,16.520,0.013000,40,0,NO,"""2048,32;2048,32;2048,32;2048,32;2048,32;2048,32;2048,32;2048,32;2048,32;2048,32;2048,32;2048,32;2048,32;2048,32;2048,32;2048,32;2048,32;2048,32;2048,32;2048,32;2048,32;2048,32;2048,32;2048,32;2048,32;2048,32;2048,32;2048,32;2048,32;2048,32;2048,32;2048,32""",FLOAT16;FLOAT16;FLOAT16;FLOAT16;FLOAT16;FLOAT16;FLOAT16;FLOAT16;FLOAT16;FLOAT16;FLOAT16;FLOAT16;FLOAT16;FLOAT16;FLOAT16;FLOAT16;FLOAT16;FLOAT16;FLOAT16;FLOAT16;FLOAT16;FLOAT16;FLOAT16;FLOAT16;FLOAT16;FLOAT16;FLOAT16;FLOAT16;FLOAT16;FLOAT16;FLOAT16;FLOAT16,ND;ND;ND;ND;ND;ND;ND;ND;ND;ND;ND;ND;ND;ND;ND;ND;ND;ND;ND;ND;ND;ND;ND;ND;ND;ND;ND;ND;ND;ND;ND;ND,"""2048,1024""",FLOAT16,ND,N/A,0.0,0,0.0,0.0,0.0,0.0,0.0,0.0,0.0,0.0,0.0,0.0,0.0,13.519,892230,0.017,0.001,6.119,0.453,9.085,0.672,1.114,0.082,0.0,0.000
