Device_id,Model ID,Task ID,Stream ID,Op Name,OP Type,OP State,Task Type,Task Start Time(us),Task Duration(us),Task Wait Time(us),Block Dim,Mix Block Dim,HF32 Eligible,Input Shapes,Input Data Types,Input Formats,Output Shapes,Output Data Types,Output Formats,Context ID,aicore_time(us),aic_total_cycles,aic_mac_time(us),aic_mac_ratio,aic_scalar_time(us),aic_scalar_ratio,aic_mte1_time(us),aic_mte1_ratio,aic_mte2_time(us),aic_mte2_ratio,aic_fixpipe_time(us),aic_fixpipe_ratio,aic_icache_miss_rate,aiv_time(us),aiv_total_cycles,aiv_vec_time(us),aiv_vec_ratio,aiv_scalar_time(us),aiv_scalar_ratio,aiv_mte2_time(us),aiv_mte2_ratio,aiv_mte3_time(us),aiv_mte3_ratio,aiv_icache_miss_rate,cube_utilization(%)
0,4294967295,0,47,aclnnMul_MulAiCore_Mul,Mul,dynamic,AI_VECTOR_CORE,1785698516181544.677	,260.145,0,40,0,NO,"""4096,4096;4096,4096""",FLOAT;FLOAT,ND;ND,"""4096,4096""",FLOAT,ND,N/A,0.0,0,0.0,0.0,0.0,0.0,0.0,0.0,0.0,0.0,0.0,0.0,0.0,254.886,16822449,6.784,0.027,3.258,0.013,249.096,0.977,79.163,0.311,0.011,0.000
0,4294967295,1,47,Concat,Concat,dynamic,AI_VECTOR_CORE,1785698519158322.333	,17.221,2976517.355000,40,0,NO,"""64,1,16;64,2,16;64,3,16;64,4,16;64,1,16;64,2,16;64,3,16;64,4,16;64,1,16;64,2,16;64,3,16;64,4,16;64,1,16;64,2,16;64,3,16;64,4,16;64,1,16;64,2,16;64,3,16;64,4,16;64,1,16;64,2,16;64,3,16;64,4,16;64,1,16;64,2,16;64,3,16;64,4,16;64,1,16;64,2,16;64,3,16;64,4,16;64,1,16;64,2,16;64,3,16;64,4,16;64,1,16;64,2,16;64,3,16;64,4,16;64,1,16;64,2,16;64,3,16;64,4,16;64,1,16;64,2,16;64,3,16;64,4,16;64,1,16;64,2,16;64,3,16;64,4,16;64,1,16;64,2,16;64,3,16;64,4,16;64,1,16;64,2,16;64,3,16;64,4,16;64,1,16;64,2,16;64,3,16;64,4,16""",FLOAT16;FLOAT16;FLOAT16;FLOAT16;FLOAT16;FLOAT16;FLOAT16;FLOAT16;FLOAT16;FLOAT16;FLOAT16;FLOAT16;FLOAT16;FLOAT16;FLOAT16;FLOAT16;FLOAT16;FLOAT16;FLOAT16;FLOAT16;FLOAT16;FLOAT16;FLOAT16;FLOAT16;FLOAT16;FLOAT16;FLOAT16;FLOAT16;FLOAT16;FLOAT16;FLOAT16;FLOAT16;FLOAT16;FLOAT16;FLOAT16;FLOAT16;FLOAT16;FLOAT16;FLOAT16;FLOAT16;FLOAT16;FLOAT16;FLOAT16;FLOAT16;FLOAT16;FLOAT16;FLOAT16;FLOAT16;FLOAT16;FLOAT16;FLOAT16;FLOAT16;FLOAT16;FLOAT16;FLOAT16;FLOAT16;FLOAT16;FLOAT16;FLOAT16;FLOAT16;FLOAT16;FLOAT16;FLOAT16;FLOAT16,ND;ND;ND;ND;ND;ND;ND;ND;ND;ND;ND;ND;ND;ND;ND;ND;ND;ND;ND;ND;ND;ND;ND;ND;ND;ND;ND;ND;ND;ND;ND;ND;ND;ND;ND;ND;ND;ND;ND;ND;ND;ND;ND;ND;ND;ND;ND;ND;ND;ND;ND;ND;ND;ND;ND;ND;ND;ND;ND;ND;ND;ND;ND;ND,"""64,160,16""",FLOAT16,ND,N/A,0.0,0,0.0,0.0,0.0,0.0,0.0,0.0,0.0,0.0,0.0,0.0,0.0,12.945,414253,0.035,0.003,6.534,0.505,3.14,0.243,1.203,0.093,0.186,0.000
0,4294967295,2,47,aclnnMul_MulAiCore_Mul,Mul,dynamic,AI_VECTOR_CORE,1785698519158446.736	,328.786,107.279000,40,0,NO,"""4096,4096;4096,4096""",FLOAT;FLOAT,ND;ND,"""4096,4096""",FLOAT,ND,N/A,0.0,0,0.0,0.0,0.0,0.0,0.0,0.0,0.0,0.0,0.0,0.0,0.0,473.024,15136769,13.993,0.03,5.424,0.011,470.569,0.995,159.515,0.337,0.0,0.000
0,4294967295,3,47,Concat,Concat,dynamic,AI_VECTOR_CORE,1785698519158775.542	,12.441,0.000000,40,0,NO,"""64,1,16;64,2,16;64,3,16;64,4,16;64,1,16;64,2,16;64,3,16;64,4,16;64,1,16;64,2,16;64,3,16;64,4,16;64,1,16;64,2,16;64,3,16;64,4,16;64,1,16;64,2,16;64,3,16;64,4,16;64,1,16;64,2,16;64,3,16;64,4,16;64,1,16;64,2,16;64,3,16;64,4,16;64,1,16;64,2,16;64,3,16;64,4,16;64,1,16;64,2,16;64,3,16;64,4,16;64,1,16;64,2,16;64,3,16;64,4,16;64,1,16;64,2,16;64,3,16;64,4,16;64,1,16;64,2,16;64,3,16;64,4,16;64,1,16;64,2,16;64,3,16;64,4,16;64,1,16;64,2,16;64,3,16;64,4,16;64,1,16;64,2,16;64,3,16;64,4,16;64,1,16;64,2,16;64,3,16;64,4,16""",FLOAT16;FLOAT16;FLOAT16;FLOAT16;FLOAT16;FLOAT16;FLOAT16;FLOAT16;FLOAT16;FLOAT16;FLOAT16;FLOAT16;FLOAT16;FLOAT16;FLOAT16;FLOAT16;FLOAT16;FLOAT16;FLOAT16;FLOAT16;FLOAT16;FLOAT16;FLOAT16;FLOAT16;FLOAT16;FLOAT16;FLOAT16;FLOAT16;FLOAT16;FLOAT16;FLOAT16;FLOAT16;FLOAT16;FLOAT16;FLOAT16;FLOAT16;FLOAT16;FLOAT16;FLOAT16;FLOAT16;FLOAT16;FLOAT16;FLOAT16;FLOAT16;FLOAT16;FLOAT16;FLOAT16;FLOAT16;FLOAT16;FLOAT16;FLOAT16;FLOAT16;FLOAT16;FLOAT16;FLOAT16;FLOAT16;FLOAT16;FLOAT16;FLOAT16;FLOAT16;FLOAT16;FLOAT16;FLOAT16;FLOAT16,ND;ND;ND;ND;ND;ND;ND;ND;ND;ND;ND;ND;ND;ND;ND;ND;ND;ND;ND;ND;ND;ND;ND;ND;ND;ND;ND;ND;ND;ND;ND;ND;ND;ND;ND;ND;ND;ND;ND;ND;ND;ND;ND;ND;ND;ND;ND;ND;ND;ND;ND;ND;ND;ND;ND;ND;ND;ND;ND;ND;ND;ND;ND;ND,"""64,160,16""",FLOAT16,ND,N/A,0.0,0,0.0,0.0,0.0,0.0,0.0,0.0,0.0,0.0,0.0,0.0,0.0,9.346,616849,0.017,0.002,3.747,0.401,4.691,0.502,1.2,0.128,0.0,0.000
0,4294967295,4,47,aclnnMul_MulAiCore_Mul,Mul,dynamic,AI_VECTOR_CORE,1785698519158788.003	,328.066,0.059000,40,0,NO,"""4096,4096;4096,4096""",FLOAT;FLOAT,ND;ND,"""4096,4096""",FLOAT,ND,N/A,0.0,0,0.0,0.0,0.0,0.0,0.0,0.0,0.0,0.0,0.0,0.0,0.0,325.494,21482580,6.784,0.021,3.016,0.009,323.933,0.995,109.217,0.336,0.0,0.000
0,4294967295,5,47,Concat,Concat,dynamic,AI_VECTOR_CORE,1785698519159116.089	,10.360,0.000000,40,0,NO,"""64,1,16;64,2,16;64,3,16;64,4,16;64,1,16;64,2,16;64,3,16;64,4,16;64,1,16;64,2,16;64,3,16;64,4,16;64,1,16;64,2,16;64,3,16;64,4,16;64,1,16;64,2,16;64,3,16;64,4,16;64,1,16;64,2,16;64,3,16;64,4,16;64,1,16;64,2,16;64,3,16;64,4,16;64,1,16;64,2,16;64,3,16;64,4,16;64,1,16;64,2,16;64,3,16;64,4,16;64,1,16;64,2,16;64,3,16;64,4,16;64,1,16;64,2,16;64,3,16;64,4,16;64,1,16;64,2,16;64,3,16;64,4,16;64,1,16;64,2,16;64,3,16;64,4,16;64,1,16;64,2,16;64,3,16;64,4,16;64,1,16;64,2,16;64,3,16;64,4,16;64,1,16;64,2,16;64,3,16;64,4,16""",FLOAT16;FLOAT16;FLOAT16;FLOAT16;FLOAT16;FLOAT16;FLOAT16;FLOAT16;FLOAT16;FLOAT16;FLOAT16;FLOAT16;FLOAT16;FLOAT16;FLOAT16;FLOAT16;FLOAT16;FLOAT16;FLOAT16;FLOAT16;FLOAT16;FLOAT16;FLOAT16;FLOAT16;FLOAT16;FLOAT16;FLOAT16;FLOAT16;FLOAT16;FLOAT16;FLOAT16;FLOAT16;FLOAT16;FLOAT16;FLOAT16;FLOAT16;FLOAT16;FLOAT16;FLOAT16;FLOAT16;FLOAT16;FLOAT16;FLOAT16;FLOAT16;FLOAT16;FLOAT16;FLOAT16;FLOAT16;FLOAT16;FLOAT16;FLOAT16;FLOAT16;FLOAT16;FLOAT16;FLOAT16;FLOAT16;FLOAT16;FLOAT16;FLOAT16;FLOAT16;FLOAT16;FLOAT16;FLOAT16;FLOAT16,ND;ND;ND;ND;ND;ND;ND;ND;ND;ND;ND;ND;ND;ND;ND;ND;ND;ND;ND;ND;ND;ND;ND;ND;ND;ND;ND;ND;ND;ND;ND;ND;ND;ND;ND;ND;ND;ND;ND;ND;ND;ND;ND;ND;ND;ND;ND;ND;ND;ND;ND;ND;ND;ND;ND;ND;ND;ND;ND;ND;ND;ND;ND;ND,"""64,160,16""",FLOAT16,ND,N/A,0.0,0,0.0,0.0,0.0,0.0,0.0,0.0,0.0,0.0,0.0,0.0,0.0,7.641,504338,0.017,0.002,3.645,0.477,3.381,0.442,1.078,0.141,0.0,0.000
0,4294967295,6,47,aclnnMul_MulAiCore_Mul,Mul,dynamic,AI_VECTOR_CORE,1785698519159126.469	,327.447,0.140000,40,0,NO,"""4096,4096;4096,4096""",FLOAT;FLOAT,ND;ND,"""4096,4096""",FLOAT,ND,N/A,0.0,0,0.0,0.0,0.0,0.0,0.0,0.0,0.0,0.0,0.0,0.0,0.0,325.407,21476878,6.784,0.021,2.932,0.009,323.944,0.996,109.348,0.336,0.0,0.000
0,4294967295,7,47,Concat,Concat,dynamic,AI_VECTOR_CORE,1785698519159453.936	,10.580,0.053000,40,0,NO,"""64,1,16;64,2,16;64,3,16;64,4,16;64,1,16;64,2,16;64,3,16;64,4,16;64,1,16;64,2,16;64,3,16;64,4,16;64,1,16;64,2,16;64,3,16;64,4,16;64,1,16;64,2,16;64,3,16;64,4,16;64,1,16;64,2,16;64,3,16;64,4,16;64,1,16;64,2,16;64,3,16;64,4,16;64,1,16;64,2,16;64,3,16;64,4,16;64,1,16;64,2,16;64,3,16;64,4,16;64,1,16;64,2,16;64,3,16;64,4,16;64,1,16;64,2,16;64,3,16;64,4,16;64,1,16;64,2,16;64,3,16;64,4,16;64,1,16;64,2,16;64,3,16;64,4,16;64,1,16;64,2,16;64,3,16;64,4,16;64,1,16;64,2,16;64,3,16;64,4,16;64,1,16;64,2,16;64,3,16;64,4,16""",FLOAT16;FLOAT16;FLOAT16;FLOAT16;FLOAT16;FLOAT16;FLOAT16;FLOAT16;FLOAT16;FLOAT16;FLOAT16;FLOAT16;FLOAT16;FLOAT16;FLOAT16;FLOAT16;FLOAT16;FLOAT16;FLOAT16;FLOAT16;FLOAT16;FLOAT16;FLOAT16;FLOAT16;FLOAT16;FLOAT16;FLOAT16;FLOAT16;FLOAT16;FLOAT16;FLOAT16;FLOAT16;FLOAT16;FLOAT16;FLOAT16;FLOAT16;FLOAT16;FLOAT16;FLOAT16;FLOAT16;FLOAT16;FLOAT16;FLOAT16;FLOAT16;FLOAT16;FLOAT16;FLOAT16;FLOAT16;FLOAT16;FLOAT16;FLOAT16;FLOAT16;FLOAT16;FLOAT16;FLOAT16;FLOAT16;FLOAT16;FLOAT16;FLOAT16;FLOAT16;FLOAT16;FLOAT16;FLOAT16;FLOAT16,ND;ND;ND;ND;ND;ND;ND;ND;ND;ND;ND;ND;ND;ND;ND;ND;ND;ND;ND;ND;ND;ND;ND;ND;ND;ND;ND;ND;ND;ND;ND;ND;ND;ND;ND;ND;ND;ND;ND;ND;ND;ND;ND;ND;ND;ND;ND;ND;ND;ND;ND;ND;ND;ND;ND;ND;ND;ND;ND;ND;ND;ND;ND;ND,"""64,160,16""",FLOAT16,ND,N/A,0.0,0,0.0,0.0,0.0,0.0,0.0,0.0,0.0,0.0,0.0,0.0,0.0,7.78,513501,0.017,0.002,3.725,0.479,3.385,0.435,1.021,0.131,0.0,0.000
0,4294967295,8,47,aclnnMul_MulAiCore_Mul,Mul,dynamic,AI_VECTOR_CORE,1785698519159464.536	,328.387,0.000000,40,0,NO,"""4096,4096;4096,4096""",FLOAT;FLOAT,ND;ND,"""4096,4096""",FLOAT,ND,N/A,0.0,0,0.0,0.0,0.0,0.0,0.0,0.0,0.0,0.0,0.0,0.0,0.0,326.207,21529672,6.784,0.021,3.106,0.01,324.581,0.995,110.958,0.34,0.0,0.000
0,4294967295,9,47,Concat,Concat,dynamic,AI_VECTOR_CORE,1785698519159792.943	,10.240,0.113000,40,0,NO,"""64,1,16;64,2,16;64,3,16;64,4,16;64,1,16;64,2,16;64,3,16;64,4,16;64,1,16;64,2,16;64,3,16;64,4,16;64,1,16;64,2,16;64,3,16;64,4,16;64,1,16;64,2,16;64,3,16;64,4,16;64,1,16;64,2,16;64,3,16;64,4,16;64,1,16;64,2,16;64,3,16;64,4,16;64,1,16;64,2,16;64,3,16;64,4,16;64,1,16;64,2,16;64,3,16;64,4,16;64,1,16;64,2,16;64,3,16;64,4,16;64,1,16;64,2,16;64,3,16;64,4,16;64,1,16;64,2,16;64,3,16;64,4,16;64,1,16;64,2,16;64,3,16;64,4,16;64,1,16;64,2,16;64,3,16;64,4,16;64,1,16;64,2,16;64,3,16;64,4,16;64,1,16;64,2,16;64,3,16;64,4,16""",FLOAT16;FLOAT16;FLOAT16;FLOAT16;FLOAT16;FLOAT16;FLOAT16;FLOAT16;FLOAT16;FLOAT16;FLOAT16;FLOAT16;FLOAT16;FLOAT16;FLOAT16;FLOAT16;FLOAT16;FLOAT16;FLOAT16;FLOAT16;FLOAT16;FLOAT16;FLOAT16;FLOAT16;FLOAT16;FLOAT16;FLOAT16;FLOAT16;FLOAT16;FLOAT16;FLOAT16;FLOAT16;FLOAT16;FLOAT16;FLOAT16;FLOAT16;FLOAT16;FLOAT16;FLOAT16;FLOAT16;FLOAT16;FLOAT16;FLOAT16;FLOAT16;FLOAT16;FLOAT16;FLOAT16;FLOAT16;FLOAT16;FLOAT16;FLOAT16;FLOAT16;FLOAT16;FLOAT16;FLOAT16;FLOAT16;FLOAT16;FLOAT16;FLOAT16;FLOAT16;FLOAT16;FLOAT16;FLOAT16;FLOAT16,ND;ND;ND;ND;ND;ND;ND;ND;ND;ND;ND;ND;ND;ND;ND;ND;ND;ND;ND;ND;ND;ND;ND;ND;ND;ND;ND;ND;ND;ND;ND;ND;ND;ND;ND;ND;ND;ND;ND;ND;ND;ND;ND;ND;ND;ND;ND;ND;ND;ND;ND;ND;ND;ND;ND;ND;ND;ND;ND;ND;ND;ND;ND;ND,"""64,160,16""",FLOAT16,ND,N/A,0.0,0,0.0,0.0,0.0,0.0,0.0,0.0,0.0,0.0,0.0,0.0,0.0,8.005,528336,0.017,0.002,4.045,0.505,3.686,0.46,1.027,0.128,0.0,0.000
0,4294967295,10,47,aclnnMul_MulAiCore_Mul,Mul,dynamic,AI_VECTOR_CORE,1785698519159803.203	,328.206,0.010000,40,0,NO,"""4096,4096;4096,4096""",FLOAT;FLOAT,ND;ND,"""4096,4096""",FLOAT,ND,N/A,0.0,0,0.0,0.0,0.0,0.0,0.0,0.0,0.0,0.0,0.0,0.0,0.0,326.056,21519664,6.784,0.021,3.061,0.009,324.477,0.995,110.017,0.337,0.0,0.000
0,4294967295,11,47,Concat,Concat,dynamic,AI_VECTOR_CORE,1785698519160131.429	,12.021,0.044000,40,0,NO,"""64,1,16;64,2,16;64,3,16;64,4,16;64,1,16;64,2,16;64,3,16;64,4,16;64,1,16;64,2,16;64,3,16;64,4,16;64,1,16;64,2,16;64,3,16;64,4,16;64,1,16;64,2,16;64,3,16;64,4,16;64,1,16;64,2,16;64,3,16;64,4,16;64,1,16;64,2,16;64,3,16;64,4,16;64,1,16;64,2,16;64,3,16;64,4,16;64,1,16;64,2,16;64,3,16;64,4,16;64,1,16;64,2,16;64,3,16;64,4,16;64,1,16;64,2,16;64,3,16;64,4,16;64,1,16;64,2,16;64,3,16;64,4,16;64,1,16;64,2,16;64,3,16;64,4,16;64,1,16;64,2,16;64,3,16;64,4,16;64,1,16;64,2,16;64,3,16;64,4,16;64,1,16;64,2,16;64,3,16;64,4,16""",FLOAT16;FLOAT16;FLOAT16;FLOAT16;FLOAT16;FLOAT16;FLOAT16;FLOAT16;FLOAT16;FLOAT16;FLOAT16;FLOAT16;FLOAT16;FLOAT16;FLOAT16;FLOAT16;FLOAT16;FLOAT16;FLOAT16;FLOAT16;FLOAT16;FLOAT16;FLOAT16;FLOAT16;FLOAT16;FLOAT16;FLOAT16;FLOAT16;FLOAT16;FLOAT16;FLOAT16;FLOAT16;FLOAT16;FLOAT16;FLOAT16;FLOAT16;FLOAT16;FLOAT16;FLOAT16;FLOAT16;FLOAT16;FLOAT16;FLOAT16;FLOAT16;FLOAT16;FLOAT16;FLOAT16;FLOAT16;FLOAT16;FLOAT16;FLOAT16;FLOAT16;FLOAT16;FLOAT16;FLOAT16;FLOAT16;FLOAT16;FLOAT16;FLOAT16;FLOAT16;FLOAT16;FLOAT16;FLOAT16;FLOAT16,ND;ND;ND;ND;ND;ND;ND;ND;ND;ND;ND;ND;ND;ND;ND;ND;ND;ND;ND;ND;ND;ND;ND;ND;ND;ND;ND;ND;ND;ND;ND;ND;ND;ND;ND;ND;ND;ND;ND;ND;ND;ND;ND;ND;ND;ND;ND;ND;ND;ND;ND;ND;ND;ND;ND;ND;ND;ND;ND;ND;ND;ND;ND;ND,"""64,160,16""",FLOAT16,ND,N/A,0.0,0,0.0,0.0,0.0,0.0,0.0,0.0,0.0,0.0,0.0,0.0,0.0,9.421,621783,0.017,0.002,5.018,0.533,3.794,0.403,1.075,0.114,0.0,0.000
0,4294967295,12,47,aclnnMul_MulAiCore_Mul,Mul,dynamic,AI_VECTOR_CORE,1785698519160143.470	,326.426,0.000000,40,0,NO,"""4096,4096;4096,4096""",FLOAT;FLOAT,ND;ND,"""4096,4096""",FLOAT,ND,N/A,0.0,0,0.0,0.0,0.0,0.0,0.0,0.0,0.0,0.0,0.0,0.0,0.0,324.688,21429383,6.784,0.021,3.088,0.01,323.114,0.995,108.083,0.333,0.0,0.000
0,4294967295,13,47,Concat,Concat,dynamic,AI_VECTOR_CORE,1785698519160469.916	,9.580,0.074000,40,0,NO,"""64,1,16;64,2,16;64,3,16;64,4,16;64,1,16;64,2,16;64,3,16;64,4,16;64,1,16;64,2,16;64,3,16;64,4,16;64,1,16;64,2,16;64,3,16;64,4,16;64,1,16;64,2,16;64,3,16;64,4,16;64,1,16;64,2,16;64,3,16;64,4,16;64,1,16;64,2,16;64,3,16;64,4,16;64,1,16;64,2,16;64,3,16;64,4,16;64,1,16;64,2,16;64,3,16;64,4,16;64,1,16;64,2,16;64,3,16;64,4,16;64,1,16;64,2,16;64,3,16;64,4,16;64,1,16;64,2,16;64,3,16;64,4,16;64,1,16;64,2,16;64,3,16;64,4,16;64,1,16;64,2,16;64,3,16;64,4,16;64,1,16;64,2,16;64,3,16;64,4,16;64,1,16;64,2,16;64,3,16;64,4,16""",FLOAT16;FLOAT16;FLOAT16;FLOAT16;FLOAT16;FLOAT16;FLOAT16;FLOAT16;FLOAT16;FLOAT16;FLOAT16;FLOAT16;FLOAT16;FLOAT16;FLOAT16;FLOAT16;FLOAT16;FLOAT16;FLOAT16;FLOAT16;FLOAT16;FLOAT16;FLOAT16;FLOAT16;FLOAT16;FLOAT16;FLOAT16;FLOAT16;FLOAT16;FLOAT16;FLOAT16;FLOAT16;FLOAT16;FLOAT16;FLOAT16;FLOAT16;FLOAT16;FLOAT16;FLOAT16;FLOAT16;FLOAT16;FLOAT16;FLOAT16;FLOAT16;FLOAT16;FLOAT16;FLOAT16;FLOAT16;FLOAT16;FLOAT16;FLOAT16;FLOAT16;FLOAT16;FLOAT16;FLOAT16;FLOAT16;FLOAT16;FLOAT16;FLOAT16;FLOAT16;FLOAT16;FLOAT16;FLOAT16;FLOAT16,ND;ND;ND;ND;ND;ND;ND;ND;ND;ND;ND;ND;ND;ND;ND;ND;ND;ND;ND;ND;ND;ND;ND;ND;ND;ND;ND;ND;ND;ND;ND;ND;ND;ND;ND;ND;ND;ND;ND;ND;ND;ND;ND;ND;ND;ND;ND;ND;ND;ND;ND;ND;ND;ND;ND;ND;ND;ND;ND;ND;ND;ND;ND;ND,"""64,160,16""",FLOAT16,ND,N/A,0.0,0,0.0,0.0,0.0,0.0,0.0,0.0,0.0,0.0,0.0,0.0,0.0,7.103,468790,0.017,0.002,3.61,0.508,2.816,0.396,1.006,0.142,0.0,0.000
0,4294967295,14,47,aclnnMul_MulAiCore_Mul,Mul,dynamic,AI_VECTOR_CORE,1785698519160479.536	,326.907,0.000000,40,0,NO,"""4096,4096;4096,4096""",FLOAT;FLOAT,ND;ND,"""4096,4096""",FLOAT,ND,N/A,0.0,0,0.0,0.0,0.0,0.0,0.0,0.0,0.0,0.0,0.0,0.0,0.0,325.074,21454874,6.784,0.021,2.999,0.009,323.559,0.995,108.452,0.334,0.0,0.000
0,4294967295,15,47,Concat,Concat,dynamic,AI_VECTOR_CORE,1785698519160806.483	,8.980,0.093000,40,0,NO,"""64,1,16;64,2,16;64,3,16;64,4,16;64,1,16;64,2,16;64,3,16;64,4,16;64,1,16;64,2,16;64,3,16;64,4,16;64,1,16;64,2,16;64,3,16;64,4,16;64,1,16;64,2,16;64,3,16;64,4,16;64,1,16;64,2,16;64,3,16;64,4,16;64,1,16;64,2,16;64,3,16;64,4,16;64,1,16;64,2,16;64,3,16;64,4,16;64,1,16;64,2,16;64,3,16;64,4,16;64,1,16;64,2,16;64,3,16;64,4,16;64,1,16;64,2,16;64,3,16;64,4,16;64,1,16;64,2,16;64,3,16;64,4,16;64,1,16;64,2,16;64,3,16;64,4,16;64,1,16;64,2,16;64,3,16;64,4,16;64,1,16;64,2,16;64,3,16;64,4,16;64,1,16;64,2,16;64,3,16;64,4,16""",FLOAT16;FLOAT16;FLOAT16;FLOAT16;FLOAT16;FLOAT16;FLOAT16;FLOAT16;FLOAT16;FLOAT16;FLOAT16;FLOAT16;FLOAT16;FLOAT16;FLOAT16;FLOAT16;FLOAT16;FLOAT16;FLOAT16;FLOAT16;FLOAT16;FLOAT16;FLOAT16;FLOAT16;FLOAT16;FLOAT16;FLOAT16;FLOAT16;FLOAT16;FLOAT16;FLOAT16;FLOAT16;FLOAT16;FLOAT16;FLOAT16;FLOAT16;FLOAT16;FLOAT16;FLOAT16;FLOAT16;FLOAT16;FLOAT16;FLOAT16;FLOAT16;FLOAT16;FLOAT16;FLOAT16;FLOAT16;FLOAT16;FLOAT16;FLOAT16;FLOAT16;FLOAT16;FLOAT16;FLOAT16;FLOAT16;FLOAT16;FLOAT16;FLOAT16;FLOAT16;FLOAT16;FLOAT16;FLOAT16;FLOAT16,ND;ND;ND;ND;ND;ND;ND;ND;ND;ND;ND;ND;ND;ND;ND;ND;ND;ND;ND;ND;ND;ND;ND;ND;ND;ND;ND;ND;ND;ND;ND;ND;ND;ND;ND;ND;ND;ND;ND;ND;ND;ND;ND;ND;ND;ND;ND;ND;ND;ND;ND;ND;ND;ND;ND;ND;ND;ND;ND;ND;ND;ND;ND;ND,"""64,160,16""",FLOAT16,ND,N/A,0.0,0,0.0,0.0,0.0,0.0,0.0,0.0,0.0,0.0,0.0,0.0,0.0,6.827,450581,0.017,0.002,3.588,0.526,2.634,0.386,1.023,0.15,0.0,0.000
0,4294967295,16,47,aclnnMul_MulAiCore_Mul,Mul,dynamic,AI_VECTOR_CORE,1785698519160815.483	,328.447,0.020000,40,0,NO,"""4096,4096;4096,4096""",FLOAT;FLOAT,ND;ND,"""4096,4096""",FLOAT,ND,N/A,0.0,0,0.0,0.0,0.0,0.0,0.0,0.0,0.0,0.0,0.0,0.0,0.0,326.25,21532510,6.784,0.021,2.93,0.009,324.779,0.995,109.712,0.336,0.0,0.000
0,4294967295,17,47,Concat,Concat,dynamic,AI_VECTOR_CORE,1785698519161143.950	,11.700,0.053000,40,0,NO,"""64,1,16;64,2,16;64,3,16;64,4,16;64,1,16;64,2,16;64,3,16;64,4,16;64,1,16;64,2,16;64,3,16;64,4,16;64,1,16;64,2,16;64,3,16;64,4,16;64,1,16;64,2,16;64,3,16;64,4,16;64,1,16;64,2,16;64,3,16;64,4,16;64,1,16;64,2,16;64,3,16;64,4,16;64,1,16;64,2,16;64,3,16;64,4,16;64,1,16;64,2,16;64,3,16;64,4,16;64,1,16;64,2,16;64,3,16;64,4,16;64,1,16;64,2,16;64,3,16;64,4,16;64,1,16;64,2,16;64,3,16;64,4,16;64,1,16;64,2,16;64,3,16;64,4,16;64,1,16;64,2,16;64,3,16;64,4,16;64,1,16;64,2,16;64,3,16;64,4,16;64,1,16;64,2,16;64,3,16;64,4,16""",FLOAT16;FLOAT16;FLOAT16;FLOAT16;FLOAT16;FLOAT16;FLOAT16;FLOAT16;FLOAT16;FLOAT16;FLOAT16;FLOAT16;FLOAT16;FLOAT16;FLOAT16;FLOAT16;FLOAT16;FLOAT16;FLOAT16;FLOAT16;FLOAT16;FLOAT16;FLOAT16;FLOAT16;FLOAT16;FLOAT16;FLOAT16;FLOAT16;FLOAT16;FLOAT16;FLOAT16;FLOAT16;FLOAT16;FLOAT16;FLOAT16;FLOAT16;FLOAT16;FLOAT16;FLOAT16;FLOAT16;FLOAT16;FLOAT16;FLOAT16;FLOAT16;FLOAT16;FLOAT16;FLOAT16;FLOAT16;FLOAT16;FLOAT16;FLOAT16;FLOAT16;FLOAT16;FLOAT16;FLOAT16;FLOAT16;FLOAT16;FLOAT16;FLOAT16;FLOAT16;FLOAT16;FLOAT16;FLOAT16;FLOAT16,ND;ND;ND;ND;ND;ND;ND;ND;ND;ND;ND;ND;ND;ND;ND;ND;ND;ND;ND;ND;ND;ND;ND;ND;ND;ND;ND;ND;ND;ND;ND;ND;ND;ND;ND;ND;ND;ND;ND;ND;ND;ND;ND;ND;ND;ND;ND;ND;ND;ND;ND;ND;ND;ND;ND;ND;ND;ND;ND;ND;ND;ND;ND;ND,"""64,160,16""",FLOAT16,ND,N/A,0.0,0,0.0,0.0,0.0,0.0,0.0,0.0,0.0,0.0,0.0,0.0,0.0,8.705,574513,0.017,0.002,3.961,0.455,4.193,0.482,1.06,0.122,0.0,0.000
0,4294967295,18,47,aclnnMul_MulAiCore_Mul,Mul,dynamic,AI_VECTOR_CORE,1785698519161155.670	,327.566,0.050000,40,0,NO,"""4096,4096;4096,4096""",FLOAT;FLOAT,ND;ND,"""4096,4096""",FLOAT,ND,N/A,0.0,0,0.0,0.0,0.0,0.0,0.0,0.0,0.0,0.0,0.0,0.0,0.0,325.426,21478107,6.784,0.021,3.059,0.009,323.832,0.995,110.637,0.34,0.0,0.000
0,4294967295,19,47,Concat,Concat,dynamic,AI_VECTOR_CORE,1785698519161483.256	,12.561,0.000000,40,0,NO,"""64,1,16;64,2,16;64,3,16;64,4,16;64,1,16;64,2,16;64,3,16;64,4,16;64,1,16;64,2,16;64,3,16;64,4,16;64,1,16;64,2,16;64,3,16;64,4,16;64,1,16;64,2,16;64,3,16;64,4,16;64,1,16;64,2,16;64,3,16;64,4,16;64,1,16;64,2,16;64,3,16;64,4,16;64,1,16;64,2,16;64,3,16;64,4,16;64,1,16;64,2,16;64,3,16;64,4,16;64,1,16;64,2,16;64,3,16;64,4,16;64,1,16;64,2,16;64,3,16;64,4,16;64,1,16;64,2,16;64,3,16;64,4,16;64,1,16;64,2,16;64,3,16;64,4,16;64,1,16;64,2,16;64,3,16;64,4,16;64,1,16;64,2,16;64,3,16;64,4,16;64,1,16;64,2,16;64,3,16;64,4,16""",FLOAT16;FLOAT16;FLOAT16;FLOAT16;FLOAT16;FLOAT16;FLOAT16;FLOAT16;FLOAT16;FLOAT16;FLOAT16;FLOAT16;FLOAT16;FLOAT16;FLOAT16;FLOAT16;FLOAT16;FLOAT16;FLOAT16;FLOAT16;FLOAT16;FLOAT16;FLOAT16;FLOAT16;FLOAT16;FLOAT16;FLOAT16;FLOAT16;FLOAT16;FLOAT16;FLOAT16;FLOAT16;FLOAT16;FLOAT16;FLOAT16;FLOAT16;FLOAT16;FLOAT16;FLOAT16;FLOAT16;FLOAT16;FLOAT16;FLOAT16;FLOAT16;FLOAT16;FLOAT16;FLOAT16;FLOAT16;FLOAT16;FLOAT16;FLOAT16;FLOAT16;FLOAT16;FLOAT16;FLOAT16;FLOAT16;FLOAT16;FLOAT16;FLOAT16;FLOAT16;FLOAT16;FLOAT16;FLOAT16;FLOAT16,ND;ND;ND;ND;ND;ND;ND;ND;ND;ND;ND;ND;ND;ND;ND;ND;ND;ND;ND;ND;ND;ND;ND;ND;ND;ND;ND;ND;ND;ND;ND;ND;ND;ND;ND;ND;ND;ND;ND;ND;ND;ND;ND;ND;ND;ND;ND;ND;ND;ND;ND;ND;ND;ND;ND;ND;ND;ND;ND;ND;ND;ND;ND;ND,"""64,160,16""",FLOAT16,ND,N/A,0.0,0,0.0,0.0,0.0,0.0,0.0,0.0,0.0,0.0,0.0,0.0,0.0,9.257,610963,0.017,0.002,4.286,0.463,4.665,0.504,1.108,0.12,0.0,0.000
0,4294967295,20,47,aclnnMul_MulAiCore_Mul,Mul,dynamic,AI_VECTOR_CORE,1785698519161495.857	,327.186,0.000000,40,0,NO,"""4096,4096;4096,4096""",FLOAT;FLOAT,ND;ND,"""4096,4096""",FLOAT,ND,N/A,0.0,0,0.0,0.0,0.0,0.0,0.0,0.0,0.0,0.0,0.0,0.0,0.0,324.796,21436568,6.784,0.021,2.912,0.009,323.339,0.996,109.587,0.337,0.0,0.000
0,4294967295,21,47,Concat,Concat,dynamic,AI_VECTOR_CORE,1785698519161823.063	,10.020,0.064000,40,0,NO,"""64,1,16;64,2,16;64,3,16;64,4,16;64,1,16;64,2,16;64,3,16;64,4,16;64,1,16;64,2,16;64,3,16;64,4,16;64,1,16;64,2,16;64,3,16;64,4,16;64,1,16;64,2,16;64,3,16;64,4,16;64,1,16;64,2,16;64,3,16;64,4,16;64,1,16;64,2,16;64,3,16;64,4,16;64,1,16;64,2,16;64,3,16;64,4,16;64,1,16;64,2,16;64,3,16;64,4,16;64,1,16;64,2,16;64,3,16;64,4,16;64,1,16;64,2,16;64,3,16;64,4,16;64,1,16;64,2,16;64,3,16;64,4,16;64,1,16;64,2,16;64,3,16;64,4,16;64,1,16;64,2,16;64,3,16;64,4,16;64,1,16;64,2,16;64,3,16;64,4,16;64,1,16;64,2,16;64,3,16;64,4,16""",FLOAT16;FLOAT16;FLOAT16;FLOAT16;FLOAT16;FLOAT16;FLOAT16;FLOAT16;FLOAT16;FLOAT16;FLOAT16;FLOAT16;FLOAT16;FLOAT16;FLOAT16;FLOAT16;FLOAT16;FLOAT16;FLOAT16;FLOAT16;FLOAT16;FLOAT16;FLOAT16;FLOAT16;FLOAT16;FLOAT16;FLOAT16;FLOAT16;FLOAT16;FLOAT16;FLOAT16;FLOAT16;FLOAT16;FLOAT16;FLOAT16;FLOAT16;FLOAT16;FLOAT16;FLOAT16;FLOAT16;FLOAT16;FLOAT16;FLOAT16;FLOAT16;FLOAT16;FLOAT16;FLOAT16;FLOAT16;FLOAT16;FLOAT16;FLOAT16;FLOAT16;FLOAT16;FLOAT16;FLOAT16;FLOAT16;FLOAT16;FLOAT16;FLOAT16;FLOAT16;FLOAT16;FLOAT16;FLOAT16;FLOAT16,ND;ND;ND;ND;ND;ND;ND;ND;ND;ND;ND;ND;ND;ND;ND;ND;ND;ND;ND;ND;ND;ND;ND;ND;ND;ND;ND;ND;ND;ND;ND;ND;ND;ND;ND;ND;ND;ND;ND;ND;ND;ND;ND;ND;ND;ND;ND;ND;ND;ND;ND;ND;ND;ND;ND;ND;ND;ND;ND;ND;ND;ND;ND;ND,"""64,160,16""",FLOAT16,ND,N/A,0.0,0,0.0,0.0,0.0,0.0,0.0,0.0,0.0,0.0,0.0,0.0,0.0,7.682,507005,0.017,0.002,3.597,0.468,3.369,0.439,1.033,0.134,0.0,0.000
0,4294967295,22,47,aclnnMul_MulAiCore_Mul,Mul,dynamic,AI_VECTOR_CORE,1785698519161833.103	,326.507,0.000000,40,0,NO,"""4096,4096;4096,4096""",FLOAT;FLOAT,ND;ND,"""4096,4096""",FLOAT,ND,N/A,0.0,0,0.0,0.0,0.0,0.0,0.0,0.0,0.0,0.0,0.0,0.0,0.0,324.395,21410037,6.784,0.021,3.004,0.009,322.875,0.995,107.828,0.332,0.0,0.000
0,4294967295,23,47,Concat,Concat,dynamic,AI_VECTOR_CORE,1785698519162159.630	,10.520,0.243000,40,0,NO,"""64,1,16;64,2,16;64,3,16;64,4,16;64,1,16;64,2,16;64,3,16;64,4,16;64,1,16;64,2,16;64,3,16;64,4,16;64,1,16;64,2,16;64,3,16;64,4,16;64,1,16;64,2,16;64,3,16;64,4,16;64,1,16;64,2,16;64,3,16;64,4,16;64,1,16;64,2,16;64,3,16;64,4,16;64,1,16;64,2,16;64,3,16;64,4,16;64,1,16;64,2,16;64,3,16;64,4,16;64,1,16;64,2,16;64,3,16;64,4,16;64,1,16;64,2,16;64,3,16;64,4,16;64,1,16;64,2,16;64,3,16;64,4,16;64,1,16;64,2,16;64,3,16;64,4,16;64,1,16;64,2,16;64,3,16;64,4,16;64,1,16;64,2,16;64,3,16;64,4,16;64,1,16;64,2,16;64,3,16;64,4,16""",FLOAT16;FLOAT16;FLOAT16;FLOAT16;FLOAT16;FLOAT16;FLOAT16;FLOAT16;FLOAT16;FLOAT16;FLOAT16;FLOAT16;FLOAT16;FLOAT16;FLOAT16;FLOAT16;FLOAT16;FLOAT16;FLOAT16;FLOAT16;FLOAT16;FLOAT16;FLOAT16;FLOAT16;FLOAT16;FLOAT16;FLOAT16;FLOAT16;FLOAT16;FLOAT16;FLOAT16;FLOAT16;FLOAT16;FLOAT16;FLOAT16;FLOAT16;FLOAT16;FLOAT16;FLOAT16;FLOAT16;FLOAT16;FLOAT16;FLOAT16;FLOAT16;FLOAT16;FLOAT16;FLOAT16;FLOAT16;FLOAT16;FLOAT16;FLOAT16;FLOAT16;FLOAT16;FLOAT16;FLOAT16;FLOAT16;FLOAT16;FLOAT16;FLOAT16;FLOAT16;FLOAT16;FLOAT16;FLOAT16;FLOAT16,ND;ND;ND;ND;ND;ND;ND;ND;ND;ND;ND;ND;ND;ND;ND;ND;ND;ND;ND;ND;ND;ND;ND;ND;ND;ND;ND;ND;ND;ND;ND;ND;ND;ND;ND;ND;ND;ND;ND;ND;ND;ND;ND;ND;ND;ND;ND;ND;ND;ND;ND;ND;ND;ND;ND;ND;ND;ND;ND;ND;ND;ND;ND;ND,"""64,160,16""",FLOAT16,ND,N/A,0.0,0,0.0,0.0,0.0,0.0,0.0,0.0,0.0,0.0,0.0,0.0,0.0,7.75,511532,0.017,0.002,3.856,0.498,3.4,0.439,1.017,0.131,0.0,0.000
0,4294967295,24,47,aclnnMul_MulAiCore_Mul,Mul,dynamic,AI_VECTOR_CORE,1785698519162170.190	,328.267,0.000000,40,0,NO,"""4096,4096;4096,4096""",FLOAT;FLOAT,ND;ND,"""4096,4096""",FLOAT,ND,N/A,0.0,0,0.0,0.0,0.0,0.0,0.0,0.0,0.0,0.0,0.0,0.0,0.0,325.662,21493694,6.784,0.021,3.046,0.009,324.036,0.995,108.592,0.333,0.0,0.000
0,4294967295,25,47,Concat,Concat,dynamic,AI_VECTOR_CORE,1785698519162498.477	,11.760,0.000000,40,0,NO,"""64,1,16;64,2,16;64,3,16;64,4,16;64,1,16;64,2,16;64,3,16;64,4,16;64,1,16;64,2,16;64,3,16;64,4,16;64,1,16;64,2,16;64,3,16;64,4,16;64,1,16;64,2,16;64,3,16;64,4,16;64,1,16;64,2,16;64,3,16;64,4,16;64,1,16;64,2,16;64,3,16;64,4,16;64,1,16;64,2,16;64,3,16;64,4,16;64,1,16;64,2,16;64,3,16;64,4,16;64,1,16;64,2,16;64,3,16;64,4,16;64,1,16;64,2,16;64,3,16;64,4,16;64,1,16;64,2,16;64,3,16;64,4,16;64,1,16;64,2,16;64,3,16;64,4,16;64,1,16;64,2,16;64,3,16;64,4,16;64,1,16;64,2,16;64,3,16;64,4,16;64,1,16;64,2,16;64,3,16;64,4,16""",FLOAT16;FLOAT16;FLOAT16;FLOAT16;FLOAT16;FLOAT16;FLOAT16;FLOAT16;FLOAT16;FLOAT16;FLOAT16;FLOAT16;FLOAT16;FLOAT16;FLOAT16;FLOAT16;FLOAT16;FLOAT16;FLOAT16;FLOAT16;FLOAT16;FLOAT16;FLOAT16;FLOAT16;FLOAT16;FLOAT16;FLOAT16;FLOAT16;FLOAT16;FLOAT16;FLOAT16;FLOAT16;FLOAT16;FLOAT16;FLOAT16;FLOAT16;FLOAT16;FLOAT16;FLOAT16;FLOAT16;FLOAT16;FLOAT16;FLOAT16;FLOAT16;FLOAT16;FLOAT16;FLOAT16;FLOAT16;FLOAT16;FLOAT16;FLOAT16;FLOAT16;FLOAT16;FLOAT16;FLOAT16;FLOAT16;FLOAT16;FLOAT16;FLOAT16;FLOAT16;FLOAT16;FLOAT16;FLOAT16;FLOAT16,ND;ND;ND;ND;ND;ND;ND;ND;ND;ND;ND;ND;ND;ND;ND;ND;ND;ND;ND;ND;ND;ND;ND;ND;ND;ND;ND;ND;ND;ND;ND;ND;ND;ND;ND;ND;ND;ND;ND;ND;ND;ND;ND;ND;ND;ND;ND;ND;ND;ND;ND;ND;ND;ND;ND;ND;ND;ND;ND;ND;ND;ND;ND;ND,"""64,160,16""",FLOAT16,ND,N/A,0.0,0,0.0,0.0,0.0,0.0,0.0,0.0,0.0,0.0,0.0,0.0,0.0,9.135,602881,0.017,0.002,4.713,0.516,3.763,0.412,1.06,0.116,0.0,0.000
0,4294967295,26,47,aclnnMul_MulAiCore_Mul,Mul,dynamic,AI_VECTOR_CORE,1785698519162510.257	,329.287,0.000000,40,0,NO,"""4096,4096;4096,4096""",FLOAT;FLOAT,ND;ND,"""4096,4096""",FLOAT,ND,N/A,0.0,0,0.0,0.0,0.0,0.0,0.0,0.0,0.0,0.0,0.0,0.0,0.0,326.251,21532536,6.784,0.021,3.378,0.01,324.307,0.994,110.176,0.338,0.0,0.000
0,4294967295,27,47,Concat,Concat,dynamic,AI_VECTOR_CORE,1785698519162839.564	,11.400,0.000000,40,0,NO,"""64,1,16;64,2,16;64,3,16;64,4,16;64,1,16;64,2,16;64,3,16;64,4,16;64,1,16;64,2,16;64,3,16;64,4,16;64,1,16;64,2,16;64,3,16;64,4,16;64,1,16;64,2,16;64,3,16;64,4,16;64,1,16;64,2,16;64,3,16;64,4,16;64,1,16;64,2,16;64,3,16;64,4,16;64,1,16;64,2,16;64,3,16;64,4,16;64,1,16;64,2,16;64,3,16;64,4,16;64,1,16;64,2,16;64,3,16;64,4,16;64,1,16;64,2,16;64,3,16;64,4,16;64,1,16;64,2,16;64,3,16;64,4,16;64,1,16;64,2,16;64,3,16;64,4,16;64,1,16;64,2,16;64,3,16;64,4,16;64,1,16;64,2,16;64,3,16;64,4,16;64,1,16;64,2,16;64,3,16;64,4,16""",FLOAT16;FLOAT16;FLOAT16;FLOAT16;FLOAT16;FLOAT16;FLOAT16;FLOAT16;FLOAT16;FLOAT16;FLOAT16;FLOAT16;FLOAT16;FLOAT16;FLOAT16;FLOAT16;FLOAT16;FLOAT16;FLOAT16;FLOAT16;FLOAT16;FLOAT16;FLOAT16;FLOAT16;FLOAT16;FLOAT16;FLOAT16;FLOAT16;FLOAT16;FLOAT16;FLOAT16;FLOAT16;FLOAT16;FLOAT16;FLOAT16;FLOAT16;FLOAT16;FLOAT16;FLOAT16;FLOAT16;FLOAT16;FLOAT16;FLOAT16;FLOAT16;FLOAT16;FLOAT16;FLOAT16;FLOAT16;FLOAT16;FLOAT16;FLOAT16;FLOAT16;FLOAT16;FLOAT16;FLOAT16;FLOAT16;FLOAT16;FLOAT16;FLOAT16;FLOAT16;FLOAT16;FLOAT16;FLOAT16;FLOAT16,ND;ND;ND;ND;ND;ND;ND;ND;ND;ND;ND;ND;ND;ND;ND;ND;ND;ND;ND;ND;ND;ND;ND;ND;ND;ND;ND;ND;ND;ND;ND;ND;ND;ND;ND;ND;ND;ND;ND;ND;ND;ND;ND;ND;ND;ND;ND;ND;ND;ND;ND;ND;ND;ND;ND;ND;ND;ND;ND;ND;ND;ND;ND;ND,"""64,160,16""",FLOAT16,ND,N/A,0.0,0,0.0,0.0,0.0,0.0,0.0,0.0,0.0,0.0,0.0,0.0,0.0,8.257,544991,0.017,0.002,5.1,0.618,2.523,0.306,0.957,0.116,0.0,0.000
0,4294967295,28,47,aclnnMul_MulAiCore_Mul,Mul,dynamic,AI_VECTOR_CORE,1785698519162850.984	,328.046,0.100000,40,0,NO,"""4096,4096;4096,4096""",FLOAT;FLOAT,ND;ND,"""4096,4096""",FLOAT,ND,N/A,0.0,0,0.0,0.0,0.0,0.0,0.0,0.0,0.0,0.0,0.0,0.0,0.0,326.186,21528247,6.784,0.021,2.996,0.009,324.655,0.995,110.133,0.338,0.0,0.000
0,4294967295,29,47,Concat,Concat,dynamic,AI_VECTOR_CORE,1785698519163179.050	,9.561,0.000000,40,0,NO,"""64,1,16;64,2,16;64,3,16;64,4,16;64,1,16;64,2,16;64,3,16;64,4,16;64,1,16;64,2,16;64,3,16;64,4,16;64,1,16;64,2,16;64,3,16;64,4,16;64,1,16;64,2,16;64,3,16;64,4,16;64,1,16;64,2,16;64,3,16;64,4,16;64,1,16;64,2,16;64,3,16;64,4,16;64,1,16;64,2,16;64,3,16;64,4,16;64,1,16;64,2,16;64,3,16;64,4,16;64,1,16;64,2,16;64,3,16;64,4,16;64,1,16;64,2,16;64,3,16;64,4,16;64,1,16;64,2,16;64,3,16;64,4,16;64,1,16;64,2,16;64,3,16;64,4,16;64,1,16;64,2,16;64,3,16;64,4,16;64,1,16;64,2,16;64,3,16;64,4,16;64,1,16;64,2,16;64,3,16;64,4,16""",FLOAT16;FLOAT16;FLOAT16;FLOAT16;FLOAT16;FLOAT16;FLOAT16;FLOAT16;FLOAT16;FLOAT16;FLOAT16;FLOAT16;FLOAT16;FLOAT16;FLOAT16;FLOAT16;FLOAT16;FLOAT16;FLOAT16;FLOAT16;FLOAT16;FLOAT16;FLOAT16;FLOAT16;FLOAT16;FLOAT16;FLOAT16;FLOAT16;FLOAT16;FLOAT16;FLOAT16;FLOAT16;FLOAT16;FLOAT16;FLOAT16;FLOAT16;FLOAT16;FLOAT16;FLOAT16;FLOAT16;FLOAT16;FLOAT16;FLOAT16;FLOAT16;FLOAT16;FLOAT16;FLOAT16;FLOAT16;FLOAT16;FLOAT16;FLOAT16;FLOAT16;FLOAT16;FLOAT16;FLOAT16;FLOAT16;FLOAT16;FLOAT16;FLOAT16;FLOAT16;FLOAT16;FLOAT16;FLOAT16;FLOAT16,ND;ND;ND;ND;ND;ND;ND;ND;ND;ND;ND;ND;ND;ND;ND;ND;ND;ND;ND;ND;ND;ND;ND;ND;ND;ND;ND;ND;ND;ND;ND;ND;ND;ND;ND;ND;ND;ND;ND;ND;ND;ND;ND;ND;ND;ND;ND;ND;ND;ND;ND;ND;ND;ND;ND;ND;ND;ND;ND;ND;ND;ND;ND;ND,"""64,160,16""",FLOAT16,ND,N/A,0.0,0,0.0,0.0,0.0,0.0,0.0,0.0,0.0,0.0,0.0,0.0,0.0,6.999,461942,0.017,0.002,3.917,0.56,2.341,0.335,1.096,0.157,0.0,0.000
0,4294967295,30,47,aclnnMul_MulAiCore_Mul,Mul,dynamic,AI_VECTOR_CORE,1785698519163188.631	,327.326,0.189000,40,0,NO,"""4096,4096;4096,4096""",FLOAT;FLOAT,ND;ND,"""4096,4096""",FLOAT,ND,N/A,0.0,0,0.0,0.0,0.0,0.0,0.0,0.0,0.0,0.0,0.0,0.0,0.0,325.491,21482409,6.784,0.021,3.196,0.01,323.762,0.995,109.628,0.337,0.0,0.000
0,4294967295,31,47,Concat,Concat,dynamic,AI_VECTOR_CORE,1785698519163515.977	,9.440,0.000000,40,0,NO,"""64,1,16;64,2,16;64,3,16;64,4,16;64,1,16;64,2,16;64,3,16;64,4,16;64,1,16;64,2,16;64,3,16;64,4,16;64,1,16;64,2,16;64,3,16;64,4,16;64,1,16;64,2,16;64,3,16;64,4,16;64,1,16;64,2,16;64,3,16;64,4,16;64,1,16;64,2,16;64,3,16;64,4,16;64,1,16;64,2,16;64,3,16;64,4,16;64,1,16;64,2,16;64,3,16;64,4,16;64,1,16;64,2,16;64,3,16;64,4,16;64,1,16;64,2,16;64,3,16;64,4,16;64,1,16;64,2,16;64,3,16;64,4,16;64,1,16;64,2,16;64,3,16;64,4,16;64,1,16;64,2,16;64,3,16;64,4,16;64,1,16;64,2,16;64,3,16;64,4,16;64,1,16;64,2,16;64,3,16;64,4,16""",FLOAT16;FLOAT16;FLOAT16;FLOAT16;FLOAT16;FLOAT16;FLOAT16;FLOAT16;FLOAT16;FLOAT16;FLOAT16;FLOAT16;FLOAT16;FLOAT16;FLOAT16;FLOAT16;FLOAT16;FLOAT16;FLOAT16;FLOAT16;FLOAT16;FLOAT16;FLOAT16;FLOAT16;FLOAT16;FLOAT16;FLOAT16;FLOAT16;FLOAT16;FLOAT16;FLOAT16;FLOAT16;FLOAT16;FLOAT16;FLOAT16;FLOAT16;FLOAT16;FLOAT16;FLOAT16;FLOAT16;FLOAT16;FLOAT16;FLOAT16;FLOAT16;FLOAT16;FLOAT16;FLOAT16;FLOAT16;FLOAT16;FLOAT16;FLOAT16;FLOAT16;FLOAT16;FLOAT16;FLOAT16;FLOAT16;FLOAT16;FLOAT16;FLOAT16;FLOAT16;FLOAT16;FLOAT16;FLOAT16;FLOAT16,ND;ND;ND;ND;ND;ND;ND;ND;ND;ND;ND;ND;ND;ND;ND;ND;ND;ND;ND;ND;ND;ND;ND;ND;ND;ND;ND;ND;ND;ND;ND;ND;ND;ND;ND;ND;ND;ND;ND;ND;ND;ND;ND;ND;ND;ND;ND;ND;ND;ND;ND;ND;ND;ND;ND;ND;ND;ND;ND;ND;ND;ND;ND;ND,"""64,160,16""",FLOAT16,ND,N/A,0.0,0,0.0,0.0,0.0,0.0,0.0,0.0,0.0,0.0,0.0,0.0,0.0,6.887,454567,0.017,0.002,3.447,0.5,2.708,0.393,1.034,0.15,0.0,0.000
0,4294967295,32,47,aclnnMul_MulAiCore_Mul,Mul,dynamic,AI_VECTOR_CORE,1785698519163525.437	,328.227,0.060000,40,0,NO,"""4096,4096;4096,4096""",FLOAT;FLOAT,ND;ND,"""4096,4096""",FLOAT,ND,N/A,0.0,0,0.0,0.0,0.0,0.0,0.0,0.0,0.0,0.0,0.0,0.0,0.0,325.753,21499668,6.784,0.021,2.953,0.009,324.278,0.995,108.556,0.333,0.0,0.000
0,4294967295,33,47,Concat,Concat,dynamic,AI_VECTOR_CORE,1785698519163853.684	,11.780,0.023000,40,0,NO,"""64,1,16;64,2,16;64,3,16;64,4,16;64,1,16;64,2,16;64,3,16;64,4,16;64,1,16;64,2,16;64,3,16;64,4,16;64,1,16;64,2,16;64,3,16;64,4,16;64,1,16;64,2,16;64,3,16;64,4,16;64,1,16;64,2,16;64,3,16;64,4,16;64,1,16;64,2,16;64,3,16;64,4,16;64,1,16;64,2,16;64,3,16;64,4,16;64,1,16;64,2,16;64,3,16;64,4,16;64,1,16;64,2,16;64,3,16;64,4,16;64,1,16;64,2,16;64,3,16;64,4,16;64,1,16;64,2,16;64,3,16;64,4,16;64,1,16;64,2,16;64,3,16;64,4,16;64,1,16;64,2,16;64,3,16;64,4,16;64,1,16;64,2,16;64,3,16;64,4,16;64,1,16;64,2,16;64,3,16;64,4,16""",FLOAT16;FLOAT16;FLOAT16;FLOAT16;FLOAT16;FLOAT16;FLOAT16;FLOAT16;FLOAT16;FLOAT16;FLOAT16;FLOAT16;FLOAT16;FLOAT16;FLOAT16;FLOAT16;FLOAT16;FLOAT16;FLOAT16;FLOAT16;FLOAT16;FLOAT16;FLOAT16;FLOAT16;FLOAT16;FLOAT16;FLOAT16;FLOAT16;FLOAT16;FLOAT16;FLOAT16;FLOAT16;FLOAT16;FLOAT16;FLOAT16;FLOAT16;FLOAT16;FLOAT16;FLOAT16;FLOAT16;FLOAT16;FLOAT16;FLOAT16;FLOAT16;FLOAT16;FLOAT16;FLOAT16;FLOAT16;FLOAT16;FLOAT16;FLOAT16;FLOAT16;FLOAT16;FLOAT16;FLOAT16;FLOAT16;FLOAT16;FLOAT16;FLOAT16;FLOAT16;FLOAT16;FLOAT16;FLOAT16;FLOAT16,ND;ND;ND;ND;ND;ND;ND;ND;ND;ND;ND;ND;ND;ND;ND;ND;ND;ND;ND;ND;ND;ND;ND;ND;ND;ND;ND;ND;ND;ND;ND;ND;ND;ND;ND;ND;ND;ND;ND;ND;ND;ND;ND;ND;ND;ND;ND;ND;ND;ND;ND;ND;ND;ND;ND;ND;ND;ND;ND;ND;ND;ND;ND;ND,"""64,160,16""",FLOAT16,ND,N/A,0.0,0,0.0,0.0,0.0,0.0,0.0,0.0,0.0,0.0,0.0,0.0,0.0,8.99,593321,0.017,0.002,3.641,0.405,4.429,0.493,1.211,0.135,0.0,0.000
0,4294967295,34,47,aclnnMul_MulAiCore_Mul,Mul,dynamic,AI_VECTOR_CORE,1785698519163865.484	,326.507,0.000000,40,0,NO,"""4096,4096;4096,4096""",FLOAT;FLOAT,ND;ND,"""4096,4096""",FLOAT,ND,N/A,0.0,0,0.0,0.0,0.0,0.0,0.0,0.0,0.0,0.0,0.0,0.0,0.0,324.796,21436504,6.784,0.021,3.033,0.009,323.264,0.995,109.79,0.338,0.0,0.000
0,4294967295,35,47,Concat,Concat,dynamic,AI_VECTOR_CORE,1785698519164192.011	,11.080,0.000000,40,0,NO,"""64,1,16;64,2,16;64,3,16;64,4,16;64,1,16;64,2,16;64,3,16;64,4,16;64,1,16;64,2,16;64,3,16;64,4,16;64,1,16;64,2,16;64,3,16;64,4,16;64,1,16;64,2,16;64,3,16;64,4,16;64,1,16;64,2,16;64,3,16;64,4,16;64,1,16;64,2,16;64,3,16;64,4,16;64,1,16;64,2,16;64,3,16;64,4,16;64,1,16;64,2,16;64,3,16;64,4,16;64,1,16;64,2,16;64,3,16;64,4,16;64,1,16;64,2,16;64,3,16;64,4,16;64,1,16;64,2,16;64,3,16;64,4,16;64,1,16;64,2,16;64,3,16;64,4,16;64,1,16;64,2,16;64,3,16;64,4,16;64,1,16;64,2,16;64,3,16;64,4,16;64,1,16;64,2,16;64,3,16;64,4,16""",FLOAT16;FLOAT16;FLOAT16;FLOAT16;FLOAT16;FLOAT16;FLOAT16;FLOAT16;FLOAT16;FLOAT16;FLOAT16;FLOAT16;FLOAT16;FLOAT16;FLOAT16;FLOAT16;FLOAT16;FLOAT16;FLOAT16;FLOAT16;FLOAT16;FLOAT16;FLOAT16;FLOAT16;FLOAT16;FLOAT16;FLOAT16;FLOAT16;FLOAT16;FLOAT16;FLOAT16;FLOAT16;FLOAT16;FLOAT16;FLOAT16;FLOAT16;FLOAT16;FLOAT16;FLOAT16;FLOAT16;FLOAT16;FLOAT16;FLOAT16;FLOAT16;FLOAT16;FLOAT16;FLOAT16;FLOAT16;FLOAT16;FLOAT16;FLOAT16;FLOAT16;FLOAT16;FLOAT16;FLOAT16;FLOAT16;FLOAT16;FLOAT16;FLOAT16;FLOAT16;FLOAT16;FLOAT16;FLOAT16;FLOAT16,ND;ND;ND;ND;ND;ND;ND;ND;ND;ND;ND;ND;ND;ND;ND;ND;ND;ND;ND;ND;ND;ND;ND;ND;ND;ND;ND;ND;ND;ND;ND;ND;ND;ND;ND;ND;ND;ND;ND;ND;ND;ND;ND;ND;ND;ND;ND;ND;ND;ND;ND;ND;ND;ND;ND;ND;ND;ND;ND;ND;ND;ND;ND;ND,"""64,160,16""",FLOAT16,ND,N/A,0.0,0,0.0,0.0,0.0,0.0,0.0,0.0,0.0,0.0,0.0,0.0,0.0,8.123,536094,0.017,0.002,3.585,0.441,3.868,0.476,0.972,0.12,0.0,0.000
0,4294967295,36,47,aclnnMul_MulAiCore_Mul,Mul,dynamic,AI_VECTOR_CORE,1785698519164203.111	,327.986,0.000000,40,0,NO,"""4096,4096;4096,4096""",FLOAT;FLOAT,ND;ND,"""4096,4096""",FLOAT,ND,N/A,0.0,0,0.0,0.0,0.0,0.0,0.0,0.0,0.0,0.0,0.0,0.0,0.0,325.579,21488223,6.784,0.021,3.001,0.009,324.063,0.995,108.158,0.332,0.0,0.000
0,4294967295,37,47,Concat,Concat,dynamic,AI_VECTOR_CORE,1785698519164531.117	,11.101,0.014000,40,0,NO,"""64,1,16;64,2,16;64,3,16;64,4,16;64,1,16;64,2,16;64,3,16;64,4,16;64,1,16;64,2,16;64,3,16;64,4,16;64,1,16;64,2,16;64,3,16;64,4,16;64,1,16;64,2,16;64,3,16;64,4,16;64,1,16;64,2,16;64,3,16;64,4,16;64,1,16;64,2,16;64,3,16;64,4,16;64,1,16;64,2,16;64,3,16;64,4,16;64,1,16;64,2,16;64,3,16;64,4,16;64,1,16;64,2,16;64,3,16;64,4,16;64,1,16;64,2,16;64,3,16;64,4,16;64,1,16;64,2,16;64,3,16;64,4,16;64,1,16;64,2,16;64,3,16;64,4,16;64,1,16;64,2,16;64,3,16;64,4,16;64,1,16;64,2,16;64,3,16;64,4,16;64,1,16;64,2,16;64,3,16;64,4,16""",FLOAT16;FLOAT16;FLOAT16;FLOAT16;FLOAT16;FLOAT16;FLOAT16;FLOAT16;FLOAT16;FLOAT16;FLOAT16;FLOAT16;FLOAT16;FLOAT16;FLOAT16;FLOAT16;FLOAT16;FLOAT16;FLOAT16;FLOAT16;FLOAT16;FLOAT16;FLOAT16;FLOAT16;FLOAT16;FLOAT16;FLOAT16;FLOAT16;FLOAT16;FLOAT16;FLOAT16;FLOAT16;FLOAT16;FLOAT16;FLOAT16;FLOAT16;FLOAT16;FLOAT16;FLOAT16;FLOAT16;FLOAT16;FLOAT16;FLOAT16;FLOAT16;FLOAT16;FLOAT16;FLOAT16;FLOAT16;FLOAT16;FLOAT16;FLOAT16;FLOAT16;FLOAT16;FLOAT16;FLOAT16;FLOAT16;FLOAT16;FLOAT16;FLOAT16;FLOAT16;FLOAT16;FLOAT16;FLOAT16;FLOAT16,ND;ND;ND;ND;ND;ND;ND;ND;ND;ND;ND;ND;ND;ND;ND;ND;ND;ND;ND;ND;ND;ND;ND;ND;ND;ND;ND;ND;ND;ND;ND;ND;ND;ND;ND;ND;ND;ND;ND;ND;ND;ND;ND;ND;ND;ND;ND;ND;ND;ND;ND;ND;ND;ND;ND;ND;ND;ND;ND;ND;ND;ND;ND;ND,"""64,160,16""",FLOAT16,ND,N/A,0.0,0,0.0,0.0,0.0,0.0,0.0,0.0,0.0,0.0,0.0,0.0,0.0,8.054,531567,0.017,0.002,3.937,0.489,3.579,0.444,1.04,0.129,0.0,0.000
0,4294967295,38,47,aclnnMul_MulAiCore_Mul,Mul,dynamic,AI_VECTOR_CORE,1785698519164542.238	,327.486,0.149000,40,0,NO,"""4096,4096;4096,4096""",FLOAT;FLOAT,ND;ND,"""4096,4096""",FLOAT,ND,N/A,0.0,0,0.0,0.0,0.0,0.0,0.0,0.0,0.0,0.0,0.0,0.0,0.0,324.895,21443056,6.784,0.021,3.016,0.009,323.306,0.995,109.42,0.337,0.0,0.000
0,4294967295,39,47,Concat,Concat,dynamic,AI_VECTOR_CORE,1785698519164869.744	,10.540,0.014000,40,0,NO,"""64,1,16;64,2,16;64,3,16;64,4,16;64,1,16;64,2,16;64,3,16;64,4,16;64,1,16;64,2,16;64,3,16;64,4,16;64,1,16;64,2,16;64,3,16;64,4,16;64,1,16;64,2,16;64,3,16;64,4,16;64,1,16;64,2,16;64,3,16;64,4,16;64,1,16;64,2,16;64,3,16;64,4,16;64,1,16;64,2,16;64,3,16;64,4,16;64,1,16;64,2,16;64,3,16;64,4,16;64,1,16;64,2,16;64,3,16;64,4,16;64,1,16;64,2,16;64,3,16;64,4,16;64,1,16;64,2,16;64,3,16;64,4,16;64,1,16;64,2,16;64,3,16;64,4,16;64,1,16;64,2,16;64,3,16;64,4,16;64,1,16;64,2,16;64,3,16;64,4,16;64,1,16;64,2,16;64,3,16;64,4,16""",FLOAT16;FLOAT16;FLOAT16;FLOAT16;FLOAT16;FLOAT16;FLOAT16;FLOAT16;FLOAT16;FLOAT16;FLOAT16;FLOAT16;FLOAT16;FLOAT16;FLOAT16;FLOAT16;FLOAT16;FLOAT16;FLOAT16;FLOAT16;FLOAT16;FLOAT16;FLOAT16;FLOAT16;FLOAT16;FLOAT16;FLOAT16;FLOAT16;FLOAT16;FLOAT16;FLOAT16;FLOAT16;FLOAT16;FLOAT16;FLOAT16;FLOAT16;FLOAT16;FLOAT16;FLOAT16;FLOAT16;FLOAT16;FLOAT16;FLOAT16;FLOAT16;FLOAT16;FLOAT16;FLOAT16;FLOAT16;FLOAT16;FLOAT16;FLOAT16;FLOAT16;FLOAT16;FLOAT16;FLOAT16;FLOAT16;FLOAT16;FLOAT16;FLOAT16;FLOAT16;FLOAT16;FLOAT16;FLOAT16;FLOAT16,ND;ND;ND;ND;ND;ND;ND;ND;ND;ND;ND;ND;ND;ND;ND;ND;ND;ND;ND;ND;ND;ND;ND;ND;ND;ND;ND;ND;ND;ND;ND;ND;ND;ND;ND;ND;ND;ND;ND;ND;ND;ND;ND;ND;ND;ND;ND;ND;ND;ND;ND;ND;ND;ND;ND;ND;ND;ND;ND;ND;ND;ND;ND;ND,"""64,160,16""",FLOAT16,ND,N/A,0.0,0,0.0,0.0,0.0,0.0,0.0,0.0,0.0,0.0,0.0,0.0,0.0,7.804,515085,0.017,0.002,3.549,0.455,3.492,0.447,1.063,0.136,0.0,0.000
0,4294967295,40,47,aclnnMul_MulAiCore_Mul,Mul,dynamic,AI_VECTOR_CORE,1785698519164880.304	,327.967,0.000000,40,0,NO,"""4096,4096;4096,4096""",FLOAT;FLOAT,ND;ND,"""4096,4096""",FLOAT,ND,N/A,0.0,0,0.0,0.0,0.0,0.0,0.0,0.0,0.0,0.0,0.0,0.0,0.0,326.069,21520564,6.784,0.021,2.997,0.009,324.575,0.995,110.184,0.338,0.0,0.000
0,4294967295,41,47,Concat,Concat,dynamic,AI_VECTOR_CORE,1785698519165208.291	,11.660,0.033000,40,0,NO,"""64,1,16;64,2,16;64,3,16;64,4,16;64,1,16;64,2,16;64,3,16;64,4,16;64,1,16;64,2,16;64,3,16;64,4,16;64,1,16;64,2,16;64,3,16;64,4,16;64,1,16;64,2,16;64,3,16;64,4,16;64,1,16;64,2,16;64,3,16;64,4,16;64,1,16;64,2,16;64,3,16;64,4,16;64,1,16;64,2,16;64,3,16;64,4,16;64,1,16;64,2,16;64,3,16;64,4,16;64,1,16;64,2,16;64,3,16;64,4,16;64,1,16;64,2,16;64,3,16;64,4,16;64,1,16;64,2,16;64,3,16;64,4,16;64,1,16;64,2,16;64,3,16;64,4,16;64,1,16;64,2,16;64,3,16;64,4,16;64,1,16;64,2,16;64,3,16;64,4,16;64,1,16;64,2,16;64,3,16;64,4,16""",FLOAT16;FLOAT16;FLOAT16;FLOAT16;FLOAT16;FLOAT16;FLOAT16;FLOAT16;FLOAT16;FLOAT16;FLOAT16;FLOAT16;FLOAT16;FLOAT16;FLOAT16;FLOAT16;FLOAT16;FLOAT16;FLOAT16;FLOAT16;FLOAT16;FLOAT16;FLOAT16;FLOAT16;FLOAT16;FLOAT16;FLOAT16;FLOAT16;FLOAT16;FLOAT16;FLOAT16;FLOAT16;FLOAT16;FLOAT16;FLOAT16;FLOAT16;FLOAT16;FLOAT16;FLOAT16;FLOAT16;FLOAT16;FLOAT16;FLOAT16;FLOAT16;FLOAT16;FLOAT16;FLOAT16;FLOAT16;FLOAT16;FLOAT16;FLOAT16;FLOAT16;FLOAT16;FLOAT16;FLOAT16;FLOAT16;FLOAT16;FLOAT16;FLOAT16;FLOAT16;FLOAT16;FLOAT16;FLOAT16;FLOAT16,ND;ND;ND;ND;ND;ND;ND;ND;ND;ND;ND;ND;ND;ND;ND;ND;ND;ND;ND;ND;ND;ND;ND;ND;ND;ND;ND;ND;ND;ND;ND;ND;ND;ND;ND;ND;ND;ND;ND;ND;ND;ND;ND;ND;ND;ND;ND;ND;ND;ND;ND;ND;ND;ND;ND;ND;ND;ND;ND;ND;ND;ND;ND;ND,"""64,160,16""",FLOAT16,ND,N/A,0.0,0,0.0,0.0,0.0,0.0,0.0,0.0,0.0,0.0,0.0,0.0,0.0,9.381,619115,0.017,0.002,4.904,0.523,3.818,0.407,1.121,0.12,0.0,0.000
0,4294967295,42,47,aclnnMul_MulAiCore_Mul,Mul,dynamic,AI_VECTOR_CORE,1785698519165219.971	,327.407,0.090000,40,0,NO,"""4096,4096;4096,4096""",FLOAT;FLOAT,ND;ND,"""4096,4096""",FLOAT,ND,N/A,0.0,0,0.0,0.0,0.0,0.0,0.0,0.0,0.0,0.0,0.0,0.0,0.0,325.551,21486390,6.784,0.021,3.093,0.01,323.91,0.995,107.759,0.331,0.0,0.000
0,4294967295,43,47,Concat,Concat,dynamic,AI_VECTOR_CORE,1785698519165547.398	,11.000,0.093000,40,0,NO,"""64,1,16;64,2,16;64,3,16;64,4,16;64,1,16;64,2,16;64,3,16;64,4,16;64,1,16;64,2,16;64,3,16;64,4,16;64,1,16;64,2,16;64,3,16;64,4,16;64,1,16;64,2,16;64,3,16;64,4,16;64,1,16;64,2,16;64,3,16;64,4,16;64,1,16;64,2,16;64,3,16;64,4,16;64,1,16;64,2,16;64,3,16;64,4,16;64,1,16;64,2,16;64,3,16;64,4,16;64,1,16;64,2,16;64,3,16;64,4,16;64,1,16;64,2,16;64,3,16;64,4,16;64,1,16;64,2,16;64,3,16;64,4,16;64,1,16;64,2,16;64,3,16;64,4,16;64,1,16;64,2,16;64,3,16;64,4,16;64,1,16;64,2,16;64,3,16;64,4,16;64,1,16;64,2,16;64,3,16;64,4,16""",FLOAT16;FLOAT16;FLOAT16;FLOAT16;FLOAT16;FLOAT16;FLOAT16;FLOAT16;FLOAT16;FLOAT16;FLOAT16;FLOAT16;FLOAT16;FLOAT16;FLOAT16;FLOAT16;FLOAT16;FLOAT16;FLOAT16;FLOAT16;FLOAT16;FLOAT16;FLOAT16;FLOAT16;FLOAT16;FLOAT16;FLOAT16;FLOAT16;FLOAT16;FLOAT16;FLOAT16;FLOAT16;FLOAT16;FLOAT16;FLOAT16;FLOAT16;FLOAT16;FLOAT16;FLOAT16;FLOAT16;FLOAT16;FLOAT16;FLOAT16;FLOAT16;FLOAT16;FLOAT16;FLOAT16;FLOAT16;FLOAT16;FLOAT16;FLOAT16;FLOAT16;FLOAT16;FLOAT16;FLOAT16;FLOAT16;FLOAT16;FLOAT16;FLOAT16;FLOAT16;FLOAT16;FLOAT16;FLOAT16;FLOAT16,ND;ND;ND;ND;ND;ND;ND;ND;ND;ND;ND;ND;ND;ND;ND;ND;ND;ND;ND;ND;ND;ND;ND;ND;ND;ND;ND;ND;ND;ND;ND;ND;ND;ND;ND;ND;ND;ND;ND;ND;ND;ND;ND;ND;ND;ND;ND;ND;ND;ND;ND;ND;ND;ND;ND;ND;ND;ND;ND;ND;ND;ND;ND;ND,"""64,160,16""",FLOAT16,ND,N/A,0.0,0,0.0,0.0,0.0,0.0,0.0,0.0,0.0,0.0,0.0,0.0,0.0,8.673,572414,0.017,0.002,4.498,0.519,3.912,0.451,1.06,0.122,0.0,0.000
0,4294967295,44,47,aclnnMul_MulAiCore_Mul,Mul,dynamic,AI_VECTOR_CORE,1785698519165558.438	,327.526,0.000000,40,0,NO,"""4096,4096;4096,4096""",FLOAT;FLOAT,ND;ND,"""4096,4096""",FLOAT,ND,N/A,0.0,0,0.0,0.0,0.0,0.0,0.0,0.0,0.0,0.0,0.0,0.0,0.0,325.477,21481469,6.784,0.021,3.062,0.009,323.896,0.995,109.641,0.337,0.0,0.000
0,4294967295,45,47,Concat,Concat,dynamic,AI_VECTOR_CORE,1785698519165886.004	,9.241,0.000000,40,0,NO,"""64,1,16;64,2,16;64,3,16;64,4,16;64,1,16;64,2,16;64,3,16;64,4,16;64,1,16;64,2,16;64,3,16;64,4,16;64,1,16;64,2,16;64,3,16;64,4,16;64,1,16;64,2,16;64,3,16;64,4,16;64,1,16;64,2,16;64,3,16;64,4,16;64,1,16;64,2,16;64,3,16;64,4,16;64,1,16;64,2,16;64,3,16;64,4,16;64,1,16;64,2,16;64,3,16;64,4,16;64,1,16;64,2,16;64,3,16;64,4,16;64,1,16;64,2,16;64,3,16;64,4,16;64,1,16;64,2,16;64,3,16;64,4,16;64,1,16;64,2,16;64,3,16;64,4,16;64,1,16;64,2,16;64,3,16;64,4,16;64,1,16;64,2,16;64,3,16;64,4,16;64,1,16;64,2,16;64,3,16;64,4,16""",FLOAT16;FLOAT16;FLOAT16;FLOAT16;FLOAT16;FLOAT16;FLOAT16;FLOAT16;FLOAT16;FLOAT16;FLOAT16;FLOAT16;FLOAT16;FLOAT16;FLOAT16;FLOAT16;FLOAT16;FLOAT16;FLOAT16;FLOAT16;FLOAT16;FLOAT16;FLOAT16;FLOAT16;FLOAT16;FLOAT16;FLOAT16;FLOAT16;FLOAT16;FLOAT16;FLOAT16;FLOAT16;FLOAT16;FLOAT16;FLOAT16;FLOAT16;FLOAT16;FLOAT16;FLOAT16;FLOAT16;FLOAT16;FLOAT16;FLOAT16;FLOAT16;FLOAT16;FLOAT16;FLOAT16;FLOAT16;FLOAT16;FLOAT16;FLOAT16;FLOAT16;FLOAT16;FLOAT16;FLOAT16;FLOAT16;FLOAT16;FLOAT16;FLOAT16;FLOAT16;FLOAT16;FLOAT16;FLOAT16;FLOAT16,ND;ND;ND;ND;ND;ND;ND;ND;ND;ND;ND;ND;ND;ND;ND;ND;ND;ND;ND;ND;ND;ND;ND;ND;ND;ND;ND;ND;ND;ND;ND;ND;ND;ND;ND;ND;ND;ND;ND;ND;ND;ND;ND;ND;ND;ND;ND;ND;ND;ND;ND;ND;ND;ND;ND;ND;ND;ND;ND;ND;ND;ND;ND;ND,"""64,160,16""",FLOAT16,ND,N/A,0.0,0,0.0,0.0,0.0,0.0,0.0,0.0,0.0,0.0,0.0,0.0,0.0,7.2,475186,0.017,0.002,3.546,0.492,2.86,0.397,1.115,0.155,0.0,0.000
0,4294967295,46,47,aclnnMul_MulAiCore_Mul,Mul,dynamic,AI_VECTOR_CORE,1785698519165895.265	,327.826,0.009000,40,0,NO,"""4096,4096;4096,4096""",FLOAT;FLOAT,ND;ND,"""4096,4096""",FLOAT,ND,N/A,0.0,0,0.0,0.0,0.0,0.0,0.0,0.0,0.0,0.0,0.0,0.0,0.0,325.471,21481086,6.784,0.021,3.116,0.01,323.844,0.995,109.507,0.336,0.0,0.000
0,4294967295,47,47,Concat,Concat,dynamic,AI_VECTOR_CORE,1785698519166223.131	,9.520,0.174000,40,0,NO,"""64,1,16;64,2,16;64,3,16;64,4,16;64,1,16;64,2,16;64,3,16;64,4,16;64,1,16;64,2,16;64,3,16;64,4,16;64,1,16;64,2,16;64,3,16;64,4,16;64,1,16;64,2,16;64,3,16;64,4,16;64,1,16;64,2,16;64,3,16;64,4,16;64,1,16;64,2,16;64,3,16;64,4,16;64,1,16;64,2,16;64,3,16;64,4,16;64,1,16;64,2,16;64,3,16;64,4,16;64,1,16;64,2,16;64,3,16;64,4,16;64,1,16;64,2,16;64,3,16;64,4,16;64,1,16;64,2,16;64,3,16;64,4,16;64,1,16;64,2,16;64,3,16;64,4,16;64,1,16;64,2,16;64,3,16;64,4,16;64,1,16;64,2,16;64,3,16;64,4,16;64,1,16;64,2,16;64,3,16;64,4,16""",FLOAT16;FLOAT16;FLOAT16;FLOAT16;FLOAT16;FLOAT16;FLOAT16;FLOAT16;FLOAT16;FLOAT16;FLOAT16;FLOAT16;FLOAT16;FLOAT16;FLOAT16;FLOAT16;FLOAT16;FLOAT16;FLOAT16;FLOAT16;FLOAT16;FLOAT16;FLOAT16;FLOAT16;FLOAT16;FLOAT16;FLOAT16;FLOAT16;FLOAT16;FLOAT16;FLOAT16;FLOAT16;FLOAT16;FLOAT16;FLOAT16;FLOAT16;FLOAT16;FLOAT16;FLOAT16;FLOAT16;FLOAT16;FLOAT16;FLOAT16;FLOAT16;FLOAT16;FLOAT16;FLOAT16;FLOAT16;FLOAT16;FLOAT16;FLOAT16;FLOAT16;FLOAT16;FLOAT16;FLOAT16;FLOAT16;FLOAT16;FLOAT16;FLOAT16;FLOAT16;FLOAT16;FLOAT16;FLOAT16;FLOAT16,ND;ND;ND;ND;ND;ND;ND;ND;ND;ND;ND;ND;ND;ND;ND;ND;ND;ND;ND;ND;ND;ND;ND;ND;ND;ND;ND;ND;ND;ND;ND;ND;ND;ND;ND;ND;ND;ND;ND;ND;ND;ND;ND;ND;ND;ND;ND;ND;ND;ND;ND;ND;ND;ND;ND;ND;ND;ND;ND;ND;ND;ND;ND;ND,"""64,160,16""",FLOAT16,ND,N/A,0.0,0,0.0,0.0,0.0,0.0,0.0,0.0,0.0,0.0,0.0,0.0,0.0,6.964,459642,0.017,0.002,3.687,0.529,2.679,0.385,0.984,0.141,0.0,0.000
0,4294967295,48,47,aclnnMul_MulAiCore_Mul,Mul,dynamic,AI_VECTOR_CORE,1785698519166232.671	,328.167,0.000000,40,0,NO,"""4096,4096;4096,4096""",FLOAT;FLOAT,ND;ND,"""4096,4096""",FLOAT,ND,N/A,0.0,0,0.0,0.0,0.0,0.0,0.0,0.0,0.0,0.0,0.0,0.0,0.0,326.416,21543476,6.784,0.021,3.079,0.009,324.783,0.995,109.393,0.335,0.0,0.000
0,4294967295,49,47,Concat,Concat,dynamic,AI_VECTOR_CORE,1785698519166560.858	,12.140,0.000000,40,0,NO,"""64,1,16;64,2,16;64,3,16;64,4,16;64,1,16;64,2,16;64,3,16;64,4,16;64,1,16;64,2,16;64,3,16;64,4,16;64,1,16;64,2,16;64,3,16;64,4,16;64,1,16;64,2,16;64,3,16;64,4,16;64,1,16;64,2,16;64,3,16;64,4,16;64,1,16;64,2,16;64,3,16;64,4,16;64,1,16;64,2,16;64,3,16;64,4,16;64,1,16;64,2,16;64,3,16;64,4,16;64,1,16;64,2,16;64,3,16;64,4,16;64,1,16;64,2,16;64,3,16;64,4,16;64,1,16;64,2,16;64,3,16;64,4,16;64,1,16;64,2,16;64,3,16;64,4,16;64,1,16;64,2,16;64,3,16;64,4,16;64,1,16;64,2,16;64,3,16;64,4,16;64,1,16;64,2,16;64,3,16;64,4,16""",FLOAT16;FLOAT16;FLOAT16;FLOAT16;FLOAT16;FLOAT16;FLOAT16;FLOAT16;FLOAT16;FLOAT16;FLOAT16;FLOAT16;FLOAT16;FLOAT16;FLOAT16;FLOAT16;FLOAT16;FLOAT16;FLOAT16;FLOAT16;FLOAT16;FLOAT16;FLOAT16;FLOAT16;FLOAT16;FLOAT16;FLOAT16;FLOAT16;FLOAT16;FLOAT16;FLOAT16;FLOAT16;FLOAT16;FLOAT16;FLOAT16;FLOAT16;FLOAT16;FLOAT16;FLOAT16;FLOAT16;FLOAT16;FLOAT16;FLOAT16;FLOAT16;FLOAT16;FLOAT16;FLOAT16;FLOAT16;FLOAT16;FLOAT16;FLOAT16;FLOAT16;FLOAT16;FLOAT16;FLOAT16;FLOAT16;FLOAT16;FLOAT16;FLOAT16;FLOAT16;FLOAT16;FLOAT16;FLOAT16;FLOAT16,ND;ND;ND;ND;ND;ND;ND;ND;ND;ND;ND;ND;ND;ND;ND;ND;ND;ND;ND;ND;ND;ND;ND;ND;ND;ND;ND;ND;ND;ND;ND;ND;ND;ND;ND;ND;ND;ND;ND;ND;ND;ND;ND;ND;ND;ND;ND;ND;ND;ND;ND;ND;ND;ND;ND;ND;ND;ND;ND;ND;ND;ND;ND;ND,"""64,160,16""",FLOAT16,ND,N/A,0.0,0,0.0,0.0,0.0,0.0,0.0,0.0,0.0,0.0,0.0,0.0,0.0,9.232,609294,0.017,0.002,4.265,0.462,4.616,0.5,1.165,0.126,0.0,0.000
0,4294967295,50,47,aclnnMul_MulAiCore_Mul,Mul,dynamic,AI_VECTOR_CORE,1785698519166573.038	,327.627,0.110000,40,0,NO,"""4096,4096;4096,4096""",FLOAT;FLOAT,ND;ND,"""4096,4096""",FLOAT,ND,N/A,0.0,0,0.0,0.0,0.0,0.0,0.0,0.0,0.0,0.0,0.0,0.0,0.0,325.8,21502781,6.784,0.021,2.885,0.009,324.375,0.996,110.343,0.339,0.0,0.000
0,4294967295,51,47,Concat,Concat,dynamic,AI_VECTOR_CORE,1785698519166900.685	,12.240,0.123000,40,0,NO,"""64,1,16;64,2,16;64,3,16;64,4,16;64,1,16;64,2,16;64,3,16;64,4,16;64,1,16;64,2,16;64,3,16;64,4,16;64,1,16;64,2,16;64,3,16;64,4,16;64,1,16;64,2,16;64,3,16;64,4,16;64,1,16;64,2,16;64,3,16;64,4,16;64,1,16;64,2,16;64,3,16;64,4,16;64,1,16;64,2,16;64,3,16;64,4,16;64,1,16;64,2,16;64,3,16;64,4,16;64,1,16;64,2,16;64,3,16;64,4,16;64,1,16;64,2,16;64,3,16;64,4,16;64,1,16;64,2,16;64,3,16;64,4,16;64,1,16;64,2,16;64,3,16;64,4,16;64,1,16;64,2,16;64,3,16;64,4,16;64,1,16;64,2,16;64,3,16;64,4,16;64,1,16;64,2,16;64,3,16;64,4,16""",FLOAT16;FLOAT16;FLOAT16;FLOAT16;FLOAT16;FLOAT16;FLOAT16;FLOAT16;FLOAT16;FLOAT16;FLOAT16;FLOAT16;FLOAT16;FLOAT16;FLOAT16;FLOAT16;FLOAT16;FLOAT16;FLOAT16;FLOAT16;FLOAT16;FLOAT16;FLOAT16;FLOAT16;FLOAT16;FLOAT16;FLOAT16;FLOAT16;FLOAT16;FLOAT16;FLOAT16;FLOAT16;FLOAT16;FLOAT16;FLOAT16;FLOAT16;FLOAT16;FLOAT16;FLOAT16;FLOAT16;FLOAT16;FLOAT16;FLOAT16;FLOAT16;FLOAT16;FLOAT16;FLOAT16;FLOAT16;FLOAT16;FLOAT16;FLOAT16;FLOAT16;FLOAT16;FLOAT16;FLOAT16;FLOAT16;FLOAT16;FLOAT16;FLOAT16;FLOAT16;FLOAT16;FLOAT16;FLOAT16;FLOAT16,ND;ND;ND;ND;ND;ND;ND;ND;ND;ND;ND;ND;ND;ND;ND;ND;ND;ND;ND;ND;ND;ND;ND;ND;ND;ND;ND;ND;ND;ND;ND;ND;ND;ND;ND;ND;ND;ND;ND;ND;ND;ND;ND;ND;ND;ND;ND;ND;ND;ND;ND;ND;ND;ND;ND;ND;ND;ND;ND;ND;ND;ND;ND;ND,"""64,160,16""",FLOAT16,ND,N/A,0.0,0,0.0,0.0,0.0,0.0,0.0,0.0,0.0,0.0,0.0,0.0,0.0,8.837,583240,0.017,0.002,3.912,0.443,4.274,0.484,1.145,0.13,0.0,0.000
0,4294967295,52,47,aclnnMul_MulAiCore_Mul,Mul,dynamic,AI_VECTOR_CORE,1785698519166912.945	,327.066,0.010000,40,0,NO,"""4096,4096;4096,4096""",FLOAT;FLOAT,ND;ND,"""4096,4096""",FLOAT,ND,N/A,0.0,0,0.0,0.0,0.0,0.0,0.0,0.0,0.0,0.0,0.0,0.0,0.0,325.019,21451276,6.784,0.021,3.05,0.009,323.433,0.995,109.621,0.337,0.0,0.000
0,4294967295,53,47,Concat,Concat,dynamic,AI_VECTOR_CORE,1785698519167240.031	,10.561,0.000000,40,0,NO,"""64,1,16;64,2,16;64,3,16;64,4,16;64,1,16;64,2,16;64,3,16;64,4,16;64,1,16;64,2,16;64,3,16;64,4,16;64,1,16;64,2,16;64,3,16;64,4,16;64,1,16;64,2,16;64,3,16;64,4,16;64,1,16;64,2,16;64,3,16;64,4,16;64,1,16;64,2,16;64,3,16;64,4,16;64,1,16;64,2,16;64,3,16;64,4,16;64,1,16;64,2,16;64,3,16;64,4,16;64,1,16;64,2,16;64,3,16;64,4,16;64,1,16;64,2,16;64,3,16;64,4,16;64,1,16;64,2,16;64,3,16;64,4,16;64,1,16;64,2,16;64,3,16;64,4,16;64,1,16;64,2,16;64,3,16;64,4,16;64,1,16;64,2,16;64,3,16;64,4,16;64,1,16;64,2,16;64,3,16;64,4,16""",FLOAT16;FLOAT16;FLOAT16;FLOAT16;FLOAT16;FLOAT16;FLOAT16;FLOAT16;FLOAT16;FLOAT16;FLOAT16;FLOAT16;FLOAT16;FLOAT16;FLOAT16;FLOAT16;FLOAT16;FLOAT16;FLOAT16;FLOAT16;FLOAT16;FLOAT16;FLOAT16;FLOAT16;FLOAT16;FLOAT16;FLOAT16;FLOAT16;FLOAT16;FLOAT16;FLOAT16;FLOAT16;FLOAT16;FLOAT16;FLOAT16;FLOAT16;FLOAT16;FLOAT16;FLOAT16;FLOAT16;FLOAT16;FLOAT16;FLOAT16;FLOAT16;FLOAT16;FLOAT16;FLOAT16;FLOAT16;FLOAT16;FLOAT16;FLOAT16;FLOAT16;FLOAT16;FLOAT16;FLOAT16;FLOAT16;FLOAT16;FLOAT16;FLOAT16;FLOAT16;FLOAT16;FLOAT16;FLOAT16;FLOAT16,ND;ND;ND;ND;ND;ND;ND;ND;ND;ND;ND;ND;ND;ND;ND;ND;ND;ND;ND;ND;ND;ND;ND;ND;ND;ND;ND;ND;ND;ND;ND;ND;ND;ND;ND;ND;ND;ND;ND;ND;ND;ND;ND;ND;ND;ND;ND;ND;ND;ND;ND;ND;ND;ND;ND;ND;ND;ND;ND;ND;ND;ND;ND;ND,"""64,160,16""",FLOAT16,ND,N/A,0.0,0,0.0,0.0,0.0,0.0,0.0,0.0,0.0,0.0,0.0,0.0,0.0,7.7,508179,0.017,0.002,3.612,0.469,3.492,0.454,0.894,0.116,0.0,0.000
0,4294967295,54,47,aclnnMul_MulAiCore_Mul,Mul,dynamic,AI_VECTOR_CORE,1785698519167250.612	,327.286,0.000000,40,0,NO,"""4096,4096;4096,4096""",FLOAT;FLOAT,ND;ND,"""4096,4096""",FLOAT,ND,N/A,0.0,0,0.0,0.0,0.0,0.0,0.0,0.0,0.0,0.0,0.0,0.0,0.0,325.006,21450375,6.784,0.021,2.921,0.009,323.539,0.995,109.407,0.337,0.0,0.000
0,4294967295,55,47,Concat,Concat,dynamic,AI_VECTOR_CORE,1785698519167577.918	,10.860,0.214000,40,0,NO,"""64,1,16;64,2,16;64,3,16;64,4,16;64,1,16;64,2,16;64,3,16;64,4,16;64,1,16;64,2,16;64,3,16;64,4,16;64,1,16;64,2,16;64,3,16;64,4,16;64,1,16;64,2,16;64,3,16;64,4,16;64,1,16;64,2,16;64,3,16;64,4,16;64,1,16;64,2,16;64,3,16;64,4,16;64,1,16;64,2,16;64,3,16;64,4,16;64,1,16;64,2,16;64,3,16;64,4,16;64,1,16;64,2,16;64,3,16;64,4,16;64,1,16;64,2,16;64,3,16;64,4,16;64,1,16;64,2,16;64,3,16;64,4,16;64,1,16;64,2,16;64,3,16;64,4,16;64,1,16;64,2,16;64,3,16;64,4,16;64,1,16;64,2,16;64,3,16;64,4,16;64,1,16;64,2,16;64,3,16;64,4,16""",FLOAT16;FLOAT16;FLOAT16;FLOAT16;FLOAT16;FLOAT16;FLOAT16;FLOAT16;FLOAT16;FLOAT16;FLOAT16;FLOAT16;FLOAT16;FLOAT16;FLOAT16;FLOAT16;FLOAT16;FLOAT16;FLOAT16;FLOAT16;FLOAT16;FLOAT16;FLOAT16;FLOAT16;FLOAT16;FLOAT16;FLOAT16;FLOAT16;FLOAT16;FLOAT16;FLOAT16;FLOAT16;FLOAT16;FLOAT16;FLOAT16;FLOAT16;FLOAT16;FLOAT16;FLOAT16;FLOAT16;FLOAT16;FLOAT16;FLOAT16;FLOAT16;FLOAT16;FLOAT16;FLOAT16;FLOAT16;FLOAT16;FLOAT16;FLOAT16;FLOAT16;FLOAT16;FLOAT16;FLOAT16;FLOAT16;FLOAT16;FLOAT16;FLOAT16;FLOAT16;FLOAT16;FLOAT16;FLOAT16;FLOAT16,ND;ND;ND;ND;ND;ND;ND;ND;ND;ND;ND;ND;ND;ND;ND;ND;ND;ND;ND;ND;ND;ND;ND;ND;ND;ND;ND;ND;ND;ND;ND;ND;ND;ND;ND;ND;ND;ND;ND;ND;ND;ND;ND;ND;ND;ND;ND;ND;ND;ND;ND;ND;ND;ND;ND;ND;ND;ND;ND;ND;ND;ND;ND;ND,"""64,160,16""",FLOAT16,ND,N/A,0.0,0,0.0,0.0,0.0,0.0,0.0,0.0,0.0,0.0,0.0,0.0,0.0,7.845,517781,0.017,0.002,3.775,0.481,3.496,0.446,0.993,0.127,0.0,0.000
0,4294967295,56,47,aclnnMul_MulAiCore_Mul,Mul,dynamic,AI_VECTOR_CORE,1785698519167588.818	,327.987,0.000000,40,0,NO,"""4096,4096;4096,4096""",FLOAT;FLOAT,ND;ND,"""4096,4096""",FLOAT,ND,N/A,0.0,0,0.0,0.0,0.0,0.0,0.0,0.0,0.0,0.0,0.0,0.0,0.0,326.05,21519283,6.784,0.021,3.166,0.01,324.337,0.995,109.676,0.336,0.0,0.000
0,4294967295,57,47,Concat,Concat,dynamic,AI_VECTOR_CORE,1785698519167916.825	,10.680,0.013000,40,0,NO,"""64,1,16;64,2,16;64,3,16;64,4,16;64,1,16;64,2,16;64,3,16;64,4,16;64,1,16;64,2,16;64,3,16;64,4,16;64,1,16;64,2,16;64,3,16;64,4,16;64,1,16;64,2,16;64,3,16;64,4,16;64,1,16;64,2,16;64,3,16;64,4,16;64,1,16;64,2,16;64,3,16;64,4,16;64,1,16;64,2,16;64,3,16;64,4,16;64,1,16;64,2,16;64,3,16;64,4,16;64,1,16;64,2,16;64,3,16;64,4,16;64,1,16;64,2,16;64,3,16;64,4,16;64,1,16;64,2,16;64,3,16;64,4,16;64,1,16;64,2,16;64,3,16;64,4,16;64,1,16;64,2,16;64,3,16;64,4,16;64,1,16;64,2,16;64,3,16;64,4,16;64,1,16;64,2,16;64,3,16;64,4,16""",FLOAT16;FLOAT16;FLOAT16;FLOAT16;FLOAT16;FLOAT16;FLOAT16;FLOAT16;FLOAT16;FLOAT16;FLOAT16;FLOAT16;FLOAT16;FLOAT16;FLOAT16;FLOAT16;FLOAT16;FLOAT16;FLOAT16;FLOAT16;FLOAT16;FLOAT16;FLOAT16;FLOAT16;FLOAT16;FLOAT16;FLOAT16;FLOAT16;FLOAT16;FLOAT16;FLOAT16;FLOAT16;FLOAT16;FLOAT16;FLOAT16;FLOAT16;FLOAT16;FLOAT16;FLOAT16;FLOAT16;FLOAT16;FLOAT16;FLOAT16;FLOAT16;FLOAT16;FLOAT16;FLOAT16;FLOAT16;FLOAT16;FLOAT16;FLOAT16;FLOAT16;FLOAT16;FLOAT16;FLOAT16;FLOAT16;FLOAT16;FLOAT16;FLOAT16;FLOAT16;FLOAT16;FLOAT16;FLOAT16;FLOAT16,ND;ND;ND;ND;ND;ND;ND;ND;ND;ND;ND;ND;ND;ND;ND;ND;ND;ND;ND;ND;ND;ND;ND;ND;ND;ND;ND;ND;ND;ND;ND;ND;ND;ND;ND;ND;ND;ND;ND;ND;ND;ND;ND;ND;ND;ND;ND;ND;ND;ND;ND;ND;ND;ND;ND;ND;ND;ND;ND;ND;ND;ND;ND;ND,"""64,160,16""",FLOAT16,ND,N/A,0.0,0,0.0,0.0,0.0,0.0,0.0,0.0,0.0,0.0,0.0,0.0,0.0,8.321,549200,0.017,0.002,3.994,0.48,3.647,0.438,1.112,0.134,0.0,0.000
0,4294967295,58,47,aclnnMul_MulAiCore_Mul,Mul,dynamic,AI_VECTOR_CORE,1785698519167927.525	,327.767,0.070000,40,0,NO,"""4096,4096;4096,4096""",FLOAT;FLOAT,ND;ND,"""4096,4096""",FLOAT,ND,N/A,0.0,0,0.0,0.0,0.0,0.0,0.0,0.0,0.0,0.0,0.0,0.0,0.0,326.025,21517671,6.784,0.021,2.991,0.009,324.515,0.995,111.205,0.341,0.0,0.000
0,4294967295,59,47,Concat,Concat,dynamic,AI_VECTOR_CORE,1785698519168255.312	,11.500,0.000000,40,0,NO,"""64,1,16;64,2,16;64,3,16;64,4,16;64,1,16;64,2,16;64,3,16;64,4,16;64,1,16;64,2,16;64,3,16;64,4,16;64,1,16;64,2,16;64,3,16;64,4,16;64,1,16;64,2,16;64,3,16;64,4,16;64,1,16;64,2,16;64,3,16;64,4,16;64,1,16;64,2,16;64,3,16;64,4,16;64,1,16;64,2,16;64,3,16;64,4,16;64,1,16;64,2,16;64,3,16;64,4,16;64,1,16;64,2,16;64,3,16;64,4,16;64,1,16;64,2,16;64,3,16;64,4,16;64,1,16;64,2,16;64,3,16;64,4,16;64,1,16;64,2,16;64,3,16;64,4,16;64,1,16;64,2,16;64,3,16;64,4,16;64,1,16;64,2,16;64,3,16;64,4,16;64,1,16;64,2,16;64,3,16;64,4,16""",FLOAT16;FLOAT16;FLOAT16;FLOAT16;FLOAT16;FLOAT16;FLOAT16;FLOAT16;FLOAT16;FLOAT16;FLOAT16;FLOAT16;FLOAT16;FLOAT16;FLOAT16;FLOAT16;FLOAT16;FLOAT16;FLOAT16;FLOAT16;FLOAT16;FLOAT16;FLOAT16;FLOAT16;FLOAT16;FLOAT16;FLOAT16;FLOAT16;FLOAT16;FLOAT16;FLOAT16;FLOAT16;FLOAT16;FLOAT16;FLOAT16;FLOAT16;FLOAT16;FLOAT16;FLOAT16;FLOAT16;FLOAT16;FLOAT16;FLOAT16;FLOAT16;FLOAT16;FLOAT16;FLOAT16;FLOAT16;FLOAT16;FLOAT16;FLOAT16;FLOAT16;FLOAT16;FLOAT16;FLOAT16;FLOAT16;FLOAT16;FLOAT16;FLOAT16;FLOAT16;FLOAT16;FLOAT16;FLOAT16;FLOAT16,ND;ND;ND;ND;ND;ND;ND;ND;ND;ND;ND;ND;ND;ND;ND;ND;ND;ND;ND;ND;ND;ND;ND;ND;ND;ND;ND;ND;ND;ND;ND;ND;ND;ND;ND;ND;ND;ND;ND;ND;ND;ND;ND;ND;ND;ND;ND;ND;ND;ND;ND;ND;ND;ND;ND;ND;ND;ND;ND;ND;ND;ND;ND;ND,"""64,160,16""",FLOAT16,ND,N/A,0.0,0,0.0,0.0,0.0,0.0,0.0,0.0,0.0,0.0,0.0,0.0,0.0,8.9,587398,0.017,0.002,4.59,0.516,3.708,0.417,1.115,0.125,0.0,0.000
0,4294967295,60,47,aclnnMul_MulAiCore_Mul,Mul,dynamic,AI_VECTOR_CORE,1785698519168266.832	,327.527,0.000000,40,0,NO,"""4096,4096;4096,4096""",FLOAT;FLOAT,ND;ND,"""4096,4096""",FLOAT,ND,N/A,0.0,0,0.0,0.0,0.0,0.0,0.0,0.0,0.0,0.0,0.0,0.0,0.0,325.043,21452840,6.784,0.021,3.183,0.01,323.322,0.995,108.991,0.335,0.0,0.000
0,4294967295,61,47,Concat,Concat,dynamic,AI_VECTOR_CORE,1785698519168594.399	,9.360,0.223000,40,0,NO,"""64,1,16;64,2,16;64,3,16;64,4,16;64,1,16;64,2,16;64,3,16;64,4,16;64,1,16;64,2,16;64,3,16;64,4,16;64,1,16;64,2,16;64,3,16;64,4,16;64,1,16;64,2,16;64,3,16;64,4,16;64,1,16;64,2,16;64,3,16;64,4,16;64,1,16;64,2,16;64,3,16;64,4,16;64,1,16;64,2,16;64,3,16;64,4,16;64,1,16;64,2,16;64,3,16;64,4,16;64,1,16;64,2,16;64,3,16;64,4,16;64,1,16;64,2,16;64,3,16;64,4,16;64,1,16;64,2,16;64,3,16;64,4,16;64,1,16;64,2,16;64,3,16;64,4,16;64,1,16;64,2,16;64,3,16;64,4,16;64,1,16;64,2,16;64,3,16;64,4,16;64,1,16;64,2,16;64,3,16;64,4,16""",FLOAT16;FLOAT16;FLOAT16;FLOAT16;FLOAT16;FLOAT16;FLOAT16;FLOAT16;FLOAT16;FLOAT16;FLOAT16;FLOAT16;FLOAT16;FLOAT16;FLOAT16;FLOAT16;FLOAT16;FLOAT16;FLOAT16;FLOAT16;FLOAT16;FLOAT16;FLOAT16;FLOAT16;FLOAT16;FLOAT16;FLOAT16;FLOAT16;FLOAT16;FLOAT16;FLOAT16;FLOAT16;FLOAT16;FLOAT16;FLOAT16;FLOAT16;FLOAT16;FLOAT16;FLOAT16;FLOAT16;FLOAT16;FLOAT16;FLOAT16;FLOAT16;FLOAT16;FLOAT16;FLOAT16;FLOAT16;FLOAT16;FLOAT16;FLOAT16;FLOAT16;FLOAT16;FLOAT16;FLOAT16;FLOAT16;FLOAT16;FLOAT16;FLOAT16;FLOAT16;FLOAT16;FLOAT16;FLOAT16;FLOAT16,ND;ND;ND;ND;ND;ND;ND;ND;ND;ND;ND;ND;ND;ND;ND;ND;ND;ND;ND;ND;ND;ND;ND;ND;ND;ND;ND;ND;ND;ND;ND;ND;ND;ND;ND;ND;ND;ND;ND;ND;ND;ND;ND;ND;ND;ND;ND;ND;ND;ND;ND;ND;ND;ND;ND;ND;ND;ND;ND;ND;ND;ND;ND;ND,"""64,160,16""",FLOAT16,ND,N/A,0.0,0,0.0,0.0,0.0,0.0,0.0,0.0,0.0,0.0,0.0,0.0,0.0,6.841,451478,0.017,0.002,3.687,0.539,2.597,0.38,0.973,0.142,0.0,0.000
0,4294967295,62,47,aclnnMul_MulAiCore_Mul,Mul,dynamic,AI_VECTOR_CORE,1785698519168603.779	,326.526,0.000000,40,0,NO,"""4096,4096;4096,4096""",FLOAT;FLOAT,ND;ND,"""4096,4096""",FLOAT,ND,N/A,0.0,0,0.0,0.0,0.0,0.0,0.0,0.0,0.0,0.0,0.0,0.0,0.0,324.777,21435261,6.784,0.021,3.058,0.009,323.222,0.995,107.825,0.332,0.0,0.000
0,4294967295,63,47,Concat,Concat,dynamic,AI_VECTOR_CORE,1785698519168930.325	,9.700,0.000000,40,0,NO,"""64,1,16;64,2,16;64,3,16;64,4,16;64,1,16;64,2,16;64,3,16;64,4,16;64,1,16;64,2,16;64,3,16;64,4,16;64,1,16;64,2,16;64,3,16;64,4,16;64,1,16;64,2,16;64,3,16;64,4,16;64,1,16;64,2,16;64,3,16;64,4,16;64,1,16;64,2,16;64,3,16;64,4,16;64,1,16;64,2,16;64,3,16;64,4,16;64,1,16;64,2,16;64,3,16;64,4,16;64,1,16;64,2,16;64,3,16;64,4,16;64,1,16;64,2,16;64,3,16;64,4,16;64,1,16;64,2,16;64,3,16;64,4,16;64,1,16;64,2,16;64,3,16;64,4,16;64,1,16;64,2,16;64,3,16;64,4,16;64,1,16;64,2,16;64,3,16;64,4,16;64,1,16;64,2,16;64,3,16;64,4,16""",FLOAT16;FLOAT16;FLOAT16;FLOAT16;FLOAT16;FLOAT16;FLOAT16;FLOAT16;FLOAT16;FLOAT16;FLOAT16;FLOAT16;FLOAT16;FLOAT16;FLOAT16;FLOAT16;FLOAT16;FLOAT16;FLOAT16;FLOAT16;FLOAT16;FLOAT16;FLOAT16;FLOAT16;FLOAT16;FLOAT16;FLOAT16;FLOAT16;FLOAT16;FLOAT16;FLOAT16;FLOAT16;FLOAT16;FLOAT16;FLOAT16;FLOAT16;FLOAT16;FLOAT16;FLOAT16;FLOAT16;FLOAT16;FLOAT16;FLOAT16;FLOAT16;FLOAT16;FLOAT16;FLOAT16;FLOAT16;FLOAT16;FLOAT16;FLOAT16;FLOAT16;FLOAT16;FLOAT16;FLOAT16;FLOAT16;FLOAT16;FLOAT16;FLOAT16;FLOAT16;FLOAT16;FLOAT16;FLOAT16;FLOAT16,ND;ND;ND;ND;ND;ND;ND;ND;ND;ND;ND;ND;ND;ND;ND;ND;ND;ND;ND;ND;ND;ND;ND;ND;ND;ND;ND;ND;ND;ND;ND;ND;ND;ND;ND;ND;ND;ND;ND;ND;ND;ND;ND;ND;ND;ND;ND;ND;ND;ND;ND;ND;ND;ND;ND;ND;ND;ND;ND;ND;ND;ND;ND;ND,"""64,160,16""",FLOAT16,ND,N/A,0.0,0,0.0,0.0,0.0,0.0,0.0,0.0,0.0,0.0,0.0,0.0,0.0,7.376,486841,0.017,0.002,3.806,0.516,2.773,0.376,1.138,0.154,0.0,0.000
0,4294967295,64,47,aclnnMul_MulAiCore_Mul,Mul,dynamic,AI_VECTOR_CORE,1785698519168940.045	,327.907,0.050000,40,0,NO,"""4096,4096;4096,4096""",FLOAT;FLOAT,ND;ND,"""4096,4096""",FLOAT,ND,N/A,0.0,0,0.0,0.0,0.0,0.0,0.0,0.0,0.0,0.0,0.0,0.0,0.0,325.382,21475183,6.784,0.021,3.115,0.01,323.677,0.995,109.833,0.338,0.0,0.000
0,4294967295,65,47,Concat,Concat,dynamic,AI_VECTOR_CORE,1785698519169267.972	,11.580,0.093000,40,0,NO,"""64,1,16;64,2,16;64,3,16;64,4,16;64,1,16;64,2,16;64,3,16;64,4,16;64,1,16;64,2,16;64,3,16;64,4,16;64,1,16;64,2,16;64,3,16;64,4,16;64,1,16;64,2,16;64,3,16;64,4,16;64,1,16;64,2,16;64,3,16;64,4,16;64,1,16;64,2,16;64,3,16;64,4,16;64,1,16;64,2,16;64,3,16;64,4,16;64,1,16;64,2,16;64,3,16;64,4,16;64,1,16;64,2,16;64,3,16;64,4,16;64,1,16;64,2,16;64,3,16;64,4,16;64,1,16;64,2,16;64,3,16;64,4,16;64,1,16;64,2,16;64,3,16;64,4,16;64,1,16;64,2,16;64,3,16;64,4,16;64,1,16;64,2,16;64,3,16;64,4,16;64,1,16;64,2,16;64,3,16;64,4,16""",FLOAT16;FLOAT16;FLOAT16;FLOAT16;FLOAT16;FLOAT16;FLOAT16;FLOAT16;FLOAT16;FLOAT16;FLOAT16;FLOAT16;FLOAT16;FLOAT16;FLOAT16;FLOAT16;FLOAT16;FLOAT16;FLOAT16;FLOAT16;FLOAT16;FLOAT16;FLOAT16;FLOAT16;FLOAT16;FLOAT16;FLOAT16;FLOAT16;FLOAT16;FLOAT16;FLOAT16;FLOAT16;FLOAT16;FLOAT16;FLOAT16;FLOAT16;FLOAT16;FLOAT16;FLOAT16;FLOAT16;FLOAT16;FLOAT16;FLOAT16;FLOAT16;FLOAT16;FLOAT16;FLOAT16;FLOAT16;FLOAT16;FLOAT16;FLOAT16;FLOAT16;FLOAT16;FLOAT16;FLOAT16;FLOAT16;FLOAT16;FLOAT16;FLOAT16;FLOAT16;FLOAT16;FLOAT16;FLOAT16;FLOAT16,ND;ND;ND;ND;ND;ND;ND;ND;ND;ND;ND;ND;ND;ND;ND;ND;ND;ND;ND;ND;ND;ND;ND;ND;ND;ND;ND;ND;ND;ND;ND;ND;ND;ND;ND;ND;ND;ND;ND;ND;ND;ND;ND;ND;ND;ND;ND;ND;ND;ND;ND;ND;ND;ND;ND;ND;ND;ND;ND;ND;ND;ND;ND;ND,"""64,160,16""",FLOAT16,ND,N/A,0.0,0,0.0,0.0,0.0,0.0,0.0,0.0,0.0,0.0,0.0,0.0,0.0,8.688,573397,0.017,0.002,3.698,0.426,4.045,0.466,1.238,0.143,0.0,0.000
0,4294967295,66,47,aclnnMul_MulAiCore_Mul,Mul,dynamic,AI_VECTOR_CORE,1785698519169279.572	,326.827,0.000000,40,0,NO,"""4096,4096;4096,4096""",FLOAT;FLOAT,ND;ND,"""4096,4096""",FLOAT,ND,N/A,0.0,0,0.0,0.0,0.0,0.0,0.0,0.0,0.0,0.0,0.0,0.0,0.0,324.875,21441739,6.784,0.021,3.132,0.01,323.224,0.995,108.857,0.335,0.0,0.000
0,4294967295,67,47,Concat,Concat,dynamic,AI_VECTOR_CORE,1785698519169606.419	,11.440,0.173000,40,0,NO,"""64,1,16;64,2,16;64,3,16;64,4,16;64,1,16;64,2,16;64,3,16;64,4,16;64,1,16;64,2,16;64,3,16;64,4,16;64,1,16;64,2,16;64,3,16;64,4,16;64,1,16;64,2,16;64,3,16;64,4,16;64,1,16;64,2,16;64,3,16;64,4,16;64,1,16;64,2,16;64,3,16;64,4,16;64,1,16;64,2,16;64,3,16;64,4,16;64,1,16;64,2,16;64,3,16;64,4,16;64,1,16;64,2,16;64,3,16;64,4,16;64,1,16;64,2,16;64,3,16;64,4,16;64,1,16;64,2,16;64,3,16;64,4,16;64,1,16;64,2,16;64,3,16;64,4,16;64,1,16;64,2,16;64,3,16;64,4,16;64,1,16;64,2,16;64,3,16;64,4,16;64,1,16;64,2,16;64,3,16;64,4,16""",FLOAT16;FLOAT16;FLOAT16;FLOAT16;FLOAT16;FLOAT16;FLOAT16;FLOAT16;FLOAT16;FLOAT16;FLOAT16;FLOAT16;FLOAT16;FLOAT16;FLOAT16;FLOAT16;FLOAT16;FLOAT16;FLOAT16;FLOAT16;FLOAT16;FLOAT16;FLOAT16;FLOAT16;FLOAT16;FLOAT16;FLOAT16;FLOAT16;FLOAT16;FLOAT16;FLOAT16;FLOAT16;FLOAT16;FLOAT16;FLOAT16;FLOAT16;FLOAT16;FLOAT16;FLOAT16;FLOAT16;FLOAT16;FLOAT16;FLOAT16;FLOAT16;FLOAT16;FLOAT16;FLOAT16;FLOAT16;FLOAT16;FLOAT16;FLOAT16;FLOAT16;FLOAT16;FLOAT16;FLOAT16;FLOAT16;FLOAT16;FLOAT16;FLOAT16;FLOAT16;FLOAT16;FLOAT16;FLOAT16;FLOAT16,ND;ND;ND;ND;ND;ND;ND;ND;ND;ND;ND;ND;ND;ND;ND;ND;ND;ND;ND;ND;ND;ND;ND;ND;ND;ND;ND;ND;ND;ND;ND;ND;ND;ND;ND;ND;ND;ND;ND;ND;ND;ND;ND;ND;ND;ND;ND;ND;ND;ND;ND;ND;ND;ND;ND;ND;ND;ND;ND;ND;ND;ND;ND;ND,"""64,160,16""",FLOAT16,ND,N/A,0.0,0,0.0,0.0,0.0,0.0,0.0,0.0,0.0,0.0,0.0,0.0,0.0,8.432,556517,0.017,0.002,3.666,0.435,4.068,0.482,0.99,0.117,0.0,0.000
0,4294967295,68,47,aclnnMul_MulAiCore_Mul,Mul,dynamic,AI_VECTOR_CORE,1785698519169617.879	,328.987,0.060000,40,0,NO,"""4096,4096;4096,4096""",FLOAT;FLOAT,ND;ND,"""4096,4096""",FLOAT,ND,N/A,0.0,0,0.0,0.0,0.0,0.0,0.0,0.0,0.0,0.0,0.0,0.0,0.0,326.623,21557148,6.784,0.021,3.065,0.009,325.021,0.995,110.48,0.338,0.0,0.000
0,4294967295,69,47,Concat,Concat,dynamic,AI_VECTOR_CORE,1785698519169946.886	,12.620,0.013000,40,0,NO,"""64,1,16;64,2,16;64,3,16;64,4,16;64,1,16;64,2,16;64,3,16;64,4,16;64,1,16;64,2,16;64,3,16;64,4,16;64,1,16;64,2,16;64,3,16;64,4,16;64,1,16;64,2,16;64,3,16;64,4,16;64,1,16;64,2,16;64,3,16;64,4,16;64,1,16;64,2,16;64,3,16;64,4,16;64,1,16;64,2,16;64,3,16;64,4,16;64,1,16;64,2,16;64,3,16;64,4,16;64,1,16;64,2,16;64,3,16;64,4,16;64,1,16;64,2,16;64,3,16;64,4,16;64,1,16;64,2,16;64,3,16;64,4,16;64,1,16;64,2,16;64,3,16;64,4,16;64,1,16;64,2,16;64,3,16;64,4,16;64,1,16;64,2,16;64,3,16;64,4,16;64,1,16;64,2,16;64,3,16;64,4,16""",FLOAT16;FLOAT16;FLOAT16;FLOAT16;FLOAT16;FLOAT16;FLOAT16;FLOAT16;FLOAT16;FLOAT16;FLOAT16;FLOAT16;FLOAT16;FLOAT16;FLOAT16;FLOAT16;FLOAT16;FLOAT16;FLOAT16;FLOAT16;FLOAT16;FLOAT16;FLOAT16;FLOAT16;FLOAT16;FLOAT16;FLOAT16;FLOAT16;FLOAT16;FLOAT16;FLOAT16;FLOAT16;FLOAT16;FLOAT16;FLOAT16;FLOAT16;FLOAT16;FLOAT16;FLOAT16;FLOAT16;FLOAT16;FLOAT16;FLOAT16;FLOAT16;FLOAT16;FLOAT16;FLOAT16;FLOAT16;FLOAT16;FLOAT16;FLOAT16;FLOAT16;FLOAT16;FLOAT16;FLOAT16;FLOAT16;FLOAT16;FLOAT16;FLOAT16;FLOAT16;FLOAT16;FLOAT16;FLOAT16;FLOAT16,ND;ND;ND;ND;ND;ND;ND;ND;ND;ND;ND;ND;ND;ND;ND;ND;ND;ND;ND;ND;ND;ND;ND;ND;ND;ND;ND;ND;ND;ND;ND;ND;ND;ND;ND;ND;ND;ND;ND;ND;ND;ND;ND;ND;ND;ND;ND;ND;ND;ND;ND;ND;ND;ND;ND;ND;ND;ND;ND;ND;ND;ND;ND;ND,"""64,160,16""",FLOAT16,ND,N/A,0.0,0,0.0,0.0,0.0,0.0,0.0,0.0,0.0,0.0,0.0,0.0,0.0,9.545,629948,0.017,0.002,3.721,0.39,4.746,0.497,1.372,0.144,0.0,0.000
0,4294967295,70,47,aclnnMul_MulAiCore_Mul,Mul,dynamic,AI_VECTOR_CORE,1785698519169959.526	,326.766,0.000000,40,0,NO,"""4096,4096;4096,4096""",FLOAT;FLOAT,ND;ND,"""4096,4096""",FLOAT,ND,N/A,0.0,0,0.0,0.0,0.0,0.0,0.0,0.0,0.0,0.0,0.0,0.0,0.0,324.77,21434789,6.784,0.021,2.99,0.009,323.27,0.995,108.654,0.335,0.0,0.000
0,4294967295,71,47,Concat,Concat,dynamic,AI_VECTOR_CORE,1785698519170286.312	,10.101,0.000000,40,0,NO,"""64,1,16;64,2,16;64,3,16;64,4,16;64,1,16;64,2,16;64,3,16;64,4,16;64,1,16;64,2,16;64,3,16;64,4,16;64,1,16;64,2,16;64,3,16;64,4,16;64,1,16;64,2,16;64,3,16;64,4,16;64,1,16;64,2,16;64,3,16;64,4,16;64,1,16;64,2,16;64,3,16;64,4,16;64,1,16;64,2,16;64,3,16;64,4,16;64,1,16;64,2,16;64,3,16;64,4,16;64,1,16;64,2,16;64,3,16;64,4,16;64,1,16;64,2,16;64,3,16;64,4,16;64,1,16;64,2,16;64,3,16;64,4,16;64,1,16;64,2,16;64,3,16;64,4,16;64,1,16;64,2,16;64,3,16;64,4,16;64,1,16;64,2,16;64,3,16;64,4,16;64,1,16;64,2,16;64,3,16;64,4,16""",FLOAT16;FLOAT16;FLOAT16;FLOAT16;FLOAT16;FLOAT16;FLOAT16;FLOAT16;FLOAT16;FLOAT16;FLOAT16;FLOAT16;FLOAT16;FLOAT16;FLOAT16;FLOAT16;FLOAT16;FLOAT16;FLOAT16;FLOAT16;FLOAT16;FLOAT16;FLOAT16;FLOAT16;FLOAT16;FLOAT16;FLOAT16;FLOAT16;FLOAT16;FLOAT16;FLOAT16;FLOAT16;FLOAT16;FLOAT16;FLOAT16;FLOAT16;FLOAT16;FLOAT16;FLOAT16;FLOAT16;FLOAT16;FLOAT16;FLOAT16;FLOAT16;FLOAT16;FLOAT16;FLOAT16;FLOAT16;FLOAT16;FLOAT16;FLOAT16;FLOAT16;FLOAT16;FLOAT16;FLOAT16;FLOAT16;FLOAT16;FLOAT16;FLOAT16;FLOAT16;FLOAT16;FLOAT16;FLOAT16;FLOAT16,ND;ND;ND;ND;ND;ND;ND;ND;ND;ND;ND;ND;ND;ND;ND;ND;ND;ND;ND;ND;ND;ND;ND;ND;ND;ND;ND;ND;ND;ND;ND;ND;ND;ND;ND;ND;ND;ND;ND;ND;ND;ND;ND;ND;ND;ND;ND;ND;ND;ND;ND;ND;ND;ND;ND;ND;ND;ND;ND;ND;ND;ND;ND;ND,"""64,160,16""",FLOAT16,ND,N/A,0.0,0,0.0,0.0,0.0,0.0,0.0,0.0,0.0,0.0,0.0,0.0,0.0,7.584,500547,0.017,0.002,3.668,0.484,3.316,0.437,1.074,0.142,0.0,0.000
0,4294967295,72,47,aclnnMul_MulAiCore_Mul,Mul,dynamic,AI_VECTOR_CORE,1785698519170296.453	,327.286,0.149000,40,0,NO,"""4096,4096;4096,4096""",FLOAT;FLOAT,ND;ND,"""4096,4096""",FLOAT,ND,N/A,0.0,0,0.0,0.0,0.0,0.0,0.0,0.0,0.0,0.0,0.0,0.0,0.0,325.155,21460236,6.784,0.021,3.015,0.009,323.584,0.995,109.624,0.337,0.0,0.000
0,4294967295,73,47,Concat,Concat,dynamic,AI_VECTOR_CORE,1785698519170623.779	,10.580,0.000000,40,0,NO,"""64,1,16;64,2,16;64,3,16;64,4,16;64,1,16;64,2,16;64,3,16;64,4,16;64,1,16;64,2,16;64,3,16;64,4,16;64,1,16;64,2,16;64,3,16;64,4,16;64,1,16;64,2,16;64,3,16;64,4,16;64,1,16;64,2,16;64,3,16;64,4,16;64,1,16;64,2,16;64,3,16;64,4,16;64,1,16;64,2,16;64,3,16;64,4,16;64,1,16;64,2,16;64,3,16;64,4,16;64,1,16;64,2,16;64,3,16;64,4,16;64,1,16;64,2,16;64,3,16;64,4,16;64,1,16;64,2,16;64,3,16;64,4,16;64,1,16;64,2,16;64,3,16;64,4,16;64,1,16;64,2,16;64,3,16;64,4,16;64,1,16;64,2,16;64,3,16;64,4,16;64,1,16;64,2,16;64,3,16;64,4,16""",FLOAT16;FLOAT16;FLOAT16;FLOAT16;FLOAT16;FLOAT16;FLOAT16;FLOAT16;FLOAT16;FLOAT16;FLOAT16;FLOAT16;FLOAT16;FLOAT16;FLOAT16;FLOAT16;FLOAT16;FLOAT16;FLOAT16;FLOAT16;FLOAT16;FLOAT16;FLOAT16;FLOAT16;FLOAT16;FLOAT16;FLOAT16;FLOAT16;FLOAT16;FLOAT16;FLOAT16;FLOAT16;FLOAT16;FLOAT16;FLOAT16;FLOAT16;FLOAT16;FLOAT16;FLOAT16;FLOAT16;FLOAT16;FLOAT16;FLOAT16;FLOAT16;FLOAT16;FLOAT16;FLOAT16;FLOAT16;FLOAT16;FLOAT16;FLOAT16;FLOAT16;FLOAT16;FLOAT16;FLOAT16;FLOAT16;FLOAT16;FLOAT16;FLOAT16;FLOAT16;FLOAT16;FLOAT16;FLOAT16;FLOAT16,ND;ND;ND;ND;ND;ND;ND;ND;ND;ND;ND;ND;ND;ND;ND;ND;ND;ND;ND;ND;ND;ND;ND;ND;ND;ND;ND;ND;ND;ND;ND;ND;ND;ND;ND;ND;ND;ND;ND;ND;ND;ND;ND;ND;ND;ND;ND;ND;ND;ND;ND;ND;ND;ND;ND;ND;ND;ND;ND;ND;ND;ND;ND;ND,"""64,160,16""",FLOAT16,ND,N/A,0.0,0,0.0,0.0,0.0,0.0,0.0,0.0,0.0,0.0,0.0,0.0,0.0,7.797,514588,0.017,0.002,3.659,0.469,3.426,0.439,1.038,0.133,0.0,0.000
0,4294967295,74,47,aclnnMul_MulAiCore_Mul,Mul,dynamic,AI_VECTOR_CORE,1785698519170634.379	,328.547,0.170000,40,0,NO,"""4096,4096;4096,4096""",FLOAT;FLOAT,ND;ND,"""4096,4096""",FLOAT,ND,N/A,0.0,0,0.0,0.0,0.0,0.0,0.0,0.0,0.0,0.0,0.0,0.0,0.0,326.003,21516191,6.784,0.021,2.936,0.009,324.539,0.996,109.927,0.337,0.0,0.000
0,4294967295,75,47,Concat,Concat,dynamic,AI_VECTOR_CORE,1785698519170962.946	,11.000,0.000000,40,0,NO,"""64,1,16;64,2,16;64,3,16;64,4,16;64,1,16;64,2,16;64,3,16;64,4,16;64,1,16;64,2,16;64,3,16;64,4,16;64,1,16;64,2,16;64,3,16;64,4,16;64,1,16;64,2,16;64,3,16;64,4,16;64,1,16;64,2,16;64,3,16;64,4,16;64,1,16;64,2,16;64,3,16;64,4,16;64,1,16;64,2,16;64,3,16;64,4,16;64,1,16;64,2,16;64,3,16;64,4,16;64,1,16;64,2,16;64,3,16;64,4,16;64,1,16;64,2,16;64,3,16;64,4,16;64,1,16;64,2,16;64,3,16;64,4,16;64,1,16;64,2,16;64,3,16;64,4,16;64,1,16;64,2,16;64,3,16;64,4,16;64,1,16;64,2,16;64,3,16;64,4,16;64,1,16;64,2,16;64,3,16;64,4,16""",FLOAT16;FLOAT16;FLOAT16;FLOAT16;FLOAT16;FLOAT16;FLOAT16;FLOAT16;FLOAT16;FLOAT16;FLOAT16;FLOAT16;FLOAT16;FLOAT16;FLOAT16;FLOAT16;FLOAT16;FLOAT16;FLOAT16;FLOAT16;FLOAT16;FLOAT16;FLOAT16;FLOAT16;FLOAT16;FLOAT16;FLOAT16;FLOAT16;FLOAT16;FLOAT16;FLOAT16;FLOAT16;FLOAT16;FLOAT16;FLOAT16;FLOAT16;FLOAT16;FLOAT16;FLOAT16;FLOAT16;FLOAT16;FLOAT16;FLOAT16;FLOAT16;FLOAT16;FLOAT16;FLOAT16;FLOAT16;FLOAT16;FLOAT16;FLOAT16;FLOAT16;FLOAT16;FLOAT16;FLOAT16;FLOAT16;FLOAT16;FLOAT16;FLOAT16;FLOAT16;FLOAT16;FLOAT16;FLOAT16;FLOAT16,ND;ND;ND;ND;ND;ND;ND;ND;ND;ND;ND;ND;ND;ND;ND;ND;ND;ND;ND;ND;ND;ND;ND;ND;ND;ND;ND;ND;ND;ND;ND;ND;ND;ND;ND;ND;ND;ND;ND;ND;ND;ND;ND;ND;ND;ND;ND;ND;ND;ND;ND;ND;ND;ND;ND;ND;ND;ND;ND;ND;ND;ND;ND;ND,"""64,160,16""",FLOAT16,ND,N/A,0.0,0,0.0,0.0,0.0,0.0,0.0,0.0,0.0,0.0,0.0,0.0,0.0,8.436,556764,0.017,0.002,4.216,0.5,3.748,0.444,1.267,0.15,0.0,0.000
0,4294967295,76,47,aclnnMul_MulAiCore_Mul,Mul,dynamic,AI_VECTOR_CORE,1785698519170973.966	,328.067,0.000000,40,0,NO,"""4096,4096;4096,4096""",FLOAT;FLOAT,ND;ND,"""4096,4096""",FLOAT,ND,N/A,0.0,0,0.0,0.0,0.0,0.0,0.0,0.0,0.0,0.0,0.0,0.0,0.0,325.831,21504878,6.784,0.021,3.002,0.009,324.343,0.995,110.326,0.339,0.0,0.000
0,4294967295,77,47,Concat,Concat,dynamic,AI_VECTOR_CORE,1785698519171302.053	,11.900,0.000000,40,0,NO,"""64,1,16;64,2,16;64,3,16;64,4,16;64,1,16;64,2,16;64,3,16;64,4,16;64,1,16;64,2,16;64,3,16;64,4,16;64,1,16;64,2,16;64,3,16;64,4,16;64,1,16;64,2,16;64,3,16;64,4,16;64,1,16;64,2,16;64,3,16;64,4,16;64,1,16;64,2,16;64,3,16;64,4,16;64,1,16;64,2,16;64,3,16;64,4,16;64,1,16;64,2,16;64,3,16;64,4,16;64,1,16;64,2,16;64,3,16;64,4,16;64,1,16;64,2,16;64,3,16;64,4,16;64,1,16;64,2,16;64,3,16;64,4,16;64,1,16;64,2,16;64,3,16;64,4,16;64,1,16;64,2,16;64,3,16;64,4,16;64,1,16;64,2,16;64,3,16;64,4,16;64,1,16;64,2,16;64,3,16;64,4,16""",FLOAT16;FLOAT16;FLOAT16;FLOAT16;FLOAT16;FLOAT16;FLOAT16;FLOAT16;FLOAT16;FLOAT16;FLOAT16;FLOAT16;FLOAT16;FLOAT16;FLOAT16;FLOAT16;FLOAT16;FLOAT16;FLOAT16;FLOAT16;FLOAT16;FLOAT16;FLOAT16;FLOAT16;FLOAT16;FLOAT16;FLOAT16;FLOAT16;FLOAT16;FLOAT16;FLOAT16;FLOAT16;FLOAT16;FLOAT16;FLOAT16;FLOAT16;FLOAT16;FLOAT16;FLOAT16;FLOAT16;FLOAT16;FLOAT16;FLOAT16;FLOAT16;FLOAT16;FLOAT16;FLOAT16;FLOAT16;FLOAT16;FLOAT16;FLOAT16;FLOAT16;FLOAT16;FLOAT16;FLOAT16;FLOAT16;FLOAT16;FLOAT16;FLOAT16;FLOAT16;FLOAT16;FLOAT16;FLOAT16;FLOAT16,ND;ND;ND;ND;ND;ND;ND;ND;ND;ND;ND;ND;ND;ND;ND;ND;ND;ND;ND;ND;ND;ND;ND;ND;ND;ND;ND;ND;ND;ND;ND;ND;ND;ND;ND;ND;ND;ND;ND;ND;ND;ND;ND;ND;ND;ND;ND;ND;ND;ND;ND;ND;ND;ND;ND;ND;ND;ND;ND;ND;ND;ND;ND;ND,"""64,160,16""",FLOAT16,ND,N/A,0.0,0,0.0,0.0,0.0,0.0,0.0,0.0,0.0,0.0,0.0,0.0,0.0,9.111,601296,0.017,0.002,4.936,0.542,3.573,0.392,0.977,0.107,0.0,0.000
0,4294967295,78,47,aclnnMul_MulAiCore_Mul,Mul,dynamic,AI_VECTOR_CORE,1785698519171313.973	,327.166,0.100000,40,0,NO,"""4096,4096;4096,4096""",FLOAT;FLOAT,ND;ND,"""4096,4096""",FLOAT,ND,N/A,0.0,0,0.0,0.0,0.0,0.0,0.0,0.0,0.0,0.0,0.0,0.0,0.0,325.338,21472292,6.784,0.021,2.956,0.009,323.869,0.995,108.942,0.335,0.0,0.000
0,4294967295,79,47,Concat,Concat,dynamic,AI_VECTOR_CORE,1785698519171641.159	,9.601,0.084000,40,0,NO,"""64,1,16;64,2,16;64,3,16;64,4,16;64,1,16;64,2,16;64,3,16;64,4,16;64,1,16;64,2,16;64,3,16;64,4,16;64,1,16;64,2,16;64,3,16;64,4,16;64,1,16;64,2,16;64,3,16;64,4,16;64,1,16;64,2,16;64,3,16;64,4,16;64,1,16;64,2,16;64,3,16;64,4,16;64,1,16;64,2,16;64,3,16;64,4,16;64,1,16;64,2,16;64,3,16;64,4,16;64,1,16;64,2,16;64,3,16;64,4,16;64,1,16;64,2,16;64,3,16;64,4,16;64,1,16;64,2,16;64,3,16;64,4,16;64,1,16;64,2,16;64,3,16;64,4,16;64,1,16;64,2,16;64,3,16;64,4,16;64,1,16;64,2,16;64,3,16;64,4,16;64,1,16;64,2,16;64,3,16;64,4,16""",FLOAT16;FLOAT16;FLOAT16;FLOAT16;FLOAT16;FLOAT16;FLOAT16;FLOAT16;FLOAT16;FLOAT16;FLOAT16;FLOAT16;FLOAT16;FLOAT16;FLOAT16;FLOAT16;FLOAT16;FLOAT16;FLOAT16;FLOAT16;FLOAT16;FLOAT16;FLOAT16;FLOAT16;FLOAT16;FLOAT16;FLOAT16;FLOAT16;FLOAT16;FLOAT16;FLOAT16;FLOAT16;FLOAT16;FLOAT16;FLOAT16;FLOAT16;FLOAT16;FLOAT16;FLOAT16;FLOAT16;FLOAT16;FLOAT16;FLOAT16;FLOAT16;FLOAT16;FLOAT16;FLOAT16;FLOAT16;FLOAT16;FLOAT16;FLOAT16;FLOAT16;FLOAT16;FLOAT16;FLOAT16;FLOAT16;FLOAT16;FLOAT16;FLOAT16;FLOAT16;FLOAT16;FLOAT16;FLOAT16;FLOAT16,ND;ND;ND;ND;ND;ND;ND;ND;ND;ND;ND;ND;ND;ND;ND;ND;ND;ND;ND;ND;ND;ND;ND;ND;ND;ND;ND;ND;ND;ND;ND;ND;ND;ND;ND;ND;ND;ND;ND;ND;ND;ND;ND;ND;ND;ND;ND;ND;ND;ND;ND;ND;ND;ND;ND;ND;ND;ND;ND;ND;ND;ND;ND;ND,"""64,160,16""",FLOAT16,ND,N/A,0.0,0,0.0,0.0,0.0,0.0,0.0,0.0,0.0,0.0,0.0,0.0,0.0,7.144,471479,0.017,0.002,3.603,0.504,2.858,0.4,1.022,0.143,0.0,0.000
0,4294967295,80,47,aclnnMul_MulAiCore_Mul,Mul,dynamic,AI_VECTOR_CORE,1785698519171650.780	,327.206,0.000000,40,0,NO,"""4096,4096;4096,4096""",FLOAT;FLOAT,ND;ND,"""4096,4096""",FLOAT,ND,N/A,0.0,0,0.0,0.0,0.0,0.0,0.0,0.0,0.0,0.0,0.0,0.0,0.0,325.171,21461283,6.784,0.021,3.027,0.009,323.581,0.995,107.313,0.33,0.0,0.000
0,4294967295,81,47,Concat,Concat,dynamic,AI_VECTOR_CORE,1785698519171978.006	,9.120,0.044000,40,0,NO,"""64,1,16;64,2,16;64,3,16;64,4,16;64,1,16;64,2,16;64,3,16;64,4,16;64,1,16;64,2,16;64,3,16;64,4,16;64,1,16;64,2,16;64,3,16;64,4,16;64,1,16;64,2,16;64,3,16;64,4,16;64,1,16;64,2,16;64,3,16;64,4,16;64,1,16;64,2,16;64,3,16;64,4,16;64,1,16;64,2,16;64,3,16;64,4,16;64,1,16;64,2,16;64,3,16;64,4,16;64,1,16;64,2,16;64,3,16;64,4,16;64,1,16;64,2,16;64,3,16;64,4,16;64,1,16;64,2,16;64,3,16;64,4,16;64,1,16;64,2,16;64,3,16;64,4,16;64,1,16;64,2,16;64,3,16;64,4,16;64,1,16;64,2,16;64,3,16;64,4,16;64,1,16;64,2,16;64,3,16;64,4,16""",FLOAT16;FLOAT16;FLOAT16;FLOAT16;FLOAT16;FLOAT16;FLOAT16;FLOAT16;FLOAT16;FLOAT16;FLOAT16;FLOAT16;FLOAT16;FLOAT16;FLOAT16;FLOAT16;FLOAT16;FLOAT16;FLOAT16;FLOAT16;FLOAT16;FLOAT16;FLOAT16;FLOAT16;FLOAT16;FLOAT16;FLOAT16;FLOAT16;FLOAT16;FLOAT16;FLOAT16;FLOAT16;FLOAT16;FLOAT16;FLOAT16;FLOAT16;FLOAT16;FLOAT16;FLOAT16;FLOAT16;FLOAT16;FLOAT16;FLOAT16;FLOAT16;FLOAT16;FLOAT16;FLOAT16;FLOAT16;FLOAT16;FLOAT16;FLOAT16;FLOAT16;FLOAT16;FLOAT16;FLOAT16;FLOAT16;FLOAT16;FLOAT16;FLOAT16;FLOAT16;FLOAT16;FLOAT16;FLOAT16;FLOAT16,ND;ND;ND;ND;ND;ND;ND;ND;ND;ND;ND;ND;ND;ND;ND;ND;ND;ND;ND;ND;ND;ND;ND;ND;ND;ND;ND;ND;ND;ND;ND;ND;ND;ND;ND;ND;ND;ND;ND;ND;ND;ND;ND;ND;ND;ND;ND;ND;ND;ND;ND;ND;ND;ND;ND;ND;ND;ND;ND;ND;ND;ND;ND;ND,"""64,160,16""",FLOAT16,ND,N/A,0.0,0,0.0,0.0,0.0,0.0,0.0,0.0,0.0,0.0,0.0,0.0,0.0,6.918,456574,0.017,0.002,3.547,0.513,2.645,0.382,1.166,0.168,0.0,0.000
0,4294967295,82,47,aclnnMul_MulAiCore_Mul,Mul,dynamic,AI_VECTOR_CORE,1785698519171987.146	,327.827,0.130000,40,0,NO,"""4096,4096;4096,4096""",FLOAT;FLOAT,ND;ND,"""4096,4096""",FLOAT,ND,N/A,0.0,0,0.0,0.0,0.0,0.0,0.0,0.0,0.0,0.0,0.0,0.0,0.0,325.694,21495793,6.784,0.021,3.123,0.01,324.009,0.995,108.325,0.333,0.0,0.000
0,4294967295,83,47,Concat,Concat,dynamic,AI_VECTOR_CORE,1785698519172314.993	,11.660,0.000000,40,0,NO,"""64,1,16;64,2,16;64,3,16;64,4,16;64,1,16;64,2,16;64,3,16;64,4,16;64,1,16;64,2,16;64,3,16;64,4,16;64,1,16;64,2,16;64,3,16;64,4,16;64,1,16;64,2,16;64,3,16;64,4,16;64,1,16;64,2,16;64,3,16;64,4,16;64,1,16;64,2,16;64,3,16;64,4,16;64,1,16;64,2,16;64,3,16;64,4,16;64,1,16;64,2,16;64,3,16;64,4,16;64,1,16;64,2,16;64,3,16;64,4,16;64,1,16;64,2,16;64,3,16;64,4,16;64,1,16;64,2,16;64,3,16;64,4,16;64,1,16;64,2,16;64,3,16;64,4,16;64,1,16;64,2,16;64,3,16;64,4,16;64,1,16;64,2,16;64,3,16;64,4,16;64,1,16;64,2,16;64,3,16;64,4,16""",FLOAT16;FLOAT16;FLOAT16;FLOAT16;FLOAT16;FLOAT16;FLOAT16;FLOAT16;FLOAT16;FLOAT16;FLOAT16;FLOAT16;FLOAT16;FLOAT16;FLOAT16;FLOAT16;FLOAT16;FLOAT16;FLOAT16;FLOAT16;FLOAT16;FLOAT16;FLOAT16;FLOAT16;FLOAT16;FLOAT16;FLOAT16;FLOAT16;FLOAT16;FLOAT16;FLOAT16;FLOAT16;FLOAT16;FLOAT16;FLOAT16;FLOAT16;FLOAT16;FLOAT16;FLOAT16;FLOAT16;FLOAT16;FLOAT16;FLOAT16;FLOAT16;FLOAT16;FLOAT16;FLOAT16;FLOAT16;FLOAT16;FLOAT16;FLOAT16;FLOAT16;FLOAT16;FLOAT16;FLOAT16;FLOAT16;FLOAT16;FLOAT16;FLOAT16;FLOAT16;FLOAT16;FLOAT16;FLOAT16;FLOAT16,ND;ND;ND;ND;ND;ND;ND;ND;ND;ND;ND;ND;ND;ND;ND;ND;ND;ND;ND;ND;ND;ND;ND;ND;ND;ND;ND;ND;ND;ND;ND;ND;ND;ND;ND;ND;ND;ND;ND;ND;ND;ND;ND;ND;ND;ND;ND;ND;ND;ND;ND;ND;ND;ND;ND;ND;ND;ND;ND;ND;ND;ND;ND;ND,"""64,160,16""",FLOAT16,ND,N/A,0.0,0,0.0,0.0,0.0,0.0,0.0,0.0,0.0,0.0,0.0,0.0,0.0,8.477,559493,0.017,0.002,4.08,0.481,4.087,0.482,1.015,0.12,0.0,0.000
0,4294967295,84,47,aclnnMul_MulAiCore_Mul,Mul,dynamic,AI_VECTOR_CORE,1785698519172326.693	,326.787,0.090000,40,0,NO,"""4096,4096;4096,4096""",FLOAT;FLOAT,ND;ND,"""4096,4096""",FLOAT,ND,N/A,0.0,0,0.0,0.0,0.0,0.0,0.0,0.0,0.0,0.0,0.0,0.0,0.0,324.195,21396845,6.784,0.021,2.973,0.009,322.651,0.995,109.352,0.337,0.0,0.000
0,4294967295,85,47,Concat,Concat,dynamic,AI_VECTOR_CORE,1785698519172653.500	,11.060,0.000000,40,0,NO,"""64,1,16;64,2,16;64,3,16;64,4,16;64,1,16;64,2,16;64,3,16;64,4,16;64,1,16;64,2,16;64,3,16;64,4,16;64,1,16;64,2,16;64,3,16;64,4,16;64,1,16;64,2,16;64,3,16;64,4,16;64,1,16;64,2,16;64,3,16;64,4,16;64,1,16;64,2,16;64,3,16;64,4,16;64,1,16;64,2,16;64,3,16;64,4,16;64,1,16;64,2,16;64,3,16;64,4,16;64,1,16;64,2,16;64,3,16;64,4,16;64,1,16;64,2,16;64,3,16;64,4,16;64,1,16;64,2,16;64,3,16;64,4,16;64,1,16;64,2,16;64,3,16;64,4,16;64,1,16;64,2,16;64,3,16;64,4,16;64,1,16;64,2,16;64,3,16;64,4,16;64,1,16;64,2,16;64,3,16;64,4,16""",FLOAT16;FLOAT16;FLOAT16;FLOAT16;FLOAT16;FLOAT16;FLOAT16;FLOAT16;FLOAT16;FLOAT16;FLOAT16;FLOAT16;FLOAT16;FLOAT16;FLOAT16;FLOAT16;FLOAT16;FLOAT16;FLOAT16;FLOAT16;FLOAT16;FLOAT16;FLOAT16;FLOAT16;FLOAT16;FLOAT16;FLOAT16;FLOAT16;FLOAT16;FLOAT16;FLOAT16;FLOAT16;FLOAT16;FLOAT16;FLOAT16;FLOAT16;FLOAT16;FLOAT16;FLOAT16;FLOAT16;FLOAT16;FLOAT16;FLOAT16;FLOAT16;FLOAT16;FLOAT16;FLOAT16;FLOAT16;FLOAT16;FLOAT16;FLOAT16;FLOAT16;FLOAT16;FLOAT16;FLOAT16;FLOAT16;FLOAT16;FLOAT16;FLOAT16;FLOAT16;FLOAT16;FLOAT16;FLOAT16;FLOAT16,ND;ND;ND;ND;ND;ND;ND;ND;ND;ND;ND;ND;ND;ND;ND;ND;ND;ND;ND;ND;ND;ND;ND;ND;ND;ND;ND;ND;ND;ND;ND;ND;ND;ND;ND;ND;ND;ND;ND;ND;ND;ND;ND;ND;ND;ND;ND;ND;ND;ND;ND;ND;ND;ND;ND;ND;ND;ND;ND;ND;ND;ND;ND;ND,"""64,160,16""",FLOAT16,ND,N/A,0.0,0,0.0,0.0,0.0,0.0,0.0,0.0,0.0,0.0,0.0,0.0,0.0,8.259,545093,0.017,0.002,3.865,0.468,3.793,0.459,1.041,0.126,0.0,0.000
0,4294967295,86,47,aclnnMul_MulAiCore_Mul,Mul,dynamic,AI_VECTOR_CORE,1785698519172664.580	,327.426,0.000000,40,0,NO,"""4096,4096;4096,4096""",FLOAT;FLOAT,ND;ND,"""4096,4096""",FLOAT,ND,N/A,0.0,0,0.0,0.0,0.0,0.0,0.0,0.0,0.0,0.0,0.0,0.0,0.0,325.254,21466748,6.784,0.021,3.131,0.01,323.613,0.995,107.798,0.331,0.0,0.000
0,4294967295,87,47,Concat,Concat,dynamic,AI_VECTOR_CORE,1785698519172992.046	,10.541,0.074000,40,0,NO,"""64,1,16;64,2,16;64,3,16;64,4,16;64,1,16;64,2,16;64,3,16;64,4,16;64,1,16;64,2,16;64,3,16;64,4,16;64,1,16;64,2,16;64,3,16;64,4,16;64,1,16;64,2,16;64,3,16;64,4,16;64,1,16;64,2,16;64,3,16;64,4,16;64,1,16;64,2,16;64,3,16;64,4,16;64,1,16;64,2,16;64,3,16;64,4,16;64,1,16;64,2,16;64,3,16;64,4,16;64,1,16;64,2,16;64,3,16;64,4,16;64,1,16;64,2,16;64,3,16;64,4,16;64,1,16;64,2,16;64,3,16;64,4,16;64,1,16;64,2,16;64,3,16;64,4,16;64,1,16;64,2,16;64,3,16;64,4,16;64,1,16;64,2,16;64,3,16;64,4,16;64,1,16;64,2,16;64,3,16;64,4,16""",FLOAT16;FLOAT16;FLOAT16;FLOAT16;FLOAT16;FLOAT16;FLOAT16;FLOAT16;FLOAT16;FLOAT16;FLOAT16;FLOAT16;FLOAT16;FLOAT16;FLOAT16;FLOAT16;FLOAT16;FLOAT16;FLOAT16;FLOAT16;FLOAT16;FLOAT16;FLOAT16;FLOAT16;FLOAT16;FLOAT16;FLOAT16;FLOAT16;FLOAT16;FLOAT16;FLOAT16;FLOAT16;FLOAT16;FLOAT16;FLOAT16;FLOAT16;FLOAT16;FLOAT16;FLOAT16;FLOAT16;FLOAT16;FLOAT16;FLOAT16;FLOAT16;FLOAT16;FLOAT16;FLOAT16;FLOAT16;FLOAT16;FLOAT16;FLOAT16;FLOAT16;FLOAT16;FLOAT16;FLOAT16;FLOAT16;FLOAT16;FLOAT16;FLOAT16;FLOAT16;FLOAT16;FLOAT16;FLOAT16;FLOAT16,ND;ND;ND;ND;ND;ND;ND;ND;ND;ND;ND;ND;ND;ND;ND;ND;ND;ND;ND;ND;ND;ND;ND;ND;ND;ND;ND;ND;ND;ND;ND;ND;ND;ND;ND;ND;ND;ND;ND;ND;ND;ND;ND;ND;ND;ND;ND;ND;ND;ND;ND;ND;ND;ND;ND;ND;ND;ND;ND;ND;ND;ND;ND;ND,"""64,160,16""",FLOAT16,ND,N/A,0.0,0,0.0,0.0,0.0,0.0,0.0,0.0,0.0,0.0,0.0,0.0,0.0,7.714,509131,0.017,0.002,3.586,0.465,3.504,0.454,0.915,0.119,0.0,0.000
0,4294967295,88,47,aclnnMul_MulAiCore_Mul,Mul,dynamic,AI_VECTOR_CORE,1785698519173002.607	,327.226,0.000000,40,0,NO,"""4096,4096;4096,4096""",FLOAT;FLOAT,ND;ND,"""4096,4096""",FLOAT,ND,N/A,0.0,0,0.0,0.0,0.0,0.0,0.0,0.0,0.0,0.0,0.0,0.0,0.0,325.158,21460452,6.784,0.021,2.917,0.009,323.707,0.996,110.553,0.34,0.0,0.000
0,4294967295,89,47,Concat,Concat,dynamic,AI_VECTOR_CORE,1785698519173329.853	,11.900,0.024000,40,0,NO,"""64,1,16;64,2,16;64,3,16;64,4,16;64,1,16;64,2,16;64,3,16;64,4,16;64,1,16;64,2,16;64,3,16;64,4,16;64,1,16;64,2,16;64,3,16;64,4,16;64,1,16;64,2,16;64,3,16;64,4,16;64,1,16;64,2,16;64,3,16;64,4,16;64,1,16;64,2,16;64,3,16;64,4,16;64,1,16;64,2,16;64,3,16;64,4,16;64,1,16;64,2,16;64,3,16;64,4,16;64,1,16;64,2,16;64,3,16;64,4,16;64,1,16;64,2,16;64,3,16;64,4,16;64,1,16;64,2,16;64,3,16;64,4,16;64,1,16;64,2,16;64,3,16;64,4,16;64,1,16;64,2,16;64,3,16;64,4,16;64,1,16;64,2,16;64,3,16;64,4,16;64,1,16;64,2,16;64,3,16;64,4,16""",FLOAT16;FLOAT16;FLOAT16;FLOAT16;FLOAT16;FLOAT16;FLOAT16;FLOAT16;FLOAT16;FLOAT16;FLOAT16;FLOAT16;FLOAT16;FLOAT16;FLOAT16;FLOAT16;FLOAT16;FLOAT16;FLOAT16;FLOAT16;FLOAT16;FLOAT16;FLOAT16;FLOAT16;FLOAT16;FLOAT16;FLOAT16;FLOAT16;FLOAT16;FLOAT16;FLOAT16;FLOAT16;FLOAT16;FLOAT16;FLOAT16;FLOAT16;FLOAT16;FLOAT16;FLOAT16;FLOAT16;FLOAT16;FLOAT16;FLOAT16;FLOAT16;FLOAT16;FLOAT16;FLOAT16;FLOAT16;FLOAT16;FLOAT16;FLOAT16;FLOAT16;FLOAT16;FLOAT16;FLOAT16;FLOAT16;FLOAT16;FLOAT16;FLOAT16;FLOAT16;FLOAT16;FLOAT16;FLOAT16;FLOAT16,ND;ND;ND;ND;ND;ND;ND;ND;ND;ND;ND;ND;ND;ND;ND;ND;ND;ND;ND;ND;ND;ND;ND;ND;ND;ND;ND;ND;ND;ND;ND;ND;ND;ND;ND;ND;ND;ND;ND;ND;ND;ND;ND;ND;ND;ND;ND;ND;ND;ND;ND;ND;ND;ND;ND;ND;ND;ND;ND;ND;ND;ND;ND;ND,"""64,160,16""",FLOAT16,ND,N/A,0.0,0,0.0,0.0,0.0,0.0,0.0,0.0,0.0,0.0,0.0,0.0,0.0,9.357,617547,0.017,0.002,5.088,0.544,3.785,0.405,1.064,0.114,0.0,0.000
0,4294967295,90,47,aclnnMul_MulAiCore_Mul,Mul,dynamic,AI_VECTOR_CORE,1785698519173341.793	,327.027,0.100000,40,0,NO,"""4096,4096;4096,4096""",FLOAT;FLOAT,ND;ND,"""4096,4096""",FLOAT,ND,N/A,0.0,0,0.0,0.0,0.0,0.0,0.0,0.0,0.0,0.0,0.0,0.0,0.0,324.677,21428680,6.784,0.021,3.098,0.01,323.077,0.995,107.819,0.332,0.0,0.000
0,4294967295,91,47,Concat,Concat,dynamic,AI_VECTOR_CORE,1785698519173668.860	,10.700,0.000000,40,0,NO,"""64,1,16;64,2,16;64,3,16;64,4,16;64,1,16;64,2,16;64,3,16;64,4,16;64,1,16;64,2,16;64,3,16;64,4,16;64,1,16;64,2,16;64,3,16;64,4,16;64,1,16;64,2,16;64,3,16;64,4,16;64,1,16;64,2,16;64,3,16;64,4,16;64,1,16;64,2,16;64,3,16;64,4,16;64,1,16;64,2,16;64,3,16;64,4,16;64,1,16;64,2,16;64,3,16;64,4,16;64,1,16;64,2,16;64,3,16;64,4,16;64,1,16;64,2,16;64,3,16;64,4,16;64,1,16;64,2,16;64,3,16;64,4,16;64,1,16;64,2,16;64,3,16;64,4,16;64,1,16;64,2,16;64,3,16;64,4,16;64,1,16;64,2,16;64,3,16;64,4,16;64,1,16;64,2,16;64,3,16;64,4,16""",FLOAT16;FLOAT16;FLOAT16;FLOAT16;FLOAT16;FLOAT16;FLOAT16;FLOAT16;FLOAT16;FLOAT16;FLOAT16;FLOAT16;FLOAT16;FLOAT16;FLOAT16;FLOAT16;FLOAT16;FLOAT16;FLOAT16;FLOAT16;FLOAT16;FLOAT16;FLOAT16;FLOAT16;FLOAT16;FLOAT16;FLOAT16;FLOAT16;FLOAT16;FLOAT16;FLOAT16;FLOAT16;FLOAT16;FLOAT16;FLOAT16;FLOAT16;FLOAT16;FLOAT16;FLOAT16;FLOAT16;FLOAT16;FLOAT16;FLOAT16;FLOAT16;FLOAT16;FLOAT16;FLOAT16;FLOAT16;FLOAT16;FLOAT16;FLOAT16;FLOAT16;FLOAT16;FLOAT16;FLOAT16;FLOAT16;FLOAT16;FLOAT16;FLOAT16;FLOAT16;FLOAT16;FLOAT16;FLOAT16;FLOAT16,ND;ND;ND;ND;ND;ND;ND;ND;ND;ND;ND;ND;ND;ND;ND;ND;ND;ND;ND;ND;ND;ND;ND;ND;ND;ND;ND;ND;ND;ND;ND;ND;ND;ND;ND;ND;ND;ND;ND;ND;ND;ND;ND;ND;ND;ND;ND;ND;ND;ND;ND;ND;ND;ND;ND;ND;ND;ND;ND;ND;ND;ND;ND;ND,"""64,160,16""",FLOAT16,ND,N/A,0.0,0,0.0,0.0,0.0,0.0,0.0,0.0,0.0,0.0,0.0,0.0,0.0,8.238,543681,0.017,0.002,3.934,0.478,3.611,0.438,1.064,0.129,0.0,0.000
0,4294967295,92,47,aclnnMul_MulAiCore_Mul,Mul,dynamic,AI_VECTOR_CORE,1785698519173679.600	,327.607,0.050000,40,0,NO,"""4096,4096;4096,4096""",FLOAT;FLOAT,ND;ND,"""4096,4096""",FLOAT,ND,N/A,0.0,0,0.0,0.0,0.0,0.0,0.0,0.0,0.0,0.0,0.0,0.0,0.0,325.311,21470539,6.784,0.021,2.895,0.009,323.898,0.996,110.537,0.34,0.0,0.000
0,4294967295,93,47,Concat,Concat,dynamic,AI_VECTOR_CORE,1785698519174007.227	,9.520,0.143000,40,0,NO,"""64,1,16;64,2,16;64,3,16;64,4,16;64,1,16;64,2,16;64,3,16;64,4,16;64,1,16;64,2,16;64,3,16;64,4,16;64,1,16;64,2,16;64,3,16;64,4,16;64,1,16;64,2,16;64,3,16;64,4,16;64,1,16;64,2,16;64,3,16;64,4,16;64,1,16;64,2,16;64,3,16;64,4,16;64,1,16;64,2,16;64,3,16;64,4,16;64,1,16;64,2,16;64,3,16;64,4,16;64,1,16;64,2,16;64,3,16;64,4,16;64,1,16;64,2,16;64,3,16;64,4,16;64,1,16;64,2,16;64,3,16;64,4,16;64,1,16;64,2,16;64,3,16;64,4,16;64,1,16;64,2,16;64,3,16;64,4,16;64,1,16;64,2,16;64,3,16;64,4,16;64,1,16;64,2,16;64,3,16;64,4,16""",FLOAT16;FLOAT16;FLOAT16;FLOAT16;FLOAT16;FLOAT16;FLOAT16;FLOAT16;FLOAT16;FLOAT16;FLOAT16;FLOAT16;FLOAT16;FLOAT16;FLOAT16;FLOAT16;FLOAT16;FLOAT16;FLOAT16;FLOAT16;FLOAT16;FLOAT16;FLOAT16;FLOAT16;FLOAT16;FLOAT16;FLOAT16;FLOAT16;FLOAT16;FLOAT16;FLOAT16;FLOAT16;FLOAT16;FLOAT16;FLOAT16;FLOAT16;FLOAT16;FLOAT16;FLOAT16;FLOAT16;FLOAT16;FLOAT16;FLOAT16;FLOAT16;FLOAT16;FLOAT16;FLOAT16;FLOAT16;FLOAT16;FLOAT16;FLOAT16;FLOAT16;FLOAT16;FLOAT16;FLOAT16;FLOAT16;FLOAT16;FLOAT16;FLOAT16;FLOAT16;FLOAT16;FLOAT16;FLOAT16;FLOAT16,ND;ND;ND;ND;ND;ND;ND;ND;ND;ND;ND;ND;ND;ND;ND;ND;ND;ND;ND;ND;ND;ND;ND;ND;ND;ND;ND;ND;ND;ND;ND;ND;ND;ND;ND;ND;ND;ND;ND;ND;ND;ND;ND;ND;ND;ND;ND;ND;ND;ND;ND;ND;ND;ND;ND;ND;ND;ND;ND;ND;ND;ND;ND;ND,"""64,160,16""",FLOAT16,ND,N/A,0.0,0,0.0,0.0,0.0,0.0,0.0,0.0,0.0,0.0,0.0,0.0,0.0,7.354,485354,0.017,0.002,3.547,0.482,2.735,0.372,1.406,0.191,0.0,0.000
0,4294967295,94,47,aclnnMul_MulAiCore_Mul,Mul,dynamic,AI_VECTOR_CORE,1785698519174016.767	,327.346,0.000000,40,0,NO,"""4096,4096;4096,4096""",FLOAT;FLOAT,ND;ND,"""4096,4096""",FLOAT,ND,N/A,0.0,0,0.0,0.0,0.0,0.0,0.0,0.0,0.0,0.0,0.0,0.0,0.0,324.997,21449816,6.784,0.021,3.029,0.009,323.415,0.995,108.584,0.334,0.0,0.000
0,4294967295,95,47,Concat,Concat,dynamic,AI_VECTOR_CORE,1785698519174344.133	,9.501,0.154000,40,0,NO,"""64,1,16;64,2,16;64,3,16;64,4,16;64,1,16;64,2,16;64,3,16;64,4,16;64,1,16;64,2,16;64,3,16;64,4,16;64,1,16;64,2,16;64,3,16;64,4,16;64,1,16;64,2,16;64,3,16;64,4,16;64,1,16;64,2,16;64,3,16;64,4,16;64,1,16;64,2,16;64,3,16;64,4,16;64,1,16;64,2,16;64,3,16;64,4,16;64,1,16;64,2,16;64,3,16;64,4,16;64,1,16;64,2,16;64,3,16;64,4,16;64,1,16;64,2,16;64,3,16;64,4,16;64,1,16;64,2,16;64,3,16;64,4,16;64,1,16;64,2,16;64,3,16;64,4,16;64,1,16;64,2,16;64,3,16;64,4,16;64,1,16;64,2,16;64,3,16;64,4,16;64,1,16;64,2,16;64,3,16;64,4,16""",FLOAT16;FLOAT16;FLOAT16;FLOAT16;FLOAT16;FLOAT16;FLOAT16;FLOAT16;FLOAT16;FLOAT16;FLOAT16;FLOAT16;FLOAT16;FLOAT16;FLOAT16;FLOAT16;FLOAT16;FLOAT16;FLOAT16;FLOAT16;FLOAT16;FLOAT16;FLOAT16;FLOAT16;FLOAT16;FLOAT16;FLOAT16;FLOAT16;FLOAT16;FLOAT16;FLOAT16;FLOAT16;FLOAT16;FLOAT16;FLOAT16;FLOAT16;FLOAT16;FLOAT16;FLOAT16;FLOAT16;FLOAT16;FLOAT16;FLOAT16;FLOAT16;FLOAT16;FLOAT16;FLOAT16;FLOAT16;FLOAT16;FLOAT16;FLOAT16;FLOAT16;FLOAT16;FLOAT16;FLOAT16;FLOAT16;FLOAT16;FLOAT16;FLOAT16;FLOAT16;FLOAT16;FLOAT16;FLOAT16;FLOAT16,ND;ND;ND;ND;ND;ND;ND;ND;ND;ND;ND;ND;ND;ND;ND;ND;ND;ND;ND;ND;ND;ND;ND;ND;ND;ND;ND;ND;ND;ND;ND;ND;ND;ND;ND;ND;ND;ND;ND;ND;ND;ND;ND;ND;ND;ND;ND;ND;ND;ND;ND;ND;ND;ND;ND;ND;ND;ND;ND;ND;ND;ND;ND;ND,"""64,160,16""",FLOAT16,ND,N/A,0.0,0,0.0,0.0,0.0,0.0,0.0,0.0,0.0,0.0,0.0,0.0,0.0,7.067,466438,0.017,0.002,3.684,0.521,2.826,0.4,0.996,0.141,0.0,0.000
0,4294967295,96,47,aclnnMul_MulAiCore_Mul,Mul,dynamic,AI_VECTOR_CORE,1785698519174353.654	,326.546,0.000000,40,0,NO,"""4096,4096;4096,4096""",FLOAT;FLOAT,ND;ND,"""4096,4096""",FLOAT,ND,N/A,0.0,0,0.0,0.0,0.0,0.0,0.0,0.0,0.0,0.0,0.0,0.0,0.0,324.902,21443562,6.784,0.021,3.053,0.009,323.319,0.995,108.613,0.334,0.0,0.000
0,4294967295,97,47,Concat,Concat,dynamic,AI_VECTOR_CORE,1785698519174680.240	,11.720,0.000000,40,0,NO,"""64,1,16;64,2,16;64,3,16;64,4,16;64,1,16;64,2,16;64,3,16;64,4,16;64,1,16;64,2,16;64,3,16;64,4,16;64,1,16;64,2,16;64,3,16;64,4,16;64,1,16;64,2,16;64,3,16;64,4,16;64,1,16;64,2,16;64,3,16;64,4,16;64,1,16;64,2,16;64,3,16;64,4,16;64,1,16;64,2,16;64,3,16;64,4,16;64,1,16;64,2,16;64,3,16;64,4,16;64,1,16;64,2,16;64,3,16;64,4,16;64,1,16;64,2,16;64,3,16;64,4,16;64,1,16;64,2,16;64,3,16;64,4,16;64,1,16;64,2,16;64,3,16;64,4,16;64,1,16;64,2,16;64,3,16;64,4,16;64,1,16;64,2,16;64,3,16;64,4,16;64,1,16;64,2,16;64,3,16;64,4,16""",FLOAT16;FLOAT16;FLOAT16;FLOAT16;FLOAT16;FLOAT16;FLOAT16;FLOAT16;FLOAT16;FLOAT16;FLOAT16;FLOAT16;FLOAT16;FLOAT16;FLOAT16;FLOAT16;FLOAT16;FLOAT16;FLOAT16;FLOAT16;FLOAT16;FLOAT16;FLOAT16;FLOAT16;FLOAT16;FLOAT16;FLOAT16;FLOAT16;FLOAT16;FLOAT16;FLOAT16;FLOAT16;FLOAT16;FLOAT16;FLOAT16;FLOAT16;FLOAT16;FLOAT16;FLOAT16;FLOAT16;FLOAT16;FLOAT16;FLOAT16;FLOAT16;FLOAT16;FLOAT16;FLOAT16;FLOAT16;FLOAT16;FLOAT16;FLOAT16;FLOAT16;FLOAT16;FLOAT16;FLOAT16;FLOAT16;FLOAT16;FLOAT16;FLOAT16;FLOAT16;FLOAT16;FLOAT16;FLOAT16;FLOAT16,ND;ND;ND;ND;ND;ND;ND;ND;ND;ND;ND;ND;ND;ND;ND;ND;ND;ND;ND;ND;ND;ND;ND;ND;ND;ND;ND;ND;ND;ND;ND;ND;ND;ND;ND;ND;ND;ND;ND;ND;ND;ND;ND;ND;ND;ND;ND;ND;ND;ND;ND;ND;ND;ND;ND;ND;ND;ND;ND;ND;ND;ND;ND;ND,"""64,160,16""",FLOAT16,ND,N/A,0.0,0,0.0,0.0,0.0,0.0,0.0,0.0,0.0,0.0,0.0,0.0,0.0,8.799,580708,0.017,0.002,3.939,0.448,4.271,0.485,1.226,0.139,0.0,0.000
0,4294967295,98,47,aclnnMul_MulAiCore_Mul,Mul,dynamic,AI_VECTOR_CORE,1785698519174691.980	,326.727,0.030000,40,0,NO,"""4096,4096;4096,4096""",FLOAT;FLOAT,ND;ND,"""4096,4096""",FLOAT,ND,N/A,0.0,0,0.0,0.0,0.0,0.0,0.0,0.0,0.0,0.0,0.0,0.0,0.0,325.243,21466027,6.784,0.021,3.059,0.009,323.679,0.995,108.628,0.334,0.0,0.000
0,4294967295,99,47,Concat,Concat,dynamic,AI_VECTOR_CORE,1785698519175018.727	,11.680,0.023000,40,0,NO,"""64,1,16;64,2,16;64,3,16;64,4,16;64,1,16;64,2,16;64,3,16;64,4,16;64,1,16;64,2,16;64,3,16;64,4,16;64,1,16;64,2,16;64,3,16;64,4,16;64,1,16;64,2,16;64,3,16;64,4,16;64,1,16;64,2,16;64,3,16;64,4,16;64,1,16;64,2,16;64,3,16;64,4,16;64,1,16;64,2,16;64,3,16;64,4,16;64,1,16;64,2,16;64,3,16;64,4,16;64,1,16;64,2,16;64,3,16;64,4,16;64,1,16;64,2,16;64,3,16;64,4,16;64,1,16;64,2,16;64,3,16;64,4,16;64,1,16;64,2,16;64,3,16;64,4,16;64,1,16;64,2,16;64,3,16;64,4,16;64,1,16;64,2,16;64,3,16;64,4,16;64,1,16;64,2,16;64,3,16;64,4,16""",FLOAT16;FLOAT16;FLOAT16;FLOAT16;FLOAT16;FLOAT16;FLOAT16;FLOAT16;FLOAT16;FLOAT16;FLOAT16;FLOAT16;FLOAT16;FLOAT16;FLOAT16;FLOAT16;FLOAT16;FLOAT16;FLOAT16;FLOAT16;FLOAT16;FLOAT16;FLOAT16;FLOAT16;FLOAT16;FLOAT16;FLOAT16;FLOAT16;FLOAT16;FLOAT16;FLOAT16;FLOAT16;FLOAT16;FLOAT16;FLOAT16;FLOAT16;FLOAT16;FLOAT16;FLOAT16;FLOAT16;FLOAT16;FLOAT16;FLOAT16;FLOAT16;FLOAT16;FLOAT16;FLOAT16;FLOAT16;FLOAT16;FLOAT16;FLOAT16;FLOAT16;FLOAT16;FLOAT16;FLOAT16;FLOAT16;FLOAT16;FLOAT16;FLOAT16;FLOAT16;FLOAT16;FLOAT16;FLOAT16;FLOAT16,ND;ND;ND;ND;ND;ND;ND;ND;ND;ND;ND;ND;ND;ND;ND;ND;ND;ND;ND;ND;ND;ND;ND;ND;ND;ND;ND;ND;ND;ND;ND;ND;ND;ND;ND;ND;ND;ND;ND;ND;ND;ND;ND;ND;ND;ND;ND;ND;ND;ND;ND;ND;ND;ND;ND;ND;ND;ND;ND;ND;ND;ND;ND;ND,"""64,160,16""",FLOAT16,ND,N/A,0.0,0,0.0,0.0,0.0,0.0,0.0,0.0,0.0,0.0,0.0,0.0,0.0,8.645,570544,0.017,0.002,3.708,0.429,4.18,0.484,1.063,0.123,0.0,0.000
0,4294967295,100,47,aclnnMul_MulAiCore_Mul,Mul,dynamic,AI_VECTOR_CORE,1785698519175030.447	,328.087,0.070000,40,0,NO,"""4096,4096;4096,4096""",FLOAT;FLOAT,ND;ND,"""4096,4096""",FLOAT,ND,N/A,0.0,0,0.0,0.0,0.0,0.0,0.0,0.0,0.0,0.0,0.0,0.0,0.0,325.889,21508697,6.784,0.021,3.051,0.009,324.29,0.995,108.812,0.334,0.0,0.000
0,4294967295,101,47,Concat,Concat,dynamic,AI_VECTOR_CORE,1785698519175358.554	,11.200,0.000000,40,0,NO,"""64,1,16;64,2,16;64,3,16;64,4,16;64,1,16;64,2,16;64,3,16;64,4,16;64,1,16;64,2,16;64,3,16;64,4,16;64,1,16;64,2,16;64,3,16;64,4,16;64,1,16;64,2,16;64,3,16;64,4,16;64,1,16;64,2,16;64,3,16;64,4,16;64,1,16;64,2,16;64,3,16;64,4,16;64,1,16;64,2,16;64,3,16;64,4,16;64,1,16;64,2,16;64,3,16;64,4,16;64,1,16;64,2,16;64,3,16;64,4,16;64,1,16;64,2,16;64,3,16;64,4,16;64,1,16;64,2,16;64,3,16;64,4,16;64,1,16;64,2,16;64,3,16;64,4,16;64,1,16;64,2,16;64,3,16;64,4,16;64,1,16;64,2,16;64,3,16;64,4,16;64,1,16;64,2,16;64,3,16;64,4,16""",FLOAT16;FLOAT16;FLOAT16;FLOAT16;FLOAT16;FLOAT16;FLOAT16;FLOAT16;FLOAT16;FLOAT16;FLOAT16;FLOAT16;FLOAT16;FLOAT16;FLOAT16;FLOAT16;FLOAT16;FLOAT16;FLOAT16;FLOAT16;FLOAT16;FLOAT16;FLOAT16;FLOAT16;FLOAT16;FLOAT16;FLOAT16;FLOAT16;FLOAT16;FLOAT16;FLOAT16;FLOAT16;FLOAT16;FLOAT16;FLOAT16;FLOAT16;FLOAT16;FLOAT16;FLOAT16;FLOAT16;FLOAT16;FLOAT16;FLOAT16;FLOAT16;FLOAT16;FLOAT16;FLOAT16;FLOAT16;FLOAT16;FLOAT16;FLOAT16;FLOAT16;FLOAT16;FLOAT16;FLOAT16;FLOAT16;FLOAT16;FLOAT16;FLOAT16;FLOAT16;FLOAT16;FLOAT16;FLOAT16;FLOAT16,ND;ND;ND;ND;ND;ND;ND;ND;ND;ND;ND;ND;ND;ND;ND;ND;ND;ND;ND;ND;ND;ND;ND;ND;ND;ND;ND;ND;ND;ND;ND;ND;ND;ND;ND;ND;ND;ND;ND;ND;ND;ND;ND;ND;ND;ND;ND;ND;ND;ND;ND;ND;ND;ND;ND;ND;ND;ND;ND;ND;ND;ND;ND;ND,"""64,160,16""",FLOAT16,ND,N/A,0.0,0,0.0,0.0,0.0,0.0,0.0,0.0,0.0,0.0,0.0,0.0,0.0,7.969,525976,0.017,0.002,3.872,0.486,3.347,0.42,1.058,0.133,0.0,0.000
0,4294967295,102,47,aclnnMul_MulAiCore_Mul,Mul,dynamic,AI_VECTOR_CORE,1785698519175369.774	,327.546,0.050000,40,0,NO,"""4096,4096;4096,4096""",FLOAT;FLOAT,ND;ND,"""4096,4096""",FLOAT,ND,N/A,0.0,0,0.0,0.0,0.0,0.0,0.0,0.0,0.0,0.0,0.0,0.0,0.0,325.588,21488788,6.784,0.021,3.1,0.01,323.937,0.995,107.84,0.331,0.0,0.000
0,4294967295,103,47,Concat,Concat,dynamic,AI_VECTOR_CORE,1785698519175697.340	,10.421,0.000000,40,0,NO,"""64,1,16;64,2,16;64,3,16;64,4,16;64,1,16;64,2,16;64,3,16;64,4,16;64,1,16;64,2,16;64,3,16;64,4,16;64,1,16;64,2,16;64,3,16;64,4,16;64,1,16;64,2,16;64,3,16;64,4,16;64,1,16;64,2,16;64,3,16;64,4,16;64,1,16;64,2,16;64,3,16;64,4,16;64,1,16;64,2,16;64,3,16;64,4,16;64,1,16;64,2,16;64,3,16;64,4,16;64,1,16;64,2,16;64,3,16;64,4,16;64,1,16;64,2,16;64,3,16;64,4,16;64,1,16;64,2,16;64,3,16;64,4,16;64,1,16;64,2,16;64,3,16;64,4,16;64,1,16;64,2,16;64,3,16;64,4,16;64,1,16;64,2,16;64,3,16;64,4,16;64,1,16;64,2,16;64,3,16;64,4,16""",FLOAT16;FLOAT16;FLOAT16;FLOAT16;FLOAT16;FLOAT16;FLOAT16;FLOAT16;FLOAT16;FLOAT16;FLOAT16;FLOAT16;FLOAT16;FLOAT16;FLOAT16;FLOAT16;FLOAT16;FLOAT16;FLOAT16;FLOAT16;FLOAT16;FLOAT16;FLOAT16;FLOAT16;FLOAT16;FLOAT16;FLOAT16;FLOAT16;FLOAT16;FLOAT16;FLOAT16;FLOAT16;FLOAT16;FLOAT16;FLOAT16;FLOAT16;FLOAT16;FLOAT16;FLOAT16;FLOAT16;FLOAT16;FLOAT16;FLOAT16;FLOAT16;FLOAT16;FLOAT16;FLOAT16;FLOAT16;FLOAT16;FLOAT16;FLOAT16;FLOAT16;FLOAT16;FLOAT16;FLOAT16;FLOAT16;FLOAT16;FLOAT16;FLOAT16;FLOAT16;FLOAT16;FLOAT16;FLOAT16;FLOAT16,ND;ND;ND;ND;ND;ND;ND;ND;ND;ND;ND;ND;ND;ND;ND;ND;ND;ND;ND;ND;ND;ND;ND;ND;ND;ND;ND;ND;ND;ND;ND;ND;ND;ND;ND;ND;ND;ND;ND;ND;ND;ND;ND;ND;ND;ND;ND;ND;ND;ND;ND;ND;ND;ND;ND;ND;ND;ND;ND;ND;ND;ND;ND;ND,"""64,160,16""",FLOAT16,ND,N/A,0.0,0,0.0,0.0,0.0,0.0,0.0,0.0,0.0,0.0,0.0,0.0,0.0,7.73,510190,0.017,0.002,3.944,0.51,3.372,0.436,1.014,0.131,0.0,0.000
0,4294967295,104,47,aclnnMul_MulAiCore_Mul,Mul,dynamic,AI_VECTOR_CORE,1785698519175707.801	,326.786,0.079000,40,0,NO,"""4096,4096;4096,4096""",FLOAT;FLOAT,ND;ND,"""4096,4096""",FLOAT,ND,N/A,0.0,0,0.0,0.0,0.0,0.0,0.0,0.0,0.0,0.0,0.0,0.0,0.0,324.902,21443516,6.784,0.021,2.937,0.009,323.42,0.995,108.782,0.335,0.0,0.000
0,4294967295,105,47,Concat,Concat,dynamic,AI_VECTOR_CORE,1785698519176034.607	,10.820,0.000000,40,0,NO,"""64,1,16;64,2,16;64,3,16;64,4,16;64,1,16;64,2,16;64,3,16;64,4,16;64,1,16;64,2,16;64,3,16;64,4,16;64,1,16;64,2,16;64,3,16;64,4,16;64,1,16;64,2,16;64,3,16;64,4,16;64,1,16;64,2,16;64,3,16;64,4,16;64,1,16;64,2,16;64,3,16;64,4,16;64,1,16;64,2,16;64,3,16;64,4,16;64,1,16;64,2,16;64,3,16;64,4,16;64,1,16;64,2,16;64,3,16;64,4,16;64,1,16;64,2,16;64,3,16;64,4,16;64,1,16;64,2,16;64,3,16;64,4,16;64,1,16;64,2,16;64,3,16;64,4,16;64,1,16;64,2,16;64,3,16;64,4,16;64,1,16;64,2,16;64,3,16;64,4,16;64,1,16;64,2,16;64,3,16;64,4,16""",FLOAT16;FLOAT16;FLOAT16;FLOAT16;FLOAT16;FLOAT16;FLOAT16;FLOAT16;FLOAT16;FLOAT16;FLOAT16;FLOAT16;FLOAT16;FLOAT16;FLOAT16;FLOAT16;FLOAT16;FLOAT16;FLOAT16;FLOAT16;FLOAT16;FLOAT16;FLOAT16;FLOAT16;FLOAT16;FLOAT16;FLOAT16;FLOAT16;FLOAT16;FLOAT16;FLOAT16;FLOAT16;FLOAT16;FLOAT16;FLOAT16;FLOAT16;FLOAT16;FLOAT16;FLOAT16;FLOAT16;FLOAT16;FLOAT16;FLOAT16;FLOAT16;FLOAT16;FLOAT16;FLOAT16;FLOAT16;FLOAT16;FLOAT16;FLOAT16;FLOAT16;FLOAT16;FLOAT16;FLOAT16;FLOAT16;FLOAT16;FLOAT16;FLOAT16;FLOAT16;FLOAT16;FLOAT16;FLOAT16;FLOAT16,ND;ND;ND;ND;ND;ND;ND;ND;ND;ND;ND;ND;ND;ND;ND;ND;ND;ND;ND;ND;ND;ND;ND;ND;ND;ND;ND;ND;ND;ND;ND;ND;ND;ND;ND;ND;ND;ND;ND;ND;ND;ND;ND;ND;ND;ND;ND;ND;ND;ND;ND;ND;ND;ND;ND;ND;ND;ND;ND;ND;ND;ND;ND;ND,"""64,160,16""",FLOAT16,ND,N/A,0.0,0,0.0,0.0,0.0,0.0,0.0,0.0,0.0,0.0,0.0,0.0,0.0,8.144,537508,0.017,0.002,3.785,0.465,3.58,0.44,1.11,0.136,0.0,0.000
0,4294967295,106,47,aclnnMul_MulAiCore_Mul,Mul,dynamic,AI_VECTOR_CORE,1785698519176045.447	,327.267,0.180000,40,0,NO,"""4096,4096;4096,4096""",FLOAT;FLOAT,ND;ND,"""4096,4096""",FLOAT,ND,N/A,0.0,0,0.0,0.0,0.0,0.0,0.0,0.0,0.0,0.0,0.0,0.0,0.0,325.343,21472618,6.784,0.021,3.014,0.009,323.809,0.995,107.914,0.332,0.0,0.000
0,4294967295,107,47,Concat,Concat,dynamic,AI_VECTOR_CORE,1785698519176372.734	,11.620,0.000000,40,0,NO,"""64,1,16;64,2,16;64,3,16;64,4,16;64,1,16;64,2,16;64,3,16;64,4,16;64,1,16;64,2,16;64,3,16;64,4,16;64,1,16;64,2,16;64,3,16;64,4,16;64,1,16;64,2,16;64,3,16;64,4,16;64,1,16;64,2,16;64,3,16;64,4,16;64,1,16;64,2,16;64,3,16;64,4,16;64,1,16;64,2,16;64,3,16;64,4,16;64,1,16;64,2,16;64,3,16;64,4,16;64,1,16;64,2,16;64,3,16;64,4,16;64,1,16;64,2,16;64,3,16;64,4,16;64,1,16;64,2,16;64,3,16;64,4,16;64,1,16;64,2,16;64,3,16;64,4,16;64,1,16;64,2,16;64,3,16;64,4,16;64,1,16;64,2,16;64,3,16;64,4,16;64,1,16;64,2,16;64,3,16;64,4,16""",FLOAT16;FLOAT16;FLOAT16;FLOAT16;FLOAT16;FLOAT16;FLOAT16;FLOAT16;FLOAT16;FLOAT16;FLOAT16;FLOAT16;FLOAT16;FLOAT16;FLOAT16;FLOAT16;FLOAT16;FLOAT16;FLOAT16;FLOAT16;FLOAT16;FLOAT16;FLOAT16;FLOAT16;FLOAT16;FLOAT16;FLOAT16;FLOAT16;FLOAT16;FLOAT16;FLOAT16;FLOAT16;FLOAT16;FLOAT16;FLOAT16;FLOAT16;FLOAT16;FLOAT16;FLOAT16;FLOAT16;FLOAT16;FLOAT16;FLOAT16;FLOAT16;FLOAT16;FLOAT16;FLOAT16;FLOAT16;FLOAT16;FLOAT16;FLOAT16;FLOAT16;FLOAT16;FLOAT16;FLOAT16;FLOAT16;FLOAT16;FLOAT16;FLOAT16;FLOAT16;FLOAT16;FLOAT16;FLOAT16;FLOAT16,ND;ND;ND;ND;ND;ND;ND;ND;ND;ND;ND;ND;ND;ND;ND;ND;ND;ND;ND;ND;ND;ND;ND;ND;ND;ND;ND;ND;ND;ND;ND;ND;ND;ND;ND;ND;ND;ND;ND;ND;ND;ND;ND;ND;ND;ND;ND;ND;ND;ND;ND;ND;ND;ND;ND;ND;ND;ND;ND;ND;ND;ND;ND;ND,"""64,160,16""",FLOAT16,ND,N/A,0.0,0,0.0,0.0,0.0,0.0,0.0,0.0,0.0,0.0,0.0,0.0,0.0,8.836,583145,0.017,0.002,4.375,0.495,3.935,0.445,1.072,0.121,0.0,0.000
0,4294967295,108,47,aclnnMul_MulAiCore_Mul,Mul,dynamic,AI_VECTOR_CORE,1785698519176384.374	,328.127,0.000000,40,0,NO,"""4096,4096;4096,4096""",FLOAT;FLOAT,ND;ND,"""4096,4096""",FLOAT,ND,N/A,0.0,0,0.0,0.0,0.0,0.0,0.0,0.0,0.0,0.0,0.0,0.0,0.0,325.59,21488939,6.784,0.021,2.974,0.009,324.013,0.995,108.933,0.335,0.0,0.000
0,4294967295,109,47,Concat,Concat,dynamic,AI_VECTOR_CORE,1785698519176712.521	,9.760,0.123000,40,0,NO,"""64,1,16;64,2,16;64,3,16;64,4,16;64,1,16;64,2,16;64,3,16;64,4,16;64,1,16;64,2,16;64,3,16;64,4,16;64,1,16;64,2,16;64,3,16;64,4,16;64,1,16;64,2,16;64,3,16;64,4,16;64,1,16;64,2,16;64,3,16;64,4,16;64,1,16;64,2,16;64,3,16;64,4,16;64,1,16;64,2,16;64,3,16;64,4,16;64,1,16;64,2,16;64,3,16;64,4,16;64,1,16;64,2,16;64,3,16;64,4,16;64,1,16;64,2,16;64,3,16;64,4,16;64,1,16;64,2,16;64,3,16;64,4,16;64,1,16;64,2,16;64,3,16;64,4,16;64,1,16;64,2,16;64,3,16;64,4,16;64,1,16;64,2,16;64,3,16;64,4,16;64,1,16;64,2,16;64,3,16;64,4,16""",FLOAT16;FLOAT16;FLOAT16;FLOAT16;FLOAT16;FLOAT16;FLOAT16;FLOAT16;FLOAT16;FLOAT16;FLOAT16;FLOAT16;FLOAT16;FLOAT16;FLOAT16;FLOAT16;FLOAT16;FLOAT16;FLOAT16;FLOAT16;FLOAT16;FLOAT16;FLOAT16;FLOAT16;FLOAT16;FLOAT16;FLOAT16;FLOAT16;FLOAT16;FLOAT16;FLOAT16;FLOAT16;FLOAT16;FLOAT16;FLOAT16;FLOAT16;FLOAT16;FLOAT16;FLOAT16;FLOAT16;FLOAT16;FLOAT16;FLOAT16;FLOAT16;FLOAT16;FLOAT16;FLOAT16;FLOAT16;FLOAT16;FLOAT16;FLOAT16;FLOAT16;FLOAT16;FLOAT16;FLOAT16;FLOAT16;FLOAT16;FLOAT16;FLOAT16;FLOAT16;FLOAT16;FLOAT16;FLOAT16;FLOAT16,ND;ND;ND;ND;ND;ND;ND;ND;ND;ND;ND;ND;ND;ND;ND;ND;ND;ND;ND;ND;ND;ND;ND;ND;ND;ND;ND;ND;ND;ND;ND;ND;ND;ND;ND;ND;ND;ND;ND;ND;ND;ND;ND;ND;ND;ND;ND;ND;ND;ND;ND;ND;ND;ND;ND;ND;ND;ND;ND;ND;ND;ND;ND;ND,"""64,160,16""",FLOAT16,ND,N/A,0.0,0,0.0,0.0,0.0,0.0,0.0,0.0,0.0,0.0,0.0,0.0,0.0,7.11,469256,0.017,0.002,3.879,0.546,2.571,0.362,1.102,0.155,0.0,0.000
0,4294967295,110,47,aclnnMul_MulAiCore_Mul,Mul,dynamic,AI_VECTOR_CORE,1785698519176722.301	,328.226,0.000000,40,0,NO,"""4096,4096;4096,4096""",FLOAT;FLOAT,ND;ND,"""4096,4096""",FLOAT,ND,N/A,0.0,0,0.0,0.0,0.0,0.0,0.0,0.0,0.0,0.0,0.0,0.0,0.0,325.923,21510923,6.784,0.021,3.021,0.009,324.375,0.995,109.653,0.336,0.0,0.000
0,4294967295,111,47,Concat,Concat,dynamic,AI_VECTOR_CORE,1785698519177050.547	,9.561,0.024000,40,0,NO,"""64,1,16;64,2,16;64,3,16;64,4,16;64,1,16;64,2,16;64,3,16;64,4,16;64,1,16;64,2,16;64,3,16;64,4,16;64,1,16;64,2,16;64,3,16;64,4,16;64,1,16;64,2,16;64,3,16;64,4,16;64,1,16;64,2,16;64,3,16;64,4,16;64,1,16;64,2,16;64,3,16;64,4,16;64,1,16;64,2,16;64,3,16;64,4,16;64,1,16;64,2,16;64,3,16;64,4,16;64,1,16;64,2,16;64,3,16;64,4,16;64,1,16;64,2,16;64,3,16;64,4,16;64,1,16;64,2,16;64,3,16;64,4,16;64,1,16;64,2,16;64,3,16;64,4,16;64,1,16;64,2,16;64,3,16;64,4,16;64,1,16;64,2,16;64,3,16;64,4,16;64,1,16;64,2,16;64,3,16;64,4,16""",FLOAT16;FLOAT16;FLOAT16;FLOAT16;FLOAT16;FLOAT16;FLOAT16;FLOAT16;FLOAT16;FLOAT16;FLOAT16;FLOAT16;FLOAT16;FLOAT16;FLOAT16;FLOAT16;FLOAT16;FLOAT16;FLOAT16;FLOAT16;FLOAT16;FLOAT16;FLOAT16;FLOAT16;FLOAT16;FLOAT16;FLOAT16;FLOAT16;FLOAT16;FLOAT16;FLOAT16;FLOAT16;FLOAT16;FLOAT16;FLOAT16;FLOAT16;FLOAT16;FLOAT16;FLOAT16;FLOAT16;FLOAT16;FLOAT16;FLOAT16;FLOAT16;FLOAT16;FLOAT16;FLOAT16;FLOAT16;FLOAT16;FLOAT16;FLOAT16;FLOAT16;FLOAT16;FLOAT16;FLOAT16;FLOAT16;FLOAT16;FLOAT16;FLOAT16;FLOAT16;FLOAT16;FLOAT16;FLOAT16;FLOAT16,ND;ND;ND;ND;ND;ND;ND;ND;ND;ND;ND;ND;ND;ND;ND;ND;ND;ND;ND;ND;ND;ND;ND;ND;ND;ND;ND;ND;ND;ND;ND;ND;ND;ND;ND;ND;ND;ND;ND;ND;ND;ND;ND;ND;ND;ND;ND;ND;ND;ND;ND;ND;ND;ND;ND;ND;ND;ND;ND;ND;ND;ND;ND;ND,"""64,160,16""",FLOAT16,ND,N/A,0.0,0,0.0,0.0,0.0,0.0,0.0,0.0,0.0,0.0,0.0,0.0,0.0,7.1,468601,0.017,0.002,3.542,0.499,2.83,0.399,1.069,0.151,0.0,0.000
0,4294967295,112,47,aclnnMul_MulAiCore_Mul,Mul,dynamic,AI_VECTOR_CORE,1785698519177060.128	,328.626,0.189000,40,0,NO,"""4096,4096;4096,4096""",FLOAT;FLOAT,ND;ND,"""4096,4096""",FLOAT,ND,N/A,0.0,0,0.0,0.0,0.0,0.0,0.0,0.0,0.0,0.0,0.0,0.0,0.0,325.979,21514615,6.784,0.021,3.578,0.011,323.9,0.994,109.787,0.337,0.0,0.000
0,4294967295,113,47,Concat,Concat,dynamic,AI_VECTOR_CORE,1785698519177388.774	,11.640,0.000000,40,0,NO,"""64,1,16;64,2,16;64,3,16;64,4,16;64,1,16;64,2,16;64,3,16;64,4,16;64,1,16;64,2,16;64,3,16;64,4,16;64,1,16;64,2,16;64,3,16;64,4,16;64,1,16;64,2,16;64,3,16;64,4,16;64,1,16;64,2,16;64,3,16;64,4,16;64,1,16;64,2,16;64,3,16;64,4,16;64,1,16;64,2,16;64,3,16;64,4,16;64,1,16;64,2,16;64,3,16;64,4,16;64,1,16;64,2,16;64,3,16;64,4,16;64,1,16;64,2,16;64,3,16;64,4,16;64,1,16;64,2,16;64,3,16;64,4,16;64,1,16;64,2,16;64,3,16;64,4,16;64,1,16;64,2,16;64,3,16;64,4,16;64,1,16;64,2,16;64,3,16;64,4,16;64,1,16;64,2,16;64,3,16;64,4,16""",FLOAT16;FLOAT16;FLOAT16;FLOAT16;FLOAT16;FLOAT16;FLOAT16;FLOAT16;FLOAT16;FLOAT16;FLOAT16;FLOAT16;FLOAT16;FLOAT16;FLOAT16;FLOAT16;FLOAT16;FLOAT16;FLOAT16;FLOAT16;FLOAT16;FLOAT16;FLOAT16;FLOAT16;FLOAT16;FLOAT16;FLOAT16;FLOAT16;FLOAT16;FLOAT16;FLOAT16;FLOAT16;FLOAT16;FLOAT16;FLOAT16;FLOAT16;FLOAT16;FLOAT16;FLOAT16;FLOAT16;FLOAT16;FLOAT16;FLOAT16;FLOAT16;FLOAT16;FLOAT16;FLOAT16;FLOAT16;FLOAT16;FLOAT16;FLOAT16;FLOAT16;FLOAT16;FLOAT16;FLOAT16;FLOAT16;FLOAT16;FLOAT16;FLOAT16;FLOAT16;FLOAT16;FLOAT16;FLOAT16;FLOAT16,ND;ND;ND;ND;ND;ND;ND;ND;ND;ND;ND;ND;ND;ND;ND;ND;ND;ND;ND;ND;ND;ND;ND;ND;ND;ND;ND;ND;ND;ND;ND;ND;ND;ND;ND;ND;ND;ND;ND;ND;ND;ND;ND;ND;ND;ND;ND;ND;ND;ND;ND;ND;ND;ND;ND;ND;ND;ND;ND;ND;ND;ND;ND;ND,"""64,160,16""",FLOAT16,ND,N/A,0.0,0,0.0,0.0,0.0,0.0,0.0,0.0,0.0,0.0,0.0,0.0,0.0,8.568,565505,0.017,0.002,3.692,0.431,4.137,0.483,1.041,0.122,0.0,0.000
0,4294967295,114,47,aclnnMul_MulAiCore_Mul,Mul,dynamic,AI_VECTOR_CORE,1785698519177400.434	,326.867,0.110000,40,0,NO,"""4096,4096;4096,4096""",FLOAT;FLOAT,ND;ND,"""4096,4096""",FLOAT,ND,N/A,0.0,0,0.0,0.0,0.0,0.0,0.0,0.0,0.0,0.0,0.0,0.0,0.0,324.863,21440986,6.784,0.021,2.988,0.009,323.329,0.995,108.53,0.334,0.0,0.000
0,4294967295,115,47,Concat,Concat,dynamic,AI_VECTOR_CORE,1785698519177727.321	,11.460,0.000000,40,0,NO,"""64,1,16;64,2,16;64,3,16;64,4,16;64,1,16;64,2,16;64,3,16;64,4,16;64,1,16;64,2,16;64,3,16;64,4,16;64,1,16;64,2,16;64,3,16;64,4,16;64,1,16;64,2,16;64,3,16;64,4,16;64,1,16;64,2,16;64,3,16;64,4,16;64,1,16;64,2,16;64,3,16;64,4,16;64,1,16;64,2,16;64,3,16;64,4,16;64,1,16;64,2,16;64,3,16;64,4,16;64,1,16;64,2,16;64,3,16;64,4,16;64,1,16;64,2,16;64,3,16;64,4,16;64,1,16;64,2,16;64,3,16;64,4,16;64,1,16;64,2,16;64,3,16;64,4,16;64,1,16;64,2,16;64,3,16;64,4,16;64,1,16;64,2,16;64,3,16;64,4,16;64,1,16;64,2,16;64,3,16;64,4,16""",FLOAT16;FLOAT16;FLOAT16;FLOAT16;FLOAT16;FLOAT16;FLOAT16;FLOAT16;FLOAT16;FLOAT16;FLOAT16;FLOAT16;FLOAT16;FLOAT16;FLOAT16;FLOAT16;FLOAT16;FLOAT16;FLOAT16;FLOAT16;FLOAT16;FLOAT16;FLOAT16;FLOAT16;FLOAT16;FLOAT16;FLOAT16;FLOAT16;FLOAT16;FLOAT16;FLOAT16;FLOAT16;FLOAT16;FLOAT16;FLOAT16;FLOAT16;FLOAT16;FLOAT16;FLOAT16;FLOAT16;FLOAT16;FLOAT16;FLOAT16;FLOAT16;FLOAT16;FLOAT16;FLOAT16;FLOAT16;FLOAT16;FLOAT16;FLOAT16;FLOAT16;FLOAT16;FLOAT16;FLOAT16;FLOAT16;FLOAT16;FLOAT16;FLOAT16;FLOAT16;FLOAT16;FLOAT16;FLOAT16;FLOAT16,ND;ND;ND;ND;ND;ND;ND;ND;ND;ND;ND;ND;ND;ND;ND;ND;ND;ND;ND;ND;ND;ND;ND;ND;ND;ND;ND;ND;ND;ND;ND;ND;ND;ND;ND;ND;ND;ND;ND;ND;ND;ND;ND;ND;ND;ND;ND;ND;ND;ND;ND;ND;ND;ND;ND;ND;ND;ND;ND;ND;ND;ND;ND;ND,"""64,160,16""",FLOAT16,ND,N/A,0.0,0,0.0,0.0,0.0,0.0,0.0,0.0,0.0,0.0,0.0,0.0,0.0,8.468,558916,0.017,0.002,3.957,0.467,3.952,0.467,1.116,0.132,0.0,0.000
0,4294967295,116,47,aclnnMul_MulAiCore_Mul,Mul,dynamic,AI_VECTOR_CORE,1785698519177738.801	,328.187,0.040000,40,0,NO,"""4096,4096;4096,4096""",FLOAT;FLOAT,ND;ND,"""4096,4096""",FLOAT,ND,N/A,0.0,0,0.0,0.0,0.0,0.0,0.0,0.0,0.0,0.0,0.0,0.0,0.0,326.283,21534676,6.784,0.021,3.128,0.01,324.627,0.995,109.475,0.336,0.0,0.000
0,4294967295,117,47,Concat,Concat,dynamic,AI_VECTOR_CORE,1785698519178067.008	,10.260,0.063000,40,0,NO,"""64,1,16;64,2,16;64,3,16;64,4,16;64,1,16;64,2,16;64,3,16;64,4,16;64,1,16;64,2,16;64,3,16;64,4,16;64,1,16;64,2,16;64,3,16;64,4,16;64,1,16;64,2,16;64,3,16;64,4,16;64,1,16;64,2,16;64,3,16;64,4,16;64,1,16;64,2,16;64,3,16;64,4,16;64,1,16;64,2,16;64,3,16;64,4,16;64,1,16;64,2,16;64,3,16;64,4,16;64,1,16;64,2,16;64,3,16;64,4,16;64,1,16;64,2,16;64,3,16;64,4,16;64,1,16;64,2,16;64,3,16;64,4,16;64,1,16;64,2,16;64,3,16;64,4,16;64,1,16;64,2,16;64,3,16;64,4,16;64,1,16;64,2,16;64,3,16;64,4,16;64,1,16;64,2,16;64,3,16;64,4,16""",FLOAT16;FLOAT16;FLOAT16;FLOAT16;FLOAT16;FLOAT16;FLOAT16;FLOAT16;FLOAT16;FLOAT16;FLOAT16;FLOAT16;FLOAT16;FLOAT16;FLOAT16;FLOAT16;FLOAT16;FLOAT16;FLOAT16;FLOAT16;FLOAT16;FLOAT16;FLOAT16;FLOAT16;FLOAT16;FLOAT16;FLOAT16;FLOAT16;FLOAT16;FLOAT16;FLOAT16;FLOAT16;FLOAT16;FLOAT16;FLOAT16;FLOAT16;FLOAT16;FLOAT16;FLOAT16;FLOAT16;FLOAT16;FLOAT16;FLOAT16;FLOAT16;FLOAT16;FLOAT16;FLOAT16;FLOAT16;FLOAT16;FLOAT16;FLOAT16;FLOAT16;FLOAT16;FLOAT16;FLOAT16;FLOAT16;FLOAT16;FLOAT16;FLOAT16;FLOAT16;FLOAT16;FLOAT16;FLOAT16;FLOAT16,ND;ND;ND;ND;ND;ND;ND;ND;ND;ND;ND;ND;ND;ND;ND;ND;ND;ND;ND;ND;ND;ND;ND;ND;ND;ND;ND;ND;ND;ND;ND;ND;ND;ND;ND;ND;ND;ND;ND;ND;ND;ND;ND;ND;ND;ND;ND;ND;ND;ND;ND;ND;ND;ND;ND;ND;ND;ND;ND;ND;ND;ND;ND;ND,"""64,160,16""",FLOAT16,ND,N/A,0.0,0,0.0,0.0,0.0,0.0,0.0,0.0,0.0,0.0,0.0,0.0,0.0,7.533,497187,0.017,0.002,3.649,0.484,3.365,0.447,0.987,0.131,0.0,0.000
0,4294967295,118,47,aclnnMul_MulAiCore_Mul,Mul,dynamic,AI_VECTOR_CORE,1785698519178077.308	,327.867,0.000000,40,0,NO,"""4096,4096;4096,4096""",FLOAT;FLOAT,ND;ND,"""4096,4096""",FLOAT,ND,N/A,0.0,0,0.0,0.0,0.0,0.0,0.0,0.0,0.0,0.0,0.0,0.0,0.0,325.439,21478978,6.784,0.021,3.016,0.009,323.91,0.995,109.855,0.338,0.0,0.000
0,4294967295,119,47,Concat,Concat,dynamic,AI_VECTOR_CORE,1785698519178405.195	,10.820,0.133000,40,0,NO,"""64,1,16;64,2,16;64,3,16;64,4,16;64,1,16;64,2,16;64,3,16;64,4,16;64,1,16;64,2,16;64,3,16;64,4,16;64,1,16;64,2,16;64,3,16;64,4,16;64,1,16;64,2,16;64,3,16;64,4,16;64,1,16;64,2,16;64,3,16;64,4,16;64,1,16;64,2,16;64,3,16;64,4,16;64,1,16;64,2,16;64,3,16;64,4,16;64,1,16;64,2,16;64,3,16;64,4,16;64,1,16;64,2,16;64,3,16;64,4,16;64,1,16;64,2,16;64,3,16;64,4,16;64,1,16;64,2,16;64,3,16;64,4,16;64,1,16;64,2,16;64,3,16;64,4,16;64,1,16;64,2,16;64,3,16;64,4,16;64,1,16;64,2,16;64,3,16;64,4,16;64,1,16;64,2,16;64,3,16;64,4,16""",FLOAT16;FLOAT16;FLOAT16;FLOAT16;FLOAT16;FLOAT16;FLOAT16;FLOAT16;FLOAT16;FLOAT16;FLOAT16;FLOAT16;FLOAT16;FLOAT16;FLOAT16;FLOAT16;FLOAT16;FLOAT16;FLOAT16;FLOAT16;FLOAT16;FLOAT16;FLOAT16;FLOAT16;FLOAT16;FLOAT16;FLOAT16;FLOAT16;FLOAT16;FLOAT16;FLOAT16;FLOAT16;FLOAT16;FLOAT16;FLOAT16;FLOAT16;FLOAT16;FLOAT16;FLOAT16;FLOAT16;FLOAT16;FLOAT16;FLOAT16;FLOAT16;FLOAT16;FLOAT16;FLOAT16;FLOAT16;FLOAT16;FLOAT16;FLOAT16;FLOAT16;FLOAT16;FLOAT16;FLOAT16;FLOAT16;FLOAT16;FLOAT16;FLOAT16;FLOAT16;FLOAT16;FLOAT16;FLOAT16;FLOAT16,ND;ND;ND;ND;ND;ND;ND;ND;ND;ND;ND;ND;ND;ND;ND;ND;ND;ND;ND;ND;ND;ND;ND;ND;ND;ND;ND;ND;ND;ND;ND;ND;ND;ND;ND;ND;ND;ND;ND;ND;ND;ND;ND;ND;ND;ND;ND;ND;ND;ND;ND;ND;ND;ND;ND;ND;ND;ND;ND;ND;ND;ND;ND;ND,"""64,160,16""",FLOAT16,ND,N/A,0.0,0,0.0,0.0,0.0,0.0,0.0,0.0,0.0,0.0,0.0,0.0,0.0,8.099,534556,0.017,0.002,3.618,0.447,3.553,0.439,1.222,0.151,0.0,0.000
0,4294967295,120,47,aclnnMul_MulAiCore_Mul,Mul,dynamic,AI_VECTOR_CORE,1785698519178416.035	,327.346,0.000000,40,0,NO,"""4096,4096;4096,4096""",FLOAT;FLOAT,ND;ND,"""4096,4096""",FLOAT,ND,N/A,0.0,0,0.0,0.0,0.0,0.0,0.0,0.0,0.0,0.0,0.0,0.0,0.0,325.161,21460616,6.784,0.021,3.022,0.009,323.583,0.995,108.858,0.335,0.0,0.000
0,4294967295,121,47,Concat,Concat,dynamic,AI_VECTOR_CORE,1785698519178743.421	,11.021,0.154000,40,0,NO,"""64,1,16;64,2,16;64,3,16;64,4,16;64,1,16;64,2,16;64,3,16;64,4,16;64,1,16;64,2,16;64,3,16;64,4,16;64,1,16;64,2,16;64,3,16;64,4,16;64,1,16;64,2,16;64,3,16;64,4,16;64,1,16;64,2,16;64,3,16;64,4,16;64,1,16;64,2,16;64,3,16;64,4,16;64,1,16;64,2,16;64,3,16;64,4,16;64,1,16;64,2,16;64,3,16;64,4,16;64,1,16;64,2,16;64,3,16;64,4,16;64,1,16;64,2,16;64,3,16;64,4,16;64,1,16;64,2,16;64,3,16;64,4,16;64,1,16;64,2,16;64,3,16;64,4,16;64,1,16;64,2,16;64,3,16;64,4,16;64,1,16;64,2,16;64,3,16;64,4,16;64,1,16;64,2,16;64,3,16;64,4,16""",FLOAT16;FLOAT16;FLOAT16;FLOAT16;FLOAT16;FLOAT16;FLOAT16;FLOAT16;FLOAT16;FLOAT16;FLOAT16;FLOAT16;FLOAT16;FLOAT16;FLOAT16;FLOAT16;FLOAT16;FLOAT16;FLOAT16;FLOAT16;FLOAT16;FLOAT16;FLOAT16;FLOAT16;FLOAT16;FLOAT16;FLOAT16;FLOAT16;FLOAT16;FLOAT16;FLOAT16;FLOAT16;FLOAT16;FLOAT16;FLOAT16;FLOAT16;FLOAT16;FLOAT16;FLOAT16;FLOAT16;FLOAT16;FLOAT16;FLOAT16;FLOAT16;FLOAT16;FLOAT16;FLOAT16;FLOAT16;FLOAT16;FLOAT16;FLOAT16;FLOAT16;FLOAT16;FLOAT16;FLOAT16;FLOAT16;FLOAT16;FLOAT16;FLOAT16;FLOAT16;FLOAT16;FLOAT16;FLOAT16;FLOAT16,ND;ND;ND;ND;ND;ND;ND;ND;ND;ND;ND;ND;ND;ND;ND;ND;ND;ND;ND;ND;ND;ND;ND;ND;ND;ND;ND;ND;ND;ND;ND;ND;ND;ND;ND;ND;ND;ND;ND;ND;ND;ND;ND;ND;ND;ND;ND;ND;ND;ND;ND;ND;ND;ND;ND;ND;ND;ND;ND;ND;ND;ND;ND;ND,"""64,160,16""",FLOAT16,ND,N/A,0.0,0,0.0,0.0,0.0,0.0,0.0,0.0,0.0,0.0,0.0,0.0,0.0,8.097,534381,0.017,0.002,3.97,0.49,3.82,0.472,0.939,0.116,0.0,0.000
0,4294967295,122,47,aclnnMul_MulAiCore_Mul,Mul,dynamic,AI_VECTOR_CORE,1785698519178754.462	,327.946,0.000000,40,0,NO,"""4096,4096;4096,4096""",FLOAT;FLOAT,ND;ND,"""4096,4096""",FLOAT,ND,N/A,0.0,0,0.0,0.0,0.0,0.0,0.0,0.0,0.0,0.0,0.0,0.0,0.0,325.526,21484736,6.784,0.021,2.919,0.009,324.042,0.995,108.19,0.332,0.0,0.000
0,4294967295,123,47,Concat,Concat,dynamic,AI_VECTOR_CORE,1785698519179082.428	,11.020,0.054000,40,0,NO,"""64,1,16;64,2,16;64,3,16;64,4,16;64,1,16;64,2,16;64,3,16;64,4,16;64,1,16;64,2,16;64,3,16;64,4,16;64,1,16;64,2,16;64,3,16;64,4,16;64,1,16;64,2,16;64,3,16;64,4,16;64,1,16;64,2,16;64,3,16;64,4,16;64,1,16;64,2,16;64,3,16;64,4,16;64,1,16;64,2,16;64,3,16;64,4,16;64,1,16;64,2,16;64,3,16;64,4,16;64,1,16;64,2,16;64,3,16;64,4,16;64,1,16;64,2,16;64,3,16;64,4,16;64,1,16;64,2,16;64,3,16;64,4,16;64,1,16;64,2,16;64,3,16;64,4,16;64,1,16;64,2,16;64,3,16;64,4,16;64,1,16;64,2,16;64,3,16;64,4,16;64,1,16;64,2,16;64,3,16;64,4,16""",FLOAT16;FLOAT16;FLOAT16;FLOAT16;FLOAT16;FLOAT16;FLOAT16;FLOAT16;FLOAT16;FLOAT16;FLOAT16;FLOAT16;FLOAT16;FLOAT16;FLOAT16;FLOAT16;FLOAT16;FLOAT16;FLOAT16;FLOAT16;FLOAT16;FLOAT16;FLOAT16;FLOAT16;FLOAT16;FLOAT16;FLOAT16;FLOAT16;FLOAT16;FLOAT16;FLOAT16;FLOAT16;FLOAT16;FLOAT16;FLOAT16;FLOAT16;FLOAT16;FLOAT16;FLOAT16;FLOAT16;FLOAT16;FLOAT16;FLOAT16;FLOAT16;FLOAT16;FLOAT16;FLOAT16;FLOAT16;FLOAT16;FLOAT16;FLOAT16;FLOAT16;FLOAT16;FLOAT16;FLOAT16;FLOAT16;FLOAT16;FLOAT16;FLOAT16;FLOAT16;FLOAT16;FLOAT16;FLOAT16;FLOAT16,ND;ND;ND;ND;ND;ND;ND;ND;ND;ND;ND;ND;ND;ND;ND;ND;ND;ND;ND;ND;ND;ND;ND;ND;ND;ND;ND;ND;ND;ND;ND;ND;ND;ND;ND;ND;ND;ND;ND;ND;ND;ND;ND;ND;ND;ND;ND;ND;ND;ND;ND;ND;ND;ND;ND;ND;ND;ND;ND;ND;ND;ND;ND;ND,"""64,160,16""",FLOAT16,ND,N/A,0.0,0,0.0,0.0,0.0,0.0,0.0,0.0,0.0,0.0,0.0,0.0,0.0,8.885,586421,0.017,0.002,4.611,0.519,3.71,0.418,1.023,0.115,0.0,0.000
0,4294967295,124,47,aclnnMul_MulAiCore_Mul,Mul,dynamic,AI_VECTOR_CORE,1785698519179093.468	,326.487,0.000000,40,0,NO,"""4096,4096;4096,4096""",FLOAT;FLOAT,ND;ND,"""4096,4096""",FLOAT,ND,N/A,0.0,0,0.0,0.0,0.0,0.0,0.0,0.0,0.0,0.0,0.0,0.0,0.0,324.674,21428465,6.784,0.021,3.054,0.009,323.081,0.995,108.713,0.335,0.0,0.000
0,4294967295,125,47,Concat,Concat,dynamic,AI_VECTOR_CORE,1785698519179419.975	,9.440,0.013000,40,0,NO,"""64,1,16;64,2,16;64,3,16;64,4,16;64,1,16;64,2,16;64,3,16;64,4,16;64,1,16;64,2,16;64,3,16;64,4,16;64,1,16;64,2,16;64,3,16;64,4,16;64,1,16;64,2,16;64,3,16;64,4,16;64,1,16;64,2,16;64,3,16;64,4,16;64,1,16;64,2,16;64,3,16;64,4,16;64,1,16;64,2,16;64,3,16;64,4,16;64,1,16;64,2,16;64,3,16;64,4,16;64,1,16;64,2,16;64,3,16;64,4,16;64,1,16;64,2,16;64,3,16;64,4,16;64,1,16;64,2,16;64,3,16;64,4,16;64,1,16;64,2,16;64,3,16;64,4,16;64,1,16;64,2,16;64,3,16;64,4,16;64,1,16;64,2,16;64,3,16;64,4,16;64,1,16;64,2,16;64,3,16;64,4,16""",FLOAT16;FLOAT16;FLOAT16;FLOAT16;FLOAT16;FLOAT16;FLOAT16;FLOAT16;FLOAT16;FLOAT16;FLOAT16;FLOAT16;FLOAT16;FLOAT16;FLOAT16;FLOAT16;FLOAT16;FLOAT16;FLOAT16;FLOAT16;FLOAT16;FLOAT16;FLOAT16;FLOAT16;FLOAT16;FLOAT16;FLOAT16;FLOAT16;FLOAT16;FLOAT16;FLOAT16;FLOAT16;FLOAT16;FLOAT16;FLOAT16;FLOAT16;FLOAT16;FLOAT16;FLOAT16;FLOAT16;FLOAT16;FLOAT16;FLOAT16;FLOAT16;FLOAT16;FLOAT16;FLOAT16;FLOAT16;FLOAT16;FLOAT16;FLOAT16;FLOAT16;FLOAT16;FLOAT16;FLOAT16;FLOAT16;FLOAT16;FLOAT16;FLOAT16;FLOAT16;FLOAT16;FLOAT16;FLOAT16;FLOAT16,ND;ND;ND;ND;ND;ND;ND;ND;ND;ND;ND;ND;ND;ND;ND;ND;ND;ND;ND;ND;ND;ND;ND;ND;ND;ND;ND;ND;ND;ND;ND;ND;ND;ND;ND;ND;ND;ND;ND;ND;ND;ND;ND;ND;ND;ND;ND;ND;ND;ND;ND;ND;ND;ND;ND;ND;ND;ND;ND;ND;ND;ND;ND;ND,"""64,160,16""",FLOAT16,ND,N/A,0.0,0,0.0,0.0,0.0,0.0,0.0,0.0,0.0,0.0,0.0,0.0,0.0,7.015,463013,0.017,0.002,3.741,0.533,2.586,0.369,1.055,0.15,0.0,0.000
0,4294967295,126,47,aclnnMul_MulAiCore_Mul,Mul,dynamic,AI_VECTOR_CORE,1785698519179429.435	,326.927,0.060000,40,0,NO,"""4096,4096;4096,4096""",FLOAT;FLOAT,ND;ND,"""4096,4096""",FLOAT,ND,N/A,0.0,0,0.0,0.0,0.0,0.0,0.0,0.0,0.0,0.0,0.0,0.0,0.0,325.086,21455687,6.784,0.021,2.924,0.009,323.629,0.996,108.041,0.332,0.0,0.000
0,4294967295,127,47,Concat,Concat,dynamic,AI_VECTOR_CORE,1785698519179756.382	,9.320,0.073000,40,0,NO,"""64,1,16;64,2,16;64,3,16;64,4,16;64,1,16;64,2,16;64,3,16;64,4,16;64,1,16;64,2,16;64,3,16;64,4,16;64,1,16;64,2,16;64,3,16;64,4,16;64,1,16;64,2,16;64,3,16;64,4,16;64,1,16;64,2,16;64,3,16;64,4,16;64,1,16;64,2,16;64,3,16;64,4,16;64,1,16;64,2,16;64,3,16;64,4,16;64,1,16;64,2,16;64,3,16;64,4,16;64,1,16;64,2,16;64,3,16;64,4,16;64,1,16;64,2,16;64,3,16;64,4,16;64,1,16;64,2,16;64,3,16;64,4,16;64,1,16;64,2,16;64,3,16;64,4,16;64,1,16;64,2,16;64,3,16;64,4,16;64,1,16;64,2,16;64,3,16;64,4,16;64,1,16;64,2,16;64,3,16;64,4,16""",FLOAT16;FLOAT16;FLOAT16;FLOAT16;FLOAT16;FLOAT16;FLOAT16;FLOAT16;FLOAT16;FLOAT16;FLOAT16;FLOAT16;FLOAT16;FLOAT16;FLOAT16;FLOAT16;FLOAT16;FLOAT16;FLOAT16;FLOAT16;FLOAT16;FLOAT16;FLOAT16;FLOAT16;FLOAT16;FLOAT16;FLOAT16;FLOAT16;FLOAT16;FLOAT16;FLOAT16;FLOAT16;FLOAT16;FLOAT16;FLOAT16;FLOAT16;FLOAT16;FLOAT16;FLOAT16;FLOAT16;FLOAT16;FLOAT16;FLOAT16;FLOAT16;FLOAT16;FLOAT16;FLOAT16;FLOAT16;FLOAT16;FLOAT16;FLOAT16;FLOAT16;FLOAT16;FLOAT16;FLOAT16;FLOAT16;FLOAT16;FLOAT16;FLOAT16;FLOAT16;FLOAT16;FLOAT16;FLOAT16;FLOAT16,ND;ND;ND;ND;ND;ND;ND;ND;ND;ND;ND;ND;ND;ND;ND;ND;ND;ND;ND;ND;ND;ND;ND;ND;ND;ND;ND;ND;ND;ND;ND;ND;ND;ND;ND;ND;ND;ND;ND;ND;ND;ND;ND;ND;ND;ND;ND;ND;ND;ND;ND;ND;ND;ND;ND;ND;ND;ND;ND;ND;ND;ND;ND;ND,"""64,160,16""",FLOAT16,ND,N/A,0.0,0,0.0,0.0,0.0,0.0,0.0,0.0,0.0,0.0,0.0,0.0,0.0,7.09,467944,0.017,0.002,3.648,0.515,2.808,0.396,1.074,0.152,0.0,0.000
0,4294967295,128,47,aclnnMul_MulAiCore_Mul,Mul,dynamic,AI_VECTOR_CORE,1785698519179765.722	,326.866,0.000000,40,0,NO,"""4096,4096;4096,4096""",FLOAT;FLOAT,ND;ND,"""4096,4096""",FLOAT,ND,N/A,0.0,0,0.0,0.0,0.0,0.0,0.0,0.0,0.0,0.0,0.0,0.0,0.0,324.629,21425541,6.784,0.021,3.03,0.009,323.059,0.995,109.613,0.338,0.0,0.000
0,4294967295,129,47,Concat,Concat,dynamic,AI_VECTOR_CORE,1785698519180092.608	,11.521,0.000000,40,0,NO,"""64,1,16;64,2,16;64,3,16;64,4,16;64,1,16;64,2,16;64,3,16;64,4,16;64,1,16;64,2,16;64,3,16;64,4,16;64,1,16;64,2,16;64,3,16;64,4,16;64,1,16;64,2,16;64,3,16;64,4,16;64,1,16;64,2,16;64,3,16;64,4,16;64,1,16;64,2,16;64,3,16;64,4,16;64,1,16;64,2,16;64,3,16;64,4,16;64,1,16;64,2,16;64,3,16;64,4,16;64,1,16;64,2,16;64,3,16;64,4,16;64,1,16;64,2,16;64,3,16;64,4,16;64,1,16;64,2,16;64,3,16;64,4,16;64,1,16;64,2,16;64,3,16;64,4,16;64,1,16;64,2,16;64,3,16;64,4,16;64,1,16;64,2,16;64,3,16;64,4,16;64,1,16;64,2,16;64,3,16;64,4,16""",FLOAT16;FLOAT16;FLOAT16;FLOAT16;FLOAT16;FLOAT16;FLOAT16;FLOAT16;FLOAT16;FLOAT16;FLOAT16;FLOAT16;FLOAT16;FLOAT16;FLOAT16;FLOAT16;FLOAT16;FLOAT16;FLOAT16;FLOAT16;FLOAT16;FLOAT16;FLOAT16;FLOAT16;FLOAT16;FLOAT16;FLOAT16;FLOAT16;FLOAT16;FLOAT16;FLOAT16;FLOAT16;FLOAT16;FLOAT16;FLOAT16;FLOAT16;FLOAT16;FLOAT16;FLOAT16;FLOAT16;FLOAT16;FLOAT16;FLOAT16;FLOAT16;FLOAT16;FLOAT16;FLOAT16;FLOAT16;FLOAT16;FLOAT16;FLOAT16;FLOAT16;FLOAT16;FLOAT16;FLOAT16;FLOAT16;FLOAT16;FLOAT16;FLOAT16;FLOAT16;FLOAT16;FLOAT16;FLOAT16;FLOAT16,ND;ND;ND;ND;ND;ND;ND;ND;ND;ND;ND;ND;ND;ND;ND;ND;ND;ND;ND;ND;ND;ND;ND;ND;ND;ND;ND;ND;ND;ND;ND;ND;ND;ND;ND;ND;ND;ND;ND;ND;ND;ND;ND;ND;ND;ND;ND;ND;ND;ND;ND;ND;ND;ND;ND;ND;ND;ND;ND;ND;ND;ND;ND;ND,"""64,160,16""",FLOAT16,ND,N/A,0.0,0,0.0,0.0,0.0,0.0,0.0,0.0,0.0,0.0,0.0,0.0,0.0,8.583,566479,0.017,0.002,3.888,0.453,4.213,0.491,0.993,0.116,0.0,0.000
0,4294967295,130,47,aclnnMul_MulAiCore_Mul,Mul,dynamic,AI_VECTOR_CORE,1785698519180104.149	,327.746,0.229000,40,0,NO,"""4096,4096;4096,4096""",FLOAT;FLOAT,ND;ND,"""4096,4096""",FLOAT,ND,N/A,0.0,0,0.0,0.0,0.0,0.0,0.0,0.0,0.0,0.0,0.0,0.0,0.0,325.85,21506101,6.784,0.021,2.929,0.009,324.374,0.995,109.95,0.337,0.0,0.000
0,4294967295,131,47,Concat,Concat,dynamic,AI_VECTOR_CORE,1785698519180431.915	,12.380,0.004000,40,0,NO,"""64,1,16;64,2,16;64,3,16;64,4,16;64,1,16;64,2,16;64,3,16;64,4,16;64,1,16;64,2,16;64,3,16;64,4,16;64,1,16;64,2,16;64,3,16;64,4,16;64,1,16;64,2,16;64,3,16;64,4,16;64,1,16;64,2,16;64,3,16;64,4,16;64,1,16;64,2,16;64,3,16;64,4,16;64,1,16;64,2,16;64,3,16;64,4,16;64,1,16;64,2,16;64,3,16;64,4,16;64,1,16;64,2,16;64,3,16;64,4,16;64,1,16;64,2,16;64,3,16;64,4,16;64,1,16;64,2,16;64,3,16;64,4,16;64,1,16;64,2,16;64,3,16;64,4,16;64,1,16;64,2,16;64,3,16;64,4,16;64,1,16;64,2,16;64,3,16;64,4,16;64,1,16;64,2,16;64,3,16;64,4,16""",FLOAT16;FLOAT16;FLOAT16;FLOAT16;FLOAT16;FLOAT16;FLOAT16;FLOAT16;FLOAT16;FLOAT16;FLOAT16;FLOAT16;FLOAT16;FLOAT16;FLOAT16;FLOAT16;FLOAT16;FLOAT16;FLOAT16;FLOAT16;FLOAT16;FLOAT16;FLOAT16;FLOAT16;FLOAT16;FLOAT16;FLOAT16;FLOAT16;FLOAT16;FLOAT16;FLOAT16;FLOAT16;FLOAT16;FLOAT16;FLOAT16;FLOAT16;FLOAT16;FLOAT16;FLOAT16;FLOAT16;FLOAT16;FLOAT16;FLOAT16;FLOAT16;FLOAT16;FLOAT16;FLOAT16;FLOAT16;FLOAT16;FLOAT16;FLOAT16;FLOAT16;FLOAT16;FLOAT16;FLOAT16;FLOAT16;FLOAT16;FLOAT16;FLOAT16;FLOAT16;FLOAT16;FLOAT16;FLOAT16;FLOAT16,ND;ND;ND;ND;ND;ND;ND;ND;ND;ND;ND;ND;ND;ND;ND;ND;ND;ND;ND;ND;ND;ND;ND;ND;ND;ND;ND;ND;ND;ND;ND;ND;ND;ND;ND;ND;ND;ND;ND;ND;ND;ND;ND;ND;ND;ND;ND;ND;ND;ND;ND;ND;ND;ND;ND;ND;ND;ND;ND;ND;ND;ND;ND;ND,"""64,160,16""",FLOAT16,ND,N/A,0.0,0,0.0,0.0,0.0,0.0,0.0,0.0,0.0,0.0,0.0,0.0,0.0,9.08,599260,0.017,0.002,4.232,0.466,4.531,0.499,1.086,0.12,0.0,0.000
0,4294967295,132,47,aclnnMul_MulAiCore_Mul,Mul,dynamic,AI_VECTOR_CORE,1785698519180444.315	,329.247,0.000000,40,0,NO,"""4096,4096;4096,4096""",FLOAT;FLOAT,ND;ND,"""4096,4096""",FLOAT,ND,N/A,0.0,0,0.0,0.0,0.0,0.0,0.0,0.0,0.0,0.0,0.0,0.0,0.0,326.511,21549758,6.784,0.021,2.998,0.009,324.956,0.995,110.137,0.337,0.0,0.000
0,4294967295,133,47,Concat,Concat,dynamic,AI_VECTOR_CORE,1785698519180773.582	,10.220,0.003000,40,0,NO,"""64,1,16;64,2,16;64,3,16;64,4,16;64,1,16;64,2,16;64,3,16;64,4,16;64,1,16;64,2,16;64,3,16;64,4,16;64,1,16;64,2,16;64,3,16;64,4,16;64,1,16;64,2,16;64,3,16;64,4,16;64,1,16;64,2,16;64,3,16;64,4,16;64,1,16;64,2,16;64,3,16;64,4,16;64,1,16;64,2,16;64,3,16;64,4,16;64,1,16;64,2,16;64,3,16;64,4,16;64,1,16;64,2,16;64,3,16;64,4,16;64,1,16;64,2,16;64,3,16;64,4,16;64,1,16;64,2,16;64,3,16;64,4,16;64,1,16;64,2,16;64,3,16;64,4,16;64,1,16;64,2,16;64,3,16;64,4,16;64,1,16;64,2,16;64,3,16;64,4,16;64,1,16;64,2,16;64,3,16;64,4,16""",FLOAT16;FLOAT16;FLOAT16;FLOAT16;FLOAT16;FLOAT16;FLOAT16;FLOAT16;FLOAT16;FLOAT16;FLOAT16;FLOAT16;FLOAT16;FLOAT16;FLOAT16;FLOAT16;FLOAT16;FLOAT16;FLOAT16;FLOAT16;FLOAT16;FLOAT16;FLOAT16;FLOAT16;FLOAT16;FLOAT16;FLOAT16;FLOAT16;FLOAT16;FLOAT16;FLOAT16;FLOAT16;FLOAT16;FLOAT16;FLOAT16;FLOAT16;FLOAT16;FLOAT16;FLOAT16;FLOAT16;FLOAT16;FLOAT16;FLOAT16;FLOAT16;FLOAT16;FLOAT16;FLOAT16;FLOAT16;FLOAT16;FLOAT16;FLOAT16;FLOAT16;FLOAT16;FLOAT16;FLOAT16;FLOAT16;FLOAT16;FLOAT16;FLOAT16;FLOAT16;FLOAT16;FLOAT16;FLOAT16;FLOAT16,ND;ND;ND;ND;ND;ND;ND;ND;ND;ND;ND;ND;ND;ND;ND;ND;ND;ND;ND;ND;ND;ND;ND;ND;ND;ND;ND;ND;ND;ND;ND;ND;ND;ND;ND;ND;ND;ND;ND;ND;ND;ND;ND;ND;ND;ND;ND;ND;ND;ND;ND;ND;ND;ND;ND;ND;ND;ND;ND;ND;ND;ND;ND;ND,"""64,160,16""",FLOAT16,ND,N/A,0.0,0,0.0,0.0,0.0,0.0,0.0,0.0,0.0,0.0,0.0,0.0,0.0,7.522,496446,0.017,0.002,3.627,0.482,3.325,0.442,0.913,0.121,0.0,0.000
0,4294967295,134,47,aclnnMul_MulAiCore_Mul,Mul,dynamic,AI_VECTOR_CORE,1785698519180783.822	,327.687,0.030000,40,0,NO,"""4096,4096;4096,4096""",FLOAT;FLOAT,ND;ND,"""4096,4096""",FLOAT,ND,N/A,0.0,0,0.0,0.0,0.0,0.0,0.0,0.0,0.0,0.0,0.0,0.0,0.0,325.595,21489288,6.784,0.021,2.908,0.009,324.142,0.996,108.829,0.334,0.0,0.000
0,4294967295,135,47,Concat,Concat,dynamic,AI_VECTOR_CORE,1785698519181111.529	,10.680,0.063000,40,0,NO,"""64,1,16;64,2,16;64,3,16;64,4,16;64,1,16;64,2,16;64,3,16;64,4,16;64,1,16;64,2,16;64,3,16;64,4,16;64,1,16;64,2,16;64,3,16;64,4,16;64,1,16;64,2,16;64,3,16;64,4,16;64,1,16;64,2,16;64,3,16;64,4,16;64,1,16;64,2,16;64,3,16;64,4,16;64,1,16;64,2,16;64,3,16;64,4,16;64,1,16;64,2,16;64,3,16;64,4,16;64,1,16;64,2,16;64,3,16;64,4,16;64,1,16;64,2,16;64,3,16;64,4,16;64,1,16;64,2,16;64,3,16;64,4,16;64,1,16;64,2,16;64,3,16;64,4,16;64,1,16;64,2,16;64,3,16;64,4,16;64,1,16;64,2,16;64,3,16;64,4,16;64,1,16;64,2,16;64,3,16;64,4,16""",FLOAT16;FLOAT16;FLOAT16;FLOAT16;FLOAT16;FLOAT16;FLOAT16;FLOAT16;FLOAT16;FLOAT16;FLOAT16;FLOAT16;FLOAT16;FLOAT16;FLOAT16;FLOAT16;FLOAT16;FLOAT16;FLOAT16;FLOAT16;FLOAT16;FLOAT16;FLOAT16;FLOAT16;FLOAT16;FLOAT16;FLOAT16;FLOAT16;FLOAT16;FLOAT16;FLOAT16;FLOAT16;FLOAT16;FLOAT16;FLOAT16;FLOAT16;FLOAT16;FLOAT16;FLOAT16;FLOAT16;FLOAT16;FLOAT16;FLOAT16;FLOAT16;FLOAT16;FLOAT16;FLOAT16;FLOAT16;FLOAT16;FLOAT16;FLOAT16;FLOAT16;FLOAT16;FLOAT16;FLOAT16;FLOAT16;FLOAT16;FLOAT16;FLOAT16;FLOAT16;FLOAT16;FLOAT16;FLOAT16;FLOAT16,ND;ND;ND;ND;ND;ND;ND;ND;ND;ND;ND;ND;ND;ND;ND;ND;ND;ND;ND;ND;ND;ND;ND;ND;ND;ND;ND;ND;ND;ND;ND;ND;ND;ND;ND;ND;ND;ND;ND;ND;ND;ND;ND;ND;ND;ND;ND;ND;ND;ND;ND;ND;ND;ND;ND;ND;ND;ND;ND;ND;ND;ND;ND;ND,"""64,160,16""",FLOAT16,ND,N/A,0.0,0,0.0,0.0,0.0,0.0,0.0,0.0,0.0,0.0,0.0,0.0,0.0,7.88,520055,0.017,0.002,3.89,0.494,3.449,0.438,1.056,0.134,0.0,0.000
0,4294967295,136,47,aclnnMul_MulAiCore_Mul,Mul,dynamic,AI_VECTOR_CORE,1785698519181122.229	,326.826,0.070000,40,0,NO,"""4096,4096;4096,4096""",FLOAT;FLOAT,ND;ND,"""4096,4096""",FLOAT,ND,N/A,0.0,0,0.0,0.0,0.0,0.0,0.0,0.0,0.0,0.0,0.0,0.0,0.0,325.122,21458073,6.784,0.021,3.107,0.01,323.511,0.995,107.763,0.331,0.0,0.000
0,4294967295,137,47,Concat,Concat,dynamic,AI_VECTOR_CORE,1785698519181449.095	,11.541,0.000000,40,0,NO,"""64,1,16;64,2,16;64,3,16;64,4,16;64,1,16;64,2,16;64,3,16;64,4,16;64,1,16;64,2,16;64,3,16;64,4,16;64,1,16;64,2,16;64,3,16;64,4,16;64,1,16;64,2,16;64,3,16;64,4,16;64,1,16;64,2,16;64,3,16;64,4,16;64,1,16;64,2,16;64,3,16;64,4,16;64,1,16;64,2,16;64,3,16;64,4,16;64,1,16;64,2,16;64,3,16;64,4,16;64,1,16;64,2,16;64,3,16;64,4,16;64,1,16;64,2,16;64,3,16;64,4,16;64,1,16;64,2,16;64,3,16;64,4,16;64,1,16;64,2,16;64,3,16;64,4,16;64,1,16;64,2,16;64,3,16;64,4,16;64,1,16;64,2,16;64,3,16;64,4,16;64,1,16;64,2,16;64,3,16;64,4,16""",FLOAT16;FLOAT16;FLOAT16;FLOAT16;FLOAT16;FLOAT16;FLOAT16;FLOAT16;FLOAT16;FLOAT16;FLOAT16;FLOAT16;FLOAT16;FLOAT16;FLOAT16;FLOAT16;FLOAT16;FLOAT16;FLOAT16;FLOAT16;FLOAT16;FLOAT16;FLOAT16;FLOAT16;FLOAT16;FLOAT16;FLOAT16;FLOAT16;FLOAT16;FLOAT16;FLOAT16;FLOAT16;FLOAT16;FLOAT16;FLOAT16;FLOAT16;FLOAT16;FLOAT16;FLOAT16;FLOAT16;FLOAT16;FLOAT16;FLOAT16;FLOAT16;FLOAT16;FLOAT16;FLOAT16;FLOAT16;FLOAT16;FLOAT16;FLOAT16;FLOAT16;FLOAT16;FLOAT16;FLOAT16;FLOAT16;FLOAT16;FLOAT16;FLOAT16;FLOAT16;FLOAT16;FLOAT16;FLOAT16;FLOAT16,ND;ND;ND;ND;ND;ND;ND;ND;ND;ND;ND;ND;ND;ND;ND;ND;ND;ND;ND;ND;ND;ND;ND;ND;ND;ND;ND;ND;ND;ND;ND;ND;ND;ND;ND;ND;ND;ND;ND;ND;ND;ND;ND;ND;ND;ND;ND;ND;ND;ND;ND;ND;ND;ND;ND;ND;ND;ND;ND;ND;ND;ND;ND;ND,"""64,160,16""",FLOAT16,ND,N/A,0.0,0,0.0,0.0,0.0,0.0,0.0,0.0,0.0,0.0,0.0,0.0,0.0,9.074,598909,0.017,0.002,4.678,0.515,3.808,0.42,0.988,0.109,0.0,0.000
0,4294967295,138,47,aclnnMul_MulAiCore_Mul,Mul,dynamic,AI_VECTOR_CORE,1785698519181460.656	,327.546,0.209000,40,0,NO,"""4096,4096;4096,4096""",FLOAT;FLOAT,ND;ND,"""4096,4096""",FLOAT,ND,N/A,0.0,0,0.0,0.0,0.0,0.0,0.0,0.0,0.0,0.0,0.0,0.0,0.0,325.334,21472021,6.784,0.021,3.121,0.01,323.699,0.995,109.508,0.337,0.0,0.000
0,4294967295,139,47,Concat,Concat,dynamic,AI_VECTOR_CORE,1785698519181788.222	,11.360,0.000000,40,0,NO,"""64,1,16;64,2,16;64,3,16;64,4,16;64,1,16;64,2,16;64,3,16;64,4,16;64,1,16;64,2,16;64,3,16;64,4,16;64,1,16;64,2,16;64,3,16;64,4,16;64,1,16;64,2,16;64,3,16;64,4,16;64,1,16;64,2,16;64,3,16;64,4,16;64,1,16;64,2,16;64,3,16;64,4,16;64,1,16;64,2,16;64,3,16;64,4,16;64,1,16;64,2,16;64,3,16;64,4,16;64,1,16;64,2,16;64,3,16;64,4,16;64,1,16;64,2,16;64,3,16;64,4,16;64,1,16;64,2,16;64,3,16;64,4,16;64,1,16;64,2,16;64,3,16;64,4,16;64,1,16;64,2,16;64,3,16;64,4,16;64,1,16;64,2,16;64,3,16;64,4,16;64,1,16;64,2,16;64,3,16;64,4,16""",FLOAT16;FLOAT16;FLOAT16;FLOAT16;FLOAT16;FLOAT16;FLOAT16;FLOAT16;FLOAT16;FLOAT16;FLOAT16;FLOAT16;FLOAT16;FLOAT16;FLOAT16;FLOAT16;FLOAT16;FLOAT16;FLOAT16;FLOAT16;FLOAT16;FLOAT16;FLOAT16;FLOAT16;FLOAT16;FLOAT16;FLOAT16;FLOAT16;FLOAT16;FLOAT16;FLOAT16;FLOAT16;FLOAT16;FLOAT16;FLOAT16;FLOAT16;FLOAT16;FLOAT16;FLOAT16;FLOAT16;FLOAT16;FLOAT16;FLOAT16;FLOAT16;FLOAT16;FLOAT16;FLOAT16;FLOAT16;FLOAT16;FLOAT16;FLOAT16;FLOAT16;FLOAT16;FLOAT16;FLOAT16;FLOAT16;FLOAT16;FLOAT16;FLOAT16;FLOAT16;FLOAT16;FLOAT16;FLOAT16;FLOAT16,ND;ND;ND;ND;ND;ND;ND;ND;ND;ND;ND;ND;ND;ND;ND;ND;ND;ND;ND;ND;ND;ND;ND;ND;ND;ND;ND;ND;ND;ND;ND;ND;ND;ND;ND;ND;ND;ND;ND;ND;ND;ND;ND;ND;ND;ND;ND;ND;ND;ND;ND;ND;ND;ND;ND;ND;ND;ND;ND;ND;ND;ND;ND;ND,"""64,160,16""",FLOAT16,ND,N/A,0.0,0,0.0,0.0,0.0,0.0,0.0,0.0,0.0,0.0,0.0,0.0,0.0,8.769,578747,0.017,0.002,4.213,0.48,3.944,0.45,1.11,0.127,0.0,0.000
0,4294967295,140,47,aclnnMul_MulAiCore_Mul,Mul,dynamic,AI_VECTOR_CORE,1785698519181799.602	,328.267,0.000000,40,0,NO,"""4096,4096;4096,4096""",FLOAT;FLOAT,ND;ND,"""4096,4096""",FLOAT,ND,N/A,0.0,0,0.0,0.0,0.0,0.0,0.0,0.0,0.0,0.0,0.0,0.0,0.0,325.879,21508006,6.784,0.021,3.057,0.009,324.245,0.995,110.027,0.338,0.0,0.000
0,4294967295,141,47,Concat,Concat,dynamic,AI_VECTOR_CORE,1785698519182127.889	,9.800,0.233000,40,0,NO,"""64,1,16;64,2,16;64,3,16;64,4,16;64,1,16;64,2,16;64,3,16;64,4,16;64,1,16;64,2,16;64,3,16;64,4,16;64,1,16;64,2,16;64,3,16;64,4,16;64,1,16;64,2,16;64,3,16;64,4,16;64,1,16;64,2,16;64,3,16;64,4,16;64,1,16;64,2,16;64,3,16;64,4,16;64,1,16;64,2,16;64,3,16;64,4,16;64,1,16;64,2,16;64,3,16;64,4,16;64,1,16;64,2,16;64,3,16;64,4,16;64,1,16;64,2,16;64,3,16;64,4,16;64,1,16;64,2,16;64,3,16;64,4,16;64,1,16;64,2,16;64,3,16;64,4,16;64,1,16;64,2,16;64,3,16;64,4,16;64,1,16;64,2,16;64,3,16;64,4,16;64,1,16;64,2,16;64,3,16;64,4,16""",FLOAT16;FLOAT16;FLOAT16;FLOAT16;FLOAT16;FLOAT16;FLOAT16;FLOAT16;FLOAT16;FLOAT16;FLOAT16;FLOAT16;FLOAT16;FLOAT16;FLOAT16;FLOAT16;FLOAT16;FLOAT16;FLOAT16;FLOAT16;FLOAT16;FLOAT16;FLOAT16;FLOAT16;FLOAT16;FLOAT16;FLOAT16;FLOAT16;FLOAT16;FLOAT16;FLOAT16;FLOAT16;FLOAT16;FLOAT16;FLOAT16;FLOAT16;FLOAT16;FLOAT16;FLOAT16;FLOAT16;FLOAT16;FLOAT16;FLOAT16;FLOAT16;FLOAT16;FLOAT16;FLOAT16;FLOAT16;FLOAT16;FLOAT16;FLOAT16;FLOAT16;FLOAT16;FLOAT16;FLOAT16;FLOAT16;FLOAT16;FLOAT16;FLOAT16;FLOAT16;FLOAT16;FLOAT16;FLOAT16;FLOAT16,ND;ND;ND;ND;ND;ND;ND;ND;ND;ND;ND;ND;ND;ND;ND;ND;ND;ND;ND;ND;ND;ND;ND;ND;ND;ND;ND;ND;ND;ND;ND;ND;ND;ND;ND;ND;ND;ND;ND;ND;ND;ND;ND;ND;ND;ND;ND;ND;ND;ND;ND;ND;ND;ND;ND;ND;ND;ND;ND;ND;ND;ND;ND;ND,"""64,160,16""",FLOAT16,ND,N/A,0.0,0,0.0,0.0,0.0,0.0,0.0,0.0,0.0,0.0,0.0,0.0,0.0,7.308,482350,0.017,0.002,3.715,0.508,2.929,0.401,1.093,0.15,0.0,0.000
0,4294967295,142,47,aclnnMul_MulAiCore_Mul,Mul,dynamic,AI_VECTOR_CORE,1785698519182137.709	,327.507,0.000000,40,0,NO,"""4096,4096;4096,4096""",FLOAT;FLOAT,ND;ND,"""4096,4096""",FLOAT,ND,N/A,0.0,0,0.0,0.0,0.0,0.0,0.0,0.0,0.0,0.0,0.0,0.0,0.0,325.478,21481549,6.784,0.021,3.01,0.009,323.941,0.995,108.271,0.333,0.0,0.000
0,4294967295,143,47,Concat,Concat,dynamic,AI_VECTOR_CORE,1785698519182465.236	,9.520,0.000000,40,0,NO,"""64,1,16;64,2,16;64,3,16;64,4,16;64,1,16;64,2,16;64,3,16;64,4,16;64,1,16;64,2,16;64,3,16;64,4,16;64,1,16;64,2,16;64,3,16;64,4,16;64,1,16;64,2,16;64,3,16;64,4,16;64,1,16;64,2,16;64,3,16;64,4,16;64,1,16;64,2,16;64,3,16;64,4,16;64,1,16;64,2,16;64,3,16;64,4,16;64,1,16;64,2,16;64,3,16;64,4,16;64,1,16;64,2,16;64,3,16;64,4,16;64,1,16;64,2,16;64,3,16;64,4,16;64,1,16;64,2,16;64,3,16;64,4,16;64,1,16;64,2,16;64,3,16;64,4,16;64,1,16;64,2,16;64,3,16;64,4,16;64,1,16;64,2,16;64,3,16;64,4,16;64,1,16;64,2,16;64,3,16;64,4,16""",FLOAT16;FLOAT16;FLOAT16;FLOAT16;FLOAT16;FLOAT16;FLOAT16;FLOAT16;FLOAT16;FLOAT16;FLOAT16;FLOAT16;FLOAT16;FLOAT16;FLOAT16;FLOAT16;FLOAT16;FLOAT16;FLOAT16;FLOAT16;FLOAT16;FLOAT16;FLOAT16;FLOAT16;FLOAT16;FLOAT16;FLOAT16;FLOAT16;FLOAT16;FLOAT16;FLOAT16;FLOAT16;FLOAT16;FLOAT16;FLOAT16;FLOAT16;FLOAT16;FLOAT16;FLOAT16;FLOAT16;FLOAT16;FLOAT16;FLOAT16;FLOAT16;FLOAT16;FLOAT16;FLOAT16;FLOAT16;FLOAT16;FLOAT16;FLOAT16;FLOAT16;FLOAT16;FLOAT16;FLOAT16;FLOAT16;FLOAT16;FLOAT16;FLOAT16;FLOAT16;FLOAT16;FLOAT16;FLOAT16;FLOAT16,ND;ND;ND;ND;ND;ND;ND;ND;ND;ND;ND;ND;ND;ND;ND;ND;ND;ND;ND;ND;ND;ND;ND;ND;ND;ND;ND;ND;ND;ND;ND;ND;ND;ND;ND;ND;ND;ND;ND;ND;ND;ND;ND;ND;ND;ND;ND;ND;ND;ND;ND;ND;ND;ND;ND;ND;ND;ND;ND;ND;ND;ND;ND;ND,"""64,160,16""",FLOAT16,ND,N/A,0.0,0,0.0,0.0,0.0,0.0,0.0,0.0,0.0,0.0,0.0,0.0,0.0,7.055,465623,0.017,0.002,3.503,0.497,2.688,0.381,1.184,0.168,0.0,0.000
0,4294967295,144,47,aclnnMul_MulAiCore_Mul,Mul,dynamic,AI_VECTOR_CORE,1785698519182474.776	,327.646,0.000000,40,0,NO,"""4096,4096;4096,4096""",FLOAT;FLOAT,ND;ND,"""4096,4096""",FLOAT,ND,N/A,0.0,0,0.0,0.0,0.0,0.0,0.0,0.0,0.0,0.0,0.0,0.0,0.0,326.176,21527628,6.784,0.021,2.939,0.009,324.726,0.996,109.922,0.337,0.0,0.000
0,4294967295,145,47,Concat,Concat,dynamic,AI_VECTOR_CORE,1785698519182802.442	,11.001,0.104000,40,0,NO,"""64,1,16;64,2,16;64,3,16;64,4,16;64,1,16;64,2,16;64,3,16;64,4,16;64,1,16;64,2,16;64,3,16;64,4,16;64,1,16;64,2,16;64,3,16;64,4,16;64,1,16;64,2,16;64,3,16;64,4,16;64,1,16;64,2,16;64,3,16;64,4,16;64,1,16;64,2,16;64,3,16;64,4,16;64,1,16;64,2,16;64,3,16;64,4,16;64,1,16;64,2,16;64,3,16;64,4,16;64,1,16;64,2,16;64,3,16;64,4,16;64,1,16;64,2,16;64,3,16;64,4,16;64,1,16;64,2,16;64,3,16;64,4,16;64,1,16;64,2,16;64,3,16;64,4,16;64,1,16;64,2,16;64,3,16;64,4,16;64,1,16;64,2,16;64,3,16;64,4,16;64,1,16;64,2,16;64,3,16;64,4,16""",FLOAT16;FLOAT16;FLOAT16;FLOAT16;FLOAT16;FLOAT16;FLOAT16;FLOAT16;FLOAT16;FLOAT16;FLOAT16;FLOAT16;FLOAT16;FLOAT16;FLOAT16;FLOAT16;FLOAT16;FLOAT16;FLOAT16;FLOAT16;FLOAT16;FLOAT16;FLOAT16;FLOAT16;FLOAT16;FLOAT16;FLOAT16;FLOAT16;FLOAT16;FLOAT16;FLOAT16;FLOAT16;FLOAT16;FLOAT16;FLOAT16;FLOAT16;FLOAT16;FLOAT16;FLOAT16;FLOAT16;FLOAT16;FLOAT16;FLOAT16;FLOAT16;FLOAT16;FLOAT16;FLOAT16;FLOAT16;FLOAT16;FLOAT16;FLOAT16;FLOAT16;FLOAT16;FLOAT16;FLOAT16;FLOAT16;FLOAT16;FLOAT16;FLOAT16;FLOAT16;FLOAT16;FLOAT16;FLOAT16;FLOAT16,ND;ND;ND;ND;ND;ND;ND;ND;ND;ND;ND;ND;ND;ND;ND;ND;ND;ND;ND;ND;ND;ND;ND;ND;ND;ND;ND;ND;ND;ND;ND;ND;ND;ND;ND;ND;ND;ND;ND;ND;ND;ND;ND;ND;ND;ND;ND;ND;ND;ND;ND;ND;ND;ND;ND;ND;ND;ND;ND;ND;ND;ND;ND;ND,"""64,160,16""",FLOAT16,ND,N/A,0.0,0,0.0,0.0,0.0,0.0,0.0,0.0,0.0,0.0,0.0,0.0,0.0,8.529,562906,0.017,0.002,3.706,0.435,3.982,0.467,1.257,0.147,0.0,0.000
0,4294967295,146,47,aclnnMul_MulAiCore_Mul,Mul,dynamic,AI_VECTOR_CORE,1785698519182813.463	,327.406,0.000000,40,0,NO,"""4096,4096;4096,4096""",FLOAT;FLOAT,ND;ND,"""4096,4096""",FLOAT,ND,N/A,0.0,0,0.0,0.0,0.0,0.0,0.0,0.0,0.0,0.0,0.0,0.0,0.0,325.215,21464188,6.784,0.021,3.044,0.009,323.593,0.995,108.997,0.335,0.0,0.000
0,4294967295,147,47,Concat,Concat,dynamic,AI_VECTOR_CORE,1785698519183140.889	,12.400,0.094000,40,0,NO,"""64,1,16;64,2,16;64,3,16;64,4,16;64,1,16;64,2,16;64,3,16;64,4,16;64,1,16;64,2,16;64,3,16;64,4,16;64,1,16;64,2,16;64,3,16;64,4,16;64,1,16;64,2,16;64,3,16;64,4,16;64,1,16;64,2,16;64,3,16;64,4,16;64,1,16;64,2,16;64,3,16;64,4,16;64,1,16;64,2,16;64,3,16;64,4,16;64,1,16;64,2,16;64,3,16;64,4,16;64,1,16;64,2,16;64,3,16;64,4,16;64,1,16;64,2,16;64,3,16;64,4,16;64,1,16;64,2,16;64,3,16;64,4,16;64,1,16;64,2,16;64,3,16;64,4,16;64,1,16;64,2,16;64,3,16;64,4,16;64,1,16;64,2,16;64,3,16;64,4,16;64,1,16;64,2,16;64,3,16;64,4,16""",FLOAT16;FLOAT16;FLOAT16;FLOAT16;FLOAT16;FLOAT16;FLOAT16;FLOAT16;FLOAT16;FLOAT16;FLOAT16;FLOAT16;FLOAT16;FLOAT16;FLOAT16;FLOAT16;FLOAT16;FLOAT16;FLOAT16;FLOAT16;FLOAT16;FLOAT16;FLOAT16;FLOAT16;FLOAT16;FLOAT16;FLOAT16;FLOAT16;FLOAT16;FLOAT16;FLOAT16;FLOAT16;FLOAT16;FLOAT16;FLOAT16;FLOAT16;FLOAT16;FLOAT16;FLOAT16;FLOAT16;FLOAT16;FLOAT16;FLOAT16;FLOAT16;FLOAT16;FLOAT16;FLOAT16;FLOAT16;FLOAT16;FLOAT16;FLOAT16;FLOAT16;FLOAT16;FLOAT16;FLOAT16;FLOAT16;FLOAT16;FLOAT16;FLOAT16;FLOAT16;FLOAT16;FLOAT16;FLOAT16;FLOAT16,ND;ND;ND;ND;ND;ND;ND;ND;ND;ND;ND;ND;ND;ND;ND;ND;ND;ND;ND;ND;ND;ND;ND;ND;ND;ND;ND;ND;ND;ND;ND;ND;ND;ND;ND;ND;ND;ND;ND;ND;ND;ND;ND;ND;ND;ND;ND;ND;ND;ND;ND;ND;ND;ND;ND;ND;ND;ND;ND;ND;ND;ND;ND;ND,"""64,160,16""",FLOAT16,ND,N/A,0.0,0,0.0,0.0,0.0,0.0,0.0,0.0,0.0,0.0,0.0,0.0,0.0,9.302,613899,0.017,0.002,3.803,0.409,4.716,0.507,1.091,0.117,0.0,0.000
0,4294967295,148,47,aclnnMul_MulAiCore_Mul,Mul,dynamic,AI_VECTOR_CORE,1785698519183153.309	,326.927,0.000000,40,0,NO,"""4096,4096;4096,4096""",FLOAT;FLOAT,ND;ND,"""4096,4096""",FLOAT,ND,N/A,0.0,0,0.0,0.0,0.0,0.0,0.0,0.0,0.0,0.0,0.0,0.0,0.0,324.657,21427362,6.784,0.021,2.907,0.009,323.247,0.996,109.007,0.336,0.0,0.000
0,4294967295,149,47,Concat,Concat,dynamic,AI_VECTOR_CORE,1785698519183480.256	,10.660,0.073000,40,0,NO,"""64,1,16;64,2,16;64,3,16;64,4,16;64,1,16;64,2,16;64,3,16;64,4,16;64,1,16;64,2,16;64,3,16;64,4,16;64,1,16;64,2,16;64,3,16;64,4,16;64,1,16;64,2,16;64,3,16;64,4,16;64,1,16;64,2,16;64,3,16;64,4,16;64,1,16;64,2,16;64,3,16;64,4,16;64,1,16;64,2,16;64,3,16;64,4,16;64,1,16;64,2,16;64,3,16;64,4,16;64,1,16;64,2,16;64,3,16;64,4,16;64,1,16;64,2,16;64,3,16;64,4,16;64,1,16;64,2,16;64,3,16;64,4,16;64,1,16;64,2,16;64,3,16;64,4,16;64,1,16;64,2,16;64,3,16;64,4,16;64,1,16;64,2,16;64,3,16;64,4,16;64,1,16;64,2,16;64,3,16;64,4,16""",FLOAT16;FLOAT16;FLOAT16;FLOAT16;FLOAT16;FLOAT16;FLOAT16;FLOAT16;FLOAT16;FLOAT16;FLOAT16;FLOAT16;FLOAT16;FLOAT16;FLOAT16;FLOAT16;FLOAT16;FLOAT16;FLOAT16;FLOAT16;FLOAT16;FLOAT16;FLOAT16;FLOAT16;FLOAT16;FLOAT16;FLOAT16;FLOAT16;FLOAT16;FLOAT16;FLOAT16;FLOAT16;FLOAT16;FLOAT16;FLOAT16;FLOAT16;FLOAT16;FLOAT16;FLOAT16;FLOAT16;FLOAT16;FLOAT16;FLOAT16;FLOAT16;FLOAT16;FLOAT16;FLOAT16;FLOAT16;FLOAT16;FLOAT16;FLOAT16;FLOAT16;FLOAT16;FLOAT16;FLOAT16;FLOAT16;FLOAT16;FLOAT16;FLOAT16;FLOAT16;FLOAT16;FLOAT16;FLOAT16;FLOAT16,ND;ND;ND;ND;ND;ND;ND;ND;ND;ND;ND;ND;ND;ND;ND;ND;ND;ND;ND;ND;ND;ND;ND;ND;ND;ND;ND;ND;ND;ND;ND;ND;ND;ND;ND;ND;ND;ND;ND;ND;ND;ND;ND;ND;ND;ND;ND;ND;ND;ND;ND;ND;ND;ND;ND;ND;ND;ND;ND;ND;ND;ND;ND;ND,"""64,160,16""",FLOAT16,ND,N/A,0.0,0,0.0,0.0,0.0,0.0,0.0,0.0,0.0,0.0,0.0,0.0,0.0,7.86,518777,0.017,0.002,3.715,0.473,3.306,0.421,1.194,0.152,0.0,0.000
0,4294967295,150,47,aclnnMul_MulAiCore_Mul,Mul,dynamic,AI_VECTOR_CORE,1785698519183490.936	,327.327,0.090000,40,0,NO,"""4096,4096;4096,4096""",FLOAT;FLOAT,ND;ND,"""4096,4096""",FLOAT,ND,N/A,0.0,0,0.0,0.0,0.0,0.0,0.0,0.0,0.0,0.0,0.0,0.0,0.0,325.429,21478321,6.784,0.021,3.007,0.009,323.868,0.995,109.877,0.338,0.0,0.000
0,4294967295,151,47,Concat,Concat,dynamic,AI_VECTOR_CORE,1785698519183818.283	,10.920,0.000000,40,0,NO,"""64,1,16;64,2,16;64,3,16;64,4,16;64,1,16;64,2,16;64,3,16;64,4,16;64,1,16;64,2,16;64,3,16;64,4,16;64,1,16;64,2,16;64,3,16;64,4,16;64,1,16;64,2,16;64,3,16;64,4,16;64,1,16;64,2,16;64,3,16;64,4,16;64,1,16;64,2,16;64,3,16;64,4,16;64,1,16;64,2,16;64,3,16;64,4,16;64,1,16;64,2,16;64,3,16;64,4,16;64,1,16;64,2,16;64,3,16;64,4,16;64,1,16;64,2,16;64,3,16;64,4,16;64,1,16;64,2,16;64,3,16;64,4,16;64,1,16;64,2,16;64,3,16;64,4,16;64,1,16;64,2,16;64,3,16;64,4,16;64,1,16;64,2,16;64,3,16;64,4,16;64,1,16;64,2,16;64,3,16;64,4,16""",FLOAT16;FLOAT16;FLOAT16;FLOAT16;FLOAT16;FLOAT16;FLOAT16;FLOAT16;FLOAT16;FLOAT16;FLOAT16;FLOAT16;FLOAT16;FLOAT16;FLOAT16;FLOAT16;FLOAT16;FLOAT16;FLOAT16;FLOAT16;FLOAT16;FLOAT16;FLOAT16;FLOAT16;FLOAT16;FLOAT16;FLOAT16;FLOAT16;FLOAT16;FLOAT16;FLOAT16;FLOAT16;FLOAT16;FLOAT16;FLOAT16;FLOAT16;FLOAT16;FLOAT16;FLOAT16;FLOAT16;FLOAT16;FLOAT16;FLOAT16;FLOAT16;FLOAT16;FLOAT16;FLOAT16;FLOAT16;FLOAT16;FLOAT16;FLOAT16;FLOAT16;FLOAT16;FLOAT16;FLOAT16;FLOAT16;FLOAT16;FLOAT16;FLOAT16;FLOAT16;FLOAT16;FLOAT16;FLOAT16;FLOAT16,ND;ND;ND;ND;ND;ND;ND;ND;ND;ND;ND;ND;ND;ND;ND;ND;ND;ND;ND;ND;ND;ND;ND;ND;ND;ND;ND;ND;ND;ND;ND;ND;ND;ND;ND;ND;ND;ND;ND;ND;ND;ND;ND;ND;ND;ND;ND;ND;ND;ND;ND;ND;ND;ND;ND;ND;ND;ND;ND;ND;ND;ND;ND;ND,"""64,160,16""",FLOAT16,ND,N/A,0.0,0,0.0,0.0,0.0,0.0,0.0,0.0,0.0,0.0,0.0,0.0,0.0,7.975,526329,0.017,0.002,3.981,0.499,3.397,0.426,0.993,0.124,0.0,0.000
0,4294967295,152,47,aclnnMul_MulAiCore_Mul,Mul,dynamic,AI_VECTOR_CORE,1785698519183829.243	,327.186,0.080000,40,0,NO,"""4096,4096;4096,4096""",FLOAT;FLOAT,ND;ND,"""4096,4096""",FLOAT,ND,N/A,0.0,0,0.0,0.0,0.0,0.0,0.0,0.0,0.0,0.0,0.0,0.0,0.0,325.346,21472845,6.784,0.021,3.053,0.009,323.773,0.995,109.789,0.337,0.0,0.000
0,4294967295,153,47,Concat,Concat,dynamic,AI_VECTOR_CORE,1785698519184156.449	,11.481,0.064000,40,0,NO,"""64,1,16;64,2,16;64,3,16;64,4,16;64,1,16;64,2,16;64,3,16;64,4,16;64,1,16;64,2,16;64,3,16;64,4,16;64,1,16;64,2,16;64,3,16;64,4,16;64,1,16;64,2,16;64,3,16;64,4,16;64,1,16;64,2,16;64,3,16;64,4,16;64,1,16;64,2,16;64,3,16;64,4,16;64,1,16;64,2,16;64,3,16;64,4,16;64,1,16;64,2,16;64,3,16;64,4,16;64,1,16;64,2,16;64,3,16;64,4,16;64,1,16;64,2,16;64,3,16;64,4,16;64,1,16;64,2,16;64,3,16;64,4,16;64,1,16;64,2,16;64,3,16;64,4,16;64,1,16;64,2,16;64,3,16;64,4,16;64,1,16;64,2,16;64,3,16;64,4,16;64,1,16;64,2,16;64,3,16;64,4,16""",FLOAT16;FLOAT16;FLOAT16;FLOAT16;FLOAT16;FLOAT16;FLOAT16;FLOAT16;FLOAT16;FLOAT16;FLOAT16;FLOAT16;FLOAT16;FLOAT16;FLOAT16;FLOAT16;FLOAT16;FLOAT16;FLOAT16;FLOAT16;FLOAT16;FLOAT16;FLOAT16;FLOAT16;FLOAT16;FLOAT16;FLOAT16;FLOAT16;FLOAT16;FLOAT16;FLOAT16;FLOAT16;FLOAT16;FLOAT16;FLOAT16;FLOAT16;FLOAT16;FLOAT16;FLOAT16;FLOAT16;FLOAT16;FLOAT16;FLOAT16;FLOAT16;FLOAT16;FLOAT16;FLOAT16;FLOAT16;FLOAT16;FLOAT16;FLOAT16;FLOAT16;FLOAT16;FLOAT16;FLOAT16;FLOAT16;FLOAT16;FLOAT16;FLOAT16;FLOAT16;FLOAT16;FLOAT16;FLOAT16;FLOAT16,ND;ND;ND;ND;ND;ND;ND;ND;ND;ND;ND;ND;ND;ND;ND;ND;ND;ND;ND;ND;ND;ND;ND;ND;ND;ND;ND;ND;ND;ND;ND;ND;ND;ND;ND;ND;ND;ND;ND;ND;ND;ND;ND;ND;ND;ND;ND;ND;ND;ND;ND;ND;ND;ND;ND;ND;ND;ND;ND;ND;ND;ND;ND;ND,"""64,160,16""",FLOAT16,ND,N/A,0.0,0,0.0,0.0,0.0,0.0,0.0,0.0,0.0,0.0,0.0,0.0,0.0,9.561,631016,0.017,0.002,4.753,0.497,4.001,0.418,1.18,0.123,0.0,0.000
0,4294967295,154,47,aclnnMul_MulAiCore_Mul,Mul,dynamic,AI_VECTOR_CORE,1785698519184167.950	,326.546,0.019000,40,0,NO,"""4096,4096;4096,4096""",FLOAT;FLOAT,ND;ND,"""4096,4096""",FLOAT,ND,N/A,0.0,0,0.0,0.0,0.0,0.0,0.0,0.0,0.0,0.0,0.0,0.0,0.0,324.753,21433668,6.784,0.021,3.123,0.01,323.13,0.995,107.643,0.331,0.0,0.000
0,4294967295,155,47,Concat,Concat,dynamic,AI_VECTOR_CORE,1785698519184494.516	,11.420,0.000000,40,0,NO,"""64,1,16;64,2,16;64,3,16;64,4,16;64,1,16;64,2,16;64,3,16;64,4,16;64,1,16;64,2,16;64,3,16;64,4,16;64,1,16;64,2,16;64,3,16;64,4,16;64,1,16;64,2,16;64,3,16;64,4,16;64,1,16;64,2,16;64,3,16;64,4,16;64,1,16;64,2,16;64,3,16;64,4,16;64,1,16;64,2,16;64,3,16;64,4,16;64,1,16;64,2,16;64,3,16;64,4,16;64,1,16;64,2,16;64,3,16;64,4,16;64,1,16;64,2,16;64,3,16;64,4,16;64,1,16;64,2,16;64,3,16;64,4,16;64,1,16;64,2,16;64,3,16;64,4,16;64,1,16;64,2,16;64,3,16;64,4,16;64,1,16;64,2,16;64,3,16;64,4,16;64,1,16;64,2,16;64,3,16;64,4,16""",FLOAT16;FLOAT16;FLOAT16;FLOAT16;FLOAT16;FLOAT16;FLOAT16;FLOAT16;FLOAT16;FLOAT16;FLOAT16;FLOAT16;FLOAT16;FLOAT16;FLOAT16;FLOAT16;FLOAT16;FLOAT16;FLOAT16;FLOAT16;FLOAT16;FLOAT16;FLOAT16;FLOAT16;FLOAT16;FLOAT16;FLOAT16;FLOAT16;FLOAT16;FLOAT16;FLOAT16;FLOAT16;FLOAT16;FLOAT16;FLOAT16;FLOAT16;FLOAT16;FLOAT16;FLOAT16;FLOAT16;FLOAT16;FLOAT16;FLOAT16;FLOAT16;FLOAT16;FLOAT16;FLOAT16;FLOAT16;FLOAT16;FLOAT16;FLOAT16;FLOAT16;FLOAT16;FLOAT16;FLOAT16;FLOAT16;FLOAT16;FLOAT16;FLOAT16;FLOAT16;FLOAT16;FLOAT16;FLOAT16;FLOAT16,ND;ND;ND;ND;ND;ND;ND;ND;ND;ND;ND;ND;ND;ND;ND;ND;ND;ND;ND;ND;ND;ND;ND;ND;ND;ND;ND;ND;ND;ND;ND;ND;ND;ND;ND;ND;ND;ND;ND;ND;ND;ND;ND;ND;ND;ND;ND;ND;ND;ND;ND;ND;ND;ND;ND;ND;ND;ND;ND;ND;ND;ND;ND;ND,"""64,160,16""",FLOAT16,ND,N/A,0.0,0,0.0,0.0,0.0,0.0,0.0,0.0,0.0,0.0,0.0,0.0,0.0,8.785,579793,0.017,0.002,4.849,0.552,3.532,0.402,1.084,0.123,0.0,0.000
0,4294967295,156,47,aclnnMul_MulAiCore_Mul,Mul,dynamic,AI_VECTOR_CORE,1785698519184505.956	,328.067,0.080000,40,0,NO,"""4096,4096;4096,4096""",FLOAT;FLOAT,ND;ND,"""4096,4096""",FLOAT,ND,N/A,0.0,0,0.0,0.0,0.0,0.0,0.0,0.0,0.0,0.0,0.0,0.0,0.0,325.467,21480797,6.784,0.021,2.994,0.009,323.915,0.995,108.034,0.332,0.0,0.000
0,4294967295,157,47,Concat,Concat,dynamic,AI_VECTOR_CORE,1785698519184834.043	,9.560,0.000000,40,0,NO,"""64,1,16;64,2,16;64,3,16;64,4,16;64,1,16;64,2,16;64,3,16;64,4,16;64,1,16;64,2,16;64,3,16;64,4,16;64,1,16;64,2,16;64,3,16;64,4,16;64,1,16;64,2,16;64,3,16;64,4,16;64,1,16;64,2,16;64,3,16;64,4,16;64,1,16;64,2,16;64,3,16;64,4,16;64,1,16;64,2,16;64,3,16;64,4,16;64,1,16;64,2,16;64,3,16;64,4,16;64,1,16;64,2,16;64,3,16;64,4,16;64,1,16;64,2,16;64,3,16;64,4,16;64,1,16;64,2,16;64,3,16;64,4,16;64,1,16;64,2,16;64,3,16;64,4,16;64,1,16;64,2,16;64,3,16;64,4,16;64,1,16;64,2,16;64,3,16;64,4,16;64,1,16;64,2,16;64,3,16;64,4,16""",FLOAT16;FLOAT16;FLOAT16;FLOAT16;FLOAT16;FLOAT16;FLOAT16;FLOAT16;FLOAT16;FLOAT16;FLOAT16;FLOAT16;FLOAT16;FLOAT16;FLOAT16;FLOAT16;FLOAT16;FLOAT16;FLOAT16;FLOAT16;FLOAT16;FLOAT16;FLOAT16;FLOAT16;FLOAT16;FLOAT16;FLOAT16;FLOAT16;FLOAT16;FLOAT16;FLOAT16;FLOAT16;FLOAT16;FLOAT16;FLOAT16;FLOAT16;FLOAT16;FLOAT16;FLOAT16;FLOAT16;FLOAT16;FLOAT16;FLOAT16;FLOAT16;FLOAT16;FLOAT16;FLOAT16;FLOAT16;FLOAT16;FLOAT16;FLOAT16;FLOAT16;FLOAT16;FLOAT16;FLOAT16;FLOAT16;FLOAT16;FLOAT16;FLOAT16;FLOAT16;FLOAT16;FLOAT16;FLOAT16;FLOAT16,ND;ND;ND;ND;ND;ND;ND;ND;ND;ND;ND;ND;ND;ND;ND;ND;ND;ND;ND;ND;ND;ND;ND;ND;ND;ND;ND;ND;ND;ND;ND;ND;ND;ND;ND;ND;ND;ND;ND;ND;ND;ND;ND;ND;ND;ND;ND;ND;ND;ND;ND;ND;ND;ND;ND;ND;ND;ND;ND;ND;ND;ND;ND;ND,"""64,160,16""",FLOAT16,ND,N/A,0.0,0,0.0,0.0,0.0,0.0,0.0,0.0,0.0,0.0,0.0,0.0,0.0,7.127,470413,0.017,0.002,3.686,0.517,2.836,0.398,1.033,0.145,0.0,0.000
0,4294967295,158,47,aclnnMul_MulAiCore_Mul,Mul,dynamic,AI_VECTOR_CORE,1785698519184843.623	,327.307,0.000000,40,0,NO,"""4096,4096;4096,4096""",FLOAT;FLOAT,ND;ND,"""4096,4096""",FLOAT,ND,N/A,0.0,0,0.0,0.0,0.0,0.0,0.0,0.0,0.0,0.0,0.0,0.0,0.0,325.412,21477176,6.784,0.021,3.107,0.01,323.758,0.995,110.141,0.338,0.0,0.000
0,4294967295,159,47,Concat,Concat,dynamic,AI_VECTOR_CORE,1785698519185170.970	,9.560,0.193000,40,0,NO,"""64,1,16;64,2,16;64,3,16;64,4,16;64,1,16;64,2,16;64,3,16;64,4,16;64,1,16;64,2,16;64,3,16;64,4,16;64,1,16;64,2,16;64,3,16;64,4,16;64,1,16;64,2,16;64,3,16;64,4,16;64,1,16;64,2,16;64,3,16;64,4,16;64,1,16;64,2,16;64,3,16;64,4,16;64,1,16;64,2,16;64,3,16;64,4,16;64,1,16;64,2,16;64,3,16;64,4,16;64,1,16;64,2,16;64,3,16;64,4,16;64,1,16;64,2,16;64,3,16;64,4,16;64,1,16;64,2,16;64,3,16;64,4,16;64,1,16;64,2,16;64,3,16;64,4,16;64,1,16;64,2,16;64,3,16;64,4,16;64,1,16;64,2,16;64,3,16;64,4,16;64,1,16;64,2,16;64,3,16;64,4,16""",FLOAT16;FLOAT16;FLOAT16;FLOAT16;FLOAT16;FLOAT16;FLOAT16;FLOAT16;FLOAT16;FLOAT16;FLOAT16;FLOAT16;FLOAT16;FLOAT16;FLOAT16;FLOAT16;FLOAT16;FLOAT16;FLOAT16;FLOAT16;FLOAT16;FLOAT16;FLOAT16;FLOAT16;FLOAT16;FLOAT16;FLOAT16;FLOAT16;FLOAT16;FLOAT16;FLOAT16;FLOAT16;FLOAT16;FLOAT16;FLOAT16;FLOAT16;FLOAT16;FLOAT16;FLOAT16;FLOAT16;FLOAT16;FLOAT16;FLOAT16;FLOAT16;FLOAT16;FLOAT16;FLOAT16;FLOAT16;FLOAT16;FLOAT16;FLOAT16;FLOAT16;FLOAT16;FLOAT16;FLOAT16;FLOAT16;FLOAT16;FLOAT16;FLOAT16;FLOAT16;FLOAT16;FLOAT16;FLOAT16;FLOAT16,ND;ND;ND;ND;ND;ND;ND;ND;ND;ND;ND;ND;ND;ND;ND;ND;ND;ND;ND;ND;ND;ND;ND;ND;ND;ND;ND;ND;ND;ND;ND;ND;ND;ND;ND;ND;ND;ND;ND;ND;ND;ND;ND;ND;ND;ND;ND;ND;ND;ND;ND;ND;ND;ND;ND;ND;ND;ND;ND;ND;ND;ND;ND;ND,"""64,160,16""",FLOAT16,ND,N/A,0.0,0,0.0,0.0,0.0,0.0,0.0,0.0,0.0,0.0,0.0,0.0,0.0,7.308,482360,0.017,0.002,3.568,0.488,2.823,0.386,1.238,0.169,0.0,0.000
0,4294967295,160,47,aclnnMul_MulAiCore_Mul,Mul,dynamic,AI_VECTOR_CORE,1785698519185180.550	,328.286,0.000000,40,0,NO,"""4096,4096;4096,4096""",FLOAT;FLOAT,ND;ND,"""4096,4096""",FLOAT,ND,N/A,0.0,0,0.0,0.0,0.0,0.0,0.0,0.0,0.0,0.0,0.0,0.0,0.0,325.659,21493488,6.784,0.021,2.981,0.009,324.142,0.995,109.461,0.336,0.0,0.000
0,4294967295,161,47,Concat,Concat,dynamic,AI_VECTOR_CORE,1785698519185508.856	,11.741,0.000000,40,0,NO,"""64,1,16;64,2,16;64,3,16;64,4,16;64,1,16;64,2,16;64,3,16;64,4,16;64,1,16;64,2,16;64,3,16;64,4,16;64,1,16;64,2,16;64,3,16;64,4,16;64,1,16;64,2,16;64,3,16;64,4,16;64,1,16;64,2,16;64,3,16;64,4,16;64,1,16;64,2,16;64,3,16;64,4,16;64,1,16;64,2,16;64,3,16;64,4,16;64,1,16;64,2,16;64,3,16;64,4,16;64,1,16;64,2,16;64,3,16;64,4,16;64,1,16;64,2,16;64,3,16;64,4,16;64,1,16;64,2,16;64,3,16;64,4,16;64,1,16;64,2,16;64,3,16;64,4,16;64,1,16;64,2,16;64,3,16;64,4,16;64,1,16;64,2,16;64,3,16;64,4,16;64,1,16;64,2,16;64,3,16;64,4,16""",FLOAT16;FLOAT16;FLOAT16;FLOAT16;FLOAT16;FLOAT16;FLOAT16;FLOAT16;FLOAT16;FLOAT16;FLOAT16;FLOAT16;FLOAT16;FLOAT16;FLOAT16;FLOAT16;FLOAT16;FLOAT16;FLOAT16;FLOAT16;FLOAT16;FLOAT16;FLOAT16;FLOAT16;FLOAT16;FLOAT16;FLOAT16;FLOAT16;FLOAT16;FLOAT16;FLOAT16;FLOAT16;FLOAT16;FLOAT16;FLOAT16;FLOAT16;FLOAT16;FLOAT16;FLOAT16;FLOAT16;FLOAT16;FLOAT16;FLOAT16;FLOAT16;FLOAT16;FLOAT16;FLOAT16;FLOAT16;FLOAT16;FLOAT16;FLOAT16;FLOAT16;FLOAT16;FLOAT16;FLOAT16;FLOAT16;FLOAT16;FLOAT16;FLOAT16;FLOAT16;FLOAT16;FLOAT16;FLOAT16;FLOAT16,ND;ND;ND;ND;ND;ND;ND;ND;ND;ND;ND;ND;ND;ND;ND;ND;ND;ND;ND;ND;ND;ND;ND;ND;ND;ND;ND;ND;ND;ND;ND;ND;ND;ND;ND;ND;ND;ND;ND;ND;ND;ND;ND;ND;ND;ND;ND;ND;ND;ND;ND;ND;ND;ND;ND;ND;ND;ND;ND;ND;ND;ND;ND;ND,"""64,160,16""",FLOAT16,ND,N/A,0.0,0,0.0,0.0,0.0,0.0,0.0,0.0,0.0,0.0,0.0,0.0,0.0,8.594,567236,0.017,0.002,3.621,0.421,4.173,0.486,1.094,0.127,0.0,0.000
0,4294967295,162,47,aclnnMul_MulAiCore_Mul,Mul,dynamic,AI_VECTOR_CORE,1785698519185520.617	,326.786,0.009000,40,0,NO,"""4096,4096;4096,4096""",FLOAT;FLOAT,ND;ND,"""4096,4096""",FLOAT,ND,N/A,0.0,0,0.0,0.0,0.0,0.0,0.0,0.0,0.0,0.0,0.0,0.0,0.0,324.828,21438663,6.784,0.021,3.01,0.009,323.321,0.995,108.713,0.335,0.0,0.000
0,4294967295,163,47,Concat,Concat,dynamic,AI_VECTOR_CORE,1785698519185847.443	,12.100,0.214000,40,0,NO,"""64,1,16;64,2,16;64,3,16;64,4,16;64,1,16;64,2,16;64,3,16;64,4,16;64,1,16;64,2,16;64,3,16;64,4,16;64,1,16;64,2,16;64,3,16;64,4,16;64,1,16;64,2,16;64,3,16;64,4,16;64,1,16;64,2,16;64,3,16;64,4,16;64,1,16;64,2,16;64,3,16;64,4,16;64,1,16;64,2,16;64,3,16;64,4,16;64,1,16;64,2,16;64,3,16;64,4,16;64,1,16;64,2,16;64,3,16;64,4,16;64,1,16;64,2,16;64,3,16;64,4,16;64,1,16;64,2,16;64,3,16;64,4,16;64,1,16;64,2,16;64,3,16;64,4,16;64,1,16;64,2,16;64,3,16;64,4,16;64,1,16;64,2,16;64,3,16;64,4,16;64,1,16;64,2,16;64,3,16;64,4,16""",FLOAT16;FLOAT16;FLOAT16;FLOAT16;FLOAT16;FLOAT16;FLOAT16;FLOAT16;FLOAT16;FLOAT16;FLOAT16;FLOAT16;FLOAT16;FLOAT16;FLOAT16;FLOAT16;FLOAT16;FLOAT16;FLOAT16;FLOAT16;FLOAT16;FLOAT16;FLOAT16;FLOAT16;FLOAT16;FLOAT16;FLOAT16;FLOAT16;FLOAT16;FLOAT16;FLOAT16;FLOAT16;FLOAT16;FLOAT16;FLOAT16;FLOAT16;FLOAT16;FLOAT16;FLOAT16;FLOAT16;FLOAT16;FLOAT16;FLOAT16;FLOAT16;FLOAT16;FLOAT16;FLOAT16;FLOAT16;FLOAT16;FLOAT16;FLOAT16;FLOAT16;FLOAT16;FLOAT16;FLOAT16;FLOAT16;FLOAT16;FLOAT16;FLOAT16;FLOAT16;FLOAT16;FLOAT16;FLOAT16;FLOAT16,ND;ND;ND;ND;ND;ND;ND;ND;ND;ND;ND;ND;ND;ND;ND;ND;ND;ND;ND;ND;ND;ND;ND;ND;ND;ND;ND;ND;ND;ND;ND;ND;ND;ND;ND;ND;ND;ND;ND;ND;ND;ND;ND;ND;ND;ND;ND;ND;ND;ND;ND;ND;ND;ND;ND;ND;ND;ND;ND;ND;ND;ND;ND;ND,"""64,160,16""",FLOAT16,ND,N/A,0.0,0,0.0,0.0,0.0,0.0,0.0,0.0,0.0,0.0,0.0,0.0,0.0,9.18,605896,0.017,0.002,3.811,0.415,4.398,0.479,1.378,0.15,0.0,0.000
0,4294967295,164,47,aclnnMul_MulAiCore_Mul,Mul,dynamic,AI_VECTOR_CORE,1785698519185859.563	,327.567,0.000000,40,0,NO,"""4096,4096;4096,4096""",FLOAT;FLOAT,ND;ND,"""4096,4096""",FLOAT,ND,N/A,0.0,0,0.0,0.0,0.0,0.0,0.0,0.0,0.0,0.0,0.0,0.0,0.0,324.899,21443340,6.784,0.021,2.914,0.009,323.434,0.995,109.989,0.339,0.0,0.000
0,4294967295,165,47,Concat,Concat,dynamic,AI_VECTOR_CORE,1785698519186187.150	,11.120,0.183000,40,0,NO,"""64,1,16;64,2,16;64,3,16;64,4,16;64,1,16;64,2,16;64,3,16;64,4,16;64,1,16;64,2,16;64,3,16;64,4,16;64,1,16;64,2,16;64,3,16;64,4,16;64,1,16;64,2,16;64,3,16;64,4,16;64,1,16;64,2,16;64,3,16;64,4,16;64,1,16;64,2,16;64,3,16;64,4,16;64,1,16;64,2,16;64,3,16;64,4,16;64,1,16;64,2,16;64,3,16;64,4,16;64,1,16;64,2,16;64,3,16;64,4,16;64,1,16;64,2,16;64,3,16;64,4,16;64,1,16;64,2,16;64,3,16;64,4,16;64,1,16;64,2,16;64,3,16;64,4,16;64,1,16;64,2,16;64,3,16;64,4,16;64,1,16;64,2,16;64,3,16;64,4,16;64,1,16;64,2,16;64,3,16;64,4,16""",FLOAT16;FLOAT16;FLOAT16;FLOAT16;FLOAT16;FLOAT16;FLOAT16;FLOAT16;FLOAT16;FLOAT16;FLOAT16;FLOAT16;FLOAT16;FLOAT16;FLOAT16;FLOAT16;FLOAT16;FLOAT16;FLOAT16;FLOAT16;FLOAT16;FLOAT16;FLOAT16;FLOAT16;FLOAT16;FLOAT16;FLOAT16;FLOAT16;FLOAT16;FLOAT16;FLOAT16;FLOAT16;FLOAT16;FLOAT16;FLOAT16;FLOAT16;FLOAT16;FLOAT16;FLOAT16;FLOAT16;FLOAT16;FLOAT16;FLOAT16;FLOAT16;FLOAT16;FLOAT16;FLOAT16;FLOAT16;FLOAT16;FLOAT16;FLOAT16;FLOAT16;FLOAT16;FLOAT16;FLOAT16;FLOAT16;FLOAT16;FLOAT16;FLOAT16;FLOAT16;FLOAT16;FLOAT16;FLOAT16;FLOAT16,ND;ND;ND;ND;ND;ND;ND;ND;ND;ND;ND;ND;ND;ND;ND;ND;ND;ND;ND;ND;ND;ND;ND;ND;ND;ND;ND;ND;ND;ND;ND;ND;ND;ND;ND;ND;ND;ND;ND;ND;ND;ND;ND;ND;ND;ND;ND;ND;ND;ND;ND;ND;ND;ND;ND;ND;ND;ND;ND;ND;ND;ND;ND;ND,"""64,160,16""",FLOAT16,ND,N/A,0.0,0,0.0,0.0,0.0,0.0,0.0,0.0,0.0,0.0,0.0,0.0,0.0,8.251,544581,0.017,0.002,3.686,0.447,3.84,0.465,1.033,0.125,0.0,0.000
0,4294967295,166,47,aclnnMul_MulAiCore_Mul,Mul,dynamic,AI_VECTOR_CORE,1785698519186198.290	,327.027,0.000000,40,0,NO,"""4096,4096;4096,4096""",FLOAT;FLOAT,ND;ND,"""4096,4096""",FLOAT,ND,N/A,0.0,0,0.0,0.0,0.0,0.0,0.0,0.0,0.0,0.0,0.0,0.0,0.0,325.152,21460048,6.784,0.021,3.016,0.009,323.603,0.995,106.853,0.329,0.0,0.000
0,4294967295,167,47,Concat,Concat,dynamic,AI_VECTOR_CORE,1785698519186525.337	,10.460,0.000000,40,0,NO,"""64,1,16;64,2,16;64,3,16;64,4,16;64,1,16;64,2,16;64,3,16;64,4,16;64,1,16;64,2,16;64,3,16;64,4,16;64,1,16;64,2,16;64,3,16;64,4,16;64,1,16;64,2,16;64,3,16;64,4,16;64,1,16;64,2,16;64,3,16;64,4,16;64,1,16;64,2,16;64,3,16;64,4,16;64,1,16;64,2,16;64,3,16;64,4,16;64,1,16;64,2,16;64,3,16;64,4,16;64,1,16;64,2,16;64,3,16;64,4,16;64,1,16;64,2,16;64,3,16;64,4,16;64,1,16;64,2,16;64,3,16;64,4,16;64,1,16;64,2,16;64,3,16;64,4,16;64,1,16;64,2,16;64,3,16;64,4,16;64,1,16;64,2,16;64,3,16;64,4,16;64,1,16;64,2,16;64,3,16;64,4,16""",FLOAT16;FLOAT16;FLOAT16;FLOAT16;FLOAT16;FLOAT16;FLOAT16;FLOAT16;FLOAT16;FLOAT16;FLOAT16;FLOAT16;FLOAT16;FLOAT16;FLOAT16;FLOAT16;FLOAT16;FLOAT16;FLOAT16;FLOAT16;FLOAT16;FLOAT16;FLOAT16;FLOAT16;FLOAT16;FLOAT16;FLOAT16;FLOAT16;FLOAT16;FLOAT16;FLOAT16;FLOAT16;FLOAT16;FLOAT16;FLOAT16;FLOAT16;FLOAT16;FLOAT16;FLOAT16;FLOAT16;FLOAT16;FLOAT16;FLOAT16;FLOAT16;FLOAT16;FLOAT16;FLOAT16;FLOAT16;FLOAT16;FLOAT16;FLOAT16;FLOAT16;FLOAT16;FLOAT16;FLOAT16;FLOAT16;FLOAT16;FLOAT16;FLOAT16;FLOAT16;FLOAT16;FLOAT16;FLOAT16;FLOAT16,ND;ND;ND;ND;ND;ND;ND;ND;ND;ND;ND;ND;ND;ND;ND;ND;ND;ND;ND;ND;ND;ND;ND;ND;ND;ND;ND;ND;ND;ND;ND;ND;ND;ND;ND;ND;ND;ND;ND;ND;ND;ND;ND;ND;ND;ND;ND;ND;ND;ND;ND;ND;ND;ND;ND;ND;ND;ND;ND;ND;ND;ND;ND;ND,"""64,160,16""",FLOAT16,ND,N/A,0.0,0,0.0,0.0,0.0,0.0,0.0,0.0,0.0,0.0,0.0,0.0,0.0,7.665,505900,0.017,0.002,3.676,0.48,3.362,0.439,0.977,0.127,0.0,0.000
0,4294967295,168,47,aclnnMul_MulAiCore_Mul,Mul,dynamic,AI_VECTOR_CORE,1785698519186535.817	,327.127,0.040000,40,0,NO,"""4096,4096;4096,4096""",FLOAT;FLOAT,ND;ND,"""4096,4096""",FLOAT,ND,N/A,0.0,0,0.0,0.0,0.0,0.0,0.0,0.0,0.0,0.0,0.0,0.0,0.0,324.865,21441061,6.784,0.021,2.993,0.009,323.288,0.995,110.55,0.34,0.0,0.000
0,4294967295,169,47,Concat,Concat,dynamic,AI_VECTOR_CORE,1785698519186862.964	,10.980,0.123000,40,0,NO,"""64,1,16;64,2,16;64,3,16;64,4,16;64,1,16;64,2,16;64,3,16;64,4,16;64,1,16;64,2,16;64,3,16;64,4,16;64,1,16;64,2,16;64,3,16;64,4,16;64,1,16;64,2,16;64,3,16;64,4,16;64,1,16;64,2,16;64,3,16;64,4,16;64,1,16;64,2,16;64,3,16;64,4,16;64,1,16;64,2,16;64,3,16;64,4,16;64,1,16;64,2,16;64,3,16;64,4,16;64,1,16;64,2,16;64,3,16;64,4,16;64,1,16;64,2,16;64,3,16;64,4,16;64,1,16;64,2,16;64,3,16;64,4,16;64,1,16;64,2,16;64,3,16;64,4,16;64,1,16;64,2,16;64,3,16;64,4,16;64,1,16;64,2,16;64,3,16;64,4,16;64,1,16;64,2,16;64,3,16;64,4,16""",FLOAT16;FLOAT16;FLOAT16;FLOAT16;FLOAT16;FLOAT16;FLOAT16;FLOAT16;FLOAT16;FLOAT16;FLOAT16;FLOAT16;FLOAT16;FLOAT16;FLOAT16;FLOAT16;FLOAT16;FLOAT16;FLOAT16;FLOAT16;FLOAT16;FLOAT16;FLOAT16;FLOAT16;FLOAT16;FLOAT16;FLOAT16;FLOAT16;FLOAT16;FLOAT16;FLOAT16;FLOAT16;FLOAT16;FLOAT16;FLOAT16;FLOAT16;FLOAT16;FLOAT16;FLOAT16;FLOAT16;FLOAT16;FLOAT16;FLOAT16;FLOAT16;FLOAT16;FLOAT16;FLOAT16;FLOAT16;FLOAT16;FLOAT16;FLOAT16;FLOAT16;FLOAT16;FLOAT16;FLOAT16;FLOAT16;FLOAT16;FLOAT16;FLOAT16;FLOAT16;FLOAT16;FLOAT16;FLOAT16;FLOAT16,ND;ND;ND;ND;ND;ND;ND;ND;ND;ND;ND;ND;ND;ND;ND;ND;ND;ND;ND;ND;ND;ND;ND;ND;ND;ND;ND;ND;ND;ND;ND;ND;ND;ND;ND;ND;ND;ND;ND;ND;ND;ND;ND;ND;ND;ND;ND;ND;ND;ND;ND;ND;ND;ND;ND;ND;ND;ND;ND;ND;ND;ND;ND;ND,"""64,160,16""",FLOAT16,ND,N/A,0.0,0,0.0,0.0,0.0,0.0,0.0,0.0,0.0,0.0,0.0,0.0,0.0,8.16,538592,0.017,0.002,4.291,0.526,3.651,0.447,1.042,0.128,0.0,0.000
0,4294967295,170,47,aclnnMul_MulAiCore_Mul,Mul,dynamic,AI_VECTOR_CORE,1785698519186873.964	,328.046,0.020000,40,0,NO,"""4096,4096;4096,4096""",FLOAT;FLOAT,ND;ND,"""4096,4096""",FLOAT,ND,N/A,0.0,0,0.0,0.0,0.0,0.0,0.0,0.0,0.0,0.0,0.0,0.0,0.0,325.907,21509841,6.784,0.021,3.065,0.009,324.262,0.995,109.602,0.336,0.0,0.000
0,4294967295,171,47,Concat,Concat,dynamic,AI_VECTOR_CORE,1785698519187202.030	,11.621,0.000000,40,0,NO,"""64,1,16;64,2,16;64,3,16;64,4,16;64,1,16;64,2,16;64,3,16;64,4,16;64,1,16;64,2,16;64,3,16;64,4,16;64,1,16;64,2,16;64,3,16;64,4,16;64,1,16;64,2,16;64,3,16;64,4,16;64,1,16;64,2,16;64,3,16;64,4,16;64,1,16;64,2,16;64,3,16;64,4,16;64,1,16;64,2,16;64,3,16;64,4,16;64,1,16;64,2,16;64,3,16;64,4,16;64,1,16;64,2,16;64,3,16;64,4,16;64,1,16;64,2,16;64,3,16;64,4,16;64,1,16;64,2,16;64,3,16;64,4,16;64,1,16;64,2,16;64,3,16;64,4,16;64,1,16;64,2,16;64,3,16;64,4,16;64,1,16;64,2,16;64,3,16;64,4,16;64,1,16;64,2,16;64,3,16;64,4,16""",FLOAT16;FLOAT16;FLOAT16;FLOAT16;FLOAT16;FLOAT16;FLOAT16;FLOAT16;FLOAT16;FLOAT16;FLOAT16;FLOAT16;FLOAT16;FLOAT16;FLOAT16;FLOAT16;FLOAT16;FLOAT16;FLOAT16;FLOAT16;FLOAT16;FLOAT16;FLOAT16;FLOAT16;FLOAT16;FLOAT16;FLOAT16;FLOAT16;FLOAT16;FLOAT16;FLOAT16;FLOAT16;FLOAT16;FLOAT16;FLOAT16;FLOAT16;FLOAT16;FLOAT16;FLOAT16;FLOAT16;FLOAT16;FLOAT16;FLOAT16;FLOAT16;FLOAT16;FLOAT16;FLOAT16;FLOAT16;FLOAT16;FLOAT16;FLOAT16;FLOAT16;FLOAT16;FLOAT16;FLOAT16;FLOAT16;FLOAT16;FLOAT16;FLOAT16;FLOAT16;FLOAT16;FLOAT16;FLOAT16;FLOAT16,ND;ND;ND;ND;ND;ND;ND;ND;ND;ND;ND;ND;ND;ND;ND;ND;ND;ND;ND;ND;ND;ND;ND;ND;ND;ND;ND;ND;ND;ND;ND;ND;ND;ND;ND;ND;ND;ND;ND;ND;ND;ND;ND;ND;ND;ND;ND;ND;ND;ND;ND;ND;ND;ND;ND;ND;ND;ND;ND;ND;ND;ND;ND;ND,"""64,160,16""",FLOAT16,ND,N/A,0.0,0,0.0,0.0,0.0,0.0,0.0,0.0,0.0,0.0,0.0,0.0,0.0,9.433,622545,0.017,0.002,4.932,0.523,3.893,0.413,1.039,0.11,0.0,0.000
0,4294967295,172,47,aclnnMul_MulAiCore_Mul,Mul,dynamic,AI_VECTOR_CORE,1785698519187213.691	,328.206,0.129000,40,0,NO,"""4096,4096;4096,4096""",FLOAT;FLOAT,ND;ND,"""4096,4096""",FLOAT,ND,N/A,0.0,0,0.0,0.0,0.0,0.0,0.0,0.0,0.0,0.0,0.0,0.0,0.0,326.115,21523588,6.784,0.021,3.082,0.009,324.451,0.995,110.759,0.34,0.0,0.000
0,4294967295,173,47,Concat,Concat,dynamic,AI_VECTOR_CORE,1785698519187541.917	,9.520,0.044000,40,0,NO,"""64,1,16;64,2,16;64,3,16;64,4,16;64,1,16;64,2,16;64,3,16;64,4,16;64,1,16;64,2,16;64,3,16;64,4,16;64,1,16;64,2,16;64,3,16;64,4,16;64,1,16;64,2,16;64,3,16;64,4,16;64,1,16;64,2,16;64,3,16;64,4,16;64,1,16;64,2,16;64,3,16;64,4,16;64,1,16;64,2,16;64,3,16;64,4,16;64,1,16;64,2,16;64,3,16;64,4,16;64,1,16;64,2,16;64,3,16;64,4,16;64,1,16;64,2,16;64,3,16;64,4,16;64,1,16;64,2,16;64,3,16;64,4,16;64,1,16;64,2,16;64,3,16;64,4,16;64,1,16;64,2,16;64,3,16;64,4,16;64,1,16;64,2,16;64,3,16;64,4,16;64,1,16;64,2,16;64,3,16;64,4,16""",FLOAT16;FLOAT16;FLOAT16;FLOAT16;FLOAT16;FLOAT16;FLOAT16;FLOAT16;FLOAT16;FLOAT16;FLOAT16;FLOAT16;FLOAT16;FLOAT16;FLOAT16;FLOAT16;FLOAT16;FLOAT16;FLOAT16;FLOAT16;FLOAT16;FLOAT16;FLOAT16;FLOAT16;FLOAT16;FLOAT16;FLOAT16;FLOAT16;FLOAT16;FLOAT16;FLOAT16;FLOAT16;FLOAT16;FLOAT16;FLOAT16;FLOAT16;FLOAT16;FLOAT16;FLOAT16;FLOAT16;FLOAT16;FLOAT16;FLOAT16;FLOAT16;FLOAT16;FLOAT16;FLOAT16;FLOAT16;FLOAT16;FLOAT16;FLOAT16;FLOAT16;FLOAT16;FLOAT16;FLOAT16;FLOAT16;FLOAT16;FLOAT16;FLOAT16;FLOAT16;FLOAT16;FLOAT16;FLOAT16;FLOAT16,ND;ND;ND;ND;ND;ND;ND;ND;ND;ND;ND;ND;ND;ND;ND;ND;ND;ND;ND;ND;ND;ND;ND;ND;ND;ND;ND;ND;ND;ND;ND;ND;ND;ND;ND;ND;ND;ND;ND;ND;ND;ND;ND;ND;ND;ND;ND;ND;ND;ND;ND;ND;ND;ND;ND;ND;ND;ND;ND;ND;ND;ND;ND;ND,"""64,160,16""",FLOAT16,ND,N/A,0.0,0,0.0,0.0,0.0,0.0,0.0,0.0,0.0,0.0,0.0,0.0,0.0,6.721,443570,0.017,0.003,4.088,0.608,1.931,0.287,1.024,0.152,0.0,0.000
0,4294967295,174,47,aclnnMul_MulAiCore_Mul,Mul,dynamic,AI_VECTOR_CORE,1785698519187551.457	,327.287,0.000000,40,0,NO,"""4096,4096;4096,4096""",FLOAT;FLOAT,ND;ND,"""4096,4096""",FLOAT,ND,N/A,0.0,0,0.0,0.0,0.0,0.0,0.0,0.0,0.0,0.0,0.0,0.0,0.0,325.216,21464285,6.784,0.021,3.101,0.01,323.593,0.995,108.434,0.333,0.0,0.000
0,4294967295,175,47,Concat,Concat,dynamic,AI_VECTOR_CORE,1785698519187878.764	,9.340,0.000000,40,0,NO,"""64,1,16;64,2,16;64,3,16;64,4,16;64,1,16;64,2,16;64,3,16;64,4,16;64,1,16;64,2,16;64,3,16;64,4,16;64,1,16;64,2,16;64,3,16;64,4,16;64,1,16;64,2,16;64,3,16;64,4,16;64,1,16;64,2,16;64,3,16;64,4,16;64,1,16;64,2,16;64,3,16;64,4,16;64,1,16;64,2,16;64,3,16;64,4,16;64,1,16;64,2,16;64,3,16;64,4,16;64,1,16;64,2,16;64,3,16;64,4,16;64,1,16;64,2,16;64,3,16;64,4,16;64,1,16;64,2,16;64,3,16;64,4,16;64,1,16;64,2,16;64,3,16;64,4,16;64,1,16;64,2,16;64,3,16;64,4,16;64,1,16;64,2,16;64,3,16;64,4,16;64,1,16;64,2,16;64,3,16;64,4,16""",FLOAT16;FLOAT16;FLOAT16;FLOAT16;FLOAT16;FLOAT16;FLOAT16;FLOAT16;FLOAT16;FLOAT16;FLOAT16;FLOAT16;FLOAT16;FLOAT16;FLOAT16;FLOAT16;FLOAT16;FLOAT16;FLOAT16;FLOAT16;FLOAT16;FLOAT16;FLOAT16;FLOAT16;FLOAT16;FLOAT16;FLOAT16;FLOAT16;FLOAT16;FLOAT16;FLOAT16;FLOAT16;FLOAT16;FLOAT16;FLOAT16;FLOAT16;FLOAT16;FLOAT16;FLOAT16;FLOAT16;FLOAT16;FLOAT16;FLOAT16;FLOAT16;FLOAT16;FLOAT16;FLOAT16;FLOAT16;FLOAT16;FLOAT16;FLOAT16;FLOAT16;FLOAT16;FLOAT16;FLOAT16;FLOAT16;FLOAT16;FLOAT16;FLOAT16;FLOAT16;FLOAT16;FLOAT16;FLOAT16;FLOAT16,ND;ND;ND;ND;ND;ND;ND;ND;ND;ND;ND;ND;ND;ND;ND;ND;ND;ND;ND;ND;ND;ND;ND;ND;ND;ND;ND;ND;ND;ND;ND;ND;ND;ND;ND;ND;ND;ND;ND;ND;ND;ND;ND;ND;ND;ND;ND;ND;ND;ND;ND;ND;ND;ND;ND;ND;ND;ND;ND;ND;ND;ND;ND;ND,"""64,160,16""",FLOAT16,ND,N/A,0.0,0,0.0,0.0,0.0,0.0,0.0,0.0,0.0,0.0,0.0,0.0,0.0,6.921,456793,0.017,0.002,3.467,0.501,2.686,0.388,1.142,0.165,0.0,0.000
0,4294967295,176,47,aclnnMul_MulAiCore_Mul,Mul,dynamic,AI_VECTOR_CORE,1785698519187888.124	,327.767,0.000000,40,0,NO,"""4096,4096;4096,4096""",FLOAT;FLOAT,ND;ND,"""4096,4096""",FLOAT,ND,N/A,0.0,0,0.0,0.0,0.0,0.0,0.0,0.0,0.0,0.0,0.0,0.0,0.0,325.745,21499158,6.784,0.021,3.062,0.009,324.132,0.995,109.501,0.336,0.0,0.000
0,4294967295,177,47,Concat,Concat,dynamic,AI_VECTOR_CORE,1785698519188215.911	,11.700,0.233000,40,0,NO,"""64,1,16;64,2,16;64,3,16;64,4,16;64,1,16;64,2,16;64,3,16;64,4,16;64,1,16;64,2,16;64,3,16;64,4,16;64,1,16;64,2,16;64,3,16;64,4,16;64,1,16;64,2,16;64,3,16;64,4,16;64,1,16;64,2,16;64,3,16;64,4,16;64,1,16;64,2,16;64,3,16;64,4,16;64,1,16;64,2,16;64,3,16;64,4,16;64,1,16;64,2,16;64,3,16;64,4,16;64,1,16;64,2,16;64,3,16;64,4,16;64,1,16;64,2,16;64,3,16;64,4,16;64,1,16;64,2,16;64,3,16;64,4,16;64,1,16;64,2,16;64,3,16;64,4,16;64,1,16;64,2,16;64,3,16;64,4,16;64,1,16;64,2,16;64,3,16;64,4,16;64,1,16;64,2,16;64,3,16;64,4,16""",FLOAT16;FLOAT16;FLOAT16;FLOAT16;FLOAT16;FLOAT16;FLOAT16;FLOAT16;FLOAT16;FLOAT16;FLOAT16;FLOAT16;FLOAT16;FLOAT16;FLOAT16;FLOAT16;FLOAT16;FLOAT16;FLOAT16;FLOAT16;FLOAT16;FLOAT16;FLOAT16;FLOAT16;FLOAT16;FLOAT16;FLOAT16;FLOAT16;FLOAT16;FLOAT16;FLOAT16;FLOAT16;FLOAT16;FLOAT16;FLOAT16;FLOAT16;FLOAT16;FLOAT16;FLOAT16;FLOAT16;FLOAT16;FLOAT16;FLOAT16;FLOAT16;FLOAT16;FLOAT16;FLOAT16;FLOAT16;FLOAT16;FLOAT16;FLOAT16;FLOAT16;FLOAT16;FLOAT16;FLOAT16;FLOAT16;FLOAT16;FLOAT16;FLOAT16;FLOAT16;FLOAT16;FLOAT16;FLOAT16;FLOAT16,ND;ND;ND;ND;ND;ND;ND;ND;ND;ND;ND;ND;ND;ND;ND;ND;ND;ND;ND;ND;ND;ND;ND;ND;ND;ND;ND;ND;ND;ND;ND;ND;ND;ND;ND;ND;ND;ND;ND;ND;ND;ND;ND;ND;ND;ND;ND;ND;ND;ND;ND;ND;ND;ND;ND;ND;ND;ND;ND;ND;ND;ND;ND;ND,"""64,160,16""",FLOAT16,ND,N/A,0.0,0,0.0,0.0,0.0,0.0,0.0,0.0,0.0,0.0,0.0,0.0,0.0,8.682,573017,0.017,0.002,3.918,0.451,4.22,0.486,1.063,0.122,0.0,0.000
0,4294967295,178,47,aclnnMul_MulAiCore_Mul,Mul,dynamic,AI_VECTOR_CORE,1785698519188227.631	,328.386,0.050000,40,0,NO,"""4096,4096;4096,4096""",FLOAT;FLOAT,ND;ND,"""4096,4096""",FLOAT,ND,N/A,0.0,0,0.0,0.0,0.0,0.0,0.0,0.0,0.0,0.0,0.0,0.0,0.0,326.29,21535155,6.784,0.021,2.885,0.009,324.864,0.996,108.668,0.333,0.0,0.000
0,4294967295,179,47,Concat,Concat,dynamic,AI_VECTOR_CORE,1785698519188556.057	,11.401,0.000000,40,0,NO,"""64,1,16;64,2,16;64,3,16;64,4,16;64,1,16;64,2,16;64,3,16;64,4,16;64,1,16;64,2,16;64,3,16;64,4,16;64,1,16;64,2,16;64,3,16;64,4,16;64,1,16;64,2,16;64,3,16;64,4,16;64,1,16;64,2,16;64,3,16;64,4,16;64,1,16;64,2,16;64,3,16;64,4,16;64,1,16;64,2,16;64,3,16;64,4,16;64,1,16;64,2,16;64,3,16;64,4,16;64,1,16;64,2,16;64,3,16;64,4,16;64,1,16;64,2,16;64,3,16;64,4,16;64,1,16;64,2,16;64,3,16;64,4,16;64,1,16;64,2,16;64,3,16;64,4,16;64,1,16;64,2,16;64,3,16;64,4,16;64,1,16;64,2,16;64,3,16;64,4,16;64,1,16;64,2,16;64,3,16;64,4,16""",FLOAT16;FLOAT16;FLOAT16;FLOAT16;FLOAT16;FLOAT16;FLOAT16;FLOAT16;FLOAT16;FLOAT16;FLOAT16;FLOAT16;FLOAT16;FLOAT16;FLOAT16;FLOAT16;FLOAT16;FLOAT16;FLOAT16;FLOAT16;FLOAT16;FLOAT16;FLOAT16;FLOAT16;FLOAT16;FLOAT16;FLOAT16;FLOAT16;FLOAT16;FLOAT16;FLOAT16;FLOAT16;FLOAT16;FLOAT16;FLOAT16;FLOAT16;FLOAT16;FLOAT16;FLOAT16;FLOAT16;FLOAT16;FLOAT16;FLOAT16;FLOAT16;FLOAT16;FLOAT16;FLOAT16;FLOAT16;FLOAT16;FLOAT16;FLOAT16;FLOAT16;FLOAT16;FLOAT16;FLOAT16;FLOAT16;FLOAT16;FLOAT16;FLOAT16;FLOAT16;FLOAT16;FLOAT16;FLOAT16;FLOAT16,ND;ND;ND;ND;ND;ND;ND;ND;ND;ND;ND;ND;ND;ND;ND;ND;ND;ND;ND;ND;ND;ND;ND;ND;ND;ND;ND;ND;ND;ND;ND;ND;ND;ND;ND;ND;ND;ND;ND;ND;ND;ND;ND;ND;ND;ND;ND;ND;ND;ND;ND;ND;ND;ND;ND;ND;ND;ND;ND;ND;ND;ND;ND;ND,"""64,160,16""",FLOAT16,ND,N/A,0.0,0,0.0,0.0,0.0,0.0,0.0,0.0,0.0,0.0,0.0,0.0,0.0,8.633,569771,0.017,0.002,3.653,0.423,4.154,0.481,1.145,0.133,0.0,0.000
0,4294967295,180,47,aclnnMul_MulAiCore_Mul,Mul,dynamic,AI_VECTOR_CORE,1785698519188567.498	,327.066,0.099000,40,0,NO,"""4096,4096;4096,4096""",FLOAT;FLOAT,ND;ND,"""4096,4096""",FLOAT,ND,N/A,0.0,0,0.0,0.0,0.0,0.0,0.0,0.0,0.0,0.0,0.0,0.0,0.0,324.751,21433574,6.784,0.021,3.084,0.009,323.127,0.995,109.532,0.337,0.0,0.000
0,4294967295,181,47,Concat,Concat,dynamic,AI_VECTOR_CORE,1785698519188894.584	,9.900,0.000000,40,0,NO,"""64,1,16;64,2,16;64,3,16;64,4,16;64,1,16;64,2,16;64,3,16;64,4,16;64,1,16;64,2,16;64,3,16;64,4,16;64,1,16;64,2,16;64,3,16;64,4,16;64,1,16;64,2,16;64,3,16;64,4,16;64,1,16;64,2,16;64,3,16;64,4,16;64,1,16;64,2,16;64,3,16;64,4,16;64,1,16;64,2,16;64,3,16;64,4,16;64,1,16;64,2,16;64,3,16;64,4,16;64,1,16;64,2,16;64,3,16;64,4,16;64,1,16;64,2,16;64,3,16;64,4,16;64,1,16;64,2,16;64,3,16;64,4,16;64,1,16;64,2,16;64,3,16;64,4,16;64,1,16;64,2,16;64,3,16;64,4,16;64,1,16;64,2,16;64,3,16;64,4,16;64,1,16;64,2,16;64,3,16;64,4,16""",FLOAT16;FLOAT16;FLOAT16;FLOAT16;FLOAT16;FLOAT16;FLOAT16;FLOAT16;FLOAT16;FLOAT16;FLOAT16;FLOAT16;FLOAT16;FLOAT16;FLOAT16;FLOAT16;FLOAT16;FLOAT16;FLOAT16;FLOAT16;FLOAT16;FLOAT16;FLOAT16;FLOAT16;FLOAT16;FLOAT16;FLOAT16;FLOAT16;FLOAT16;FLOAT16;FLOAT16;FLOAT16;FLOAT16;FLOAT16;FLOAT16;FLOAT16;FLOAT16;FLOAT16;FLOAT16;FLOAT16;FLOAT16;FLOAT16;FLOAT16;FLOAT16;FLOAT16;FLOAT16;FLOAT16;FLOAT16;FLOAT16;FLOAT16;FLOAT16;FLOAT16;FLOAT16;FLOAT16;FLOAT16;FLOAT16;FLOAT16;FLOAT16;FLOAT16;FLOAT16;FLOAT16;FLOAT16;FLOAT16;FLOAT16,ND;ND;ND;ND;ND;ND;ND;ND;ND;ND;ND;ND;ND;ND;ND;ND;ND;ND;ND;ND;ND;ND;ND;ND;ND;ND;ND;ND;ND;ND;ND;ND;ND;ND;ND;ND;ND;ND;ND;ND;ND;ND;ND;ND;ND;ND;ND;ND;ND;ND;ND;ND;ND;ND;ND;ND;ND;ND;ND;ND;ND;ND;ND;ND,"""64,160,16""",FLOAT16,ND,N/A,0.0,0,0.0,0.0,0.0,0.0,0.0,0.0,0.0,0.0,0.0,0.0,0.0,7.597,501404,0.017,0.002,3.765,0.496,3.294,0.434,1.067,0.14,0.0,0.000
0,4294967295,182,47,aclnnMul_MulAiCore_Mul,Mul,dynamic,AI_VECTOR_CORE,1785698519188904.504	,327.207,0.100000,40,0,NO,"""4096,4096;4096,4096""",FLOAT;FLOAT,ND;ND,"""4096,4096""",FLOAT,ND,N/A,0.0,0,0.0,0.0,0.0,0.0,0.0,0.0,0.0,0.0,0.0,0.0,0.0,324.488,21416235,6.784,0.021,2.909,0.009,323.036,0.996,109.289,0.337,0.0,0.000
0,4294967295,183,47,Concat,Concat,dynamic,AI_VECTOR_CORE,1785698519189231.731	,10.580,0.043000,40,0,NO,"""64,1,16;64,2,16;64,3,16;64,4,16;64,1,16;64,2,16;64,3,16;64,4,16;64,1,16;64,2,16;64,3,16;64,4,16;64,1,16;64,2,16;64,3,16;64,4,16;64,1,16;64,2,16;64,3,16;64,4,16;64,1,16;64,2,16;64,3,16;64,4,16;64,1,16;64,2,16;64,3,16;64,4,16;64,1,16;64,2,16;64,3,16;64,4,16;64,1,16;64,2,16;64,3,16;64,4,16;64,1,16;64,2,16;64,3,16;64,4,16;64,1,16;64,2,16;64,3,16;64,4,16;64,1,16;64,2,16;64,3,16;64,4,16;64,1,16;64,2,16;64,3,16;64,4,16;64,1,16;64,2,16;64,3,16;64,4,16;64,1,16;64,2,16;64,3,16;64,4,16;64,1,16;64,2,16;64,3,16;64,4,16""",FLOAT16;FLOAT16;FLOAT16;FLOAT16;FLOAT16;FLOAT16;FLOAT16;FLOAT16;FLOAT16;FLOAT16;FLOAT16;FLOAT16;FLOAT16;FLOAT16;FLOAT16;FLOAT16;FLOAT16;FLOAT16;FLOAT16;FLOAT16;FLOAT16;FLOAT16;FLOAT16;FLOAT16;FLOAT16;FLOAT16;FLOAT16;FLOAT16;FLOAT16;FLOAT16;FLOAT16;FLOAT16;FLOAT16;FLOAT16;FLOAT16;FLOAT16;FLOAT16;FLOAT16;FLOAT16;FLOAT16;FLOAT16;FLOAT16;FLOAT16;FLOAT16;FLOAT16;FLOAT16;FLOAT16;FLOAT16;FLOAT16;FLOAT16;FLOAT16;FLOAT16;FLOAT16;FLOAT16;FLOAT16;FLOAT16;FLOAT16;FLOAT16;FLOAT16;FLOAT16;FLOAT16;FLOAT16;FLOAT16;FLOAT16,ND;ND;ND;ND;ND;ND;ND;ND;ND;ND;ND;ND;ND;ND;ND;ND;ND;ND;ND;ND;ND;ND;ND;ND;ND;ND;ND;ND;ND;ND;ND;ND;ND;ND;ND;ND;ND;ND;ND;ND;ND;ND;ND;ND;ND;ND;ND;ND;ND;ND;ND;ND;ND;ND;ND;ND;ND;ND;ND;ND;ND;ND;ND;ND,"""64,160,16""",FLOAT16,ND,N/A,0.0,0,0.0,0.0,0.0,0.0,0.0,0.0,0.0,0.0,0.0,0.0,0.0,7.768,512710,0.017,0.002,3.809,0.49,3.411,0.439,1.032,0.133,0.0,0.000
0,4294967295,184,47,aclnnMul_MulAiCore_Mul,Mul,dynamic,AI_VECTOR_CORE,1785698519189242.331	,327.167,0.000000,40,0,NO,"""4096,4096;4096,4096""",FLOAT;FLOAT,ND;ND,"""4096,4096""",FLOAT,ND,N/A,0.0,0,0.0,0.0,0.0,0.0,0.0,0.0,0.0,0.0,0.0,0.0,0.0,325.325,21471436,6.784,0.021,3.095,0.01,323.721,0.995,108.894,0.335,0.0,0.000
0,4294967295,185,47,Concat,Concat,dynamic,AI_VECTOR_CORE,1785698519189569.518	,11.340,0.083000,40,0,NO,"""64,1,16;64,2,16;64,3,16;64,4,16;64,1,16;64,2,16;64,3,16;64,4,16;64,1,16;64,2,16;64,3,16;64,4,16;64,1,16;64,2,16;64,3,16;64,4,16;64,1,16;64,2,16;64,3,16;64,4,16;64,1,16;64,2,16;64,3,16;64,4,16;64,1,16;64,2,16;64,3,16;64,4,16;64,1,16;64,2,16;64,3,16;64,4,16;64,1,16;64,2,16;64,3,16;64,4,16;64,1,16;64,2,16;64,3,16;64,4,16;64,1,16;64,2,16;64,3,16;64,4,16;64,1,16;64,2,16;64,3,16;64,4,16;64,1,16;64,2,16;64,3,16;64,4,16;64,1,16;64,2,16;64,3,16;64,4,16;64,1,16;64,2,16;64,3,16;64,4,16;64,1,16;64,2,16;64,3,16;64,4,16""",FLOAT16;FLOAT16;FLOAT16;FLOAT16;FLOAT16;FLOAT16;FLOAT16;FLOAT16;FLOAT16;FLOAT16;FLOAT16;FLOAT16;FLOAT16;FLOAT16;FLOAT16;FLOAT16;FLOAT16;FLOAT16;FLOAT16;FLOAT16;FLOAT16;FLOAT16;FLOAT16;FLOAT16;FLOAT16;FLOAT16;FLOAT16;FLOAT16;FLOAT16;FLOAT16;FLOAT16;FLOAT16;FLOAT16;FLOAT16;FLOAT16;FLOAT16;FLOAT16;FLOAT16;FLOAT16;FLOAT16;FLOAT16;FLOAT16;FLOAT16;FLOAT16;FLOAT16;FLOAT16;FLOAT16;FLOAT16;FLOAT16;FLOAT16;FLOAT16;FLOAT16;FLOAT16;FLOAT16;FLOAT16;FLOAT16;FLOAT16;FLOAT16;FLOAT16;FLOAT16;FLOAT16;FLOAT16;FLOAT16;FLOAT16,ND;ND;ND;ND;ND;ND;ND;ND;ND;ND;ND;ND;ND;ND;ND;ND;ND;ND;ND;ND;ND;ND;ND;ND;ND;ND;ND;ND;ND;ND;ND;ND;ND;ND;ND;ND;ND;ND;ND;ND;ND;ND;ND;ND;ND;ND;ND;ND;ND;ND;ND;ND;ND;ND;ND;ND;ND;ND;ND;ND;ND;ND;ND;ND,"""64,160,16""",FLOAT16,ND,N/A,0.0,0,0.0,0.0,0.0,0.0,0.0,0.0,0.0,0.0,0.0,0.0,0.0,9.165,604885,0.017,0.002,4.778,0.521,3.767,0.411,1.08,0.118,0.0,0.000
0,4294967295,186,47,aclnnMul_MulAiCore_Mul,Mul,dynamic,AI_VECTOR_CORE,1785698519189580.878	,325.446,0.160000,40,0,NO,"""4096,4096;4096,4096""",FLOAT;FLOAT,ND;ND,"""4096,4096""",FLOAT,ND,N/A,0.0,0,0.0,0.0,0.0,0.0,0.0,0.0,0.0,0.0,0.0,0.0,0.0,323.751,21367588,6.784,0.021,2.975,0.009,322.262,0.995,108.026,0.334,0.0,0.000
0,4294967295,187,47,Concat,Concat,dynamic,AI_VECTOR_CORE,1785698519189906.344	,11.701,0.000000,40,0,NO,"""64,1,16;64,2,16;64,3,16;64,4,16;64,1,16;64,2,16;64,3,16;64,4,16;64,1,16;64,2,16;64,3,16;64,4,16;64,1,16;64,2,16;64,3,16;64,4,16;64,1,16;64,2,16;64,3,16;64,4,16;64,1,16;64,2,16;64,3,16;64,4,16;64,1,16;64,2,16;64,3,16;64,4,16;64,1,16;64,2,16;64,3,16;64,4,16;64,1,16;64,2,16;64,3,16;64,4,16;64,1,16;64,2,16;64,3,16;64,4,16;64,1,16;64,2,16;64,3,16;64,4,16;64,1,16;64,2,16;64,3,16;64,4,16;64,1,16;64,2,16;64,3,16;64,4,16;64,1,16;64,2,16;64,3,16;64,4,16;64,1,16;64,2,16;64,3,16;64,4,16;64,1,16;64,2,16;64,3,16;64,4,16""",FLOAT16;FLOAT16;FLOAT16;FLOAT16;FLOAT16;FLOAT16;FLOAT16;FLOAT16;FLOAT16;FLOAT16;FLOAT16;FLOAT16;FLOAT16;FLOAT16;FLOAT16;FLOAT16;FLOAT16;FLOAT16;FLOAT16;FLOAT16;FLOAT16;FLOAT16;FLOAT16;FLOAT16;FLOAT16;FLOAT16;FLOAT16;FLOAT16;FLOAT16;FLOAT16;FLOAT16;FLOAT16;FLOAT16;FLOAT16;FLOAT16;FLOAT16;FLOAT16;FLOAT16;FLOAT16;FLOAT16;FLOAT16;FLOAT16;FLOAT16;FLOAT16;FLOAT16;FLOAT16;FLOAT16;FLOAT16;FLOAT16;FLOAT16;FLOAT16;FLOAT16;FLOAT16;FLOAT16;FLOAT16;FLOAT16;FLOAT16;FLOAT16;FLOAT16;FLOAT16;FLOAT16;FLOAT16;FLOAT16;FLOAT16,ND;ND;ND;ND;ND;ND;ND;ND;ND;ND;ND;ND;ND;ND;ND;ND;ND;ND;ND;ND;ND;ND;ND;ND;ND;ND;ND;ND;ND;ND;ND;ND;ND;ND;ND;ND;ND;ND;ND;ND;ND;ND;ND;ND;ND;ND;ND;ND;ND;ND;ND;ND;ND;ND;ND;ND;ND;ND;ND;ND;ND;ND;ND;ND,"""64,160,16""",FLOAT16,ND,N/A,0.0,0,0.0,0.0,0.0,0.0,0.0,0.0,0.0,0.0,0.0,0.0,0.0,8.234,543442,0.017,0.002,4.039,0.491,3.685,0.447,0.943,0.115,0.0,0.000
0,4294967295,188,47,aclnnMul_MulAiCore_Mul,Mul,dynamic,AI_VECTOR_CORE,1785698519189918.085	,328.666,0.049000,40,0,NO,"""4096,4096;4096,4096""",FLOAT;FLOAT,ND;ND,"""4096,4096""",FLOAT,ND,N/A,0.0,0,0.0,0.0,0.0,0.0,0.0,0.0,0.0,0.0,0.0,0.0,0.0,326.084,21521561,6.784,0.021,3.147,0.01,324.394,0.995,109.612,0.336,0.0,0.000
0,4294967295,189,47,Concat,Concat,dynamic,AI_VECTOR_CORE,1785698519190246.771	,9.920,0.084000,40,0,NO,"""64,1,16;64,2,16;64,3,16;64,4,16;64,1,16;64,2,16;64,3,16;64,4,16;64,1,16;64,2,16;64,3,16;64,4,16;64,1,16;64,2,16;64,3,16;64,4,16;64,1,16;64,2,16;64,3,16;64,4,16;64,1,16;64,2,16;64,3,16;64,4,16;64,1,16;64,2,16;64,3,16;64,4,16;64,1,16;64,2,16;64,3,16;64,4,16;64,1,16;64,2,16;64,3,16;64,4,16;64,1,16;64,2,16;64,3,16;64,4,16;64,1,16;64,2,16;64,3,16;64,4,16;64,1,16;64,2,16;64,3,16;64,4,16;64,1,16;64,2,16;64,3,16;64,4,16;64,1,16;64,2,16;64,3,16;64,4,16;64,1,16;64,2,16;64,3,16;64,4,16;64,1,16;64,2,16;64,3,16;64,4,16""",FLOAT16;FLOAT16;FLOAT16;FLOAT16;FLOAT16;FLOAT16;FLOAT16;FLOAT16;FLOAT16;FLOAT16;FLOAT16;FLOAT16;FLOAT16;FLOAT16;FLOAT16;FLOAT16;FLOAT16;FLOAT16;FLOAT16;FLOAT16;FLOAT16;FLOAT16;FLOAT16;FLOAT16;FLOAT16;FLOAT16;FLOAT16;FLOAT16;FLOAT16;FLOAT16;FLOAT16;FLOAT16;FLOAT16;FLOAT16;FLOAT16;FLOAT16;FLOAT16;FLOAT16;FLOAT16;FLOAT16;FLOAT16;FLOAT16;FLOAT16;FLOAT16;FLOAT16;FLOAT16;FLOAT16;FLOAT16;FLOAT16;FLOAT16;FLOAT16;FLOAT16;FLOAT16;FLOAT16;FLOAT16;FLOAT16;FLOAT16;FLOAT16;FLOAT16;FLOAT16;FLOAT16;FLOAT16;FLOAT16;FLOAT16,ND;ND;ND;ND;ND;ND;ND;ND;ND;ND;ND;ND;ND;ND;ND;ND;ND;ND;ND;ND;ND;ND;ND;ND;ND;ND;ND;ND;ND;ND;ND;ND;ND;ND;ND;ND;ND;ND;ND;ND;ND;ND;ND;ND;ND;ND;ND;ND;ND;ND;ND;ND;ND;ND;ND;ND;ND;ND;ND;ND;ND;ND;ND;ND,"""64,160,16""",FLOAT16,ND,N/A,0.0,0,0.0,0.0,0.0,0.0,0.0,0.0,0.0,0.0,0.0,0.0,0.0,7.281,480552,0.017,0.002,3.657,0.502,2.985,0.41,0.989,0.136,0.0,0.000
0,4294967295,190,47,aclnnMul_MulAiCore_Mul,Mul,dynamic,AI_VECTOR_CORE,1785698519190256.711	,327.727,0.080000,40,0,NO,"""4096,4096;4096,4096""",FLOAT;FLOAT,ND;ND,"""4096,4096""",FLOAT,ND,N/A,0.0,0,0.0,0.0,0.0,0.0,0.0,0.0,0.0,0.0,0.0,0.0,0.0,325.516,21484052,6.784,0.021,3.018,0.009,323.926,0.995,110.887,0.341,0.0,0.000
0,4294967295,191,47,Concat,Concat,dynamic,AI_VECTOR_CORE,1785698519190584.458	,9.520,0.023000,40,0,NO,"""64,1,16;64,2,16;64,3,16;64,4,16;64,1,16;64,2,16;64,3,16;64,4,16;64,1,16;64,2,16;64,3,16;64,4,16;64,1,16;64,2,16;64,3,16;64,4,16;64,1,16;64,2,16;64,3,16;64,4,16;64,1,16;64,2,16;64,3,16;64,4,16;64,1,16;64,2,16;64,3,16;64,4,16;64,1,16;64,2,16;64,3,16;64,4,16;64,1,16;64,2,16;64,3,16;64,4,16;64,1,16;64,2,16;64,3,16;64,4,16;64,1,16;64,2,16;64,3,16;64,4,16;64,1,16;64,2,16;64,3,16;64,4,16;64,1,16;64,2,16;64,3,16;64,4,16;64,1,16;64,2,16;64,3,16;64,4,16;64,1,16;64,2,16;64,3,16;64,4,16;64,1,16;64,2,16;64,3,16;64,4,16""",FLOAT16;FLOAT16;FLOAT16;FLOAT16;FLOAT16;FLOAT16;FLOAT16;FLOAT16;FLOAT16;FLOAT16;FLOAT16;FLOAT16;FLOAT16;FLOAT16;FLOAT16;FLOAT16;FLOAT16;FLOAT16;FLOAT16;FLOAT16;FLOAT16;FLOAT16;FLOAT16;FLOAT16;FLOAT16;FLOAT16;FLOAT16;FLOAT16;FLOAT16;FLOAT16;FLOAT16;FLOAT16;FLOAT16;FLOAT16;FLOAT16;FLOAT16;FLOAT16;FLOAT16;FLOAT16;FLOAT16;FLOAT16;FLOAT16;FLOAT16;FLOAT16;FLOAT16;FLOAT16;FLOAT16;FLOAT16;FLOAT16;FLOAT16;FLOAT16;FLOAT16;FLOAT16;FLOAT16;FLOAT16;FLOAT16;FLOAT16;FLOAT16;FLOAT16;FLOAT16;FLOAT16;FLOAT16;FLOAT16;FLOAT16,ND;ND;ND;ND;ND;ND;ND;ND;ND;ND;ND;ND;ND;ND;ND;ND;ND;ND;ND;ND;ND;ND;ND;ND;ND;ND;ND;ND;ND;ND;ND;ND;ND;ND;ND;ND;ND;ND;ND;ND;ND;ND;ND;ND;ND;ND;ND;ND;ND;ND;ND;ND;ND;ND;ND;ND;ND;ND;ND;ND;ND;ND;ND;ND,"""64,160,16""",FLOAT16,ND,N/A,0.0,0,0.0,0.0,0.0,0.0,0.0,0.0,0.0,0.0,0.0,0.0,0.0,7.372,486527,0.017,0.002,3.764,0.511,2.755,0.374,1.218,0.165,0.0,0.000
0,4294967295,192,47,aclnnMul_MulAiCore_Mul,Mul,dynamic,AI_VECTOR_CORE,1785698519190593.998	,327.367,0.000000,40,0,NO,"""4096,4096;4096,4096""",FLOAT;FLOAT,ND;ND,"""4096,4096""",FLOAT,ND,N/A,0.0,0,0.0,0.0,0.0,0.0,0.0,0.0,0.0,0.0,0.0,0.0,0.0,325.067,21454444,6.784,0.021,3.106,0.01,323.454,0.995,108.895,0.335,0.0,0.000
0,4294967295,193,47,Concat,Concat,dynamic,AI_VECTOR_CORE,1785698519190921.385	,11.840,0.133000,40,0,NO,"""64,1,16;64,2,16;64,3,16;64,4,16;64,1,16;64,2,16;64,3,16;64,4,16;64,1,16;64,2,16;64,3,16;64,4,16;64,1,16;64,2,16;64,3,16;64,4,16;64,1,16;64,2,16;64,3,16;64,4,16;64,1,16;64,2,16;64,3,16;64,4,16;64,1,16;64,2,16;64,3,16;64,4,16;64,1,16;64,2,16;64,3,16;64,4,16;64,1,16;64,2,16;64,3,16;64,4,16;64,1,16;64,2,16;64,3,16;64,4,16;64,1,16;64,2,16;64,3,16;64,4,16;64,1,16;64,2,16;64,3,16;64,4,16;64,1,16;64,2,16;64,3,16;64,4,16;64,1,16;64,2,16;64,3,16;64,4,16;64,1,16;64,2,16;64,3,16;64,4,16;64,1,16;64,2,16;64,3,16;64,4,16""",FLOAT16;FLOAT16;FLOAT16;FLOAT16;FLOAT16;FLOAT16;FLOAT16;FLOAT16;FLOAT16;FLOAT16;FLOAT16;FLOAT16;FLOAT16;FLOAT16;FLOAT16;FLOAT16;FLOAT16;FLOAT16;FLOAT16;FLOAT16;FLOAT16;FLOAT16;FLOAT16;FLOAT16;FLOAT16;FLOAT16;FLOAT16;FLOAT16;FLOAT16;FLOAT16;FLOAT16;FLOAT16;FLOAT16;FLOAT16;FLOAT16;FLOAT16;FLOAT16;FLOAT16;FLOAT16;FLOAT16;FLOAT16;FLOAT16;FLOAT16;FLOAT16;FLOAT16;FLOAT16;FLOAT16;FLOAT16;FLOAT16;FLOAT16;FLOAT16;FLOAT16;FLOAT16;FLOAT16;FLOAT16;FLOAT16;FLOAT16;FLOAT16;FLOAT16;FLOAT16;FLOAT16;FLOAT16;FLOAT16;FLOAT16,ND;ND;ND;ND;ND;ND;ND;ND;ND;ND;ND;ND;ND;ND;ND;ND;ND;ND;ND;ND;ND;ND;ND;ND;ND;ND;ND;ND;ND;ND;ND;ND;ND;ND;ND;ND;ND;ND;ND;ND;ND;ND;ND;ND;ND;ND;ND;ND;ND;ND;ND;ND;ND;ND;ND;ND;ND;ND;ND;ND;ND;ND;ND;ND,"""64,160,16""",FLOAT16,ND,N/A,0.0,0,0.0,0.0,0.0,0.0,0.0,0.0,0.0,0.0,0.0,0.0,0.0,9.258,611017,0.017,0.002,3.675,0.397,4.529,0.489,1.361,0.147,0.0,0.000
0,4294967295,194,47,aclnnMul_MulAiCore_Mul,Mul,dynamic,AI_VECTOR_CORE,1785698519190933.245	,328.286,0.000000,40,0,NO,"""4096,4096;4096,4096""",FLOAT;FLOAT,ND;ND,"""4096,4096""",FLOAT,ND,N/A,0.0,0,0.0,0.0,0.0,0.0,0.0,0.0,0.0,0.0,0.0,0.0,0.0,325.845,21505752,6.784,0.021,3.028,0.009,324.291,0.995,109.517,0.336,0.0,0.000
0,4294967295,195,47,Concat,Concat,dynamic,AI_VECTOR_CORE,1785698519191261.551	,11.401,0.000000,40,0,NO,"""64,1,16;64,2,16;64,3,16;64,4,16;64,1,16;64,2,16;64,3,16;64,4,16;64,1,16;64,2,16;64,3,16;64,4,16;64,1,16;64,2,16;64,3,16;64,4,16;64,1,16;64,2,16;64,3,16;64,4,16;64,1,16;64,2,16;64,3,16;64,4,16;64,1,16;64,2,16;64,3,16;64,4,16;64,1,16;64,2,16;64,3,16;64,4,16;64,1,16;64,2,16;64,3,16;64,4,16;64,1,16;64,2,16;64,3,16;64,4,16;64,1,16;64,2,16;64,3,16;64,4,16;64,1,16;64,2,16;64,3,16;64,4,16;64,1,16;64,2,16;64,3,16;64,4,16;64,1,16;64,2,16;64,3,16;64,4,16;64,1,16;64,2,16;64,3,16;64,4,16;64,1,16;64,2,16;64,3,16;64,4,16""",FLOAT16;FLOAT16;FLOAT16;FLOAT16;FLOAT16;FLOAT16;FLOAT16;FLOAT16;FLOAT16;FLOAT16;FLOAT16;FLOAT16;FLOAT16;FLOAT16;FLOAT16;FLOAT16;FLOAT16;FLOAT16;FLOAT16;FLOAT16;FLOAT16;FLOAT16;FLOAT16;FLOAT16;FLOAT16;FLOAT16;FLOAT16;FLOAT16;FLOAT16;FLOAT16;FLOAT16;FLOAT16;FLOAT16;FLOAT16;FLOAT16;FLOAT16;FLOAT16;FLOAT16;FLOAT16;FLOAT16;FLOAT16;FLOAT16;FLOAT16;FLOAT16;FLOAT16;FLOAT16;FLOAT16;FLOAT16;FLOAT16;FLOAT16;FLOAT16;FLOAT16;FLOAT16;FLOAT16;FLOAT16;FLOAT16;FLOAT16;FLOAT16;FLOAT16;FLOAT16;FLOAT16;FLOAT16;FLOAT16;FLOAT16,ND;ND;ND;ND;ND;ND;ND;ND;ND;ND;ND;ND;ND;ND;ND;ND;ND;ND;ND;ND;ND;ND;ND;ND;ND;ND;ND;ND;ND;ND;ND;ND;ND;ND;ND;ND;ND;ND;ND;ND;ND;ND;ND;ND;ND;ND;ND;ND;ND;ND;ND;ND;ND;ND;ND;ND;ND;ND;ND;ND;ND;ND;ND;ND,"""64,160,16""",FLOAT16,ND,N/A,0.0,0,0.0,0.0,0.0,0.0,0.0,0.0,0.0,0.0,0.0,0.0,0.0,8.342,550542,0.017,0.002,4.136,0.496,3.992,0.479,0.925,0.111,0.0,0.000
0,4294967295,196,47,aclnnMul_MulAiCore_Mul,Mul,dynamic,AI_VECTOR_CORE,1785698519191272.972	,327.466,0.099000,40,0,NO,"""4096,4096;4096,4096""",FLOAT;FLOAT,ND;ND,"""4096,4096""",FLOAT,ND,N/A,0.0,0,0.0,0.0,0.0,0.0,0.0,0.0,0.0,0.0,0.0,0.0,0.0,325.44,21479048,6.784,0.021,3.054,0.009,323.88,0.995,109.766,0.337,0.0,0.000
0,4294967295,197,47,Concat,Concat,dynamic,AI_VECTOR_CORE,1785698519191600.458	,10.040,0.034000,40,0,NO,"""64,1,16;64,2,16;64,3,16;64,4,16;64,1,16;64,2,16;64,3,16;64,4,16;64,1,16;64,2,16;64,3,16;64,4,16;64,1,16;64,2,16;64,3,16;64,4,16;64,1,16;64,2,16;64,3,16;64,4,16;64,1,16;64,2,16;64,3,16;64,4,16;64,1,16;64,2,16;64,3,16;64,4,16;64,1,16;64,2,16;64,3,16;64,4,16;64,1,16;64,2,16;64,3,16;64,4,16;64,1,16;64,2,16;64,3,16;64,4,16;64,1,16;64,2,16;64,3,16;64,4,16;64,1,16;64,2,16;64,3,16;64,4,16;64,1,16;64,2,16;64,3,16;64,4,16;64,1,16;64,2,16;64,3,16;64,4,16;64,1,16;64,2,16;64,3,16;64,4,16;64,1,16;64,2,16;64,3,16;64,4,16""",FLOAT16;FLOAT16;FLOAT16;FLOAT16;FLOAT16;FLOAT16;FLOAT16;FLOAT16;FLOAT16;FLOAT16;FLOAT16;FLOAT16;FLOAT16;FLOAT16;FLOAT16;FLOAT16;FLOAT16;FLOAT16;FLOAT16;FLOAT16;FLOAT16;FLOAT16;FLOAT16;FLOAT16;FLOAT16;FLOAT16;FLOAT16;FLOAT16;FLOAT16;FLOAT16;FLOAT16;FLOAT16;FLOAT16;FLOAT16;FLOAT16;FLOAT16;FLOAT16;FLOAT16;FLOAT16;FLOAT16;FLOAT16;FLOAT16;FLOAT16;FLOAT16;FLOAT16;FLOAT16;FLOAT16;FLOAT16;FLOAT16;FLOAT16;FLOAT16;FLOAT16;FLOAT16;FLOAT16;FLOAT16;FLOAT16;FLOAT16;FLOAT16;FLOAT16;FLOAT16;FLOAT16;FLOAT16;FLOAT16;FLOAT16,ND;ND;ND;ND;ND;ND;ND;ND;ND;ND;ND;ND;ND;ND;ND;ND;ND;ND;ND;ND;ND;ND;ND;ND;ND;ND;ND;ND;ND;ND;ND;ND;ND;ND;ND;ND;ND;ND;ND;ND;ND;ND;ND;ND;ND;ND;ND;ND;ND;ND;ND;ND;ND;ND;ND;ND;ND;ND;ND;ND;ND;ND;ND;ND,"""64,160,16""",FLOAT16,ND,N/A,0.0,0,0.0,0.0,0.0,0.0,0.0,0.0,0.0,0.0,0.0,0.0,0.0,7.488,494185,0.017,0.002,4.001,0.534,2.766,0.369,1.013,0.135,0.0,0.000
0,4294967295,198,47,aclnnMul_MulAiCore_Mul,Mul,dynamic,AI_VECTOR_CORE,1785698519191610.538	,327.567,0.000000,40,0,NO,"""4096,4096;4096,4096""",FLOAT;FLOAT,ND;ND,"""4096,4096""",FLOAT,ND,N/A,0.0,0,0.0,0.0,0.0,0.0,0.0,0.0,0.0,0.0,0.0,0.0,0.0,325.639,21492151,6.784,0.021,3.027,0.009,324.099,0.995,108.997,0.335,0.0,0.000
0,4294967295,199,47,Concat,Concat,dynamic,AI_VECTOR_CORE,1785698519191938.125	,11.020,0.000000,40,0,NO,"""64,1,16;64,2,16;64,3,16;64,4,16;64,1,16;64,2,16;64,3,16;64,4,16;64,1,16;64,2,16;64,3,16;64,4,16;64,1,16;64,2,16;64,3,16;64,4,16;64,1,16;64,2,16;64,3,16;64,4,16;64,1,16;64,2,16;64,3,16;64,4,16;64,1,16;64,2,16;64,3,16;64,4,16;64,1,16;64,2,16;64,3,16;64,4,16;64,1,16;64,2,16;64,3,16;64,4,16;64,1,16;64,2,16;64,3,16;64,4,16;64,1,16;64,2,16;64,3,16;64,4,16;64,1,16;64,2,16;64,3,16;64,4,16;64,1,16;64,2,16;64,3,16;64,4,16;64,1,16;64,2,16;64,3,16;64,4,16;64,1,16;64,2,16;64,3,16;64,4,16;64,1,16;64,2,16;64,3,16;64,4,16""",FLOAT16;FLOAT16;FLOAT16;FLOAT16;FLOAT16;FLOAT16;FLOAT16;FLOAT16;FLOAT16;FLOAT16;FLOAT16;FLOAT16;FLOAT16;FLOAT16;FLOAT16;FLOAT16;FLOAT16;FLOAT16;FLOAT16;FLOAT16;FLOAT16;FLOAT16;FLOAT16;FLOAT16;FLOAT16;FLOAT16;FLOAT16;FLOAT16;FLOAT16;FLOAT16;FLOAT16;FLOAT16;FLOAT16;FLOAT16;FLOAT16;FLOAT16;FLOAT16;FLOAT16;FLOAT16;FLOAT16;FLOAT16;FLOAT16;FLOAT16;FLOAT16;FLOAT16;FLOAT16;FLOAT16;FLOAT16;FLOAT16;FLOAT16;FLOAT16;FLOAT16;FLOAT16;FLOAT16;FLOAT16;FLOAT16;FLOAT16;FLOAT16;FLOAT16;FLOAT16;FLOAT16;FLOAT16;FLOAT16;FLOAT16,ND;ND;ND;ND;ND;ND;ND;ND;ND;ND;ND;ND;ND;ND;ND;ND;ND;ND;ND;ND;ND;ND;ND;ND;ND;ND;ND;ND;ND;ND;ND;ND;ND;ND;ND;ND;ND;ND;ND;ND;ND;ND;ND;ND;ND;ND;ND;ND;ND;ND;ND;ND;ND;ND;ND;ND;ND;ND;ND;ND;ND;ND;ND;ND,"""64,160,16""",FLOAT16,ND,N/A,0.0,0,0.0,0.0,0.0,0.0,0.0,0.0,0.0,0.0,0.0,0.0,0.0,7.84,517434,0.017,0.002,3.689,0.471,3.539,0.451,0.948,0.121,0.0,0.000
0,4294967295,200,47,aclnnMul_MulAiCore_Mul,Mul,dynamic,AI_VECTOR_CORE,1785698519191949.165	,328.007,0.230000,40,0,NO,"""4096,4096;4096,4096""",FLOAT;FLOAT,ND;ND,"""4096,4096""",FLOAT,ND,N/A,0.0,0,0.0,0.0,0.0,0.0,0.0,0.0,0.0,0.0,0.0,0.0,0.0,325.909,21509969,6.784,0.021,3.037,0.009,324.338,0.995,110.048,0.338,0.0,0.000
0,4294967295,201,47,Concat,Concat,dynamic,AI_VECTOR_CORE,1785698519192277.192	,11.940,0.000000,40,0,NO,"""64,1,16;64,2,16;64,3,16;64,4,16;64,1,16;64,2,16;64,3,16;64,4,16;64,1,16;64,2,16;64,3,16;64,4,16;64,1,16;64,2,16;64,3,16;64,4,16;64,1,16;64,2,16;64,3,16;64,4,16;64,1,16;64,2,16;64,3,16;64,4,16;64,1,16;64,2,16;64,3,16;64,4,16;64,1,16;64,2,16;64,3,16;64,4,16;64,1,16;64,2,16;64,3,16;64,4,16;64,1,16;64,2,16;64,3,16;64,4,16;64,1,16;64,2,16;64,3,16;64,4,16;64,1,16;64,2,16;64,3,16;64,4,16;64,1,16;64,2,16;64,3,16;64,4,16;64,1,16;64,2,16;64,3,16;64,4,16;64,1,16;64,2,16;64,3,16;64,4,16;64,1,16;64,2,16;64,3,16;64,4,16""",FLOAT16;FLOAT16;FLOAT16;FLOAT16;FLOAT16;FLOAT16;FLOAT16;FLOAT16;FLOAT16;FLOAT16;FLOAT16;FLOAT16;FLOAT16;FLOAT16;FLOAT16;FLOAT16;FLOAT16;FLOAT16;FLOAT16;FLOAT16;FLOAT16;FLOAT16;FLOAT16;FLOAT16;FLOAT16;FLOAT16;FLOAT16;FLOAT16;FLOAT16;FLOAT16;FLOAT16;FLOAT16;FLOAT16;FLOAT16;FLOAT16;FLOAT16;FLOAT16;FLOAT16;FLOAT16;FLOAT16;FLOAT16;FLOAT16;FLOAT16;FLOAT16;FLOAT16;FLOAT16;FLOAT16;FLOAT16;FLOAT16;FLOAT16;FLOAT16;FLOAT16;FLOAT16;FLOAT16;FLOAT16;FLOAT16;FLOAT16;FLOAT16;FLOAT16;FLOAT16;FLOAT16;FLOAT16;FLOAT16;FLOAT16,ND;ND;ND;ND;ND;ND;ND;ND;ND;ND;ND;ND;ND;ND;ND;ND;ND;ND;ND;ND;ND;ND;ND;ND;ND;ND;ND;ND;ND;ND;ND;ND;ND;ND;ND;ND;ND;ND;ND;ND;ND;ND;ND;ND;ND;ND;ND;ND;ND;ND;ND;ND;ND;ND;ND;ND;ND;ND;ND;ND;ND;ND;ND;ND,"""64,160,16""",FLOAT16,ND,N/A,0.0,0,0.0,0.0,0.0,0.0,0.0,0.0,0.0,0.0,0.0,0.0,0.0,9.606,634028,0.017,0.002,5.077,0.528,3.945,0.411,1.108,0.115,0.0,0.000
0,4294967295,202,47,aclnnMul_MulAiCore_Mul,Mul,dynamic,AI_VECTOR_CORE,1785698519192289.152	,327.186,0.060000,40,0,NO,"""4096,4096;4096,4096""",FLOAT;FLOAT,ND;ND,"""4096,4096""",FLOAT,ND,N/A,0.0,0,0.0,0.0,0.0,0.0,0.0,0.0,0.0,0.0,0.0,0.0,0.0,324.889,21442677,6.784,0.021,2.936,0.009,323.41,0.995,110.605,0.34,0.0,0.000
0,4294967295,203,47,Concat,Concat,dynamic,AI_VECTOR_CORE,1785698519192616.358	,10.881,0.000000,40,0,NO,"""64,1,16;64,2,16;64,3,16;64,4,16;64,1,16;64,2,16;64,3,16;64,4,16;64,1,16;64,2,16;64,3,16;64,4,16;64,1,16;64,2,16;64,3,16;64,4,16;64,1,16;64,2,16;64,3,16;64,4,16;64,1,16;64,2,16;64,3,16;64,4,16;64,1,16;64,2,16;64,3,16;64,4,16;64,1,16;64,2,16;64,3,16;64,4,16;64,1,16;64,2,16;64,3,16;64,4,16;64,1,16;64,2,16;64,3,16;64,4,16;64,1,16;64,2,16;64,3,16;64,4,16;64,1,16;64,2,16;64,3,16;64,4,16;64,1,16;64,2,16;64,3,16;64,4,16;64,1,16;64,2,16;64,3,16;64,4,16;64,1,16;64,2,16;64,3,16;64,4,16;64,1,16;64,2,16;64,3,16;64,4,16""",FLOAT16;FLOAT16;FLOAT16;FLOAT16;FLOAT16;FLOAT16;FLOAT16;FLOAT16;FLOAT16;FLOAT16;FLOAT16;FLOAT16;FLOAT16;FLOAT16;FLOAT16;FLOAT16;FLOAT16;FLOAT16;FLOAT16;FLOAT16;FLOAT16;FLOAT16;FLOAT16;FLOAT16;FLOAT16;FLOAT16;FLOAT16;FLOAT16;FLOAT16;FLOAT16;FLOAT16;FLOAT16;FLOAT16;FLOAT16;FLOAT16;FLOAT16;FLOAT16;FLOAT16;FLOAT16;FLOAT16;FLOAT16;FLOAT16;FLOAT16;FLOAT16;FLOAT16;FLOAT16;FLOAT16;FLOAT16;FLOAT16;FLOAT16;FLOAT16;FLOAT16;FLOAT16;FLOAT16;FLOAT16;FLOAT16;FLOAT16;FLOAT16;FLOAT16;FLOAT16;FLOAT16;FLOAT16;FLOAT16;FLOAT16,ND;ND;ND;ND;ND;ND;ND;ND;ND;ND;ND;ND;ND;ND;ND;ND;ND;ND;ND;ND;ND;ND;ND;ND;ND;ND;ND;ND;ND;ND;ND;ND;ND;ND;ND;ND;ND;ND;ND;ND;ND;ND;ND;ND;ND;ND;ND;ND;ND;ND;ND;ND;ND;ND;ND;ND;ND;ND;ND;ND;ND;ND;ND;ND,"""64,160,16""",FLOAT16,ND,N/A,0.0,0,0.0,0.0,0.0,0.0,0.0,0.0,0.0,0.0,0.0,0.0,0.0,8.196,540958,0.017,0.002,3.952,0.482,3.612,0.441,1.054,0.129,0.0,0.000
0,4294967295,204,47,aclnnMul_MulAiCore_Mul,Mul,dynamic,AI_VECTOR_CORE,1785698519192627.259	,327.226,0.119000,40,0,NO,"""4096,4096;4096,4096""",FLOAT;FLOAT,ND;ND,"""4096,4096""",FLOAT,ND,N/A,0.0,0,0.0,0.0,0.0,0.0,0.0,0.0,0.0,0.0,0.0,0.0,0.0,324.783,21435673,6.784,0.021,2.996,0.009,323.237,0.995,108.245,0.333,0.0,0.000
0,4294967295,205,47,Concat,Concat,dynamic,AI_VECTOR_CORE,1785698519192954.525	,9.640,0.024000,40,0,NO,"""64,1,16;64,2,16;64,3,16;64,4,16;64,1,16;64,2,16;64,3,16;64,4,16;64,1,16;64,2,16;64,3,16;64,4,16;64,1,16;64,2,16;64,3,16;64,4,16;64,1,16;64,2,16;64,3,16;64,4,16;64,1,16;64,2,16;64,3,16;64,4,16;64,1,16;64,2,16;64,3,16;64,4,16;64,1,16;64,2,16;64,3,16;64,4,16;64,1,16;64,2,16;64,3,16;64,4,16;64,1,16;64,2,16;64,3,16;64,4,16;64,1,16;64,2,16;64,3,16;64,4,16;64,1,16;64,2,16;64,3,16;64,4,16;64,1,16;64,2,16;64,3,16;64,4,16;64,1,16;64,2,16;64,3,16;64,4,16;64,1,16;64,2,16;64,3,16;64,4,16;64,1,16;64,2,16;64,3,16;64,4,16""",FLOAT16;FLOAT16;FLOAT16;FLOAT16;FLOAT16;FLOAT16;FLOAT16;FLOAT16;FLOAT16;FLOAT16;FLOAT16;FLOAT16;FLOAT16;FLOAT16;FLOAT16;FLOAT16;FLOAT16;FLOAT16;FLOAT16;FLOAT16;FLOAT16;FLOAT16;FLOAT16;FLOAT16;FLOAT16;FLOAT16;FLOAT16;FLOAT16;FLOAT16;FLOAT16;FLOAT16;FLOAT16;FLOAT16;FLOAT16;FLOAT16;FLOAT16;FLOAT16;FLOAT16;FLOAT16;FLOAT16;FLOAT16;FLOAT16;FLOAT16;FLOAT16;FLOAT16;FLOAT16;FLOAT16;FLOAT16;FLOAT16;FLOAT16;FLOAT16;FLOAT16;FLOAT16;FLOAT16;FLOAT16;FLOAT16;FLOAT16;FLOAT16;FLOAT16;FLOAT16;FLOAT16;FLOAT16;FLOAT16;FLOAT16,ND;ND;ND;ND;ND;ND;ND;ND;ND;ND;ND;ND;ND;ND;ND;ND;ND;ND;ND;ND;ND;ND;ND;ND;ND;ND;ND;ND;ND;ND;ND;ND;ND;ND;ND;ND;ND;ND;ND;ND;ND;ND;ND;ND;ND;ND;ND;ND;ND;ND;ND;ND;ND;ND;ND;ND;ND;ND;ND;ND;ND;ND;ND;ND,"""64,160,16""",FLOAT16,ND,N/A,0.0,0,0.0,0.0,0.0,0.0,0.0,0.0,0.0,0.0,0.0,0.0,0.0,7.095,468259,0.017,0.002,3.693,0.521,2.746,0.387,1.112,0.157,0.0,0.000
0,4294967295,206,47,aclnnMul_MulAiCore_Mul,Mul,dynamic,AI_VECTOR_CORE,1785698519192964.185	,327.627,0.110000,40,0,NO,"""4096,4096;4096,4096""",FLOAT;FLOAT,ND;ND,"""4096,4096""",FLOAT,ND,N/A,0.0,0,0.0,0.0,0.0,0.0,0.0,0.0,0.0,0.0,0.0,0.0,0.0,325.016,21451087,6.784,0.021,2.925,0.009,323.477,0.995,109.348,0.336,0.0,0.000
0,4294967295,207,47,Concat,Concat,dynamic,AI_VECTOR_CORE,1785698519193291.832	,10.240,0.000000,40,0,NO,"""64,1,16;64,2,16;64,3,16;64,4,16;64,1,16;64,2,16;64,3,16;64,4,16;64,1,16;64,2,16;64,3,16;64,4,16;64,1,16;64,2,16;64,3,16;64,4,16;64,1,16;64,2,16;64,3,16;64,4,16;64,1,16;64,2,16;64,3,16;64,4,16;64,1,16;64,2,16;64,3,16;64,4,16;64,1,16;64,2,16;64,3,16;64,4,16;64,1,16;64,2,16;64,3,16;64,4,16;64,1,16;64,2,16;64,3,16;64,4,16;64,1,16;64,2,16;64,3,16;64,4,16;64,1,16;64,2,16;64,3,16;64,4,16;64,1,16;64,2,16;64,3,16;64,4,16;64,1,16;64,2,16;64,3,16;64,4,16;64,1,16;64,2,16;64,3,16;64,4,16;64,1,16;64,2,16;64,3,16;64,4,16""",FLOAT16;FLOAT16;FLOAT16;FLOAT16;FLOAT16;FLOAT16;FLOAT16;FLOAT16;FLOAT16;FLOAT16;FLOAT16;FLOAT16;FLOAT16;FLOAT16;FLOAT16;FLOAT16;FLOAT16;FLOAT16;FLOAT16;FLOAT16;FLOAT16;FLOAT16;FLOAT16;FLOAT16;FLOAT16;FLOAT16;FLOAT16;FLOAT16;FLOAT16;FLOAT16;FLOAT16;FLOAT16;FLOAT16;FLOAT16;FLOAT16;FLOAT16;FLOAT16;FLOAT16;FLOAT16;FLOAT16;FLOAT16;FLOAT16;FLOAT16;FLOAT16;FLOAT16;FLOAT16;FLOAT16;FLOAT16;FLOAT16;FLOAT16;FLOAT16;FLOAT16;FLOAT16;FLOAT16;FLOAT16;FLOAT16;FLOAT16;FLOAT16;FLOAT16;FLOAT16;FLOAT16;FLOAT16;FLOAT16;FLOAT16,ND;ND;ND;ND;ND;ND;ND;ND;ND;ND;ND;ND;ND;ND;ND;ND;ND;ND;ND;ND;ND;ND;ND;ND;ND;ND;ND;ND;ND;ND;ND;ND;ND;ND;ND;ND;ND;ND;ND;ND;ND;ND;ND;ND;ND;ND;ND;ND;ND;ND;ND;ND;ND;ND;ND;ND;ND;ND;ND;ND;ND;ND;ND;ND,"""64,160,16""",FLOAT16,ND,N/A,0.0,0,0.0,0.0,0.0,0.0,0.0,0.0,0.0,0.0,0.0,0.0,0.0,6.906,455827,0.017,0.002,4.202,0.608,1.979,0.287,1.0,0.145,0.0,0.000
0,4294967295,208,47,aclnnMul_MulAiCore_Mul,Mul,dynamic,AI_VECTOR_CORE,1785698519193302.092	,329.127,0.010000,40,0,NO,"""4096,4096;4096,4096""",FLOAT;FLOAT,ND;ND,"""4096,4096""",FLOAT,ND,N/A,0.0,0,0.0,0.0,0.0,0.0,0.0,0.0,0.0,0.0,0.0,0.0,0.0,326.919,21576641,6.784,0.021,3.056,0.009,325.334,0.995,108.719,0.333,0.0,0.000
0,4294967295,209,47,Concat,Concat,dynamic,AI_VECTOR_CORE,1785698519193631.239	,11.920,0.123000,40,0,NO,"""64,1,16;64,2,16;64,3,16;64,4,16;64,1,16;64,2,16;64,3,16;64,4,16;64,1,16;64,2,16;64,3,16;64,4,16;64,1,16;64,2,16;64,3,16;64,4,16;64,1,16;64,2,16;64,3,16;64,4,16;64,1,16;64,2,16;64,3,16;64,4,16;64,1,16;64,2,16;64,3,16;64,4,16;64,1,16;64,2,16;64,3,16;64,4,16;64,1,16;64,2,16;64,3,16;64,4,16;64,1,16;64,2,16;64,3,16;64,4,16;64,1,16;64,2,16;64,3,16;64,4,16;64,1,16;64,2,16;64,3,16;64,4,16;64,1,16;64,2,16;64,3,16;64,4,16;64,1,16;64,2,16;64,3,16;64,4,16;64,1,16;64,2,16;64,3,16;64,4,16;64,1,16;64,2,16;64,3,16;64,4,16""",FLOAT16;FLOAT16;FLOAT16;FLOAT16;FLOAT16;FLOAT16;FLOAT16;FLOAT16;FLOAT16;FLOAT16;FLOAT16;FLOAT16;FLOAT16;FLOAT16;FLOAT16;FLOAT16;FLOAT16;FLOAT16;FLOAT16;FLOAT16;FLOAT16;FLOAT16;FLOAT16;FLOAT16;FLOAT16;FLOAT16;FLOAT16;FLOAT16;FLOAT16;FLOAT16;FLOAT16;FLOAT16;FLOAT16;FLOAT16;FLOAT16;FLOAT16;FLOAT16;FLOAT16;FLOAT16;FLOAT16;FLOAT16;FLOAT16;FLOAT16;FLOAT16;FLOAT16;FLOAT16;FLOAT16;FLOAT16;FLOAT16;FLOAT16;FLOAT16;FLOAT16;FLOAT16;FLOAT16;FLOAT16;FLOAT16;FLOAT16;FLOAT16;FLOAT16;FLOAT16;FLOAT16;FLOAT16;FLOAT16;FLOAT16,ND;ND;ND;ND;ND;ND;ND;ND;ND;ND;ND;ND;ND;ND;ND;ND;ND;ND;ND;ND;ND;ND;ND;ND;ND;ND;ND;ND;ND;ND;ND;ND;ND;ND;ND;ND;ND;ND;ND;ND;ND;ND;ND;ND;ND;ND;ND;ND;ND;ND;ND;ND;ND;ND;ND;ND;ND;ND;ND;ND;ND;ND;ND;ND,"""64,160,16""",FLOAT16,ND,N/A,0.0,0,0.0,0.0,0.0,0.0,0.0,0.0,0.0,0.0,0.0,0.0,0.0,8.783,579677,0.017,0.002,4.056,0.462,4.17,0.475,1.186,0.135,0.0,0.000
0,4294967295,210,47,aclnnMul_MulAiCore_Mul,Mul,dynamic,AI_VECTOR_CORE,1785698519193643.199	,326.587,0.080000,40,0,NO,"""4096,4096;4096,4096""",FLOAT;FLOAT,ND;ND,"""4096,4096""",FLOAT,ND,N/A,0.0,0,0.0,0.0,0.0,0.0,0.0,0.0,0.0,0.0,0.0,0.0,0.0,324.303,21403977,6.784,0.021,3.416,0.011,322.386,0.994,107.638,0.332,0.0,0.000
0,4294967295,211,47,Concat,Concat,dynamic,AI_VECTOR_CORE,1785698519193969.826	,11.840,0.000000,40,0,NO,"""64,1,16;64,2,16;64,3,16;64,4,16;64,1,16;64,2,16;64,3,16;64,4,16;64,1,16;64,2,16;64,3,16;64,4,16;64,1,16;64,2,16;64,3,16;64,4,16;64,1,16;64,2,16;64,3,16;64,4,16;64,1,16;64,2,16;64,3,16;64,4,16;64,1,16;64,2,16;64,3,16;64,4,16;64,1,16;64,2,16;64,3,16;64,4,16;64,1,16;64,2,16;64,3,16;64,4,16;64,1,16;64,2,16;64,3,16;64,4,16;64,1,16;64,2,16;64,3,16;64,4,16;64,1,16;64,2,16;64,3,16;64,4,16;64,1,16;64,2,16;64,3,16;64,4,16;64,1,16;64,2,16;64,3,16;64,4,16;64,1,16;64,2,16;64,3,16;64,4,16;64,1,16;64,2,16;64,3,16;64,4,16""",FLOAT16;FLOAT16;FLOAT16;FLOAT16;FLOAT16;FLOAT16;FLOAT16;FLOAT16;FLOAT16;FLOAT16;FLOAT16;FLOAT16;FLOAT16;FLOAT16;FLOAT16;FLOAT16;FLOAT16;FLOAT16;FLOAT16;FLOAT16;FLOAT16;FLOAT16;FLOAT16;FLOAT16;FLOAT16;FLOAT16;FLOAT16;FLOAT16;FLOAT16;FLOAT16;FLOAT16;FLOAT16;FLOAT16;FLOAT16;FLOAT16;FLOAT16;FLOAT16;FLOAT16;FLOAT16;FLOAT16;FLOAT16;FLOAT16;FLOAT16;FLOAT16;FLOAT16;FLOAT16;FLOAT16;FLOAT16;FLOAT16;FLOAT16;FLOAT16;FLOAT16;FLOAT16;FLOAT16;FLOAT16;FLOAT16;FLOAT16;FLOAT16;FLOAT16;FLOAT16;FLOAT16;FLOAT16;FLOAT16;FLOAT16,ND;ND;ND;ND;ND;ND;ND;ND;ND;ND;ND;ND;ND;ND;ND;ND;ND;ND;ND;ND;ND;ND;ND;ND;ND;ND;ND;ND;ND;ND;ND;ND;ND;ND;ND;ND;ND;ND;ND;ND;ND;ND;ND;ND;ND;ND;ND;ND;ND;ND;ND;ND;ND;ND;ND;ND;ND;ND;ND;ND;ND;ND;ND;ND,"""64,160,16""",FLOAT16,ND,N/A,0.0,0,0.0,0.0,0.0,0.0,0.0,0.0,0.0,0.0,0.0,0.0,0.0,7.954,524955,0.017,0.002,4.528,0.569,2.777,0.349,0.938,0.118,0.0,0.000
0,4294967295,212,47,aclnnMul_MulAiCore_Mul,Mul,dynamic,AI_VECTOR_CORE,1785698519193981.686	,327.606,0.160000,40,0,NO,"""4096,4096;4096,4096""",FLOAT;FLOAT,ND;ND,"""4096,4096""",FLOAT,ND,N/A,0.0,0,0.0,0.0,0.0,0.0,0.0,0.0,0.0,0.0,0.0,0.0,0.0,325.486,21482048,6.784,0.021,3.001,0.009,323.923,0.995,108.526,0.333,0.0,0.000
0,4294967295,213,47,Concat,Concat,dynamic,AI_VECTOR_CORE,1785698519194309.312	,10.421,0.000000,40,0,NO,"""64,1,16;64,2,16;64,3,16;64,4,16;64,1,16;64,2,16;64,3,16;64,4,16;64,1,16;64,2,16;64,3,16;64,4,16;64,1,16;64,2,16;64,3,16;64,4,16;64,1,16;64,2,16;64,3,16;64,4,16;64,1,16;64,2,16;64,3,16;64,4,16;64,1,16;64,2,16;64,3,16;64,4,16;64,1,16;64,2,16;64,3,16;64,4,16;64,1,16;64,2,16;64,3,16;64,4,16;64,1,16;64,2,16;64,3,16;64,4,16;64,1,16;64,2,16;64,3,16;64,4,16;64,1,16;64,2,16;64,3,16;64,4,16;64,1,16;64,2,16;64,3,16;64,4,16;64,1,16;64,2,16;64,3,16;64,4,16;64,1,16;64,2,16;64,3,16;64,4,16;64,1,16;64,2,16;64,3,16;64,4,16""",FLOAT16;FLOAT16;FLOAT16;FLOAT16;FLOAT16;FLOAT16;FLOAT16;FLOAT16;FLOAT16;FLOAT16;FLOAT16;FLOAT16;FLOAT16;FLOAT16;FLOAT16;FLOAT16;FLOAT16;FLOAT16;FLOAT16;FLOAT16;FLOAT16;FLOAT16;FLOAT16;FLOAT16;FLOAT16;FLOAT16;FLOAT16;FLOAT16;FLOAT16;FLOAT16;FLOAT16;FLOAT16;FLOAT16;FLOAT16;FLOAT16;FLOAT16;FLOAT16;FLOAT16;FLOAT16;FLOAT16;FLOAT16;FLOAT16;FLOAT16;FLOAT16;FLOAT16;FLOAT16;FLOAT16;FLOAT16;FLOAT16;FLOAT16;FLOAT16;FLOAT16;FLOAT16;FLOAT16;FLOAT16;FLOAT16;FLOAT16;FLOAT16;FLOAT16;FLOAT16;FLOAT16;FLOAT16;FLOAT16;FLOAT16,ND;ND;ND;ND;ND;ND;ND;ND;ND;ND;ND;ND;ND;ND;ND;ND;ND;ND;ND;ND;ND;ND;ND;ND;ND;ND;ND;ND;ND;ND;ND;ND;ND;ND;ND;ND;ND;ND;ND;ND;ND;ND;ND;ND;ND;ND;ND;ND;ND;ND;ND;ND;ND;ND;ND;ND;ND;ND;ND;ND;ND;ND;ND;ND,"""64,160,16""",FLOAT16,ND,N/A,0.0,0,0.0,0.0,0.0,0.0,0.0,0.0,0.0,0.0,0.0,0.0,0.0,7.861,518824,0.017,0.002,3.702,0.471,3.559,0.453,1.007,0.128,0.0,0.000
0,4294967295,214,47,aclnnMul_MulAiCore_Mul,Mul,dynamic,AI_VECTOR_CORE,1785698519194319.753	,327.166,0.079000,40,0,NO,"""4096,4096;4096,4096""",FLOAT;FLOAT,ND;ND,"""4096,4096""",FLOAT,ND,N/A,0.0,0,0.0,0.0,0.0,0.0,0.0,0.0,0.0,0.0,0.0,0.0,0.0,324.908,21443956,6.784,0.021,3.095,0.01,323.299,0.995,107.952,0.332,0.0,0.000
0,4294967295,215,47,Concat,Concat,dynamic,AI_VECTOR_CORE,1785698519194646.959	,10.360,0.084000,40,0,NO,"""64,1,16;64,2,16;64,3,16;64,4,16;64,1,16;64,2,16;64,3,16;64,4,16;64,1,16;64,2,16;64,3,16;64,4,16;64,1,16;64,2,16;64,3,16;64,4,16;64,1,16;64,2,16;64,3,16;64,4,16;64,1,16;64,2,16;64,3,16;64,4,16;64,1,16;64,2,16;64,3,16;64,4,16;64,1,16;64,2,16;64,3,16;64,4,16;64,1,16;64,2,16;64,3,16;64,4,16;64,1,16;64,2,16;64,3,16;64,4,16;64,1,16;64,2,16;64,3,16;64,4,16;64,1,16;64,2,16;64,3,16;64,4,16;64,1,16;64,2,16;64,3,16;64,4,16;64,1,16;64,2,16;64,3,16;64,4,16;64,1,16;64,2,16;64,3,16;64,4,16;64,1,16;64,2,16;64,3,16;64,4,16""",FLOAT16;FLOAT16;FLOAT16;FLOAT16;FLOAT16;FLOAT16;FLOAT16;FLOAT16;FLOAT16;FLOAT16;FLOAT16;FLOAT16;FLOAT16;FLOAT16;FLOAT16;FLOAT16;FLOAT16;FLOAT16;FLOAT16;FLOAT16;FLOAT16;FLOAT16;FLOAT16;FLOAT16;FLOAT16;FLOAT16;FLOAT16;FLOAT16;FLOAT16;FLOAT16;FLOAT16;FLOAT16;FLOAT16;FLOAT16;FLOAT16;FLOAT16;FLOAT16;FLOAT16;FLOAT16;FLOAT16;FLOAT16;FLOAT16;FLOAT16;FLOAT16;FLOAT16;FLOAT16;FLOAT16;FLOAT16;FLOAT16;FLOAT16;FLOAT16;FLOAT16;FLOAT16;FLOAT16;FLOAT16;FLOAT16;FLOAT16;FLOAT16;FLOAT16;FLOAT16;FLOAT16;FLOAT16;FLOAT16;FLOAT16,ND;ND;ND;ND;ND;ND;ND;ND;ND;ND;ND;ND;ND;ND;ND;ND;ND;ND;ND;ND;ND;ND;ND;ND;ND;ND;ND;ND;ND;ND;ND;ND;ND;ND;ND;ND;ND;ND;ND;ND;ND;ND;ND;ND;ND;ND;ND;ND;ND;ND;ND;ND;ND;ND;ND;ND;ND;ND;ND;ND;ND;ND;ND;ND,"""64,160,16""",FLOAT16,ND,N/A,0.0,0,0.0,0.0,0.0,0.0,0.0,0.0,0.0,0.0,0.0,0.0,0.0,7.911,522104,0.017,0.002,3.891,0.492,3.454,0.437,1.176,0.149,0.0,0.000
0,4294967295,216,47,aclnnMul_MulAiCore_Mul,Mul,dynamic,AI_VECTOR_CORE,1785698519194657.339	,328.247,0.000000,40,0,NO,"""4096,4096;4096,4096""",FLOAT;FLOAT,ND;ND,"""4096,4096""",FLOAT,ND,N/A,0.0,0,0.0,0.0,0.0,0.0,0.0,0.0,0.0,0.0,0.0,0.0,0.0,326.184,21528149,6.784,0.021,3.449,0.011,324.193,0.994,109.305,0.335,0.0,0.000
0,4294967295,217,47,Concat,Concat,dynamic,AI_VECTOR_CORE,1785698519194985.626	,10.760,0.253000,40,0,NO,"""64,1,16;64,2,16;64,3,16;64,4,16;64,1,16;64,2,16;64,3,16;64,4,16;64,1,16;64,2,16;64,3,16;64,4,16;64,1,16;64,2,16;64,3,16;64,4,16;64,1,16;64,2,16;64,3,16;64,4,16;64,1,16;64,2,16;64,3,16;64,4,16;64,1,16;64,2,16;64,3,16;64,4,16;64,1,16;64,2,16;64,3,16;64,4,16;64,1,16;64,2,16;64,3,16;64,4,16;64,1,16;64,2,16;64,3,16;64,4,16;64,1,16;64,2,16;64,3,16;64,4,16;64,1,16;64,2,16;64,3,16;64,4,16;64,1,16;64,2,16;64,3,16;64,4,16;64,1,16;64,2,16;64,3,16;64,4,16;64,1,16;64,2,16;64,3,16;64,4,16;64,1,16;64,2,16;64,3,16;64,4,16""",FLOAT16;FLOAT16;FLOAT16;FLOAT16;FLOAT16;FLOAT16;FLOAT16;FLOAT16;FLOAT16;FLOAT16;FLOAT16;FLOAT16;FLOAT16;FLOAT16;FLOAT16;FLOAT16;FLOAT16;FLOAT16;FLOAT16;FLOAT16;FLOAT16;FLOAT16;FLOAT16;FLOAT16;FLOAT16;FLOAT16;FLOAT16;FLOAT16;FLOAT16;FLOAT16;FLOAT16;FLOAT16;FLOAT16;FLOAT16;FLOAT16;FLOAT16;FLOAT16;FLOAT16;FLOAT16;FLOAT16;FLOAT16;FLOAT16;FLOAT16;FLOAT16;FLOAT16;FLOAT16;FLOAT16;FLOAT16;FLOAT16;FLOAT16;FLOAT16;FLOAT16;FLOAT16;FLOAT16;FLOAT16;FLOAT16;FLOAT16;FLOAT16;FLOAT16;FLOAT16;FLOAT16;FLOAT16;FLOAT16;FLOAT16,ND;ND;ND;ND;ND;ND;ND;ND;ND;ND;ND;ND;ND;ND;ND;ND;ND;ND;ND;ND;ND;ND;ND;ND;ND;ND;ND;ND;ND;ND;ND;ND;ND;ND;ND;ND;ND;ND;ND;ND;ND;ND;ND;ND;ND;ND;ND;ND;ND;ND;ND;ND;ND;ND;ND;ND;ND;ND;ND;ND;ND;ND;ND;ND,"""64,160,16""",FLOAT16,ND,N/A,0.0,0,0.0,0.0,0.0,0.0,0.0,0.0,0.0,0.0,0.0,0.0,0.0,8.593,567156,0.017,0.002,4.047,0.471,3.805,0.443,1.136,0.132,0.0,0.000
0,4294967295,218,47,aclnnMul_MulAiCore_Mul,Mul,dynamic,AI_VECTOR_CORE,1785698519194996.426	,327.427,0.000000,40,0,NO,"""4096,4096;4096,4096""",FLOAT;FLOAT,ND;ND,"""4096,4096""",FLOAT,ND,N/A,0.0,0,0.0,0.0,0.0,0.0,0.0,0.0,0.0,0.0,0.0,0.0,0.0,324.676,21428613,6.784,0.021,3.042,0.009,323.115,0.995,108.903,0.335,0.0,0.000
0,4294967295,219,47,Concat,Concat,dynamic,AI_VECTOR_CORE,1785698519195323.873	,10.560,0.000000,40,0,NO,"""64,1,16;64,2,16;64,3,16;64,4,16;64,1,16;64,2,16;64,3,16;64,4,16;64,1,16;64,2,16;64,3,16;64,4,16;64,1,16;64,2,16;64,3,16;64,4,16;64,1,16;64,2,16;64,3,16;64,4,16;64,1,16;64,2,16;64,3,16;64,4,16;64,1,16;64,2,16;64,3,16;64,4,16;64,1,16;64,2,16;64,3,16;64,4,16;64,1,16;64,2,16;64,3,16;64,4,16;64,1,16;64,2,16;64,3,16;64,4,16;64,1,16;64,2,16;64,3,16;64,4,16;64,1,16;64,2,16;64,3,16;64,4,16;64,1,16;64,2,16;64,3,16;64,4,16;64,1,16;64,2,16;64,3,16;64,4,16;64,1,16;64,2,16;64,3,16;64,4,16;64,1,16;64,2,16;64,3,16;64,4,16""",FLOAT16;FLOAT16;FLOAT16;FLOAT16;FLOAT16;FLOAT16;FLOAT16;FLOAT16;FLOAT16;FLOAT16;FLOAT16;FLOAT16;FLOAT16;FLOAT16;FLOAT16;FLOAT16;FLOAT16;FLOAT16;FLOAT16;FLOAT16;FLOAT16;FLOAT16;FLOAT16;FLOAT16;FLOAT16;FLOAT16;FLOAT16;FLOAT16;FLOAT16;FLOAT16;FLOAT16;FLOAT16;FLOAT16;FLOAT16;FLOAT16;FLOAT16;FLOAT16;FLOAT16;FLOAT16;FLOAT16;FLOAT16;FLOAT16;FLOAT16;FLOAT16;FLOAT16;FLOAT16;FLOAT16;FLOAT16;FLOAT16;FLOAT16;FLOAT16;FLOAT16;FLOAT16;FLOAT16;FLOAT16;FLOAT16;FLOAT16;FLOAT16;FLOAT16;FLOAT16;FLOAT16;FLOAT16;FLOAT16;FLOAT16,ND;ND;ND;ND;ND;ND;ND;ND;ND;ND;ND;ND;ND;ND;ND;ND;ND;ND;ND;ND;ND;ND;ND;ND;ND;ND;ND;ND;ND;ND;ND;ND;ND;ND;ND;ND;ND;ND;ND;ND;ND;ND;ND;ND;ND;ND;ND;ND;ND;ND;ND;ND;ND;ND;ND;ND;ND;ND;ND;ND;ND;ND;ND;ND,"""64,160,16""",FLOAT16,ND,N/A,0.0,0,0.0,0.0,0.0,0.0,0.0,0.0,0.0,0.0,0.0,0.0,0.0,8.25,544530,0.017,0.002,4.071,0.493,3.762,0.456,1.093,0.133,0.0,0.000
0,4294967295,220,47,aclnnMul_MulAiCore_Mul,Mul,dynamic,AI_VECTOR_CORE,1785698519195334.453	,326.646,0.190000,40,0,NO,"""4096,4096;4096,4096""",FLOAT;FLOAT,ND;ND,"""4096,4096""",FLOAT,ND,N/A,0.0,0,0.0,0.0,0.0,0.0,0.0,0.0,0.0,0.0,0.0,0.0,0.0,324.799,21436735,6.784,0.021,2.937,0.009,323.307,0.995,110.295,0.34,0.0,0.000
0,4294967295,221,47,Concat,Concat,dynamic,AI_VECTOR_CORE,1785698519195661.119	,9.521,0.000000,40,0,NO,"""64,1,16;64,2,16;64,3,16;64,4,16;64,1,16;64,2,16;64,3,16;64,4,16;64,1,16;64,2,16;64,3,16;64,4,16;64,1,16;64,2,16;64,3,16;64,4,16;64,1,16;64,2,16;64,3,16;64,4,16;64,1,16;64,2,16;64,3,16;64,4,16;64,1,16;64,2,16;64,3,16;64,4,16;64,1,16;64,2,16;64,3,16;64,4,16;64,1,16;64,2,16;64,3,16;64,4,16;64,1,16;64,2,16;64,3,16;64,4,16;64,1,16;64,2,16;64,3,16;64,4,16;64,1,16;64,2,16;64,3,16;64,4,16;64,1,16;64,2,16;64,3,16;64,4,16;64,1,16;64,2,16;64,3,16;64,4,16;64,1,16;64,2,16;64,3,16;64,4,16;64,1,16;64,2,16;64,3,16;64,4,16""",FLOAT16;FLOAT16;FLOAT16;FLOAT16;FLOAT16;FLOAT16;FLOAT16;FLOAT16;FLOAT16;FLOAT16;FLOAT16;FLOAT16;FLOAT16;FLOAT16;FLOAT16;FLOAT16;FLOAT16;FLOAT16;FLOAT16;FLOAT16;FLOAT16;FLOAT16;FLOAT16;FLOAT16;FLOAT16;FLOAT16;FLOAT16;FLOAT16;FLOAT16;FLOAT16;FLOAT16;FLOAT16;FLOAT16;FLOAT16;FLOAT16;FLOAT16;FLOAT16;FLOAT16;FLOAT16;FLOAT16;FLOAT16;FLOAT16;FLOAT16;FLOAT16;FLOAT16;FLOAT16;FLOAT16;FLOAT16;FLOAT16;FLOAT16;FLOAT16;FLOAT16;FLOAT16;FLOAT16;FLOAT16;FLOAT16;FLOAT16;FLOAT16;FLOAT16;FLOAT16;FLOAT16;FLOAT16;FLOAT16;FLOAT16,ND;ND;ND;ND;ND;ND;ND;ND;ND;ND;ND;ND;ND;ND;ND;ND;ND;ND;ND;ND;ND;ND;ND;ND;ND;ND;ND;ND;ND;ND;ND;ND;ND;ND;ND;ND;ND;ND;ND;ND;ND;ND;ND;ND;ND;ND;ND;ND;ND;ND;ND;ND;ND;ND;ND;ND;ND;ND;ND;ND;ND;ND;ND;ND,"""64,160,16""",FLOAT16,ND,N/A,0.0,0,0.0,0.0,0.0,0.0,0.0,0.0,0.0,0.0,0.0,0.0,0.0,7.128,470447,0.017,0.002,3.626,0.509,2.757,0.387,1.084,0.152,0.0,0.000
0,4294967295,222,47,aclnnMul_MulAiCore_Mul,Mul,dynamic,AI_VECTOR_CORE,1785698519195670.660	,327.646,0.229000,40,0,NO,"""4096,4096;4096,4096""",FLOAT;FLOAT,ND;ND,"""4096,4096""",FLOAT,ND,N/A,0.0,0,0.0,0.0,0.0,0.0,0.0,0.0,0.0,0.0,0.0,0.0,0.0,324.98,21448704,6.784,0.021,3.405,0.01,323.054,0.994,108.991,0.335,0.0,0.000
0,4294967295,223,47,Concat,Concat,dynamic,AI_VECTOR_CORE,1785698519195998.326	,9.580,0.000000,40,0,NO,"""64,1,16;64,2,16;64,3,16;64,4,16;64,1,16;64,2,16;64,3,16;64,4,16;64,1,16;64,2,16;64,3,16;64,4,16;64,1,16;64,2,16;64,3,16;64,4,16;64,1,16;64,2,16;64,3,16;64,4,16;64,1,16;64,2,16;64,3,16;64,4,16;64,1,16;64,2,16;64,3,16;64,4,16;64,1,16;64,2,16;64,3,16;64,4,16;64,1,16;64,2,16;64,3,16;64,4,16;64,1,16;64,2,16;64,3,16;64,4,16;64,1,16;64,2,16;64,3,16;64,4,16;64,1,16;64,2,16;64,3,16;64,4,16;64,1,16;64,2,16;64,3,16;64,4,16;64,1,16;64,2,16;64,3,16;64,4,16;64,1,16;64,2,16;64,3,16;64,4,16;64,1,16;64,2,16;64,3,16;64,4,16""",FLOAT16;FLOAT16;FLOAT16;FLOAT16;FLOAT16;FLOAT16;FLOAT16;FLOAT16;FLOAT16;FLOAT16;FLOAT16;FLOAT16;FLOAT16;FLOAT16;FLOAT16;FLOAT16;FLOAT16;FLOAT16;FLOAT16;FLOAT16;FLOAT16;FLOAT16;FLOAT16;FLOAT16;FLOAT16;FLOAT16;FLOAT16;FLOAT16;FLOAT16;FLOAT16;FLOAT16;FLOAT16;FLOAT16;FLOAT16;FLOAT16;FLOAT16;FLOAT16;FLOAT16;FLOAT16;FLOAT16;FLOAT16;FLOAT16;FLOAT16;FLOAT16;FLOAT16;FLOAT16;FLOAT16;FLOAT16;FLOAT16;FLOAT16;FLOAT16;FLOAT16;FLOAT16;FLOAT16;FLOAT16;FLOAT16;FLOAT16;FLOAT16;FLOAT16;FLOAT16;FLOAT16;FLOAT16;FLOAT16;FLOAT16,ND;ND;ND;ND;ND;ND;ND;ND;ND;ND;ND;ND;ND;ND;ND;ND;ND;ND;ND;ND;ND;ND;ND;ND;ND;ND;ND;ND;ND;ND;ND;ND;ND;ND;ND;ND;ND;ND;ND;ND;ND;ND;ND;ND;ND;ND;ND;ND;ND;ND;ND;ND;ND;ND;ND;ND;ND;ND;ND;ND;ND;ND;ND;ND,"""64,160,16""",FLOAT16,ND,N/A,0.0,0,0.0,0.0,0.0,0.0,0.0,0.0,0.0,0.0,0.0,0.0,0.0,7.25,478483,0.017,0.002,3.523,0.486,2.98,0.411,1.054,0.145,0.0,0.000
0,4294967295,224,47,aclnnMul_MulAiCore_Mul,Mul,dynamic,AI_VECTOR_CORE,1785698519196007.926	,327.407,0.170000,40,0,NO,"""4096,4096;4096,4096""",FLOAT;FLOAT,ND;ND,"""4096,4096""",FLOAT,ND,N/A,0.0,0,0.0,0.0,0.0,0.0,0.0,0.0,0.0,0.0,0.0,0.0,0.0,325.517,21484138,6.784,0.021,3.002,0.009,324.004,0.995,109.08,0.335,0.0,0.000
0,4294967295,225,47,Concat,Concat,dynamic,AI_VECTOR_CORE,1785698519196335.353	,12.560,0.000000,40,0,NO,"""64,1,16;64,2,16;64,3,16;64,4,16;64,1,16;64,2,16;64,3,16;64,4,16;64,1,16;64,2,16;64,3,16;64,4,16;64,1,16;64,2,16;64,3,16;64,4,16;64,1,16;64,2,16;64,3,16;64,4,16;64,1,16;64,2,16;64,3,16;64,4,16;64,1,16;64,2,16;64,3,16;64,4,16;64,1,16;64,2,16;64,3,16;64,4,16;64,1,16;64,2,16;64,3,16;64,4,16;64,1,16;64,2,16;64,3,16;64,4,16;64,1,16;64,2,16;64,3,16;64,4,16;64,1,16;64,2,16;64,3,16;64,4,16;64,1,16;64,2,16;64,3,16;64,4,16;64,1,16;64,2,16;64,3,16;64,4,16;64,1,16;64,2,16;64,3,16;64,4,16;64,1,16;64,2,16;64,3,16;64,4,16""",FLOAT16;FLOAT16;FLOAT16;FLOAT16;FLOAT16;FLOAT16;FLOAT16;FLOAT16;FLOAT16;FLOAT16;FLOAT16;FLOAT16;FLOAT16;FLOAT16;FLOAT16;FLOAT16;FLOAT16;FLOAT16;FLOAT16;FLOAT16;FLOAT16;FLOAT16;FLOAT16;FLOAT16;FLOAT16;FLOAT16;FLOAT16;FLOAT16;FLOAT16;FLOAT16;FLOAT16;FLOAT16;FLOAT16;FLOAT16;FLOAT16;FLOAT16;FLOAT16;FLOAT16;FLOAT16;FLOAT16;FLOAT16;FLOAT16;FLOAT16;FLOAT16;FLOAT16;FLOAT16;FLOAT16;FLOAT16;FLOAT16;FLOAT16;FLOAT16;FLOAT16;FLOAT16;FLOAT16;FLOAT16;FLOAT16;FLOAT16;FLOAT16;FLOAT16;FLOAT16;FLOAT16;FLOAT16;FLOAT16;FLOAT16,ND;ND;ND;ND;ND;ND;ND;ND;ND;ND;ND;ND;ND;ND;ND;ND;ND;ND;ND;ND;ND;ND;ND;ND;ND;ND;ND;ND;ND;ND;ND;ND;ND;ND;ND;ND;ND;ND;ND;ND;ND;ND;ND;ND;ND;ND;ND;ND;ND;ND;ND;ND;ND;ND;ND;ND;ND;ND;ND;ND;ND;ND;ND;ND,"""64,160,16""",FLOAT16,ND,N/A,0.0,0,0.0,0.0,0.0,0.0,0.0,0.0,0.0,0.0,0.0,0.0,0.0,9.24,609847,0.017,0.002,3.736,0.404,4.711,0.51,1.095,0.118,0.0,0.000
0,4294967295,226,47,aclnnMul_MulAiCore_Mul,Mul,dynamic,AI_VECTOR_CORE,1785698519196347.953	,326.827,0.190000,40,0,NO,"""4096,4096;4096,4096""",FLOAT;FLOAT,ND;ND,"""4096,4096""",FLOAT,ND,N/A,0.0,0,0.0,0.0,0.0,0.0,0.0,0.0,0.0,0.0,0.0,0.0,0.0,324.789,21436077,6.784,0.021,3.069,0.009,323.192,0.995,108.429,0.334,0.0,0.000
0,4294967295,227,47,Concat,Concat,dynamic,AI_VECTOR_CORE,1785698519196674.820	,11.280,0.000000,40,0,NO,"""64,1,16;64,2,16;64,3,16;64,4,16;64,1,16;64,2,16;64,3,16;64,4,16;64,1,16;64,2,16;64,3,16;64,4,16;64,1,16;64,2,16;64,3,16;64,4,16;64,1,16;64,2,16;64,3,16;64,4,16;64,1,16;64,2,16;64,3,16;64,4,16;64,1,16;64,2,16;64,3,16;64,4,16;64,1,16;64,2,16;64,3,16;64,4,16;64,1,16;64,2,16;64,3,16;64,4,16;64,1,16;64,2,16;64,3,16;64,4,16;64,1,16;64,2,16;64,3,16;64,4,16;64,1,16;64,2,16;64,3,16;64,4,16;64,1,16;64,2,16;64,3,16;64,4,16;64,1,16;64,2,16;64,3,16;64,4,16;64,1,16;64,2,16;64,3,16;64,4,16;64,1,16;64,2,16;64,3,16;64,4,16""",FLOAT16;FLOAT16;FLOAT16;FLOAT16;FLOAT16;FLOAT16;FLOAT16;FLOAT16;FLOAT16;FLOAT16;FLOAT16;FLOAT16;FLOAT16;FLOAT16;FLOAT16;FLOAT16;FLOAT16;FLOAT16;FLOAT16;FLOAT16;FLOAT16;FLOAT16;FLOAT16;FLOAT16;FLOAT16;FLOAT16;FLOAT16;FLOAT16;FLOAT16;FLOAT16;FLOAT16;FLOAT16;FLOAT16;FLOAT16;FLOAT16;FLOAT16;FLOAT16;FLOAT16;FLOAT16;FLOAT16;FLOAT16;FLOAT16;FLOAT16;FLOAT16;FLOAT16;FLOAT16;FLOAT16;FLOAT16;FLOAT16;FLOAT16;FLOAT16;FLOAT16;FLOAT16;FLOAT16;FLOAT16;FLOAT16;FLOAT16;FLOAT16;FLOAT16;FLOAT16;FLOAT16;FLOAT16;FLOAT16;FLOAT16,ND;ND;ND;ND;ND;ND;ND;ND;ND;ND;ND;ND;ND;ND;ND;ND;ND;ND;ND;ND;ND;ND;ND;ND;ND;ND;ND;ND;ND;ND;ND;ND;ND;ND;ND;ND;ND;ND;ND;ND;ND;ND;ND;ND;ND;ND;ND;ND;ND;ND;ND;ND;ND;ND;ND;ND;ND;ND;ND;ND;ND;ND;ND;ND,"""64,160,16""",FLOAT16,ND,N/A,0.0,0,0.0,0.0,0.0,0.0,0.0,0.0,0.0,0.0,0.0,0.0,0.0,8.129,536536,0.017,0.002,3.905,0.48,3.788,0.466,1.018,0.125,0.0,0.000
0,4294967295,228,47,aclnnMul_MulAiCore_Mul,Mul,dynamic,AI_VECTOR_CORE,1785698519196686.120	,328.026,0.000000,40,0,NO,"""4096,4096;4096,4096""",FLOAT;FLOAT,ND;ND,"""4096,4096""",FLOAT,ND,N/A,0.0,0,0.0,0.0,0.0,0.0,0.0,0.0,0.0,0.0,0.0,0.0,0.0,325.267,21467644,6.784,0.021,3.044,0.009,323.701,0.995,109.96,0.338,0.0,0.000
0,4294967295,229,47,Concat,Concat,dynamic,AI_VECTOR_CORE,1785698519197014.166	,10.921,0.224000,40,0,NO,"""64,1,16;64,2,16;64,3,16;64,4,16;64,1,16;64,2,16;64,3,16;64,4,16;64,1,16;64,2,16;64,3,16;64,4,16;64,1,16;64,2,16;64,3,16;64,4,16;64,1,16;64,2,16;64,3,16;64,4,16;64,1,16;64,2,16;64,3,16;64,4,16;64,1,16;64,2,16;64,3,16;64,4,16;64,1,16;64,2,16;64,3,16;64,4,16;64,1,16;64,2,16;64,3,16;64,4,16;64,1,16;64,2,16;64,3,16;64,4,16;64,1,16;64,2,16;64,3,16;64,4,16;64,1,16;64,2,16;64,3,16;64,4,16;64,1,16;64,2,16;64,3,16;64,4,16;64,1,16;64,2,16;64,3,16;64,4,16;64,1,16;64,2,16;64,3,16;64,4,16;64,1,16;64,2,16;64,3,16;64,4,16""",FLOAT16;FLOAT16;FLOAT16;FLOAT16;FLOAT16;FLOAT16;FLOAT16;FLOAT16;FLOAT16;FLOAT16;FLOAT16;FLOAT16;FLOAT16;FLOAT16;FLOAT16;FLOAT16;FLOAT16;FLOAT16;FLOAT16;FLOAT16;FLOAT16;FLOAT16;FLOAT16;FLOAT16;FLOAT16;FLOAT16;FLOAT16;FLOAT16;FLOAT16;FLOAT16;FLOAT16;FLOAT16;FLOAT16;FLOAT16;FLOAT16;FLOAT16;FLOAT16;FLOAT16;FLOAT16;FLOAT16;FLOAT16;FLOAT16;FLOAT16;FLOAT16;FLOAT16;FLOAT16;FLOAT16;FLOAT16;FLOAT16;FLOAT16;FLOAT16;FLOAT16;FLOAT16;FLOAT16;FLOAT16;FLOAT16;FLOAT16;FLOAT16;FLOAT16;FLOAT16;FLOAT16;FLOAT16;FLOAT16;FLOAT16,ND;ND;ND;ND;ND;ND;ND;ND;ND;ND;ND;ND;ND;ND;ND;ND;ND;ND;ND;ND;ND;ND;ND;ND;ND;ND;ND;ND;ND;ND;ND;ND;ND;ND;ND;ND;ND;ND;ND;ND;ND;ND;ND;ND;ND;ND;ND;ND;ND;ND;ND;ND;ND;ND;ND;ND;ND;ND;ND;ND;ND;ND;ND;ND,"""64,160,16""",FLOAT16,ND,N/A,0.0,0,0.0,0.0,0.0,0.0,0.0,0.0,0.0,0.0,0.0,0.0,0.0,7.858,518603,0.017,0.002,3.731,0.475,3.343,0.425,1.078,0.137,0.0,0.000
0,4294967295,230,47,aclnnMul_MulAiCore_Mul,Mul,dynamic,AI_VECTOR_CORE,1785698519197025.107	,327.186,0.000000,40,0,NO,"""4096,4096;4096,4096""",FLOAT;FLOAT,ND;ND,"""4096,4096""",FLOAT,ND,N/A,0.0,0,0.0,0.0,0.0,0.0,0.0,0.0,0.0,0.0,0.0,0.0,0.0,324.701,21430261,6.784,0.021,3.126,0.01,323.063,0.995,108.385,0.334,0.0,0.000
0,4294967295,231,47,Concat,Concat,dynamic,AI_VECTOR_CORE,1785698519197352.333	,10.080,0.064000,40,0,NO,"""64,1,16;64,2,16;64,3,16;64,4,16;64,1,16;64,2,16;64,3,16;64,4,16;64,1,16;64,2,16;64,3,16;64,4,16;64,1,16;64,2,16;64,3,16;64,4,16;64,1,16;64,2,16;64,3,16;64,4,16;64,1,16;64,2,16;64,3,16;64,4,16;64,1,16;64,2,16;64,3,16;64,4,16;64,1,16;64,2,16;64,3,16;64,4,16;64,1,16;64,2,16;64,3,16;64,4,16;64,1,16;64,2,16;64,3,16;64,4,16;64,1,16;64,2,16;64,3,16;64,4,16;64,1,16;64,2,16;64,3,16;64,4,16;64,1,16;64,2,16;64,3,16;64,4,16;64,1,16;64,2,16;64,3,16;64,4,16;64,1,16;64,2,16;64,3,16;64,4,16;64,1,16;64,2,16;64,3,16;64,4,16""",FLOAT16;FLOAT16;FLOAT16;FLOAT16;FLOAT16;FLOAT16;FLOAT16;FLOAT16;FLOAT16;FLOAT16;FLOAT16;FLOAT16;FLOAT16;FLOAT16;FLOAT16;FLOAT16;FLOAT16;FLOAT16;FLOAT16;FLOAT16;FLOAT16;FLOAT16;FLOAT16;FLOAT16;FLOAT16;FLOAT16;FLOAT16;FLOAT16;FLOAT16;FLOAT16;FLOAT16;FLOAT16;FLOAT16;FLOAT16;FLOAT16;FLOAT16;FLOAT16;FLOAT16;FLOAT16;FLOAT16;FLOAT16;FLOAT16;FLOAT16;FLOAT16;FLOAT16;FLOAT16;FLOAT16;FLOAT16;FLOAT16;FLOAT16;FLOAT16;FLOAT16;FLOAT16;FLOAT16;FLOAT16;FLOAT16;FLOAT16;FLOAT16;FLOAT16;FLOAT16;FLOAT16;FLOAT16;FLOAT16;FLOAT16,ND;ND;ND;ND;ND;ND;ND;ND;ND;ND;ND;ND;ND;ND;ND;ND;ND;ND;ND;ND;ND;ND;ND;ND;ND;ND;ND;ND;ND;ND;ND;ND;ND;ND;ND;ND;ND;ND;ND;ND;ND;ND;ND;ND;ND;ND;ND;ND;ND;ND;ND;ND;ND;ND;ND;ND;ND;ND;ND;ND;ND;ND;ND;ND,"""64,160,16""",FLOAT16,ND,N/A,0.0,0,0.0,0.0,0.0,0.0,0.0,0.0,0.0,0.0,0.0,0.0,0.0,7.665,505911,0.017,0.002,3.897,0.508,3.429,0.447,0.979,0.128,0.0,0.000
0,4294967295,232,47,aclnnMul_MulAiCore_Mul,Mul,dynamic,AI_VECTOR_CORE,1785698519197362.433	,327.447,0.170000,40,0,NO,"""4096,4096;4096,4096""",FLOAT;FLOAT,ND;ND,"""4096,4096""",FLOAT,ND,N/A,0.0,0,0.0,0.0,0.0,0.0,0.0,0.0,0.0,0.0,0.0,0.0,0.0,325.402,21476554,6.784,0.021,3.004,0.009,323.892,0.995,108.58,0.334,0.0,0.000
0,4294967295,233,47,Concat,Concat,dynamic,AI_VECTOR_CORE,1785698519197689.900	,12.120,0.053000,40,0,NO,"""64,1,16;64,2,16;64,3,16;64,4,16;64,1,16;64,2,16;64,3,16;64,4,16;64,1,16;64,2,16;64,3,16;64,4,16;64,1,16;64,2,16;64,3,16;64,4,16;64,1,16;64,2,16;64,3,16;64,4,16;64,1,16;64,2,16;64,3,16;64,4,16;64,1,16;64,2,16;64,3,16;64,4,16;64,1,16;64,2,16;64,3,16;64,4,16;64,1,16;64,2,16;64,3,16;64,4,16;64,1,16;64,2,16;64,3,16;64,4,16;64,1,16;64,2,16;64,3,16;64,4,16;64,1,16;64,2,16;64,3,16;64,4,16;64,1,16;64,2,16;64,3,16;64,4,16;64,1,16;64,2,16;64,3,16;64,4,16;64,1,16;64,2,16;64,3,16;64,4,16;64,1,16;64,2,16;64,3,16;64,4,16""",FLOAT16;FLOAT16;FLOAT16;FLOAT16;FLOAT16;FLOAT16;FLOAT16;FLOAT16;FLOAT16;FLOAT16;FLOAT16;FLOAT16;FLOAT16;FLOAT16;FLOAT16;FLOAT16;FLOAT16;FLOAT16;FLOAT16;FLOAT16;FLOAT16;FLOAT16;FLOAT16;FLOAT16;FLOAT16;FLOAT16;FLOAT16;FLOAT16;FLOAT16;FLOAT16;FLOAT16;FLOAT16;FLOAT16;FLOAT16;FLOAT16;FLOAT16;FLOAT16;FLOAT16;FLOAT16;FLOAT16;FLOAT16;FLOAT16;FLOAT16;FLOAT16;FLOAT16;FLOAT16;FLOAT16;FLOAT16;FLOAT16;FLOAT16;FLOAT16;FLOAT16;FLOAT16;FLOAT16;FLOAT16;FLOAT16;FLOAT16;FLOAT16;FLOAT16;FLOAT16;FLOAT16;FLOAT16;FLOAT16;FLOAT16,ND;ND;ND;ND;ND;ND;ND;ND;ND;ND;ND;ND;ND;ND;ND;ND;ND;ND;ND;ND;ND;ND;ND;ND;ND;ND;ND;ND;ND;ND;ND;ND;ND;ND;ND;ND;ND;ND;ND;ND;ND;ND;ND;ND;ND;ND;ND;ND;ND;ND;ND;ND;ND;ND;ND;ND;ND;ND;ND;ND;ND;ND;ND;ND,"""64,160,16""",FLOAT16,ND,N/A,0.0,0,0.0,0.0,0.0,0.0,0.0,0.0,0.0,0.0,0.0,0.0,0.0,9.426,622138,0.017,0.002,4.987,0.529,3.822,0.405,1.099,0.117,0.0,0.000
0,4294967295,234,47,aclnnMul_MulAiCore_Mul,Mul,dynamic,AI_VECTOR_CORE,1785698519197702.040	,327.167,0.000000,40,0,NO,"""4096,4096;4096,4096""",FLOAT;FLOAT,ND;ND,"""4096,4096""",FLOAT,ND,N/A,0.0,0,0.0,0.0,0.0,0.0,0.0,0.0,0.0,0.0,0.0,0.0,0.0,325.276,21468221,6.784,0.021,3.004,0.009,323.74,0.995,109.991,0.338,0.0,0.000
0,4294967295,235,47,Concat,Concat,dynamic,AI_VECTOR_CORE,1785698519198029.227	,10.920,0.083000,40,0,NO,"""64,1,16;64,2,16;64,3,16;64,4,16;64,1,16;64,2,16;64,3,16;64,4,16;64,1,16;64,2,16;64,3,16;64,4,16;64,1,16;64,2,16;64,3,16;64,4,16;64,1,16;64,2,16;64,3,16;64,4,16;64,1,16;64,2,16;64,3,16;64,4,16;64,1,16;64,2,16;64,3,16;64,4,16;64,1,16;64,2,16;64,3,16;64,4,16;64,1,16;64,2,16;64,3,16;64,4,16;64,1,16;64,2,16;64,3,16;64,4,16;64,1,16;64,2,16;64,3,16;64,4,16;64,1,16;64,2,16;64,3,16;64,4,16;64,1,16;64,2,16;64,3,16;64,4,16;64,1,16;64,2,16;64,3,16;64,4,16;64,1,16;64,2,16;64,3,16;64,4,16;64,1,16;64,2,16;64,3,16;64,4,16""",FLOAT16;FLOAT16;FLOAT16;FLOAT16;FLOAT16;FLOAT16;FLOAT16;FLOAT16;FLOAT16;FLOAT16;FLOAT16;FLOAT16;FLOAT16;FLOAT16;FLOAT16;FLOAT16;FLOAT16;FLOAT16;FLOAT16;FLOAT16;FLOAT16;FLOAT16;FLOAT16;FLOAT16;FLOAT16;FLOAT16;FLOAT16;FLOAT16;FLOAT16;FLOAT16;FLOAT16;FLOAT16;FLOAT16;FLOAT16;FLOAT16;FLOAT16;FLOAT16;FLOAT16;FLOAT16;FLOAT16;FLOAT16;FLOAT16;FLOAT16;FLOAT16;FLOAT16;FLOAT16;FLOAT16;FLOAT16;FLOAT16;FLOAT16;FLOAT16;FLOAT16;FLOAT16;FLOAT16;FLOAT16;FLOAT16;FLOAT16;FLOAT16;FLOAT16;FLOAT16;FLOAT16;FLOAT16;FLOAT16;FLOAT16,ND;ND;ND;ND;ND;ND;ND;ND;ND;ND;ND;ND;ND;ND;ND;ND;ND;ND;ND;ND;ND;ND;ND;ND;ND;ND;ND;ND;ND;ND;ND;ND;ND;ND;ND;ND;ND;ND;ND;ND;ND;ND;ND;ND;ND;ND;ND;ND;ND;ND;ND;ND;ND;ND;ND;ND;ND;ND;ND;ND;ND;ND;ND;ND,"""64,160,16""",FLOAT16,ND,N/A,0.0,0,0.0,0.0,0.0,0.0,0.0,0.0,0.0,0.0,0.0,0.0,0.0,8.589,566856,0.017,0.002,4.112,0.479,3.712,0.432,1.148,0.134,0.0,0.000
0,4294967295,236,47,aclnnMul_MulAiCore_Mul,Mul,dynamic,AI_VECTOR_CORE,1785698519198040.167	,327.206,0.080000,40,0,NO,"""4096,4096;4096,4096""",FLOAT;FLOAT,ND;ND,"""4096,4096""",FLOAT,ND,N/A,0.0,0,0.0,0.0,0.0,0.0,0.0,0.0,0.0,0.0,0.0,0.0,0.0,324.934,21445665,6.784,0.021,2.992,0.009,323.398,0.995,109.912,0.338,0.0,0.000
0,4294967295,237,47,Concat,Concat,dynamic,AI_VECTOR_CORE,1785698519198367.393	,9.061,0.044000,40,0,NO,"""64,1,16;64,2,16;64,3,16;64,4,16;64,1,16;64,2,16;64,3,16;64,4,16;64,1,16;64,2,16;64,3,16;64,4,16;64,1,16;64,2,16;64,3,16;64,4,16;64,1,16;64,2,16;64,3,16;64,4,16;64,1,16;64,2,16;64,3,16;64,4,16;64,1,16;64,2,16;64,3,16;64,4,16;64,1,16;64,2,16;64,3,16;64,4,16;64,1,16;64,2,16;64,3,16;64,4,16;64,1,16;64,2,16;64,3,16;64,4,16;64,1,16;64,2,16;64,3,16;64,4,16;64,1,16;64,2,16;64,3,16;64,4,16;64,1,16;64,2,16;64,3,16;64,4,16;64,1,16;64,2,16;64,3,16;64,4,16;64,1,16;64,2,16;64,3,16;64,4,16;64,1,16;64,2,16;64,3,16;64,4,16""",FLOAT16;FLOAT16;FLOAT16;FLOAT16;FLOAT16;FLOAT16;FLOAT16;FLOAT16;FLOAT16;FLOAT16;FLOAT16;FLOAT16;FLOAT16;FLOAT16;FLOAT16;FLOAT16;FLOAT16;FLOAT16;FLOAT16;FLOAT16;FLOAT16;FLOAT16;FLOAT16;FLOAT16;FLOAT16;FLOAT16;FLOAT16;FLOAT16;FLOAT16;FLOAT16;FLOAT16;FLOAT16;FLOAT16;FLOAT16;FLOAT16;FLOAT16;FLOAT16;FLOAT16;FLOAT16;FLOAT16;FLOAT16;FLOAT16;FLOAT16;FLOAT16;FLOAT16;FLOAT16;FLOAT16;FLOAT16;FLOAT16;FLOAT16;FLOAT16;FLOAT16;FLOAT16;FLOAT16;FLOAT16;FLOAT16;FLOAT16;FLOAT16;FLOAT16;FLOAT16;FLOAT16;FLOAT16;FLOAT16;FLOAT16,ND;ND;ND;ND;ND;ND;ND;ND;ND;ND;ND;ND;ND;ND;ND;ND;ND;ND;ND;ND;ND;ND;ND;ND;ND;ND;ND;ND;ND;ND;ND;ND;ND;ND;ND;ND;ND;ND;ND;ND;ND;ND;ND;ND;ND;ND;ND;ND;ND;ND;ND;ND;ND;ND;ND;ND;ND;ND;ND;ND;ND;ND;ND;ND,"""64,160,16""",FLOAT16,ND,N/A,0.0,0,0.0,0.0,0.0,0.0,0.0,0.0,0.0,0.0,0.0,0.0,0.0,6.767,446629,0.017,0.003,3.567,0.527,2.599,0.384,0.987,0.146,0.0,0.000
0,4294967295,238,47,aclnnMul_MulAiCore_Mul,Mul,dynamic,AI_VECTOR_CORE,1785698519198376.474	,327.066,0.000000,40,0,NO,"""4096,4096;4096,4096""",FLOAT;FLOAT,ND;ND,"""4096,4096""",FLOAT,ND,N/A,0.0,0,0.0,0.0,0.0,0.0,0.0,0.0,0.0,0.0,0.0,0.0,0.0,325.332,21471923,6.784,0.021,3.021,0.009,323.787,0.995,109.008,0.335,0.0,0.000
0,4294967295,239,47,Concat,Concat,dynamic,AI_VECTOR_CORE,1785698519198703.580	,9.280,0.000000,40,0,NO,"""64,1,16;64,2,16;64,3,16;64,4,16;64,1,16;64,2,16;64,3,16;64,4,16;64,1,16;64,2,16;64,3,16;64,4,16;64,1,16;64,2,16;64,3,16;64,4,16;64,1,16;64,2,16;64,3,16;64,4,16;64,1,16;64,2,16;64,3,16;64,4,16;64,1,16;64,2,16;64,3,16;64,4,16;64,1,16;64,2,16;64,3,16;64,4,16;64,1,16;64,2,16;64,3,16;64,4,16;64,1,16;64,2,16;64,3,16;64,4,16;64,1,16;64,2,16;64,3,16;64,4,16;64,1,16;64,2,16;64,3,16;64,4,16;64,1,16;64,2,16;64,3,16;64,4,16;64,1,16;64,2,16;64,3,16;64,4,16;64,1,16;64,2,16;64,3,16;64,4,16;64,1,16;64,2,16;64,3,16;64,4,16""",FLOAT16;FLOAT16;FLOAT16;FLOAT16;FLOAT16;FLOAT16;FLOAT16;FLOAT16;FLOAT16;FLOAT16;FLOAT16;FLOAT16;FLOAT16;FLOAT16;FLOAT16;FLOAT16;FLOAT16;FLOAT16;FLOAT16;FLOAT16;FLOAT16;FLOAT16;FLOAT16;FLOAT16;FLOAT16;FLOAT16;FLOAT16;FLOAT16;FLOAT16;FLOAT16;FLOAT16;FLOAT16;FLOAT16;FLOAT16;FLOAT16;FLOAT16;FLOAT16;FLOAT16;FLOAT16;FLOAT16;FLOAT16;FLOAT16;FLOAT16;FLOAT16;FLOAT16;FLOAT16;FLOAT16;FLOAT16;FLOAT16;FLOAT16;FLOAT16;FLOAT16;FLOAT16;FLOAT16;FLOAT16;FLOAT16;FLOAT16;FLOAT16;FLOAT16;FLOAT16;FLOAT16;FLOAT16;FLOAT16;FLOAT16,ND;ND;ND;ND;ND;ND;ND;ND;ND;ND;ND;ND;ND;ND;ND;ND;ND;ND;ND;ND;ND;ND;ND;ND;ND;ND;ND;ND;ND;ND;ND;ND;ND;ND;ND;ND;ND;ND;ND;ND;ND;ND;ND;ND;ND;ND;ND;ND;ND;ND;ND;ND;ND;ND;ND;ND;ND;ND;ND;ND;ND;ND;ND;ND,"""64,160,16""",FLOAT16,ND,N/A,0.0,0,0.0,0.0,0.0,0.0,0.0,0.0,0.0,0.0,0.0,0.0,0.0,7.097,468426,0.017,0.002,3.471,0.489,2.786,0.393,1.154,0.163,0.0,0.000
0,4294967295,240,47,aclnnMul_MulAiCore_Mul,Mul,dynamic,AI_VECTOR_CORE,1785698519198712.880	,328.407,0.220000,40,0,NO,"""4096,4096;4096,4096""",FLOAT;FLOAT,ND;ND,"""4096,4096""",FLOAT,ND,N/A,0.0,0,0.0,0.0,0.0,0.0,0.0,0.0,0.0,0.0,0.0,0.0,0.0,326.179,21527799,6.784,0.021,3.142,0.01,324.462,0.995,108.729,0.333,0.0,0.000
0,4294967295,241,47,Concat,Concat,dynamic,AI_VECTOR_CORE,1785698519199041.307	,12.180,0.000000,40,0,NO,"""64,1,16;64,2,16;64,3,16;64,4,16;64,1,16;64,2,16;64,3,16;64,4,16;64,1,16;64,2,16;64,3,16;64,4,16;64,1,16;64,2,16;64,3,16;64,4,16;64,1,16;64,2,16;64,3,16;64,4,16;64,1,16;64,2,16;64,3,16;64,4,16;64,1,16;64,2,16;64,3,16;64,4,16;64,1,16;64,2,16;64,3,16;64,4,16;64,1,16;64,2,16;64,3,16;64,4,16;64,1,16;64,2,16;64,3,16;64,4,16;64,1,16;64,2,16;64,3,16;64,4,16;64,1,16;64,2,16;64,3,16;64,4,16;64,1,16;64,2,16;64,3,16;64,4,16;64,1,16;64,2,16;64,3,16;64,4,16;64,1,16;64,2,16;64,3,16;64,4,16;64,1,16;64,2,16;64,3,16;64,4,16""",FLOAT16;FLOAT16;FLOAT16;FLOAT16;FLOAT16;FLOAT16;FLOAT16;FLOAT16;FLOAT16;FLOAT16;FLOAT16;FLOAT16;FLOAT16;FLOAT16;FLOAT16;FLOAT16;FLOAT16;FLOAT16;FLOAT16;FLOAT16;FLOAT16;FLOAT16;FLOAT16;FLOAT16;FLOAT16;FLOAT16;FLOAT16;FLOAT16;FLOAT16;FLOAT16;FLOAT16;FLOAT16;FLOAT16;FLOAT16;FLOAT16;FLOAT16;FLOAT16;FLOAT16;FLOAT16;FLOAT16;FLOAT16;FLOAT16;FLOAT16;FLOAT16;FLOAT16;FLOAT16;FLOAT16;FLOAT16;FLOAT16;FLOAT16;FLOAT16;FLOAT16;FLOAT16;FLOAT16;FLOAT16;FLOAT16;FLOAT16;FLOAT16;FLOAT16;FLOAT16;FLOAT16;FLOAT16;FLOAT16;FLOAT16,ND;ND;ND;ND;ND;ND;ND;ND;ND;ND;ND;ND;ND;ND;ND;ND;ND;ND;ND;ND;ND;ND;ND;ND;ND;ND;ND;ND;ND;ND;ND;ND;ND;ND;ND;ND;ND;ND;ND;ND;ND;ND;ND;ND;ND;ND;ND;ND;ND;ND;ND;ND;ND;ND;ND;ND;ND;ND;ND;ND;ND;ND;ND;ND,"""64,160,16""",FLOAT16,ND,N/A,0.0,0,0.0,0.0,0.0,0.0,0.0,0.0,0.0,0.0,0.0,0.0,0.0,9.198,607061,0.017,0.002,4.289,0.466,4.542,0.494,1.153,0.125,0.0,0.000
0,4294967295,242,47,aclnnMul_MulAiCore_Mul,Mul,dynamic,AI_VECTOR_CORE,1785698519199053.507	,326.827,0.070000,40,0,NO,"""4096,4096;4096,4096""",FLOAT;FLOAT,ND;ND,"""4096,4096""",FLOAT,ND,N/A,0.0,0,0.0,0.0,0.0,0.0,0.0,0.0,0.0,0.0,0.0,0.0,0.0,324.729,21432095,6.784,0.021,2.965,0.009,323.231,0.995,109.415,0.337,0.0,0.000
0,4294967295,243,47,Concat,Concat,dynamic,AI_VECTOR_CORE,1785698519199380.354	,10.800,0.000000,40,0,NO,"""64,1,16;64,2,16;64,3,16;64,4,16;64,1,16;64,2,16;64,3,16;64,4,16;64,1,16;64,2,16;64,3,16;64,4,16;64,1,16;64,2,16;64,3,16;64,4,16;64,1,16;64,2,16;64,3,16;64,4,16;64,1,16;64,2,16;64,3,16;64,4,16;64,1,16;64,2,16;64,3,16;64,4,16;64,1,16;64,2,16;64,3,16;64,4,16;64,1,16;64,2,16;64,3,16;64,4,16;64,1,16;64,2,16;64,3,16;64,4,16;64,1,16;64,2,16;64,3,16;64,4,16;64,1,16;64,2,16;64,3,16;64,4,16;64,1,16;64,2,16;64,3,16;64,4,16;64,1,16;64,2,16;64,3,16;64,4,16;64,1,16;64,2,16;64,3,16;64,4,16;64,1,16;64,2,16;64,3,16;64,4,16""",FLOAT16;FLOAT16;FLOAT16;FLOAT16;FLOAT16;FLOAT16;FLOAT16;FLOAT16;FLOAT16;FLOAT16;FLOAT16;FLOAT16;FLOAT16;FLOAT16;FLOAT16;FLOAT16;FLOAT16;FLOAT16;FLOAT16;FLOAT16;FLOAT16;FLOAT16;FLOAT16;FLOAT16;FLOAT16;FLOAT16;FLOAT16;FLOAT16;FLOAT16;FLOAT16;FLOAT16;FLOAT16;FLOAT16;FLOAT16;FLOAT16;FLOAT16;FLOAT16;FLOAT16;FLOAT16;FLOAT16;FLOAT16;FLOAT16;FLOAT16;FLOAT16;FLOAT16;FLOAT16;FLOAT16;FLOAT16;FLOAT16;FLOAT16;FLOAT16;FLOAT16;FLOAT16;FLOAT16;FLOAT16;FLOAT16;FLOAT16;FLOAT16;FLOAT16;FLOAT16;FLOAT16;FLOAT16;FLOAT16;FLOAT16,ND;ND;ND;ND;ND;ND;ND;ND;ND;ND;ND;ND;ND;ND;ND;ND;ND;ND;ND;ND;ND;ND;ND;ND;ND;ND;ND;ND;ND;ND;ND;ND;ND;ND;ND;ND;ND;ND;ND;ND;ND;ND;ND;ND;ND;ND;ND;ND;ND;ND;ND;ND;ND;ND;ND;ND;ND;ND;ND;ND;ND;ND;ND;ND,"""64,160,16""",FLOAT16,ND,N/A,0.0,0,0.0,0.0,0.0,0.0,0.0,0.0,0.0,0.0,0.0,0.0,0.0,8.192,540640,0.017,0.002,3.62,0.442,3.721,0.454,1.156,0.141,0.0,0.000
0,4294967295,244,47,aclnnMul_MulAiCore_Mul,Mul,dynamic,AI_VECTOR_CORE,1785698519199391.174	,327.146,0.200000,40,0,NO,"""4096,4096;4096,4096""",FLOAT;FLOAT,ND;ND,"""4096,4096""",FLOAT,ND,N/A,0.0,0,0.0,0.0,0.0,0.0,0.0,0.0,0.0,0.0,0.0,0.0,0.0,325.333,21471953,6.784,0.021,3.115,0.01,323.704,0.995,109.001,0.335,0.0,0.000
0,4294967295,245,47,Concat,Concat,dynamic,AI_VECTOR_CORE,1785698519199718.340	,10.981,0.000000,40,0,NO,"""64,1,16;64,2,16;64,3,16;64,4,16;64,1,16;64,2,16;64,3,16;64,4,16;64,1,16;64,2,16;64,3,16;64,4,16;64,1,16;64,2,16;64,3,16;64,4,16;64,1,16;64,2,16;64,3,16;64,4,16;64,1,16;64,2,16;64,3,16;64,4,16;64,1,16;64,2,16;64,3,16;64,4,16;64,1,16;64,2,16;64,3,16;64,4,16;64,1,16;64,2,16;64,3,16;64,4,16;64,1,16;64,2,16;64,3,16;64,4,16;64,1,16;64,2,16;64,3,16;64,4,16;64,1,16;64,2,16;64,3,16;64,4,16;64,1,16;64,2,16;64,3,16;64,4,16;64,1,16;64,2,16;64,3,16;64,4,16;64,1,16;64,2,16;64,3,16;64,4,16;64,1,16;64,2,16;64,3,16;64,4,16""",FLOAT16;FLOAT16;FLOAT16;FLOAT16;FLOAT16;FLOAT16;FLOAT16;FLOAT16;FLOAT16;FLOAT16;FLOAT16;FLOAT16;FLOAT16;FLOAT16;FLOAT16;FLOAT16;FLOAT16;FLOAT16;FLOAT16;FLOAT16;FLOAT16;FLOAT16;FLOAT16;FLOAT16;FLOAT16;FLOAT16;FLOAT16;FLOAT16;FLOAT16;FLOAT16;FLOAT16;FLOAT16;FLOAT16;FLOAT16;FLOAT16;FLOAT16;FLOAT16;FLOAT16;FLOAT16;FLOAT16;FLOAT16;FLOAT16;FLOAT16;FLOAT16;FLOAT16;FLOAT16;FLOAT16;FLOAT16;FLOAT16;FLOAT16;FLOAT16;FLOAT16;FLOAT16;FLOAT16;FLOAT16;FLOAT16;FLOAT16;FLOAT16;FLOAT16;FLOAT16;FLOAT16;FLOAT16;FLOAT16;FLOAT16,ND;ND;ND;ND;ND;ND;ND;ND;ND;ND;ND;ND;ND;ND;ND;ND;ND;ND;ND;ND;ND;ND;ND;ND;ND;ND;ND;ND;ND;ND;ND;ND;ND;ND;ND;ND;ND;ND;ND;ND;ND;ND;ND;ND;ND;ND;ND;ND;ND;ND;ND;ND;ND;ND;ND;ND;ND;ND;ND;ND;ND;ND;ND;ND,"""64,160,16""",FLOAT16,ND,N/A,0.0,0,0.0,0.0,0.0,0.0,0.0,0.0,0.0,0.0,0.0,0.0,0.0,7.996,527718,0.017,0.002,3.978,0.497,3.47,0.434,1.076,0.135,0.0,0.000
0,4294967295,246,47,aclnnMul_MulAiCore_Mul,Mul,dynamic,AI_VECTOR_CORE,1785698519199729.341	,327.426,0.019000,40,0,NO,"""4096,4096;4096,4096""",FLOAT;FLOAT,ND;ND,"""4096,4096""",FLOAT,ND,N/A,0.0,0,0.0,0.0,0.0,0.0,0.0,0.0,0.0,0.0,0.0,0.0,0.0,325.405,21476740,6.784,0.021,3.08,0.009,323.818,0.995,108.179,0.332,0.0,0.000
0,4294967295,247,47,Concat,Concat,dynamic,AI_VECTOR_CORE,1785698519200056.787	,10.500,0.074000,40,0,NO,"""64,1,16;64,2,16;64,3,16;64,4,16;64,1,16;64,2,16;64,3,16;64,4,16;64,1,16;64,2,16;64,3,16;64,4,16;64,1,16;64,2,16;64,3,16;64,4,16;64,1,16;64,2,16;64,3,16;64,4,16;64,1,16;64,2,16;64,3,16;64,4,16;64,1,16;64,2,16;64,3,16;64,4,16;64,1,16;64,2,16;64,3,16;64,4,16;64,1,16;64,2,16;64,3,16;64,4,16;64,1,16;64,2,16;64,3,16;64,4,16;64,1,16;64,2,16;64,3,16;64,4,16;64,1,16;64,2,16;64,3,16;64,4,16;64,1,16;64,2,16;64,3,16;64,4,16;64,1,16;64,2,16;64,3,16;64,4,16;64,1,16;64,2,16;64,3,16;64,4,16;64,1,16;64,2,16;64,3,16;64,4,16""",FLOAT16;FLOAT16;FLOAT16;FLOAT16;FLOAT16;FLOAT16;FLOAT16;FLOAT16;FLOAT16;FLOAT16;FLOAT16;FLOAT16;FLOAT16;FLOAT16;FLOAT16;FLOAT16;FLOAT16;FLOAT16;FLOAT16;FLOAT16;FLOAT16;FLOAT16;FLOAT16;FLOAT16;FLOAT16;FLOAT16;FLOAT16;FLOAT16;FLOAT16;FLOAT16;FLOAT16;FLOAT16;FLOAT16;FLOAT16;FLOAT16;FLOAT16;FLOAT16;FLOAT16;FLOAT16;FLOAT16;FLOAT16;FLOAT16;FLOAT16;FLOAT16;FLOAT16;FLOAT16;FLOAT16;FLOAT16;FLOAT16;FLOAT16;FLOAT16;FLOAT16;FLOAT16;FLOAT16;FLOAT16;FLOAT16;FLOAT16;FLOAT16;FLOAT16;FLOAT16;FLOAT16;FLOAT16;FLOAT16;FLOAT16,ND;ND;ND;ND;ND;ND;ND;ND;ND;ND;ND;ND;ND;ND;ND;ND;ND;ND;ND;ND;ND;ND;ND;ND;ND;ND;ND;ND;ND;ND;ND;ND;ND;ND;ND;ND;ND;ND;ND;ND;ND;ND;ND;ND;ND;ND;ND;ND;ND;ND;ND;ND;ND;ND;ND;ND;ND;ND;ND;ND;ND;ND;ND;ND,"""64,160,16""",FLOAT16,ND,N/A,0.0,0,0.0,0.0,0.0,0.0,0.0,0.0,0.0,0.0,0.0,0.0,0.0,7.819,516036,0.017,0.002,3.552,0.454,3.523,0.451,1.062,0.136,0.0,0.000
0,4294967295,248,47,aclnnMul_MulAiCore_Mul,Mul,dynamic,AI_VECTOR_CORE,1785698519200067.307	,328.487,0.000000,40,0,NO,"""4096,4096;4096,4096""",FLOAT;FLOAT,ND;ND,"""4096,4096""",FLOAT,ND,N/A,0.0,0,0.0,0.0,0.0,0.0,0.0,0.0,0.0,0.0,0.0,0.0,0.0,326.235,21531540,6.784,0.021,3.036,0.009,324.674,0.995,111.25,0.341,0.0,0.000
0,4294967295,249,47,Concat,Concat,dynamic,AI_VECTOR_CORE,1785698519200395.814	,11.160,0.013000,40,0,NO,"""64,1,16;64,2,16;64,3,16;64,4,16;64,1,16;64,2,16;64,3,16;64,4,16;64,1,16;64,2,16;64,3,16;64,4,16;64,1,16;64,2,16;64,3,16;64,4,16;64,1,16;64,2,16;64,3,16;64,4,16;64,1,16;64,2,16;64,3,16;64,4,16;64,1,16;64,2,16;64,3,16;64,4,16;64,1,16;64,2,16;64,3,16;64,4,16;64,1,16;64,2,16;64,3,16;64,4,16;64,1,16;64,2,16;64,3,16;64,4,16;64,1,16;64,2,16;64,3,16;64,4,16;64,1,16;64,2,16;64,3,16;64,4,16;64,1,16;64,2,16;64,3,16;64,4,16;64,1,16;64,2,16;64,3,16;64,4,16;64,1,16;64,2,16;64,3,16;64,4,16;64,1,16;64,2,16;64,3,16;64,4,16""",FLOAT16;FLOAT16;FLOAT16;FLOAT16;FLOAT16;FLOAT16;FLOAT16;FLOAT16;FLOAT16;FLOAT16;FLOAT16;FLOAT16;FLOAT16;FLOAT16;FLOAT16;FLOAT16;FLOAT16;FLOAT16;FLOAT16;FLOAT16;FLOAT16;FLOAT16;FLOAT16;FLOAT16;FLOAT16;FLOAT16;FLOAT16;FLOAT16;FLOAT16;FLOAT16;FLOAT16;FLOAT16;FLOAT16;FLOAT16;FLOAT16;FLOAT16;FLOAT16;FLOAT16;FLOAT16;FLOAT16;FLOAT16;FLOAT16;FLOAT16;FLOAT16;FLOAT16;FLOAT16;FLOAT16;FLOAT16;FLOAT16;FLOAT16;FLOAT16;FLOAT16;FLOAT16;FLOAT16;FLOAT16;FLOAT16;FLOAT16;FLOAT16;FLOAT16;FLOAT16;FLOAT16;FLOAT16;FLOAT16;FLOAT16,ND;ND;ND;ND;ND;ND;ND;ND;ND;ND;ND;ND;ND;ND;ND;ND;ND;ND;ND;ND;ND;ND;ND;ND;ND;ND;ND;ND;ND;ND;ND;ND;ND;ND;ND;ND;ND;ND;ND;ND;ND;ND;ND;ND;ND;ND;ND;ND;ND;ND;ND;ND;ND;ND;ND;ND;ND;ND;ND;ND;ND;ND;ND;ND,"""64,160,16""",FLOAT16,ND,N/A,0.0,0,0.0,0.0,0.0,0.0,0.0,0.0,0.0,0.0,0.0,0.0,0.0,8.744,577120,0.017,0.002,4.166,0.476,3.933,0.45,1.11,0.127,0.0,0.000
0,4294967295,250,47,aclnnMul_MulAiCore_Mul,Mul,dynamic,AI_VECTOR_CORE,1785698519200406.994	,327.827,0.090000,40,0,NO,"""4096,4096;4096,4096""",FLOAT;FLOAT,ND;ND,"""4096,4096""",FLOAT,ND,N/A,0.0,0,0.0,0.0,0.0,0.0,0.0,0.0,0.0,0.0,0.0,0.0,0.0,325.473,21481206,6.784,0.021,2.926,0.009,324.024,0.996,110.41,0.339,0.0,0.000
0,4294967295,251,47,Concat,Concat,dynamic,AI_VECTOR_CORE,1785698519200734.841	,10.840,0.000000,40,0,NO,"""64,1,16;64,2,16;64,3,16;64,4,16;64,1,16;64,2,16;64,3,16;64,4,16;64,1,16;64,2,16;64,3,16;64,4,16;64,1,16;64,2,16;64,3,16;64,4,16;64,1,16;64,2,16;64,3,16;64,4,16;64,1,16;64,2,16;64,3,16;64,4,16;64,1,16;64,2,16;64,3,16;64,4,16;64,1,16;64,2,16;64,3,16;64,4,16;64,1,16;64,2,16;64,3,16;64,4,16;64,1,16;64,2,16;64,3,16;64,4,16;64,1,16;64,2,16;64,3,16;64,4,16;64,1,16;64,2,16;64,3,16;64,4,16;64,1,16;64,2,16;64,3,16;64,4,16;64,1,16;64,2,16;64,3,16;64,4,16;64,1,16;64,2,16;64,3,16;64,4,16;64,1,16;64,2,16;64,3,16;64,4,16""",FLOAT16;FLOAT16;FLOAT16;FLOAT16;FLOAT16;FLOAT16;FLOAT16;FLOAT16;FLOAT16;FLOAT16;FLOAT16;FLOAT16;FLOAT16;FLOAT16;FLOAT16;FLOAT16;FLOAT16;FLOAT16;FLOAT16;FLOAT16;FLOAT16;FLOAT16;FLOAT16;FLOAT16;FLOAT16;FLOAT16;FLOAT16;FLOAT16;FLOAT16;FLOAT16;FLOAT16;FLOAT16;FLOAT16;FLOAT16;FLOAT16;FLOAT16;FLOAT16;FLOAT16;FLOAT16;FLOAT16;FLOAT16;FLOAT16;FLOAT16;FLOAT16;FLOAT16;FLOAT16;FLOAT16;FLOAT16;FLOAT16;FLOAT16;FLOAT16;FLOAT16;FLOAT16;FLOAT16;FLOAT16;FLOAT16;FLOAT16;FLOAT16;FLOAT16;FLOAT16;FLOAT16;FLOAT16;FLOAT16;FLOAT16,ND;ND;ND;ND;ND;ND;ND;ND;ND;ND;ND;ND;ND;ND;ND;ND;ND;ND;ND;ND;ND;ND;ND;ND;ND;ND;ND;ND;ND;ND;ND;ND;ND;ND;ND;ND;ND;ND;ND;ND;ND;ND;ND;ND;ND;ND;ND;ND;ND;ND;ND;ND;ND;ND;ND;ND;ND;ND;ND;ND;ND;ND;ND;ND,"""64,160,16""",FLOAT16,ND,N/A,0.0,0,0.0,0.0,0.0,0.0,0.0,0.0,0.0,0.0,0.0,0.0,0.0,8.341,550531,0.017,0.002,4.302,0.516,3.684,0.442,1.039,0.125,0.0,0.000
0,4294967295,252,47,aclnnMul_MulAiCore_Mul,Mul,dynamic,AI_VECTOR_CORE,1785698519200745.721	,328.986,0.160000,40,0,NO,"""4096,4096;4096,4096""",FLOAT;FLOAT,ND;ND,"""4096,4096""",FLOAT,ND,N/A,0.0,0,0.0,0.0,0.0,0.0,0.0,0.0,0.0,0.0,0.0,0.0,0.0,326.457,21546138,6.784,0.021,3.038,0.009,324.83,0.995,110.366,0.338,0.0,0.000
0,4294967295,253,47,Concat,Concat,dynamic,AI_VECTOR_CORE,1785698519201074.727	,9.661,0.014000,40,0,NO,"""64,1,16;64,2,16;64,3,16;64,4,16;64,1,16;64,2,16;64,3,16;64,4,16;64,1,16;64,2,16;64,3,16;64,4,16;64,1,16;64,2,16;64,3,16;64,4,16;64,1,16;64,2,16;64,3,16;64,4,16;64,1,16;64,2,16;64,3,16;64,4,16;64,1,16;64,2,16;64,3,16;64,4,16;64,1,16;64,2,16;64,3,16;64,4,16;64,1,16;64,2,16;64,3,16;64,4,16;64,1,16;64,2,16;64,3,16;64,4,16;64,1,16;64,2,16;64,3,16;64,4,16;64,1,16;64,2,16;64,3,16;64,4,16;64,1,16;64,2,16;64,3,16;64,4,16;64,1,16;64,2,16;64,3,16;64,4,16;64,1,16;64,2,16;64,3,16;64,4,16;64,1,16;64,2,16;64,3,16;64,4,16""",FLOAT16;FLOAT16;FLOAT16;FLOAT16;FLOAT16;FLOAT16;FLOAT16;FLOAT16;FLOAT16;FLOAT16;FLOAT16;FLOAT16;FLOAT16;FLOAT16;FLOAT16;FLOAT16;FLOAT16;FLOAT16;FLOAT16;FLOAT16;FLOAT16;FLOAT16;FLOAT16;FLOAT16;FLOAT16;FLOAT16;FLOAT16;FLOAT16;FLOAT16;FLOAT16;FLOAT16;FLOAT16;FLOAT16;FLOAT16;FLOAT16;FLOAT16;FLOAT16;FLOAT16;FLOAT16;FLOAT16;FLOAT16;FLOAT16;FLOAT16;FLOAT16;FLOAT16;FLOAT16;FLOAT16;FLOAT16;FLOAT16;FLOAT16;FLOAT16;FLOAT16;FLOAT16;FLOAT16;FLOAT16;FLOAT16;FLOAT16;FLOAT16;FLOAT16;FLOAT16;FLOAT16;FLOAT16;FLOAT16;FLOAT16,ND;ND;ND;ND;ND;ND;ND;ND;ND;ND;ND;ND;ND;ND;ND;ND;ND;ND;ND;ND;ND;ND;ND;ND;ND;ND;ND;ND;ND;ND;ND;ND;ND;ND;ND;ND;ND;ND;ND;ND;ND;ND;ND;ND;ND;ND;ND;ND;ND;ND;ND;ND;ND;ND;ND;ND;ND;ND;ND;ND;ND;ND;ND;ND,"""64,160,16""",FLOAT16,ND,N/A,0.0,0,0.0,0.0,0.0,0.0,0.0,0.0,0.0,0.0,0.0,0.0,0.0,7.038,464527,0.017,0.002,3.648,0.518,2.641,0.375,1.087,0.154,0.0,0.000
0,4294967295,254,47,aclnnMul_MulAiCore_Mul,Mul,dynamic,AI_VECTOR_CORE,1785698519201084.408	,328.206,0.089000,40,0,NO,"""4096,4096;4096,4096""",FLOAT;FLOAT,ND;ND,"""4096,4096""",FLOAT,ND,N/A,0.0,0,0.0,0.0,0.0,0.0,0.0,0.0,0.0,0.0,0.0,0.0,0.0,325.664,21493814,6.784,0.021,3.725,0.011,323.367,0.993,108.43,0.333,0.0,0.000
0,4294967295,255,47,Concat,Concat,dynamic,AI_VECTOR_CORE,1785698519201412.654	,9.240,0.044000,40,0,NO,"""64,1,16;64,2,16;64,3,16;64,4,16;64,1,16;64,2,16;64,3,16;64,4,16;64,1,16;64,2,16;64,3,16;64,4,16;64,1,16;64,2,16;64,3,16;64,4,16;64,1,16;64,2,16;64,3,16;64,4,16;64,1,16;64,2,16;64,3,16;64,4,16;64,1,16;64,2,16;64,3,16;64,4,16;64,1,16;64,2,16;64,3,16;64,4,16;64,1,16;64,2,16;64,3,16;64,4,16;64,1,16;64,2,16;64,3,16;64,4,16;64,1,16;64,2,16;64,3,16;64,4,16;64,1,16;64,2,16;64,3,16;64,4,16;64,1,16;64,2,16;64,3,16;64,4,16;64,1,16;64,2,16;64,3,16;64,4,16;64,1,16;64,2,16;64,3,16;64,4,16;64,1,16;64,2,16;64,3,16;64,4,16""",FLOAT16;FLOAT16;FLOAT16;FLOAT16;FLOAT16;FLOAT16;FLOAT16;FLOAT16;FLOAT16;FLOAT16;FLOAT16;FLOAT16;FLOAT16;FLOAT16;FLOAT16;FLOAT16;FLOAT16;FLOAT16;FLOAT16;FLOAT16;FLOAT16;FLOAT16;FLOAT16;FLOAT16;FLOAT16;FLOAT16;FLOAT16;FLOAT16;FLOAT16;FLOAT16;FLOAT16;FLOAT16;FLOAT16;FLOAT16;FLOAT16;FLOAT16;FLOAT16;FLOAT16;FLOAT16;FLOAT16;FLOAT16;FLOAT16;FLOAT16;FLOAT16;FLOAT16;FLOAT16;FLOAT16;FLOAT16;FLOAT16;FLOAT16;FLOAT16;FLOAT16;FLOAT16;FLOAT16;FLOAT16;FLOAT16;FLOAT16;FLOAT16;FLOAT16;FLOAT16;FLOAT16;FLOAT16;FLOAT16;FLOAT16,ND;ND;ND;ND;ND;ND;ND;ND;ND;ND;ND;ND;ND;ND;ND;ND;ND;ND;ND;ND;ND;ND;ND;ND;ND;ND;ND;ND;ND;ND;ND;ND;ND;ND;ND;ND;ND;ND;ND;ND;ND;ND;ND;ND;ND;ND;ND;ND;ND;ND;ND;ND;ND;ND;ND;ND;ND;ND;ND;ND;ND;ND;ND;ND,"""64,160,16""",FLOAT16,ND,N/A,0.0,0,0.0,0.0,0.0,0.0,0.0,0.0,0.0,0.0,0.0,0.0,0.0,6.932,457504,0.017,0.002,3.573,0.515,2.726,0.393,0.973,0.14,0.0,0.000
0,4294967295,256,47,aclnnMul_MulAiCore_Mul,Mul,dynamic,AI_VECTOR_CORE,1785698519201421.914	,327.467,0.010000,40,0,NO,"""4096,4096;4096,4096""",FLOAT;FLOAT,ND;ND,"""4096,4096""",FLOAT,ND,N/A,0.0,0,0.0,0.0,0.0,0.0,0.0,0.0,0.0,0.0,0.0,0.0,0.0,325.362,21473917,6.784,0.021,3.02,0.009,323.827,0.995,109.184,0.336,0.0,0.000
0,4294967295,257,47,Concat,Concat,dynamic,AI_VECTOR_CORE,1785698519201749.401	,10.960,0.033000,40,0,NO,"""64,1,16;64,2,16;64,3,16;64,4,16;64,1,16;64,2,16;64,3,16;64,4,16;64,1,16;64,2,16;64,3,16;64,4,16;64,1,16;64,2,16;64,3,16;64,4,16;64,1,16;64,2,16;64,3,16;64,4,16;64,1,16;64,2,16;64,3,16;64,4,16;64,1,16;64,2,16;64,3,16;64,4,16;64,1,16;64,2,16;64,3,16;64,4,16;64,1,16;64,2,16;64,3,16;64,4,16;64,1,16;64,2,16;64,3,16;64,4,16;64,1,16;64,2,16;64,3,16;64,4,16;64,1,16;64,2,16;64,3,16;64,4,16;64,1,16;64,2,16;64,3,16;64,4,16;64,1,16;64,2,16;64,3,16;64,4,16;64,1,16;64,2,16;64,3,16;64,4,16;64,1,16;64,2,16;64,3,16;64,4,16""",FLOAT16;FLOAT16;FLOAT16;FLOAT16;FLOAT16;FLOAT16;FLOAT16;FLOAT16;FLOAT16;FLOAT16;FLOAT16;FLOAT16;FLOAT16;FLOAT16;FLOAT16;FLOAT16;FLOAT16;FLOAT16;FLOAT16;FLOAT16;FLOAT16;FLOAT16;FLOAT16;FLOAT16;FLOAT16;FLOAT16;FLOAT16;FLOAT16;FLOAT16;FLOAT16;FLOAT16;FLOAT16;FLOAT16;FLOAT16;FLOAT16;FLOAT16;FLOAT16;FLOAT16;FLOAT16;FLOAT16;FLOAT16;FLOAT16;FLOAT16;FLOAT16;FLOAT16;FLOAT16;FLOAT16;FLOAT16;FLOAT16;FLOAT16;FLOAT16;FLOAT16;FLOAT16;FLOAT16;FLOAT16;FLOAT16;FLOAT16;FLOAT16;FLOAT16;FLOAT16;FLOAT16;FLOAT16;FLOAT16;FLOAT16,ND;ND;ND;ND;ND;ND;ND;ND;ND;ND;ND;ND;ND;ND;ND;ND;ND;ND;ND;ND;ND;ND;ND;ND;ND;ND;ND;ND;ND;ND;ND;ND;ND;ND;ND;ND;ND;ND;ND;ND;ND;ND;ND;ND;ND;ND;ND;ND;ND;ND;ND;ND;ND;ND;ND;ND;ND;ND;ND;ND;ND;ND;ND;ND,"""64,160,16""",FLOAT16,ND,N/A,0.0,0,0.0,0.0,0.0,0.0,0.0,0.0,0.0,0.0,0.0,0.0,0.0,8.272,545950,0.017,0.002,3.638,0.44,3.837,0.464,1.111,0.134,0.0,0.000
0,4294967295,258,47,aclnnMul_MulAiCore_Mul,Mul,dynamic,AI_VECTOR_CORE,1785698519201760.381	,326.427,0.040000,40,0,NO,"""4096,4096;4096,4096""",FLOAT;FLOAT,ND;ND,"""4096,4096""",FLOAT,ND,N/A,0.0,0,0.0,0.0,0.0,0.0,0.0,0.0,0.0,0.0,0.0,0.0,0.0,324.587,21422710,6.784,0.021,2.903,0.009,323.162,0.996,108.222,0.333,0.0,0.000
0,4294967295,259,47,Concat,Concat,dynamic,AI_VECTOR_CORE,1785698519202086.848	,13.140,0.000000,40,0,NO,"""64,1,16;64,2,16;64,3,16;64,4,16;64,1,16;64,2,16;64,3,16;64,4,16;64,1,16;64,2,16;64,3,16;64,4,16;64,1,16;64,2,16;64,3,16;64,4,16;64,1,16;64,2,16;64,3,16;64,4,16;64,1,16;64,2,16;64,3,16;64,4,16;64,1,16;64,2,16;64,3,16;64,4,16;64,1,16;64,2,16;64,3,16;64,4,16;64,1,16;64,2,16;64,3,16;64,4,16;64,1,16;64,2,16;64,3,16;64,4,16;64,1,16;64,2,16;64,3,16;64,4,16;64,1,16;64,2,16;64,3,16;64,4,16;64,1,16;64,2,16;64,3,16;64,4,16;64,1,16;64,2,16;64,3,16;64,4,16;64,1,16;64,2,16;64,3,16;64,4,16;64,1,16;64,2,16;64,3,16;64,4,16""",FLOAT16;FLOAT16;FLOAT16;FLOAT16;FLOAT16;FLOAT16;FLOAT16;FLOAT16;FLOAT16;FLOAT16;FLOAT16;FLOAT16;FLOAT16;FLOAT16;FLOAT16;FLOAT16;FLOAT16;FLOAT16;FLOAT16;FLOAT16;FLOAT16;FLOAT16;FLOAT16;FLOAT16;FLOAT16;FLOAT16;FLOAT16;FLOAT16;FLOAT16;FLOAT16;FLOAT16;FLOAT16;FLOAT16;FLOAT16;FLOAT16;FLOAT16;FLOAT16;FLOAT16;FLOAT16;FLOAT16;FLOAT16;FLOAT16;FLOAT16;FLOAT16;FLOAT16;FLOAT16;FLOAT16;FLOAT16;FLOAT16;FLOAT16;FLOAT16;FLOAT16;FLOAT16;FLOAT16;FLOAT16;FLOAT16;FLOAT16;FLOAT16;FLOAT16;FLOAT16;FLOAT16;FLOAT16;FLOAT16;FLOAT16,ND;ND;ND;ND;ND;ND;ND;ND;ND;ND;ND;ND;ND;ND;ND;ND;ND;ND;ND;ND;ND;ND;ND;ND;ND;ND;ND;ND;ND;ND;ND;ND;ND;ND;ND;ND;ND;ND;ND;ND;ND;ND;ND;ND;ND;ND;ND;ND;ND;ND;ND;ND;ND;ND;ND;ND;ND;ND;ND;ND;ND;ND;ND;ND,"""64,160,16""",FLOAT16,ND,N/A,0.0,0,0.0,0.0,0.0,0.0,0.0,0.0,0.0,0.0,0.0,0.0,0.0,9.308,614331,0.017,0.002,4.281,0.46,4.375,0.47,1.24,0.133,0.0,0.000
0,4294967295,260,47,aclnnMul_MulAiCore_Mul,Mul,dynamic,AI_VECTOR_CORE,1785698519202100.008	,327.687,0.110000,40,0,NO,"""4096,4096;4096,4096""",FLOAT;FLOAT,ND;ND,"""4096,4096""",FLOAT,ND,N/A,0.0,0,0.0,0.0,0.0,0.0,0.0,0.0,0.0,0.0,0.0,0.0,0.0,325.22,21464534,6.784,0.021,3.021,0.009,323.636,0.995,109.44,0.337,0.0,0.000
0,4294967295,261,47,Concat,Concat,dynamic,AI_VECTOR_CORE,1785698519202427.715	,10.340,0.063000,40,0,NO,"""64,1,16;64,2,16;64,3,16;64,4,16;64,1,16;64,2,16;64,3,16;64,4,16;64,1,16;64,2,16;64,3,16;64,4,16;64,1,16;64,2,16;64,3,16;64,4,16;64,1,16;64,2,16;64,3,16;64,4,16;64,1,16;64,2,16;64,3,16;64,4,16;64,1,16;64,2,16;64,3,16;64,4,16;64,1,16;64,2,16;64,3,16;64,4,16;64,1,16;64,2,16;64,3,16;64,4,16;64,1,16;64,2,16;64,3,16;64,4,16;64,1,16;64,2,16;64,3,16;64,4,16;64,1,16;64,2,16;64,3,16;64,4,16;64,1,16;64,2,16;64,3,16;64,4,16;64,1,16;64,2,16;64,3,16;64,4,16;64,1,16;64,2,16;64,3,16;64,4,16;64,1,16;64,2,16;64,3,16;64,4,16""",FLOAT16;FLOAT16;FLOAT16;FLOAT16;FLOAT16;FLOAT16;FLOAT16;FLOAT16;FLOAT16;FLOAT16;FLOAT16;FLOAT16;FLOAT16;FLOAT16;FLOAT16;FLOAT16;FLOAT16;FLOAT16;FLOAT16;FLOAT16;FLOAT16;FLOAT16;FLOAT16;FLOAT16;FLOAT16;FLOAT16;FLOAT16;FLOAT16;FLOAT16;FLOAT16;FLOAT16;FLOAT16;FLOAT16;FLOAT16;FLOAT16;FLOAT16;FLOAT16;FLOAT16;FLOAT16;FLOAT16;FLOAT16;FLOAT16;FLOAT16;FLOAT16;FLOAT16;FLOAT16;FLOAT16;FLOAT16;FLOAT16;FLOAT16;FLOAT16;FLOAT16;FLOAT16;FLOAT16;FLOAT16;FLOAT16;FLOAT16;FLOAT16;FLOAT16;FLOAT16;FLOAT16;FLOAT16;FLOAT16;FLOAT16,ND;ND;ND;ND;ND;ND;ND;ND;ND;ND;ND;ND;ND;ND;ND;ND;ND;ND;ND;ND;ND;ND;ND;ND;ND;ND;ND;ND;ND;ND;ND;ND;ND;ND;ND;ND;ND;ND;ND;ND;ND;ND;ND;ND;ND;ND;ND;ND;ND;ND;ND;ND;ND;ND;ND;ND;ND;ND;ND;ND;ND;ND;ND;ND,"""64,160,16""",FLOAT16,ND,N/A,0.0,0,0.0,0.0,0.0,0.0,0.0,0.0,0.0,0.0,0.0,0.0,0.0,7.743,511026,0.017,0.002,3.607,0.466,3.493,0.451,0.968,0.125,0.0,0.000
0,4294967295,262,47,aclnnMul_MulAiCore_Mul,Mul,dynamic,AI_VECTOR_CORE,1785698519202438.075	,327.426,0.000000,40,0,NO,"""4096,4096;4096,4096""",FLOAT;FLOAT,ND;ND,"""4096,4096""",FLOAT,ND,N/A,0.0,0,0.0,0.0,0.0,0.0,0.0,0.0,0.0,0.0,0.0,0.0,0.0,325.201,21463238,6.784,0.021,2.958,0.009,323.756,0.996,108.896,0.335,0.0,0.000
0,4294967295,263,47,Concat,Concat,dynamic,AI_VECTOR_CORE,1785698519202765.521	,10.600,0.074000,40,0,NO,"""64,1,16;64,2,16;64,3,16;64,4,16;64,1,16;64,2,16;64,3,16;64,4,16;64,1,16;64,2,16;64,3,16;64,4,16;64,1,16;64,2,16;64,3,16;64,4,16;64,1,16;64,2,16;64,3,16;64,4,16;64,1,16;64,2,16;64,3,16;64,4,16;64,1,16;64,2,16;64,3,16;64,4,16;64,1,16;64,2,16;64,3,16;64,4,16;64,1,16;64,2,16;64,3,16;64,4,16;64,1,16;64,2,16;64,3,16;64,4,16;64,1,16;64,2,16;64,3,16;64,4,16;64,1,16;64,2,16;64,3,16;64,4,16;64,1,16;64,2,16;64,3,16;64,4,16;64,1,16;64,2,16;64,3,16;64,4,16;64,1,16;64,2,16;64,3,16;64,4,16;64,1,16;64,2,16;64,3,16;64,4,16""",FLOAT16;FLOAT16;FLOAT16;FLOAT16;FLOAT16;FLOAT16;FLOAT16;FLOAT16;FLOAT16;FLOAT16;FLOAT16;FLOAT16;FLOAT16;FLOAT16;FLOAT16;FLOAT16;FLOAT16;FLOAT16;FLOAT16;FLOAT16;FLOAT16;FLOAT16;FLOAT16;FLOAT16;FLOAT16;FLOAT16;FLOAT16;FLOAT16;FLOAT16;FLOAT16;FLOAT16;FLOAT16;FLOAT16;FLOAT16;FLOAT16;FLOAT16;FLOAT16;FLOAT16;FLOAT16;FLOAT16;FLOAT16;FLOAT16;FLOAT16;FLOAT16;FLOAT16;FLOAT16;FLOAT16;FLOAT16;FLOAT16;FLOAT16;FLOAT16;FLOAT16;FLOAT16;FLOAT16;FLOAT16;FLOAT16;FLOAT16;FLOAT16;FLOAT16;FLOAT16;FLOAT16;FLOAT16;FLOAT16;FLOAT16,ND;ND;ND;ND;ND;ND;ND;ND;ND;ND;ND;ND;ND;ND;ND;ND;ND;ND;ND;ND;ND;ND;ND;ND;ND;ND;ND;ND;ND;ND;ND;ND;ND;ND;ND;ND;ND;ND;ND;ND;ND;ND;ND;ND;ND;ND;ND;ND;ND;ND;ND;ND;ND;ND;ND;ND;ND;ND;ND;ND;ND;ND;ND;ND,"""64,160,16""",FLOAT16,ND,N/A,0.0,0,0.0,0.0,0.0,0.0,0.0,0.0,0.0,0.0,0.0,0.0,0.0,7.897,521221,0.017,0.002,3.87,0.49,3.362,0.426,1.103,0.14,0.0,0.000
0,4294967295,264,47,aclnnMul_MulAiCore_Mul,Mul,dynamic,AI_VECTOR_CORE,1785698519202776.141	,327.427,0.150000,40,0,NO,"""4096,4096;4096,4096""",FLOAT;FLOAT,ND;ND,"""4096,4096""",FLOAT,ND,N/A,0.0,0,0.0,0.0,0.0,0.0,0.0,0.0,0.0,0.0,0.0,0.0,0.0,325.329,21471740,6.784,0.021,3.091,0.01,323.736,0.995,108.676,0.334,0.0,0.000
0,4294967295,265,47,Concat,Concat,dynamic,AI_VECTOR_CORE,1785698519203103.588	,11.340,0.000000,40,0,NO,"""64,1,16;64,2,16;64,3,16;64,4,16;64,1,16;64,2,16;64,3,16;64,4,16;64,1,16;64,2,16;64,3,16;64,4,16;64,1,16;64,2,16;64,3,16;64,4,16;64,1,16;64,2,16;64,3,16;64,4,16;64,1,16;64,2,16;64,3,16;64,4,16;64,1,16;64,2,16;64,3,16;64,4,16;64,1,16;64,2,16;64,3,16;64,4,16;64,1,16;64,2,16;64,3,16;64,4,16;64,1,16;64,2,16;64,3,16;64,4,16;64,1,16;64,2,16;64,3,16;64,4,16;64,1,16;64,2,16;64,3,16;64,4,16;64,1,16;64,2,16;64,3,16;64,4,16;64,1,16;64,2,16;64,3,16;64,4,16;64,1,16;64,2,16;64,3,16;64,4,16;64,1,16;64,2,16;64,3,16;64,4,16""",FLOAT16;FLOAT16;FLOAT16;FLOAT16;FLOAT16;FLOAT16;FLOAT16;FLOAT16;FLOAT16;FLOAT16;FLOAT16;FLOAT16;FLOAT16;FLOAT16;FLOAT16;FLOAT16;FLOAT16;FLOAT16;FLOAT16;FLOAT16;FLOAT16;FLOAT16;FLOAT16;FLOAT16;FLOAT16;FLOAT16;FLOAT16;FLOAT16;FLOAT16;FLOAT16;FLOAT16;FLOAT16;FLOAT16;FLOAT16;FLOAT16;FLOAT16;FLOAT16;FLOAT16;FLOAT16;FLOAT16;FLOAT16;FLOAT16;FLOAT16;FLOAT16;FLOAT16;FLOAT16;FLOAT16;FLOAT16;FLOAT16;FLOAT16;FLOAT16;FLOAT16;FLOAT16;FLOAT16;FLOAT16;FLOAT16;FLOAT16;FLOAT16;FLOAT16;FLOAT16;FLOAT16;FLOAT16;FLOAT16;FLOAT16,ND;ND;ND;ND;ND;ND;ND;ND;ND;ND;ND;ND;ND;ND;ND;ND;ND;ND;ND;ND;ND;ND;ND;ND;ND;ND;ND;ND;ND;ND;ND;ND;ND;ND;ND;ND;ND;ND;ND;ND;ND;ND;ND;ND;ND;ND;ND;ND;ND;ND;ND;ND;ND;ND;ND;ND;ND;ND;ND;ND;ND;ND;ND;ND,"""64,160,16""",FLOAT16,ND,N/A,0.0,0,0.0,0.0,0.0,0.0,0.0,0.0,0.0,0.0,0.0,0.0,0.0,8.644,570481,0.017,0.002,4.526,0.524,3.817,0.442,1.084,0.125,0.0,0.000
0,4294967295,266,47,aclnnMul_MulAiCore_Mul,Mul,dynamic,AI_VECTOR_CORE,1785698519203114.948	,327.327,0.160000,40,0,NO,"""4096,4096;4096,4096""",FLOAT;FLOAT,ND;ND,"""4096,4096""",FLOAT,ND,N/A,0.0,0,0.0,0.0,0.0,0.0,0.0,0.0,0.0,0.0,0.0,0.0,0.0,325.613,21490439,6.784,0.021,3.019,0.009,324.059,0.995,108.261,0.332,0.0,0.000
0,4294967295,267,47,Concat,Concat,dynamic,AI_VECTOR_CORE,1785698519203442.295	,12.020,0.000000,40,0,NO,"""64,1,16;64,2,16;64,3,16;64,4,16;64,1,16;64,2,16;64,3,16;64,4,16;64,1,16;64,2,16;64,3,16;64,4,16;64,1,16;64,2,16;64,3,16;64,4,16;64,1,16;64,2,16;64,3,16;64,4,16;64,1,16;64,2,16;64,3,16;64,4,16;64,1,16;64,2,16;64,3,16;64,4,16;64,1,16;64,2,16;64,3,16;64,4,16;64,1,16;64,2,16;64,3,16;64,4,16;64,1,16;64,2,16;64,3,16;64,4,16;64,1,16;64,2,16;64,3,16;64,4,16;64,1,16;64,2,16;64,3,16;64,4,16;64,1,16;64,2,16;64,3,16;64,4,16;64,1,16;64,2,16;64,3,16;64,4,16;64,1,16;64,2,16;64,3,16;64,4,16;64,1,16;64,2,16;64,3,16;64,4,16""",FLOAT16;FLOAT16;FLOAT16;FLOAT16;FLOAT16;FLOAT16;FLOAT16;FLOAT16;FLOAT16;FLOAT16;FLOAT16;FLOAT16;FLOAT16;FLOAT16;FLOAT16;FLOAT16;FLOAT16;FLOAT16;FLOAT16;FLOAT16;FLOAT16;FLOAT16;FLOAT16;FLOAT16;FLOAT16;FLOAT16;FLOAT16;FLOAT16;FLOAT16;FLOAT16;FLOAT16;FLOAT16;FLOAT16;FLOAT16;FLOAT16;FLOAT16;FLOAT16;FLOAT16;FLOAT16;FLOAT16;FLOAT16;FLOAT16;FLOAT16;FLOAT16;FLOAT16;FLOAT16;FLOAT16;FLOAT16;FLOAT16;FLOAT16;FLOAT16;FLOAT16;FLOAT16;FLOAT16;FLOAT16;FLOAT16;FLOAT16;FLOAT16;FLOAT16;FLOAT16;FLOAT16;FLOAT16;FLOAT16;FLOAT16,ND;ND;ND;ND;ND;ND;ND;ND;ND;ND;ND;ND;ND;ND;ND;ND;ND;ND;ND;ND;ND;ND;ND;ND;ND;ND;ND;ND;ND;ND;ND;ND;ND;ND;ND;ND;ND;ND;ND;ND;ND;ND;ND;ND;ND;ND;ND;ND;ND;ND;ND;ND;ND;ND;ND;ND;ND;ND;ND;ND;ND;ND;ND;ND,"""64,160,16""",FLOAT16,ND,N/A,0.0,0,0.0,0.0,0.0,0.0,0.0,0.0,0.0,0.0,0.0,0.0,0.0,9.467,624815,0.017,0.002,4.761,0.503,3.922,0.414,1.145,0.121,0.0,0.000
0,4294967295,268,47,aclnnMul_MulAiCore_Mul,Mul,dynamic,AI_VECTOR_CORE,1785698519203454.335	,326.727,0.000000,40,0,NO,"""4096,4096;4096,4096""",FLOAT;FLOAT,ND;ND,"""4096,4096""",FLOAT,ND,N/A,0.0,0,0.0,0.0,0.0,0.0,0.0,0.0,0.0,0.0,0.0,0.0,0.0,324.858,21440598,6.784,0.021,3.13,0.01,323.216,0.995,106.484,0.328,0.0,0.000
0,4294967295,269,47,Concat,Concat,dynamic,AI_VECTOR_CORE,1785698519203781.082	,9.760,0.023000,40,0,NO,"""64,1,16;64,2,16;64,3,16;64,4,16;64,1,16;64,2,16;64,3,16;64,4,16;64,1,16;64,2,16;64,3,16;64,4,16;64,1,16;64,2,16;64,3,16;64,4,16;64,1,16;64,2,16;64,3,16;64,4,16;64,1,16;64,2,16;64,3,16;64,4,16;64,1,16;64,2,16;64,3,16;64,4,16;64,1,16;64,2,16;64,3,16;64,4,16;64,1,16;64,2,16;64,3,16;64,4,16;64,1,16;64,2,16;64,3,16;64,4,16;64,1,16;64,2,16;64,3,16;64,4,16;64,1,16;64,2,16;64,3,16;64,4,16;64,1,16;64,2,16;64,3,16;64,4,16;64,1,16;64,2,16;64,3,16;64,4,16;64,1,16;64,2,16;64,3,16;64,4,16;64,1,16;64,2,16;64,3,16;64,4,16""",FLOAT16;FLOAT16;FLOAT16;FLOAT16;FLOAT16;FLOAT16;FLOAT16;FLOAT16;FLOAT16;FLOAT16;FLOAT16;FLOAT16;FLOAT16;FLOAT16;FLOAT16;FLOAT16;FLOAT16;FLOAT16;FLOAT16;FLOAT16;FLOAT16;FLOAT16;FLOAT16;FLOAT16;FLOAT16;FLOAT16;FLOAT16;FLOAT16;FLOAT16;FLOAT16;FLOAT16;FLOAT16;FLOAT16;FLOAT16;FLOAT16;FLOAT16;FLOAT16;FLOAT16;FLOAT16;FLOAT16;FLOAT16;FLOAT16;FLOAT16;FLOAT16;FLOAT16;FLOAT16;FLOAT16;FLOAT16;FLOAT16;FLOAT16;FLOAT16;FLOAT16;FLOAT16;FLOAT16;FLOAT16;FLOAT16;FLOAT16;FLOAT16;FLOAT16;FLOAT16;FLOAT16;FLOAT16;FLOAT16;FLOAT16,ND;ND;ND;ND;ND;ND;ND;ND;ND;ND;ND;ND;ND;ND;ND;ND;ND;ND;ND;ND;ND;ND;ND;ND;ND;ND;ND;ND;ND;ND;ND;ND;ND;ND;ND;ND;ND;ND;ND;ND;ND;ND;ND;ND;ND;ND;ND;ND;ND;ND;ND;ND;ND;ND;ND;ND;ND;ND;ND;ND;ND;ND;ND;ND,"""64,160,16""",FLOAT16,ND,N/A,0.0,0,0.0,0.0,0.0,0.0,0.0,0.0,0.0,0.0,0.0,0.0,0.0,7.261,479204,0.017,0.002,3.987,0.549,2.706,0.373,1.024,0.141,0.0,0.000
0,4294967295,270,47,aclnnMul_MulAiCore_Mul,Mul,dynamic,AI_VECTOR_CORE,1785698519203790.862	,327.966,0.000000,40,0,NO,"""4096,4096;4096,4096""",FLOAT;FLOAT,ND;ND,"""4096,4096""",FLOAT,ND,N/A,0.0,0,0.0,0.0,0.0,0.0,0.0,0.0,0.0,0.0,0.0,0.0,0.0,325.514,21483941,6.784,0.021,3.053,0.009,323.913,0.995,109.279,0.336,0.0,0.000
0,4294967295,271,47,Concat,Concat,dynamic,AI_VECTOR_CORE,1785698519204118.868	,9.461,0.034000,40,0,NO,"""64,1,16;64,2,16;64,3,16;64,4,16;64,1,16;64,2,16;64,3,16;64,4,16;64,1,16;64,2,16;64,3,16;64,4,16;64,1,16;64,2,16;64,3,16;64,4,16;64,1,16;64,2,16;64,3,16;64,4,16;64,1,16;64,2,16;64,3,16;64,4,16;64,1,16;64,2,16;64,3,16;64,4,16;64,1,16;64,2,16;64,3,16;64,4,16;64,1,16;64,2,16;64,3,16;64,4,16;64,1,16;64,2,16;64,3,16;64,4,16;64,1,16;64,2,16;64,3,16;64,4,16;64,1,16;64,2,16;64,3,16;64,4,16;64,1,16;64,2,16;64,3,16;64,4,16;64,1,16;64,2,16;64,3,16;64,4,16;64,1,16;64,2,16;64,3,16;64,4,16;64,1,16;64,2,16;64,3,16;64,4,16""",FLOAT16;FLOAT16;FLOAT16;FLOAT16;FLOAT16;FLOAT16;FLOAT16;FLOAT16;FLOAT16;FLOAT16;FLOAT16;FLOAT16;FLOAT16;FLOAT16;FLOAT16;FLOAT16;FLOAT16;FLOAT16;FLOAT16;FLOAT16;FLOAT16;FLOAT16;FLOAT16;FLOAT16;FLOAT16;FLOAT16;FLOAT16;FLOAT16;FLOAT16;FLOAT16;FLOAT16;FLOAT16;FLOAT16;FLOAT16;FLOAT16;FLOAT16;FLOAT16;FLOAT16;FLOAT16;FLOAT16;FLOAT16;FLOAT16;FLOAT16;FLOAT16;FLOAT16;FLOAT16;FLOAT16;FLOAT16;FLOAT16;FLOAT16;FLOAT16;FLOAT16;FLOAT16;FLOAT16;FLOAT16;FLOAT16;FLOAT16;FLOAT16;FLOAT16;FLOAT16;FLOAT16;FLOAT16;FLOAT16;FLOAT16,ND;ND;ND;ND;ND;ND;ND;ND;ND;ND;ND;ND;ND;ND;ND;ND;ND;ND;ND;ND;ND;ND;ND;ND;ND;ND;ND;ND;ND;ND;ND;ND;ND;ND;ND;ND;ND;ND;ND;ND;ND;ND;ND;ND;ND;ND;ND;ND;ND;ND;ND;ND;ND;ND;ND;ND;ND;ND;ND;ND;ND;ND;ND;ND,"""64,160,16""",FLOAT16,ND,N/A,0.0,0,0.0,0.0,0.0,0.0,0.0,0.0,0.0,0.0,0.0,0.0,0.0,7.216,476246,0.017,0.002,3.56,0.493,2.91,0.403,1.053,0.146,0.0,0.000
0,4294967295,272,47,aclnnMul_MulAiCore_Mul,Mul,dynamic,AI_VECTOR_CORE,1785698519204128.349	,326.666,0.039000,40,0,NO,"""4096,4096;4096,4096""",FLOAT;FLOAT,ND;ND,"""4096,4096""",FLOAT,ND,N/A,0.0,0,0.0,0.0,0.0,0.0,0.0,0.0,0.0,0.0,0.0,0.0,0.0,324.459,21414302,6.784,0.021,2.966,0.009,322.939,0.995,109.451,0.337,0.0,0.000
0,4294967295,273,47,Concat,Concat,dynamic,AI_VECTOR_CORE,1785698519204455.035	,11.840,0.084000,40,0,NO,"""64,1,16;64,2,16;64,3,16;64,4,16;64,1,16;64,2,16;64,3,16;64,4,16;64,1,16;64,2,16;64,3,16;64,4,16;64,1,16;64,2,16;64,3,16;64,4,16;64,1,16;64,2,16;64,3,16;64,4,16;64,1,16;64,2,16;64,3,16;64,4,16;64,1,16;64,2,16;64,3,16;64,4,16;64,1,16;64,2,16;64,3,16;64,4,16;64,1,16;64,2,16;64,3,16;64,4,16;64,1,16;64,2,16;64,3,16;64,4,16;64,1,16;64,2,16;64,3,16;64,4,16;64,1,16;64,2,16;64,3,16;64,4,16;64,1,16;64,2,16;64,3,16;64,4,16;64,1,16;64,2,16;64,3,16;64,4,16;64,1,16;64,2,16;64,3,16;64,4,16;64,1,16;64,2,16;64,3,16;64,4,16""",FLOAT16;FLOAT16;FLOAT16;FLOAT16;FLOAT16;FLOAT16;FLOAT16;FLOAT16;FLOAT16;FLOAT16;FLOAT16;FLOAT16;FLOAT16;FLOAT16;FLOAT16;FLOAT16;FLOAT16;FLOAT16;FLOAT16;FLOAT16;FLOAT16;FLOAT16;FLOAT16;FLOAT16;FLOAT16;FLOAT16;FLOAT16;FLOAT16;FLOAT16;FLOAT16;FLOAT16;FLOAT16;FLOAT16;FLOAT16;FLOAT16;FLOAT16;FLOAT16;FLOAT16;FLOAT16;FLOAT16;FLOAT16;FLOAT16;FLOAT16;FLOAT16;FLOAT16;FLOAT16;FLOAT16;FLOAT16;FLOAT16;FLOAT16;FLOAT16;FLOAT16;FLOAT16;FLOAT16;FLOAT16;FLOAT16;FLOAT16;FLOAT16;FLOAT16;FLOAT16;FLOAT16;FLOAT16;FLOAT16;FLOAT16,ND;ND;ND;ND;ND;ND;ND;ND;ND;ND;ND;ND;ND;ND;ND;ND;ND;ND;ND;ND;ND;ND;ND;ND;ND;ND;ND;ND;ND;ND;ND;ND;ND;ND;ND;ND;ND;ND;ND;ND;ND;ND;ND;ND;ND;ND;ND;ND;ND;ND;ND;ND;ND;ND;ND;ND;ND;ND;ND;ND;ND;ND;ND;ND,"""64,160,16""",FLOAT16,ND,N/A,0.0,0,0.0,0.0,0.0,0.0,0.0,0.0,0.0,0.0,0.0,0.0,0.0,8.924,588991,0.017,0.002,3.873,0.434,4.371,0.49,1.199,0.134,0.0,0.000
0,4294967295,274,47,aclnnMul_MulAiCore_Mul,Mul,dynamic,AI_VECTOR_CORE,1785698519204466.895	,327.207,0.160000,40,0,NO,"""4096,4096;4096,4096""",FLOAT;FLOAT,ND;ND,"""4096,4096""",FLOAT,ND,N/A,0.0,0,0.0,0.0,0.0,0.0,0.0,0.0,0.0,0.0,0.0,0.0,0.0,325.353,21473327,6.784,0.021,3.155,0.01,323.646,0.995,109.607,0.337,0.0,0.000
0,4294967295,275,47,Concat,Concat,dynamic,AI_VECTOR_CORE,1785698519204794.122	,11.940,0.000000,40,0,NO,"""64,1,16;64,2,16;64,3,16;64,4,16;64,1,16;64,2,16;64,3,16;64,4,16;64,1,16;64,2,16;64,3,16;64,4,16;64,1,16;64,2,16;64,3,16;64,4,16;64,1,16;64,2,16;64,3,16;64,4,16;64,1,16;64,2,16;64,3,16;64,4,16;64,1,16;64,2,16;64,3,16;64,4,16;64,1,16;64,2,16;64,3,16;64,4,16;64,1,16;64,2,16;64,3,16;64,4,16;64,1,16;64,2,16;64,3,16;64,4,16;64,1,16;64,2,16;64,3,16;64,4,16;64,1,16;64,2,16;64,3,16;64,4,16;64,1,16;64,2,16;64,3,16;64,4,16;64,1,16;64,2,16;64,3,16;64,4,16;64,1,16;64,2,16;64,3,16;64,4,16;64,1,16;64,2,16;64,3,16;64,4,16""",FLOAT16;FLOAT16;FLOAT16;FLOAT16;FLOAT16;FLOAT16;FLOAT16;FLOAT16;FLOAT16;FLOAT16;FLOAT16;FLOAT16;FLOAT16;FLOAT16;FLOAT16;FLOAT16;FLOAT16;FLOAT16;FLOAT16;FLOAT16;FLOAT16;FLOAT16;FLOAT16;FLOAT16;FLOAT16;FLOAT16;FLOAT16;FLOAT16;FLOAT16;FLOAT16;FLOAT16;FLOAT16;FLOAT16;FLOAT16;FLOAT16;FLOAT16;FLOAT16;FLOAT16;FLOAT16;FLOAT16;FLOAT16;FLOAT16;FLOAT16;FLOAT16;FLOAT16;FLOAT16;FLOAT16;FLOAT16;FLOAT16;FLOAT16;FLOAT16;FLOAT16;FLOAT16;FLOAT16;FLOAT16;FLOAT16;FLOAT16;FLOAT16;FLOAT16;FLOAT16;FLOAT16;FLOAT16;FLOAT16;FLOAT16,ND;ND;ND;ND;ND;ND;ND;ND;ND;ND;ND;ND;ND;ND;ND;ND;ND;ND;ND;ND;ND;ND;ND;ND;ND;ND;ND;ND;ND;ND;ND;ND;ND;ND;ND;ND;ND;ND;ND;ND;ND;ND;ND;ND;ND;ND;ND;ND;ND;ND;ND;ND;ND;ND;ND;ND;ND;ND;ND;ND;ND;ND;ND;ND,"""64,160,16""",FLOAT16,ND,N/A,0.0,0,0.0,0.0,0.0,0.0,0.0,0.0,0.0,0.0,0.0,0.0,0.0,8.919,588647,0.017,0.002,3.8,0.426,4.25,0.477,1.181,0.132,0.0,0.000
0,4294967295,276,47,aclnnMul_MulAiCore_Mul,Mul,dynamic,AI_VECTOR_CORE,1785698519204806.082	,327.767,0.060000,40,0,NO,"""4096,4096;4096,4096""",FLOAT;FLOAT,ND;ND,"""4096,4096""",FLOAT,ND,N/A,0.0,0,0.0,0.0,0.0,0.0,0.0,0.0,0.0,0.0,0.0,0.0,0.0,325.4,21476396,6.784,0.021,2.95,0.009,323.927,0.995,110.082,0.338,0.0,0.000
0,4294967295,277,47,Concat,Concat,dynamic,AI_VECTOR_CORE,1785698519205133.869	,10.920,0.000000,40,0,NO,"""64,1,16;64,2,16;64,3,16;64,4,16;64,1,16;64,2,16;64,3,16;64,4,16;64,1,16;64,2,16;64,3,16;64,4,16;64,1,16;64,2,16;64,3,16;64,4,16;64,1,16;64,2,16;64,3,16;64,4,16;64,1,16;64,2,16;64,3,16;64,4,16;64,1,16;64,2,16;64,3,16;64,4,16;64,1,16;64,2,16;64,3,16;64,4,16;64,1,16;64,2,16;64,3,16;64,4,16;64,1,16;64,2,16;64,3,16;64,4,16;64,1,16;64,2,16;64,3,16;64,4,16;64,1,16;64,2,16;64,3,16;64,4,16;64,1,16;64,2,16;64,3,16;64,4,16;64,1,16;64,2,16;64,3,16;64,4,16;64,1,16;64,2,16;64,3,16;64,4,16;64,1,16;64,2,16;64,3,16;64,4,16""",FLOAT16;FLOAT16;FLOAT16;FLOAT16;FLOAT16;FLOAT16;FLOAT16;FLOAT16;FLOAT16;FLOAT16;FLOAT16;FLOAT16;FLOAT16;FLOAT16;FLOAT16;FLOAT16;FLOAT16;FLOAT16;FLOAT16;FLOAT16;FLOAT16;FLOAT16;FLOAT16;FLOAT16;FLOAT16;FLOAT16;FLOAT16;FLOAT16;FLOAT16;FLOAT16;FLOAT16;FLOAT16;FLOAT16;FLOAT16;FLOAT16;FLOAT16;FLOAT16;FLOAT16;FLOAT16;FLOAT16;FLOAT16;FLOAT16;FLOAT16;FLOAT16;FLOAT16;FLOAT16;FLOAT16;FLOAT16;FLOAT16;FLOAT16;FLOAT16;FLOAT16;FLOAT16;FLOAT16;FLOAT16;FLOAT16;FLOAT16;FLOAT16;FLOAT16;FLOAT16;FLOAT16;FLOAT16;FLOAT16;FLOAT16,ND;ND;ND;ND;ND;ND;ND;ND;ND;ND;ND;ND;ND;ND;ND;ND;ND;ND;ND;ND;ND;ND;ND;ND;ND;ND;ND;ND;ND;ND;ND;ND;ND;ND;ND;ND;ND;ND;ND;ND;ND;ND;ND;ND;ND;ND;ND;ND;ND;ND;ND;ND;ND;ND;ND;ND;ND;ND;ND;ND;ND;ND;ND;ND,"""64,160,16""",FLOAT16,ND,N/A,0.0,0,0.0,0.0,0.0,0.0,0.0,0.0,0.0,0.0,0.0,0.0,0.0,7.971,526092,0.017,0.002,3.877,0.486,3.517,0.441,0.994,0.125,0.0,0.000
0,4294967295,278,47,aclnnMul_MulAiCore_Mul,Mul,dynamic,AI_VECTOR_CORE,1785698519205144.809	,326.626,0.080000,40,0,NO,"""4096,4096;4096,4096""",FLOAT;FLOAT,ND;ND,"""4096,4096""",FLOAT,ND,N/A,0.0,0,0.0,0.0,0.0,0.0,0.0,0.0,0.0,0.0,0.0,0.0,0.0,324.694,21429826,6.784,0.021,3.054,0.009,323.08,0.995,107.904,0.332,0.0,0.000
0,4294967295,279,47,Concat,Concat,dynamic,AI_VECTOR_CORE,1785698519205471.455	,10.301,0.124000,40,0,NO,"""64,1,16;64,2,16;64,3,16;64,4,16;64,1,16;64,2,16;64,3,16;64,4,16;64,1,16;64,2,16;64,3,16;64,4,16;64,1,16;64,2,16;64,3,16;64,4,16;64,1,16;64,2,16;64,3,16;64,4,16;64,1,16;64,2,16;64,3,16;64,4,16;64,1,16;64,2,16;64,3,16;64,4,16;64,1,16;64,2,16;64,3,16;64,4,16;64,1,16;64,2,16;64,3,16;64,4,16;64,1,16;64,2,16;64,3,16;64,4,16;64,1,16;64,2,16;64,3,16;64,4,16;64,1,16;64,2,16;64,3,16;64,4,16;64,1,16;64,2,16;64,3,16;64,4,16;64,1,16;64,2,16;64,3,16;64,4,16;64,1,16;64,2,16;64,3,16;64,4,16;64,1,16;64,2,16;64,3,16;64,4,16""",FLOAT16;FLOAT16;FLOAT16;FLOAT16;FLOAT16;FLOAT16;FLOAT16;FLOAT16;FLOAT16;FLOAT16;FLOAT16;FLOAT16;FLOAT16;FLOAT16;FLOAT16;FLOAT16;FLOAT16;FLOAT16;FLOAT16;FLOAT16;FLOAT16;FLOAT16;FLOAT16;FLOAT16;FLOAT16;FLOAT16;FLOAT16;FLOAT16;FLOAT16;FLOAT16;FLOAT16;FLOAT16;FLOAT16;FLOAT16;FLOAT16;FLOAT16;FLOAT16;FLOAT16;FLOAT16;FLOAT16;FLOAT16;FLOAT16;FLOAT16;FLOAT16;FLOAT16;FLOAT16;FLOAT16;FLOAT16;FLOAT16;FLOAT16;FLOAT16;FLOAT16;FLOAT16;FLOAT16;FLOAT16;FLOAT16;FLOAT16;FLOAT16;FLOAT16;FLOAT16;FLOAT16;FLOAT16;FLOAT16;FLOAT16,ND;ND;ND;ND;ND;ND;ND;ND;ND;ND;ND;ND;ND;ND;ND;ND;ND;ND;ND;ND;ND;ND;ND;ND;ND;ND;ND;ND;ND;ND;ND;ND;ND;ND;ND;ND;ND;ND;ND;ND;ND;ND;ND;ND;ND;ND;ND;ND;ND;ND;ND;ND;ND;ND;ND;ND;ND;ND;ND;ND;ND;ND;ND;ND,"""64,160,16""",FLOAT16,ND,N/A,0.0,0,0.0,0.0,0.0,0.0,0.0,0.0,0.0,0.0,0.0,0.0,0.0,7.867,519245,0.017,0.002,3.742,0.476,3.531,0.449,0.964,0.123,0.0,0.000
0,4294967295,280,47,aclnnMul_MulAiCore_Mul,Mul,dynamic,AI_VECTOR_CORE,1785698519205481.776	,326.906,0.000000,40,0,NO,"""4096,4096;4096,4096""",FLOAT;FLOAT,ND;ND,"""4096,4096""",FLOAT,ND,N/A,0.0,0,0.0,0.0,0.0,0.0,0.0,0.0,0.0,0.0,0.0,0.0,0.0,324.72,21431518,6.784,0.021,2.987,0.009,323.199,0.995,108.143,0.333,0.0,0.000
0,4294967295,281,47,Concat,Concat,dynamic,AI_VECTOR_CORE,1785698519205808.722	,11.080,0.094000,40,0,NO,"""64,1,16;64,2,16;64,3,16;64,4,16;64,1,16;64,2,16;64,3,16;64,4,16;64,1,16;64,2,16;64,3,16;64,4,16;64,1,16;64,2,16;64,3,16;64,4,16;64,1,16;64,2,16;64,3,16;64,4,16;64,1,16;64,2,16;64,3,16;64,4,16;64,1,16;64,2,16;64,3,16;64,4,16;64,1,16;64,2,16;64,3,16;64,4,16;64,1,16;64,2,16;64,3,16;64,4,16;64,1,16;64,2,16;64,3,16;64,4,16;64,1,16;64,2,16;64,3,16;64,4,16;64,1,16;64,2,16;64,3,16;64,4,16;64,1,16;64,2,16;64,3,16;64,4,16;64,1,16;64,2,16;64,3,16;64,4,16;64,1,16;64,2,16;64,3,16;64,4,16;64,1,16;64,2,16;64,3,16;64,4,16""",FLOAT16;FLOAT16;FLOAT16;FLOAT16;FLOAT16;FLOAT16;FLOAT16;FLOAT16;FLOAT16;FLOAT16;FLOAT16;FLOAT16;FLOAT16;FLOAT16;FLOAT16;FLOAT16;FLOAT16;FLOAT16;FLOAT16;FLOAT16;FLOAT16;FLOAT16;FLOAT16;FLOAT16;FLOAT16;FLOAT16;FLOAT16;FLOAT16;FLOAT16;FLOAT16;FLOAT16;FLOAT16;FLOAT16;FLOAT16;FLOAT16;FLOAT16;FLOAT16;FLOAT16;FLOAT16;FLOAT16;FLOAT16;FLOAT16;FLOAT16;FLOAT16;FLOAT16;FLOAT16;FLOAT16;FLOAT16;FLOAT16;FLOAT16;FLOAT16;FLOAT16;FLOAT16;FLOAT16;FLOAT16;FLOAT16;FLOAT16;FLOAT16;FLOAT16;FLOAT16;FLOAT16;FLOAT16;FLOAT16;FLOAT16,ND;ND;ND;ND;ND;ND;ND;ND;ND;ND;ND;ND;ND;ND;ND;ND;ND;ND;ND;ND;ND;ND;ND;ND;ND;ND;ND;ND;ND;ND;ND;ND;ND;ND;ND;ND;ND;ND;ND;ND;ND;ND;ND;ND;ND;ND;ND;ND;ND;ND;ND;ND;ND;ND;ND;ND;ND;ND;ND;ND;ND;ND;ND;ND,"""64,160,16""",FLOAT16,ND,N/A,0.0,0,0.0,0.0,0.0,0.0,0.0,0.0,0.0,0.0,0.0,0.0,0.0,8.819,582043,0.017,0.002,4.412,0.5,3.7,0.42,1.163,0.132,0.0,0.000
0,4294967295,282,47,aclnnMul_MulAiCore_Mul,Mul,dynamic,AI_VECTOR_CORE,1785698519205819.842	,327.847,0.000000,40,0,NO,"""4096,4096;4096,4096""",FLOAT;FLOAT,ND;ND,"""4096,4096""",FLOAT,ND,N/A,0.0,0,0.0,0.0,0.0,0.0,0.0,0.0,0.0,0.0,0.0,0.0,0.0,326.147,21525694,6.784,0.021,3.143,0.01,324.492,0.995,108.295,0.332,0.0,0.000
0,4294967295,283,47,Concat,Concat,dynamic,AI_VECTOR_CORE,1785698519206147.709	,11.420,0.153000,40,0,NO,"""64,1,16;64,2,16;64,3,16;64,4,16;64,1,16;64,2,16;64,3,16;64,4,16;64,1,16;64,2,16;64,3,16;64,4,16;64,1,16;64,2,16;64,3,16;64,4,16;64,1,16;64,2,16;64,3,16;64,4,16;64,1,16;64,2,16;64,3,16;64,4,16;64,1,16;64,2,16;64,3,16;64,4,16;64,1,16;64,2,16;64,3,16;64,4,16;64,1,16;64,2,16;64,3,16;64,4,16;64,1,16;64,2,16;64,3,16;64,4,16;64,1,16;64,2,16;64,3,16;64,4,16;64,1,16;64,2,16;64,3,16;64,4,16;64,1,16;64,2,16;64,3,16;64,4,16;64,1,16;64,2,16;64,3,16;64,4,16;64,1,16;64,2,16;64,3,16;64,4,16;64,1,16;64,2,16;64,3,16;64,4,16""",FLOAT16;FLOAT16;FLOAT16;FLOAT16;FLOAT16;FLOAT16;FLOAT16;FLOAT16;FLOAT16;FLOAT16;FLOAT16;FLOAT16;FLOAT16;FLOAT16;FLOAT16;FLOAT16;FLOAT16;FLOAT16;FLOAT16;FLOAT16;FLOAT16;FLOAT16;FLOAT16;FLOAT16;FLOAT16;FLOAT16;FLOAT16;FLOAT16;FLOAT16;FLOAT16;FLOAT16;FLOAT16;FLOAT16;FLOAT16;FLOAT16;FLOAT16;FLOAT16;FLOAT16;FLOAT16;FLOAT16;FLOAT16;FLOAT16;FLOAT16;FLOAT16;FLOAT16;FLOAT16;FLOAT16;FLOAT16;FLOAT16;FLOAT16;FLOAT16;FLOAT16;FLOAT16;FLOAT16;FLOAT16;FLOAT16;FLOAT16;FLOAT16;FLOAT16;FLOAT16;FLOAT16;FLOAT16;FLOAT16;FLOAT16,ND;ND;ND;ND;ND;ND;ND;ND;ND;ND;ND;ND;ND;ND;ND;ND;ND;ND;ND;ND;ND;ND;ND;ND;ND;ND;ND;ND;ND;ND;ND;ND;ND;ND;ND;ND;ND;ND;ND;ND;ND;ND;ND;ND;ND;ND;ND;ND;ND;ND;ND;ND;ND;ND;ND;ND;ND;ND;ND;ND;ND;ND;ND;ND,"""64,160,16""",FLOAT16,ND,N/A,0.0,0,0.0,0.0,0.0,0.0,0.0,0.0,0.0,0.0,0.0,0.0,0.0,9.275,612129,0.017,0.002,5.134,0.554,3.773,0.407,1.169,0.126,0.0,0.000
0,4294967295,284,47,aclnnMul_MulAiCore_Mul,Mul,dynamic,AI_VECTOR_CORE,1785698519206159.149	,326.947,0.080000,40,0,NO,"""4096,4096;4096,4096""",FLOAT;FLOAT,ND;ND,"""4096,4096""",FLOAT,ND,N/A,0.0,0,0.0,0.0,0.0,0.0,0.0,0.0,0.0,0.0,0.0,0.0,0.0,324.782,21435607,6.784,0.021,3.054,0.009,323.195,0.995,109.085,0.336,0.0,0.000
0,4294967295,285,47,Concat,Concat,dynamic,AI_VECTOR_CORE,1785698519206486.116	,9.620,0.000000,40,0,NO,"""64,1,16;64,2,16;64,3,16;64,4,16;64,1,16;64,2,16;64,3,16;64,4,16;64,1,16;64,2,16;64,3,16;64,4,16;64,1,16;64,2,16;64,3,16;64,4,16;64,1,16;64,2,16;64,3,16;64,4,16;64,1,16;64,2,16;64,3,16;64,4,16;64,1,16;64,2,16;64,3,16;64,4,16;64,1,16;64,2,16;64,3,16;64,4,16;64,1,16;64,2,16;64,3,16;64,4,16;64,1,16;64,2,16;64,3,16;64,4,16;64,1,16;64,2,16;64,3,16;64,4,16;64,1,16;64,2,16;64,3,16;64,4,16;64,1,16;64,2,16;64,3,16;64,4,16;64,1,16;64,2,16;64,3,16;64,4,16;64,1,16;64,2,16;64,3,16;64,4,16;64,1,16;64,2,16;64,3,16;64,4,16""",FLOAT16;FLOAT16;FLOAT16;FLOAT16;FLOAT16;FLOAT16;FLOAT16;FLOAT16;FLOAT16;FLOAT16;FLOAT16;FLOAT16;FLOAT16;FLOAT16;FLOAT16;FLOAT16;FLOAT16;FLOAT16;FLOAT16;FLOAT16;FLOAT16;FLOAT16;FLOAT16;FLOAT16;FLOAT16;FLOAT16;FLOAT16;FLOAT16;FLOAT16;FLOAT16;FLOAT16;FLOAT16;FLOAT16;FLOAT16;FLOAT16;FLOAT16;FLOAT16;FLOAT16;FLOAT16;FLOAT16;FLOAT16;FLOAT16;FLOAT16;FLOAT16;FLOAT16;FLOAT16;FLOAT16;FLOAT16;FLOAT16;FLOAT16;FLOAT16;FLOAT16;FLOAT16;FLOAT16;FLOAT16;FLOAT16;FLOAT16;FLOAT16;FLOAT16;FLOAT16;FLOAT16;FLOAT16;FLOAT16;FLOAT16,ND;ND;ND;ND;ND;ND;ND;ND;ND;ND;ND;ND;ND;ND;ND;ND;ND;ND;ND;ND;ND;ND;ND;ND;ND;ND;ND;ND;ND;ND;ND;ND;ND;ND;ND;ND;ND;ND;ND;ND;ND;ND;ND;ND;ND;ND;ND;ND;ND;ND;ND;ND;ND;ND;ND;ND;ND;ND;ND;ND;ND;ND;ND;ND,"""64,160,16""",FLOAT16,ND,N/A,0.0,0,0.0,0.0,0.0,0.0,0.0,0.0,0.0,0.0,0.0,0.0,0.0,7.233,477351,0.017,0.002,3.64,0.503,2.81,0.388,1.086,0.15,0.0,0.000
0,4294967295,286,47,aclnnMul_MulAiCore_Mul,Mul,dynamic,AI_VECTOR_CORE,1785698519206495.756	,327.006,0.130000,40,0,NO,"""4096,4096;4096,4096""",FLOAT;FLOAT,ND;ND,"""4096,4096""",FLOAT,ND,N/A,0.0,0,0.0,0.0,0.0,0.0,0.0,0.0,0.0,0.0,0.0,0.0,0.0,324.886,21442460,6.784,0.021,3.12,0.01,323.246,0.995,108.405,0.334,0.0,0.000
0,4294967295,287,47,Concat,Concat,dynamic,AI_VECTOR_CORE,1785698519206822.782	,8.901,0.000000,40,0,NO,"""64,1,16;64,2,16;64,3,16;64,4,16;64,1,16;64,2,16;64,3,16;64,4,16;64,1,16;64,2,16;64,3,16;64,4,16;64,1,16;64,2,16;64,3,16;64,4,16;64,1,16;64,2,16;64,3,16;64,4,16;64,1,16;64,2,16;64,3,16;64,4,16;64,1,16;64,2,16;64,3,16;64,4,16;64,1,16;64,2,16;64,3,16;64,4,16;64,1,16;64,2,16;64,3,16;64,4,16;64,1,16;64,2,16;64,3,16;64,4,16;64,1,16;64,2,16;64,3,16;64,4,16;64,1,16;64,2,16;64,3,16;64,4,16;64,1,16;64,2,16;64,3,16;64,4,16;64,1,16;64,2,16;64,3,16;64,4,16;64,1,16;64,2,16;64,3,16;64,4,16;64,1,16;64,2,16;64,3,16;64,4,16""",FLOAT16;FLOAT16;FLOAT16;FLOAT16;FLOAT16;FLOAT16;FLOAT16;FLOAT16;FLOAT16;FLOAT16;FLOAT16;FLOAT16;FLOAT16;FLOAT16;FLOAT16;FLOAT16;FLOAT16;FLOAT16;FLOAT16;FLOAT16;FLOAT16;FLOAT16;FLOAT16;FLOAT16;FLOAT16;FLOAT16;FLOAT16;FLOAT16;FLOAT16;FLOAT16;FLOAT16;FLOAT16;FLOAT16;FLOAT16;FLOAT16;FLOAT16;FLOAT16;FLOAT16;FLOAT16;FLOAT16;FLOAT16;FLOAT16;FLOAT16;FLOAT16;FLOAT16;FLOAT16;FLOAT16;FLOAT16;FLOAT16;FLOAT16;FLOAT16;FLOAT16;FLOAT16;FLOAT16;FLOAT16;FLOAT16;FLOAT16;FLOAT16;FLOAT16;FLOAT16;FLOAT16;FLOAT16;FLOAT16;FLOAT16,ND;ND;ND;ND;ND;ND;ND;ND;ND;ND;ND;ND;ND;ND;ND;ND;ND;ND;ND;ND;ND;ND;ND;ND;ND;ND;ND;ND;ND;ND;ND;ND;ND;ND;ND;ND;ND;ND;ND;ND;ND;ND;ND;ND;ND;ND;ND;ND;ND;ND;ND;ND;ND;ND;ND;ND;ND;ND;ND;ND;ND;ND;ND;ND,"""64,160,16""",FLOAT16,ND,N/A,0.0,0,0.0,0.0,0.0,0.0,0.0,0.0,0.0,0.0,0.0,0.0,0.0,6.831,450826,0.017,0.002,3.571,0.523,2.633,0.386,1.002,0.147,0.0,0.000
0,4294967295,288,47,aclnnMul_MulAiCore_Mul,Mul,dynamic,AI_VECTOR_CORE,1785698519206831.703	,327.646,0.099000,40,0,NO,"""4096,4096;4096,4096""",FLOAT;FLOAT,ND;ND,"""4096,4096""",FLOAT,ND,N/A,0.0,0,0.0,0.0,0.0,0.0,0.0,0.0,0.0,0.0,0.0,0.0,0.0,325.38,21475111,6.784,0.021,2.936,0.009,323.898,0.995,109.122,0.335,0.0,0.000
0,4294967295,289,47,Concat,Concat,dynamic,AI_VECTOR_CORE,1785698519207159.369	,11.860,0.000000,40,0,NO,"""64,1,16;64,2,16;64,3,16;64,4,16;64,1,16;64,2,16;64,3,16;64,4,16;64,1,16;64,2,16;64,3,16;64,4,16;64,1,16;64,2,16;64,3,16;64,4,16;64,1,16;64,2,16;64,3,16;64,4,16;64,1,16;64,2,16;64,3,16;64,4,16;64,1,16;64,2,16;64,3,16;64,4,16;64,1,16;64,2,16;64,3,16;64,4,16;64,1,16;64,2,16;64,3,16;64,4,16;64,1,16;64,2,16;64,3,16;64,4,16;64,1,16;64,2,16;64,3,16;64,4,16;64,1,16;64,2,16;64,3,16;64,4,16;64,1,16;64,2,16;64,3,16;64,4,16;64,1,16;64,2,16;64,3,16;64,4,16;64,1,16;64,2,16;64,3,16;64,4,16;64,1,16;64,2,16;64,3,16;64,4,16""",FLOAT16;FLOAT16;FLOAT16;FLOAT16;FLOAT16;FLOAT16;FLOAT16;FLOAT16;FLOAT16;FLOAT16;FLOAT16;FLOAT16;FLOAT16;FLOAT16;FLOAT16;FLOAT16;FLOAT16;FLOAT16;FLOAT16;FLOAT16;FLOAT16;FLOAT16;FLOAT16;FLOAT16;FLOAT16;FLOAT16;FLOAT16;FLOAT16;FLOAT16;FLOAT16;FLOAT16;FLOAT16;FLOAT16;FLOAT16;FLOAT16;FLOAT16;FLOAT16;FLOAT16;FLOAT16;FLOAT16;FLOAT16;FLOAT16;FLOAT16;FLOAT16;FLOAT16;FLOAT16;FLOAT16;FLOAT16;FLOAT16;FLOAT16;FLOAT16;FLOAT16;FLOAT16;FLOAT16;FLOAT16;FLOAT16;FLOAT16;FLOAT16;FLOAT16;FLOAT16;FLOAT16;FLOAT16;FLOAT16;FLOAT16,ND;ND;ND;ND;ND;ND;ND;ND;ND;ND;ND;ND;ND;ND;ND;ND;ND;ND;ND;ND;ND;ND;ND;ND;ND;ND;ND;ND;ND;ND;ND;ND;ND;ND;ND;ND;ND;ND;ND;ND;ND;ND;ND;ND;ND;ND;ND;ND;ND;ND;ND;ND;ND;ND;ND;ND;ND;ND;ND;ND;ND;ND;ND;ND,"""64,160,16""",FLOAT16,ND,N/A,0.0,0,0.0,0.0,0.0,0.0,0.0,0.0,0.0,0.0,0.0,0.0,0.0,8.633,569754,0.017,0.002,3.798,0.44,4.22,0.489,1.005,0.116,0.0,0.000
0,4294967295,290,47,aclnnMul_MulAiCore_Mul,Mul,dynamic,AI_VECTOR_CORE,1785698519207171.249	,328.087,0.140000,40,0,NO,"""4096,4096;4096,4096""",FLOAT;FLOAT,ND;ND,"""4096,4096""",FLOAT,ND,N/A,0.0,0,0.0,0.0,0.0,0.0,0.0,0.0,0.0,0.0,0.0,0.0,0.0,325.488,21482194,6.784,0.021,3.027,0.009,323.925,0.995,110.406,0.339,0.0,0.000
0,4294967295,291,47,Concat,Concat,dynamic,AI_VECTOR_CORE,1785698519207499.356	,12.200,0.000000,40,0,NO,"""64,1,16;64,2,16;64,3,16;64,4,16;64,1,16;64,2,16;64,3,16;64,4,16;64,1,16;64,2,16;64,3,16;64,4,16;64,1,16;64,2,16;64,3,16;64,4,16;64,1,16;64,2,16;64,3,16;64,4,16;64,1,16;64,2,16;64,3,16;64,4,16;64,1,16;64,2,16;64,3,16;64,4,16;64,1,16;64,2,16;64,3,16;64,4,16;64,1,16;64,2,16;64,3,16;64,4,16;64,1,16;64,2,16;64,3,16;64,4,16;64,1,16;64,2,16;64,3,16;64,4,16;64,1,16;64,2,16;64,3,16;64,4,16;64,1,16;64,2,16;64,3,16;64,4,16;64,1,16;64,2,16;64,3,16;64,4,16;64,1,16;64,2,16;64,3,16;64,4,16;64,1,16;64,2,16;64,3,16;64,4,16""",FLOAT16;FLOAT16;FLOAT16;FLOAT16;FLOAT16;FLOAT16;FLOAT16;FLOAT16;FLOAT16;FLOAT16;FLOAT16;FLOAT16;FLOAT16;FLOAT16;FLOAT16;FLOAT16;FLOAT16;FLOAT16;FLOAT16;FLOAT16;FLOAT16;FLOAT16;FLOAT16;FLOAT16;FLOAT16;FLOAT16;FLOAT16;FLOAT16;FLOAT16;FLOAT16;FLOAT16;FLOAT16;FLOAT16;FLOAT16;FLOAT16;FLOAT16;FLOAT16;FLOAT16;FLOAT16;FLOAT16;FLOAT16;FLOAT16;FLOAT16;FLOAT16;FLOAT16;FLOAT16;FLOAT16;FLOAT16;FLOAT16;FLOAT16;FLOAT16;FLOAT16;FLOAT16;FLOAT16;FLOAT16;FLOAT16;FLOAT16;FLOAT16;FLOAT16;FLOAT16;FLOAT16;FLOAT16;FLOAT16;FLOAT16,ND;ND;ND;ND;ND;ND;ND;ND;ND;ND;ND;ND;ND;ND;ND;ND;ND;ND;ND;ND;ND;ND;ND;ND;ND;ND;ND;ND;ND;ND;ND;ND;ND;ND;ND;ND;ND;ND;ND;ND;ND;ND;ND;ND;ND;ND;ND;ND;ND;ND;ND;ND;ND;ND;ND;ND;ND;ND;ND;ND;ND;ND;ND;ND,"""64,160,16""",FLOAT16,ND,N/A,0.0,0,0.0,0.0,0.0,0.0,0.0,0.0,0.0,0.0,0.0,0.0,0.0,9.284,612762,0.017,0.002,4.117,0.443,4.561,0.491,1.2,0.129,0.0,0.000
0,4294967295,292,47,aclnnMul_MulAiCore_Mul,Mul,dynamic,AI_VECTOR_CORE,1785698519207511.576	,327.727,0.050000,40,0,NO,"""4096,4096;4096,4096""",FLOAT;FLOAT,ND;ND,"""4096,4096""",FLOAT,ND,N/A,0.0,0,0.0,0.0,0.0,0.0,0.0,0.0,0.0,0.0,0.0,0.0,0.0,325.976,21514407,6.784,0.021,2.92,0.009,324.547,0.996,109.138,0.335,0.0,0.000
0,4294967295,293,47,Concat,Concat,dynamic,AI_VECTOR_CORE,1785698519207839.323	,10.140,0.023000,40,0,NO,"""64,1,16;64,2,16;64,3,16;64,4,16;64,1,16;64,2,16;64,3,16;64,4,16;64,1,16;64,2,16;64,3,16;64,4,16;64,1,16;64,2,16;64,3,16;64,4,16;64,1,16;64,2,16;64,3,16;64,4,16;64,1,16;64,2,16;64,3,16;64,4,16;64,1,16;64,2,16;64,3,16;64,4,16;64,1,16;64,2,16;64,3,16;64,4,16;64,1,16;64,2,16;64,3,16;64,4,16;64,1,16;64,2,16;64,3,16;64,4,16;64,1,16;64,2,16;64,3,16;64,4,16;64,1,16;64,2,16;64,3,16;64,4,16;64,1,16;64,2,16;64,3,16;64,4,16;64,1,16;64,2,16;64,3,16;64,4,16;64,1,16;64,2,16;64,3,16;64,4,16;64,1,16;64,2,16;64,3,16;64,4,16""",FLOAT16;FLOAT16;FLOAT16;FLOAT16;FLOAT16;FLOAT16;FLOAT16;FLOAT16;FLOAT16;FLOAT16;FLOAT16;FLOAT16;FLOAT16;FLOAT16;FLOAT16;FLOAT16;FLOAT16;FLOAT16;FLOAT16;FLOAT16;FLOAT16;FLOAT16;FLOAT16;FLOAT16;FLOAT16;FLOAT16;FLOAT16;FLOAT16;FLOAT16;FLOAT16;FLOAT16;FLOAT16;FLOAT16;FLOAT16;FLOAT16;FLOAT16;FLOAT16;FLOAT16;FLOAT16;FLOAT16;FLOAT16;FLOAT16;FLOAT16;FLOAT16;FLOAT16;FLOAT16;FLOAT16;FLOAT16;FLOAT16;FLOAT16;FLOAT16;FLOAT16;FLOAT16;FLOAT16;FLOAT16;FLOAT16;FLOAT16;FLOAT16;FLOAT16;FLOAT16;FLOAT16;FLOAT16;FLOAT16;FLOAT16,ND;ND;ND;ND;ND;ND;ND;ND;ND;ND;ND;ND;ND;ND;ND;ND;ND;ND;ND;ND;ND;ND;ND;ND;ND;ND;ND;ND;ND;ND;ND;ND;ND;ND;ND;ND;ND;ND;ND;ND;ND;ND;ND;ND;ND;ND;ND;ND;ND;ND;ND;ND;ND;ND;ND;ND;ND;ND;ND;ND;ND;ND;ND;ND,"""64,160,16""",FLOAT16,ND,N/A,0.0,0,0.0,0.0,0.0,0.0,0.0,0.0,0.0,0.0,0.0,0.0,0.0,7.567,499391,0.017,0.002,3.489,0.461,3.433,0.454,0.935,0.124,0.0,0.000
0,4294967295,294,47,aclnnMul_MulAiCore_Mul,Mul,dynamic,AI_VECTOR_CORE,1785698519207849.483	,328.606,0.110000,40,0,NO,"""4096,4096;4096,4096""",FLOAT;FLOAT,ND;ND,"""4096,4096""",FLOAT,ND,N/A,0.0,0,0.0,0.0,0.0,0.0,0.0,0.0,0.0,0.0,0.0,0.0,0.0,325.937,21511872,6.784,0.021,3.022,0.009,324.399,0.995,109.424,0.336,0.0,0.000
0,4294967295,295,47,Concat,Concat,dynamic,AI_VECTOR_CORE,1785698519208178.109	,10.841,0.000000,40,0,NO,"""64,1,16;64,2,16;64,3,16;64,4,16;64,1,16;64,2,16;64,3,16;64,4,16;64,1,16;64,2,16;64,3,16;64,4,16;64,1,16;64,2,16;64,3,16;64,4,16;64,1,16;64,2,16;64,3,16;64,4,16;64,1,16;64,2,16;64,3,16;64,4,16;64,1,16;64,2,16;64,3,16;64,4,16;64,1,16;64,2,16;64,3,16;64,4,16;64,1,16;64,2,16;64,3,16;64,4,16;64,1,16;64,2,16;64,3,16;64,4,16;64,1,16;64,2,16;64,3,16;64,4,16;64,1,16;64,2,16;64,3,16;64,4,16;64,1,16;64,2,16;64,3,16;64,4,16;64,1,16;64,2,16;64,3,16;64,4,16;64,1,16;64,2,16;64,3,16;64,4,16;64,1,16;64,2,16;64,3,16;64,4,16""",FLOAT16;FLOAT16;FLOAT16;FLOAT16;FLOAT16;FLOAT16;FLOAT16;FLOAT16;FLOAT16;FLOAT16;FLOAT16;FLOAT16;FLOAT16;FLOAT16;FLOAT16;FLOAT16;FLOAT16;FLOAT16;FLOAT16;FLOAT16;FLOAT16;FLOAT16;FLOAT16;FLOAT16;FLOAT16;FLOAT16;FLOAT16;FLOAT16;FLOAT16;FLOAT16;FLOAT16;FLOAT16;FLOAT16;FLOAT16;FLOAT16;FLOAT16;FLOAT16;FLOAT16;FLOAT16;FLOAT16;FLOAT16;FLOAT16;FLOAT16;FLOAT16;FLOAT16;FLOAT16;FLOAT16;FLOAT16;FLOAT16;FLOAT16;FLOAT16;FLOAT16;FLOAT16;FLOAT16;FLOAT16;FLOAT16;FLOAT16;FLOAT16;FLOAT16;FLOAT16;FLOAT16;FLOAT16;FLOAT16;FLOAT16,ND;ND;ND;ND;ND;ND;ND;ND;ND;ND;ND;ND;ND;ND;ND;ND;ND;ND;ND;ND;ND;ND;ND;ND;ND;ND;ND;ND;ND;ND;ND;ND;ND;ND;ND;ND;ND;ND;ND;ND;ND;ND;ND;ND;ND;ND;ND;ND;ND;ND;ND;ND;ND;ND;ND;ND;ND;ND;ND;ND;ND;ND;ND;ND,"""64,160,16""",FLOAT16,ND,N/A,0.0,0,0.0,0.0,0.0,0.0,0.0,0.0,0.0,0.0,0.0,0.0,0.0,7.848,517941,0.017,0.002,3.791,0.483,3.494,0.445,1.029,0.131,0.0,0.000
0,4294967295,296,47,aclnnMul_MulAiCore_Mul,Mul,dynamic,AI_VECTOR_CORE,1785698519208188.970	,326.826,0.159000,40,0,NO,"""4096,4096;4096,4096""",FLOAT;FLOAT,ND;ND,"""4096,4096""",FLOAT,ND,N/A,0.0,0,0.0,0.0,0.0,0.0,0.0,0.0,0.0,0.0,0.0,0.0,0.0,324.72,21431548,6.784,0.021,3.077,0.009,323.11,0.995,107.141,0.33,0.0,0.000
0,4294967295,297,47,Concat,Concat,dynamic,AI_VECTOR_CORE,1785698519208515.816	,10.500,0.000000,40,0,NO,"""64,1,16;64,2,16;64,3,16;64,4,16;64,1,16;64,2,16;64,3,16;64,4,16;64,1,16;64,2,16;64,3,16;64,4,16;64,1,16;64,2,16;64,3,16;64,4,16;64,1,16;64,2,16;64,3,16;64,4,16;64,1,16;64,2,16;64,3,16;64,4,16;64,1,16;64,2,16;64,3,16;64,4,16;64,1,16;64,2,16;64,3,16;64,4,16;64,1,16;64,2,16;64,3,16;64,4,16;64,1,16;64,2,16;64,3,16;64,4,16;64,1,16;64,2,16;64,3,16;64,4,16;64,1,16;64,2,16;64,3,16;64,4,16;64,1,16;64,2,16;64,3,16;64,4,16;64,1,16;64,2,16;64,3,16;64,4,16;64,1,16;64,2,16;64,3,16;64,4,16;64,1,16;64,2,16;64,3,16;64,4,16""",FLOAT16;FLOAT16;FLOAT16;FLOAT16;FLOAT16;FLOAT16;FLOAT16;FLOAT16;FLOAT16;FLOAT16;FLOAT16;FLOAT16;FLOAT16;FLOAT16;FLOAT16;FLOAT16;FLOAT16;FLOAT16;FLOAT16;FLOAT16;FLOAT16;FLOAT16;FLOAT16;FLOAT16;FLOAT16;FLOAT16;FLOAT16;FLOAT16;FLOAT16;FLOAT16;FLOAT16;FLOAT16;FLOAT16;FLOAT16;FLOAT16;FLOAT16;FLOAT16;FLOAT16;FLOAT16;FLOAT16;FLOAT16;FLOAT16;FLOAT16;FLOAT16;FLOAT16;FLOAT16;FLOAT16;FLOAT16;FLOAT16;FLOAT16;FLOAT16;FLOAT16;FLOAT16;FLOAT16;FLOAT16;FLOAT16;FLOAT16;FLOAT16;FLOAT16;FLOAT16;FLOAT16;FLOAT16;FLOAT16;FLOAT16,ND;ND;ND;ND;ND;ND;ND;ND;ND;ND;ND;ND;ND;ND;ND;ND;ND;ND;ND;ND;ND;ND;ND;ND;ND;ND;ND;ND;ND;ND;ND;ND;ND;ND;ND;ND;ND;ND;ND;ND;ND;ND;ND;ND;ND;ND;ND;ND;ND;ND;ND;ND;ND;ND;ND;ND;ND;ND;ND;ND;ND;ND;ND;ND,"""64,160,16""",FLOAT16,ND,N/A,0.0,0,0.0,0.0,0.0,0.0,0.0,0.0,0.0,0.0,0.0,0.0,0.0,8.267,545620,0.017,0.002,3.956,0.479,3.641,0.44,1.076,0.13,0.0,0.000
0,4294967295,298,47,aclnnMul_MulAiCore_Mul,Mul,dynamic,AI_VECTOR_CORE,1785698519208526.336	,328.827,0.000000,40,0,NO,"""4096,4096;4096,4096""",FLOAT;FLOAT,ND;ND,"""4096,4096""",FLOAT,ND,N/A,0.0,0,0.0,0.0,0.0,0.0,0.0,0.0,0.0,0.0,0.0,0.0,0.0,326.727,21563955,6.784,0.021,3.122,0.01,325.067,0.995,111.787,0.342,0.0,0.000
0,4294967295,299,47,Concat,Concat,dynamic,AI_VECTOR_CORE,1785698519208855.183	,11.540,0.173000,40,0,NO,"""64,1,16;64,2,16;64,3,16;64,4,16;64,1,16;64,2,16;64,3,16;64,4,16;64,1,16;64,2,16;64,3,16;64,4,16;64,1,16;64,2,16;64,3,16;64,4,16;64,1,16;64,2,16;64,3,16;64,4,16;64,1,16;64,2,16;64,3,16;64,4,16;64,1,16;64,2,16;64,3,16;64,4,16;64,1,16;64,2,16;64,3,16;64,4,16;64,1,16;64,2,16;64,3,16;64,4,16;64,1,16;64,2,16;64,3,16;64,4,16;64,1,16;64,2,16;64,3,16;64,4,16;64,1,16;64,2,16;64,3,16;64,4,16;64,1,16;64,2,16;64,3,16;64,4,16;64,1,16;64,2,16;64,3,16;64,4,16;64,1,16;64,2,16;64,3,16;64,4,16;64,1,16;64,2,16;64,3,16;64,4,16""",FLOAT16;FLOAT16;FLOAT16;FLOAT16;FLOAT16;FLOAT16;FLOAT16;FLOAT16;FLOAT16;FLOAT16;FLOAT16;FLOAT16;FLOAT16;FLOAT16;FLOAT16;FLOAT16;FLOAT16;FLOAT16;FLOAT16;FLOAT16;FLOAT16;FLOAT16;FLOAT16;FLOAT16;FLOAT16;FLOAT16;FLOAT16;FLOAT16;FLOAT16;FLOAT16;FLOAT16;FLOAT16;FLOAT16;FLOAT16;FLOAT16;FLOAT16;FLOAT16;FLOAT16;FLOAT16;FLOAT16;FLOAT16;FLOAT16;FLOAT16;FLOAT16;FLOAT16;FLOAT16;FLOAT16;FLOAT16;FLOAT16;FLOAT16;FLOAT16;FLOAT16;FLOAT16;FLOAT16;FLOAT16;FLOAT16;FLOAT16;FLOAT16;FLOAT16;FLOAT16;FLOAT16;FLOAT16;FLOAT16;FLOAT16,ND;ND;ND;ND;ND;ND;ND;ND;ND;ND;ND;ND;ND;ND;ND;ND;ND;ND;ND;ND;ND;ND;ND;ND;ND;ND;ND;ND;ND;ND;ND;ND;ND;ND;ND;ND;ND;ND;ND;ND;ND;ND;ND;ND;ND;ND;ND;ND;ND;ND;ND;ND;ND;ND;ND;ND;ND;ND;ND;ND;ND;ND;ND;ND,"""64,160,16""",FLOAT16,ND,N/A,0.0,0,0.0,0.0,0.0,0.0,0.0,0.0,0.0,0.0,0.0,0.0,0.0,9.141,603331,0.017,0.002,4.869,0.533,3.815,0.417,1.019,0.112,0.0,0.000
0,4294967295,300,47,aclnnMul_MulAiCore_Mul,Mul,dynamic,AI_VECTOR_CORE,1785698519208866.743	,327.487,0.000000,40,0,NO,"""4096,4096;4096,4096""",FLOAT;FLOAT,ND;ND,"""4096,4096""",FLOAT,ND,N/A,0.0,0,0.0,0.0,0.0,0.0,0.0,0.0,0.0,0.0,0.0,0.0,0.0,325.179,21461798,6.784,0.021,3.021,0.009,323.646,0.995,109.581,0.337,0.0,0.000
0,4294967295,301,47,Concat,Concat,dynamic,AI_VECTOR_CORE,1785698519209194.250	,9.400,0.013000,40,0,NO,"""64,1,16;64,2,16;64,3,16;64,4,16;64,1,16;64,2,16;64,3,16;64,4,16;64,1,16;64,2,16;64,3,16;64,4,16;64,1,16;64,2,16;64,3,16;64,4,16;64,1,16;64,2,16;64,3,16;64,4,16;64,1,16;64,2,16;64,3,16;64,4,16;64,1,16;64,2,16;64,3,16;64,4,16;64,1,16;64,2,16;64,3,16;64,4,16;64,1,16;64,2,16;64,3,16;64,4,16;64,1,16;64,2,16;64,3,16;64,4,16;64,1,16;64,2,16;64,3,16;64,4,16;64,1,16;64,2,16;64,3,16;64,4,16;64,1,16;64,2,16;64,3,16;64,4,16;64,1,16;64,2,16;64,3,16;64,4,16;64,1,16;64,2,16;64,3,16;64,4,16;64,1,16;64,2,16;64,3,16;64,4,16""",FLOAT16;FLOAT16;FLOAT16;FLOAT16;FLOAT16;FLOAT16;FLOAT16;FLOAT16;FLOAT16;FLOAT16;FLOAT16;FLOAT16;FLOAT16;FLOAT16;FLOAT16;FLOAT16;FLOAT16;FLOAT16;FLOAT16;FLOAT16;FLOAT16;FLOAT16;FLOAT16;FLOAT16;FLOAT16;FLOAT16;FLOAT16;FLOAT16;FLOAT16;FLOAT16;FLOAT16;FLOAT16;FLOAT16;FLOAT16;FLOAT16;FLOAT16;FLOAT16;FLOAT16;FLOAT16;FLOAT16;FLOAT16;FLOAT16;FLOAT16;FLOAT16;FLOAT16;FLOAT16;FLOAT16;FLOAT16;FLOAT16;FLOAT16;FLOAT16;FLOAT16;FLOAT16;FLOAT16;FLOAT16;FLOAT16;FLOAT16;FLOAT16;FLOAT16;FLOAT16;FLOAT16;FLOAT16;FLOAT16;FLOAT16,ND;ND;ND;ND;ND;ND;ND;ND;ND;ND;ND;ND;ND;ND;ND;ND;ND;ND;ND;ND;ND;ND;ND;ND;ND;ND;ND;ND;ND;ND;ND;ND;ND;ND;ND;ND;ND;ND;ND;ND;ND;ND;ND;ND;ND;ND;ND;ND;ND;ND;ND;ND;ND;ND;ND;ND;ND;ND;ND;ND;ND;ND;ND;ND,"""64,160,16""",FLOAT16,ND,N/A,0.0,0,0.0,0.0,0.0,0.0,0.0,0.0,0.0,0.0,0.0,0.0,0.0,7.318,482984,0.017,0.002,3.664,0.501,2.906,0.397,1.127,0.154,0.0,0.000
0,4294967295,302,47,aclnnMul_MulAiCore_Mul,Mul,dynamic,AI_VECTOR_CORE,1785698519209203.670	,327.206,0.100000,40,0,NO,"""4096,4096;4096,4096""",FLOAT;FLOAT,ND;ND,"""4096,4096""",FLOAT,ND,N/A,0.0,0,0.0,0.0,0.0,0.0,0.0,0.0,0.0,0.0,0.0,0.0,0.0,325.112,21457372,6.784,0.021,3.552,0.011,323.044,0.994,108.904,0.335,0.0,0.000
0,4294967295,303,47,Concat,Concat,dynamic,AI_VECTOR_CORE,1785698519209530.896	,9.381,0.044000,40,0,NO,"""64,1,16;64,2,16;64,3,16;64,4,16;64,1,16;64,2,16;64,3,16;64,4,16;64,1,16;64,2,16;64,3,16;64,4,16;64,1,16;64,2,16;64,3,16;64,4,16;64,1,16;64,2,16;64,3,16;64,4,16;64,1,16;64,2,16;64,3,16;64,4,16;64,1,16;64,2,16;64,3,16;64,4,16;64,1,16;64,2,16;64,3,16;64,4,16;64,1,16;64,2,16;64,3,16;64,4,16;64,1,16;64,2,16;64,3,16;64,4,16;64,1,16;64,2,16;64,3,16;64,4,16;64,1,16;64,2,16;64,3,16;64,4,16;64,1,16;64,2,16;64,3,16;64,4,16;64,1,16;64,2,16;64,3,16;64,4,16;64,1,16;64,2,16;64,3,16;64,4,16;64,1,16;64,2,16;64,3,16;64,4,16""",FLOAT16;FLOAT16;FLOAT16;FLOAT16;FLOAT16;FLOAT16;FLOAT16;FLOAT16;FLOAT16;FLOAT16;FLOAT16;FLOAT16;FLOAT16;FLOAT16;FLOAT16;FLOAT16;FLOAT16;FLOAT16;FLOAT16;FLOAT16;FLOAT16;FLOAT16;FLOAT16;FLOAT16;FLOAT16;FLOAT16;FLOAT16;FLOAT16;FLOAT16;FLOAT16;FLOAT16;FLOAT16;FLOAT16;FLOAT16;FLOAT16;FLOAT16;FLOAT16;FLOAT16;FLOAT16;FLOAT16;FLOAT16;FLOAT16;FLOAT16;FLOAT16;FLOAT16;FLOAT16;FLOAT16;FLOAT16;FLOAT16;FLOAT16;FLOAT16;FLOAT16;FLOAT16;FLOAT16;FLOAT16;FLOAT16;FLOAT16;FLOAT16;FLOAT16;FLOAT16;FLOAT16;FLOAT16;FLOAT16;FLOAT16,ND;ND;ND;ND;ND;ND;ND;ND;ND;ND;ND;ND;ND;ND;ND;ND;ND;ND;ND;ND;ND;ND;ND;ND;ND;ND;ND;ND;ND;ND;ND;ND;ND;ND;ND;ND;ND;ND;ND;ND;ND;ND;ND;ND;ND;ND;ND;ND;ND;ND;ND;ND;ND;ND;ND;ND;ND;ND;ND;ND;ND;ND;ND;ND,"""64,160,16""",FLOAT16,ND,N/A,0.0,0,0.0,0.0,0.0,0.0,0.0,0.0,0.0,0.0,0.0,0.0,0.0,7.054,465535,0.017,0.002,3.543,0.502,2.808,0.398,1.038,0.147,0.0,0.000
0,4294967295,304,47,aclnnMul_MulAiCore_Mul,Mul,dynamic,AI_VECTOR_CORE,1785698519209540.297	,327.326,0.000000,40,0,NO,"""4096,4096;4096,4096""",FLOAT;FLOAT,ND;ND,"""4096,4096""",FLOAT,ND,N/A,0.0,0,0.0,0.0,0.0,0.0,0.0,0.0,0.0,0.0,0.0,0.0,0.0,324.994,21449600,6.784,0.021,3.051,0.009,323.389,0.995,108.265,0.333,0.0,0.000
0,4294967295,305,47,Concat,Concat,dynamic,AI_VECTOR_CORE,1785698519209867.643	,11.580,0.174000,40,0,NO,"""64,1,16;64,2,16;64,3,16;64,4,16;64,1,16;64,2,16;64,3,16;64,4,16;64,1,16;64,2,16;64,3,16;64,4,16;64,1,16;64,2,16;64,3,16;64,4,16;64,1,16;64,2,16;64,3,16;64,4,16;64,1,16;64,2,16;64,3,16;64,4,16;64,1,16;64,2,16;64,3,16;64,4,16;64,1,16;64,2,16;64,3,16;64,4,16;64,1,16;64,2,16;64,3,16;64,4,16;64,1,16;64,2,16;64,3,16;64,4,16;64,1,16;64,2,16;64,3,16;64,4,16;64,1,16;64,2,16;64,3,16;64,4,16;64,1,16;64,2,16;64,3,16;64,4,16;64,1,16;64,2,16;64,3,16;64,4,16;64,1,16;64,2,16;64,3,16;64,4,16;64,1,16;64,2,16;64,3,16;64,4,16""",FLOAT16;FLOAT16;FLOAT16;FLOAT16;FLOAT16;FLOAT16;FLOAT16;FLOAT16;FLOAT16;FLOAT16;FLOAT16;FLOAT16;FLOAT16;FLOAT16;FLOAT16;FLOAT16;FLOAT16;FLOAT16;FLOAT16;FLOAT16;FLOAT16;FLOAT16;FLOAT16;FLOAT16;FLOAT16;FLOAT16;FLOAT16;FLOAT16;FLOAT16;FLOAT16;FLOAT16;FLOAT16;FLOAT16;FLOAT16;FLOAT16;FLOAT16;FLOAT16;FLOAT16;FLOAT16;FLOAT16;FLOAT16;FLOAT16;FLOAT16;FLOAT16;FLOAT16;FLOAT16;FLOAT16;FLOAT16;FLOAT16;FLOAT16;FLOAT16;FLOAT16;FLOAT16;FLOAT16;FLOAT16;FLOAT16;FLOAT16;FLOAT16;FLOAT16;FLOAT16;FLOAT16;FLOAT16;FLOAT16;FLOAT16,ND;ND;ND;ND;ND;ND;ND;ND;ND;ND;ND;ND;ND;ND;ND;ND;ND;ND;ND;ND;ND;ND;ND;ND;ND;ND;ND;ND;ND;ND;ND;ND;ND;ND;ND;ND;ND;ND;ND;ND;ND;ND;ND;ND;ND;ND;ND;ND;ND;ND;ND;ND;ND;ND;ND;ND;ND;ND;ND;ND;ND;ND;ND;ND,"""64,160,16""",FLOAT16,ND,N/A,0.0,0,0.0,0.0,0.0,0.0,0.0,0.0,0.0,0.0,0.0,0.0,0.0,8.563,565129,0.017,0.002,3.717,0.434,4.043,0.472,1.108,0.129,0.0,0.000
0,4294967295,306,47,aclnnMul_MulAiCore_Mul,Mul,dynamic,AI_VECTOR_CORE,1785698519209879.243	,328.327,0.000000,40,0,NO,"""4096,4096;4096,4096""",FLOAT;FLOAT,ND;ND,"""4096,4096""",FLOAT,ND,N/A,0.0,0,0.0,0.0,0.0,0.0,0.0,0.0,0.0,0.0,0.0,0.0,0.0,326.089,21521902,6.784,0.021,2.922,0.009,324.601,0.995,109.007,0.334,0.0,0.000
0,4294967295,307,47,Concat,Concat,dynamic,AI_VECTOR_CORE,1785698519210207.590	,12.640,0.000000,40,0,NO,"""64,1,16;64,2,16;64,3,16;64,4,16;64,1,16;64,2,16;64,3,16;64,4,16;64,1,16;64,2,16;64,3,16;64,4,16;64,1,16;64,2,16;64,3,16;64,4,16;64,1,16;64,2,16;64,3,16;64,4,16;64,1,16;64,2,16;64,3,16;64,4,16;64,1,16;64,2,16;64,3,16;64,4,16;64,1,16;64,2,16;64,3,16;64,4,16;64,1,16;64,2,16;64,3,16;64,4,16;64,1,16;64,2,16;64,3,16;64,4,16;64,1,16;64,2,16;64,3,16;64,4,16;64,1,16;64,2,16;64,3,16;64,4,16;64,1,16;64,2,16;64,3,16;64,4,16;64,1,16;64,2,16;64,3,16;64,4,16;64,1,16;64,2,16;64,3,16;64,4,16;64,1,16;64,2,16;64,3,16;64,4,16""",FLOAT16;FLOAT16;FLOAT16;FLOAT16;FLOAT16;FLOAT16;FLOAT16;FLOAT16;FLOAT16;FLOAT16;FLOAT16;FLOAT16;FLOAT16;FLOAT16;FLOAT16;FLOAT16;FLOAT16;FLOAT16;FLOAT16;FLOAT16;FLOAT16;FLOAT16;FLOAT16;FLOAT16;FLOAT16;FLOAT16;FLOAT16;FLOAT16;FLOAT16;FLOAT16;FLOAT16;FLOAT16;FLOAT16;FLOAT16;FLOAT16;FLOAT16;FLOAT16;FLOAT16;FLOAT16;FLOAT16;FLOAT16;FLOAT16;FLOAT16;FLOAT16;FLOAT16;FLOAT16;FLOAT16;FLOAT16;FLOAT16;FLOAT16;FLOAT16;FLOAT16;FLOAT16;FLOAT16;FLOAT16;FLOAT16;FLOAT16;FLOAT16;FLOAT16;FLOAT16;FLOAT16;FLOAT16;FLOAT16;FLOAT16,ND;ND;ND;ND;ND;ND;ND;ND;ND;ND;ND;ND;ND;ND;ND;ND;ND;ND;ND;ND;ND;ND;ND;ND;ND;ND;ND;ND;ND;ND;ND;ND;ND;ND;ND;ND;ND;ND;ND;ND;ND;ND;ND;ND;ND;ND;ND;ND;ND;ND;ND;ND;ND;ND;ND;ND;ND;ND;ND;ND;ND;ND;ND;ND,"""64,160,16""",FLOAT16,ND,N/A,0.0,0,0.0,0.0,0.0,0.0,0.0,0.0,0.0,0.0,0.0,0.0,0.0,9.255,610821,0.017,0.002,3.782,0.409,4.747,0.513,1.024,0.111,0.0,0.000
0,4294967295,308,47,aclnnMul_MulAiCore_Mul,Mul,dynamic,AI_VECTOR_CORE,1785698519210220.250	,328.187,0.110000,40,0,NO,"""4096,4096;4096,4096""",FLOAT;FLOAT,ND;ND,"""4096,4096""",FLOAT,ND,N/A,0.0,0,0.0,0.0,0.0,0.0,0.0,0.0,0.0,0.0,0.0,0.0,0.0,325.762,21500268,6.784,0.021,3.396,0.01,323.8,0.994,109.897,0.337,0.0,0.000
0,4294967295,309,47,Concat,Concat,dynamic,AI_VECTOR_CORE,1785698519210548.457	,10.580,0.063000,40,0,NO,"""64,1,16;64,2,16;64,3,16;64,4,16;64,1,16;64,2,16;64,3,16;64,4,16;64,1,16;64,2,16;64,3,16;64,4,16;64,1,16;64,2,16;64,3,16;64,4,16;64,1,16;64,2,16;64,3,16;64,4,16;64,1,16;64,2,16;64,3,16;64,4,16;64,1,16;64,2,16;64,3,16;64,4,16;64,1,16;64,2,16;64,3,16;64,4,16;64,1,16;64,2,16;64,3,16;64,4,16;64,1,16;64,2,16;64,3,16;64,4,16;64,1,16;64,2,16;64,3,16;64,4,16;64,1,16;64,2,16;64,3,16;64,4,16;64,1,16;64,2,16;64,3,16;64,4,16;64,1,16;64,2,16;64,3,16;64,4,16;64,1,16;64,2,16;64,3,16;64,4,16;64,1,16;64,2,16;64,3,16;64,4,16""",FLOAT16;FLOAT16;FLOAT16;FLOAT16;FLOAT16;FLOAT16;FLOAT16;FLOAT16;FLOAT16;FLOAT16;FLOAT16;FLOAT16;FLOAT16;FLOAT16;FLOAT16;FLOAT16;FLOAT16;FLOAT16;FLOAT16;FLOAT16;FLOAT16;FLOAT16;FLOAT16;FLOAT16;FLOAT16;FLOAT16;FLOAT16;FLOAT16;FLOAT16;FLOAT16;FLOAT16;FLOAT16;FLOAT16;FLOAT16;FLOAT16;FLOAT16;FLOAT16;FLOAT16;FLOAT16;FLOAT16;FLOAT16;FLOAT16;FLOAT16;FLOAT16;FLOAT16;FLOAT16;FLOAT16;FLOAT16;FLOAT16;FLOAT16;FLOAT16;FLOAT16;FLOAT16;FLOAT16;FLOAT16;FLOAT16;FLOAT16;FLOAT16;FLOAT16;FLOAT16;FLOAT16;FLOAT16;FLOAT16;FLOAT16,ND;ND;ND;ND;ND;ND;ND;ND;ND;ND;ND;ND;ND;ND;ND;ND;ND;ND;ND;ND;ND;ND;ND;ND;ND;ND;ND;ND;ND;ND;ND;ND;ND;ND;ND;ND;ND;ND;ND;ND;ND;ND;ND;ND;ND;ND;ND;ND;ND;ND;ND;ND;ND;ND;ND;ND;ND;ND;ND;ND;ND;ND;ND;ND,"""64,160,16""",FLOAT16,ND,N/A,0.0,0,0.0,0.0,0.0,0.0,0.0,0.0,0.0,0.0,0.0,0.0,0.0,7.685,507204,0.017,0.002,4.248,0.553,2.887,0.376,1.014,0.132,0.0,0.000
0,4294967295,310,47,aclnnMul_MulAiCore_Mul,Mul,dynamic,AI_VECTOR_CORE,1785698519210559.057	,327.607,0.000000,40,0,NO,"""4096,4096;4096,4096""",FLOAT;FLOAT,ND;ND,"""4096,4096""",FLOAT,ND,N/A,0.0,0,0.0,0.0,0.0,0.0,0.0,0.0,0.0,0.0,0.0,0.0,0.0,325.367,21474233,6.784,0.021,2.908,0.009,323.908,0.996,109.219,0.336,0.0,0.000
0,4294967295,311,47,Concat,Concat,dynamic,AI_VECTOR_CORE,1785698519210886.684	,10.460,0.143000,40,0,NO,"""64,1,16;64,2,16;64,3,16;64,4,16;64,1,16;64,2,16;64,3,16;64,4,16;64,1,16;64,2,16;64,3,16;64,4,16;64,1,16;64,2,16;64,3,16;64,4,16;64,1,16;64,2,16;64,3,16;64,4,16;64,1,16;64,2,16;64,3,16;64,4,16;64,1,16;64,2,16;64,3,16;64,4,16;64,1,16;64,2,16;64,3,16;64,4,16;64,1,16;64,2,16;64,3,16;64,4,16;64,1,16;64,2,16;64,3,16;64,4,16;64,1,16;64,2,16;64,3,16;64,4,16;64,1,16;64,2,16;64,3,16;64,4,16;64,1,16;64,2,16;64,3,16;64,4,16;64,1,16;64,2,16;64,3,16;64,4,16;64,1,16;64,2,16;64,3,16;64,4,16;64,1,16;64,2,16;64,3,16;64,4,16""",FLOAT16;FLOAT16;FLOAT16;FLOAT16;FLOAT16;FLOAT16;FLOAT16;FLOAT16;FLOAT16;FLOAT16;FLOAT16;FLOAT16;FLOAT16;FLOAT16;FLOAT16;FLOAT16;FLOAT16;FLOAT16;FLOAT16;FLOAT16;FLOAT16;FLOAT16;FLOAT16;FLOAT16;FLOAT16;FLOAT16;FLOAT16;FLOAT16;FLOAT16;FLOAT16;FLOAT16;FLOAT16;FLOAT16;FLOAT16;FLOAT16;FLOAT16;FLOAT16;FLOAT16;FLOAT16;FLOAT16;FLOAT16;FLOAT16;FLOAT16;FLOAT16;FLOAT16;FLOAT16;FLOAT16;FLOAT16;FLOAT16;FLOAT16;FLOAT16;FLOAT16;FLOAT16;FLOAT16;FLOAT16;FLOAT16;FLOAT16;FLOAT16;FLOAT16;FLOAT16;FLOAT16;FLOAT16;FLOAT16;FLOAT16,ND;ND;ND;ND;ND;ND;ND;ND;ND;ND;ND;ND;ND;ND;ND;ND;ND;ND;ND;ND;ND;ND;ND;ND;ND;ND;ND;ND;ND;ND;ND;ND;ND;ND;ND;ND;ND;ND;ND;ND;ND;ND;ND;ND;ND;ND;ND;ND;ND;ND;ND;ND;ND;ND;ND;ND;ND;ND;ND;ND;ND;ND;ND;ND,"""64,160,16""",FLOAT16,ND,N/A,0.0,0,0.0,0.0,0.0,0.0,0.0,0.0,0.0,0.0,0.0,0.0,0.0,7.694,507824,0.017,0.002,3.573,0.464,3.479,0.452,0.949,0.123,0.0,0.000
0,4294967295,312,47,aclnnMul_MulAiCore_Mul,Mul,dynamic,AI_VECTOR_CORE,1785698519210897.164	,329.026,0.040000,40,0,NO,"""4096,4096;4096,4096""",FLOAT;FLOAT,ND;ND,"""4096,4096""",FLOAT,ND,N/A,0.0,0,0.0,0.0,0.0,0.0,0.0,0.0,0.0,0.0,0.0,0.0,0.0,326.242,21531951,6.784,0.021,3.169,0.01,324.532,0.995,110.739,0.339,0.0,0.000
0,4294967295,313,47,Concat,Concat,dynamic,AI_VECTOR_CORE,1785698519211226.210	,11.321,0.000000,40,0,NO,"""64,1,16;64,2,16;64,3,16;64,4,16;64,1,16;64,2,16;64,3,16;64,4,16;64,1,16;64,2,16;64,3,16;64,4,16;64,1,16;64,2,16;64,3,16;64,4,16;64,1,16;64,2,16;64,3,16;64,4,16;64,1,16;64,2,16;64,3,16;64,4,16;64,1,16;64,2,16;64,3,16;64,4,16;64,1,16;64,2,16;64,3,16;64,4,16;64,1,16;64,2,16;64,3,16;64,4,16;64,1,16;64,2,16;64,3,16;64,4,16;64,1,16;64,2,16;64,3,16;64,4,16;64,1,16;64,2,16;64,3,16;64,4,16;64,1,16;64,2,16;64,3,16;64,4,16;64,1,16;64,2,16;64,3,16;64,4,16;64,1,16;64,2,16;64,3,16;64,4,16;64,1,16;64,2,16;64,3,16;64,4,16""",FLOAT16;FLOAT16;FLOAT16;FLOAT16;FLOAT16;FLOAT16;FLOAT16;FLOAT16;FLOAT16;FLOAT16;FLOAT16;FLOAT16;FLOAT16;FLOAT16;FLOAT16;FLOAT16;FLOAT16;FLOAT16;FLOAT16;FLOAT16;FLOAT16;FLOAT16;FLOAT16;FLOAT16;FLOAT16;FLOAT16;FLOAT16;FLOAT16;FLOAT16;FLOAT16;FLOAT16;FLOAT16;FLOAT16;FLOAT16;FLOAT16;FLOAT16;FLOAT16;FLOAT16;FLOAT16;FLOAT16;FLOAT16;FLOAT16;FLOAT16;FLOAT16;FLOAT16;FLOAT16;FLOAT16;FLOAT16;FLOAT16;FLOAT16;FLOAT16;FLOAT16;FLOAT16;FLOAT16;FLOAT16;FLOAT16;FLOAT16;FLOAT16;FLOAT16;FLOAT16;FLOAT16;FLOAT16;FLOAT16;FLOAT16,ND;ND;ND;ND;ND;ND;ND;ND;ND;ND;ND;ND;ND;ND;ND;ND;ND;ND;ND;ND;ND;ND;ND;ND;ND;ND;ND;ND;ND;ND;ND;ND;ND;ND;ND;ND;ND;ND;ND;ND;ND;ND;ND;ND;ND;ND;ND;ND;ND;ND;ND;ND;ND;ND;ND;ND;ND;ND;ND;ND;ND;ND;ND;ND,"""64,160,16""",FLOAT16,ND,N/A,0.0,0,0.0,0.0,0.0,0.0,0.0,0.0,0.0,0.0,0.0,0.0,0.0,8.926,589137,0.017,0.002,4.408,0.494,3.969,0.445,1.123,0.126,0.0,0.000
0,4294967295,314,47,aclnnMul_MulAiCore_Mul,Mul,dynamic,AI_VECTOR_CORE,1785698519211237.551	,327.626,0.000000,40,0,NO,"""4096,4096;4096,4096""",FLOAT;FLOAT,ND;ND,"""4096,4096""",FLOAT,ND,N/A,0.0,0,0.0,0.0,0.0,0.0,0.0,0.0,0.0,0.0,0.0,0.0,0.0,324.719,21431428,6.784,0.021,3.033,0.009,323.182,0.995,109.342,0.337,0.0,0.000
0,4294967295,315,47,Concat,Concat,dynamic,AI_VECTOR_CORE,1785698519211565.217	,12.600,0.124000,40,0,NO,"""64,1,16;64,2,16;64,3,16;64,4,16;64,1,16;64,2,16;64,3,16;64,4,16;64,1,16;64,2,16;64,3,16;64,4,16;64,1,16;64,2,16;64,3,16;64,4,16;64,1,16;64,2,16;64,3,16;64,4,16;64,1,16;64,2,16;64,3,16;64,4,16;64,1,16;64,2,16;64,3,16;64,4,16;64,1,16;64,2,16;64,3,16;64,4,16;64,1,16;64,2,16;64,3,16;64,4,16;64,1,16;64,2,16;64,3,16;64,4,16;64,1,16;64,2,16;64,3,16;64,4,16;64,1,16;64,2,16;64,3,16;64,4,16;64,1,16;64,2,16;64,3,16;64,4,16;64,1,16;64,2,16;64,3,16;64,4,16;64,1,16;64,2,16;64,3,16;64,4,16;64,1,16;64,2,16;64,3,16;64,4,16""",FLOAT16;FLOAT16;FLOAT16;FLOAT16;FLOAT16;FLOAT16;FLOAT16;FLOAT16;FLOAT16;FLOAT16;FLOAT16;FLOAT16;FLOAT16;FLOAT16;FLOAT16;FLOAT16;FLOAT16;FLOAT16;FLOAT16;FLOAT16;FLOAT16;FLOAT16;FLOAT16;FLOAT16;FLOAT16;FLOAT16;FLOAT16;FLOAT16;FLOAT16;FLOAT16;FLOAT16;FLOAT16;FLOAT16;FLOAT16;FLOAT16;FLOAT16;FLOAT16;FLOAT16;FLOAT16;FLOAT16;FLOAT16;FLOAT16;FLOAT16;FLOAT16;FLOAT16;FLOAT16;FLOAT16;FLOAT16;FLOAT16;FLOAT16;FLOAT16;FLOAT16;FLOAT16;FLOAT16;FLOAT16;FLOAT16;FLOAT16;FLOAT16;FLOAT16;FLOAT16;FLOAT16;FLOAT16;FLOAT16;FLOAT16,ND;ND;ND;ND;ND;ND;ND;ND;ND;ND;ND;ND;ND;ND;ND;ND;ND;ND;ND;ND;ND;ND;ND;ND;ND;ND;ND;ND;ND;ND;ND;ND;ND;ND;ND;ND;ND;ND;ND;ND;ND;ND;ND;ND;ND;ND;ND;ND;ND;ND;ND;ND;ND;ND;ND;ND;ND;ND;ND;ND;ND;ND;ND;ND,"""64,160,16""",FLOAT16,ND,N/A,0.0,0,0.0,0.0,0.0,0.0,0.0,0.0,0.0,0.0,0.0,0.0,0.0,8.519,562234,0.017,0.002,3.821,0.449,4.231,0.497,0.95,0.112,0.0,0.000
0,4294967295,316,47,aclnnMul_MulAiCore_Mul,Mul,dynamic,AI_VECTOR_CORE,1785698519211577.837	,327.007,0.000000,40,0,NO,"""4096,4096;4096,4096""",FLOAT;FLOAT,ND;ND,"""4096,4096""",FLOAT,ND,N/A,0.0,0,0.0,0.0,0.0,0.0,0.0,0.0,0.0,0.0,0.0,0.0,0.0,324.938,21445893,6.784,0.021,3.136,0.01,323.271,0.995,107.843,0.332,0.0,0.000
0,4294967295,317,47,Concat,Concat,dynamic,AI_VECTOR_CORE,1785698519211904.864	,9.520,0.000000,40,0,NO,"""64,1,16;64,2,16;64,3,16;64,4,16;64,1,16;64,2,16;64,3,16;64,4,16;64,1,16;64,2,16;64,3,16;64,4,16;64,1,16;64,2,16;64,3,16;64,4,16;64,1,16;64,2,16;64,3,16;64,4,16;64,1,16;64,2,16;64,3,16;64,4,16;64,1,16;64,2,16;64,3,16;64,4,16;64,1,16;64,2,16;64,3,16;64,4,16;64,1,16;64,2,16;64,3,16;64,4,16;64,1,16;64,2,16;64,3,16;64,4,16;64,1,16;64,2,16;64,3,16;64,4,16;64,1,16;64,2,16;64,3,16;64,4,16;64,1,16;64,2,16;64,3,16;64,4,16;64,1,16;64,2,16;64,3,16;64,4,16;64,1,16;64,2,16;64,3,16;64,4,16;64,1,16;64,2,16;64,3,16;64,4,16""",FLOAT16;FLOAT16;FLOAT16;FLOAT16;FLOAT16;FLOAT16;FLOAT16;FLOAT16;FLOAT16;FLOAT16;FLOAT16;FLOAT16;FLOAT16;FLOAT16;FLOAT16;FLOAT16;FLOAT16;FLOAT16;FLOAT16;FLOAT16;FLOAT16;FLOAT16;FLOAT16;FLOAT16;FLOAT16;FLOAT16;FLOAT16;FLOAT16;FLOAT16;FLOAT16;FLOAT16;FLOAT16;FLOAT16;FLOAT16;FLOAT16;FLOAT16;FLOAT16;FLOAT16;FLOAT16;FLOAT16;FLOAT16;FLOAT16;FLOAT16;FLOAT16;FLOAT16;FLOAT16;FLOAT16;FLOAT16;FLOAT16;FLOAT16;FLOAT16;FLOAT16;FLOAT16;FLOAT16;FLOAT16;FLOAT16;FLOAT16;FLOAT16;FLOAT16;FLOAT16;FLOAT16;FLOAT16;FLOAT16;FLOAT16,ND;ND;ND;ND;ND;ND;ND;ND;ND;ND;ND;ND;ND;ND;ND;ND;ND;ND;ND;ND;ND;ND;ND;ND;ND;ND;ND;ND;ND;ND;ND;ND;ND;ND;ND;ND;ND;ND;ND;ND;ND;ND;ND;ND;ND;ND;ND;ND;ND;ND;ND;ND;ND;ND;ND;ND;ND;ND;ND;ND;ND;ND;ND;ND,"""64,160,16""",FLOAT16,ND,N/A,0.0,0,0.0,0.0,0.0,0.0,0.0,0.0,0.0,0.0,0.0,0.0,0.0,7.105,468923,0.017,0.002,3.627,0.511,2.863,0.403,0.998,0.14,0.0,0.000
0,4294967295,318,47,aclnnMul_MulAiCore_Mul,Mul,dynamic,AI_VECTOR_CORE,1785698519211914.424	,327.807,0.230000,40,0,NO,"""4096,4096;4096,4096""",FLOAT;FLOAT,ND;ND,"""4096,4096""",FLOAT,ND,N/A,0.0,0,0.0,0.0,0.0,0.0,0.0,0.0,0.0,0.0,0.0,0.0,0.0,325.819,21504047,6.784,0.021,3.177,0.01,324.123,0.995,108.69,0.334,0.0,0.000
0,4294967295,319,47,Concat,Concat,dynamic,AI_VECTOR_CORE,1785698519212242.271	,9.120,0.000000,40,0,NO,"""64,1,16;64,2,16;64,3,16;64,4,16;64,1,16;64,2,16;64,3,16;64,4,16;64,1,16;64,2,16;64,3,16;64,4,16;64,1,16;64,2,16;64,3,16;64,4,16;64,1,16;64,2,16;64,3,16;64,4,16;64,1,16;64,2,16;64,3,16;64,4,16;64,1,16;64,2,16;64,3,16;64,4,16;64,1,16;64,2,16;64,3,16;64,4,16;64,1,16;64,2,16;64,3,16;64,4,16;64,1,16;64,2,16;64,3,16;64,4,16;64,1,16;64,2,16;64,3,16;64,4,16;64,1,16;64,2,16;64,3,16;64,4,16;64,1,16;64,2,16;64,3,16;64,4,16;64,1,16;64,2,16;64,3,16;64,4,16;64,1,16;64,2,16;64,3,16;64,4,16;64,1,16;64,2,16;64,3,16;64,4,16""",FLOAT16;FLOAT16;FLOAT16;FLOAT16;FLOAT16;FLOAT16;FLOAT16;FLOAT16;FLOAT16;FLOAT16;FLOAT16;FLOAT16;FLOAT16;FLOAT16;FLOAT16;FLOAT16;FLOAT16;FLOAT16;FLOAT16;FLOAT16;FLOAT16;FLOAT16;FLOAT16;FLOAT16;FLOAT16;FLOAT16;FLOAT16;FLOAT16;FLOAT16;FLOAT16;FLOAT16;FLOAT16;FLOAT16;FLOAT16;FLOAT16;FLOAT16;FLOAT16;FLOAT16;FLOAT16;FLOAT16;FLOAT16;FLOAT16;FLOAT16;FLOAT16;FLOAT16;FLOAT16;FLOAT16;FLOAT16;FLOAT16;FLOAT16;FLOAT16;FLOAT16;FLOAT16;FLOAT16;FLOAT16;FLOAT16;FLOAT16;FLOAT16;FLOAT16;FLOAT16;FLOAT16;FLOAT16;FLOAT16;FLOAT16,ND;ND;ND;ND;ND;ND;ND;ND;ND;ND;ND;ND;ND;ND;ND;ND;ND;ND;ND;ND;ND;ND;ND;ND;ND;ND;ND;ND;ND;ND;ND;ND;ND;ND;ND;ND;ND;ND;ND;ND;ND;ND;ND;ND;ND;ND;ND;ND;ND;ND;ND;ND;ND;ND;ND;ND;ND;ND;ND;ND;ND;ND;ND;ND,"""64,160,16""",FLOAT16,ND,N/A,0.0,0,0.0,0.0,0.0,0.0,0.0,0.0,0.0,0.0,0.0,0.0,0.0,6.967,459851,0.017,0.002,3.608,0.518,2.776,0.398,1.041,0.149,0.0,0.000
0,4294967295,320,47,aclnnMul_MulAiCore_Mul,Mul,dynamic,AI_VECTOR_CORE,1785698519212251.411	,327.066,0.130000,40,0,NO,"""4096,4096;4096,4096""",FLOAT;FLOAT,ND;ND,"""4096,4096""",FLOAT,ND,N/A,0.0,0,0.0,0.0,0.0,0.0,0.0,0.0,0.0,0.0,0.0,0.0,0.0,324.56,21420986,6.784,0.021,3.058,0.009,323.0,0.995,108.214,0.333,0.0,0.000
0,4294967295,321,47,Concat,Concat,dynamic,AI_VECTOR_CORE,1785698519212578.497	,11.741,0.000000,40,0,NO,"""64,1,16;64,2,16;64,3,16;64,4,16;64,1,16;64,2,16;64,3,16;64,4,16;64,1,16;64,2,16;64,3,16;64,4,16;64,1,16;64,2,16;64,3,16;64,4,16;64,1,16;64,2,16;64,3,16;64,4,16;64,1,16;64,2,16;64,3,16;64,4,16;64,1,16;64,2,16;64,3,16;64,4,16;64,1,16;64,2,16;64,3,16;64,4,16;64,1,16;64,2,16;64,3,16;64,4,16;64,1,16;64,2,16;64,3,16;64,4,16;64,1,16;64,2,16;64,3,16;64,4,16;64,1,16;64,2,16;64,3,16;64,4,16;64,1,16;64,2,16;64,3,16;64,4,16;64,1,16;64,2,16;64,3,16;64,4,16;64,1,16;64,2,16;64,3,16;64,4,16;64,1,16;64,2,16;64,3,16;64,4,16""",FLOAT16;FLOAT16;FLOAT16;FLOAT16;FLOAT16;FLOAT16;FLOAT16;FLOAT16;FLOAT16;FLOAT16;FLOAT16;FLOAT16;FLOAT16;FLOAT16;FLOAT16;FLOAT16;FLOAT16;FLOAT16;FLOAT16;FLOAT16;FLOAT16;FLOAT16;FLOAT16;FLOAT16;FLOAT16;FLOAT16;FLOAT16;FLOAT16;FLOAT16;FLOAT16;FLOAT16;FLOAT16;FLOAT16;FLOAT16;FLOAT16;FLOAT16;FLOAT16;FLOAT16;FLOAT16;FLOAT16;FLOAT16;FLOAT16;FLOAT16;FLOAT16;FLOAT16;FLOAT16;FLOAT16;FLOAT16;FLOAT16;FLOAT16;FLOAT16;FLOAT16;FLOAT16;FLOAT16;FLOAT16;FLOAT16;FLOAT16;FLOAT16;FLOAT16;FLOAT16;FLOAT16;FLOAT16;FLOAT16;FLOAT16,ND;ND;ND;ND;ND;ND;ND;ND;ND;ND;ND;ND;ND;ND;ND;ND;ND;ND;ND;ND;ND;ND;ND;ND;ND;ND;ND;ND;ND;ND;ND;ND;ND;ND;ND;ND;ND;ND;ND;ND;ND;ND;ND;ND;ND;ND;ND;ND;ND;ND;ND;ND;ND;ND;ND;ND;ND;ND;ND;ND;ND;ND;ND;ND,"""64,160,16""",FLOAT16,ND,N/A,0.0,0,0.0,0.0,0.0,0.0,0.0,0.0,0.0,0.0,0.0,0.0,0.0,8.552,564408,0.017,0.002,3.887,0.454,4.031,0.471,1.176,0.138,0.0,0.000
0,4294967295,322,47,aclnnMul_MulAiCore_Mul,Mul,dynamic,AI_VECTOR_CORE,1785698519212590.258	,329.246,0.009000,40,0,NO,"""4096,4096;4096,4096""",FLOAT;FLOAT,ND;ND,"""4096,4096""",FLOAT,ND,N/A,0.0,0,0.0,0.0,0.0,0.0,0.0,0.0,0.0,0.0,0.0,0.0,0.0,326.634,21557839,6.784,0.021,3.039,0.009,325.005,0.995,109.921,0.337,0.0,0.000
0,4294967295,323,47,Concat,Concat,dynamic,AI_VECTOR_CORE,1785698519212919.524	,10.760,0.004000,40,0,NO,"""64,1,16;64,2,16;64,3,16;64,4,16;64,1,16;64,2,16;64,3,16;64,4,16;64,1,16;64,2,16;64,3,16;64,4,16;64,1,16;64,2,16;64,3,16;64,4,16;64,1,16;64,2,16;64,3,16;64,4,16;64,1,16;64,2,16;64,3,16;64,4,16;64,1,16;64,2,16;64,3,16;64,4,16;64,1,16;64,2,16;64,3,16;64,4,16;64,1,16;64,2,16;64,3,16;64,4,16;64,1,16;64,2,16;64,3,16;64,4,16;64,1,16;64,2,16;64,3,16;64,4,16;64,1,16;64,2,16;64,3,16;64,4,16;64,1,16;64,2,16;64,3,16;64,4,16;64,1,16;64,2,16;64,3,16;64,4,16;64,1,16;64,2,16;64,3,16;64,4,16;64,1,16;64,2,16;64,3,16;64,4,16""",FLOAT16;FLOAT16;FLOAT16;FLOAT16;FLOAT16;FLOAT16;FLOAT16;FLOAT16;FLOAT16;FLOAT16;FLOAT16;FLOAT16;FLOAT16;FLOAT16;FLOAT16;FLOAT16;FLOAT16;FLOAT16;FLOAT16;FLOAT16;FLOAT16;FLOAT16;FLOAT16;FLOAT16;FLOAT16;FLOAT16;FLOAT16;FLOAT16;FLOAT16;FLOAT16;FLOAT16;FLOAT16;FLOAT16;FLOAT16;FLOAT16;FLOAT16;FLOAT16;FLOAT16;FLOAT16;FLOAT16;FLOAT16;FLOAT16;FLOAT16;FLOAT16;FLOAT16;FLOAT16;FLOAT16;FLOAT16;FLOAT16;FLOAT16;FLOAT16;FLOAT16;FLOAT16;FLOAT16;FLOAT16;FLOAT16;FLOAT16;FLOAT16;FLOAT16;FLOAT16;FLOAT16;FLOAT16;FLOAT16;FLOAT16,ND;ND;ND;ND;ND;ND;ND;ND;ND;ND;ND;ND;ND;ND;ND;ND;ND;ND;ND;ND;ND;ND;ND;ND;ND;ND;ND;ND;ND;ND;ND;ND;ND;ND;ND;ND;ND;ND;ND;ND;ND;ND;ND;ND;ND;ND;ND;ND;ND;ND;ND;ND;ND;ND;ND;ND;ND;ND;ND;ND;ND;ND;ND;ND,"""64,160,16""",FLOAT16,ND,N/A,0.0,0,0.0,0.0,0.0,0.0,0.0,0.0,0.0,0.0,0.0,0.0,0.0,8.037,530427,0.017,0.002,3.79,0.472,3.796,0.472,1.022,0.127,0.0,0.000
0,4294967295,324,47,aclnnMul_MulAiCore_Mul,Mul,dynamic,AI_VECTOR_CORE,1785698519212930.324	,327.807,0.000000,40,0,NO,"""4096,4096;4096,4096""",FLOAT;FLOAT,ND;ND,"""4096,4096""",FLOAT,ND,N/A,0.0,0,0.0,0.0,0.0,0.0,0.0,0.0,0.0,0.0,0.0,0.0,0.0,325.528,21484837,6.784,0.021,3.099,0.01,323.887,0.995,108.668,0.334,0.0,0.000
0,4294967295,325,47,Concat,Concat,dynamic,AI_VECTOR_CORE,1785698519213258.151	,10.520,0.193000,40,0,NO,"""64,1,16;64,2,16;64,3,16;64,4,16;64,1,16;64,2,16;64,3,16;64,4,16;64,1,16;64,2,16;64,3,16;64,4,16;64,1,16;64,2,16;64,3,16;64,4,16;64,1,16;64,2,16;64,3,16;64,4,16;64,1,16;64,2,16;64,3,16;64,4,16;64,1,16;64,2,16;64,3,16;64,4,16;64,1,16;64,2,16;64,3,16;64,4,16;64,1,16;64,2,16;64,3,16;64,4,16;64,1,16;64,2,16;64,3,16;64,4,16;64,1,16;64,2,16;64,3,16;64,4,16;64,1,16;64,2,16;64,3,16;64,4,16;64,1,16;64,2,16;64,3,16;64,4,16;64,1,16;64,2,16;64,3,16;64,4,16;64,1,16;64,2,16;64,3,16;64,4,16;64,1,16;64,2,16;64,3,16;64,4,16""",FLOAT16;FLOAT16;FLOAT16;FLOAT16;FLOAT16;FLOAT16;FLOAT16;FLOAT16;FLOAT16;FLOAT16;FLOAT16;FLOAT16;FLOAT16;FLOAT16;FLOAT16;FLOAT16;FLOAT16;FLOAT16;FLOAT16;FLOAT16;FLOAT16;FLOAT16;FLOAT16;FLOAT16;FLOAT16;FLOAT16;FLOAT16;FLOAT16;FLOAT16;FLOAT16;FLOAT16;FLOAT16;FLOAT16;FLOAT16;FLOAT16;FLOAT16;FLOAT16;FLOAT16;FLOAT16;FLOAT16;FLOAT16;FLOAT16;FLOAT16;FLOAT16;FLOAT16;FLOAT16;FLOAT16;FLOAT16;FLOAT16;FLOAT16;FLOAT16;FLOAT16;FLOAT16;FLOAT16;FLOAT16;FLOAT16;FLOAT16;FLOAT16;FLOAT16;FLOAT16;FLOAT16;FLOAT16;FLOAT16;FLOAT16,ND;ND;ND;ND;ND;ND;ND;ND;ND;ND;ND;ND;ND;ND;ND;ND;ND;ND;ND;ND;ND;ND;ND;ND;ND;ND;ND;ND;ND;ND;ND;ND;ND;ND;ND;ND;ND;ND;ND;ND;ND;ND;ND;ND;ND;ND;ND;ND;ND;ND;ND;ND;ND;ND;ND;ND;ND;ND;ND;ND;ND;ND;ND;ND,"""64,160,16""",FLOAT16,ND,N/A,0.0,0,0.0,0.0,0.0,0.0,0.0,0.0,0.0,0.0,0.0,0.0,0.0,7.937,523873,0.017,0.002,3.645,0.459,3.571,0.45,1.019,0.128,0.0,0.000
0,4294967295,326,47,aclnnMul_MulAiCore_Mul,Mul,dynamic,AI_VECTOR_CORE,1785698519213268.691	,327.887,0.000000,40,0,NO,"""4096,4096;4096,4096""",FLOAT;FLOAT,ND;ND,"""4096,4096""",FLOAT,ND,N/A,0.0,0,0.0,0.0,0.0,0.0,0.0,0.0,0.0,0.0,0.0,0.0,0.0,325.494,21482636,6.784,0.021,3.034,0.009,323.902,0.995,110.027,0.338,0.0,0.000
0,4294967295,327,47,Concat,Concat,dynamic,AI_VECTOR_CORE,1785698519213596.598	,10.540,0.000000,40,0,NO,"""64,1,16;64,2,16;64,3,16;64,4,16;64,1,16;64,2,16;64,3,16;64,4,16;64,1,16;64,2,16;64,3,16;64,4,16;64,1,16;64,2,16;64,3,16;64,4,16;64,1,16;64,2,16;64,3,16;64,4,16;64,1,16;64,2,16;64,3,16;64,4,16;64,1,16;64,2,16;64,3,16;64,4,16;64,1,16;64,2,16;64,3,16;64,4,16;64,1,16;64,2,16;64,3,16;64,4,16;64,1,16;64,2,16;64,3,16;64,4,16;64,1,16;64,2,16;64,3,16;64,4,16;64,1,16;64,2,16;64,3,16;64,4,16;64,1,16;64,2,16;64,3,16;64,4,16;64,1,16;64,2,16;64,3,16;64,4,16;64,1,16;64,2,16;64,3,16;64,4,16;64,1,16;64,2,16;64,3,16;64,4,16""",FLOAT16;FLOAT16;FLOAT16;FLOAT16;FLOAT16;FLOAT16;FLOAT16;FLOAT16;FLOAT16;FLOAT16;FLOAT16;FLOAT16;FLOAT16;FLOAT16;FLOAT16;FLOAT16;FLOAT16;FLOAT16;FLOAT16;FLOAT16;FLOAT16;FLOAT16;FLOAT16;FLOAT16;FLOAT16;FLOAT16;FLOAT16;FLOAT16;FLOAT16;FLOAT16;FLOAT16;FLOAT16;FLOAT16;FLOAT16;FLOAT16;FLOAT16;FLOAT16;FLOAT16;FLOAT16;FLOAT16;FLOAT16;FLOAT16;FLOAT16;FLOAT16;FLOAT16;FLOAT16;FLOAT16;FLOAT16;FLOAT16;FLOAT16;FLOAT16;FLOAT16;FLOAT16;FLOAT16;FLOAT16;FLOAT16;FLOAT16;FLOAT16;FLOAT16;FLOAT16;FLOAT16;FLOAT16;FLOAT16;FLOAT16,ND;ND;ND;ND;ND;ND;ND;ND;ND;ND;ND;ND;ND;ND;ND;ND;ND;ND;ND;ND;ND;ND;ND;ND;ND;ND;ND;ND;ND;ND;ND;ND;ND;ND;ND;ND;ND;ND;ND;ND;ND;ND;ND;ND;ND;ND;ND;ND;ND;ND;ND;ND;ND;ND;ND;ND;ND;ND;ND;ND;ND;ND;ND;ND,"""64,160,16""",FLOAT16,ND,N/A,0.0,0,0.0,0.0,0.0,0.0,0.0,0.0,0.0,0.0,0.0,0.0,0.0,7.803,515006,0.017,0.002,3.847,0.493,3.537,0.453,1.023,0.131,0.0,0.000
0,4294967295,328,47,aclnnMul_MulAiCore_Mul,Mul,dynamic,AI_VECTOR_CORE,1785698519213607.158	,327.746,0.210000,40,0,NO,"""4096,4096;4096,4096""",FLOAT;FLOAT,ND;ND,"""4096,4096""",FLOAT,ND,N/A,0.0,0,0.0,0.0,0.0,0.0,0.0,0.0,0.0,0.0,0.0,0.0,0.0,325.483,21481861,6.784,0.021,3.011,0.009,323.911,0.995,109.379,0.336,0.0,0.000
0,4294967295,329,47,Concat,Concat,dynamic,AI_VECTOR_CORE,1785698519213934.924	,11.521,0.004000,40,0,NO,"""64,1,16;64,2,16;64,3,16;64,4,16;64,1,16;64,2,16;64,3,16;64,4,16;64,1,16;64,2,16;64,3,16;64,4,16;64,1,16;64,2,16;64,3,16;64,4,16;64,1,16;64,2,16;64,3,16;64,4,16;64,1,16;64,2,16;64,3,16;64,4,16;64,1,16;64,2,16;64,3,16;64,4,16;64,1,16;64,2,16;64,3,16;64,4,16;64,1,16;64,2,16;64,3,16;64,4,16;64,1,16;64,2,16;64,3,16;64,4,16;64,1,16;64,2,16;64,3,16;64,4,16;64,1,16;64,2,16;64,3,16;64,4,16;64,1,16;64,2,16;64,3,16;64,4,16;64,1,16;64,2,16;64,3,16;64,4,16;64,1,16;64,2,16;64,3,16;64,4,16;64,1,16;64,2,16;64,3,16;64,4,16""",FLOAT16;FLOAT16;FLOAT16;FLOAT16;FLOAT16;FLOAT16;FLOAT16;FLOAT16;FLOAT16;FLOAT16;FLOAT16;FLOAT16;FLOAT16;FLOAT16;FLOAT16;FLOAT16;FLOAT16;FLOAT16;FLOAT16;FLOAT16;FLOAT16;FLOAT16;FLOAT16;FLOAT16;FLOAT16;FLOAT16;FLOAT16;FLOAT16;FLOAT16;FLOAT16;FLOAT16;FLOAT16;FLOAT16;FLOAT16;FLOAT16;FLOAT16;FLOAT16;FLOAT16;FLOAT16;FLOAT16;FLOAT16;FLOAT16;FLOAT16;FLOAT16;FLOAT16;FLOAT16;FLOAT16;FLOAT16;FLOAT16;FLOAT16;FLOAT16;FLOAT16;FLOAT16;FLOAT16;FLOAT16;FLOAT16;FLOAT16;FLOAT16;FLOAT16;FLOAT16;FLOAT16;FLOAT16;FLOAT16;FLOAT16,ND;ND;ND;ND;ND;ND;ND;ND;ND;ND;ND;ND;ND;ND;ND;ND;ND;ND;ND;ND;ND;ND;ND;ND;ND;ND;ND;ND;ND;ND;ND;ND;ND;ND;ND;ND;ND;ND;ND;ND;ND;ND;ND;ND;ND;ND;ND;ND;ND;ND;ND;ND;ND;ND;ND;ND;ND;ND;ND;ND;ND;ND;ND;ND,"""64,160,16""",FLOAT16,ND,N/A,0.0,0,0.0,0.0,0.0,0.0,0.0,0.0,0.0,0.0,0.0,0.0,0.0,9.149,603828,0.017,0.002,4.451,0.486,3.882,0.424,1.238,0.135,0.0,0.000
0,4294967295,330,47,aclnnMul_MulAiCore_Mul,Mul,dynamic,AI_VECTOR_CORE,1785698519213946.465	,327.446,0.000000,40,0,NO,"""4096,4096;4096,4096""",FLOAT;FLOAT,ND;ND,"""4096,4096""",FLOAT,ND,N/A,0.0,0,0.0,0.0,0.0,0.0,0.0,0.0,0.0,0.0,0.0,0.0,0.0,325.216,21464231,6.784,0.021,2.917,0.009,323.709,0.995,109.429,0.336,0.0,0.000
0,4294967295,331,47,Concat,Concat,dynamic,AI_VECTOR_CORE,1785698519214273.951	,11.180,0.054000,40,0,NO,"""64,1,16;64,2,16;64,3,16;64,4,16;64,1,16;64,2,16;64,3,16;64,4,16;64,1,16;64,2,16;64,3,16;64,4,16;64,1,16;64,2,16;64,3,16;64,4,16;64,1,16;64,2,16;64,3,16;64,4,16;64,1,16;64,2,16;64,3,16;64,4,16;64,1,16;64,2,16;64,3,16;64,4,16;64,1,16;64,2,16;64,3,16;64,4,16;64,1,16;64,2,16;64,3,16;64,4,16;64,1,16;64,2,16;64,3,16;64,4,16;64,1,16;64,2,16;64,3,16;64,4,16;64,1,16;64,2,16;64,3,16;64,4,16;64,1,16;64,2,16;64,3,16;64,4,16;64,1,16;64,2,16;64,3,16;64,4,16;64,1,16;64,2,16;64,3,16;64,4,16;64,1,16;64,2,16;64,3,16;64,4,16""",FLOAT16;FLOAT16;FLOAT16;FLOAT16;FLOAT16;FLOAT16;FLOAT16;FLOAT16;FLOAT16;FLOAT16;FLOAT16;FLOAT16;FLOAT16;FLOAT16;FLOAT16;FLOAT16;FLOAT16;FLOAT16;FLOAT16;FLOAT16;FLOAT16;FLOAT16;FLOAT16;FLOAT16;FLOAT16;FLOAT16;FLOAT16;FLOAT16;FLOAT16;FLOAT16;FLOAT16;FLOAT16;FLOAT16;FLOAT16;FLOAT16;FLOAT16;FLOAT16;FLOAT16;FLOAT16;FLOAT16;FLOAT16;FLOAT16;FLOAT16;FLOAT16;FLOAT16;FLOAT16;FLOAT16;FLOAT16;FLOAT16;FLOAT16;FLOAT16;FLOAT16;FLOAT16;FLOAT16;FLOAT16;FLOAT16;FLOAT16;FLOAT16;FLOAT16;FLOAT16;FLOAT16;FLOAT16;FLOAT16;FLOAT16,ND;ND;ND;ND;ND;ND;ND;ND;ND;ND;ND;ND;ND;ND;ND;ND;ND;ND;ND;ND;ND;ND;ND;ND;ND;ND;ND;ND;ND;ND;ND;ND;ND;ND;ND;ND;ND;ND;ND;ND;ND;ND;ND;ND;ND;ND;ND;ND;ND;ND;ND;ND;ND;ND;ND;ND;ND;ND;ND;ND;ND;ND;ND;ND,"""64,160,16""",FLOAT16,ND,N/A,0.0,0,0.0,0.0,0.0,0.0,0.0,0.0,0.0,0.0,0.0,0.0,0.0,8.86,584750,0.017,0.002,4.634,0.523,3.66,0.413,1.069,0.121,0.0,0.000
0,4294967295,332,47,aclnnMul_MulAiCore_Mul,Mul,dynamic,AI_VECTOR_CORE,1785698519214285.151	,327.987,0.070000,40,0,NO,"""4096,4096;4096,4096""",FLOAT;FLOAT,ND;ND,"""4096,4096""",FLOAT,ND,N/A,0.0,0,0.0,0.0,0.0,0.0,0.0,0.0,0.0,0.0,0.0,0.0,0.0,325.449,21479650,6.784,0.021,3.028,0.009,323.928,0.995,108.869,0.335,0.0,0.000
0,4294967295,333,47,Concat,Concat,dynamic,AI_VECTOR_CORE,1785698519214613.158	,9.480,0.013000,40,0,NO,"""64,1,16;64,2,16;64,3,16;64,4,16;64,1,16;64,2,16;64,3,16;64,4,16;64,1,16;64,2,16;64,3,16;64,4,16;64,1,16;64,2,16;64,3,16;64,4,16;64,1,16;64,2,16;64,3,16;64,4,16;64,1,16;64,2,16;64,3,16;64,4,16;64,1,16;64,2,16;64,3,16;64,4,16;64,1,16;64,2,16;64,3,16;64,4,16;64,1,16;64,2,16;64,3,16;64,4,16;64,1,16;64,2,16;64,3,16;64,4,16;64,1,16;64,2,16;64,3,16;64,4,16;64,1,16;64,2,16;64,3,16;64,4,16;64,1,16;64,2,16;64,3,16;64,4,16;64,1,16;64,2,16;64,3,16;64,4,16;64,1,16;64,2,16;64,3,16;64,4,16;64,1,16;64,2,16;64,3,16;64,4,16""",FLOAT16;FLOAT16;FLOAT16;FLOAT16;FLOAT16;FLOAT16;FLOAT16;FLOAT16;FLOAT16;FLOAT16;FLOAT16;FLOAT16;FLOAT16;FLOAT16;FLOAT16;FLOAT16;FLOAT16;FLOAT16;FLOAT16;FLOAT16;FLOAT16;FLOAT16;FLOAT16;FLOAT16;FLOAT16;FLOAT16;FLOAT16;FLOAT16;FLOAT16;FLOAT16;FLOAT16;FLOAT16;FLOAT16;FLOAT16;FLOAT16;FLOAT16;FLOAT16;FLOAT16;FLOAT16;FLOAT16;FLOAT16;FLOAT16;FLOAT16;FLOAT16;FLOAT16;FLOAT16;FLOAT16;FLOAT16;FLOAT16;FLOAT16;FLOAT16;FLOAT16;FLOAT16;FLOAT16;FLOAT16;FLOAT16;FLOAT16;FLOAT16;FLOAT16;FLOAT16;FLOAT16;FLOAT16;FLOAT16;FLOAT16,ND;ND;ND;ND;ND;ND;ND;ND;ND;ND;ND;ND;ND;ND;ND;ND;ND;ND;ND;ND;ND;ND;ND;ND;ND;ND;ND;ND;ND;ND;ND;ND;ND;ND;ND;ND;ND;ND;ND;ND;ND;ND;ND;ND;ND;ND;ND;ND;ND;ND;ND;ND;ND;ND;ND;ND;ND;ND;ND;ND;ND;ND;ND;ND,"""64,160,16""",FLOAT16,ND,N/A,0.0,0,0.0,0.0,0.0,0.0,0.0,0.0,0.0,0.0,0.0,0.0,0.0,7.024,463600,0.017,0.002,3.726,0.53,2.763,0.393,1.029,0.147,0.0,0.000
0,4294967295,334,47,aclnnMul_MulAiCore_Mul,Mul,dynamic,AI_VECTOR_CORE,1785698519214622.678	,327.587,0.020000,40,0,NO,"""4096,4096;4096,4096""",FLOAT;FLOAT,ND;ND,"""4096,4096""",FLOAT,ND,N/A,0.0,0,0.0,0.0,0.0,0.0,0.0,0.0,0.0,0.0,0.0,0.0,0.0,325.279,21468405,6.784,0.021,3.024,0.009,323.681,0.995,109.42,0.336,0.0,0.000
0,4294967295,335,47,Concat,Concat,dynamic,AI_VECTOR_CORE,1785698519214950.285	,9.200,0.000000,40,0,NO,"""64,1,16;64,2,16;64,3,16;64,4,16;64,1,16;64,2,16;64,3,16;64,4,16;64,1,16;64,2,16;64,3,16;64,4,16;64,1,16;64,2,16;64,3,16;64,4,16;64,1,16;64,2,16;64,3,16;64,4,16;64,1,16;64,2,16;64,3,16;64,4,16;64,1,16;64,2,16;64,3,16;64,4,16;64,1,16;64,2,16;64,3,16;64,4,16;64,1,16;64,2,16;64,3,16;64,4,16;64,1,16;64,2,16;64,3,16;64,4,16;64,1,16;64,2,16;64,3,16;64,4,16;64,1,16;64,2,16;64,3,16;64,4,16;64,1,16;64,2,16;64,3,16;64,4,16;64,1,16;64,2,16;64,3,16;64,4,16;64,1,16;64,2,16;64,3,16;64,4,16;64,1,16;64,2,16;64,3,16;64,4,16""",FLOAT16;FLOAT16;FLOAT16;FLOAT16;FLOAT16;FLOAT16;FLOAT16;FLOAT16;FLOAT16;FLOAT16;FLOAT16;FLOAT16;FLOAT16;FLOAT16;FLOAT16;FLOAT16;FLOAT16;FLOAT16;FLOAT16;FLOAT16;FLOAT16;FLOAT16;FLOAT16;FLOAT16;FLOAT16;FLOAT16;FLOAT16;FLOAT16;FLOAT16;FLOAT16;FLOAT16;FLOAT16;FLOAT16;FLOAT16;FLOAT16;FLOAT16;FLOAT16;FLOAT16;FLOAT16;FLOAT16;FLOAT16;FLOAT16;FLOAT16;FLOAT16;FLOAT16;FLOAT16;FLOAT16;FLOAT16;FLOAT16;FLOAT16;FLOAT16;FLOAT16;FLOAT16;FLOAT16;FLOAT16;FLOAT16;FLOAT16;FLOAT16;FLOAT16;FLOAT16;FLOAT16;FLOAT16;FLOAT16;FLOAT16,ND;ND;ND;ND;ND;ND;ND;ND;ND;ND;ND;ND;ND;ND;ND;ND;ND;ND;ND;ND;ND;ND;ND;ND;ND;ND;ND;ND;ND;ND;ND;ND;ND;ND;ND;ND;ND;ND;ND;ND;ND;ND;ND;ND;ND;ND;ND;ND;ND;ND;ND;ND;ND;ND;ND;ND;ND;ND;ND;ND;ND;ND;ND;ND,"""64,160,16""",FLOAT16,ND,N/A,0.0,0,0.0,0.0,0.0,0.0,0.0,0.0,0.0,0.0,0.0,0.0,0.0,6.904,455645,0.017,0.002,3.57,0.517,2.601,0.377,1.04,0.151,0.0,0.000
0,4294967295,336,47,aclnnMul_MulAiCore_Mul,Mul,dynamic,AI_VECTOR_CORE,1785698519214959.505	,327.246,0.050000,40,0,NO,"""4096,4096;4096,4096""",FLOAT;FLOAT,ND;ND,"""4096,4096""",FLOAT,ND,N/A,0.0,0,0.0,0.0,0.0,0.0,0.0,0.0,0.0,0.0,0.0,0.0,0.0,325.232,21465281,6.784,0.021,3.024,0.009,323.698,0.995,108.078,0.332,0.0,0.000
0,4294967295,337,47,Concat,Concat,dynamic,AI_VECTOR_CORE,1785698519215286.791	,12.721,0.004000,40,0,NO,"""64,1,16;64,2,16;64,3,16;64,4,16;64,1,16;64,2,16;64,3,16;64,4,16;64,1,16;64,2,16;64,3,16;64,4,16;64,1,16;64,2,16;64,3,16;64,4,16;64,1,16;64,2,16;64,3,16;64,4,16;64,1,16;64,2,16;64,3,16;64,4,16;64,1,16;64,2,16;64,3,16;64,4,16;64,1,16;64,2,16;64,3,16;64,4,16;64,1,16;64,2,16;64,3,16;64,4,16;64,1,16;64,2,16;64,3,16;64,4,16;64,1,16;64,2,16;64,3,16;64,4,16;64,1,16;64,2,16;64,3,16;64,4,16;64,1,16;64,2,16;64,3,16;64,4,16;64,1,16;64,2,16;64,3,16;64,4,16;64,1,16;64,2,16;64,3,16;64,4,16;64,1,16;64,2,16;64,3,16;64,4,16""",FLOAT16;FLOAT16;FLOAT16;FLOAT16;FLOAT16;FLOAT16;FLOAT16;FLOAT16;FLOAT16;FLOAT16;FLOAT16;FLOAT16;FLOAT16;FLOAT16;FLOAT16;FLOAT16;FLOAT16;FLOAT16;FLOAT16;FLOAT16;FLOAT16;FLOAT16;FLOAT16;FLOAT16;FLOAT16;FLOAT16;FLOAT16;FLOAT16;FLOAT16;FLOAT16;FLOAT16;FLOAT16;FLOAT16;FLOAT16;FLOAT16;FLOAT16;FLOAT16;FLOAT16;FLOAT16;FLOAT16;FLOAT16;FLOAT16;FLOAT16;FLOAT16;FLOAT16;FLOAT16;FLOAT16;FLOAT16;FLOAT16;FLOAT16;FLOAT16;FLOAT16;FLOAT16;FLOAT16;FLOAT16;FLOAT16;FLOAT16;FLOAT16;FLOAT16;FLOAT16;FLOAT16;FLOAT16;FLOAT16;FLOAT16,ND;ND;ND;ND;ND;ND;ND;ND;ND;ND;ND;ND;ND;ND;ND;ND;ND;ND;ND;ND;ND;ND;ND;ND;ND;ND;ND;ND;ND;ND;ND;ND;ND;ND;ND;ND;ND;ND;ND;ND;ND;ND;ND;ND;ND;ND;ND;ND;ND;ND;ND;ND;ND;ND;ND;ND;ND;ND;ND;ND;ND;ND;ND;ND,"""64,160,16""",FLOAT16,ND,N/A,0.0,0,0.0,0.0,0.0,0.0,0.0,0.0,0.0,0.0,0.0,0.0,0.0,9.525,628651,0.017,0.002,3.809,0.4,4.791,0.503,1.218,0.128,0.0,0.000
0,4294967295,338,47,aclnnMul_MulAiCore_Mul,Mul,dynamic,AI_VECTOR_CORE,1785698519215299.532	,326.946,0.029000,40,0,NO,"""4096,4096;4096,4096""",FLOAT;FLOAT,ND;ND,"""4096,4096""",FLOAT,ND,N/A,0.0,0,0.0,0.0,0.0,0.0,0.0,0.0,0.0,0.0,0.0,0.0,0.0,324.945,21446341,6.784,0.021,3.12,0.01,323.27,0.995,108.544,0.334,0.0,0.000
0,4294967295,339,47,Concat,Concat,dynamic,AI_VECTOR_CORE,1785698519215626.498	,11.500,0.054000,40,0,NO,"""64,1,16;64,2,16;64,3,16;64,4,16;64,1,16;64,2,16;64,3,16;64,4,16;64,1,16;64,2,16;64,3,16;64,4,16;64,1,16;64,2,16;64,3,16;64,4,16;64,1,16;64,2,16;64,3,16;64,4,16;64,1,16;64,2,16;64,3,16;64,4,16;64,1,16;64,2,16;64,3,16;64,4,16;64,1,16;64,2,16;64,3,16;64,4,16;64,1,16;64,2,16;64,3,16;64,4,16;64,1,16;64,2,16;64,3,16;64,4,16;64,1,16;64,2,16;64,3,16;64,4,16;64,1,16;64,2,16;64,3,16;64,4,16;64,1,16;64,2,16;64,3,16;64,4,16;64,1,16;64,2,16;64,3,16;64,4,16;64,1,16;64,2,16;64,3,16;64,4,16;64,1,16;64,2,16;64,3,16;64,4,16""",FLOAT16;FLOAT16;FLOAT16;FLOAT16;FLOAT16;FLOAT16;FLOAT16;FLOAT16;FLOAT16;FLOAT16;FLOAT16;FLOAT16;FLOAT16;FLOAT16;FLOAT16;FLOAT16;FLOAT16;FLOAT16;FLOAT16;FLOAT16;FLOAT16;FLOAT16;FLOAT16;FLOAT16;FLOAT16;FLOAT16;FLOAT16;FLOAT16;FLOAT16;FLOAT16;FLOAT16;FLOAT16;FLOAT16;FLOAT16;FLOAT16;FLOAT16;FLOAT16;FLOAT16;FLOAT16;FLOAT16;FLOAT16;FLOAT16;FLOAT16;FLOAT16;FLOAT16;FLOAT16;FLOAT16;FLOAT16;FLOAT16;FLOAT16;FLOAT16;FLOAT16;FLOAT16;FLOAT16;FLOAT16;FLOAT16;FLOAT16;FLOAT16;FLOAT16;FLOAT16;FLOAT16;FLOAT16;FLOAT16;FLOAT16,ND;ND;ND;ND;ND;ND;ND;ND;ND;ND;ND;ND;ND;ND;ND;ND;ND;ND;ND;ND;ND;ND;ND;ND;ND;ND;ND;ND;ND;ND;ND;ND;ND;ND;ND;ND;ND;ND;ND;ND;ND;ND;ND;ND;ND;ND;ND;ND;ND;ND;ND;ND;ND;ND;ND;ND;ND;ND;ND;ND;ND;ND;ND;ND,"""64,160,16""",FLOAT16,ND,N/A,0.0,0,0.0,0.0,0.0,0.0,0.0,0.0,0.0,0.0,0.0,0.0,0.0,8.393,553935,0.017,0.002,3.704,0.441,3.958,0.472,1.066,0.127,0.0,0.000
0,4294967295,340,47,aclnnMul_MulAiCore_Mul,Mul,dynamic,AI_VECTOR_CORE,1785698519215638.018	,328.767,0.000000,40,0,NO,"""4096,4096;4096,4096""",FLOAT;FLOAT,ND;ND,"""4096,4096""",FLOAT,ND,N/A,0.0,0,0.0,0.0,0.0,0.0,0.0,0.0,0.0,0.0,0.0,0.0,0.0,326.1,21522632,6.784,0.021,3.063,0.009,324.489,0.995,111.056,0.341,0.0,0.000
0,4294967295,341,47,Concat,Concat,dynamic,AI_VECTOR_CORE,1785698519215966.805	,10.700,0.000000,40,0,NO,"""64,1,16;64,2,16;64,3,16;64,4,16;64,1,16;64,2,16;64,3,16;64,4,16;64,1,16;64,2,16;64,3,16;64,4,16;64,1,16;64,2,16;64,3,16;64,4,16;64,1,16;64,2,16;64,3,16;64,4,16;64,1,16;64,2,16;64,3,16;64,4,16;64,1,16;64,2,16;64,3,16;64,4,16;64,1,16;64,2,16;64,3,16;64,4,16;64,1,16;64,2,16;64,3,16;64,4,16;64,1,16;64,2,16;64,3,16;64,4,16;64,1,16;64,2,16;64,3,16;64,4,16;64,1,16;64,2,16;64,3,16;64,4,16;64,1,16;64,2,16;64,3,16;64,4,16;64,1,16;64,2,16;64,3,16;64,4,16;64,1,16;64,2,16;64,3,16;64,4,16;64,1,16;64,2,16;64,3,16;64,4,16""",FLOAT16;FLOAT16;FLOAT16;FLOAT16;FLOAT16;FLOAT16;FLOAT16;FLOAT16;FLOAT16;FLOAT16;FLOAT16;FLOAT16;FLOAT16;FLOAT16;FLOAT16;FLOAT16;FLOAT16;FLOAT16;FLOAT16;FLOAT16;FLOAT16;FLOAT16;FLOAT16;FLOAT16;FLOAT16;FLOAT16;FLOAT16;FLOAT16;FLOAT16;FLOAT16;FLOAT16;FLOAT16;FLOAT16;FLOAT16;FLOAT16;FLOAT16;FLOAT16;FLOAT16;FLOAT16;FLOAT16;FLOAT16;FLOAT16;FLOAT16;FLOAT16;FLOAT16;FLOAT16;FLOAT16;FLOAT16;FLOAT16;FLOAT16;FLOAT16;FLOAT16;FLOAT16;FLOAT16;FLOAT16;FLOAT16;FLOAT16;FLOAT16;FLOAT16;FLOAT16;FLOAT16;FLOAT16;FLOAT16;FLOAT16,ND;ND;ND;ND;ND;ND;ND;ND;ND;ND;ND;ND;ND;ND;ND;ND;ND;ND;ND;ND;ND;ND;ND;ND;ND;ND;ND;ND;ND;ND;ND;ND;ND;ND;ND;ND;ND;ND;ND;ND;ND;ND;ND;ND;ND;ND;ND;ND;ND;ND;ND;ND;ND;ND;ND;ND;ND;ND;ND;ND;ND;ND;ND;ND,"""64,160,16""",FLOAT16,ND,N/A,0.0,0,0.0,0.0,0.0,0.0,0.0,0.0,0.0,0.0,0.0,0.0,0.0,7.774,513063,0.017,0.002,3.706,0.477,3.457,0.445,0.988,0.127,0.0,0.000
0,4294967295,342,47,aclnnMul_MulAiCore_Mul,Mul,dynamic,AI_VECTOR_CORE,1785698519215977.525	,326.987,0.050000,40,0,NO,"""4096,4096;4096,4096""",FLOAT;FLOAT,ND;ND,"""4096,4096""",FLOAT,ND,N/A,0.0,0,0.0,0.0,0.0,0.0,0.0,0.0,0.0,0.0,0.0,0.0,0.0,325.267,21467636,6.784,0.021,3.111,0.01,323.66,0.995,108.334,0.333,0.0,0.000
0,4294967295,343,47,Concat,Concat,dynamic,AI_VECTOR_CORE,1785698519216304.552	,10.640,0.013000,40,0,NO,"""64,1,16;64,2,16;64,3,16;64,4,16;64,1,16;64,2,16;64,3,16;64,4,16;64,1,16;64,2,16;64,3,16;64,4,16;64,1,16;64,2,16;64,3,16;64,4,16;64,1,16;64,2,16;64,3,16;64,4,16;64,1,16;64,2,16;64,3,16;64,4,16;64,1,16;64,2,16;64,3,16;64,4,16;64,1,16;64,2,16;64,3,16;64,4,16;64,1,16;64,2,16;64,3,16;64,4,16;64,1,16;64,2,16;64,3,16;64,4,16;64,1,16;64,2,16;64,3,16;64,4,16;64,1,16;64,2,16;64,3,16;64,4,16;64,1,16;64,2,16;64,3,16;64,4,16;64,1,16;64,2,16;64,3,16;64,4,16;64,1,16;64,2,16;64,3,16;64,4,16;64,1,16;64,2,16;64,3,16;64,4,16""",FLOAT16;FLOAT16;FLOAT16;FLOAT16;FLOAT16;FLOAT16;FLOAT16;FLOAT16;FLOAT16;FLOAT16;FLOAT16;FLOAT16;FLOAT16;FLOAT16;FLOAT16;FLOAT16;FLOAT16;FLOAT16;FLOAT16;FLOAT16;FLOAT16;FLOAT16;FLOAT16;FLOAT16;FLOAT16;FLOAT16;FLOAT16;FLOAT16;FLOAT16;FLOAT16;FLOAT16;FLOAT16;FLOAT16;FLOAT16;FLOAT16;FLOAT16;FLOAT16;FLOAT16;FLOAT16;FLOAT16;FLOAT16;FLOAT16;FLOAT16;FLOAT16;FLOAT16;FLOAT16;FLOAT16;FLOAT16;FLOAT16;FLOAT16;FLOAT16;FLOAT16;FLOAT16;FLOAT16;FLOAT16;FLOAT16;FLOAT16;FLOAT16;FLOAT16;FLOAT16;FLOAT16;FLOAT16;FLOAT16;FLOAT16,ND;ND;ND;ND;ND;ND;ND;ND;ND;ND;ND;ND;ND;ND;ND;ND;ND;ND;ND;ND;ND;ND;ND;ND;ND;ND;ND;ND;ND;ND;ND;ND;ND;ND;ND;ND;ND;ND;ND;ND;ND;ND;ND;ND;ND;ND;ND;ND;ND;ND;ND;ND;ND;ND;ND;ND;ND;ND;ND;ND;ND;ND;ND;ND,"""64,160,16""",FLOAT16,ND,N/A,0.0,0,0.0,0.0,0.0,0.0,0.0,0.0,0.0,0.0,0.0,0.0,0.0,7.908,521927,0.017,0.002,3.572,0.452,3.508,0.444,1.121,0.142,0.0,0.000
0,4294967295,344,47,aclnnMul_MulAiCore_Mul,Mul,dynamic,AI_VECTOR_CORE,1785698519216315.212	,328.567,0.110000,40,0,NO,"""4096,4096;4096,4096""",FLOAT;FLOAT,ND;ND,"""4096,4096""",FLOAT,ND,N/A,0.0,0,0.0,0.0,0.0,0.0,0.0,0.0,0.0,0.0,0.0,0.0,0.0,326.056,21519679,6.784,0.021,2.952,0.009,324.537,0.995,110.371,0.339,0.0,0.000
0,4294967295,345,47,Concat,Concat,dynamic,AI_VECTOR_CORE,1785698519216643.799	,11.140,0.000000,40,0,NO,"""64,1,16;64,2,16;64,3,16;64,4,16;64,1,16;64,2,16;64,3,16;64,4,16;64,1,16;64,2,16;64,3,16;64,4,16;64,1,16;64,2,16;64,3,16;64,4,16;64,1,16;64,2,16;64,3,16;64,4,16;64,1,16;64,2,16;64,3,16;64,4,16;64,1,16;64,2,16;64,3,16;64,4,16;64,1,16;64,2,16;64,3,16;64,4,16;64,1,16;64,2,16;64,3,16;64,4,16;64,1,16;64,2,16;64,3,16;64,4,16;64,1,16;64,2,16;64,3,16;64,4,16;64,1,16;64,2,16;64,3,16;64,4,16;64,1,16;64,2,16;64,3,16;64,4,16;64,1,16;64,2,16;64,3,16;64,4,16;64,1,16;64,2,16;64,3,16;64,4,16;64,1,16;64,2,16;64,3,16;64,4,16""",FLOAT16;FLOAT16;FLOAT16;FLOAT16;FLOAT16;FLOAT16;FLOAT16;FLOAT16;FLOAT16;FLOAT16;FLOAT16;FLOAT16;FLOAT16;FLOAT16;FLOAT16;FLOAT16;FLOAT16;FLOAT16;FLOAT16;FLOAT16;FLOAT16;FLOAT16;FLOAT16;FLOAT16;FLOAT16;FLOAT16;FLOAT16;FLOAT16;FLOAT16;FLOAT16;FLOAT16;FLOAT16;FLOAT16;FLOAT16;FLOAT16;FLOAT16;FLOAT16;FLOAT16;FLOAT16;FLOAT16;FLOAT16;FLOAT16;FLOAT16;FLOAT16;FLOAT16;FLOAT16;FLOAT16;FLOAT16;FLOAT16;FLOAT16;FLOAT16;FLOAT16;FLOAT16;FLOAT16;FLOAT16;FLOAT16;FLOAT16;FLOAT16;FLOAT16;FLOAT16;FLOAT16;FLOAT16;FLOAT16;FLOAT16,ND;ND;ND;ND;ND;ND;ND;ND;ND;ND;ND;ND;ND;ND;ND;ND;ND;ND;ND;ND;ND;ND;ND;ND;ND;ND;ND;ND;ND;ND;ND;ND;ND;ND;ND;ND;ND;ND;ND;ND;ND;ND;ND;ND;ND;ND;ND;ND;ND;ND;ND;ND;ND;ND;ND;ND;ND;ND;ND;ND;ND;ND;ND;ND,"""64,160,16""",FLOAT16,ND,N/A,0.0,0,0.0,0.0,0.0,0.0,0.0,0.0,0.0,0.0,0.0,0.0,0.0,8.666,571935,0.017,0.002,4.861,0.561,3.492,0.403,1.048,0.121,0.0,0.000
0,4294967295,346,47,aclnnMul_MulAiCore_Mul,Mul,dynamic,AI_VECTOR_CORE,1785698519216654.959	,327.446,0.110000,40,0,NO,"""4096,4096;4096,4096""",FLOAT;FLOAT,ND;ND,"""4096,4096""",FLOAT,ND,N/A,0.0,0,0.0,0.0,0.0,0.0,0.0,0.0,0.0,0.0,0.0,0.0,0.0,325.677,21494672,6.784,0.021,3.013,0.009,324.15,0.995,108.707,0.334,0.0,0.000
0,4294967295,347,47,Concat,Concat,dynamic,AI_VECTOR_CORE,1785698519216982.425	,10.901,0.054000,40,0,NO,"""64,1,16;64,2,16;64,3,16;64,4,16;64,1,16;64,2,16;64,3,16;64,4,16;64,1,16;64,2,16;64,3,16;64,4,16;64,1,16;64,2,16;64,3,16;64,4,16;64,1,16;64,2,16;64,3,16;64,4,16;64,1,16;64,2,16;64,3,16;64,4,16;64,1,16;64,2,16;64,3,16;64,4,16;64,1,16;64,2,16;64,3,16;64,4,16;64,1,16;64,2,16;64,3,16;64,4,16;64,1,16;64,2,16;64,3,16;64,4,16;64,1,16;64,2,16;64,3,16;64,4,16;64,1,16;64,2,16;64,3,16;64,4,16;64,1,16;64,2,16;64,3,16;64,4,16;64,1,16;64,2,16;64,3,16;64,4,16;64,1,16;64,2,16;64,3,16;64,4,16;64,1,16;64,2,16;64,3,16;64,4,16""",FLOAT16;FLOAT16;FLOAT16;FLOAT16;FLOAT16;FLOAT16;FLOAT16;FLOAT16;FLOAT16;FLOAT16;FLOAT16;FLOAT16;FLOAT16;FLOAT16;FLOAT16;FLOAT16;FLOAT16;FLOAT16;FLOAT16;FLOAT16;FLOAT16;FLOAT16;FLOAT16;FLOAT16;FLOAT16;FLOAT16;FLOAT16;FLOAT16;FLOAT16;FLOAT16;FLOAT16;FLOAT16;FLOAT16;FLOAT16;FLOAT16;FLOAT16;FLOAT16;FLOAT16;FLOAT16;FLOAT16;FLOAT16;FLOAT16;FLOAT16;FLOAT16;FLOAT16;FLOAT16;FLOAT16;FLOAT16;FLOAT16;FLOAT16;FLOAT16;FLOAT16;FLOAT16;FLOAT16;FLOAT16;FLOAT16;FLOAT16;FLOAT16;FLOAT16;FLOAT16;FLOAT16;FLOAT16;FLOAT16;FLOAT16,ND;ND;ND;ND;ND;ND;ND;ND;ND;ND;ND;ND;ND;ND;ND;ND;ND;ND;ND;ND;ND;ND;ND;ND;ND;ND;ND;ND;ND;ND;ND;ND;ND;ND;ND;ND;ND;ND;ND;ND;ND;ND;ND;ND;ND;ND;ND;ND;ND;ND;ND;ND;ND;ND;ND;ND;ND;ND;ND;ND;ND;ND;ND;ND,"""64,160,16""",FLOAT16,ND,N/A,0.0,0,0.0,0.0,0.0,0.0,0.0,0.0,0.0,0.0,0.0,0.0,0.0,8.574,565911,0.017,0.002,4.306,0.502,3.816,0.445,1.103,0.129,0.0,0.000
0,4294967295,348,47,aclnnMul_MulAiCore_Mul,Mul,dynamic,AI_VECTOR_CORE,1785698519216993.366	,328.326,0.000000,40,0,NO,"""4096,4096;4096,4096""",FLOAT;FLOAT,ND;ND,"""4096,4096""",FLOAT,ND,N/A,0.0,0,0.0,0.0,0.0,0.0,0.0,0.0,0.0,0.0,0.0,0.0,0.0,325.789,21502041,6.784,0.021,2.915,0.009,324.36,0.996,108.94,0.334,0.0,0.000
0,4294967295,349,47,Concat,Concat,dynamic,AI_VECTOR_CORE,1785698519217321.712	,9.420,0.174000,40,0,NO,"""64,1,16;64,2,16;64,3,16;64,4,16;64,1,16;64,2,16;64,3,16;64,4,16;64,1,16;64,2,16;64,3,16;64,4,16;64,1,16;64,2,16;64,3,16;64,4,16;64,1,16;64,2,16;64,3,16;64,4,16;64,1,16;64,2,16;64,3,16;64,4,16;64,1,16;64,2,16;64,3,16;64,4,16;64,1,16;64,2,16;64,3,16;64,4,16;64,1,16;64,2,16;64,3,16;64,4,16;64,1,16;64,2,16;64,3,16;64,4,16;64,1,16;64,2,16;64,3,16;64,4,16;64,1,16;64,2,16;64,3,16;64,4,16;64,1,16;64,2,16;64,3,16;64,4,16;64,1,16;64,2,16;64,3,16;64,4,16;64,1,16;64,2,16;64,3,16;64,4,16;64,1,16;64,2,16;64,3,16;64,4,16""",FLOAT16;FLOAT16;FLOAT16;FLOAT16;FLOAT16;FLOAT16;FLOAT16;FLOAT16;FLOAT16;FLOAT16;FLOAT16;FLOAT16;FLOAT16;FLOAT16;FLOAT16;FLOAT16;FLOAT16;FLOAT16;FLOAT16;FLOAT16;FLOAT16;FLOAT16;FLOAT16;FLOAT16;FLOAT16;FLOAT16;FLOAT16;FLOAT16;FLOAT16;FLOAT16;FLOAT16;FLOAT16;FLOAT16;FLOAT16;FLOAT16;FLOAT16;FLOAT16;FLOAT16;FLOAT16;FLOAT16;FLOAT16;FLOAT16;FLOAT16;FLOAT16;FLOAT16;FLOAT16;FLOAT16;FLOAT16;FLOAT16;FLOAT16;FLOAT16;FLOAT16;FLOAT16;FLOAT16;FLOAT16;FLOAT16;FLOAT16;FLOAT16;FLOAT16;FLOAT16;FLOAT16;FLOAT16;FLOAT16;FLOAT16,ND;ND;ND;ND;ND;ND;ND;ND;ND;ND;ND;ND;ND;ND;ND;ND;ND;ND;ND;ND;ND;ND;ND;ND;ND;ND;ND;ND;ND;ND;ND;ND;ND;ND;ND;ND;ND;ND;ND;ND;ND;ND;ND;ND;ND;ND;ND;ND;ND;ND;ND;ND;ND;ND;ND;ND;ND;ND;ND;ND;ND;ND;ND;ND,"""64,160,16""",FLOAT16,ND,N/A,0.0,0,0.0,0.0,0.0,0.0,0.0,0.0,0.0,0.0,0.0,0.0,0.0,7.133,470762,0.017,0.002,3.754,0.526,2.688,0.377,1.061,0.149,0.0,0.000
0,4294967295,350,47,aclnnMul_MulAiCore_Mul,Mul,dynamic,AI_VECTOR_CORE,1785698519217331.152	,327.607,0.080000,40,0,NO,"""4096,4096;4096,4096""",FLOAT;FLOAT,ND;ND,"""4096,4096""",FLOAT,ND,N/A,0.0,0,0.0,0.0,0.0,0.0,0.0,0.0,0.0,0.0,0.0,0.0,0.0,325.635,21491921,6.784,0.021,3.03,0.009,324.058,0.995,107.588,0.33,0.0,0.000
0,4294967295,351,47,Concat,Concat,dynamic,AI_VECTOR_CORE,1785698519217658.779	,9.540,0.000000,40,0,NO,"""64,1,16;64,2,16;64,3,16;64,4,16;64,1,16;64,2,16;64,3,16;64,4,16;64,1,16;64,2,16;64,3,16;64,4,16;64,1,16;64,2,16;64,3,16;64,4,16;64,1,16;64,2,16;64,3,16;64,4,16;64,1,16;64,2,16;64,3,16;64,4,16;64,1,16;64,2,16;64,3,16;64,4,16;64,1,16;64,2,16;64,3,16;64,4,16;64,1,16;64,2,16;64,3,16;64,4,16;64,1,16;64,2,16;64,3,16;64,4,16;64,1,16;64,2,16;64,3,16;64,4,16;64,1,16;64,2,16;64,3,16;64,4,16;64,1,16;64,2,16;64,3,16;64,4,16;64,1,16;64,2,16;64,3,16;64,4,16;64,1,16;64,2,16;64,3,16;64,4,16;64,1,16;64,2,16;64,3,16;64,4,16""",FLOAT16;FLOAT16;FLOAT16;FLOAT16;FLOAT16;FLOAT16;FLOAT16;FLOAT16;FLOAT16;FLOAT16;FLOAT16;FLOAT16;FLOAT16;FLOAT16;FLOAT16;FLOAT16;FLOAT16;FLOAT16;FLOAT16;FLOAT16;FLOAT16;FLOAT16;FLOAT16;FLOAT16;FLOAT16;FLOAT16;FLOAT16;FLOAT16;FLOAT16;FLOAT16;FLOAT16;FLOAT16;FLOAT16;FLOAT16;FLOAT16;FLOAT16;FLOAT16;FLOAT16;FLOAT16;FLOAT16;FLOAT16;FLOAT16;FLOAT16;FLOAT16;FLOAT16;FLOAT16;FLOAT16;FLOAT16;FLOAT16;FLOAT16;FLOAT16;FLOAT16;FLOAT16;FLOAT16;FLOAT16;FLOAT16;FLOAT16;FLOAT16;FLOAT16;FLOAT16;FLOAT16;FLOAT16;FLOAT16;FLOAT16,ND;ND;ND;ND;ND;ND;ND;ND;ND;ND;ND;ND;ND;ND;ND;ND;ND;ND;ND;ND;ND;ND;ND;ND;ND;ND;ND;ND;ND;ND;ND;ND;ND;ND;ND;ND;ND;ND;ND;ND;ND;ND;ND;ND;ND;ND;ND;ND;ND;ND;ND;ND;ND;ND;ND;ND;ND;ND;ND;ND;ND;ND;ND;ND,"""64,160,16""",FLOAT16,ND,N/A,0.0,0,0.0,0.0,0.0,0.0,0.0,0.0,0.0,0.0,0.0,0.0,0.0,7.4,488427,0.017,0.002,3.794,0.513,2.88,0.389,1.129,0.153,0.0,0.000
0,4294967295,352,47,aclnnMul_MulAiCore_Mul,Mul,dynamic,AI_VECTOR_CORE,1785698519217668.359	,328.127,0.000000,40,0,NO,"""4096,4096;4096,4096""",FLOAT;FLOAT,ND;ND,"""4096,4096""",FLOAT,ND,N/A,0.0,0,0.0,0.0,0.0,0.0,0.0,0.0,0.0,0.0,0.0,0.0,0.0,325.843,21505636,6.784,0.021,3.038,0.009,324.254,0.995,107.902,0.331,0.0,0.000
0,4294967295,353,47,Concat,Concat,dynamic,AI_VECTOR_CORE,1785698519217996.506	,12.040,0.123000,40,0,NO,"""64,1,16;64,2,16;64,3,16;64,4,16;64,1,16;64,2,16;64,3,16;64,4,16;64,1,16;64,2,16;64,3,16;64,4,16;64,1,16;64,2,16;64,3,16;64,4,16;64,1,16;64,2,16;64,3,16;64,4,16;64,1,16;64,2,16;64,3,16;64,4,16;64,1,16;64,2,16;64,3,16;64,4,16;64,1,16;64,2,16;64,3,16;64,4,16;64,1,16;64,2,16;64,3,16;64,4,16;64,1,16;64,2,16;64,3,16;64,4,16;64,1,16;64,2,16;64,3,16;64,4,16;64,1,16;64,2,16;64,3,16;64,4,16;64,1,16;64,2,16;64,3,16;64,4,16;64,1,16;64,2,16;64,3,16;64,4,16;64,1,16;64,2,16;64,3,16;64,4,16;64,1,16;64,2,16;64,3,16;64,4,16""",FLOAT16;FLOAT16;FLOAT16;FLOAT16;FLOAT16;FLOAT16;FLOAT16;FLOAT16;FLOAT16;FLOAT16;FLOAT16;FLOAT16;FLOAT16;FLOAT16;FLOAT16;FLOAT16;FLOAT16;FLOAT16;FLOAT16;FLOAT16;FLOAT16;FLOAT16;FLOAT16;FLOAT16;FLOAT16;FLOAT16;FLOAT16;FLOAT16;FLOAT16;FLOAT16;FLOAT16;FLOAT16;FLOAT16;FLOAT16;FLOAT16;FLOAT16;FLOAT16;FLOAT16;FLOAT16;FLOAT16;FLOAT16;FLOAT16;FLOAT16;FLOAT16;FLOAT16;FLOAT16;FLOAT16;FLOAT16;FLOAT16;FLOAT16;FLOAT16;FLOAT16;FLOAT16;FLOAT16;FLOAT16;FLOAT16;FLOAT16;FLOAT16;FLOAT16;FLOAT16;FLOAT16;FLOAT16;FLOAT16;FLOAT16,ND;ND;ND;ND;ND;ND;ND;ND;ND;ND;ND;ND;ND;ND;ND;ND;ND;ND;ND;ND;ND;ND;ND;ND;ND;ND;ND;ND;ND;ND;ND;ND;ND;ND;ND;ND;ND;ND;ND;ND;ND;ND;ND;ND;ND;ND;ND;ND;ND;ND;ND;ND;ND;ND;ND;ND;ND;ND;ND;ND;ND;ND;ND;ND,"""64,160,16""",FLOAT16,ND,N/A,0.0,0,0.0,0.0,0.0,0.0,0.0,0.0,0.0,0.0,0.0,0.0,0.0,9.07,598598,0.017,0.002,3.751,0.414,4.439,0.489,1.288,0.142,0.0,0.000
0,4294967295,354,47,aclnnMul_MulAiCore_Mul,Mul,dynamic,AI_VECTOR_CORE,1785698519218008.566	,327.106,0.000000,40,0,NO,"""4096,4096;4096,4096""",FLOAT;FLOAT,ND;ND,"""4096,4096""",FLOAT,ND,N/A,0.0,0,0.0,0.0,0.0,0.0,0.0,0.0,0.0,0.0,0.0,0.0,0.0,324.863,21440954,6.784,0.021,3.097,0.01,323.241,0.995,107.349,0.33,0.0,0.000
0,4294967295,355,47,Concat,Concat,dynamic,AI_VECTOR_CORE,1785698519218335.692	,12.361,0.144000,40,0,NO,"""64,1,16;64,2,16;64,3,16;64,4,16;64,1,16;64,2,16;64,3,16;64,4,16;64,1,16;64,2,16;64,3,16;64,4,16;64,1,16;64,2,16;64,3,16;64,4,16;64,1,16;64,2,16;64,3,16;64,4,16;64,1,16;64,2,16;64,3,16;64,4,16;64,1,16;64,2,16;64,3,16;64,4,16;64,1,16;64,2,16;64,3,16;64,4,16;64,1,16;64,2,16;64,3,16;64,4,16;64,1,16;64,2,16;64,3,16;64,4,16;64,1,16;64,2,16;64,3,16;64,4,16;64,1,16;64,2,16;64,3,16;64,4,16;64,1,16;64,2,16;64,3,16;64,4,16;64,1,16;64,2,16;64,3,16;64,4,16;64,1,16;64,2,16;64,3,16;64,4,16;64,1,16;64,2,16;64,3,16;64,4,16""",FLOAT16;FLOAT16;FLOAT16;FLOAT16;FLOAT16;FLOAT16;FLOAT16;FLOAT16;FLOAT16;FLOAT16;FLOAT16;FLOAT16;FLOAT16;FLOAT16;FLOAT16;FLOAT16;FLOAT16;FLOAT16;FLOAT16;FLOAT16;FLOAT16;FLOAT16;FLOAT16;FLOAT16;FLOAT16;FLOAT16;FLOAT16;FLOAT16;FLOAT16;FLOAT16;FLOAT16;FLOAT16;FLOAT16;FLOAT16;FLOAT16;FLOAT16;FLOAT16;FLOAT16;FLOAT16;FLOAT16;FLOAT16;FLOAT16;FLOAT16;FLOAT16;FLOAT16;FLOAT16;FLOAT16;FLOAT16;FLOAT16;FLOAT16;FLOAT16;FLOAT16;FLOAT16;FLOAT16;FLOAT16;FLOAT16;FLOAT16;FLOAT16;FLOAT16;FLOAT16;FLOAT16;FLOAT16;FLOAT16;FLOAT16,ND;ND;ND;ND;ND;ND;ND;ND;ND;ND;ND;ND;ND;ND;ND;ND;ND;ND;ND;ND;ND;ND;ND;ND;ND;ND;ND;ND;ND;ND;ND;ND;ND;ND;ND;ND;ND;ND;ND;ND;ND;ND;ND;ND;ND;ND;ND;ND;ND;ND;ND;ND;ND;ND;ND;ND;ND;ND;ND;ND;ND;ND;ND;ND,"""64,160,16""",FLOAT16,ND,N/A,0.0,0,0.0,0.0,0.0,0.0,0.0,0.0,0.0,0.0,0.0,0.0,0.0,9.233,609402,0.017,0.002,3.778,0.409,4.725,0.512,1.029,0.111,0.0,0.000
0,4294967295,356,47,aclnnMul_MulAiCore_Mul,Mul,dynamic,AI_VECTOR_CORE,1785698519218348.073	,328.186,0.000000,40,0,NO,"""4096,4096;4096,4096""",FLOAT;FLOAT,ND;ND,"""4096,4096""",FLOAT,ND,N/A,0.0,0,0.0,0.0,0.0,0.0,0.0,0.0,0.0,0.0,0.0,0.0,0.0,325.999,21515949,6.784,0.021,3.008,0.009,324.454,0.995,108.808,0.334,0.0,0.000
0,4294967295,357,47,Concat,Concat,dynamic,AI_VECTOR_CORE,1785698519218676.299	,10.760,0.064000,40,0,NO,"""64,1,16;64,2,16;64,3,16;64,4,16;64,1,16;64,2,16;64,3,16;64,4,16;64,1,16;64,2,16;64,3,16;64,4,16;64,1,16;64,2,16;64,3,16;64,4,16;64,1,16;64,2,16;64,3,16;64,4,16;64,1,16;64,2,16;64,3,16;64,4,16;64,1,16;64,2,16;64,3,16;64,4,16;64,1,16;64,2,16;64,3,16;64,4,16;64,1,16;64,2,16;64,3,16;64,4,16;64,1,16;64,2,16;64,3,16;64,4,16;64,1,16;64,2,16;64,3,16;64,4,16;64,1,16;64,2,16;64,3,16;64,4,16;64,1,16;64,2,16;64,3,16;64,4,16;64,1,16;64,2,16;64,3,16;64,4,16;64,1,16;64,2,16;64,3,16;64,4,16;64,1,16;64,2,16;64,3,16;64,4,16""",FLOAT16;FLOAT16;FLOAT16;FLOAT16;FLOAT16;FLOAT16;FLOAT16;FLOAT16;FLOAT16;FLOAT16;FLOAT16;FLOAT16;FLOAT16;FLOAT16;FLOAT16;FLOAT16;FLOAT16;FLOAT16;FLOAT16;FLOAT16;FLOAT16;FLOAT16;FLOAT16;FLOAT16;FLOAT16;FLOAT16;FLOAT16;FLOAT16;FLOAT16;FLOAT16;FLOAT16;FLOAT16;FLOAT16;FLOAT16;FLOAT16;FLOAT16;FLOAT16;FLOAT16;FLOAT16;FLOAT16;FLOAT16;FLOAT16;FLOAT16;FLOAT16;FLOAT16;FLOAT16;FLOAT16;FLOAT16;FLOAT16;FLOAT16;FLOAT16;FLOAT16;FLOAT16;FLOAT16;FLOAT16;FLOAT16;FLOAT16;FLOAT16;FLOAT16;FLOAT16;FLOAT16;FLOAT16;FLOAT16;FLOAT16,ND;ND;ND;ND;ND;ND;ND;ND;ND;ND;ND;ND;ND;ND;ND;ND;ND;ND;ND;ND;ND;ND;ND;ND;ND;ND;ND;ND;ND;ND;ND;ND;ND;ND;ND;ND;ND;ND;ND;ND;ND;ND;ND;ND;ND;ND;ND;ND;ND;ND;ND;ND;ND;ND;ND;ND;ND;ND;ND;ND;ND;ND;ND;ND,"""64,160,16""",FLOAT16,ND,N/A,0.0,0,0.0,0.0,0.0,0.0,0.0,0.0,0.0,0.0,0.0,0.0,0.0,7.7,508175,0.017,0.002,3.676,0.477,3.366,0.437,1.001,0.13,0.0,0.000
0,4294967295,358,47,aclnnMul_MulAiCore_Mul,Mul,dynamic,AI_VECTOR_CORE,1785698519218687.079	,326.767,0.000000,40,0,NO,"""4096,4096;4096,4096""",FLOAT;FLOAT,ND;ND,"""4096,4096""",FLOAT,ND,N/A,0.0,0,0.0,0.0,0.0,0.0,0.0,0.0,0.0,0.0,0.0,0.0,0.0,324.69,21429566,6.784,0.021,3.088,0.01,323.074,0.995,108.942,0.336,0.0,0.000
0,4294967295,359,47,Concat,Concat,dynamic,AI_VECTOR_CORE,1785698519219013.866	,10.560,0.000000,40,0,NO,"""64,1,16;64,2,16;64,3,16;64,4,16;64,1,16;64,2,16;64,3,16;64,4,16;64,1,16;64,2,16;64,3,16;64,4,16;64,1,16;64,2,16;64,3,16;64,4,16;64,1,16;64,2,16;64,3,16;64,4,16;64,1,16;64,2,16;64,3,16;64,4,16;64,1,16;64,2,16;64,3,16;64,4,16;64,1,16;64,2,16;64,3,16;64,4,16;64,1,16;64,2,16;64,3,16;64,4,16;64,1,16;64,2,16;64,3,16;64,4,16;64,1,16;64,2,16;64,3,16;64,4,16;64,1,16;64,2,16;64,3,16;64,4,16;64,1,16;64,2,16;64,3,16;64,4,16;64,1,16;64,2,16;64,3,16;64,4,16;64,1,16;64,2,16;64,3,16;64,4,16;64,1,16;64,2,16;64,3,16;64,4,16""",FLOAT16;FLOAT16;FLOAT16;FLOAT16;FLOAT16;FLOAT16;FLOAT16;FLOAT16;FLOAT16;FLOAT16;FLOAT16;FLOAT16;FLOAT16;FLOAT16;FLOAT16;FLOAT16;FLOAT16;FLOAT16;FLOAT16;FLOAT16;FLOAT16;FLOAT16;FLOAT16;FLOAT16;FLOAT16;FLOAT16;FLOAT16;FLOAT16;FLOAT16;FLOAT16;FLOAT16;FLOAT16;FLOAT16;FLOAT16;FLOAT16;FLOAT16;FLOAT16;FLOAT16;FLOAT16;FLOAT16;FLOAT16;FLOAT16;FLOAT16;FLOAT16;FLOAT16;FLOAT16;FLOAT16;FLOAT16;FLOAT16;FLOAT16;FLOAT16;FLOAT16;FLOAT16;FLOAT16;FLOAT16;FLOAT16;FLOAT16;FLOAT16;FLOAT16;FLOAT16;FLOAT16;FLOAT16;FLOAT16;FLOAT16,ND;ND;ND;ND;ND;ND;ND;ND;ND;ND;ND;ND;ND;ND;ND;ND;ND;ND;ND;ND;ND;ND;ND;ND;ND;ND;ND;ND;ND;ND;ND;ND;ND;ND;ND;ND;ND;ND;ND;ND;ND;ND;ND;ND;ND;ND;ND;ND;ND;ND;ND;ND;ND;ND;ND;ND;ND;ND;ND;ND;ND;ND;ND;ND,"""64,160,16""",FLOAT16,ND,N/A,0.0,0,0.0,0.0,0.0,0.0,0.0,0.0,0.0,0.0,0.0,0.0,0.0,7.598,501475,0.017,0.002,3.845,0.506,3.404,0.448,0.976,0.128,0.0,0.000
0,4294967295,360,47,aclnnMul_MulAiCore_Mul,Mul,dynamic,AI_VECTOR_CORE,1785698519219024.446	,327.007,0.190000,40,0,NO,"""4096,4096;4096,4096""",FLOAT;FLOAT,ND;ND,"""4096,4096""",FLOAT,ND,N/A,0.0,0,0.0,0.0,0.0,0.0,0.0,0.0,0.0,0.0,0.0,0.0,0.0,324.601,21423674,6.784,0.021,2.95,0.009,323.129,0.995,109.127,0.336,0.0,0.000
0,4294967295,361,47,Concat,Concat,dynamic,AI_VECTOR_CORE,1785698519219351.473	,11.860,0.000000,40,0,NO,"""64,1,16;64,2,16;64,3,16;64,4,16;64,1,16;64,2,16;64,3,16;64,4,16;64,1,16;64,2,16;64,3,16;64,4,16;64,1,16;64,2,16;64,3,16;64,4,16;64,1,16;64,2,16;64,3,16;64,4,16;64,1,16;64,2,16;64,3,16;64,4,16;64,1,16;64,2,16;64,3,16;64,4,16;64,1,16;64,2,16;64,3,16;64,4,16;64,1,16;64,2,16;64,3,16;64,4,16;64,1,16;64,2,16;64,3,16;64,4,16;64,1,16;64,2,16;64,3,16;64,4,16;64,1,16;64,2,16;64,3,16;64,4,16;64,1,16;64,2,16;64,3,16;64,4,16;64,1,16;64,2,16;64,3,16;64,4,16;64,1,16;64,2,16;64,3,16;64,4,16;64,1,16;64,2,16;64,3,16;64,4,16""",FLOAT16;FLOAT16;FLOAT16;FLOAT16;FLOAT16;FLOAT16;FLOAT16;FLOAT16;FLOAT16;FLOAT16;FLOAT16;FLOAT16;FLOAT16;FLOAT16;FLOAT16;FLOAT16;FLOAT16;FLOAT16;FLOAT16;FLOAT16;FLOAT16;FLOAT16;FLOAT16;FLOAT16;FLOAT16;FLOAT16;FLOAT16;FLOAT16;FLOAT16;FLOAT16;FLOAT16;FLOAT16;FLOAT16;FLOAT16;FLOAT16;FLOAT16;FLOAT16;FLOAT16;FLOAT16;FLOAT16;FLOAT16;FLOAT16;FLOAT16;FLOAT16;FLOAT16;FLOAT16;FLOAT16;FLOAT16;FLOAT16;FLOAT16;FLOAT16;FLOAT16;FLOAT16;FLOAT16;FLOAT16;FLOAT16;FLOAT16;FLOAT16;FLOAT16;FLOAT16;FLOAT16;FLOAT16;FLOAT16;FLOAT16,ND;ND;ND;ND;ND;ND;ND;ND;ND;ND;ND;ND;ND;ND;ND;ND;ND;ND;ND;ND;ND;ND;ND;ND;ND;ND;ND;ND;ND;ND;ND;ND;ND;ND;ND;ND;ND;ND;ND;ND;ND;ND;ND;ND;ND;ND;ND;ND;ND;ND;ND;ND;ND;ND;ND;ND;ND;ND;ND;ND;ND;ND;ND;ND,"""64,160,16""",FLOAT16,ND,N/A,0.0,0,0.0,0.0,0.0,0.0,0.0,0.0,0.0,0.0,0.0,0.0,0.0,9.116,601639,0.017,0.002,5.155,0.565,3.259,0.357,1.023,0.112,0.0,0.000
0,4294967295,362,47,aclnnMul_MulAiCore_Mul,Mul,dynamic,AI_VECTOR_CORE,1785698519219363.353	,328.246,0.000000,40,0,NO,"""4096,4096;4096,4096""",FLOAT;FLOAT,ND;ND,"""4096,4096""",FLOAT,ND,N/A,0.0,0,0.0,0.0,0.0,0.0,0.0,0.0,0.0,0.0,0.0,0.0,0.0,326.33,21537756,6.784,0.021,3.037,0.009,324.765,0.995,109.207,0.335,0.0,0.000
0,4294967295,363,47,Concat,Concat,dynamic,AI_VECTOR_CORE,1785698519219691.619	,11.141,0.004000,40,0,NO,"""64,1,16;64,2,16;64,3,16;64,4,16;64,1,16;64,2,16;64,3,16;64,4,16;64,1,16;64,2,16;64,3,16;64,4,16;64,1,16;64,2,16;64,3,16;64,4,16;64,1,16;64,2,16;64,3,16;64,4,16;64,1,16;64,2,16;64,3,16;64,4,16;64,1,16;64,2,16;64,3,16;64,4,16;64,1,16;64,2,16;64,3,16;64,4,16;64,1,16;64,2,16;64,3,16;64,4,16;64,1,16;64,2,16;64,3,16;64,4,16;64,1,16;64,2,16;64,3,16;64,4,16;64,1,16;64,2,16;64,3,16;64,4,16;64,1,16;64,2,16;64,3,16;64,4,16;64,1,16;64,2,16;64,3,16;64,4,16;64,1,16;64,2,16;64,3,16;64,4,16;64,1,16;64,2,16;64,3,16;64,4,16""",FLOAT16;FLOAT16;FLOAT16;FLOAT16;FLOAT16;FLOAT16;FLOAT16;FLOAT16;FLOAT16;FLOAT16;FLOAT16;FLOAT16;FLOAT16;FLOAT16;FLOAT16;FLOAT16;FLOAT16;FLOAT16;FLOAT16;FLOAT16;FLOAT16;FLOAT16;FLOAT16;FLOAT16;FLOAT16;FLOAT16;FLOAT16;FLOAT16;FLOAT16;FLOAT16;FLOAT16;FLOAT16;FLOAT16;FLOAT16;FLOAT16;FLOAT16;FLOAT16;FLOAT16;FLOAT16;FLOAT16;FLOAT16;FLOAT16;FLOAT16;FLOAT16;FLOAT16;FLOAT16;FLOAT16;FLOAT16;FLOAT16;FLOAT16;FLOAT16;FLOAT16;FLOAT16;FLOAT16;FLOAT16;FLOAT16;FLOAT16;FLOAT16;FLOAT16;FLOAT16;FLOAT16;FLOAT16;FLOAT16;FLOAT16,ND;ND;ND;ND;ND;ND;ND;ND;ND;ND;ND;ND;ND;ND;ND;ND;ND;ND;ND;ND;ND;ND;ND;ND;ND;ND;ND;ND;ND;ND;ND;ND;ND;ND;ND;ND;ND;ND;ND;ND;ND;ND;ND;ND;ND;ND;ND;ND;ND;ND;ND;ND;ND;ND;ND;ND;ND;ND;ND;ND;ND;ND;ND;ND,"""64,160,16""",FLOAT16,ND,N/A,0.0,0,0.0,0.0,0.0,0.0,0.0,0.0,0.0,0.0,0.0,0.0,0.0,8.289,547074,0.017,0.002,4.048,0.488,3.785,0.457,1.074,0.13,0.0,0.000
0,4294967295,364,47,aclnnMul_MulAiCore_Mul,Mul,dynamic,AI_VECTOR_CORE,1785698519219702.780	,328.386,0.109000,40,0,NO,"""4096,4096;4096,4096""",FLOAT;FLOAT,ND;ND,"""4096,4096""",FLOAT,ND,N/A,0.0,0,0.0,0.0,0.0,0.0,0.0,0.0,0.0,0.0,0.0,0.0,0.0,326.107,21523069,6.784,0.021,2.953,0.009,324.659,0.996,109.22,0.335,0.0,0.000
0,4294967295,365,47,Concat,Concat,dynamic,AI_VECTOR_CORE,1785698519220031.186	,9.000,0.114000,40,0,NO,"""64,1,16;64,2,16;64,3,16;64,4,16;64,1,16;64,2,16;64,3,16;64,4,16;64,1,16;64,2,16;64,3,16;64,4,16;64,1,16;64,2,16;64,3,16;64,4,16;64,1,16;64,2,16;64,3,16;64,4,16;64,1,16;64,2,16;64,3,16;64,4,16;64,1,16;64,2,16;64,3,16;64,4,16;64,1,16;64,2,16;64,3,16;64,4,16;64,1,16;64,2,16;64,3,16;64,4,16;64,1,16;64,2,16;64,3,16;64,4,16;64,1,16;64,2,16;64,3,16;64,4,16;64,1,16;64,2,16;64,3,16;64,4,16;64,1,16;64,2,16;64,3,16;64,4,16;64,1,16;64,2,16;64,3,16;64,4,16;64,1,16;64,2,16;64,3,16;64,4,16;64,1,16;64,2,16;64,3,16;64,4,16""",FLOAT16;FLOAT16;FLOAT16;FLOAT16;FLOAT16;FLOAT16;FLOAT16;FLOAT16;FLOAT16;FLOAT16;FLOAT16;FLOAT16;FLOAT16;FLOAT16;FLOAT16;FLOAT16;FLOAT16;FLOAT16;FLOAT16;FLOAT16;FLOAT16;FLOAT16;FLOAT16;FLOAT16;FLOAT16;FLOAT16;FLOAT16;FLOAT16;FLOAT16;FLOAT16;FLOAT16;FLOAT16;FLOAT16;FLOAT16;FLOAT16;FLOAT16;FLOAT16;FLOAT16;FLOAT16;FLOAT16;FLOAT16;FLOAT16;FLOAT16;FLOAT16;FLOAT16;FLOAT16;FLOAT16;FLOAT16;FLOAT16;FLOAT16;FLOAT16;FLOAT16;FLOAT16;FLOAT16;FLOAT16;FLOAT16;FLOAT16;FLOAT16;FLOAT16;FLOAT16;FLOAT16;FLOAT16;FLOAT16;FLOAT16,ND;ND;ND;ND;ND;ND;ND;ND;ND;ND;ND;ND;ND;ND;ND;ND;ND;ND;ND;ND;ND;ND;ND;ND;ND;ND;ND;ND;ND;ND;ND;ND;ND;ND;ND;ND;ND;ND;ND;ND;ND;ND;ND;ND;ND;ND;ND;ND;ND;ND;ND;ND;ND;ND;ND;ND;ND;ND;ND;ND;ND;ND;ND;ND,"""64,160,16""",FLOAT16,ND,N/A,0.0,0,0.0,0.0,0.0,0.0,0.0,0.0,0.0,0.0,0.0,0.0,0.0,6.879,453984,0.017,0.002,3.675,0.534,2.581,0.375,1.035,0.15,0.0,0.000
0,4294967295,366,47,aclnnMul_MulAiCore_Mul,Mul,dynamic,AI_VECTOR_CORE,1785698519220040.206	,327.247,0.000000,40,0,NO,"""4096,4096;4096,4096""",FLOAT;FLOAT,ND;ND,"""4096,4096""",FLOAT,ND,N/A,0.0,0,0.0,0.0,0.0,0.0,0.0,0.0,0.0,0.0,0.0,0.0,0.0,325.138,21459136,6.784,0.021,3.008,0.009,323.586,0.995,109.941,0.338,0.0,0.000
0,4294967295,367,47,Concat,Concat,dynamic,AI_VECTOR_CORE,1785698519220367.473	,9.120,0.003000,40,0,NO,"""64,1,16;64,2,16;64,3,16;64,4,16;64,1,16;64,2,16;64,3,16;64,4,16;64,1,16;64,2,16;64,3,16;64,4,16;64,1,16;64,2,16;64,3,16;64,4,16;64,1,16;64,2,16;64,3,16;64,4,16;64,1,16;64,2,16;64,3,16;64,4,16;64,1,16;64,2,16;64,3,16;64,4,16;64,1,16;64,2,16;64,3,16;64,4,16;64,1,16;64,2,16;64,3,16;64,4,16;64,1,16;64,2,16;64,3,16;64,4,16;64,1,16;64,2,16;64,3,16;64,4,16;64,1,16;64,2,16;64,3,16;64,4,16;64,1,16;64,2,16;64,3,16;64,4,16;64,1,16;64,2,16;64,3,16;64,4,16;64,1,16;64,2,16;64,3,16;64,4,16;64,1,16;64,2,16;64,3,16;64,4,16""",FLOAT16;FLOAT16;FLOAT16;FLOAT16;FLOAT16;FLOAT16;FLOAT16;FLOAT16;FLOAT16;FLOAT16;FLOAT16;FLOAT16;FLOAT16;FLOAT16;FLOAT16;FLOAT16;FLOAT16;FLOAT16;FLOAT16;FLOAT16;FLOAT16;FLOAT16;FLOAT16;FLOAT16;FLOAT16;FLOAT16;FLOAT16;FLOAT16;FLOAT16;FLOAT16;FLOAT16;FLOAT16;FLOAT16;FLOAT16;FLOAT16;FLOAT16;FLOAT16;FLOAT16;FLOAT16;FLOAT16;FLOAT16;FLOAT16;FLOAT16;FLOAT16;FLOAT16;FLOAT16;FLOAT16;FLOAT16;FLOAT16;FLOAT16;FLOAT16;FLOAT16;FLOAT16;FLOAT16;FLOAT16;FLOAT16;FLOAT16;FLOAT16;FLOAT16;FLOAT16;FLOAT16;FLOAT16;FLOAT16;FLOAT16,ND;ND;ND;ND;ND;ND;ND;ND;ND;ND;ND;ND;ND;ND;ND;ND;ND;ND;ND;ND;ND;ND;ND;ND;ND;ND;ND;ND;ND;ND;ND;ND;ND;ND;ND;ND;ND;ND;ND;ND;ND;ND;ND;ND;ND;ND;ND;ND;ND;ND;ND;ND;ND;ND;ND;ND;ND;ND;ND;ND;ND;ND;ND;ND,"""64,160,16""",FLOAT16,ND,N/A,0.0,0,0.0,0.0,0.0,0.0,0.0,0.0,0.0,0.0,0.0,0.0,0.0,6.908,455945,0.017,0.002,3.468,0.502,2.743,0.397,0.988,0.143,0.0,0.000
0,4294967295,368,47,aclnnMul_MulAiCore_Mul,Mul,dynamic,AI_VECTOR_CORE,1785698519220376.633	,327.527,0.130000,40,0,NO,"""4096,4096;4096,4096""",FLOAT;FLOAT,ND;ND,"""4096,4096""",FLOAT,ND,N/A,0.0,0,0.0,0.0,0.0,0.0,0.0,0.0,0.0,0.0,0.0,0.0,0.0,325.422,21477823,6.784,0.021,3.157,0.01,323.738,0.995,107.007,0.329,0.0,0.000
0,4294967295,369,47,Concat,Concat,dynamic,AI_VECTOR_CORE,1785698519220704.180	,11.860,0.000000,40,0,NO,"""64,1,16;64,2,16;64,3,16;64,4,16;64,1,16;64,2,16;64,3,16;64,4,16;64,1,16;64,2,16;64,3,16;64,4,16;64,1,16;64,2,16;64,3,16;64,4,16;64,1,16;64,2,16;64,3,16;64,4,16;64,1,16;64,2,16;64,3,16;64,4,16;64,1,16;64,2,16;64,3,16;64,4,16;64,1,16;64,2,16;64,3,16;64,4,16;64,1,16;64,2,16;64,3,16;64,4,16;64,1,16;64,2,16;64,3,16;64,4,16;64,1,16;64,2,16;64,3,16;64,4,16;64,1,16;64,2,16;64,3,16;64,4,16;64,1,16;64,2,16;64,3,16;64,4,16;64,1,16;64,2,16;64,3,16;64,4,16;64,1,16;64,2,16;64,3,16;64,4,16;64,1,16;64,2,16;64,3,16;64,4,16""",FLOAT16;FLOAT16;FLOAT16;FLOAT16;FLOAT16;FLOAT16;FLOAT16;FLOAT16;FLOAT16;FLOAT16;FLOAT16;FLOAT16;FLOAT16;FLOAT16;FLOAT16;FLOAT16;FLOAT16;FLOAT16;FLOAT16;FLOAT16;FLOAT16;FLOAT16;FLOAT16;FLOAT16;FLOAT16;FLOAT16;FLOAT16;FLOAT16;FLOAT16;FLOAT16;FLOAT16;FLOAT16;FLOAT16;FLOAT16;FLOAT16;FLOAT16;FLOAT16;FLOAT16;FLOAT16;FLOAT16;FLOAT16;FLOAT16;FLOAT16;FLOAT16;FLOAT16;FLOAT16;FLOAT16;FLOAT16;FLOAT16;FLOAT16;FLOAT16;FLOAT16;FLOAT16;FLOAT16;FLOAT16;FLOAT16;FLOAT16;FLOAT16;FLOAT16;FLOAT16;FLOAT16;FLOAT16;FLOAT16;FLOAT16,ND;ND;ND;ND;ND;ND;ND;ND;ND;ND;ND;ND;ND;ND;ND;ND;ND;ND;ND;ND;ND;ND;ND;ND;ND;ND;ND;ND;ND;ND;ND;ND;ND;ND;ND;ND;ND;ND;ND;ND;ND;ND;ND;ND;ND;ND;ND;ND;ND;ND;ND;ND;ND;ND;ND;ND;ND;ND;ND;ND;ND;ND;ND;ND,"""64,160,16""",FLOAT16,ND,N/A,0.0,0,0.0,0.0,0.0,0.0,0.0,0.0,0.0,0.0,0.0,0.0,0.0,8.696,573940,0.017,0.002,3.593,0.413,4.236,0.487,1.151,0.132,0.0,0.000
0,4294967295,370,47,aclnnMul_MulAiCore_Mul,Mul,dynamic,AI_VECTOR_CORE,1785698519220716.060	,327.066,0.000000,40,0,NO,"""4096,4096;4096,4096""",FLOAT;FLOAT,ND;ND,"""4096,4096""",FLOAT,ND,N/A,0.0,0,0.0,0.0,0.0,0.0,0.0,0.0,0.0,0.0,0.0,0.0,0.0,325.152,21460047,6.784,0.021,3.04,0.009,323.54,0.995,109.92,0.338,0.0,0.000
0,4294967295,371,47,Concat,Concat,dynamic,AI_VECTOR_CORE,1785698519221043.146	,11.681,0.184000,40,0,NO,"""64,1,16;64,2,16;64,3,16;64,4,16;64,1,16;64,2,16;64,3,16;64,4,16;64,1,16;64,2,16;64,3,16;64,4,16;64,1,16;64,2,16;64,3,16;64,4,16;64,1,16;64,2,16;64,3,16;64,4,16;64,1,16;64,2,16;64,3,16;64,4,16;64,1,16;64,2,16;64,3,16;64,4,16;64,1,16;64,2,16;64,3,16;64,4,16;64,1,16;64,2,16;64,3,16;64,4,16;64,1,16;64,2,16;64,3,16;64,4,16;64,1,16;64,2,16;64,3,16;64,4,16;64,1,16;64,2,16;64,3,16;64,4,16;64,1,16;64,2,16;64,3,16;64,4,16;64,1,16;64,2,16;64,3,16;64,4,16;64,1,16;64,2,16;64,3,16;64,4,16;64,1,16;64,2,16;64,3,16;64,4,16""",FLOAT16;FLOAT16;FLOAT16;FLOAT16;FLOAT16;FLOAT16;FLOAT16;FLOAT16;FLOAT16;FLOAT16;FLOAT16;FLOAT16;FLOAT16;FLOAT16;FLOAT16;FLOAT16;FLOAT16;FLOAT16;FLOAT16;FLOAT16;FLOAT16;FLOAT16;FLOAT16;FLOAT16;FLOAT16;FLOAT16;FLOAT16;FLOAT16;FLOAT16;FLOAT16;FLOAT16;FLOAT16;FLOAT16;FLOAT16;FLOAT16;FLOAT16;FLOAT16;FLOAT16;FLOAT16;FLOAT16;FLOAT16;FLOAT16;FLOAT16;FLOAT16;FLOAT16;FLOAT16;FLOAT16;FLOAT16;FLOAT16;FLOAT16;FLOAT16;FLOAT16;FLOAT16;FLOAT16;FLOAT16;FLOAT16;FLOAT16;FLOAT16;FLOAT16;FLOAT16;FLOAT16;FLOAT16;FLOAT16;FLOAT16,ND;ND;ND;ND;ND;ND;ND;ND;ND;ND;ND;ND;ND;ND;ND;ND;ND;ND;ND;ND;ND;ND;ND;ND;ND;ND;ND;ND;ND;ND;ND;ND;ND;ND;ND;ND;ND;ND;ND;ND;ND;ND;ND;ND;ND;ND;ND;ND;ND;ND;ND;ND;ND;ND;ND;ND;ND;ND;ND;ND;ND;ND;ND;ND,"""64,160,16""",FLOAT16,ND,N/A,0.0,0,0.0,0.0,0.0,0.0,0.0,0.0,0.0,0.0,0.0,0.0,0.0,8.343,550617,0.017,0.002,4.164,0.499,3.818,0.458,1.014,0.122,0.0,0.000
0,4294967295,372,47,aclnnMul_MulAiCore_Mul,Mul,dynamic,AI_VECTOR_CORE,1785698519221054.867	,326.946,0.000000,40,0,NO,"""4096,4096;4096,4096""",FLOAT;FLOAT,ND;ND,"""4096,4096""",FLOAT,ND,N/A,0.0,0,0.0,0.0,0.0,0.0,0.0,0.0,0.0,0.0,0.0,0.0,0.0,324.994,21449629,6.784,0.021,3.09,0.01,323.361,0.995,109.021,0.335,0.0,0.000
0,4294967295,373,47,Concat,Concat,dynamic,AI_VECTOR_CORE,1785698519221381.833	,10.980,0.054000,40,0,NO,"""64,1,16;64,2,16;64,3,16;64,4,16;64,1,16;64,2,16;64,3,16;64,4,16;64,1,16;64,2,16;64,3,16;64,4,16;64,1,16;64,2,16;64,3,16;64,4,16;64,1,16;64,2,16;64,3,16;64,4,16;64,1,16;64,2,16;64,3,16;64,4,16;64,1,16;64,2,16;64,3,16;64,4,16;64,1,16;64,2,16;64,3,16;64,4,16;64,1,16;64,2,16;64,3,16;64,4,16;64,1,16;64,2,16;64,3,16;64,4,16;64,1,16;64,2,16;64,3,16;64,4,16;64,1,16;64,2,16;64,3,16;64,4,16;64,1,16;64,2,16;64,3,16;64,4,16;64,1,16;64,2,16;64,3,16;64,4,16;64,1,16;64,2,16;64,3,16;64,4,16;64,1,16;64,2,16;64,3,16;64,4,16""",FLOAT16;FLOAT16;FLOAT16;FLOAT16;FLOAT16;FLOAT16;FLOAT16;FLOAT16;FLOAT16;FLOAT16;FLOAT16;FLOAT16;FLOAT16;FLOAT16;FLOAT16;FLOAT16;FLOAT16;FLOAT16;FLOAT16;FLOAT16;FLOAT16;FLOAT16;FLOAT16;FLOAT16;FLOAT16;FLOAT16;FLOAT16;FLOAT16;FLOAT16;FLOAT16;FLOAT16;FLOAT16;FLOAT16;FLOAT16;FLOAT16;FLOAT16;FLOAT16;FLOAT16;FLOAT16;FLOAT16;FLOAT16;FLOAT16;FLOAT16;FLOAT16;FLOAT16;FLOAT16;FLOAT16;FLOAT16;FLOAT16;FLOAT16;FLOAT16;FLOAT16;FLOAT16;FLOAT16;FLOAT16;FLOAT16;FLOAT16;FLOAT16;FLOAT16;FLOAT16;FLOAT16;FLOAT16;FLOAT16;FLOAT16,ND;ND;ND;ND;ND;ND;ND;ND;ND;ND;ND;ND;ND;ND;ND;ND;ND;ND;ND;ND;ND;ND;ND;ND;ND;ND;ND;ND;ND;ND;ND;ND;ND;ND;ND;ND;ND;ND;ND;ND;ND;ND;ND;ND;ND;ND;ND;ND;ND;ND;ND;ND;ND;ND;ND;ND;ND;ND;ND;ND;ND;ND;ND;ND,"""64,160,16""",FLOAT16,ND,N/A,0.0,0,0.0,0.0,0.0,0.0,0.0,0.0,0.0,0.0,0.0,0.0,0.0,8.298,547695,0.017,0.002,3.831,0.462,3.765,0.454,1.156,0.139,0.0,0.000
0,4294967295,374,47,aclnnMul_MulAiCore_Mul,Mul,dynamic,AI_VECTOR_CORE,1785698519221392.833	,326.567,0.020000,40,0,NO,"""4096,4096;4096,4096""",FLOAT;FLOAT,ND;ND,"""4096,4096""",FLOAT,ND,N/A,0.0,0,0.0,0.0,0.0,0.0,0.0,0.0,0.0,0.0,0.0,0.0,0.0,324.446,21413438,6.784,0.021,2.996,0.009,322.877,0.995,109.458,0.337,0.0,0.000
0,4294967295,375,47,Concat,Concat,dynamic,AI_VECTOR_CORE,1785698519221719.420	,10.340,0.183000,40,0,NO,"""64,1,16;64,2,16;64,3,16;64,4,16;64,1,16;64,2,16;64,3,16;64,4,16;64,1,16;64,2,16;64,3,16;64,4,16;64,1,16;64,2,16;64,3,16;64,4,16;64,1,16;64,2,16;64,3,16;64,4,16;64,1,16;64,2,16;64,3,16;64,4,16;64,1,16;64,2,16;64,3,16;64,4,16;64,1,16;64,2,16;64,3,16;64,4,16;64,1,16;64,2,16;64,3,16;64,4,16;64,1,16;64,2,16;64,3,16;64,4,16;64,1,16;64,2,16;64,3,16;64,4,16;64,1,16;64,2,16;64,3,16;64,4,16;64,1,16;64,2,16;64,3,16;64,4,16;64,1,16;64,2,16;64,3,16;64,4,16;64,1,16;64,2,16;64,3,16;64,4,16;64,1,16;64,2,16;64,3,16;64,4,16""",FLOAT16;FLOAT16;FLOAT16;FLOAT16;FLOAT16;FLOAT16;FLOAT16;FLOAT16;FLOAT16;FLOAT16;FLOAT16;FLOAT16;FLOAT16;FLOAT16;FLOAT16;FLOAT16;FLOAT16;FLOAT16;FLOAT16;FLOAT16;FLOAT16;FLOAT16;FLOAT16;FLOAT16;FLOAT16;FLOAT16;FLOAT16;FLOAT16;FLOAT16;FLOAT16;FLOAT16;FLOAT16;FLOAT16;FLOAT16;FLOAT16;FLOAT16;FLOAT16;FLOAT16;FLOAT16;FLOAT16;FLOAT16;FLOAT16;FLOAT16;FLOAT16;FLOAT16;FLOAT16;FLOAT16;FLOAT16;FLOAT16;FLOAT16;FLOAT16;FLOAT16;FLOAT16;FLOAT16;FLOAT16;FLOAT16;FLOAT16;FLOAT16;FLOAT16;FLOAT16;FLOAT16;FLOAT16;FLOAT16;FLOAT16,ND;ND;ND;ND;ND;ND;ND;ND;ND;ND;ND;ND;ND;ND;ND;ND;ND;ND;ND;ND;ND;ND;ND;ND;ND;ND;ND;ND;ND;ND;ND;ND;ND;ND;ND;ND;ND;ND;ND;ND;ND;ND;ND;ND;ND;ND;ND;ND;ND;ND;ND;ND;ND;ND;ND;ND;ND;ND;ND;ND;ND;ND;ND;ND,"""64,160,16""",FLOAT16,ND,N/A,0.0,0,0.0,0.0,0.0,0.0,0.0,0.0,0.0,0.0,0.0,0.0,0.0,7.656,505273,0.017,0.002,3.496,0.457,3.295,0.43,1.169,0.153,0.0,0.000
0,4294967295,376,47,aclnnMul_MulAiCore_Mul,Mul,dynamic,AI_VECTOR_CORE,1785698519221729.780	,326.927,0.000000,40,0,NO,"""4096,4096;4096,4096""",FLOAT;FLOAT,ND;ND,"""4096,4096""",FLOAT,ND,N/A,0.0,0,0.0,0.0,0.0,0.0,0.0,0.0,0.0,0.0,0.0,0.0,0.0,324.793,21436353,6.784,0.021,3.046,0.009,323.22,0.995,109.08,0.336,0.0,0.000
0,4294967295,377,47,Concat,Concat,dynamic,AI_VECTOR_CORE,1785698519222056.727	,11.560,0.073000,40,0,NO,"""64,1,16;64,2,16;64,3,16;64,4,16;64,1,16;64,2,16;64,3,16;64,4,16;64,1,16;64,2,16;64,3,16;64,4,16;64,1,16;64,2,16;64,3,16;64,4,16;64,1,16;64,2,16;64,3,16;64,4,16;64,1,16;64,2,16;64,3,16;64,4,16;64,1,16;64,2,16;64,3,16;64,4,16;64,1,16;64,2,16;64,3,16;64,4,16;64,1,16;64,2,16;64,3,16;64,4,16;64,1,16;64,2,16;64,3,16;64,4,16;64,1,16;64,2,16;64,3,16;64,4,16;64,1,16;64,2,16;64,3,16;64,4,16;64,1,16;64,2,16;64,3,16;64,4,16;64,1,16;64,2,16;64,3,16;64,4,16;64,1,16;64,2,16;64,3,16;64,4,16;64,1,16;64,2,16;64,3,16;64,4,16""",FLOAT16;FLOAT16;FLOAT16;FLOAT16;FLOAT16;FLOAT16;FLOAT16;FLOAT16;FLOAT16;FLOAT16;FLOAT16;FLOAT16;FLOAT16;FLOAT16;FLOAT16;FLOAT16;FLOAT16;FLOAT16;FLOAT16;FLOAT16;FLOAT16;FLOAT16;FLOAT16;FLOAT16;FLOAT16;FLOAT16;FLOAT16;FLOAT16;FLOAT16;FLOAT16;FLOAT16;FLOAT16;FLOAT16;FLOAT16;FLOAT16;FLOAT16;FLOAT16;FLOAT16;FLOAT16;FLOAT16;FLOAT16;FLOAT16;FLOAT16;FLOAT16;FLOAT16;FLOAT16;FLOAT16;FLOAT16;FLOAT16;FLOAT16;FLOAT16;FLOAT16;FLOAT16;FLOAT16;FLOAT16;FLOAT16;FLOAT16;FLOAT16;FLOAT16;FLOAT16;FLOAT16;FLOAT16;FLOAT16;FLOAT16,ND;ND;ND;ND;ND;ND;ND;ND;ND;ND;ND;ND;ND;ND;ND;ND;ND;ND;ND;ND;ND;ND;ND;ND;ND;ND;ND;ND;ND;ND;ND;ND;ND;ND;ND;ND;ND;ND;ND;ND;ND;ND;ND;ND;ND;ND;ND;ND;ND;ND;ND;ND;ND;ND;ND;ND;ND;ND;ND;ND;ND;ND;ND;ND,"""64,160,16""",FLOAT16,ND,N/A,0.0,0,0.0,0.0,0.0,0.0,0.0,0.0,0.0,0.0,0.0,0.0,0.0,9.356,617525,0.017,0.002,4.973,0.532,3.841,0.411,1.085,0.116,0.0,0.000
0,4294967295,378,47,aclnnMul_MulAiCore_Mul,Mul,dynamic,AI_VECTOR_CORE,1785698519222068.307	,326.986,0.000000,40,0,NO,"""4096,4096;4096,4096""",FLOAT;FLOAT,ND;ND,"""4096,4096""",FLOAT,ND,N/A,0.0,0,0.0,0.0,0.0,0.0,0.0,0.0,0.0,0.0,0.0,0.0,0.0,324.78,21435473,6.784,0.021,2.915,0.009,323.31,0.995,109.582,0.337,0.0,0.000
0,4294967295,379,47,Concat,Concat,dynamic,AI_VECTOR_CORE,1785698519222395.313	,10.961,0.014000,40,0,NO,"""64,1,16;64,2,16;64,3,16;64,4,16;64,1,16;64,2,16;64,3,16;64,4,16;64,1,16;64,2,16;64,3,16;64,4,16;64,1,16;64,2,16;64,3,16;64,4,16;64,1,16;64,2,16;64,3,16;64,4,16;64,1,16;64,2,16;64,3,16;64,4,16;64,1,16;64,2,16;64,3,16;64,4,16;64,1,16;64,2,16;64,3,16;64,4,16;64,1,16;64,2,16;64,3,16;64,4,16;64,1,16;64,2,16;64,3,16;64,4,16;64,1,16;64,2,16;64,3,16;64,4,16;64,1,16;64,2,16;64,3,16;64,4,16;64,1,16;64,2,16;64,3,16;64,4,16;64,1,16;64,2,16;64,3,16;64,4,16;64,1,16;64,2,16;64,3,16;64,4,16;64,1,16;64,2,16;64,3,16;64,4,16""",FLOAT16;FLOAT16;FLOAT16;FLOAT16;FLOAT16;FLOAT16;FLOAT16;FLOAT16;FLOAT16;FLOAT16;FLOAT16;FLOAT16;FLOAT16;FLOAT16;FLOAT16;FLOAT16;FLOAT16;FLOAT16;FLOAT16;FLOAT16;FLOAT16;FLOAT16;FLOAT16;FLOAT16;FLOAT16;FLOAT16;FLOAT16;FLOAT16;FLOAT16;FLOAT16;FLOAT16;FLOAT16;FLOAT16;FLOAT16;FLOAT16;FLOAT16;FLOAT16;FLOAT16;FLOAT16;FLOAT16;FLOAT16;FLOAT16;FLOAT16;FLOAT16;FLOAT16;FLOAT16;FLOAT16;FLOAT16;FLOAT16;FLOAT16;FLOAT16;FLOAT16;FLOAT16;FLOAT16;FLOAT16;FLOAT16;FLOAT16;FLOAT16;FLOAT16;FLOAT16;FLOAT16;FLOAT16;FLOAT16;FLOAT16,ND;ND;ND;ND;ND;ND;ND;ND;ND;ND;ND;ND;ND;ND;ND;ND;ND;ND;ND;ND;ND;ND;ND;ND;ND;ND;ND;ND;ND;ND;ND;ND;ND;ND;ND;ND;ND;ND;ND;ND;ND;ND;ND;ND;ND;ND;ND;ND;ND;ND;ND;ND;ND;ND;ND;ND;ND;ND;ND;ND;ND;ND;ND;ND,"""64,160,16""",FLOAT16,ND,N/A,0.0,0,0.0,0.0,0.0,0.0,0.0,0.0,0.0,0.0,0.0,0.0,0.0,8.088,533799,0.017,0.002,3.908,0.483,3.478,0.43,1.054,0.13,0.0,0.000
0,4294967295,380,47,aclnnMul_MulAiCore_Mul,Mul,dynamic,AI_VECTOR_CORE,1785698519222406.294	,327.206,0.039000,40,0,NO,"""4096,4096;4096,4096""",FLOAT;FLOAT,ND;ND,"""4096,4096""",FLOAT,ND,N/A,0.0,0,0.0,0.0,0.0,0.0,0.0,0.0,0.0,0.0,0.0,0.0,0.0,325.23,21465201,6.784,0.021,3.013,0.009,323.684,0.995,108.019,0.332,0.0,0.000
0,4294967295,381,47,Concat,Concat,dynamic,AI_VECTOR_CORE,1785698519222733.520	,9.420,0.044000,40,0,NO,"""64,1,16;64,2,16;64,3,16;64,4,16;64,1,16;64,2,16;64,3,16;64,4,16;64,1,16;64,2,16;64,3,16;64,4,16;64,1,16;64,2,16;64,3,16;64,4,16;64,1,16;64,2,16;64,3,16;64,4,16;64,1,16;64,2,16;64,3,16;64,4,16;64,1,16;64,2,16;64,3,16;64,4,16;64,1,16;64,2,16;64,3,16;64,4,16;64,1,16;64,2,16;64,3,16;64,4,16;64,1,16;64,2,16;64,3,16;64,4,16;64,1,16;64,2,16;64,3,16;64,4,16;64,1,16;64,2,16;64,3,16;64,4,16;64,1,16;64,2,16;64,3,16;64,4,16;64,1,16;64,2,16;64,3,16;64,4,16;64,1,16;64,2,16;64,3,16;64,4,16;64,1,16;64,2,16;64,3,16;64,4,16""",FLOAT16;FLOAT16;FLOAT16;FLOAT16;FLOAT16;FLOAT16;FLOAT16;FLOAT16;FLOAT16;FLOAT16;FLOAT16;FLOAT16;FLOAT16;FLOAT16;FLOAT16;FLOAT16;FLOAT16;FLOAT16;FLOAT16;FLOAT16;FLOAT16;FLOAT16;FLOAT16;FLOAT16;FLOAT16;FLOAT16;FLOAT16;FLOAT16;FLOAT16;FLOAT16;FLOAT16;FLOAT16;FLOAT16;FLOAT16;FLOAT16;FLOAT16;FLOAT16;FLOAT16;FLOAT16;FLOAT16;FLOAT16;FLOAT16;FLOAT16;FLOAT16;FLOAT16;FLOAT16;FLOAT16;FLOAT16;FLOAT16;FLOAT16;FLOAT16;FLOAT16;FLOAT16;FLOAT16;FLOAT16;FLOAT16;FLOAT16;FLOAT16;FLOAT16;FLOAT16;FLOAT16;FLOAT16;FLOAT16;FLOAT16,ND;ND;ND;ND;ND;ND;ND;ND;ND;ND;ND;ND;ND;ND;ND;ND;ND;ND;ND;ND;ND;ND;ND;ND;ND;ND;ND;ND;ND;ND;ND;ND;ND;ND;ND;ND;ND;ND;ND;ND;ND;ND;ND;ND;ND;ND;ND;ND;ND;ND;ND;ND;ND;ND;ND;ND;ND;ND;ND;ND;ND;ND;ND;ND,"""64,160,16""",FLOAT16,ND,N/A,0.0,0,0.0,0.0,0.0,0.0,0.0,0.0,0.0,0.0,0.0,0.0,0.0,7.038,464515,0.017,0.002,3.635,0.516,2.602,0.37,1.142,0.162,0.0,0.000
0,4294967295,382,47,aclnnMul_MulAiCore_Mul,Mul,dynamic,AI_VECTOR_CORE,1785698519222742.960	,326.547,0.080000,40,0,NO,"""4096,4096;4096,4096""",FLOAT;FLOAT,ND;ND,"""4096,4096""",FLOAT,ND,N/A,0.0,0,0.0,0.0,0.0,0.0,0.0,0.0,0.0,0.0,0.0,0.0,0.0,324.429,21412294,6.784,0.021,2.892,0.009,322.974,0.996,108.393,0.334,0.0,0.000
0,4294967295,383,47,Concat,Concat,dynamic,AI_VECTOR_CORE,1785698519223069.527	,9.640,0.000000,40,0,NO,"""64,1,16;64,2,16;64,3,16;64,4,16;64,1,16;64,2,16;64,3,16;64,4,16;64,1,16;64,2,16;64,3,16;64,4,16;64,1,16;64,2,16;64,3,16;64,4,16;64,1,16;64,2,16;64,3,16;64,4,16;64,1,16;64,2,16;64,3,16;64,4,16;64,1,16;64,2,16;64,3,16;64,4,16;64,1,16;64,2,16;64,3,16;64,4,16;64,1,16;64,2,16;64,3,16;64,4,16;64,1,16;64,2,16;64,3,16;64,4,16;64,1,16;64,2,16;64,3,16;64,4,16;64,1,16;64,2,16;64,3,16;64,4,16;64,1,16;64,2,16;64,3,16;64,4,16;64,1,16;64,2,16;64,3,16;64,4,16;64,1,16;64,2,16;64,3,16;64,4,16;64,1,16;64,2,16;64,3,16;64,4,16""",FLOAT16;FLOAT16;FLOAT16;FLOAT16;FLOAT16;FLOAT16;FLOAT16;FLOAT16;FLOAT16;FLOAT16;FLOAT16;FLOAT16;FLOAT16;FLOAT16;FLOAT16;FLOAT16;FLOAT16;FLOAT16;FLOAT16;FLOAT16;FLOAT16;FLOAT16;FLOAT16;FLOAT16;FLOAT16;FLOAT16;FLOAT16;FLOAT16;FLOAT16;FLOAT16;FLOAT16;FLOAT16;FLOAT16;FLOAT16;FLOAT16;FLOAT16;FLOAT16;FLOAT16;FLOAT16;FLOAT16;FLOAT16;FLOAT16;FLOAT16;FLOAT16;FLOAT16;FLOAT16;FLOAT16;FLOAT16;FLOAT16;FLOAT16;FLOAT16;FLOAT16;FLOAT16;FLOAT16;FLOAT16;FLOAT16;FLOAT16;FLOAT16;FLOAT16;FLOAT16;FLOAT16;FLOAT16;FLOAT16;FLOAT16,ND;ND;ND;ND;ND;ND;ND;ND;ND;ND;ND;ND;ND;ND;ND;ND;ND;ND;ND;ND;ND;ND;ND;ND;ND;ND;ND;ND;ND;ND;ND;ND;ND;ND;ND;ND;ND;ND;ND;ND;ND;ND;ND;ND;ND;ND;ND;ND;ND;ND;ND;ND;ND;ND;ND;ND;ND;ND;ND;ND;ND;ND;ND;ND,"""64,160,16""",FLOAT16,ND,N/A,0.0,0,0.0,0.0,0.0,0.0,0.0,0.0,0.0,0.0,0.0,0.0,0.0,7.27,479851,0.017,0.002,3.823,0.526,2.795,0.384,1.087,0.149,0.0,0.000
0,4294967295,384,47,aclnnMul_MulAiCore_Mul,Mul,dynamic,AI_VECTOR_CORE,1785698519223079.187	,327.647,0.110000,40,0,NO,"""4096,4096;4096,4096""",FLOAT;FLOAT,ND;ND,"""4096,4096""",FLOAT,ND,N/A,0.0,0,0.0,0.0,0.0,0.0,0.0,0.0,0.0,0.0,0.0,0.0,0.0,325.543,21485864,6.784,0.021,3.005,0.009,324.007,0.995,109.198,0.335,0.0,0.000
0,4294967295,385,47,Concat,Concat,dynamic,AI_VECTOR_CORE,1785698519223406.854	,10.620,0.000000,40,0,NO,"""64,1,16;64,2,16;64,3,16;64,4,16;64,1,16;64,2,16;64,3,16;64,4,16;64,1,16;64,2,16;64,3,16;64,4,16;64,1,16;64,2,16;64,3,16;64,4,16;64,1,16;64,2,16;64,3,16;64,4,16;64,1,16;64,2,16;64,3,16;64,4,16;64,1,16;64,2,16;64,3,16;64,4,16;64,1,16;64,2,16;64,3,16;64,4,16;64,1,16;64,2,16;64,3,16;64,4,16;64,1,16;64,2,16;64,3,16;64,4,16;64,1,16;64,2,16;64,3,16;64,4,16;64,1,16;64,2,16;64,3,16;64,4,16;64,1,16;64,2,16;64,3,16;64,4,16;64,1,16;64,2,16;64,3,16;64,4,16;64,1,16;64,2,16;64,3,16;64,4,16;64,1,16;64,2,16;64,3,16;64,4,16""",FLOAT16;FLOAT16;FLOAT16;FLOAT16;FLOAT16;FLOAT16;FLOAT16;FLOAT16;FLOAT16;FLOAT16;FLOAT16;FLOAT16;FLOAT16;FLOAT16;FLOAT16;FLOAT16;FLOAT16;FLOAT16;FLOAT16;FLOAT16;FLOAT16;FLOAT16;FLOAT16;FLOAT16;FLOAT16;FLOAT16;FLOAT16;FLOAT16;FLOAT16;FLOAT16;FLOAT16;FLOAT16;FLOAT16;FLOAT16;FLOAT16;FLOAT16;FLOAT16;FLOAT16;FLOAT16;FLOAT16;FLOAT16;FLOAT16;FLOAT16;FLOAT16;FLOAT16;FLOAT16;FLOAT16;FLOAT16;FLOAT16;FLOAT16;FLOAT16;FLOAT16;FLOAT16;FLOAT16;FLOAT16;FLOAT16;FLOAT16;FLOAT16;FLOAT16;FLOAT16;FLOAT16;FLOAT16;FLOAT16;FLOAT16,ND;ND;ND;ND;ND;ND;ND;ND;ND;ND;ND;ND;ND;ND;ND;ND;ND;ND;ND;ND;ND;ND;ND;ND;ND;ND;ND;ND;ND;ND;ND;ND;ND;ND;ND;ND;ND;ND;ND;ND;ND;ND;ND;ND;ND;ND;ND;ND;ND;ND;ND;ND;ND;ND;ND;ND;ND;ND;ND;ND;ND;ND;ND;ND,"""64,160,16""",FLOAT16,ND,N/A,0.0,0,0.0,0.0,0.0,0.0,0.0,0.0,0.0,0.0,0.0,0.0,0.0,8.169,539175,0.017,0.002,3.868,0.474,3.957,0.484,0.956,0.117,0.0,0.000
0,4294967295,386,47,aclnnMul_MulAiCore_Mul,Mul,dynamic,AI_VECTOR_CORE,1785698519223417.494	,326.906,0.130000,40,0,NO,"""4096,4096;4096,4096""",FLOAT;FLOAT,ND;ND,"""4096,4096""",FLOAT,ND,N/A,0.0,0,0.0,0.0,0.0,0.0,0.0,0.0,0.0,0.0,0.0,0.0,0.0,324.771,21434877,6.784,0.021,2.957,0.009,323.314,0.996,107.845,0.332,0.0,0.000
0,4294967295,387,47,Concat,Concat,dynamic,AI_VECTOR_CORE,1785698519223744.440	,11.541,0.094000,40,0,NO,"""64,1,16;64,2,16;64,3,16;64,4,16;64,1,16;64,2,16;64,3,16;64,4,16;64,1,16;64,2,16;64,3,16;64,4,16;64,1,16;64,2,16;64,3,16;64,4,16;64,1,16;64,2,16;64,3,16;64,4,16;64,1,16;64,2,16;64,3,16;64,4,16;64,1,16;64,2,16;64,3,16;64,4,16;64,1,16;64,2,16;64,3,16;64,4,16;64,1,16;64,2,16;64,3,16;64,4,16;64,1,16;64,2,16;64,3,16;64,4,16;64,1,16;64,2,16;64,3,16;64,4,16;64,1,16;64,2,16;64,3,16;64,4,16;64,1,16;64,2,16;64,3,16;64,4,16;64,1,16;64,2,16;64,3,16;64,4,16;64,1,16;64,2,16;64,3,16;64,4,16;64,1,16;64,2,16;64,3,16;64,4,16""",FLOAT16;FLOAT16;FLOAT16;FLOAT16;FLOAT16;FLOAT16;FLOAT16;FLOAT16;FLOAT16;FLOAT16;FLOAT16;FLOAT16;FLOAT16;FLOAT16;FLOAT16;FLOAT16;FLOAT16;FLOAT16;FLOAT16;FLOAT16;FLOAT16;FLOAT16;FLOAT16;FLOAT16;FLOAT16;FLOAT16;FLOAT16;FLOAT16;FLOAT16;FLOAT16;FLOAT16;FLOAT16;FLOAT16;FLOAT16;FLOAT16;FLOAT16;FLOAT16;FLOAT16;FLOAT16;FLOAT16;FLOAT16;FLOAT16;FLOAT16;FLOAT16;FLOAT16;FLOAT16;FLOAT16;FLOAT16;FLOAT16;FLOAT16;FLOAT16;FLOAT16;FLOAT16;FLOAT16;FLOAT16;FLOAT16;FLOAT16;FLOAT16;FLOAT16;FLOAT16;FLOAT16;FLOAT16;FLOAT16;FLOAT16,ND;ND;ND;ND;ND;ND;ND;ND;ND;ND;ND;ND;ND;ND;ND;ND;ND;ND;ND;ND;ND;ND;ND;ND;ND;ND;ND;ND;ND;ND;ND;ND;ND;ND;ND;ND;ND;ND;ND;ND;ND;ND;ND;ND;ND;ND;ND;ND;ND;ND;ND;ND;ND;ND;ND;ND;ND;ND;ND;ND;ND;ND;ND;ND,"""64,160,16""",FLOAT16,ND,N/A,0.0,0,0.0,0.0,0.0,0.0,0.0,0.0,0.0,0.0,0.0,0.0,0.0,8.917,588531,0.017,0.002,3.739,0.419,4.225,0.474,1.255,0.141,0.0,0.000
0,4294967295,388,47,aclnnMul_MulAiCore_Mul,Mul,dynamic,AI_VECTOR_CORE,1785698519223756.001	,327.326,0.000000,40,0,NO,"""4096,4096;4096,4096""",FLOAT;FLOAT,ND;ND,"""4096,4096""",FLOAT,ND,N/A,0.0,0,0.0,0.0,0.0,0.0,0.0,0.0,0.0,0.0,0.0,0.0,0.0,325.163,21460750,6.784,0.021,3.046,0.009,323.552,0.995,108.067,0.332,0.0,0.000
0,4294967295,389,47,Concat,Concat,dynamic,AI_VECTOR_CORE,1785698519224083.347	,10.700,0.000000,40,0,NO,"""64,1,16;64,2,16;64,3,16;64,4,16;64,1,16;64,2,16;64,3,16;64,4,16;64,1,16;64,2,16;64,3,16;64,4,16;64,1,16;64,2,16;64,3,16;64,4,16;64,1,16;64,2,16;64,3,16;64,4,16;64,1,16;64,2,16;64,3,16;64,4,16;64,1,16;64,2,16;64,3,16;64,4,16;64,1,16;64,2,16;64,3,16;64,4,16;64,1,16;64,2,16;64,3,16;64,4,16;64,1,16;64,2,16;64,3,16;64,4,16;64,1,16;64,2,16;64,3,16;64,4,16;64,1,16;64,2,16;64,3,16;64,4,16;64,1,16;64,2,16;64,3,16;64,4,16;64,1,16;64,2,16;64,3,16;64,4,16;64,1,16;64,2,16;64,3,16;64,4,16;64,1,16;64,2,16;64,3,16;64,4,16""",FLOAT16;FLOAT16;FLOAT16;FLOAT16;FLOAT16;FLOAT16;FLOAT16;FLOAT16;FLOAT16;FLOAT16;FLOAT16;FLOAT16;FLOAT16;FLOAT16;FLOAT16;FLOAT16;FLOAT16;FLOAT16;FLOAT16;FLOAT16;FLOAT16;FLOAT16;FLOAT16;FLOAT16;FLOAT16;FLOAT16;FLOAT16;FLOAT16;FLOAT16;FLOAT16;FLOAT16;FLOAT16;FLOAT16;FLOAT16;FLOAT16;FLOAT16;FLOAT16;FLOAT16;FLOAT16;FLOAT16;FLOAT16;FLOAT16;FLOAT16;FLOAT16;FLOAT16;FLOAT16;FLOAT16;FLOAT16;FLOAT16;FLOAT16;FLOAT16;FLOAT16;FLOAT16;FLOAT16;FLOAT16;FLOAT16;FLOAT16;FLOAT16;FLOAT16;FLOAT16;FLOAT16;FLOAT16;FLOAT16;FLOAT16,ND;ND;ND;ND;ND;ND;ND;ND;ND;ND;ND;ND;ND;ND;ND;ND;ND;ND;ND;ND;ND;ND;ND;ND;ND;ND;ND;ND;ND;ND;ND;ND;ND;ND;ND;ND;ND;ND;ND;ND;ND;ND;ND;ND;ND;ND;ND;ND;ND;ND;ND;ND;ND;ND;ND;ND;ND;ND;ND;ND;ND;ND;ND;ND,"""64,160,16""",FLOAT16,ND,N/A,0.0,0,0.0,0.0,0.0,0.0,0.0,0.0,0.0,0.0,0.0,0.0,0.0,7.992,527500,0.017,0.002,3.646,0.456,3.692,0.462,0.958,0.12,0.0,0.000
0,4294967295,390,47,aclnnMul_MulAiCore_Mul,Mul,dynamic,AI_VECTOR_CORE,1785698519224094.067	,326.547,0.050000,40,0,NO,"""4096,4096;4096,4096""",FLOAT;FLOAT,ND;ND,"""4096,4096""",FLOAT,ND,N/A,0.0,0,0.0,0.0,0.0,0.0,0.0,0.0,0.0,0.0,0.0,0.0,0.0,324.76,21434176,6.784,0.021,2.963,0.009,323.235,0.995,108.906,0.335,0.0,0.000
0,4294967295,391,47,Concat,Concat,dynamic,AI_VECTOR_CORE,1785698519224420.654	,9.980,0.203000,40,0,NO,"""64,1,16;64,2,16;64,3,16;64,4,16;64,1,16;64,2,16;64,3,16;64,4,16;64,1,16;64,2,16;64,3,16;64,4,16;64,1,16;64,2,16;64,3,16;64,4,16;64,1,16;64,2,16;64,3,16;64,4,16;64,1,16;64,2,16;64,3,16;64,4,16;64,1,16;64,2,16;64,3,16;64,4,16;64,1,16;64,2,16;64,3,16;64,4,16;64,1,16;64,2,16;64,3,16;64,4,16;64,1,16;64,2,16;64,3,16;64,4,16;64,1,16;64,2,16;64,3,16;64,4,16;64,1,16;64,2,16;64,3,16;64,4,16;64,1,16;64,2,16;64,3,16;64,4,16;64,1,16;64,2,16;64,3,16;64,4,16;64,1,16;64,2,16;64,3,16;64,4,16;64,1,16;64,2,16;64,3,16;64,4,16""",FLOAT16;FLOAT16;FLOAT16;FLOAT16;FLOAT16;FLOAT16;FLOAT16;FLOAT16;FLOAT16;FLOAT16;FLOAT16;FLOAT16;FLOAT16;FLOAT16;FLOAT16;FLOAT16;FLOAT16;FLOAT16;FLOAT16;FLOAT16;FLOAT16;FLOAT16;FLOAT16;FLOAT16;FLOAT16;FLOAT16;FLOAT16;FLOAT16;FLOAT16;FLOAT16;FLOAT16;FLOAT16;FLOAT16;FLOAT16;FLOAT16;FLOAT16;FLOAT16;FLOAT16;FLOAT16;FLOAT16;FLOAT16;FLOAT16;FLOAT16;FLOAT16;FLOAT16;FLOAT16;FLOAT16;FLOAT16;FLOAT16;FLOAT16;FLOAT16;FLOAT16;FLOAT16;FLOAT16;FLOAT16;FLOAT16;FLOAT16;FLOAT16;FLOAT16;FLOAT16;FLOAT16;FLOAT16;FLOAT16;FLOAT16,ND;ND;ND;ND;ND;ND;ND;ND;ND;ND;ND;ND;ND;ND;ND;ND;ND;ND;ND;ND;ND;ND;ND;ND;ND;ND;ND;ND;ND;ND;ND;ND;ND;ND;ND;ND;ND;ND;ND;ND;ND;ND;ND;ND;ND;ND;ND;ND;ND;ND;ND;ND;ND;ND;ND;ND;ND;ND;ND;ND;ND;ND;ND;ND,"""64,160,16""",FLOAT16,ND,N/A,0.0,0,0.0,0.0,0.0,0.0,0.0,0.0,0.0,0.0,0.0,0.0,0.0,7.628,503440,0.017,0.002,3.769,0.494,3.21,0.421,1.103,0.145,0.0,0.000
0,4294967295,392,47,aclnnMul_MulAiCore_Mul,Mul,dynamic,AI_VECTOR_CORE,1785698519224430.654	,326.807,0.020000,40,0,NO,"""4096,4096;4096,4096""",FLOAT;FLOAT,ND;ND,"""4096,4096""",FLOAT,ND,N/A,0.0,0,0.0,0.0,0.0,0.0,0.0,0.0,0.0,0.0,0.0,0.0,0.0,324.152,21394001,6.784,0.021,3.086,0.01,322.496,0.995,108.393,0.334,0.0,0.000
0,4294967295,393,47,Concat,Concat,dynamic,AI_VECTOR_CORE,1785698519224757.481	,10.440,0.000000,40,0,NO,"""64,1,16;64,2,16;64,3,16;64,4,16;64,1,16;64,2,16;64,3,16;64,4,16;64,1,16;64,2,16;64,3,16;64,4,16;64,1,16;64,2,16;64,3,16;64,4,16;64,1,16;64,2,16;64,3,16;64,4,16;64,1,16;64,2,16;64,3,16;64,4,16;64,1,16;64,2,16;64,3,16;64,4,16;64,1,16;64,2,16;64,3,16;64,4,16;64,1,16;64,2,16;64,3,16;64,4,16;64,1,16;64,2,16;64,3,16;64,4,16;64,1,16;64,2,16;64,3,16;64,4,16;64,1,16;64,2,16;64,3,16;64,4,16;64,1,16;64,2,16;64,3,16;64,4,16;64,1,16;64,2,16;64,3,16;64,4,16;64,1,16;64,2,16;64,3,16;64,4,16;64,1,16;64,2,16;64,3,16;64,4,16""",FLOAT16;FLOAT16;FLOAT16;FLOAT16;FLOAT16;FLOAT16;FLOAT16;FLOAT16;FLOAT16;FLOAT16;FLOAT16;FLOAT16;FLOAT16;FLOAT16;FLOAT16;FLOAT16;FLOAT16;FLOAT16;FLOAT16;FLOAT16;FLOAT16;FLOAT16;FLOAT16;FLOAT16;FLOAT16;FLOAT16;FLOAT16;FLOAT16;FLOAT16;FLOAT16;FLOAT16;FLOAT16;FLOAT16;FLOAT16;FLOAT16;FLOAT16;FLOAT16;FLOAT16;FLOAT16;FLOAT16;FLOAT16;FLOAT16;FLOAT16;FLOAT16;FLOAT16;FLOAT16;FLOAT16;FLOAT16;FLOAT16;FLOAT16;FLOAT16;FLOAT16;FLOAT16;FLOAT16;FLOAT16;FLOAT16;FLOAT16;FLOAT16;FLOAT16;FLOAT16;FLOAT16;FLOAT16;FLOAT16;FLOAT16,ND;ND;ND;ND;ND;ND;ND;ND;ND;ND;ND;ND;ND;ND;ND;ND;ND;ND;ND;ND;ND;ND;ND;ND;ND;ND;ND;ND;ND;ND;ND;ND;ND;ND;ND;ND;ND;ND;ND;ND;ND;ND;ND;ND;ND;ND;ND;ND;ND;ND;ND;ND;ND;ND;ND;ND;ND;ND;ND;ND;ND;ND;ND;ND,"""64,160,16""",FLOAT16,ND,N/A,0.0,0,0.0,0.0,0.0,0.0,0.0,0.0,0.0,0.0,0.0,0.0,0.0,8.171,539299,0.017,0.002,3.988,0.488,3.54,0.433,1.059,0.13,0.0,0.000
0,4294967295,394,47,aclnnMul_MulAiCore_Mul,Mul,dynamic,AI_VECTOR_CORE,1785698519224767.941	,327.226,0.060000,40,0,NO,"""4096,4096;4096,4096""",FLOAT;FLOAT,ND;ND,"""4096,4096""",FLOAT,ND,N/A,0.0,0,0.0,0.0,0.0,0.0,0.0,0.0,0.0,0.0,0.0,0.0,0.0,325.041,21452718,6.784,0.021,3.07,0.009,323.426,0.995,108.864,0.335,0.0,0.000
0,4294967295,395,47,Concat,Concat,dynamic,AI_VECTOR_CORE,1785698519225095.187	,11.701,0.024000,40,0,NO,"""64,1,16;64,2,16;64,3,16;64,4,16;64,1,16;64,2,16;64,3,16;64,4,16;64,1,16;64,2,16;64,3,16;64,4,16;64,1,16;64,2,16;64,3,16;64,4,16;64,1,16;64,2,16;64,3,16;64,4,16;64,1,16;64,2,16;64,3,16;64,4,16;64,1,16;64,2,16;64,3,16;64,4,16;64,1,16;64,2,16;64,3,16;64,4,16;64,1,16;64,2,16;64,3,16;64,4,16;64,1,16;64,2,16;64,3,16;64,4,16;64,1,16;64,2,16;64,3,16;64,4,16;64,1,16;64,2,16;64,3,16;64,4,16;64,1,16;64,2,16;64,3,16;64,4,16;64,1,16;64,2,16;64,3,16;64,4,16;64,1,16;64,2,16;64,3,16;64,4,16;64,1,16;64,2,16;64,3,16;64,4,16""",FLOAT16;FLOAT16;FLOAT16;FLOAT16;FLOAT16;FLOAT16;FLOAT16;FLOAT16;FLOAT16;FLOAT16;FLOAT16;FLOAT16;FLOAT16;FLOAT16;FLOAT16;FLOAT16;FLOAT16;FLOAT16;FLOAT16;FLOAT16;FLOAT16;FLOAT16;FLOAT16;FLOAT16;FLOAT16;FLOAT16;FLOAT16;FLOAT16;FLOAT16;FLOAT16;FLOAT16;FLOAT16;FLOAT16;FLOAT16;FLOAT16;FLOAT16;FLOAT16;FLOAT16;FLOAT16;FLOAT16;FLOAT16;FLOAT16;FLOAT16;FLOAT16;FLOAT16;FLOAT16;FLOAT16;FLOAT16;FLOAT16;FLOAT16;FLOAT16;FLOAT16;FLOAT16;FLOAT16;FLOAT16;FLOAT16;FLOAT16;FLOAT16;FLOAT16;FLOAT16;FLOAT16;FLOAT16;FLOAT16;FLOAT16,ND;ND;ND;ND;ND;ND;ND;ND;ND;ND;ND;ND;ND;ND;ND;ND;ND;ND;ND;ND;ND;ND;ND;ND;ND;ND;ND;ND;ND;ND;ND;ND;ND;ND;ND;ND;ND;ND;ND;ND;ND;ND;ND;ND;ND;ND;ND;ND;ND;ND;ND;ND;ND;ND;ND;ND;ND;ND;ND;ND;ND;ND;ND;ND,"""64,160,16""",FLOAT16,ND,N/A,0.0,0,0.0,0.0,0.0,0.0,0.0,0.0,0.0,0.0,0.0,0.0,0.0,9.298,613684,0.017,0.002,5.06,0.544,3.936,0.423,1.083,0.116,0.0,0.000
0,4294967295,396,47,aclnnMul_MulAiCore_Mul,Mul,dynamic,AI_VECTOR_CORE,1785698519225106.928	,328.146,0.049000,40,0,NO,"""4096,4096;4096,4096""",FLOAT;FLOAT,ND;ND,"""4096,4096""",FLOAT,ND,N/A,0.0,0,0.0,0.0,0.0,0.0,0.0,0.0,0.0,0.0,0.0,0.0,0.0,326.216,21530240,6.784,0.021,3.119,0.01,324.56,0.995,109.688,0.336,0.0,0.000
0,4294967295,397,47,Concat,Concat,dynamic,AI_VECTOR_CORE,1785698519225435.114	,9.780,0.000000,40,0,NO,"""64,1,16;64,2,16;64,3,16;64,4,16;64,1,16;64,2,16;64,3,16;64,4,16;64,1,16;64,2,16;64,3,16;64,4,16;64,1,16;64,2,16;64,3,16;64,4,16;64,1,16;64,2,16;64,3,16;64,4,16;64,1,16;64,2,16;64,3,16;64,4,16;64,1,16;64,2,16;64,3,16;64,4,16;64,1,16;64,2,16;64,3,16;64,4,16;64,1,16;64,2,16;64,3,16;64,4,16;64,1,16;64,2,16;64,3,16;64,4,16;64,1,16;64,2,16;64,3,16;64,4,16;64,1,16;64,2,16;64,3,16;64,4,16;64,1,16;64,2,16;64,3,16;64,4,16;64,1,16;64,2,16;64,3,16;64,4,16;64,1,16;64,2,16;64,3,16;64,4,16;64,1,16;64,2,16;64,3,16;64,4,16""",FLOAT16;FLOAT16;FLOAT16;FLOAT16;FLOAT16;FLOAT16;FLOAT16;FLOAT16;FLOAT16;FLOAT16;FLOAT16;FLOAT16;FLOAT16;FLOAT16;FLOAT16;FLOAT16;FLOAT16;FLOAT16;FLOAT16;FLOAT16;FLOAT16;FLOAT16;FLOAT16;FLOAT16;FLOAT16;FLOAT16;FLOAT16;FLOAT16;FLOAT16;FLOAT16;FLOAT16;FLOAT16;FLOAT16;FLOAT16;FLOAT16;FLOAT16;FLOAT16;FLOAT16;FLOAT16;FLOAT16;FLOAT16;FLOAT16;FLOAT16;FLOAT16;FLOAT16;FLOAT16;FLOAT16;FLOAT16;FLOAT16;FLOAT16;FLOAT16;FLOAT16;FLOAT16;FLOAT16;FLOAT16;FLOAT16;FLOAT16;FLOAT16;FLOAT16;FLOAT16;FLOAT16;FLOAT16;FLOAT16;FLOAT16,ND;ND;ND;ND;ND;ND;ND;ND;ND;ND;ND;ND;ND;ND;ND;ND;ND;ND;ND;ND;ND;ND;ND;ND;ND;ND;ND;ND;ND;ND;ND;ND;ND;ND;ND;ND;ND;ND;ND;ND;ND;ND;ND;ND;ND;ND;ND;ND;ND;ND;ND;ND;ND;ND;ND;ND;ND;ND;ND;ND;ND;ND;ND;ND,"""64,160,16""",FLOAT16,ND,N/A,0.0,0,0.0,0.0,0.0,0.0,0.0,0.0,0.0,0.0,0.0,0.0,0.0,7.66,505578,0.017,0.002,3.757,0.49,3.007,0.393,1.261,0.165,0.0,0.000
0,4294967295,398,47,aclnnMul_MulAiCore_Mul,Mul,dynamic,AI_VECTOR_CORE,1785698519225444.914	,326.547,0.220000,40,0,NO,"""4096,4096;4096,4096""",FLOAT;FLOAT,ND;ND,"""4096,4096""",FLOAT,ND,N/A,0.0,0,0.0,0.0,0.0,0.0,0.0,0.0,0.0,0.0,0.0,0.0,0.0,324.959,21447270,6.784,0.021,3.052,0.009,323.411,0.995,107.84,0.332,0.0,0.000
0,4294967295,399,47,Concat,Concat,dynamic,AI_VECTOR_CORE,1785698519225771.501	,9.600,0.000000,40,0,NO,"""64,1,16;64,2,16;64,3,16;64,4,16;64,1,16;64,2,16;64,3,16;64,4,16;64,1,16;64,2,16;64,3,16;64,4,16;64,1,16;64,2,16;64,3,16;64,4,16;64,1,16;64,2,16;64,3,16;64,4,16;64,1,16;64,2,16;64,3,16;64,4,16;64,1,16;64,2,16;64,3,16;64,4,16;64,1,16;64,2,16;64,3,16;64,4,16;64,1,16;64,2,16;64,3,16;64,4,16;64,1,16;64,2,16;64,3,16;64,4,16;64,1,16;64,2,16;64,3,16;64,4,16;64,1,16;64,2,16;64,3,16;64,4,16;64,1,16;64,2,16;64,3,16;64,4,16;64,1,16;64,2,16;64,3,16;64,4,16;64,1,16;64,2,16;64,3,16;64,4,16;64,1,16;64,2,16;64,3,16;64,4,16""",FLOAT16;FLOAT16;FLOAT16;FLOAT16;FLOAT16;FLOAT16;FLOAT16;FLOAT16;FLOAT16;FLOAT16;FLOAT16;FLOAT16;FLOAT16;FLOAT16;FLOAT16;FLOAT16;FLOAT16;FLOAT16;FLOAT16;FLOAT16;FLOAT16;FLOAT16;FLOAT16;FLOAT16;FLOAT16;FLOAT16;FLOAT16;FLOAT16;FLOAT16;FLOAT16;FLOAT16;FLOAT16;FLOAT16;FLOAT16;FLOAT16;FLOAT16;FLOAT16;FLOAT16;FLOAT16;FLOAT16;FLOAT16;FLOAT16;FLOAT16;FLOAT16;FLOAT16;FLOAT16;FLOAT16;FLOAT16;FLOAT16;FLOAT16;FLOAT16;FLOAT16;FLOAT16;FLOAT16;FLOAT16;FLOAT16;FLOAT16;FLOAT16;FLOAT16;FLOAT16;FLOAT16;FLOAT16;FLOAT16;FLOAT16,ND;ND;ND;ND;ND;ND;ND;ND;ND;ND;ND;ND;ND;ND;ND;ND;ND;ND;ND;ND;ND;ND;ND;ND;ND;ND;ND;ND;ND;ND;ND;ND;ND;ND;ND;ND;ND;ND;ND;ND;ND;ND;ND;ND;ND;ND;ND;ND;ND;ND;ND;ND;ND;ND;ND;ND;ND;ND;ND;ND;ND;ND;ND;ND,"""64,160,16""",FLOAT16,ND,N/A,0.0,0,0.0,0.0,0.0,0.0,0.0,0.0,0.0,0.0,0.0,0.0,0.0,6.946,458412,0.017,0.002,3.497,0.503,2.788,0.401,0.978,0.141,0.0,0.000
0,4294967295,400,47,aclnnMul_MulAiCore_Mul,Mul,dynamic,AI_VECTOR_CORE,1785698519225781.121	,326.627,0.000000,40,0,NO,"""4096,4096;4096,4096""",FLOAT;FLOAT,ND;ND,"""4096,4096""",FLOAT,ND,N/A,0.0,0,0.0,0.0,0.0,0.0,0.0,0.0,0.0,0.0,0.0,0.0,0.0,324.574,21421871,6.784,0.021,2.98,0.009,323.051,0.995,108.648,0.335,0.0,0.000
0,4294967295,401,47,Concat,Concat,dynamic,AI_VECTOR_CORE,1785698519226107.768	,11.940,0.123000,40,0,NO,"""64,1,16;64,2,16;64,3,16;64,4,16;64,1,16;64,2,16;64,3,16;64,4,16;64,1,16;64,2,16;64,3,16;64,4,16;64,1,16;64,2,16;64,3,16;64,4,16;64,1,16;64,2,16;64,3,16;64,4,16;64,1,16;64,2,16;64,3,16;64,4,16;64,1,16;64,2,16;64,3,16;64,4,16;64,1,16;64,2,16;64,3,16;64,4,16;64,1,16;64,2,16;64,3,16;64,4,16;64,1,16;64,2,16;64,3,16;64,4,16;64,1,16;64,2,16;64,3,16;64,4,16;64,1,16;64,2,16;64,3,16;64,4,16;64,1,16;64,2,16;64,3,16;64,4,16;64,1,16;64,2,16;64,3,16;64,4,16;64,1,16;64,2,16;64,3,16;64,4,16;64,1,16;64,2,16;64,3,16;64,4,16""",FLOAT16;FLOAT16;FLOAT16;FLOAT16;FLOAT16;FLOAT16;FLOAT16;FLOAT16;FLOAT16;FLOAT16;FLOAT16;FLOAT16;FLOAT16;FLOAT16;FLOAT16;FLOAT16;FLOAT16;FLOAT16;FLOAT16;FLOAT16;FLOAT16;FLOAT16;FLOAT16;FLOAT16;FLOAT16;FLOAT16;FLOAT16;FLOAT16;FLOAT16;FLOAT16;FLOAT16;FLOAT16;FLOAT16;FLOAT16;FLOAT16;FLOAT16;FLOAT16;FLOAT16;FLOAT16;FLOAT16;FLOAT16;FLOAT16;FLOAT16;FLOAT16;FLOAT16;FLOAT16;FLOAT16;FLOAT16;FLOAT16;FLOAT16;FLOAT16;FLOAT16;FLOAT16;FLOAT16;FLOAT16;FLOAT16;FLOAT16;FLOAT16;FLOAT16;FLOAT16;FLOAT16;FLOAT16;FLOAT16;FLOAT16,ND;ND;ND;ND;ND;ND;ND;ND;ND;ND;ND;ND;ND;ND;ND;ND;ND;ND;ND;ND;ND;ND;ND;ND;ND;ND;ND;ND;ND;ND;ND;ND;ND;ND;ND;ND;ND;ND;ND;ND;ND;ND;ND;ND;ND;ND;ND;ND;ND;ND;ND;ND;ND;ND;ND;ND;ND;ND;ND;ND;ND;ND;ND;ND,"""64,160,16""",FLOAT16,ND,N/A,0.0,0,0.0,0.0,0.0,0.0,0.0,0.0,0.0,0.0,0.0,0.0,0.0,8.502,561129,0.017,0.002,3.785,0.445,3.965,0.466,1.06,0.125,0.0,0.000
0,4294967295,402,47,aclnnMul_MulAiCore_Mul,Mul,dynamic,AI_VECTOR_CORE,1785698519226119.748	,329.006,0.060000,40,0,NO,"""4096,4096;4096,4096""",FLOAT;FLOAT,ND;ND,"""4096,4096""",FLOAT,ND,N/A,0.0,0,0.0,0.0,0.0,0.0,0.0,0.0,0.0,0.0,0.0,0.0,0.0,327.067,21586421,6.784,0.021,3.086,0.009,325.451,0.995,110.419,0.338,0.0,0.000
0,4294967295,403,47,Concat,Concat,dynamic,AI_VECTOR_CORE,1785698519226448.794	,11.721,0.000000,40,0,NO,"""64,1,16;64,2,16;64,3,16;64,4,16;64,1,16;64,2,16;64,3,16;64,4,16;64,1,16;64,2,16;64,3,16;64,4,16;64,1,16;64,2,16;64,3,16;64,4,16;64,1,16;64,2,16;64,3,16;64,4,16;64,1,16;64,2,16;64,3,16;64,4,16;64,1,16;64,2,16;64,3,16;64,4,16;64,1,16;64,2,16;64,3,16;64,4,16;64,1,16;64,2,16;64,3,16;64,4,16;64,1,16;64,2,16;64,3,16;64,4,16;64,1,16;64,2,16;64,3,16;64,4,16;64,1,16;64,2,16;64,3,16;64,4,16;64,1,16;64,2,16;64,3,16;64,4,16;64,1,16;64,2,16;64,3,16;64,4,16;64,1,16;64,2,16;64,3,16;64,4,16;64,1,16;64,2,16;64,3,16;64,4,16""",FLOAT16;FLOAT16;FLOAT16;FLOAT16;FLOAT16;FLOAT16;FLOAT16;FLOAT16;FLOAT16;FLOAT16;FLOAT16;FLOAT16;FLOAT16;FLOAT16;FLOAT16;FLOAT16;FLOAT16;FLOAT16;FLOAT16;FLOAT16;FLOAT16;FLOAT16;FLOAT16;FLOAT16;FLOAT16;FLOAT16;FLOAT16;FLOAT16;FLOAT16;FLOAT16;FLOAT16;FLOAT16;FLOAT16;FLOAT16;FLOAT16;FLOAT16;FLOAT16;FLOAT16;FLOAT16;FLOAT16;FLOAT16;FLOAT16;FLOAT16;FLOAT16;FLOAT16;FLOAT16;FLOAT16;FLOAT16;FLOAT16;FLOAT16;FLOAT16;FLOAT16;FLOAT16;FLOAT16;FLOAT16;FLOAT16;FLOAT16;FLOAT16;FLOAT16;FLOAT16;FLOAT16;FLOAT16;FLOAT16;FLOAT16,ND;ND;ND;ND;ND;ND;ND;ND;ND;ND;ND;ND;ND;ND;ND;ND;ND;ND;ND;ND;ND;ND;ND;ND;ND;ND;ND;ND;ND;ND;ND;ND;ND;ND;ND;ND;ND;ND;ND;ND;ND;ND;ND;ND;ND;ND;ND;ND;ND;ND;ND;ND;ND;ND;ND;ND;ND;ND;ND;ND;ND;ND;ND;ND,"""64,160,16""",FLOAT16,ND,N/A,0.0,0,0.0,0.0,0.0,0.0,0.0,0.0,0.0,0.0,0.0,0.0,0.0,9.01,594649,0.017,0.002,3.785,0.42,4.379,0.486,1.258,0.14,0.0,0.000
0,4294967295,404,47,aclnnMul_MulAiCore_Mul,Mul,dynamic,AI_VECTOR_CORE,1785698519226460.535	,327.726,0.029000,40,0,NO,"""4096,4096;4096,4096""",FLOAT;FLOAT,ND;ND,"""4096,4096""",FLOAT,ND,N/A,0.0,0,0.0,0.0,0.0,0.0,0.0,0.0,0.0,0.0,0.0,0.0,0.0,325.547,21486078,6.784,0.021,2.935,0.009,324.077,0.995,109.758,0.337,0.0,0.000
0,4294967295,405,47,Concat,Concat,dynamic,AI_VECTOR_CORE,1785698519226788.281	,9.920,0.024000,40,0,NO,"""64,1,16;64,2,16;64,3,16;64,4,16;64,1,16;64,2,16;64,3,16;64,4,16;64,1,16;64,2,16;64,3,16;64,4,16;64,1,16;64,2,16;64,3,16;64,4,16;64,1,16;64,2,16;64,3,16;64,4,16;64,1,16;64,2,16;64,3,16;64,4,16;64,1,16;64,2,16;64,3,16;64,4,16;64,1,16;64,2,16;64,3,16;64,4,16;64,1,16;64,2,16;64,3,16;64,4,16;64,1,16;64,2,16;64,3,16;64,4,16;64,1,16;64,2,16;64,3,16;64,4,16;64,1,16;64,2,16;64,3,16;64,4,16;64,1,16;64,2,16;64,3,16;64,4,16;64,1,16;64,2,16;64,3,16;64,4,16;64,1,16;64,2,16;64,3,16;64,4,16;64,1,16;64,2,16;64,3,16;64,4,16""",FLOAT16;FLOAT16;FLOAT16;FLOAT16;FLOAT16;FLOAT16;FLOAT16;FLOAT16;FLOAT16;FLOAT16;FLOAT16;FLOAT16;FLOAT16;FLOAT16;FLOAT16;FLOAT16;FLOAT16;FLOAT16;FLOAT16;FLOAT16;FLOAT16;FLOAT16;FLOAT16;FLOAT16;FLOAT16;FLOAT16;FLOAT16;FLOAT16;FLOAT16;FLOAT16;FLOAT16;FLOAT16;FLOAT16;FLOAT16;FLOAT16;FLOAT16;FLOAT16;FLOAT16;FLOAT16;FLOAT16;FLOAT16;FLOAT16;FLOAT16;FLOAT16;FLOAT16;FLOAT16;FLOAT16;FLOAT16;FLOAT16;FLOAT16;FLOAT16;FLOAT16;FLOAT16;FLOAT16;FLOAT16;FLOAT16;FLOAT16;FLOAT16;FLOAT16;FLOAT16;FLOAT16;FLOAT16;FLOAT16;FLOAT16,ND;ND;ND;ND;ND;ND;ND;ND;ND;ND;ND;ND;ND;ND;ND;ND;ND;ND;ND;ND;ND;ND;ND;ND;ND;ND;ND;ND;ND;ND;ND;ND;ND;ND;ND;ND;ND;ND;ND;ND;ND;ND;ND;ND;ND;ND;ND;ND;ND;ND;ND;ND;ND;ND;ND;ND;ND;ND;ND;ND;ND;ND;ND;ND,"""64,160,16""",FLOAT16,ND,N/A,0.0,0,0.0,0.0,0.0,0.0,0.0,0.0,0.0,0.0,0.0,0.0,0.0,7.676,506619,0.017,0.002,3.844,0.501,3.344,0.436,1.075,0.14,0.0,0.000
0,4294967295,406,47,aclnnMul_MulAiCore_Mul,Mul,dynamic,AI_VECTOR_CORE,1785698519226798.221	,326.947,0.080000,40,0,NO,"""4096,4096;4096,4096""",FLOAT;FLOAT,ND;ND,"""4096,4096""",FLOAT,ND,N/A,0.0,0,0.0,0.0,0.0,0.0,0.0,0.0,0.0,0.0,0.0,0.0,0.0,324.524,21418559,6.784,0.021,3.046,0.009,322.922,0.995,109.839,0.338,0.0,0.000
0,4294967295,407,47,Concat,Concat,dynamic,AI_VECTOR_CORE,1785698519227125.188	,11.260,0.053000,40,0,NO,"""64,1,16;64,2,16;64,3,16;64,4,16;64,1,16;64,2,16;64,3,16;64,4,16;64,1,16;64,2,16;64,3,16;64,4,16;64,1,16;64,2,16;64,3,16;64,4,16;64,1,16;64,2,16;64,3,16;64,4,16;64,1,16;64,2,16;64,3,16;64,4,16;64,1,16;64,2,16;64,3,16;64,4,16;64,1,16;64,2,16;64,3,16;64,4,16;64,1,16;64,2,16;64,3,16;64,4,16;64,1,16;64,2,16;64,3,16;64,4,16;64,1,16;64,2,16;64,3,16;64,4,16;64,1,16;64,2,16;64,3,16;64,4,16;64,1,16;64,2,16;64,3,16;64,4,16;64,1,16;64,2,16;64,3,16;64,4,16;64,1,16;64,2,16;64,3,16;64,4,16;64,1,16;64,2,16;64,3,16;64,4,16""",FLOAT16;FLOAT16;FLOAT16;FLOAT16;FLOAT16;FLOAT16;FLOAT16;FLOAT16;FLOAT16;FLOAT16;FLOAT16;FLOAT16;FLOAT16;FLOAT16;FLOAT16;FLOAT16;FLOAT16;FLOAT16;FLOAT16;FLOAT16;FLOAT16;FLOAT16;FLOAT16;FLOAT16;FLOAT16;FLOAT16;FLOAT16;FLOAT16;FLOAT16;FLOAT16;FLOAT16;FLOAT16;FLOAT16;FLOAT16;FLOAT16;FLOAT16;FLOAT16;FLOAT16;FLOAT16;FLOAT16;FLOAT16;FLOAT16;FLOAT16;FLOAT16;FLOAT16;FLOAT16;FLOAT16;FLOAT16;FLOAT16;FLOAT16;FLOAT16;FLOAT16;FLOAT16;FLOAT16;FLOAT16;FLOAT16;FLOAT16;FLOAT16;FLOAT16;FLOAT16;FLOAT16;FLOAT16;FLOAT16;FLOAT16,ND;ND;ND;ND;ND;ND;ND;ND;ND;ND;ND;ND;ND;ND;ND;ND;ND;ND;ND;ND;ND;ND;ND;ND;ND;ND;ND;ND;ND;ND;ND;ND;ND;ND;ND;ND;ND;ND;ND;ND;ND;ND;ND;ND;ND;ND;ND;ND;ND;ND;ND;ND;ND;ND;ND;ND;ND;ND;ND;ND;ND;ND;ND;ND,"""64,160,16""",FLOAT16,ND,N/A,0.0,0,0.0,0.0,0.0,0.0,0.0,0.0,0.0,0.0,0.0,0.0,0.0,7.58,500307,0.017,0.002,4.34,0.572,2.641,0.348,0.891,0.117,0.0,0.000
0,4294967295,408,47,aclnnMul_MulAiCore_Mul,Mul,dynamic,AI_VECTOR_CORE,1785698519227136.468	,327.587,0.000000,40,0,NO,"""4096,4096;4096,4096""",FLOAT;FLOAT,ND;ND,"""4096,4096""",FLOAT,ND,N/A,0.0,0,0.0,0.0,0.0,0.0,0.0,0.0,0.0,0.0,0.0,0.0,0.0,325.685,21495235,6.784,0.021,3.328,0.01,323.824,0.994,109.442,0.336,0.0,0.000
0,4294967295,409,47,Concat,Concat,dynamic,AI_VECTOR_CORE,1785698519227464.075	,10.860,0.000000,40,0,NO,"""64,1,16;64,2,16;64,3,16;64,4,16;64,1,16;64,2,16;64,3,16;64,4,16;64,1,16;64,2,16;64,3,16;64,4,16;64,1,16;64,2,16;64,3,16;64,4,16;64,1,16;64,2,16;64,3,16;64,4,16;64,1,16;64,2,16;64,3,16;64,4,16;64,1,16;64,2,16;64,3,16;64,4,16;64,1,16;64,2,16;64,3,16;64,4,16;64,1,16;64,2,16;64,3,16;64,4,16;64,1,16;64,2,16;64,3,16;64,4,16;64,1,16;64,2,16;64,3,16;64,4,16;64,1,16;64,2,16;64,3,16;64,4,16;64,1,16;64,2,16;64,3,16;64,4,16;64,1,16;64,2,16;64,3,16;64,4,16;64,1,16;64,2,16;64,3,16;64,4,16;64,1,16;64,2,16;64,3,16;64,4,16""",FLOAT16;FLOAT16;FLOAT16;FLOAT16;FLOAT16;FLOAT16;FLOAT16;FLOAT16;FLOAT16;FLOAT16;FLOAT16;FLOAT16;FLOAT16;FLOAT16;FLOAT16;FLOAT16;FLOAT16;FLOAT16;FLOAT16;FLOAT16;FLOAT16;FLOAT16;FLOAT16;FLOAT16;FLOAT16;FLOAT16;FLOAT16;FLOAT16;FLOAT16;FLOAT16;FLOAT16;FLOAT16;FLOAT16;FLOAT16;FLOAT16;FLOAT16;FLOAT16;FLOAT16;FLOAT16;FLOAT16;FLOAT16;FLOAT16;FLOAT16;FLOAT16;FLOAT16;FLOAT16;FLOAT16;FLOAT16;FLOAT16;FLOAT16;FLOAT16;FLOAT16;FLOAT16;FLOAT16;FLOAT16;FLOAT16;FLOAT16;FLOAT16;FLOAT16;FLOAT16;FLOAT16;FLOAT16;FLOAT16;FLOAT16,ND;ND;ND;ND;ND;ND;ND;ND;ND;ND;ND;ND;ND;ND;ND;ND;ND;ND;ND;ND;ND;ND;ND;ND;ND;ND;ND;ND;ND;ND;ND;ND;ND;ND;ND;ND;ND;ND;ND;ND;ND;ND;ND;ND;ND;ND;ND;ND;ND;ND;ND;ND;ND;ND;ND;ND;ND;ND;ND;ND;ND;ND;ND;ND,"""64,160,16""",FLOAT16,ND,N/A,0.0,0,0.0,0.0,0.0,0.0,0.0,0.0,0.0,0.0,0.0,0.0,0.0,8.101,534661,0.017,0.002,3.966,0.49,3.767,0.465,1.017,0.126,0.0,0.000
0,4294967295,410,47,aclnnMul_MulAiCore_Mul,Mul,dynamic,AI_VECTOR_CORE,1785698519227474.955	,326.706,0.140000,40,0,NO,"""4096,4096;4096,4096""",FLOAT;FLOAT,ND;ND,"""4096,4096""",FLOAT,ND,N/A,0.0,0,0.0,0.0,0.0,0.0,0.0,0.0,0.0,0.0,0.0,0.0,0.0,324.976,21448414,6.784,0.021,3.158,0.01,323.282,0.995,107.982,0.332,0.0,0.000
0,4294967295,411,47,Concat,Concat,dynamic,AI_VECTOR_CORE,1785698519227801.681	,11.801,0.044000,40,0,NO,"""64,1,16;64,2,16;64,3,16;64,4,16;64,1,16;64,2,16;64,3,16;64,4,16;64,1,16;64,2,16;64,3,16;64,4,16;64,1,16;64,2,16;64,3,16;64,4,16;64,1,16;64,2,16;64,3,16;64,4,16;64,1,16;64,2,16;64,3,16;64,4,16;64,1,16;64,2,16;64,3,16;64,4,16;64,1,16;64,2,16;64,3,16;64,4,16;64,1,16;64,2,16;64,3,16;64,4,16;64,1,16;64,2,16;64,3,16;64,4,16;64,1,16;64,2,16;64,3,16;64,4,16;64,1,16;64,2,16;64,3,16;64,4,16;64,1,16;64,2,16;64,3,16;64,4,16;64,1,16;64,2,16;64,3,16;64,4,16;64,1,16;64,2,16;64,3,16;64,4,16;64,1,16;64,2,16;64,3,16;64,4,16""",FLOAT16;FLOAT16;FLOAT16;FLOAT16;FLOAT16;FLOAT16;FLOAT16;FLOAT16;FLOAT16;FLOAT16;FLOAT16;FLOAT16;FLOAT16;FLOAT16;FLOAT16;FLOAT16;FLOAT16;FLOAT16;FLOAT16;FLOAT16;FLOAT16;FLOAT16;FLOAT16;FLOAT16;FLOAT16;FLOAT16;FLOAT16;FLOAT16;FLOAT16;FLOAT16;FLOAT16;FLOAT16;FLOAT16;FLOAT16;FLOAT16;FLOAT16;FLOAT16;FLOAT16;FLOAT16;FLOAT16;FLOAT16;FLOAT16;FLOAT16;FLOAT16;FLOAT16;FLOAT16;FLOAT16;FLOAT16;FLOAT16;FLOAT16;FLOAT16;FLOAT16;FLOAT16;FLOAT16;FLOAT16;FLOAT16;FLOAT16;FLOAT16;FLOAT16;FLOAT16;FLOAT16;FLOAT16;FLOAT16;FLOAT16,ND;ND;ND;ND;ND;ND;ND;ND;ND;ND;ND;ND;ND;ND;ND;ND;ND;ND;ND;ND;ND;ND;ND;ND;ND;ND;ND;ND;ND;ND;ND;ND;ND;ND;ND;ND;ND;ND;ND;ND;ND;ND;ND;ND;ND;ND;ND;ND;ND;ND;ND;ND;ND;ND;ND;ND;ND;ND;ND;ND;ND;ND;ND;ND,"""64,160,16""",FLOAT16,ND,N/A,0.0,0,0.0,0.0,0.0,0.0,0.0,0.0,0.0,0.0,0.0,0.0,0.0,9.532,629144,0.017,0.002,4.983,0.523,3.794,0.398,1.175,0.123,0.0,0.000
0,4294967295,412,47,aclnnMul_MulAiCore_Mul,Mul,dynamic,AI_VECTOR_CORE,1785698519227813.502	,327.446,0.000000,40,0,NO,"""4096,4096;4096,4096""",FLOAT;FLOAT,ND;ND,"""4096,4096""",FLOAT,ND,N/A,0.0,0,0.0,0.0,0.0,0.0,0.0,0.0,0.0,0.0,0.0,0.0,0.0,325.318,21471003,6.784,0.021,3.009,0.009,323.751,0.995,108.281,0.333,0.0,0.000
0,4294967295,413,47,Concat,Concat,dynamic,AI_VECTOR_CORE,1785698519228140.968	,10.060,0.054000,40,0,NO,"""64,1,16;64,2,16;64,3,16;64,4,16;64,1,16;64,2,16;64,3,16;64,4,16;64,1,16;64,2,16;64,3,16;64,4,16;64,1,16;64,2,16;64,3,16;64,4,16;64,1,16;64,2,16;64,3,16;64,4,16;64,1,16;64,2,16;64,3,16;64,4,16;64,1,16;64,2,16;64,3,16;64,4,16;64,1,16;64,2,16;64,3,16;64,4,16;64,1,16;64,2,16;64,3,16;64,4,16;64,1,16;64,2,16;64,3,16;64,4,16;64,1,16;64,2,16;64,3,16;64,4,16;64,1,16;64,2,16;64,3,16;64,4,16;64,1,16;64,2,16;64,3,16;64,4,16;64,1,16;64,2,16;64,3,16;64,4,16;64,1,16;64,2,16;64,3,16;64,4,16;64,1,16;64,2,16;64,3,16;64,4,16""",FLOAT16;FLOAT16;FLOAT16;FLOAT16;FLOAT16;FLOAT16;FLOAT16;FLOAT16;FLOAT16;FLOAT16;FLOAT16;FLOAT16;FLOAT16;FLOAT16;FLOAT16;FLOAT16;FLOAT16;FLOAT16;FLOAT16;FLOAT16;FLOAT16;FLOAT16;FLOAT16;FLOAT16;FLOAT16;FLOAT16;FLOAT16;FLOAT16;FLOAT16;FLOAT16;FLOAT16;FLOAT16;FLOAT16;FLOAT16;FLOAT16;FLOAT16;FLOAT16;FLOAT16;FLOAT16;FLOAT16;FLOAT16;FLOAT16;FLOAT16;FLOAT16;FLOAT16;FLOAT16;FLOAT16;FLOAT16;FLOAT16;FLOAT16;FLOAT16;FLOAT16;FLOAT16;FLOAT16;FLOAT16;FLOAT16;FLOAT16;FLOAT16;FLOAT16;FLOAT16;FLOAT16;FLOAT16;FLOAT16;FLOAT16,ND;ND;ND;ND;ND;ND;ND;ND;ND;ND;ND;ND;ND;ND;ND;ND;ND;ND;ND;ND;ND;ND;ND;ND;ND;ND;ND;ND;ND;ND;ND;ND;ND;ND;ND;ND;ND;ND;ND;ND;ND;ND;ND;ND;ND;ND;ND;ND;ND;ND;ND;ND;ND;ND;ND;ND;ND;ND;ND;ND;ND;ND;ND;ND,"""64,160,16""",FLOAT16,ND,N/A,0.0,0,0.0,0.0,0.0,0.0,0.0,0.0,0.0,0.0,0.0,0.0,0.0,7.281,480546,0.017,0.002,3.646,0.501,2.981,0.409,1.015,0.139,0.0,0.000
0,4294967295,414,47,aclnnMul_MulAiCore_Mul,Mul,dynamic,AI_VECTOR_CORE,1785698519228151.068	,326.787,0.000000,40,0,NO,"""4096,4096;4096,4096""",FLOAT;FLOAT,ND;ND,"""4096,4096""",FLOAT,ND,N/A,0.0,0,0.0,0.0,0.0,0.0,0.0,0.0,0.0,0.0,0.0,0.0,0.0,324.59,21422933,6.784,0.021,3.113,0.01,322.949,0.995,107.218,0.33,0.0,0.000
0,4294967295,415,47,Concat,Concat,dynamic,AI_VECTOR_CORE,1785698519228477.875	,9.380,0.213000,40,0,NO,"""64,1,16;64,2,16;64,3,16;64,4,16;64,1,16;64,2,16;64,3,16;64,4,16;64,1,16;64,2,16;64,3,16;64,4,16;64,1,16;64,2,16;64,3,16;64,4,16;64,1,16;64,2,16;64,3,16;64,4,16;64,1,16;64,2,16;64,3,16;64,4,16;64,1,16;64,2,16;64,3,16;64,4,16;64,1,16;64,2,16;64,3,16;64,4,16;64,1,16;64,2,16;64,3,16;64,4,16;64,1,16;64,2,16;64,3,16;64,4,16;64,1,16;64,2,16;64,3,16;64,4,16;64,1,16;64,2,16;64,3,16;64,4,16;64,1,16;64,2,16;64,3,16;64,4,16;64,1,16;64,2,16;64,3,16;64,4,16;64,1,16;64,2,16;64,3,16;64,4,16;64,1,16;64,2,16;64,3,16;64,4,16""",FLOAT16;FLOAT16;FLOAT16;FLOAT16;FLOAT16;FLOAT16;FLOAT16;FLOAT16;FLOAT16;FLOAT16;FLOAT16;FLOAT16;FLOAT16;FLOAT16;FLOAT16;FLOAT16;FLOAT16;FLOAT16;FLOAT16;FLOAT16;FLOAT16;FLOAT16;FLOAT16;FLOAT16;FLOAT16;FLOAT16;FLOAT16;FLOAT16;FLOAT16;FLOAT16;FLOAT16;FLOAT16;FLOAT16;FLOAT16;FLOAT16;FLOAT16;FLOAT16;FLOAT16;FLOAT16;FLOAT16;FLOAT16;FLOAT16;FLOAT16;FLOAT16;FLOAT16;FLOAT16;FLOAT16;FLOAT16;FLOAT16;FLOAT16;FLOAT16;FLOAT16;FLOAT16;FLOAT16;FLOAT16;FLOAT16;FLOAT16;FLOAT16;FLOAT16;FLOAT16;FLOAT16;FLOAT16;FLOAT16;FLOAT16,ND;ND;ND;ND;ND;ND;ND;ND;ND;ND;ND;ND;ND;ND;ND;ND;ND;ND;ND;ND;ND;ND;ND;ND;ND;ND;ND;ND;ND;ND;ND;ND;ND;ND;ND;ND;ND;ND;ND;ND;ND;ND;ND;ND;ND;ND;ND;ND;ND;ND;ND;ND;ND;ND;ND;ND;ND;ND;ND;ND;ND;ND;ND;ND,"""64,160,16""",FLOAT16,ND,N/A,0.0,0,0.0,0.0,0.0,0.0,0.0,0.0,0.0,0.0,0.0,0.0,0.0,7.198,475037,0.017,0.002,3.654,0.508,2.83,0.393,1.059,0.147,0.0,0.000
0,4294967295,416,47,aclnnMul_MulAiCore_Mul,Mul,dynamic,AI_VECTOR_CORE,1785698519228487.275	,327.247,0.000000,40,0,NO,"""4096,4096;4096,4096""",FLOAT;FLOAT,ND;ND,"""4096,4096""",FLOAT,ND,N/A,0.0,0,0.0,0.0,0.0,0.0,0.0,0.0,0.0,0.0,0.0,0.0,0.0,325.473,21481213,6.784,0.021,2.931,0.009,324.012,0.996,109.424,0.336,0.0,0.000
0,4294967295,417,47,Concat,Concat,dynamic,AI_VECTOR_CORE,1785698519228814.542	,11.360,0.003000,40,0,NO,"""64,1,16;64,2,16;64,3,16;64,4,16;64,1,16;64,2,16;64,3,16;64,4,16;64,1,16;64,2,16;64,3,16;64,4,16;64,1,16;64,2,16;64,3,16;64,4,16;64,1,16;64,2,16;64,3,16;64,4,16;64,1,16;64,2,16;64,3,16;64,4,16;64,1,16;64,2,16;64,3,16;64,4,16;64,1,16;64,2,16;64,3,16;64,4,16;64,1,16;64,2,16;64,3,16;64,4,16;64,1,16;64,2,16;64,3,16;64,4,16;64,1,16;64,2,16;64,3,16;64,4,16;64,1,16;64,2,16;64,3,16;64,4,16;64,1,16;64,2,16;64,3,16;64,4,16;64,1,16;64,2,16;64,3,16;64,4,16;64,1,16;64,2,16;64,3,16;64,4,16;64,1,16;64,2,16;64,3,16;64,4,16""",FLOAT16;FLOAT16;FLOAT16;FLOAT16;FLOAT16;FLOAT16;FLOAT16;FLOAT16;FLOAT16;FLOAT16;FLOAT16;FLOAT16;FLOAT16;FLOAT16;FLOAT16;FLOAT16;FLOAT16;FLOAT16;FLOAT16;FLOAT16;FLOAT16;FLOAT16;FLOAT16;FLOAT16;FLOAT16;FLOAT16;FLOAT16;FLOAT16;FLOAT16;FLOAT16;FLOAT16;FLOAT16;FLOAT16;FLOAT16;FLOAT16;FLOAT16;FLOAT16;FLOAT16;FLOAT16;FLOAT16;FLOAT16;FLOAT16;FLOAT16;FLOAT16;FLOAT16;FLOAT16;FLOAT16;FLOAT16;FLOAT16;FLOAT16;FLOAT16;FLOAT16;FLOAT16;FLOAT16;FLOAT16;FLOAT16;FLOAT16;FLOAT16;FLOAT16;FLOAT16;FLOAT16;FLOAT16;FLOAT16;FLOAT16,ND;ND;ND;ND;ND;ND;ND;ND;ND;ND;ND;ND;ND;ND;ND;ND;ND;ND;ND;ND;ND;ND;ND;ND;ND;ND;ND;ND;ND;ND;ND;ND;ND;ND;ND;ND;ND;ND;ND;ND;ND;ND;ND;ND;ND;ND;ND;ND;ND;ND;ND;ND;ND;ND;ND;ND;ND;ND;ND;ND;ND;ND;ND;ND,"""64,160,16""",FLOAT16,ND,N/A,0.0,0,0.0,0.0,0.0,0.0,0.0,0.0,0.0,0.0,0.0,0.0,0.0,8.273,545996,0.017,0.002,3.954,0.478,3.884,0.47,1.035,0.125,0.0,0.000
0,4294967295,418,47,aclnnMul_MulAiCore_Mul,Mul,dynamic,AI_VECTOR_CORE,1785698519228825.922	,327.206,0.140000,40,0,NO,"""4096,4096;4096,4096""",FLOAT;FLOAT,ND;ND,"""4096,4096""",FLOAT,ND,N/A,0.0,0,0.0,0.0,0.0,0.0,0.0,0.0,0.0,0.0,0.0,0.0,0.0,325.347,21472921,6.784,0.021,3.009,0.009,323.835,0.995,106.407,0.327,0.0,0.000
0,4294967295,419,47,Concat,Concat,dynamic,AI_VECTOR_CORE,1785698519229153.149	,11.720,0.044000,40,0,NO,"""64,1,16;64,2,16;64,3,16;64,4,16;64,1,16;64,2,16;64,3,16;64,4,16;64,1,16;64,2,16;64,3,16;64,4,16;64,1,16;64,2,16;64,3,16;64,4,16;64,1,16;64,2,16;64,3,16;64,4,16;64,1,16;64,2,16;64,3,16;64,4,16;64,1,16;64,2,16;64,3,16;64,4,16;64,1,16;64,2,16;64,3,16;64,4,16;64,1,16;64,2,16;64,3,16;64,4,16;64,1,16;64,2,16;64,3,16;64,4,16;64,1,16;64,2,16;64,3,16;64,4,16;64,1,16;64,2,16;64,3,16;64,4,16;64,1,16;64,2,16;64,3,16;64,4,16;64,1,16;64,2,16;64,3,16;64,4,16;64,1,16;64,2,16;64,3,16;64,4,16;64,1,16;64,2,16;64,3,16;64,4,16""",FLOAT16;FLOAT16;FLOAT16;FLOAT16;FLOAT16;FLOAT16;FLOAT16;FLOAT16;FLOAT16;FLOAT16;FLOAT16;FLOAT16;FLOAT16;FLOAT16;FLOAT16;FLOAT16;FLOAT16;FLOAT16;FLOAT16;FLOAT16;FLOAT16;FLOAT16;FLOAT16;FLOAT16;FLOAT16;FLOAT16;FLOAT16;FLOAT16;FLOAT16;FLOAT16;FLOAT16;FLOAT16;FLOAT16;FLOAT16;FLOAT16;FLOAT16;FLOAT16;FLOAT16;FLOAT16;FLOAT16;FLOAT16;FLOAT16;FLOAT16;FLOAT16;FLOAT16;FLOAT16;FLOAT16;FLOAT16;FLOAT16;FLOAT16;FLOAT16;FLOAT16;FLOAT16;FLOAT16;FLOAT16;FLOAT16;FLOAT16;FLOAT16;FLOAT16;FLOAT16;FLOAT16;FLOAT16;FLOAT16;FLOAT16,ND;ND;ND;ND;ND;ND;ND;ND;ND;ND;ND;ND;ND;ND;ND;ND;ND;ND;ND;ND;ND;ND;ND;ND;ND;ND;ND;ND;ND;ND;ND;ND;ND;ND;ND;ND;ND;ND;ND;ND;ND;ND;ND;ND;ND;ND;ND;ND;ND;ND;ND;ND;ND;ND;ND;ND;ND;ND;ND;ND;ND;ND;ND;ND,"""64,160,16""",FLOAT16,ND,N/A,0.0,0,0.0,0.0,0.0,0.0,0.0,0.0,0.0,0.0,0.0,0.0,0.0,8.52,562316,0.017,0.002,3.748,0.44,3.967,0.466,1.11,0.13,0.0,0.000
0,4294967295,420,47,aclnnMul_MulAiCore_Mul,Mul,dynamic,AI_VECTOR_CORE,1785698519229164.889	,328.326,0.030000,40,0,NO,"""4096,4096;4096,4096""",FLOAT;FLOAT,ND;ND,"""4096,4096""",FLOAT,ND,N/A,0.0,0,0.0,0.0,0.0,0.0,0.0,0.0,0.0,0.0,0.0,0.0,0.0,326.56,21552942,6.784,0.021,2.914,0.009,325.1,0.996,109.851,0.336,0.0,0.000
0,4294967295,421,47,Concat,Concat,dynamic,AI_VECTOR_CORE,1785698519229493.235	,10.421,0.000000,40,0,NO,"""64,1,16;64,2,16;64,3,16;64,4,16;64,1,16;64,2,16;64,3,16;64,4,16;64,1,16;64,2,16;64,3,16;64,4,16;64,1,16;64,2,16;64,3,16;64,4,16;64,1,16;64,2,16;64,3,16;64,4,16;64,1,16;64,2,16;64,3,16;64,4,16;64,1,16;64,2,16;64,3,16;64,4,16;64,1,16;64,2,16;64,3,16;64,4,16;64,1,16;64,2,16;64,3,16;64,4,16;64,1,16;64,2,16;64,3,16;64,4,16;64,1,16;64,2,16;64,3,16;64,4,16;64,1,16;64,2,16;64,3,16;64,4,16;64,1,16;64,2,16;64,3,16;64,4,16;64,1,16;64,2,16;64,3,16;64,4,16;64,1,16;64,2,16;64,3,16;64,4,16;64,1,16;64,2,16;64,3,16;64,4,16""",FLOAT16;FLOAT16;FLOAT16;FLOAT16;FLOAT16;FLOAT16;FLOAT16;FLOAT16;FLOAT16;FLOAT16;FLOAT16;FLOAT16;FLOAT16;FLOAT16;FLOAT16;FLOAT16;FLOAT16;FLOAT16;FLOAT16;FLOAT16;FLOAT16;FLOAT16;FLOAT16;FLOAT16;FLOAT16;FLOAT16;FLOAT16;FLOAT16;FLOAT16;FLOAT16;FLOAT16;FLOAT16;FLOAT16;FLOAT16;FLOAT16;FLOAT16;FLOAT16;FLOAT16;FLOAT16;FLOAT16;FLOAT16;FLOAT16;FLOAT16;FLOAT16;FLOAT16;FLOAT16;FLOAT16;FLOAT16;FLOAT16;FLOAT16;FLOAT16;FLOAT16;FLOAT16;FLOAT16;FLOAT16;FLOAT16;FLOAT16;FLOAT16;FLOAT16;FLOAT16;FLOAT16;FLOAT16;FLOAT16;FLOAT16,ND;ND;ND;ND;ND;ND;ND;ND;ND;ND;ND;ND;ND;ND;ND;ND;ND;ND;ND;ND;ND;ND;ND;ND;ND;ND;ND;ND;ND;ND;ND;ND;ND;ND;ND;ND;ND;ND;ND;ND;ND;ND;ND;ND;ND;ND;ND;ND;ND;ND;ND;ND;ND;ND;ND;ND;ND;ND;ND;ND;ND;ND;ND;ND,"""64,160,16""",FLOAT16,ND,N/A,0.0,0,0.0,0.0,0.0,0.0,0.0,0.0,0.0,0.0,0.0,0.0,0.0,7.589,500869,0.017,0.002,3.879,0.511,3.396,0.448,0.946,0.125,0.0,0.000
0,4294967295,422,47,aclnnMul_MulAiCore_Mul,Mul,dynamic,AI_VECTOR_CORE,1785698519229503.696	,326.806,0.079000,40,0,NO,"""4096,4096;4096,4096""",FLOAT;FLOAT,ND;ND,"""4096,4096""",FLOAT,ND,N/A,0.0,0,0.0,0.0,0.0,0.0,0.0,0.0,0.0,0.0,0.0,0.0,0.0,324.937,21445869,6.784,0.021,2.998,0.009,323.404,0.995,108.807,0.335,0.0,0.000
0,4294967295,423,47,Concat,Concat,dynamic,AI_VECTOR_CORE,1785698519229830.522	,10.480,0.000000,40,0,NO,"""64,1,16;64,2,16;64,3,16;64,4,16;64,1,16;64,2,16;64,3,16;64,4,16;64,1,16;64,2,16;64,3,16;64,4,16;64,1,16;64,2,16;64,3,16;64,4,16;64,1,16;64,2,16;64,3,16;64,4,16;64,1,16;64,2,16;64,3,16;64,4,16;64,1,16;64,2,16;64,3,16;64,4,16;64,1,16;64,2,16;64,3,16;64,4,16;64,1,16;64,2,16;64,3,16;64,4,16;64,1,16;64,2,16;64,3,16;64,4,16;64,1,16;64,2,16;64,3,16;64,4,16;64,1,16;64,2,16;64,3,16;64,4,16;64,1,16;64,2,16;64,3,16;64,4,16;64,1,16;64,2,16;64,3,16;64,4,16;64,1,16;64,2,16;64,3,16;64,4,16;64,1,16;64,2,16;64,3,16;64,4,16""",FLOAT16;FLOAT16;FLOAT16;FLOAT16;FLOAT16;FLOAT16;FLOAT16;FLOAT16;FLOAT16;FLOAT16;FLOAT16;FLOAT16;FLOAT16;FLOAT16;FLOAT16;FLOAT16;FLOAT16;FLOAT16;FLOAT16;FLOAT16;FLOAT16;FLOAT16;FLOAT16;FLOAT16;FLOAT16;FLOAT16;FLOAT16;FLOAT16;FLOAT16;FLOAT16;FLOAT16;FLOAT16;FLOAT16;FLOAT16;FLOAT16;FLOAT16;FLOAT16;FLOAT16;FLOAT16;FLOAT16;FLOAT16;FLOAT16;FLOAT16;FLOAT16;FLOAT16;FLOAT16;FLOAT16;FLOAT16;FLOAT16;FLOAT16;FLOAT16;FLOAT16;FLOAT16;FLOAT16;FLOAT16;FLOAT16;FLOAT16;FLOAT16;FLOAT16;FLOAT16;FLOAT16;FLOAT16;FLOAT16;FLOAT16,ND;ND;ND;ND;ND;ND;ND;ND;ND;ND;ND;ND;ND;ND;ND;ND;ND;ND;ND;ND;ND;ND;ND;ND;ND;ND;ND;ND;ND;ND;ND;ND;ND;ND;ND;ND;ND;ND;ND;ND;ND;ND;ND;ND;ND;ND;ND;ND;ND;ND;ND;ND;ND;ND;ND;ND;ND;ND;ND;ND;ND;ND;ND;ND,"""64,160,16""",FLOAT16,ND,N/A,0.0,0,0.0,0.0,0.0,0.0,0.0,0.0,0.0,0.0,0.0,0.0,0.0,7.476,493432,0.017,0.002,4.226,0.565,2.628,0.352,0.963,0.129,0.0,0.000
0,4294967295,424,47,aclnnMul_MulAiCore_Mul,Mul,dynamic,AI_VECTOR_CORE,1785698519229841.022	,327.467,0.020000,40,0,NO,"""4096,4096;4096,4096""",FLOAT;FLOAT,ND;ND,"""4096,4096""",FLOAT,ND,N/A,0.0,0,0.0,0.0,0.0,0.0,0.0,0.0,0.0,0.0,0.0,0.0,0.0,325.361,21473794,6.784,0.021,3.087,0.009,323.709,0.995,109.206,0.336,0.0,0.000
0,4294967295,425,47,Concat,Concat,dynamic,AI_VECTOR_CORE,1785698519230168.509	,10.800,0.033000,40,0,NO,"""64,1,16;64,2,16;64,3,16;64,4,16;64,1,16;64,2,16;64,3,16;64,4,16;64,1,16;64,2,16;64,3,16;64,4,16;64,1,16;64,2,16;64,3,16;64,4,16;64,1,16;64,2,16;64,3,16;64,4,16;64,1,16;64,2,16;64,3,16;64,4,16;64,1,16;64,2,16;64,3,16;64,4,16;64,1,16;64,2,16;64,3,16;64,4,16;64,1,16;64,2,16;64,3,16;64,4,16;64,1,16;64,2,16;64,3,16;64,4,16;64,1,16;64,2,16;64,3,16;64,4,16;64,1,16;64,2,16;64,3,16;64,4,16;64,1,16;64,2,16;64,3,16;64,4,16;64,1,16;64,2,16;64,3,16;64,4,16;64,1,16;64,2,16;64,3,16;64,4,16;64,1,16;64,2,16;64,3,16;64,4,16""",FLOAT16;FLOAT16;FLOAT16;FLOAT16;FLOAT16;FLOAT16;FLOAT16;FLOAT16;FLOAT16;FLOAT16;FLOAT16;FLOAT16;FLOAT16;FLOAT16;FLOAT16;FLOAT16;FLOAT16;FLOAT16;FLOAT16;FLOAT16;FLOAT16;FLOAT16;FLOAT16;FLOAT16;FLOAT16;FLOAT16;FLOAT16;FLOAT16;FLOAT16;FLOAT16;FLOAT16;FLOAT16;FLOAT16;FLOAT16;FLOAT16;FLOAT16;FLOAT16;FLOAT16;FLOAT16;FLOAT16;FLOAT16;FLOAT16;FLOAT16;FLOAT16;FLOAT16;FLOAT16;FLOAT16;FLOAT16;FLOAT16;FLOAT16;FLOAT16;FLOAT16;FLOAT16;FLOAT16;FLOAT16;FLOAT16;FLOAT16;FLOAT16;FLOAT16;FLOAT16;FLOAT16;FLOAT16;FLOAT16;FLOAT16,ND;ND;ND;ND;ND;ND;ND;ND;ND;ND;ND;ND;ND;ND;ND;ND;ND;ND;ND;ND;ND;ND;ND;ND;ND;ND;ND;ND;ND;ND;ND;ND;ND;ND;ND;ND;ND;ND;ND;ND;ND;ND;ND;ND;ND;ND;ND;ND;ND;ND;ND;ND;ND;ND;ND;ND;ND;ND;ND;ND;ND;ND;ND;ND,"""64,160,16""",FLOAT16,ND,N/A,0.0,0,0.0,0.0,0.0,0.0,0.0,0.0,0.0,0.0,0.0,0.0,0.0,8.619,568842,0.017,0.002,4.119,0.478,3.795,0.44,1.119,0.13,0.0,0.000
0,4294967295,426,47,aclnnMul_MulAiCore_Mul,Mul,dynamic,AI_VECTOR_CORE,1785698519230179.329	,327.407,0.000000,40,0,NO,"""4096,4096;4096,4096""",FLOAT;FLOAT,ND;ND,"""4096,4096""",FLOAT,ND,N/A,0.0,0,0.0,0.0,0.0,0.0,0.0,0.0,0.0,0.0,0.0,0.0,0.0,325.371,21474482,6.784,0.021,3.158,0.01,323.685,0.995,109.761,0.337,0.0,0.000
0,4294967295,427,47,Concat,Concat,dynamic,AI_VECTOR_CORE,1785698519230506.776	,10.980,0.093000,40,0,NO,"""64,1,16;64,2,16;64,3,16;64,4,16;64,1,16;64,2,16;64,3,16;64,4,16;64,1,16;64,2,16;64,3,16;64,4,16;64,1,16;64,2,16;64,3,16;64,4,16;64,1,16;64,2,16;64,3,16;64,4,16;64,1,16;64,2,16;64,3,16;64,4,16;64,1,16;64,2,16;64,3,16;64,4,16;64,1,16;64,2,16;64,3,16;64,4,16;64,1,16;64,2,16;64,3,16;64,4,16;64,1,16;64,2,16;64,3,16;64,4,16;64,1,16;64,2,16;64,3,16;64,4,16;64,1,16;64,2,16;64,3,16;64,4,16;64,1,16;64,2,16;64,3,16;64,4,16;64,1,16;64,2,16;64,3,16;64,4,16;64,1,16;64,2,16;64,3,16;64,4,16;64,1,16;64,2,16;64,3,16;64,4,16""",FLOAT16;FLOAT16;FLOAT16;FLOAT16;FLOAT16;FLOAT16;FLOAT16;FLOAT16;FLOAT16;FLOAT16;FLOAT16;FLOAT16;FLOAT16;FLOAT16;FLOAT16;FLOAT16;FLOAT16;FLOAT16;FLOAT16;FLOAT16;FLOAT16;FLOAT16;FLOAT16;FLOAT16;FLOAT16;FLOAT16;FLOAT16;FLOAT16;FLOAT16;FLOAT16;FLOAT16;FLOAT16;FLOAT16;FLOAT16;FLOAT16;FLOAT16;FLOAT16;FLOAT16;FLOAT16;FLOAT16;FLOAT16;FLOAT16;FLOAT16;FLOAT16;FLOAT16;FLOAT16;FLOAT16;FLOAT16;FLOAT16;FLOAT16;FLOAT16;FLOAT16;FLOAT16;FLOAT16;FLOAT16;FLOAT16;FLOAT16;FLOAT16;FLOAT16;FLOAT16;FLOAT16;FLOAT16;FLOAT16;FLOAT16,ND;ND;ND;ND;ND;ND;ND;ND;ND;ND;ND;ND;ND;ND;ND;ND;ND;ND;ND;ND;ND;ND;ND;ND;ND;ND;ND;ND;ND;ND;ND;ND;ND;ND;ND;ND;ND;ND;ND;ND;ND;ND;ND;ND;ND;ND;ND;ND;ND;ND;ND;ND;ND;ND;ND;ND;ND;ND;ND;ND;ND;ND;ND;ND,"""64,160,16""",FLOAT16,ND,N/A,0.0,0,0.0,0.0,0.0,0.0,0.0,0.0,0.0,0.0,0.0,0.0,0.0,8.734,576440,0.017,0.002,4.808,0.551,3.603,0.413,1.082,0.124,0.0,0.000
0,4294967295,428,47,aclnnMul_MulAiCore_Mul,Mul,dynamic,AI_VECTOR_CORE,1785698519230517.776	,326.566,0.020000,40,0,NO,"""4096,4096;4096,4096""",FLOAT;FLOAT,ND;ND,"""4096,4096""",FLOAT,ND,N/A,0.0,0,0.0,0.0,0.0,0.0,0.0,0.0,0.0,0.0,0.0,0.0,0.0,324.828,21438674,6.784,0.021,3.008,0.009,323.262,0.995,109.208,0.336,0.0,0.000
0,4294967295,429,47,Concat,Concat,dynamic,AI_VECTOR_CORE,1785698519230844.362	,9.440,0.000000,40,0,NO,"""64,1,16;64,2,16;64,3,16;64,4,16;64,1,16;64,2,16;64,3,16;64,4,16;64,1,16;64,2,16;64,3,16;64,4,16;64,1,16;64,2,16;64,3,16;64,4,16;64,1,16;64,2,16;64,3,16;64,4,16;64,1,16;64,2,16;64,3,16;64,4,16;64,1,16;64,2,16;64,3,16;64,4,16;64,1,16;64,2,16;64,3,16;64,4,16;64,1,16;64,2,16;64,3,16;64,4,16;64,1,16;64,2,16;64,3,16;64,4,16;64,1,16;64,2,16;64,3,16;64,4,16;64,1,16;64,2,16;64,3,16;64,4,16;64,1,16;64,2,16;64,3,16;64,4,16;64,1,16;64,2,16;64,3,16;64,4,16;64,1,16;64,2,16;64,3,16;64,4,16;64,1,16;64,2,16;64,3,16;64,4,16""",FLOAT16;FLOAT16;FLOAT16;FLOAT16;FLOAT16;FLOAT16;FLOAT16;FLOAT16;FLOAT16;FLOAT16;FLOAT16;FLOAT16;FLOAT16;FLOAT16;FLOAT16;FLOAT16;FLOAT16;FLOAT16;FLOAT16;FLOAT16;FLOAT16;FLOAT16;FLOAT16;FLOAT16;FLOAT16;FLOAT16;FLOAT16;FLOAT16;FLOAT16;FLOAT16;FLOAT16;FLOAT16;FLOAT16;FLOAT16;FLOAT16;FLOAT16;FLOAT16;FLOAT16;FLOAT16;FLOAT16;FLOAT16;FLOAT16;FLOAT16;FLOAT16;FLOAT16;FLOAT16;FLOAT16;FLOAT16;FLOAT16;FLOAT16;FLOAT16;FLOAT16;FLOAT16;FLOAT16;FLOAT16;FLOAT16;FLOAT16;FLOAT16;FLOAT16;FLOAT16;FLOAT16;FLOAT16;FLOAT16;FLOAT16,ND;ND;ND;ND;ND;ND;ND;ND;ND;ND;ND;ND;ND;ND;ND;ND;ND;ND;ND;ND;ND;ND;ND;ND;ND;ND;ND;ND;ND;ND;ND;ND;ND;ND;ND;ND;ND;ND;ND;ND;ND;ND;ND;ND;ND;ND;ND;ND;ND;ND;ND;ND;ND;ND;ND;ND;ND;ND;ND;ND;ND;ND;ND;ND,"""64,160,16""",FLOAT16,ND,N/A,0.0,0,0.0,0.0,0.0,0.0,0.0,0.0,0.0,0.0,0.0,0.0,0.0,7.102,468749,0.017,0.002,3.602,0.507,2.799,0.394,1.059,0.149,0.0,0.000
0,4294967295,430,47,aclnnMul_MulAiCore_Mul,Mul,dynamic,AI_VECTOR_CORE,1785698519230853.822	,327.287,0.060000,40,0,NO,"""4096,4096;4096,4096""",FLOAT;FLOAT,ND;ND,"""4096,4096""",FLOAT,ND,N/A,0.0,0,0.0,0.0,0.0,0.0,0.0,0.0,0.0,0.0,0.0,0.0,0.0,324.768,21434703,6.784,0.021,3.08,0.009,323.141,0.995,108.994,0.336,0.0,0.000
0,4294967295,431,47,Concat,Concat,dynamic,AI_VECTOR_CORE,1785698519231181.129	,9.500,0.213000,40,0,NO,"""64,1,16;64,2,16;64,3,16;64,4,16;64,1,16;64,2,16;64,3,16;64,4,16;64,1,16;64,2,16;64,3,16;64,4,16;64,1,16;64,2,16;64,3,16;64,4,16;64,1,16;64,2,16;64,3,16;64,4,16;64,1,16;64,2,16;64,3,16;64,4,16;64,1,16;64,2,16;64,3,16;64,4,16;64,1,16;64,2,16;64,3,16;64,4,16;64,1,16;64,2,16;64,3,16;64,4,16;64,1,16;64,2,16;64,3,16;64,4,16;64,1,16;64,2,16;64,3,16;64,4,16;64,1,16;64,2,16;64,3,16;64,4,16;64,1,16;64,2,16;64,3,16;64,4,16;64,1,16;64,2,16;64,3,16;64,4,16;64,1,16;64,2,16;64,3,16;64,4,16;64,1,16;64,2,16;64,3,16;64,4,16""",FLOAT16;FLOAT16;FLOAT16;FLOAT16;FLOAT16;FLOAT16;FLOAT16;FLOAT16;FLOAT16;FLOAT16;FLOAT16;FLOAT16;FLOAT16;FLOAT16;FLOAT16;FLOAT16;FLOAT16;FLOAT16;FLOAT16;FLOAT16;FLOAT16;FLOAT16;FLOAT16;FLOAT16;FLOAT16;FLOAT16;FLOAT16;FLOAT16;FLOAT16;FLOAT16;FLOAT16;FLOAT16;FLOAT16;FLOAT16;FLOAT16;FLOAT16;FLOAT16;FLOAT16;FLOAT16;FLOAT16;FLOAT16;FLOAT16;FLOAT16;FLOAT16;FLOAT16;FLOAT16;FLOAT16;FLOAT16;FLOAT16;FLOAT16;FLOAT16;FLOAT16;FLOAT16;FLOAT16;FLOAT16;FLOAT16;FLOAT16;FLOAT16;FLOAT16;FLOAT16;FLOAT16;FLOAT16;FLOAT16;FLOAT16,ND;ND;ND;ND;ND;ND;ND;ND;ND;ND;ND;ND;ND;ND;ND;ND;ND;ND;ND;ND;ND;ND;ND;ND;ND;ND;ND;ND;ND;ND;ND;ND;ND;ND;ND;ND;ND;ND;ND;ND;ND;ND;ND;ND;ND;ND;ND;ND;ND;ND;ND;ND;ND;ND;ND;ND;ND;ND;ND;ND;ND;ND;ND;ND,"""64,160,16""",FLOAT16,ND,N/A,0.0,0,0.0,0.0,0.0,0.0,0.0,0.0,0.0,0.0,0.0,0.0,0.0,7.287,480930,0.017,0.002,3.503,0.481,2.976,0.408,1.105,0.152,0.0,0.000
0,4294967295,432,47,aclnnMul_MulAiCore_Mul,Mul,dynamic,AI_VECTOR_CORE,1785698519231190.649	,325.867,0.000000,40,0,NO,"""4096,4096;4096,4096""",FLOAT;FLOAT,ND;ND,"""4096,4096""",FLOAT,ND,N/A,0.0,0,0.0,0.0,0.0,0.0,0.0,0.0,0.0,0.0,0.0,0.0,0.0,323.96,21381336,6.784,0.021,3.521,0.011,321.908,0.994,108.77,0.336,0.0,0.000
0,4294967295,433,47,Concat,Concat,dynamic,AI_VECTOR_CORE,1785698519231516.536	,10.800,0.000000,40,0,NO,"""64,1,16;64,2,16;64,3,16;64,4,16;64,1,16;64,2,16;64,3,16;64,4,16;64,1,16;64,2,16;64,3,16;64,4,16;64,1,16;64,2,16;64,3,16;64,4,16;64,1,16;64,2,16;64,3,16;64,4,16;64,1,16;64,2,16;64,3,16;64,4,16;64,1,16;64,2,16;64,3,16;64,4,16;64,1,16;64,2,16;64,3,16;64,4,16;64,1,16;64,2,16;64,3,16;64,4,16;64,1,16;64,2,16;64,3,16;64,4,16;64,1,16;64,2,16;64,3,16;64,4,16;64,1,16;64,2,16;64,3,16;64,4,16;64,1,16;64,2,16;64,3,16;64,4,16;64,1,16;64,2,16;64,3,16;64,4,16;64,1,16;64,2,16;64,3,16;64,4,16;64,1,16;64,2,16;64,3,16;64,4,16""",FLOAT16;FLOAT16;FLOAT16;FLOAT16;FLOAT16;FLOAT16;FLOAT16;FLOAT16;FLOAT16;FLOAT16;FLOAT16;FLOAT16;FLOAT16;FLOAT16;FLOAT16;FLOAT16;FLOAT16;FLOAT16;FLOAT16;FLOAT16;FLOAT16;FLOAT16;FLOAT16;FLOAT16;FLOAT16;FLOAT16;FLOAT16;FLOAT16;FLOAT16;FLOAT16;FLOAT16;FLOAT16;FLOAT16;FLOAT16;FLOAT16;FLOAT16;FLOAT16;FLOAT16;FLOAT16;FLOAT16;FLOAT16;FLOAT16;FLOAT16;FLOAT16;FLOAT16;FLOAT16;FLOAT16;FLOAT16;FLOAT16;FLOAT16;FLOAT16;FLOAT16;FLOAT16;FLOAT16;FLOAT16;FLOAT16;FLOAT16;FLOAT16;FLOAT16;FLOAT16;FLOAT16;FLOAT16;FLOAT16;FLOAT16,ND;ND;ND;ND;ND;ND;ND;ND;ND;ND;ND;ND;ND;ND;ND;ND;ND;ND;ND;ND;ND;ND;ND;ND;ND;ND;ND;ND;ND;ND;ND;ND;ND;ND;ND;ND;ND;ND;ND;ND;ND;ND;ND;ND;ND;ND;ND;ND;ND;ND;ND;ND;ND;ND;ND;ND;ND;ND;ND;ND;ND;ND;ND;ND,"""64,160,16""",FLOAT16,ND,N/A,0.0,0,0.0,0.0,0.0,0.0,0.0,0.0,0.0,0.0,0.0,0.0,0.0,8.152,538004,0.017,0.002,3.601,0.442,3.725,0.457,1.124,0.138,0.0,0.000
0,4294967295,434,47,aclnnMul_MulAiCore_Mul,Mul,dynamic,AI_VECTOR_CORE,1785698519231527.356	,329.407,0.000000,40,0,NO,"""4096,4096;4096,4096""",FLOAT;FLOAT,ND;ND,"""4096,4096""",FLOAT,ND,N/A,0.0,0,0.0,0.0,0.0,0.0,0.0,0.0,0.0,0.0,0.0,0.0,0.0,327.124,21590202,6.784,0.021,2.921,0.009,325.638,0.995,110.916,0.339,0.0,0.000
0,4294967295,435,47,Concat,Concat,dynamic,AI_VECTOR_CORE,1785698519231856.783	,11.540,0.093000,40,0,NO,"""64,1,16;64,2,16;64,3,16;64,4,16;64,1,16;64,2,16;64,3,16;64,4,16;64,1,16;64,2,16;64,3,16;64,4,16;64,1,16;64,2,16;64,3,16;64,4,16;64,1,16;64,2,16;64,3,16;64,4,16;64,1,16;64,2,16;64,3,16;64,4,16;64,1,16;64,2,16;64,3,16;64,4,16;64,1,16;64,2,16;64,3,16;64,4,16;64,1,16;64,2,16;64,3,16;64,4,16;64,1,16;64,2,16;64,3,16;64,4,16;64,1,16;64,2,16;64,3,16;64,4,16;64,1,16;64,2,16;64,3,16;64,4,16;64,1,16;64,2,16;64,3,16;64,4,16;64,1,16;64,2,16;64,3,16;64,4,16;64,1,16;64,2,16;64,3,16;64,4,16;64,1,16;64,2,16;64,3,16;64,4,16""",FLOAT16;FLOAT16;FLOAT16;FLOAT16;FLOAT16;FLOAT16;FLOAT16;FLOAT16;FLOAT16;FLOAT16;FLOAT16;FLOAT16;FLOAT16;FLOAT16;FLOAT16;FLOAT16;FLOAT16;FLOAT16;FLOAT16;FLOAT16;FLOAT16;FLOAT16;FLOAT16;FLOAT16;FLOAT16;FLOAT16;FLOAT16;FLOAT16;FLOAT16;FLOAT16;FLOAT16;FLOAT16;FLOAT16;FLOAT16;FLOAT16;FLOAT16;FLOAT16;FLOAT16;FLOAT16;FLOAT16;FLOAT16;FLOAT16;FLOAT16;FLOAT16;FLOAT16;FLOAT16;FLOAT16;FLOAT16;FLOAT16;FLOAT16;FLOAT16;FLOAT16;FLOAT16;FLOAT16;FLOAT16;FLOAT16;FLOAT16;FLOAT16;FLOAT16;FLOAT16;FLOAT16;FLOAT16;FLOAT16;FLOAT16,ND;ND;ND;ND;ND;ND;ND;ND;ND;ND;ND;ND;ND;ND;ND;ND;ND;ND;ND;ND;ND;ND;ND;ND;ND;ND;ND;ND;ND;ND;ND;ND;ND;ND;ND;ND;ND;ND;ND;ND;ND;ND;ND;ND;ND;ND;ND;ND;ND;ND;ND;ND;ND;ND;ND;ND;ND;ND;ND;ND;ND;ND;ND;ND,"""64,160,16""",FLOAT16,ND,N/A,0.0,0,0.0,0.0,0.0,0.0,0.0,0.0,0.0,0.0,0.0,0.0,0.0,8.611,568346,0.017,0.002,4.021,0.467,3.942,0.458,1.193,0.139,0.0,0.000
0,4294967295,436,47,aclnnMul_MulAiCore_Mul,Mul,dynamic,AI_VECTOR_CORE,1785698519231868.343	,327.226,0.000000,40,0,NO,"""4096,4096;4096,4096""",FLOAT;FLOAT,ND;ND,"""4096,4096""",FLOAT,ND,N/A,0.0,0,0.0,0.0,0.0,0.0,0.0,0.0,0.0,0.0,0.0,0.0,0.0,325.364,21474044,6.784,0.021,3.089,0.009,323.778,0.995,107.866,0.332,0.0,0.000
0,4294967295,437,47,Concat,Concat,dynamic,AI_VECTOR_CORE,1785698519232195.589	,10.801,0.024000,40,0,NO,"""64,1,16;64,2,16;64,3,16;64,4,16;64,1,16;64,2,16;64,3,16;64,4,16;64,1,16;64,2,16;64,3,16;64,4,16;64,1,16;64,2,16;64,3,16;64,4,16;64,1,16;64,2,16;64,3,16;64,4,16;64,1,16;64,2,16;64,3,16;64,4,16;64,1,16;64,2,16;64,3,16;64,4,16;64,1,16;64,2,16;64,3,16;64,4,16;64,1,16;64,2,16;64,3,16;64,4,16;64,1,16;64,2,16;64,3,16;64,4,16;64,1,16;64,2,16;64,3,16;64,4,16;64,1,16;64,2,16;64,3,16;64,4,16;64,1,16;64,2,16;64,3,16;64,4,16;64,1,16;64,2,16;64,3,16;64,4,16;64,1,16;64,2,16;64,3,16;64,4,16;64,1,16;64,2,16;64,3,16;64,4,16""",FLOAT16;FLOAT16;FLOAT16;FLOAT16;FLOAT16;FLOAT16;FLOAT16;FLOAT16;FLOAT16;FLOAT16;FLOAT16;FLOAT16;FLOAT16;FLOAT16;FLOAT16;FLOAT16;FLOAT16;FLOAT16;FLOAT16;FLOAT16;FLOAT16;FLOAT16;FLOAT16;FLOAT16;FLOAT16;FLOAT16;FLOAT16;FLOAT16;FLOAT16;FLOAT16;FLOAT16;FLOAT16;FLOAT16;FLOAT16;FLOAT16;FLOAT16;FLOAT16;FLOAT16;FLOAT16;FLOAT16;FLOAT16;FLOAT16;FLOAT16;FLOAT16;FLOAT16;FLOAT16;FLOAT16;FLOAT16;FLOAT16;FLOAT16;FLOAT16;FLOAT16;FLOAT16;FLOAT16;FLOAT16;FLOAT16;FLOAT16;FLOAT16;FLOAT16;FLOAT16;FLOAT16;FLOAT16;FLOAT16;FLOAT16,ND;ND;ND;ND;ND;ND;ND;ND;ND;ND;ND;ND;ND;ND;ND;ND;ND;ND;ND;ND;ND;ND;ND;ND;ND;ND;ND;ND;ND;ND;ND;ND;ND;ND;ND;ND;ND;ND;ND;ND;ND;ND;ND;ND;ND;ND;ND;ND;ND;ND;ND;ND;ND;ND;ND;ND;ND;ND;ND;ND;ND;ND;ND;ND,"""64,160,16""",FLOAT16,ND,N/A,0.0,0,0.0,0.0,0.0,0.0,0.0,0.0,0.0,0.0,0.0,0.0,0.0,7.822,516270,0.017,0.002,3.597,0.46,3.457,0.442,1.057,0.135,0.0,0.000
0,4294967295,438,47,aclnnMul_MulAiCore_Mul,Mul,dynamic,AI_VECTOR_CORE,1785698519232206.410	,328.146,0.199000,40,0,NO,"""4096,4096;4096,4096""",FLOAT;FLOAT,ND;ND,"""4096,4096""",FLOAT,ND,N/A,0.0,0,0.0,0.0,0.0,0.0,0.0,0.0,0.0,0.0,0.0,0.0,0.0,325.692,21495682,6.784,0.021,2.923,0.009,324.206,0.995,109.44,0.336,0.0,0.000
0,4294967295,439,47,Concat,Concat,dynamic,AI_VECTOR_CORE,1785698519232534.576	,11.240,0.000000,40,0,NO,"""64,1,16;64,2,16;64,3,16;64,4,16;64,1,16;64,2,16;64,3,16;64,4,16;64,1,16;64,2,16;64,3,16;64,4,16;64,1,16;64,2,16;64,3,16;64,4,16;64,1,16;64,2,16;64,3,16;64,4,16;64,1,16;64,2,16;64,3,16;64,4,16;64,1,16;64,2,16;64,3,16;64,4,16;64,1,16;64,2,16;64,3,16;64,4,16;64,1,16;64,2,16;64,3,16;64,4,16;64,1,16;64,2,16;64,3,16;64,4,16;64,1,16;64,2,16;64,3,16;64,4,16;64,1,16;64,2,16;64,3,16;64,4,16;64,1,16;64,2,16;64,3,16;64,4,16;64,1,16;64,2,16;64,3,16;64,4,16;64,1,16;64,2,16;64,3,16;64,4,16;64,1,16;64,2,16;64,3,16;64,4,16""",FLOAT16;FLOAT16;FLOAT16;FLOAT16;FLOAT16;FLOAT16;FLOAT16;FLOAT16;FLOAT16;FLOAT16;FLOAT16;FLOAT16;FLOAT16;FLOAT16;FLOAT16;FLOAT16;FLOAT16;FLOAT16;FLOAT16;FLOAT16;FLOAT16;FLOAT16;FLOAT16;FLOAT16;FLOAT16;FLOAT16;FLOAT16;FLOAT16;FLOAT16;FLOAT16;FLOAT16;FLOAT16;FLOAT16;FLOAT16;FLOAT16;FLOAT16;FLOAT16;FLOAT16;FLOAT16;FLOAT16;FLOAT16;FLOAT16;FLOAT16;FLOAT16;FLOAT16;FLOAT16;FLOAT16;FLOAT16;FLOAT16;FLOAT16;FLOAT16;FLOAT16;FLOAT16;FLOAT16;FLOAT16;FLOAT16;FLOAT16;FLOAT16;FLOAT16;FLOAT16;FLOAT16;FLOAT16;FLOAT16;FLOAT16,ND;ND;ND;ND;ND;ND;ND;ND;ND;ND;ND;ND;ND;ND;ND;ND;ND;ND;ND;ND;ND;ND;ND;ND;ND;ND;ND;ND;ND;ND;ND;ND;ND;ND;ND;ND;ND;ND;ND;ND;ND;ND;ND;ND;ND;ND;ND;ND;ND;ND;ND;ND;ND;ND;ND;ND;ND;ND;ND;ND;ND;ND;ND;ND,"""64,160,16""",FLOAT16,ND,N/A,0.0,0,0.0,0.0,0.0,0.0,0.0,0.0,0.0,0.0,0.0,0.0,0.0,8.264,545393,0.017,0.002,3.757,0.455,3.74,0.453,1.062,0.129,0.0,0.000
0,4294967295,440,47,aclnnMul_MulAiCore_Mul,Mul,dynamic,AI_VECTOR_CORE,1785698519232545.836	,327.547,0.010000,40,0,NO,"""4096,4096;4096,4096""",FLOAT;FLOAT,ND;ND,"""4096,4096""",FLOAT,ND,N/A,0.0,0,0.0,0.0,0.0,0.0,0.0,0.0,0.0,0.0,0.0,0.0,0.0,325.525,21484617,6.784,0.021,3.137,0.01,323.86,0.995,109.515,0.336,0.0,0.000
0,4294967295,441,47,Concat,Concat,dynamic,AI_VECTOR_CORE,1785698519232873.403	,10.740,0.203000,40,0,NO,"""64,1,16;64,2,16;64,3,16;64,4,16;64,1,16;64,2,16;64,3,16;64,4,16;64,1,16;64,2,16;64,3,16;64,4,16;64,1,16;64,2,16;64,3,16;64,4,16;64,1,16;64,2,16;64,3,16;64,4,16;64,1,16;64,2,16;64,3,16;64,4,16;64,1,16;64,2,16;64,3,16;64,4,16;64,1,16;64,2,16;64,3,16;64,4,16;64,1,16;64,2,16;64,3,16;64,4,16;64,1,16;64,2,16;64,3,16;64,4,16;64,1,16;64,2,16;64,3,16;64,4,16;64,1,16;64,2,16;64,3,16;64,4,16;64,1,16;64,2,16;64,3,16;64,4,16;64,1,16;64,2,16;64,3,16;64,4,16;64,1,16;64,2,16;64,3,16;64,4,16;64,1,16;64,2,16;64,3,16;64,4,16""",FLOAT16;FLOAT16;FLOAT16;FLOAT16;FLOAT16;FLOAT16;FLOAT16;FLOAT16;FLOAT16;FLOAT16;FLOAT16;FLOAT16;FLOAT16;FLOAT16;FLOAT16;FLOAT16;FLOAT16;FLOAT16;FLOAT16;FLOAT16;FLOAT16;FLOAT16;FLOAT16;FLOAT16;FLOAT16;FLOAT16;FLOAT16;FLOAT16;FLOAT16;FLOAT16;FLOAT16;FLOAT16;FLOAT16;FLOAT16;FLOAT16;FLOAT16;FLOAT16;FLOAT16;FLOAT16;FLOAT16;FLOAT16;FLOAT16;FLOAT16;FLOAT16;FLOAT16;FLOAT16;FLOAT16;FLOAT16;FLOAT16;FLOAT16;FLOAT16;FLOAT16;FLOAT16;FLOAT16;FLOAT16;FLOAT16;FLOAT16;FLOAT16;FLOAT16;FLOAT16;FLOAT16;FLOAT16;FLOAT16;FLOAT16,ND;ND;ND;ND;ND;ND;ND;ND;ND;ND;ND;ND;ND;ND;ND;ND;ND;ND;ND;ND;ND;ND;ND;ND;ND;ND;ND;ND;ND;ND;ND;ND;ND;ND;ND;ND;ND;ND;ND;ND;ND;ND;ND;ND;ND;ND;ND;ND;ND;ND;ND;ND;ND;ND;ND;ND;ND;ND;ND;ND;ND;ND;ND;ND,"""64,160,16""",FLOAT16,ND,N/A,0.0,0,0.0,0.0,0.0,0.0,0.0,0.0,0.0,0.0,0.0,0.0,0.0,7.653,505076,0.017,0.002,4.485,0.586,2.621,0.342,0.94,0.123,0.0,0.000
0,4294967295,442,47,aclnnMul_MulAiCore_Mul,Mul,dynamic,AI_VECTOR_CORE,1785698519232884.163	,329.487,0.010000,40,0,NO,"""4096,4096;4096,4096""",FLOAT;FLOAT,ND;ND,"""4096,4096""",FLOAT,ND,N/A,0.0,0,0.0,0.0,0.0,0.0,0.0,0.0,0.0,0.0,0.0,0.0,0.0,326.63,21557558,6.784,0.021,3.029,0.009,324.98,0.995,111.39,0.341,0.0,0.000
0,4294967295,443,47,Concat,Concat,dynamic,AI_VECTOR_CORE,1785698519233213.670	,11.760,0.013000,40,0,NO,"""64,1,16;64,2,16;64,3,16;64,4,16;64,1,16;64,2,16;64,3,16;64,4,16;64,1,16;64,2,16;64,3,16;64,4,16;64,1,16;64,2,16;64,3,16;64,4,16;64,1,16;64,2,16;64,3,16;64,4,16;64,1,16;64,2,16;64,3,16;64,4,16;64,1,16;64,2,16;64,3,16;64,4,16;64,1,16;64,2,16;64,3,16;64,4,16;64,1,16;64,2,16;64,3,16;64,4,16;64,1,16;64,2,16;64,3,16;64,4,16;64,1,16;64,2,16;64,3,16;64,4,16;64,1,16;64,2,16;64,3,16;64,4,16;64,1,16;64,2,16;64,3,16;64,4,16;64,1,16;64,2,16;64,3,16;64,4,16;64,1,16;64,2,16;64,3,16;64,4,16;64,1,16;64,2,16;64,3,16;64,4,16""",FLOAT16;FLOAT16;FLOAT16;FLOAT16;FLOAT16;FLOAT16;FLOAT16;FLOAT16;FLOAT16;FLOAT16;FLOAT16;FLOAT16;FLOAT16;FLOAT16;FLOAT16;FLOAT16;FLOAT16;FLOAT16;FLOAT16;FLOAT16;FLOAT16;FLOAT16;FLOAT16;FLOAT16;FLOAT16;FLOAT16;FLOAT16;FLOAT16;FLOAT16;FLOAT16;FLOAT16;FLOAT16;FLOAT16;FLOAT16;FLOAT16;FLOAT16;FLOAT16;FLOAT16;FLOAT16;FLOAT16;FLOAT16;FLOAT16;FLOAT16;FLOAT16;FLOAT16;FLOAT16;FLOAT16;FLOAT16;FLOAT16;FLOAT16;FLOAT16;FLOAT16;FLOAT16;FLOAT16;FLOAT16;FLOAT16;FLOAT16;FLOAT16;FLOAT16;FLOAT16;FLOAT16;FLOAT16;FLOAT16;FLOAT16,ND;ND;ND;ND;ND;ND;ND;ND;ND;ND;ND;ND;ND;ND;ND;ND;ND;ND;ND;ND;ND;ND;ND;ND;ND;ND;ND;ND;ND;ND;ND;ND;ND;ND;ND;ND;ND;ND;ND;ND;ND;ND;ND;ND;ND;ND;ND;ND;ND;ND;ND;ND;ND;ND;ND;ND;ND;ND;ND;ND;ND;ND;ND;ND,"""64,160,16""",FLOAT16,ND,N/A,0.0,0,0.0,0.0,0.0,0.0,0.0,0.0,0.0,0.0,0.0,0.0,0.0,9.442,623195,0.017,0.002,4.853,0.514,3.855,0.408,1.145,0.121,0.0,0.000
0,4294967295,444,47,aclnnMul_MulAiCore_Mul,Mul,dynamic,AI_VECTOR_CORE,1785698519233225.450	,327.326,0.000000,40,0,NO,"""4096,4096;4096,4096""",FLOAT;FLOAT,ND;ND,"""4096,4096""",FLOAT,ND,N/A,0.0,0,0.0,0.0,0.0,0.0,0.0,0.0,0.0,0.0,0.0,0.0,0.0,325.375,21474751,6.784,0.021,3.152,0.01,323.668,0.995,107.928,0.332,0.0,0.000
0,4294967295,445,47,Concat,Concat,dynamic,AI_VECTOR_CORE,1785698519233552.796	,9.221,0.000000,40,0,NO,"""64,1,16;64,2,16;64,3,16;64,4,16;64,1,16;64,2,16;64,3,16;64,4,16;64,1,16;64,2,16;64,3,16;64,4,16;64,1,16;64,2,16;64,3,16;64,4,16;64,1,16;64,2,16;64,3,16;64,4,16;64,1,16;64,2,16;64,3,16;64,4,16;64,1,16;64,2,16;64,3,16;64,4,16;64,1,16;64,2,16;64,3,16;64,4,16;64,1,16;64,2,16;64,3,16;64,4,16;64,1,16;64,2,16;64,3,16;64,4,16;64,1,16;64,2,16;64,3,16;64,4,16;64,1,16;64,2,16;64,3,16;64,4,16;64,1,16;64,2,16;64,3,16;64,4,16;64,1,16;64,2,16;64,3,16;64,4,16;64,1,16;64,2,16;64,3,16;64,4,16;64,1,16;64,2,16;64,3,16;64,4,16""",FLOAT16;FLOAT16;FLOAT16;FLOAT16;FLOAT16;FLOAT16;FLOAT16;FLOAT16;FLOAT16;FLOAT16;FLOAT16;FLOAT16;FLOAT16;FLOAT16;FLOAT16;FLOAT16;FLOAT16;FLOAT16;FLOAT16;FLOAT16;FLOAT16;FLOAT16;FLOAT16;FLOAT16;FLOAT16;FLOAT16;FLOAT16;FLOAT16;FLOAT16;FLOAT16;FLOAT16;FLOAT16;FLOAT16;FLOAT16;FLOAT16;FLOAT16;FLOAT16;FLOAT16;FLOAT16;FLOAT16;FLOAT16;FLOAT16;FLOAT16;FLOAT16;FLOAT16;FLOAT16;FLOAT16;FLOAT16;FLOAT16;FLOAT16;FLOAT16;FLOAT16;FLOAT16;FLOAT16;FLOAT16;FLOAT16;FLOAT16;FLOAT16;FLOAT16;FLOAT16;FLOAT16;FLOAT16;FLOAT16;FLOAT16,ND;ND;ND;ND;ND;ND;ND;ND;ND;ND;ND;ND;ND;ND;ND;ND;ND;ND;ND;ND;ND;ND;ND;ND;ND;ND;ND;ND;ND;ND;ND;ND;ND;ND;ND;ND;ND;ND;ND;ND;ND;ND;ND;ND;ND;ND;ND;ND;ND;ND;ND;ND;ND;ND;ND;ND;ND;ND;ND;ND;ND;ND;ND;ND,"""64,160,16""",FLOAT16,ND,N/A,0.0,0,0.0,0.0,0.0,0.0,0.0,0.0,0.0,0.0,0.0,0.0,0.0,6.929,457306,0.017,0.002,3.588,0.518,2.704,0.39,0.988,0.143,0.0,0.000
0,4294967295,446,47,aclnnMul_MulAiCore_Mul,Mul,dynamic,AI_VECTOR_CORE,1785698519233562.057	,327.366,0.029000,40,0,NO,"""4096,4096;4096,4096""",FLOAT;FLOAT,ND;ND,"""4096,4096""",FLOAT,ND,N/A,0.0,0,0.0,0.0,0.0,0.0,0.0,0.0,0.0,0.0,0.0,0.0,0.0,324.798,21436678,6.784,0.021,2.963,0.009,323.279,0.995,109.391,0.337,0.0,0.000
0,4294967295,447,47,Concat,Concat,dynamic,AI_VECTOR_CORE,1785698519233889.443	,9.020,0.134000,40,0,NO,"""64,1,16;64,2,16;64,3,16;64,4,16;64,1,16;64,2,16;64,3,16;64,4,16;64,1,16;64,2,16;64,3,16;64,4,16;64,1,16;64,2,16;64,3,16;64,4,16;64,1,16;64,2,16;64,3,16;64,4,16;64,1,16;64,2,16;64,3,16;64,4,16;64,1,16;64,2,16;64,3,16;64,4,16;64,1,16;64,2,16;64,3,16;64,4,16;64,1,16;64,2,16;64,3,16;64,4,16;64,1,16;64,2,16;64,3,16;64,4,16;64,1,16;64,2,16;64,3,16;64,4,16;64,1,16;64,2,16;64,3,16;64,4,16;64,1,16;64,2,16;64,3,16;64,4,16;64,1,16;64,2,16;64,3,16;64,4,16;64,1,16;64,2,16;64,3,16;64,4,16;64,1,16;64,2,16;64,3,16;64,4,16""",FLOAT16;FLOAT16;FLOAT16;FLOAT16;FLOAT16;FLOAT16;FLOAT16;FLOAT16;FLOAT16;FLOAT16;FLOAT16;FLOAT16;FLOAT16;FLOAT16;FLOAT16;FLOAT16;FLOAT16;FLOAT16;FLOAT16;FLOAT16;FLOAT16;FLOAT16;FLOAT16;FLOAT16;FLOAT16;FLOAT16;FLOAT16;FLOAT16;FLOAT16;FLOAT16;FLOAT16;FLOAT16;FLOAT16;FLOAT16;FLOAT16;FLOAT16;FLOAT16;FLOAT16;FLOAT16;FLOAT16;FLOAT16;FLOAT16;FLOAT16;FLOAT16;FLOAT16;FLOAT16;FLOAT16;FLOAT16;FLOAT16;FLOAT16;FLOAT16;FLOAT16;FLOAT16;FLOAT16;FLOAT16;FLOAT16;FLOAT16;FLOAT16;FLOAT16;FLOAT16;FLOAT16;FLOAT16;FLOAT16;FLOAT16,ND;ND;ND;ND;ND;ND;ND;ND;ND;ND;ND;ND;ND;ND;ND;ND;ND;ND;ND;ND;ND;ND;ND;ND;ND;ND;ND;ND;ND;ND;ND;ND;ND;ND;ND;ND;ND;ND;ND;ND;ND;ND;ND;ND;ND;ND;ND;ND;ND;ND;ND;ND;ND;ND;ND;ND;ND;ND;ND;ND;ND;ND;ND;ND,"""64,160,16""",FLOAT16,ND,N/A,0.0,0,0.0,0.0,0.0,0.0,0.0,0.0,0.0,0.0,0.0,0.0,0.0,6.831,450833,0.017,0.002,3.561,0.521,2.576,0.377,1.136,0.166,0.0,0.000
0,4294967295,448,47,aclnnMul_MulAiCore_Mul,Mul,dynamic,AI_VECTOR_CORE,1785698519233898.483	,327.427,0.000000,40,0,NO,"""4096,4096;4096,4096""",FLOAT;FLOAT,ND;ND,"""4096,4096""",FLOAT,ND,N/A,0.0,0,0.0,0.0,0.0,0.0,0.0,0.0,0.0,0.0,0.0,0.0,0.0,325.306,21470188,6.784,0.021,3.069,0.009,323.665,0.995,108.143,0.332,0.0,0.000
0,4294967295,449,47,Concat,Concat,dynamic,AI_VECTOR_CORE,1785698519234225.930	,12.580,0.073000,40,0,NO,"""64,1,16;64,2,16;64,3,16;64,4,16;64,1,16;64,2,16;64,3,16;64,4,16;64,1,16;64,2,16;64,3,16;64,4,16;64,1,16;64,2,16;64,3,16;64,4,16;64,1,16;64,2,16;64,3,16;64,4,16;64,1,16;64,2,16;64,3,16;64,4,16;64,1,16;64,2,16;64,3,16;64,4,16;64,1,16;64,2,16;64,3,16;64,4,16;64,1,16;64,2,16;64,3,16;64,4,16;64,1,16;64,2,16;64,3,16;64,4,16;64,1,16;64,2,16;64,3,16;64,4,16;64,1,16;64,2,16;64,3,16;64,4,16;64,1,16;64,2,16;64,3,16;64,4,16;64,1,16;64,2,16;64,3,16;64,4,16;64,1,16;64,2,16;64,3,16;64,4,16;64,1,16;64,2,16;64,3,16;64,4,16""",FLOAT16;FLOAT16;FLOAT16;FLOAT16;FLOAT16;FLOAT16;FLOAT16;FLOAT16;FLOAT16;FLOAT16;FLOAT16;FLOAT16;FLOAT16;FLOAT16;FLOAT16;FLOAT16;FLOAT16;FLOAT16;FLOAT16;FLOAT16;FLOAT16;FLOAT16;FLOAT16;FLOAT16;FLOAT16;FLOAT16;FLOAT16;FLOAT16;FLOAT16;FLOAT16;FLOAT16;FLOAT16;FLOAT16;FLOAT16;FLOAT16;FLOAT16;FLOAT16;FLOAT16;FLOAT16;FLOAT16;FLOAT16;FLOAT16;FLOAT16;FLOAT16;FLOAT16;FLOAT16;FLOAT16;FLOAT16;FLOAT16;FLOAT16;FLOAT16;FLOAT16;FLOAT16;FLOAT16;FLOAT16;FLOAT16;FLOAT16;FLOAT16;FLOAT16;FLOAT16;FLOAT16;FLOAT16;FLOAT16;FLOAT16,ND;ND;ND;ND;ND;ND;ND;ND;ND;ND;ND;ND;ND;ND;ND;ND;ND;ND;ND;ND;ND;ND;ND;ND;ND;ND;ND;ND;ND;ND;ND;ND;ND;ND;ND;ND;ND;ND;ND;ND;ND;ND;ND;ND;ND;ND;ND;ND;ND;ND;ND;ND;ND;ND;ND;ND;ND;ND;ND;ND;ND;ND;ND;ND,"""64,160,16""",FLOAT16,ND,N/A,0.0,0,0.0,0.0,0.0,0.0,0.0,0.0,0.0,0.0,0.0,0.0,0.0,9.019,595285,0.017,0.002,4.061,0.45,4.458,0.494,1.111,0.123,0.0,0.000
0,4294967295,450,47,aclnnMul_MulAiCore_Mul,Mul,dynamic,AI_VECTOR_CORE,1785698519234238.530	,327.807,0.000000,40,0,NO,"""4096,4096;4096,4096""",FLOAT;FLOAT,ND;ND,"""4096,4096""",FLOAT,ND,N/A,0.0,0,0.0,0.0,0.0,0.0,0.0,0.0,0.0,0.0,0.0,0.0,0.0,325.773,21501046,6.784,0.021,3.006,0.009,324.247,0.995,109.088,0.335,0.0,0.000
0,4294967295,451,47,Concat,Concat,dynamic,AI_VECTOR_CORE,1785698519234566.377	,11.620,0.193000,40,0,NO,"""64,1,16;64,2,16;64,3,16;64,4,16;64,1,16;64,2,16;64,3,16;64,4,16;64,1,16;64,2,16;64,3,16;64,4,16;64,1,16;64,2,16;64,3,16;64,4,16;64,1,16;64,2,16;64,3,16;64,4,16;64,1,16;64,2,16;64,3,16;64,4,16;64,1,16;64,2,16;64,3,16;64,4,16;64,1,16;64,2,16;64,3,16;64,4,16;64,1,16;64,2,16;64,3,16;64,4,16;64,1,16;64,2,16;64,3,16;64,4,16;64,1,16;64,2,16;64,3,16;64,4,16;64,1,16;64,2,16;64,3,16;64,4,16;64,1,16;64,2,16;64,3,16;64,4,16;64,1,16;64,2,16;64,3,16;64,4,16;64,1,16;64,2,16;64,3,16;64,4,16;64,1,16;64,2,16;64,3,16;64,4,16""",FLOAT16;FLOAT16;FLOAT16;FLOAT16;FLOAT16;FLOAT16;FLOAT16;FLOAT16;FLOAT16;FLOAT16;FLOAT16;FLOAT16;FLOAT16;FLOAT16;FLOAT16;FLOAT16;FLOAT16;FLOAT16;FLOAT16;FLOAT16;FLOAT16;FLOAT16;FLOAT16;FLOAT16;FLOAT16;FLOAT16;FLOAT16;FLOAT16;FLOAT16;FLOAT16;FLOAT16;FLOAT16;FLOAT16;FLOAT16;FLOAT16;FLOAT16;FLOAT16;FLOAT16;FLOAT16;FLOAT16;FLOAT16;FLOAT16;FLOAT16;FLOAT16;FLOAT16;FLOAT16;FLOAT16;FLOAT16;FLOAT16;FLOAT16;FLOAT16;FLOAT16;FLOAT16;FLOAT16;FLOAT16;FLOAT16;FLOAT16;FLOAT16;FLOAT16;FLOAT16;FLOAT16;FLOAT16;FLOAT16;FLOAT16,ND;ND;ND;ND;ND;ND;ND;ND;ND;ND;ND;ND;ND;ND;ND;ND;ND;ND;ND;ND;ND;ND;ND;ND;ND;ND;ND;ND;ND;ND;ND;ND;ND;ND;ND;ND;ND;ND;ND;ND;ND;ND;ND;ND;ND;ND;ND;ND;ND;ND;ND;ND;ND;ND;ND;ND;ND;ND;ND;ND;ND;ND;ND;ND,"""64,160,16""",FLOAT16,ND,N/A,0.0,0,0.0,0.0,0.0,0.0,0.0,0.0,0.0,0.0,0.0,0.0,0.0,8.773,579014,0.017,0.002,3.661,0.417,4.27,0.487,1.138,0.13,0.0,0.000
0,4294967295,452,47,aclnnMul_MulAiCore_Mul,Mul,dynamic,AI_VECTOR_CORE,1785698519234578.017	,327.066,0.000000,40,0,NO,"""4096,4096;4096,4096""",FLOAT;FLOAT,ND;ND,"""4096,4096""",FLOAT,ND,N/A,0.0,0,0.0,0.0,0.0,0.0,0.0,0.0,0.0,0.0,0.0,0.0,0.0,325.294,21469429,6.784,0.021,3.571,0.011,323.199,0.994,108.447,0.333,0.0,0.000
0,4294967295,453,47,Concat,Concat,dynamic,AI_VECTOR_CORE,1785698519234905.103	,10.661,0.000000,40,0,NO,"""64,1,16;64,2,16;64,3,16;64,4,16;64,1,16;64,2,16;64,3,16;64,4,16;64,1,16;64,2,16;64,3,16;64,4,16;64,1,16;64,2,16;64,3,16;64,4,16;64,1,16;64,2,16;64,3,16;64,4,16;64,1,16;64,2,16;64,3,16;64,4,16;64,1,16;64,2,16;64,3,16;64,4,16;64,1,16;64,2,16;64,3,16;64,4,16;64,1,16;64,2,16;64,3,16;64,4,16;64,1,16;64,2,16;64,3,16;64,4,16;64,1,16;64,2,16;64,3,16;64,4,16;64,1,16;64,2,16;64,3,16;64,4,16;64,1,16;64,2,16;64,3,16;64,4,16;64,1,16;64,2,16;64,3,16;64,4,16;64,1,16;64,2,16;64,3,16;64,4,16;64,1,16;64,2,16;64,3,16;64,4,16""",FLOAT16;FLOAT16;FLOAT16;FLOAT16;FLOAT16;FLOAT16;FLOAT16;FLOAT16;FLOAT16;FLOAT16;FLOAT16;FLOAT16;FLOAT16;FLOAT16;FLOAT16;FLOAT16;FLOAT16;FLOAT16;FLOAT16;FLOAT16;FLOAT16;FLOAT16;FLOAT16;FLOAT16;FLOAT16;FLOAT16;FLOAT16;FLOAT16;FLOAT16;FLOAT16;FLOAT16;FLOAT16;FLOAT16;FLOAT16;FLOAT16;FLOAT16;FLOAT16;FLOAT16;FLOAT16;FLOAT16;FLOAT16;FLOAT16;FLOAT16;FLOAT16;FLOAT16;FLOAT16;FLOAT16;FLOAT16;FLOAT16;FLOAT16;FLOAT16;FLOAT16;FLOAT16;FLOAT16;FLOAT16;FLOAT16;FLOAT16;FLOAT16;FLOAT16;FLOAT16;FLOAT16;FLOAT16;FLOAT16;FLOAT16,ND;ND;ND;ND;ND;ND;ND;ND;ND;ND;ND;ND;ND;ND;ND;ND;ND;ND;ND;ND;ND;ND;ND;ND;ND;ND;ND;ND;ND;ND;ND;ND;ND;ND;ND;ND;ND;ND;ND;ND;ND;ND;ND;ND;ND;ND;ND;ND;ND;ND;ND;ND;ND;ND;ND;ND;ND;ND;ND;ND;ND;ND;ND;ND,"""64,160,16""",FLOAT16,ND,N/A,0.0,0,0.0,0.0,0.0,0.0,0.0,0.0,0.0,0.0,0.0,0.0,0.0,8.218,542413,0.017,0.002,3.737,0.455,3.685,0.448,1.227,0.149,0.0,0.000
0,4294967295,454,47,aclnnMul_MulAiCore_Mul,Mul,dynamic,AI_VECTOR_CORE,1785698519234915.784	,327.506,0.089000,40,0,NO,"""4096,4096;4096,4096""",FLOAT;FLOAT,ND;ND,"""4096,4096""",FLOAT,ND,N/A,0.0,0,0.0,0.0,0.0,0.0,0.0,0.0,0.0,0.0,0.0,0.0,0.0,325.133,21458754,6.784,0.021,3.066,0.009,323.542,0.995,108.551,0.334,0.0,0.000
0,4294967295,455,47,Concat,Concat,dynamic,AI_VECTOR_CORE,1785698519235243.310	,10.900,0.000000,40,0,NO,"""64,1,16;64,2,16;64,3,16;64,4,16;64,1,16;64,2,16;64,3,16;64,4,16;64,1,16;64,2,16;64,3,16;64,4,16;64,1,16;64,2,16;64,3,16;64,4,16;64,1,16;64,2,16;64,3,16;64,4,16;64,1,16;64,2,16;64,3,16;64,4,16;64,1,16;64,2,16;64,3,16;64,4,16;64,1,16;64,2,16;64,3,16;64,4,16;64,1,16;64,2,16;64,3,16;64,4,16;64,1,16;64,2,16;64,3,16;64,4,16;64,1,16;64,2,16;64,3,16;64,4,16;64,1,16;64,2,16;64,3,16;64,4,16;64,1,16;64,2,16;64,3,16;64,4,16;64,1,16;64,2,16;64,3,16;64,4,16;64,1,16;64,2,16;64,3,16;64,4,16;64,1,16;64,2,16;64,3,16;64,4,16""",FLOAT16;FLOAT16;FLOAT16;FLOAT16;FLOAT16;FLOAT16;FLOAT16;FLOAT16;FLOAT16;FLOAT16;FLOAT16;FLOAT16;FLOAT16;FLOAT16;FLOAT16;FLOAT16;FLOAT16;FLOAT16;FLOAT16;FLOAT16;FLOAT16;FLOAT16;FLOAT16;FLOAT16;FLOAT16;FLOAT16;FLOAT16;FLOAT16;FLOAT16;FLOAT16;FLOAT16;FLOAT16;FLOAT16;FLOAT16;FLOAT16;FLOAT16;FLOAT16;FLOAT16;FLOAT16;FLOAT16;FLOAT16;FLOAT16;FLOAT16;FLOAT16;FLOAT16;FLOAT16;FLOAT16;FLOAT16;FLOAT16;FLOAT16;FLOAT16;FLOAT16;FLOAT16;FLOAT16;FLOAT16;FLOAT16;FLOAT16;FLOAT16;FLOAT16;FLOAT16;FLOAT16;FLOAT16;FLOAT16;FLOAT16,ND;ND;ND;ND;ND;ND;ND;ND;ND;ND;ND;ND;ND;ND;ND;ND;ND;ND;ND;ND;ND;ND;ND;ND;ND;ND;ND;ND;ND;ND;ND;ND;ND;ND;ND;ND;ND;ND;ND;ND;ND;ND;ND;ND;ND;ND;ND;ND;ND;ND;ND;ND;ND;ND;ND;ND;ND;ND;ND;ND;ND;ND;ND;ND,"""64,160,16""",FLOAT16,ND,N/A,0.0,0,0.0,0.0,0.0,0.0,0.0,0.0,0.0,0.0,0.0,0.0,0.0,8.128,536439,0.017,0.002,3.921,0.482,3.737,0.46,1.052,0.129,0.0,0.000
0,4294967295,456,47,aclnnMul_MulAiCore_Mul,Mul,dynamic,AI_VECTOR_CORE,1785698519235254.230	,327.807,0.100000,40,0,NO,"""4096,4096;4096,4096""",FLOAT;FLOAT,ND;ND,"""4096,4096""",FLOAT,ND,N/A,0.0,0,0.0,0.0,0.0,0.0,0.0,0.0,0.0,0.0,0.0,0.0,0.0,325.603,21489793,6.784,0.021,3.016,0.009,324.048,0.995,110.727,0.34,0.0,0.000
0,4294967295,457,47,Concat,Concat,dynamic,AI_VECTOR_CORE,1785698519235582.057	,11.720,0.000000,40,0,NO,"""64,1,16;64,2,16;64,3,16;64,4,16;64,1,16;64,2,16;64,3,16;64,4,16;64,1,16;64,2,16;64,3,16;64,4,16;64,1,16;64,2,16;64,3,16;64,4,16;64,1,16;64,2,16;64,3,16;64,4,16;64,1,16;64,2,16;64,3,16;64,4,16;64,1,16;64,2,16;64,3,16;64,4,16;64,1,16;64,2,16;64,3,16;64,4,16;64,1,16;64,2,16;64,3,16;64,4,16;64,1,16;64,2,16;64,3,16;64,4,16;64,1,16;64,2,16;64,3,16;64,4,16;64,1,16;64,2,16;64,3,16;64,4,16;64,1,16;64,2,16;64,3,16;64,4,16;64,1,16;64,2,16;64,3,16;64,4,16;64,1,16;64,2,16;64,3,16;64,4,16;64,1,16;64,2,16;64,3,16;64,4,16""",FLOAT16;FLOAT16;FLOAT16;FLOAT16;FLOAT16;FLOAT16;FLOAT16;FLOAT16;FLOAT16;FLOAT16;FLOAT16;FLOAT16;FLOAT16;FLOAT16;FLOAT16;FLOAT16;FLOAT16;FLOAT16;FLOAT16;FLOAT16;FLOAT16;FLOAT16;FLOAT16;FLOAT16;FLOAT16;FLOAT16;FLOAT16;FLOAT16;FLOAT16;FLOAT16;FLOAT16;FLOAT16;FLOAT16;FLOAT16;FLOAT16;FLOAT16;FLOAT16;FLOAT16;FLOAT16;FLOAT16;FLOAT16;FLOAT16;FLOAT16;FLOAT16;FLOAT16;FLOAT16;FLOAT16;FLOAT16;FLOAT16;FLOAT16;FLOAT16;FLOAT16;FLOAT16;FLOAT16;FLOAT16;FLOAT16;FLOAT16;FLOAT16;FLOAT16;FLOAT16;FLOAT16;FLOAT16;FLOAT16;FLOAT16,ND;ND;ND;ND;ND;ND;ND;ND;ND;ND;ND;ND;ND;ND;ND;ND;ND;ND;ND;ND;ND;ND;ND;ND;ND;ND;ND;ND;ND;ND;ND;ND;ND;ND;ND;ND;ND;ND;ND;ND;ND;ND;ND;ND;ND;ND;ND;ND;ND;ND;ND;ND;ND;ND;ND;ND;ND;ND;ND;ND;ND;ND;ND;ND,"""64,160,16""",FLOAT16,ND,N/A,0.0,0,0.0,0.0,0.0,0.0,0.0,0.0,0.0,0.0,0.0,0.0,0.0,9.281,612533,0.017,0.002,4.624,0.498,3.861,0.416,1.154,0.124,0.0,0.000
0,4294967295,458,47,aclnnMul_MulAiCore_Mul,Mul,dynamic,AI_VECTOR_CORE,1785698519235593.797	,327.967,0.030000,40,0,NO,"""4096,4096;4096,4096""",FLOAT;FLOAT,ND;ND,"""4096,4096""",FLOAT,ND,N/A,0.0,0,0.0,0.0,0.0,0.0,0.0,0.0,0.0,0.0,0.0,0.0,0.0,325.336,21472193,6.784,0.021,2.952,0.009,323.806,0.995,109.13,0.335,0.0,0.000
0,4294967295,459,47,Concat,Concat,dynamic,AI_VECTOR_CORE,1785698519235921.784	,10.740,0.033000,40,0,NO,"""64,1,16;64,2,16;64,3,16;64,4,16;64,1,16;64,2,16;64,3,16;64,4,16;64,1,16;64,2,16;64,3,16;64,4,16;64,1,16;64,2,16;64,3,16;64,4,16;64,1,16;64,2,16;64,3,16;64,4,16;64,1,16;64,2,16;64,3,16;64,4,16;64,1,16;64,2,16;64,3,16;64,4,16;64,1,16;64,2,16;64,3,16;64,4,16;64,1,16;64,2,16;64,3,16;64,4,16;64,1,16;64,2,16;64,3,16;64,4,16;64,1,16;64,2,16;64,3,16;64,4,16;64,1,16;64,2,16;64,3,16;64,4,16;64,1,16;64,2,16;64,3,16;64,4,16;64,1,16;64,2,16;64,3,16;64,4,16;64,1,16;64,2,16;64,3,16;64,4,16;64,1,16;64,2,16;64,3,16;64,4,16""",FLOAT16;FLOAT16;FLOAT16;FLOAT16;FLOAT16;FLOAT16;FLOAT16;FLOAT16;FLOAT16;FLOAT16;FLOAT16;FLOAT16;FLOAT16;FLOAT16;FLOAT16;FLOAT16;FLOAT16;FLOAT16;FLOAT16;FLOAT16;FLOAT16;FLOAT16;FLOAT16;FLOAT16;FLOAT16;FLOAT16;FLOAT16;FLOAT16;FLOAT16;FLOAT16;FLOAT16;FLOAT16;FLOAT16;FLOAT16;FLOAT16;FLOAT16;FLOAT16;FLOAT16;FLOAT16;FLOAT16;FLOAT16;FLOAT16;FLOAT16;FLOAT16;FLOAT16;FLOAT16;FLOAT16;FLOAT16;FLOAT16;FLOAT16;FLOAT16;FLOAT16;FLOAT16;FLOAT16;FLOAT16;FLOAT16;FLOAT16;FLOAT16;FLOAT16;FLOAT16;FLOAT16;FLOAT16;FLOAT16;FLOAT16,ND;ND;ND;ND;ND;ND;ND;ND;ND;ND;ND;ND;ND;ND;ND;ND;ND;ND;ND;ND;ND;ND;ND;ND;ND;ND;ND;ND;ND;ND;ND;ND;ND;ND;ND;ND;ND;ND;ND;ND;ND;ND;ND;ND;ND;ND;ND;ND;ND;ND;ND;ND;ND;ND;ND;ND;ND;ND;ND;ND;ND;ND;ND;ND,"""64,160,16""",FLOAT16,ND,N/A,0.0,0,0.0,0.0,0.0,0.0,0.0,0.0,0.0,0.0,0.0,0.0,0.0,8.191,540614,0.017,0.002,3.989,0.487,3.615,0.441,1.076,0.131,0.0,0.000
0,4294967295,460,47,aclnnMul_MulAiCore_Mul,Mul,dynamic,AI_VECTOR_CORE,1785698519235932.564	,327.366,0.010000,40,0,NO,"""4096,4096;4096,4096""",FLOAT;FLOAT,ND;ND,"""4096,4096""",FLOAT,ND,N/A,0.0,0,0.0,0.0,0.0,0.0,0.0,0.0,0.0,0.0,0.0,0.0,0.0,325.564,21487208,6.784,0.021,3.017,0.009,324.06,0.995,109.929,0.338,0.0,0.000
0,4294967295,461,47,Concat,Concat,dynamic,AI_VECTOR_CORE,1785698519236259.950	,9.941,0.134000,40,0,NO,"""64,1,16;64,2,16;64,3,16;64,4,16;64,1,16;64,2,16;64,3,16;64,4,16;64,1,16;64,2,16;64,3,16;64,4,16;64,1,16;64,2,16;64,3,16;64,4,16;64,1,16;64,2,16;64,3,16;64,4,16;64,1,16;64,2,16;64,3,16;64,4,16;64,1,16;64,2,16;64,3,16;64,4,16;64,1,16;64,2,16;64,3,16;64,4,16;64,1,16;64,2,16;64,3,16;64,4,16;64,1,16;64,2,16;64,3,16;64,4,16;64,1,16;64,2,16;64,3,16;64,4,16;64,1,16;64,2,16;64,3,16;64,4,16;64,1,16;64,2,16;64,3,16;64,4,16;64,1,16;64,2,16;64,3,16;64,4,16;64,1,16;64,2,16;64,3,16;64,4,16;64,1,16;64,2,16;64,3,16;64,4,16""",FLOAT16;FLOAT16;FLOAT16;FLOAT16;FLOAT16;FLOAT16;FLOAT16;FLOAT16;FLOAT16;FLOAT16;FLOAT16;FLOAT16;FLOAT16;FLOAT16;FLOAT16;FLOAT16;FLOAT16;FLOAT16;FLOAT16;FLOAT16;FLOAT16;FLOAT16;FLOAT16;FLOAT16;FLOAT16;FLOAT16;FLOAT16;FLOAT16;FLOAT16;FLOAT16;FLOAT16;FLOAT16;FLOAT16;FLOAT16;FLOAT16;FLOAT16;FLOAT16;FLOAT16;FLOAT16;FLOAT16;FLOAT16;FLOAT16;FLOAT16;FLOAT16;FLOAT16;FLOAT16;FLOAT16;FLOAT16;FLOAT16;FLOAT16;FLOAT16;FLOAT16;FLOAT16;FLOAT16;FLOAT16;FLOAT16;FLOAT16;FLOAT16;FLOAT16;FLOAT16;FLOAT16;FLOAT16;FLOAT16;FLOAT16,ND;ND;ND;ND;ND;ND;ND;ND;ND;ND;ND;ND;ND;ND;ND;ND;ND;ND;ND;ND;ND;ND;ND;ND;ND;ND;ND;ND;ND;ND;ND;ND;ND;ND;ND;ND;ND;ND;ND;ND;ND;ND;ND;ND;ND;ND;ND;ND;ND;ND;ND;ND;ND;ND;ND;ND;ND;ND;ND;ND;ND;ND;ND;ND,"""64,160,16""",FLOAT16,ND,N/A,0.0,0,0.0,0.0,0.0,0.0,0.0,0.0,0.0,0.0,0.0,0.0,0.0,7.242,477960,0.017,0.002,3.702,0.511,2.998,0.414,0.896,0.124,0.0,0.000
0,4294967295,462,47,aclnnMul_MulAiCore_Mul,Mul,dynamic,AI_VECTOR_CORE,1785698519236269.911	,327.586,0.059000,40,0,NO,"""4096,4096;4096,4096""",FLOAT;FLOAT,ND;ND,"""4096,4096""",FLOAT,ND,N/A,0.0,0,0.0,0.0,0.0,0.0,0.0,0.0,0.0,0.0,0.0,0.0,0.0,325.571,21487661,6.784,0.021,2.983,0.009,323.984,0.995,108.541,0.333,0.0,0.000
0,4294967295,463,47,Concat,Concat,dynamic,AI_VECTOR_CORE,1785698519236597.517	,9.040,0.000000,40,0,NO,"""64,1,16;64,2,16;64,3,16;64,4,16;64,1,16;64,2,16;64,3,16;64,4,16;64,1,16;64,2,16;64,3,16;64,4,16;64,1,16;64,2,16;64,3,16;64,4,16;64,1,16;64,2,16;64,3,16;64,4,16;64,1,16;64,2,16;64,3,16;64,4,16;64,1,16;64,2,16;64,3,16;64,4,16;64,1,16;64,2,16;64,3,16;64,4,16;64,1,16;64,2,16;64,3,16;64,4,16;64,1,16;64,2,16;64,3,16;64,4,16;64,1,16;64,2,16;64,3,16;64,4,16;64,1,16;64,2,16;64,3,16;64,4,16;64,1,16;64,2,16;64,3,16;64,4,16;64,1,16;64,2,16;64,3,16;64,4,16;64,1,16;64,2,16;64,3,16;64,4,16;64,1,16;64,2,16;64,3,16;64,4,16""",FLOAT16;FLOAT16;FLOAT16;FLOAT16;FLOAT16;FLOAT16;FLOAT16;FLOAT16;FLOAT16;FLOAT16;FLOAT16;FLOAT16;FLOAT16;FLOAT16;FLOAT16;FLOAT16;FLOAT16;FLOAT16;FLOAT16;FLOAT16;FLOAT16;FLOAT16;FLOAT16;FLOAT16;FLOAT16;FLOAT16;FLOAT16;FLOAT16;FLOAT16;FLOAT16;FLOAT16;FLOAT16;FLOAT16;FLOAT16;FLOAT16;FLOAT16;FLOAT16;FLOAT16;FLOAT16;FLOAT16;FLOAT16;FLOAT16;FLOAT16;FLOAT16;FLOAT16;FLOAT16;FLOAT16;FLOAT16;FLOAT16;FLOAT16;FLOAT16;FLOAT16;FLOAT16;FLOAT16;FLOAT16;FLOAT16;FLOAT16;FLOAT16;FLOAT16;FLOAT16;FLOAT16;FLOAT16;FLOAT16;FLOAT16,ND;ND;ND;ND;ND;ND;ND;ND;ND;ND;ND;ND;ND;ND;ND;ND;ND;ND;ND;ND;ND;ND;ND;ND;ND;ND;ND;ND;ND;ND;ND;ND;ND;ND;ND;ND;ND;ND;ND;ND;ND;ND;ND;ND;ND;ND;ND;ND;ND;ND;ND;ND;ND;ND;ND;ND;ND;ND;ND;ND;ND;ND;ND;ND,"""64,160,16""",FLOAT16,ND,N/A,0.0,0,0.0,0.0,0.0,0.0,0.0,0.0,0.0,0.0,0.0,0.0,0.0,6.956,459126,0.017,0.002,3.536,0.508,2.66,0.382,1.114,0.16,0.0,0.000
0,4294967295,464,47,aclnnMul_MulAiCore_Mul,Mul,dynamic,AI_VECTOR_CORE,1785698519236606.577	,327.487,0.000000,40,0,NO,"""4096,4096;4096,4096""",FLOAT;FLOAT,ND;ND,"""4096,4096""",FLOAT,ND,N/A,0.0,0,0.0,0.0,0.0,0.0,0.0,0.0,0.0,0.0,0.0,0.0,0.0,325.312,21470564,6.784,0.021,2.988,0.009,323.823,0.995,109.147,0.336,0.0,0.000
0,4294967295,465,47,Concat,Concat,dynamic,AI_VECTOR_CORE,1785698519236934.084	,11.600,0.013000,40,0,NO,"""64,1,16;64,2,16;64,3,16;64,4,16;64,1,16;64,2,16;64,3,16;64,4,16;64,1,16;64,2,16;64,3,16;64,4,16;64,1,16;64,2,16;64,3,16;64,4,16;64,1,16;64,2,16;64,3,16;64,4,16;64,1,16;64,2,16;64,3,16;64,4,16;64,1,16;64,2,16;64,3,16;64,4,16;64,1,16;64,2,16;64,3,16;64,4,16;64,1,16;64,2,16;64,3,16;64,4,16;64,1,16;64,2,16;64,3,16;64,4,16;64,1,16;64,2,16;64,3,16;64,4,16;64,1,16;64,2,16;64,3,16;64,4,16;64,1,16;64,2,16;64,3,16;64,4,16;64,1,16;64,2,16;64,3,16;64,4,16;64,1,16;64,2,16;64,3,16;64,4,16;64,1,16;64,2,16;64,3,16;64,4,16""",FLOAT16;FLOAT16;FLOAT16;FLOAT16;FLOAT16;FLOAT16;FLOAT16;FLOAT16;FLOAT16;FLOAT16;FLOAT16;FLOAT16;FLOAT16;FLOAT16;FLOAT16;FLOAT16;FLOAT16;FLOAT16;FLOAT16;FLOAT16;FLOAT16;FLOAT16;FLOAT16;FLOAT16;FLOAT16;FLOAT16;FLOAT16;FLOAT16;FLOAT16;FLOAT16;FLOAT16;FLOAT16;FLOAT16;FLOAT16;FLOAT16;FLOAT16;FLOAT16;FLOAT16;FLOAT16;FLOAT16;FLOAT16;FLOAT16;FLOAT16;FLOAT16;FLOAT16;FLOAT16;FLOAT16;FLOAT16;FLOAT16;FLOAT16;FLOAT16;FLOAT16;FLOAT16;FLOAT16;FLOAT16;FLOAT16;FLOAT16;FLOAT16;FLOAT16;FLOAT16;FLOAT16;FLOAT16;FLOAT16;FLOAT16,ND;ND;ND;ND;ND;ND;ND;ND;ND;ND;ND;ND;ND;ND;ND;ND;ND;ND;ND;ND;ND;ND;ND;ND;ND;ND;ND;ND;ND;ND;ND;ND;ND;ND;ND;ND;ND;ND;ND;ND;ND;ND;ND;ND;ND;ND;ND;ND;ND;ND;ND;ND;ND;ND;ND;ND;ND;ND;ND;ND;ND;ND;ND;ND,"""64,160,16""",FLOAT16,ND,N/A,0.0,0,0.0,0.0,0.0,0.0,0.0,0.0,0.0,0.0,0.0,0.0,0.0,8.755,577803,0.017,0.002,3.672,0.419,4.197,0.479,1.183,0.135,0.0,0.000
0,4294967295,466,47,aclnnMul_MulAiCore_Mul,Mul,dynamic,AI_VECTOR_CORE,1785698519236945.704	,327.267,0.150000,40,0,NO,"""4096,4096;4096,4096""",FLOAT;FLOAT,ND;ND,"""4096,4096""",FLOAT,ND,N/A,0.0,0,0.0,0.0,0.0,0.0,0.0,0.0,0.0,0.0,0.0,0.0,0.0,325.039,21452593,6.784,0.021,3.095,0.01,323.445,0.995,109.397,0.337,0.0,0.000
0,4294967295,467,47,Concat,Concat,dynamic,AI_VECTOR_CORE,1785698519237272.991	,11.400,0.000000,40,0,NO,"""64,1,16;64,2,16;64,3,16;64,4,16;64,1,16;64,2,16;64,3,16;64,4,16;64,1,16;64,2,16;64,3,16;64,4,16;64,1,16;64,2,16;64,3,16;64,4,16;64,1,16;64,2,16;64,3,16;64,4,16;64,1,16;64,2,16;64,3,16;64,4,16;64,1,16;64,2,16;64,3,16;64,4,16;64,1,16;64,2,16;64,3,16;64,4,16;64,1,16;64,2,16;64,3,16;64,4,16;64,1,16;64,2,16;64,3,16;64,4,16;64,1,16;64,2,16;64,3,16;64,4,16;64,1,16;64,2,16;64,3,16;64,4,16;64,1,16;64,2,16;64,3,16;64,4,16;64,1,16;64,2,16;64,3,16;64,4,16;64,1,16;64,2,16;64,3,16;64,4,16;64,1,16;64,2,16;64,3,16;64,4,16""",FLOAT16;FLOAT16;FLOAT16;FLOAT16;FLOAT16;FLOAT16;FLOAT16;FLOAT16;FLOAT16;FLOAT16;FLOAT16;FLOAT16;FLOAT16;FLOAT16;FLOAT16;FLOAT16;FLOAT16;FLOAT16;FLOAT16;FLOAT16;FLOAT16;FLOAT16;FLOAT16;FLOAT16;FLOAT16;FLOAT16;FLOAT16;FLOAT16;FLOAT16;FLOAT16;FLOAT16;FLOAT16;FLOAT16;FLOAT16;FLOAT16;FLOAT16;FLOAT16;FLOAT16;FLOAT16;FLOAT16;FLOAT16;FLOAT16;FLOAT16;FLOAT16;FLOAT16;FLOAT16;FLOAT16;FLOAT16;FLOAT16;FLOAT16;FLOAT16;FLOAT16;FLOAT16;FLOAT16;FLOAT16;FLOAT16;FLOAT16;FLOAT16;FLOAT16;FLOAT16;FLOAT16;FLOAT16;FLOAT16;FLOAT16,ND;ND;ND;ND;ND;ND;ND;ND;ND;ND;ND;ND;ND;ND;ND;ND;ND;ND;ND;ND;ND;ND;ND;ND;ND;ND;ND;ND;ND;ND;ND;ND;ND;ND;ND;ND;ND;ND;ND;ND;ND;ND;ND;ND;ND;ND;ND;ND;ND;ND;ND;ND;ND;ND;ND;ND;ND;ND;ND;ND;ND;ND;ND;ND,"""64,160,16""",FLOAT16,ND,N/A,0.0,0,0.0,0.0,0.0,0.0,0.0,0.0,0.0,0.0,0.0,0.0,0.0,8.492,560444,0.017,0.002,4.082,0.481,4.143,0.488,0.976,0.115,0.0,0.000
0,4294967295,468,47,aclnnMul_MulAiCore_Mul,Mul,dynamic,AI_VECTOR_CORE,1785698519237284.411	,326.746,0.100000,40,0,NO,"""4096,4096;4096,4096""",FLOAT;FLOAT,ND;ND,"""4096,4096""",FLOAT,ND,N/A,0.0,0,0.0,0.0,0.0,0.0,0.0,0.0,0.0,0.0,0.0,0.0,0.0,324.652,21427063,6.784,0.021,3.026,0.009,323.08,0.995,110.373,0.34,0.0,0.000
0,4294967295,469,47,Concat,Concat,dynamic,AI_VECTOR_CORE,1785698519237611.177	,11.021,0.004000,40,0,NO,"""64,1,16;64,2,16;64,3,16;64,4,16;64,1,16;64,2,16;64,3,16;64,4,16;64,1,16;64,2,16;64,3,16;64,4,16;64,1,16;64,2,16;64,3,16;64,4,16;64,1,16;64,2,16;64,3,16;64,4,16;64,1,16;64,2,16;64,3,16;64,4,16;64,1,16;64,2,16;64,3,16;64,4,16;64,1,16;64,2,16;64,3,16;64,4,16;64,1,16;64,2,16;64,3,16;64,4,16;64,1,16;64,2,16;64,3,16;64,4,16;64,1,16;64,2,16;64,3,16;64,4,16;64,1,16;64,2,16;64,3,16;64,4,16;64,1,16;64,2,16;64,3,16;64,4,16;64,1,16;64,2,16;64,3,16;64,4,16;64,1,16;64,2,16;64,3,16;64,4,16;64,1,16;64,2,16;64,3,16;64,4,16""",FLOAT16;FLOAT16;FLOAT16;FLOAT16;FLOAT16;FLOAT16;FLOAT16;FLOAT16;FLOAT16;FLOAT16;FLOAT16;FLOAT16;FLOAT16;FLOAT16;FLOAT16;FLOAT16;FLOAT16;FLOAT16;FLOAT16;FLOAT16;FLOAT16;FLOAT16;FLOAT16;FLOAT16;FLOAT16;FLOAT16;FLOAT16;FLOAT16;FLOAT16;FLOAT16;FLOAT16;FLOAT16;FLOAT16;FLOAT16;FLOAT16;FLOAT16;FLOAT16;FLOAT16;FLOAT16;FLOAT16;FLOAT16;FLOAT16;FLOAT16;FLOAT16;FLOAT16;FLOAT16;FLOAT16;FLOAT16;FLOAT16;FLOAT16;FLOAT16;FLOAT16;FLOAT16;FLOAT16;FLOAT16;FLOAT16;FLOAT16;FLOAT16;FLOAT16;FLOAT16;FLOAT16;FLOAT16;FLOAT16;FLOAT16,ND;ND;ND;ND;ND;ND;ND;ND;ND;ND;ND;ND;ND;ND;ND;ND;ND;ND;ND;ND;ND;ND;ND;ND;ND;ND;ND;ND;ND;ND;ND;ND;ND;ND;ND;ND;ND;ND;ND;ND;ND;ND;ND;ND;ND;ND;ND;ND;ND;ND;ND;ND;ND;ND;ND;ND;ND;ND;ND;ND;ND;ND;ND;ND,"""64,160,16""",FLOAT16,ND,N/A,0.0,0,0.0,0.0,0.0,0.0,0.0,0.0,0.0,0.0,0.0,0.0,0.0,7.972,526137,0.017,0.002,3.674,0.461,3.452,0.433,1.152,0.145,0.0,0.000
0,4294967295,470,47,aclnnMul_MulAiCore_Mul,Mul,dynamic,AI_VECTOR_CORE,1785698519237622.218	,327.366,0.000000,40,0,NO,"""4096,4096;4096,4096""",FLOAT;FLOAT,ND;ND,"""4096,4096""",FLOAT,ND,N/A,0.0,0,0.0,0.0,0.0,0.0,0.0,0.0,0.0,0.0,0.0,0.0,0.0,325.648,21492781,6.784,0.021,3.132,0.01,324.021,0.995,109.273,0.336,0.0,0.000
0,4294967295,471,47,Concat,Concat,dynamic,AI_VECTOR_CORE,1785698519237949.604	,10.020,0.000000,40,0,NO,"""64,1,16;64,2,16;64,3,16;64,4,16;64,1,16;64,2,16;64,3,16;64,4,16;64,1,16;64,2,16;64,3,16;64,4,16;64,1,16;64,2,16;64,3,16;64,4,16;64,1,16;64,2,16;64,3,16;64,4,16;64,1,16;64,2,16;64,3,16;64,4,16;64,1,16;64,2,16;64,3,16;64,4,16;64,1,16;64,2,16;64,3,16;64,4,16;64,1,16;64,2,16;64,3,16;64,4,16;64,1,16;64,2,16;64,3,16;64,4,16;64,1,16;64,2,16;64,3,16;64,4,16;64,1,16;64,2,16;64,3,16;64,4,16;64,1,16;64,2,16;64,3,16;64,4,16;64,1,16;64,2,16;64,3,16;64,4,16;64,1,16;64,2,16;64,3,16;64,4,16;64,1,16;64,2,16;64,3,16;64,4,16""",FLOAT16;FLOAT16;FLOAT16;FLOAT16;FLOAT16;FLOAT16;FLOAT16;FLOAT16;FLOAT16;FLOAT16;FLOAT16;FLOAT16;FLOAT16;FLOAT16;FLOAT16;FLOAT16;FLOAT16;FLOAT16;FLOAT16;FLOAT16;FLOAT16;FLOAT16;FLOAT16;FLOAT16;FLOAT16;FLOAT16;FLOAT16;FLOAT16;FLOAT16;FLOAT16;FLOAT16;FLOAT16;FLOAT16;FLOAT16;FLOAT16;FLOAT16;FLOAT16;FLOAT16;FLOAT16;FLOAT16;FLOAT16;FLOAT16;FLOAT16;FLOAT16;FLOAT16;FLOAT16;FLOAT16;FLOAT16;FLOAT16;FLOAT16;FLOAT16;FLOAT16;FLOAT16;FLOAT16;FLOAT16;FLOAT16;FLOAT16;FLOAT16;FLOAT16;FLOAT16;FLOAT16;FLOAT16;FLOAT16;FLOAT16,ND;ND;ND;ND;ND;ND;ND;ND;ND;ND;ND;ND;ND;ND;ND;ND;ND;ND;ND;ND;ND;ND;ND;ND;ND;ND;ND;ND;ND;ND;ND;ND;ND;ND;ND;ND;ND;ND;ND;ND;ND;ND;ND;ND;ND;ND;ND;ND;ND;ND;ND;ND;ND;ND;ND;ND;ND;ND;ND;ND;ND;ND;ND;ND,"""64,160,16""",FLOAT16,ND,N/A,0.0,0,0.0,0.0,0.0,0.0,0.0,0.0,0.0,0.0,0.0,0.0,0.0,7.545,497937,0.017,0.002,3.616,0.479,3.232,0.428,1.056,0.14,0.0,0.000
0,4294967295,472,47,aclnnMul_MulAiCore_Mul,Mul,dynamic,AI_VECTOR_CORE,1785698519237959.644	,327.747,0.230000,40,0,NO,"""4096,4096;4096,4096""",FLOAT;FLOAT,ND;ND,"""4096,4096""",FLOAT,ND,N/A,0.0,0,0.0,0.0,0.0,0.0,0.0,0.0,0.0,0.0,0.0,0.0,0.0,325.726,21497897,6.784,0.021,2.909,0.009,324.249,0.995,110.178,0.338,0.0,0.000
0,4294967295,473,47,Concat,Concat,dynamic,AI_VECTOR_CORE,1785698519238287.411	,11.560,0.003000,40,0,NO,"""64,1,16;64,2,16;64,3,16;64,4,16;64,1,16;64,2,16;64,3,16;64,4,16;64,1,16;64,2,16;64,3,16;64,4,16;64,1,16;64,2,16;64,3,16;64,4,16;64,1,16;64,2,16;64,3,16;64,4,16;64,1,16;64,2,16;64,3,16;64,4,16;64,1,16;64,2,16;64,3,16;64,4,16;64,1,16;64,2,16;64,3,16;64,4,16;64,1,16;64,2,16;64,3,16;64,4,16;64,1,16;64,2,16;64,3,16;64,4,16;64,1,16;64,2,16;64,3,16;64,4,16;64,1,16;64,2,16;64,3,16;64,4,16;64,1,16;64,2,16;64,3,16;64,4,16;64,1,16;64,2,16;64,3,16;64,4,16;64,1,16;64,2,16;64,3,16;64,4,16;64,1,16;64,2,16;64,3,16;64,4,16""",FLOAT16;FLOAT16;FLOAT16;FLOAT16;FLOAT16;FLOAT16;FLOAT16;FLOAT16;FLOAT16;FLOAT16;FLOAT16;FLOAT16;FLOAT16;FLOAT16;FLOAT16;FLOAT16;FLOAT16;FLOAT16;FLOAT16;FLOAT16;FLOAT16;FLOAT16;FLOAT16;FLOAT16;FLOAT16;FLOAT16;FLOAT16;FLOAT16;FLOAT16;FLOAT16;FLOAT16;FLOAT16;FLOAT16;FLOAT16;FLOAT16;FLOAT16;FLOAT16;FLOAT16;FLOAT16;FLOAT16;FLOAT16;FLOAT16;FLOAT16;FLOAT16;FLOAT16;FLOAT16;FLOAT16;FLOAT16;FLOAT16;FLOAT16;FLOAT16;FLOAT16;FLOAT16;FLOAT16;FLOAT16;FLOAT16;FLOAT16;FLOAT16;FLOAT16;FLOAT16;FLOAT16;FLOAT16;FLOAT16;FLOAT16,ND;ND;ND;ND;ND;ND;ND;ND;ND;ND;ND;ND;ND;ND;ND;ND;ND;ND;ND;ND;ND;ND;ND;ND;ND;ND;ND;ND;ND;ND;ND;ND;ND;ND;ND;ND;ND;ND;ND;ND;ND;ND;ND;ND;ND;ND;ND;ND;ND;ND;ND;ND;ND;ND;ND;ND;ND;ND;ND;ND;ND;ND;ND;ND,"""64,160,16""",FLOAT16,ND,N/A,0.0,0,0.0,0.0,0.0,0.0,0.0,0.0,0.0,0.0,0.0,0.0,0.0,9.54,629640,0.017,0.002,5.154,0.54,3.88,0.407,1.116,0.117,0.0,0.000
0,4294967295,474,47,aclnnMul_MulAiCore_Mul,Mul,dynamic,AI_VECTOR_CORE,1785698519238299.011	,327.387,0.000000,40,0,NO,"""4096,4096;4096,4096""",FLOAT;FLOAT,ND;ND,"""4096,4096""",FLOAT,ND,N/A,0.0,0,0.0,0.0,0.0,0.0,0.0,0.0,0.0,0.0,0.0,0.0,0.0,325.293,21469306,6.784,0.021,3.011,0.009,323.765,0.995,108.848,0.335,0.0,0.000
0,4294967295,475,47,Concat,Concat,dynamic,AI_VECTOR_CORE,1785698519238626.418	,10.840,0.113000,40,0,NO,"""64,1,16;64,2,16;64,3,16;64,4,16;64,1,16;64,2,16;64,3,16;64,4,16;64,1,16;64,2,16;64,3,16;64,4,16;64,1,16;64,2,16;64,3,16;64,4,16;64,1,16;64,2,16;64,3,16;64,4,16;64,1,16;64,2,16;64,3,16;64,4,16;64,1,16;64,2,16;64,3,16;64,4,16;64,1,16;64,2,16;64,3,16;64,4,16;64,1,16;64,2,16;64,3,16;64,4,16;64,1,16;64,2,16;64,3,16;64,4,16;64,1,16;64,2,16;64,3,16;64,4,16;64,1,16;64,2,16;64,3,16;64,4,16;64,1,16;64,2,16;64,3,16;64,4,16;64,1,16;64,2,16;64,3,16;64,4,16;64,1,16;64,2,16;64,3,16;64,4,16;64,1,16;64,2,16;64,3,16;64,4,16""",FLOAT16;FLOAT16;FLOAT16;FLOAT16;FLOAT16;FLOAT16;FLOAT16;FLOAT16;FLOAT16;FLOAT16;FLOAT16;FLOAT16;FLOAT16;FLOAT16;FLOAT16;FLOAT16;FLOAT16;FLOAT16;FLOAT16;FLOAT16;FLOAT16;FLOAT16;FLOAT16;FLOAT16;FLOAT16;FLOAT16;FLOAT16;FLOAT16;FLOAT16;FLOAT16;FLOAT16;FLOAT16;FLOAT16;FLOAT16;FLOAT16;FLOAT16;FLOAT16;FLOAT16;FLOAT16;FLOAT16;FLOAT16;FLOAT16;FLOAT16;FLOAT16;FLOAT16;FLOAT16;FLOAT16;FLOAT16;FLOAT16;FLOAT16;FLOAT16;FLOAT16;FLOAT16;FLOAT16;FLOAT16;FLOAT16;FLOAT16;FLOAT16;FLOAT16;FLOAT16;FLOAT16;FLOAT16;FLOAT16;FLOAT16,ND;ND;ND;ND;ND;ND;ND;ND;ND;ND;ND;ND;ND;ND;ND;ND;ND;ND;ND;ND;ND;ND;ND;ND;ND;ND;ND;ND;ND;ND;ND;ND;ND;ND;ND;ND;ND;ND;ND;ND;ND;ND;ND;ND;ND;ND;ND;ND;ND;ND;ND;ND;ND;ND;ND;ND;ND;ND;ND;ND;ND;ND;ND;ND,"""64,160,16""",FLOAT16,ND,N/A,0.0,0,0.0,0.0,0.0,0.0,0.0,0.0,0.0,0.0,0.0,0.0,0.0,8.408,554933,0.017,0.002,3.898,0.464,3.681,0.438,1.194,0.142,0.0,0.000
0,4294967295,476,47,aclnnMul_MulAiCore_Mul,Mul,dynamic,AI_VECTOR_CORE,1785698519238637.278	,327.527,0.000000,40,0,NO,"""4096,4096;4096,4096""",FLOAT;FLOAT,ND;ND,"""4096,4096""",FLOAT,ND,N/A,0.0,0,0.0,0.0,0.0,0.0,0.0,0.0,0.0,0.0,0.0,0.0,0.0,325.71,21496876,6.784,0.021,2.95,0.009,324.244,0.995,108.732,0.334,0.0,0.000
0,4294967295,477,47,Concat,Concat,dynamic,AI_VECTOR_CORE,1785698519238964.825	,9.080,0.000000,40,0,NO,"""64,1,16;64,2,16;64,3,16;64,4,16;64,1,16;64,2,16;64,3,16;64,4,16;64,1,16;64,2,16;64,3,16;64,4,16;64,1,16;64,2,16;64,3,16;64,4,16;64,1,16;64,2,16;64,3,16;64,4,16;64,1,16;64,2,16;64,3,16;64,4,16;64,1,16;64,2,16;64,3,16;64,4,16;64,1,16;64,2,16;64,3,16;64,4,16;64,1,16;64,2,16;64,3,16;64,4,16;64,1,16;64,2,16;64,3,16;64,4,16;64,1,16;64,2,16;64,3,16;64,4,16;64,1,16;64,2,16;64,3,16;64,4,16;64,1,16;64,2,16;64,3,16;64,4,16;64,1,16;64,2,16;64,3,16;64,4,16;64,1,16;64,2,16;64,3,16;64,4,16;64,1,16;64,2,16;64,3,16;64,4,16""",FLOAT16;FLOAT16;FLOAT16;FLOAT16;FLOAT16;FLOAT16;FLOAT16;FLOAT16;FLOAT16;FLOAT16;FLOAT16;FLOAT16;FLOAT16;FLOAT16;FLOAT16;FLOAT16;FLOAT16;FLOAT16;FLOAT16;FLOAT16;FLOAT16;FLOAT16;FLOAT16;FLOAT16;FLOAT16;FLOAT16;FLOAT16;FLOAT16;FLOAT16;FLOAT16;FLOAT16;FLOAT16;FLOAT16;FLOAT16;FLOAT16;FLOAT16;FLOAT16;FLOAT16;FLOAT16;FLOAT16;FLOAT16;FLOAT16;FLOAT16;FLOAT16;FLOAT16;FLOAT16;FLOAT16;FLOAT16;FLOAT16;FLOAT16;FLOAT16;FLOAT16;FLOAT16;FLOAT16;FLOAT16;FLOAT16;FLOAT16;FLOAT16;FLOAT16;FLOAT16;FLOAT16;FLOAT16;FLOAT16;FLOAT16,ND;ND;ND;ND;ND;ND;ND;ND;ND;ND;ND;ND;ND;ND;ND;ND;ND;ND;ND;ND;ND;ND;ND;ND;ND;ND;ND;ND;ND;ND;ND;ND;ND;ND;ND;ND;ND;ND;ND;ND;ND;ND;ND;ND;ND;ND;ND;ND;ND;ND;ND;ND;ND;ND;ND;ND;ND;ND;ND;ND;ND;ND;ND;ND,"""64,160,16""",FLOAT16,ND,N/A,0.0,0,0.0,0.0,0.0,0.0,0.0,0.0,0.0,0.0,0.0,0.0,0.0,6.955,459031,0.017,0.002,3.622,0.521,2.607,0.375,1.115,0.16,0.0,0.000
0,4294967295,478,47,aclnnMul_MulAiCore_Mul,Mul,dynamic,AI_VECTOR_CORE,1785698519238973.925	,329.026,0.170000,40,0,NO,"""4096,4096;4096,4096""",FLOAT;FLOAT,ND;ND,"""4096,4096""",FLOAT,ND,N/A,0.0,0,0.0,0.0,0.0,0.0,0.0,0.0,0.0,0.0,0.0,0.0,0.0,326.835,21571079,6.784,0.021,3.062,0.009,325.235,0.995,111.659,0.342,0.0,0.000
0,4294967295,479,47,Concat,Concat,dynamic,AI_VECTOR_CORE,1785698519239302.971	,9.420,0.000000,40,0,NO,"""64,1,16;64,2,16;64,3,16;64,4,16;64,1,16;64,2,16;64,3,16;64,4,16;64,1,16;64,2,16;64,3,16;64,4,16;64,1,16;64,2,16;64,3,16;64,4,16;64,1,16;64,2,16;64,3,16;64,4,16;64,1,16;64,2,16;64,3,16;64,4,16;64,1,16;64,2,16;64,3,16;64,4,16;64,1,16;64,2,16;64,3,16;64,4,16;64,1,16;64,2,16;64,3,16;64,4,16;64,1,16;64,2,16;64,3,16;64,4,16;64,1,16;64,2,16;64,3,16;64,4,16;64,1,16;64,2,16;64,3,16;64,4,16;64,1,16;64,2,16;64,3,16;64,4,16;64,1,16;64,2,16;64,3,16;64,4,16;64,1,16;64,2,16;64,3,16;64,4,16;64,1,16;64,2,16;64,3,16;64,4,16""",FLOAT16;FLOAT16;FLOAT16;FLOAT16;FLOAT16;FLOAT16;FLOAT16;FLOAT16;FLOAT16;FLOAT16;FLOAT16;FLOAT16;FLOAT16;FLOAT16;FLOAT16;FLOAT16;FLOAT16;FLOAT16;FLOAT16;FLOAT16;FLOAT16;FLOAT16;FLOAT16;FLOAT16;FLOAT16;FLOAT16;FLOAT16;FLOAT16;FLOAT16;FLOAT16;FLOAT16;FLOAT16;FLOAT16;FLOAT16;FLOAT16;FLOAT16;FLOAT16;FLOAT16;FLOAT16;FLOAT16;FLOAT16;FLOAT16;FLOAT16;FLOAT16;FLOAT16;FLOAT16;FLOAT16;FLOAT16;FLOAT16;FLOAT16;FLOAT16;FLOAT16;FLOAT16;FLOAT16;FLOAT16;FLOAT16;FLOAT16;FLOAT16;FLOAT16;FLOAT16;FLOAT16;FLOAT16;FLOAT16;FLOAT16,ND;ND;ND;ND;ND;ND;ND;ND;ND;ND;ND;ND;ND;ND;ND;ND;ND;ND;ND;ND;ND;ND;ND;ND;ND;ND;ND;ND;ND;ND;ND;ND;ND;ND;ND;ND;ND;ND;ND;ND;ND;ND;ND;ND;ND;ND;ND;ND;ND;ND;ND;ND;ND;ND;ND;ND;ND;ND;ND;ND;ND;ND;ND;ND,"""64,160,16""",FLOAT16,ND,N/A,0.0,0,0.0,0.0,0.0,0.0,0.0,0.0,0.0,0.0,0.0,0.0,0.0,6.965,459722,0.017,0.002,3.541,0.508,2.789,0.4,1.003,0.144,0.0,0.000
0,4294967295,480,47,aclnnMul_MulAiCore_Mul,Mul,dynamic,AI_VECTOR_CORE,1785698519239312.411	,327.047,0.080000,40,0,NO,"""4096,4096;4096,4096""",FLOAT;FLOAT,ND;ND,"""4096,4096""",FLOAT,ND,N/A,0.0,0,0.0,0.0,0.0,0.0,0.0,0.0,0.0,0.0,0.0,0.0,0.0,324.924,21445009,6.784,0.021,3.046,0.009,323.339,0.995,106.9,0.329,0.0,0.000
0,4294967295,481,47,Concat,Concat,dynamic,AI_VECTOR_CORE,1785698519239639.478	,12.100,0.000000,40,0,NO,"""64,1,16;64,2,16;64,3,16;64,4,16;64,1,16;64,2,16;64,3,16;64,4,16;64,1,16;64,2,16;64,3,16;64,4,16;64,1,16;64,2,16;64,3,16;64,4,16;64,1,16;64,2,16;64,3,16;64,4,16;64,1,16;64,2,16;64,3,16;64,4,16;64,1,16;64,2,16;64,3,16;64,4,16;64,1,16;64,2,16;64,3,16;64,4,16;64,1,16;64,2,16;64,3,16;64,4,16;64,1,16;64,2,16;64,3,16;64,4,16;64,1,16;64,2,16;64,3,16;64,4,16;64,1,16;64,2,16;64,3,16;64,4,16;64,1,16;64,2,16;64,3,16;64,4,16;64,1,16;64,2,16;64,3,16;64,4,16;64,1,16;64,2,16;64,3,16;64,4,16;64,1,16;64,2,16;64,3,16;64,4,16""",FLOAT16;FLOAT16;FLOAT16;FLOAT16;FLOAT16;FLOAT16;FLOAT16;FLOAT16;FLOAT16;FLOAT16;FLOAT16;FLOAT16;FLOAT16;FLOAT16;FLOAT16;FLOAT16;FLOAT16;FLOAT16;FLOAT16;FLOAT16;FLOAT16;FLOAT16;FLOAT16;FLOAT16;FLOAT16;FLOAT16;FLOAT16;FLOAT16;FLOAT16;FLOAT16;FLOAT16;FLOAT16;FLOAT16;FLOAT16;FLOAT16;FLOAT16;FLOAT16;FLOAT16;FLOAT16;FLOAT16;FLOAT16;FLOAT16;FLOAT16;FLOAT16;FLOAT16;FLOAT16;FLOAT16;FLOAT16;FLOAT16;FLOAT16;FLOAT16;FLOAT16;FLOAT16;FLOAT16;FLOAT16;FLOAT16;FLOAT16;FLOAT16;FLOAT16;FLOAT16;FLOAT16;FLOAT16;FLOAT16;FLOAT16,ND;ND;ND;ND;ND;ND;ND;ND;ND;ND;ND;ND;ND;ND;ND;ND;ND;ND;ND;ND;ND;ND;ND;ND;ND;ND;ND;ND;ND;ND;ND;ND;ND;ND;ND;ND;ND;ND;ND;ND;ND;ND;ND;ND;ND;ND;ND;ND;ND;ND;ND;ND;ND;ND;ND;ND;ND;ND;ND;ND;ND;ND;ND;ND,"""64,160,16""",FLOAT16,ND,N/A,0.0,0,0.0,0.0,0.0,0.0,0.0,0.0,0.0,0.0,0.0,0.0,0.0,9.16,604557,0.017,0.002,4.14,0.452,4.502,0.492,1.132,0.124,0.0,0.000
0,4294967295,482,47,aclnnMul_MulAiCore_Mul,Mul,dynamic,AI_VECTOR_CORE,1785698519239651.618	,327.207,0.000000,40,0,NO,"""4096,4096;4096,4096""",FLOAT;FLOAT,ND;ND,"""4096,4096""",FLOAT,ND,N/A,0.0,0,0.0,0.0,0.0,0.0,0.0,0.0,0.0,0.0,0.0,0.0,0.0,324.801,21436844,6.784,0.021,3.11,0.01,323.156,0.995,109.701,0.338,0.0,0.000
0,4294967295,483,47,Concat,Concat,dynamic,AI_VECTOR_CORE,1785698519239978.845	,11.720,0.043000,40,0,NO,"""64,1,16;64,2,16;64,3,16;64,4,16;64,1,16;64,2,16;64,3,16;64,4,16;64,1,16;64,2,16;64,3,16;64,4,16;64,1,16;64,2,16;64,3,16;64,4,16;64,1,16;64,2,16;64,3,16;64,4,16;64,1,16;64,2,16;64,3,16;64,4,16;64,1,16;64,2,16;64,3,16;64,4,16;64,1,16;64,2,16;64,3,16;64,4,16;64,1,16;64,2,16;64,3,16;64,4,16;64,1,16;64,2,16;64,3,16;64,4,16;64,1,16;64,2,16;64,3,16;64,4,16;64,1,16;64,2,16;64,3,16;64,4,16;64,1,16;64,2,16;64,3,16;64,4,16;64,1,16;64,2,16;64,3,16;64,4,16;64,1,16;64,2,16;64,3,16;64,4,16;64,1,16;64,2,16;64,3,16;64,4,16""",FLOAT16;FLOAT16;FLOAT16;FLOAT16;FLOAT16;FLOAT16;FLOAT16;FLOAT16;FLOAT16;FLOAT16;FLOAT16;FLOAT16;FLOAT16;FLOAT16;FLOAT16;FLOAT16;FLOAT16;FLOAT16;FLOAT16;FLOAT16;FLOAT16;FLOAT16;FLOAT16;FLOAT16;FLOAT16;FLOAT16;FLOAT16;FLOAT16;FLOAT16;FLOAT16;FLOAT16;FLOAT16;FLOAT16;FLOAT16;FLOAT16;FLOAT16;FLOAT16;FLOAT16;FLOAT16;FLOAT16;FLOAT16;FLOAT16;FLOAT16;FLOAT16;FLOAT16;FLOAT16;FLOAT16;FLOAT16;FLOAT16;FLOAT16;FLOAT16;FLOAT16;FLOAT16;FLOAT16;FLOAT16;FLOAT16;FLOAT16;FLOAT16;FLOAT16;FLOAT16;FLOAT16;FLOAT16;FLOAT16;FLOAT16,ND;ND;ND;ND;ND;ND;ND;ND;ND;ND;ND;ND;ND;ND;ND;ND;ND;ND;ND;ND;ND;ND;ND;ND;ND;ND;ND;ND;ND;ND;ND;ND;ND;ND;ND;ND;ND;ND;ND;ND;ND;ND;ND;ND;ND;ND;ND;ND;ND;ND;ND;ND;ND;ND;ND;ND;ND;ND;ND;ND;ND;ND;ND;ND,"""64,160,16""",FLOAT16,ND,N/A,0.0,0,0.0,0.0,0.0,0.0,0.0,0.0,0.0,0.0,0.0,0.0,0.0,8.622,569052,0.017,0.002,3.608,0.419,4.144,0.481,1.174,0.136,0.0,0.000
0,4294967295,484,47,aclnnMul_MulAiCore_Mul,Mul,dynamic,AI_VECTOR_CORE,1785698519239990.585	,328.007,0.030000,40,0,NO,"""4096,4096;4096,4096""",FLOAT;FLOAT,ND;ND,"""4096,4096""",FLOAT,ND,N/A,0.0,0,0.0,0.0,0.0,0.0,0.0,0.0,0.0,0.0,0.0,0.0,0.0,325.534,21485252,6.784,0.021,3.009,0.009,323.994,0.995,108.552,0.333,0.0,0.000
0,4294967295,485,47,Concat,Concat,dynamic,AI_VECTOR_CORE,1785698519240318.612	,10.320,0.000000,40,0,NO,"""64,1,16;64,2,16;64,3,16;64,4,16;64,1,16;64,2,16;64,3,16;64,4,16;64,1,16;64,2,16;64,3,16;64,4,16;64,1,16;64,2,16;64,3,16;64,4,16;64,1,16;64,2,16;64,3,16;64,4,16;64,1,16;64,2,16;64,3,16;64,4,16;64,1,16;64,2,16;64,3,16;64,4,16;64,1,16;64,2,16;64,3,16;64,4,16;64,1,16;64,2,16;64,3,16;64,4,16;64,1,16;64,2,16;64,3,16;64,4,16;64,1,16;64,2,16;64,3,16;64,4,16;64,1,16;64,2,16;64,3,16;64,4,16;64,1,16;64,2,16;64,3,16;64,4,16;64,1,16;64,2,16;64,3,16;64,4,16;64,1,16;64,2,16;64,3,16;64,4,16;64,1,16;64,2,16;64,3,16;64,4,16""",FLOAT16;FLOAT16;FLOAT16;FLOAT16;FLOAT16;FLOAT16;FLOAT16;FLOAT16;FLOAT16;FLOAT16;FLOAT16;FLOAT16;FLOAT16;FLOAT16;FLOAT16;FLOAT16;FLOAT16;FLOAT16;FLOAT16;FLOAT16;FLOAT16;FLOAT16;FLOAT16;FLOAT16;FLOAT16;FLOAT16;FLOAT16;FLOAT16;FLOAT16;FLOAT16;FLOAT16;FLOAT16;FLOAT16;FLOAT16;FLOAT16;FLOAT16;FLOAT16;FLOAT16;FLOAT16;FLOAT16;FLOAT16;FLOAT16;FLOAT16;FLOAT16;FLOAT16;FLOAT16;FLOAT16;FLOAT16;FLOAT16;FLOAT16;FLOAT16;FLOAT16;FLOAT16;FLOAT16;FLOAT16;FLOAT16;FLOAT16;FLOAT16;FLOAT16;FLOAT16;FLOAT16;FLOAT16;FLOAT16;FLOAT16,ND;ND;ND;ND;ND;ND;ND;ND;ND;ND;ND;ND;ND;ND;ND;ND;ND;ND;ND;ND;ND;ND;ND;ND;ND;ND;ND;ND;ND;ND;ND;ND;ND;ND;ND;ND;ND;ND;ND;ND;ND;ND;ND;ND;ND;ND;ND;ND;ND;ND;ND;ND;ND;ND;ND;ND;ND;ND;ND;ND;ND;ND;ND;ND,"""64,160,16""",FLOAT16,ND,N/A,0.0,0,0.0,0.0,0.0,0.0,0.0,0.0,0.0,0.0,0.0,0.0,0.0,7.93,523376,0.017,0.002,3.752,0.473,3.602,0.454,1.076,0.136,0.0,0.000
0,4294967295,486,47,aclnnMul_MulAiCore_Mul,Mul,dynamic,AI_VECTOR_CORE,1785698519240328.972	,327.326,0.180000,40,0,NO,"""4096,4096;4096,4096""",FLOAT;FLOAT,ND;ND,"""4096,4096""",FLOAT,ND,N/A,0.0,0,0.0,0.0,0.0,0.0,0.0,0.0,0.0,0.0,0.0,0.0,0.0,325.242,21465957,6.784,0.021,3.107,0.01,323.589,0.995,109.14,0.336,0.0,0.000
0,4294967295,487,47,Concat,Concat,dynamic,AI_VECTOR_CORE,1785698519240656.318	,10.561,0.000000,40,0,NO,"""64,1,16;64,2,16;64,3,16;64,4,16;64,1,16;64,2,16;64,3,16;64,4,16;64,1,16;64,2,16;64,3,16;64,4,16;64,1,16;64,2,16;64,3,16;64,4,16;64,1,16;64,2,16;64,3,16;64,4,16;64,1,16;64,2,16;64,3,16;64,4,16;64,1,16;64,2,16;64,3,16;64,4,16;64,1,16;64,2,16;64,3,16;64,4,16;64,1,16;64,2,16;64,3,16;64,4,16;64,1,16;64,2,16;64,3,16;64,4,16;64,1,16;64,2,16;64,3,16;64,4,16;64,1,16;64,2,16;64,3,16;64,4,16;64,1,16;64,2,16;64,3,16;64,4,16;64,1,16;64,2,16;64,3,16;64,4,16;64,1,16;64,2,16;64,3,16;64,4,16;64,1,16;64,2,16;64,3,16;64,4,16""",FLOAT16;FLOAT16;FLOAT16;FLOAT16;FLOAT16;FLOAT16;FLOAT16;FLOAT16;FLOAT16;FLOAT16;FLOAT16;FLOAT16;FLOAT16;FLOAT16;FLOAT16;FLOAT16;FLOAT16;FLOAT16;FLOAT16;FLOAT16;FLOAT16;FLOAT16;FLOAT16;FLOAT16;FLOAT16;FLOAT16;FLOAT16;FLOAT16;FLOAT16;FLOAT16;FLOAT16;FLOAT16;FLOAT16;FLOAT16;FLOAT16;FLOAT16;FLOAT16;FLOAT16;FLOAT16;FLOAT16;FLOAT16;FLOAT16;FLOAT16;FLOAT16;FLOAT16;FLOAT16;FLOAT16;FLOAT16;FLOAT16;FLOAT16;FLOAT16;FLOAT16;FLOAT16;FLOAT16;FLOAT16;FLOAT16;FLOAT16;FLOAT16;FLOAT16;FLOAT16;FLOAT16;FLOAT16;FLOAT16;FLOAT16,ND;ND;ND;ND;ND;ND;ND;ND;ND;ND;ND;ND;ND;ND;ND;ND;ND;ND;ND;ND;ND;ND;ND;ND;ND;ND;ND;ND;ND;ND;ND;ND;ND;ND;ND;ND;ND;ND;ND;ND;ND;ND;ND;ND;ND;ND;ND;ND;ND;ND;ND;ND;ND;ND;ND;ND;ND;ND;ND;ND;ND;ND;ND;ND,"""64,160,16""",FLOAT16,ND,N/A,0.0,0,0.0,0.0,0.0,0.0,0.0,0.0,0.0,0.0,0.0,0.0,0.0,7.843,517652,0.017,0.002,3.737,0.476,3.403,0.434,1.021,0.13,0.0,0.000
0,4294967295,488,47,aclnnMul_MulAiCore_Mul,Mul,dynamic,AI_VECTOR_CORE,1785698519240666.899	,327.746,0.189000,40,0,NO,"""4096,4096;4096,4096""",FLOAT;FLOAT,ND;ND,"""4096,4096""",FLOAT,ND,N/A,0.0,0,0.0,0.0,0.0,0.0,0.0,0.0,0.0,0.0,0.0,0.0,0.0,325.349,21473022,6.784,0.021,2.933,0.009,323.864,0.995,110.133,0.339,0.0,0.000
0,4294967295,489,47,Concat,Concat,dynamic,AI_VECTOR_CORE,1785698519240994.665	,11.520,0.004000,40,0,NO,"""64,1,16;64,2,16;64,3,16;64,4,16;64,1,16;64,2,16;64,3,16;64,4,16;64,1,16;64,2,16;64,3,16;64,4,16;64,1,16;64,2,16;64,3,16;64,4,16;64,1,16;64,2,16;64,3,16;64,4,16;64,1,16;64,2,16;64,3,16;64,4,16;64,1,16;64,2,16;64,3,16;64,4,16;64,1,16;64,2,16;64,3,16;64,4,16;64,1,16;64,2,16;64,3,16;64,4,16;64,1,16;64,2,16;64,3,16;64,4,16;64,1,16;64,2,16;64,3,16;64,4,16;64,1,16;64,2,16;64,3,16;64,4,16;64,1,16;64,2,16;64,3,16;64,4,16;64,1,16;64,2,16;64,3,16;64,4,16;64,1,16;64,2,16;64,3,16;64,4,16;64,1,16;64,2,16;64,3,16;64,4,16""",FLOAT16;FLOAT16;FLOAT16;FLOAT16;FLOAT16;FLOAT16;FLOAT16;FLOAT16;FLOAT16;FLOAT16;FLOAT16;FLOAT16;FLOAT16;FLOAT16;FLOAT16;FLOAT16;FLOAT16;FLOAT16;FLOAT16;FLOAT16;FLOAT16;FLOAT16;FLOAT16;FLOAT16;FLOAT16;FLOAT16;FLOAT16;FLOAT16;FLOAT16;FLOAT16;FLOAT16;FLOAT16;FLOAT16;FLOAT16;FLOAT16;FLOAT16;FLOAT16;FLOAT16;FLOAT16;FLOAT16;FLOAT16;FLOAT16;FLOAT16;FLOAT16;FLOAT16;FLOAT16;FLOAT16;FLOAT16;FLOAT16;FLOAT16;FLOAT16;FLOAT16;FLOAT16;FLOAT16;FLOAT16;FLOAT16;FLOAT16;FLOAT16;FLOAT16;FLOAT16;FLOAT16;FLOAT16;FLOAT16;FLOAT16,ND;ND;ND;ND;ND;ND;ND;ND;ND;ND;ND;ND;ND;ND;ND;ND;ND;ND;ND;ND;ND;ND;ND;ND;ND;ND;ND;ND;ND;ND;ND;ND;ND;ND;ND;ND;ND;ND;ND;ND;ND;ND;ND;ND;ND;ND;ND;ND;ND;ND;ND;ND;ND;ND;ND;ND;ND;ND;ND;ND;ND;ND;ND;ND,"""64,160,16""",FLOAT16,ND,N/A,0.0,0,0.0,0.0,0.0,0.0,0.0,0.0,0.0,0.0,0.0,0.0,0.0,9.189,606487,0.017,0.002,4.788,0.521,3.839,0.418,1.094,0.119,0.0,0.000
0,4294967295,490,47,aclnnMul_MulAiCore_Mul,Mul,dynamic,AI_VECTOR_CORE,1785698519241006.225	,327.027,0.000000,40,0,NO,"""4096,4096;4096,4096""",FLOAT;FLOAT,ND;ND,"""4096,4096""",FLOAT,ND,N/A,0.0,0,0.0,0.0,0.0,0.0,0.0,0.0,0.0,0.0,0.0,0.0,0.0,324.549,21420230,6.784,0.021,3.044,0.009,322.912,0.995,108.047,0.333,0.0,0.000
0,4294967295,491,47,Concat,Concat,dynamic,AI_VECTOR_CORE,1785698519241333.272	,11.200,0.000000,40,0,NO,"""64,1,16;64,2,16;64,3,16;64,4,16;64,1,16;64,2,16;64,3,16;64,4,16;64,1,16;64,2,16;64,3,16;64,4,16;64,1,16;64,2,16;64,3,16;64,4,16;64,1,16;64,2,16;64,3,16;64,4,16;64,1,16;64,2,16;64,3,16;64,4,16;64,1,16;64,2,16;64,3,16;64,4,16;64,1,16;64,2,16;64,3,16;64,4,16;64,1,16;64,2,16;64,3,16;64,4,16;64,1,16;64,2,16;64,3,16;64,4,16;64,1,16;64,2,16;64,3,16;64,4,16;64,1,16;64,2,16;64,3,16;64,4,16;64,1,16;64,2,16;64,3,16;64,4,16;64,1,16;64,2,16;64,3,16;64,4,16;64,1,16;64,2,16;64,3,16;64,4,16;64,1,16;64,2,16;64,3,16;64,4,16""",FLOAT16;FLOAT16;FLOAT16;FLOAT16;FLOAT16;FLOAT16;FLOAT16;FLOAT16;FLOAT16;FLOAT16;FLOAT16;FLOAT16;FLOAT16;FLOAT16;FLOAT16;FLOAT16;FLOAT16;FLOAT16;FLOAT16;FLOAT16;FLOAT16;FLOAT16;FLOAT16;FLOAT16;FLOAT16;FLOAT16;FLOAT16;FLOAT16;FLOAT16;FLOAT16;FLOAT16;FLOAT16;FLOAT16;FLOAT16;FLOAT16;FLOAT16;FLOAT16;FLOAT16;FLOAT16;FLOAT16;FLOAT16;FLOAT16;FLOAT16;FLOAT16;FLOAT16;FLOAT16;FLOAT16;FLOAT16;FLOAT16;FLOAT16;FLOAT16;FLOAT16;FLOAT16;FLOAT16;FLOAT16;FLOAT16;FLOAT16;FLOAT16;FLOAT16;FLOAT16;FLOAT16;FLOAT16;FLOAT16;FLOAT16,ND;ND;ND;ND;ND;ND;ND;ND;ND;ND;ND;ND;ND;ND;ND;ND;ND;ND;ND;ND;ND;ND;ND;ND;ND;ND;ND;ND;ND;ND;ND;ND;ND;ND;ND;ND;ND;ND;ND;ND;ND;ND;ND;ND;ND;ND;ND;ND;ND;ND;ND;ND;ND;ND;ND;ND;ND;ND;ND;ND;ND;ND;ND;ND,"""64,160,16""",FLOAT16,ND,N/A,0.0,0,0.0,0.0,0.0,0.0,0.0,0.0,0.0,0.0,0.0,0.0,0.0,8.637,570042,0.017,0.002,4.184,0.484,3.859,0.447,1.046,0.121,0.0,0.000
0,4294967295,492,47,aclnnMul_MulAiCore_Mul,Mul,dynamic,AI_VECTOR_CORE,1785698519241344.492	,328.027,0.050000,40,0,NO,"""4096,4096;4096,4096""",FLOAT;FLOAT,ND;ND,"""4096,4096""",FLOAT,ND,N/A,0.0,0,0.0,0.0,0.0,0.0,0.0,0.0,0.0,0.0,0.0,0.0,0.0,326.138,21525099,6.784,0.021,2.952,0.009,324.647,0.995,109.415,0.335,0.0,0.000
0,4294967295,493,47,Concat,Concat,dynamic,AI_VECTOR_CORE,1785698519241672.539	,9.620,0.000000,40,0,NO,"""64,1,16;64,2,16;64,3,16;64,4,16;64,1,16;64,2,16;64,3,16;64,4,16;64,1,16;64,2,16;64,3,16;64,4,16;64,1,16;64,2,16;64,3,16;64,4,16;64,1,16;64,2,16;64,3,16;64,4,16;64,1,16;64,2,16;64,3,16;64,4,16;64,1,16;64,2,16;64,3,16;64,4,16;64,1,16;64,2,16;64,3,16;64,4,16;64,1,16;64,2,16;64,3,16;64,4,16;64,1,16;64,2,16;64,3,16;64,4,16;64,1,16;64,2,16;64,3,16;64,4,16;64,1,16;64,2,16;64,3,16;64,4,16;64,1,16;64,2,16;64,3,16;64,4,16;64,1,16;64,2,16;64,3,16;64,4,16;64,1,16;64,2,16;64,3,16;64,4,16;64,1,16;64,2,16;64,3,16;64,4,16""",FLOAT16;FLOAT16;FLOAT16;FLOAT16;FLOAT16;FLOAT16;FLOAT16;FLOAT16;FLOAT16;FLOAT16;FLOAT16;FLOAT16;FLOAT16;FLOAT16;FLOAT16;FLOAT16;FLOAT16;FLOAT16;FLOAT16;FLOAT16;FLOAT16;FLOAT16;FLOAT16;FLOAT16;FLOAT16;FLOAT16;FLOAT16;FLOAT16;FLOAT16;FLOAT16;FLOAT16;FLOAT16;FLOAT16;FLOAT16;FLOAT16;FLOAT16;FLOAT16;FLOAT16;FLOAT16;FLOAT16;FLOAT16;FLOAT16;FLOAT16;FLOAT16;FLOAT16;FLOAT16;FLOAT16;FLOAT16;FLOAT16;FLOAT16;FLOAT16;FLOAT16;FLOAT16;FLOAT16;FLOAT16;FLOAT16;FLOAT16;FLOAT16;FLOAT16;FLOAT16;FLOAT16;FLOAT16;FLOAT16;FLOAT16,ND;ND;ND;ND;ND;ND;ND;ND;ND;ND;ND;ND;ND;ND;ND;ND;ND;ND;ND;ND;ND;ND;ND;ND;ND;ND;ND;ND;ND;ND;ND;ND;ND;ND;ND;ND;ND;ND;ND;ND;ND;ND;ND;ND;ND;ND;ND;ND;ND;ND;ND;ND;ND;ND;ND;ND;ND;ND;ND;ND;ND;ND;ND;ND,"""64,160,16""",FLOAT16,ND,N/A,0.0,0,0.0,0.0,0.0,0.0,0.0,0.0,0.0,0.0,0.0,0.0,0.0,7.128,470464,0.017,0.002,3.556,0.499,2.869,0.402,1.043,0.146,0.0,0.000
0,4294967295,494,47,aclnnMul_MulAiCore_Mul,Mul,dynamic,AI_VECTOR_CORE,1785698519241682.179	,327.266,0.130000,40,0,NO,"""4096,4096;4096,4096""",FLOAT;FLOAT,ND;ND,"""4096,4096""",FLOAT,ND,N/A,0.0,0,0.0,0.0,0.0,0.0,0.0,0.0,0.0,0.0,0.0,0.0,0.0,325.209,21463787,6.784,0.021,3.025,0.009,323.617,0.995,109.543,0.337,0.0,0.000
0,4294967295,495,47,Concat,Concat,dynamic,AI_VECTOR_CORE,1785698519242009.465	,9.001,0.000000,40,0,NO,"""64,1,16;64,2,16;64,3,16;64,4,16;64,1,16;64,2,16;64,3,16;64,4,16;64,1,16;64,2,16;64,3,16;64,4,16;64,1,16;64,2,16;64,3,16;64,4,16;64,1,16;64,2,16;64,3,16;64,4,16;64,1,16;64,2,16;64,3,16;64,4,16;64,1,16;64,2,16;64,3,16;64,4,16;64,1,16;64,2,16;64,3,16;64,4,16;64,1,16;64,2,16;64,3,16;64,4,16;64,1,16;64,2,16;64,3,16;64,4,16;64,1,16;64,2,16;64,3,16;64,4,16;64,1,16;64,2,16;64,3,16;64,4,16;64,1,16;64,2,16;64,3,16;64,4,16;64,1,16;64,2,16;64,3,16;64,4,16;64,1,16;64,2,16;64,3,16;64,4,16;64,1,16;64,2,16;64,3,16;64,4,16""",FLOAT16;FLOAT16;FLOAT16;FLOAT16;FLOAT16;FLOAT16;FLOAT16;FLOAT16;FLOAT16;FLOAT16;FLOAT16;FLOAT16;FLOAT16;FLOAT16;FLOAT16;FLOAT16;FLOAT16;FLOAT16;FLOAT16;FLOAT16;FLOAT16;FLOAT16;FLOAT16;FLOAT16;FLOAT16;FLOAT16;FLOAT16;FLOAT16;FLOAT16;FLOAT16;FLOAT16;FLOAT16;FLOAT16;FLOAT16;FLOAT16;FLOAT16;FLOAT16;FLOAT16;FLOAT16;FLOAT16;FLOAT16;FLOAT16;FLOAT16;FLOAT16;FLOAT16;FLOAT16;FLOAT16;FLOAT16;FLOAT16;FLOAT16;FLOAT16;FLOAT16;FLOAT16;FLOAT16;FLOAT16;FLOAT16;FLOAT16;FLOAT16;FLOAT16;FLOAT16;FLOAT16;FLOAT16;FLOAT16;FLOAT16,ND;ND;ND;ND;ND;ND;ND;ND;ND;ND;ND;ND;ND;ND;ND;ND;ND;ND;ND;ND;ND;ND;ND;ND;ND;ND;ND;ND;ND;ND;ND;ND;ND;ND;ND;ND;ND;ND;ND;ND;ND;ND;ND;ND;ND;ND;ND;ND;ND;ND;ND;ND;ND;ND;ND;ND;ND;ND;ND;ND;ND;ND;ND;ND,"""64,160,16""",FLOAT16,ND,N/A,0.0,0,0.0,0.0,0.0,0.0,0.0,0.0,0.0,0.0,0.0,0.0,0.0,6.835,451098,0.017,0.002,3.601,0.527,2.651,0.388,0.993,0.145,0.0,0.000
0,4294967295,496,47,aclnnMul_MulAiCore_Mul,Mul,dynamic,AI_VECTOR_CORE,1785698519242018.486	,327.666,0.000000,40,0,NO,"""4096,4096;4096,4096""",FLOAT;FLOAT,ND;ND,"""4096,4096""",FLOAT,ND,N/A,0.0,0,0.0,0.0,0.0,0.0,0.0,0.0,0.0,0.0,0.0,0.0,0.0,325.268,21467657,6.784,0.021,3.152,0.01,323.563,0.995,108.112,0.332,0.0,0.000
0,4294967295,497,47,Concat,Concat,dynamic,AI_VECTOR_CORE,1785698519242346.192	,12.880,0.084000,40,0,NO,"""64,1,16;64,2,16;64,3,16;64,4,16;64,1,16;64,2,16;64,3,16;64,4,16;64,1,16;64,2,16;64,3,16;64,4,16;64,1,16;64,2,16;64,3,16;64,4,16;64,1,16;64,2,16;64,3,16;64,4,16;64,1,16;64,2,16;64,3,16;64,4,16;64,1,16;64,2,16;64,3,16;64,4,16;64,1,16;64,2,16;64,3,16;64,4,16;64,1,16;64,2,16;64,3,16;64,4,16;64,1,16;64,2,16;64,3,16;64,4,16;64,1,16;64,2,16;64,3,16;64,4,16;64,1,16;64,2,16;64,3,16;64,4,16;64,1,16;64,2,16;64,3,16;64,4,16;64,1,16;64,2,16;64,3,16;64,4,16;64,1,16;64,2,16;64,3,16;64,4,16;64,1,16;64,2,16;64,3,16;64,4,16""",FLOAT16;FLOAT16;FLOAT16;FLOAT16;FLOAT16;FLOAT16;FLOAT16;FLOAT16;FLOAT16;FLOAT16;FLOAT16;FLOAT16;FLOAT16;FLOAT16;FLOAT16;FLOAT16;FLOAT16;FLOAT16;FLOAT16;FLOAT16;FLOAT16;FLOAT16;FLOAT16;FLOAT16;FLOAT16;FLOAT16;FLOAT16;FLOAT16;FLOAT16;FLOAT16;FLOAT16;FLOAT16;FLOAT16;FLOAT16;FLOAT16;FLOAT16;FLOAT16;FLOAT16;FLOAT16;FLOAT16;FLOAT16;FLOAT16;FLOAT16;FLOAT16;FLOAT16;FLOAT16;FLOAT16;FLOAT16;FLOAT16;FLOAT16;FLOAT16;FLOAT16;FLOAT16;FLOAT16;FLOAT16;FLOAT16;FLOAT16;FLOAT16;FLOAT16;FLOAT16;FLOAT16;FLOAT16;FLOAT16;FLOAT16,ND;ND;ND;ND;ND;ND;ND;ND;ND;ND;ND;ND;ND;ND;ND;ND;ND;ND;ND;ND;ND;ND;ND;ND;ND;ND;ND;ND;ND;ND;ND;ND;ND;ND;ND;ND;ND;ND;ND;ND;ND;ND;ND;ND;ND;ND;ND;ND;ND;ND;ND;ND;ND;ND;ND;ND;ND;ND;ND;ND;ND;ND;ND;ND,"""64,160,16""",FLOAT16,ND,N/A,0.0,0,0.0,0.0,0.0,0.0,0.0,0.0,0.0,0.0,0.0,0.0,0.0,9.443,623215,0.017,0.002,3.806,0.403,4.774,0.506,1.153,0.122,0.0,0.000
0,4294967295,498,47,aclnnMul_MulAiCore_Mul,Mul,dynamic,AI_VECTOR_CORE,1785698519242359.092	,327.587,0.000000,40,0,NO,"""4096,4096;4096,4096""",FLOAT;FLOAT,ND;ND,"""4096,4096""",FLOAT,ND,N/A,0.0,0,0.0,0.0,0.0,0.0,0.0,0.0,0.0,0.0,0.0,0.0,0.0,324.834,21439048,6.784,0.021,3.011,0.009,323.297,0.995,108.627,0.334,0.0,0.000
0,4294967295,499,47,Concat,Concat,dynamic,AI_VECTOR_CORE,1785698519242686.719	,12.060,0.163000,40,0,NO,"""64,1,16;64,2,16;64,3,16;64,4,16;64,1,16;64,2,16;64,3,16;64,4,16;64,1,16;64,2,16;64,3,16;64,4,16;64,1,16;64,2,16;64,3,16;64,4,16;64,1,16;64,2,16;64,3,16;64,4,16;64,1,16;64,2,16;64,3,16;64,4,16;64,1,16;64,2,16;64,3,16;64,4,16;64,1,16;64,2,16;64,3,16;64,4,16;64,1,16;64,2,16;64,3,16;64,4,16;64,1,16;64,2,16;64,3,16;64,4,16;64,1,16;64,2,16;64,3,16;64,4,16;64,1,16;64,2,16;64,3,16;64,4,16;64,1,16;64,2,16;64,3,16;64,4,16;64,1,16;64,2,16;64,3,16;64,4,16;64,1,16;64,2,16;64,3,16;64,4,16;64,1,16;64,2,16;64,3,16;64,4,16""",FLOAT16;FLOAT16;FLOAT16;FLOAT16;FLOAT16;FLOAT16;FLOAT16;FLOAT16;FLOAT16;FLOAT16;FLOAT16;FLOAT16;FLOAT16;FLOAT16;FLOAT16;FLOAT16;FLOAT16;FLOAT16;FLOAT16;FLOAT16;FLOAT16;FLOAT16;FLOAT16;FLOAT16;FLOAT16;FLOAT16;FLOAT16;FLOAT16;FLOAT16;FLOAT16;FLOAT16;FLOAT16;FLOAT16;FLOAT16;FLOAT16;FLOAT16;FLOAT16;FLOAT16;FLOAT16;FLOAT16;FLOAT16;FLOAT16;FLOAT16;FLOAT16;FLOAT16;FLOAT16;FLOAT16;FLOAT16;FLOAT16;FLOAT16;FLOAT16;FLOAT16;FLOAT16;FLOAT16;FLOAT16;FLOAT16;FLOAT16;FLOAT16;FLOAT16;FLOAT16;FLOAT16;FLOAT16;FLOAT16;FLOAT16,ND;ND;ND;ND;ND;ND;ND;ND;ND;ND;ND;ND;ND;ND;ND;ND;ND;ND;ND;ND;ND;ND;ND;ND;ND;ND;ND;ND;ND;ND;ND;ND;ND;ND;ND;ND;ND;ND;ND;ND;ND;ND;ND;ND;ND;ND;ND;ND;ND;ND;ND;ND;ND;ND;ND;ND;ND;ND;ND;ND;ND;ND;ND;ND,"""64,160,16""",FLOAT16,ND,N/A,0.0,0,0.0,0.0,0.0,0.0,0.0,0.0,0.0,0.0,0.0,0.0,0.0,8.635,569941,0.017,0.002,4.107,0.476,4.122,0.477,1.132,0.131,0.0,0.000
0,4294967295,500,47,aclnnMul_MulAiCore_Mul,Mul,dynamic,AI_VECTOR_CORE,1785698519242698.799	,328.467,0.000000,40,0,NO,"""4096,4096;4096,4096""",FLOAT;FLOAT,ND;ND,"""4096,4096""",FLOAT,ND,N/A,0.0,0,0.0,0.0,0.0,0.0,0.0,0.0,0.0,0.0,0.0,0.0,0.0,325.694,21495805,6.784,0.021,3.074,0.009,324.103,0.995,110.36,0.339,0.0,0.000
0,4294967295,501,47,Concat,Concat,dynamic,AI_VECTOR_CORE,1785698519243027.286	,10.300,0.033000,40,0,NO,"""64,1,16;64,2,16;64,3,16;64,4,16;64,1,16;64,2,16;64,3,16;64,4,16;64,1,16;64,2,16;64,3,16;64,4,16;64,1,16;64,2,16;64,3,16;64,4,16;64,1,16;64,2,16;64,3,16;64,4,16;64,1,16;64,2,16;64,3,16;64,4,16;64,1,16;64,2,16;64,3,16;64,4,16;64,1,16;64,2,16;64,3,16;64,4,16;64,1,16;64,2,16;64,3,16;64,4,16;64,1,16;64,2,16;64,3,16;64,4,16;64,1,16;64,2,16;64,3,16;64,4,16;64,1,16;64,2,16;64,3,16;64,4,16;64,1,16;64,2,16;64,3,16;64,4,16;64,1,16;64,2,16;64,3,16;64,4,16;64,1,16;64,2,16;64,3,16;64,4,16;64,1,16;64,2,16;64,3,16;64,4,16""",FLOAT16;FLOAT16;FLOAT16;FLOAT16;FLOAT16;FLOAT16;FLOAT16;FLOAT16;FLOAT16;FLOAT16;FLOAT16;FLOAT16;FLOAT16;FLOAT16;FLOAT16;FLOAT16;FLOAT16;FLOAT16;FLOAT16;FLOAT16;FLOAT16;FLOAT16;FLOAT16;FLOAT16;FLOAT16;FLOAT16;FLOAT16;FLOAT16;FLOAT16;FLOAT16;FLOAT16;FLOAT16;FLOAT16;FLOAT16;FLOAT16;FLOAT16;FLOAT16;FLOAT16;FLOAT16;FLOAT16;FLOAT16;FLOAT16;FLOAT16;FLOAT16;FLOAT16;FLOAT16;FLOAT16;FLOAT16;FLOAT16;FLOAT16;FLOAT16;FLOAT16;FLOAT16;FLOAT16;FLOAT16;FLOAT16;FLOAT16;FLOAT16;FLOAT16;FLOAT16;FLOAT16;FLOAT16;FLOAT16;FLOAT16,ND;ND;ND;ND;ND;ND;ND;ND;ND;ND;ND;ND;ND;ND;ND;ND;ND;ND;ND;ND;ND;ND;ND;ND;ND;ND;ND;ND;ND;ND;ND;ND;ND;ND;ND;ND;ND;ND;ND;ND;ND;ND;ND;ND;ND;ND;ND;ND;ND;ND;ND;ND;ND;ND;ND;ND;ND;ND;ND;ND;ND;ND;ND;ND,"""64,160,16""",FLOAT16,ND,N/A,0.0,0,0.0,0.0,0.0,0.0,0.0,0.0,0.0,0.0,0.0,0.0,0.0,7.91,522047,0.017,0.002,3.556,0.45,3.565,0.451,1.08,0.137,0.0,0.000
0,4294967295,502,47,aclnnMul_MulAiCore_Mul,Mul,dynamic,AI_VECTOR_CORE,1785698519243037.606	,327.686,0.000000,40,0,NO,"""4096,4096;4096,4096""",FLOAT;FLOAT,ND;ND,"""4096,4096""",FLOAT,ND,N/A,0.0,0,0.0,0.0,0.0,0.0,0.0,0.0,0.0,0.0,0.0,0.0,0.0,325.376,21474817,6.784,0.021,3.006,0.009,323.825,0.995,108.682,0.334,0.0,0.000
0,4294967295,503,47,Concat,Concat,dynamic,AI_VECTOR_CORE,1785698519243365.312	,11.081,0.064000,40,0,NO,"""64,1,16;64,2,16;64,3,16;64,4,16;64,1,16;64,2,16;64,3,16;64,4,16;64,1,16;64,2,16;64,3,16;64,4,16;64,1,16;64,2,16;64,3,16;64,4,16;64,1,16;64,2,16;64,3,16;64,4,16;64,1,16;64,2,16;64,3,16;64,4,16;64,1,16;64,2,16;64,3,16;64,4,16;64,1,16;64,2,16;64,3,16;64,4,16;64,1,16;64,2,16;64,3,16;64,4,16;64,1,16;64,2,16;64,3,16;64,4,16;64,1,16;64,2,16;64,3,16;64,4,16;64,1,16;64,2,16;64,3,16;64,4,16;64,1,16;64,2,16;64,3,16;64,4,16;64,1,16;64,2,16;64,3,16;64,4,16;64,1,16;64,2,16;64,3,16;64,4,16;64,1,16;64,2,16;64,3,16;64,4,16""",FLOAT16;FLOAT16;FLOAT16;FLOAT16;FLOAT16;FLOAT16;FLOAT16;FLOAT16;FLOAT16;FLOAT16;FLOAT16;FLOAT16;FLOAT16;FLOAT16;FLOAT16;FLOAT16;FLOAT16;FLOAT16;FLOAT16;FLOAT16;FLOAT16;FLOAT16;FLOAT16;FLOAT16;FLOAT16;FLOAT16;FLOAT16;FLOAT16;FLOAT16;FLOAT16;FLOAT16;FLOAT16;FLOAT16;FLOAT16;FLOAT16;FLOAT16;FLOAT16;FLOAT16;FLOAT16;FLOAT16;FLOAT16;FLOAT16;FLOAT16;FLOAT16;FLOAT16;FLOAT16;FLOAT16;FLOAT16;FLOAT16;FLOAT16;FLOAT16;FLOAT16;FLOAT16;FLOAT16;FLOAT16;FLOAT16;FLOAT16;FLOAT16;FLOAT16;FLOAT16;FLOAT16;FLOAT16;FLOAT16;FLOAT16,ND;ND;ND;ND;ND;ND;ND;ND;ND;ND;ND;ND;ND;ND;ND;ND;ND;ND;ND;ND;ND;ND;ND;ND;ND;ND;ND;ND;ND;ND;ND;ND;ND;ND;ND;ND;ND;ND;ND;ND;ND;ND;ND;ND;ND;ND;ND;ND;ND;ND;ND;ND;ND;ND;ND;ND;ND;ND;ND;ND;ND;ND;ND;ND,"""64,160,16""",FLOAT16,ND,N/A,0.0,0,0.0,0.0,0.0,0.0,0.0,0.0,0.0,0.0,0.0,0.0,0.0,8.12,535939,0.017,0.002,3.822,0.471,3.752,0.462,0.919,0.113,0.0,0.000
0,4294967295,504,47,aclnnMul_MulAiCore_Mul,Mul,dynamic,AI_VECTOR_CORE,1785698519243376.433	,327.266,0.169000,40,0,NO,"""4096,4096;4096,4096""",FLOAT;FLOAT,ND;ND,"""4096,4096""",FLOAT,ND,N/A,0.0,0,0.0,0.0,0.0,0.0,0.0,0.0,0.0,0.0,0.0,0.0,0.0,325.252,21466631,6.784,0.021,3.528,0.011,323.207,0.994,108.959,0.335,0.0,0.000
0,4294967295,505,47,Concat,Concat,dynamic,AI_VECTOR_CORE,1785698519243703.739	,11.000,0.000000,40,0,NO,"""64,1,16;64,2,16;64,3,16;64,4,16;64,1,16;64,2,16;64,3,16;64,4,16;64,1,16;64,2,16;64,3,16;64,4,16;64,1,16;64,2,16;64,3,16;64,4,16;64,1,16;64,2,16;64,3,16;64,4,16;64,1,16;64,2,16;64,3,16;64,4,16;64,1,16;64,2,16;64,3,16;64,4,16;64,1,16;64,2,16;64,3,16;64,4,16;64,1,16;64,2,16;64,3,16;64,4,16;64,1,16;64,2,16;64,3,16;64,4,16;64,1,16;64,2,16;64,3,16;64,4,16;64,1,16;64,2,16;64,3,16;64,4,16;64,1,16;64,2,16;64,3,16;64,4,16;64,1,16;64,2,16;64,3,16;64,4,16;64,1,16;64,2,16;64,3,16;64,4,16;64,1,16;64,2,16;64,3,16;64,4,16""",FLOAT16;FLOAT16;FLOAT16;FLOAT16;FLOAT16;FLOAT16;FLOAT16;FLOAT16;FLOAT16;FLOAT16;FLOAT16;FLOAT16;FLOAT16;FLOAT16;FLOAT16;FLOAT16;FLOAT16;FLOAT16;FLOAT16;FLOAT16;FLOAT16;FLOAT16;FLOAT16;FLOAT16;FLOAT16;FLOAT16;FLOAT16;FLOAT16;FLOAT16;FLOAT16;FLOAT16;FLOAT16;FLOAT16;FLOAT16;FLOAT16;FLOAT16;FLOAT16;FLOAT16;FLOAT16;FLOAT16;FLOAT16;FLOAT16;FLOAT16;FLOAT16;FLOAT16;FLOAT16;FLOAT16;FLOAT16;FLOAT16;FLOAT16;FLOAT16;FLOAT16;FLOAT16;FLOAT16;FLOAT16;FLOAT16;FLOAT16;FLOAT16;FLOAT16;FLOAT16;FLOAT16;FLOAT16;FLOAT16;FLOAT16,ND;ND;ND;ND;ND;ND;ND;ND;ND;ND;ND;ND;ND;ND;ND;ND;ND;ND;ND;ND;ND;ND;ND;ND;ND;ND;ND;ND;ND;ND;ND;ND;ND;ND;ND;ND;ND;ND;ND;ND;ND;ND;ND;ND;ND;ND;ND;ND;ND;ND;ND;ND;ND;ND;ND;ND;ND;ND;ND;ND;ND;ND;ND;ND,"""64,160,16""",FLOAT16,ND,N/A,0.0,0,0.0,0.0,0.0,0.0,0.0,0.0,0.0,0.0,0.0,0.0,0.0,8.689,573462,0.017,0.002,4.518,0.52,3.692,0.425,1.069,0.123,0.0,0.000
0,4294967295,506,47,aclnnMul_MulAiCore_Mul,Mul,dynamic,AI_VECTOR_CORE,1785698519243714.759	,327.867,0.000000,40,0,NO,"""4096,4096;4096,4096""",FLOAT;FLOAT,ND;ND,"""4096,4096""",FLOAT,ND,N/A,0.0,0,0.0,0.0,0.0,0.0,0.0,0.0,0.0,0.0,0.0,0.0,0.0,325.051,21453395,6.784,0.021,2.965,0.009,323.547,0.995,109.252,0.336,0.0,0.000
0,4294967295,507,47,Concat,Concat,dynamic,AI_VECTOR_CORE,1785698519244042.646	,10.780,0.133000,40,0,NO,"""64,1,16;64,2,16;64,3,16;64,4,16;64,1,16;64,2,16;64,3,16;64,4,16;64,1,16;64,2,16;64,3,16;64,4,16;64,1,16;64,2,16;64,3,16;64,4,16;64,1,16;64,2,16;64,3,16;64,4,16;64,1,16;64,2,16;64,3,16;64,4,16;64,1,16;64,2,16;64,3,16;64,4,16;64,1,16;64,2,16;64,3,16;64,4,16;64,1,16;64,2,16;64,3,16;64,4,16;64,1,16;64,2,16;64,3,16;64,4,16;64,1,16;64,2,16;64,3,16;64,4,16;64,1,16;64,2,16;64,3,16;64,4,16;64,1,16;64,2,16;64,3,16;64,4,16;64,1,16;64,2,16;64,3,16;64,4,16;64,1,16;64,2,16;64,3,16;64,4,16;64,1,16;64,2,16;64,3,16;64,4,16""",FLOAT16;FLOAT16;FLOAT16;FLOAT16;FLOAT16;FLOAT16;FLOAT16;FLOAT16;FLOAT16;FLOAT16;FLOAT16;FLOAT16;FLOAT16;FLOAT16;FLOAT16;FLOAT16;FLOAT16;FLOAT16;FLOAT16;FLOAT16;FLOAT16;FLOAT16;FLOAT16;FLOAT16;FLOAT16;FLOAT16;FLOAT16;FLOAT16;FLOAT16;FLOAT16;FLOAT16;FLOAT16;FLOAT16;FLOAT16;FLOAT16;FLOAT16;FLOAT16;FLOAT16;FLOAT16;FLOAT16;FLOAT16;FLOAT16;FLOAT16;FLOAT16;FLOAT16;FLOAT16;FLOAT16;FLOAT16;FLOAT16;FLOAT16;FLOAT16;FLOAT16;FLOAT16;FLOAT16;FLOAT16;FLOAT16;FLOAT16;FLOAT16;FLOAT16;FLOAT16;FLOAT16;FLOAT16;FLOAT16;FLOAT16,ND;ND;ND;ND;ND;ND;ND;ND;ND;ND;ND;ND;ND;ND;ND;ND;ND;ND;ND;ND;ND;ND;ND;ND;ND;ND;ND;ND;ND;ND;ND;ND;ND;ND;ND;ND;ND;ND;ND;ND;ND;ND;ND;ND;ND;ND;ND;ND;ND;ND;ND;ND;ND;ND;ND;ND;ND;ND;ND;ND;ND;ND;ND;ND,"""64,160,16""",FLOAT16,ND,N/A,0.0,0,0.0,0.0,0.0,0.0,0.0,0.0,0.0,0.0,0.0,0.0,0.0,8.072,532773,0.017,0.002,3.89,0.482,3.623,0.449,0.986,0.122,0.0,0.000
0,4294967295,508,47,aclnnMul_MulAiCore_Mul,Mul,dynamic,AI_VECTOR_CORE,1785698519244053.466	,327.047,0.000000,40,0,NO,"""4096,4096;4096,4096""",FLOAT;FLOAT,ND;ND,"""4096,4096""",FLOAT,ND,N/A,0.0,0,0.0,0.0,0.0,0.0,0.0,0.0,0.0,0.0,0.0,0.0,0.0,325.19,21462507,6.784,0.021,3.017,0.009,323.599,0.995,108.954,0.335,0.0,0.000
0,4294967295,509,47,Concat,Concat,dynamic,AI_VECTOR_CORE,1785698519244380.533	,9.180,0.000000,40,0,NO,"""64,1,16;64,2,16;64,3,16;64,4,16;64,1,16;64,2,16;64,3,16;64,4,16;64,1,16;64,2,16;64,3,16;64,4,16;64,1,16;64,2,16;64,3,16;64,4,16;64,1,16;64,2,16;64,3,16;64,4,16;64,1,16;64,2,16;64,3,16;64,4,16;64,1,16;64,2,16;64,3,16;64,4,16;64,1,16;64,2,16;64,3,16;64,4,16;64,1,16;64,2,16;64,3,16;64,4,16;64,1,16;64,2,16;64,3,16;64,4,16;64,1,16;64,2,16;64,3,16;64,4,16;64,1,16;64,2,16;64,3,16;64,4,16;64,1,16;64,2,16;64,3,16;64,4,16;64,1,16;64,2,16;64,3,16;64,4,16;64,1,16;64,2,16;64,3,16;64,4,16;64,1,16;64,2,16;64,3,16;64,4,16""",FLOAT16;FLOAT16;FLOAT16;FLOAT16;FLOAT16;FLOAT16;FLOAT16;FLOAT16;FLOAT16;FLOAT16;FLOAT16;FLOAT16;FLOAT16;FLOAT16;FLOAT16;FLOAT16;FLOAT16;FLOAT16;FLOAT16;FLOAT16;FLOAT16;FLOAT16;FLOAT16;FLOAT16;FLOAT16;FLOAT16;FLOAT16;FLOAT16;FLOAT16;FLOAT16;FLOAT16;FLOAT16;FLOAT16;FLOAT16;FLOAT16;FLOAT16;FLOAT16;FLOAT16;FLOAT16;FLOAT16;FLOAT16;FLOAT16;FLOAT16;FLOAT16;FLOAT16;FLOAT16;FLOAT16;FLOAT16;FLOAT16;FLOAT16;FLOAT16;FLOAT16;FLOAT16;FLOAT16;FLOAT16;FLOAT16;FLOAT16;FLOAT16;FLOAT16;FLOAT16;FLOAT16;FLOAT16;FLOAT16;FLOAT16,ND;ND;ND;ND;ND;ND;ND;ND;ND;ND;ND;ND;ND;ND;ND;ND;ND;ND;ND;ND;ND;ND;ND;ND;ND;ND;ND;ND;ND;ND;ND;ND;ND;ND;ND;ND;ND;ND;ND;ND;ND;ND;ND;ND;ND;ND;ND;ND;ND;ND;ND;ND;ND;ND;ND;ND;ND;ND;ND;ND;ND;ND;ND;ND,"""64,160,16""",FLOAT16,ND,N/A,0.0,0,0.0,0.0,0.0,0.0,0.0,0.0,0.0,0.0,0.0,0.0,0.0,7.062,466106,0.017,0.002,3.717,0.526,2.752,0.39,1.067,0.151,0.0,0.000
0,4294967295,510,47,aclnnMul_MulAiCore_Mul,Mul,dynamic,AI_VECTOR_CORE,1785698519244389.753	,326.666,0.070000,40,0,NO,"""4096,4096;4096,4096""",FLOAT;FLOAT,ND;ND,"""4096,4096""",FLOAT,ND,N/A,0.0,0,0.0,0.0,0.0,0.0,0.0,0.0,0.0,0.0,0.0,0.0,0.0,324.065,21388287,6.784,0.021,2.949,0.009,322.599,0.995,107.364,0.331,0.0,0.000
0,4294967295,511,47,Concat,Concat,dynamic,AI_VECTOR_CORE,1785698519244716.439	,9.541,0.084000,40,0,NO,"""64,1,16;64,2,16;64,3,16;64,4,16;64,1,16;64,2,16;64,3,16;64,4,16;64,1,16;64,2,16;64,3,16;64,4,16;64,1,16;64,2,16;64,3,16;64,4,16;64,1,16;64,2,16;64,3,16;64,4,16;64,1,16;64,2,16;64,3,16;64,4,16;64,1,16;64,2,16;64,3,16;64,4,16;64,1,16;64,2,16;64,3,16;64,4,16;64,1,16;64,2,16;64,3,16;64,4,16;64,1,16;64,2,16;64,3,16;64,4,16;64,1,16;64,2,16;64,3,16;64,4,16;64,1,16;64,2,16;64,3,16;64,4,16;64,1,16;64,2,16;64,3,16;64,4,16;64,1,16;64,2,16;64,3,16;64,4,16;64,1,16;64,2,16;64,3,16;64,4,16;64,1,16;64,2,16;64,3,16;64,4,16""",FLOAT16;FLOAT16;FLOAT16;FLOAT16;FLOAT16;FLOAT16;FLOAT16;FLOAT16;FLOAT16;FLOAT16;FLOAT16;FLOAT16;FLOAT16;FLOAT16;FLOAT16;FLOAT16;FLOAT16;FLOAT16;FLOAT16;FLOAT16;FLOAT16;FLOAT16;FLOAT16;FLOAT16;FLOAT16;FLOAT16;FLOAT16;FLOAT16;FLOAT16;FLOAT16;FLOAT16;FLOAT16;FLOAT16;FLOAT16;FLOAT16;FLOAT16;FLOAT16;FLOAT16;FLOAT16;FLOAT16;FLOAT16;FLOAT16;FLOAT16;FLOAT16;FLOAT16;FLOAT16;FLOAT16;FLOAT16;FLOAT16;FLOAT16;FLOAT16;FLOAT16;FLOAT16;FLOAT16;FLOAT16;FLOAT16;FLOAT16;FLOAT16;FLOAT16;FLOAT16;FLOAT16;FLOAT16;FLOAT16;FLOAT16,ND;ND;ND;ND;ND;ND;ND;ND;ND;ND;ND;ND;ND;ND;ND;ND;ND;ND;ND;ND;ND;ND;ND;ND;ND;ND;ND;ND;ND;ND;ND;ND;ND;ND;ND;ND;ND;ND;ND;ND;ND;ND;ND;ND;ND;ND;ND;ND;ND;ND;ND;ND;ND;ND;ND;ND;ND;ND;ND;ND;ND;ND;ND;ND,"""64,160,16""",FLOAT16,ND,N/A,0.0,0,0.0,0.0,0.0,0.0,0.0,0.0,0.0,0.0,0.0,0.0,0.0,7.277,480250,0.017,0.002,3.792,0.521,2.712,0.373,1.103,0.152,0.0,0.000
0,4294967295,512,47,aclnnMul_MulAiCore_Mul,Mul,dynamic,AI_VECTOR_CORE,1785698519244726.000	,326.986,0.000000,40,0,NO,"""4096,4096;4096,4096""",FLOAT;FLOAT,ND;ND,"""4096,4096""",FLOAT,ND,N/A,0.0,0,0.0,0.0,0.0,0.0,0.0,0.0,0.0,0.0,0.0,0.0,0.0,325.103,21456815,6.784,0.021,3.098,0.01,323.499,0.995,108.851,0.335,0.0,0.000
0,4294967295,513,47,Concat,Concat,dynamic,AI_VECTOR_CORE,1785698519245053.006	,10.780,0.014000,40,0,NO,"""64,1,16;64,2,16;64,3,16;64,4,16;64,1,16;64,2,16;64,3,16;64,4,16;64,1,16;64,2,16;64,3,16;64,4,16;64,1,16;64,2,16;64,3,16;64,4,16;64,1,16;64,2,16;64,3,16;64,4,16;64,1,16;64,2,16;64,3,16;64,4,16;64,1,16;64,2,16;64,3,16;64,4,16;64,1,16;64,2,16;64,3,16;64,4,16;64,1,16;64,2,16;64,3,16;64,4,16;64,1,16;64,2,16;64,3,16;64,4,16;64,1,16;64,2,16;64,3,16;64,4,16;64,1,16;64,2,16;64,3,16;64,4,16;64,1,16;64,2,16;64,3,16;64,4,16;64,1,16;64,2,16;64,3,16;64,4,16;64,1,16;64,2,16;64,3,16;64,4,16;64,1,16;64,2,16;64,3,16;64,4,16""",FLOAT16;FLOAT16;FLOAT16;FLOAT16;FLOAT16;FLOAT16;FLOAT16;FLOAT16;FLOAT16;FLOAT16;FLOAT16;FLOAT16;FLOAT16;FLOAT16;FLOAT16;FLOAT16;FLOAT16;FLOAT16;FLOAT16;FLOAT16;FLOAT16;FLOAT16;FLOAT16;FLOAT16;FLOAT16;FLOAT16;FLOAT16;FLOAT16;FLOAT16;FLOAT16;FLOAT16;FLOAT16;FLOAT16;FLOAT16;FLOAT16;FLOAT16;FLOAT16;FLOAT16;FLOAT16;FLOAT16;FLOAT16;FLOAT16;FLOAT16;FLOAT16;FLOAT16;FLOAT16;FLOAT16;FLOAT16;FLOAT16;FLOAT16;FLOAT16;FLOAT16;FLOAT16;FLOAT16;FLOAT16;FLOAT16;FLOAT16;FLOAT16;FLOAT16;FLOAT16;FLOAT16;FLOAT16;FLOAT16;FLOAT16,ND;ND;ND;ND;ND;ND;ND;ND;ND;ND;ND;ND;ND;ND;ND;ND;ND;ND;ND;ND;ND;ND;ND;ND;ND;ND;ND;ND;ND;ND;ND;ND;ND;ND;ND;ND;ND;ND;ND;ND;ND;ND;ND;ND;ND;ND;ND;ND;ND;ND;ND;ND;ND;ND;ND;ND;ND;ND;ND;ND;ND;ND;ND;ND,"""64,160,16""",FLOAT16,ND,N/A,0.0,0,0.0,0.0,0.0,0.0,0.0,0.0,0.0,0.0,0.0,0.0,0.0,8.205,541518,0.017,0.002,3.826,0.466,3.925,0.478,1.021,0.124,0.0,0.000
0,4294967295,514,47,aclnnMul_MulAiCore_Mul,Mul,dynamic,AI_VECTOR_CORE,1785698519245063.806	,326.667,0.000000,40,0,NO,"""4096,4096;4096,4096""",FLOAT;FLOAT,ND;ND,"""4096,4096""",FLOAT,ND,N/A,0.0,0,0.0,0.0,0.0,0.0,0.0,0.0,0.0,0.0,0.0,0.0,0.0,324.461,21414393,6.784,0.021,3.065,0.009,322.861,0.995,105.616,0.326,0.0,0.000
0,4294967295,515,47,Concat,Concat,dynamic,AI_VECTOR_CORE,1785698519245390.493	,11.640,0.083000,40,0,NO,"""64,1,16;64,2,16;64,3,16;64,4,16;64,1,16;64,2,16;64,3,16;64,4,16;64,1,16;64,2,16;64,3,16;64,4,16;64,1,16;64,2,16;64,3,16;64,4,16;64,1,16;64,2,16;64,3,16;64,4,16;64,1,16;64,2,16;64,3,16;64,4,16;64,1,16;64,2,16;64,3,16;64,4,16;64,1,16;64,2,16;64,3,16;64,4,16;64,1,16;64,2,16;64,3,16;64,4,16;64,1,16;64,2,16;64,3,16;64,4,16;64,1,16;64,2,16;64,3,16;64,4,16;64,1,16;64,2,16;64,3,16;64,4,16;64,1,16;64,2,16;64,3,16;64,4,16;64,1,16;64,2,16;64,3,16;64,4,16;64,1,16;64,2,16;64,3,16;64,4,16;64,1,16;64,2,16;64,3,16;64,4,16""",FLOAT16;FLOAT16;FLOAT16;FLOAT16;FLOAT16;FLOAT16;FLOAT16;FLOAT16;FLOAT16;FLOAT16;FLOAT16;FLOAT16;FLOAT16;FLOAT16;FLOAT16;FLOAT16;FLOAT16;FLOAT16;FLOAT16;FLOAT16;FLOAT16;FLOAT16;FLOAT16;FLOAT16;FLOAT16;FLOAT16;FLOAT16;FLOAT16;FLOAT16;FLOAT16;FLOAT16;FLOAT16;FLOAT16;FLOAT16;FLOAT16;FLOAT16;FLOAT16;FLOAT16;FLOAT16;FLOAT16;FLOAT16;FLOAT16;FLOAT16;FLOAT16;FLOAT16;FLOAT16;FLOAT16;FLOAT16;FLOAT16;FLOAT16;FLOAT16;FLOAT16;FLOAT16;FLOAT16;FLOAT16;FLOAT16;FLOAT16;FLOAT16;FLOAT16;FLOAT16;FLOAT16;FLOAT16;FLOAT16;FLOAT16,ND;ND;ND;ND;ND;ND;ND;ND;ND;ND;ND;ND;ND;ND;ND;ND;ND;ND;ND;ND;ND;ND;ND;ND;ND;ND;ND;ND;ND;ND;ND;ND;ND;ND;ND;ND;ND;ND;ND;ND;ND;ND;ND;ND;ND;ND;ND;ND;ND;ND;ND;ND;ND;ND;ND;ND;ND;ND;ND;ND;ND;ND;ND;ND,"""64,160,16""",FLOAT16,ND,N/A,0.0,0,0.0,0.0,0.0,0.0,0.0,0.0,0.0,0.0,0.0,0.0,0.0,8.725,575845,0.017,0.002,3.642,0.417,4.291,0.492,1.091,0.125,0.0,0.000
0,4294967295,516,47,aclnnMul_MulAiCore_Mul,Mul,dynamic,AI_VECTOR_CORE,1785698519245402.173	,326.507,0.110000,40,0,NO,"""4096,4096;4096,4096""",FLOAT;FLOAT,ND;ND,"""4096,4096""",FLOAT,ND,N/A,0.0,0,0.0,0.0,0.0,0.0,0.0,0.0,0.0,0.0,0.0,0.0,0.0,324.582,21422438,6.784,0.021,3.084,0.01,322.986,0.995,107.305,0.331,0.0,0.000
0,4294967295,517,47,Concat,Concat,dynamic,AI_VECTOR_CORE,1785698519245728.720	,10.640,0.000000,40,0,NO,"""64,1,16;64,2,16;64,3,16;64,4,16;64,1,16;64,2,16;64,3,16;64,4,16;64,1,16;64,2,16;64,3,16;64,4,16;64,1,16;64,2,16;64,3,16;64,4,16;64,1,16;64,2,16;64,3,16;64,4,16;64,1,16;64,2,16;64,3,16;64,4,16;64,1,16;64,2,16;64,3,16;64,4,16;64,1,16;64,2,16;64,3,16;64,4,16;64,1,16;64,2,16;64,3,16;64,4,16;64,1,16;64,2,16;64,3,16;64,4,16;64,1,16;64,2,16;64,3,16;64,4,16;64,1,16;64,2,16;64,3,16;64,4,16;64,1,16;64,2,16;64,3,16;64,4,16;64,1,16;64,2,16;64,3,16;64,4,16;64,1,16;64,2,16;64,3,16;64,4,16;64,1,16;64,2,16;64,3,16;64,4,16""",FLOAT16;FLOAT16;FLOAT16;FLOAT16;FLOAT16;FLOAT16;FLOAT16;FLOAT16;FLOAT16;FLOAT16;FLOAT16;FLOAT16;FLOAT16;FLOAT16;FLOAT16;FLOAT16;FLOAT16;FLOAT16;FLOAT16;FLOAT16;FLOAT16;FLOAT16;FLOAT16;FLOAT16;FLOAT16;FLOAT16;FLOAT16;FLOAT16;FLOAT16;FLOAT16;FLOAT16;FLOAT16;FLOAT16;FLOAT16;FLOAT16;FLOAT16;FLOAT16;FLOAT16;FLOAT16;FLOAT16;FLOAT16;FLOAT16;FLOAT16;FLOAT16;FLOAT16;FLOAT16;FLOAT16;FLOAT16;FLOAT16;FLOAT16;FLOAT16;FLOAT16;FLOAT16;FLOAT16;FLOAT16;FLOAT16;FLOAT16;FLOAT16;FLOAT16;FLOAT16;FLOAT16;FLOAT16;FLOAT16;FLOAT16,ND;ND;ND;ND;ND;ND;ND;ND;ND;ND;ND;ND;ND;ND;ND;ND;ND;ND;ND;ND;ND;ND;ND;ND;ND;ND;ND;ND;ND;ND;ND;ND;ND;ND;ND;ND;ND;ND;ND;ND;ND;ND;ND;ND;ND;ND;ND;ND;ND;ND;ND;ND;ND;ND;ND;ND;ND;ND;ND;ND;ND;ND;ND;ND,"""64,160,16""",FLOAT16,ND,N/A,0.0,0,0.0,0.0,0.0,0.0,0.0,0.0,0.0,0.0,0.0,0.0,0.0,7.792,514254,0.017,0.002,3.93,0.504,3.469,0.445,0.997,0.128,0.0,0.000
0,4294967295,518,47,aclnnMul_MulAiCore_Mul,Mul,dynamic,AI_VECTOR_CORE,1785698519245739.380	,326.866,0.110000,40,0,NO,"""4096,4096;4096,4096""",FLOAT;FLOAT,ND;ND,"""4096,4096""",FLOAT,ND,N/A,0.0,0,0.0,0.0,0.0,0.0,0.0,0.0,0.0,0.0,0.0,0.0,0.0,324.734,21432468,6.784,0.021,3.028,0.009,323.171,0.995,108.632,0.335,0.0,0.000
0,4294967295,519,47,Concat,Concat,dynamic,AI_VECTOR_CORE,1785698519246066.266	,9.901,0.000000,40,0,NO,"""64,1,16;64,2,16;64,3,16;64,4,16;64,1,16;64,2,16;64,3,16;64,4,16;64,1,16;64,2,16;64,3,16;64,4,16;64,1,16;64,2,16;64,3,16;64,4,16;64,1,16;64,2,16;64,3,16;64,4,16;64,1,16;64,2,16;64,3,16;64,4,16;64,1,16;64,2,16;64,3,16;64,4,16;64,1,16;64,2,16;64,3,16;64,4,16;64,1,16;64,2,16;64,3,16;64,4,16;64,1,16;64,2,16;64,3,16;64,4,16;64,1,16;64,2,16;64,3,16;64,4,16;64,1,16;64,2,16;64,3,16;64,4,16;64,1,16;64,2,16;64,3,16;64,4,16;64,1,16;64,2,16;64,3,16;64,4,16;64,1,16;64,2,16;64,3,16;64,4,16;64,1,16;64,2,16;64,3,16;64,4,16""",FLOAT16;FLOAT16;FLOAT16;FLOAT16;FLOAT16;FLOAT16;FLOAT16;FLOAT16;FLOAT16;FLOAT16;FLOAT16;FLOAT16;FLOAT16;FLOAT16;FLOAT16;FLOAT16;FLOAT16;FLOAT16;FLOAT16;FLOAT16;FLOAT16;FLOAT16;FLOAT16;FLOAT16;FLOAT16;FLOAT16;FLOAT16;FLOAT16;FLOAT16;FLOAT16;FLOAT16;FLOAT16;FLOAT16;FLOAT16;FLOAT16;FLOAT16;FLOAT16;FLOAT16;FLOAT16;FLOAT16;FLOAT16;FLOAT16;FLOAT16;FLOAT16;FLOAT16;FLOAT16;FLOAT16;FLOAT16;FLOAT16;FLOAT16;FLOAT16;FLOAT16;FLOAT16;FLOAT16;FLOAT16;FLOAT16;FLOAT16;FLOAT16;FLOAT16;FLOAT16;FLOAT16;FLOAT16;FLOAT16;FLOAT16,ND;ND;ND;ND;ND;ND;ND;ND;ND;ND;ND;ND;ND;ND;ND;ND;ND;ND;ND;ND;ND;ND;ND;ND;ND;ND;ND;ND;ND;ND;ND;ND;ND;ND;ND;ND;ND;ND;ND;ND;ND;ND;ND;ND;ND;ND;ND;ND;ND;ND;ND;ND;ND;ND;ND;ND;ND;ND;ND;ND;ND;ND;ND;ND,"""64,160,16""",FLOAT16,ND,N/A,0.0,0,0.0,0.0,0.0,0.0,0.0,0.0,0.0,0.0,0.0,0.0,0.0,7.622,503038,0.017,0.002,3.489,0.458,3.36,0.441,1.081,0.142,0.0,0.000
0,4294967295,520,47,aclnnMul_MulAiCore_Mul,Mul,dynamic,AI_VECTOR_CORE,1785698519246076.187	,326.926,0.099000,40,0,NO,"""4096,4096;4096,4096""",FLOAT;FLOAT,ND;ND,"""4096,4096""",FLOAT,ND,N/A,0.0,0,0.0,0.0,0.0,0.0,0.0,0.0,0.0,0.0,0.0,0.0,0.0,324.771,21434884,6.784,0.021,3.011,0.009,323.215,0.995,109.023,0.336,0.0,0.000
0,4294967295,521,47,Concat,Concat,dynamic,AI_VECTOR_CORE,1785698519246403.153	,10.900,0.074000,40,0,NO,"""64,1,16;64,2,16;64,3,16;64,4,16;64,1,16;64,2,16;64,3,16;64,4,16;64,1,16;64,2,16;64,3,16;64,4,16;64,1,16;64,2,16;64,3,16;64,4,16;64,1,16;64,2,16;64,3,16;64,4,16;64,1,16;64,2,16;64,3,16;64,4,16;64,1,16;64,2,16;64,3,16;64,4,16;64,1,16;64,2,16;64,3,16;64,4,16;64,1,16;64,2,16;64,3,16;64,4,16;64,1,16;64,2,16;64,3,16;64,4,16;64,1,16;64,2,16;64,3,16;64,4,16;64,1,16;64,2,16;64,3,16;64,4,16;64,1,16;64,2,16;64,3,16;64,4,16;64,1,16;64,2,16;64,3,16;64,4,16;64,1,16;64,2,16;64,3,16;64,4,16;64,1,16;64,2,16;64,3,16;64,4,16""",FLOAT16;FLOAT16;FLOAT16;FLOAT16;FLOAT16;FLOAT16;FLOAT16;FLOAT16;FLOAT16;FLOAT16;FLOAT16;FLOAT16;FLOAT16;FLOAT16;FLOAT16;FLOAT16;FLOAT16;FLOAT16;FLOAT16;FLOAT16;FLOAT16;FLOAT16;FLOAT16;FLOAT16;FLOAT16;FLOAT16;FLOAT16;FLOAT16;FLOAT16;FLOAT16;FLOAT16;FLOAT16;FLOAT16;FLOAT16;FLOAT16;FLOAT16;FLOAT16;FLOAT16;FLOAT16;FLOAT16;FLOAT16;FLOAT16;FLOAT16;FLOAT16;FLOAT16;FLOAT16;FLOAT16;FLOAT16;FLOAT16;FLOAT16;FLOAT16;FLOAT16;FLOAT16;FLOAT16;FLOAT16;FLOAT16;FLOAT16;FLOAT16;FLOAT16;FLOAT16;FLOAT16;FLOAT16;FLOAT16;FLOAT16,ND;ND;ND;ND;ND;ND;ND;ND;ND;ND;ND;ND;ND;ND;ND;ND;ND;ND;ND;ND;ND;ND;ND;ND;ND;ND;ND;ND;ND;ND;ND;ND;ND;ND;ND;ND;ND;ND;ND;ND;ND;ND;ND;ND;ND;ND;ND;ND;ND;ND;ND;ND;ND;ND;ND;ND;ND;ND;ND;ND;ND;ND;ND;ND,"""64,160,16""",FLOAT16,ND,N/A,0.0,0,0.0,0.0,0.0,0.0,0.0,0.0,0.0,0.0,0.0,0.0,0.0,8.898,587281,0.017,0.002,4.53,0.509,3.714,0.417,1.164,0.131,0.0,0.000
0,4294967295,522,47,aclnnMul_MulAiCore_Mul,Mul,dynamic,AI_VECTOR_CORE,1785698519246414.073	,327.747,0.000000,40,0,NO,"""4096,4096;4096,4096""",FLOAT;FLOAT,ND;ND,"""4096,4096""",FLOAT,ND,N/A,0.0,0,0.0,0.0,0.0,0.0,0.0,0.0,0.0,0.0,0.0,0.0,0.0,325.617,21490724,6.784,0.021,2.946,0.009,324.158,0.996,108.708,0.334,0.0,0.000
0,4294967295,523,47,Concat,Concat,dynamic,AI_VECTOR_CORE,1785698519246741.840	,11.700,0.003000,40,0,NO,"""64,1,16;64,2,16;64,3,16;64,4,16;64,1,16;64,2,16;64,3,16;64,4,16;64,1,16;64,2,16;64,3,16;64,4,16;64,1,16;64,2,16;64,3,16;64,4,16;64,1,16;64,2,16;64,3,16;64,4,16;64,1,16;64,2,16;64,3,16;64,4,16;64,1,16;64,2,16;64,3,16;64,4,16;64,1,16;64,2,16;64,3,16;64,4,16;64,1,16;64,2,16;64,3,16;64,4,16;64,1,16;64,2,16;64,3,16;64,4,16;64,1,16;64,2,16;64,3,16;64,4,16;64,1,16;64,2,16;64,3,16;64,4,16;64,1,16;64,2,16;64,3,16;64,4,16;64,1,16;64,2,16;64,3,16;64,4,16;64,1,16;64,2,16;64,3,16;64,4,16;64,1,16;64,2,16;64,3,16;64,4,16""",FLOAT16;FLOAT16;FLOAT16;FLOAT16;FLOAT16;FLOAT16;FLOAT16;FLOAT16;FLOAT16;FLOAT16;FLOAT16;FLOAT16;FLOAT16;FLOAT16;FLOAT16;FLOAT16;FLOAT16;FLOAT16;FLOAT16;FLOAT16;FLOAT16;FLOAT16;FLOAT16;FLOAT16;FLOAT16;FLOAT16;FLOAT16;FLOAT16;FLOAT16;FLOAT16;FLOAT16;FLOAT16;FLOAT16;FLOAT16;FLOAT16;FLOAT16;FLOAT16;FLOAT16;FLOAT16;FLOAT16;FLOAT16;FLOAT16;FLOAT16;FLOAT16;FLOAT16;FLOAT16;FLOAT16;FLOAT16;FLOAT16;FLOAT16;FLOAT16;FLOAT16;FLOAT16;FLOAT16;FLOAT16;FLOAT16;FLOAT16;FLOAT16;FLOAT16;FLOAT16;FLOAT16;FLOAT16;FLOAT16;FLOAT16,ND;ND;ND;ND;ND;ND;ND;ND;ND;ND;ND;ND;ND;ND;ND;ND;ND;ND;ND;ND;ND;ND;ND;ND;ND;ND;ND;ND;ND;ND;ND;ND;ND;ND;ND;ND;ND;ND;ND;ND;ND;ND;ND;ND;ND;ND;ND;ND;ND;ND;ND;ND;ND;ND;ND;ND;ND;ND;ND;ND;ND;ND;ND;ND,"""64,160,16""",FLOAT16,ND,N/A,0.0,0,0.0,0.0,0.0,0.0,0.0,0.0,0.0,0.0,0.0,0.0,0.0,9.22,608536,0.017,0.002,4.975,0.54,3.977,0.431,1.062,0.115,0.0,0.000
0,4294967295,524,47,aclnnMul_MulAiCore_Mul,Mul,dynamic,AI_VECTOR_CORE,1785698519246753.560	,327.067,0.050000,40,0,NO,"""4096,4096;4096,4096""",FLOAT;FLOAT,ND;ND,"""4096,4096""",FLOAT,ND,N/A,0.0,0,0.0,0.0,0.0,0.0,0.0,0.0,0.0,0.0,0.0,0.0,0.0,325.08,21455292,6.784,0.021,3.034,0.009,323.521,0.995,109.648,0.337,0.0,0.000
0,4294967295,525,47,Concat,Concat,dynamic,AI_VECTOR_CORE,1785698519247080.647	,9.220,0.183000,40,0,NO,"""64,1,16;64,2,16;64,3,16;64,4,16;64,1,16;64,2,16;64,3,16;64,4,16;64,1,16;64,2,16;64,3,16;64,4,16;64,1,16;64,2,16;64,3,16;64,4,16;64,1,16;64,2,16;64,3,16;64,4,16;64,1,16;64,2,16;64,3,16;64,4,16;64,1,16;64,2,16;64,3,16;64,4,16;64,1,16;64,2,16;64,3,16;64,4,16;64,1,16;64,2,16;64,3,16;64,4,16;64,1,16;64,2,16;64,3,16;64,4,16;64,1,16;64,2,16;64,3,16;64,4,16;64,1,16;64,2,16;64,3,16;64,4,16;64,1,16;64,2,16;64,3,16;64,4,16;64,1,16;64,2,16;64,3,16;64,4,16;64,1,16;64,2,16;64,3,16;64,4,16;64,1,16;64,2,16;64,3,16;64,4,16""",FLOAT16;FLOAT16;FLOAT16;FLOAT16;FLOAT16;FLOAT16;FLOAT16;FLOAT16;FLOAT16;FLOAT16;FLOAT16;FLOAT16;FLOAT16;FLOAT16;FLOAT16;FLOAT16;FLOAT16;FLOAT16;FLOAT16;FLOAT16;FLOAT16;FLOAT16;FLOAT16;FLOAT16;FLOAT16;FLOAT16;FLOAT16;FLOAT16;FLOAT16;FLOAT16;FLOAT16;FLOAT16;FLOAT16;FLOAT16;FLOAT16;FLOAT16;FLOAT16;FLOAT16;FLOAT16;FLOAT16;FLOAT16;FLOAT16;FLOAT16;FLOAT16;FLOAT16;FLOAT16;FLOAT16;FLOAT16;FLOAT16;FLOAT16;FLOAT16;FLOAT16;FLOAT16;FLOAT16;FLOAT16;FLOAT16;FLOAT16;FLOAT16;FLOAT16;FLOAT16;FLOAT16;FLOAT16;FLOAT16;FLOAT16,ND;ND;ND;ND;ND;ND;ND;ND;ND;ND;ND;ND;ND;ND;ND;ND;ND;ND;ND;ND;ND;ND;ND;ND;ND;ND;ND;ND;ND;ND;ND;ND;ND;ND;ND;ND;ND;ND;ND;ND;ND;ND;ND;ND;ND;ND;ND;ND;ND;ND;ND;ND;ND;ND;ND;ND;ND;ND;ND;ND;ND;ND;ND;ND,"""64,160,16""",FLOAT16,ND,N/A,0.0,0,0.0,0.0,0.0,0.0,0.0,0.0,0.0,0.0,0.0,0.0,0.0,7.068,466473,0.017,0.002,3.531,0.5,2.674,0.378,1.165,0.165,0.0,0.000
0,4294967295,526,47,aclnnMul_MulAiCore_Mul,Mul,dynamic,AI_VECTOR_CORE,1785698519247089.907	,326.386,0.030000,40,0,NO,"""4096,4096;4096,4096""",FLOAT;FLOAT,ND;ND,"""4096,4096""",FLOAT,ND,N/A,0.0,0,0.0,0.0,0.0,0.0,0.0,0.0,0.0,0.0,0.0,0.0,0.0,324.532,21419079,6.784,0.021,2.947,0.009,323.059,0.995,110.183,0.34,0.0,0.000
0,4294967295,527,47,Concat,Concat,dynamic,AI_VECTOR_CORE,1785698519247416.313	,9.501,0.000000,40,0,NO,"""64,1,16;64,2,16;64,3,16;64,4,16;64,1,16;64,2,16;64,3,16;64,4,16;64,1,16;64,2,16;64,3,16;64,4,16;64,1,16;64,2,16;64,3,16;64,4,16;64,1,16;64,2,16;64,3,16;64,4,16;64,1,16;64,2,16;64,3,16;64,4,16;64,1,16;64,2,16;64,3,16;64,4,16;64,1,16;64,2,16;64,3,16;64,4,16;64,1,16;64,2,16;64,3,16;64,4,16;64,1,16;64,2,16;64,3,16;64,4,16;64,1,16;64,2,16;64,3,16;64,4,16;64,1,16;64,2,16;64,3,16;64,4,16;64,1,16;64,2,16;64,3,16;64,4,16;64,1,16;64,2,16;64,3,16;64,4,16;64,1,16;64,2,16;64,3,16;64,4,16;64,1,16;64,2,16;64,3,16;64,4,16""",FLOAT16;FLOAT16;FLOAT16;FLOAT16;FLOAT16;FLOAT16;FLOAT16;FLOAT16;FLOAT16;FLOAT16;FLOAT16;FLOAT16;FLOAT16;FLOAT16;FLOAT16;FLOAT16;FLOAT16;FLOAT16;FLOAT16;FLOAT16;FLOAT16;FLOAT16;FLOAT16;FLOAT16;FLOAT16;FLOAT16;FLOAT16;FLOAT16;FLOAT16;FLOAT16;FLOAT16;FLOAT16;FLOAT16;FLOAT16;FLOAT16;FLOAT16;FLOAT16;FLOAT16;FLOAT16;FLOAT16;FLOAT16;FLOAT16;FLOAT16;FLOAT16;FLOAT16;FLOAT16;FLOAT16;FLOAT16;FLOAT16;FLOAT16;FLOAT16;FLOAT16;FLOAT16;FLOAT16;FLOAT16;FLOAT16;FLOAT16;FLOAT16;FLOAT16;FLOAT16;FLOAT16;FLOAT16;FLOAT16;FLOAT16,ND;ND;ND;ND;ND;ND;ND;ND;ND;ND;ND;ND;ND;ND;ND;ND;ND;ND;ND;ND;ND;ND;ND;ND;ND;ND;ND;ND;ND;ND;ND;ND;ND;ND;ND;ND;ND;ND;ND;ND;ND;ND;ND;ND;ND;ND;ND;ND;ND;ND;ND;ND;ND;ND;ND;ND;ND;ND;ND;ND;ND;ND;ND;ND,"""64,160,16""",FLOAT16,ND,N/A,0.0,0,0.0,0.0,0.0,0.0,0.0,0.0,0.0,0.0,0.0,0.0,0.0,7.19,474521,0.017,0.002,3.598,0.5,2.939,0.409,1.002,0.139,0.0,0.000
0,4294967295,528,47,aclnnMul_MulAiCore_Mul,Mul,dynamic,AI_VECTOR_CORE,1785698519247425.834	,327.306,0.000000,40,0,NO,"""4096,4096;4096,4096""",FLOAT;FLOAT,ND;ND,"""4096,4096""",FLOAT,ND,N/A,0.0,0,0.0,0.0,0.0,0.0,0.0,0.0,0.0,0.0,0.0,0.0,0.0,325.172,21461326,6.784,0.021,3.018,0.009,323.634,0.995,107.954,0.332,0.0,0.000
0,4294967295,529,47,Concat,Concat,dynamic,AI_VECTOR_CORE,1785698519247753.180	,11.280,0.194000,40,0,NO,"""64,1,16;64,2,16;64,3,16;64,4,16;64,1,16;64,2,16;64,3,16;64,4,16;64,1,16;64,2,16;64,3,16;64,4,16;64,1,16;64,2,16;64,3,16;64,4,16;64,1,16;64,2,16;64,3,16;64,4,16;64,1,16;64,2,16;64,3,16;64,4,16;64,1,16;64,2,16;64,3,16;64,4,16;64,1,16;64,2,16;64,3,16;64,4,16;64,1,16;64,2,16;64,3,16;64,4,16;64,1,16;64,2,16;64,3,16;64,4,16;64,1,16;64,2,16;64,3,16;64,4,16;64,1,16;64,2,16;64,3,16;64,4,16;64,1,16;64,2,16;64,3,16;64,4,16;64,1,16;64,2,16;64,3,16;64,4,16;64,1,16;64,2,16;64,3,16;64,4,16;64,1,16;64,2,16;64,3,16;64,4,16""",FLOAT16;FLOAT16;FLOAT16;FLOAT16;FLOAT16;FLOAT16;FLOAT16;FLOAT16;FLOAT16;FLOAT16;FLOAT16;FLOAT16;FLOAT16;FLOAT16;FLOAT16;FLOAT16;FLOAT16;FLOAT16;FLOAT16;FLOAT16;FLOAT16;FLOAT16;FLOAT16;FLOAT16;FLOAT16;FLOAT16;FLOAT16;FLOAT16;FLOAT16;FLOAT16;FLOAT16;FLOAT16;FLOAT16;FLOAT16;FLOAT16;FLOAT16;FLOAT16;FLOAT16;FLOAT16;FLOAT16;FLOAT16;FLOAT16;FLOAT16;FLOAT16;FLOAT16;FLOAT16;FLOAT16;FLOAT16;FLOAT16;FLOAT16;FLOAT16;FLOAT16;FLOAT16;FLOAT16;FLOAT16;FLOAT16;FLOAT16;FLOAT16;FLOAT16;FLOAT16;FLOAT16;FLOAT16;FLOAT16;FLOAT16,ND;ND;ND;ND;ND;ND;ND;ND;ND;ND;ND;ND;ND;ND;ND;ND;ND;ND;ND;ND;ND;ND;ND;ND;ND;ND;ND;ND;ND;ND;ND;ND;ND;ND;ND;ND;ND;ND;ND;ND;ND;ND;ND;ND;ND;ND;ND;ND;ND;ND;ND;ND;ND;ND;ND;ND;ND;ND;ND;ND;ND;ND;ND;ND,"""64,160,16""",FLOAT16,ND,N/A,0.0,0,0.0,0.0,0.0,0.0,0.0,0.0,0.0,0.0,0.0,0.0,0.0,8.455,558030,0.017,0.002,3.642,0.431,4.033,0.477,1.086,0.128,0.0,0.000
0,4294967295,530,47,aclnnMul_MulAiCore_Mul,Mul,dynamic,AI_VECTOR_CORE,1785698519247764.480	,327.747,0.000000,40,0,NO,"""4096,4096;4096,4096""",FLOAT;FLOAT,ND;ND,"""4096,4096""",FLOAT,ND,N/A,0.0,0,0.0,0.0,0.0,0.0,0.0,0.0,0.0,0.0,0.0,0.0,0.0,325.556,21486714,6.784,0.021,3.118,0.01,323.902,0.995,108.321,0.333,0.0,0.000
0,4294967295,531,47,Concat,Concat,dynamic,AI_VECTOR_CORE,1785698519248092.247	,11.860,0.003000,40,0,NO,"""64,1,16;64,2,16;64,3,16;64,4,16;64,1,16;64,2,16;64,3,16;64,4,16;64,1,16;64,2,16;64,3,16;64,4,16;64,1,16;64,2,16;64,3,16;64,4,16;64,1,16;64,2,16;64,3,16;64,4,16;64,1,16;64,2,16;64,3,16;64,4,16;64,1,16;64,2,16;64,3,16;64,4,16;64,1,16;64,2,16;64,3,16;64,4,16;64,1,16;64,2,16;64,3,16;64,4,16;64,1,16;64,2,16;64,3,16;64,4,16;64,1,16;64,2,16;64,3,16;64,4,16;64,1,16;64,2,16;64,3,16;64,4,16;64,1,16;64,2,16;64,3,16;64,4,16;64,1,16;64,2,16;64,3,16;64,4,16;64,1,16;64,2,16;64,3,16;64,4,16;64,1,16;64,2,16;64,3,16;64,4,16""",FLOAT16;FLOAT16;FLOAT16;FLOAT16;FLOAT16;FLOAT16;FLOAT16;FLOAT16;FLOAT16;FLOAT16;FLOAT16;FLOAT16;FLOAT16;FLOAT16;FLOAT16;FLOAT16;FLOAT16;FLOAT16;FLOAT16;FLOAT16;FLOAT16;FLOAT16;FLOAT16;FLOAT16;FLOAT16;FLOAT16;FLOAT16;FLOAT16;FLOAT16;FLOAT16;FLOAT16;FLOAT16;FLOAT16;FLOAT16;FLOAT16;FLOAT16;FLOAT16;FLOAT16;FLOAT16;FLOAT16;FLOAT16;FLOAT16;FLOAT16;FLOAT16;FLOAT16;FLOAT16;FLOAT16;FLOAT16;FLOAT16;FLOAT16;FLOAT16;FLOAT16;FLOAT16;FLOAT16;FLOAT16;FLOAT16;FLOAT16;FLOAT16;FLOAT16;FLOAT16;FLOAT16;FLOAT16;FLOAT16;FLOAT16,ND;ND;ND;ND;ND;ND;ND;ND;ND;ND;ND;ND;ND;ND;ND;ND;ND;ND;ND;ND;ND;ND;ND;ND;ND;ND;ND;ND;ND;ND;ND;ND;ND;ND;ND;ND;ND;ND;ND;ND;ND;ND;ND;ND;ND;ND;ND;ND;ND;ND;ND;ND;ND;ND;ND;ND;ND;ND;ND;ND;ND;ND;ND;ND,"""64,160,16""",FLOAT16,ND,N/A,0.0,0,0.0,0.0,0.0,0.0,0.0,0.0,0.0,0.0,0.0,0.0,0.0,9.094,600215,0.017,0.002,3.75,0.412,4.441,0.488,1.314,0.144,0.0,0.000
0,4294967295,532,47,aclnnMul_MulAiCore_Mul,Mul,dynamic,AI_VECTOR_CORE,1785698519248104.127	,327.267,0.140000,40,0,NO,"""4096,4096;4096,4096""",FLOAT;FLOAT,ND;ND,"""4096,4096""",FLOAT,ND,N/A,0.0,0,0.0,0.0,0.0,0.0,0.0,0.0,0.0,0.0,0.0,0.0,0.0,325.037,21452410,6.784,0.021,3.002,0.009,323.506,0.995,108.407,0.334,0.0,0.000
0,4294967295,533,47,Concat,Concat,dynamic,AI_VECTOR_CORE,1785698519248431.414	,10.360,0.000000,40,0,NO,"""64,1,16;64,2,16;64,3,16;64,4,16;64,1,16;64,2,16;64,3,16;64,4,16;64,1,16;64,2,16;64,3,16;64,4,16;64,1,16;64,2,16;64,3,16;64,4,16;64,1,16;64,2,16;64,3,16;64,4,16;64,1,16;64,2,16;64,3,16;64,4,16;64,1,16;64,2,16;64,3,16;64,4,16;64,1,16;64,2,16;64,3,16;64,4,16;64,1,16;64,2,16;64,3,16;64,4,16;64,1,16;64,2,16;64,3,16;64,4,16;64,1,16;64,2,16;64,3,16;64,4,16;64,1,16;64,2,16;64,3,16;64,4,16;64,1,16;64,2,16;64,3,16;64,4,16;64,1,16;64,2,16;64,3,16;64,4,16;64,1,16;64,2,16;64,3,16;64,4,16;64,1,16;64,2,16;64,3,16;64,4,16""",FLOAT16;FLOAT16;FLOAT16;FLOAT16;FLOAT16;FLOAT16;FLOAT16;FLOAT16;FLOAT16;FLOAT16;FLOAT16;FLOAT16;FLOAT16;FLOAT16;FLOAT16;FLOAT16;FLOAT16;FLOAT16;FLOAT16;FLOAT16;FLOAT16;FLOAT16;FLOAT16;FLOAT16;FLOAT16;FLOAT16;FLOAT16;FLOAT16;FLOAT16;FLOAT16;FLOAT16;FLOAT16;FLOAT16;FLOAT16;FLOAT16;FLOAT16;FLOAT16;FLOAT16;FLOAT16;FLOAT16;FLOAT16;FLOAT16;FLOAT16;FLOAT16;FLOAT16;FLOAT16;FLOAT16;FLOAT16;FLOAT16;FLOAT16;FLOAT16;FLOAT16;FLOAT16;FLOAT16;FLOAT16;FLOAT16;FLOAT16;FLOAT16;FLOAT16;FLOAT16;FLOAT16;FLOAT16;FLOAT16;FLOAT16,ND;ND;ND;ND;ND;ND;ND;ND;ND;ND;ND;ND;ND;ND;ND;ND;ND;ND;ND;ND;ND;ND;ND;ND;ND;ND;ND;ND;ND;ND;ND;ND;ND;ND;ND;ND;ND;ND;ND;ND;ND;ND;ND;ND;ND;ND;ND;ND;ND;ND;ND;ND;ND;ND;ND;ND;ND;ND;ND;ND;ND;ND;ND;ND,"""64,160,16""",FLOAT16,ND,N/A,0.0,0,0.0,0.0,0.0,0.0,0.0,0.0,0.0,0.0,0.0,0.0,0.0,7.843,517627,0.017,0.002,3.569,0.455,3.511,0.448,1.052,0.134,0.0,0.000
0,4294967295,534,47,aclnnMul_MulAiCore_Mul,Mul,dynamic,AI_VECTOR_CORE,1785698519248441.814	,327.746,0.000000,40,0,NO,"""4096,4096;4096,4096""",FLOAT;FLOAT,ND;ND,"""4096,4096""",FLOAT,ND,N/A,0.0,0,0.0,0.0,0.0,0.0,0.0,0.0,0.0,0.0,0.0,0.0,0.0,325.011,21450708,6.784,0.021,3.123,0.01,323.347,0.995,108.547,0.334,0.0,0.000
0,4294967295,535,47,Concat,Concat,dynamic,AI_VECTOR_CORE,1785698519248769.600	,9.921,0.004000,40,0,NO,"""64,1,16;64,2,16;64,3,16;64,4,16;64,1,16;64,2,16;64,3,16;64,4,16;64,1,16;64,2,16;64,3,16;64,4,16;64,1,16;64,2,16;64,3,16;64,4,16;64,1,16;64,2,16;64,3,16;64,4,16;64,1,16;64,2,16;64,3,16;64,4,16;64,1,16;64,2,16;64,3,16;64,4,16;64,1,16;64,2,16;64,3,16;64,4,16;64,1,16;64,2,16;64,3,16;64,4,16;64,1,16;64,2,16;64,3,16;64,4,16;64,1,16;64,2,16;64,3,16;64,4,16;64,1,16;64,2,16;64,3,16;64,4,16;64,1,16;64,2,16;64,3,16;64,4,16;64,1,16;64,2,16;64,3,16;64,4,16;64,1,16;64,2,16;64,3,16;64,4,16;64,1,16;64,2,16;64,3,16;64,4,16""",FLOAT16;FLOAT16;FLOAT16;FLOAT16;FLOAT16;FLOAT16;FLOAT16;FLOAT16;FLOAT16;FLOAT16;FLOAT16;FLOAT16;FLOAT16;FLOAT16;FLOAT16;FLOAT16;FLOAT16;FLOAT16;FLOAT16;FLOAT16;FLOAT16;FLOAT16;FLOAT16;FLOAT16;FLOAT16;FLOAT16;FLOAT16;FLOAT16;FLOAT16;FLOAT16;FLOAT16;FLOAT16;FLOAT16;FLOAT16;FLOAT16;FLOAT16;FLOAT16;FLOAT16;FLOAT16;FLOAT16;FLOAT16;FLOAT16;FLOAT16;FLOAT16;FLOAT16;FLOAT16;FLOAT16;FLOAT16;FLOAT16;FLOAT16;FLOAT16;FLOAT16;FLOAT16;FLOAT16;FLOAT16;FLOAT16;FLOAT16;FLOAT16;FLOAT16;FLOAT16;FLOAT16;FLOAT16;FLOAT16;FLOAT16,ND;ND;ND;ND;ND;ND;ND;ND;ND;ND;ND;ND;ND;ND;ND;ND;ND;ND;ND;ND;ND;ND;ND;ND;ND;ND;ND;ND;ND;ND;ND;ND;ND;ND;ND;ND;ND;ND;ND;ND;ND;ND;ND;ND;ND;ND;ND;ND;ND;ND;ND;ND;ND;ND;ND;ND;ND;ND;ND;ND;ND;ND;ND;ND,"""64,160,16""",FLOAT16,ND,N/A,0.0,0,0.0,0.0,0.0,0.0,0.0,0.0,0.0,0.0,0.0,0.0,0.0,7.411,489095,0.017,0.002,4.469,0.603,2.23,0.301,1.053,0.142,0.0,0.000
0,4294967295,536,47,aclnnMul_MulAiCore_Mul,Mul,dynamic,AI_VECTOR_CORE,1785698519248779.561	,327.186,0.079000,40,0,NO,"""4096,4096;4096,4096""",FLOAT;FLOAT,ND;ND,"""4096,4096""",FLOAT,ND,N/A,0.0,0,0.0,0.0,0.0,0.0,0.0,0.0,0.0,0.0,0.0,0.0,0.0,325.003,21450225,6.784,0.021,2.923,0.009,323.49,0.995,107.264,0.33,0.0,0.000
0,4294967295,537,47,Concat,Concat,dynamic,AI_VECTOR_CORE,1785698519249106.767	,10.500,0.064000,40,0,NO,"""64,1,16;64,2,16;64,3,16;64,4,16;64,1,16;64,2,16;64,3,16;64,4,16;64,1,16;64,2,16;64,3,16;64,4,16;64,1,16;64,2,16;64,3,16;64,4,16;64,1,16;64,2,16;64,3,16;64,4,16;64,1,16;64,2,16;64,3,16;64,4,16;64,1,16;64,2,16;64,3,16;64,4,16;64,1,16;64,2,16;64,3,16;64,4,16;64,1,16;64,2,16;64,3,16;64,4,16;64,1,16;64,2,16;64,3,16;64,4,16;64,1,16;64,2,16;64,3,16;64,4,16;64,1,16;64,2,16;64,3,16;64,4,16;64,1,16;64,2,16;64,3,16;64,4,16;64,1,16;64,2,16;64,3,16;64,4,16;64,1,16;64,2,16;64,3,16;64,4,16;64,1,16;64,2,16;64,3,16;64,4,16""",FLOAT16;FLOAT16;FLOAT16;FLOAT16;FLOAT16;FLOAT16;FLOAT16;FLOAT16;FLOAT16;FLOAT16;FLOAT16;FLOAT16;FLOAT16;FLOAT16;FLOAT16;FLOAT16;FLOAT16;FLOAT16;FLOAT16;FLOAT16;FLOAT16;FLOAT16;FLOAT16;FLOAT16;FLOAT16;FLOAT16;FLOAT16;FLOAT16;FLOAT16;FLOAT16;FLOAT16;FLOAT16;FLOAT16;FLOAT16;FLOAT16;FLOAT16;FLOAT16;FLOAT16;FLOAT16;FLOAT16;FLOAT16;FLOAT16;FLOAT16;FLOAT16;FLOAT16;FLOAT16;FLOAT16;FLOAT16;FLOAT16;FLOAT16;FLOAT16;FLOAT16;FLOAT16;FLOAT16;FLOAT16;FLOAT16;FLOAT16;FLOAT16;FLOAT16;FLOAT16;FLOAT16;FLOAT16;FLOAT16;FLOAT16,ND;ND;ND;ND;ND;ND;ND;ND;ND;ND;ND;ND;ND;ND;ND;ND;ND;ND;ND;ND;ND;ND;ND;ND;ND;ND;ND;ND;ND;ND;ND;ND;ND;ND;ND;ND;ND;ND;ND;ND;ND;ND;ND;ND;ND;ND;ND;ND;ND;ND;ND;ND;ND;ND;ND;ND;ND;ND;ND;ND;ND;ND;ND;ND,"""64,160,16""",FLOAT16,ND,N/A,0.0,0,0.0,0.0,0.0,0.0,0.0,0.0,0.0,0.0,0.0,0.0,0.0,8.528,562865,0.017,0.002,4.294,0.503,3.744,0.439,1.14,0.134,0.0,0.000
0,4294967295,538,47,aclnnMul_MulAiCore_Mul,Mul,dynamic,AI_VECTOR_CORE,1785698519249117.287	,326.727,0.000000,40,0,NO,"""4096,4096;4096,4096""",FLOAT;FLOAT,ND;ND,"""4096,4096""",FLOAT,ND,N/A,0.0,0,0.0,0.0,0.0,0.0,0.0,0.0,0.0,0.0,0.0,0.0,0.0,324.815,21437802,6.784,0.021,3.027,0.009,323.226,0.995,107.723,0.332,0.0,0.000
0,4294967295,539,47,Concat,Concat,dynamic,AI_VECTOR_CORE,1785698519249444.034	,11.640,0.023000,40,0,NO,"""64,1,16;64,2,16;64,3,16;64,4,16;64,1,16;64,2,16;64,3,16;64,4,16;64,1,16;64,2,16;64,3,16;64,4,16;64,1,16;64,2,16;64,3,16;64,4,16;64,1,16;64,2,16;64,3,16;64,4,16;64,1,16;64,2,16;64,3,16;64,4,16;64,1,16;64,2,16;64,3,16;64,4,16;64,1,16;64,2,16;64,3,16;64,4,16;64,1,16;64,2,16;64,3,16;64,4,16;64,1,16;64,2,16;64,3,16;64,4,16;64,1,16;64,2,16;64,3,16;64,4,16;64,1,16;64,2,16;64,3,16;64,4,16;64,1,16;64,2,16;64,3,16;64,4,16;64,1,16;64,2,16;64,3,16;64,4,16;64,1,16;64,2,16;64,3,16;64,4,16;64,1,16;64,2,16;64,3,16;64,4,16""",FLOAT16;FLOAT16;FLOAT16;FLOAT16;FLOAT16;FLOAT16;FLOAT16;FLOAT16;FLOAT16;FLOAT16;FLOAT16;FLOAT16;FLOAT16;FLOAT16;FLOAT16;FLOAT16;FLOAT16;FLOAT16;FLOAT16;FLOAT16;FLOAT16;FLOAT16;FLOAT16;FLOAT16;FLOAT16;FLOAT16;FLOAT16;FLOAT16;FLOAT16;FLOAT16;FLOAT16;FLOAT16;FLOAT16;FLOAT16;FLOAT16;FLOAT16;FLOAT16;FLOAT16;FLOAT16;FLOAT16;FLOAT16;FLOAT16;FLOAT16;FLOAT16;FLOAT16;FLOAT16;FLOAT16;FLOAT16;FLOAT16;FLOAT16;FLOAT16;FLOAT16;FLOAT16;FLOAT16;FLOAT16;FLOAT16;FLOAT16;FLOAT16;FLOAT16;FLOAT16;FLOAT16;FLOAT16;FLOAT16;FLOAT16,ND;ND;ND;ND;ND;ND;ND;ND;ND;ND;ND;ND;ND;ND;ND;ND;ND;ND;ND;ND;ND;ND;ND;ND;ND;ND;ND;ND;ND;ND;ND;ND;ND;ND;ND;ND;ND;ND;ND;ND;ND;ND;ND;ND;ND;ND;ND;ND;ND;ND;ND;ND;ND;ND;ND;ND;ND;ND;ND;ND;ND;ND;ND;ND,"""64,160,16""",FLOAT16,ND,N/A,0.0,0,0.0,0.0,0.0,0.0,0.0,0.0,0.0,0.0,0.0,0.0,0.0,9.521,628363,0.017,0.002,4.933,0.518,3.835,0.403,1.145,0.12,0.0,0.000
0,4294967295,540,47,aclnnMul_MulAiCore_Mul,Mul,dynamic,AI_VECTOR_CORE,1785698519249455.694	,326.927,0.110000,40,0,NO,"""4096,4096;4096,4096""",FLOAT;FLOAT,ND;ND,"""4096,4096""",FLOAT,ND,N/A,0.0,0,0.0,0.0,0.0,0.0,0.0,0.0,0.0,0.0,0.0,0.0,0.0,324.962,21447523,6.784,0.021,2.933,0.009,323.474,0.995,108.952,0.335,0.0,0.000
0,4294967295,541,47,Concat,Concat,dynamic,AI_VECTOR_CORE,1785698519249782.661	,9.600,0.073000,40,0,NO,"""64,1,16;64,2,16;64,3,16;64,4,16;64,1,16;64,2,16;64,3,16;64,4,16;64,1,16;64,2,16;64,3,16;64,4,16;64,1,16;64,2,16;64,3,16;64,4,16;64,1,16;64,2,16;64,3,16;64,4,16;64,1,16;64,2,16;64,3,16;64,4,16;64,1,16;64,2,16;64,3,16;64,4,16;64,1,16;64,2,16;64,3,16;64,4,16;64,1,16;64,2,16;64,3,16;64,4,16;64,1,16;64,2,16;64,3,16;64,4,16;64,1,16;64,2,16;64,3,16;64,4,16;64,1,16;64,2,16;64,3,16;64,4,16;64,1,16;64,2,16;64,3,16;64,4,16;64,1,16;64,2,16;64,3,16;64,4,16;64,1,16;64,2,16;64,3,16;64,4,16;64,1,16;64,2,16;64,3,16;64,4,16""",FLOAT16;FLOAT16;FLOAT16;FLOAT16;FLOAT16;FLOAT16;FLOAT16;FLOAT16;FLOAT16;FLOAT16;FLOAT16;FLOAT16;FLOAT16;FLOAT16;FLOAT16;FLOAT16;FLOAT16;FLOAT16;FLOAT16;FLOAT16;FLOAT16;FLOAT16;FLOAT16;FLOAT16;FLOAT16;FLOAT16;FLOAT16;FLOAT16;FLOAT16;FLOAT16;FLOAT16;FLOAT16;FLOAT16;FLOAT16;FLOAT16;FLOAT16;FLOAT16;FLOAT16;FLOAT16;FLOAT16;FLOAT16;FLOAT16;FLOAT16;FLOAT16;FLOAT16;FLOAT16;FLOAT16;FLOAT16;FLOAT16;FLOAT16;FLOAT16;FLOAT16;FLOAT16;FLOAT16;FLOAT16;FLOAT16;FLOAT16;FLOAT16;FLOAT16;FLOAT16;FLOAT16;FLOAT16;FLOAT16;FLOAT16,ND;ND;ND;ND;ND;ND;ND;ND;ND;ND;ND;ND;ND;ND;ND;ND;ND;ND;ND;ND;ND;ND;ND;ND;ND;ND;ND;ND;ND;ND;ND;ND;ND;ND;ND;ND;ND;ND;ND;ND;ND;ND;ND;ND;ND;ND;ND;ND;ND;ND;ND;ND;ND;ND;ND;ND;ND;ND;ND;ND;ND;ND;ND;ND,"""64,160,16""",FLOAT16,ND,N/A,0.0,0,0.0,0.0,0.0,0.0,0.0,0.0,0.0,0.0,0.0,0.0,0.0,7.11,469286,0.017,0.002,3.658,0.514,2.729,0.384,1.125,0.158,0.0,0.000
0,4294967295,542,47,aclnnMul_MulAiCore_Mul,Mul,dynamic,AI_VECTOR_CORE,1785698519249792.281	,328.346,0.000000,40,0,NO,"""4096,4096;4096,4096""",FLOAT;FLOAT,ND;ND,"""4096,4096""",FLOAT,ND,N/A,0.0,0,0.0,0.0,0.0,0.0,0.0,0.0,0.0,0.0,0.0,0.0,0.0,326.478,21547574,6.784,0.021,3.043,0.009,324.918,0.995,110.801,0.339,0.0,0.000
0,4294967295,543,47,Concat,Concat,dynamic,AI_VECTOR_CORE,1785698519250120.647	,9.081,0.154000,40,0,NO,"""64,1,16;64,2,16;64,3,16;64,4,16;64,1,16;64,2,16;64,3,16;64,4,16;64,1,16;64,2,16;64,3,16;64,4,16;64,1,16;64,2,16;64,3,16;64,4,16;64,1,16;64,2,16;64,3,16;64,4,16;64,1,16;64,2,16;64,3,16;64,4,16;64,1,16;64,2,16;64,3,16;64,4,16;64,1,16;64,2,16;64,3,16;64,4,16;64,1,16;64,2,16;64,3,16;64,4,16;64,1,16;64,2,16;64,3,16;64,4,16;64,1,16;64,2,16;64,3,16;64,4,16;64,1,16;64,2,16;64,3,16;64,4,16;64,1,16;64,2,16;64,3,16;64,4,16;64,1,16;64,2,16;64,3,16;64,4,16;64,1,16;64,2,16;64,3,16;64,4,16;64,1,16;64,2,16;64,3,16;64,4,16""",FLOAT16;FLOAT16;FLOAT16;FLOAT16;FLOAT16;FLOAT16;FLOAT16;FLOAT16;FLOAT16;FLOAT16;FLOAT16;FLOAT16;FLOAT16;FLOAT16;FLOAT16;FLOAT16;FLOAT16;FLOAT16;FLOAT16;FLOAT16;FLOAT16;FLOAT16;FLOAT16;FLOAT16;FLOAT16;FLOAT16;FLOAT16;FLOAT16;FLOAT16;FLOAT16;FLOAT16;FLOAT16;FLOAT16;FLOAT16;FLOAT16;FLOAT16;FLOAT16;FLOAT16;FLOAT16;FLOAT16;FLOAT16;FLOAT16;FLOAT16;FLOAT16;FLOAT16;FLOAT16;FLOAT16;FLOAT16;FLOAT16;FLOAT16;FLOAT16;FLOAT16;FLOAT16;FLOAT16;FLOAT16;FLOAT16;FLOAT16;FLOAT16;FLOAT16;FLOAT16;FLOAT16;FLOAT16;FLOAT16;FLOAT16,ND;ND;ND;ND;ND;ND;ND;ND;ND;ND;ND;ND;ND;ND;ND;ND;ND;ND;ND;ND;ND;ND;ND;ND;ND;ND;ND;ND;ND;ND;ND;ND;ND;ND;ND;ND;ND;ND;ND;ND;ND;ND;ND;ND;ND;ND;ND;ND;ND;ND;ND;ND;ND;ND;ND;ND;ND;ND;ND;ND;ND;ND;ND;ND,"""64,160,16""",FLOAT16,ND,N/A,0.0,0,0.0,0.0,0.0,0.0,0.0,0.0,0.0,0.0,0.0,0.0,0.0,6.908,455938,0.017,0.002,3.459,0.501,2.676,0.387,1.089,0.158,0.0,0.000
0,4294967295,544,47,aclnnMul_MulAiCore_Mul,Mul,dynamic,AI_VECTOR_CORE,1785698519250129.748	,327.446,0.000000,40,0,NO,"""4096,4096;4096,4096""",FLOAT;FLOAT,ND;ND,"""4096,4096""",FLOAT,ND,N/A,0.0,0,0.0,0.0,0.0,0.0,0.0,0.0,0.0,0.0,0.0,0.0,0.0,325.639,21492191,6.784,0.021,3.001,0.009,324.121,0.995,106.879,0.328,0.0,0.000
0,4294967295,545,47,Concat,Concat,dynamic,AI_VECTOR_CORE,1785698519250457.214	,11.500,0.054000,40,0,NO,"""64,1,16;64,2,16;64,3,16;64,4,16;64,1,16;64,2,16;64,3,16;64,4,16;64,1,16;64,2,16;64,3,16;64,4,16;64,1,16;64,2,16;64,3,16;64,4,16;64,1,16;64,2,16;64,3,16;64,4,16;64,1,16;64,2,16;64,3,16;64,4,16;64,1,16;64,2,16;64,3,16;64,4,16;64,1,16;64,2,16;64,3,16;64,4,16;64,1,16;64,2,16;64,3,16;64,4,16;64,1,16;64,2,16;64,3,16;64,4,16;64,1,16;64,2,16;64,3,16;64,4,16;64,1,16;64,2,16;64,3,16;64,4,16;64,1,16;64,2,16;64,3,16;64,4,16;64,1,16;64,2,16;64,3,16;64,4,16;64,1,16;64,2,16;64,3,16;64,4,16;64,1,16;64,2,16;64,3,16;64,4,16""",FLOAT16;FLOAT16;FLOAT16;FLOAT16;FLOAT16;FLOAT16;FLOAT16;FLOAT16;FLOAT16;FLOAT16;FLOAT16;FLOAT16;FLOAT16;FLOAT16;FLOAT16;FLOAT16;FLOAT16;FLOAT16;FLOAT16;FLOAT16;FLOAT16;FLOAT16;FLOAT16;FLOAT16;FLOAT16;FLOAT16;FLOAT16;FLOAT16;FLOAT16;FLOAT16;FLOAT16;FLOAT16;FLOAT16;FLOAT16;FLOAT16;FLOAT16;FLOAT16;FLOAT16;FLOAT16;FLOAT16;FLOAT16;FLOAT16;FLOAT16;FLOAT16;FLOAT16;FLOAT16;FLOAT16;FLOAT16;FLOAT16;FLOAT16;FLOAT16;FLOAT16;FLOAT16;FLOAT16;FLOAT16;FLOAT16;FLOAT16;FLOAT16;FLOAT16;FLOAT16;FLOAT16;FLOAT16;FLOAT16;FLOAT16,ND;ND;ND;ND;ND;ND;ND;ND;ND;ND;ND;ND;ND;ND;ND;ND;ND;ND;ND;ND;ND;ND;ND;ND;ND;ND;ND;ND;ND;ND;ND;ND;ND;ND;ND;ND;ND;ND;ND;ND;ND;ND;ND;ND;ND;ND;ND;ND;ND;ND;ND;ND;ND;ND;ND;ND;ND;ND;ND;ND;ND;ND;ND;ND,"""64,160,16""",FLOAT16,ND,N/A,0.0,0,0.0,0.0,0.0,0.0,0.0,0.0,0.0,0.0,0.0,0.0,0.0,8.638,570075,0.017,0.002,3.584,0.415,4.136,0.479,1.21,0.14,0.0,0.000
0,4294967295,546,47,aclnnMul_MulAiCore_Mul,Mul,dynamic,AI_VECTOR_CORE,1785698519250468.734	,326.387,0.000000,40,0,NO,"""4096,4096;4096,4096""",FLOAT;FLOAT,ND;ND,"""4096,4096""",FLOAT,ND,N/A,0.0,0,0.0,0.0,0.0,0.0,0.0,0.0,0.0,0.0,0.0,0.0,0.0,323.959,21381326,6.784,0.021,3.062,0.009,322.308,0.995,108.573,0.335,0.0,0.000
0,4294967295,547,47,Concat,Concat,dynamic,AI_VECTOR_CORE,1785698519250795.141	,11.340,0.113000,40,0,NO,"""64,1,16;64,2,16;64,3,16;64,4,16;64,1,16;64,2,16;64,3,16;64,4,16;64,1,16;64,2,16;64,3,16;64,4,16;64,1,16;64,2,16;64,3,16;64,4,16;64,1,16;64,2,16;64,3,16;64,4,16;64,1,16;64,2,16;64,3,16;64,4,16;64,1,16;64,2,16;64,3,16;64,4,16;64,1,16;64,2,16;64,3,16;64,4,16;64,1,16;64,2,16;64,3,16;64,4,16;64,1,16;64,2,16;64,3,16;64,4,16;64,1,16;64,2,16;64,3,16;64,4,16;64,1,16;64,2,16;64,3,16;64,4,16;64,1,16;64,2,16;64,3,16;64,4,16;64,1,16;64,2,16;64,3,16;64,4,16;64,1,16;64,2,16;64,3,16;64,4,16;64,1,16;64,2,16;64,3,16;64,4,16""",FLOAT16;FLOAT16;FLOAT16;FLOAT16;FLOAT16;FLOAT16;FLOAT16;FLOAT16;FLOAT16;FLOAT16;FLOAT16;FLOAT16;FLOAT16;FLOAT16;FLOAT16;FLOAT16;FLOAT16;FLOAT16;FLOAT16;FLOAT16;FLOAT16;FLOAT16;FLOAT16;FLOAT16;FLOAT16;FLOAT16;FLOAT16;FLOAT16;FLOAT16;FLOAT16;FLOAT16;FLOAT16;FLOAT16;FLOAT16;FLOAT16;FLOAT16;FLOAT16;FLOAT16;FLOAT16;FLOAT16;FLOAT16;FLOAT16;FLOAT16;FLOAT16;FLOAT16;FLOAT16;FLOAT16;FLOAT16;FLOAT16;FLOAT16;FLOAT16;FLOAT16;FLOAT16;FLOAT16;FLOAT16;FLOAT16;FLOAT16;FLOAT16;FLOAT16;FLOAT16;FLOAT16;FLOAT16;FLOAT16;FLOAT16,ND;ND;ND;ND;ND;ND;ND;ND;ND;ND;ND;ND;ND;ND;ND;ND;ND;ND;ND;ND;ND;ND;ND;ND;ND;ND;ND;ND;ND;ND;ND;ND;ND;ND;ND;ND;ND;ND;ND;ND;ND;ND;ND;ND;ND;ND;ND;ND;ND;ND;ND;ND;ND;ND;ND;ND;ND;ND;ND;ND;ND;ND;ND;ND,"""64,160,16""",FLOAT16,ND,N/A,0.0,0,0.0,0.0,0.0,0.0,0.0,0.0,0.0,0.0,0.0,0.0,0.0,8.361,551801,0.017,0.002,3.661,0.438,3.924,0.469,1.117,0.134,0.0,0.000
0,4294967295,548,47,aclnnMul_MulAiCore_Mul,Mul,dynamic,AI_VECTOR_CORE,1785698519250806.501	,327.987,0.000000,40,0,NO,"""4096,4096;4096,4096""",FLOAT;FLOAT,ND;ND,"""4096,4096""",FLOAT,ND,N/A,0.0,0,0.0,0.0,0.0,0.0,0.0,0.0,0.0,0.0,0.0,0.0,0.0,325.46,21480356,6.784,0.021,3.106,0.01,323.836,0.995,109.794,0.337,0.0,0.000
0,4294967295,549,47,Concat,Concat,dynamic,AI_VECTOR_CORE,1785698519251134.528	,11.300,0.013000,40,0,NO,"""64,1,16;64,2,16;64,3,16;64,4,16;64,1,16;64,2,16;64,3,16;64,4,16;64,1,16;64,2,16;64,3,16;64,4,16;64,1,16;64,2,16;64,3,16;64,4,16;64,1,16;64,2,16;64,3,16;64,4,16;64,1,16;64,2,16;64,3,16;64,4,16;64,1,16;64,2,16;64,3,16;64,4,16;64,1,16;64,2,16;64,3,16;64,4,16;64,1,16;64,2,16;64,3,16;64,4,16;64,1,16;64,2,16;64,3,16;64,4,16;64,1,16;64,2,16;64,3,16;64,4,16;64,1,16;64,2,16;64,3,16;64,4,16;64,1,16;64,2,16;64,3,16;64,4,16;64,1,16;64,2,16;64,3,16;64,4,16;64,1,16;64,2,16;64,3,16;64,4,16;64,1,16;64,2,16;64,3,16;64,4,16""",FLOAT16;FLOAT16;FLOAT16;FLOAT16;FLOAT16;FLOAT16;FLOAT16;FLOAT16;FLOAT16;FLOAT16;FLOAT16;FLOAT16;FLOAT16;FLOAT16;FLOAT16;FLOAT16;FLOAT16;FLOAT16;FLOAT16;FLOAT16;FLOAT16;FLOAT16;FLOAT16;FLOAT16;FLOAT16;FLOAT16;FLOAT16;FLOAT16;FLOAT16;FLOAT16;FLOAT16;FLOAT16;FLOAT16;FLOAT16;FLOAT16;FLOAT16;FLOAT16;FLOAT16;FLOAT16;FLOAT16;FLOAT16;FLOAT16;FLOAT16;FLOAT16;FLOAT16;FLOAT16;FLOAT16;FLOAT16;FLOAT16;FLOAT16;FLOAT16;FLOAT16;FLOAT16;FLOAT16;FLOAT16;FLOAT16;FLOAT16;FLOAT16;FLOAT16;FLOAT16;FLOAT16;FLOAT16;FLOAT16;FLOAT16,ND;ND;ND;ND;ND;ND;ND;ND;ND;ND;ND;ND;ND;ND;ND;ND;ND;ND;ND;ND;ND;ND;ND;ND;ND;ND;ND;ND;ND;ND;ND;ND;ND;ND;ND;ND;ND;ND;ND;ND;ND;ND;ND;ND;ND;ND;ND;ND;ND;ND;ND;ND;ND;ND;ND;ND;ND;ND;ND;ND;ND;ND;ND;ND,"""64,160,16""",FLOAT16,ND,N/A,0.0,0,0.0,0.0,0.0,0.0,0.0,0.0,0.0,0.0,0.0,0.0,0.0,8.315,548790,0.017,0.002,3.838,0.462,3.825,0.46,1.021,0.123,0.0,0.000
0,4294967295,550,47,aclnnMul_MulAiCore_Mul,Mul,dynamic,AI_VECTOR_CORE,1785698519251145.848	,327.386,0.000000,40,0,NO,"""4096,4096;4096,4096""",FLOAT;FLOAT,ND;ND,"""4096,4096""",FLOAT,ND,N/A,0.0,0,0.0,0.0,0.0,0.0,0.0,0.0,0.0,0.0,0.0,0.0,0.0,325.524,21484586,6.784,0.021,3.415,0.01,323.576,0.994,108.964,0.335,0.0,0.000
0,4294967295,551,47,Concat,Concat,dynamic,AI_VECTOR_CORE,1785698519251473.254	,10.041,0.114000,40,0,NO,"""64,1,16;64,2,16;64,3,16;64,4,16;64,1,16;64,2,16;64,3,16;64,4,16;64,1,16;64,2,16;64,3,16;64,4,16;64,1,16;64,2,16;64,3,16;64,4,16;64,1,16;64,2,16;64,3,16;64,4,16;64,1,16;64,2,16;64,3,16;64,4,16;64,1,16;64,2,16;64,3,16;64,4,16;64,1,16;64,2,16;64,3,16;64,4,16;64,1,16;64,2,16;64,3,16;64,4,16;64,1,16;64,2,16;64,3,16;64,4,16;64,1,16;64,2,16;64,3,16;64,4,16;64,1,16;64,2,16;64,3,16;64,4,16;64,1,16;64,2,16;64,3,16;64,4,16;64,1,16;64,2,16;64,3,16;64,4,16;64,1,16;64,2,16;64,3,16;64,4,16;64,1,16;64,2,16;64,3,16;64,4,16""",FLOAT16;FLOAT16;FLOAT16;FLOAT16;FLOAT16;FLOAT16;FLOAT16;FLOAT16;FLOAT16;FLOAT16;FLOAT16;FLOAT16;FLOAT16;FLOAT16;FLOAT16;FLOAT16;FLOAT16;FLOAT16;FLOAT16;FLOAT16;FLOAT16;FLOAT16;FLOAT16;FLOAT16;FLOAT16;FLOAT16;FLOAT16;FLOAT16;FLOAT16;FLOAT16;FLOAT16;FLOAT16;FLOAT16;FLOAT16;FLOAT16;FLOAT16;FLOAT16;FLOAT16;FLOAT16;FLOAT16;FLOAT16;FLOAT16;FLOAT16;FLOAT16;FLOAT16;FLOAT16;FLOAT16;FLOAT16;FLOAT16;FLOAT16;FLOAT16;FLOAT16;FLOAT16;FLOAT16;FLOAT16;FLOAT16;FLOAT16;FLOAT16;FLOAT16;FLOAT16;FLOAT16;FLOAT16;FLOAT16;FLOAT16,ND;ND;ND;ND;ND;ND;ND;ND;ND;ND;ND;ND;ND;ND;ND;ND;ND;ND;ND;ND;ND;ND;ND;ND;ND;ND;ND;ND;ND;ND;ND;ND;ND;ND;ND;ND;ND;ND;ND;ND;ND;ND;ND;ND;ND;ND;ND;ND;ND;ND;ND;ND;ND;ND;ND;ND;ND;ND;ND;ND;ND;ND;ND;ND,"""64,160,16""",FLOAT16,ND,N/A,0.0,0,0.0,0.0,0.0,0.0,0.0,0.0,0.0,0.0,0.0,0.0,0.0,7.456,492110,0.017,0.002,3.488,0.468,3.25,0.436,1.03,0.138,0.0,0.000
0,4294967295,552,47,aclnnMul_MulAiCore_Mul,Mul,dynamic,AI_VECTOR_CORE,1785698519251483.315	,327.666,0.000000,40,0,NO,"""4096,4096;4096,4096""",FLOAT;FLOAT,ND;ND,"""4096,4096""",FLOAT,ND,N/A,0.0,0,0.0,0.0,0.0,0.0,0.0,0.0,0.0,0.0,0.0,0.0,0.0,325.54,21485663,6.784,0.021,3.0,0.009,323.98,0.995,109.909,0.338,0.0,0.000
0,4294967295,553,47,Concat,Concat,dynamic,AI_VECTOR_CORE,1785698519251811.001	,11.180,0.084000,40,0,NO,"""64,1,16;64,2,16;64,3,16;64,4,16;64,1,16;64,2,16;64,3,16;64,4,16;64,1,16;64,2,16;64,3,16;64,4,16;64,1,16;64,2,16;64,3,16;64,4,16;64,1,16;64,2,16;64,3,16;64,4,16;64,1,16;64,2,16;64,3,16;64,4,16;64,1,16;64,2,16;64,3,16;64,4,16;64,1,16;64,2,16;64,3,16;64,4,16;64,1,16;64,2,16;64,3,16;64,4,16;64,1,16;64,2,16;64,3,16;64,4,16;64,1,16;64,2,16;64,3,16;64,4,16;64,1,16;64,2,16;64,3,16;64,4,16;64,1,16;64,2,16;64,3,16;64,4,16;64,1,16;64,2,16;64,3,16;64,4,16;64,1,16;64,2,16;64,3,16;64,4,16;64,1,16;64,2,16;64,3,16;64,4,16""",FLOAT16;FLOAT16;FLOAT16;FLOAT16;FLOAT16;FLOAT16;FLOAT16;FLOAT16;FLOAT16;FLOAT16;FLOAT16;FLOAT16;FLOAT16;FLOAT16;FLOAT16;FLOAT16;FLOAT16;FLOAT16;FLOAT16;FLOAT16;FLOAT16;FLOAT16;FLOAT16;FLOAT16;FLOAT16;FLOAT16;FLOAT16;FLOAT16;FLOAT16;FLOAT16;FLOAT16;FLOAT16;FLOAT16;FLOAT16;FLOAT16;FLOAT16;FLOAT16;FLOAT16;FLOAT16;FLOAT16;FLOAT16;FLOAT16;FLOAT16;FLOAT16;FLOAT16;FLOAT16;FLOAT16;FLOAT16;FLOAT16;FLOAT16;FLOAT16;FLOAT16;FLOAT16;FLOAT16;FLOAT16;FLOAT16;FLOAT16;FLOAT16;FLOAT16;FLOAT16;FLOAT16;FLOAT16;FLOAT16;FLOAT16,ND;ND;ND;ND;ND;ND;ND;ND;ND;ND;ND;ND;ND;ND;ND;ND;ND;ND;ND;ND;ND;ND;ND;ND;ND;ND;ND;ND;ND;ND;ND;ND;ND;ND;ND;ND;ND;ND;ND;ND;ND;ND;ND;ND;ND;ND;ND;ND;ND;ND;ND;ND;ND;ND;ND;ND;ND;ND;ND;ND;ND;ND;ND;ND,"""64,160,16""",FLOAT16,ND,N/A,0.0,0,0.0,0.0,0.0,0.0,0.0,0.0,0.0,0.0,0.0,0.0,0.0,8.97,592011,0.017,0.002,4.448,0.496,4.005,0.446,1.153,0.129,0.0,0.000
0,4294967295,554,47,aclnnMul_MulAiCore_Mul,Mul,dynamic,AI_VECTOR_CORE,1785698519251822.201	,326.007,0.070000,40,0,NO,"""4096,4096;4096,4096""",FLOAT;FLOAT,ND;ND,"""4096,4096""",FLOAT,ND,N/A,0.0,0,0.0,0.0,0.0,0.0,0.0,0.0,0.0,0.0,0.0,0.0,0.0,324.193,21396755,6.784,0.021,3.013,0.009,322.659,0.995,108.919,0.336,0.0,0.000
0,4294967295,555,47,Concat,Concat,dynamic,AI_VECTOR_CORE,1785698519252148.228	,11.200,0.000000,40,0,NO,"""64,1,16;64,2,16;64,3,16;64,4,16;64,1,16;64,2,16;64,3,16;64,4,16;64,1,16;64,2,16;64,3,16;64,4,16;64,1,16;64,2,16;64,3,16;64,4,16;64,1,16;64,2,16;64,3,16;64,4,16;64,1,16;64,2,16;64,3,16;64,4,16;64,1,16;64,2,16;64,3,16;64,4,16;64,1,16;64,2,16;64,3,16;64,4,16;64,1,16;64,2,16;64,3,16;64,4,16;64,1,16;64,2,16;64,3,16;64,4,16;64,1,16;64,2,16;64,3,16;64,4,16;64,1,16;64,2,16;64,3,16;64,4,16;64,1,16;64,2,16;64,3,16;64,4,16;64,1,16;64,2,16;64,3,16;64,4,16;64,1,16;64,2,16;64,3,16;64,4,16;64,1,16;64,2,16;64,3,16;64,4,16""",FLOAT16;FLOAT16;FLOAT16;FLOAT16;FLOAT16;FLOAT16;FLOAT16;FLOAT16;FLOAT16;FLOAT16;FLOAT16;FLOAT16;FLOAT16;FLOAT16;FLOAT16;FLOAT16;FLOAT16;FLOAT16;FLOAT16;FLOAT16;FLOAT16;FLOAT16;FLOAT16;FLOAT16;FLOAT16;FLOAT16;FLOAT16;FLOAT16;FLOAT16;FLOAT16;FLOAT16;FLOAT16;FLOAT16;FLOAT16;FLOAT16;FLOAT16;FLOAT16;FLOAT16;FLOAT16;FLOAT16;FLOAT16;FLOAT16;FLOAT16;FLOAT16;FLOAT16;FLOAT16;FLOAT16;FLOAT16;FLOAT16;FLOAT16;FLOAT16;FLOAT16;FLOAT16;FLOAT16;FLOAT16;FLOAT16;FLOAT16;FLOAT16;FLOAT16;FLOAT16;FLOAT16;FLOAT16;FLOAT16;FLOAT16,ND;ND;ND;ND;ND;ND;ND;ND;ND;ND;ND;ND;ND;ND;ND;ND;ND;ND;ND;ND;ND;ND;ND;ND;ND;ND;ND;ND;ND;ND;ND;ND;ND;ND;ND;ND;ND;ND;ND;ND;ND;ND;ND;ND;ND;ND;ND;ND;ND;ND;ND;ND;ND;ND;ND;ND;ND;ND;ND;ND;ND;ND;ND;ND,"""64,160,16""",FLOAT16,ND,N/A,0.0,0,0.0,0.0,0.0,0.0,0.0,0.0,0.0,0.0,0.0,0.0,0.0,8.349,551051,0.017,0.002,3.983,0.477,3.856,0.462,1.114,0.133,0.0,0.000
0,4294967295,556,47,aclnnMul_MulAiCore_Mul,Mul,dynamic,AI_VECTOR_CORE,1785698519252159.448	,327.147,0.050000,40,0,NO,"""4096,4096;4096,4096""",FLOAT;FLOAT,ND;ND,"""4096,4096""",FLOAT,ND,N/A,0.0,0,0.0,0.0,0.0,0.0,0.0,0.0,0.0,0.0,0.0,0.0,0.0,325.311,21470503,6.784,0.021,2.984,0.009,323.782,0.995,109.167,0.336,0.0,0.000
0,4294967295,557,47,Concat,Concat,dynamic,AI_VECTOR_CORE,1785698519252486.615	,9.160,0.000000,40,0,NO,"""64,1,16;64,2,16;64,3,16;64,4,16;64,1,16;64,2,16;64,3,16;64,4,16;64,1,16;64,2,16;64,3,16;64,4,16;64,1,16;64,2,16;64,3,16;64,4,16;64,1,16;64,2,16;64,3,16;64,4,16;64,1,16;64,2,16;64,3,16;64,4,16;64,1,16;64,2,16;64,3,16;64,4,16;64,1,16;64,2,16;64,3,16;64,4,16;64,1,16;64,2,16;64,3,16;64,4,16;64,1,16;64,2,16;64,3,16;64,4,16;64,1,16;64,2,16;64,3,16;64,4,16;64,1,16;64,2,16;64,3,16;64,4,16;64,1,16;64,2,16;64,3,16;64,4,16;64,1,16;64,2,16;64,3,16;64,4,16;64,1,16;64,2,16;64,3,16;64,4,16;64,1,16;64,2,16;64,3,16;64,4,16""",FLOAT16;FLOAT16;FLOAT16;FLOAT16;FLOAT16;FLOAT16;FLOAT16;FLOAT16;FLOAT16;FLOAT16;FLOAT16;FLOAT16;FLOAT16;FLOAT16;FLOAT16;FLOAT16;FLOAT16;FLOAT16;FLOAT16;FLOAT16;FLOAT16;FLOAT16;FLOAT16;FLOAT16;FLOAT16;FLOAT16;FLOAT16;FLOAT16;FLOAT16;FLOAT16;FLOAT16;FLOAT16;FLOAT16;FLOAT16;FLOAT16;FLOAT16;FLOAT16;FLOAT16;FLOAT16;FLOAT16;FLOAT16;FLOAT16;FLOAT16;FLOAT16;FLOAT16;FLOAT16;FLOAT16;FLOAT16;FLOAT16;FLOAT16;FLOAT16;FLOAT16;FLOAT16;FLOAT16;FLOAT16;FLOAT16;FLOAT16;FLOAT16;FLOAT16;FLOAT16;FLOAT16;FLOAT16;FLOAT16;FLOAT16,ND;ND;ND;ND;ND;ND;ND;ND;ND;ND;ND;ND;ND;ND;ND;ND;ND;ND;ND;ND;ND;ND;ND;ND;ND;ND;ND;ND;ND;ND;ND;ND;ND;ND;ND;ND;ND;ND;ND;ND;ND;ND;ND;ND;ND;ND;ND;ND;ND;ND;ND;ND;ND;ND;ND;ND;ND;ND;ND;ND;ND;ND;ND;ND,"""64,160,16""",FLOAT16,ND,N/A,0.0,0,0.0,0.0,0.0,0.0,0.0,0.0,0.0,0.0,0.0,0.0,0.0,6.929,457327,0.017,0.002,3.614,0.522,2.516,0.363,1.134,0.164,0.0,0.000
0,4294967295,558,47,aclnnMul_MulAiCore_Mul,Mul,dynamic,AI_VECTOR_CORE,1785698519252495.795	,327.466,0.090000,40,0,NO,"""4096,4096;4096,4096""",FLOAT;FLOAT,ND;ND,"""4096,4096""",FLOAT,ND,N/A,0.0,0,0.0,0.0,0.0,0.0,0.0,0.0,0.0,0.0,0.0,0.0,0.0,324.892,21442890,6.784,0.021,3.021,0.009,323.306,0.995,107.71,0.332,0.0,0.000
0,4294967295,559,47,Concat,Concat,dynamic,AI_VECTOR_CORE,1785698519252823.301	,9.801,0.034000,40,0,NO,"""64,1,16;64,2,16;64,3,16;64,4,16;64,1,16;64,2,16;64,3,16;64,4,16;64,1,16;64,2,16;64,3,16;64,4,16;64,1,16;64,2,16;64,3,16;64,4,16;64,1,16;64,2,16;64,3,16;64,4,16;64,1,16;64,2,16;64,3,16;64,4,16;64,1,16;64,2,16;64,3,16;64,4,16;64,1,16;64,2,16;64,3,16;64,4,16;64,1,16;64,2,16;64,3,16;64,4,16;64,1,16;64,2,16;64,3,16;64,4,16;64,1,16;64,2,16;64,3,16;64,4,16;64,1,16;64,2,16;64,3,16;64,4,16;64,1,16;64,2,16;64,3,16;64,4,16;64,1,16;64,2,16;64,3,16;64,4,16;64,1,16;64,2,16;64,3,16;64,4,16;64,1,16;64,2,16;64,3,16;64,4,16""",FLOAT16;FLOAT16;FLOAT16;FLOAT16;FLOAT16;FLOAT16;FLOAT16;FLOAT16;FLOAT16;FLOAT16;FLOAT16;FLOAT16;FLOAT16;FLOAT16;FLOAT16;FLOAT16;FLOAT16;FLOAT16;FLOAT16;FLOAT16;FLOAT16;FLOAT16;FLOAT16;FLOAT16;FLOAT16;FLOAT16;FLOAT16;FLOAT16;FLOAT16;FLOAT16;FLOAT16;FLOAT16;FLOAT16;FLOAT16;FLOAT16;FLOAT16;FLOAT16;FLOAT16;FLOAT16;FLOAT16;FLOAT16;FLOAT16;FLOAT16;FLOAT16;FLOAT16;FLOAT16;FLOAT16;FLOAT16;FLOAT16;FLOAT16;FLOAT16;FLOAT16;FLOAT16;FLOAT16;FLOAT16;FLOAT16;FLOAT16;FLOAT16;FLOAT16;FLOAT16;FLOAT16;FLOAT16;FLOAT16;FLOAT16,ND;ND;ND;ND;ND;ND;ND;ND;ND;ND;ND;ND;ND;ND;ND;ND;ND;ND;ND;ND;ND;ND;ND;ND;ND;ND;ND;ND;ND;ND;ND;ND;ND;ND;ND;ND;ND;ND;ND;ND;ND;ND;ND;ND;ND;ND;ND;ND;ND;ND;ND;ND;ND;ND;ND;ND;ND;ND;ND;ND;ND;ND;ND;ND,"""64,160,16""",FLOAT16,ND,N/A,0.0,0,0.0,0.0,0.0,0.0,0.0,0.0,0.0,0.0,0.0,0.0,0.0,7.225,476857,0.017,0.002,3.693,0.511,2.91,0.403,0.979,0.135,0.0,0.000
0,4294967295,560,47,aclnnMul_MulAiCore_Mul,Mul,dynamic,AI_VECTOR_CORE,1785698519252833.122	,327.966,0.000000,40,0,NO,"""4096,4096;4096,4096""",FLOAT;FLOAT,ND;ND,"""4096,4096""",FLOAT,ND,N/A,0.0,0,0.0,0.0,0.0,0.0,0.0,0.0,0.0,0.0,0.0,0.0,0.0,325.766,21500525,6.784,0.021,3.12,0.01,324.084,0.995,108.706,0.334,0.0,0.000
0,4294967295,561,47,Concat,Concat,dynamic,AI_VECTOR_CORE,1785698519253161.108	,11.240,0.034000,40,0,NO,"""64,1,16;64,2,16;64,3,16;64,4,16;64,1,16;64,2,16;64,3,16;64,4,16;64,1,16;64,2,16;64,3,16;64,4,16;64,1,16;64,2,16;64,3,16;64,4,16;64,1,16;64,2,16;64,3,16;64,4,16;64,1,16;64,2,16;64,3,16;64,4,16;64,1,16;64,2,16;64,3,16;64,4,16;64,1,16;64,2,16;64,3,16;64,4,16;64,1,16;64,2,16;64,3,16;64,4,16;64,1,16;64,2,16;64,3,16;64,4,16;64,1,16;64,2,16;64,3,16;64,4,16;64,1,16;64,2,16;64,3,16;64,4,16;64,1,16;64,2,16;64,3,16;64,4,16;64,1,16;64,2,16;64,3,16;64,4,16;64,1,16;64,2,16;64,3,16;64,4,16;64,1,16;64,2,16;64,3,16;64,4,16""",FLOAT16;FLOAT16;FLOAT16;FLOAT16;FLOAT16;FLOAT16;FLOAT16;FLOAT16;FLOAT16;FLOAT16;FLOAT16;FLOAT16;FLOAT16;FLOAT16;FLOAT16;FLOAT16;FLOAT16;FLOAT16;FLOAT16;FLOAT16;FLOAT16;FLOAT16;FLOAT16;FLOAT16;FLOAT16;FLOAT16;FLOAT16;FLOAT16;FLOAT16;FLOAT16;FLOAT16;FLOAT16;FLOAT16;FLOAT16;FLOAT16;FLOAT16;FLOAT16;FLOAT16;FLOAT16;FLOAT16;FLOAT16;FLOAT16;FLOAT16;FLOAT16;FLOAT16;FLOAT16;FLOAT16;FLOAT16;FLOAT16;FLOAT16;FLOAT16;FLOAT16;FLOAT16;FLOAT16;FLOAT16;FLOAT16;FLOAT16;FLOAT16;FLOAT16;FLOAT16;FLOAT16;FLOAT16;FLOAT16;FLOAT16,ND;ND;ND;ND;ND;ND;ND;ND;ND;ND;ND;ND;ND;ND;ND;ND;ND;ND;ND;ND;ND;ND;ND;ND;ND;ND;ND;ND;ND;ND;ND;ND;ND;ND;ND;ND;ND;ND;ND;ND;ND;ND;ND;ND;ND;ND;ND;ND;ND;ND;ND;ND;ND;ND;ND;ND;ND;ND;ND;ND;ND;ND;ND;ND,"""64,160,16""",FLOAT16,ND,N/A,0.0,0,0.0,0.0,0.0,0.0,0.0,0.0,0.0,0.0,0.0,0.0,0.0,8.405,554703,0.017,0.002,4.112,0.489,4.08,0.485,0.969,0.115,0.0,0.000
0,4294967295,562,47,aclnnMul_MulAiCore_Mul,Mul,dynamic,AI_VECTOR_CORE,1785698519253172.388	,327.167,0.260000,40,0,NO,"""4096,4096;4096,4096""",FLOAT;FLOAT,ND;ND,"""4096,4096""",FLOAT,ND,N/A,0.0,0,0.0,0.0,0.0,0.0,0.0,0.0,0.0,0.0,0.0,0.0,0.0,325.086,21455648,6.784,0.021,2.979,0.009,323.585,0.995,108.193,0.333,0.0,0.000
0,4294967295,563,47,Concat,Concat,dynamic,AI_VECTOR_CORE,1785698519253499.575	,12.540,0.000000,40,0,NO,"""64,1,16;64,2,16;64,3,16;64,4,16;64,1,16;64,2,16;64,3,16;64,4,16;64,1,16;64,2,16;64,3,16;64,4,16;64,1,16;64,2,16;64,3,16;64,4,16;64,1,16;64,2,16;64,3,16;64,4,16;64,1,16;64,2,16;64,3,16;64,4,16;64,1,16;64,2,16;64,3,16;64,4,16;64,1,16;64,2,16;64,3,16;64,4,16;64,1,16;64,2,16;64,3,16;64,4,16;64,1,16;64,2,16;64,3,16;64,4,16;64,1,16;64,2,16;64,3,16;64,4,16;64,1,16;64,2,16;64,3,16;64,4,16;64,1,16;64,2,16;64,3,16;64,4,16;64,1,16;64,2,16;64,3,16;64,4,16;64,1,16;64,2,16;64,3,16;64,4,16;64,1,16;64,2,16;64,3,16;64,4,16""",FLOAT16;FLOAT16;FLOAT16;FLOAT16;FLOAT16;FLOAT16;FLOAT16;FLOAT16;FLOAT16;FLOAT16;FLOAT16;FLOAT16;FLOAT16;FLOAT16;FLOAT16;FLOAT16;FLOAT16;FLOAT16;FLOAT16;FLOAT16;FLOAT16;FLOAT16;FLOAT16;FLOAT16;FLOAT16;FLOAT16;FLOAT16;FLOAT16;FLOAT16;FLOAT16;FLOAT16;FLOAT16;FLOAT16;FLOAT16;FLOAT16;FLOAT16;FLOAT16;FLOAT16;FLOAT16;FLOAT16;FLOAT16;FLOAT16;FLOAT16;FLOAT16;FLOAT16;FLOAT16;FLOAT16;FLOAT16;FLOAT16;FLOAT16;FLOAT16;FLOAT16;FLOAT16;FLOAT16;FLOAT16;FLOAT16;FLOAT16;FLOAT16;FLOAT16;FLOAT16;FLOAT16;FLOAT16;FLOAT16;FLOAT16,ND;ND;ND;ND;ND;ND;ND;ND;ND;ND;ND;ND;ND;ND;ND;ND;ND;ND;ND;ND;ND;ND;ND;ND;ND;ND;ND;ND;ND;ND;ND;ND;ND;ND;ND;ND;ND;ND;ND;ND;ND;ND;ND;ND;ND;ND;ND;ND;ND;ND;ND;ND;ND;ND;ND;ND;ND;ND;ND;ND;ND;ND;ND;ND,"""64,160,16""",FLOAT16,ND,N/A,0.0,0,0.0,0.0,0.0,0.0,0.0,0.0,0.0,0.0,0.0,0.0,0.0,9.237,609630,0.017,0.002,4.002,0.433,4.585,0.496,1.212,0.131,0.0,0.000
0,4294967295,564,47,aclnnMul_MulAiCore_Mul,Mul,dynamic,AI_VECTOR_CORE,1785698519253512.155	,327.607,0.210000,40,0,NO,"""4096,4096;4096,4096""",FLOAT;FLOAT,ND;ND,"""4096,4096""",FLOAT,ND,N/A,0.0,0,0.0,0.0,0.0,0.0,0.0,0.0,0.0,0.0,0.0,0.0,0.0,325.87,21507389,6.784,0.021,3.178,0.01,324.168,0.995,109.433,0.336,0.0,0.000
0,4294967295,565,47,Concat,Concat,dynamic,AI_VECTOR_CORE,1785698519253839.782	,10.240,0.000000,40,0,NO,"""64,1,16;64,2,16;64,3,16;64,4,16;64,1,16;64,2,16;64,3,16;64,4,16;64,1,16;64,2,16;64,3,16;64,4,16;64,1,16;64,2,16;64,3,16;64,4,16;64,1,16;64,2,16;64,3,16;64,4,16;64,1,16;64,2,16;64,3,16;64,4,16;64,1,16;64,2,16;64,3,16;64,4,16;64,1,16;64,2,16;64,3,16;64,4,16;64,1,16;64,2,16;64,3,16;64,4,16;64,1,16;64,2,16;64,3,16;64,4,16;64,1,16;64,2,16;64,3,16;64,4,16;64,1,16;64,2,16;64,3,16;64,4,16;64,1,16;64,2,16;64,3,16;64,4,16;64,1,16;64,2,16;64,3,16;64,4,16;64,1,16;64,2,16;64,3,16;64,4,16;64,1,16;64,2,16;64,3,16;64,4,16""",FLOAT16;FLOAT16;FLOAT16;FLOAT16;FLOAT16;FLOAT16;FLOAT16;FLOAT16;FLOAT16;FLOAT16;FLOAT16;FLOAT16;FLOAT16;FLOAT16;FLOAT16;FLOAT16;FLOAT16;FLOAT16;FLOAT16;FLOAT16;FLOAT16;FLOAT16;FLOAT16;FLOAT16;FLOAT16;FLOAT16;FLOAT16;FLOAT16;FLOAT16;FLOAT16;FLOAT16;FLOAT16;FLOAT16;FLOAT16;FLOAT16;FLOAT16;FLOAT16;FLOAT16;FLOAT16;FLOAT16;FLOAT16;FLOAT16;FLOAT16;FLOAT16;FLOAT16;FLOAT16;FLOAT16;FLOAT16;FLOAT16;FLOAT16;FLOAT16;FLOAT16;FLOAT16;FLOAT16;FLOAT16;FLOAT16;FLOAT16;FLOAT16;FLOAT16;FLOAT16;FLOAT16;FLOAT16;FLOAT16;FLOAT16,ND;ND;ND;ND;ND;ND;ND;ND;ND;ND;ND;ND;ND;ND;ND;ND;ND;ND;ND;ND;ND;ND;ND;ND;ND;ND;ND;ND;ND;ND;ND;ND;ND;ND;ND;ND;ND;ND;ND;ND;ND;ND;ND;ND;ND;ND;ND;ND;ND;ND;ND;ND;ND;ND;ND;ND;ND;ND;ND;ND;ND;ND;ND;ND,"""64,160,16""",FLOAT16,ND,N/A,0.0,0,0.0,0.0,0.0,0.0,0.0,0.0,0.0,0.0,0.0,0.0,0.0,7.62,502944,0.017,0.002,3.575,0.469,3.286,0.431,1.106,0.145,0.0,0.000
0,4294967295,566,47,aclnnMul_MulAiCore_Mul,Mul,dynamic,AI_VECTOR_CORE,1785698519253850.042	,327.806,0.010000,40,0,NO,"""4096,4096;4096,4096""",FLOAT;FLOAT,ND;ND,"""4096,4096""",FLOAT,ND,N/A,0.0,0,0.0,0.0,0.0,0.0,0.0,0.0,0.0,0.0,0.0,0.0,0.0,325.54,21485653,6.784,0.021,3.017,0.009,323.917,0.995,110.441,0.339,0.0,0.000
0,4294967295,567,47,Concat,Concat,dynamic,AI_VECTOR_CORE,1785698519254177.888	,10.861,0.194000,40,0,NO,"""64,1,16;64,2,16;64,3,16;64,4,16;64,1,16;64,2,16;64,3,16;64,4,16;64,1,16;64,2,16;64,3,16;64,4,16;64,1,16;64,2,16;64,3,16;64,4,16;64,1,16;64,2,16;64,3,16;64,4,16;64,1,16;64,2,16;64,3,16;64,4,16;64,1,16;64,2,16;64,3,16;64,4,16;64,1,16;64,2,16;64,3,16;64,4,16;64,1,16;64,2,16;64,3,16;64,4,16;64,1,16;64,2,16;64,3,16;64,4,16;64,1,16;64,2,16;64,3,16;64,4,16;64,1,16;64,2,16;64,3,16;64,4,16;64,1,16;64,2,16;64,3,16;64,4,16;64,1,16;64,2,16;64,3,16;64,4,16;64,1,16;64,2,16;64,3,16;64,4,16;64,1,16;64,2,16;64,3,16;64,4,16""",FLOAT16;FLOAT16;FLOAT16;FLOAT16;FLOAT16;FLOAT16;FLOAT16;FLOAT16;FLOAT16;FLOAT16;FLOAT16;FLOAT16;FLOAT16;FLOAT16;FLOAT16;FLOAT16;FLOAT16;FLOAT16;FLOAT16;FLOAT16;FLOAT16;FLOAT16;FLOAT16;FLOAT16;FLOAT16;FLOAT16;FLOAT16;FLOAT16;FLOAT16;FLOAT16;FLOAT16;FLOAT16;FLOAT16;FLOAT16;FLOAT16;FLOAT16;FLOAT16;FLOAT16;FLOAT16;FLOAT16;FLOAT16;FLOAT16;FLOAT16;FLOAT16;FLOAT16;FLOAT16;FLOAT16;FLOAT16;FLOAT16;FLOAT16;FLOAT16;FLOAT16;FLOAT16;FLOAT16;FLOAT16;FLOAT16;FLOAT16;FLOAT16;FLOAT16;FLOAT16;FLOAT16;FLOAT16;FLOAT16;FLOAT16,ND;ND;ND;ND;ND;ND;ND;ND;ND;ND;ND;ND;ND;ND;ND;ND;ND;ND;ND;ND;ND;ND;ND;ND;ND;ND;ND;ND;ND;ND;ND;ND;ND;ND;ND;ND;ND;ND;ND;ND;ND;ND;ND;ND;ND;ND;ND;ND;ND;ND;ND;ND;ND;ND;ND;ND;ND;ND;ND;ND;ND;ND;ND;ND,"""64,160,16""",FLOAT16,ND,N/A,0.0,0,0.0,0.0,0.0,0.0,0.0,0.0,0.0,0.0,0.0,0.0,0.0,8.159,538523,0.017,0.002,3.902,0.478,3.804,0.466,1.022,0.125,0.0,0.000
0,4294967295,568,47,aclnnMul_MulAiCore_Mul,Mul,dynamic,AI_VECTOR_CORE,1785698519254188.789	,327.926,0.000000,40,0,NO,"""4096,4096;4096,4096""",FLOAT;FLOAT,ND;ND,"""4096,4096""",FLOAT,ND,N/A,0.0,0,0.0,0.0,0.0,0.0,0.0,0.0,0.0,0.0,0.0,0.0,0.0,325.517,21484094,6.784,0.021,3.025,0.009,323.952,0.995,109.929,0.338,0.0,0.000
0,4294967295,569,47,Concat,Concat,dynamic,AI_VECTOR_CORE,1785698519254516.735	,10.520,0.074000,40,0,NO,"""64,1,16;64,2,16;64,3,16;64,4,16;64,1,16;64,2,16;64,3,16;64,4,16;64,1,16;64,2,16;64,3,16;64,4,16;64,1,16;64,2,16;64,3,16;64,4,16;64,1,16;64,2,16;64,3,16;64,4,16;64,1,16;64,2,16;64,3,16;64,4,16;64,1,16;64,2,16;64,3,16;64,4,16;64,1,16;64,2,16;64,3,16;64,4,16;64,1,16;64,2,16;64,3,16;64,4,16;64,1,16;64,2,16;64,3,16;64,4,16;64,1,16;64,2,16;64,3,16;64,4,16;64,1,16;64,2,16;64,3,16;64,4,16;64,1,16;64,2,16;64,3,16;64,4,16;64,1,16;64,2,16;64,3,16;64,4,16;64,1,16;64,2,16;64,3,16;64,4,16;64,1,16;64,2,16;64,3,16;64,4,16""",FLOAT16;FLOAT16;FLOAT16;FLOAT16;FLOAT16;FLOAT16;FLOAT16;FLOAT16;FLOAT16;FLOAT16;FLOAT16;FLOAT16;FLOAT16;FLOAT16;FLOAT16;FLOAT16;FLOAT16;FLOAT16;FLOAT16;FLOAT16;FLOAT16;FLOAT16;FLOAT16;FLOAT16;FLOAT16;FLOAT16;FLOAT16;FLOAT16;FLOAT16;FLOAT16;FLOAT16;FLOAT16;FLOAT16;FLOAT16;FLOAT16;FLOAT16;FLOAT16;FLOAT16;FLOAT16;FLOAT16;FLOAT16;FLOAT16;FLOAT16;FLOAT16;FLOAT16;FLOAT16;FLOAT16;FLOAT16;FLOAT16;FLOAT16;FLOAT16;FLOAT16;FLOAT16;FLOAT16;FLOAT16;FLOAT16;FLOAT16;FLOAT16;FLOAT16;FLOAT16;FLOAT16;FLOAT16;FLOAT16;FLOAT16,ND;ND;ND;ND;ND;ND;ND;ND;ND;ND;ND;ND;ND;ND;ND;ND;ND;ND;ND;ND;ND;ND;ND;ND;ND;ND;ND;ND;ND;ND;ND;ND;ND;ND;ND;ND;ND;ND;ND;ND;ND;ND;ND;ND;ND;ND;ND;ND;ND;ND;ND;ND;ND;ND;ND;ND;ND;ND;ND;ND;ND;ND;ND;ND,"""64,160,16""",FLOAT16,ND,N/A,0.0,0,0.0,0.0,0.0,0.0,0.0,0.0,0.0,0.0,0.0,0.0,0.0,7.53,496990,0.017,0.002,4.207,0.559,2.733,0.363,0.906,0.12,0.0,0.000
0,4294967295,570,47,aclnnMul_MulAiCore_Mul,Mul,dynamic,AI_VECTOR_CORE,1785698519254527.275	,326.847,0.000000,40,0,NO,"""4096,4096;4096,4096""",FLOAT;FLOAT,ND;ND,"""4096,4096""",FLOAT,ND,N/A,0.0,0,0.0,0.0,0.0,0.0,0.0,0.0,0.0,0.0,0.0,0.0,0.0,325.082,21455432,6.784,0.021,2.918,0.009,323.593,0.995,107.82,0.332,0.0,0.000
0,4294967295,571,47,Concat,Concat,dynamic,AI_VECTOR_CORE,1785698519254854.142	,11.820,0.153000,40,0,NO,"""64,1,16;64,2,16;64,3,16;64,4,16;64,1,16;64,2,16;64,3,16;64,4,16;64,1,16;64,2,16;64,3,16;64,4,16;64,1,16;64,2,16;64,3,16;64,4,16;64,1,16;64,2,16;64,3,16;64,4,16;64,1,16;64,2,16;64,3,16;64,4,16;64,1,16;64,2,16;64,3,16;64,4,16;64,1,16;64,2,16;64,3,16;64,4,16;64,1,16;64,2,16;64,3,16;64,4,16;64,1,16;64,2,16;64,3,16;64,4,16;64,1,16;64,2,16;64,3,16;64,4,16;64,1,16;64,2,16;64,3,16;64,4,16;64,1,16;64,2,16;64,3,16;64,4,16;64,1,16;64,2,16;64,3,16;64,4,16;64,1,16;64,2,16;64,3,16;64,4,16;64,1,16;64,2,16;64,3,16;64,4,16""",FLOAT16;FLOAT16;FLOAT16;FLOAT16;FLOAT16;FLOAT16;FLOAT16;FLOAT16;FLOAT16;FLOAT16;FLOAT16;FLOAT16;FLOAT16;FLOAT16;FLOAT16;FLOAT16;FLOAT16;FLOAT16;FLOAT16;FLOAT16;FLOAT16;FLOAT16;FLOAT16;FLOAT16;FLOAT16;FLOAT16;FLOAT16;FLOAT16;FLOAT16;FLOAT16;FLOAT16;FLOAT16;FLOAT16;FLOAT16;FLOAT16;FLOAT16;FLOAT16;FLOAT16;FLOAT16;FLOAT16;FLOAT16;FLOAT16;FLOAT16;FLOAT16;FLOAT16;FLOAT16;FLOAT16;FLOAT16;FLOAT16;FLOAT16;FLOAT16;FLOAT16;FLOAT16;FLOAT16;FLOAT16;FLOAT16;FLOAT16;FLOAT16;FLOAT16;FLOAT16;FLOAT16;FLOAT16;FLOAT16;FLOAT16,ND;ND;ND;ND;ND;ND;ND;ND;ND;ND;ND;ND;ND;ND;ND;ND;ND;ND;ND;ND;ND;ND;ND;ND;ND;ND;ND;ND;ND;ND;ND;ND;ND;ND;ND;ND;ND;ND;ND;ND;ND;ND;ND;ND;ND;ND;ND;ND;ND;ND;ND;ND;ND;ND;ND;ND;ND;ND;ND;ND;ND;ND;ND;ND,"""64,160,16""",FLOAT16,ND,N/A,0.0,0,0.0,0.0,0.0,0.0,0.0,0.0,0.0,0.0,0.0,0.0,0.0,9.39,619755,0.017,0.002,4.946,0.527,3.816,0.406,1.071,0.114,0.0,0.000
0,4294967295,572,47,aclnnMul_MulAiCore_Mul,Mul,dynamic,AI_VECTOR_CORE,1785698519254865.982	,327.607,0.000000,40,0,NO,"""4096,4096;4096,4096""",FLOAT;FLOAT,ND;ND,"""4096,4096""",FLOAT,ND,N/A,0.0,0,0.0,0.0,0.0,0.0,0.0,0.0,0.0,0.0,0.0,0.0,0.0,325.644,21492509,6.784,0.021,3.085,0.009,324.041,0.995,108.153,0.332,0.0,0.000
0,4294967295,573,47,Concat,Concat,dynamic,AI_VECTOR_CORE,1785698519255193.609	,9.500,0.000000,40,0,NO,"""64,1,16;64,2,16;64,3,16;64,4,16;64,1,16;64,2,16;64,3,16;64,4,16;64,1,16;64,2,16;64,3,16;64,4,16;64,1,16;64,2,16;64,3,16;64,4,16;64,1,16;64,2,16;64,3,16;64,4,16;64,1,16;64,2,16;64,3,16;64,4,16;64,1,16;64,2,16;64,3,16;64,4,16;64,1,16;64,2,16;64,3,16;64,4,16;64,1,16;64,2,16;64,3,16;64,4,16;64,1,16;64,2,16;64,3,16;64,4,16;64,1,16;64,2,16;64,3,16;64,4,16;64,1,16;64,2,16;64,3,16;64,4,16;64,1,16;64,2,16;64,3,16;64,4,16;64,1,16;64,2,16;64,3,16;64,4,16;64,1,16;64,2,16;64,3,16;64,4,16;64,1,16;64,2,16;64,3,16;64,4,16""",FLOAT16;FLOAT16;FLOAT16;FLOAT16;FLOAT16;FLOAT16;FLOAT16;FLOAT16;FLOAT16;FLOAT16;FLOAT16;FLOAT16;FLOAT16;FLOAT16;FLOAT16;FLOAT16;FLOAT16;FLOAT16;FLOAT16;FLOAT16;FLOAT16;FLOAT16;FLOAT16;FLOAT16;FLOAT16;FLOAT16;FLOAT16;FLOAT16;FLOAT16;FLOAT16;FLOAT16;FLOAT16;FLOAT16;FLOAT16;FLOAT16;FLOAT16;FLOAT16;FLOAT16;FLOAT16;FLOAT16;FLOAT16;FLOAT16;FLOAT16;FLOAT16;FLOAT16;FLOAT16;FLOAT16;FLOAT16;FLOAT16;FLOAT16;FLOAT16;FLOAT16;FLOAT16;FLOAT16;FLOAT16;FLOAT16;FLOAT16;FLOAT16;FLOAT16;FLOAT16;FLOAT16;FLOAT16;FLOAT16;FLOAT16,ND;ND;ND;ND;ND;ND;ND;ND;ND;ND;ND;ND;ND;ND;ND;ND;ND;ND;ND;ND;ND;ND;ND;ND;ND;ND;ND;ND;ND;ND;ND;ND;ND;ND;ND;ND;ND;ND;ND;ND;ND;ND;ND;ND;ND;ND;ND;ND;ND;ND;ND;ND;ND;ND;ND;ND;ND;ND;ND;ND;ND;ND;ND;ND,"""64,160,16""",FLOAT16,ND,N/A,0.0,0,0.0,0.0,0.0,0.0,0.0,0.0,0.0,0.0,0.0,0.0,0.0,7.223,476736,0.017,0.002,3.905,0.541,2.807,0.389,1.002,0.139,0.0,0.000
0,4294967295,574,47,aclnnMul_MulAiCore_Mul,Mul,dynamic,AI_VECTOR_CORE,1785698519255203.149	,327.007,0.250000,40,0,NO,"""4096,4096;4096,4096""",FLOAT;FLOAT,ND;ND,"""4096,4096""",FLOAT,ND,N/A,0.0,0,0.0,0.0,0.0,0.0,0.0,0.0,0.0,0.0,0.0,0.0,0.0,325.176,21461642,6.784,0.021,2.923,0.009,323.748,0.996,108.872,0.335,0.0,0.000
0,4294967295,575,47,Concat,Concat,dynamic,AI_VECTOR_CORE,1785698519255530.196	,9.300,0.000000,40,0,NO,"""64,1,16;64,2,16;64,3,16;64,4,16;64,1,16;64,2,16;64,3,16;64,4,16;64,1,16;64,2,16;64,3,16;64,4,16;64,1,16;64,2,16;64,3,16;64,4,16;64,1,16;64,2,16;64,3,16;64,4,16;64,1,16;64,2,16;64,3,16;64,4,16;64,1,16;64,2,16;64,3,16;64,4,16;64,1,16;64,2,16;64,3,16;64,4,16;64,1,16;64,2,16;64,3,16;64,4,16;64,1,16;64,2,16;64,3,16;64,4,16;64,1,16;64,2,16;64,3,16;64,4,16;64,1,16;64,2,16;64,3,16;64,4,16;64,1,16;64,2,16;64,3,16;64,4,16;64,1,16;64,2,16;64,3,16;64,4,16;64,1,16;64,2,16;64,3,16;64,4,16;64,1,16;64,2,16;64,3,16;64,4,16""",FLOAT16;FLOAT16;FLOAT16;FLOAT16;FLOAT16;FLOAT16;FLOAT16;FLOAT16;FLOAT16;FLOAT16;FLOAT16;FLOAT16;FLOAT16;FLOAT16;FLOAT16;FLOAT16;FLOAT16;FLOAT16;FLOAT16;FLOAT16;FLOAT16;FLOAT16;FLOAT16;FLOAT16;FLOAT16;FLOAT16;FLOAT16;FLOAT16;FLOAT16;FLOAT16;FLOAT16;FLOAT16;FLOAT16;FLOAT16;FLOAT16;FLOAT16;FLOAT16;FLOAT16;FLOAT16;FLOAT16;FLOAT16;FLOAT16;FLOAT16;FLOAT16;FLOAT16;FLOAT16;FLOAT16;FLOAT16;FLOAT16;FLOAT16;FLOAT16;FLOAT16;FLOAT16;FLOAT16;FLOAT16;FLOAT16;FLOAT16;FLOAT16;FLOAT16;FLOAT16;FLOAT16;FLOAT16;FLOAT16;FLOAT16,ND;ND;ND;ND;ND;ND;ND;ND;ND;ND;ND;ND;ND;ND;ND;ND;ND;ND;ND;ND;ND;ND;ND;ND;ND;ND;ND;ND;ND;ND;ND;ND;ND;ND;ND;ND;ND;ND;ND;ND;ND;ND;ND;ND;ND;ND;ND;ND;ND;ND;ND;ND;ND;ND;ND;ND;ND;ND;ND;ND;ND;ND;ND;ND,"""64,160,16""",FLOAT16,ND,N/A,0.0,0,0.0,0.0,0.0,0.0,0.0,0.0,0.0,0.0,0.0,0.0,0.0,6.958,459199,0.017,0.002,3.496,0.502,2.628,0.378,1.157,0.166,0.0,0.000
0,4294967295,576,47,aclnnMul_MulAiCore_Mul,Mul,dynamic,AI_VECTOR_CORE,1785698519255539.516	,327.826,0.000000,40,0,NO,"""4096,4096;4096,4096""",FLOAT;FLOAT,ND;ND,"""4096,4096""",FLOAT,ND,N/A,0.0,0,0.0,0.0,0.0,0.0,0.0,0.0,0.0,0.0,0.0,0.0,0.0,325.775,21501137,6.784,0.021,3.565,0.011,323.648,0.993,108.477,0.333,0.0,0.000
0,4294967295,577,47,Concat,Concat,dynamic,AI_VECTOR_CORE,1785698519255867.362	,11.680,0.000000,40,0,NO,"""64,1,16;64,2,16;64,3,16;64,4,16;64,1,16;64,2,16;64,3,16;64,4,16;64,1,16;64,2,16;64,3,16;64,4,16;64,1,16;64,2,16;64,3,16;64,4,16;64,1,16;64,2,16;64,3,16;64,4,16;64,1,16;64,2,16;64,3,16;64,4,16;64,1,16;64,2,16;64,3,16;64,4,16;64,1,16;64,2,16;64,3,16;64,4,16;64,1,16;64,2,16;64,3,16;64,4,16;64,1,16;64,2,16;64,3,16;64,4,16;64,1,16;64,2,16;64,3,16;64,4,16;64,1,16;64,2,16;64,3,16;64,4,16;64,1,16;64,2,16;64,3,16;64,4,16;64,1,16;64,2,16;64,3,16;64,4,16;64,1,16;64,2,16;64,3,16;64,4,16;64,1,16;64,2,16;64,3,16;64,4,16""",FLOAT16;FLOAT16;FLOAT16;FLOAT16;FLOAT16;FLOAT16;FLOAT16;FLOAT16;FLOAT16;FLOAT16;FLOAT16;FLOAT16;FLOAT16;FLOAT16;FLOAT16;FLOAT16;FLOAT16;FLOAT16;FLOAT16;FLOAT16;FLOAT16;FLOAT16;FLOAT16;FLOAT16;FLOAT16;FLOAT16;FLOAT16;FLOAT16;FLOAT16;FLOAT16;FLOAT16;FLOAT16;FLOAT16;FLOAT16;FLOAT16;FLOAT16;FLOAT16;FLOAT16;FLOAT16;FLOAT16;FLOAT16;FLOAT16;FLOAT16;FLOAT16;FLOAT16;FLOAT16;FLOAT16;FLOAT16;FLOAT16;FLOAT16;FLOAT16;FLOAT16;FLOAT16;FLOAT16;FLOAT16;FLOAT16;FLOAT16;FLOAT16;FLOAT16;FLOAT16;FLOAT16;FLOAT16;FLOAT16;FLOAT16,ND;ND;ND;ND;ND;ND;ND;ND;ND;ND;ND;ND;ND;ND;ND;ND;ND;ND;ND;ND;ND;ND;ND;ND;ND;ND;ND;ND;ND;ND;ND;ND;ND;ND;ND;ND;ND;ND;ND;ND;ND;ND;ND;ND;ND;ND;ND;ND;ND;ND;ND;ND;ND;ND;ND;ND;ND;ND;ND;ND;ND;ND;ND;ND,"""64,160,16""",FLOAT16,ND,N/A,0.0,0,0.0,0.0,0.0,0.0,0.0,0.0,0.0,0.0,0.0,0.0,0.0,8.693,573743,0.017,0.002,3.696,0.425,4.303,0.495,0.992,0.114,0.0,0.000
0,4294967295,578,47,aclnnMul_MulAiCore_Mul,Mul,dynamic,AI_VECTOR_CORE,1785698519255879.062	,326.827,0.070000,40,0,NO,"""4096,4096;4096,4096""",FLOAT;FLOAT,ND;ND,"""4096,4096""",FLOAT,ND,N/A,0.0,0,0.0,0.0,0.0,0.0,0.0,0.0,0.0,0.0,0.0,0.0,0.0,324.999,21449956,6.784,0.021,2.989,0.009,323.491,0.995,107.355,0.33,0.0,0.000
0,4294967295,579,47,Concat,Concat,dynamic,AI_VECTOR_CORE,1785698519256205.909	,12.480,0.173000,40,0,NO,"""64,1,16;64,2,16;64,3,16;64,4,16;64,1,16;64,2,16;64,3,16;64,4,16;64,1,16;64,2,16;64,3,16;64,4,16;64,1,16;64,2,16;64,3,16;64,4,16;64,1,16;64,2,16;64,3,16;64,4,16;64,1,16;64,2,16;64,3,16;64,4,16;64,1,16;64,2,16;64,3,16;64,4,16;64,1,16;64,2,16;64,3,16;64,4,16;64,1,16;64,2,16;64,3,16;64,4,16;64,1,16;64,2,16;64,3,16;64,4,16;64,1,16;64,2,16;64,3,16;64,4,16;64,1,16;64,2,16;64,3,16;64,4,16;64,1,16;64,2,16;64,3,16;64,4,16;64,1,16;64,2,16;64,3,16;64,4,16;64,1,16;64,2,16;64,3,16;64,4,16;64,1,16;64,2,16;64,3,16;64,4,16""",FLOAT16;FLOAT16;FLOAT16;FLOAT16;FLOAT16;FLOAT16;FLOAT16;FLOAT16;FLOAT16;FLOAT16;FLOAT16;FLOAT16;FLOAT16;FLOAT16;FLOAT16;FLOAT16;FLOAT16;FLOAT16;FLOAT16;FLOAT16;FLOAT16;FLOAT16;FLOAT16;FLOAT16;FLOAT16;FLOAT16;FLOAT16;FLOAT16;FLOAT16;FLOAT16;FLOAT16;FLOAT16;FLOAT16;FLOAT16;FLOAT16;FLOAT16;FLOAT16;FLOAT16;FLOAT16;FLOAT16;FLOAT16;FLOAT16;FLOAT16;FLOAT16;FLOAT16;FLOAT16;FLOAT16;FLOAT16;FLOAT16;FLOAT16;FLOAT16;FLOAT16;FLOAT16;FLOAT16;FLOAT16;FLOAT16;FLOAT16;FLOAT16;FLOAT16;FLOAT16;FLOAT16;FLOAT16;FLOAT16;FLOAT16,ND;ND;ND;ND;ND;ND;ND;ND;ND;ND;ND;ND;ND;ND;ND;ND;ND;ND;ND;ND;ND;ND;ND;ND;ND;ND;ND;ND;ND;ND;ND;ND;ND;ND;ND;ND;ND;ND;ND;ND;ND;ND;ND;ND;ND;ND;ND;ND;ND;ND;ND;ND;ND;ND;ND;ND;ND;ND;ND;ND;ND;ND;ND;ND,"""64,160,16""",FLOAT16,ND,N/A,0.0,0,0.0,0.0,0.0,0.0,0.0,0.0,0.0,0.0,0.0,0.0,0.0,9.107,601080,0.017,0.002,3.747,0.411,4.515,0.496,1.137,0.125,0.0,0.000
0,4294967295,580,47,aclnnMul_MulAiCore_Mul,Mul,dynamic,AI_VECTOR_CORE,1785698519256218.409	,327.007,0.020000,40,0,NO,"""4096,4096;4096,4096""",FLOAT;FLOAT,ND;ND,"""4096,4096""",FLOAT,ND,N/A,0.0,0,0.0,0.0,0.0,0.0,0.0,0.0,0.0,0.0,0.0,0.0,0.0,325.097,21456397,6.784,0.021,3.017,0.009,323.528,0.995,108.446,0.334,0.0,0.000
0,4294967295,581,47,Concat,Concat,dynamic,AI_VECTOR_CORE,1785698519256545.436	,9.740,0.000000,40,0,NO,"""64,1,16;64,2,16;64,3,16;64,4,16;64,1,16;64,2,16;64,3,16;64,4,16;64,1,16;64,2,16;64,3,16;64,4,16;64,1,16;64,2,16;64,3,16;64,4,16;64,1,16;64,2,16;64,3,16;64,4,16;64,1,16;64,2,16;64,3,16;64,4,16;64,1,16;64,2,16;64,3,16;64,4,16;64,1,16;64,2,16;64,3,16;64,4,16;64,1,16;64,2,16;64,3,16;64,4,16;64,1,16;64,2,16;64,3,16;64,4,16;64,1,16;64,2,16;64,3,16;64,4,16;64,1,16;64,2,16;64,3,16;64,4,16;64,1,16;64,2,16;64,3,16;64,4,16;64,1,16;64,2,16;64,3,16;64,4,16;64,1,16;64,2,16;64,3,16;64,4,16;64,1,16;64,2,16;64,3,16;64,4,16""",FLOAT16;FLOAT16;FLOAT16;FLOAT16;FLOAT16;FLOAT16;FLOAT16;FLOAT16;FLOAT16;FLOAT16;FLOAT16;FLOAT16;FLOAT16;FLOAT16;FLOAT16;FLOAT16;FLOAT16;FLOAT16;FLOAT16;FLOAT16;FLOAT16;FLOAT16;FLOAT16;FLOAT16;FLOAT16;FLOAT16;FLOAT16;FLOAT16;FLOAT16;FLOAT16;FLOAT16;FLOAT16;FLOAT16;FLOAT16;FLOAT16;FLOAT16;FLOAT16;FLOAT16;FLOAT16;FLOAT16;FLOAT16;FLOAT16;FLOAT16;FLOAT16;FLOAT16;FLOAT16;FLOAT16;FLOAT16;FLOAT16;FLOAT16;FLOAT16;FLOAT16;FLOAT16;FLOAT16;FLOAT16;FLOAT16;FLOAT16;FLOAT16;FLOAT16;FLOAT16;FLOAT16;FLOAT16;FLOAT16;FLOAT16,ND;ND;ND;ND;ND;ND;ND;ND;ND;ND;ND;ND;ND;ND;ND;ND;ND;ND;ND;ND;ND;ND;ND;ND;ND;ND;ND;ND;ND;ND;ND;ND;ND;ND;ND;ND;ND;ND;ND;ND;ND;ND;ND;ND;ND;ND;ND;ND;ND;ND;ND;ND;ND;ND;ND;ND;ND;ND;ND;ND;ND;ND;ND;ND,"""64,160,16""",FLOAT16,ND,N/A,0.0,0,0.0,0.0,0.0,0.0,0.0,0.0,0.0,0.0,0.0,0.0,0.0,7.664,505835,0.017,0.002,3.727,0.486,3.319,0.433,1.119,0.146,0.0,0.000
0,4294967295,582,47,aclnnMul_MulAiCore_Mul,Mul,dynamic,AI_VECTOR_CORE,1785698519256555.196	,326.167,0.010000,40,0,NO,"""4096,4096;4096,4096""",FLOAT;FLOAT,ND;ND,"""4096,4096""",FLOAT,ND,N/A,0.0,0,0.0,0.0,0.0,0.0,0.0,0.0,0.0,0.0,0.0,0.0,0.0,324.133,21392775,6.784,0.021,3.004,0.009,322.617,0.995,108.629,0.335,0.0,0.000
0,4294967295,583,47,Concat,Concat,dynamic,AI_VECTOR_CORE,1785698519256881.383	,10.860,0.083000,40,0,NO,"""64,1,16;64,2,16;64,3,16;64,4,16;64,1,16;64,2,16;64,3,16;64,4,16;64,1,16;64,2,16;64,3,16;64,4,16;64,1,16;64,2,16;64,3,16;64,4,16;64,1,16;64,2,16;64,3,16;64,4,16;64,1,16;64,2,16;64,3,16;64,4,16;64,1,16;64,2,16;64,3,16;64,4,16;64,1,16;64,2,16;64,3,16;64,4,16;64,1,16;64,2,16;64,3,16;64,4,16;64,1,16;64,2,16;64,3,16;64,4,16;64,1,16;64,2,16;64,3,16;64,4,16;64,1,16;64,2,16;64,3,16;64,4,16;64,1,16;64,2,16;64,3,16;64,4,16;64,1,16;64,2,16;64,3,16;64,4,16;64,1,16;64,2,16;64,3,16;64,4,16;64,1,16;64,2,16;64,3,16;64,4,16""",FLOAT16;FLOAT16;FLOAT16;FLOAT16;FLOAT16;FLOAT16;FLOAT16;FLOAT16;FLOAT16;FLOAT16;FLOAT16;FLOAT16;FLOAT16;FLOAT16;FLOAT16;FLOAT16;FLOAT16;FLOAT16;FLOAT16;FLOAT16;FLOAT16;FLOAT16;FLOAT16;FLOAT16;FLOAT16;FLOAT16;FLOAT16;FLOAT16;FLOAT16;FLOAT16;FLOAT16;FLOAT16;FLOAT16;FLOAT16;FLOAT16;FLOAT16;FLOAT16;FLOAT16;FLOAT16;FLOAT16;FLOAT16;FLOAT16;FLOAT16;FLOAT16;FLOAT16;FLOAT16;FLOAT16;FLOAT16;FLOAT16;FLOAT16;FLOAT16;FLOAT16;FLOAT16;FLOAT16;FLOAT16;FLOAT16;FLOAT16;FLOAT16;FLOAT16;FLOAT16;FLOAT16;FLOAT16;FLOAT16;FLOAT16,ND;ND;ND;ND;ND;ND;ND;ND;ND;ND;ND;ND;ND;ND;ND;ND;ND;ND;ND;ND;ND;ND;ND;ND;ND;ND;ND;ND;ND;ND;ND;ND;ND;ND;ND;ND;ND;ND;ND;ND;ND;ND;ND;ND;ND;ND;ND;ND;ND;ND;ND;ND;ND;ND;ND;ND;ND;ND;ND;ND;ND;ND;ND;ND,"""64,160,16""",FLOAT16,ND,N/A,0.0,0,0.0,0.0,0.0,0.0,0.0,0.0,0.0,0.0,0.0,0.0,0.0,7.864,519048,0.017,0.002,3.678,0.468,3.405,0.433,1.1,0.14,0.0,0.000
0,4294967295,584,47,aclnnMul_MulAiCore_Mul,Mul,dynamic,AI_VECTOR_CORE,1785698519256892.263	,327.566,0.000000,40,0,NO,"""4096,4096;4096,4096""",FLOAT;FLOAT,ND;ND,"""4096,4096""",FLOAT,ND,N/A,0.0,0,0.0,0.0,0.0,0.0,0.0,0.0,0.0,0.0,0.0,0.0,0.0,325.644,21492500,6.784,0.021,3.116,0.01,323.984,0.995,108.748,0.334,0.0,0.000
0,4294967295,585,47,Concat,Concat,dynamic,AI_VECTOR_CORE,1785698519257219.849	,11.501,0.000000,40,0,NO,"""64,1,16;64,2,16;64,3,16;64,4,16;64,1,16;64,2,16;64,3,16;64,4,16;64,1,16;64,2,16;64,3,16;64,4,16;64,1,16;64,2,16;64,3,16;64,4,16;64,1,16;64,2,16;64,3,16;64,4,16;64,1,16;64,2,16;64,3,16;64,4,16;64,1,16;64,2,16;64,3,16;64,4,16;64,1,16;64,2,16;64,3,16;64,4,16;64,1,16;64,2,16;64,3,16;64,4,16;64,1,16;64,2,16;64,3,16;64,4,16;64,1,16;64,2,16;64,3,16;64,4,16;64,1,16;64,2,16;64,3,16;64,4,16;64,1,16;64,2,16;64,3,16;64,4,16;64,1,16;64,2,16;64,3,16;64,4,16;64,1,16;64,2,16;64,3,16;64,4,16;64,1,16;64,2,16;64,3,16;64,4,16""",FLOAT16;FLOAT16;FLOAT16;FLOAT16;FLOAT16;FLOAT16;FLOAT16;FLOAT16;FLOAT16;FLOAT16;FLOAT16;FLOAT16;FLOAT16;FLOAT16;FLOAT16;FLOAT16;FLOAT16;FLOAT16;FLOAT16;FLOAT16;FLOAT16;FLOAT16;FLOAT16;FLOAT16;FLOAT16;FLOAT16;FLOAT16;FLOAT16;FLOAT16;FLOAT16;FLOAT16;FLOAT16;FLOAT16;FLOAT16;FLOAT16;FLOAT16;FLOAT16;FLOAT16;FLOAT16;FLOAT16;FLOAT16;FLOAT16;FLOAT16;FLOAT16;FLOAT16;FLOAT16;FLOAT16;FLOAT16;FLOAT16;FLOAT16;FLOAT16;FLOAT16;FLOAT16;FLOAT16;FLOAT16;FLOAT16;FLOAT16;FLOAT16;FLOAT16;FLOAT16;FLOAT16;FLOAT16;FLOAT16;FLOAT16,ND;ND;ND;ND;ND;ND;ND;ND;ND;ND;ND;ND;ND;ND;ND;ND;ND;ND;ND;ND;ND;ND;ND;ND;ND;ND;ND;ND;ND;ND;ND;ND;ND;ND;ND;ND;ND;ND;ND;ND;ND;ND;ND;ND;ND;ND;ND;ND;ND;ND;ND;ND;ND;ND;ND;ND;ND;ND;ND;ND;ND;ND;ND;ND,"""64,160,16""",FLOAT16,ND,N/A,0.0,0,0.0,0.0,0.0,0.0,0.0,0.0,0.0,0.0,0.0,0.0,0.0,9.18,605901,0.017,0.002,4.972,0.542,3.962,0.432,1.02,0.111,0.0,0.000
0,4294967295,586,47,aclnnMul_MulAiCore_Mul,Mul,dynamic,AI_VECTOR_CORE,1785698519257231.390	,326.926,0.249000,40,0,NO,"""4096,4096;4096,4096""",FLOAT;FLOAT,ND;ND,"""4096,4096""",FLOAT,ND,N/A,0.0,0,0.0,0.0,0.0,0.0,0.0,0.0,0.0,0.0,0.0,0.0,0.0,324.469,21414960,6.784,0.021,3.027,0.009,322.923,0.995,108.702,0.335,0.0,0.000
0,4294967295,587,47,Concat,Concat,dynamic,AI_VECTOR_CORE,1785698519257558.336	,11.220,0.000000,40,0,NO,"""64,1,16;64,2,16;64,3,16;64,4,16;64,1,16;64,2,16;64,3,16;64,4,16;64,1,16;64,2,16;64,3,16;64,4,16;64,1,16;64,2,16;64,3,16;64,4,16;64,1,16;64,2,16;64,3,16;64,4,16;64,1,16;64,2,16;64,3,16;64,4,16;64,1,16;64,2,16;64,3,16;64,4,16;64,1,16;64,2,16;64,3,16;64,4,16;64,1,16;64,2,16;64,3,16;64,4,16;64,1,16;64,2,16;64,3,16;64,4,16;64,1,16;64,2,16;64,3,16;64,4,16;64,1,16;64,2,16;64,3,16;64,4,16;64,1,16;64,2,16;64,3,16;64,4,16;64,1,16;64,2,16;64,3,16;64,4,16;64,1,16;64,2,16;64,3,16;64,4,16;64,1,16;64,2,16;64,3,16;64,4,16""",FLOAT16;FLOAT16;FLOAT16;FLOAT16;FLOAT16;FLOAT16;FLOAT16;FLOAT16;FLOAT16;FLOAT16;FLOAT16;FLOAT16;FLOAT16;FLOAT16;FLOAT16;FLOAT16;FLOAT16;FLOAT16;FLOAT16;FLOAT16;FLOAT16;FLOAT16;FLOAT16;FLOAT16;FLOAT16;FLOAT16;FLOAT16;FLOAT16;FLOAT16;FLOAT16;FLOAT16;FLOAT16;FLOAT16;FLOAT16;FLOAT16;FLOAT16;FLOAT16;FLOAT16;FLOAT16;FLOAT16;FLOAT16;FLOAT16;FLOAT16;FLOAT16;FLOAT16;FLOAT16;FLOAT16;FLOAT16;FLOAT16;FLOAT16;FLOAT16;FLOAT16;FLOAT16;FLOAT16;FLOAT16;FLOAT16;FLOAT16;FLOAT16;FLOAT16;FLOAT16;FLOAT16;FLOAT16;FLOAT16;FLOAT16,ND;ND;ND;ND;ND;ND;ND;ND;ND;ND;ND;ND;ND;ND;ND;ND;ND;ND;ND;ND;ND;ND;ND;ND;ND;ND;ND;ND;ND;ND;ND;ND;ND;ND;ND;ND;ND;ND;ND;ND;ND;ND;ND;ND;ND;ND;ND;ND;ND;ND;ND;ND;ND;ND;ND;ND;ND;ND;ND;ND;ND;ND;ND;ND,"""64,160,16""",FLOAT16,ND,N/A,0.0,0,0.0,0.0,0.0,0.0,0.0,0.0,0.0,0.0,0.0,0.0,0.0,8.785,579795,0.017,0.002,4.198,0.478,3.93,0.447,1.134,0.129,0.0,0.000
0,4294967295,588,47,aclnnMul_MulAiCore_Mul,Mul,dynamic,AI_VECTOR_CORE,1785698519257569.576	,327.607,0.030000,40,0,NO,"""4096,4096;4096,4096""",FLOAT;FLOAT,ND;ND,"""4096,4096""",FLOAT,ND,N/A,0.0,0,0.0,0.0,0.0,0.0,0.0,0.0,0.0,0.0,0.0,0.0,0.0,325.623,21491136,6.784,0.021,3.049,0.009,324.031,0.995,106.861,0.328,0.0,0.000
0,4294967295,589,47,Concat,Concat,dynamic,AI_VECTOR_CORE,1785698519257897.223	,9.640,0.143000,40,0,NO,"""64,1,16;64,2,16;64,3,16;64,4,16;64,1,16;64,2,16;64,3,16;64,4,16;64,1,16;64,2,16;64,3,16;64,4,16;64,1,16;64,2,16;64,3,16;64,4,16;64,1,16;64,2,16;64,3,16;64,4,16;64,1,16;64,2,16;64,3,16;64,4,16;64,1,16;64,2,16;64,3,16;64,4,16;64,1,16;64,2,16;64,3,16;64,4,16;64,1,16;64,2,16;64,3,16;64,4,16;64,1,16;64,2,16;64,3,16;64,4,16;64,1,16;64,2,16;64,3,16;64,4,16;64,1,16;64,2,16;64,3,16;64,4,16;64,1,16;64,2,16;64,3,16;64,4,16;64,1,16;64,2,16;64,3,16;64,4,16;64,1,16;64,2,16;64,3,16;64,4,16;64,1,16;64,2,16;64,3,16;64,4,16""",FLOAT16;FLOAT16;FLOAT16;FLOAT16;FLOAT16;FLOAT16;FLOAT16;FLOAT16;FLOAT16;FLOAT16;FLOAT16;FLOAT16;FLOAT16;FLOAT16;FLOAT16;FLOAT16;FLOAT16;FLOAT16;FLOAT16;FLOAT16;FLOAT16;FLOAT16;FLOAT16;FLOAT16;FLOAT16;FLOAT16;FLOAT16;FLOAT16;FLOAT16;FLOAT16;FLOAT16;FLOAT16;FLOAT16;FLOAT16;FLOAT16;FLOAT16;FLOAT16;FLOAT16;FLOAT16;FLOAT16;FLOAT16;FLOAT16;FLOAT16;FLOAT16;FLOAT16;FLOAT16;FLOAT16;FLOAT16;FLOAT16;FLOAT16;FLOAT16;FLOAT16;FLOAT16;FLOAT16;FLOAT16;FLOAT16;FLOAT16;FLOAT16;FLOAT16;FLOAT16;FLOAT16;FLOAT16;FLOAT16;FLOAT16,ND;ND;ND;ND;ND;ND;ND;ND;ND;ND;ND;ND;ND;ND;ND;ND;ND;ND;ND;ND;ND;ND;ND;ND;ND;ND;ND;ND;ND;ND;ND;ND;ND;ND;ND;ND;ND;ND;ND;ND;ND;ND;ND;ND;ND;ND;ND;ND;ND;ND;ND;ND;ND;ND;ND;ND;ND;ND;ND;ND;ND;ND;ND;ND,"""64,160,16""",FLOAT16,ND,N/A,0.0,0,0.0,0.0,0.0,0.0,0.0,0.0,0.0,0.0,0.0,0.0,0.0,7.207,475660,0.017,0.002,3.625,0.503,2.903,0.403,1.017,0.141,0.0,0.000
0,4294967295,590,47,aclnnMul_MulAiCore_Mul,Mul,dynamic,AI_VECTOR_CORE,1785698519257906.883	,327.607,0.110000,40,0,NO,"""4096,4096;4096,4096""",FLOAT;FLOAT,ND;ND,"""4096,4096""",FLOAT,ND,N/A,0.0,0,0.0,0.0,0.0,0.0,0.0,0.0,0.0,0.0,0.0,0.0,0.0,325.357,21473540,6.784,0.021,3.045,0.009,323.812,0.995,109.039,0.335,0.0,0.000
0,4294967295,591,47,Concat,Concat,dynamic,AI_VECTOR_CORE,1785698519258234.510	,9.440,0.000000,40,0,NO,"""64,1,16;64,2,16;64,3,16;64,4,16;64,1,16;64,2,16;64,3,16;64,4,16;64,1,16;64,2,16;64,3,16;64,4,16;64,1,16;64,2,16;64,3,16;64,4,16;64,1,16;64,2,16;64,3,16;64,4,16;64,1,16;64,2,16;64,3,16;64,4,16;64,1,16;64,2,16;64,3,16;64,4,16;64,1,16;64,2,16;64,3,16;64,4,16;64,1,16;64,2,16;64,3,16;64,4,16;64,1,16;64,2,16;64,3,16;64,4,16;64,1,16;64,2,16;64,3,16;64,4,16;64,1,16;64,2,16;64,3,16;64,4,16;64,1,16;64,2,16;64,3,16;64,4,16;64,1,16;64,2,16;64,3,16;64,4,16;64,1,16;64,2,16;64,3,16;64,4,16;64,1,16;64,2,16;64,3,16;64,4,16""",FLOAT16;FLOAT16;FLOAT16;FLOAT16;FLOAT16;FLOAT16;FLOAT16;FLOAT16;FLOAT16;FLOAT16;FLOAT16;FLOAT16;FLOAT16;FLOAT16;FLOAT16;FLOAT16;FLOAT16;FLOAT16;FLOAT16;FLOAT16;FLOAT16;FLOAT16;FLOAT16;FLOAT16;FLOAT16;FLOAT16;FLOAT16;FLOAT16;FLOAT16;FLOAT16;FLOAT16;FLOAT16;FLOAT16;FLOAT16;FLOAT16;FLOAT16;FLOAT16;FLOAT16;FLOAT16;FLOAT16;FLOAT16;FLOAT16;FLOAT16;FLOAT16;FLOAT16;FLOAT16;FLOAT16;FLOAT16;FLOAT16;FLOAT16;FLOAT16;FLOAT16;FLOAT16;FLOAT16;FLOAT16;FLOAT16;FLOAT16;FLOAT16;FLOAT16;FLOAT16;FLOAT16;FLOAT16;FLOAT16;FLOAT16,ND;ND;ND;ND;ND;ND;ND;ND;ND;ND;ND;ND;ND;ND;ND;ND;ND;ND;ND;ND;ND;ND;ND;ND;ND;ND;ND;ND;ND;ND;ND;ND;ND;ND;ND;ND;ND;ND;ND;ND;ND;ND;ND;ND;ND;ND;ND;ND;ND;ND;ND;ND;ND;ND;ND;ND;ND;ND;ND;ND;ND;ND;ND;ND,"""64,160,16""",FLOAT16,ND,N/A,0.0,0,0.0,0.0,0.0,0.0,0.0,0.0,0.0,0.0,0.0,0.0,0.0,7.164,472805,0.017,0.002,3.641,0.508,2.782,0.388,1.161,0.162,0.0,0.000
0,4294967295,592,47,aclnnMul_MulAiCore_Mul,Mul,dynamic,AI_VECTOR_CORE,1785698519258243.970	,328.046,0.060000,40,0,NO,"""4096,4096;4096,4096""",FLOAT;FLOAT,ND;ND,"""4096,4096""",FLOAT,ND,N/A,0.0,0,0.0,0.0,0.0,0.0,0.0,0.0,0.0,0.0,0.0,0.0,0.0,325.351,21473149,6.784,0.021,2.9,0.009,323.926,0.996,109.124,0.335,0.0,0.000
0,4294967295,593,47,Concat,Concat,dynamic,AI_VECTOR_CORE,1785698519258572.036	,11.641,0.000000,40,0,NO,"""64,1,16;64,2,16;64,3,16;64,4,16;64,1,16;64,2,16;64,3,16;64,4,16;64,1,16;64,2,16;64,3,16;64,4,16;64,1,16;64,2,16;64,3,16;64,4,16;64,1,16;64,2,16;64,3,16;64,4,16;64,1,16;64,2,16;64,3,16;64,4,16;64,1,16;64,2,16;64,3,16;64,4,16;64,1,16;64,2,16;64,3,16;64,4,16;64,1,16;64,2,16;64,3,16;64,4,16;64,1,16;64,2,16;64,3,16;64,4,16;64,1,16;64,2,16;64,3,16;64,4,16;64,1,16;64,2,16;64,3,16;64,4,16;64,1,16;64,2,16;64,3,16;64,4,16;64,1,16;64,2,16;64,3,16;64,4,16;64,1,16;64,2,16;64,3,16;64,4,16;64,1,16;64,2,16;64,3,16;64,4,16""",FLOAT16;FLOAT16;FLOAT16;FLOAT16;FLOAT16;FLOAT16;FLOAT16;FLOAT16;FLOAT16;FLOAT16;FLOAT16;FLOAT16;FLOAT16;FLOAT16;FLOAT16;FLOAT16;FLOAT16;FLOAT16;FLOAT16;FLOAT16;FLOAT16;FLOAT16;FLOAT16;FLOAT16;FLOAT16;FLOAT16;FLOAT16;FLOAT16;FLOAT16;FLOAT16;FLOAT16;FLOAT16;FLOAT16;FLOAT16;FLOAT16;FLOAT16;FLOAT16;FLOAT16;FLOAT16;FLOAT16;FLOAT16;FLOAT16;FLOAT16;FLOAT16;FLOAT16;FLOAT16;FLOAT16;FLOAT16;FLOAT16;FLOAT16;FLOAT16;FLOAT16;FLOAT16;FLOAT16;FLOAT16;FLOAT16;FLOAT16;FLOAT16;FLOAT16;FLOAT16;FLOAT16;FLOAT16;FLOAT16;FLOAT16,ND;ND;ND;ND;ND;ND;ND;ND;ND;ND;ND;ND;ND;ND;ND;ND;ND;ND;ND;ND;ND;ND;ND;ND;ND;ND;ND;ND;ND;ND;ND;ND;ND;ND;ND;ND;ND;ND;ND;ND;ND;ND;ND;ND;ND;ND;ND;ND;ND;ND;ND;ND;ND;ND;ND;ND;ND;ND;ND;ND;ND;ND;ND;ND,"""64,160,16""",FLOAT16,ND,N/A,0.0,0,0.0,0.0,0.0,0.0,0.0,0.0,0.0,0.0,0.0,0.0,0.0,9.053,597498,0.017,0.002,3.761,0.415,4.445,0.491,1.255,0.139,0.0,0.000
0,4294967295,594,47,aclnnMul_MulAiCore_Mul,Mul,dynamic,AI_VECTOR_CORE,1785698519258583.717	,327.626,0.109000,40,0,NO,"""4096,4096;4096,4096""",FLOAT;FLOAT,ND;ND,"""4096,4096""",FLOAT,ND,N/A,0.0,0,0.0,0.0,0.0,0.0,0.0,0.0,0.0,0.0,0.0,0.0,0.0,325.28,21468508,6.784,0.021,3.075,0.009,323.681,0.995,110.079,0.338,0.0,0.000
0,4294967295,595,47,Concat,Concat,dynamic,AI_VECTOR_CORE,1785698519258911.383	,11.180,0.124000,40,0,NO,"""64,1,16;64,2,16;64,3,16;64,4,16;64,1,16;64,2,16;64,3,16;64,4,16;64,1,16;64,2,16;64,3,16;64,4,16;64,1,16;64,2,16;64,3,16;64,4,16;64,1,16;64,2,16;64,3,16;64,4,16;64,1,16;64,2,16;64,3,16;64,4,16;64,1,16;64,2,16;64,3,16;64,4,16;64,1,16;64,2,16;64,3,16;64,4,16;64,1,16;64,2,16;64,3,16;64,4,16;64,1,16;64,2,16;64,3,16;64,4,16;64,1,16;64,2,16;64,3,16;64,4,16;64,1,16;64,2,16;64,3,16;64,4,16;64,1,16;64,2,16;64,3,16;64,4,16;64,1,16;64,2,16;64,3,16;64,4,16;64,1,16;64,2,16;64,3,16;64,4,16;64,1,16;64,2,16;64,3,16;64,4,16""",FLOAT16;FLOAT16;FLOAT16;FLOAT16;FLOAT16;FLOAT16;FLOAT16;FLOAT16;FLOAT16;FLOAT16;FLOAT16;FLOAT16;FLOAT16;FLOAT16;FLOAT16;FLOAT16;FLOAT16;FLOAT16;FLOAT16;FLOAT16;FLOAT16;FLOAT16;FLOAT16;FLOAT16;FLOAT16;FLOAT16;FLOAT16;FLOAT16;FLOAT16;FLOAT16;FLOAT16;FLOAT16;FLOAT16;FLOAT16;FLOAT16;FLOAT16;FLOAT16;FLOAT16;FLOAT16;FLOAT16;FLOAT16;FLOAT16;FLOAT16;FLOAT16;FLOAT16;FLOAT16;FLOAT16;FLOAT16;FLOAT16;FLOAT16;FLOAT16;FLOAT16;FLOAT16;FLOAT16;FLOAT16;FLOAT16;FLOAT16;FLOAT16;FLOAT16;FLOAT16;FLOAT16;FLOAT16;FLOAT16;FLOAT16,ND;ND;ND;ND;ND;ND;ND;ND;ND;ND;ND;ND;ND;ND;ND;ND;ND;ND;ND;ND;ND;ND;ND;ND;ND;ND;ND;ND;ND;ND;ND;ND;ND;ND;ND;ND;ND;ND;ND;ND;ND;ND;ND;ND;ND;ND;ND;ND;ND;ND;ND;ND;ND;ND;ND;ND;ND;ND;ND;ND;ND;ND;ND;ND,"""64,160,16""",FLOAT16,ND,N/A,0.0,0,0.0,0.0,0.0,0.0,0.0,0.0,0.0,0.0,0.0,0.0,0.0,8.219,542454,0.017,0.002,3.978,0.484,3.832,0.466,1.059,0.129,0.0,0.000
0,4294967295,596,47,aclnnMul_MulAiCore_Mul,Mul,dynamic,AI_VECTOR_CORE,1785698519258922.583	,327.727,0.000000,40,0,NO,"""4096,4096;4096,4096""",FLOAT;FLOAT,ND;ND,"""4096,4096""",FLOAT,ND,N/A,0.0,0,0.0,0.0,0.0,0.0,0.0,0.0,0.0,0.0,0.0,0.0,0.0,325.501,21483070,6.784,0.021,2.879,0.009,324.071,0.996,108.717,0.334,0.0,0.000
0,4294967295,597,47,Concat,Concat,dynamic,AI_VECTOR_CORE,1785698519259250.330	,11.180,0.023000,40,0,NO,"""64,1,16;64,2,16;64,3,16;64,4,16;64,1,16;64,2,16;64,3,16;64,4,16;64,1,16;64,2,16;64,3,16;64,4,16;64,1,16;64,2,16;64,3,16;64,4,16;64,1,16;64,2,16;64,3,16;64,4,16;64,1,16;64,2,16;64,3,16;64,4,16;64,1,16;64,2,16;64,3,16;64,4,16;64,1,16;64,2,16;64,3,16;64,4,16;64,1,16;64,2,16;64,3,16;64,4,16;64,1,16;64,2,16;64,3,16;64,4,16;64,1,16;64,2,16;64,3,16;64,4,16;64,1,16;64,2,16;64,3,16;64,4,16;64,1,16;64,2,16;64,3,16;64,4,16;64,1,16;64,2,16;64,3,16;64,4,16;64,1,16;64,2,16;64,3,16;64,4,16;64,1,16;64,2,16;64,3,16;64,4,16""",FLOAT16;FLOAT16;FLOAT16;FLOAT16;FLOAT16;FLOAT16;FLOAT16;FLOAT16;FLOAT16;FLOAT16;FLOAT16;FLOAT16;FLOAT16;FLOAT16;FLOAT16;FLOAT16;FLOAT16;FLOAT16;FLOAT16;FLOAT16;FLOAT16;FLOAT16;FLOAT16;FLOAT16;FLOAT16;FLOAT16;FLOAT16;FLOAT16;FLOAT16;FLOAT16;FLOAT16;FLOAT16;FLOAT16;FLOAT16;FLOAT16;FLOAT16;FLOAT16;FLOAT16;FLOAT16;FLOAT16;FLOAT16;FLOAT16;FLOAT16;FLOAT16;FLOAT16;FLOAT16;FLOAT16;FLOAT16;FLOAT16;FLOAT16;FLOAT16;FLOAT16;FLOAT16;FLOAT16;FLOAT16;FLOAT16;FLOAT16;FLOAT16;FLOAT16;FLOAT16;FLOAT16;FLOAT16;FLOAT16;FLOAT16,ND;ND;ND;ND;ND;ND;ND;ND;ND;ND;ND;ND;ND;ND;ND;ND;ND;ND;ND;ND;ND;ND;ND;ND;ND;ND;ND;ND;ND;ND;ND;ND;ND;ND;ND;ND;ND;ND;ND;ND;ND;ND;ND;ND;ND;ND;ND;ND;ND;ND;ND;ND;ND;ND;ND;ND;ND;ND;ND;ND;ND;ND;ND;ND,"""64,160,16""",FLOAT16,ND,N/A,0.0,0,0.0,0.0,0.0,0.0,0.0,0.0,0.0,0.0,0.0,0.0,0.0,8.151,537968,0.017,0.002,3.657,0.449,3.678,0.451,1.111,0.136,0.0,0.000
0,4294967295,598,47,aclnnMul_MulAiCore_Mul,Mul,dynamic,AI_VECTOR_CORE,1785698519259261.530	,327.827,0.070000,40,0,NO,"""4096,4096;4096,4096""",FLOAT;FLOAT,ND;ND,"""4096,4096""",FLOAT,ND,N/A,0.0,0,0.0,0.0,0.0,0.0,0.0,0.0,0.0,0.0,0.0,0.0,0.0,325.719,21497449,6.784,0.021,3.033,0.009,324.174,0.995,110.284,0.339,0.0,0.000
0,4294967295,599,47,Concat,Concat,dynamic,AI_VECTOR_CORE,1785698519259589.397	,10.440,0.173000,40,0,NO,"""64,1,16;64,2,16;64,3,16;64,4,16;64,1,16;64,2,16;64,3,16;64,4,16;64,1,16;64,2,16;64,3,16;64,4,16;64,1,16;64,2,16;64,3,16;64,4,16;64,1,16;64,2,16;64,3,16;64,4,16;64,1,16;64,2,16;64,3,16;64,4,16;64,1,16;64,2,16;64,3,16;64,4,16;64,1,16;64,2,16;64,3,16;64,4,16;64,1,16;64,2,16;64,3,16;64,4,16;64,1,16;64,2,16;64,3,16;64,4,16;64,1,16;64,2,16;64,3,16;64,4,16;64,1,16;64,2,16;64,3,16;64,4,16;64,1,16;64,2,16;64,3,16;64,4,16;64,1,16;64,2,16;64,3,16;64,4,16;64,1,16;64,2,16;64,3,16;64,4,16;64,1,16;64,2,16;64,3,16;64,4,16""",FLOAT16;FLOAT16;FLOAT16;FLOAT16;FLOAT16;FLOAT16;FLOAT16;FLOAT16;FLOAT16;FLOAT16;FLOAT16;FLOAT16;FLOAT16;FLOAT16;FLOAT16;FLOAT16;FLOAT16;FLOAT16;FLOAT16;FLOAT16;FLOAT16;FLOAT16;FLOAT16;FLOAT16;FLOAT16;FLOAT16;FLOAT16;FLOAT16;FLOAT16;FLOAT16;FLOAT16;FLOAT16;FLOAT16;FLOAT16;FLOAT16;FLOAT16;FLOAT16;FLOAT16;FLOAT16;FLOAT16;FLOAT16;FLOAT16;FLOAT16;FLOAT16;FLOAT16;FLOAT16;FLOAT16;FLOAT16;FLOAT16;FLOAT16;FLOAT16;FLOAT16;FLOAT16;FLOAT16;FLOAT16;FLOAT16;FLOAT16;FLOAT16;FLOAT16;FLOAT16;FLOAT16;FLOAT16;FLOAT16;FLOAT16,ND;ND;ND;ND;ND;ND;ND;ND;ND;ND;ND;ND;ND;ND;ND;ND;ND;ND;ND;ND;ND;ND;ND;ND;ND;ND;ND;ND;ND;ND;ND;ND;ND;ND;ND;ND;ND;ND;ND;ND;ND;ND;ND;ND;ND;ND;ND;ND;ND;ND;ND;ND;ND;ND;ND;ND;ND;ND;ND;ND;ND;ND;ND;ND,"""64,160,16""",FLOAT16,ND,N/A,0.0,0,0.0,0.0,0.0,0.0,0.0,0.0,0.0,0.0,0.0,0.0,0.0,7.68,506849,0.017,0.002,3.823,0.498,3.388,0.441,1.001,0.13,0.0,0.000
